0.01000000, 0.05000000, 0.10000000, 0.15000000, 0.20000000, 0.25000000, 0.30000000, 0.35000000, 0.40000000, 0.45000000, 0.50000000, 0.55000000, 0.60000000, 0.65000000, 0.70000000, 0.75000000, 0.80000000, 0.85000000, 0.90000000, 0.95000000, 1.00000000, 1.05000000, 1.10000000, 1.15000000, 1.20000000, 1.25000000, 1.30000000, 1.35000000, 1.40000000, 1.45000000, 1.50000000, 1.55000000, 1.60000000, 1.65000000, 1.70000000, 1.75000000, 1.80000000, 1.85000000, 1.90000000, 1.95000000, 2.00000000, 2.05000000, 2.10000000, 2.15000000, 2.20000000, 2.25000000, 2.30000000, 2.35000000, 2.40000000, 2.45000000, 2.50000000, 2.55000000, 2.60000000, 2.65000000, 2.70000000, 2.75000000, 2.80000000, 2.85000000, 2.90000000, 2.95000000, 3.00000000, 3.05000000
0.16161756, 0.15923083, 0.15210117, 0.14121323, 0.12773404, 0.11283592, 0.09751581, 0.08252924, 0.06840058, 0.05546436, 0.04390945, 0.03381568, 0.02518192, 0.01794802, 0.01201265, 0.00724844, 0.00351450, 0.00066657, -0.00143543, -0.00292207, -0.00391133, -0.00450709, -0.00479880, -0.00486209, -0.00475972, -0.00454283, -0.00425230, -0.00392007, -0.00357045, -0.00322128, -0.00288510, -0.00257015, -0.00228128, -0.00202078, -0.00178901, -0.00158506, -0.00140714, -0.00125298, -0.00112008, -0.00100591, -0.00090805, -0.00082424, -0.00075244, -0.00069081, -0.00063776, -0.00059191, -0.00055205, -0.00051719, -0.00048646, -0.00045914, -0.00043464, -0.00041248, -0.00039226, -0.00037367, -0.00035646, -0.00034042, -0.00032539, -0.00031126, -0.00029792, -0.00028529, -0.00027332, -0.00026195
0.17389959, 0.17146582, 0.16417254, 0.15296930, 0.13899413, 0.12341844, 0.10726788, 0.09134493, 0.07622561, 0.06229108, 0.04976749, 0.03876160, 0.02928996, 0.02130238, 0.01470153, 0.00935947, 0.00513151, 0.00186737, -0.00058029, -0.00234998, -0.00356766, -0.00434486, -0.00477820, -0.00494972, -0.00492790, -0.00476888, -0.00451784, -0.00421042, -0.00387403, -0.00352916, -0.00319053, -0.00286819, -0.00256847, -0.00229481, -0.00204854, -0.00182944, -0.00163626, -0.00146713, -0.00131980, -0.00119194, -0.00108122, -0.00098542, -0.00090251, -0.00083064, -0.00076819, -0.00071371, -0.00066597, -0.00062388, -0.00058654, -0.00055318, -0.00052314, -0.00049589, -0.00047100, -0.00044811, -0.00042693, -0.00040722, -0.00038880, -0.00037152, -0.00035524, -0.00033989, -0.00032536, -0.00031161
0.12235678, 0.12094844, 0.11668738, 0.11002325, 0.10150923, 0.09175821, 0.08135646, 0.07080978, 0.06052101, 0.05078899, 0.04181871, 0.03373546, 0.02659957, 0.02042017, 0.01516760, 0.01078441, 0.00719491, 0.00431317, 0.00204939, 0.00031481, -0.00097490, -0.00189734, -0.00252218, -0.00291057, -0.00311523, -0.00318076, -0.00314423, -0.00303593, -0.00288007, -0.00269563, -0.00249709, -0.00229517, -0.00209749, -0.00190920, -0.00173349, -0.00157209, -0.00142564, -0.00129399, -0.00117650, -0.00107222, -0.00097999, -0.00089861, -0.00082689, -0.00076366, -0.00070787, -0.00065852, -0.00061474, -0.00057574, -0.00054085, -0.00050947, -0.00048110, -0.00045530, -0.00043171, -0.00041002, -0.00038998, -0.00037138, -0.00035405, -0.00033784, -0.00032263, -0.00030832, -0.00029484, -0.00028212
0.13761593, 0.13583433, 0.13047362, 0.12217628, 0.11172210, 0.09993897, 0.08757904, 0.07525510, 0.06342625, 0.05241101, 0.04241060, 0.03353267, 0.02581225, 0.01922946, 0.01372459, 0.00921099, 0.00558586, 0.00273914, 0.00056037, -0.00105633, -0.00220897, -0.00298576, -0.00346428, -0.00371140, -0.00378374, -0.00372835, -0.00358367, -0.00338049, -0.00314289, -0.00288926, -0.00263316, -0.00238420, -0.00214880, -0.00193085, -0.00173235, -0.00155387, -0.00139504, -0.00125479, -0.00113169, -0.00102413, -0.00093040, -0.00084886, -0.00077794, -0.00071621, -0.00066237, -0.00061526, -0.00057388, -0.00053734, -0.00050488, -0.00047587, -0.00044976, -0.00042609, -0.00040449, -0.00038465, -0.00036632, -0.00034929, -0.00033339, -0.00031850, -0.00030449, -0.00029129, -0.00027882, -0.00026702
0.12908265, 0.12739168, 0.12230701, 0.11444673, 0.10455986, 0.09343777, 0.08179509, 0.07020982, 0.05911136, 0.04879471, 0.03944383, 0.03115486, 0.02395641, 0.01782636, 0.01270612, 0.00851260, 0.00514830, 0.00250946, 0.00049238, -0.00100207, -0.00206543, -0.00277996, -0.00321792, -0.00344156, -0.00350353, -0.00344760, -0.00330946, -0.00311772, -0.00289472, -0.00265749, -0.00241858, -0.00218686, -0.00196819, -0.00176612, -0.00158243, -0.00141759, -0.00127115, -0.00114211, -0.00102907, -0.00093048, -0.00084475, -0.00077032, -0.00070571, -0.00064958, -0.00060072, -0.00055806, -0.00052064, -0.00048765, -0.00045839, -0.00043226, -0.00040876, -0.00038746, -0.00036804, -0.00035019, -0.00033369, -0.00031836, -0.00030404, -0.00029061, -0.00027797, -0.00026605, -0.00025478, -0.00024411
0.22713571, 0.22271565, 0.20977330, 0.19071147, 0.16816453, 0.14442021, 0.12110942, 0.09924596, 0.07939478, 0.06182947, 0.04663817, 0.03378607, 0.02315285, 0.01455881, 0.00778625, 0.00259838, -0.00124470, -0.00397331, -0.00579939, -0.00691138, -0.00747217, -0.00761930, -0.00746664, -0.00710678, -0.00661358, -0.00604484, -0.00544461, -0.00484544, -0.00427033, -0.00373450, -0.00324695, -0.00281185, -0.00242982, -0.00209890, -0.00181548, -0.00157500, -0.00137248, -0.00120289, -0.00106147, -0.00094383, -0.00084609, -0.00076485, -0.00069720, -0.00064065, -0.00059313, -0.00055292, -0.00051857, -0.00048889, -0.00046293, -0.00043990, -0.00041919, -0.00040033, -0.00038292, -0.00036670, -0.00035146, -0.00033705, -0.00032334, -0.00031026, -0.00029774, -0.00028575, -0.00027425, -0.00026321
0.23296522, 0.22789056, 0.21318425, 0.19191585, 0.16730579, 0.14195288, 0.11754991, 0.09504381, 0.07489942, 0.05730013, 0.04226347, 0.02970022, 0.01944634, 0.01128566, 0.00496983, 0.00023689, -0.00317239, -0.00550203, -0.00697233, -0.00777560, -0.00807507, -0.00800611, -0.00767891, -0.00718150, -0.00658294, -0.00593626, -0.00528099, -0.00464559, -0.00404934, -0.00350419, -0.00301634, -0.00258755, -0.00221641, -0.00189930, -0.00163133, -0.00140691, -0.00122030, -0.00106597, -0.00093881, -0.00083425, -0.00074831, -0.00067760, -0.00061925, -0.00057088, -0.00053049, -0.00049648, -0.00046750, -0.00044248, -0.00042054, -0.00040098, -0.00038328, -0.00036701, -0.00035187, -0.00033763, -0.00032412, -0.00031125, -0.00029892, -0.00028708, -0.00027569, -0.00026473, -0.00025418, -0.00024402
0.20228046, 0.19835227, 0.18684763, 0.16989768, 0.14984322, 0.12872156, 0.10798750, 0.08854526, 0.07089702, 0.05528367, 0.04178034, 0.03035321, 0.02089338, 0.01324032, 0.00720080, 0.00256537, -0.00087773, -0.00333159, -0.00498308, -0.00599844, -0.00652150, -0.00667396, -0.00655678, -0.00625223, -0.00582620, -0.00533038, -0.00480434, -0.00427741, -0.00377044, -0.00329730, -0.00286628, -0.00248134, -0.00214317, -0.00185017, -0.00159924, -0.00138637, -0.00120716, -0.00105719, -0.00093223, -0.00082838, -0.00074221, -0.00067068, -0.00061121, -0.00056160, -0.00052000, -0.00048487, -0.00045491, -0.00042909, -0.00040654, -0.00038656, -0.00036861, -0.00035225, -0.00033717, -0.00032311, -0.00030988, -0.00029735, -0.00028543, -0.00027405, -0.00026314, -0.00025268, -0.00024263, -0.00023298
0.16166320, 0.15939138, 0.15258444, 0.14213061, 0.12909242, 0.11456104, 0.09949019, 0.08462608, 0.07050553, 0.05748578, 0.04578087, 0.03549407, 0.02664412, 0.01918671, 0.01303245, 0.00806242, 0.00414114, 0.00112734, -0.00111799, -0.00272575, -0.00381522, -0.00449210, -0.00484799, -0.00496071, -0.00489515, -0.00470446, -0.00443131, -0.00410926, -0.00376402, -0.00341468, -0.00307484, -0.00275367, -0.00245676, -0.00218704, -0.00194540, -0.00173130, -0.00154329, -0.00137931, -0.00123702, -0.00111400, -0.00100787, -0.00091639, -0.00083752, -0.00076943, -0.00071047, -0.00065923, -0.00061448, -0.00057517, -0.00054039, -0.00050940, -0.00048157, -0.00045637, -0.00043340, -0.00041229, -0.00039277, -0.00037462, -0.00035766, -0.00034174, -0.00032675, -0.00031260, -0.00029922, -0.00028654
0.16166320, 0.15939138, 0.15258444, 0.14213061, 0.12909242, 0.11456104, 0.09949019, 0.08462608, 0.07050553, 0.05748578, 0.04578087, 0.03549407, 0.02664412, 0.01918671, 0.01303245, 0.00806242, 0.00414114, 0.00112734, -0.00111799, -0.00272575, -0.00381522, -0.00449210, -0.00484799, -0.00496071, -0.00489515, -0.00470446, -0.00443131, -0.00410926, -0.00376402, -0.00341468, -0.00307484, -0.00275367, -0.00245676, -0.00218704, -0.00194540, -0.00173130, -0.00154329, -0.00137931, -0.00123702, -0.00111400, -0.00100787, -0.00091639, -0.00083752, -0.00076943, -0.00071047, -0.00065923, -0.00061448, -0.00057517, -0.00054039, -0.00050940, -0.00048157, -0.00045637, -0.00043340, -0.00041229, -0.00039277, -0.00037462, -0.00035766, -0.00034174, -0.00032675, -0.00031260, -0.00029922, -0.00028654
0.12840137, 0.12674284, 0.12175285, 0.11403092, 0.10430503, 0.09334793, 0.08186075, 0.07041318, 0.05943002, 0.04920409, 0.03991883, 0.03167118, 0.02449166, 0.01836101, 0.01322416, 0.00900183, 0.00560031, 0.00291930, 0.00085804, -0.00068025, -0.00178542, -0.00253860, -0.00301141, -0.00326584, -0.00335456, -0.00332151, -0.00320274, -0.00302719, -0.00281761, -0.00259141, -0.00236152, -0.00213711, -0.00192437, -0.00172709, -0.00154728, -0.00138559, -0.00124175, -0.00111486, -0.00100364, -0.00090662, -0.00082226, -0.00074904, -0.00068554, -0.00063043, -0.00058252, -0.00054074, -0.00050415, -0.00047195, -0.00044344, -0.00041803, -0.00039521, -0.00037456, -0.00035575, -0.00033849, -0.00032255, -0.00030774, -0.00029392, -0.00028096, -0.00026877, -0.00025727, -0.00024639, -0.00023609
0.14150974, 0.13946327, 0.13334335, 0.12397873, 0.11235589, 0.09947409, 0.08619089, 0.07316201, 0.06084626, 0.04953885, 0.03940878, 0.03053039, 0.02290794, 0.01649456, 0.01120756, 0.00694124, 0.00357741, 0.00099394, -0.00092868, -0.00230287, -0.00323100, -0.00380393, -0.00410056, -0.00418805, -0.00412254, -0.00395008, -0.00370770, -0.00342452, -0.00312281, -0.00281907, -0.00252497, -0.00224831, -0.00199378, -0.00176371, -0.00155870, -0.00137811, -0.00122048, -0.00108391, -0.00096625, -0.00086528, -0.00077888, -0.00070503, -0.00064193, -0.00058794, -0.00054163, -0.00050176, -0.00046725, -0.00043718, -0.00041079, -0.00038743, -0.00036657, -0.00034776, -0.00033065, -0.00031496, -0.00030045, -0.00028696, -0.00027433, -0.00026246, -0.00025125, -0.00024063, -0.00023057, -0.00022100
0.18405877, 0.18121696, 0.17275053, 0.15988319, 0.14404865, 0.12665664, 0.10887792, 0.09157957, 0.07535131, 0.06056246, 0.04741659, 0.03599385, 0.02628256, 0.01820364, 0.01163104, 0.00640927, 0.00236825, -0.00066471, -0.00285585, -0.00435893, -0.00531171, -0.00583437, -0.00602954, -0.00598312, -0.00576574, -0.00543432, -0.00503386, -0.00459905, -0.00415585, -0.00372293, -0.00331302, -0.00293407, -0.00259035, -0.00228333, -0.00201249, -0.00177599, -0.00157111, -0.00139474, -0.00124360, -0.00111450, -0.00100440, -0.00091055, -0.00083048, -0.00076203, -0.00070330, -0.00065267, -0.00060878, -0.00057044, -0.00053667, -0.00050668, -0.00047978, -0.00045543, -0.00043320, -0.00041274, -0.00039377, -0.00037606, -0.00035946, -0.00034382, -0.00032904, -0.00031504, -0.00030175, -0.00028912
0.12056301, 0.11924756, 0.11525912, 0.10899638, 0.10095189, 0.09168065, 0.08172431, 0.07156055, 0.06157858, 0.05207419, 0.04325602, 0.03525689, 0.02814661, 0.02194458, 0.01663139, 0.01215939, 0.00846175, 0.00546028, 0.00307163, 0.00121221, -0.00019836, -0.00123486, -0.00196506, -0.00244902, -0.00273896, -0.00287945, -0.00290790, -0.00285514, -0.00274616, -0.00260073, -0.00243421, -0.00225819, -0.00208114, -0.00190898, -0.00174566, -0.00159354, -0.00145384, -0.00132692, -0.00121255, -0.00111012, -0.00101878, -0.00093757, -0.00086546, -0.00080147, -0.00074463, -0.00069406, -0.00064895, -0.00060856, -0.00057226, -0.00053948, -0.00050974, -0.00048262, -0.00045776, -0.00043486, -0.00041367, -0.00039399, -0.00037563, -0.00035845, -0.00034233, -0.00032717, -0.00031288, -0.00029940
0.17981421, 0.17663647, 0.16725889, 0.15325315, 0.13639894, 0.11833141, 0.10029873, 0.08313901, 0.06736163, 0.05324344, 0.04090326, 0.03035130, 0.02152140, 0.01429401, 0.00851469, 0.00400963, 0.00059883, -0.00189362, -0.00363215, -0.00476508, -0.00542247, -0.00571564, -0.00573804, -0.00556666, -0.00526383, -0.00487906, -0.00445079, -0.00400806, -0.00357202, -0.00315733, -0.00277338, -0.00242541, -0.00211551, -0.00184345, -0.00160744, -0.00140469, -0.00123184, -0.00108538, -0.00096181, -0.00085787, -0.00077055, -0.00069720, -0.00063551, -0.00058347, -0.00053938, -0.00050180, -0.00046952, -0.00044154, -0.00041702, -0.00039528, -0.00037578, -0.00035808, -0.00034185, -0.00032680, -0.00031276, -0.00029955, -0.00028707, -0.00027522, -0.00026395, -0.00025319, -0.00024291, -0.00023308
0.14204553, 0.14032480, 0.13513009, 0.12703973, 0.11676175, 0.10506742, 0.09267958, 0.08020793, 0.06812657, 0.05677801, 0.04638965, 0.03709348, 0.02894514, 0.02194112, 0.01603395, 0.01114545, 0.00717817, 0.00402480, 0.00157555, -0.00027627, -0.00163054, -0.00257800, -0.00319911, -0.00356374, -0.00373147, -0.00375222, -0.00366708, -0.00350927, -0.00330511, -0.00307497, -0.00283420, -0.00259397, -0.00236207, -0.00214356, -0.00194142, -0.00175709, -0.00159082, -0.00144214, -0.00131003, -0.00119319, -0.00109018, -0.00099952, -0.00091978, -0.00084960, -0.00078774, -0.00073307, -0.00068459, -0.00064142, -0.00060278, -0.00056802, -0.00053657, -0.00050795, -0.00048176, -0.00045766, -0.00043537, -0.00041467, -0.00039537, -0.00037730, -0.00036034, -0.00034439, -0.00032935, -0.00031516
0.10150354, 0.10041527, 0.09711386, 0.09192460, 0.08524977, 0.07754463, 0.06925569, 0.06077870, 0.05243773, 0.04448030, 0.03708202, 0.03035570, 0.02436186, 0.01911911, 0.01461371, 0.01080827, 0.00764924, 0.00507325, 0.00301230, 0.00139778, 0.00016336, -0.00075295, -0.00140762, -0.00185091, -0.00212672, -0.00227269, -0.00232054, -0.00229654, -0.00222207, -0.00211415, -0.00198607, -0.00184792, -0.00170714, -0.00156902, -0.00143711, -0.00131363, -0.00119979, -0.00109604, -0.00100232, -0.00091823, -0.00084314, -0.00077629, -0.00071690, -0.00066415, -0.00061728, -0.00057558, -0.00053836, -0.00050505, -0.00047511, -0.00044807, -0.00042354, -0.00040117, -0.00038066, -0.00036177, -0.00034428, -0.00032803, -0.00031287, -0.00029868, -0.00028535, -0.00027282, -0.00026099, -0.00024983
0.31282129, 0.30532626, 0.28381401, 0.25322270, 0.21852641, 0.18347983, 0.15032730, 0.12019385, 0.09355182, 0.07052866, 0.05106302, 0.03497458, 0.02199796, 0.01180845, 0.00404627, -0.00165908, -0.00566737, -0.00831155, -0.00988713, -0.01064777, -0.01080515, -0.01053186, -0.00996607, -0.00921634, -0.00836646, -0.00747961, -0.00660198, -0.00576591, -0.00499252, -0.00429403, -0.00367573, -0.00313771, -0.00267639, -0.00228577, -0.00195849, -0.00168664, -0.00146232, -0.00127815, -0.00112737, -0.00100410, -0.00090328, -0.00082064, -0.00075263, -0.00069633, -0.00064933, -0.00060969, -0.00057580, -0.00054641, -0.00052048, -0.00049720, -0.00047596, -0.00045629, -0.00043785, -0.00042039, -0.00040375, -0.00038782, -0.00037251, -0.00035778, -0.00034359, -0.00032990, -0.00031672, -0.00030402
0.19478672, 0.19159843, 0.18213701, 0.16786215, 0.15046305, 0.13155624, 0.11243826, 0.09402972, 0.07692587, 0.06147603, 0.04785311, 0.03610413, 0.02618572, 0.01799033, 0.01136736, 0.00614090, 0.00212454, -0.00086693, -0.00300891, -0.00446150, -0.00536649, -0.00584647, -0.00600520, -0.00592895, -0.00568818, -0.00533935, -0.00492684, -0.00448464, -0.00403798, -0.00360484, -0.00319728, -0.00282265, -0.00248465, -0.00218429, -0.00192065, -0.00169153, -0.00149398, -0.00132469, -0.00118026, -0.00105740, -0.00095304, -0.00086443, -0.00078909, -0.00072489, -0.00066996, -0.00062273, -0.00058185, -0.00054618, -0.00051477, -0.00048686, -0.00046180, -0.00043908, -0.00041828, -0.00039908, -0.00038123, -0.00036452, -0.00034881, -0.00033398, -0.00031992, -0.00030657, -0.00029388, -0.00028179
0.14539666, 0.14340719, 0.13743794, 0.12824705, 0.11674600, 0.10388099, 0.09048940, 0.07723475, 0.06460040, 0.05291218, 0.04236872, 0.03306950, 0.02503811, 0.01824133, 0.01260515, 0.00802842, 0.00439441, 0.00158019, -0.00053612, -0.00207017, -0.00312801, -0.00380430, -0.00418158, -0.00433045, -0.00431012, -0.00416940, -0.00394773, -0.00367634, -0.00337934, -0.00307479, -0.00277570, -0.00249099, -0.00222629, -0.00198469, -0.00176738, -0.00157419, -0.00140405, -0.00125529, -0.00112593, -0.00101390, -0.00091712, -0.00083362, -0.00076157, -0.00069933, -0.00064544, -0.00059861, -0.00055773, -0.00052183, -0.00049011, -0.00046186, -0.00043652, -0.00041361, -0.00039274, -0.00037358, -0.00035588, -0.00033944, -0.00032408, -0.00030968, -0.00029612, -0.00028333, -0.00027122, -0.00025976
0.18405877, 0.18121696, 0.17275053, 0.15988319, 0.14404865, 0.12665664, 0.10887792, 0.09157957, 0.07535131, 0.06056246, 0.04741659, 0.03599385, 0.02628256, 0.01820364, 0.01163104, 0.00640927, 0.00236825, -0.00066471, -0.00285585, -0.00435893, -0.00531171, -0.00583437, -0.00602954, -0.00598312, -0.00576574, -0.00543432, -0.00503386, -0.00459905, -0.00415585, -0.00372293, -0.00331302, -0.00293407, -0.00259035, -0.00228333, -0.00201249, -0.00177599, -0.00157111, -0.00139474, -0.00124360, -0.00111450, -0.00100440, -0.00091055, -0.00083048, -0.00076203, -0.00070330, -0.00065267, -0.00060878, -0.00057044, -0.00053667, -0.00050668, -0.00047978, -0.00045543, -0.00043320, -0.00041274, -0.00039377, -0.00037606, -0.00035946, -0.00034382, -0.00032904, -0.00031504, -0.00030175, -0.00028912
0.11728954, 0.11610431, 0.11249987, 0.10680743, 0.09943765, 0.09086463, 0.08156491, 0.07197295, 0.06245573, 0.05330309, 0.04472865, 0.03687661, 0.02983124, 0.02362724, 0.01826007, 0.01369564, 0.00987904, 0.00674212, 0.00420976, 0.00220480, 0.00065181, -0.00052042, -0.00137717, -0.00197692, -0.00237103, -0.00260375, -0.00271264, -0.00272895, -0.00267834, -0.00258144, -0.00245454, -0.00231021, -0.00215791, -0.00200454, -0.00185494, -0.00171234, -0.00157869, -0.00145502, -0.00134169, -0.00123856, -0.00114522, -0.00106101, -0.00098521, -0.00091704, -0.00085572, -0.00080049, -0.00075067, -0.00070559, -0.00066469, -0.00062743, -0.00059337, -0.00056212, -0.00053331, -0.00050667, -0.00048193, -0.00045889, -0.00043737, -0.00041721, -0.00039828, -0.00038047, -0.00036369, -0.00034787
0.10990024, 0.10853352, 0.10441347, 0.09801408, 0.08991343, 0.08073389, 0.07105031, 0.06133959, 0.05196594, 0.04318762, 0.03517252, 0.02801536, 0.02175336, 0.01637977, 0.01185546, 0.00811878, 0.00509404, 0.00269831, 0.00084694, -0.00054242, -0.00154703, -0.00223729, -0.00267584, -0.00291727, -0.00300826, -0.00298799, -0.00288875, -0.00273664, -0.00255224, -0.00235142, -0.00214603, -0.00194455, -0.00175277, -0.00157432, -0.00141117, -0.00126407, -0.00113289, -0.00101693, -0.00091509, -0.00082612, -0.00074866, -0.00068136, -0.00062295, -0.00057223, -0.00052813, -0.00048967, -0.00045601, -0.00042640, -0.00040022, -0.00037690, -0.00035599, -0.00033711, -0.00031993, -0.00030420, -0.00028970, -0.00027625, -0.00026371, -0.00025197, -0.00024094, -0.00023054, -0.00022071, -0.00021142
0.13055760, 0.12851060, 0.12242053, 0.11319017, 0.10187600, 0.08950891, 0.07693312, 0.06475968, 0.05339011, 0.04306369, 0.03390236, 0.02594481, 0.01917084, 0.01351885, 0.00889944, 0.00520629, 0.00232511, 0.00014068, -0.00145786, -0.00257348, -0.00329913, -0.00371676, -0.00389716, -0.00390041, -0.00377654, -0.00356641, -0.00330276, -0.00301108, -0.00271070, -0.00241564, -0.00213558, -0.00187664, -0.00164219, -0.00143350, -0.00125031, -0.00109136, -0.00095474, -0.00083821, -0.00073942, -0.00065606, -0.00058594, -0.00052707, -0.00047768, -0.00043621, -0.00040129, -0.00037177, -0.00034667, -0.00032514, -0.00030651, -0.00029019, -0.00027572, -0.00026274, -0.00025094, -0.00024009, -0.00023003, -0.00022060, -0.00021172, -0.00020329, -0.00019527, -0.00018760, -0.00018027, -0.00017325
0.16194503, 0.15909359, 0.15067834, 0.13810811, 0.12297796, 0.10675300, 0.09055081, 0.07512095, 0.06091858, 0.04819142, 0.03704702, 0.02749718, 0.01948650, 0.01291249, 0.00764145, 0.00352189, 0.00039581, -0.00189231, -0.00348896, -0.00452736, -0.00512532, -0.00538459, -0.00539126, -0.00521686, -0.00491966, -0.00454625, -0.00413293, -0.00370723, -0.00328922, -0.00289276, -0.00252672, -0.00219598, -0.00190241, -0.00164566, -0.00142388, -0.00123428, -0.00107354, -0.00093819, -0.00082482, -0.00073021, -0.00065144, -0.00058593, -0.00053142, -0.00048596, -0.00044792, -0.00041589, -0.00038872, -0.00036544, -0.00034526, -0.00032753, -0.00031175, -0.00029749, -0.00028445, -0.00027239, -0.00026111, -0.00025048, -0.00024040, -0.00023080, -0.00022162, -0.00021282, -0.00020438, -0.00019628
0.18408430, 0.18071335, 0.17079370, 0.15605335, 0.13842597, 0.11965143, 0.10102489, 0.08339200, 0.06725129, 0.05286369, 0.04033267, 0.02965508, 0.02075314, 0.01349700, 0.00772289, 0.00324870, -0.00011289, -0.00254398, -0.00421409, -0.00527561, -0.00586169, -0.00608601, -0.00604368, -0.00581286, -0.00545658, -0.00502473, -0.00455581, -0.00407871, -0.00361425, -0.00317659, -0.00277457, -0.00241280, -0.00209276, -0.00181361, -0.00157298, -0.00136757, -0.00119358, -0.00104711, -0.00092436, -0.00082180, -0.00073623, -0.00066486, -0.00060524, -0.00055530, -0.00051328, -0.00047768, -0.00044728, -0.00042104, -0.00039813, -0.00037788, -0.00035972, -0.00034324, -0.00032810, -0.00031404, -0.00030088, -0.00028846, -0.00027669, -0.00026548, -0.00025477, -0.00024452, -0.00023471, -0.00022530
0.15150949, 0.14908126, 0.14186621, 0.13095536, 0.11761742, 0.10307747, 0.08832828, 0.07408230, 0.06080524, 0.04877411, 0.03812957, 0.02891488, 0.02110339, 0.01461877, 0.00935108, 0.00517016, 0.00193674, -0.00048881, -0.00223987, -0.00343936, -0.00419719, -0.00460940, -0.00475816, -0.00471247, -0.00452932, -0.00425483, -0.00392557, -0.00356981, -0.00320873, -0.00285754, -0.00252653, -0.00222206, -0.00194743, -0.00170364, -0.00149004, -0.00130489, -0.00114578, -0.00101001, -0.00089474, -0.00079727, -0.00071503, -0.00064572, -0.00058729, -0.00053794, -0.00049613, -0.00046054, -0.00043003, -0.00040367, -0.00038067, -0.00036039, -0.00034229, -0.00032596, -0.00031105, -0.00029731, -0.00028454, -0.00027257, -0.00026129, -0.00025060, -0.00024045, -0.00023077, -0.00022153, -0.00021269
0.09912658, 0.09812352, 0.09507348, 0.09025767, 0.08402470, 0.07677642, 0.06891608, 0.06081061, 0.05276931, 0.04503606, 0.03779037, 0.03115341, 0.02519611, 0.01994797, 0.01540565, 0.01154109, 0.00830868, 0.00565159, 0.00350696, 0.00181002, 0.00049719, -0.00049168, -0.00121197, -0.00171338, -0.00203971, -0.00222876, -0.00231268, -0.00231825, -0.00226746, -0.00217800, -0.00206382, -0.00193566, -0.00180159, -0.00166747, -0.00153736, -0.00141395, -0.00129883, -0.00119280, -0.00109608, -0.00100849, -0.00092958, -0.00085874, -0.00079530, -0.00073852, -0.00068770, -0.00064216, -0.00060127, -0.00056445, -0.00053119, -0.00050102, -0.00047353, -0.00044839, -0.00042529, -0.00040397, -0.00038422, -0.00036584, -0.00034870, -0.00033265, -0.00031759, -0.00030343, -0.00029009, -0.00027750
0.24905334, 0.24311859, 0.22607285, 0.20180701, 0.17425716, 0.14641114, 0.12006341, 0.09611441, 0.07493901, 0.05663403, 0.04114584, 0.02832819, 0.01796996, 0.00981531, 0.00358218, -0.00101932, -0.00427071, -0.00643292, -0.00773818, -0.00838663, -0.00854604, -0.00835398, -0.00792122, -0.00733534, -0.00666436, -0.00595991, -0.00525995, -0.00459131, -0.00397160, -0.00341121, -0.00291479, -0.00248270, -0.00211226, -0.00179876, -0.00153634, -0.00131867, -0.00113939, -0.00099255, -0.00087269, -0.00077504, -0.00069551, -0.00063063, -0.00057754, -0.00053385, -0.00049761, -0.00046724, -0.00044144, -0.00041919, -0.00039964, -0.00038216, -0.00036623, -0.00035149, -0.00033766, -0.00032455, -0.00031203, -0.00030000, -0.00028842, -0.00027724, -0.00026644, -0.00025600, -0.00024591, -0.00023618
0.16101821, 0.15883306, 0.15227406, 0.14216797, 0.12951104, 0.11534166, 0.10058254, 0.08596733, 0.07203149, 0.05913593, 0.04750012, 0.03723327, 0.02836046, 0.02084415, 0.01460211, 0.00952265, 0.00547734, 0.00233135, -0.00004873, -0.00178923, -0.00300585, -0.00380174, -0.00426682, -0.00447796, -0.00449971, -0.00438532, -0.00417792, -0.00391177, -0.00361343, -0.00330291, -0.00299477, -0.00269911, -0.00242246, -0.00216854, -0.00193903, -0.00173406, -0.00155274, -0.00139353, -0.00125450, -0.00113357, -0.00102865, -0.00093772, -0.00085893, -0.00079057, -0.00073111, -0.00067922, -0.00063373, -0.00059362, -0.00055805, -0.00052627, -0.00049767, -0.00047174, -0.00044807, -0.00042631, -0.00040619, -0.00038747, -0.00036999, -0.00035359, -0.00033815, -0.00032358, -0.00030981, -0.00029677
0.13601931, 0.13413087, 0.12847016, 0.11977020, 0.10891054, 0.09679835, 0.08422932, 0.07182674, 0.06003815, 0.04915982, 0.03936789, 0.03074643, 0.02331025, 0.01702303, 0.01181229, 0.00758187, 0.00422230, 0.00161924, -0.00034014, -0.00176260, -0.00274585, -0.00337705, -0.00373223, -0.00387639, -0.00386411, -0.00374043, -0.00354175, -0.00329694, -0.00302826, -0.00275242, -0.00248146, -0.00222360, -0.00198405, -0.00176564, -0.00156947, -0.00139537, -0.00124233, -0.00110879, -0.00099295, -0.00089287, -0.00080665, -0.00073246, -0.00066865, -0.00061369, -0.00056625, -0.00052515, -0.00048937, -0.00045804, -0.00043042, -0.00040587, -0.00038389, -0.00036402, -0.00034594, -0.00032934, -0.00031400, -0.00029974, -0.00028641, -0.00027389, -0.00026209, -0.00025094, -0.00024038, -0.00023036
0.08013571, 0.07948348, 0.07748755, 0.07429721, 0.07009687, 0.06511024, 0.05957620, 0.05372790, 0.04777727, 0.04190554, 0.03625881, 0.03094758, 0.02604881, 0.02160959, 0.01765163, 0.01417600, 0.01116780, 0.00860044, 0.00643947, 0.00464576, 0.00317819, 0.00199557, 0.00105823, 0.00032896, -0.00022625, -0.00063794, -0.00093298, -0.00113467, -0.00126290, -0.00133438, -0.00136292, -0.00135980, -0.00133407, -0.00129285, -0.00124167, -0.00118471, -0.00112508, -0.00106502, -0.00100609, -0.00094933, -0.00089538, -0.00084459, -0.00079709, -0.00075287, -0.00071184, -0.00067381, -0.00063858, -0.00060593, -0.00057563, -0.00054747, -0.00052125, -0.00049676, -0.00047385, -0.00045237, -0.00043217, -0.00041314, -0.00039518, -0.00037820, -0.00036213, -0.00034690, -0.00033245, -0.00031873
0.22713571, 0.22271565, 0.20977330, 0.19071147, 0.16816453, 0.14442021, 0.12110942, 0.09924596, 0.07939478, 0.06182947, 0.04663817, 0.03378607, 0.02315285, 0.01455881, 0.00778625, 0.00259838, -0.00124470, -0.00397331, -0.00579939, -0.00691138, -0.00747217, -0.00761930, -0.00746664, -0.00710678, -0.00661358, -0.00604484, -0.00544461, -0.00484544, -0.00427033, -0.00373450, -0.00324695, -0.00281185, -0.00242982, -0.00209890, -0.00181548, -0.00157500, -0.00137248, -0.00120289, -0.00106147, -0.00094383, -0.00084609, -0.00076485, -0.00069720, -0.00064065, -0.00059313, -0.00055292, -0.00051857, -0.00048889, -0.00046293, -0.00043990, -0.00041919, -0.00040033, -0.00038292, -0.00036670, -0.00035146, -0.00033705, -0.00032334, -0.00031026, -0.00029774, -0.00028575, -0.00027425, -0.00026321
0.17981421, 0.17663647, 0.16725889, 0.15325315, 0.13639894, 0.11833141, 0.10029873, 0.08313901, 0.06736163, 0.05324344, 0.04090326, 0.03035130, 0.02152140, 0.01429401, 0.00851469, 0.00400963, 0.00059883, -0.00189362, -0.00363215, -0.00476508, -0.00542247, -0.00571564, -0.00573804, -0.00556666, -0.00526383, -0.00487906, -0.00445079, -0.00400806, -0.00357202, -0.00315733, -0.00277338, -0.00242541, -0.00211551, -0.00184345, -0.00160744, -0.00140469, -0.00123184, -0.00108538, -0.00096181, -0.00085787, -0.00077055, -0.00069720, -0.00063551, -0.00058347, -0.00053938, -0.00050180, -0.00046952, -0.00044154, -0.00041702, -0.00039528, -0.00037578, -0.00035808, -0.00034185, -0.00032680, -0.00031276, -0.00029955, -0.00028707, -0.00027522, -0.00026395, -0.00025319, -0.00024291, -0.00023308
0.14032371, 0.13848651, 0.13296186, 0.12442059, 0.11367550, 0.10158545, 0.08892622, 0.07632568, 0.06425078, 0.05302295, 0.04284324, 0.03381741, 0.02597774, 0.01930124, 0.01372495, 0.00915900, 0.00549754, 0.00262767, 0.00043631, -0.00118472, -0.00233545, -0.00310582, -0.00357487, -0.00381065, -0.00387072, -0.00380289, -0.00364614, -0.00343162, -0.00318368, -0.00292083, -0.00265669, -0.00240086, -0.00215968, -0.00193697, -0.00173461, -0.00155308, -0.00139187, -0.00124983, -0.00112543, -0.00101694, -0.00092261, -0.00084072, -0.00076965, -0.00070791, -0.00065418, -0.00060726, -0.00056612, -0.00052986, -0.00049771, -0.00046901, -0.00044321, -0.00041985, -0.00039855, -0.00037900, -0.00036094, -0.00034417, -0.00032851, -0.00031384, -0.00030005, -0.00028704, -0.00027475, -0.00026313
0.14508147, 0.14301602, 0.13683314, 0.12735447, 0.11556125, 0.10245516, 0.08890418, 0.07557948, 0.06295661, 0.05134584, 0.04092799, 0.03178553, 0.02392739, 0.01730844, 0.01184560, 0.00743122, 0.00394435, 0.00125970, -0.00074545, -0.00218646, -0.00316833, -0.00378416, -0.00411471, -0.00422867, -0.00418346, -0.00402617, -0.00379469, -0.00351888, -0.00322167, -0.00292009, -0.00262631, -0.00234853, -0.00209179, -0.00185872, -0.00165015, -0.00146564, -0.00130390, -0.00116313, -0.00104128, -0.00093620, -0.00084582, -0.00076816, -0.00070143, -0.00064401, -0.00059447, -0.00055156, -0.00051422, -0.00048151, -0.00045265, -0.00042700, -0.00040400, -0.00038321, -0.00036425, -0.00034684, -0.00033074, -0.00031575, -0.00030173, -0.00028856, -0.00027613, -0.00026439, -0.00025326, -0.00024270
0.14650890, 0.14446452, 0.13833839, 0.12892907, 0.11719400, 0.10411848, 0.09056406, 0.07720293, 0.06451534, 0.05281726, 0.04229489, 0.03303558, 0.02505273, 0.01830544, 0.01271455, 0.00817598, 0.00457178, 0.00177900, -0.00032347, -0.00185014, -0.00290581, -0.00358394, -0.00396602, -0.00412176, -0.00410972, -0.00397819, -0.00376626, -0.00350487, -0.00321793, -0.00292334, -0.00263403, -0.00235880, -0.00210321, -0.00187030, -0.00166123, -0.00147581, -0.00131293, -0.00117093, -0.00104785, -0.00094162, -0.00085018, -0.00077160, -0.00070408, -0.00064600, -0.00059592, -0.00055258, -0.00051491, -0.00048195, -0.00045292, -0.00042714, -0.00040407, -0.00038323, -0.00036427, -0.00034687, -0.00033079, -0.00031583, -0.00030185, -0.00028872, -0.00027634, -0.00026463, -0.00025354, -0.00024301
0.18938198, 0.18653989, 0.17805790, 0.16512720, 0.14915545, 0.13154752, 0.11348863, 0.09586891, 0.07929993, 0.06416695, 0.05068323, 0.03893408, 0.02891037, 0.02053448, 0.01368153, 0.00819712, 0.00391223, 0.00065501, -0.00174024, -0.00342715, -0.00454374, -0.00521082, -0.00553194, -0.00559417, -0.00546941, -0.00521602, -0.00488043, -0.00449879, -0.00409849, -0.00369957, -0.00331607, -0.00295713, -0.00262811, -0.00233147, -0.00206753, -0.00183518, -0.00163234, -0.00145641, -0.00130455, -0.00117388, -0.00106166, -0.00096534, -0.00088260, -0.00081139, -0.00074992, -0.00069661, -0.00065014, -0.00060936, -0.00057330, -0.00054116, -0.00051226, -0.00048607, -0.00046214, -0.00044011, -0.00041969, -0.00040066, -0.00038284, -0.00036608, -0.00035027, -0.00033531, -0.00032113, -0.00030768
0.13789305, 0.13608142, 0.13063483, 0.12221765, 0.11163438, 0.09973382, 0.08728106, 0.07489379, 0.06303006, 0.05200408, 0.04201154, 0.03315464, 0.02546369, 0.01891511, 0.01344642, 0.00896906, 0.00537898, 0.00256538, 0.00041739, -0.00117106, -0.00229801, -0.00305167, -0.00350955, -0.00373848, -0.00379496, -0.00372597, -0.00356985, -0.00335724, -0.00311207, -0.00285257, -0.00259212, -0.00234014, -0.00210285, -0.00188397, -0.00168531, -0.00150730, -0.00134941, -0.00121048, -0.00108896, -0.00098314, -0.00089127, -0.00081164, -0.00074265, -0.00068281, -0.00063082, -0.00058550, -0.00054582, -0.00051090, -0.00047999, -0.00045242, -0.00042766, -0.00040526, -0.00038484, -0.00036611, -0.00034880, -0.00033272, -0.00031771, -0.00030364, -0.00029040, -0.00027792, -0.00026611, -0.00025493
0.20028297, 0.19616377, 0.18416136, 0.16663856, 0.14613598, 0.12478562, 0.10404180, 0.08476037, 0.06738581, 0.05211025, 0.03897324, 0.02791675, 0.01881603, 0.01150044, 0.00577061, 0.00141374, -0.00178317, -0.00402300, -0.00549127, -0.00635216, -0.00674703, -0.00679489, -0.00659398, -0.00622394, -0.00574812, -0.00521586, -0.00466454, -0.00412153, -0.00360587, -0.00312985, -0.00270038, -0.00232022, -0.00198908, -0.00170457, -0.00146291, -0.00125962, -0.00108993, -0.00094916, -0.00083291, -0.00073718, -0.00065847, -0.00059376, -0.00054046, -0.00049640, -0.00045978, -0.00042910, -0.00040313, -0.00038086, -0.00036149, -0.00034436, -0.00032896, -0.00031491, -0.00030190, -0.00028971, -0.00027820, -0.00026724, -0.00025676, -0.00024669, -0.00023701, -0.00022768, -0.00021868, -0.00021002
0.16726065, 0.16481904, 0.15752075, 0.14636218, 0.13252727, 0.11721126, 0.10143634, 0.08598151, 0.07139040, 0.05801170, 0.04604394, 0.03557288, 0.02660058, 0.01906807, 0.01287373, 0.00788872, 0.00396990, 0.00097012, -0.00125398, -0.00283648, -0.00389891, -0.00454862, -0.00487835, -0.00496674, -0.00487923, -0.00466930, -0.00437985, -0.00404446, -0.00368879, -0.00333176, -0.00298674, -0.00266258, -0.00236458, -0.00209534, -0.00185542, -0.00164402, -0.00145939, -0.00129927, -0.00116113, -0.00104240, -0.00094060, -0.00085339, -0.00077867, -0.00071455, -0.00065938, -0.00061171, -0.00057030, -0.00053410, -0.00050222, -0.00047390, -0.00044853, -0.00042559, -0.00040469, -0.00038548, -0.00036770, -0.00035115, -0.00033565, -0.00032108, -0.00030732, -0.00029430, -0.00028196, -0.00027024
0.20894904, 0.20521141, 0.19419200, 0.17776247, 0.15803456, 0.13693545, 0.11592380, 0.09596916, 0.07765372, 0.06128878, 0.04700344, 0.03480261, 0.02460437, 0.01626639, 0.00960702, 0.00442310, 0.00050502, -0.00235162, -0.00433751, -0.00562450, -0.00636315, -0.00668229, -0.00669004, -0.00647550, -0.00611078, -0.00565317, -0.00514713, -0.00462618, -0.00411474, -0.00362960, -0.00318149, -0.00277629, -0.00241622, -0.00210084, -0.00182788, -0.00159393, -0.00139500, -0.00122688, -0.00108542, -0.00096676, -0.00086737, -0.00078415, -0.00071437, -0.00065570, -0.00060615, -0.00056405, -0.00052799, -0.00049681, -0.00046953, -0.00044539, -0.00042375, -0.00040410, -0.00038607, -0.00036936, -0.00035373, -0.00033901, -0.00032508, -0.00031184, -0.00029922, -0.00028715, -0.00027561, -0.00026457
0.20389678, 0.19910330, 0.18531157, 0.16562564, 0.14322167, 0.12054578, 0.09908434, 0.07958352, 0.06234499, 0.04743473, 0.03479557, 0.02429979, 0.01577370, 0.00901335, 0.00379771, -0.00009875, -0.00289484, -0.00479421, -0.00597958, -0.00661014, -0.00682119, -0.00672539, -0.00641494, -0.00596398, -0.00543108, -0.00486139, -0.00428870, -0.00373728, -0.00322345, -0.00275713, -0.00234316, -0.00198254, -0.00167346, -0.00141226, -0.00119420, -0.00101401, -0.00086640, -0.00074630, -0.00064912, -0.00057079, -0.00050780, -0.00045718, -0.00041647, -0.00038362, -0.00035695, -0.00033510, -0.00031695, -0.00030161, -0.00028837, -0.00027668, -0.00026611, -0.00025635, -0.00024718, -0.00023843, -0.00023000, -0.00022184, -0.00021390, -0.00020615, -0.00019860, -0.00019123, -0.00018406, -0.00017707
0.21859569, 0.21476210, 0.20344199, 0.18651424, 0.16610841, 0.14418796, 0.12226116, 0.10135131, 0.08209041, 0.06483068, 0.04973111, 0.03681521, 0.02600947, 0.01717159, 0.01011360, 0.00462190, 0.00047415, -0.00254740, -0.00464629, -0.00600591, -0.00678668, -0.00712553, -0.00713695, -0.00691494, -0.00653530, -0.00605798, -0.00552940, -0.00498450, -0.00444864, -0.00393936, -0.00346784, -0.00304030, -0.00265919, -0.00232418, -0.00203305, -0.00178242, -0.00156822, -0.00138619, -0.00123211, -0.00110201, -0.00099226, -0.00089965, -0.00082138, -0.00075501, -0.00069847, -0.00065002, -0.00060819, -0.00057174, -0.00053967, -0.00051114, -0.00048548, -0.00046216, -0.00044075, -0.00042091, -0.00040241, -0.00038503, -0.00036864, -0.00035311, -0.00033836, -0.00032432, -0.00031093, -0.00029817
0.16053487, 0.15816609, 0.15108991, 0.14028328, 0.12690446, 0.11211737, 0.09691194, 0.08203823, 0.06801644, 0.05517798, 0.04370960, 0.03368986, 0.02511725, 0.01793193, 0.01203353, 0.00729599, 0.00358000, 0.00074291, -0.00135376, -0.00283920, -0.00383018, -0.00442956, -0.00472607, -0.00479473, -0.00469791, -0.00448648, -0.00420115, -0.00387376, -0.00352857, -0.00318342, -0.00285086, -0.00253916, -0.00225320, -0.00199528, -0.00176583, -0.00156394, -0.00138786, -0.00123534, -0.00110391, -0.00099107, -0.00089440, -0.00081166, -0.00074083, -0.00068008, -0.00062783, -0.00058271, -0.00054353, -0.00050928, -0.00047911, -0.00045230, -0.00042828, -0.00040655, -0.00038673, -0.00036851, -0.00035163, -0.00033590, -0.00032117, -0.00030730, -0.00029421, -0.00028181, -0.00027005, -0.00025887
0.15181962, 0.14980767, 0.14376119, 0.13442386, 0.12269542, 0.10952258, 0.09575601, 0.08208011, 0.06900041, 0.05686198, 0.04587809, 0.03615825, 0.02773236, 0.02057076, 0.01460113, 0.00972270, 0.00581825, 0.00276374, 0.00043576, -0.00128313, -0.00250100, -0.00331456, -0.00380849, -0.00405547, -0.00411676, -0.00404311, -0.00387583, -0.00364788, -0.00338496, -0.00310659, -0.00282711, -0.00255660, -0.00230170, -0.00206639, -0.00185263, -0.00166086, -0.00149053, -0.00134040, -0.00120884, -0.00109404, -0.00099412, -0.00090728, -0.00083181, -0.00076617, -0.00070894, -0.00065888, -0.00061491, -0.00057608, -0.00054158, -0.00051073, -0.00048295, -0.00045774, -0.00043473, -0.00041357, -0.00039400, -0.00037580, -0.00035881, -0.00034287, -0.00032788, -0.00031374, -0.00030038, -0.00028773
0.21723813, 0.21313128, 0.20107703, 0.18324592, 0.16203993, 0.13958015, 0.11741127, 0.09651872, 0.07746961, 0.06055204, 0.04587217, 0.03341348, 0.02307322, 0.01468835, 0.00805668, 0.00295549, -0.00084262, -0.00355734, -0.00539180, -0.00652731, -0.00712123, -0.00730683, -0.00719481, -0.00687539, -0.00642080, -0.00588771, -0.00531948, -0.00474832, -0.00419714, -0.00368129, -0.00321001, -0.00278787, -0.00241586, -0.00209249, -0.00181456, -0.00157790, -0.00137788, -0.00120979, -0.00106911, -0.00095167, -0.00085374, -0.00077204, -0.00070377, -0.00064652, -0.00059825, -0.00055729, -0.00052221, -0.00049186, -0.00046528, -0.00044170, -0.00042051, -0.00040122, -0.00038346, -0.00036695, -0.00035146, -0.00033684, -0.00032297, -0.00030976, -0.00029715, -0.00028508, -0.00027352, -0.00026246
0.16389106, 0.16136079, 0.15382376, 0.14237418, 0.12829734, 0.11285849, 0.09710649, 0.08181260, 0.06749373, 0.05446577, 0.04289579, 0.03284278, 0.02428749, 0.01715491, 0.01133208, 0.00668286, 0.00306013, 0.00031548, -0.00169358, -0.00309878, -0.00401834, -0.00455570, -0.00479955, -0.00482452, -0.00469229, -0.00445293, -0.00414628, -0.00380330, -0.00344737, -0.00309553, -0.00275958, -0.00244708, -0.00216232, -0.00190708, -0.00168134, -0.00148383, -0.00131250, -0.00116489, -0.00103835, -0.00093027, -0.00083814, -0.00075967, -0.00069281, -0.00063574, -0.00058687, -0.00054483, -0.00050846, -0.00047675, -0.00044889, -0.00042417, -0.00040203, -0.00038201, -0.00036374, -0.00034692, -0.00033132, -0.00031676, -0.00030308, -0.00029019, -0.00027800, -0.00026643, -0.00025543, -0.00024496
0.17123600, 0.16833040, 0.15973058, 0.14681782, 0.13117446, 0.11428557, 0.09731406, 0.08106338, 0.06603740, 0.05252108, 0.04064690, 0.03044088, 0.02185363, 0.01478277, 0.00909069, 0.00461949, 0.00120348, -0.00132095, -0.00310816, -0.00429866, -0.00501670, -0.00536957, -0.00544807, -0.00532761, -0.00506975, -0.00472377, -0.00432827, -0.00391267, -0.00349868, -0.00310154, -0.00273128, -0.00239376, -0.00209163, -0.00182522, -0.00159317, -0.00139310, -0.00122199, -0.00107658, -0.00095359, -0.00084992, -0.00076268, -0.00068931, -0.00062755, -0.00057543, -0.00053129, -0.00049369, -0.00046143, -0.00043351, -0.00040910, -0.00038751, -0.00036819, -0.00035071, -0.00033470, -0.00031991, -0.00030613, -0.00029319, -0.00028098, -0.00026940, -0.00025839, -0.00024789, -0.00023786, -0.00022827
0.16943194, 0.16678692, 0.15891355, 0.14696921, 0.13231169, 0.11627234, 0.09994832, 0.08413967, 0.06937621, 0.05597590, 0.04410148, 0.03380425, 0.02505600, 0.01777263, 0.01183270, 0.00709259, 0.00339892, 0.00059821, -0.00145594, -0.00289817, -0.00384876, -0.00441260, -0.00467935, -0.00472426, -0.00460947, -0.00438534, -0.00409196, -0.00376048, -0.00341448, -0.00307115, -0.00274242, -0.00243603, -0.00215639, -0.00190539, -0.00168312, -0.00148842, -0.00131932, -0.00117344, -0.00104821, -0.00094108, -0.00084962, -0.00077159, -0.00070497, -0.00064798, -0.00059908, -0.00055692, -0.00052036, -0.00048841, -0.00046027, -0.00043525, -0.00041280, -0.00039245, -0.00037385, -0.00035669, -0.00034077, -0.00032588, -0.00031190, -0.00029872, -0.00028624, -0.00027440, -0.00026314, -0.00025243
0.10850378, 0.10729140, 0.10361916, 0.09786393, 0.09049056, 0.08201875, 0.07295086, 0.06372510, 0.05469435, 0.04612331, 0.03819587, 0.03102658, 0.02467306, 0.01914785, 0.01442913, 0.01047031, 0.00720831, 0.00457048, 0.00248022, 0.00086123, -0.00035942, -0.00124925, -0.00186919, -0.00227305, -0.00250744, -0.00261201, -0.00261994, -0.00255846, -0.00244955, -0.00231056, -0.00215486, -0.00199248, -0.00183068, -0.00167451, -0.00152723, -0.00139074, -0.00126596, -0.00115305, -0.00105169, -0.00096123, -0.00088083, -0.00080957, -0.00074649, -0.00069066, -0.00064120, -0.00059731, -0.00055824, -0.00052334, -0.00049202, -0.00046379, -0.00043822, -0.00041491, -0.00039357, -0.00037393, -0.00035576, -0.00033888, -0.00032314, -0.00030841, -0.00029458, -0.00028158, -0.00026932, -0.00025775
0.10043488, 0.09952421, 0.09674541, 0.09232834, 0.08655814, 0.07977294, 0.07232381, 0.06454269, 0.05672105, 0.04909897, 0.04186201, 0.03514347, 0.02902954, 0.02356604, 0.01876565, 0.01461514, 0.01108199, 0.00812046, 0.00567665, 0.00369270, 0.00211008, 0.00087196, -0.00007503, -0.00077982, -0.00128624, -0.00163285, -0.00185299, -0.00197499, -0.00202257, -0.00201523, -0.00196877, -0.00189574, -0.00180590, -0.00170670, -0.00160368, -0.00150080, -0.00140082, -0.00130553, -0.00121600, -0.00113278, -0.00105601, -0.00098558, -0.00092122, -0.00086254, -0.00080908, -0.00076038, -0.00071598, -0.00067542, -0.00063828, -0.00060419, -0.00057280, -0.00054380, -0.00051692, -0.00049192, -0.00046862, -0.00044682, -0.00042638, -0.00040717, -0.00038908, -0.00037203, -0.00035592, -0.00034070
0.19054717, 0.18653732, 0.17487583, 0.15791065, 0.13815081, 0.11767682, 0.09788363, 0.07957161, 0.06313986, 0.04874661, 0.03640821, 0.02605273, 0.01754934, 0.01072766, 0.00539353, 0.00134283, -0.00162654, -0.00370557, -0.00506785, -0.00586631, -0.00623220, -0.00627582, -0.00608820, -0.00574320, -0.00529969, -0.00480362, -0.00428991, -0.00378419, -0.00330433, -0.00286188, -0.00246332, -0.00211120, -0.00180520, -0.00154298, -0.00132092, -0.00113474, -0.00097989, -0.00085192, -0.00074666, -0.00066038, -0.00058976, -0.00053199, -0.00048465, -0.00044573, -0.00041356, -0.00038676, -0.00036417, -0.00034488, -0.00032813, -0.00031333, -0.00030001, -0.00028782, -0.00027650, -0.00026585, -0.00025574, -0.00024607, -0.00023678, -0.00022782, -0.00021917, -0.00021081, -0.00020272, -0.00019491
0.20329207, 0.19951206, 0.18840144, 0.17192697, 0.15228277, 0.13142936, 0.11081115, 0.09135728, 0.07360352, 0.05782019, 0.04410485, 0.03244030, 0.02273052, 0.01482546, 0.00854054, 0.00367326, 0.00001708, -0.00262769, -0.00444615, -0.00560425, -0.00624668, -0.00649679, -0.00645771, -0.00621411, -0.00583431, -0.00537234, -0.00486993, -0.00435838, -0.00386025, -0.00339091, -0.00295991, -0.00257226, -0.00222953, -0.00193081, -0.00167353, -0.00145409, -0.00126842, -0.00111227, -0.00098154, -0.00087244, -0.00078154, -0.00070580, -0.00064263, -0.00058978, -0.00054536, -0.00050778, -0.00047572, -0.00044808, -0.00042397, -0.00040264, -0.00038353, -0.00036617, -0.00035021, -0.00033538, -0.00032147, -0.00030835, -0.00029589, -0.00028402, -0.00027267, -0.00026180, -0.00025137, -0.00024137
0.19338732, 0.19036076, 0.18135136, 0.16767999, 0.15089052, 0.13249269, 0.11373176, 0.09552242, 0.07848059, 0.06298697, 0.04924668, 0.03733512, 0.02723170, 0.01884603, 0.01203956, 0.00664417, 0.00247782, -0.00064287, -0.00289331, -0.00443476, -0.00541089, -0.00594639, -0.00614723, -0.00610174, -0.00588223, -0.00554684, -0.00514136, -0.00470102, -0.00425216, -0.00381367, -0.00339842, -0.00301445, -0.00266605, -0.00235469, -0.00207985, -0.00183963, -0.00163131, -0.00145174, -0.00129760, -0.00116569, -0.00105294, -0.00095660, -0.00087419, -0.00080352, -0.00074269, -0.00069010, -0.00064434, -0.00060424, -0.00056882, -0.00053725, -0.00050887, -0.00048313, -0.00045958, -0.00043787, -0.00041772, -0.00039891, -0.00038127, -0.00036465, -0.00034895, -0.00033408, -0.00031997, -0.00030657
0.08588826, 0.08507937, 0.08261404, 0.07870416, 0.07361269, 0.06764849, 0.06112860, 0.05434884, 0.04756533, 0.04098576, 0.03476795, 0.02902279, 0.02381964, 0.01919279, 0.01514815, 0.01166973, 0.00872557, 0.00627298, 0.00426297, 0.00264381, 0.00136379, 0.00037319, -0.00037434, -0.00092096, -0.00130422, -0.00155696, -0.00170737, -0.00177932, -0.00179262, -0.00176346, -0.00170487, -0.00162708, -0.00153798, -0.00144350, -0.00134796, -0.00125440, -0.00116485, -0.00108056, -0.00100220, -0.00093004, -0.00086402, -0.00080392, -0.00074937, -0.00069995, -0.00065521, -0.00061467, -0.00057789, -0.00054446, -0.00051398, -0.00048611, -0.00046053, -0.00043697, -0.00041519, -0.00039499, -0.00037618, -0.00035862, -0.00034217, -0.00032674, -0.00031221, -0.00029852, -0.00028560, -0.00027340
0.13998275, 0.13817701, 0.13274268, 0.12432861, 0.11372266, 0.10176241, 0.08921004, 0.07668764, 0.06466213, 0.05345819, 0.04328148, 0.03424261, 0.02637825, 0.01966921, 0.01405562, 0.00945009, 0.00574868, 0.00283993, 0.00061178, -0.00104324, -0.00222475, -0.00302245, -0.00351534, -0.00377156, -0.00384882, -0.00379518, -0.00364989, -0.00344440, -0.00320339, -0.00294566, -0.00268513, -0.00243167, -0.00219185, -0.00196971, -0.00176732, -0.00158529, -0.00142325, -0.00128016, -0.00115455, -0.00104478, -0.00094912, -0.00086591, -0.00079354, -0.00073055, -0.00067561, -0.00062755, -0.00058534, -0.00054807, -0.00051498, -0.00048540, -0.00045878, -0.00043466, -0.00041265, -0.00039243, -0.00037375, -0.00035639, -0.00034020, -0.00032502, -0.00031075, -0.00029730, -0.00028459, -0.00027256
0.12466468, 0.12317377, 0.11867058, 0.11165038, 0.10272021, 0.09254379, 0.08174589, 0.07085599, 0.06028782, 0.05034203, 0.04121978, 0.03303950, 0.02585328, 0.01966159, 0.01442638, 0.01008247, 0.00654733, 0.00372921, 0.00153358, -0.00013202, -0.00135468, -0.00221393, -0.00278068, -0.00311682, -0.00327536, -0.00330088, -0.00323024, -0.00309332, -0.00291389, -0.00271038, -0.00249672, -0.00228311, -0.00207663, -0.00188195, -0.00170183, -0.00153760, -0.00138957, -0.00125731, -0.00113994, -0.00103631, -0.00094510, -0.00086501, -0.00079473, -0.00073303, -0.00067880, -0.00063100, -0.00058874, -0.00055121, -0.00051772, -0.00048766, -0.00046053, -0.00043589, -0.00041338, -0.00039270, -0.00037361, -0.00035588, -0.00033936, -0.00032390, -0.00030939, -0.00029574, -0.00028287, -0.00027071
0.11518702, 0.11406168, 0.11063603, 0.10521589, 0.09818071, 0.08997200, 0.08103764, 0.07179002, 0.06258099, 0.05369140, 0.04533074, 0.03764274, 0.03071386, 0.02458294, 0.01925080, 0.01468939, 0.01085005, 0.00767067, 0.00508171, 0.00301092, 0.00138699, 0.00014206, -0.00078657, -0.00145546, -0.00191461, -0.00220745, -0.00237102, -0.00243644, -0.00242940, -0.00237076, -0.00227713, -0.00216149, -0.00203375, -0.00190126, -0.00176930, -0.00164152, -0.00152026, -0.00140693, -0.00130218, -0.00120617, -0.00111871, -0.00103937, -0.00096760, -0.00090275, -0.00084417, -0.00079121, -0.00074326, -0.00069974, -0.00066013, -0.00062395, -0.00059079, -0.00056028, -0.00053210, -0.00050599, -0.00048170, -0.00045903, -0.00043782, -0.00041792, -0.00039922, -0.00038160, -0.00036498, -0.00034929
0.19727947, 0.19365110, 0.18297725, 0.16712612, 0.14818804, 0.12804131, 0.10807993, 0.08920886, 0.07195627, 0.05659366, 0.04322405, 0.03183764, 0.02234669, 0.01460965, 0.00845023, 0.00367369, 0.00008049, -0.00252300, -0.00431683, -0.00546276, -0.00610218, -0.00635580, -0.00632467, -0.00609185, -0.00572441, -0.00527540, -0.00478583, -0.00428649, -0.00379957, -0.00334024, -0.00291794, -0.00253769, -0.00220112, -0.00190744, -0.00165421, -0.00143797, -0.00125478, -0.00110054, -0.00097127, -0.00086325, -0.00077315, -0.00069799, -0.00063524, -0.00058268, -0.00053846, -0.00050103, -0.00046907, -0.00044150, -0.00041745, -0.00039618, -0.00037713, -0.00035985, -0.00034397, -0.00032924, -0.00031544, -0.00030243, -0.00029009, -0.00027835, -0.00026713, -0.00025640, -0.00024611, -0.00023625
0.24978736, 0.24426822, 0.22829478, 0.20524851, 0.17866026, 0.15135495, 0.12515049, 0.10104643, 0.07952041, 0.06075014, 0.04473960, 0.03138240, 0.02049546, 0.01184258, 0.00515513, 0.00015144, -0.00344616, -0.00589835, -0.00743999, -0.00827577, -0.00857916, -0.00849390, -0.00813684, -0.00760125, -0.00696024, -0.00626985, -0.00557183, -0.00489614, -0.00426302, -0.00368496, -0.00316832, -0.00271480, -0.00232276, -0.00198823, -0.00170590, -0.00146978, -0.00127371, -0.00111179, -0.00097857, -0.00086919, -0.00077943, -0.00070568, -0.00064492, -0.00059462, -0.00055270, -0.00051743, -0.00048741, -0.00046151, -0.00043880, -0.00041856, -0.00040024, -0.00038338, -0.00036768, -0.00035290, -0.00033887, -0.00032548, -0.00031265, -0.00030031, -0.00028844, -0.00027701, -0.00026599, -0.00025538
0.14823773, 0.14604235, 0.13948588, 0.12947766, 0.11709463, 0.10341656, 0.08935939, 0.07561510, 0.06266225, 0.05080495, 0.04021416, 0.03096160, 0.02304557, 0.01641096, 0.01096545, 0.00659306, 0.00316550, 0.00055127, -0.00137746, -0.00274011, -0.00364476, -0.00418678, -0.00444850, -0.00449963, -0.00439813, -0.00419131, -0.00391703, -0.00360489, -0.00327737, -0.00295103, -0.00263743, -0.00234417, -0.00207567, -0.00183398, -0.00161937, -0.00143091, -0.00126688, -0.00112509, -0.00100319, -0.00089877, -0.00080954, -0.00073337, -0.00066834, -0.00061273, -0.00056504, -0.00052398, -0.00048842, -0.00045742, -0.00043019, -0.00040605, -0.00038445, -0.00036496, -0.00034719, -0.00033087, -0.00031576, -0.00030169, -0.00028849, -0.00027608, -0.00026434, -0.00025323, -0.00024268, -0.00023265
0.16166320, 0.15939138, 0.15258444, 0.14213061, 0.12909242, 0.11456104, 0.09949019, 0.08462608, 0.07050553, 0.05748578, 0.04578087, 0.03549407, 0.02664412, 0.01918671, 0.01303245, 0.00806242, 0.00414114, 0.00112734, -0.00111799, -0.00272575, -0.00381522, -0.00449210, -0.00484799, -0.00496071, -0.00489515, -0.00470446, -0.00443131, -0.00410926, -0.00376402, -0.00341468, -0.00307484, -0.00275367, -0.00245676, -0.00218704, -0.00194540, -0.00173130, -0.00154329, -0.00137931, -0.00123702, -0.00111400, -0.00100787, -0.00091639, -0.00083752, -0.00076943, -0.00071047, -0.00065923, -0.00061448, -0.00057517, -0.00054039, -0.00050940, -0.00048157, -0.00045637, -0.00043340, -0.00041229, -0.00039277, -0.00037462, -0.00035766, -0.00034174, -0.00032675, -0.00031260, -0.00029922, -0.00028654
0.13998201, 0.13833809, 0.13336905, 0.12561185, 0.11572615, 0.10443769, 0.09243460, 0.08030441, 0.06850960, 0.05738852, 0.04716926, 0.03798756, 0.02990476, 0.02292427, 0.01700613, 0.01207981, 0.00805513, 0.00483137, 0.00230442, 0.00037218, -0.00106164, -0.00208517, -0.00277711, -0.00320629, -0.00343177, -0.00350337, -0.00346236, -0.00334237, -0.00317021, -0.00296686, -0.00274827, -0.00252621, -0.00230904, -0.00210236, -0.00190963, -0.00173272, -0.00157226, -0.00142807, -0.00129943, -0.00118524, -0.00108425, -0.00099512, -0.00091653, -0.00084722, -0.00078601, -0.00073183, -0.00068372, -0.00064082, -0.00060240, -0.00056781, -0.00053649, -0.00050798, -0.00048188, -0.00045786, -0.00043565, -0.00041501, -0.00039576, -0.00037774, -0.00036083, -0.00034492, -0.00032992, -0.00031575
0.12188416, 0.12020217, 0.11515927, 0.10740610, 0.09772457, 0.08692293, 0.07571135, 0.06464647, 0.05412749, 0.04441789, 0.03567352, 0.02796818, 0.02131435, 0.01567960, 0.01099990, 0.00719061, 0.00415553, 0.00179415, 0.00000724, -0.00129926, -0.00221162, -0.00280699, -0.00315286, -0.00330710, -0.00331848, -0.00322734, -0.00306644, -0.00286182, -0.00263367, -0.00239720, -0.00216345, -0.00194001, -0.00173176, -0.00154144, -0.00137019, -0.00121801, -0.00108412, -0.00096723, -0.00086580, -0.00077818, -0.00070271, -0.00063782, -0.00058204, -0.00053405, -0.00049267, -0.00045686, -0.00042574, -0.00039853, -0.00037456, -0.00035329, -0.00033426, -0.00031708, -0.00030145, -0.00028711, -0.00027386, -0.00026154, -0.00025002, -0.00023920, -0.00022900, -0.00021935, -0.00021021, -0.00020153
0.20356132, 0.19957856, 0.18792149, 0.17076604, 0.15049532, 0.12917379, 0.10826777, 0.08868360, 0.07092189, 0.05522112, 0.04165398, 0.03018412, 0.02069985, 0.01303756, 0.00700075, 0.00237672, -0.00104924, -0.00348284, -0.00511299, -0.00610745, -0.00661111, -0.00674627, -0.00661415, -0.00629710, -0.00586087, -0.00535693, -0.00482456, -0.00429283, -0.00378231, -0.00330660, -0.00287379, -0.00248764, -0.00214869, -0.00185522, -0.00160402, -0.00139101, -0.00121174, -0.00106174, -0.00093675, -0.00083288, -0.00074666, -0.00067506, -0.00061550, -0.00056576, -0.00052402, -0.00048873, -0.00045861, -0.00043261, -0.00040987, -0.00038970, -0.00037157, -0.00035504, -0.00033978, -0.00032555, -0.00031216, -0.00029948, -0.00028742, -0.00027590, -0.00026487, -0.00025429, -0.00024414, -0.00023439
0.09193696, 0.09086793, 0.08763590, 0.08258836, 0.07615244, 0.06879867, 0.06097373, 0.05305920, 0.04535543, 0.03808219, 0.03138779, 0.02536096, 0.02004268, 0.01543686, 0.01151968, 0.00824763, 0.00556443, 0.00340663, 0.00170814, 0.00040367, -0.00056888, -0.00126679, -0.00174166, -0.00203893, -0.00219793, -0.00225205, -0.00222915, -0.00215204, -0.00203902, -0.00190445, -0.00175928, -0.00161163, -0.00146725, -0.00133004, -0.00120237, -0.00108552, -0.00097994, -0.00088549, -0.00080165, -0.00072766, -0.00066264, -0.00060566, -0.00055579, -0.00051215, -0.00047393, -0.00044038, -0.00041082, -0.00038468, -0.00036145, -0.00034067, -0.00032197, -0.00030503, -0.00028959, -0.00027542, -0.00026235, -0.00025022, -0.00023890, -0.00022831, -0.00021836, -0.00020898, -0.00020013, -0.00019175
0.09854205, 0.09756397, 0.09458791, 0.08988309, 0.08378337, 0.07667569, 0.06895085, 0.06096697, 0.05302818, 0.04537617, 0.03819037, 0.03159323, 0.02565776, 0.02041595, 0.01586710, 0.01198577, 0.00872881, 0.00604165, 0.00386340, 0.00213097, 0.00078216, -0.00024208, -0.00099628, -0.00152955, -0.00188527, -0.00210101, -0.00220881, -0.00223545, -0.00220303, -0.00212937, -0.00202863, -0.00191175, -0.00178705, -0.00166060, -0.00153669, -0.00141822, -0.00130697, -0.00120392, -0.00110944, -0.00102348, -0.00094570, -0.00087560, -0.00081258, -0.00075597, -0.00070513, -0.00065943, -0.00061826, -0.00058108, -0.00054739, -0.00051676, -0.00048879, -0.00046316, -0.00043955, -0.00041774, -0.00039749, -0.00037864, -0.00036103, -0.00034453, -0.00032903, -0.00031445, -0.00030071, -0.00028773
0.16389106, 0.16136079, 0.15382376, 0.14237418, 0.12829734, 0.11285849, 0.09710649, 0.08181260, 0.06749373, 0.05446577, 0.04289579, 0.03284278, 0.02428749, 0.01715491, 0.01133208, 0.00668286, 0.00306013, 0.00031548, -0.00169358, -0.00309878, -0.00401834, -0.00455570, -0.00479955, -0.00482452, -0.00469229, -0.00445293, -0.00414628, -0.00380330, -0.00344737, -0.00309553, -0.00275958, -0.00244708, -0.00216232, -0.00190708, -0.00168134, -0.00148383, -0.00131250, -0.00116489, -0.00103835, -0.00093027, -0.00083814, -0.00075967, -0.00069281, -0.00063574, -0.00058687, -0.00054483, -0.00050846, -0.00047675, -0.00044889, -0.00042417, -0.00040203, -0.00038201, -0.00036374, -0.00034692, -0.00033132, -0.00031676, -0.00030308, -0.00029019, -0.00027800, -0.00026643, -0.00025543, -0.00024496
0.22962569, 0.22496425, 0.21136790, 0.19147855, 0.16814272, 0.14376267, 0.11999363, 0.09782694, 0.07779358, 0.06013772, 0.04492586, 0.03210756, 0.02155024, 0.01306366, 0.00642060, 0.00137559, -0.00231882, -0.00489926, -0.00658257, -0.00756077, -0.00799911, -0.00803651, -0.00778741, -0.00734436, -0.00678075, -0.00615356, -0.00550583, -0.00486897, -0.00426476, -0.00370720, -0.00320411, -0.00275855, -0.00237012, -0.00203598, -0.00175174, -0.00151219, -0.00131180, -0.00114515, -0.00100713, -0.00089312, -0.00079904, -0.00072138, -0.00065713, -0.00060378, -0.00055922, -0.00052170, -0.00048979, -0.00046231, -0.00043833, -0.00041707, -0.00039793, -0.00038047, -0.00036432, -0.00034921, -0.00033497, -0.00032144, -0.00030853, -0.00029618, -0.00028431, -0.00027291, -0.00026195, -0.00025141
0.37811055, 0.36658854, 0.33445054, 0.29094891, 0.24434656, 0.19975694, 0.15946887, 0.12416927, 0.09386798, 0.06833383, 0.04724581, 0.03022876, 0.01685708, 0.00666914, -0.00081429, -0.00606489, -0.00952343, -0.01158494, -0.01258797, -0.01281406, -0.01249062, -0.01179690, -0.01087259, -0.00982376, -0.00873003, -0.00764941, -0.00662213, -0.00567490, -0.00482290, -0.00407286, -0.00342497, -0.00287438, -0.00241342, -0.00203226, -0.00172050, -0.00146781, -0.00126424, -0.00110111, -0.00097063, -0.00086631, -0.00078282, -0.00071566, -0.00066139, -0.00061708, -0.00058049, -0.00054986, -0.00052365, -0.00050082, -0.00048043, -0.00046179, -0.00044446, -0.00042801, -0.00041227, -0.00039705, -0.00038227, -0.00036793, -0.00035394, -0.00034037, -0.00032718, -0.00031436, -0.00030197, -0.00028994
0.13466695, 0.13299925, 0.12797041, 0.12015518, 0.11025518, 0.09902764, 0.08717426, 0.07527942, 0.06379127, 0.05302893, 0.04320076, 0.03442482, 0.02674788, 0.02016197, 0.01461877, 0.01004196, 0.00633777, 0.00340361, 0.00113495, -0.00056968, -0.00180519, -0.00265783, -0.00320409, -0.00351045, -0.00363360, -0.00362101, -0.00351172, -0.00333725, -0.00312246, -0.00288653, -0.00264379, -0.00240456, -0.00217589, -0.00196229, -0.00176626, -0.00158881, -0.00142994, -0.00128888, -0.00116446, -0.00105524, -0.00095966, -0.00087619, -0.00080333, -0.00073970, -0.00068405, -0.00063524, -0.00059226, -0.00055425, -0.00052046, -0.00049022, -0.00046300, -0.00043833, -0.00041582, -0.00039516, -0.00037609, -0.00035840, -0.00034190, -0.00032646, -0.00031195, -0.00029830, -0.00028541, -0.00027323
0.25519697, 0.24891676, 0.23093068, 0.20546208, 0.17674557, 0.14794020, 0.12089056, 0.09647679, 0.07502646, 0.05658571, 0.04105655, 0.02825717, 0.01794947, 0.00985820, 0.00368819, -0.00085847, -0.00406734, -0.00620053, -0.00748951, -0.00813252, -0.00829499, -0.00811209, -0.00769252, -0.00712216, -0.00646776, -0.00578010, -0.00509658, -0.00444370, -0.00383889, -0.00329245, -0.00280898, -0.00238882, -0.00202929, -0.00172567, -0.00147212, -0.00126234, -0.00109003, -0.00094928, -0.00083471, -0.00074165, -0.00066608, -0.00060463, -0.00055450, -0.00051337, -0.00047937, -0.00045095, -0.00042686, -0.00040611, -0.00038788, -0.00037154, -0.00035663, -0.00034278, -0.00032974, -0.00031732, -0.00030541, -0.00029395, -0.00028287, -0.00027215, -0.00026178, -0.00025174, -0.00024202, -0.00023262
0.15374794, 0.15130182, 0.14402984, 0.13302265, 0.11955134, 0.10484835, 0.08991717, 0.07548152, 0.06201683, 0.04980732, 0.03899841, 0.02963607, 0.02169474, 0.01509806, 0.00973524, 0.00547471, 0.00217544, -0.00030408, -0.00209915, -0.00333444, -0.00412147, -0.00455757, -0.00472598, -0.00469654, -0.00452681, -0.00426337, -0.00394311, -0.00359454, -0.00323903, -0.00289196, -0.00256380, -0.00226107, -0.00198723, -0.00174344, -0.00152922, -0.00134296, -0.00118239, -0.00104490, -0.00092777, -0.00082834, -0.00074412, -0.00067285, -0.00061251, -0.00056133, -0.00051776, -0.00048051, -0.00044845, -0.00042065, -0.00039631, -0.00037479, -0.00035555, -0.00033818, -0.00032233, -0.00030772, -0.00029416, -0.00028148, -0.00026955, -0.00025827, -0.00024758, -0.00023741, -0.00022772, -0.00021848
0.16535742, 0.16255445, 0.15425773, 0.14179882, 0.12670471, 0.11041027, 0.09403987, 0.07836986, 0.06388585, 0.05086090, 0.03942035, 0.02958693, 0.02131121, 0.01449338, 0.00900040, 0.00468029, 0.00137393, -0.00107553, -0.00281598, -0.00398197, -0.00469252, -0.00505043, -0.00514278, -0.00504198, -0.00480719, -0.00448588, -0.00411526, -0.00372381, -0.00333255, -0.00295633, -0.00260495, -0.00228420, -0.00199678, -0.00174312, -0.00152204, -0.00133130, -0.00116810, -0.00102936, -0.00091198, -0.00081301, -0.00072972, -0.00065966, -0.00060069, -0.00055093, -0.00050878, -0.00047290, -0.00044211, -0.00041547, -0.00039218, -0.00037159, -0.00035317, -0.00033649, -0.00032122, -0.00030711, -0.00029396, -0.00028161, -0.00026995, -0.00025889, -0.00024837, -0.00023834, -0.00022875, -0.00021959
0.25519697, 0.24891676, 0.23093068, 0.20546208, 0.17674557, 0.14794020, 0.12089056, 0.09647679, 0.07502646, 0.05658571, 0.04105655, 0.02825717, 0.01794947, 0.00985820, 0.00368819, -0.00085847, -0.00406734, -0.00620053, -0.00748951, -0.00813252, -0.00829499, -0.00811209, -0.00769252, -0.00712216, -0.00646776, -0.00578010, -0.00509658, -0.00444370, -0.00383889, -0.00329245, -0.00280898, -0.00238882, -0.00202929, -0.00172567, -0.00147212, -0.00126234, -0.00109003, -0.00094928, -0.00083471, -0.00074165, -0.00066608, -0.00060463, -0.00055450, -0.00051337, -0.00047937, -0.00045095, -0.00042686, -0.00040611, -0.00038788, -0.00037154, -0.00035663, -0.00034278, -0.00032974, -0.00031732, -0.00030541, -0.00029395, -0.00028287, -0.00027215, -0.00026178, -0.00025174, -0.00024202, -0.00023262
0.28411200, 0.27623837, 0.25401024, 0.22329779, 0.18962252, 0.15670359, 0.12643206, 0.09954093, 0.07619922, 0.05633494, 0.03976848, 0.02625722, 0.01551005, 0.00720172, 0.00098866, -0.00347226, -0.00650657, -0.00841014, -0.00944106, -0.00981767, -0.00971970, -0.00929181, -0.00864871, -0.00787949, -0.00705223, -0.00621757, -0.00541173, -0.00465940, -0.00397569, -0.00336836, -0.00283941, -0.00238655, -0.00200472, -0.00168693, -0.00142544, -0.00121230, -0.00103984, -0.00090111, -0.00078988, -0.00070089, -0.00062969, -0.00057259, -0.00052664, -0.00048938, -0.00045887, -0.00043357, -0.00041219, -0.00039378, -0.00037752, -0.00036284, -0.00034929, -0.00033653, -0.00032437, -0.00031264, -0.00030126, -0.00029021, -0.00027943, -0.00026893, -0.00025871, -0.00024876, -0.00023910, -0.00022971
0.25858317, 0.25298008, 0.23672926, 0.21319804, 0.18593946, 0.15784239, 0.13080088, 0.10587681, 0.08358716, 0.06412898, 0.04751211, 0.03362844, 0.02228943, 0.01325194, 0.00624010, 0.00096528, -0.00285669, -0.00549240, -0.00718208, -0.00813522, -0.00852969, -0.00851320, -0.00820620, -0.00770523, -0.00708634, -0.00640821, -0.00571488, -0.00503830, -0.00440038, -0.00381495, -0.00328944, -0.00282636, -0.00242465, -0.00208077, -0.00178964, -0.00154542, -0.00134203, -0.00117357, -0.00103456, -0.00092010, -0.00082592, -0.00074834, -0.00068426, -0.00063111, -0.00058672, -0.00054933, -0.00051748, -0.00048997, -0.00046586, -0.00044437, -0.00042492, -0.00040705, -0.00039042, -0.00037477, -0.00035994, -0.00034579, -0.00033225, -0.00031925, -0.00030674, -0.00029470, -0.00028310, -0.00027193
0.07813338, 0.07741607, 0.07522840, 0.07175439, 0.06722225, 0.06190131, 0.05606958, 0.04998813, 0.04388459, 0.03794506, 0.03231241, 0.02708851, 0.02233875, 0.01809746, 0.01437364, 0.01115653, 0.00842068, 0.00613052, 0.00424418, 0.00271671, 0.00150253, 0.00055729, -0.00016077, -0.00069004, -0.00106499, -0.00131601, -0.00146939, -0.00154750, -0.00156905, -0.00154940, -0.00150095, -0.00143351, -0.00135467, -0.00127017, -0.00118420, -0.00109973, -0.00101877, -0.00094256, -0.00087179, -0.00080674, -0.00074739, -0.00069355, -0.00064487, -0.00060096, -0.00056138, -0.00052570, -0.00049349, -0.00046435, -0.00043792, -0.00041386, -0.00039187, -0.00037169, -0.00035310, -0.00033590, -0.00031993, -0.00030504, -0.00029111, -0.00027805, -0.00026577, -0.00025419, -0.00024327, -0.00023294
0.13820926, 0.13629152, 0.13054234, 0.12170436, 0.11066845, 0.09835384, 0.08556771, 0.07294370, 0.06093837, 0.04985551, 0.03987704, 0.03109099, 0.02351428, 0.01711104, 0.01180790, 0.00750677, 0.00409563, 0.00145729, -0.00052397, -0.00195762, -0.00294384, -0.00357191, -0.00391960, -0.00405336, -0.00402892, -0.00389217, -0.00368021, -0.00342234, -0.00314121, -0.00285372, -0.00257203, -0.00230445, -0.00205617, -0.00183000, -0.00162697, -0.00144686, -0.00128855, -0.00115044, -0.00103061, -0.00092705, -0.00083780, -0.00076098, -0.00069485, -0.00063787, -0.00058864, -0.00054596, -0.00050877, -0.00047619, -0.00044743, -0.00042187, -0.00039895, -0.00037824, -0.00035938, -0.00034206, -0.00032606, -0.00031118, -0.00029727, -0.00028422, -0.00027192, -0.00026029, -0.00024929, -0.00023886
0.15015607, 0.14820821, 0.14234749, 0.13327693, 0.12184934, 0.10896956, 0.09545929, 0.08198797, 0.06905744, 0.05701635, 0.04608543, 0.03638321, 0.02794866, 0.02076045, 0.01475339, 0.00983254, 0.00588508, 0.00279013, 0.00042628, -0.00132281, -0.00256483, -0.00339665, -0.00390342, -0.00415849, -0.00422386, -0.00415104, -0.00398203, -0.00375042, -0.00348244, -0.00319810, -0.00291208, -0.00263478, -0.00237308, -0.00213114, -0.00191104, -0.00171333, -0.00153750, -0.00138234, -0.00124623, -0.00112734, -0.00102377, -0.00093370, -0.00085538, -0.00078721, -0.00072777, -0.00067577, -0.00063009, -0.00058976, -0.00055395, -0.00052194, -0.00049313, -0.00046703, -0.00044322, -0.00042135, -0.00040115, -0.00038239, -0.00036489, -0.00034850, -0.00033309, -0.00031857, -0.00030486, -0.00029189
0.15903137, 0.15655617, 0.14918726, 0.13800455, 0.12427420, 0.10923764, 0.09391870, 0.07906566, 0.06517648, 0.05255274, 0.04135174, 0.03162668, 0.02335584, 0.01646435, 0.01084136, 0.00635420, 0.00286004, 0.00021512, -0.00171840, -0.00306790, -0.00394764, -0.00445768, -0.00468383, -0.00469842, -0.00456125, -0.00432095, -0.00401623, -0.00367720, -0.00332659, -0.00298094, -0.00265166, -0.00234606, -0.00206820, -0.00181971, -0.00160046, -0.00140911, -0.00124357, -0.00110134, -0.00097977, -0.00087626, -0.00078832, -0.00071368, -0.00065032, -0.00059643, -0.00055046, -0.00051106, -0.00047709, -0.00044757, -0.00042171, -0.00039881, -0.00037834, -0.00035985, -0.00034297, -0.00032743, -0.00031301, -0.00029952, -0.00028685, -0.00027488, -0.00026354, -0.00025276, -0.00024249, -0.00023271
0.19640784, 0.19284180, 0.18234060, 0.16671594, 0.14800070, 0.12803342, 0.10819162, 0.08938190, 0.07214385, 0.05676359, 0.04335785, 0.03192785, 0.02239356, 0.01461815, 0.00842762, 0.00362771, 0.00001822, -0.00259572, -0.00439558, -0.00554450, -0.00618495, -0.00643849, -0.00640670, -0.00617295, -0.00580440, -0.00535415, -0.00486316, -0.00436216, -0.00387330, -0.00341173, -0.00298690, -0.00260387, -0.00226431, -0.00196749, -0.00171104, -0.00149157, -0.00130517, -0.00114779, -0.00101548, -0.00090456, -0.00081169, -0.00073393, -0.00066872, -0.00061386, -0.00056751, -0.00052808, -0.00049427, -0.00046500, -0.00043937, -0.00041665, -0.00039627, -0.00037776, -0.00036075, -0.00034498, -0.00033023, -0.00031635, -0.00030320, -0.00029071, -0.00027881, -0.00026744, -0.00025657, -0.00024616
0.12840137, 0.12674284, 0.12175285, 0.11403092, 0.10430503, 0.09334793, 0.08186075, 0.07041318, 0.05943002, 0.04920409, 0.03991883, 0.03167118, 0.02449166, 0.01836101, 0.01322416, 0.00900183, 0.00560031, 0.00291930, 0.00085804, -0.00068025, -0.00178542, -0.00253860, -0.00301141, -0.00326584, -0.00335456, -0.00332151, -0.00320274, -0.00302719, -0.00281761, -0.00259141, -0.00236152, -0.00213711, -0.00192437, -0.00172709, -0.00154728, -0.00138559, -0.00124175, -0.00111486, -0.00100364, -0.00090662, -0.00082226, -0.00074904, -0.00068554, -0.00063043, -0.00058252, -0.00054074, -0.00050415, -0.00047195, -0.00044344, -0.00041803, -0.00039521, -0.00037456, -0.00035575, -0.00033849, -0.00032255, -0.00030774, -0.00029392, -0.00028096, -0.00026877, -0.00025727, -0.00024639, -0.00023609
0.22589552, 0.22127317, 0.20779533, 0.18809670, 0.16502341, 0.14097932, 0.11761455, 0.09590393, 0.07635273, 0.05917590, 0.04441295, 0.03199238, 0.02176817, 0.01354421, 0.00709378, 0.00217673, -0.00144597, -0.00400099, -0.00569498, -0.00671028, -0.00720365, -0.00730691, -0.00712887, -0.00675780, -0.00626406, -0.00570259, -0.00511521, -0.00453272, -0.00397673, -0.00346138, -0.00299483, -0.00258061, -0.00221883, -0.00190719, -0.00164182, -0.00141801, -0.00123071, -0.00107490, -0.00094585, -0.00083926, -0.00075134, -0.00067882, -0.00061888, -0.00056916, -0.00052770, -0.00049286, -0.00046327, -0.00043784, -0.00041565, -0.00039600, -0.00037831, -0.00036215, -0.00034719, -0.00033318, -0.00031995, -0.00030737, -0.00029534, -0.00028381, -0.00027273, -0.00026207, -0.00025180, -0.00024191
0.09657531, 0.09563616, 0.09277726, 0.08825373, 0.08238215, 0.07553079, 0.06807312, 0.06035280, 0.05266280, 0.04523674, 0.03824876, 0.03181836, 0.02601760, 0.02087916, 0.01640434, 0.01257061, 0.00933835, 0.00665676, 0.00446869, 0.00271462, 0.00133558, 0.00027529, -0.00051843, -0.00109279, -0.00148967, -0.00174551, -0.00189151, -0.00195393, -0.00195449, -0.00191086, -0.00183714, -0.00174437, -0.00164097, -0.00153323, -0.00142565, -0.00132135, -0.00122236, -0.00112987, -0.00104446, -0.00096630, -0.00089521, -0.00083086, -0.00077277, -0.00072040, -0.00067322, -0.00063067, -0.00059224, -0.00055744, -0.00052584, -0.00049703, -0.00047067, -0.00044646, -0.00042412, -0.00040344, -0.00038421, -0.00036627, -0.00034949, -0.00033375, -0.00031894, -0.00030499, -0.00029182, -0.00027938
0.13659761, 0.13451881, 0.12832157, 0.11889302, 0.10727781, 0.09450984, 0.08145180, 0.06874278, 0.05681492, 0.04593543, 0.03624872, 0.02780960, 0.02060777, 0.01458622, 0.00965580, 0.00570728, 0.00262131, 0.00027649, -0.00144472, -0.00265176, -0.00344358, -0.00390734, -0.00411829, -0.00414009, -0.00402567, -0.00381818, -0.00355210, -0.00325431, -0.00294518, -0.00263956, -0.00234778, -0.00207647, -0.00182940, -0.00160814, -0.00141270, -0.00124196, -0.00109415, -0.00096710, -0.00085850, -0.00076604, -0.00068753, -0.00062095, -0.00056448, -0.00051653, -0.00047570, -0.00044078, -0.00041074, -0.00038471, -0.00036197, -0.00034189, -0.00032400, -0.00030789, -0.00029322, -0.00027976, -0.00026728, -0.00025564, -0.00024472, -0.00023441, -0.00022465, -0.00021538, -0.00020656, -0.00019815
0.14859503, 0.14650358, 0.14023917, 0.13062540, 0.11864864, 0.10532098, 0.09152430, 0.07794387, 0.06506697, 0.05321216, 0.04256528, 0.03321129, 0.02515992, 0.01836590, 0.01274553, 0.00819032, 0.00457839, 0.00178354, -0.00031792, -0.00184232, -0.00289566, -0.00357208, -0.00395339, -0.00410936, -0.00409843, -0.00396872, -0.00375912, -0.00350036, -0.00321618, -0.00292438, -0.00263773, -0.00236499, -0.00211167, -0.00188076, -0.00167340, -0.00148940, -0.00132767, -0.00118655, -0.00106411, -0.00095830, -0.00086709, -0.00078858, -0.00072098, -0.00066272, -0.00061237, -0.00056870, -0.00053063, -0.00049725, -0.00046777, -0.00044153, -0.00041798, -0.00039666, -0.00037722, -0.00035935, -0.00034282, -0.00032742, -0.00031301, -0.00029947, -0.00028670, -0.00027462, -0.00026318, -0.00025232
0.12060494, 0.11918546, 0.11489543, 0.10820003, 0.09967038, 0.08993395, 0.07958454, 0.06912820, 0.05896242, 0.04937757, 0.04056916, 0.03265358, 0.02568360, 0.01966251, 0.01455652, 0.01030566, 0.00683298, 0.00405233, 0.00187442, 0.00021148, -0.00101951, -0.00189474, -0.00248240, -0.00284224, -0.00302565, -0.00307604, -0.00302942, -0.00291509, -0.00275648, -0.00257185, -0.00237508, -0.00217638, -0.00198295, -0.00179959, -0.00162924, -0.00147340, -0.00133255, -0.00120642, -0.00109428, -0.00099511, -0.00090773, -0.00083092, -0.00076348, -0.00070424, -0.00065215, -0.00060623, -0.00056563, -0.00052957, -0.00049740, -0.00046853, -0.00044248, -0.00041883, -0.00039724, -0.00037740, -0.00035907, -0.00034207, -0.00032623, -0.00031140, -0.00029749, -0.00028439, -0.00027205, -0.00026039
0.18600486, 0.18312163, 0.17453474, 0.16149421, 0.14546647, 0.12789267, 0.10996597, 0.09256352, 0.07627396, 0.06145803, 0.04830735, 0.03689008, 0.02718450, 0.01910446, 0.01251983, 0.00727363, 0.00319625, 0.00011679, -0.00212858, -0.00369095, -0.00470552, -0.00529027, -0.00554598, -0.00555721, -0.00539359, -0.00511147, -0.00475554, -0.00436044, -0.00395223, -0.00354985, -0.00316634, -0.00281002, -0.00248556, -0.00219482, -0.00193767, -0.00171260, -0.00151724, -0.00134877, -0.00120417, -0.00108048, -0.00097486, -0.00088472, -0.00080775, -0.00074187, -0.00068532, -0.00063653, -0.00059420, -0.00055721, -0.00052461, -0.00049564, -0.00046964, -0.00044609, -0.00042457, -0.00040475, -0.00038637, -0.00036921, -0.00035310, -0.00033793, -0.00032358, -0.00030998, -0.00029707, -0.00028479
0.15602128, 0.15390001, 0.14753335, 0.13772547, 0.12544500, 0.11170072, 0.09738823, 0.08321883, 0.06971115, 0.05721438, 0.04594063, 0.03599519, 0.02740194, 0.02012415, 0.01408184, 0.00916653, 0.00525354, 0.00221199, -0.00008756, -0.00176770, -0.00294067, -0.00370651, -0.00415241, -0.00435289, -0.00437047, -0.00425672, -0.00405339, -0.00379361, -0.00350303, -0.00320100, -0.00290155, -0.00261441, -0.00234586, -0.00209949, -0.00187685, -0.00167808, -0.00150228, -0.00134794, -0.00121318, -0.00109599, -0.00099433, -0.00090624, -0.00082991, -0.00076369, -0.00070611, -0.00065586, -0.00061180, -0.00057297, -0.00053853, -0.00050777, -0.00048009, -0.00045500, -0.00043209, -0.00041105, -0.00039158, -0.00037349, -0.00035658, -0.00034073, -0.00032581, -0.00031173, -0.00029842, -0.00028582
0.14827144, 0.14610769, 0.13964015, 0.12975273, 0.11749665, 0.10393390, 0.08997265, 0.07630403, 0.06340865, 0.05159275, 0.04102858, 0.03178839, 0.02387078, 0.01722114, 0.01174814, 0.00733730, 0.00386231, 0.00119390, -0.00079344, -0.00221686, -0.00318243, -0.00378378, -0.00410186, -0.00420538, -0.00415164, -0.00398761, -0.00375105, -0.00347165, -0.00317220, -0.00286959, -0.00257582, -0.00229893, -0.00204380, -0.00181289, -0.00160688, -0.00142519, -0.00126640, -0.00112863, -0.00100973, -0.00090752, -0.00081986, -0.00074477, -0.00068044, -0.00062524, -0.00057774, -0.00053671, -0.00050107, -0.00046991, -0.00044245, -0.00041805, -0.00039618, -0.00037638, -0.00035832, -0.00034170, -0.00032630, -0.00031193, -0.00029847, -0.00028579, -0.00027380, -0.00026245, -0.00025167, -0.00024142
0.15579139, 0.15342819, 0.14638058, 0.13565108, 0.12242148, 0.10786471, 0.09296351, 0.07845000, 0.06482263, 0.05239210, 0.04132782, 0.03169511, 0.02348292, 0.01662517, 0.01101792, 0.00653375, 0.00303371, 0.00037685, -0.00157267, -0.00294076, -0.00384061, -0.00437142, -0.00461832, -0.00465302, -0.00453483, -0.00431194, -0.00402277, -0.00369720, -0.00335786, -0.00302130, -0.00269902, -0.00239848, -0.00212395, -0.00187731, -0.00165865, -0.00146688, -0.00130013, -0.00115610, -0.00103231, -0.00092629, -0.00083568, -0.00075829, -0.00069217, -0.00063556, -0.00058694, -0.00054501, -0.00050864, -0.00047686, -0.00044888, -0.00042401, -0.00040172, -0.00038155, -0.00036313, -0.00034618, -0.00033046, -0.00031580, -0.00030205, -0.00028909, -0.00027685, -0.00026524, -0.00025422, -0.00024374
0.08361220, 0.08286673, 0.08059119, 0.07697170, 0.07223898, 0.06666729, 0.06054224, 0.05413465, 0.04768313, 0.04138488, 0.03539304, 0.02981831, 0.02473309, 0.02017689, 0.01616213, 0.01267995, 0.00970555, 0.00720304, 0.00512951, 0.00343851, 0.00208263, 0.00101559, 0.00019361, -0.00042364, -0.00087250, -0.00118510, -0.00138933, -0.00150901, -0.00156417, -0.00157135, -0.00154400, -0.00149284, -0.00142628, -0.00135074, -0.00127103, -0.00119063, -0.00111199, -0.00103670, -0.00096577, -0.00089971, -0.00083873, -0.00078278, -0.00073166, -0.00068508, -0.00064269, -0.00060411, -0.00056898, -0.00053692, -0.00050761, -0.00048072, -0.00045598, -0.00043315, -0.00041199, -0.00039232, -0.00037397, -0.00035681, -0.00034071, -0.00032558, -0.00031131, -0.00029785, -0.00028513, -0.00027309
0.16535742, 0.16255445, 0.15425773, 0.14179882, 0.12670471, 0.11041027, 0.09403987, 0.07836986, 0.06388585, 0.05086090, 0.03942035, 0.02958693, 0.02131121, 0.01449338, 0.00900040, 0.00468029, 0.00137393, -0.00107553, -0.00281598, -0.00398197, -0.00469252, -0.00505043, -0.00514278, -0.00504198, -0.00480719, -0.00448588, -0.00411526, -0.00372381, -0.00333255, -0.00295633, -0.00260495, -0.00228420, -0.00199678, -0.00174312, -0.00152204, -0.00133130, -0.00116810, -0.00102936, -0.00091198, -0.00081301, -0.00072972, -0.00065966, -0.00060069, -0.00055093, -0.00050878, -0.00047290, -0.00044211, -0.00041547, -0.00039218, -0.00037159, -0.00035317, -0.00033649, -0.00032122, -0.00030711, -0.00029396, -0.00028161, -0.00026995, -0.00025889, -0.00024837, -0.00023834, -0.00022875, -0.00021959
0.09543917, 0.09437932, 0.09116853, 0.08613483, 0.07968285, 0.07226544, 0.06432082, 0.05623172, 0.04830671, 0.04077766, 0.03380611, 0.02749327, 0.02189087, 0.01701141, 0.01283743, 0.00932977, 0.00643469, 0.00408979, 0.00222888, 0.00078567, -0.00030351, -0.00109793, -0.00165131, -0.00201134, -0.00221947, -0.00231114, -0.00231605, -0.00225870, -0.00215889, -0.00203225, -0.00189087, -0.00174381, -0.00159764, -0.00145688, -0.00132446, -0.00120209, -0.00109055, -0.00098994, -0.00089995, -0.00081994, -0.00074913, -0.00068664, -0.00063159, -0.00058310, -0.00054037, -0.00050263, -0.00046921, -0.00043949, -0.00041296, -0.00038914, -0.00036764, -0.00034812, -0.00033029, -0.00031392, -0.00029879, -0.00028476, -0.00027168, -0.00025944, -0.00024795, -0.00023714, -0.00022694, -0.00021731
0.17776025, 0.17445635, 0.16474599, 0.15034903, 0.13318138, 0.11495223, 0.09691963, 0.07989347, 0.06434266, 0.05050622, 0.03847316, 0.02823226, 0.01970285, 0.01275625, 0.00723277, 0.00295629, -0.00025341, -0.00257107, -0.00415905, -0.00516320, -0.00571105, -0.00591154, -0.00585600, -0.00561965, -0.00526330, -0.00483519, -0.00437261, -0.00390359, -0.00344831, -0.00302046, -0.00262853, -0.00227688, -0.00196676, -0.00169720, -0.00146571, -0.00126890, -0.00110294, -0.00096389, -0.00084797, -0.00075166, -0.00067179, -0.00060560, -0.00055069, -0.00050502, -0.00046686, -0.00043477, -0.00040756, -0.00038421, -0.00036393, -0.00034605, -0.00033006, -0.00031555, -0.00030220, -0.00028978, -0.00027811, -0.00026707, -0.00025655, -0.00024650, -0.00023686, -0.00022760, -0.00021870, -0.00021014
0.13645274, 0.13472173, 0.12950863, 0.12142661, 0.11122207, 0.09969316, 0.08757076, 0.07545512, 0.06379926, 0.05291983, 0.04301862, 0.03420550, 0.02651885, 0.01994300, 0.01442300, 0.00987713, 0.00620741, 0.00330817, 0.00107274, -0.00060169, -0.00181076, -0.00264102, -0.00316893, -0.00346076, -0.00357284, -0.00355227, -0.00343768, -0.00326016, -0.00304421, -0.00280864, -0.00256747, -0.00233072, -0.00210521, -0.00189520, -0.00170304, -0.00152958, -0.00137470, -0.00123756, -0.00111691, -0.00101126, -0.00091905, -0.00083871, -0.00076875, -0.00070781, -0.00065461, -0.00060804, -0.00056713, -0.00053099, -0.00049890, -0.00047022, -0.00044441, -0.00042102, -0.00039969, -0.00038010, -0.00036200, -0.00034520, -0.00032952, -0.00031483, -0.00030102, -0.00028800, -0.00027570, -0.00026407
0.16943194, 0.16678692, 0.15891355, 0.14696921, 0.13231169, 0.11627234, 0.09994832, 0.08413967, 0.06937621, 0.05597590, 0.04410148, 0.03380425, 0.02505600, 0.01777263, 0.01183270, 0.00709259, 0.00339892, 0.00059821, -0.00145594, -0.00289817, -0.00384876, -0.00441260, -0.00467935, -0.00472426, -0.00460947, -0.00438534, -0.00409196, -0.00376048, -0.00341448, -0.00307115, -0.00274242, -0.00243603, -0.00215639, -0.00190539, -0.00168312, -0.00148842, -0.00131932, -0.00117344, -0.00104821, -0.00094108, -0.00084962, -0.00077159, -0.00070497, -0.00064798, -0.00059908, -0.00055692, -0.00052036, -0.00048841, -0.00046027, -0.00043525, -0.00041280, -0.00039245, -0.00037385, -0.00035669, -0.00034077, -0.00032588, -0.00031190, -0.00029872, -0.00028624, -0.00027440, -0.00026314, -0.00025243
0.17135901, 0.16867705, 0.16069463, 0.14858568, 0.13372353, 0.11745092, 0.10087317, 0.08479832, 0.06976592, 0.05610524, 0.04399022, 0.03348168, 0.02455804, 0.01713848, 0.01110172, 0.00630176, 0.00258103, -0.00021916, -0.00225079, -0.00365397, -0.00455398, -0.00506003, -0.00526541, -0.00524823, -0.00507281, -0.00479109, -0.00444421, -0.00406397, -0.00367420, -0.00329215, -0.00292960, -0.00259397, -0.00228931, -0.00201710, -0.00177698, -0.00156736, -0.00138588, -0.00122977, -0.00109612, -0.00098207, -0.00088494, -0.00080226, -0.00073182, -0.00067170, -0.00062020, -0.00057589, -0.00053751, -0.00050404, -0.00047460, -0.00044846, -0.00042503, -0.00040382, -0.00038444, -0.00036660, -0.00035003, -0.00033457, -0.00032005, -0.00030635, -0.00029339, -0.00028110, -0.00026942, -0.00025831
0.11592991, 0.11456027, 0.11042096, 0.10396091, 0.09573093, 0.08633580, 0.07634780, 0.06625490, 0.05644106, 0.04718753, 0.03868443, 0.03104553, 0.02432296, 0.01852061, 0.01360611, 0.00952133, 0.00619146, 0.00353253, 0.00145751, -0.00011920, -0.00127851, -0.00209465, -0.00263401, -0.00295472, -0.00310672, -0.00313212, -0.00306582, -0.00293619, -0.00276584, -0.00257233, -0.00236899, -0.00216554, -0.00196879, -0.00178324, -0.00161154, -0.00145499, -0.00131391, -0.00118789, -0.00107611, -0.00097747, -0.00089073, -0.00081462, -0.00074789, -0.00068939, -0.00063802, -0.00059281, -0.00055288, -0.00051747, -0.00048591, -0.00045762, -0.00043212, -0.00040898, -0.00038787, -0.00036848, -0.00035059, -0.00033398, -0.00031851, -0.00030404, -0.00029046, -0.00027768, -0.00026563, -0.00025425
0.21736304, 0.21348994, 0.20206633, 0.18502151, 0.16453681, 0.14261020, 0.12076061, 0.10000268, 0.08094859, 0.06392705, 0.04907480, 0.03639714, 0.02580737, 0.01715495, 0.01024809, 0.00487282, 0.00080892, -0.00215763, -0.00422581, -0.00557427, -0.00635887, -0.00671246, -0.00674610, -0.00655096, -0.00620064, -0.00575344, -0.00525458, -0.00473818, -0.00422908, -0.00374450, -0.00329549, -0.00288821, -0.00252517, -0.00220613, -0.00192904, -0.00169065, -0.00148709, -0.00131426, -0.00116812, -0.00104486, -0.00094101, -0.00085349, -0.00077962, -0.00071707, -0.00066386, -0.00061833, -0.00057906, -0.00054487, -0.00051481, -0.00048807, -0.00046401, -0.00044213, -0.00042202, -0.00040337, -0.00038595, -0.00036958, -0.00035411, -0.00033943, -0.00032548, -0.00031218, -0.00029949, -0.00028737
0.16648427, 0.16386319, 0.15606583, 0.14424968, 0.12976901, 0.11394501, 0.09786009, 0.08229865, 0.06777700, 0.05460329, 0.04293417, 0.03281812, 0.02422654, 0.01707663, 0.01124927, 0.00660369, 0.00298945, 0.00025588, -0.00174098, -0.00313375, -0.00404113, -0.00456687, -0.00479985, -0.00481481, -0.00467355, -0.00442625, -0.00411281, -0.00376427, -0.00340402, -0.00304907, -0.00271115, -0.00239771, -0.00211292, -0.00185841, -0.00163400, -0.00143829, -0.00126909, -0.00112382, -0.00099975, -0.00089416, -0.00080453, -0.00072850, -0.00066399, -0.00060916, -0.00056240, -0.00052235, -0.00048782, -0.00045783, -0.00043155, -0.00040828, -0.00038747, -0.00036866, -0.00035149, -0.00033566, -0.00032097, -0.00030722, -0.00029429, -0.00028207, -0.00027049, -0.00025947, -0.00024898, -0.00023897
0.12008033, 0.11867828, 0.11443959, 0.10782051, 0.09938175, 0.08974099, 0.07948465, 0.06911399, 0.05902393, 0.04950364, 0.04074831, 0.03287445, 0.02593528, 0.01993477, 0.01484003, 0.01059213, 0.00711535, 0.00432476, 0.00213236, 0.00045158, -0.00079945, -0.00169593, -0.00230519, -0.00268630, -0.00289011, -0.00295965, -0.00293064, -0.00283228, -0.00268792, -0.00251584, -0.00232999, -0.00214069, -0.00195526, -0.00177866, -0.00161394, -0.00146277, -0.00132574, -0.00120271, -0.00109307, -0.00099588, -0.00091006, -0.00083447, -0.00076795, -0.00070940, -0.00065781, -0.00061226, -0.00057189, -0.00053598, -0.00050388, -0.00047502, -0.00044894, -0.00042523, -0.00040355, -0.00038360, -0.00036517, -0.00034804, -0.00033206, -0.00031711, -0.00030306, -0.00028984, -0.00027736, -0.00026557
0.20603119, 0.20125906, 0.18751444, 0.16785323, 0.14540393, 0.12258662, 0.10088950, 0.08108169, 0.06349770, 0.04823666, 0.03526895, 0.02448606, 0.01572496, 0.00878490, 0.00344233, -0.00053449, -0.00337261, -0.00528439, -0.00646080, -0.00706817, -0.00724758, -0.00711601, -0.00676876, -0.00628200, -0.00571548, -0.00511500, -0.00451455, -0.00393835, -0.00340257, -0.00291688, -0.00248588, -0.00211027, -0.00178805, -0.00151533, -0.00128716, -0.00109812, -0.00094274, -0.00081583, -0.00071265, -0.00062901, -0.00056132, -0.00050651, -0.00046205, -0.00042582, -0.00039609, -0.00037147, -0.00035080, -0.00033316, -0.00031782, -0.00030420, -0.00029188, -0.00028050, -0.00026984, -0.00025972, -0.00025003, -0.00024070, -0.00023167, -0.00022292, -0.00021443, -0.00020618, -0.00019819, -0.00019044
0.11592991, 0.11456027, 0.11042096, 0.10396091, 0.09573093, 0.08633580, 0.07634780, 0.06625490, 0.05644106, 0.04718753, 0.03868443, 0.03104553, 0.02432296, 0.01852061, 0.01360611, 0.00952133, 0.00619146, 0.00353253, 0.00145751, -0.00011920, -0.00127851, -0.00209465, -0.00263401, -0.00295472, -0.00310672, -0.00313212, -0.00306582, -0.00293619, -0.00276584, -0.00257233, -0.00236899, -0.00216554, -0.00196879, -0.00178324, -0.00161154, -0.00145499, -0.00131391, -0.00118789, -0.00107611, -0.00097747, -0.00089073, -0.00081462, -0.00074789, -0.00068939, -0.00063802, -0.00059281, -0.00055288, -0.00051747, -0.00048591, -0.00045762, -0.00043212, -0.00040898, -0.00038787, -0.00036848, -0.00035059, -0.00033398, -0.00031851, -0.00030404, -0.00029046, -0.00027768, -0.00026563, -0.00025425
0.11040676, 0.10918763, 0.10549290, 0.09969617, 0.09225856, 0.08369773, 0.07451667, 0.06515690, 0.05597654, 0.04724648, 0.03915687, 0.03182798, 0.02532223, 0.01965584, 0.01480960, 0.01073844, 0.00737989, 0.00466119, 0.00250500, 0.00083386, -0.00042657, -0.00134539, -0.00198513, -0.00240117, -0.00264159, -0.00274738, -0.00275287, -0.00268631, -0.00257051, -0.00242351, -0.00225921, -0.00208807, -0.00191766, -0.00175324, -0.00159821, -0.00145458, -0.00132327, -0.00120449, -0.00109787, -0.00100274, -0.00091823, -0.00084334, -0.00077709, -0.00071848, -0.00066660, -0.00062058, -0.00057965, -0.00054312, -0.00051037, -0.00048087, -0.00045416, -0.00042985, -0.00040761, -0.00038715, -0.00036824, -0.00035068, -0.00033432, -0.00031902, -0.00030466, -0.00029116, -0.00027844, -0.00026643
0.16329103, 0.16017331, 0.15103082, 0.13753100, 0.12151516, 0.10459982, 0.08795055, 0.07229892, 0.05805542, 0.04542015, 0.03445952, 0.02515243, 0.01741784, 0.01113336, 0.00615006, 0.00230508, -0.00056753, -0.00262830, -0.00402625, -0.00489518, -0.00535200, -0.00549650, -0.00541225, -0.00516793, -0.00481891, -0.00440892, -0.00397163, -0.00353213, -0.00310833, -0.00271223, -0.00235107, -0.00202838, -0.00174491, -0.00149944, -0.00128942, -0.00111154, -0.00096212, -0.00083743, -0.00073392, -0.00064829, -0.00057761, -0.00051932, -0.00047120, -0.00043138, -0.00039828, -0.00037058, -0.00034720, -0.00032722, -0.00030993, -0.00029473, -0.00028117, -0.00026887, -0.00025756, -0.00024703, -0.00023713, -0.00022774, -0.00021879, -0.00021022, -0.00020199, -0.00019406, -0.00018643, -0.00017908
0.14842703, 0.14645822, 0.14054110, 0.13140239, 0.11992067, 0.10702018, 0.09353170, 0.08012462, 0.06729492, 0.05538285, 0.04460031, 0.03505764, 0.02678675, 0.01976043, 0.01390880, 0.00913332, 0.00531866, 0.00234240, 0.00008245, -0.00157751, -0.00274457, -0.00351461, -0.00397151, -0.00418722, -0.00422231, -0.00412689, -0.00394167, -0.00369903, -0.00342418, -0.00313618, -0.00284897, -0.00257228, -0.00231249, -0.00207331, -0.00185650, -0.00166235, -0.00149016, -0.00133860, -0.00120593, -0.00109028, -0.00098973, -0.00090241, -0.00082659, -0.00076068, -0.00070327, -0.00065308, -0.00060903, -0.00057016, -0.00053565, -0.00050480, -0.00047705, -0.00045189, -0.00042893, -0.00040784, -0.00038834, -0.00037023, -0.00035333, -0.00033749, -0.00032259, -0.00030855, -0.00029529, -0.00028274
0.16958242, 0.16713984, 0.15983234, 0.14864195, 0.13473931, 0.11931448, 0.10339378, 0.08776668, 0.07298944, 0.05942249, 0.04727343, 0.03663414, 0.02751001, 0.01984316, 0.01353149, 0.00844476, 0.00443787, 0.00136161, -0.00092924, -0.00257042, -0.00368472, -0.00438042, -0.00475095, -0.00487538, -0.00481947, -0.00463697, -0.00437097, -0.00405530, -0.00371587, -0.00337189, -0.00303705, -0.00272053, -0.00242797, -0.00216229, -0.00192437, -0.00171368, -0.00152875, -0.00136753, -0.00122770, -0.00110683, -0.00100258, -0.00091274, -0.00083528, -0.00076839, -0.00071046, -0.00066009, -0.00061606, -0.00057736, -0.00054308, -0.00051250, -0.00048499, -0.00046006, -0.00043728, -0.00041632, -0.00039691, -0.00037883, -0.00036192, -0.00034603, -0.00033105, -0.00031690, -0.00030349, -0.00029079
0.21983875, 0.21560254, 0.20318807, 0.18487638, 0.16317758, 0.14028495, 0.11777367, 0.09663087, 0.07741154, 0.06038756, 0.04564948, 0.03316740, 0.02282776, 0.01445899, 0.00785244, 0.00278069, -0.00098694, -0.00367219, -0.00547937, -0.00659038, -0.00716268, -0.00732950, -0.00720135, -0.00686827, -0.00640231, -0.00585997, -0.00528447, -0.00470787, -0.00415291, -0.00363476, -0.00316249, -0.00274042, -0.00236937, -0.00204762, -0.00177180, -0.00153757, -0.00134016, -0.00117475, -0.00103674, -0.00092188, -0.00082642, -0.00074706, -0.00068095, -0.00062571, -0.00057930, -0.00054003, -0.00050650, -0.00047755, -0.00045224, -0.00042980, -0.00040964, -0.00039127, -0.00037433, -0.00035855, -0.00034372, -0.00032969, -0.00031635, -0.00030363, -0.00029145, -0.00027978, -0.00026858, -0.00025784
0.18011500, 0.17723874, 0.16868958, 0.15575301, 0.13992527, 0.12265462, 0.10511881, 0.08816712, 0.07235830, 0.05802745, 0.04534697, 0.03437197, 0.02507275, 0.01735895, 0.01109899, 0.00613641, 0.00230348, -0.00056793, -0.00263835, -0.00405535, -0.00495057, -0.00543858, -0.00561700, -0.00556748, -0.00535707, -0.00503984, -0.00465847, -0.00424584, -0.00382649, -0.00341804, -0.00303242, -0.00267700, -0.00235565, -0.00206959, -0.00181815, -0.00159940, -0.00141067, -0.00124888, -0.00111084, -0.00099346, -0.00089383, -0.00080932, -0.00073758, -0.00067655, -0.00062445, -0.00057976, -0.00054117, -0.00050759, -0.00047812, -0.00045199, -0.00042860, -0.00040743, -0.00038810, -0.00037028, -0.00035374, -0.00033827, -0.00032372, -0.00031000, -0.00029699, -0.00028464, -0.00027288, -0.00026168
0.19935817, 0.19600951, 0.18609034, 0.17117385, 0.15306635, 0.13347225, 0.11373665, 0.09479880, 0.07725620, 0.06145359, 0.04755699, 0.03560575, 0.02554820, 0.01726803, 0.01060549, 0.00537562, 0.00138337, -0.00156424, -0.00364935, -0.00503758, -0.00587512, -0.00628788, -0.00638206, -0.00624556, -0.00594989, -0.00555208, -0.00509668, -0.00461759, -0.00413975, -0.00368070, -0.00325199, -0.00286038, -0.00250903, -0.00219837, -0.00192696, -0.00169214, -0.00149055, -0.00131850, -0.00117231, -0.00104844, -0.00094364, -0.00085496, -0.00077984, -0.00071604, -0.00066162, -0.00061496, -0.00057466, -0.00053957, -0.00050873, -0.00048134, -0.00045675, -0.00043446, -0.00041404, -0.00039518, -0.00037762, -0.00036117, -0.00034569, -0.00033104, -0.00031715, -0.00030394, -0.00029136, -0.00027937
0.10355552, 0.10234890, 0.09870049, 0.09300137, 0.08573206, 0.07742223, 0.06857527, 0.05962229, 0.05090380, 0.04267023, 0.03509161, 0.02827052, 0.02225504, 0.01705062, 0.01263058, 0.00894539, 0.00593054, 0.00351319, 0.00161743, 0.00016827, -0.00090549, -0.00166944, -0.00218248, -0.00249642, -0.00265591, -0.00269880, -0.00265656, -0.00255488, -0.00241432, -0.00225092, -0.00207693, -0.00190134, -0.00173052, -0.00156870, -0.00141846, -0.00128114, -0.00115715, -0.00104624, -0.00094776, -0.00086080, -0.00078430, -0.00071717, -0.00065833, -0.00060676, -0.00056150, -0.00052170, -0.00048657, -0.00045545, -0.00042773, -0.00040291, -0.00038055, -0.00036027, -0.00034178, -0.00032481, -0.00030914, -0.00029461, -0.00028107, -0.00026840, -0.00025651, -0.00024531, -0.00023475, -0.00022478
0.19640901, 0.19316134, 0.18353090, 0.16902062, 0.15136453, 0.13221266, 0.11287942, 0.09429108, 0.07704172, 0.06147685, 0.04776505, 0.03594939, 0.02598304, 0.01775552, 0.01111365, 0.00587925, 0.00186390, -0.00111939, -0.00324762, -0.00468227, -0.00556642, -0.00602377, -0.00615906, -0.00605943, -0.00579604, -0.00542594, -0.00499392, -0.00453424, -0.00407230, -0.00362612, -0.00320768, -0.00282420, -0.00247921, -0.00217349, -0.00190590, -0.00167401, -0.00147466, -0.00130436, -0.00115952, -0.00103673, -0.00093280, -0.00084486, -0.00077037, -0.00070713, -0.00065323, -0.00060705, -0.00056721, -0.00053256, -0.00050213, -0.00047515, -0.00045095, -0.00042903, -0.00040897, -0.00039045, -0.00037322, -0.00035708, -0.00034189, -0.00032752, -0.00031388, -0.00030092, -0.00028857, -0.00027679
0.10854326, 0.10716285, 0.10300528, 0.09655830, 0.08841490, 0.07920876, 0.06952050, 0.05982813, 0.05049430, 0.04177458, 0.03383392, 0.02676404, 0.02059905, 0.01532898, 0.01091145, 0.00728167, 0.00436111, 0.00206447, 0.00030529, -0.00099997, -0.00192922, -0.00255303, -0.00293381, -0.00312568, -0.00317468, -0.00311924, -0.00299090, -0.00281497, -0.00261133, -0.00239517, -0.00217772, -0.00196693, -0.00176808, -0.00158437, -0.00141742, -0.00126765, -0.00113467, -0.00101757, -0.00091508, -0.00082579, -0.00074826, -0.00068105, -0.00062282, -0.00057233, -0.00052849, -0.00049029, -0.00045688, -0.00042751, -0.00040152, -0.00037838, -0.00035762, -0.00033885, -0.00032177, -0.00030610, -0.00029164, -0.00027821, -0.00026569, -0.00025395, -0.00024290, -0.00023248, -0.00022263, -0.00021331
0.17077153, 0.16805811, 0.15999040, 0.14777605, 0.13282410, 0.11650307, 0.09992909, 0.08390807, 0.06896949, 0.05542921, 0.04344787, 0.03307482, 0.02427969, 0.01697566, 0.01103800, 0.00631934, 0.00266233, -0.00009037, -0.00208876, -0.00347067, -0.00435905, -0.00486099, -0.00506787, -0.00505622, -0.00488910, -0.00461745, -0.00428165, -0.00391293, -0.00353475, -0.00316405, -0.00281241, -0.00248713, -0.00219215, -0.00192891, -0.00169705, -0.00149495, -0.00132029, -0.00117033, -0.00104220, -0.00093311, -0.00084040, -0.00076167, -0.00069476, -0.00063779, -0.00058912, -0.00054733, -0.00051122, -0.00047979, -0.00045218, -0.00042770, -0.00040576, -0.00038590, -0.00036775, -0.00035102, -0.00033548, -0.00032094, -0.00030727, -0.00029437, -0.00028213, -0.00027052, -0.00025946, -0.00024892
0.19478672, 0.19159843, 0.18213701, 0.16786215, 0.15046305, 0.13155624, 0.11243826, 0.09402972, 0.07692587, 0.06147603, 0.04785311, 0.03610413, 0.02618572, 0.01799033, 0.01136736, 0.00614090, 0.00212454, -0.00086693, -0.00300891, -0.00446150, -0.00536649, -0.00584647, -0.00600520, -0.00592895, -0.00568818, -0.00533935, -0.00492684, -0.00448464, -0.00403798, -0.00360484, -0.00319728, -0.00282265, -0.00248465, -0.00218429, -0.00192065, -0.00169153, -0.00149398, -0.00132469, -0.00118026, -0.00105740, -0.00095304, -0.00086443, -0.00078909, -0.00072489, -0.00066996, -0.00062273, -0.00058185, -0.00054618, -0.00051477, -0.00048686, -0.00046180, -0.00043908, -0.00041828, -0.00039908, -0.00038123, -0.00036452, -0.00034881, -0.00033398, -0.00031992, -0.00030657, -0.00029388, -0.00028179
0.11959063, 0.11826860, 0.11426274, 0.10798031, 0.09992419, 0.09065851, 0.08073063, 0.07061989, 0.06071365, 0.05130338, 0.04259206, 0.03470656, 0.02771104, 0.02162003, 0.01641027, 0.01203127, 0.00841444, 0.00548076, 0.00314684, 0.00132965, -0.00005014, -0.00106601, -0.00178424, -0.00226340, -0.00255426, -0.00270005, -0.00273699, -0.00269490, -0.00259789, -0.00246509, -0.00231130, -0.00214771, -0.00198251, -0.00182144, -0.00166832, -0.00152546, -0.00139407, -0.00127454, -0.00116669, -0.00106996, -0.00098360, -0.00090669, -0.00083831, -0.00077752, -0.00072344, -0.00067523, -0.00063214, -0.00059350, -0.00055870, -0.00052721, -0.00049859, -0.00047244, -0.00044844, -0.00042629, -0.00040576, -0.00038666, -0.00036883, -0.00035213, -0.00033644, -0.00032167, -0.00030775, -0.00029460
0.19338732, 0.19036076, 0.18135136, 0.16767999, 0.15089052, 0.13249269, 0.11373176, 0.09552242, 0.07848059, 0.06298697, 0.04924668, 0.03733512, 0.02723170, 0.01884603, 0.01203956, 0.00664417, 0.00247782, -0.00064287, -0.00289331, -0.00443476, -0.00541089, -0.00594639, -0.00614723, -0.00610174, -0.00588223, -0.00554684, -0.00514136, -0.00470102, -0.00425216, -0.00381367, -0.00339842, -0.00301445, -0.00266605, -0.00235469, -0.00207985, -0.00183963, -0.00163131, -0.00145174, -0.00129760, -0.00116569, -0.00105294, -0.00095660, -0.00087419, -0.00080352, -0.00074269, -0.00069010, -0.00064434, -0.00060424, -0.00056882, -0.00053725, -0.00050887, -0.00048313, -0.00045958, -0.00043787, -0.00041772, -0.00039891, -0.00038127, -0.00036465, -0.00034895, -0.00033408, -0.00031997, -0.00030657
0.13998201, 0.13833809, 0.13336905, 0.12561185, 0.11572615, 0.10443769, 0.09243460, 0.08030441, 0.06850960, 0.05738852, 0.04716926, 0.03798756, 0.02990476, 0.02292427, 0.01700613, 0.01207981, 0.00805513, 0.00483137, 0.00230442, 0.00037218, -0.00106164, -0.00208517, -0.00277711, -0.00320629, -0.00343177, -0.00350337, -0.00346236, -0.00334237, -0.00317021, -0.00296686, -0.00274827, -0.00252621, -0.00230904, -0.00210236, -0.00190963, -0.00173272, -0.00157226, -0.00142807, -0.00129943, -0.00118524, -0.00108425, -0.00099512, -0.00091653, -0.00084722, -0.00078601, -0.00073183, -0.00068372, -0.00064082, -0.00060240, -0.00056781, -0.00053649, -0.00050798, -0.00048188, -0.00045786, -0.00043565, -0.00041501, -0.00039576, -0.00037774, -0.00036083, -0.00034492, -0.00032992, -0.00031575
0.13084216, 0.12932049, 0.12471887, 0.11752917, 0.10835600, 0.09786681, 0.08669696, 0.07539154, 0.06438187, 0.05398548, 0.04441810, 0.03580971, 0.02822088, 0.02165784, 0.01608592, 0.01144144, 0.00764186, 0.00459429, 0.00220221, 0.00037060, -0.00099049, -0.00196361, -0.00262271, -0.00303257, -0.00324895, -0.00331893, -0.00328162, -0.00316891, -0.00300631, -0.00281375, -0.00260645, -0.00239565, -0.00218932, -0.00199285, -0.00180958, -0.00164129, -0.00148864, -0.00135146, -0.00122907, -0.00112046, -0.00102442, -0.00093970, -0.00086504, -0.00079922, -0.00074113, -0.00068976, -0.00064417, -0.00060355, -0.00056720, -0.00053450, -0.00050491, -0.00047800, -0.00045338, -0.00043073, -0.00040980, -0.00039036, -0.00037223, -0.00035527, -0.00033935, -0.00032438, -0.00031026, -0.00029694
0.18178523, 0.17882822, 0.17004964, 0.15679467, 0.14062101, 0.12302257, 0.10520160, 0.08801607, 0.07202490, 0.05755993, 0.04478912, 0.03376257, 0.02444508, 0.01674033, 0.01051056, 0.00559324, 0.00181502, -0.00099710, -0.00300757, -0.00436691, -0.00520879, -0.00564896, -0.00578563, -0.00570049, -0.00546034, -0.00511877, -0.00471784, -0.00428980, -0.00385856, -0.00344111, -0.00304885, -0.00268867, -0.00236401, -0.00207575, -0.00182292, -0.00160338, -0.00141426, -0.00125233, -0.00111432, -0.00099705, -0.00089756, -0.00081318, -0.00074154, -0.00068058, -0.00062850, -0.00058378, -0.00054513, -0.00051146, -0.00048186, -0.00045559, -0.00043203, -0.00041069, -0.00039117, -0.00037317, -0.00035643, -0.00034078, -0.00032607, -0.00031217, -0.00029900, -0.00028649, -0.00027459, -0.00026326
0.12840641, 0.12674506, 0.12174534, 0.11400394, 0.10424440, 0.09323488, 0.08167407, 0.07013282, 0.05904104, 0.04869959, 0.03930100, 0.03095081, 0.02368627, 0.01749249, 0.01231619, 0.00807777, 0.00468152, 0.00202407, 0.00000107, -0.00148798, -0.00253644, -0.00322856, -0.00363860, -0.00383066, -0.00385901, -0.00376879, -0.00359681, -0.00337250, -0.00311882, -0.00285318, -0.00258837, -0.00233332, -0.00209390, -0.00187356, -0.00167392, -0.00149528, -0.00133699, -0.00119783, -0.00107621, -0.00097038, -0.00087855, -0.00079901, -0.00073013, -0.00067043, -0.00061860, -0.00057345, -0.00053396, -0.00049923, -0.00046852, -0.00044116, -0.00041662, -0.00039445, -0.00037427, -0.00035577, -0.00033870, -0.00032287, -0.00030810, -0.00029428, -0.00028128, -0.00026903, -0.00025746, -0.00024651
0.20404792, 0.20055413, 0.19021960, 0.17471863, 0.15596433, 0.13574432, 0.11545176, 0.09604464, 0.07812125, 0.06201833, 0.04789081, 0.03576659, 0.02558336, 0.01721537, 0.01049475, 0.00522966, 0.00121946, -0.00173336, -0.00381449, -0.00519232, -0.00601520, -0.00641067, -0.00648624, -0.00633084, -0.00601675, -0.00560165, -0.00513050, -0.00463750, -0.00414774, -0.00367881, -0.00324217, -0.00284446, -0.00248864, -0.00217493, -0.00190165, -0.00166592, -0.00146416, -0.00129254, -0.00114719, -0.00102445, -0.00092096, -0.00083373, -0.00076009, -0.00069778, -0.00064483, -0.00059958, -0.00056063, -0.00052680, -0.00049712, -0.00047081, -0.00044721, -0.00042580, -0.00040619, -0.00038806, -0.00037115, -0.00035529, -0.00034032, -0.00032615, -0.00031268, -0.00029984, -0.00028760, -0.00027592
0.13181144, 0.13023705, 0.12548128, 0.11806619, 0.10863184, 0.09787860, 0.08646638, 0.07495510, 0.06378273, 0.05326788, 0.04362385, 0.03497627, 0.02738030, 0.02083632, 0.01530378, 0.01071339, 0.00697749, 0.00399878, 0.00167709, -0.00008544, -0.00138082, -0.00229305, -0.00289688, -0.00325752, -0.00343076, -0.00346351, -0.00339452, -0.00325522, -0.00307059, -0.00286005, -0.00263827, -0.00241598, -0.00220069, -0.00199737, -0.00180895, -0.00163690, -0.00148158, -0.00134259, -0.00121905, -0.00110978, -0.00101346, -0.00092872, -0.00085422, -0.00078870, -0.00073100, -0.00068004, -0.00063490, -0.00059474, -0.00055884, -0.00052657, -0.00049740, -0.00047087, -0.00044661, -0.00042431, -0.00040369, -0.00038455, -0.00036670, -0.00034999, -0.00033431, -0.00031956, -0.00030565, -0.00029252
0.12033841, 0.11872886, 0.11389434, 0.10643594, 0.09707950, 0.08658526, 0.07563265, 0.06476503, 0.05438139, 0.04475252, 0.03604479, 0.02834294, 0.02166933, 0.01599980, 0.01127680, 0.00742055, 0.00433829, 0.00193185, 0.00010344, -0.00124017, -0.00218492, -0.00280793, -0.00317682, -0.00334978, -0.00337592, -0.00329601, -0.00314321, -0.00294398, -0.00271892, -0.00248363, -0.00224952, -0.00202451, -0.00181377, -0.00162029, -0.00144544, -0.00128940, -0.00115152, -0.00103064, -0.00092529, -0.00083388, -0.00075480, -0.00068648, -0.00062750, -0.00057651, -0.00053236, -0.00049398, -0.00046049, -0.00043108, -0.00040511, -0.00038199, -0.00036125, -0.00034251, -0.00032543, -0.00030977, -0.00029529, -0.00028184, -0.00026927, -0.00025747, -0.00024637, -0.00023588, -0.00022595, -0.00021655
0.18111569, 0.17806927, 0.16904728, 0.15548640, 0.13903736, 0.12125676, 0.10336966, 0.08622604, 0.07036057, 0.05607630, 0.04351462, 0.03270446, 0.02359539, 0.01608141, 0.01001961, 0.00524571, 0.00158694, -0.00112765, -0.00305979, -0.00435708, -0.00515039, -0.00555308, -0.00566129, -0.00555508, -0.00529996, -0.00494844, -0.00454177, -0.00411147, -0.00368084, -0.00326634, -0.00287886, -0.00252485, -0.00220735, -0.00192691, -0.00168228, -0.00147106, -0.00129019, -0.00113632, -0.00100605, -0.00089615, -0.00080361, -0.00072575, -0.00066018, -0.00060485, -0.00055798, -0.00051808, -0.00048385, -0.00045425, -0.00042839, -0.00040554, -0.00038512, -0.00036666, -0.00034979, -0.00033422, -0.00031972, -0.00030613, -0.00029331, -0.00028117, -0.00026962, -0.00025862, -0.00024811, -0.00023808
0.17113126, 0.16842925, 0.16039181, 0.14821253, 0.13328498, 0.11696604, 0.10036689, 0.08429491, 0.06928544, 0.05566231, 0.04359420, 0.03313745, 0.02426688, 0.01689898, 0.01091059, 0.00615447, 0.00247237, -0.00029462, -0.00229840, -0.00367874, -0.00456046, -0.00505225, -0.00524680, -0.00522172, -0.00504082, -0.00475559, -0.00440678, -0.00402584, -0.00363634, -0.00325526, -0.00289419, -0.00256039, -0.00225777, -0.00198769, -0.00174974, -0.00154224, -0.00136279, -0.00120860, -0.00107673, -0.00096434, -0.00086871, -0.00078740, -0.00071820, -0.00065919, -0.00060870, -0.00056528, -0.00052772, -0.00049497, -0.00046618, -0.00044063, -0.00041772, -0.00039699, -0.00037805, -0.00036059, -0.00034438, -0.00032924, -0.00031502, -0.00030160, -0.00028889, -0.00027683, -0.00026537, -0.00025446
0.24978736, 0.24426822, 0.22829478, 0.20524851, 0.17866026, 0.15135495, 0.12515049, 0.10104643, 0.07952041, 0.06075014, 0.04473960, 0.03138240, 0.02049546, 0.01184258, 0.00515513, 0.00015144, -0.00344616, -0.00589835, -0.00743999, -0.00827577, -0.00857916, -0.00849390, -0.00813684, -0.00760125, -0.00696024, -0.00626985, -0.00557183, -0.00489614, -0.00426302, -0.00368496, -0.00316832, -0.00271480, -0.00232276, -0.00198823, -0.00170590, -0.00146978, -0.00127371, -0.00111179, -0.00097857, -0.00086919, -0.00077943, -0.00070568, -0.00064492, -0.00059462, -0.00055270, -0.00051743, -0.00048741, -0.00046151, -0.00043880, -0.00041856, -0.00040024, -0.00038338, -0.00036768, -0.00035290, -0.00033887, -0.00032548, -0.00031265, -0.00030031, -0.00028844, -0.00027701, -0.00026599, -0.00025538
0.19338732, 0.19036076, 0.18135136, 0.16767999, 0.15089052, 0.13249269, 0.11373176, 0.09552242, 0.07848059, 0.06298697, 0.04924668, 0.03733512, 0.02723170, 0.01884603, 0.01203956, 0.00664417, 0.00247782, -0.00064287, -0.00289331, -0.00443476, -0.00541089, -0.00594639, -0.00614723, -0.00610174, -0.00588223, -0.00554684, -0.00514136, -0.00470102, -0.00425216, -0.00381367, -0.00339842, -0.00301445, -0.00266605, -0.00235469, -0.00207985, -0.00183963, -0.00163131, -0.00145174, -0.00129760, -0.00116569, -0.00105294, -0.00095660, -0.00087419, -0.00080352, -0.00074269, -0.00069010, -0.00064434, -0.00060424, -0.00056882, -0.00053725, -0.00050887, -0.00048313, -0.00045958, -0.00043787, -0.00041772, -0.00039891, -0.00038127, -0.00036465, -0.00034895, -0.00033408, -0.00031997, -0.00030657
0.15683826, 0.15435753, 0.14697953, 0.13580369, 0.12211449, 0.10716238, 0.09196975, 0.07727655, 0.06356983, 0.05114063, 0.04013726, 0.03060580, 0.02251913, 0.01579836, 0.01032987, 0.00597924, 0.00260281, 0.00005682, -0.00179594, -0.00308162, -0.00391289, -0.00438793, -0.00459061, -0.00459121, -0.00444767, -0.00420683, -0.00390586, -0.00357353, -0.00323145, -0.00289530, -0.00257581, -0.00227980, -0.00201098, -0.00177078, -0.00155895, -0.00137412, -0.00121420, -0.00107675, -0.00095920, -0.00085900, -0.00077378, -0.00070133, -0.00063971, -0.00058720, -0.00054230, -0.00050372, -0.00047037, -0.00044132, -0.00041580, -0.00039316, -0.00037287, -0.00035451, -0.00033774, -0.00032229, -0.00030793, -0.00029452, -0.00028191, -0.00027001, -0.00025875, -0.00024804, -0.00023786, -0.00022817
0.22292737, 0.21898400, 0.20734693, 0.18996549, 0.16904551, 0.14661310, 0.12421619, 0.10289705, 0.08329258, 0.06575204, 0.05042779, 0.03733546, 0.02639361, 0.01745249, 0.01031751, 0.00476930, 0.00058066, -0.00247013, -0.00458973, -0.00596400, -0.00675516, -0.00710148, -0.00711839, -0.00690055, -0.00652417, -0.00604951, -0.00552316, -0.00498017, -0.00444597, -0.00393814, -0.00346789, -0.00304144, -0.00266126, -0.00232701, -0.00203651, -0.00178636, -0.00157253, -0.00139076, -0.00123684, -0.00110681, -0.00099708, -0.00090443, -0.00082607, -0.00075958, -0.00070290, -0.00065429, -0.00061229, -0.00057567, -0.00054342, -0.00051471, -0.00048888, -0.00046539, -0.00044381, -0.00042382, -0.00040517, -0.00038765, -0.00037113, -0.00035548, -0.00034062, -0.00032647, -0.00031299, -0.00030013
0.11462903, 0.11319353, 0.10886717, 0.10215029, 0.09365251, 0.08402875, 0.07388270, 0.06371428, 0.05390485, 0.04472464, 0.03634920, 0.02887740, 0.02234766, 0.01675213, 0.01204882, 0.00817204, 0.00504129, 0.00256861, 0.00066436, -0.00075847, -0.00178131, -0.00247819, -0.00291480, -0.00314825, -0.00322721, -0.00319245, -0.00307746, -0.00290920, -0.00270893, -0.00249294, -0.00227336, -0.00205883, -0.00185521, -0.00166612, -0.00149350, -0.00133801, -0.00119945, -0.00107701, -0.00096950, -0.00087555, -0.00079373, -0.00072261, -0.00066083, -0.00060714, -0.00056041, -0.00051962, -0.00048387, -0.00045239, -0.00042452, -0.00039968, -0.00037739, -0.00035724, -0.00033890, -0.00032210, -0.00030660, -0.00029224, -0.00027885, -0.00026631, -0.00025454, -0.00024345, -0.00023298, -0.00022307
0.14467400, 0.14287300, 0.13744345, 0.12900926, 0.11833189, 0.10623207, 0.09346904, 0.08067379, 0.06832889, 0.05677670, 0.04623940, 0.03684142, 0.02863017, 0.02159415, 0.01567864, 0.01079922, 0.00685321, 0.00372906, 0.00131368, -0.00050214, -0.00182016, -0.00273243, -0.00332036, -0.00365444, -0.00379463, -0.00379104, -0.00368482, -0.00350913, -0.00329015, -0.00304804, -0.00279791, -0.00255063, -0.00231369, -0.00209186, -0.00188785, -0.00170279, -0.00153673, -0.00138896, -0.00125829, -0.00114328, -0.00104236, -0.00095396, -0.00087655, -0.00080873, -0.00074921, -0.00069682, -0.00065054, -0.00060947, -0.00057283, -0.00053995, -0.00051026, -0.00048328, -0.00045862, -0.00043594, -0.00041498, -0.00039550, -0.00037733, -0.00036031, -0.00034432, -0.00032927, -0.00031506, -0.00030164
0.17147887, 0.16905293, 0.16178718, 0.15063743, 0.13674642, 0.12128486, 0.10527262, 0.08950390, 0.07454657, 0.06077532, 0.04841171, 0.03755954, 0.02823349, 0.02038216, 0.01390744, 0.00868087, 0.00455752, 0.00138712, -0.00097747, -0.00267431, -0.00382876, -0.00455165, -0.00493879, -0.00507142, -0.00501720, -0.00483149, -0.00455875, -0.00423391, -0.00388378, -0.00352826, -0.00318158, -0.00285332, -0.00254942, -0.00227299, -0.00202505, -0.00180513, -0.00161177, -0.00144292, -0.00129622, -0.00116922, -0.00105949, -0.00096477, -0.00088297, -0.00081222, -0.00075086, -0.00069743, -0.00065068, -0.00060953, -0.00057307, -0.00054052, -0.00051124, -0.00048469, -0.00046045, -0.00043815, -0.00041752, -0.00039831, -0.00038036, -0.00036350, -0.00034763, -0.00033264, -0.00031846, -0.00030502
0.07813338, 0.07741607, 0.07522840, 0.07175439, 0.06722225, 0.06190131, 0.05606958, 0.04998813, 0.04388459, 0.03794506, 0.03231241, 0.02708851, 0.02233875, 0.01809746, 0.01437364, 0.01115653, 0.00842068, 0.00613052, 0.00424418, 0.00271671, 0.00150253, 0.00055729, -0.00016077, -0.00069004, -0.00106499, -0.00131601, -0.00146939, -0.00154750, -0.00156905, -0.00154940, -0.00150095, -0.00143351, -0.00135467, -0.00127017, -0.00118420, -0.00109973, -0.00101877, -0.00094256, -0.00087179, -0.00080674, -0.00074739, -0.00069355, -0.00064487, -0.00060096, -0.00056138, -0.00052570, -0.00049349, -0.00046435, -0.00043792, -0.00041386, -0.00039187, -0.00037169, -0.00035310, -0.00033590, -0.00031993, -0.00030504, -0.00029111, -0.00027805, -0.00026577, -0.00025419, -0.00024327, -0.00023294
0.13084216, 0.12932049, 0.12471887, 0.11752917, 0.10835600, 0.09786681, 0.08669696, 0.07539154, 0.06438187, 0.05398548, 0.04441810, 0.03580971, 0.02822088, 0.02165784, 0.01608592, 0.01144144, 0.00764186, 0.00459429, 0.00220221, 0.00037060, -0.00099049, -0.00196361, -0.00262271, -0.00303257, -0.00324895, -0.00331893, -0.00328162, -0.00316891, -0.00300631, -0.00281375, -0.00260645, -0.00239565, -0.00218932, -0.00199285, -0.00180958, -0.00164129, -0.00148864, -0.00135146, -0.00122907, -0.00112046, -0.00102442, -0.00093970, -0.00086504, -0.00079922, -0.00074113, -0.00068976, -0.00064417, -0.00060355, -0.00056720, -0.00053450, -0.00050491, -0.00047800, -0.00045338, -0.00043073, -0.00040980, -0.00039036, -0.00037223, -0.00035527, -0.00033935, -0.00032438, -0.00031026, -0.00029694
0.11345738, 0.11234422, 0.10895638, 0.10359834, 0.09664790, 0.08854389, 0.07973049, 0.07061558, 0.06154609, 0.05279797, 0.04457620, 0.03702071, 0.03021501, 0.02419584, 0.01896282, 0.01448743, 0.01072114, 0.00760247, 0.00506279, 0.00303099, 0.00143700, 0.00021421, -0.00069885, -0.00135761, -0.00181104, -0.00210163, -0.00226564, -0.00233350, -0.00233032, -0.00227648, -0.00218825, -0.00207828, -0.00195627, -0.00182940, -0.00170285, -0.00158017, -0.00146368, -0.00135474, -0.00125403, -0.00116171, -0.00107759, -0.00100127, -0.00093223, -0.00086985, -0.00081349, -0.00076255, -0.00071642, -0.00067455, -0.00063643, -0.00060162, -0.00056971, -0.00054035, -0.00051322, -0.00048808, -0.00046469, -0.00044286, -0.00042243, -0.00040326, -0.00038524, -0.00036826, -0.00035224, -0.00033711
0.14578542, 0.14381252, 0.13788981, 0.12876177, 0.11732557, 0.10451705, 0.09116857, 0.07794276, 0.06532405, 0.05363978, 0.04308986, 0.03377476, 0.02571894, 0.01889017, 0.01321562, 0.00859551, 0.00491461, 0.00205148, -0.00011434, -0.00169721, -0.00280215, -0.00352297, -0.00394162, -0.00412827, -0.00414194, -0.00403137, -0.00383610, -0.00358751, -0.00330995, -0.00302177, -0.00273631, -0.00246279, -0.00220716, -0.00197282, -0.00176124, -0.00157251, -0.00140577, -0.00125955, -0.00113205, -0.00102132, -0.00092541, -0.00084245, -0.00077070, -0.00070856, -0.00065463, -0.00060767, -0.00056658, -0.00053043, -0.00049842, -0.00046989, -0.00044425, -0.00042104, -0.00039987, -0.00038044, -0.00036247, -0.00034577, -0.00033018, -0.00031555, -0.00030178, -0.00028879, -0.00027650, -0.00026486
0.12276992, 0.12132007, 0.11693871, 0.11010208, 0.10139464, 0.09145795, 0.08089860, 0.07023309, 0.05986690, 0.05009611, 0.04111999, 0.03305704, 0.02596081, 0.01983426, 0.01464250, 0.01032383, 0.00679929, 0.00398051, 0.00177603, 0.00009601, -0.00114448, -0.00202327, -0.00261000, -0.00296565, -0.00314261, -0.00318509, -0.00312975, -0.00300642, -0.00283889, -0.00264569, -0.00244087, -0.00223478, -0.00203465, -0.00184532, -0.00166969, -0.00150922, -0.00136434, -0.00123473, -0.00111960, -0.00101785, -0.00092827, -0.00084957, -0.00078050, -0.00071987, -0.00066658, -0.00061962, -0.00057811, -0.00054127, -0.00050840, -0.00047892, -0.00045232, -0.00042817, -0.00040611, -0.00038586, -0.00036715, -0.00034979, -0.00033361, -0.00031847, -0.00030427, -0.00029090, -0.00027829, -0.00026638
0.18600486, 0.18312163, 0.17453474, 0.16149421, 0.14546647, 0.12789267, 0.10996597, 0.09256352, 0.07627396, 0.06145803, 0.04830735, 0.03689008, 0.02718450, 0.01910446, 0.01251983, 0.00727363, 0.00319625, 0.00011679, -0.00212858, -0.00369095, -0.00470552, -0.00529027, -0.00554598, -0.00555721, -0.00539359, -0.00511147, -0.00475554, -0.00436044, -0.00395223, -0.00354985, -0.00316634, -0.00281002, -0.00248556, -0.00219482, -0.00193767, -0.00171260, -0.00151724, -0.00134877, -0.00120417, -0.00108048, -0.00097486, -0.00088472, -0.00080775, -0.00074187, -0.00068532, -0.00063653, -0.00059420, -0.00055721, -0.00052461, -0.00049564, -0.00046964, -0.00044609, -0.00042457, -0.00040475, -0.00038637, -0.00036921, -0.00035310, -0.00033793, -0.00032358, -0.00030998, -0.00029707, -0.00028479
0.17944465, 0.17669330, 0.16849339, 0.15602409, 0.14067160, 0.12380476, 0.10656397, 0.08979410, 0.07406739, 0.05973884, 0.04700073, 0.03592553, 0.02649793, 0.01863916, 0.01222685, 0.00711167, 0.00313123, 0.00012116, -0.00207659, -0.00360822, -0.00460484, -0.00518108, -0.00543507, -0.00544924, -0.00529162, -0.00501731, -0.00467008, -0.00428390, -0.00388439, -0.00349016, -0.00311409, -0.00276442, -0.00244578, -0.00216007, -0.00190722, -0.00168580, -0.00149351, -0.00132761, -0.00118517, -0.00106328, -0.00095918, -0.00087031, -0.00079441, -0.00072945, -0.00067368, -0.00062558, -0.00058385, -0.00054738, -0.00051526, -0.00048672, -0.00046111, -0.00043793, -0.00041677, -0.00039728, -0.00037920, -0.00036233, -0.00034651, -0.00033160, -0.00031751, -0.00030416, -0.00029148, -0.00027942
0.15735134, 0.15499457, 0.14796086, 0.13723744, 0.12399035, 0.10938252, 0.09439441, 0.07976205, 0.06599129, 0.05340149, 0.04217060, 0.03237149, 0.02399953, 0.01699365, 0.01125361, 0.00665433, 0.00305801, 0.00032378, -0.00168501, -0.00309576, -0.00402357, -0.00456985, -0.00482199, -0.00485389, -0.00472693, -0.00449111, -0.00418637, -0.00384386, -0.00348722, -0.00313373, -0.00279542, -0.00248010, -0.00219224, -0.00193378, -0.00170484, -0.00150425, -0.00133003, -0.00117977, -0.00105084, -0.00094063, -0.00084665, -0.00076658, -0.00069834, -0.00064010, -0.00059025, -0.00054739, -0.00051034, -0.00047808, -0.00044976, -0.00042469, -0.00040226, -0.00038202, -0.00036357, -0.00034662, -0.00033092, -0.00031627, -0.00030254, -0.00028961, -0.00027738, -0.00026579, -0.00025477, -0.00024429
0.14142141, 0.13956616, 0.13398783, 0.12536537, 0.11452130, 0.10232424, 0.08955812, 0.07685668, 0.06469056, 0.05338300, 0.04313548, 0.03405331, 0.02616766, 0.01945414, 0.01384830, 0.00925883, 0.00557858, 0.00269359, 0.00048993, -0.00114122, -0.00230035, -0.00307774, -0.00355265, -0.00379332, -0.00385745, -0.00379295, -0.00363891, -0.00342659, -0.00318044, -0.00291904, -0.00265608, -0.00240122, -0.00216086, -0.00193883, -0.00173705, -0.00155601, -0.00139522, -0.00125353, -0.00112941, -0.00102117, -0.00092704, -0.00084531, -0.00077436, -0.00071272, -0.00065905, -0.00061218, -0.00057107, -0.00053482, -0.00050267, -0.00047395, -0.00044812, -0.00042472, -0.00040337, -0.00038375, -0.00036563, -0.00034878, -0.00033305, -0.00031830, -0.00030442, -0.00029133, -0.00027896, -0.00026724
0.22397765, 0.21963776, 0.20692441, 0.18818484, 0.16599753, 0.14260943, 0.11962967, 0.09806403, 0.07847670, 0.06114307, 0.04615349, 0.03347497, 0.02298862, 0.01451596, 0.00784062, 0.00272735, -0.00106186, -0.00375509, -0.00556181, -0.00666779, -0.00723323, -0.00739310, -0.00725886, -0.00692097, -0.00645153, -0.00590688, -0.00532998, -0.00475261, -0.00419726, -0.00367889, -0.00320640, -0.00278402, -0.00241249, -0.00209006, -0.00181337, -0.00157808, -0.00137943, -0.00121265, -0.00107316, -0.00095675, -0.00085968, -0.00077869, -0.00071096, -0.00065412, -0.00060615, -0.00056537, -0.00053038, -0.00050005, -0.00047342, -0.00044975, -0.00042841, -0.00040895, -0.00039099, -0.00037426, -0.00035854, -0.00034369, -0.00032959, -0.00031616, -0.00030333, -0.00029105, -0.00027929, -0.00026803
0.13758477, 0.13571932, 0.13011966, 0.12149071, 0.11068157, 0.09857709, 0.08596366, 0.07346694, 0.06154427, 0.05050485, 0.04053768, 0.03173799, 0.02412918, 0.01768104, 0.01232486, 0.00796638, 0.00449657, 0.00180054, -0.00023577, -0.00172068, -0.00275366, -0.00342361, -0.00380819, -0.00397389, -0.00397667, -0.00386271, -0.00366947, -0.00342667, -0.00315736, -0.00287888, -0.00260380, -0.00234081, -0.00209546, -0.00187090, -0.00166844, -0.00148809, -0.00132896, -0.00118959, -0.00106822, -0.00096295, -0.00087189, -0.00079323, -0.00072527, -0.00066651, -0.00061557, -0.00057127, -0.00053255, -0.00049854, -0.00046844, -0.00044164, -0.00041757, -0.00039580, -0.00037595, -0.00035772, -0.00034088, -0.00032523, -0.00031060, -0.00029688, -0.00028397, -0.00027177, -0.00026023, -0.00024930
0.16351565, 0.16112652, 0.15398518, 0.14306674, 0.12952972, 0.11454364, 0.09910884, 0.08398807, 0.06971398, 0.05662852, 0.04492644, 0.03469177, 0.02592616, 0.01857115, 0.01252636, 0.00766472, 0.00384525, 0.00092326, -0.00124194, -0.00278175, -0.00381503, -0.00444661, -0.00476693, -0.00485257, -0.00476720, -0.00456285, -0.00428117, -0.00395483, -0.00360874, -0.00326130, -0.00292550, -0.00260996, -0.00231982, -0.00205760, -0.00182388, -0.00161784, -0.00143782, -0.00128160, -0.00114674, -0.00103073, -0.00093116, -0.00084579, -0.00077255, -0.00070963, -0.00065541, -0.00060850, -0.00056770, -0.00053198, -0.00050047, -0.00047244, -0.00044730, -0.00042455, -0.00040379, -0.00038470, -0.00036702, -0.00035055, -0.00033512, -0.00032060, -0.00030690, -0.00029394, -0.00028165, -0.00026997
0.26901140, 0.26168069, 0.24094424, 0.21219627, 0.18055485, 0.14951499, 0.12088719, 0.09539445, 0.07321891, 0.05430665, 0.03849728, 0.02556878, 0.01525278, 0.00724818, 0.00123589, -0.00310394, -0.00607610, -0.00795892, -0.00899657, -0.00939684, -0.00933190, -0.00894127, -0.00833625, -0.00760385, -0.00681091, -0.00600742, -0.00522932, -0.00450128, -0.00383852, -0.00324903, -0.00273511, -0.00229479, -0.00192333, -0.00161412, -0.00135969, -0.00115241, -0.00098484, -0.00085024, -0.00074255, -0.00065663, -0.00058814, -0.00053345, -0.00048967, -0.00045439, -0.00042569, -0.00040206, -0.00038223, -0.00036526, -0.00035036, -0.00033695, -0.00032462, -0.00031301, -0.00030193, -0.00029124, -0.00028085, -0.00027072, -0.00026082, -0.00025116, -0.00024172, -0.00023251, -0.00022354, -0.00021482
0.13419061, 0.13242722, 0.12712503, 0.11892899, 0.10861985, 0.09702169, 0.08487822, 0.07279135, 0.06120917, 0.05044071, 0.04067984, 0.03202899, 0.02451974, 0.01813019, 0.01279968, 0.00844139, 0.00495299, 0.00222534, 0.00014920, -0.00137990, -0.00245844, -0.00317311, -0.00360003, -0.00380467, -0.00384240, -0.00375916, -0.00359237, -0.00337192, -0.00312114, -0.00285772, -0.00259464, -0.00234098, -0.00210270, -0.00188333, -0.00168451, -0.00150658, -0.00134889, -0.00121023, -0.00108901, -0.00098349, -0.00089189, -0.00081250, -0.00074371, -0.00068404, -0.00063217, -0.00058695, -0.00054734, -0.00051246, -0.00048156, -0.00045400, -0.00042922, -0.00040680, -0.00038635, -0.00036758, -0.00035023, -0.00033411, -0.00031905, -0.00030494, -0.00029165, -0.00027912, -0.00026727, -0.00025605
0.11779552, 0.11642205, 0.11226918, 0.10578230, 0.09750892, 0.08805291, 0.07798853, 0.06780773, 0.05789903, 0.04854778, 0.03994715, 0.03221285, 0.02539805, 0.01950703, 0.01450745, 0.01034109, 0.00693301, 0.00419921, 0.00205267, 0.00040793, -0.00081576, -0.00169239, -0.00228814, -0.00266093, -0.00286054, -0.00292901, -0.00290125, -0.00280571, -0.00266513, -0.00249734, -0.00231591, -0.00213091, -0.00194947, -0.00177645, -0.00161484, -0.00146628, -0.00133138, -0.00121004, -0.00110167, -0.00100541, -0.00092021, -0.00084496, -0.00077857, -0.00071999, -0.00066822, -0.00062237, -0.00058165, -0.00054532, -0.00051276, -0.00048344, -0.00045689, -0.00043270, -0.00041056, -0.00039017, -0.00037131, -0.00035378, -0.00033743, -0.00032212, -0.00030775, -0.00029423, -0.00028147, -0.00026943
0.14881148, 0.14691839, 0.14121701, 0.13237739, 0.12121502, 0.10860204, 0.09533779, 0.08207985, 0.06932585, 0.05742476, 0.04659977, 0.03697270, 0.02858608, 0.02142217, 0.01541932, 0.01048601, 0.00651272, 0.00338163, 0.00097418, -0.00082348, -0.00211681, -0.00300080, -0.00355906, -0.00386366, -0.00397567, -0.00394591, -0.00381595, -0.00361915, -0.00338170, -0.00312369, -0.00286006, -0.00260146, -0.00235515, -0.00212565, -0.00191541, -0.00172535, -0.00155531, -0.00140439, -0.00127125, -0.00115430, -0.00105187, -0.00096228, -0.00088395, -0.00081541, -0.00075532, -0.00070248, -0.00065583, -0.00061446, -0.00057756, -0.00054446, -0.00051457, -0.00048741, -0.00046259, -0.00043975, -0.00041863, -0.00039901, -0.00038070, -0.00036354, -0.00034742, -0.00033224, -0.00031791, -0.00030437
0.12921266, 0.12741093, 0.12201105, 0.11371438, 0.10336118, 0.09181641, 0.07983741, 0.06801701, 0.05678119, 0.04641274, 0.03708059, 0.02886621, 0.02178483, 0.01580260, 0.01085069, 0.00683725, 0.00365743, 0.00120149, -0.00063894, -0.00196644, -0.00287495, -0.00344822, -0.00375928, -0.00387056, -0.00383445, -0.00369410, -0.00348438, -0.00323284, -0.00296072, -0.00268387, -0.00241364, -0.00215773, -0.00192092, -0.00170575, -0.00151306, -0.00134252, -0.00119299, -0.00106285, -0.00095022, -0.00085316, -0.00076972, -0.00069811, -0.00063664, -0.00058383, -0.00053834, -0.00049902, -0.00046486, -0.00043501, -0.00040873, -0.00038542, -0.00036456, -0.00034573, -0.00032860, -0.00031288, -0.00029836, -0.00028486, -0.00027223, -0.00026037, -0.00024919, -0.00023862, -0.00022860, -0.00021909
0.21656462, 0.21208432, 0.19903528, 0.18000059, 0.15775632, 0.13462742, 0.11219342, 0.09137644, 0.07264790, 0.05620435, 0.04207795, 0.03019736, 0.02042161, 0.01256273, 0.00640388, 0.00171546, -0.00173115, -0.00415290, -0.00574776, -0.00669071, -0.00713242, -0.00719982, -0.00699790, -0.00661198, -0.00611018, -0.00554572, -0.00495911, -0.00438014, -0.00382963, -0.00332108, -0.00286218, -0.00245605, -0.00210250, -0.00179899, -0.00154151, -0.00132522, -0.00114499, -0.00099577, -0.00087280, -0.00077180, -0.00068899, -0.00062112, -0.00056541, -0.00051954, -0.00048156, -0.00044988, -0.00042316, -0.00040033, -0.00038051, -0.00036302, -0.00034730, -0.00033294, -0.00031963, -0.00030714, -0.00029530, -0.00028400, -0.00027317, -0.00026274, -0.00025268, -0.00024297, -0.00023358, -0.00022452
0.09840053, 0.09750704, 0.09478102, 0.09044902, 0.08479207, 0.07814305, 0.07084713, 0.06323002, 0.05557714, 0.04812296, 0.04104825, 0.03448237, 0.02850861, 0.02317089, 0.01848088, 0.01442513, 0.01097159, 0.00807539, 0.00568390, 0.00374068, 0.00218869, 0.00097264, 0.00004056, -0.00065516, -0.00115716, -0.00150298, -0.00172508, -0.00185104, -0.00190396, -0.00190287, -0.00186316, -0.00179709, -0.00171419, -0.00162176, -0.00152521, -0.00142843, -0.00133414, -0.00124411, -0.00115942, -0.00108062, -0.00100788, -0.00094112, -0.00088008, -0.00082441, -0.00077368, -0.00072746, -0.00068530, -0.00064678, -0.00061150, -0.00057910, -0.00054926, -0.00052168, -0.00049611, -0.00047232, -0.00045012, -0.00042935, -0.00040986, -0.00039154, -0.00037428, -0.00035799, -0.00034260, -0.00032805
0.14685847, 0.14488825, 0.13897073, 0.12984242, 0.11839187, 0.10554895, 0.09214419, 0.07884212, 0.06613142, 0.05434478, 0.04368753, 0.03426502, 0.02610587, 0.01918103, 0.01341997, 0.00872431, 0.00497946, 0.00206395, -0.00014321, -0.00175732, -0.00288455, -0.00362000, -0.00404692, -0.00423677, -0.00424970, -0.00413550, -0.00393455, -0.00367898, -0.00339370, -0.00309753, -0.00280413, -0.00252298, -0.00226019, -0.00201926, -0.00180171, -0.00160764, -0.00143619, -0.00128584, -0.00115477, -0.00104097, -0.00094244, -0.00085724, -0.00078359, -0.00071985, -0.00066457, -0.00061646, -0.00057441, -0.00053744, -0.00050475, -0.00047562, -0.00044949, -0.00042585, -0.00040431, -0.00038454, -0.00036629, -0.00034934, -0.00033351, -0.00031867, -0.00030471, -0.00029154, -0.00027909, -0.00026729
0.19640784, 0.19284180, 0.18234060, 0.16671594, 0.14800070, 0.12803342, 0.10819162, 0.08938190, 0.07214385, 0.05676359, 0.04335785, 0.03192785, 0.02239356, 0.01461815, 0.00842762, 0.00362771, 0.00001822, -0.00259572, -0.00439558, -0.00554450, -0.00618495, -0.00643849, -0.00640670, -0.00617295, -0.00580440, -0.00535415, -0.00486316, -0.00436216, -0.00387330, -0.00341173, -0.00298690, -0.00260387, -0.00226431, -0.00196749, -0.00171104, -0.00149157, -0.00130517, -0.00114779, -0.00101548, -0.00090456, -0.00081169, -0.00073393, -0.00066872, -0.00061386, -0.00056751, -0.00052808, -0.00049427, -0.00046500, -0.00043937, -0.00041665, -0.00039627, -0.00037776, -0.00036075, -0.00034498, -0.00033023, -0.00031635, -0.00030320, -0.00029071, -0.00027881, -0.00026744, -0.00025657, -0.00024616
0.11345738, 0.11234422, 0.10895638, 0.10359834, 0.09664790, 0.08854389, 0.07973049, 0.07061558, 0.06154609, 0.05279797, 0.04457620, 0.03702071, 0.03021501, 0.02419584, 0.01896282, 0.01448743, 0.01072114, 0.00760247, 0.00506279, 0.00303099, 0.00143700, 0.00021421, -0.00069885, -0.00135761, -0.00181104, -0.00210163, -0.00226564, -0.00233350, -0.00233032, -0.00227648, -0.00218825, -0.00207828, -0.00195627, -0.00182940, -0.00170285, -0.00158017, -0.00146368, -0.00135474, -0.00125403, -0.00116171, -0.00107759, -0.00100127, -0.00093223, -0.00086985, -0.00081349, -0.00076255, -0.00071642, -0.00067455, -0.00063643, -0.00060162, -0.00056971, -0.00054035, -0.00051322, -0.00048808, -0.00046469, -0.00044286, -0.00042243, -0.00040326, -0.00038524, -0.00036826, -0.00035224, -0.00033711
0.20496438, 0.20158604, 0.19156483, 0.17645511, 0.15804926, 0.13805488, 0.11783730, 0.09836609, 0.08027129, 0.06392685, 0.04952173, 0.03711110, 0.02665238, 0.01803249, 0.01109053, 0.00563718, 0.00147116, -0.00160761, -0.00378848, -0.00524382, -0.00612584, -0.00656556, -0.00667339, -0.00654065, -0.00624152, -0.00583514, -0.00536770, -0.00487433, -0.00438094, -0.00390580, -0.00346097, -0.00305365, -0.00268724, -0.00236237, -0.00207771, -0.00183064, -0.00161781, -0.00143551, -0.00128001, -0.00114771, -0.00103527, -0.00093971, -0.00085837, -0.00078895, -0.00072945, -0.00067819, -0.00063372, -0.00059485, -0.00056055, -0.00053002, -0.00050256, -0.00047762, -0.00045478, -0.00043369, -0.00041407, -0.00039571, -0.00037845, -0.00036216, -0.00034673, -0.00033209, -0.00031818, -0.00030494
0.21515595, 0.21117523, 0.19947029, 0.18209967, 0.16135689, 0.13929277, 0.11742516, 0.09674168, 0.07782468, 0.06098029, 0.04633083, 0.03387271, 0.02351303, 0.01509600, 0.00842470, 0.00328019, -0.00056232, -0.00332071, -0.00519690, -0.00637146, -0.00700122, -0.00721919, -0.00713588, -0.00684148, -0.00640826, -0.00589298, -0.00533921, -0.00477942, -0.00423681, -0.00372706, -0.00325978, -0.00283987, -0.00246867, -0.00214497, -0.00186588, -0.00162745, -0.00142524, -0.00125471, -0.00111146, -0.00099141, -0.00089091, -0.00080673, -0.00073608, -0.00067659, -0.00062624, -0.00058333, -0.00054647, -0.00051447, -0.00048638, -0.00046142, -0.00043897, -0.00041854, -0.00039973, -0.00038226, -0.00036590, -0.00035049, -0.00033589, -0.00032201, -0.00030878, -0.00029615, -0.00028408, -0.00027252
0.20404792, 0.20055413, 0.19021960, 0.17471863, 0.15596433, 0.13574432, 0.11545176, 0.09604464, 0.07812125, 0.06201833, 0.04789081, 0.03576659, 0.02558336, 0.01721537, 0.01049475, 0.00522966, 0.00121946, -0.00173336, -0.00381449, -0.00519232, -0.00601520, -0.00641067, -0.00648624, -0.00633084, -0.00601675, -0.00560165, -0.00513050, -0.00463750, -0.00414774, -0.00367881, -0.00324217, -0.00284446, -0.00248864, -0.00217493, -0.00190165, -0.00166592, -0.00146416, -0.00129254, -0.00114719, -0.00102445, -0.00092096, -0.00083373, -0.00076009, -0.00069778, -0.00064483, -0.00059958, -0.00056063, -0.00052680, -0.00049712, -0.00047081, -0.00044721, -0.00042580, -0.00040619, -0.00038806, -0.00037115, -0.00035529, -0.00034032, -0.00032615, -0.00031268, -0.00029984, -0.00028760, -0.00027592
0.19374397, 0.19060973, 0.18130137, 0.16723685, 0.15006129, 0.13135752, 0.11240385, 0.09411553, 0.07709033, 0.06168382, 0.04807624, 0.03632182, 0.02638359, 0.01815952, 0.01150346, 0.00624298, 0.00219416, -0.00082654, -0.00299362, -0.00446681, -0.00538797, -0.00588002, -0.00604723, -0.00597642, -0.00573860, -0.00539075, -0.00497771, -0.00453384, -0.00408472, -0.00364860, -0.00323773, -0.00285965, -0.00251820, -0.00221447, -0.00194762, -0.00171550, -0.00151521, -0.00134342, -0.00119675, -0.00107190, -0.00096579, -0.00087564, -0.00079896, -0.00073359, -0.00067765, -0.00062953, -0.00058788, -0.00055155, -0.00051958, -0.00049117, -0.00046567, -0.00044257, -0.00042144, -0.00040196, -0.00038385, -0.00036692, -0.00035101, -0.00033600, -0.00032178, -0.00030828, -0.00029545, -0.00028324
0.15634993, 0.15428691, 0.14808544, 0.13850425, 0.12646164, 0.11292547, 0.09876726, 0.08469011, 0.07121511, 0.05869956, 0.04736566, 0.03732893, 0.02862273, 0.02121868, 0.01504401, 0.00999617, 0.00595515, 0.00279357, 0.00038432, -0.00139380, -0.00265249, -0.00349190, -0.00399977, -0.00425149, -0.00431065, -0.00422997, -0.00405234, -0.00381199, -0.00353562, -0.00324351, -0.00295053, -0.00266714, -0.00240023, -0.00215392, -0.00193021, -0.00172957, -0.00155140, -0.00139438, -0.00125681, -0.00113679, -0.00103237, -0.00094163, -0.00086281, -0.00079427, -0.00073454, -0.00068233, -0.00063648, -0.00059602, -0.00056009, -0.00052798, -0.00049908, -0.00047288, -0.00044896, -0.00042699, -0.00040668, -0.00038781, -0.00037019, -0.00035368, -0.00033815, -0.00032350, -0.00030967, -0.00029657
0.13240763, 0.13065186, 0.12537606, 0.11723122, 0.10700496, 0.09552534, 0.08353526, 0.07163087, 0.06025089, 0.04969328, 0.04014094, 0.03168673, 0.02435494, 0.01811888, 0.01291552, 0.00865772, 0.00524446, 0.00256899, 0.00052512, -0.00098828, -0.00206442, -0.00278689, -0.00322908, -0.00345416, -0.00351554, -0.00345764, -0.00331671, -0.00312175, -0.00289547, -0.00265513, -0.00241345, -0.00217938, -0.00195885, -0.00175541, -0.00157079, -0.00140542, -0.00125881, -0.00112987, -0.00101715, -0.00091907, -0.00083396, -0.00076023, -0.00069639, -0.00064106, -0.00059300, -0.00055112, -0.00051446, -0.00048220, -0.00045363, -0.00042814, -0.00040523, -0.00038448, -0.00036554, -0.00034814, -0.00033204, -0.00031706, -0.00030306, -0.00028991, -0.00027753, -0.00026583, -0.00025475, -0.00024425
0.22390435, 0.21933886, 0.20602420, 0.18655388, 0.16372538, 0.13990098, 0.11670715, 0.09511403, 0.07563553, 0.05850135, 0.04376603, 0.03137011, 0.02117527, 0.01298891, 0.00658452, 0.00171997, -0.00184682, -0.00434582, -0.00598652, -0.00695342, -0.00740462, -0.00747245, -0.00726565, -0.00687195, -0.00636091, -0.00578655, -0.00518975, -0.00460045, -0.00403954, -0.00352056, -0.00305122, -0.00263470, -0.00227088, -0.00195731, -0.00169005, -0.00146433, -0.00127507, -0.00111726, -0.00098619, -0.00087756, -0.00078760, -0.00071305, -0.00065112, -0.00059947, -0.00055613, -0.00051947, -0.00048816, -0.00046109, -0.00043736, -0.00041626, -0.00039722, -0.00037981, -0.00036368, -0.00034859, -0.00033436, -0.00032086, -0.00030798, -0.00029567, -0.00028387, -0.00027254, -0.00026166, -0.00025120
0.30659575, 0.29766274, 0.27258478, 0.23827661, 0.20110681, 0.16520865, 0.13255850, 0.10382596, 0.07908166, 0.05816328, 0.04081821, 0.02674597, 0.01560816, 0.00704056, 0.00066709, -0.00388201, -0.00695336, -0.00885918, -0.00986960, -0.01021162, -0.01007109, -0.00959687, -0.00890673, -0.00809186, -0.00722188, -0.00634854, -0.00550867, -0.00472735, -0.00401972, -0.00339332, -0.00284978, -0.00238625, -0.00199708, -0.00167465, -0.00141060, -0.00119649, -0.00102414, -0.00088627, -0.00077637, -0.00068894, -0.00061942, -0.00056400, -0.00051969, -0.00048398, -0.00045491, -0.00043092, -0.00041071, -0.00039333, -0.00037797, -0.00036404, -0.00035112, -0.00033886, -0.00032710, -0.00031568, -0.00030454, -0.00029366, -0.00028300, -0.00027259, -0.00026242, -0.00025249, -0.00024284, -0.00023343
0.14155235, 0.13994368, 0.13507426, 0.12745207, 0.11770301, 0.10652353, 0.09458296, 0.08246152, 0.07062333, 0.05941393, 0.04907109, 0.03974070, 0.03149358, 0.02434137, 0.01825089, 0.01315695, 0.00897336, 0.00560210, 0.00294075, 0.00088805, -0.00065217, -0.00176841, -0.00254010, -0.00303700, -0.00331926, -0.00343780, -0.00343504, -0.00334569, -0.00319760, -0.00301271, -0.00280784, -0.00259557, -0.00238496, -0.00218225, -0.00199143, -0.00181482, -0.00165345, -0.00150747, -0.00137639, -0.00125934, -0.00115522, -0.00106283, -0.00098093, -0.00090833, -0.00084390, -0.00078661, -0.00073553, -0.00068980, -0.00064870, -0.00061158, -0.00057789, -0.00054715, -0.00051897, -0.00049300, -0.00046896, -0.00044662, -0.00042578, -0.00040628, -0.00038797, -0.00037076, -0.00035453, -0.00033923
0.15188821, 0.14969921, 0.14315091, 0.13312458, 0.12067008, 0.10685344, 0.09259286, 0.07859377, 0.06535281, 0.05319182, 0.04229661, 0.03275010, 0.02455837, 0.01767117, 0.01199874, 0.00742594, 0.00382402, 0.00106013, -0.00099547, -0.00246441, -0.00345708, -0.00407112, -0.00439101, -0.00448844, -0.00442313, -0.00424397, -0.00399020, -0.00369264, -0.00337485, -0.00305429, -0.00274334, -0.00245030, -0.00218017, -0.00193549, -0.00171696, -0.00152395, -0.00135502, -0.00120818, -0.00108122, -0.00097187, -0.00087788, -0.00079720, -0.00072791, -0.00066832, -0.00061693, -0.00057244, -0.00053372, -0.00049981, -0.00046990, -0.00044330, -0.00041945, -0.00039787, -0.00037821, -0.00036013, -0.00034341, -0.00032784, -0.00031328, -0.00029959, -0.00028668, -0.00027447, -0.00026290, -0.00025192
0.11312827, 0.11166264, 0.10725453, 0.10043752, 0.09185936, 0.08220618, 0.07209841, 0.06203755, 0.05239501, 0.04342445, 0.03528287, 0.02805167, 0.02175484, 0.01637385, 0.01185982, 0.00814354, 0.00514372, 0.00277362, 0.00094615, -0.00042244, -0.00141002, -0.00208712, -0.00251623, -0.00275159, -0.00283950, -0.00281871, -0.00272114, -0.00257248, -0.00239299, -0.00219824, -0.00199977, -0.00180583, -0.00162195, -0.00145157, -0.00129649, -0.00115732, -0.00103382, -0.00092519, -0.00083031, -0.00074786, -0.00067648, -0.00061482, -0.00056162, -0.00051570, -0.00047600, -0.00044158, -0.00041161, -0.00038537, -0.00036226, -0.00034175, -0.00032340, -0.00030684, -0.00029179, -0.00027800, -0.00026526, -0.00025343, -0.00024237, -0.00023200, -0.00022222, -0.00021297, -0.00020421, -0.00019590
0.21723813, 0.21313128, 0.20107703, 0.18324592, 0.16203993, 0.13958015, 0.11741127, 0.09651872, 0.07746961, 0.06055204, 0.04587217, 0.03341348, 0.02307322, 0.01468835, 0.00805668, 0.00295549, -0.00084262, -0.00355734, -0.00539180, -0.00652731, -0.00712123, -0.00730683, -0.00719481, -0.00687539, -0.00642080, -0.00588771, -0.00531948, -0.00474832, -0.00419714, -0.00368129, -0.00321001, -0.00278787, -0.00241586, -0.00209249, -0.00181456, -0.00157790, -0.00137788, -0.00120979, -0.00106911, -0.00095167, -0.00085374, -0.00077204, -0.00070377, -0.00064652, -0.00059825, -0.00055729, -0.00052221, -0.00049186, -0.00046528, -0.00044170, -0.00042051, -0.00040122, -0.00038346, -0.00036695, -0.00035146, -0.00033684, -0.00032297, -0.00030976, -0.00029715, -0.00028508, -0.00027352, -0.00026246
0.14431029, 0.14201844, 0.13520528, 0.12489361, 0.11227652, 0.09851113, 0.08453860, 0.07103547, 0.05844337, 0.04702373, 0.03690842, 0.02813756, 0.02068621, 0.01448363, 0.00942826, 0.00539982, 0.00226940, -0.00009265, -0.00181073, -0.00300001, -0.00376405, -0.00419380, -0.00436745, -0.00435101, -0.00419917, -0.00395639, -0.00365802, -0.00333150, -0.00299747, -0.00267081, -0.00236170, -0.00207652, -0.00181867, -0.00158934, -0.00138810, -0.00121348, -0.00106332, -0.00093513, -0.00082631, -0.00073433, -0.00065679, -0.00059154, -0.00053662, -0.00049034, -0.00045124, -0.00041804, -0.00038969, -0.00036528, -0.00034406, -0.00032541, -0.00030884, -0.00029393, -0.00028037, -0.00026790, -0.00025633, -0.00024551, -0.00023532, -0.00022568, -0.00021651, -0.00020778, -0.00019944, -0.00019146
0.18423778, 0.18108728, 0.17176795, 0.15778944, 0.14087783, 0.12264668, 0.10435314, 0.08686027, 0.07070518, 0.05618855, 0.04344742, 0.03250541, 0.02330610, 0.01573705, 0.00964874, 0.00487043, 0.00122345, -0.00146831, -0.00337080, -0.00463493, -0.00539407, -0.00576328, -0.00583988, -0.00570464, -0.00542344, -0.00504898, -0.00462248, -0.00417533, -0.00373065, -0.00330462, -0.00290788, -0.00254657, -0.00222345, -0.00193877, -0.00169103, -0.00147760, -0.00129522, -0.00114037, -0.00100951, -0.00089929, -0.00080663, -0.00072877, -0.00066328, -0.00060807, -0.00056135, -0.00052158, -0.00048749, -0.00045800, -0.00043223, -0.00040945, -0.00038906, -0.00037062, -0.00035373, -0.00033813, -0.00032358, -0.00030992, -0.00029703, -0.00028480, -0.00027316, -0.00026206, -0.00025146, -0.00024132
0.08588826, 0.08507937, 0.08261404, 0.07870416, 0.07361269, 0.06764849, 0.06112860, 0.05434884, 0.04756533, 0.04098576, 0.03476795, 0.02902279, 0.02381964, 0.01919279, 0.01514815, 0.01166973, 0.00872557, 0.00627298, 0.00426297, 0.00264381, 0.00136379, 0.00037319, -0.00037434, -0.00092096, -0.00130422, -0.00155696, -0.00170737, -0.00177932, -0.00179262, -0.00176346, -0.00170487, -0.00162708, -0.00153798, -0.00144350, -0.00134796, -0.00125440, -0.00116485, -0.00108056, -0.00100220, -0.00093004, -0.00086402, -0.00080392, -0.00074937, -0.00069995, -0.00065521, -0.00061467, -0.00057789, -0.00054446, -0.00051398, -0.00048611, -0.00046053, -0.00043697, -0.00041519, -0.00039499, -0.00037618, -0.00035862, -0.00034217, -0.00032674, -0.00031221, -0.00029852, -0.00028560, -0.00027340
0.10948030, 0.10821965, 0.10440615, 0.09844421, 0.09083132, 0.08211797, 0.07282960, 0.06341820, 0.05424229, 0.04556654, 0.03757141, 0.03036642, 0.02400365, 0.01849016, 0.01379915, 0.00987961, 0.00666471, 0.00407868, 0.00204240, 0.00047758, -0.00069021, -0.00152963, -0.00210239, -0.00246285, -0.00265794, -0.00272746, -0.00270459, -0.00261646, -0.00248484, -0.00232682, -0.00215547, -0.00198046, -0.00180871, -0.00164491, -0.00149197, -0.00135150, -0.00122409, -0.00110967, -0.00100769, -0.00091730, -0.00083751, -0.00076725, -0.00070546, -0.00065111, -0.00060327, -0.00056106, -0.00052370, -0.00049050, -0.00046086, -0.00043425, -0.00041023, -0.00038842, -0.00036849, -0.00035018, -0.00033327, -0.00031757, -0.00030294, -0.00028924, -0.00027639, -0.00026429, -0.00025288, -0.00024210
0.17366130, 0.17058990, 0.16152733, 0.14799573, 0.13171847, 0.11427762, 0.09687866, 0.08032841, 0.06511469, 0.05150060, 0.03959755, 0.02941345, 0.02088404, 0.01389482, 0.00829845, 0.00392936, 0.00061600, -0.00180951, -0.00350444, -0.00461107, -0.00525457, -0.00554250, -0.00556547, -0.00539841, -0.00510224, -0.00472544, -0.00430581, -0.00387195, -0.00344471, -0.00303856, -0.00266278, -0.00232254, -0.00201990, -0.00175461, -0.00152489, -0.00132796, -0.00116049, -0.00101898, -0.00089998, -0.00080023, -0.00071678, -0.00064699, -0.00058858, -0.00053956, -0.00049826, -0.00046325, -0.00043334, -0.00040754, -0.00038505, -0.00036518, -0.00034741, -0.00033131, -0.00031656, -0.00030290, -0.00029013, -0.00027811, -0.00026674, -0.00025592, -0.00024561, -0.00023574, -0.00022630, -0.00021725
0.20947014, 0.20517764, 0.19266465, 0.17438248, 0.15297306, 0.13066174, 0.10897332, 0.08880938, 0.07064015, 0.05466942, 0.04093908, 0.02938734, 0.01988178, 0.01224183, 0.00625710, 0.00170372, -0.00164174, -0.00399149, -0.00553907, -0.00645528, -0.00688688, -0.00695719, -0.00676787, -0.00640130, -0.00592302, -0.00538415, -0.00482347, -0.00426948, -0.00374210, -0.00325427, -0.00281336, -0.00242246, -0.00208146, -0.00178803, -0.00153842, -0.00132811, -0.00115226, -0.00100609, -0.00088512, -0.00078527, -0.00070297, -0.00063511, -0.00057906, -0.00053258, -0.00049383, -0.00046126, -0.00043360, -0.00040982, -0.00038908, -0.00037069, -0.00035414, -0.00033901, -0.00032499, -0.00031187, -0.00029946, -0.00028767, -0.00027639, -0.00026557, -0.00025517, -0.00024516, -0.00023553, -0.00022625
0.12162618, 0.12029930, 0.11627646, 0.10996042, 0.10184890, 0.09250257, 0.08246842, 0.07222844, 0.06217487, 0.05260529, 0.04372904, 0.03567888, 0.02852407, 0.02228315, 0.01693584, 0.01243359, 0.00870880, 0.00568266, 0.00327135, 0.00139093, -0.00003919, -0.00109392, -0.00184109, -0.00234078, -0.00264522, -0.00279898, -0.00283948, -0.00279757, -0.00269826, -0.00256138, -0.00240236, -0.00223285, -0.00206140, -0.00189403, -0.00173475, -0.00158602, -0.00144913, -0.00132452, -0.00121204, -0.00111112, -0.00102099, -0.00094071, -0.00086933, -0.00080588, -0.00074944, -0.00069914, -0.00065420, -0.00061391, -0.00057764, -0.00054485, -0.00051506, -0.00048786, -0.00046290, -0.00043989, -0.00041858, -0.00039876, -0.00038027, -0.00036296, -0.00034670, -0.00033141, -0.00031699, -0.00030338
0.26459105, 0.25788731, 0.23874861, 0.21179811, 0.18161369, 0.15153794, 0.12346278, 0.09824695, 0.07617721, 0.05726132, 0.04137105, 0.02830193, 0.01779853, 0.00957182, 0.00331516, -0.00127917, -0.00450524, -0.00663251, -0.00789876, -0.00850756, -0.00862879, -0.00840122, -0.00793637, -0.00732227, -0.00662721, -0.00590294, -0.00518739, -0.00450724, -0.00387980, -0.00331507, -0.00281722, -0.00238608, -0.00201846, -0.00170913, -0.00145179, -0.00123973, -0.00106627, -0.00092523, -0.00081100, -0.00071868, -0.00064414, -0.00058386, -0.00053499, -0.00049514, -0.00046239, -0.00043517, -0.00041221, -0.00039249, -0.00037522, -0.00035975, -0.00034562, -0.00033248, -0.00032007, -0.00030822, -0.00029683, -0.00028582, -0.00027515, -0.00026480, -0.00025475, -0.00024500, -0.00023554, -0.00022638
0.17135901, 0.16867705, 0.16069463, 0.14858568, 0.13372353, 0.11745092, 0.10087317, 0.08479832, 0.06976592, 0.05610524, 0.04399022, 0.03348168, 0.02455804, 0.01713848, 0.01110172, 0.00630176, 0.00258103, -0.00021916, -0.00225079, -0.00365397, -0.00455398, -0.00506003, -0.00526541, -0.00524823, -0.00507281, -0.00479109, -0.00444421, -0.00406397, -0.00367420, -0.00329215, -0.00292960, -0.00259397, -0.00228931, -0.00201710, -0.00177698, -0.00156736, -0.00138588, -0.00122977, -0.00109612, -0.00098207, -0.00088494, -0.00080226, -0.00073182, -0.00067170, -0.00062020, -0.00057589, -0.00053751, -0.00050404, -0.00047460, -0.00044846, -0.00042503, -0.00040382, -0.00038444, -0.00036660, -0.00035003, -0.00033457, -0.00032005, -0.00030635, -0.00029339, -0.00028110, -0.00026942, -0.00025831
11.06018821, 4.83279658, -1.03023032, 0.66988764, 0.35543330, -0.08312268, 0.43579954, -0.09869045, 0.12516176, 0.06529237, -0.10640421, 0.10142423, -0.10770819, -0.00133270, -0.00269894, -0.08948664, 0.04001966, -0.07080583, -0.00825226, 0.00149829, -0.05756320, 0.03004486, -0.04167709, -0.00316759, 0.00861306, -0.03690621, 0.02663186, -0.02443995, -0.00001989, 0.01174382, -0.02574196, 0.02253963, -0.01586470, -0.00011576, 0.01145606, -0.02022084, 0.01809271, -0.01146443, -0.00113548, 0.01036002, -0.01681705, 0.01454012, -0.00859608, -0.00195182, 0.00937205, -0.01432151, 0.01184105, -0.00652003, -0.00252730, 0.00854310, -0.01237144, 0.00976860, -0.00492394, -0.00289600, 0.00787038, -0.01077244, 0.00815228, -0.00365967, -0.00312978, 0.00729660, -0.00944943, 0.00684563
0.11607098, 0.11471337, 0.11060875, 0.10419793, 0.09602239, 0.08667867, 0.07673344, 0.06667188, 0.05687729, 0.04763155, 0.03912608, 0.03147622, 0.02473572, 0.01891003, 0.01396828, 0.00985369, 0.00649263, 0.00380219, 0.00169614, 0.00008954, -0.00109805, -0.00194052, -0.00250406, -0.00284669, -0.00301830, -0.00306106, -0.00300993, -0.00289340, -0.00273420, -0.00255009, -0.00235452, -0.00215742, -0.00196578, -0.00178424, -0.00161563, -0.00146141, -0.00132200, -0.00119715, -0.00108612, -0.00098789, -0.00090131, -0.00082516, -0.00075826, -0.00069947, -0.00064774, -0.00060212, -0.00056176, -0.00052590, -0.00049389, -0.00046517, -0.00043923, -0.00041569, -0.00039418, -0.00037443, -0.00035619, -0.00033926, -0.00032349, -0.00030874, -0.00029489, -0.00028187, -0.00026960, -0.00025801
0.20847824, 0.20434784, 0.19227149, 0.17453387, 0.15362839, 0.13170013, 0.11025766, 0.09022058, 0.07208660, 0.05608458, 0.04227606, 0.03061428, 0.02097862, 0.01319813, 0.00707034, 0.00237775, -0.00109824, -0.00356651, -0.00521862, -0.00622464, -0.00673148, -0.00686325, -0.00672289, -0.00639421, -0.00594431, -0.00542578, -0.00487885, -0.00433329, -0.00381015, -0.00332338, -0.00288117, -0.00248733, -0.00214230, -0.00184423, -0.00158970, -0.00137446, -0.00119385, -0.00104321, -0.00091815, -0.00081461, -0.00072902, -0.00065828, -0.00059970, -0.00055104, -0.00051041, -0.00047623, -0.00044720, -0.00042225, -0.00040050, -0.00038125, -0.00036397, -0.00034820, -0.00033364, -0.00032004, -0.00030722, -0.00029505, -0.00028343, -0.00027231, -0.00026163, -0.00025137, -0.00024149, -0.00023199
0.20496438, 0.20158604, 0.19156483, 0.17645511, 0.15804926, 0.13805488, 0.11783730, 0.09836609, 0.08027129, 0.06392685, 0.04952173, 0.03711110, 0.02665238, 0.01803249, 0.01109053, 0.00563718, 0.00147116, -0.00160761, -0.00378848, -0.00524382, -0.00612584, -0.00656556, -0.00667339, -0.00654065, -0.00624152, -0.00583514, -0.00536770, -0.00487433, -0.00438094, -0.00390580, -0.00346097, -0.00305365, -0.00268724, -0.00236237, -0.00207771, -0.00183064, -0.00161781, -0.00143551, -0.00128001, -0.00114771, -0.00103527, -0.00093971, -0.00085837, -0.00078895, -0.00072945, -0.00067819, -0.00063372, -0.00059485, -0.00056055, -0.00053002, -0.00050256, -0.00047762, -0.00045478, -0.00043369, -0.00041407, -0.00039571, -0.00037845, -0.00036216, -0.00034673, -0.00033209, -0.00031818, -0.00030494
0.13319365, 0.13153073, 0.12651852, 0.11873582, 0.10888851, 0.09773604, 0.08597917, 0.07419858, 0.06283694, 0.05220723, 0.04251196, 0.03386416, 0.02630669, 0.01982889, 0.01438084, 0.00988560, 0.00624953, 0.00337078, 0.00114591, -0.00052522, -0.00173611, -0.00257157, -0.00310679, -0.00340702, -0.00352787, -0.00351591, -0.00340939, -0.00323921, -0.00302970, -0.00279965, -0.00256305, -0.00233000, -0.00210739, -0.00189957, -0.00170899, -0.00153660, -0.00138238, -0.00124556, -0.00112498, -0.00101922, -0.00092674, -0.00084605, -0.00077568, -0.00071428, -0.00066061, -0.00061358, -0.00057220, -0.00053563, -0.00050312, -0.00047404, -0.00044787, -0.00042416, -0.00040252, -0.00038266, -0.00036432, -0.00034729, -0.00033141, -0.00031655, -0.00030258, -0.00028941, -0.00027699, -0.00026524
0.23722416, 0.23176199, 0.21601883, 0.19347022, 0.16768360, 0.14143247, 0.11643543, 0.09359157, 0.07330025, 0.05568670, 0.04072364, 0.02828893, 0.01819453, 0.01020686, 0.00406501, -0.00050159, -0.00375769, -0.00595037, -0.00730110, -0.00800205, -0.00821549, -0.00807542, -0.00769048, -0.00714714, -0.00651300, -0.00583974, -0.00516563, -0.00451794, -0.00391489, -0.00336740, -0.00288074, -0.00245583, -0.00209049, -0.00178049, -0.00152037, -0.00130412, -0.00112567, -0.00097925, -0.00085959, -0.00076203, -0.00068253, -0.00061769, -0.00056466, -0.00052107, -0.00048498, -0.00045481, -0.00042926, -0.00040729, -0.00038806, -0.00037093, -0.00035538, -0.00034102, -0.00032760, -0.00031489, -0.00030277, -0.00029114, -0.00027994, -0.00026913, -0.00025868, -0.00024858, -0.00023883, -0.00022940
0.09235206, 0.09132374, 0.08820906, 0.08332784, 0.07707456, 0.06989003, 0.06220002, 0.05437543, 0.04671439, 0.03944014, 0.03270754, 0.02661309, 0.02120562, 0.01649630, 0.01246769, 0.00908165, 0.00628614, 0.00402095, 0.00222230, 0.00082634, -0.00022824, -0.00099850, -0.00153620, -0.00188725, -0.00209162, -0.00218344, -0.00219139, -0.00213908, -0.00204560, -0.00192606, -0.00179211, -0.00165251, -0.00151360, -0.00137975, -0.00125381, -0.00113742, -0.00103133, -0.00093569, -0.00085017, -0.00077418, -0.00070697, -0.00064770, -0.00059552, -0.00054961, -0.00050918, -0.00047351, -0.00044195, -0.00041391, -0.00038890, -0.00036646, -0.00034622, -0.00032785, -0.00031109, -0.00029569, -0.00028147, -0.00026828, -0.00025599, -0.00024449, -0.00023369, -0.00022352, -0.00021394, -0.00020487
0.11264187, 0.11138710, 0.10758531, 0.10162342, 0.09397866, 0.08518563, 0.07576265, 0.06616371, 0.05675636, 0.04781821, 0.03954378, 0.03205573, 0.02541720, 0.01964380, 0.01471461, 0.01058218, 0.00718118, 0.00443583, 0.00226580, 0.00059089, -0.00066575, -0.00157531, -0.00220212, -0.00260296, -0.00282702, -0.00291614, -0.00290526, -0.00282306, -0.00269263, -0.00253216, -0.00235565, -0.00217355, -0.00199340, -0.00182038, -0.00165781, -0.00150758, -0.00137055, -0.00124678, -0.00113584, -0.00103696, -0.00094918, -0.00087146, -0.00080272, -0.00074194, -0.00068815, -0.00064044, -0.00059801, -0.00056014, -0.00052620, -0.00049562, -0.00046794, -0.00044275, -0.00041970, -0.00039850, -0.00037891, -0.00036074, -0.00034380, -0.00032796, -0.00031311, -0.00029914, -0.00028599, -0.00027359
0.18382383, 0.18113215, 0.17308719, 0.16078945, 0.14554645, 0.12867781, 0.11131174, 0.09430783, 0.07826554, 0.06356882, 0.05043522, 0.03895725, 0.02913450, 0.02089890, 0.01413535, 0.00869909, 0.00443011, 0.00116470, -0.00125583, -0.00297929, -0.00413898, -0.00485213, -0.00521958, -0.00532648, -0.00524346, -0.00502807, -0.00472633, -0.00437428, -0.00399939, -0.00362195, -0.00325629, -0.00291197, -0.00259474, -0.00230745, -0.00205082, -0.00182410, -0.00162551, -0.00145272, -0.00130313, -0.00117407, -0.00106293, -0.00096730, -0.00088497, -0.00081396, -0.00075254, -0.00069920, -0.00065262, -0.00061169, -0.00057547, -0.00054316, -0.00051411, -0.00048778, -0.00046371, -0.00044156, -0.00042104, -0.00040193, -0.00038403, -0.00036722, -0.00035136, -0.00033636, -0.00032216, -0.00030869
0.17366130, 0.17058990, 0.16152733, 0.14799573, 0.13171847, 0.11427762, 0.09687866, 0.08032841, 0.06511469, 0.05150060, 0.03959755, 0.02941345, 0.02088404, 0.01389482, 0.00829845, 0.00392936, 0.00061600, -0.00180951, -0.00350444, -0.00461107, -0.00525457, -0.00554250, -0.00556547, -0.00539841, -0.00510224, -0.00472544, -0.00430581, -0.00387195, -0.00344471, -0.00303856, -0.00266278, -0.00232254, -0.00201990, -0.00175461, -0.00152489, -0.00132796, -0.00116049, -0.00101898, -0.00089998, -0.00080023, -0.00071678, -0.00064699, -0.00058858, -0.00053956, -0.00049826, -0.00046325, -0.00043334, -0.00040754, -0.00038505, -0.00036518, -0.00034741, -0.00033131, -0.00031656, -0.00030290, -0.00029013, -0.00027811, -0.00026674, -0.00025592, -0.00024561, -0.00023574, -0.00022630, -0.00021725
0.12296517, 0.12151041, 0.11711426, 0.11025475, 0.10151844, 0.09154906, 0.08095529, 0.07025555, 0.05985702, 0.05005727, 0.04105670, 0.03297456, 0.02586468, 0.01972985, 0.01453467, 0.01021666, 0.00669595, 0.00388323, 0.00168619, 0.00001421, -0.00121817, -0.00208924, -0.00266890, -0.00301826, -0.00318977, -0.00322761, -0.00316837, -0.00304178, -0.00287152, -0.00267603, -0.00246928, -0.00226150, -0.00205991, -0.00186925, -0.00169240, -0.00153081, -0.00138485, -0.00125422, -0.00113810, -0.00103540, -0.00094490, -0.00086531, -0.00079538, -0.00073392, -0.00067983, -0.00063211, -0.00058988, -0.00055234, -0.00051881, -0.00048871, -0.00046152, -0.00043682, -0.00041424, -0.00039350, -0.00037434, -0.00035656, -0.00033999, -0.00032448, -0.00030993, -0.00029624, -0.00028334, -0.00027115
0.22502424, 0.22066628, 0.20789762, 0.18907247, 0.16678338, 0.14329575, 0.12023429, 0.09861266, 0.07899492, 0.06165094, 0.04666326, 0.03399124, 0.02350983, 0.01503646, 0.00835262, 0.00322255, -0.00059109, -0.00331504, -0.00515706, -0.00630116, -0.00690593, -0.00710489, -0.00700840, -0.00670605, -0.00626936, -0.00575431, -0.00520371, -0.00464933, -0.00411380, -0.00361224, -0.00315385, -0.00274312, -0.00238110, -0.00206633, -0.00179572, -0.00156519, -0.00137024, -0.00120627, -0.00106888, -0.00095402, -0.00085807, -0.00077787, -0.00071069, -0.00065421, -0.00060647, -0.00056582, -0.00053091, -0.00050060, -0.00047398, -0.00045028, -0.00042892, -0.00040943, -0.00039144, -0.00037469, -0.00035896, -0.00034410, -0.00033000, -0.00031658, -0.00030376, -0.00029150, -0.00027977, -0.00026853
0.16643164, 0.16361358, 0.15527197, 0.14274388, 0.12756039, 0.11115844, 0.09466410, 0.07885694, 0.06422799, 0.05105728, 0.03947743, 0.02951762, 0.02113327, 0.01422749, 0.00866831, 0.00430315, 0.00097116, -0.00148711, -0.00322253, -0.00437275, -0.00505972, -0.00538891, -0.00544964, -0.00531617, -0.00504907, -0.00469682, -0.00429736, -0.00387957, -0.00346469, -0.00306759, -0.00269800, -0.00236157, -0.00206078, -0.00179582, -0.00156528, -0.00136670, -0.00119703, -0.00105300, -0.00093132, -0.00082886, -0.00074275, -0.00067043, -0.00060963, -0.00055841, -0.00051508, -0.00047824, -0.00044668, -0.00041940, -0.00039558, -0.00037455, -0.00035575, -0.00033876, -0.00032322, -0.00030887, -0.00029550, -0.00028296, -0.00027112, -0.00025990, -0.00024922, -0.00023904, -0.00022931, -0.00022002
0.14250019, 0.14068695, 0.13522567, 0.12675698, 0.11606026, 0.10396903, 0.09124765, 0.07852581, 0.06628120, 0.05485009, 0.04444878, 0.03519652, 0.02713624, 0.02025255, 0.01448736, 0.00975334, 0.00594539, 0.00295009, 0.00065306, -0.00105570, -0.00227821, -0.00310642, -0.00362128, -0.00389261, -0.00397954, -0.00393128, -0.00378803, -0.00358203, -0.00333855, -0.00307693, -0.00281150, -0.00255244, -0.00230661, -0.00207825, -0.00186960, -0.00168140, -0.00151337, -0.00136452, -0.00123343, -0.00111850, -0.00101800, -0.00093025, -0.00085367, -0.00078676, -0.00072819, -0.00067677, -0.00063145, -0.00059132, -0.00055557, -0.00052354, -0.00049466, -0.00046844, -0.00044449, -0.00042248, -0.00040213, -0.00038324, -0.00036561, -0.00034910, -0.00033359, -0.00031898, -0.00030519, -0.00029216
0.16535742, 0.16255445, 0.15425773, 0.14179882, 0.12670471, 0.11041027, 0.09403987, 0.07836986, 0.06388585, 0.05086090, 0.03942035, 0.02958693, 0.02131121, 0.01449338, 0.00900040, 0.00468029, 0.00137393, -0.00107553, -0.00281598, -0.00398197, -0.00469252, -0.00505043, -0.00514278, -0.00504198, -0.00480719, -0.00448588, -0.00411526, -0.00372381, -0.00333255, -0.00295633, -0.00260495, -0.00228420, -0.00199678, -0.00174312, -0.00152204, -0.00133130, -0.00116810, -0.00102936, -0.00091198, -0.00081301, -0.00072972, -0.00065966, -0.00060069, -0.00055093, -0.00050878, -0.00047290, -0.00044211, -0.00041547, -0.00039218, -0.00037159, -0.00035317, -0.00033649, -0.00032122, -0.00030711, -0.00029396, -0.00028161, -0.00026995, -0.00025889, -0.00024837, -0.00023834, -0.00022875, -0.00021959
0.12576699, 0.12400298, 0.11871845, 0.11060564, 0.10049333, 0.08923222, 0.07756415, 0.06606661, 0.05515159, 0.04509000, 0.03604162, 0.02808157, 0.02122150, 0.01542638, 0.01062820, 0.00673742, 0.00365243, 0.00126727, -0.00052254, -0.00181582, -0.00270310, -0.00326514, -0.00357248, -0.00368547, -0.00365487, -0.00352256, -0.00332244, -0.00308134, -0.00281997, -0.00255380, -0.00229392, -0.00204787, -0.00182032, -0.00161373, -0.00142895, -0.00126564, -0.00112268, -0.00099850, -0.00089125, -0.00079903, -0.00071996, -0.00065228, -0.00059436, -0.00054474, -0.00050214, -0.00046543, -0.00043364, -0.00040594, -0.00038162, -0.00036008, -0.00034085, -0.00032351, -0.00030775, -0.00029328, -0.00027992, -0.00026748, -0.00025584, -0.00024490, -0.00023456, -0.00022478, -0.00021549, -0.00020667
0.12296517, 0.12151041, 0.11711426, 0.11025475, 0.10151844, 0.09154906, 0.08095529, 0.07025555, 0.05985702, 0.05005727, 0.04105670, 0.03297456, 0.02586468, 0.01972985, 0.01453467, 0.01021666, 0.00669595, 0.00388323, 0.00168619, 0.00001421, -0.00121817, -0.00208924, -0.00266890, -0.00301826, -0.00318977, -0.00322761, -0.00316837, -0.00304178, -0.00287152, -0.00267603, -0.00246928, -0.00226150, -0.00205991, -0.00186925, -0.00169240, -0.00153081, -0.00138485, -0.00125422, -0.00113810, -0.00103540, -0.00094490, -0.00086531, -0.00079538, -0.00073392, -0.00067983, -0.00063211, -0.00058988, -0.00055234, -0.00051881, -0.00048871, -0.00046152, -0.00043682, -0.00041424, -0.00039350, -0.00037434, -0.00035656, -0.00033999, -0.00032448, -0.00030993, -0.00029624, -0.00028334, -0.00027115
0.18408430, 0.18071335, 0.17079370, 0.15605335, 0.13842597, 0.11965143, 0.10102489, 0.08339200, 0.06725129, 0.05286369, 0.04033267, 0.02965508, 0.02075314, 0.01349700, 0.00772289, 0.00324870, -0.00011289, -0.00254398, -0.00421409, -0.00527561, -0.00586169, -0.00608601, -0.00604368, -0.00581286, -0.00545658, -0.00502473, -0.00455581, -0.00407871, -0.00361425, -0.00317659, -0.00277457, -0.00241280, -0.00209276, -0.00181361, -0.00157298, -0.00136757, -0.00119358, -0.00104711, -0.00092436, -0.00082180, -0.00073623, -0.00066486, -0.00060524, -0.00055530, -0.00051328, -0.00047768, -0.00044728, -0.00042104, -0.00039813, -0.00037788, -0.00035972, -0.00034324, -0.00032810, -0.00031404, -0.00030088, -0.00028846, -0.00027669, -0.00026548, -0.00025477, -0.00024452, -0.00023471, -0.00022530
0.19054717, 0.18653732, 0.17487583, 0.15791065, 0.13815081, 0.11767682, 0.09788363, 0.07957161, 0.06313986, 0.04874661, 0.03640821, 0.02605273, 0.01754934, 0.01072766, 0.00539353, 0.00134283, -0.00162654, -0.00370557, -0.00506785, -0.00586631, -0.00623220, -0.00627582, -0.00608820, -0.00574320, -0.00529969, -0.00480362, -0.00428991, -0.00378419, -0.00330433, -0.00286188, -0.00246332, -0.00211120, -0.00180520, -0.00154298, -0.00132092, -0.00113474, -0.00097989, -0.00085192, -0.00074666, -0.00066038, -0.00058976, -0.00053199, -0.00048465, -0.00044573, -0.00041356, -0.00038676, -0.00036417, -0.00034488, -0.00032813, -0.00031333, -0.00030001, -0.00028782, -0.00027650, -0.00026585, -0.00025574, -0.00024607, -0.00023678, -0.00022782, -0.00021917, -0.00021081, -0.00020272, -0.00019491
0.16101821, 0.15883306, 0.15227406, 0.14216797, 0.12951104, 0.11534166, 0.10058254, 0.08596733, 0.07203149, 0.05913593, 0.04750012, 0.03723327, 0.02836046, 0.02084415, 0.01460211, 0.00952265, 0.00547734, 0.00233135, -0.00004873, -0.00178923, -0.00300585, -0.00380174, -0.00426682, -0.00447796, -0.00449971, -0.00438532, -0.00417792, -0.00391177, -0.00361343, -0.00330291, -0.00299477, -0.00269911, -0.00242246, -0.00216854, -0.00193903, -0.00173406, -0.00155274, -0.00139353, -0.00125450, -0.00113357, -0.00102865, -0.00093772, -0.00085893, -0.00079057, -0.00073111, -0.00067922, -0.00063373, -0.00059362, -0.00055805, -0.00052627, -0.00049767, -0.00047174, -0.00044807, -0.00042631, -0.00040619, -0.00038747, -0.00036999, -0.00035359, -0.00033815, -0.00032358, -0.00030981, -0.00029677
0.16486336, 0.16261195, 0.15585521, 0.14544733, 0.13241594, 0.11783000, 0.10263816, 0.08759482, 0.07325180, 0.05998272, 0.04801624, 0.03746727, 0.02836316, 0.02066553, 0.01428878, 0.00911605, 0.00501269, 0.00183732, -0.00054982, -0.00228082, -0.00347634, -0.00424361, -0.00467578, -0.00485213, -0.00483900, -0.00469087, -0.00445165, -0.00415608, -0.00383094, -0.00349631, -0.00316668, -0.00285201, -0.00255864, -0.00229010, -0.00204782, -0.00183173, -0.00164074, -0.00147309, -0.00132671, -0.00119935, -0.00108879, -0.00099290, -0.00090972, -0.00083745, -0.00077450, -0.00071949, -0.00067118, -0.00062853, -0.00059064, -0.00055675, -0.00052622, -0.00049853, -0.00047323, -0.00044997, -0.00042846, -0.00040846, -0.00038978, -0.00037227, -0.00035580, -0.00034027, -0.00032560, -0.00031172
0.18213090, 0.17890189, 0.16937588, 0.15515665, 0.13805882, 0.11974629, 0.10148519, 0.08412164, 0.06816636, 0.05389411, 0.04142047, 0.03075256, 0.02182178, 0.01450694, 0.00865256, 0.00408424, 0.00062151, -0.00191199, -0.00368128, -0.00483551, -0.00550576, -0.00580455, -0.00582665, -0.00565039, -0.00533940, -0.00494435, -0.00450472, -0.00405039, -0.00360316, -0.00317813, -0.00278498, -0.00242912, -0.00211265, -0.00183533, -0.00159524, -0.00138947, -0.00121452, -0.00106673, -0.00094246, -0.00083831, -0.00075119, -0.00067833, -0.00061735, -0.00056618, -0.00052306, -0.00048651, -0.00045528, -0.00042833, -0.00040482, -0.00038405, -0.00036546, -0.00034862, -0.00033317, -0.00031886, -0.00030548, -0.00029288, -0.00028094, -0.00026959, -0.00025876, -0.00024841, -0.00023849, -0.00022899
0.13724768, 0.13552322, 0.13032600, 0.12225700, 0.11204850, 0.10048742, 0.08829966, 0.07608726, 0.06431033, 0.05329556, 0.04325537, 0.03430911, 0.02650240, 0.01982427, 0.01422193, 0.00961382, 0.00590055, 0.00297415, 0.00072513, -0.00095217, -0.00215608, -0.00297544, -0.00348867, -0.00376351, -0.00385743, -0.00381835, -0.00368545, -0.00349020, -0.00325732, -0.00300577, -0.00274961, -0.00249890, -0.00226043, -0.00203846, -0.00183527, -0.00165169, -0.00148751, -0.00134185, -0.00121340, -0.00110062, -0.00100188, -0.00091556, -0.00084013, -0.00077417, -0.00071637, -0.00066559, -0.00062079, -0.00058110, -0.00054573, -0.00051403, -0.00048545, -0.00045950, -0.00043581, -0.00041404, -0.00039393, -0.00037526, -0.00035786, -0.00034156, -0.00032627, -0.00031187, -0.00029829, -0.00028546
0.15080800, 0.14880664, 0.14279193, 0.13350332, 0.12183503, 0.10872778, 0.09502699, 0.08141346, 0.06839102, 0.05630459, 0.04536819, 0.03569247, 0.02730837, 0.02018695, 0.01425617, 0.00941526, 0.00554669, 0.00252604, 0.00022950, -0.00146071, -0.00265285, -0.00344373, -0.00391798, -0.00414811, -0.00419517, -0.00410963, -0.00393250, -0.00369644, -0.00342687, -0.00314307, -0.00285913, -0.00258494, -0.00232700, -0.00208915, -0.00187324, -0.00167963, -0.00150771, -0.00135618, -0.00122338, -0.00110745, -0.00100652, -0.00091875, -0.00084243, -0.00077599, -0.00071803, -0.00066728, -0.00062268, -0.00058326, -0.00054821, -0.00051685, -0.00048859, -0.00046295, -0.00043953, -0.00041799, -0.00039808, -0.00037957, -0.00036229, -0.00034608, -0.00033085, -0.00031648, -0.00030291, -0.00029007
0.20132047, 0.19735155, 0.18574121, 0.16867354, 0.14854049, 0.12740972, 0.10674178, 0.08742911, 0.06995380, 0.05453525, 0.04122977, 0.02998909, 0.02069462, 0.01318051, 0.00725179, 0.00269988, -0.00068429, -0.00310018, -0.00473067, -0.00573810, -0.00626282, -0.00642357, -0.00631895, -0.00602947, -0.00561971, -0.00514043, -0.00463063, -0.00411926, -0.00362695, -0.00316745, -0.00274902, -0.00237559, -0.00204790, -0.00176437, -0.00152195, -0.00131670, -0.00114429, -0.00100035, -0.00088074, -0.00078164, -0.00069967, -0.00063187, -0.00057572, -0.00052906, -0.00049010, -0.00045733, -0.00042949, -0.00040558, -0.00038474, -0.00036632, -0.00034977, -0.00033469, -0.00032077, -0.00030776, -0.00029550, -0.00028386, -0.00027276, -0.00026212, -0.00025192, -0.00024210, -0.00023266, -0.00022357
0.20754467, 0.20312709, 0.19029480, 0.17166357, 0.15001273, 0.12762650, 0.10602081, 0.08605627, 0.06815766, 0.05249118, 0.03907169, 0.02781957, 0.01859149, 0.01120094, 0.00543508, 0.00107001, -0.00211611, -0.00433295, -0.00577101, -0.00659798, -0.00695763, -0.00697058, -0.00673620, -0.00633490, -0.00583058, -0.00527297, -0.00469967, -0.00413813, -0.00360736, -0.00311947, -0.00268111, -0.00229470, -0.00195956, -0.00167289, -0.00143053, -0.00122765, -0.00105916, -0.00092011, -0.00080591, -0.00071240, -0.00063597, -0.00057350, -0.00052238, -0.00048038, -0.00044568, -0.00041678, -0.00039243, -0.00037163, -0.00035357, -0.00033760, -0.00032323, -0.00031007, -0.00029784, -0.00028632, -0.00027539, -0.00026492, -0.00025487, -0.00024517, -0.00023581, -0.00022675, -0.00021799, -0.00020953
0.14849479, 0.14604399, 0.13877683, 0.12782860, 0.11450988, 0.10006760, 0.08549356, 0.07148413, 0.05848313, 0.04674629, 0.03639686, 0.02746525, 0.01991624, 0.01366846, 0.00860968, 0.00460941, 0.00152940, -0.00076803, -0.00241391, -0.00352853, -0.00421922, -0.00457951, -0.00468923, -0.00461532, -0.00441283, -0.00412623, -0.00379061, -0.00343298, -0.00307340, -0.00272617, -0.00240083, -0.00210312, -0.00183585, -0.00159964, -0.00139356, -0.00121569, -0.00106350, -0.00093417, -0.00082487, -0.00073285, -0.00065557, -0.00059075, -0.00053636, -0.00049066, -0.00045212, -0.00041945, -0.00039158, -0.00036760, -0.00034674, -0.00032839, -0.00031205, -0.00029732, -0.00028388, -0.00027149, -0.00025995, -0.00024913, -0.00023892, -0.00022923, -0.00022000, -0.00021119, -0.00020277, -0.00019470
0.14816718, 0.14647884, 0.14136816, 0.13336803, 0.12313490, 0.11139928, 0.09886356, 0.08613720, 0.07370842, 0.06194143, 0.05108731, 0.04130043, 0.03265578, 0.02516560, 0.01879449, 0.01347302, 0.00910946, 0.00559965, 0.00283489, 0.00070788, -0.00088303, -0.00203121, -0.00282029, -0.00332352, -0.00360393, -0.00371480, -0.00370039, -0.00359687, -0.00343322, -0.00323220, -0.00301127, -0.00278342, -0.00255801, -0.00234144, -0.00213780, -0.00194944, -0.00177737, -0.00162168, -0.00148182, -0.00135685, -0.00124560, -0.00114676, -0.00105905, -0.00098121, -0.00091203, -0.00085043, -0.00079542, -0.00074612, -0.00070175, -0.00066163, -0.00062517, -0.00059189, -0.00056135, -0.00053319, -0.00050711, -0.00048288, -0.00046026, -0.00043910, -0.00041925, -0.00040057, -0.00038298, -0.00036639
0.14584839, 0.14381663, 0.13772667, 0.12836765, 0.11668536, 0.10365424, 0.09012870, 0.07677873, 0.06408689, 0.05237428, 0.04183329, 0.03255698, 0.02456302, 0.01781303, 0.01222867, 0.00770536, 0.00412375, 0.00135903, -0.00071191, -0.00220537, -0.00322768, -0.00387347, -0.00422503, -0.00435258, -0.00431494, -0.00416044, -0.00392810, -0.00364872, -0.00334599, -0.00303761, -0.00273627, -0.00245056, -0.00218585, -0.00194500, -0.00172899, -0.00153750, -0.00136928, -0.00122259, -0.00109535, -0.00098542, -0.00089069, -0.00080914, -0.00073894, -0.00067843, -0.00062615, -0.00058080, -0.00054129, -0.00050664, -0.00047605, -0.00044885, -0.00042445, -0.00040240, -0.00038231, -0.00036386, -0.00034680, -0.00033095, -0.00031613, -0.00030221, -0.00028910, -0.00027672, -0.00026500, -0.00025388
0.15486305, 0.15233374, 0.14482871, 0.13350882, 0.11971890, 0.10474565, 0.08961835, 0.07506298, 0.06154339, 0.04932703, 0.03854275, 0.02922276, 0.02133145, 0.01478583, 0.00947133, 0.00525471, 0.00199459, -0.00045010, -0.00221395, -0.00342088, -0.00418186, -0.00459389, -0.00474008, -0.00469030, -0.00450227, -0.00422270, -0.00388862, -0.00352861, -0.00316401, -0.00281013, -0.00247726, -0.00217171, -0.00189670, -0.00165312, -0.00144023, -0.00125619, -0.00109850, -0.00096436, -0.00085089, -0.00075530, -0.00067499, -0.00060762, -0.00055111, -0.00050363, -0.00046363, -0.00042976, -0.00040089, -0.00037608, -0.00035455, -0.00033564, -0.00031882, -0.00030369, -0.00028991, -0.00027723, -0.00026543, -0.00025438, -0.00024395, -0.00023406, -0.00022465, -0.00021566, -0.00020707, -0.00019884
0.16276147, 0.16030194, 0.15296563, 0.14179309, 0.12801254, 0.11284538, 0.09731659, 0.08219029, 0.06798632, 0.05502795, 0.04349068, 0.03344149, 0.02486823, 0.01770197, 0.01183487, 0.00713503, 0.00345876, 0.00066030, -0.00140089, -0.00285516, -0.00381985, -0.00439791, -0.00467781, -0.00473418, -0.00462886, -0.00441216, -0.00412425, -0.00379644, -0.00345253, -0.00310992, -0.00278081, -0.00247316, -0.00219158, -0.00193820, -0.00171326, -0.00151575, -0.00134384, -0.00119522, -0.00106739, -0.00095783, -0.00086414, -0.00078409, -0.00071567, -0.00065707, -0.00060675, -0.00056334, -0.00052568, -0.00049278, -0.00046381, -0.00043809, -0.00041502, -0.00039416, -0.00037512, -0.00035760, -0.00034135, -0.00032621, -0.00031200, -0.00029862, -0.00028598, -0.00027399, -0.00026262, -0.00025180
0.23250374, 0.22802998, 0.21491572, 0.19556359, 0.17262345, 0.14841761, 0.12461849, 0.10227558, 0.08197789, 0.06401171, 0.04846941, 0.03531516, 0.02442475, 0.01561330, 0.00865760, 0.00331555, -0.00065754, -0.00349616, -0.00541570, -0.00660740, -0.00723633, -0.00744173, -0.00733876, -0.00702098, -0.00656311, -0.00602359, -0.00544712, -0.00486686, -0.00430637, -0.00378144, -0.00330162, -0.00287161, -0.00249248, -0.00216273, -0.00187914, -0.00163747, -0.00143302, -0.00126100, -0.00111682, -0.00099626, -0.00089552, -0.00081131, -0.00074075, -0.00068142, -0.00063127, -0.00058858, -0.00055191, -0.00052009, -0.00049215, -0.00046730, -0.00044491, -0.00042451, -0.00040569, -0.00038818, -0.00037175, -0.00035625, -0.00034154, -0.00032755, -0.00031419, -0.00030143, -0.00028921, -0.00027751
0.19300690, 0.19009366, 0.18140203, 0.16815887, 0.15181139, 0.13379978, 0.11533580, 0.09732784, 0.08039962, 0.06494446, 0.05118048, 0.03919516, 0.02897915, 0.02045262, 0.01348692, 0.00792292, 0.00358644, 0.00030052, -0.00210538, -0.00378916, -0.00489250, -0.00553930, -0.00583558, -0.00587041, -0.00571726, -0.00543568, -0.00507300, -0.00466599, -0.00424245, -0.00382266, -0.00342071, -0.00304574, -0.00270296, -0.00239467, -0.00212098, -0.00188054, -0.00167105, -0.00148970, -0.00133343, -0.00119921, -0.00108413, -0.00098551, -0.00090092, -0.00082824, -0.00076557, -0.00071130, -0.00066403, -0.00062259, -0.00058597, -0.00055334, -0.00052401, -0.00049743, -0.00047313, -0.00045075, -0.00043000, -0.00041065, -0.00039251, -0.00037544, -0.00035933, -0.00034407, -0.00032961, -0.00031588
0.15150949, 0.14908126, 0.14186621, 0.13095536, 0.11761742, 0.10307747, 0.08832828, 0.07408230, 0.06080524, 0.04877411, 0.03812957, 0.02891488, 0.02110339, 0.01461877, 0.00935108, 0.00517016, 0.00193674, -0.00048881, -0.00223987, -0.00343936, -0.00419719, -0.00460940, -0.00475816, -0.00471247, -0.00452932, -0.00425483, -0.00392557, -0.00356981, -0.00320873, -0.00285754, -0.00252653, -0.00222206, -0.00194743, -0.00170364, -0.00149004, -0.00130489, -0.00114578, -0.00101001, -0.00089474, -0.00079727, -0.00071503, -0.00064572, -0.00058729, -0.00053794, -0.00049613, -0.00046054, -0.00043003, -0.00040367, -0.00038067, -0.00036039, -0.00034229, -0.00032596, -0.00031105, -0.00029731, -0.00028454, -0.00027257, -0.00026129, -0.00025060, -0.00024045, -0.00023077, -0.00022153, -0.00021269
0.31131354, 0.30210323, 0.27629585, 0.24110621, 0.20312846, 0.16658632, 0.13345618, 0.10437488, 0.07937900, 0.05827993, 0.04080662, 0.02664578, 0.01544968, 0.00684705, 0.00045626, -0.00409690, -0.00716257, -0.00905584, -0.01004902, -0.01037091, -0.01020876, -0.00971254, -0.00900094, -0.00816583, -0.00727738, -0.00638766, -0.00553371, -0.00474066, -0.00402356, -0.00338979, -0.00284078, -0.00237339, -0.00198169, -0.00165782, -0.00139317, -0.00117906, -0.00100716, -0.00087003, -0.00076105, -0.00067464, -0.00060618, -0.00055181, -0.00050851, -0.00047377, -0.00044559, -0.00042244, -0.00040299, -0.00038630, -0.00037155, -0.00035817, -0.00034574, -0.00033392, -0.00032254, -0.00031146, -0.00030062, -0.00029000, -0.00027957, -0.00026937, -0.00025939, -0.00024963, -0.00024012, -0.00023085
0.16692946, 0.16398746, 0.15530466, 0.14233478, 0.12672564, 0.10999261, 0.09329242, 0.07740034, 0.06278552, 0.04970117, 0.03825480, 0.02845475, 0.02024033, 0.01350288, 0.00810229, 0.00388091, 0.00067514, -0.00167544, -0.00332133, -0.00439903, -0.00502879, -0.00531419, -0.00534262, -0.00518647, -0.00490464, -0.00454410, -0.00414148, -0.00372451, -0.00331345, -0.00292238, -0.00256033, -0.00223237, -0.00194054, -0.00168467, -0.00146306, -0.00127306, -0.00111149, -0.00097500, -0.00086024, -0.00076409, -0.00068370, -0.00061651, -0.00056033, -0.00051323, -0.00047358, -0.00044002, -0.00041139, -0.00038672, -0.00036524, -0.00034630, -0.00032938, -0.00031407, -0.00030005, -0.00028708, -0.00027497, -0.00026357, -0.00025278, -0.00024252, -0.00023273, -0.00022337, -0.00021441, -0.00020583
0.15768119, 0.15526919, 0.14808015, 0.13714718, 0.12368641, 0.10890030, 0.09379108, 0.07910027, 0.06532825, 0.05278328, 0.04163038, 0.03192996, 0.02366646, 0.01676998, 0.01113351, 0.00662729, 0.00311059, 0.00044114, -0.00151788, -0.00289311, -0.00379829, -0.00433307, -0.00458293, -0.00461984, -0.00450336, -0.00428185, -0.00399386, -0.00366938, -0.00333111, -0.00299562, -0.00267444, -0.00237504, -0.00210168, -0.00185622, -0.00163875, -0.00144815, -0.00128256, -0.00113964, -0.00101693, -0.00091193, -0.00082228, -0.00074580, -0.00068052, -0.00062470, -0.00057681, -0.00053556, -0.00049981, -0.00046861, -0.00044116, -0.00041679, -0.00039495, -0.00037519, -0.00035715, -0.00034055, -0.00032515, -0.00031079, -0.00029731, -0.00028460, -0.00027259, -0.00026120, -0.00025039, -0.00024010
0.13240763, 0.13065186, 0.12537606, 0.11723122, 0.10700496, 0.09552534, 0.08353526, 0.07163087, 0.06025089, 0.04969328, 0.04014094, 0.03168673, 0.02435494, 0.01811888, 0.01291552, 0.00865772, 0.00524446, 0.00256899, 0.00052512, -0.00098828, -0.00206442, -0.00278689, -0.00322908, -0.00345416, -0.00351554, -0.00345764, -0.00331671, -0.00312175, -0.00289547, -0.00265513, -0.00241345, -0.00217938, -0.00195885, -0.00175541, -0.00157079, -0.00140542, -0.00125881, -0.00112987, -0.00101715, -0.00091907, -0.00083396, -0.00076023, -0.00069639, -0.00064106, -0.00059300, -0.00055112, -0.00051446, -0.00048220, -0.00045363, -0.00042814, -0.00040523, -0.00038448, -0.00036554, -0.00034814, -0.00033204, -0.00031706, -0.00030306, -0.00028991, -0.00027753, -0.00026583, -0.00025475, -0.00024425
0.15374794, 0.15130182, 0.14402984, 0.13302265, 0.11955134, 0.10484835, 0.08991717, 0.07548152, 0.06201683, 0.04980732, 0.03899841, 0.02963607, 0.02169474, 0.01509806, 0.00973524, 0.00547471, 0.00217544, -0.00030408, -0.00209915, -0.00333444, -0.00412147, -0.00455757, -0.00472598, -0.00469654, -0.00452681, -0.00426337, -0.00394311, -0.00359454, -0.00323903, -0.00289196, -0.00256380, -0.00226107, -0.00198723, -0.00174344, -0.00152922, -0.00134296, -0.00118239, -0.00104490, -0.00092777, -0.00082834, -0.00074412, -0.00067285, -0.00061251, -0.00056133, -0.00051776, -0.00048051, -0.00044845, -0.00042065, -0.00039631, -0.00037479, -0.00035555, -0.00033818, -0.00032233, -0.00030772, -0.00029416, -0.00028148, -0.00026955, -0.00025827, -0.00024758, -0.00023741, -0.00022772, -0.00021848
0.18040487, 0.17723177, 0.16786578, 0.15387120, 0.13701976, 0.11894058, 0.10087873, 0.08367191, 0.06783108, 0.05363613, 0.04120993, 0.03056728, 0.02164673, 0.01433323, 0.00847610, 0.00390447, 0.00044016, -0.00209195, -0.00385652, -0.00500288, -0.00566268, -0.00594920, -0.00595797, -0.00576801, -0.00544350, -0.00503553, -0.00458385, -0.00411849, -0.00366129, -0.00322737, -0.00282636, -0.00246359, -0.00214111, -0.00185857, -0.00161401, -0.00140441, -0.00122622, -0.00107570, -0.00094915, -0.00084312, -0.00075444, -0.00068031, -0.00061828, -0.00056625, -0.00052243, -0.00048531, -0.00045361, -0.00042629, -0.00040248, -0.00038147, -0.00036269, -0.00034571, -0.00033015, -0.00031576, -0.00030233, -0.00028969, -0.00027773, -0.00026637, -0.00025553, -0.00024518, -0.00023527, -0.00022578
0.12060494, 0.11918546, 0.11489543, 0.10820003, 0.09967038, 0.08993395, 0.07958454, 0.06912820, 0.05896242, 0.04937757, 0.04056916, 0.03265358, 0.02568360, 0.01966251, 0.01455652, 0.01030566, 0.00683298, 0.00405233, 0.00187442, 0.00021148, -0.00101951, -0.00189474, -0.00248240, -0.00284224, -0.00302565, -0.00307604, -0.00302942, -0.00291509, -0.00275648, -0.00257185, -0.00237508, -0.00217638, -0.00198295, -0.00179959, -0.00162924, -0.00147340, -0.00133255, -0.00120642, -0.00109428, -0.00099511, -0.00090773, -0.00083092, -0.00076348, -0.00070424, -0.00065215, -0.00060623, -0.00056563, -0.00052957, -0.00049740, -0.00046853, -0.00044248, -0.00041883, -0.00039724, -0.00037740, -0.00035907, -0.00034207, -0.00032623, -0.00031140, -0.00029749, -0.00028439, -0.00027205, -0.00026039
0.13601931, 0.13413087, 0.12847016, 0.11977020, 0.10891054, 0.09679835, 0.08422932, 0.07182674, 0.06003815, 0.04915982, 0.03936789, 0.03074643, 0.02331025, 0.01702303, 0.01181229, 0.00758187, 0.00422230, 0.00161924, -0.00034014, -0.00176260, -0.00274585, -0.00337705, -0.00373223, -0.00387639, -0.00386411, -0.00374043, -0.00354175, -0.00329694, -0.00302826, -0.00275242, -0.00248146, -0.00222360, -0.00198405, -0.00176564, -0.00156947, -0.00139537, -0.00124233, -0.00110879, -0.00099295, -0.00089287, -0.00080665, -0.00073246, -0.00066865, -0.00061369, -0.00056625, -0.00052515, -0.00048937, -0.00045804, -0.00043042, -0.00040587, -0.00038389, -0.00036402, -0.00034594, -0.00032934, -0.00031400, -0.00029974, -0.00028641, -0.00027389, -0.00026209, -0.00025094, -0.00024038, -0.00023036
0.25734912, 0.25188345, 0.23600431, 0.21293852, 0.18610791, 0.15832335, 0.13145728, 0.10658616, 0.08425710, 0.06469955, 0.04795175, 0.03392770, 0.02245454, 0.01329898, 0.00619025, 0.00084120, -0.00303345, -0.00570296, -0.00741101, -0.00837074, -0.00876336, -0.00873945, -0.00842166, -0.00790815, -0.00727607, -0.00658475, -0.00587860, -0.00518973, -0.00454010, -0.00394356, -0.00340752, -0.00293449, -0.00252343, -0.00217078, -0.00187152, -0.00161979, -0.00140953, -0.00123481, -0.00109013, -0.00097055, -0.00087176, -0.00079003, -0.00072223, -0.00066572, -0.00061830, -0.00057818, -0.00054386, -0.00051413, -0.00048802, -0.00046473, -0.00044365, -0.00042432, -0.00040636, -0.00038953, -0.00037361, -0.00035849, -0.00034405, -0.00033022, -0.00031697, -0.00030424, -0.00029201, -0.00028026
0.19838317, 0.19484148, 0.18439825, 0.16882310, 0.15011246, 0.13008932, 0.11013543, 0.09117195, 0.07375492, 0.05818441, 0.04458752, 0.03297260, 0.02326440, 0.01532911, 0.00899454, 0.00406731, 0.00034739, -0.00236052, -0.00423873, -0.00545157, -0.00614294, -0.00643591, -0.00643365, -0.00622104, -0.00586675, -0.00542518, -0.00493851, -0.00443851, -0.00394824, -0.00348356, -0.00305455, -0.00266671, -0.00232208, -0.00202018, -0.00175882, -0.00153474, -0.00134409, -0.00118286, -0.00104711, -0.00093313, -0.00083757, -0.00075746, -0.00069021, -0.00063358, -0.00058569, -0.00054494, -0.00050999, -0.00047972, -0.00045323, -0.00042975, -0.00040869, -0.00038957, -0.00037203, -0.00035576, -0.00034056, -0.00032626, -0.00031273, -0.00029988, -0.00028764, -0.00027595, -0.00026477, -0.00025408
0.17147887, 0.16905293, 0.16178718, 0.15063743, 0.13674642, 0.12128486, 0.10527262, 0.08950390, 0.07454657, 0.06077532, 0.04841171, 0.03755954, 0.02823349, 0.02038216, 0.01390744, 0.00868087, 0.00455752, 0.00138712, -0.00097747, -0.00267431, -0.00382876, -0.00455165, -0.00493879, -0.00507142, -0.00501720, -0.00483149, -0.00455875, -0.00423391, -0.00388378, -0.00352826, -0.00318158, -0.00285332, -0.00254942, -0.00227299, -0.00202505, -0.00180513, -0.00161177, -0.00144292, -0.00129622, -0.00116922, -0.00105949, -0.00096477, -0.00088297, -0.00081222, -0.00075086, -0.00069743, -0.00065068, -0.00060953, -0.00057307, -0.00054052, -0.00051124, -0.00048469, -0.00046045, -0.00043815, -0.00041752, -0.00039831, -0.00038036, -0.00036350, -0.00034763, -0.00033264, -0.00031846, -0.00030502
0.16643164, 0.16361358, 0.15527197, 0.14274388, 0.12756039, 0.11115844, 0.09466410, 0.07885694, 0.06422799, 0.05105728, 0.03947743, 0.02951762, 0.02113327, 0.01422749, 0.00866831, 0.00430315, 0.00097116, -0.00148711, -0.00322253, -0.00437275, -0.00505972, -0.00538891, -0.00544964, -0.00531617, -0.00504907, -0.00469682, -0.00429736, -0.00387957, -0.00346469, -0.00306759, -0.00269800, -0.00236157, -0.00206078, -0.00179582, -0.00156528, -0.00136670, -0.00119703, -0.00105300, -0.00093132, -0.00082886, -0.00074275, -0.00067043, -0.00060963, -0.00055841, -0.00051508, -0.00047824, -0.00044668, -0.00041940, -0.00039558, -0.00037455, -0.00035575, -0.00033876, -0.00032322, -0.00030887, -0.00029550, -0.00028296, -0.00027112, -0.00025990, -0.00024922, -0.00023904, -0.00022931, -0.00022002
0.16194503, 0.15909359, 0.15067834, 0.13810811, 0.12297796, 0.10675300, 0.09055081, 0.07512095, 0.06091858, 0.04819142, 0.03704702, 0.02749718, 0.01948650, 0.01291249, 0.00764145, 0.00352189, 0.00039581, -0.00189231, -0.00348896, -0.00452736, -0.00512532, -0.00538459, -0.00539126, -0.00521686, -0.00491966, -0.00454625, -0.00413293, -0.00370723, -0.00328922, -0.00289276, -0.00252672, -0.00219598, -0.00190241, -0.00164566, -0.00142388, -0.00123428, -0.00107354, -0.00093819, -0.00082482, -0.00073021, -0.00065144, -0.00058593, -0.00053142, -0.00048596, -0.00044792, -0.00041589, -0.00038872, -0.00036544, -0.00034526, -0.00032753, -0.00031175, -0.00029749, -0.00028445, -0.00027239, -0.00026111, -0.00025048, -0.00024040, -0.00023080, -0.00022162, -0.00021282, -0.00020438, -0.00019628
0.14508147, 0.14301602, 0.13683314, 0.12735447, 0.11556125, 0.10245516, 0.08890418, 0.07557948, 0.06295661, 0.05134584, 0.04092799, 0.03178553, 0.02392739, 0.01730844, 0.01184560, 0.00743122, 0.00394435, 0.00125970, -0.00074545, -0.00218646, -0.00316833, -0.00378416, -0.00411471, -0.00422867, -0.00418346, -0.00402617, -0.00379469, -0.00351888, -0.00322167, -0.00292009, -0.00262631, -0.00234853, -0.00209179, -0.00185872, -0.00165015, -0.00146564, -0.00130390, -0.00116313, -0.00104128, -0.00093620, -0.00084582, -0.00076816, -0.00070143, -0.00064401, -0.00059447, -0.00055156, -0.00051422, -0.00048151, -0.00045265, -0.00042700, -0.00040400, -0.00038321, -0.00036425, -0.00034684, -0.00033074, -0.00031575, -0.00030173, -0.00028856, -0.00027613, -0.00026439, -0.00025326, -0.00024270
0.36634796, 0.35506932, 0.32365077, 0.28121960, 0.23588712, 0.19262842, 0.15363421, 0.11953209, 0.09029971, 0.06569069, 0.04538001, 0.02899665, 0.01612522, 0.00631869, -0.00088511, -0.00593991, -0.00926914, -0.01125215, -0.01221406, -0.01242548, -0.01210531, -0.01142644, -0.01052394, -0.00950066, -0.00843401, -0.00738054, -0.00637953, -0.00545712, -0.00462813, -0.00389913, -0.00327023, -0.00273661, -0.00229068, -0.00192275, -0.00162255, -0.00137990, -0.00118505, -0.00102947, -0.00090554, -0.00080690, -0.00072835, -0.00066551, -0.00061503, -0.00057408, -0.00054045, -0.00051247, -0.00048863, -0.00046794, -0.00044948, -0.00043260, -0.00041689, -0.00040191, -0.00038754, -0.00037359, -0.00035999, -0.00034674, -0.00033378, -0.00032118, -0.00030890, -0.00029693, -0.00028533, -0.00027406
0.12450793, 0.12312720, 0.11894362, 0.11238270, 0.10396955, 0.09429288, 0.08392363, 0.07336178, 0.06301165, 0.05317799, 0.04407365, 0.03583225, 0.02852205, 0.02215933, 0.01672064, 0.01215377, 0.00838727, 0.00533843, 0.00291976, 0.00104395, -0.00037260, -0.00140738, -0.00213040, -0.00260354, -0.00288044, -0.00300681, -0.00302088, -0.00295410, -0.00283186, -0.00267424, -0.00249672, -0.00231096, -0.00212542, -0.00194597, -0.00177646, -0.00161914, -0.00147512, -0.00134463, -0.00122735, -0.00112255, -0.00102931, -0.00094657, -0.00087325, -0.00080830, -0.00075070, -0.00069952, -0.00065393, -0.00061317, -0.00057658, -0.00054356, -0.00051362, -0.00048634, -0.00046134, -0.00043832, -0.00041702, -0.00039724, -0.00037878, -0.00036152, -0.00034531, -0.00033006, -0.00031569, -0.00030213
0.15969290, 0.15703803, 0.14916969, 0.13732663, 0.12293608, 0.10735099, 0.09164272, 0.07655972, 0.06257636, 0.04996420, 0.03885258, 0.02927158, 0.02118119, 0.01449218, 0.00908242, 0.00481043, 0.00152658, -0.00091793, -0.00266450, -0.00384282, -0.00456845, -0.00494190, -0.00504889, -0.00496110, -0.00473743, -0.00442531, -0.00406210, -0.00367649, -0.00328974, -0.00291693, -0.00256808, -0.00224918, -0.00196311, -0.00171043, -0.00149009, -0.00129997, -0.00113732, -0.00099912, -0.00088232, -0.00078397, -0.00070136, -0.00063204, -0.00057385, -0.00052492, -0.00048364, -0.00044862, -0.00041872, -0.00039297, -0.00037056, -0.00035083, -0.00033325, -0.00031740, -0.00030294, -0.00028961, -0.00027720, -0.00026557, -0.00025459, -0.00024418, -0.00023427, -0.00022482, -0.00021578, -0.00020714
0.20894904, 0.20521141, 0.19419200, 0.17776247, 0.15803456, 0.13693545, 0.11592380, 0.09596916, 0.07765372, 0.06128878, 0.04700344, 0.03480261, 0.02460437, 0.01626639, 0.00960702, 0.00442310, 0.00050502, -0.00235162, -0.00433751, -0.00562450, -0.00636315, -0.00668229, -0.00669004, -0.00647550, -0.00611078, -0.00565317, -0.00514713, -0.00462618, -0.00411474, -0.00362960, -0.00318149, -0.00277629, -0.00241622, -0.00210084, -0.00182788, -0.00159393, -0.00139500, -0.00122688, -0.00108542, -0.00096676, -0.00086737, -0.00078415, -0.00071437, -0.00065570, -0.00060615, -0.00056405, -0.00052799, -0.00049681, -0.00046953, -0.00044539, -0.00042375, -0.00040410, -0.00038607, -0.00036936, -0.00035373, -0.00033901, -0.00032508, -0.00031184, -0.00029922, -0.00028715, -0.00027561, -0.00026457
0.14017354, 0.13808143, 0.13183685, 0.12231470, 0.11054919, 0.09757281, 0.08425652, 0.07125386, 0.05901330, 0.04781732, 0.03782291, 0.02909442, 0.02162812, 0.01537099, 0.01023566, 0.00611300, 0.00288243, 0.00042035, -0.00139352, -0.00267172, -0.00351632, -0.00401755, -0.00425347, -0.00429028, -0.00418309, -0.00397695, -0.00370787, -0.00340403, -0.00308680, -0.00277185, -0.00247012, -0.00218871, -0.00193173, -0.00170100, -0.00149666, -0.00131771, -0.00116240, -0.00102858, -0.00091392, -0.00081605, -0.00073275, -0.00066194, -0.00060175, -0.00055052, -0.00050679, -0.00046932, -0.00043703, -0.00040901, -0.00038449, -0.00036284, -0.00034354, -0.00032617, -0.00031036, -0.00029586, -0.00028245, -0.00026995, -0.00025824, -0.00024720, -0.00023677, -0.00022687, -0.00021746, -0.00020851
0.12276992, 0.12132007, 0.11693871, 0.11010208, 0.10139464, 0.09145795, 0.08089860, 0.07023309, 0.05986690, 0.05009611, 0.04111999, 0.03305704, 0.02596081, 0.01983426, 0.01464250, 0.01032383, 0.00679929, 0.00398051, 0.00177603, 0.00009601, -0.00114448, -0.00202327, -0.00261000, -0.00296565, -0.00314261, -0.00318509, -0.00312975, -0.00300642, -0.00283889, -0.00264569, -0.00244087, -0.00223478, -0.00203465, -0.00184532, -0.00166969, -0.00150922, -0.00136434, -0.00123473, -0.00111960, -0.00101785, -0.00092827, -0.00084957, -0.00078050, -0.00071987, -0.00066658, -0.00061962, -0.00057811, -0.00054127, -0.00050840, -0.00047892, -0.00045232, -0.00042817, -0.00040611, -0.00038586, -0.00036715, -0.00034979, -0.00033361, -0.00031847, -0.00030427, -0.00029090, -0.00027829, -0.00026638
0.17999247, 0.17737099, 0.16953310, 0.15754375, 0.14266906, 0.12618957, 0.10920351, 0.09255122, 0.07682211, 0.06239670, 0.04949324, 0.03820728, 0.02854258, 0.02043561, 0.01377577, 0.00842242, 0.00421925, 0.00100576, -0.00137409, -0.00306587, -0.00420109, -0.00489550, -0.00524876, -0.00534506, -0.00525423, -0.00503321, -0.00472751, -0.00437274, -0.00399605, -0.00361745, -0.00325110, -0.00290639, -0.00258896, -0.00230161, -0.00204501, -0.00181833, -0.00161982, -0.00144713, -0.00129764, -0.00116867, -0.00105763, -0.00096209, -0.00087984, -0.00080892, -0.00074758, -0.00069432, -0.00064782, -0.00060697, -0.00057083, -0.00053861, -0.00050965, -0.00048340, -0.00045943, -0.00043737, -0.00041695, -0.00039793, -0.00038013, -0.00036341, -0.00034764, -0.00033274, -0.00031863, -0.00030525
0.22521013, 0.22085407, 0.20809150, 0.18927426, 0.16698704, 0.14348428, 0.12038260, 0.09869442, 0.07898922, 0.06154637, 0.04645891, 0.03369545, 0.02313767, 0.01460689, 0.00788587, 0.00273802, -0.00107621, -0.00378661, -0.00560427, -0.00671647, -0.00728470, -0.00744498, -0.00730959, -0.00696961, -0.00649755, -0.00595003, -0.00537021, -0.00478995, -0.00423182, -0.00371078, -0.00323575, -0.00281099, -0.00243721, -0.00211269, -0.00183404, -0.00159695, -0.00139665, -0.00122836, -0.00108749, -0.00096982, -0.00087162, -0.00078960, -0.00072094, -0.00066325, -0.00061451, -0.00057303, -0.00053742, -0.00050651, -0.00047936, -0.00045521, -0.00043345, -0.00041359, -0.00039528, -0.00037823, -0.00036222, -0.00034711, -0.00033276, -0.00031911, -0.00030607, -0.00029361, -0.00028168, -0.00027025
0.27602972, 0.27056393, 0.25458066, 0.23109510, 0.20339536, 0.17431168, 0.14584121, 0.11921179, 0.09509919, 0.07382404, 0.05548165, 0.04001771, 0.02727354, 0.01701826, 0.00897556, 0.00284744, -0.00166553, -0.00484856, -0.00696187, -0.00823474, -0.00886349, -0.00901234, -0.00881594, -0.00838277, -0.00779869, -0.00713035, -0.00642820, -0.00572932, -0.00505973, -0.00443653, -0.00386973, -0.00336387, -0.00291941, -0.00253398, -0.00220331, -0.00192209, -0.00168454, -0.00148489, -0.00131765, -0.00117781, -0.00106090, -0.00096306, -0.00088095, -0.00081175, -0.00075310, -0.00070301, -0.00065985, -0.00062224, -0.00058910, -0.00055951, -0.00053278, -0.00050833, -0.00048574, -0.00046467, -0.00044489, -0.00042621, -0.00040848, -0.00039162, -0.00037553, -0.00036016, -0.00034546, -0.00033140
0.20349880, 0.19975096, 0.18872673, 0.17235615, 0.15279377, 0.13197176, 0.11132424, 0.09178632, 0.07390991, 0.05798502, 0.04412757, 0.03233459, 0.02251918, 0.01453545, 0.00819898, 0.00330458, -0.00035861, -0.00299524, -0.00479530, -0.00592894, -0.00654425, -0.00676704, -0.00670204, -0.00643481, -0.00603405, -0.00555378, -0.00503551, -0.00451022, -0.00400010, -0.00352018, -0.00307972, -0.00268352, -0.00233297, -0.00202704, -0.00176308, -0.00153744, -0.00134597, -0.00118443, -0.00104868, -0.00093489, -0.00083962, -0.00075981, -0.00069285, -0.00063647, -0.00058876, -0.00054814, -0.00051325, -0.00048299, -0.00045645, -0.00043288, -0.00041171, -0.00039245, -0.00037474, -0.00035831, -0.00034292, -0.00032844, -0.00031472, -0.00030169, -0.00028927, -0.00027742, -0.00026608, -0.00025524
0.20042190, 0.19700185, 0.18688256, 0.17169724, 0.15331555, 0.13348929, 0.11358729, 0.09455246, 0.07697369, 0.06118166, 0.04732745, 0.03543698, 0.02544779, 0.01723551, 0.01063501, 0.00545807, 0.00150819, -0.00140780, -0.00347134, -0.00484684, -0.00567907, -0.00609241, -0.00619165, -0.00606346, -0.00577829, -0.00539231, -0.00494941, -0.00448296, -0.00401753, -0.00357039, -0.00315289, -0.00277171, -0.00242991, -0.00212792, -0.00186430, -0.00163642, -0.00144097, -0.00127433, -0.00113288, -0.00101315, -0.00091195, -0.00082642, -0.00075404, -0.00069263, -0.00064031, -0.00059548, -0.00055680, -0.00052313, -0.00049355, -0.00046727, -0.00044369, -0.00042229, -0.00040268, -0.00038454, -0.00036765, -0.00035181, -0.00033687, -0.00032274, -0.00030933, -0.00029656, -0.00028439, -0.00027279
0.18040487, 0.17723177, 0.16786578, 0.15387120, 0.13701976, 0.11894058, 0.10087873, 0.08367191, 0.06783108, 0.05363613, 0.04120993, 0.03056728, 0.02164673, 0.01433323, 0.00847610, 0.00390447, 0.00044016, -0.00209195, -0.00385652, -0.00500288, -0.00566268, -0.00594920, -0.00595797, -0.00576801, -0.00544350, -0.00503553, -0.00458385, -0.00411849, -0.00366129, -0.00322737, -0.00282636, -0.00246359, -0.00214111, -0.00185857, -0.00161401, -0.00140441, -0.00122622, -0.00107570, -0.00094915, -0.00084312, -0.00075444, -0.00068031, -0.00061828, -0.00056625, -0.00052243, -0.00048531, -0.00045361, -0.00042629, -0.00040248, -0.00038147, -0.00036269, -0.00034571, -0.00033015, -0.00031576, -0.00030233, -0.00028969, -0.00027773, -0.00026637, -0.00025553, -0.00024518, -0.00023527, -0.00022578
0.14658531, 0.14456824, 0.13851786, 0.12920696, 0.11756370, 0.10454964, 0.09101365, 0.07762666, 0.06487616, 0.05308982, 0.04246652, 0.03310495, 0.02502712, 0.01819778, 0.01254061, 0.00795212, 0.00431334, 0.00149936, -0.00061335, -0.00214175, -0.00319289, -0.00386211, -0.00423244, -0.00437475, -0.00434843, -0.00420237, -0.00397603, -0.00370063, -0.00340022, -0.00309282, -0.00279139, -0.00250478, -0.00223855, -0.00199573, -0.00177747, -0.00158353, -0.00141280, -0.00126357, -0.00113384, -0.00102150, -0.00092445, -0.00084072, -0.00076846, -0.00070603, -0.00065195, -0.00060494, -0.00056389, -0.00052782, -0.00049592, -0.00046751, -0.00044200, -0.00041892, -0.00039788, -0.00037855, -0.00036069, -0.00034409, -0.00032858, -0.00031402, -0.00030032, -0.00028738, -0.00027514, -0.00026354
0.13765277, 0.13598378, 0.13094626, 0.12310365, 0.11314573, 0.10182279, 0.08983649, 0.07777683, 0.06610071, 0.05513660, 0.04510132, 0.03611980, 0.02824395, 0.02146943, 0.01575031, 0.01101168, 0.00716039, 0.00409394, 0.00170746, -0.00010117, -0.00142766, -0.00235922, -0.00297333, -0.00333750, -0.00350940, -0.00353749, -0.00346175, -0.00331457, -0.00312164, -0.00290290, -0.00267339, -0.00244406, -0.00222254, -0.00201383, -0.00182087, -0.00164506, -0.00148669, -0.00134530, -0.00121989, -0.00110922, -0.00101188, -0.00092644, -0.00085149, -0.00078572, -0.00072792, -0.00067699, -0.00063195, -0.00059196, -0.00055626, -0.00052422, -0.00049529, -0.00046900, -0.00044497, -0.00042288, -0.00040247, -0.00038351, -0.00036583, -0.00034928, -0.00033374, -0.00031911, -0.00030531, -0.00029227
0.14034906, 0.13826817, 0.13205462, 0.12257300, 0.11084708, 0.09790222, 0.08460651, 0.07161377, 0.05937412, 0.04817191, 0.03816568, 0.02942091, 0.02193470, 0.01565475, 0.01049443, 0.00634533, 0.00308768, 0.00059867, -0.00124125, -0.00254397, -0.00341107, -0.00393242, -0.00418589, -0.00423766, -0.00414293, -0.00394693, -0.00368595, -0.00338842, -0.00307602, -0.00276470, -0.00246566, -0.00218621, -0.00193064, -0.00170092, -0.00149730, -0.00131887, -0.00116393, -0.00103039, -0.00091593, -0.00081824, -0.00073508, -0.00066440, -0.00060433, -0.00055321, -0.00050960, -0.00047224, -0.00044006, -0.00041214, -0.00038772, -0.00036617, -0.00034695, -0.00032963, -0.00031389, -0.00029943, -0.00028605, -0.00027358, -0.00026187, -0.00025084, -0.00024040, -0.00023049, -0.00022107, -0.00021209
0.09912658, 0.09812352, 0.09507348, 0.09025767, 0.08402470, 0.07677642, 0.06891608, 0.06081061, 0.05276931, 0.04503606, 0.03779037, 0.03115341, 0.02519611, 0.01994797, 0.01540565, 0.01154109, 0.00830868, 0.00565159, 0.00350696, 0.00181002, 0.00049719, -0.00049168, -0.00121197, -0.00171338, -0.00203971, -0.00222876, -0.00231268, -0.00231825, -0.00226746, -0.00217800, -0.00206382, -0.00193566, -0.00180159, -0.00166747, -0.00153736, -0.00141395, -0.00129883, -0.00119280, -0.00109608, -0.00100849, -0.00092958, -0.00085874, -0.00079530, -0.00073852, -0.00068770, -0.00064216, -0.00060127, -0.00056445, -0.00053119, -0.00050102, -0.00047353, -0.00044839, -0.00042529, -0.00040397, -0.00038422, -0.00036584, -0.00034870, -0.00033265, -0.00031759, -0.00030343, -0.00029009, -0.00027750
0.14250019, 0.14068695, 0.13522567, 0.12675698, 0.11606026, 0.10396903, 0.09124765, 0.07852581, 0.06628120, 0.05485009, 0.04444878, 0.03519652, 0.02713624, 0.02025255, 0.01448736, 0.00975334, 0.00594539, 0.00295009, 0.00065306, -0.00105570, -0.00227821, -0.00310642, -0.00362128, -0.00389261, -0.00397954, -0.00393128, -0.00378803, -0.00358203, -0.00333855, -0.00307693, -0.00281150, -0.00255244, -0.00230661, -0.00207825, -0.00186960, -0.00168140, -0.00151337, -0.00136452, -0.00123343, -0.00111850, -0.00101800, -0.00093025, -0.00085367, -0.00078676, -0.00072819, -0.00067677, -0.00063145, -0.00059132, -0.00055557, -0.00052354, -0.00049466, -0.00046844, -0.00044449, -0.00042248, -0.00040213, -0.00038324, -0.00036561, -0.00034910, -0.00033359, -0.00031898, -0.00030519, -0.00029216
0.14651914, 0.14445206, 0.13826148, 0.12876334, 0.11693420, 0.10377494, 0.09015647, 0.07675464, 0.06404947, 0.05235454, 0.04185260, 0.03262718, 0.02468775, 0.01798961, 0.01245019, 0.00796246, 0.00440614, 0.00165663, -0.00040822, -0.00190334, -0.00293351, -0.00359179, -0.00395909, -0.00410440, -0.00408553, -0.00395008, -0.00373646, -0.00347508, -0.00318936, -0.00289684, -0.00261010, -0.00233773, -0.00208511, -0.00185512, -0.00164884, -0.00146600, -0.00130546, -0.00116554, -0.00104427, -0.00093960, -0.00084948, -0.00077200, -0.00070537, -0.00064801, -0.00059851, -0.00055563, -0.00051830, -0.00048559, -0.00045674, -0.00043108, -0.00040808, -0.00038727, -0.00036830, -0.00035087, -0.00033474, -0.00031972, -0.00030567, -0.00029246, -0.00028000, -0.00026822, -0.00025704, -0.00024644
0.15188821, 0.14969921, 0.14315091, 0.13312458, 0.12067008, 0.10685344, 0.09259286, 0.07859377, 0.06535281, 0.05319182, 0.04229661, 0.03275010, 0.02455837, 0.01767117, 0.01199874, 0.00742594, 0.00382402, 0.00106013, -0.00099547, -0.00246441, -0.00345708, -0.00407112, -0.00439101, -0.00448844, -0.00442313, -0.00424397, -0.00399020, -0.00369264, -0.00337485, -0.00305429, -0.00274334, -0.00245030, -0.00218017, -0.00193549, -0.00171696, -0.00152395, -0.00135502, -0.00120818, -0.00108122, -0.00097187, -0.00087788, -0.00079720, -0.00072791, -0.00066832, -0.00061693, -0.00057244, -0.00053372, -0.00049981, -0.00046990, -0.00044330, -0.00041945, -0.00039787, -0.00037821, -0.00036013, -0.00034341, -0.00032784, -0.00031328, -0.00029959, -0.00028668, -0.00027447, -0.00026290, -0.00025192
0.19413114, 0.19114442, 0.18224456, 0.16871453, 0.15206051, 0.13376709, 0.11506942, 0.09688227, 0.07982614, 0.06428728, 0.05047618, 0.03847338, 0.02826349, 0.01976149, 0.01283421, 0.00731855, 0.00303691, -0.00019062, -0.00253700, -0.00416209, -0.00520908, -0.00580301, -0.00605068, -0.00604164, -0.00584960, -0.00553416, -0.00514249, -0.00471110, -0.00426745, -0.00383139, -0.00341658, -0.00303169, -0.00268150, -0.00236787, -0.00209056, -0.00184787, -0.00163722, -0.00145552, -0.00129953, -0.00116604, -0.00105200, -0.00095463, -0.00087143, -0.00080018, -0.00073896, -0.00068612, -0.00064025, -0.00060013, -0.00056477, -0.00053333, -0.00050511, -0.00047956, -0.00045622, -0.00043473, -0.00041480, -0.00039620, -0.00037876, -0.00036234, -0.00034683, -0.00033213, -0.00031818, -0.00030492
0.14682944, 0.14475272, 0.13853313, 0.12898946, 0.11710027, 0.10386745, 0.09016306, 0.07666560, 0.06385988, 0.05206564, 0.04147219, 0.03216863, 0.02416833, 0.01742853, 0.01186665, 0.00737417, 0.00382827, 0.00110131, -0.00093206, -0.00238974, -0.00337912, -0.00399542, -0.00432119, -0.00442664, -0.00437041, -0.00420056, -0.00395578, -0.00366651, -0.00335609, -0.00304189, -0.00273628, -0.00244758, -0.00218089, -0.00193885, -0.00172226, -0.00153063, -0.00136260, -0.00121630, -0.00108959, -0.00098025, -0.00088612, -0.00080518, -0.00073556, -0.00067559, -0.00062379, -0.00057889, -0.00053976, -0.00050545, -0.00047516, -0.00044820, -0.00042402, -0.00040215, -0.00038220, -0.00036387, -0.00034692, -0.00033114, -0.00031638, -0.00030252, -0.00028945, -0.00027710, -0.00026540, -0.00025431
0.21983875, 0.21560254, 0.20318807, 0.18487638, 0.16317758, 0.14028495, 0.11777367, 0.09663087, 0.07741154, 0.06038756, 0.04564948, 0.03316740, 0.02282776, 0.01445899, 0.00785244, 0.00278069, -0.00098694, -0.00367219, -0.00547937, -0.00659038, -0.00716268, -0.00732950, -0.00720135, -0.00686827, -0.00640231, -0.00585997, -0.00528447, -0.00470787, -0.00415291, -0.00363476, -0.00316249, -0.00274042, -0.00236937, -0.00204762, -0.00177180, -0.00153757, -0.00134016, -0.00117475, -0.00103674, -0.00092188, -0.00082642, -0.00074706, -0.00068095, -0.00062571, -0.00057930, -0.00054003, -0.00050650, -0.00047755, -0.00045224, -0.00042980, -0.00040964, -0.00039127, -0.00037433, -0.00035855, -0.00034372, -0.00032969, -0.00031635, -0.00030363, -0.00029145, -0.00027978, -0.00026858, -0.00025784
0.20894904, 0.20521141, 0.19419200, 0.17776247, 0.15803456, 0.13693545, 0.11592380, 0.09596916, 0.07765372, 0.06128878, 0.04700344, 0.03480261, 0.02460437, 0.01626639, 0.00960702, 0.00442310, 0.00050502, -0.00235162, -0.00433751, -0.00562450, -0.00636315, -0.00668229, -0.00669004, -0.00647550, -0.00611078, -0.00565317, -0.00514713, -0.00462618, -0.00411474, -0.00362960, -0.00318149, -0.00277629, -0.00241622, -0.00210084, -0.00182788, -0.00159393, -0.00139500, -0.00122688, -0.00108542, -0.00096676, -0.00086737, -0.00078415, -0.00071437, -0.00065570, -0.00060615, -0.00056405, -0.00052799, -0.00049681, -0.00046953, -0.00044539, -0.00042375, -0.00040410, -0.00038607, -0.00036936, -0.00035373, -0.00033901, -0.00032508, -0.00031184, -0.00029922, -0.00028715, -0.00027561, -0.00026457
0.20694661, 0.20301082, 0.19146396, 0.17439943, 0.15413362, 0.13270786, 0.11160164, 0.09174984, 0.07368130, 0.05765635, 0.04376300, 0.03197538, 0.02218931, 0.01424677, 0.00795538, 0.00310524, -0.00051692, -0.00311662, -0.00488376, -0.00598804, -0.00657699, -0.00677595, -0.00668936, -0.00640272, -0.00598475, -0.00548960, -0.00495890, -0.00442369, -0.00390616, -0.00342124, -0.00297803, -0.00258104, -0.00223139, -0.00192773, -0.00166709, -0.00144554, -0.00125869, -0.00110206, -0.00097135, -0.00086260, -0.00077226, -0.00069722, -0.00063480, -0.00058272, -0.00053905, -0.00050218, -0.00047078, -0.00044374, -0.00042016, -0.00039931, -0.00038060, -0.00036360, -0.00034794, -0.00033336, -0.00031967, -0.00030673, -0.00029442, -0.00028267, -0.00027142, -0.00026063, -0.00025027, -0.00024033
0.13717415, 0.13508369, 0.12885234, 0.11937425, 0.10770262, 0.09487970, 0.08177433, 0.06902880, 0.05707564, 0.04618051, 0.03648519, 0.02804163, 0.02083697, 0.01481220, 0.00987684, 0.00592098, 0.00282517, 0.00046823, -0.00126687, -0.00248896, -0.00329633, -0.00377561, -0.00400155, -0.00403747, -0.00393606, -0.00374036, -0.00348481, -0.00319631, -0.00289530, -0.00259674, -0.00231105, -0.00204500, -0.00180243, -0.00158504, -0.00139290, -0.00122498, -0.00107957, -0.00095457, -0.00084772, -0.00075675, -0.00067951, -0.00061402, -0.00055850, -0.00051137, -0.00047125, -0.00043694, -0.00040745, -0.00038190, -0.00035957, -0.00033987, -0.00032231, -0.00030648, -0.00029207, -0.00027883, -0.00026656, -0.00025510, -0.00024433, -0.00023417, -0.00022454, -0.00021539, -0.00020667, -0.00019836
0.14032371, 0.13848651, 0.13296186, 0.12442059, 0.11367550, 0.10158545, 0.08892622, 0.07632568, 0.06425078, 0.05302295, 0.04284324, 0.03381741, 0.02597774, 0.01930124, 0.01372495, 0.00915900, 0.00549754, 0.00262767, 0.00043631, -0.00118472, -0.00233545, -0.00310582, -0.00357487, -0.00381065, -0.00387072, -0.00380289, -0.00364614, -0.00343162, -0.00318368, -0.00292083, -0.00265669, -0.00240086, -0.00215968, -0.00193697, -0.00173461, -0.00155308, -0.00139187, -0.00124983, -0.00112543, -0.00101694, -0.00092261, -0.00084072, -0.00076965, -0.00070791, -0.00065418, -0.00060726, -0.00056612, -0.00052986, -0.00049771, -0.00046901, -0.00044321, -0.00041985, -0.00039855, -0.00037900, -0.00036094, -0.00034417, -0.00032851, -0.00031384, -0.00030005, -0.00028704, -0.00027475, -0.00026313
0.23200146, 0.22619520, 0.20959939, 0.18618130, 0.15988694, 0.13361938, 0.10903952, 0.08691434, 0.06751021, 0.05084620, 0.03681926, 0.02525740, 0.01594265, 0.00862660, 0.00304460, -0.00106983, -0.00397207, -0.00589691, -0.00705231, -0.00761710, -0.00774130, -0.00754821, -0.00713761, -0.00658880, -0.00596380, -0.00530995, -0.00466222, -0.00404539, -0.00347572, -0.00296268, -0.00251040, -0.00211893, -0.00178547, -0.00150532, -0.00127275, -0.00108161, -0.00092580, -0.00079962, -0.00069791, -0.00061619, -0.00055064, -0.00049805, -0.00045577, -0.00042164, -0.00039387, -0.00037103, -0.00035197, -0.00033574, -0.00032162, -0.00030903, -0.00029755, -0.00028684, -0.00027670, -0.00026698, -0.00025757, -0.00024843, -0.00023952, -0.00023083, -0.00022235, -0.00021408, -0.00020603, -0.00019820
0.12854696, 0.12710584, 0.12274165, 0.11590464, 0.10715018, 0.09709841, 0.08634772, 0.07541892, 0.06473014, 0.05459386, 0.04522602, 0.03676008, 0.02926207, 0.02274478, 0.01718069, 0.01251338, 0.00866731, 0.00555601, 0.00308870, 0.00117520, -0.00027044, -0.00132765, -0.00206798, -0.00255452, -0.00284187, -0.00297643, -0.00299700, -0.00293544, -0.00281744, -0.00266330, -0.00248868, -0.00230535, -0.00212186, -0.00194415, -0.00177611, -0.00162003, -0.00147705, -0.00134743, -0.00123086, -0.00112663, -0.00103384, -0.00095145, -0.00087839, -0.00081361, -0.00075612, -0.00070500, -0.00065942, -0.00061863, -0.00058198, -0.00054888, -0.00051884, -0.00049144, -0.00046631, -0.00044315, -0.00042172, -0.00040179, -0.00038319, -0.00036578, -0.00034943, -0.00033405, -0.00031955, -0.00030586
0.21296033, 0.20881309, 0.19667120, 0.17879105, 0.15764219, 0.13536532, 0.11348543, 0.09295222, 0.07429828, 0.05778522, 0.04350109, 0.03141759, 0.02142458, 0.01335444, 0.00700257, 0.00214544, -0.00144381, -0.00398323, -0.00567340, -0.00669262, -0.00719484, -0.00730991, -0.00714521, -0.00678791, -0.00630747, -0.00575816, -0.00518126, -0.00460723, -0.00405752, -0.00354624, -0.00308168, -0.00266760, -0.00230439, -0.00199005, -0.00172106, -0.00149299, -0.00130104, -0.00114040, -0.00100651, -0.00089518, -0.00080272, -0.00072587, -0.00066188, -0.00060840, -0.00056345, -0.00052540, -0.00049288, -0.00046477, -0.00044017, -0.00041834, -0.00039869, -0.00038077, -0.00036424, -0.00034883, -0.00033433, -0.00032062, -0.00030757, -0.00029512, -0.00028321, -0.00027179, -0.00026084, -0.00025034
0.16391866, 0.16143473, 0.15402628, 0.14274452, 0.12882733, 0.11350274, 0.09780046, 0.08248974, 0.06809746, 0.05495547, 0.04324812, 0.03305003, 0.02435447, 0.01709532, 0.01116503, 0.00642996, 0.00274319, -0.00004508, -0.00207976, -0.00349547, -0.00441344, -0.00493998, -0.00516637, -0.00516942, -0.00501259, -0.00474739, -0.00441471, -0.00404631, -0.00366612, -0.00329153, -0.00293455, -0.00260285, -0.00230075, -0.00202997, -0.00179041, -0.00158070, -0.00139864, -0.00124163, -0.00110689, -0.00099166, -0.00089331, -0.00080943, -0.00073785, -0.00067666, -0.00062418, -0.00057897, -0.00053980, -0.00050562, -0.00047556, -0.00044889, -0.00042500, -0.00040341, -0.00038371, -0.00036560, -0.00034883, -0.00033319, -0.00031852, -0.00030472, -0.00029168, -0.00027932, -0.00026759, -0.00025644
0.22920453, 0.22462935, 0.21125771, 0.19163425, 0.16853835, 0.14435954, 0.12077268, 0.09878968, 0.07894747, 0.06148181, 0.04644347, 0.03376598, 0.02330501, 0.01486457, 0.00821751, 0.00312308, -0.00065848, -0.00335464, -0.00517291, -0.00629665, -0.00688370, -0.00706701, -0.00695654, -0.00664175, -0.00619415, -0.00566982, -0.00511171, -0.00455167, -0.00401234, -0.00350881, -0.00305012, -0.00264057, -0.00228098, -0.00196962, -0.00170315, -0.00147727, -0.00128725, -0.00112835, -0.00099601, -0.00088611, -0.00079494, -0.00071930, -0.00065643, -0.00060399, -0.00056002, -0.00052288, -0.00049120, -0.00046388, -0.00043998, -0.00041878, -0.00039970, -0.00038229, -0.00036619, -0.00035115, -0.00033698, -0.00032355, -0.00031075, -0.00029851, -0.00028678, -0.00027552, -0.00026470, -0.00025430
0.32327589, 0.31400780, 0.28792618, 0.25210183, 0.21312323, 0.17534446, 0.14090042, 0.11054673, 0.08438709, 0.06226242, 0.04390882, 0.02900812, 0.01720183, 0.00810481, 0.00132041, -0.00354065, -0.00684300, -0.00891483, -0.01004008, -0.01045738, -0.01036208, -0.00991071, -0.00922706, -0.00840707, -0.00752403, -0.00663249, -0.00577146, -0.00496762, -0.00423730, -0.00358888, -0.00302457, -0.00254187, -0.00213531, -0.00179733, -0.00151954, -0.00129339, -0.00111058, -0.00096366, -0.00084596, -0.00075182, -0.00067655, -0.00061619, -0.00056762, -0.00052824, -0.00049599, -0.00046923, -0.00044660, -0.00042709, -0.00040983, -0.00039419, -0.00037972, -0.00036606, -0.00035300, -0.00034039, -0.00032813, -0.00031621, -0.00030457, -0.00029325, -0.00028222, -0.00027148, -0.00026105, -0.00025092
0.18467111, 0.18108655, 0.17058853, 0.15512283, 0.13682759, 0.11756382, 0.09865903, 0.08093590, 0.06484874, 0.05061329, 0.03829516, 0.02786223, 0.01921558, 0.01221054, 0.00667341, 0.00241585, -0.00075278, -0.00301581, -0.00454243, -0.00548371, -0.00597088, -0.00611541, -0.00601011, -0.00573089, -0.00533869, -0.00488144, -0.00439588, -0.00390932, -0.00344114, -0.00300426, -0.00260640, -0.00225125, -0.00193948, -0.00166961, -0.00143875, -0.00124319, -0.00107884, -0.00094159, -0.00082752, -0.00073300, -0.00065482, -0.00059018, -0.00053666, -0.00049222, -0.00045513, -0.00042397, -0.00039753, -0.00037485, -0.00035513, -0.00033773, -0.00032214, -0.00030797, -0.00029491, -0.00028275, -0.00027130, -0.00026045, -0.00025011, -0.00024022, -0.00023074, -0.00022162, -0.00021285, -0.00020441
0.17802584, 0.17529756, 0.16716592, 0.15479944, 0.13957290, 0.12284532, 0.10574990, 0.08912641, 0.07354320, 0.05935193, 0.04674185, 0.03578291, 0.02645773, 0.01868621, 0.01234534, 0.00728586, 0.00334606, 0.00036273, -0.00182064, -0.00334846, -0.00434993, -0.00493782, -0.00520844, -0.00524259, -0.00510684, -0.00485512, -0.00453021, -0.00416537, -0.00378568, -0.00340945, -0.00304937, -0.00271365, -0.00240695, -0.00213132, -0.00188681, -0.00167219, -0.00148537, -0.00132377, -0.00118465, -0.00106527, -0.00096299, -0.00087543, -0.00080039, -0.00073595, -0.00068044, -0.00063240, -0.00059058, -0.00055392, -0.00052155, -0.00049270, -0.00046677, -0.00044326, -0.00042176, -0.00040195, -0.00038357, -0.00036642, -0.00035034, -0.00033519, -0.00032088, -0.00030734, -0.00029448, -0.00028227
0.11445986, 0.11291314, 0.10827043, 0.10111707, 0.09215847, 0.08212966, 0.07168305, 0.06133616, 0.05146540, 0.04232356, 0.03406396, 0.02676313, 0.02043947, 0.01506838, 0.01059456, 0.00694226, 0.00402386, 0.00174674, 0.00001859, -0.00124869, -0.00213648, -0.00271799, -0.00305758, -0.00321076, -0.00322451, -0.00313784, -0.00298257, -0.00278408, -0.00256210, -0.00233157, -0.00210335, -0.00188495, -0.00168123, -0.00149494, -0.00132725, -0.00117822, -0.00104710, -0.00093268, -0.00083346, -0.00074782, -0.00067414, -0.00061087, -0.00055658, -0.00050996, -0.00046985, -0.00043524, -0.00040522, -0.00037904, -0.00035605, -0.00033569, -0.00031753, -0.00030117, -0.00028631, -0.00027270, -0.00026014, -0.00024847, -0.00023756, -0.00022732, -0.00021767, -0.00020854, -0.00019988, -0.00019166
0.11577028, 0.11450992, 0.11068879, 0.10468953, 0.09698503, 0.08810808, 0.07857834, 0.06885349, 0.05930573, 0.05021706, 0.04178561, 0.03413685, 0.02733610, 0.02140085, 0.01631191, 0.01202349, 0.00847190, 0.00558279, 0.00327713, 0.00147570, 0.00010236, -0.00091371, -0.00163671, -0.00212359, -0.00242387, -0.00257989, -0.00262724, -0.00259529, -0.00250786, -0.00238390, -0.00223813, -0.00208172, -0.00192288, -0.00176740, -0.00161916, -0.00148056, -0.00135287, -0.00123657, -0.00113155, -0.00103731, -0.00095313, -0.00087818, -0.00081153, -0.00075231, -0.00069964, -0.00065272, -0.00061081, -0.00057326, -0.00053947, -0.00050892, -0.00048117, -0.00045584, -0.00043260, -0.00041118, -0.00039133, -0.00037288, -0.00035566, -0.00033953, -0.00032438, -0.00031013, -0.00029668, -0.00028399
0.15937249, 0.15713780, 0.15044225, 0.14016050, 0.12733995, 0.11305693, 0.09825183, 0.08365869, 0.06980309, 0.05703210, 0.04555134, 0.03545796, 0.02676729, 0.01943421, 0.01337085, 0.00846146, 0.00457487, 0.00157457, -0.00067369, -0.00229642, -0.00340904, -0.00411411, -0.00450075, -0.00464491, -0.00461016, -0.00444875, -0.00420284, -0.00390570, -0.00358295, -0.00325372, -0.00293173, -0.00262630, -0.00234323, -0.00208562, -0.00185457, -0.00164973, -0.00146980, -0.00131289, -0.00117679, -0.00105921, -0.00095787, -0.00087064, -0.00079554, -0.00073080, -0.00067485, -0.00062632, -0.00058401, -0.00054690, -0.00051414, -0.00048497, -0.00045881, -0.00043514, -0.00041356, -0.00039374, -0.00037541, -0.00035835, -0.00034240, -0.00032741, -0.00031329, -0.00029994, -0.00028730, -0.00027532
0.11538292, 0.11388871, 0.10939406, 0.10244143, 0.09368946, 0.08383643, 0.07351474, 0.06323684, 0.05338339, 0.04421546, 0.03589538, 0.02850785, 0.02207829, 0.01658794, 0.01198645, 0.00820231, 0.00515145, 0.00274420, 0.00089066, -0.00049541, -0.00149404, -0.00217749, -0.00260959, -0.00284562, -0.00293261, -0.00290986, -0.00280963, -0.00265789, -0.00247507, -0.00227684, -0.00207483, -0.00187735, -0.00168996, -0.00151615, -0.00135772, -0.00121530, -0.00108866, -0.00097703, -0.00087927, -0.00079407, -0.00072008, -0.00065594, -0.00060039, -0.00055224, -0.00051044, -0.00047404, -0.00044222, -0.00041424, -0.00038949, -0.00036744, -0.00034766, -0.00032977, -0.00031346, -0.00029849, -0.00028466, -0.00027181, -0.00025980, -0.00024853, -0.00023792, -0.00022789, -0.00021841, -0.00020941
0.19894567, 0.19571827, 0.18613511, 0.17166021, 0.15399020, 0.13475460, 0.11526713, 0.09646716, 0.07896791, 0.06313427, 0.04915148, 0.03707546, 0.02686841, 0.01842542, 0.01159611, 0.00620292, 0.00205641, -0.00103245, -0.00324339, -0.00474090, -0.00567109, -0.00616055, -0.00631666, -0.00622888, -0.00597037, -0.00559988, -0.00516358, -0.00469689, -0.00422613, -0.00377004, -0.00334118, -0.00294720, -0.00259194, -0.00227641, -0.00199960, -0.00175919, -0.00155205, -0.00137467, -0.00122347, -0.00109498, -0.00098597, -0.00089351, -0.00081500, -0.00074819, -0.00069112, -0.00064212, -0.00059977, -0.00056287, -0.00053044, -0.00050165, -0.00047582, -0.00045243, -0.00043103, -0.00041128, -0.00039293, -0.00037576, -0.00035960, -0.00034435, -0.00032989, -0.00031616, -0.00030309, -0.00029064
0.20676089, 0.20301179, 0.19197023, 0.17553721, 0.15584512, 0.13482316, 0.11391904, 0.09408903, 0.07590601, 0.05967709, 0.04553042, 0.03347093, 0.02341617, 0.01522219, 0.00870470, 0.00365741, -0.00013242, -0.00287180, -0.00475325, -0.00594958, -0.00661145, -0.00686715, -0.00682372, -0.00656888, -0.00617326, -0.00569260, -0.00516992, -0.00463744, -0.00411843, -0.00362873, -0.00317824, -0.00277222, -0.00241238, -0.00209788, -0.00182616, -0.00159361, -0.00139608, -0.00122925, -0.00108893, -0.00097122, -0.00087259, -0.00078993, -0.00072053, -0.00066208, -0.00061262, -0.00057049, -0.00053432, -0.00050294, -0.00047543, -0.00045101, -0.00042906, -0.00040911, -0.00039076, -0.00037373, -0.00035779, -0.00034278, -0.00032857, -0.00031506, -0.00030219, -0.00028990, -0.00027814, -0.00026690
0.11779552, 0.11642205, 0.11226918, 0.10578230, 0.09750892, 0.08805291, 0.07798853, 0.06780773, 0.05789903, 0.04854778, 0.03994715, 0.03221285, 0.02539805, 0.01950703, 0.01450745, 0.01034109, 0.00693301, 0.00419921, 0.00205267, 0.00040793, -0.00081576, -0.00169239, -0.00228814, -0.00266093, -0.00286054, -0.00292901, -0.00290125, -0.00280571, -0.00266513, -0.00249734, -0.00231591, -0.00213091, -0.00194947, -0.00177645, -0.00161484, -0.00146628, -0.00133138, -0.00121004, -0.00110167, -0.00100541, -0.00092021, -0.00084496, -0.00077857, -0.00071999, -0.00066822, -0.00062237, -0.00058165, -0.00054532, -0.00051276, -0.00048344, -0.00045689, -0.00043270, -0.00041056, -0.00039017, -0.00037131, -0.00035378, -0.00033743, -0.00032212, -0.00030775, -0.00029423, -0.00028147, -0.00026943
0.18927942, 0.18563388, 0.17494938, 0.15918835, 0.14051402, 0.12081975, 0.10146565, 0.08330172, 0.06680190, 0.05219417, 0.03955025, 0.02883941, 0.01996095, 0.01276624, 0.00707646, 0.00269780, -0.00056580, -0.00290254, -0.00448584, -0.00547024, -0.00598976, -0.00615808, -0.00606974, -0.00580203, -0.00541702, -0.00496356, -0.00447917, -0.00399179, -0.00352138, -0.00308128, -0.00267961, -0.00232032, -0.00200429, -0.00173020, -0.00149527, -0.00129584, -0.00112786, -0.00098725, -0.00087006, -0.00077269, -0.00069191, -0.00062489, -0.00056920, -0.00052280, -0.00048392, -0.00045113, -0.00042322, -0.00039919, -0.00037824, -0.00035970, -0.00034306, -0.00032791, -0.00031395, -0.00030094, -0.00028870, -0.00027712, -0.00026609, -0.00025555, -0.00024545, -0.00023575, -0.00022644, -0.00021749
0.17470529, 0.17224601, 0.16487819, 0.15356546, 0.13946061, 0.12374701, 0.10745817, 0.09140158, 0.07615685, 0.06210840, 0.04948530, 0.03839672, 0.02886064, 0.02082728, 0.01419865, 0.00884527, 0.00462031, 0.00137102, -0.00105254, -0.00279135, -0.00397364, -0.00471292, -0.00510746, -0.00524063, -0.00518193, -0.00498826, -0.00470528, -0.00436893, -0.00400674, -0.00363919, -0.00328089, -0.00294170, -0.00262770, -0.00234210, -0.00208592, -0.00185871, -0.00165893, -0.00148449, -0.00133294, -0.00120175, -0.00108842, -0.00099061, -0.00090615, -0.00083313, -0.00076980, -0.00071469, -0.00066649, -0.00062408, -0.00058651, -0.00055300, -0.00052286, -0.00049556, -0.00047064, -0.00044773, -0.00042654, -0.00040683, -0.00038841, -0.00037112, -0.00035485, -0.00033948, -0.00032495, -0.00031118
0.10421295, 0.10293630, 0.09908542, 0.09309726, 0.08550588, 0.07688920, 0.06778413, 0.05863863, 0.04979666, 0.04150329, 0.03391871, 0.02713414, 0.02118649, 0.01607121, 0.01175311, 0.00817578, 0.00526935, 0.00295699, 0.00116000, -0.00019841, -0.00119048, -0.00188219, -0.00233245, -0.00259270, -0.00270706, -0.00271270, -0.00264031, -0.00251480, -0.00235593, -0.00217898, -0.00199544, -0.00181364, -0.00163933, -0.00147618, -0.00132630, -0.00119062, -0.00106918, -0.00096148, -0.00086662, -0.00078352, -0.00071099, -0.00064783, -0.00059288, -0.00054507, -0.00050341, -0.00046703, -0.00043512, -0.00040702, -0.00038213, -0.00035994, -0.00034003, -0.00032203, -0.00030565, -0.00029064, -0.00027679, -0.00026395, -0.00025198, -0.00024077, -0.00023024, -0.00022031, -0.00021094, -0.00020207
0.20829498, 0.20430588, 0.19261096, 0.17534684, 0.15486505, 0.13322360, 0.11190567, 0.09184724, 0.07358130, 0.05737558, 0.04332628, 0.03141413, 0.02153851, 0.01354155, 0.00722818, 0.00238376, -0.00121074, -0.00376685, -0.00548009, -0.00652498, -0.00705290, -0.00719211, -0.00704907, -0.00671056, -0.00624597, -0.00570971, -0.00514332, -0.00457756, -0.00403420, -0.00352766, -0.00306653, -0.00265483, -0.00229318, -0.00197980, -0.00171134, -0.00148351, -0.00129162, -0.00113095, -0.00099699, -0.00088560, -0.00079309, -0.00071626, -0.00065232, -0.00059894, -0.00055414, -0.00051627, -0.00048396, -0.00045609, -0.00043175, -0.00041019, -0.00039083, -0.00037321, -0.00035697, -0.00034185, -0.00032765, -0.00031422, -0.00030144, -0.00028926, -0.00027759, -0.00026641, -0.00025569, -0.00024540
1.32518485, 1.12430842, 0.74058295, 0.47741121, 0.32480939, 0.22600307, 0.16122450, 0.10888634, 0.06972900, 0.03905643, 0.01496626, -0.00084579, -0.01275449, -0.01925160, -0.02263665, -0.02420793, -0.02330927, -0.02238966, -0.02035647, -0.01817790, -0.01627812, -0.01379815, -0.01202811, -0.01001990, -0.00823624, -0.00691918, -0.00536001, -0.00444167, -0.00345027, -0.00265075, -0.00222973, -0.00159735, -0.00140729, -0.00111324, -0.00087946, -0.00088333, -0.00064352, -0.00068833, -0.00060880, -0.00051980, -0.00060261, -0.00045870, -0.00052700, -0.00049270, -0.00043000, -0.00051439, -0.00040254, -0.00046071, -0.00043968, -0.00038116, -0.00045334, -0.00035537, -0.00039717, -0.00038001, -0.00032138, -0.00038247, -0.00029642, -0.00032765, -0.00031655, -0.00026145, -0.00031640, -0.00024232
0.13319365, 0.13153073, 0.12651852, 0.11873582, 0.10888851, 0.09773604, 0.08597917, 0.07419858, 0.06283694, 0.05220723, 0.04251196, 0.03386416, 0.02630669, 0.01982889, 0.01438084, 0.00988560, 0.00624953, 0.00337078, 0.00114591, -0.00052522, -0.00173611, -0.00257157, -0.00310679, -0.00340702, -0.00352787, -0.00351591, -0.00340939, -0.00323921, -0.00302970, -0.00279965, -0.00256305, -0.00233000, -0.00210739, -0.00189957, -0.00170899, -0.00153660, -0.00138238, -0.00124556, -0.00112498, -0.00101922, -0.00092674, -0.00084605, -0.00077568, -0.00071428, -0.00066061, -0.00061358, -0.00057220, -0.00053563, -0.00050312, -0.00047404, -0.00044787, -0.00042416, -0.00040252, -0.00038266, -0.00036432, -0.00034729, -0.00033141, -0.00031655, -0.00030258, -0.00028941, -0.00027699, -0.00026524
0.11538292, 0.11388871, 0.10939406, 0.10244143, 0.09368946, 0.08383643, 0.07351474, 0.06323684, 0.05338339, 0.04421546, 0.03589538, 0.02850785, 0.02207829, 0.01658794, 0.01198645, 0.00820231, 0.00515145, 0.00274420, 0.00089066, -0.00049541, -0.00149404, -0.00217749, -0.00260959, -0.00284562, -0.00293261, -0.00290986, -0.00280963, -0.00265789, -0.00247507, -0.00227684, -0.00207483, -0.00187735, -0.00168996, -0.00151615, -0.00135772, -0.00121530, -0.00108866, -0.00097703, -0.00087927, -0.00079407, -0.00072008, -0.00065594, -0.00060039, -0.00055224, -0.00051044, -0.00047404, -0.00044222, -0.00041424, -0.00038949, -0.00036744, -0.00034766, -0.00032977, -0.00031346, -0.00029849, -0.00028466, -0.00027181, -0.00025980, -0.00024853, -0.00023792, -0.00022789, -0.00021841, -0.00020941
0.15936967, 0.15694957, 0.14973278, 0.13874672, 0.12520100, 0.11029449, 0.09503069, 0.08015730, 0.06618442, 0.05343155, 0.04207464, 0.03218342, 0.02374930, 0.01670681, 0.01095102, 0.00635225, 0.00276834, 0.00005458, -0.00192888, -0.00331200, -0.00421182, -0.00473108, -0.00495807, -0.00496723, -0.00482015, -0.00456690, -0.00424731, -0.00389238, -0.00352549, -0.00316369, -0.00281875, -0.00249821, -0.00220633, -0.00194482, -0.00171361, -0.00151136, -0.00133597, -0.00118488, -0.00105538, -0.00094480, -0.00085056, -0.00077033, -0.00070199, -0.00064368, -0.00059377, -0.00055086, -0.00051375, -0.00048143, -0.00045305, -0.00042789, -0.00040538, -0.00038505, -0.00036650, -0.00034945, -0.00033364, -0.00031889, -0.00030505, -0.00029200, -0.00027967, -0.00026797, -0.00025685, -0.00024627
0.15896061, 0.15679623, 0.15030090, 0.14029701, 0.12777526, 0.11376696, 0.09918686, 0.08476045, 0.07101541, 0.05830581, 0.04684546, 0.03673931, 0.02800958, 0.02061719, 0.01447950, 0.00948535, 0.00550752, 0.00241284, 0.00006988, -0.00164566, -0.00284740, -0.00363658, -0.00410132, -0.00431693, -0.00434658, -0.00424237, -0.00404653, -0.00379254, -0.00350639, -0.00320768, -0.00291069, -0.00262532, -0.00235799, -0.00211242, -0.00189026, -0.00169171, -0.00151595, -0.00136151, -0.00122655, -0.00110907, -0.00100707, -0.00091861, -0.00084189, -0.00077526, -0.00071727, -0.00066661, -0.00062216, -0.00058295, -0.00054813, -0.00051700, -0.00048898, -0.00046355, -0.00044033, -0.00041897, -0.00039921, -0.00038083, -0.00036365, -0.00034754, -0.00033237, -0.00031806, -0.00030453, -0.00029172
0.13687873, 0.13513005, 0.12986480, 0.12170464, 0.11140511, 0.09977210, 0.08754211, 0.07531941, 0.06356048, 0.05258533, 0.04259903, 0.03371433, 0.02597169, 0.01935651, 0.01381385, 0.00926103, 0.00559840, 0.00271812, 0.00051113, -0.00112780, -0.00229660, -0.00308386, -0.00356780, -0.00381609, -0.00388620, -0.00382602, -0.00367474, -0.00346378, -0.00321779, -0.00295557, -0.00269101, -0.00243397, -0.00219102, -0.00196615, -0.00176142, -0.00157743, -0.00141376, -0.00126934, -0.00114270, -0.00103213, -0.00093591, -0.00085230, -0.00077970, -0.00071660, -0.00066168, -0.00061371, -0.00057167, -0.00053462, -0.00050179, -0.00047250, -0.00044621, -0.00042242, -0.00040075, -0.00038088, -0.00036255, -0.00034555, -0.00032969, -0.00031485, -0.00030091, -0.00028777, -0.00027536, -0.00026363
0.13655201, 0.13480326, 0.12953897, 0.12138409, 0.11109851, 0.09949223, 0.08730427, 0.07513914, 0.06345119, 0.05255643, 0.04265497, 0.03385437, 0.02619042, 0.01964473, 0.01415969, 0.00965111, 0.00601885, 0.00315550, 0.00095307, -0.00069212, -0.00187616, -0.00268572, -0.00319713, -0.00347629, -0.00357909, -0.00355211, -0.00343344, -0.00325370, -0.00303693, -0.00280153, -0.00256121, -0.00232572, -0.00210168, -0.00189320, -0.00170252, -0.00153042, -0.00137674, -0.00124062, -0.00112079, -0.00101578, -0.00092404, -0.00084402, -0.00077425, -0.00071338, -0.00066016, -0.00061350, -0.00057243, -0.00053610, -0.00050378, -0.00047485, -0.00044878, -0.00042513, -0.00040354, -0.00038369, -0.00036535, -0.00034832, -0.00033242, -0.00031752, -0.00030352, -0.00029033, -0.00027787, -0.00026609
0.12466468, 0.12317377, 0.11867058, 0.11165038, 0.10272021, 0.09254379, 0.08174589, 0.07085599, 0.06028782, 0.05034203, 0.04121978, 0.03303950, 0.02585328, 0.01966159, 0.01442638, 0.01008247, 0.00654733, 0.00372921, 0.00153358, -0.00013202, -0.00135468, -0.00221393, -0.00278068, -0.00311682, -0.00327536, -0.00330088, -0.00323024, -0.00309332, -0.00291389, -0.00271038, -0.00249672, -0.00228311, -0.00207663, -0.00188195, -0.00170183, -0.00153760, -0.00138957, -0.00125731, -0.00113994, -0.00103631, -0.00094510, -0.00086501, -0.00079473, -0.00073303, -0.00067880, -0.00063100, -0.00058874, -0.00055121, -0.00051772, -0.00048766, -0.00046053, -0.00043589, -0.00041338, -0.00039270, -0.00037361, -0.00035588, -0.00033936, -0.00032390, -0.00030939, -0.00029574, -0.00028287, -0.00027071
0.19830442, 0.19457940, 0.18363923, 0.16744011, 0.14815567, 0.12771609, 0.10753419, 0.08851358, 0.07117317, 0.05577398, 0.04240928, 0.03106044, 0.02163135, 0.01397250, 0.00790027, 0.00321349, -0.00029263, -0.00281556, -0.00453779, -0.00562235, -0.00621084, -0.00642349, -0.00636041, -0.00610349, -0.00571856, -0.00525749, -0.00476021, -0.00425654, -0.00376788, -0.00330871, -0.00288793, -0.00251012, -0.00217653, -0.00188611, -0.00163618, -0.00142316, -0.00124297, -0.00109145, -0.00096460, -0.00085867, -0.00077035, -0.00069669, -0.00063516, -0.00058360, -0.00054017, -0.00050336, -0.00047187, -0.00044466, -0.00042085, -0.00039975, -0.00038080, -0.00036355, -0.00034767, -0.00033290, -0.00031905, -0.00030596, -0.00029354, -0.00028171, -0.00027040, -0.00025957, -0.00024919, -0.00023924
0.09235206, 0.09132374, 0.08820906, 0.08332784, 0.07707456, 0.06989003, 0.06220002, 0.05437543, 0.04671439, 0.03944014, 0.03270754, 0.02661309, 0.02120562, 0.01649630, 0.01246769, 0.00908165, 0.00628614, 0.00402095, 0.00222230, 0.00082634, -0.00022824, -0.00099850, -0.00153620, -0.00188725, -0.00209162, -0.00218344, -0.00219139, -0.00213908, -0.00204560, -0.00192606, -0.00179211, -0.00165251, -0.00151360, -0.00137975, -0.00125381, -0.00113742, -0.00103133, -0.00093569, -0.00085017, -0.00077418, -0.00070697, -0.00064770, -0.00059552, -0.00054961, -0.00050918, -0.00047351, -0.00044195, -0.00041391, -0.00038890, -0.00036646, -0.00034622, -0.00032785, -0.00031109, -0.00029569, -0.00028147, -0.00026828, -0.00025599, -0.00024449, -0.00023369, -0.00022352, -0.00021394, -0.00020487
0.14198655, 0.13982575, 0.13338390, 0.12358289, 0.11150855, 0.09823600, 0.08466267, 0.07145362, 0.05905851, 0.04775527, 0.03769381, 0.02893060, 0.02145427, 0.01520483, 0.01008886, 0.00599220, 0.00279035, 0.00035681, -0.00143068, -0.00268582, -0.00351125, -0.00399729, -0.00422177, -0.00425052, -0.00413817, -0.00392927, -0.00365936, -0.00335618, -0.00304073, -0.00272837, -0.00242975, -0.00215177, -0.00189835, -0.00167117, -0.00147028, -0.00129458, -0.00114230, -0.00101123, -0.00089903, -0.00080336, -0.00072199, -0.00065287, -0.00059413, -0.00054415, -0.00050149, -0.00046494, -0.00043342, -0.00040606, -0.00038210, -0.00036092, -0.00034201, -0.00032496, -0.00030943, -0.00029516, -0.00028194, -0.00026960, -0.00025803, -0.00024711, -0.00023678, -0.00022697, -0.00021764, -0.00020875
0.20028297, 0.19616377, 0.18416136, 0.16663856, 0.14613598, 0.12478562, 0.10404180, 0.08476037, 0.06738581, 0.05211025, 0.03897324, 0.02791675, 0.01881603, 0.01150044, 0.00577061, 0.00141374, -0.00178317, -0.00402300, -0.00549127, -0.00635216, -0.00674703, -0.00679489, -0.00659398, -0.00622394, -0.00574812, -0.00521586, -0.00466454, -0.00412153, -0.00360587, -0.00312985, -0.00270038, -0.00232022, -0.00198908, -0.00170457, -0.00146291, -0.00125962, -0.00108993, -0.00094916, -0.00083291, -0.00073718, -0.00065847, -0.00059376, -0.00054046, -0.00049640, -0.00045978, -0.00042910, -0.00040313, -0.00038086, -0.00036149, -0.00034436, -0.00032896, -0.00031491, -0.00030190, -0.00028971, -0.00027820, -0.00026724, -0.00025676, -0.00024669, -0.00023701, -0.00022768, -0.00021868, -0.00021002
0.13019574, 0.12836866, 0.12289478, 0.11448999, 0.10401097, 0.09233712, 0.08023597, 0.06830616, 0.05697625, 0.04652953, 0.03713434, 0.02887092, 0.02175296, 0.01574492, 0.01077622, 0.00675332, 0.00356980, 0.00111450, -0.00072218, -0.00204381, -0.00294516, -0.00351063, -0.00381372, -0.00391723, -0.00387377, -0.00372667, -0.00351089, -0.00325402, -0.00297730, -0.00269655, -0.00242308, -0.00216452, -0.00192559, -0.00170874, -0.00151476, -0.00134325, -0.00119301, -0.00106236, -0.00094940, -0.00085212, -0.00076856, -0.00069690, -0.00063544, -0.00058266, -0.00053724, -0.00049799, -0.00046392, -0.00043415, -0.00040796, -0.00038472, -0.00036394, -0.00034518, -0.00032811, -0.00031245, -0.00029798, -0.00028452, -0.00027193, -0.00026010, -0.00024895, -0.00023840, -0.00022840, -0.00021891
0.15351477, 0.15142661, 0.14515989, 0.13550773, 0.12342559, 0.10990817, 0.09583775, 0.08191397, 0.06864565, 0.05637415, 0.04530569, 0.03554168, 0.02710395, 0.01995540, 0.01401706, 0.00918245, 0.00532956, 0.00233053, 0.00005898, -0.00160473, -0.00277022, -0.00353523, -0.00398505, -0.00419265, -0.00421937, -0.00411588, -0.00392326, -0.00367417, -0.00339396, -0.00310175, -0.00281148, -0.00253282, -0.00227200, -0.00203265, -0.00181635, -0.00162326, -0.00145256, -0.00130277, -0.00117208, -0.00105852, -0.00096009, -0.00087489, -0.00080115, -0.00073725, -0.00068175, -0.00063337, -0.00059101, -0.00055372, -0.00052066, -0.00049116, -0.00046463, -0.00044059, -0.00041865, -0.00039848, -0.00037982, -0.00036247, -0.00034625, -0.00033103, -0.00031669, -0.00030316, -0.00029035, -0.00027822
0.15486305, 0.15233374, 0.14482871, 0.13350882, 0.11971890, 0.10474565, 0.08961835, 0.07506298, 0.06154339, 0.04932703, 0.03854275, 0.02922276, 0.02133145, 0.01478583, 0.00947133, 0.00525471, 0.00199459, -0.00045010, -0.00221395, -0.00342088, -0.00418186, -0.00459389, -0.00474008, -0.00469030, -0.00450227, -0.00422270, -0.00388862, -0.00352861, -0.00316401, -0.00281013, -0.00247726, -0.00217171, -0.00189670, -0.00165312, -0.00144023, -0.00125619, -0.00109850, -0.00096436, -0.00085089, -0.00075530, -0.00067499, -0.00060762, -0.00055111, -0.00050363, -0.00046363, -0.00042976, -0.00040089, -0.00037608, -0.00035455, -0.00033564, -0.00031882, -0.00030369, -0.00028991, -0.00027723, -0.00026543, -0.00025438, -0.00024395, -0.00023406, -0.00022465, -0.00021566, -0.00020707, -0.00019884
0.26459105, 0.25788731, 0.23874861, 0.21179811, 0.18161369, 0.15153794, 0.12346278, 0.09824695, 0.07617721, 0.05726132, 0.04137105, 0.02830193, 0.01779853, 0.00957182, 0.00331516, -0.00127917, -0.00450524, -0.00663251, -0.00789876, -0.00850756, -0.00862879, -0.00840122, -0.00793637, -0.00732227, -0.00662721, -0.00590294, -0.00518739, -0.00450724, -0.00387980, -0.00331507, -0.00281722, -0.00238608, -0.00201846, -0.00170913, -0.00145179, -0.00123973, -0.00106627, -0.00092523, -0.00081100, -0.00071868, -0.00064414, -0.00058386, -0.00053499, -0.00049514, -0.00046239, -0.00043517, -0.00041221, -0.00039249, -0.00037522, -0.00035975, -0.00034562, -0.00033248, -0.00032007, -0.00030822, -0.00029683, -0.00028582, -0.00027515, -0.00026480, -0.00025475, -0.00024500, -0.00023554, -0.00022638
0.19933728, 0.19530149, 0.18352389, 0.16628408, 0.14605315, 0.12493019, 0.10436607, 0.08522477, 0.06795865, 0.05276388, 0.03968123, 0.02865313, 0.01955603, 0.01222181, 0.00645488, 0.00204694, -0.00121028, -0.00351523, -0.00504965, -0.00597474, -0.00642973, -0.00653224, -0.00637978, -0.00605177, -0.00561170, -0.00510929, -0.00458248, -0.00405924, -0.00355927, -0.00309547, -0.00267536, -0.00230222, -0.00197623, -0.00169540, -0.00145630, -0.00125472, -0.00108613, -0.00094601, -0.00083011, -0.00073454, -0.00065588, -0.00059115, -0.00053781, -0.00049373, -0.00045709, -0.00042642, -0.00040049, -0.00037829, -0.00035900, -0.00034198, -0.00032670, -0.00031278, -0.00029992, -0.00028788, -0.00027651, -0.00026570, -0.00025537, -0.00024544, -0.00023590, -0.00022670, -0.00021784, -0.00020930
0.20349880, 0.19975096, 0.18872673, 0.17235615, 0.15279377, 0.13197176, 0.11132424, 0.09178632, 0.07390991, 0.05798502, 0.04412757, 0.03233459, 0.02251918, 0.01453545, 0.00819898, 0.00330458, -0.00035861, -0.00299524, -0.00479530, -0.00592894, -0.00654425, -0.00676704, -0.00670204, -0.00643481, -0.00603405, -0.00555378, -0.00503551, -0.00451022, -0.00400010, -0.00352018, -0.00307972, -0.00268352, -0.00233297, -0.00202704, -0.00176308, -0.00153744, -0.00134597, -0.00118443, -0.00104868, -0.00093489, -0.00083962, -0.00075981, -0.00069285, -0.00063647, -0.00058876, -0.00054814, -0.00051325, -0.00048299, -0.00045645, -0.00043288, -0.00041171, -0.00039245, -0.00037474, -0.00035831, -0.00034292, -0.00032844, -0.00031472, -0.00030169, -0.00028927, -0.00027742, -0.00026608, -0.00025524
0.18062073, 0.17740699, 0.16792786, 0.15378392, 0.13678558, 0.11859136, 0.10046155, 0.08323666, 0.06742236, 0.05328903, 0.04094861, 0.03040518, 0.02158781, 0.01437358, 0.00860586, 0.00410971, 0.00070469, -0.00178509, -0.00352371, -0.00465902, -0.00532058, -0.00561922, -0.00564796, -0.00548342, -0.00518763, -0.00480986, -0.00438839, -0.00395212, -0.00352212, -0.00311299, -0.00273409, -0.00239066, -0.00208480, -0.00181631, -0.00158343, -0.00138339, -0.00121291, -0.00106848, -0.00094667, -0.00084423, -0.00075821, -0.00068599, -0.00062526, -0.00057406, -0.00053070, -0.00049376, -0.00046204, -0.00043456, -0.00041048, -0.00038913, -0.00036999, -0.00035261, -0.00033667, -0.00032190, -0.00030810, -0.00029513, -0.00028286, -0.00027121, -0.00026013, -0.00024955, -0.00023944, -0.00022977
0.18211442, 0.17888377, 0.16935360, 0.15512912, 0.13802420, 0.11969985, 0.10141933, 0.08402796, 0.06803818, 0.05372834, 0.04121826, 0.03051884, 0.02156425, 0.01423479, 0.00837522, 0.00381039, 0.00035848, -0.00215865, -0.00390784, -0.00503993, -0.00568744, -0.00596406, -0.00596533, -0.00577010, -0.00544225, -0.00503251, -0.00458025, -0.00411519, -0.00365890, -0.00322626, -0.00282672, -0.00246548, -0.00214448, -0.00186331, -0.00161996, -0.00141140, -0.00123405, -0.00108418, -0.00095811, -0.00085238, -0.00076387, -0.00068978, -0.00062770, -0.00057553, -0.00053151, -0.00049414, -0.00046216, -0.00043453, -0.00041040, -0.00038906, -0.00036996, -0.00035265, -0.00033678, -0.00032208, -0.00030835, -0.00029542, -0.00028320, -0.00027159, -0.00026052, -0.00024994, -0.00023982, -0.00023014
0.16351565, 0.16112652, 0.15398518, 0.14306674, 0.12952972, 0.11454364, 0.09910884, 0.08398807, 0.06971398, 0.05662852, 0.04492644, 0.03469177, 0.02592616, 0.01857115, 0.01252636, 0.00766472, 0.00384525, 0.00092326, -0.00124194, -0.00278175, -0.00381503, -0.00444661, -0.00476693, -0.00485257, -0.00476720, -0.00456285, -0.00428117, -0.00395483, -0.00360874, -0.00326130, -0.00292550, -0.00260996, -0.00231982, -0.00205760, -0.00182388, -0.00161784, -0.00143782, -0.00128160, -0.00114674, -0.00103073, -0.00093116, -0.00084579, -0.00077255, -0.00070963, -0.00065541, -0.00060850, -0.00056770, -0.00053198, -0.00050047, -0.00047244, -0.00044730, -0.00042455, -0.00040379, -0.00038470, -0.00036702, -0.00035055, -0.00033512, -0.00032060, -0.00030690, -0.00029394, -0.00028165, -0.00026997
0.11136110, 0.11019465, 0.10665275, 0.10107554, 0.09388418, 0.08555894, 0.07657521, 0.06735881, 0.05826239, 0.04955855, 0.04144337, 0.03404509, 0.02743478, 0.02163721, 0.01664113, 0.01240870, 0.00888369, 0.00599856, 0.00368019, 0.00185435, 0.00044901, -0.00060339, -0.00136452, -0.00188943, -0.00222628, -0.00241646, -0.00249498, -0.00249087, -0.00242786, -0.00232494, -0.00219699, -0.00205542, -0.00190873, -0.00176301, -0.00162247, -0.00148980, -0.00136657, -0.00125351, -0.00115072, -0.00105793, -0.00097458, -0.00089995, -0.00083327, -0.00077372, -0.00072053, -0.00067295, -0.00063029, -0.00059192, -0.00055729, -0.00052590, -0.00049732, -0.00047117, -0.00044715, -0.00042498, -0.00040442, -0.00038529, -0.00036743, -0.00035071, -0.00033500, -0.00032022, -0.00030628, -0.00029313
0.10850378, 0.10729140, 0.10361916, 0.09786393, 0.09049056, 0.08201875, 0.07295086, 0.06372510, 0.05469435, 0.04612331, 0.03819587, 0.03102658, 0.02467306, 0.01914785, 0.01442913, 0.01047031, 0.00720831, 0.00457048, 0.00248022, 0.00086123, -0.00035942, -0.00124925, -0.00186919, -0.00227305, -0.00250744, -0.00261201, -0.00261994, -0.00255846, -0.00244955, -0.00231056, -0.00215486, -0.00199248, -0.00183068, -0.00167451, -0.00152723, -0.00139074, -0.00126596, -0.00115305, -0.00105169, -0.00096123, -0.00088083, -0.00080957, -0.00074649, -0.00069066, -0.00064120, -0.00059731, -0.00055824, -0.00052334, -0.00049202, -0.00046379, -0.00043822, -0.00041491, -0.00039357, -0.00037393, -0.00035576, -0.00033888, -0.00032314, -0.00030841, -0.00029458, -0.00028158, -0.00026932, -0.00025775
0.18575220, 0.18206870, 0.17130142, 0.15549352, 0.13687392, 0.11735704, 0.09828469, 0.08046970, 0.06434741, 0.05011452, 0.03782118, 0.02742409, 0.01881706, 0.01185114, 0.00635058, 0.00212648, -0.00101147, -0.00324585, -0.00474504, -0.00565946, -0.00611997, -0.00623796, -0.00610648, -0.00580186, -0.00538556, -0.00490602, -0.00440046, -0.00389649, -0.00341369, -0.00296500, -0.00255806, -0.00219633, -0.00188022, -0.00160792, -0.00137621, -0.00118105, -0.00101808, -0.00088292, -0.00077142, -0.00067979, -0.00060469, -0.00054319, -0.00049280, -0.00045142, -0.00041729, -0.00038893, -0.00036515, -0.00034495, -0.00032752, -0.00031224, -0.00029859, -0.00028619, -0.00027475, -0.00026405, -0.00025393, -0.00024429, -0.00023504, -0.00022614, -0.00021755, -0.00020925, -0.00020122, -0.00019346
0.23752521, 0.23162377, 0.21474049, 0.19087878, 0.16403604, 0.13717247, 0.11199750, 0.08931211, 0.06940318, 0.05230014, 0.03790335, 0.02603940, 0.01648554, 0.00898632, 0.00326873, -0.00094252, -0.00391141, -0.00588052, -0.00706446, -0.00764737, -0.00778324, -0.00759814, -0.00719357, -0.00664980, -0.00602925, -0.00537934, -0.00473494, -0.00412065, -0.00355262, -0.00304023, -0.00258762, -0.00219489, -0.00185938, -0.00157654, -0.00134079, -0.00114614, -0.00098664, -0.00085669, -0.00075123, -0.00066585, -0.00059678, -0.00054083, -0.00049538, -0.00045826, -0.00042771, -0.00040229, -0.00038083, -0.00036241, -0.00034627, -0.00033183, -0.00031866, -0.00030643, -0.00029490, -0.00028391, -0.00027336, -0.00026318, -0.00025332, -0.00024376, -0.00023450, -0.00022551, -0.00021680, -0.00020836
0.16363515, 0.16089610, 0.15278156, 0.14057677, 0.12576002, 0.10972861, 0.09358571, 0.07809983, 0.06375688, 0.05083422, 0.03946292, 0.02967181, 0.02141731, 0.01460501, 0.00910663, 0.00477419, 0.00145183, -0.00101487, -0.00277207, -0.00395325, -0.00467685, -0.00504547, -0.00514623, -0.00505173, -0.00482140, -0.00450300, -0.00413402, -0.00374320, -0.00335178, -0.00297481, -0.00262225, -0.00230006, -0.00201103, -0.00175569, -0.00153292, -0.00134057, -0.00117586, -0.00103574, -0.00091712, -0.00081705, -0.00073280, -0.00066192, -0.00060225, -0.00055190, -0.00050926, -0.00047297, -0.00044185, -0.00041494, -0.00039143, -0.00037066, -0.00035211, -0.00033533, -0.00031999, -0.00030583, -0.00029264, -0.00028027, -0.00026860, -0.00025754, -0.00024703, -0.00023700, -0.00022742, -0.00021827
0.16418418, 0.16161704, 0.15397604, 0.14238395, 0.12815356, 0.11256800, 0.09668357, 0.08127309, 0.06685360, 0.05374190, 0.04210675, 0.03200881, 0.02342969, 0.01629399, 0.01048707, 0.00587010, 0.00229270, -0.00039703, -0.00234494, -0.00368578, -0.00454030, -0.00501399, -0.00519710, -0.00516535, -0.00498115, -0.00469497, -0.00434679, -0.00396751, -0.00358030, -0.00320186, -0.00284358, -0.00251259, -0.00221271, -0.00194526, -0.00170979, -0.00150463, -0.00132737, -0.00117521, -0.00104525, -0.00093463, -0.00084066, -0.00076090, -0.00069315, -0.00063549, -0.00058626, -0.00054402, -0.00050756, -0.00047585, -0.00044803, -0.00042339, -0.00040134, -0.00038141, -0.00036322, -0.00034648, -0.00033094, -0.00031643, -0.00030279, -0.00028993, -0.00027775, -0.00026618, -0.00025518, -0.00024470
0.13440561, 0.13272383, 0.12765400, 0.11977922, 0.10981022, 0.09851203, 0.08659189, 0.07463792, 0.06310108, 0.05230279, 0.04245316, 0.03367123, 0.02600369, 0.01944145, 0.01393411, 0.00940266, 0.00575036, 0.00287168, 0.00065944, -0.00099001, -0.00217323, -0.00297758, -0.00348023, -0.00374789, -0.00383724, -0.00379549, -0.00366134, -0.00346582, -0.00323337, -0.00298267, -0.00272764, -0.00247819, -0.00224104, -0.00202037, -0.00181842, -0.00163601, -0.00147292, -0.00132827, -0.00120073, -0.00108878, -0.00099079, -0.00090516, -0.00083036, -0.00076496, -0.00070768, -0.00065737, -0.00061301, -0.00057372, -0.00053872, -0.00050737, -0.00047910, -0.00045346, -0.00043005, -0.00040854, -0.00038868, -0.00037025, -0.00035306, -0.00033698, -0.00032188, -0.00030767, -0.00029426, -0.00028160
0.18421392, 0.18067179, 0.17028997, 0.15497464, 0.13682780, 0.11768953, 0.09888106, 0.08122671, 0.06518470, 0.05097436, 0.03866411, 0.02822416, 0.01955803, 0.01252368, 0.00695026, 0.00265237, -0.00055785, -0.00286132, -0.00442531, -0.00539954, -0.00591445, -0.00608124, -0.00599288, -0.00572574, -0.00534144, -0.00488865, -0.00440492, -0.00391825, -0.00344868, -0.00300966, -0.00260932, -0.00225166, -0.00193754, -0.00166561, -0.00143304, -0.00123613, -0.00107080, -0.00093289, -0.00081843, -0.00072378, -0.00064568, -0.00058127, -0.00052812, -0.00048413, -0.00044757, -0.00041698, -0.00039114, -0.00036906, -0.00034993, -0.00033310, -0.00031805, -0.00030438, -0.00029180, -0.00028006, -0.00026900, -0.00025851, -0.00024849, -0.00023889, -0.00022966, -0.00022077, -0.00021220, -0.00020394
