0.01000000, 0.05000000, 0.10000000, 0.15000000, 0.20000000, 0.25000000, 0.30000000, 0.35000000, 0.40000000, 0.45000000, 0.50000000, 0.55000000, 0.60000000, 0.65000000, 0.70000000, 0.75000000, 0.80000000, 0.85000000, 0.90000000, 0.95000000, 1.00000000, 1.05000000, 1.10000000, 1.15000000, 1.20000000, 1.25000000, 1.30000000, 1.35000000, 1.40000000, 1.45000000, 1.50000000, 1.55000000, 1.60000000, 1.65000000, 1.70000000, 1.75000000, 1.80000000, 1.85000000, 1.90000000, 1.95000000, 2.00000000, 2.05000000, 2.10000000, 2.15000000, 2.20000000, 2.25000000, 2.30000000, 2.35000000, 2.40000000, 2.45000000, 2.50000000, 2.55000000, 2.60000000, 2.65000000, 2.70000000, 2.75000000, 2.80000000, 2.85000000, 2.90000000, 2.95000000, 3.00000000, 3.05000000
-157.16999032, -62.84598081, -8.11302127, -0.62348153, -0.28226347, -0.47452483, -0.46952923, -0.34902339, -0.20554607, -0.12764116, -0.08208298, -0.06071531, -0.04629860, -0.03165844, -0.02056810, -0.01462467, -0.01312277, -0.00943756, -0.00530753, -0.00271964, -0.00152332, -0.00344440, -0.00265346, 0.00005486, 0.00013153, -0.00141323, -0.00090905, 0.00000705, -0.00035242, 0.00018732, 0.00045558, -0.00065219, 0.00045160, 0.00004559, 0.00015898, 0.00042534, -0.00037408, 0.00027549, -0.00014562, 0.00035902, -0.00029501, 0.00002126, -0.00011201, 0.00033201, 0.00017762, 0.00011241, -0.00014480, 0.00029937, 0.00005134, 0.00020662, -0.00015277, 0.00004557, -0.00007016, 0.00022983, -0.00007936, 0.00015750, -0.00010906, 0.00014759, 0.00004808, 0.00017231, -0.00004368, 0.00001517
-7.63813754, -5.82625082, -2.86806081, -1.25532554, -0.66617869, -0.45969029, -0.35089767, -0.26407415, -0.19137442, -0.13548611, -0.09565644, -0.06816680, -0.04907730, -0.03549701, -0.02565364, -0.01849066, -0.01330873, -0.00958538, -0.00691963, -0.00500774, -0.00363133, -0.00263718, -0.00191554, -0.00139229, -0.00101467, -0.00074036, -0.00053840, -0.00039104, -0.00028352, -0.00020338, -0.00014303, -0.00009809, -0.00006363, -0.00003760, -0.00001717, -0.00000083, 0.00001175, 0.00002217, 0.00003012, 0.00003657, 0.00004152, 0.00004592, 0.00004925, 0.00005188, 0.00005346, 0.00005473, 0.00005538, 0.00005583, 0.00005562, 0.00005516, 0.00005417, 0.00005307, 0.00005163, 0.00005017, 0.00004840, 0.00004672, 0.00004477, 0.00004279, 0.00004066, 0.00003861, 0.00003651, 0.00003453
-0.05909187, -0.05857580, -0.05702621, -0.05458063, -0.05141860, -0.04775010, -0.04377998, -0.03968959, -0.03562233, -0.03168730, -0.02797236, -0.02452505, -0.02137723, -0.01853848, -0.01600665, -0.01376902, -0.01180641, -0.01009617, -0.00861403, -0.00733576, -0.00623730, -0.00529656, -0.00449279, -0.00380772, -0.00322502, -0.00272977, -0.00230892, -0.00195222, -0.00164991, -0.00139367, -0.00117641, -0.00099229, -0.00083627, -0.00070398, -0.00059176, -0.00049634, -0.00041550, -0.00034687, -0.00028861, -0.00023917, -0.00019717, -0.00016146, -0.00013115, -0.00010545, -0.00008370, -0.00006516, -0.00004958, -0.00003644, -0.00002539, -0.00001615, -0.00000844, -0.00000206, 0.00000319, 0.00000749, 0.00001097, 0.00001376, 0.00001601, 0.00001767, 0.00001890, 0.00001977, 0.00002034, 0.00002066
-0.13487184, -0.13282498, -0.12682985, -0.11788141, -0.10712993, -0.09561764, -0.08411728, -0.07312921, -0.06293815, -0.05369170, -0.04546618, -0.03825248, -0.03201026, -0.02666487, -0.02212805, -0.01830500, -0.01510228, -0.01243242, -0.01021606, -0.00838227, -0.00686932, -0.00562393, -0.00460017, -0.00376022, -0.00307211, -0.00250832, -0.00204608, -0.00166810, -0.00135897, -0.00110589, -0.00089846, -0.00072856, -0.00058942, -0.00047531, -0.00038164, -0.00030450, -0.00024126, -0.00018929, -0.00014660, -0.00011158, -0.00008277, -0.00005906, -0.00003962, -0.00002374, -0.00001086, -0.00000026, 0.00000821, 0.00001500, 0.00002037, 0.00002453, 0.00002770, 0.00003002, 0.00003165, 0.00003271, 0.00003332, 0.00003354, 0.00003349, 0.00003309, 0.00003247, 0.00003169, 0.00003079, 0.00002981
-5.38692634, -4.28668137, -2.34086632, -1.14270240, -0.64217896, -0.44346673, -0.33573687, -0.25339090, -0.18579124, -0.13344345, -0.09540543, -0.06859329, -0.04968257, -0.03611665, -0.02624068, -0.01902301, -0.01376992, -0.00996870, -0.00722772, -0.00524977, -0.00381889, -0.00278089, -0.00202548, -0.00147634, -0.00107811, -0.00078761, -0.00057377, -0.00041752, -0.00030307, -0.00021797, -0.00015390, -0.00010590, -0.00006963, -0.00004197, -0.00002046, -0.00000337, 0.00000998, 0.00002067, 0.00002902, 0.00003558, 0.00004085, 0.00004529, 0.00004873, 0.00005131, 0.00005299, 0.00005431, 0.00005505, 0.00005542, 0.00005530, 0.00005481, 0.00005394, 0.00005281, 0.00005143, 0.00004991, 0.00004824, 0.00004652, 0.00004466, 0.00004264, 0.00004055, 0.00003850, 0.00003646, 0.00003449
-0.19828399, -0.19420364, -0.18252252, -0.16586819, -0.14697629, -0.12791411, -0.10987098, -0.09339161, -0.07866450, -0.06571626, -0.05451617, -0.04494990, -0.03687832, -0.03013049, -0.02453243, -0.01991744, -0.01613211, -0.01303948, -0.01052213, -0.00847924, -0.00682524, -0.00548878, -0.00441004, -0.00354080, -0.00284143, -0.00227846, -0.00182483, -0.00146037, -0.00116750, -0.00093181, -0.00074183, -0.00058884, -0.00046567, -0.00036630, -0.00028606, -0.00022098, -0.00016849, -0.00012602, -0.00009171, -0.00006403, -0.00004161, -0.00002343, -0.00000877, 0.00000295, 0.00001223, 0.00001972, 0.00002552, 0.00003001, 0.00003339, 0.00003583, 0.00003750, 0.00003853, 0.00003903, 0.00003911, 0.00003887, 0.00003836, 0.00003765, 0.00003667, 0.00003554, 0.00003432, 0.00003304, 0.00003171
-0.37753851, -0.36403381, -0.32755456, -0.28098260, -0.23487945, -0.19422036, -0.15979223, -0.13080697, -0.10637351, -0.08587096, -0.06887274, -0.05493988, -0.04364496, -0.03455800, -0.02728661, -0.02149383, -0.01689562, -0.01325660, -0.01038603, -0.00812675, -0.00635246, -0.00496107, -0.00387064, -0.00301754, -0.00235110, -0.00182994, -0.00142173, -0.00110317, -0.00085451, -0.00065992, -0.00050724, -0.00038760, -0.00029389, -0.00022024, -0.00016223, -0.00011624, -0.00008002, -0.00005140, -0.00002881, -0.00001104, 0.00000306, 0.00001428, 0.00002311, 0.00002993, 0.00003508, 0.00003913, 0.00004205, 0.00004413, 0.00004547, 0.00004619, 0.00004640, 0.00004617, 0.00004560, 0.00004477, 0.00004374, 0.00004255, 0.00004124, 0.00003972, 0.00003813, 0.00003649, 0.00003485, 0.00003322
-11.81598266, -8.48814960, -3.62306374, -1.36873094, -0.67798740, -0.47403329, -0.36806273, -0.27627889, -0.19720501, -0.13709656, -0.09536595, -0.06733563, -0.04822071, -0.03472214, -0.02496206, -0.01788456, -0.01279866, -0.00917064, -0.00659221, -0.00475477, -0.00343838, -0.00249348, -0.00180690, -0.00130824, -0.00095184, -0.00069543, -0.00050491, -0.00036557, -0.00026520, -0.00018938, -0.00013242, -0.00009139, -0.00005762, -0.00003353, -0.00001400, 0.00000185, 0.00001302, 0.00002378, 0.00003097, 0.00003778, 0.00004183, 0.00004651, 0.00004960, 0.00005269, 0.00005403, 0.00005520, 0.00005552, 0.00005648, 0.00005595, 0.00005565, 0.00005422, 0.00005333, 0.00005174, 0.00005059, 0.00004845, 0.00004702, 0.00004475, 0.00004304, 0.00004078, 0.00003884, 0.00003648, 0.00003456
-0.07734148, -0.07601023, -0.07214922, -0.06646973, -0.05978386, -0.05277608, -0.04591473, -0.03947907, -0.03360912, -0.02836312, -0.02376114, -0.01978023, -0.01637949, -0.01350476, -0.01109398, -0.00908658, -0.00742402, -0.00605352, -0.00492783, -0.00400625, -0.00325373, -0.00264035, -0.00214102, -0.00173535, -0.00140604, -0.00113859, -0.00092126, -0.00074517, -0.00060231, -0.00048627, -0.00039190, -0.00031525, -0.00025292, -0.00020216, -0.00016077, -0.00012690, -0.00009931, -0.00007679, -0.00005841, -0.00004341, -0.00003112, -0.00002107, -0.00001289, -0.00000626, -0.00000092, 0.00000346, 0.00000692, 0.00000966, 0.00001179, 0.00001342, 0.00001461, 0.00001545, 0.00001600, 0.00001632, 0.00001645, 0.00001641, 0.00001626, 0.00001596, 0.00001558, 0.00001514, 0.00001466, 0.00001414
-0.07244173, -0.07125538, -0.06780301, -0.06268793, -0.05661233, -0.05018431, -0.04383579, -0.03783658, -0.03233025, -0.02738253, -0.02302098, -0.01923083, -0.01597899, -0.01321865, -0.01089463, -0.00895224, -0.00733755, -0.00600185, -0.00490108, -0.00399685, -0.00325607, -0.00265035, -0.00215570, -0.00175259, -0.00142433, -0.00115694, -0.00093901, -0.00076189, -0.00061778, -0.00050037, -0.00040462, -0.00032662, -0.00026302, -0.00021108, -0.00016861, -0.00013377, -0.00010531, -0.00008202, -0.00006295, -0.00004736, -0.00003455, -0.00002404, -0.00001547, -0.00000850, -0.00000286, 0.00000178, 0.00000546, 0.00000840, 0.00001069, 0.00001246, 0.00001378, 0.00001473, 0.00001538, 0.00001578, 0.00001598, 0.00001600, 0.00001590, 0.00001565, 0.00001532, 0.00001492, 0.00001447, 0.00001398
-0.36200655, -0.33957505, -0.28371465, -0.22218032, -0.17121964, -0.13322837, -0.10481364, -0.08263336, -0.06480539, -0.05042850, -0.03898694, -0.03000593, -0.02302730, -0.01763572, -0.01347966, -0.01028411, -0.00783195, -0.00595612, -0.00452449, -0.00343440, -0.00260564, -0.00197598, -0.00149754, -0.00113489, -0.00086001, -0.00065120, -0.00049222, -0.00037187, -0.00028041, -0.00021058, -0.00015704, -0.00011612, -0.00008473, -0.00006049, -0.00004168, -0.00002690, -0.00001539, -0.00000639, 0.00000065, 0.00000615, 0.00001057, 0.00001407, 0.00001679, 0.00001885, 0.00002037, 0.00002158, 0.00002240, 0.00002292, 0.00002318, 0.00002321, 0.00002304, 0.00002272, 0.00002227, 0.00002174, 0.00002113, 0.00002044, 0.00001971, 0.00001890, 0.00001806, 0.00001723, 0.00001640, 0.00001558
-2.10651291, -1.71647336, -0.99889808, -0.52573624, -0.30908766, -0.21376821, -0.15989143, -0.11993143, -0.08803216, -0.06349168, -0.04554219, -0.03276899, -0.02370305, -0.01719792, -0.01247515, -0.00903553, -0.00653598, -0.00472882, -0.00342596, -0.00248655, -0.00180813, -0.00131677, -0.00095981, -0.00070110, -0.00051337, -0.00037632, -0.00027552, -0.00020206, -0.00014800, -0.00010765, -0.00007718, -0.00005436, -0.00003700, -0.00002363, -0.00001317, -0.00000478, 0.00000183, 0.00000712, 0.00001129, 0.00001461, 0.00001738, 0.00001967, 0.00002144, 0.00002276, 0.00002369, 0.00002446, 0.00002492, 0.00002517, 0.00002518, 0.00002500, 0.00002464, 0.00002416, 0.00002356, 0.00002288, 0.00002215, 0.00002134, 0.00002048, 0.00001955, 0.00001860, 0.00001767, 0.00001675, 0.00001584
-0.04271452, -0.04223138, -0.04079921, -0.03858051, -0.03579298, -0.03265949, -0.02937690, -0.02610439, -0.02295362, -0.01999787, -0.01728793, -0.01484448, -0.01267311, -0.01076672, -0.00910918, -0.00768049, -0.00645724, -0.00541587, -0.00453348, -0.00378889, -0.00316264, -0.00263721, -0.00219719, -0.00182956, -0.00152278, -0.00126683, -0.00105323, -0.00087547, -0.00072741, -0.00060402, -0.00050111, -0.00041535, -0.00034384, -0.00028415, -0.00023429, -0.00019253, -0.00015768, -0.00012854, -0.00010417, -0.00008380, -0.00006672, -0.00005243, -0.00004048, -0.00003052, -0.00002223, -0.00001527, -0.00000954, -0.00000480, -0.00000091, 0.00000225, 0.00000481, 0.00000685, 0.00000846, 0.00000971, 0.00001066, 0.00001134, 0.00001183, 0.00001210, 0.00001223, 0.00001224, 0.00001215, 0.00001197
-135.65171827, -43.36252803, -3.91594654, -0.04261118, -0.05938342, -0.22098324, -0.24005664, -0.18396993, -0.08964119, -0.05426075, -0.03289512, -0.02793060, -0.02383308, -0.01451597, -0.00737244, -0.00543135, -0.00813730, -0.00602919, -0.00212124, 0.00015137, 0.00080872, -0.00297673, -0.00243033, 0.00121644, 0.00104143, -0.00151727, -0.00094173, 0.00032470, -0.00030439, 0.00043874, 0.00080772, -0.00091204, 0.00071888, 0.00009389, 0.00024117, 0.00063977, -0.00058795, 0.00038547, -0.00025804, 0.00049921, -0.00049037, -0.00002162, -0.00022294, 0.00044206, 0.00021323, 0.00010917, -0.00027725, 0.00038920, 0.00001884, 0.00025208, -0.00028752, 0.00001069, -0.00016122, 0.00029320, -0.00017107, 0.00018862, -0.00021301, 0.00017765, 0.00002858, 0.00022054, -0.00010530, -0.00001284
-14.71622822, -8.89709206, -2.63686012, -0.71614839, -0.32249537, -0.24349429, -0.19583850, -0.14457114, -0.09893034, -0.06592822, -0.04438821, -0.03078963, -0.02183093, -0.01554050, -0.01101018, -0.00777966, -0.00552574, -0.00391537, -0.00277342, -0.00197506, -0.00141724, -0.00105287, -0.00076242, -0.00052729, -0.00038377, -0.00030039, -0.00021753, -0.00015083, -0.00011522, -0.00007774, -0.00005148, -0.00004829, -0.00002035, -0.00001542, -0.00000543, 0.00000465, -0.00000004, 0.00001287, 0.00001096, 0.00002040, 0.00001428, 0.00002058, 0.00002037, 0.00002742, 0.00002609, 0.00002604, 0.00002303, 0.00002912, 0.00002576, 0.00002761, 0.00002248, 0.00002461, 0.00002244, 0.00002566, 0.00002086, 0.00002311, 0.00001878, 0.00002115, 0.00001892, 0.00001954, 0.00001584, 0.00001565
-0.03060803, -0.03032662, -0.02948758, -0.02816376, -0.02646071, -0.02449433, -0.02237608, -0.02020569, -0.01806028, -0.01599653, -0.01405918, -0.01227221, -0.01064942, -0.00919462, -0.00790413, -0.00676993, -0.00578045, -0.00492277, -0.00418328, -0.00354860, -0.00300585, -0.00254316, -0.00214958, -0.00181566, -0.00153276, -0.00129327, -0.00109054, -0.00091939, -0.00077482, -0.00065267, -0.00054944, -0.00046224, -0.00038857, -0.00032627, -0.00027355, -0.00022885, -0.00019106, -0.00015906, -0.00013196, -0.00010901, -0.00008954, -0.00007304, -0.00005906, -0.00004723, -0.00003724, -0.00002874, -0.00002161, -0.00001562, -0.00001060, -0.00000640, -0.00000292, -0.00000005, 0.00000231, 0.00000422, 0.00000577, 0.00000700, 0.00000798, 0.00000869, 0.00000921, 0.00000957, 0.00000979, 0.00000990
-0.91932839, -0.84818402, -0.67962527, -0.50749158, -0.37417610, -0.27901001, -0.21002461, -0.15812010, -0.11830484, -0.08784182, -0.06480628, -0.04760745, -0.03488774, -0.02552266, -0.01864886, -0.01361002, -0.00992505, -0.00723461, -0.00527426, -0.00384832, -0.00281037, -0.00205629, -0.00150755, -0.00110680, -0.00081402, -0.00060028, -0.00044274, -0.00032599, -0.00023943, -0.00017482, -0.00012605, -0.00008891, -0.00006028, -0.00003806, -0.00002079, -0.00000721, 0.00000359, 0.00001226, 0.00001908, 0.00002432, 0.00002840, 0.00003161, 0.00003403, 0.00003573, 0.00003682, 0.00003746, 0.00003756, 0.00003733, 0.00003683, 0.00003611, 0.00003510, 0.00003389, 0.00003255, 0.00003117, 0.00002977, 0.00002832, 0.00002691, 0.00002546, 0.00002403, 0.00002266, 0.00002137, 0.00002017
-0.12141920, -0.11942986, -0.11358977, -0.10485517, -0.09438764, -0.08321742, -0.07213614, -0.06166313, -0.05210117, -0.04359963, -0.03618977, -0.02983621, -0.02446430, -0.01996905, -0.01624301, -0.01317499, -0.01066380, -0.00861739, -0.00695567, -0.00561025, -0.00452270, -0.00364548, -0.00293837, -0.00236833, -0.00190901, -0.00153909, -0.00124055, -0.00099957, -0.00080498, -0.00064768, -0.00052029, -0.00041699, -0.00033306, -0.00026480, -0.00020926, -0.00016392, -0.00012700, -0.00009684, -0.00007226, -0.00005227, -0.00003601, -0.00002277, -0.00001205, -0.00000342, 0.00000347, 0.00000901, 0.00001326, 0.00001654, 0.00001902, 0.00002083, 0.00002205, 0.00002280, 0.00002318, 0.00002327, 0.00002314, 0.00002281, 0.00002239, 0.00002180, 0.00002113, 0.00002040, 0.00001965, 0.00001889
-0.14594033, -0.14322993, -0.13534042, -0.12374776, -0.11015195, -0.09597530, -0.08221899, -0.06947421, -0.05804165, -0.04803601, -0.03944113, -0.03217100, -0.02610366, -0.02108920, -0.01698160, -0.01363785, -0.01093101, -0.00874865, -0.00699449, -0.00558862, -0.00446337, -0.00356454, -0.00284690, -0.00227372, -0.00181610, -0.00145095, -0.00115886, -0.00092513, -0.00073803, -0.00058807, -0.00046764, -0.00037075, -0.00029266, -0.00022962, -0.00017872, -0.00013748, -0.00010414, -0.00007709, -0.00005521, -0.00003757, -0.00002334, -0.00001184, -0.00000262, 0.00000472, 0.00001050, 0.00001507, 0.00001849, 0.00002105, 0.00002291, 0.00002419, 0.00002494, 0.00002529, 0.00002531, 0.00002509, 0.00002469, 0.00002413, 0.00002350, 0.00002273, 0.00002191, 0.00002105, 0.00002019, 0.00001934
-0.07560225, -0.07468368, -0.07194729, -0.06771056, -0.06241323, -0.05648429, -0.05031356, -0.04420917, -0.03839484, -0.03301814, -0.02815620, -0.02383993, -0.02006723, -0.01680787, -0.01402235, -0.01166059, -0.00967209, -0.00800673, -0.00661797, -0.00546434, -0.00450826, -0.00371786, -0.00306531, -0.00252685, -0.00208287, -0.00171707, -0.00141528, -0.00116638, -0.00096102, -0.00079147, -0.00065132, -0.00053535, -0.00043927, -0.00035959, -0.00029349, -0.00023851, -0.00019289, -0.00015493, -0.00012339, -0.00009720, -0.00007546, -0.00005739, -0.00004241, -0.00003003, -0.00001984, -0.00001141, -0.00000460, 0.00000092, 0.00000536, 0.00000890, 0.00001165, 0.00001375, 0.00001532, 0.00001645, 0.00001723, 0.00001771, 0.00001799, 0.00001802, 0.00001790, 0.00001765, 0.00001732, 0.00001692
-20.43310272, -12.19677989, -3.88667527, -1.35964070, -0.70178106, -0.46982453, -0.33228507, -0.22876013, -0.15161722, -0.09907440, -0.06486963, -0.04318070, -0.02918569, -0.01981656, -0.01347200, -0.00919368, -0.00635167, -0.00436385, -0.00298474, -0.00205738, -0.00143845, -0.00107987, -0.00077794, -0.00051277, -0.00037227, -0.00031226, -0.00022717, -0.00015100, -0.00012012, -0.00007609, -0.00004619, -0.00005446, -0.00001122, -0.00000902, 0.00000438, 0.00001907, 0.00000670, 0.00002888, 0.00002331, 0.00003959, 0.00002615, 0.00003660, 0.00003493, 0.00004728, 0.00004384, 0.00004261, 0.00003583, 0.00004648, 0.00003935, 0.00004231, 0.00003198, 0.00003552, 0.00003100, 0.00003686, 0.00002754, 0.00003180, 0.00002362, 0.00002837, 0.00002439, 0.00002593, 0.00001926, 0.00001944
-0.66873304, -0.62823115, -0.52717355, -0.41455689, -0.31861381, -0.24444873, -0.18779897, -0.14386854, -0.10949776, -0.08272179, -0.06209190, -0.04638321, -0.03454095, -0.02566127, -0.01903334, -0.01409643, -0.01042969, -0.00771134, -0.00570036, -0.00421530, -0.00311843, -0.00230983, -0.00171317, -0.00127165, -0.00094495, -0.00070339, -0.00052343, -0.00038884, -0.00028817, -0.00021249, -0.00015511, -0.00011131, -0.00007756, -0.00005143, -0.00003115, -0.00001527, -0.00000274, 0.00000723, 0.00001505, 0.00002106, 0.00002573, 0.00002939, 0.00003215, 0.00003413, 0.00003544, 0.00003626, 0.00003652, 0.00003643, 0.00003604, 0.00003541, 0.00003450, 0.00003338, 0.00003213, 0.00003081, 0.00002948, 0.00002809, 0.00002674, 0.00002533, 0.00002396, 0.00002262, 0.00002136, 0.00002019
-0.20806177, -0.20306651, -0.18884169, -0.16881362, -0.14650197, -0.12443657, -0.10403067, -0.08588755, -0.07016988, -0.05682499, -0.04567464, -0.03648639, -0.02900589, -0.02296806, -0.01813378, -0.01428380, -0.01123189, -0.00882088, -0.00692153, -0.00542871, -0.00425659, -0.00333794, -0.00261809, -0.00205357, -0.00161100, -0.00126422, -0.00099165, -0.00077722, -0.00060850, -0.00047553, -0.00037043, -0.00028719, -0.00022108, -0.00016848, -0.00012661, -0.00009315, -0.00006644, -0.00004504, -0.00002796, -0.00001441, -0.00000364, 0.00000493, 0.00001168, 0.00001692, 0.00002092, 0.00002398, 0.00002610, 0.00002756, 0.00002848, 0.00002896, 0.00002902, 0.00002875, 0.00002825, 0.00002758, 0.00002679, 0.00002590, 0.00002497, 0.00002395, 0.00002291, 0.00002186, 0.00002083, 0.00001985
-0.12506552, -0.12297567, -0.11684737, -0.10770643, -0.09678755, -0.08517680, -0.07369785, -0.06288274, -0.05303627, -0.04430381, -0.03671044, -0.03021380, -0.02473237, -0.02015463, -0.01636750, -0.01325487, -0.01071167, -0.00864281, -0.00696551, -0.00560974, -0.00451555, -0.00363434, -0.00292512, -0.00235422, -0.00189487, -0.00152549, -0.00122780, -0.00098784, -0.00079434, -0.00063813, -0.00051180, -0.00040949, -0.00032647, -0.00025903, -0.00020422, -0.00015954, -0.00012319, -0.00009354, -0.00006939, -0.00004979, -0.00003386, -0.00002091, -0.00001044, -0.00000202, 0.00000468, 0.00001005, 0.00001416, 0.00001732, 0.00001969, 0.00002141, 0.00002256, 0.00002324, 0.00002356, 0.00002359, 0.00002341, 0.00002305, 0.00002259, 0.00002196, 0.00002127, 0.00002052, 0.00001975, 0.00001898
-0.09335291, -0.09206246, -0.08823862, -0.08239878, -0.07521845, -0.06733528, -0.05929152, -0.05148602, -0.04418556, -0.03754918, -0.03164471, -0.02648269, -0.02203661, -0.01824935, -0.01505635, -0.01238421, -0.01016239, -0.00832395, -0.00680888, -0.00556466, -0.00454472, -0.00371066, -0.00302931, -0.00247278, -0.00201853, -0.00164799, -0.00134522, -0.00109784, -0.00089565, -0.00073025, -0.00059475, -0.00048361, -0.00039232, -0.00031726, -0.00025552, -0.00020458, -0.00016266, -0.00012808, -0.00009957, -0.00007612, -0.00005683, -0.00004093, -0.00002789, -0.00001723, -0.00000857, -0.00000148, 0.00000413, 0.00000859, 0.00001210, 0.00001482, 0.00001683, 0.00001828, 0.00001927, 0.00001990, 0.00002023, 0.00002032, 0.00002025, 0.00001997, 0.00001958, 0.00001909, 0.00001855, 0.00001797
-0.20045774, -0.19680852, -0.18623121, -0.17092749, -0.15319592, -0.13491596, -0.11726494, -0.10084857, -0.08593266, -0.07262557, -0.06095000, -0.05083508, -0.04218660, -0.03485762, -0.02870090, -0.02355926, -0.01929071, -0.01576138, -0.01285451, -0.01046816, -0.00851408, -0.00691779, -0.00561545, -0.00455428, -0.00369140, -0.00299000, -0.00241940, -0.00195572, -0.00157956, -0.00127418, -0.00102594, -0.00082394, -0.00065983, -0.00052639, -0.00041773, -0.00032897, -0.00025678, -0.00019789, -0.00014985, -0.00011072, -0.00007891, -0.00005293, -0.00003172, -0.00001450, -0.00000062, 0.00001062, 0.00001949, 0.00002655, 0.00003207, 0.00003628, 0.00003940, 0.00004160, 0.00004304, 0.00004385, 0.00004417, 0.00004408, 0.00004375, 0.00004302, 0.00004204, 0.00004087, 0.00003957, 0.00003818
-0.13279250, -0.13104370, -0.12585150, -0.11800518, -0.10838535, -0.09786737, -0.08714423, -0.07669546, -0.06682321, -0.05771600, -0.04948311, -0.04214772, -0.03570578, -0.03010521, -0.02528492, -0.02116508, -0.01766767, -0.01471269, -0.01222793, -0.01014645, -0.00840760, -0.00695919, -0.00575474, -0.00475464, -0.00392602, -0.00323986, -0.00267143, -0.00220112, -0.00181251, -0.00149129, -0.00122552, -0.00100549, -0.00082352, -0.00067293, -0.00054821, -0.00044461, -0.00035890, -0.00028780, -0.00022883, -0.00017996, -0.00013949, -0.00010590, -0.00007801, -0.00005494, -0.00003594, -0.00002020, -0.00000742, 0.00000305, 0.00001153, 0.00001833, 0.00002371, 0.00002789, 0.00003106, 0.00003340, 0.00003504, 0.00003611, 0.00003680, 0.00003697, 0.00003679, 0.00003633, 0.00003566, 0.00003482
-41.94794960, -25.26994426, -7.11040810, -1.61963045, -0.64691797, -0.54750171, -0.47991229, -0.36497819, -0.25028515, -0.16619029, -0.11241280, -0.07920423, -0.05731178, -0.04152637, -0.02982265, -0.02129169, -0.01527276, -0.01093819, -0.00783936, -0.00564579, -0.00408831, -0.00305081, -0.00222060, -0.00154601, -0.00112610, -0.00087587, -0.00063433, -0.00043853, -0.00033086, -0.00022283, -0.00014752, -0.00013402, -0.00005681, -0.00004205, -0.00001470, 0.00001218, -0.00000026, 0.00003383, 0.00002879, 0.00005368, 0.00003676, 0.00005290, 0.00005220, 0.00007098, 0.00006756, 0.00006720, 0.00005908, 0.00007528, 0.00006656, 0.00007172, 0.00005841, 0.00006432, 0.00005880, 0.00006751, 0.00005493, 0.00006114, 0.00005007, 0.00005666, 0.00005092, 0.00005264, 0.00004289, 0.00004246
-4982.16548625, -424.94873034, -54.72124022, 12.71602596, 12.03622390, 5.13546850, -0.76492330, -3.09608617, 1.31496801, 0.98540843, 1.05129201, 0.03940565, -0.53638906, -0.04140180, 0.37726530, 0.23615022, -0.43778327, -0.37073957, 0.03840534, 0.26357587, 0.30266153, -0.28005209, -0.25215997, 0.22660876, 0.19580675, -0.16907822, -0.10705101, 0.06295227, -0.02770501, 0.06849564, 0.12259579, -0.12083160, 0.09938585, 0.01618679, 0.03261809, 0.09128787, -0.08290232, 0.05152847, -0.03786423, 0.06660224, -0.06914974, -0.00686005, -0.03349761, 0.05674800, 0.02756023, 0.01110002, -0.04117575, 0.04903836, -0.00038960, 0.03099498, -0.04253871, -0.00245046, -0.02552431, 0.03715835, -0.02649840, 0.02332110, -0.03248773, 0.02194394, 0.00102527, 0.02855797, -0.01713542, -0.00361553
-0.10995116, -0.10868737, -0.10490377, -0.09910215, -0.09184753, -0.08374674, -0.07531666, -0.06694613, -0.05890297, -0.05137019, -0.04446585, -0.03823400, -0.03269380, -0.02781976, -0.02357724, -0.01991178, -0.01676784, -0.01408500, -0.01180678, -0.00988029, -0.00825631, -0.00689128, -0.00574613, -0.00478715, -0.00398573, -0.00331651, -0.00275754, -0.00229131, -0.00190290, -0.00157923, -0.00130932, -0.00108413, -0.00089641, -0.00073986, -0.00060918, -0.00049984, -0.00040867, -0.00033248, -0.00026880, -0.00021561, -0.00017122, -0.00013410, -0.00010305, -0.00007714, -0.00005560, -0.00003760, -0.00002281, -0.00001056, -0.00000050, 0.00000770, 0.00001432, 0.00001960, 0.00002374, 0.00002694, 0.00002935, 0.00003110, 0.00003239, 0.00003310, 0.00003340, 0.00003336, 0.00003307, 0.00003256
-0.04006646, -0.03981926, -0.03905770, -0.03784167, -0.03622312, -0.03428702, -0.03212054, -0.02980597, -0.02741618, -0.02501779, -0.02266886, -0.02040781, -0.01826910, -0.01627065, -0.01442694, -0.01274165, -0.01121497, -0.00984148, -0.00861369, -0.00752240, -0.00655677, -0.00570595, -0.00495861, -0.00430404, -0.00373234, -0.00323393, -0.00279974, -0.00242241, -0.00209488, -0.00181076, -0.00156435, -0.00135071, -0.00116563, -0.00100530, -0.00086638, -0.00074580, -0.00064148, -0.00055109, -0.00047274, -0.00040484, -0.00034601, -0.00029500, -0.00025076, -0.00021241, -0.00017919, -0.00015032, -0.00012543, -0.00010389, -0.00008529, -0.00006923, -0.00005541, -0.00004354, -0.00003336, -0.00002465, -0.00001722, -0.00001089, -0.00000546, -0.00000096, 0.00000280, 0.00000591, 0.00000848, 0.00001057
-0.72792469, -0.68747461, -0.58469135, -0.46790691, -0.36802197, -0.29168325, -0.23357475, -0.18745195, -0.14966446, -0.11857691, -0.09333089, -0.07311335, -0.05710664, -0.04449756, -0.03459997, -0.02684433, -0.02078658, -0.01606668, -0.01240135, -0.00956079, -0.00736348, -0.00566630, -0.00435599, -0.00334495, -0.00256691, -0.00196793, -0.00150581, -0.00114950, -0.00087580, -0.00066504, -0.00050214, -0.00037585, -0.00027831, -0.00020278, -0.00014404, -0.00009798, -0.00006212, -0.00003397, -0.00001190, 0.00000536, 0.00001876, 0.00002937, 0.00003778, 0.00004432, 0.00004923, 0.00005293, 0.00005550, 0.00005732, 0.00005844, 0.00005894, 0.00005891, 0.00005843, 0.00005756, 0.00005639, 0.00005501, 0.00005345, 0.00005187, 0.00005001, 0.00004801, 0.00004594, 0.00004385, 0.00004177
-0.85276116, -0.79902453, -0.66524391, -0.51883631, -0.39936927, -0.31212966, -0.24782359, -0.19758016, -0.15670476, -0.12327395, -0.09633136, -0.07494172, -0.05815503, -0.04503556, -0.03480907, -0.02684721, -0.02066661, -0.01588109, -0.01218719, -0.00934268, -0.00715500, -0.00547536, -0.00418595, -0.00319663, -0.00243967, -0.00186018, -0.00141548, -0.00107442, -0.00081386, -0.00061427, -0.00046071, -0.00034218, -0.00025104, -0.00018077, -0.00012631, -0.00008372, -0.00005065, -0.00002474, -0.00000445, 0.00001137, 0.00002362, 0.00003332, 0.00004102, 0.00004698, 0.00005144, 0.00005477, 0.00005705, 0.00005864, 0.00005957, 0.00005992, 0.00005976, 0.00005917, 0.00005820, 0.00005696, 0.00005550, 0.00005389, 0.00005225, 0.00005034, 0.00004829, 0.00004618, 0.00004404, 0.00004193
-0.20564735, -0.20182319, -0.19075894, -0.17480300, -0.15639289, -0.13749436, -0.11931547, -0.10246056, -0.08718421, -0.07358307, -0.06167106, -0.05136938, -0.04257542, -0.03513485, -0.02889364, -0.02368879, -0.01937383, -0.01581047, -0.01287942, -0.01047623, -0.00851075, -0.00690709, -0.00560027, -0.00453670, -0.00367287, -0.00297150, -0.00240159, -0.00193898, -0.00156412, -0.00126014, -0.00101331, -0.00081268, -0.00064985, -0.00051760, -0.00041004, -0.00032226, -0.00025094, -0.00019281, -0.00014545, -0.00010692, -0.00007562, -0.00005009, -0.00002927, -0.00001238, 0.00000121, 0.00001220, 0.00002085, 0.00002773, 0.00003309, 0.00003717, 0.00004016, 0.00004226, 0.00004361, 0.00004435, 0.00004460, 0.00004445, 0.00004408, 0.00004331, 0.00004228, 0.00004108, 0.00003975, 0.00003834
-1.81972952, -1.62554207, -1.19123916, -0.79946706, -0.54820303, -0.40271137, -0.31029257, -0.24156751, -0.18625967, -0.14186926, -0.10729485, -0.08096758, -0.06112214, -0.04613381, -0.03478368, -0.02617221, -0.01965734, -0.01474350, -0.01104997, -0.00827833, -0.00619943, -0.00464107, -0.00347209, -0.00259535, -0.00193970, -0.00144883, -0.00107988, -0.00080247, -0.00059497, -0.00043903, -0.00032097, -0.00023108, -0.00016301, -0.00011118, -0.00007137, -0.00004036, -0.00001640, 0.00000237, 0.00001707, 0.00002852, 0.00003734, 0.00004439, 0.00005006, 0.00005444, 0.00005765, 0.00005998, 0.00006148, 0.00006246, 0.00006290, 0.00006284, 0.00006234, 0.00006146, 0.00006023, 0.00005876, 0.00005710, 0.00005530, 0.00005350, 0.00005143, 0.00004923, 0.00004696, 0.00004469, 0.00004245
-0.28820601, -0.28079472, -0.25980647, -0.23062675, -0.19858979, -0.16736896, -0.13887697, -0.11383279, -0.09234709, -0.07426646, -0.05928711, -0.04704226, -0.03715093, -0.02922803, -0.02293067, -0.01795045, -0.01402978, -0.01095319, -0.00854499, -0.00666427, -0.00519667, -0.00405359, -0.00316291, -0.00246822, -0.00192701, -0.00150506, -0.00117497, -0.00091661, -0.00071435, -0.00055559, -0.00043060, -0.00033196, -0.00025388, -0.00019198, -0.00014290, -0.00010371, -0.00007249, -0.00004756, -0.00002777, -0.00001212, 0.00000033, 0.00001018, 0.00001788, 0.00002381, 0.00002827, 0.00003164, 0.00003392, 0.00003542, 0.00003631, 0.00003664, 0.00003649, 0.00003598, 0.00003521, 0.00003426, 0.00003318, 0.00003196, 0.00003075, 0.00002942, 0.00002807, 0.00002675, 0.00002547, 0.00002424
-0.02685114, -0.02668564, -0.02618622, -0.02537607, -0.02430387, -0.02301659, -0.02156804, -0.02001293, -0.01840281, -0.01678454, -0.01519596, -0.01366647, -0.01221933, -0.01086836, -0.00962337, -0.00848750, -0.00746052, -0.00653891, -0.00571704, -0.00498853, -0.00434542, -0.00378022, -0.00328495, -0.00285203, -0.00247453, -0.00214590, -0.00185994, -0.00161167, -0.00139619, -0.00120924, -0.00104708, -0.00090641, -0.00078438, -0.00067850, -0.00058662, -0.00050673, -0.00043748, -0.00037733, -0.00032509, -0.00027971, -0.00024028, -0.00020601, -0.00017623, -0.00015036, -0.00012789, -0.00010830, -0.00009138, -0.00007672, -0.00006401, -0.00005302, -0.00004353, -0.00003535, -0.00002830, -0.00002224, -0.00001704, -0.00001258, -0.00000872, -0.00000549, -0.00000275, -0.00000043, 0.00000151, 0.00000315
-0.07567146, -0.07486643, -0.07245049, -0.06866734, -0.06386445, -0.05839241, -0.05258987, -0.04674244, -0.04107100, -0.03573574, -0.03083247, -0.02641057, -0.02248775, -0.01905010, -0.01607145, -0.01351231, -0.01133001, -0.00947987, -0.00791862, -0.00660664, -0.00550700, -0.00458807, -0.00382114, -0.00318160, -0.00264903, -0.00220572, -0.00183628, -0.00152866, -0.00127245, -0.00105887, -0.00088067, -0.00073185, -0.00060745, -0.00050337, -0.00041627, -0.00034315, -0.00028194, -0.00023060, -0.00018755, -0.00015149, -0.00012124, -0.00009587, -0.00007465, -0.00005692, -0.00004215, -0.00002977, -0.00001962, -0.00001125, -0.00000437, 0.00000122, 0.00000571, 0.00000928, 0.00001209, 0.00001427, 0.00001593, 0.00001713, 0.00001804, 0.00001857, 0.00001885, 0.00001894, 0.00001887, 0.00001869
-0.28870006, -0.28126641, -0.26021772, -0.23096129, -0.19884967, -0.16756529, -0.13902256, -0.11393899, -0.09242312, -0.07431970, -0.05932344, -0.04706628, -0.03716619, -0.02923718, -0.02293564, -0.01795264, -0.01403018, -0.01095249, -0.00854365, -0.00666263, -0.00519492, -0.00405186, -0.00316128, -0.00246674, -0.00192568, -0.00150389, -0.00117396, -0.00091574, -0.00071361, -0.00055496, -0.00043007, -0.00033151, -0.00025350, -0.00019167, -0.00014263, -0.00010349, -0.00007230, -0.00004741, -0.00002764, -0.00001202, 0.00000042, 0.00001026, 0.00001794, 0.00002386, 0.00002831, 0.00003168, 0.00003395, 0.00003545, 0.00003633, 0.00003666, 0.00003651, 0.00003600, 0.00003522, 0.00003427, 0.00003318, 0.00003197, 0.00003075, 0.00002942, 0.00002808, 0.00002675, 0.00002547, 0.00002425
-731.21008045, -124.25840789, -9.46475275, 0.36960920, 0.40745017, -0.12643893, -0.49700617, -0.55456339, -0.03112619, -0.00624066, 0.03396485, -0.03865757, -0.07704980, -0.02097685, 0.02381583, 0.01373657, -0.04736824, -0.03836487, 0.00140463, 0.02329045, 0.02691397, -0.02762017, -0.02428564, 0.02129615, 0.01809079, -0.01648666, -0.01024994, 0.00585560, -0.00275434, 0.00649506, 0.01143080, -0.01150723, 0.00951818, 0.00147863, 0.00315035, 0.00856120, -0.00781224, 0.00492528, -0.00354776, 0.00635621, -0.00656259, -0.00057262, -0.00314820, 0.00546503, 0.00260508, 0.00111674, -0.00388388, 0.00473722, -0.00001422, 0.00299264, -0.00401758, -0.00017444, -0.00238626, 0.00356380, -0.00248895, 0.00223367, -0.00304489, 0.00210380, 0.00013460, 0.00271246, -0.00159317, -0.00033442
-0.59570620, -0.56850911, -0.49714182, -0.41043379, -0.32899914, -0.26043481, -0.20479347, -0.15997865, -0.12401863, -0.09541967, -0.07293111, -0.05545180, -0.04200499, -0.03172746, -0.02391631, -0.01799863, -0.01353018, -0.01016310, -0.00763163, -0.00573140, -0.00430550, -0.00323758, -0.00243674, -0.00183488, -0.00138331, -0.00104398, -0.00078751, -0.00059332, -0.00044628, -0.00033435, -0.00024864, -0.00018267, -0.00013157, -0.00009187, -0.00006099, -0.00003668, -0.00001750, -0.00000235, 0.00000949, 0.00001863, 0.00002583, 0.00003143, 0.00003566, 0.00003873, 0.00004084, 0.00004225, 0.00004290, 0.00004304, 0.00004279, 0.00004215, 0.00004114, 0.00003988, 0.00003847, 0.00003697, 0.00003541, 0.00003378, 0.00003219, 0.00003054, 0.00002892, 0.00002736, 0.00002590, 0.00002452
-0.08723869, -0.08623111, -0.08321557, -0.07852748, -0.07262869, -0.06597935, -0.05900815, -0.05206345, -0.04540322, -0.03920564, -0.03356938, -0.02853765, -0.02411696, -0.02027925, -0.01698376, -0.01417717, -0.01180393, -0.00980820, -0.00813729, -0.00674373, -0.00558440, -0.00462249, -0.00382527, -0.00316496, -0.00261875, -0.00216701, -0.00179290, -0.00148332, -0.00122701, -0.00101464, -0.00083845, -0.00069215, -0.00057052, -0.00046933, -0.00038511, -0.00031478, -0.00025621, -0.00020735, -0.00016662, -0.00013268, -0.00010437, -0.00008077, -0.00006115, -0.00004486, -0.00003140, -0.00002020, -0.00001111, -0.00000369, 0.00000234, 0.00000717, 0.00001097, 0.00001393, 0.00001620, 0.00001789, 0.00001911, 0.00001993, 0.00002048, 0.00002071, 0.00002072, 0.00002056, 0.00002029, 0.00001992
-0.39159409, -0.37881974, -0.34363050, -0.29708504, -0.24889226, -0.20451650, -0.16590343, -0.13320817, -0.10597544, -0.08362649, -0.06553215, -0.05105883, -0.03961060, -0.03062466, -0.02361814, -0.01817898, -0.01397348, -0.01073019, -0.00823518, -0.00631930, -0.00484904, -0.00372293, -0.00285969, -0.00219709, -0.00168913, -0.00129936, -0.00099898, -0.00076729, -0.00058856, -0.00045021, -0.00034269, -0.00025884, -0.00019319, -0.00014170, -0.00010128, -0.00006928, -0.00004396, -0.00002390, -0.00000811, 0.00000422, 0.00001395, 0.00002158, 0.00002745, 0.00003186, 0.00003505, 0.00003737, 0.00003877, 0.00003954, 0.00003980, 0.00003961, 0.00003899, 0.00003809, 0.00003697, 0.00003573, 0.00003439, 0.00003296, 0.00003155, 0.00003005, 0.00002857, 0.00002712, 0.00002574, 0.00002444
-1.12787799, -1.04277993, -0.84007936, -0.63108898, -0.46727649, -0.34905627, -0.26278279, -0.19773305, -0.14784800, -0.10971433, -0.08090103, -0.05939573, -0.04349801, -0.03179999, -0.02321980, -0.01693640, -0.01234510, -0.00899575, -0.00655735, -0.00478453, -0.00349491, -0.00255873, -0.00187729, -0.00137944, -0.00101640, -0.00075091, -0.00055490, -0.00040961, -0.00030186, -0.00022119, -0.00016015, -0.00011352, -0.00007750, -0.00004953, -0.00002778, -0.00001054, 0.00000324, 0.00001423, 0.00002284, 0.00002945, 0.00003470, 0.00003880, 0.00004184, 0.00004397, 0.00004530, 0.00004608, 0.00004618, 0.00004588, 0.00004525, 0.00004427, 0.00004295, 0.00004140, 0.00003974, 0.00003802, 0.00003626, 0.00003444, 0.00003269, 0.00003089, 0.00002915, 0.00002748, 0.00002593, 0.00002449
-0.25540464, -0.24816678, -0.22807728, -0.20134428, -0.17347899, -0.14764717, -0.12481687, -0.10488676, -0.08752952, -0.07252599, -0.05970041, -0.04886822, -0.03982742, -0.03233795, -0.02617851, -0.02113300, -0.01701973, -0.01367795, -0.01097172, -0.00878733, -0.00702761, -0.00561339, -0.00447833, -0.00356840, -0.00283974, -0.00225756, -0.00179205, -0.00142001, -0.00112272, -0.00088589, -0.00069690, -0.00054589, -0.00042510, -0.00032872, -0.00025177, -0.00019005, -0.00014083, -0.00010143, -0.00006985, -0.00004459, -0.00002444, -0.00000845, 0.00000431, 0.00001452, 0.00002258, 0.00002898, 0.00003376, 0.00003735, 0.00004003, 0.00004194, 0.00004317, 0.00004385, 0.00004405, 0.00004386, 0.00004337, 0.00004263, 0.00004177, 0.00004068, 0.00003947, 0.00003813, 0.00003669, 0.00003520
-0.14804030, -0.14547032, -0.13798234, -0.12713178, -0.11451611, -0.10145488, -0.08877277, -0.07689396, -0.06600936, -0.05622154, -0.04755210, -0.03997357, -0.03343479, -0.02784270, -0.02310331, -0.01910956, -0.01576471, -0.01297538, -0.01065806, -0.00874015, -0.00715668, -0.00585289, -0.00478118, -0.00390153, -0.00318041, -0.00259045, -0.00210758, -0.00171271, -0.00138983, -0.00112642, -0.00091131, -0.00073547, -0.00059165, -0.00047421, -0.00037825, -0.00029961, -0.00023543, -0.00018293, -0.00013995, -0.00010479, -0.00007608, -0.00005270, -0.00003361, -0.00001800, -0.00000533, 0.00000502, 0.00001317, 0.00001966, 0.00002479, 0.00002879, 0.00003181, 0.00003402, 0.00003555, 0.00003650, 0.00003700, 0.00003711, 0.00003699, 0.00003654, 0.00003589, 0.00003505, 0.00003405, 0.00003295
-0.95621292, -0.87590552, -0.68541817, -0.49571435, -0.35974128, -0.27324912, -0.21532786, -0.17136875, -0.13538494, -0.10581503, -0.08209833, -0.06348674, -0.04905021, -0.03785651, -0.02917146, -0.02242682, -0.01720465, -0.01317445, -0.01007400, -0.00769527, -0.00587121, -0.00447476, -0.00340602, -0.00258858, -0.00196391, -0.00148807, -0.00112475, -0.00084725, -0.00063519, -0.00047407, -0.00035111, -0.00025689, -0.00018446, -0.00012908, -0.00008662, -0.00005372, -0.00002845, -0.00000885, 0.00000642, 0.00001827, 0.00002741, 0.00003436, 0.00003974, 0.00004398, 0.00004719, 0.00004961, 0.00005109, 0.00005199, 0.00005248, 0.00005259, 0.00005233, 0.00005175, 0.00005089, 0.00004980, 0.00004853, 0.00004711, 0.00004566, 0.00004407, 0.00004242, 0.00004066, 0.00003884, 0.00003700
-0.43411251, -0.41429844, -0.36243056, -0.30041613, -0.24406929, -0.19853914, -0.16241271, -0.13292235, -0.10821551, -0.08746161, -0.07021966, -0.05609331, -0.04465827, -0.03545225, -0.02807648, -0.02218030, -0.01748358, -0.01375374, -0.01080042, -0.00846917, -0.00663154, -0.00518632, -0.00405081, -0.00315945, -0.00246050, -0.00191381, -0.00148571, -0.00115054, -0.00088815, -0.00068356, -0.00052365, -0.00039839, -0.00030009, -0.00022324, -0.00016309, -0.00011570, -0.00007863, -0.00004946, -0.00002647, -0.00000840, 0.00000575, 0.00001675, 0.00002535, 0.00003215, 0.00003739, 0.00004145, 0.00004427, 0.00004624, 0.00004759, 0.00004839, 0.00004870, 0.00004859, 0.00004814, 0.00004739, 0.00004642, 0.00004526, 0.00004404, 0.00004265, 0.00004118, 0.00003959, 0.00003793, 0.00003624
-0.18796191, -0.18393500, -0.17242790, -0.15630351, -0.13834860, -0.12055988, -0.10393901, -0.08883356, -0.07530613, -0.06336190, -0.05295188, -0.04399198, -0.03637508, -0.02995239, -0.02458164, -0.02011345, -0.01641666, -0.01336925, -0.01086648, -0.00881825, -0.00714543, -0.00578295, -0.00467483, -0.00377476, -0.00304454, -0.00245338, -0.00197451, -0.00158686, -0.00127310, -0.00101980, -0.00081506, -0.00064937, -0.00051519, -0.00040673, -0.00031902, -0.00024783, -0.00019033, -0.00014374, -0.00010597, -0.00007538, -0.00005066, -0.00003076, -0.00001468, -0.00000166, 0.00000878, 0.00001720, 0.00002369, 0.00002874, 0.00003265, 0.00003560, 0.00003772, 0.00003914, 0.00003999, 0.00004036, 0.00004034, 0.00004001, 0.00003951, 0.00003873, 0.00003779, 0.00003668, 0.00003546, 0.00003415
-0.04231825, -0.04202069, -0.04109698, -0.03963693, -0.03771745, -0.03545223, -0.03295325, -0.03032163, -0.02764343, -0.02499819, -0.02244238, -0.02001664, -0.01775247, -0.01566377, -0.01376072, -0.01204166, -0.01050216, -0.00913244, -0.00792100, -0.00685552, -0.00592215, -0.00510775, -0.00439929, -0.00378460, -0.00325246, -0.00279284, -0.00239611, -0.00205434, -0.00176007, -0.00150713, -0.00128974, -0.00110289, -0.00094230, -0.00080440, -0.00068595, -0.00058404, -0.00049664, -0.00042155, -0.00035702, -0.00030157, -0.00025394, -0.00021305, -0.00017791, -0.00014770, -0.00012176, -0.00009942, -0.00008038, -0.00006409, -0.00005015, -0.00003826, -0.00002814, -0.00001957, -0.00001232, -0.00000623, -0.00000113, 0.00000312, 0.00000670, 0.00000958, 0.00001191, 0.00001375, 0.00001518, 0.00001626
-74.80347487, -39.20105086, -7.78720340, -0.84270352, -0.21730455, -0.38994578, -0.41991295, -0.32422383, -0.21011580, -0.13273383, -0.08815416, -0.06369211, -0.04768550, -0.03497215, -0.02503127, -0.01788581, -0.01317641, -0.00949734, -0.00669632, -0.00473792, -0.00340606, -0.00282718, -0.00207612, -0.00121796, -0.00087724, -0.00086332, -0.00060794, -0.00034190, -0.00029724, -0.00014494, -0.00005486, -0.00017670, 0.00001793, -0.00002095, 0.00001423, 0.00006512, -0.00004077, 0.00006292, 0.00000745, 0.00008695, -0.00000596, 0.00004454, 0.00002672, 0.00009485, 0.00007265, 0.00006499, 0.00002710, 0.00009351, 0.00005621, 0.00007923, 0.00002536, 0.00005436, 0.00003612, 0.00007929, 0.00003224, 0.00006575, 0.00002522, 0.00006142, 0.00004540, 0.00006167, 0.00002840, 0.00003504
-2573.96901513, -350.70152781, -18.78402356, 8.42324799, 5.21699178, 1.55429374, -0.72961545, -1.42019115, 0.42673491, 0.33093071, 0.36200118, -0.02231917, -0.23278951, -0.03278327, 0.13348760, 0.08090290, -0.17788270, -0.14756737, 0.01211184, 0.09987521, 0.11407067, -0.11075387, -0.09825236, 0.08808934, 0.07517052, -0.06664208, -0.04160311, 0.02435390, -0.01095463, 0.02674861, 0.04718135, -0.04702303, 0.03892447, 0.00614403, 0.01283045, 0.03517355, -0.03211622, 0.02007513, -0.01466088, 0.02591604, -0.02697022, -0.00253553, -0.01303169, 0.02219036, 0.01058583, 0.00439763, -0.01603687, 0.01920821, -0.00017780, 0.01210864, -0.01656508, -0.00086439, -0.00989287, 0.01448536, -0.01029111, 0.00906705, -0.01257482, 0.00854293, 0.00045998, 0.01106787, -0.00660579, -0.00141624
-0.04808519, -0.04771955, -0.04658982, -0.04481100, -0.04248837, -0.03976801, -0.03679153, -0.03368365, -0.03054769, -0.02747591, -0.02453179, -0.02175941, -0.01919132, -0.01683993, -0.01471277, -0.01280474, -0.01110740, -0.00960719, -0.00828881, -0.00713646, -0.00613300, -0.00526259, -0.00450971, -0.00386015, -0.00330083, -0.00282033, -0.00240773, -0.00205412, -0.00175116, -0.00149208, -0.00127046, -0.00108089, -0.00091875, -0.00078014, -0.00066166, -0.00056017, -0.00047353, -0.00039943, -0.00033603, -0.00028181, -0.00023544, -0.00019581, -0.00016191, -0.00013291, -0.00010812, -0.00008687, -0.00006886, -0.00005353, -0.00004049, -0.00002944, -0.00002010, -0.00001223, -0.00000565, -0.00000017, 0.00000438, 0.00000811, 0.00001122, 0.00001367, 0.00001560, 0.00001709, 0.00001819, 0.00001897
-2.53683204, -2.17141186, -1.39354254, -0.77066403, -0.45325474, -0.32554475, -0.26478654, -0.21651689, -0.17085322, -0.13120351, -0.10000590, -0.07665797, -0.05916610, -0.04576826, -0.03530677, -0.02712813, -0.02077655, -0.01589192, -0.01214974, -0.00928422, -0.00708622, -0.00539881, -0.00410495, -0.00311440, -0.00235687, -0.00177784, -0.00133659, -0.00100072, -0.00074427, -0.00054816, -0.00039912, -0.00028628, -0.00020039, -0.00013471, -0.00008441, -0.00004611, -0.00001728, 0.00000465, 0.00002137, 0.00003411, 0.00004385, 0.00005120, 0.00005665, 0.00006056, 0.00006327, 0.00006544, 0.00006679, 0.00006752, 0.00006768, 0.00006731, 0.00006663, 0.00006574, 0.00006461, 0.00006326, 0.00006171, 0.00006000, 0.00005823, 0.00005624, 0.00005418, 0.00005206, 0.00004992, 0.00004778
-0.70084924, -0.65181103, -0.53069422, -0.40205211, -0.30379086, -0.23866714, -0.19423433, -0.15974572, -0.13048096, -0.10541168, -0.08448235, -0.06747657, -0.05381354, -0.04286582, -0.03406949, -0.02701050, -0.02135575, -0.01684949, -0.01326881, -0.01043249, -0.00818887, -0.00641645, -0.00501853, -0.00391749, -0.00305117, -0.00237015, -0.00183630, -0.00141853, -0.00109116, -0.00083450, -0.00063415, -0.00047815, -0.00035638, -0.00026114, -0.00018663, -0.00012851, -0.00008355, -0.00004858, -0.00002137, -0.00000021, 0.00001623, 0.00002894, 0.00003865, 0.00004596, 0.00005138, 0.00005566, 0.00005866, 0.00006071, 0.00006192, 0.00006242, 0.00006243, 0.00006209, 0.00006140, 0.00006043, 0.00005920, 0.00005776, 0.00005624, 0.00005448, 0.00005261, 0.00005068, 0.00004870, 0.00004672
-0.21808045, -0.21264966, -0.19741600, -0.17688165, -0.15513548, -0.13464390, -0.11620536, -0.09975246, -0.08508285, -0.07207168, -0.06064456, -0.05075495, -0.04228336, -0.03509689, -0.02903431, -0.02395107, -0.01970311, -0.01617080, -0.01324271, -0.01082412, -0.00883181, -0.00719434, -0.00585144, -0.00475207, -0.00385310, -0.00311879, -0.00252023, -0.00203323, -0.00163674, -0.00131397, -0.00105191, -0.00083944, -0.00066702, -0.00052696, -0.00041322, -0.00032092, -0.00024642, -0.00018611, -0.00013729, -0.00009780, -0.00006587, -0.00004011, -0.00001941, -0.00000286, 0.00001030, 0.00002101, 0.00002935, 0.00003586, 0.00004082, 0.00004448, 0.00004712, 0.00004896, 0.00005011, 0.00005068, 0.00005077, 0.00005046, 0.00004991, 0.00004899, 0.00004786, 0.00004656, 0.00004514, 0.00004364
-0.28355308, -0.27440638, -0.24945434, -0.21745376, -0.18574084, -0.15784921, -0.13413018, -0.11372133, -0.09589199, -0.08029766, -0.06678830, -0.05526593, -0.04554084, -0.03740631, -0.03063098, -0.02501528, -0.02037425, -0.01655691, -0.01342563, -0.01086642, -0.00877963, -0.00708172, -0.00570304, -0.00458540, -0.00368034, -0.00294822, -0.00235732, -0.00188124, -0.00149741, -0.00118794, -0.00093917, -0.00073953, -0.00057913, -0.00045010, -0.00034633, -0.00026299, -0.00019643, -0.00014311, -0.00010040, -0.00006621, -0.00003885, -0.00001703, 0.00000028, 0.00001393, 0.00002462, 0.00003323, 0.00003980, 0.00004480, 0.00004847, 0.00005103, 0.00005274, 0.00005380, 0.00005428, 0.00005428, 0.00005389, 0.00005316, 0.00005225, 0.00005101, 0.00004961, 0.00004807, 0.00004645, 0.00004476
-0.15699991, -0.15417317, -0.14598341, -0.13432531, -0.12105810, -0.10759460, -0.09469443, -0.08265347, -0.07159430, -0.06156988, -0.05259154, -0.04466893, -0.03775047, -0.03177372, -0.02664449, -0.02227452, -0.01856745, -0.01543996, -0.01280991, -0.01060713, -0.00876764, -0.00723541, -0.00596213, -0.00490605, -0.00403124, -0.00330746, -0.00270976, -0.00221713, -0.00181089, -0.00147597, -0.00120045, -0.00097409, -0.00078797, -0.00063484, -0.00050887, -0.00040527, -0.00032047, -0.00025089, -0.00019379, -0.00014696, -0.00010856, -0.00007713, -0.00005147, -0.00003060, -0.00001367, 0.00000027, 0.00001142, 0.00002035, 0.00002739, 0.00003285, 0.00003705, 0.00004023, 0.00004253, 0.00004409, 0.00004504, 0.00004548, 0.00004558, 0.00004523, 0.00004459, 0.00004372, 0.00004268, 0.00004150
-0.84484155, -0.77753881, -0.61470757, -0.44852504, -0.32857824, -0.25407078, -0.20564305, -0.16854467, -0.13693655, -0.10985279, -0.08740170, -0.06934798, -0.05498895, -0.04357219, -0.03445341, -0.02717233, -0.02137068, -0.01677353, -0.01314144, -0.01028065, -0.00802971, -0.00626054, -0.00487204, -0.00378395, -0.00293201, -0.00226561, -0.00174582, -0.00134111, -0.00102546, -0.00077915, -0.00058783, -0.00043962, -0.00032449, -0.00023483, -0.00016500, -0.00011079, -0.00006907, -0.00003677, -0.00001175, 0.00000762, 0.00002262, 0.00003414, 0.00004290, 0.00004944, 0.00005423, 0.00005801, 0.00006061, 0.00006234, 0.00006329, 0.00006358, 0.00006342, 0.00006293, 0.00006213, 0.00006106, 0.00005976, 0.00005825, 0.00005667, 0.00005486, 0.00005294, 0.00005097, 0.00004896, 0.00004694
-2027.03537022, -439.89800856, -11.21280464, 11.30178026, 4.38448902, 0.26431135, -1.06708826, -1.06066089, 0.09754780, 0.12208163, 0.13708833, -0.05659616, -0.15275606, -0.04427398, 0.04571061, 0.02520088, -0.09808334, -0.07917929, 0.00067063, 0.04478621, 0.05174814, -0.05729768, -0.04961080, 0.04260236, 0.03577408, -0.03390604, -0.02080858, 0.01167879, -0.00569144, 0.01314573, 0.02283350, -0.02324883, 0.01934605, 0.00290793, 0.00642161, 0.01711409, -0.01573344, 0.00993317, -0.00716462, 0.01280215, -0.01332854, -0.00113790, -0.00640467, 0.01104408, 0.00514865, 0.00224498, -0.00789979, 0.00958577, -0.00008398, 0.00602756, -0.00816013, -0.00034494, -0.00483319, 0.00718367, -0.00504385, 0.00448627, -0.00613885, 0.00423483, 0.00028657, 0.00544561, -0.00320000, -0.00068996
-10.31112310, -7.84001029, -3.56608876, -1.18343285, -0.46314009, -0.35295699, -0.33043993, -0.27639816, -0.20686961, -0.14762369, -0.10626484, -0.07902023, -0.06008793, -0.04580300, -0.03459116, -0.02589395, -0.01932005, -0.01444696, -0.01083858, -0.00814471, -0.00611454, -0.00457957, -0.00342141, -0.00255084, -0.00189793, -0.00140784, -0.00104030, -0.00076464, -0.00055707, -0.00040009, -0.00028255, -0.00019509, -0.00012901, -0.00007912, -0.00004109, -0.00001242, 0.00000877, 0.00002496, 0.00003710, 0.00004646, 0.00005345, 0.00005884, 0.00006272, 0.00006551, 0.00006728, 0.00006878, 0.00006958, 0.00007000, 0.00006981, 0.00006922, 0.00006828, 0.00006726, 0.00006599, 0.00006457, 0.00006288, 0.00006110, 0.00005920, 0.00005716, 0.00005499, 0.00005280, 0.00005055, 0.00004835
-25.29494616, -17.39376510, -5.99571000, -1.22610319, -0.29586657, -0.33363607, -0.37988265, -0.31970485, -0.22618658, -0.15156041, -0.10517475, -0.07778596, -0.05948873, -0.04531577, -0.03386592, -0.02496947, -0.01838300, -0.01362093, -0.01016078, -0.00760091, -0.00567688, -0.00423166, -0.00314027, -0.00232067, -0.00171686, -0.00127099, -0.00093339, -0.00067983, -0.00049245, -0.00034880, -0.00024231, -0.00016704, -0.00010483, -0.00006160, -0.00002732, -0.00000117, 0.00001542, 0.00003159, 0.00004115, 0.00005088, 0.00005521, 0.00006096, 0.00006399, 0.00006774, 0.00006877, 0.00006995, 0.00006987, 0.00007151, 0.00007050, 0.00007030, 0.00006827, 0.00006781, 0.00006616, 0.00006557, 0.00006297, 0.00006183, 0.00005916, 0.00005781, 0.00005534, 0.00005346, 0.00005059, 0.00004852
-187.81889009, -80.66003292, -10.27304358, 0.10288905, 0.16754653, -0.40675792, -0.52839146, -0.40222241, -0.23183897, -0.13795825, -0.08951143, -0.06888573, -0.05463461, -0.03914700, -0.02655214, -0.01900238, -0.01606940, -0.01169476, -0.00724959, -0.00435335, -0.00282154, -0.00415262, -0.00315621, -0.00053161, -0.00031373, -0.00157639, -0.00103629, -0.00015610, -0.00042741, 0.00009096, 0.00035080, -0.00061536, 0.00038516, 0.00003023, 0.00014031, 0.00037949, -0.00032696, 0.00025404, -0.00011931, 0.00033188, -0.00025105, 0.00003267, -0.00008693, 0.00031032, 0.00017151, 0.00011512, -0.00011496, 0.00028212, 0.00005981, 0.00019890, -0.00012205, 0.00005560, -0.00004800, 0.00021939, -0.00005672, 0.00015409, -0.00008342, 0.00014494, 0.00005640, 0.00016618, -0.00002625, 0.00002523
-0.14185807, -0.13966004, -0.13319501, -0.12368995, -0.11242364, -0.10052218, -0.08874779, -0.07753922, -0.06712670, -0.05765244, -0.04916683, -0.04167151, -0.03513755, -0.02949421, -0.02466592, -0.02056010, -0.01709042, -0.01417209, -0.01172753, -0.00968764, -0.00798987, -0.00658108, -0.00541416, -0.00444915, -0.00365212, -0.00299529, -0.00245385, -0.00200804, -0.00164091, -0.00133930, -0.00109136, -0.00088738, -0.00071947, -0.00058143, -0.00046795, -0.00037439, -0.00029758, -0.00023438, -0.00018234, -0.00013953, -0.00010435, -0.00007552, -0.00005188, -0.00003244, -0.00001654, -0.00000347, 0.00000695, 0.00001529, 0.00002197, 0.00002724, 0.00003131, 0.00003438, 0.00003660, 0.00003811, 0.00003904, 0.00003949, 0.00003964, 0.00003937, 0.00003886, 0.00003810, 0.00003714, 0.00003604
-0.07677519, -0.07603421, -0.07377689, -0.07028214, -0.06583589, -0.06077408, -0.05539542, -0.04993863, -0.04458124, -0.03946635, -0.03468033, -0.03027621, -0.02628456, -0.02270583, -0.01953254, -0.01674080, -0.01430328, -0.01218755, -0.01036019, -0.00878954, -0.00744400, -0.00629546, -0.00531738, -0.00448624, -0.00378116, -0.00318441, -0.00267940, -0.00225271, -0.00189225, -0.00158830, -0.00133196, -0.00111569, -0.00093319, -0.00077932, -0.00064958, -0.00053994, -0.00044763, -0.00036975, -0.00030402, -0.00024857, -0.00020181, -0.00016242, -0.00012923, -0.00010123, -0.00007765, -0.00005772, -0.00004116, -0.00002734, -0.00001581, -0.00000623, 0.00000167, 0.00000814, 0.00001338, 0.00001757, 0.00002089, 0.00002346, 0.00002548, 0.00002689, 0.00002786, 0.00002842, 0.00002866, 0.00002862
-0.33605425, -0.32467251, -0.29373762, -0.25413421, -0.21486009, -0.18022859, -0.15080861, -0.12575265, -0.10422365, -0.08577823, -0.07013643, -0.05703821, -0.04619899, -0.03729153, -0.03001686, -0.02409612, -0.01929809, -0.01542230, -0.01230161, -0.00979688, -0.00779006, -0.00618626, -0.00490610, -0.00388542, -0.00307247, -0.00242664, -0.00191319, -0.00150527, -0.00118105, -0.00092435, -0.00072084, -0.00055922, -0.00043070, -0.00032878, -0.00024797, -0.00018356, -0.00013255, -0.00009201, -0.00005972, -0.00003407, -0.00001376, 0.00000223, 0.00001483, 0.00002485, 0.00003269, 0.00003887, 0.00004336, 0.00004663, 0.00004898, 0.00005057, 0.00005150, 0.00005186, 0.00005174, 0.00005124, 0.00005042, 0.00004935, 0.00004818, 0.00004678, 0.00004527, 0.00004363, 0.00004188, 0.00004009
-0.32164758, -0.31118371, -0.28261020, -0.24571178, -0.20871059, -0.17571633, -0.14743570, -0.12321277, -0.10232889, -0.08439223, -0.06914513, -0.05634540, -0.04572644, -0.03697899, -0.02981955, -0.02398071, -0.01923985, -0.01540299, -0.01230778, -0.00981907, -0.00782141, -0.00622207, -0.00494322, -0.00392180, -0.00310683, -0.00245827, -0.00194174, -0.00153068, -0.00120339, -0.00094381, -0.00073765, -0.00057365, -0.00044303, -0.00033926, -0.00025684, -0.00019104, -0.00013886, -0.00009731, -0.00006417, -0.00003781, -0.00001689, -0.00000039, 0.00001263, 0.00002300, 0.00003113, 0.00003755, 0.00004225, 0.00004568, 0.00004818, 0.00004989, 0.00005091, 0.00005135, 0.00005131, 0.00005086, 0.00005010, 0.00004907, 0.00004794, 0.00004657, 0.00004509, 0.00004347, 0.00004175, 0.00003998
-0.38385841, -0.36918389, -0.32988375, -0.28091007, -0.23400666, -0.19407189, -0.16106920, -0.13343642, -0.10992043, -0.08991269, -0.07306459, -0.05906188, -0.04756217, -0.03817913, -0.03056517, -0.02440595, -0.01944284, -0.01545616, -0.01226411, -0.00971600, -0.00768558, -0.00607149, -0.00478984, -0.00377329, -0.00296782, -0.00233126, -0.00182783, -0.00142988, -0.00111520, -0.00086738, -0.00067191, -0.00051745, -0.00039522, -0.00029879, -0.00022270, -0.00016233, -0.00011477, -0.00007713, -0.00004729, -0.00002369, -0.00000509, 0.00000947, 0.00002087, 0.00002991, 0.00003694, 0.00004245, 0.00004638, 0.00004917, 0.00005115, 0.00005242, 0.00005308, 0.00005321, 0.00005291, 0.00005224, 0.00005128, 0.00005010, 0.00004883, 0.00004733, 0.00004575, 0.00004404, 0.00004223, 0.00004038
-20.23896877, -13.87397252, -5.02675100, -1.37586878, -0.53587212, -0.42967179, -0.38657276, -0.30602266, -0.21829121, -0.14965002, -0.10400306, -0.07486566, -0.05521751, -0.04084898, -0.02996868, -0.02180323, -0.01583661, -0.01153415, -0.00843805, -0.00619397, -0.00454932, -0.00334663, -0.00245265, -0.00178835, -0.00130771, -0.00096180, -0.00070091, -0.00050589, -0.00036430, -0.00025730, -0.00017856, -0.00012381, -0.00007533, -0.00004344, -0.00001772, 0.00000267, 0.00001491, 0.00002885, 0.00003660, 0.00004562, 0.00004888, 0.00005426, 0.00005695, 0.00006121, 0.00006261, 0.00006392, 0.00006364, 0.00006539, 0.00006434, 0.00006449, 0.00006246, 0.00006214, 0.00006039, 0.00005989, 0.00005703, 0.00005597, 0.00005314, 0.00005197, 0.00004954, 0.00004775, 0.00004471, 0.00004259
-483.93059126, -153.21695385, -10.37712404, 2.06323495, 0.79043323, -0.36077798, -0.62721024, -0.49072579, -0.19486004, -0.10554413, -0.06160614, -0.06592245, -0.06436182, -0.03870714, -0.01768556, -0.01347935, -0.02477983, -0.01873524, -0.00597489, 0.00141890, 0.00339271, -0.00999616, -0.00820411, 0.00444160, 0.00377458, -0.00518857, -0.00320035, 0.00120321, -0.00100144, 0.00158334, 0.00285720, -0.00314881, 0.00253720, 0.00034737, 0.00085643, 0.00223803, -0.00204915, 0.00134167, -0.00090770, 0.00173078, -0.00172632, -0.00009290, -0.00079889, 0.00152058, 0.00071969, 0.00035678, -0.00099298, 0.00133285, 0.00003956, 0.00085424, -0.00102836, 0.00001369, -0.00058551, 0.00100108, -0.00061810, 0.00063800, -0.00076178, 0.00060247, 0.00008402, 0.00075445, -0.00038096, -0.00005772
-0.05642827, -0.05598480, -0.05461600, -0.05246649, -0.04967058, -0.04640953, -0.04285627, -0.03916107, -0.03544667, -0.03182147, -0.02835776, -0.02510616, -0.02210219, -0.01935904, -0.01688332, -0.01466775, -0.01270091, -0.01096629, -0.00944476, -0.00811747, -0.00696363, -0.00596461, -0.00510203, -0.00435905, -0.00372037, -0.00317261, -0.00270310, -0.00230142, -0.00195787, -0.00166455, -0.00141412, -0.00120032, -0.00101776, -0.00086199, -0.00072909, -0.00061548, -0.00051870, -0.00043609, -0.00036557, -0.00030537, -0.00025401, -0.00021022, -0.00017286, -0.00014097, -0.00011378, -0.00009050, -0.00007086, -0.00005420, -0.00004007, -0.00002813, -0.00001808, -0.00000966, -0.00000264, 0.00000317, 0.00000795, 0.00001185, 0.00001507, 0.00001756, 0.00001951, 0.00002096, 0.00002201, 0.00002270
-0.56222040, -0.53230521, -0.45566720, -0.36772026, -0.29204973, -0.23423131, -0.19021412, -0.15497813, -0.12562634, -0.10104273, -0.08071453, -0.06417300, -0.05087252, -0.04022860, -0.03174144, -0.02498281, -0.01961963, -0.01537607, -0.01202903, -0.00939671, -0.00732954, -0.00570968, -0.00444148, -0.00344956, -0.00267439, -0.00207046, -0.00159939, -0.00123209, -0.00094551, -0.00072302, -0.00054994, -0.00041494, -0.00030943, -0.00022728, -0.00016331, -0.00011314, -0.00007410, -0.00004355, -0.00001958, -0.00000082, 0.00001379, 0.00002506, 0.00003377, 0.00004062, 0.00004587, 0.00004991, 0.00005264, 0.00005444, 0.00005561, 0.00005622, 0.00005633, 0.00005601, 0.00005532, 0.00005433, 0.00005309, 0.00005167, 0.00005019, 0.00004851, 0.00004677, 0.00004492, 0.00004298, 0.00004101
-27.92622665, -17.16650806, -5.36527241, -1.59862875, -0.75210772, -0.54419577, -0.42251918, -0.30790320, -0.21061555, -0.14061968, -0.09452440, -0.06512302, -0.04574973, -0.03230642, -0.02274836, -0.01599167, -0.01129314, -0.00796222, -0.00561570, -0.00398315, -0.00284792, -0.00210078, -0.00151763, -0.00105552, -0.00076820, -0.00059600, -0.00043301, -0.00030359, -0.00023131, -0.00015795, -0.00010626, -0.00009605, -0.00004353, -0.00003171, -0.00001154, 0.00000838, 0.00000217, 0.00002616, 0.00002406, 0.00004180, 0.00003221, 0.00004393, 0.00004406, 0.00005665, 0.00005476, 0.00005495, 0.00004981, 0.00006038, 0.00005442, 0.00005745, 0.00004827, 0.00005171, 0.00004764, 0.00005295, 0.00004418, 0.00004763, 0.00003968, 0.00004341, 0.00003916, 0.00003990, 0.00003307, 0.00003236
-0.29539080, -0.28742901, -0.26522026, -0.23489839, -0.20236769, -0.17132892, -0.14336160, -0.11885486, -0.09771112, -0.07969387, -0.06455445, -0.05199294, -0.04167813, -0.03328724, -0.02650373, -0.02105140, -0.01668556, -0.01320368, -0.01043415, -0.00823723, -0.00649818, -0.00512291, -0.00403638, -0.00317990, -0.00250437, -0.00197106, -0.00154999, -0.00121847, -0.00095671, -0.00074956, -0.00058557, -0.00045586, -0.00035298, -0.00027118, -0.00020600, -0.00015377, -0.00011220, -0.00007903, -0.00005260, -0.00003136, -0.00001428, -0.00000065, 0.00001013, 0.00001858, 0.00002526, 0.00003058, 0.00003453, 0.00003744, 0.00003948, 0.00004079, 0.00004150, 0.00004172, 0.00004155, 0.00004109, 0.00004034, 0.00003934, 0.00003824, 0.00003695, 0.00003558, 0.00003417, 0.00003271, 0.00003122
-18.57044522, -12.35442760, -4.55312838, -1.57051645, -0.76949227, -0.53762912, -0.40920263, -0.29907105, -0.20776855, -0.14091566, -0.09582231, -0.06631960, -0.04663423, -0.03300111, -0.02332636, -0.01645329, -0.01161511, -0.00821041, -0.00582309, -0.00415135, -0.00297603, -0.00215814, -0.00155786, -0.00111568, -0.00081272, -0.00060469, -0.00044139, -0.00031980, -0.00023737, -0.00016929, -0.00011903, -0.00009012, -0.00005366, -0.00003434, -0.00001542, 0.00000113, 0.00000746, 0.00002170, 0.00002634, 0.00003642, 0.00003718, 0.00004396, 0.00004631, 0.00005199, 0.00005268, 0.00005380, 0.00005273, 0.00005632, 0.00005432, 0.00005490, 0.00005136, 0.00005164, 0.00004939, 0.00005003, 0.00004607, 0.00004583, 0.00004197, 0.00004172, 0.00003897, 0.00003781, 0.00003427, 0.00003267
-0.02391368, -0.02378418, -0.02340127, -0.02277515, -0.02193818, -0.02092483, -0.01977209, -0.01852193, -0.01721171, -0.01587409, -0.01454191, -0.01323956, -0.01198665, -0.01079827, -0.00968436, -0.00865143, -0.00770174, -0.00683552, -0.00605048, -0.00534350, -0.00470986, -0.00414440, -0.00364158, -0.00319609, -0.00280231, -0.00245492, -0.00214885, -0.00188005, -0.00164404, -0.00143701, -0.00125554, -0.00109658, -0.00095738, -0.00083549, -0.00072875, -0.00063515, -0.00055332, -0.00048170, -0.00041899, -0.00036406, -0.00031594, -0.00027379, -0.00023688, -0.00020455, -0.00017624, -0.00015135, -0.00012964, -0.00011065, -0.00009405, -0.00007955, -0.00006690, -0.00005587, -0.00004627, -0.00003791, -0.00003065, -0.00002437, -0.00001888, -0.00001419, -0.00001016, -0.00000669, -0.00000374, -0.00000122
-0.11780555, -0.11622827, -0.11160415, -0.10454104, -0.09586050, -0.08633010, -0.07657941, -0.06707975, -0.05813385, -0.04991577, -0.04252631, -0.03599053, -0.03028637, -0.02536758, -0.02116350, -0.01760011, -0.01459734, -0.01208083, -0.00998068, -0.00823450, -0.00678677, -0.00558885, -0.00459928, -0.00378365, -0.00311159, -0.00255782, -0.00210157, -0.00172649, -0.00141765, -0.00116314, -0.00095335, -0.00078048, -0.00063786, -0.00052005, -0.00042265, -0.00034187, -0.00027515, -0.00021994, -0.00017427, -0.00013638, -0.00010494, -0.00007891, -0.00005742, -0.00003972, -0.00002513, -0.00001301, -0.00000321, 0.00000474, 0.00001114, 0.00001621, 0.00002018, 0.00002323, 0.00002552, 0.00002718, 0.00002830, 0.00002894, 0.00002928, 0.00002926, 0.00002900, 0.00002856, 0.00002795, 0.00002722
-0.11990246, -0.11827778, -0.11351706, -0.10625568, -0.09734725, -0.08758539, -0.07761690, -0.06792208, -0.05880688, -0.05044535, -0.04293690, -0.03630418, -0.03052226, -0.02554208, -0.02129017, -0.01769000, -0.01465928, -0.01212179, -0.01000612, -0.00824868, -0.00679285, -0.00558931, -0.00459593, -0.00377784, -0.00310434, -0.00254980, -0.00209329, -0.00171829, -0.00140977, -0.00115571, -0.00094645, -0.00077415, -0.00063210, -0.00051486, -0.00041799, -0.00033770, -0.00027143, -0.00021665, -0.00017135, -0.00013380, -0.00010266, -0.00007690, -0.00005565, -0.00003817, -0.00002376, -0.00001181, -0.00000215, 0.00000567, 0.00001195, 0.00001693, 0.00002081, 0.00002379, 0.00002601, 0.00002761, 0.00002867, 0.00002927, 0.00002957, 0.00002951, 0.00002921, 0.00002874, 0.00002811, 0.00002735
-0.02366779, -0.02354027, -0.02316328, -0.02254670, -0.02172224, -0.02072371, -0.01958741, -0.01835453, -0.01706182, -0.01574141, -0.01442572, -0.01313881, -0.01190009, -0.01072456, -0.00962211, -0.00859927, -0.00765837, -0.00679974, -0.00602118, -0.00531971, -0.00469070, -0.00412911, -0.00362950, -0.00318667, -0.00279507, -0.00244945, -0.00214482, -0.00187718, -0.00164211, -0.00143581, -0.00125492, -0.00109641, -0.00095756, -0.00083593, -0.00072939, -0.00063593, -0.00055420, -0.00048264, -0.00041996, -0.00036505, -0.00031692, -0.00027476, -0.00023782, -0.00020547, -0.00017712, -0.00015219, -0.00013045, -0.00011141, -0.00009477, -0.00008023, -0.00006753, -0.00005646, -0.00004682, -0.00003843, -0.00003113, -0.00002482, -0.00001929, -0.00001458, -0.00001051, -0.00000702, -0.00000404, -0.00000150
-0.02535305, -0.02515807, -0.02458110, -0.02365430, -0.02244327, -0.02101650, -0.01944424, -0.01779634, -0.01613078, -0.01449319, -0.01292260, -0.01144447, -0.01007509, -0.00882408, -0.00769383, -0.00668293, -0.00578579, -0.00499526, -0.00430264, -0.00369900, -0.00317509, -0.00272183, -0.00233078, -0.00199441, -0.00170550, -0.00145761, -0.00124507, -0.00106329, -0.00090776, -0.00077469, -0.00066086, -0.00056353, -0.00048028, -0.00040903, -0.00034802, -0.00029568, -0.00025092, -0.00021257, -0.00017971, -0.00015153, -0.00012735, -0.00010661, -0.00008884, -0.00007361, -0.00006057, -0.00004933, -0.00003978, -0.00003161, -0.00002466, -0.00001875, -0.00001375, -0.00000951, -0.00000595, -0.00000296, -0.00000046, 0.00000160, 0.00000332, 0.00000470, 0.00000581, 0.00000669, 0.00000737, 0.00000788
-1.27677560, -1.11092729, -0.76467854, -0.48271182, -0.31737996, -0.22609482, -0.16897379, -0.12732501, -0.09495786, -0.06997602, -0.05122848, -0.03745432, -0.02740707, -0.02007137, -0.01469050, -0.01074012, -0.00784206, -0.00572370, -0.00417875, -0.00305338, -0.00223393, -0.00163597, -0.00119914, -0.00088092, -0.00064822, -0.00047722, -0.00035133, -0.00025913, -0.00019080, -0.00013961, -0.00010110, -0.00007219, -0.00005015, -0.00003315, -0.00001986, -0.00000926, -0.00000094, 0.00000563, 0.00001080, 0.00001503, 0.00001853, 0.00002130, 0.00002343, 0.00002500, 0.00002621, 0.00002717, 0.00002774, 0.00002803, 0.00002805, 0.00002785, 0.00002745, 0.00002690, 0.00002624, 0.00002549, 0.00002464, 0.00002369, 0.00002271, 0.00002167, 0.00002063, 0.00001961, 0.00001858, 0.00001755
-0.01869688, -0.01857460, -0.01821289, -0.01762639, -0.01685104, -0.01592465, -0.01488726, -0.01378124, -0.01264320, -0.01150362, -0.01039061, -0.00932397, -0.00831799, -0.00738261, -0.00652283, -0.00574083, -0.00503537, -0.00440377, -0.00384169, -0.00334435, -0.00290630, -0.00252190, -0.00218564, -0.00189244, -0.00163728, -0.00141553, -0.00122303, -0.00105638, -0.00091208, -0.00078719, -0.00067914, -0.00058572, -0.00050494, -0.00043508, -0.00037463, -0.00032223, -0.00027696, -0.00023778, -0.00020388, -0.00017450, -0.00014905, -0.00012701, -0.00010792, -0.00009140, -0.00007709, -0.00006464, -0.00005393, -0.00004467, -0.00003668, -0.00002979, -0.00002387, -0.00001879, -0.00001443, -0.00001071, -0.00000753, -0.00000484, -0.00000253, -0.00000062, 0.00000099, 0.00000232, 0.00000342, 0.00000431
-0.06384605, -0.06298961, -0.06047897, -0.05664501, -0.05193443, -0.04676429, -0.04147628, -0.03632587, -0.03147693, -0.02702349, -0.02301993, -0.01947957, -0.01639024, -0.01372673, -0.01145059, -0.00952162, -0.00789636, -0.00653448, -0.00539806, -0.00445331, -0.00367010, -0.00302211, -0.00248688, -0.00204576, -0.00168234, -0.00138290, -0.00113621, -0.00093342, -0.00076646, -0.00062888, -0.00051548, -0.00042203, -0.00034494, -0.00028127, -0.00022862, -0.00018496, -0.00014890, -0.00011906, -0.00009437, -0.00007389, -0.00005689, -0.00004282, -0.00003120, -0.00002163, -0.00001373, -0.00000718, -0.00000188, 0.00000243, 0.00000589, 0.00000864, 0.00001079, 0.00001244, 0.00001369, 0.00001459, 0.00001520, 0.00001555, 0.00001574, 0.00001573, 0.00001559, 0.00001536, 0.00001503, 0.00001464
-13.31337741, -8.39379333, -2.76362288, -0.86227929, -0.41032968, -0.29318108, -0.22613070, -0.16493595, -0.11338728, -0.07607342, -0.05131655, -0.03539704, -0.02486916, -0.01757407, -0.01239153, -0.00872056, -0.00615553, -0.00434396, -0.00307108, -0.00218340, -0.00156333, -0.00114520, -0.00082740, -0.00058313, -0.00042492, -0.00032410, -0.00023622, -0.00016825, -0.00012697, -0.00008858, -0.00006099, -0.00005119, -0.00002645, -0.00001832, -0.00000767, 0.00000236, 0.00000192, 0.00001269, 0.00001312, 0.00002100, 0.00001821, 0.00002345, 0.00002405, 0.00002930, 0.00002888, 0.00002922, 0.00002739, 0.00003152, 0.00002922, 0.00003031, 0.00002665, 0.00002779, 0.00002602, 0.00002783, 0.00002420, 0.00002523, 0.00002187, 0.00002298, 0.00002104, 0.00002101, 0.00001807, 0.00001749
-0.42643150, -0.40041686, -0.33552082, -0.26361173, -0.20347718, -0.15812859, -0.12395147, -0.09726281, -0.07591189, -0.05879724, -0.04524668, -0.03466243, -0.02647313, -0.02017714, -0.01534781, -0.01165428, -0.00883471, -0.00668881, -0.00505936, -0.00382452, -0.00289043, -0.00218386, -0.00164952, -0.00124652, -0.00094206, -0.00071150, -0.00053685, -0.00040508, -0.00030506, -0.00022877, -0.00017048, -0.00012602, -0.00009186, -0.00006546, -0.00004493, -0.00002876, -0.00001617, -0.00000632, 0.00000137, 0.00000751, 0.00001244, 0.00001631, 0.00001930, 0.00002154, 0.00002326, 0.00002462, 0.00002551, 0.00002606, 0.00002630, 0.00002629, 0.00002607, 0.00002567, 0.00002514, 0.00002452, 0.00002379, 0.00002295, 0.00002209, 0.00002115, 0.00002020, 0.00001926, 0.00001831, 0.00001736
-0.08957122, -0.08804361, -0.08361955, -0.07707720, -0.06934723, -0.06121208, -0.05322005, -0.04571086, -0.03886092, -0.03274446, -0.02738440, -0.02275661, -0.01880948, -0.01547994, -0.01269316, -0.01037788, -0.00846425, -0.00689035, -0.00560027, -0.00454629, -0.00368745, -0.00298863, -0.00242079, -0.00196039, -0.00158708, -0.00128425, -0.00103861, -0.00083981, -0.00067861, -0.00054772, -0.00044141, -0.00035511, -0.00028493, -0.00022778, -0.00018118, -0.00014303, -0.00011196, -0.00008661, -0.00006592, -0.00004898, -0.00003510, -0.00002377, -0.00001456, -0.00000710, -0.00000105, 0.00000390, 0.00000780, 0.00001088, 0.00001327, 0.00001508, 0.00001642, 0.00001735, 0.00001797, 0.00001832, 0.00001845, 0.00001838, 0.00001819, 0.00001785, 0.00001742, 0.00001693, 0.00001638, 0.00001579
-0.77753156, -0.70377563, -0.53581705, -0.37736183, -0.26756090, -0.19755867, -0.15017774, -0.11492400, -0.08736668, -0.06579435, -0.04921872, -0.03670288, -0.02733521, -0.02034529, -0.01512438, -0.01122774, -0.00832294, -0.00616427, -0.00456344, -0.00337848, -0.00250235, -0.00185397, -0.00137393, -0.00101953, -0.00075718, -0.00056224, -0.00041725, -0.00030993, -0.00022977, -0.00016941, -0.00012385, -0.00008949, -0.00006332, -0.00004316, -0.00002750, -0.00001512, -0.00000546, 0.00000212, 0.00000805, 0.00001284, 0.00001674, 0.00001983, 0.00002220, 0.00002395, 0.00002530, 0.00002637, 0.00002702, 0.00002738, 0.00002747, 0.00002732, 0.00002698, 0.00002647, 0.00002585, 0.00002515, 0.00002434, 0.00002342, 0.00002249, 0.00002149, 0.00002048, 0.00001949, 0.00001848, 0.00001749
-0.11636499, -0.11393946, -0.10701361, -0.09709428, -0.08581991, -0.07442175, -0.06362572, -0.05378789, -0.04503874, -0.03739402, -0.03082358, -0.02525377, -0.02058554, -0.01671236, -0.01352164, -0.01091091, -0.00878442, -0.00705974, -0.00566542, -0.00454154, -0.00363768, -0.00291172, -0.00232930, -0.00186304, -0.00148967, -0.00119050, -0.00095076, -0.00075913, -0.00060559, -0.00048236, -0.00038344, -0.00030406, -0.00024025, -0.00018885, -0.00014737, -0.00011376, -0.00008668, -0.00006481, -0.00004716, -0.00003284, -0.00002121, -0.00001182, -0.00000428, 0.00000174, 0.00000656, 0.00001046, 0.00001346, 0.00001577, 0.00001750, 0.00001874, 0.00001957, 0.00002008, 0.00002033, 0.00002036, 0.00002021, 0.00001989, 0.00001949, 0.00001896, 0.00001837, 0.00001774, 0.00001706, 0.00001636
-0.04143682, -0.04101498, -0.03976885, -0.03781008, -0.03531710, -0.03246999, -0.02943727, -0.02636668, -0.02336876, -0.02052002, -0.01787630, -0.01546688, -0.01330311, -0.01138526, -0.00970226, -0.00823897, -0.00697547, -0.00589144, -0.00496577, -0.00417885, -0.00351220, -0.00294888, -0.00247388, -0.00207435, -0.00173859, -0.00145655, -0.00121971, -0.00102125, -0.00085481, -0.00071514, -0.00059793, -0.00049960, -0.00041703, -0.00034765, -0.00028930, -0.00024010, -0.00019877, -0.00016399, -0.00013471, -0.00011002, -0.00008920, -0.00007166, -0.00005690, -0.00004451, -0.00003408, -0.00002527, -0.00001795, -0.00001184, -0.00000677, -0.00000259, 0.00000085, 0.00000364, 0.00000590, 0.00000770, 0.00000912, 0.00001019, 0.00001102, 0.00001159, 0.00001196, 0.00001218, 0.00001226, 0.00001223
-0.02150038, -0.02130361, -0.02072381, -0.01980169, -0.01861527, -0.01724165, -0.01575675, -0.01423090, -0.01272033, -0.01126588, -0.00989847, -0.00863738, -0.00749166, -0.00646498, -0.00555452, -0.00475495, -0.00405775, -0.00345397, -0.00293376, -0.00248771, -0.00210661, -0.00178191, -0.00150597, -0.00127205, -0.00107391, -0.00090621, -0.00076439, -0.00064467, -0.00054352, -0.00045803, -0.00038582, -0.00032480, -0.00027322, -0.00022957, -0.00019261, -0.00016125, -0.00013474, -0.00011228, -0.00009324, -0.00007709, -0.00006338, -0.00005176, -0.00004192, -0.00003359, -0.00002653, -0.00002053, -0.00001550, -0.00001128, -0.00000773, -0.00000478, -0.00000232, -0.00000029, 0.00000137, 0.00000273, 0.00000382, 0.00000468, 0.00000537, 0.00000588, 0.00000625, 0.00000651, 0.00000668, 0.00000676
-0.03952626, -0.03900142, -0.03746473, -0.03510990, -0.03221034, -0.02901903, -0.02574653, -0.02255236, -0.01954166, -0.01677500, -0.01428613, -0.01208543, -0.01016515, -0.00850986, -0.00709579, -0.00589793, -0.00488912, -0.00404425, -0.00333958, -0.00275405, -0.00226896, -0.00186775, -0.00153656, -0.00126373, -0.00103897, -0.00085383, -0.00070143, -0.00057614, -0.00047298, -0.00038797, -0.00031795, -0.00026023, -0.00021262, -0.00017328, -0.00014075, -0.00011377, -0.00009150, -0.00007307, -0.00005782, -0.00004516, -0.00003466, -0.00002598, -0.00001883, -0.00001292, -0.00000806, -0.00000403, -0.00000078, 0.00000186, 0.00000397, 0.00000564, 0.00000694, 0.00000794, 0.00000868, 0.00000922, 0.00000956, 0.00000976, 0.00000985, 0.00000983, 0.00000973, 0.00000957, 0.00000935, 0.00000910
-0.06990883, -0.06851342, -0.06451689, -0.05873849, -0.05210282, -0.04532300, -0.03884357, -0.03289933, -0.02758974, -0.02293710, -0.01892825, -0.01552425, -0.01266644, -0.01029222, -0.00833396, -0.00673010, -0.00542256, -0.00436132, -0.00350270, -0.00281013, -0.00225276, -0.00180471, -0.00144507, -0.00115693, -0.00092593, -0.00074063, -0.00059214, -0.00047327, -0.00037788, -0.00030124, -0.00023969, -0.00019024, -0.00015042, -0.00011830, -0.00009235, -0.00007130, -0.00005434, -0.00004063, -0.00002955, -0.00002054, -0.00001323, -0.00000734, -0.00000262, 0.00000116, 0.00000419, 0.00000663, 0.00000850, 0.00000993, 0.00001100, 0.00001176, 0.00001226, 0.00001257, 0.00001271, 0.00001271, 0.00001259, 0.00001238, 0.00001212, 0.00001178, 0.00001140, 0.00001100, 0.00001057, 0.00001013
-0.03692645, -0.03645751, -0.03508248, -0.03296439, -0.03034007, -0.02743156, -0.02442818, -0.02147749, -0.01867953, -0.01609413, -0.01375631, -0.01167922, -0.00985849, -0.00828204, -0.00692962, -0.00577931, -0.00480678, -0.00398924, -0.00330485, -0.00273416, -0.00225972, -0.00186600, -0.00153992, -0.00127043, -0.00104772, -0.00086368, -0.00071173, -0.00058642, -0.00048294, -0.00039741, -0.00032675, -0.00026835, -0.00022003, -0.00018000, -0.00014680, -0.00011920, -0.00009634, -0.00007739, -0.00006165, -0.00004855, -0.00003767, -0.00002864, -0.00002117, -0.00001500, -0.00000988, -0.00000564, -0.00000219, 0.00000061, 0.00000287, 0.00000467, 0.00000609, 0.00000719, 0.00000803, 0.00000864, 0.00000906, 0.00000931, 0.00000947, 0.00000950, 0.00000944, 0.00000932, 0.00000914, 0.00000891
-0.00951515, -0.00945864, -0.00929278, -0.00902157, -0.00866131, -0.00822759, -0.00773736, -0.00720938, -0.00666055, -0.00610511, -0.00555653, -0.00502516, -0.00451850, -0.00404235, -0.00360006, -0.00319361, -0.00282325, -0.00248840, -0.00218753, -0.00191887, -0.00168005, -0.00146863, -0.00128212, -0.00111814, -0.00097425, -0.00084821, -0.00073797, -0.00064180, -0.00055791, -0.00048479, -0.00042110, -0.00036565, -0.00031737, -0.00027534, -0.00023874, -0.00020681, -0.00017906, -0.00015490, -0.00013385, -0.00011551, -0.00009952, -0.00008559, -0.00007346, -0.00006289, -0.00005368, -0.00004562, -0.00003864, -0.00003257, -0.00002729, -0.00002271, -0.00001874, -0.00001530, -0.00001233, -0.00000976, -0.00000756, -0.00000566, -0.00000402, -0.00000263, -0.00000145, -0.00000045, 0.00000039, 0.00000109
-3.37286946, -2.48191466, -1.14926945, -0.49438047, -0.26490482, -0.17994808, -0.13285779, -0.09690175, -0.06846338, -0.04742038, -0.03276334, -0.02283606, -0.01607424, -0.01137681, -0.00805486, -0.00569605, -0.00402645, -0.00285092, -0.00202507, -0.00144436, -0.00103461, -0.00074411, -0.00053629, -0.00038773, -0.00028187, -0.00020581, -0.00015032, -0.00010996, -0.00008047, -0.00005798, -0.00004120, -0.00002893, -0.00001873, -0.00001118, -0.00000494, 0.00000022, 0.00000398, 0.00000743, 0.00000987, 0.00001228, 0.00001388, 0.00001543, 0.00001644, 0.00001740, 0.00001796, 0.00001840, 0.00001852, 0.00001874, 0.00001853, 0.00001834, 0.00001784, 0.00001748, 0.00001693, 0.00001648, 0.00001572, 0.00001511, 0.00001433, 0.00001371, 0.00001297, 0.00001231, 0.00001154, 0.00001088
-0.01493638, -0.01482444, -0.01449491, -0.01396311, -0.01326726, -0.01244499, -0.01153556, -0.01057866, -0.00960822, -0.00865099, -0.00772953, -0.00685974, -0.00605142, -0.00531085, -0.00463991, -0.00403828, -0.00350301, -0.00303025, -0.00261504, -0.00225239, -0.00193698, -0.00166352, -0.00142715, -0.00122342, -0.00104808, -0.00089735, -0.00076790, -0.00065698, -0.00056188, -0.00048036, -0.00041053, -0.00035071, -0.00029944, -0.00025549, -0.00021779, -0.00018539, -0.00015764, -0.00013382, -0.00011338, -0.00009582, -0.00008072, -0.00006776, -0.00005664, -0.00004709, -0.00003889, -0.00003183, -0.00002581, -0.00002066, -0.00001626, -0.00001252, -0.00000935, -0.00000665, -0.00000438, -0.00000247, -0.00000087, 0.00000045, 0.00000157, 0.00000247, 0.00000319, 0.00000377, 0.00000423, 0.00000457
-0.03728599, -0.03680950, -0.03541257, -0.03326232, -0.03060045, -0.02765316, -0.02461271, -0.02162835, -0.01880084, -0.01619020, -0.01383130, -0.01173688, -0.00990214, -0.00831459, -0.00695345, -0.00579640, -0.00481871, -0.00399728, -0.00330998, -0.00273716, -0.00226118, -0.00186638, -0.00153954, -0.00126956, -0.00104654, -0.00086233, -0.00071031, -0.00058499, -0.00048155, -0.00039609, -0.00032551, -0.00026720, -0.00021898, -0.00017904, -0.00014594, -0.00011842, -0.00009565, -0.00007677, -0.00006110, -0.00004806, -0.00003724, -0.00002826, -0.00002083, -0.00001470, -0.00000962, -0.00000540, -0.00000199, 0.00000079, 0.00000303, 0.00000481, 0.00000622, 0.00000730, 0.00000812, 0.00000872, 0.00000913, 0.00000938, 0.00000953, 0.00000955, 0.00000948, 0.00000935, 0.00000917, 0.00000894
-0.29945584, -0.27987180, -0.23166436, -0.17942097, -0.13677385, -0.10525185, -0.08182192, -0.06369841, -0.04932040, -0.03789427, -0.02892553, -0.02198309, -0.01665848, -0.01259918, -0.00951117, -0.00716819, -0.00539366, -0.00405363, -0.00304394, -0.00228461, -0.00171459, -0.00128645, -0.00096520, -0.00072465, -0.00054406, -0.00040813, -0.00030604, -0.00022942, -0.00017153, -0.00012755, -0.00009421, -0.00006885, -0.00004942, -0.00003443, -0.00002278, -0.00001361, -0.00000651, -0.00000097, 0.00000337, 0.00000686, 0.00000964, 0.00001180, 0.00001342, 0.00001466, 0.00001560, 0.00001632, 0.00001675, 0.00001698, 0.00001703, 0.00001693, 0.00001671, 0.00001640, 0.00001601, 0.00001555, 0.00001502, 0.00001444, 0.00001386, 0.00001324, 0.00001262, 0.00001200, 0.00001138, 0.00001076
-0.75600718, -0.70812116, -0.58949182, -0.45966455, -0.35271185, -0.27315198, -0.21372410, -0.16749793, -0.13056625, -0.10099111, -0.07760543, -0.05937003, -0.04528407, -0.03446989, -0.02618529, -0.01985606, -0.01502960, -0.01136048, -0.00857769, -0.00647146, -0.00488036, -0.00367837, -0.00277076, -0.00208736, -0.00157185, -0.00118212, -0.00088761, -0.00066589, -0.00049797, -0.00037016, -0.00027287, -0.00019887, -0.00014222, -0.00009858, -0.00006477, -0.00003824, -0.00001774, -0.00000180, 0.00001055, 0.00002037, 0.00002816, 0.00003421, 0.00003876, 0.00004210, 0.00004462, 0.00004654, 0.00004767, 0.00004823, 0.00004831, 0.00004797, 0.00004728, 0.00004632, 0.00004517, 0.00004386, 0.00004237, 0.00004072, 0.00003907, 0.00003729, 0.00003552, 0.00003377, 0.00003201, 0.00003027
-0.34790176, -0.33630592, -0.30472464, -0.26354207, -0.22173862, -0.18393964, -0.15133448, -0.12364297, -0.10027530, -0.08071198, -0.06453380, -0.05131697, -0.04062635, -0.03205538, -0.02521909, -0.01979515, -0.01550585, -0.01212593, -0.00946971, -0.00738728, -0.00575831, -0.00448497, -0.00349063, -0.00271602, -0.00211209, -0.00164069, -0.00127289, -0.00098677, -0.00076341, -0.00058862, -0.00045186, -0.00034493, -0.00026106, -0.00019508, -0.00014306, -0.00010174, -0.00006926, -0.00004363, -0.00002345, -0.00000737, 0.00000542, 0.00001548, 0.00002328, 0.00002925, 0.00003387, 0.00003748, 0.00003998, 0.00004168, 0.00004270, 0.00004315, 0.00004313, 0.00004275, 0.00004208, 0.00004119, 0.00004008, 0.00003877, 0.00003743, 0.00003593, 0.00003440, 0.00003286, 0.00003129, 0.00002972
-0.13455996, -0.13246150, -0.12636007, -0.11721915, -0.10625458, -0.09452591, -0.08282284, -0.07167457, -0.06138282, -0.05209483, -0.04387550, -0.03671453, -0.03055269, -0.02531126, -0.02088923, -0.01718718, -0.01410458, -0.01155112, -0.00944391, -0.00771078, -0.00628930, -0.00512541, -0.00417385, -0.00339769, -0.00276460, -0.00224810, -0.00182685, -0.00148406, -0.00120459, -0.00097651, -0.00079038, -0.00063854, -0.00051450, -0.00041303, -0.00032995, -0.00026168, -0.00020589, -0.00016021, -0.00012281, -0.00009209, -0.00006687, -0.00004624, -0.00002943, -0.00001579, -0.00000469, 0.00000441, 0.00001158, 0.00001726, 0.00002168, 0.00002504, 0.00002754, 0.00002931, 0.00003050, 0.00003120, 0.00003149, 0.00003142, 0.00003115, 0.00003060, 0.00002989, 0.00002906, 0.00002813, 0.00002712
-0.33022949, -0.31969838, -0.29087069, -0.25290163, -0.21389712, -0.17821958, -0.14715822, -0.12060521, -0.09809571, -0.07918176, -0.06348746, -0.05062337, -0.04018429, -0.03178883, -0.02507298, -0.01972978, -0.01549299, -0.01214577, -0.00950846, -0.00743571, -0.00581009, -0.00453628, -0.00353915, -0.00276042, -0.00215182, -0.00167565, -0.00130324, -0.00101284, -0.00078561, -0.00060740, -0.00046766, -0.00035815, -0.00027208, -0.00020426, -0.00015067, -0.00010805, -0.00007448, -0.00004796, -0.00002703, -0.00001034, 0.00000295, 0.00001342, 0.00002156, 0.00002782, 0.00003266, 0.00003646, 0.00003912, 0.00004095, 0.00004208, 0.00004262, 0.00004268, 0.00004236, 0.00004175, 0.00004091, 0.00003983, 0.00003857, 0.00003725, 0.00003578, 0.00003428, 0.00003276, 0.00003121, 0.00002966
-2.49490179, -2.14241754, -1.42629682, -0.86905711, -0.55881263, -0.39500673, -0.29465302, -0.22152744, -0.16455170, -0.12066168, -0.08790500, -0.06400027, -0.04666826, -0.03407047, -0.02485860, -0.01811499, -0.01318250, -0.00958860, -0.00697599, -0.00507921, -0.00370228, -0.00270032, -0.00197051, -0.00144050, -0.00105401, -0.00077076, -0.00056305, -0.00041148, -0.00029946, -0.00021575, -0.00015310, -0.00010624, -0.00007066, -0.00004329, -0.00002199, -0.00000503, 0.00000816, 0.00001850, 0.00002655, 0.00003315, 0.00003852, 0.00004271, 0.00004581, 0.00004802, 0.00004968, 0.00005094, 0.00005152, 0.00005165, 0.00005134, 0.00005066, 0.00004967, 0.00004845, 0.00004705, 0.00004554, 0.00004383, 0.00004197, 0.00004012, 0.00003816, 0.00003622, 0.00003432, 0.00003242, 0.00003054
-0.06463106, -0.06400587, -0.06216181, -0.05924747, -0.05551918, -0.05123402, -0.04663750, -0.04195110, -0.03734451, -0.03293813, -0.02882251, -0.02504861, -0.02163917, -0.01859977, -0.01591777, -0.01357331, -0.01153842, -0.00978377, -0.00827827, -0.00699251, -0.00589827, -0.00496968, -0.00418338, -0.00351935, -0.00295908, -0.00248664, -0.00208850, -0.00175373, -0.00147196, -0.00123475, -0.00103507, -0.00086703, -0.00072553, -0.00060627, -0.00050571, -0.00042069, -0.00034911, -0.00028873, -0.00023778, -0.00019474, -0.00015836, -0.00012767, -0.00010180, -0.00008003, -0.00006168, -0.00004614, -0.00003322, -0.00002243, -0.00001346, -0.00000604, 0.00000006, 0.00000504, 0.00000907, 0.00001230, 0.00001484, 0.00001679, 0.00001831, 0.00001935, 0.00002006, 0.00002048, 0.00002067, 0.00002065
-0.03924167, -0.03899645, -0.03825623, -0.03706479, -0.03548166, -0.03358583, -0.03146064, -0.02918920, -0.02684417, -0.02448821, -0.02218057, -0.01996005, -0.01785911, -0.01589753, -0.01408801, -0.01243549, -0.01093923, -0.00959431, -0.00839301, -0.00732619, -0.00638299, -0.00555260, -0.00482370, -0.00418595, -0.00362933, -0.00314426, -0.00272186, -0.00235516, -0.00203693, -0.00176091, -0.00152154, -0.00131413, -0.00113445, -0.00097877, -0.00084386, -0.00072674, -0.00062539, -0.00053756, -0.00046142, -0.00039543, -0.00033819, -0.00028853, -0.00024546, -0.00020813, -0.00017579, -0.00014764, -0.00012337, -0.00010236, -0.00008421, -0.00006854, -0.00005506, -0.00004346, -0.00003351, -0.00002500, -0.00001772, -0.00001153, -0.00000622, -0.00000181, 0.00000188, 0.00000495, 0.00000749, 0.00000956
-20.11559528, -13.68474411, -5.18153074, -1.75099820, -0.83288569, -0.59240514, -0.46450920, -0.34646379, -0.24369725, -0.16678237, -0.11454995, -0.08021943, -0.05713781, -0.04093677, -0.02926217, -0.02084137, -0.01483842, -0.01057965, -0.00757039, -0.00544022, -0.00392373, -0.00284876, -0.00206177, -0.00148454, -0.00108043, -0.00079609, -0.00057858, -0.00041799, -0.00030599, -0.00021801, -0.00015235, -0.00010972, -0.00006683, -0.00004066, -0.00001747, 0.00000200, 0.00001232, 0.00002751, 0.00003456, 0.00004461, 0.00004721, 0.00005417, 0.00005747, 0.00006294, 0.00006404, 0.00006539, 0.00006493, 0.00006785, 0.00006636, 0.00006666, 0.00006367, 0.00006343, 0.00006114, 0.00006093, 0.00005728, 0.00005646, 0.00005279, 0.00005169, 0.00004866, 0.00004682, 0.00004325, 0.00004116
-0.03751947, -0.03729056, -0.03659923, -0.03548541, -0.03400308, -0.03222479, -0.03022716, -0.02808728, -0.02587278, -0.02364242, -0.02145238, -0.01933972, -0.01733586, -0.01546029, -0.01372592, -0.01213825, -0.01069735, -0.00939921, -0.00823714, -0.00720294, -0.00628660, -0.00547820, -0.00476720, -0.00414390, -0.00359884, -0.00312297, -0.00270784, -0.00234681, -0.00203296, -0.00176029, -0.00152345, -0.00131788, -0.00113952, -0.00098475, -0.00085043, -0.00073365, -0.00063244, -0.00054460, -0.00046835, -0.00040217, -0.00034468, -0.00029474, -0.00025136, -0.00021371, -0.00018104, -0.00015256, -0.00012797, -0.00010665, -0.00008820, -0.00007225, -0.00005848, -0.00004663, -0.00003644, -0.00002769, -0.00002020, -0.00001381, -0.00000831, -0.00000373, 0.00000013, 0.00000335, 0.00000603, 0.00000823
-0.13445628, -0.13268960, -0.12747416, -0.11954035, -0.10978122, -0.09906609, -0.08810328, -0.07740649, -0.06730469, -0.05799287, -0.04959149, -0.04212671, -0.03558660, -0.02992010, -0.02505637, -0.02091444, -0.01740914, -0.01445798, -0.01198464, -0.00991946, -0.00820004, -0.00677202, -0.00558790, -0.00460796, -0.00379815, -0.00312898, -0.00257574, -0.00211952, -0.00174316, -0.00143243, -0.00117564, -0.00096356, -0.00078838, -0.00064350, -0.00052358, -0.00042404, -0.00034171, -0.00027350, -0.00021699, -0.00017020, -0.00013137, -0.00009914, -0.00007246, -0.00005045, -0.00003237, -0.00001734, -0.00000514, 0.00000480, 0.00001282, 0.00001921, 0.00002423, 0.00002810, 0.00003101, 0.00003313, 0.00003461, 0.00003553, 0.00003605, 0.00003609, 0.00003581, 0.00003529, 0.00003459, 0.00003373
-1.83889890, -1.64870311, -1.22265213, -0.83442965, -0.57887750, -0.42493210, -0.32437702, -0.24979207, -0.19081859, -0.14419221, -0.10821664, -0.08100058, -0.06060625, -0.04533219, -0.03386916, -0.02526224, -0.01881096, -0.01399090, -0.01039968, -0.00772833, -0.00574309, -0.00426747, -0.00316976, -0.00235455, -0.00174973, -0.00129949, -0.00096289, -0.00071284, -0.00052652, -0.00038662, -0.00028075, -0.00020089, -0.00014047, -0.00009426, -0.00005863, -0.00003070, -0.00000900, 0.00000800, 0.00002127, 0.00003157, 0.00003987, 0.00004657, 0.00005178, 0.00005567, 0.00005841, 0.00006058, 0.00006195, 0.00006273, 0.00006294, 0.00006264, 0.00006190, 0.00006079, 0.00005939, 0.00005778, 0.00005603, 0.00005412, 0.00005210, 0.00004985, 0.00004755, 0.00004526, 0.00004301, 0.00004078
-0.11315451, -0.11183348, -0.10791191, -0.10186903, -0.09431121, -0.08586122, -0.07705940, -0.06832669, -0.05995340, -0.05212713, -0.04497545, -0.03854435, -0.03284549, -0.02785328, -0.02352322, -0.01979847, -0.01661581, -0.01391133, -0.01162389, -0.00969716, -0.00807938, -0.00672442, -0.00559166, -0.00464673, -0.00385962, -0.00320412, -0.00265807, -0.00220434, -0.00182720, -0.00151351, -0.00125241, -0.00103519, -0.00085447, -0.00070394, -0.00057847, -0.00047360, -0.00038628, -0.00031342, -0.00025263, -0.00020194, -0.00015958, -0.00012419, -0.00009467, -0.00007013, -0.00004977, -0.00003273, -0.00001875, -0.00000723, 0.00000219, 0.00000983, 0.00001595, 0.00002080, 0.00002458, 0.00002747, 0.00002962, 0.00003115, 0.00003220, 0.00003271, 0.00003286, 0.00003272, 0.00003235, 0.00003179
-0.16054265, -0.15814559, -0.15111987, -0.14059921, -0.12791535, -0.11428480, -0.10062384, -0.08753928, -0.07538282, -0.06433921, -0.05450560, -0.04587608, -0.03840349, -0.03200187, -0.02656592, -0.02198395, -0.01814417, -0.01494247, -0.01228391, -0.01008371, -0.00826797, -0.00677295, -0.00554355, -0.00453463, -0.00370773, -0.00302989, -0.00247389, -0.00201905, -0.00164679, -0.00134180, -0.00109165, -0.00088663, -0.00071857, -0.00058060, -0.00046724, -0.00037380, -0.00029709, -0.00023398, -0.00018208, -0.00013944, -0.00010429, -0.00007533, -0.00005154, -0.00003209, -0.00001626, -0.00000321, 0.00000726, 0.00001568, 0.00002236, 0.00002757, 0.00003156, 0.00003452, 0.00003664, 0.00003806, 0.00003892, 0.00003930, 0.00003934, 0.00003894, 0.00003829, 0.00003744, 0.00003644, 0.00003532
-0.42842286, -0.41410022, -0.37508165, -0.32444405, -0.27329559, -0.22729443, -0.18774993, -0.15414631, -0.12567498, -0.10170408, -0.08177095, -0.06538378, -0.05205776, -0.04130766, -0.03268405, -0.02579881, -0.02032189, -0.01597905, -0.01254627, -0.00983913, -0.00770885, -0.00603482, -0.00472026, -0.00368973, -0.00288289, -0.00225045, -0.00175399, -0.00136573, -0.00106185, -0.00082339, -0.00063581, -0.00048851, -0.00037277, -0.00028154, -0.00020947, -0.00015218, -0.00010692, -0.00007104, -0.00004264, -0.00002022, -0.00000232, 0.00001196, 0.00002322, 0.00003197, 0.00003865, 0.00004394, 0.00004782, 0.00005063, 0.00005251, 0.00005361, 0.00005406, 0.00005397, 0.00005345, 0.00005259, 0.00005149, 0.00005017, 0.00004870, 0.00004697, 0.00004514, 0.00004326, 0.00004137, 0.00003947
-0.08442848, -0.08361190, -0.08117071, -0.07734379, -0.07244723, -0.06683183, -0.06082842, -0.05472009, -0.04872160, -0.04298768, -0.03763673, -0.03272738, -0.02829326, -0.02433695, -0.02084429, -0.01778805, -0.01513345, -0.01284185, -0.01087391, -0.00919138, -0.00775789, -0.00654044, -0.00550854, -0.00463600, -0.00389953, -0.00327824, -0.00275411, -0.00231305, -0.00194183, -0.00162932, -0.00136607, -0.00114445, -0.00095785, -0.00080062, -0.00066806, -0.00055602, -0.00046165, -0.00038201, -0.00031481, -0.00025811, -0.00021021, -0.00016972, -0.00013556, -0.00010677, -0.00008257, -0.00006206, -0.00004496, -0.00003063, -0.00001869, -0.00000879, -0.00000064, 0.00000603, 0.00001145, 0.00001580, 0.00001926, 0.00002196, 0.00002406, 0.00002552, 0.00002652, 0.00002714, 0.00002744, 0.00002748
-0.01916915, -0.01853240, -0.01679749, -0.01454048, -0.01225478, -0.01019327, -0.00841701, -0.00690626, -0.00562655, -0.00454989, -0.00365524, -0.00292046, -0.00232329, -0.00184202, -0.00145623, -0.00114854, -0.00090397, -0.00071025, -0.00055725, -0.00043670, -0.00034192, -0.00026750, -0.00020911, -0.00016338, -0.00012760, -0.00009955, -0.00007756, -0.00006038, -0.00004693, -0.00003638, -0.00002808, -0.00002156, -0.00001645, -0.00001241, -0.00000922, -0.00000668, -0.00000468, -0.00000309, -0.00000184, -0.00000085, -0.00000005, 0.00000058, 0.00000108, 0.00000146, 0.00000175, 0.00000199, 0.00000216, 0.00000228, 0.00000235, 0.00000240, 0.00000241, 0.00000240, 0.00000237, 0.00000233, 0.00000228, 0.00000221, 0.00000214, 0.00000206, 0.00000198, 0.00000189, 0.00000181, 0.00000172
-0.11466694, -0.10016195, -0.06947438, -0.04407415, -0.02908228, -0.02086068, -0.01574937, -0.01199691, -0.00903933, -0.00672561, -0.00497072, -0.00366903, -0.00271078, -0.00200421, -0.00148060, -0.00109215, -0.00080436, -0.00059195, -0.00043558, -0.00032062, -0.00023613, -0.00017398, -0.00012818, -0.00009452, -0.00006976, -0.00005147, -0.00003790, -0.00002792, -0.00002051, -0.00001497, -0.00001078, -0.00000764, -0.00000526, -0.00000344, -0.00000202, -0.00000091, -0.00000004, 0.00000065, 0.00000118, 0.00000160, 0.00000194, 0.00000222, 0.00000243, 0.00000259, 0.00000270, 0.00000279, 0.00000284, 0.00000286, 0.00000286, 0.00000284, 0.00000279, 0.00000274, 0.00000266, 0.00000259, 0.00000250, 0.00000241, 0.00000231, 0.00000220, 0.00000209, 0.00000199, 0.00000188, 0.00000178
-0.65866743, -0.46959911, -0.19863531, -0.07568223, -0.03797734, -0.02640600, -0.02025587, -0.01507233, -0.01070313, -0.00741443, -0.00513803, -0.00361129, -0.00257283, -0.00184355, -0.00131945, -0.00094177, -0.00067163, -0.00047970, -0.00034376, -0.00024729, -0.00017848, -0.00012931, -0.00009364, -0.00006782, -0.00004942, -0.00003621, -0.00002637, -0.00001920, -0.00001403, -0.00001008, -0.00000710, -0.00000499, -0.00000320, -0.00000193, -0.00000088, -0.00000001, 0.00000058, 0.00000118, 0.00000156, 0.00000195, 0.00000218, 0.00000244, 0.00000261, 0.00000279, 0.00000286, 0.00000293, 0.00000294, 0.00000300, 0.00000297, 0.00000295, 0.00000286, 0.00000282, 0.00000273, 0.00000267, 0.00000255, 0.00000247, 0.00000234, 0.00000225, 0.00000212, 0.00000202, 0.00000189, 0.00000179
-0.02345156, -0.02252486, -0.02005434, -0.01696932, -0.01399679, -0.01144123, -0.00932025, -0.00756073, -0.00609454, -0.00487690, -0.00387735, -0.00306652, -0.00241555, -0.00189693, -0.00148570, -0.00116106, -0.00090551, -0.00070505, -0.00054820, -0.00042578, -0.00033042, -0.00025622, -0.00019852, -0.00015374, -0.00011901, -0.00009204, -0.00007106, -0.00005482, -0.00004221, -0.00003240, -0.00002474, -0.00001878, -0.00001414, -0.00001050, -0.00000764, -0.00000538, -0.00000360, -0.00000220, -0.00000111, -0.00000024, 0.00000045, 0.00000100, 0.00000142, 0.00000175, 0.00000199, 0.00000219, 0.00000233, 0.00000242, 0.00000248, 0.00000250, 0.00000250, 0.00000248, 0.00000244, 0.00000239, 0.00000233, 0.00000226, 0.00000218, 0.00000209, 0.00000201, 0.00000192, 0.00000183, 0.00000174
-1.61336877, -0.98065931, -0.29314596, -0.07982811, -0.03591303, -0.02717507, -0.02192120, -0.01622188, -0.01112661, -0.00743085, -0.00501423, -0.00348518, -0.00247556, -0.00176546, -0.00125299, -0.00088665, -0.00063030, -0.00044717, -0.00031726, -0.00022624, -0.00016247, -0.00012040, -0.00008715, -0.00006049, -0.00004398, -0.00003415, -0.00002469, -0.00001714, -0.00001299, -0.00000875, -0.00000577, -0.00000526, -0.00000221, -0.00000159, -0.00000047, 0.00000064, 0.00000020, 0.00000158, 0.00000141, 0.00000241, 0.00000179, 0.00000246, 0.00000245, 0.00000318, 0.00000304, 0.00000304, 0.00000272, 0.00000335, 0.00000299, 0.00000317, 0.00000262, 0.00000283, 0.00000259, 0.00000292, 0.00000240, 0.00000262, 0.00000216, 0.00000239, 0.00000214, 0.00000220, 0.00000180, 0.00000177
-0.82592796, -0.56802855, -0.22152146, -0.07797252, -0.03792593, -0.02670496, -0.02069521, -0.01537717, -0.01083175, -0.00743476, -0.00511544, -0.00358145, -0.00254686, -0.00182195, -0.00130111, -0.00092631, -0.00065920, -0.00046983, -0.00033605, -0.00024137, -0.00017403, -0.00012623, -0.00009136, -0.00006592, -0.00004801, -0.00003533, -0.00002571, -0.00001865, -0.00001366, -0.00000977, -0.00000685, -0.00000491, -0.00000304, -0.00000184, -0.00000080, 0.00000007, 0.00000058, 0.00000123, 0.00000157, 0.00000200, 0.00000216, 0.00000246, 0.00000261, 0.00000283, 0.00000288, 0.00000295, 0.00000293, 0.00000304, 0.00000298, 0.00000297, 0.00000285, 0.00000282, 0.00000272, 0.00000269, 0.00000254, 0.00000248, 0.00000233, 0.00000226, 0.00000213, 0.00000204, 0.00000189, 0.00000179
-0.02364717, -0.02270607, -0.02019951, -0.01707502, -0.01407087, -0.01149341, -0.00935760, -0.00758756, -0.00611354, -0.00489003, -0.00388614, -0.00307220, -0.00241906, -0.00189895, -0.00148672, -0.00116142, -0.00090546, -0.00070475, -0.00054777, -0.00042530, -0.00032992, -0.00025574, -0.00019808, -0.00015335, -0.00011867, -0.00009174, -0.00007080, -0.00005460, -0.00004203, -0.00003224, -0.00002461, -0.00001868, -0.00001405, -0.00001042, -0.00000758, -0.00000533, -0.00000356, -0.00000217, -0.00000108, -0.00000022, 0.00000047, 0.00000101, 0.00000144, 0.00000176, 0.00000200, 0.00000220, 0.00000233, 0.00000243, 0.00000248, 0.00000251, 0.00000251, 0.00000248, 0.00000244, 0.00000239, 0.00000233, 0.00000226, 0.00000218, 0.00000210, 0.00000201, 0.00000192, 0.00000183, 0.00000174
-0.07634802, -0.06885008, -0.05186476, -0.03605524, -0.02535319, -0.01871947, -0.01430746, -0.01102270, -0.00843025, -0.00638216, -0.00479899, -0.00359804, -0.00269533, -0.00201806, -0.00150907, -0.00112665, -0.00083975, -0.00062520, -0.00046516, -0.00034601, -0.00025737, -0.00019143, -0.00014233, -0.00010587, -0.00007877, -0.00005857, -0.00004346, -0.00003224, -0.00002385, -0.00001754, -0.00001276, -0.00000916, -0.00000642, -0.00000433, -0.00000271, -0.00000143, -0.00000044, 0.00000033, 0.00000093, 0.00000140, 0.00000179, 0.00000209, 0.00000232, 0.00000250, 0.00000262, 0.00000272, 0.00000278, 0.00000281, 0.00000281, 0.00000279, 0.00000275, 0.00000270, 0.00000263, 0.00000256, 0.00000248, 0.00000238, 0.00000229, 0.00000219, 0.00000208, 0.00000198, 0.00000188, 0.00000177
-0.09101082, -0.09014275, -0.08749854, -0.08339571, -0.07816181, -0.07218736, -0.06582407, -0.05935658, -0.05299829, -0.04692067, -0.04123128, -0.03599286, -0.03124457, -0.02698688, -0.02321187, -0.01989099, -0.01699217, -0.01447655, -0.01230450, -0.01043810, -0.00883970, -0.00747570, -0.00631442, -0.00532783, -0.00449116, -0.00378313, -0.00318398, -0.00267772, -0.00225013, -0.00188957, -0.00158541, -0.00132873, -0.00111209, -0.00092941, -0.00077530, -0.00064502, -0.00053527, -0.00044261, -0.00036437, -0.00029833, -0.00024260, -0.00019563, -0.00015599, -0.00012252, -0.00009433, -0.00007050, -0.00005067, -0.00003408, -0.00002022, -0.00000869, 0.00000082, 0.00000861, 0.00001494, 0.00002002, 0.00002405, 0.00002719, 0.00002967, 0.00003142, 0.00003263, 0.00003335, 0.00003369, 0.00003370
-0.16436181, -0.16192289, -0.15472338, -0.14405710, -0.13129185, -0.11767613, -0.10409462, -0.09108707, -0.07895338, -0.06788013, -0.05794375, -0.04915121, -0.04147629, -0.03483906, -0.02915479, -0.02431699, -0.02022593, -0.01678272, -0.01389707, -0.01148781, -0.00948167, -0.00781614, -0.00643577, -0.00529362, -0.00434988, -0.00357160, -0.00292953, -0.00240037, -0.00196437, -0.00160586, -0.00131077, -0.00106769, -0.00086739, -0.00070257, -0.00056686, -0.00045480, -0.00036265, -0.00028670, -0.00022406, -0.00017244, -0.00012997, -0.00009509, -0.00006637, -0.00004272, -0.00002335, -0.00000742, 0.00000533, 0.00001560, 0.00002386, 0.00003040, 0.00003547, 0.00003933, 0.00004215, 0.00004411, 0.00004536, 0.00004602, 0.00004631, 0.00004611, 0.00004558, 0.00004475, 0.00004368, 0.00004245
-1.27045836, -1.16438311, -0.91256551, -0.66131329, -0.48066725, -0.36530920, -0.28782938, -0.22899312, -0.18086777, -0.14134551, -0.10965453, -0.08478299, -0.06549042, -0.05053142, -0.03892789, -0.02991908, -0.02294588, -0.01756543, -0.01342733, -0.01025319, -0.00781989, -0.00595757, -0.00453269, -0.00344316, -0.00261095, -0.00197720, -0.00149342, -0.00112399, -0.00084192, -0.00062767, -0.00046419, -0.00033894, -0.00024272, -0.00016922, -0.00011288, -0.00006923, -0.00003573, -0.00000976, 0.00001045, 0.00002612, 0.00003817, 0.00004731, 0.00005441, 0.00005998, 0.00006416, 0.00006729, 0.00006917, 0.00007029, 0.00007088, 0.00007095, 0.00007053, 0.00006968, 0.00006847, 0.00006694, 0.00006517, 0.00006323, 0.00006125, 0.00005907, 0.00005682, 0.00005441, 0.00005194, 0.00004945
-2.73424383, -2.37338542, -1.60449175, -0.97327430, -0.62036503, -0.44639465, -0.34658256, -0.27193087, -0.20960330, -0.15880033, -0.11943291, -0.08986561, -0.06782238, -0.05124120, -0.03866862, -0.02910310, -0.02185642, -0.01639087, -0.01228451, -0.00920441, -0.00689192, -0.00515660, -0.00385363, -0.00287564, -0.00214230, -0.00159420, -0.00118304, -0.00087410, -0.00064187, -0.00046843, -0.00033801, -0.00023928, -0.00016419, -0.00010753, -0.00006451, -0.00003134, -0.00000603, 0.00001356, 0.00002882, 0.00004064, 0.00004971, 0.00005653, 0.00006185, 0.00006609, 0.00006924, 0.00007155, 0.00007278, 0.00007339, 0.00007359, 0.00007335, 0.00007267, 0.00007160, 0.00007018, 0.00006848, 0.00006655, 0.00006446, 0.00006235, 0.00006005, 0.00005768, 0.00005516, 0.00005256, 0.00004996
-0.16263531, -0.16024274, -0.15317507, -0.14269241, -0.13012831, -0.11670650, -0.10329935, -0.09044339, -0.07843882, -0.06747417, -0.05762784, -0.04890900, -0.04129296, -0.03470255, -0.02905491, -0.02424548, -0.02017615, -0.01674938, -0.01387599, -0.01147575, -0.00947608, -0.00781521, -0.00643800, -0.00529792, -0.00435545, -0.00357786, -0.00293606, -0.00240689, -0.00197068, -0.00161183, -0.00131633, -0.00107280, -0.00087205, -0.00070678, -0.00057063, -0.00045817, -0.00036565, -0.00028935, -0.00022640, -0.00017450, -0.00013178, -0.00009668, -0.00006777, -0.00004395, -0.00002442, -0.00000836, 0.00000450, 0.00001488, 0.00002323, 0.00002984, 0.00003499, 0.00003890, 0.00004178, 0.00004378, 0.00004507, 0.00004578, 0.00004609, 0.00004592, 0.00004541, 0.00004460, 0.00004356, 0.00004234
-2049.79261450, -368.43951274, -14.66750015, 7.55970231, 3.66051839, 0.54514165, -0.91528762, -1.16776769, 0.12769220, 0.12630940, 0.16845291, -0.05876673, -0.17818422, -0.04381914, 0.06660853, 0.03807831, -0.12040983, -0.09791541, 0.00353276, 0.05941382, 0.06840817, -0.07137712, -0.06247607, 0.05468608, 0.04629707, -0.04250340, -0.02629266, 0.01506454, -0.00706244, 0.01675345, 0.02931306, -0.02954377, 0.02452248, 0.00377421, 0.00811374, 0.02191607, -0.02007771, 0.01262241, -0.00914900, 0.01628235, -0.01693190, -0.00150637, -0.00815161, 0.01400117, 0.00660596, 0.00282275, -0.01004322, 0.01213975, -0.00009630, 0.00764762, -0.01037440, -0.00047544, -0.00616455, 0.00912686, -0.00642496, 0.00570928, -0.00783811, 0.00538406, 0.00033727, 0.00694413, -0.00409857, -0.00087598
-8.42327124, -6.58451818, -3.35947339, -1.45003683, -0.74126705, -0.52020637, -0.41601580, -0.32527624, -0.24180581, -0.17457325, -0.12573331, -0.09166303, -0.06763758, -0.05010609, -0.03703221, -0.02724880, -0.02000412, -0.01468800, -0.01080250, -0.00795745, -0.00586337, -0.00431926, -0.00317861, -0.00233625, -0.00171532, -0.00125922, -0.00092171, -0.00067110, -0.00048490, -0.00034752, -0.00024519, -0.00016834, -0.00010980, -0.00006606, -0.00003287, -0.00000715, 0.00001240, 0.00002781, 0.00003983, 0.00004932, 0.00005650, 0.00006199, 0.00006629, 0.00006985, 0.00007243, 0.00007433, 0.00007518, 0.00007558, 0.00007554, 0.00007515, 0.00007429, 0.00007312, 0.00007156, 0.00006977, 0.00006769, 0.00006552, 0.00006327, 0.00006091, 0.00005843, 0.00005582, 0.00005310, 0.00005040
-0.30410171, -0.29636942, -0.27465604, -0.24514231, -0.21353277, -0.18342132, -0.15620656, -0.13207648, -0.11084544, -0.09235379, -0.07643787, -0.06290319, -0.05153175, -0.04205016, -0.03420593, -0.02774553, -0.02245076, -0.01812675, -0.01460814, -0.01175379, -0.00944332, -0.00757770, -0.00607333, -0.00486171, -0.00388709, -0.00310475, -0.00247625, -0.00197169, -0.00156674, -0.00124264, -0.00098281, -0.00077424, -0.00060671, -0.00047246, -0.00036477, -0.00027804, -0.00020858, -0.00015274, -0.00010783, -0.00007176, -0.00004288, -0.00001985, -0.00000139, 0.00001343, 0.00002518, 0.00003454, 0.00004159, 0.00004696, 0.00005102, 0.00005395, 0.00005592, 0.00005708, 0.00005756, 0.00005750, 0.00005699, 0.00005612, 0.00005508, 0.00005372, 0.00005218, 0.00005044, 0.00004858, 0.00004663
-0.12457814, -0.12309080, -0.11862719, -0.11184270, -0.10343819, -0.09414295, -0.08454852, -0.07507937, -0.06601623, -0.05755986, -0.04981880, -0.04283986, -0.03663914, -0.03118441, -0.02643664, -0.02233327, -0.01881166, -0.01580485, -0.01324958, -0.01108748, -0.00926344, -0.00772939, -0.00644188, -0.00536331, -0.00446108, -0.00370791, -0.00307906, -0.00255465, -0.00211745, -0.00175359, -0.00145058, -0.00119810, -0.00098765, -0.00081244, -0.00066649, -0.00054461, -0.00044322, -0.00035868, -0.00028817, -0.00022940, -0.00018044, -0.00013973, -0.00010580, -0.00007753, -0.00005406, -0.00003448, -0.00001851, -0.00000539, 0.00000538, 0.00001412, 0.00002115, 0.00002671, 0.00003105, 0.00003434, 0.00003678, 0.00003848, 0.00003969, 0.00004030, 0.00004049, 0.00004030, 0.00003981, 0.00003908
-1.15893779, -1.06812959, -0.84993318, -0.62732694, -0.46258624, -0.35425859, -0.28006309, -0.22337765, -0.17699285, -0.13883794, -0.10812332, -0.08389667, -0.06501245, -0.05031058, -0.03886950, -0.02995954, -0.02304336, -0.01768975, -0.01356035, -0.01038269, -0.00793979, -0.00606487, -0.00462649, -0.00352367, -0.00267908, -0.00203412, -0.00154057, -0.00116271, -0.00087351, -0.00065328, -0.00048485, -0.00035555, -0.00025602, -0.00017984, -0.00012134, -0.00007596, -0.00004108, -0.00001401, 0.00000707, 0.00002341, 0.00003600, 0.00004557, 0.00005300, 0.00005883, 0.00006321, 0.00006650, 0.00006851, 0.00006973, 0.00007040, 0.00007053, 0.00007016, 0.00006936, 0.00006818, 0.00006668, 0.00006495, 0.00006302, 0.00006107, 0.00005892, 0.00005668, 0.00005429, 0.00005184, 0.00004936
-0.00074723, -0.00074304, -0.00073017, -0.00070951, -0.00068184, -0.00064847, -0.00061081, -0.00057019, -0.00052784, -0.00048488, -0.00044239, -0.00040105, -0.00036155, -0.00032426, -0.00028952, -0.00025746, -0.00022815, -0.00020153, -0.00017752, -0.00015601, -0.00013681, -0.00011976, -0.00010467, -0.00009135, -0.00007964, -0.00006936, -0.00006034, -0.00005246, -0.00004557, -0.00003956, -0.00003432, -0.00002975, -0.00002577, -0.00002231, -0.00001929, -0.00001666, -0.00001438, -0.00001239, -0.00001066, -0.00000916, -0.00000785, -0.00000671, -0.00000572, -0.00000486, -0.00000411, -0.00000346, -0.00000289, -0.00000240, -0.00000198, -0.00000161, -0.00000129, -0.00000102, -0.00000079, -0.00000058, -0.00000041, -0.00000027, -0.00000014, -0.00000003, 0.00000006, 0.00000013, 0.00000019, 0.00000024
-0.00204793, -0.00202727, -0.00196516, -0.00186863, -0.00174583, -0.00160607, -0.00145785, -0.00130802, -0.00116167, -0.00102248, -0.00089312, -0.00077481, -0.00066833, -0.00057353, -0.00049008, -0.00041720, -0.00035405, -0.00029964, -0.00025300, -0.00021320, -0.00017936, -0.00015068, -0.00012642, -0.00010596, -0.00008873, -0.00007424, -0.00006204, -0.00005181, -0.00004322, -0.00003603, -0.00002999, -0.00002492, -0.00002068, -0.00001712, -0.00001413, -0.00001162, -0.00000952, -0.00000775, -0.00000628, -0.00000504, -0.00000400, -0.00000313, -0.00000240, -0.00000179, -0.00000128, -0.00000085, -0.00000050, -0.00000021, 0.00000002, 0.00000022, 0.00000037, 0.00000050, 0.00000059, 0.00000067, 0.00000073, 0.00000077, 0.00000080, 0.00000081, 0.00000082, 0.00000082, 0.00000081, 0.00000080
-0.00776964, -0.00754590, -0.00692595, -0.00609870, -0.00523357, -0.00442878, -0.00371698, -0.00309792, -0.00256298, -0.00210449, -0.00171656, -0.00139204, -0.00112375, -0.00090367, -0.00072441, -0.00057904, -0.00046171, -0.00036733, -0.00029167, -0.00023120, -0.00018297, -0.00014459, -0.00011408, -0.00008987, -0.00007070, -0.00005552, -0.00004349, -0.00003397, -0.00002646, -0.00002053, -0.00001583, -0.00001212, -0.00000919, -0.00000688, -0.00000504, -0.00000359, -0.00000245, -0.00000154, -0.00000083, -0.00000027, 0.00000017, 0.00000052, 0.00000079, 0.00000099, 0.00000115, 0.00000126, 0.00000135, 0.00000140, 0.00000144, 0.00000146, 0.00000146, 0.00000145, 0.00000142, 0.00000139, 0.00000136, 0.00000132, 0.00000128, 0.00000123, 0.00000118, 0.00000113, 0.00000108, 0.00000103
-0.00723609, -0.00704040, -0.00649451, -0.00575683, -0.00497310, -0.00423253, -0.00356907, -0.00298673, -0.00248030, -0.00204411, -0.00167337, -0.00136185, -0.00110321, -0.00089015, -0.00071592, -0.00057413, -0.00045928, -0.00036657, -0.00029201, -0.00023221, -0.00018437, -0.00014617, -0.00011571, -0.00009146, -0.00007220, -0.00005689, -0.00004472, -0.00003507, -0.00002742, -0.00002136, -0.00001656, -0.00001274, -0.00000972, -0.00000733, -0.00000543, -0.00000391, -0.00000272, -0.00000177, -0.00000102, -0.00000043, 0.00000004, 0.00000040, 0.00000069, 0.00000091, 0.00000108, 0.00000121, 0.00000130, 0.00000136, 0.00000140, 0.00000143, 0.00000143, 0.00000142, 0.00000140, 0.00000138, 0.00000135, 0.00000131, 0.00000127, 0.00000122, 0.00000118, 0.00000113, 0.00000107, 0.00000102
-0.11354804, -0.09294968, -0.05415192, -0.02799030, -0.01615641, -0.01125749, -0.00861060, -0.00659286, -0.00491179, -0.00358375, -0.00259979, -0.00189374, -0.00138799, -0.00101989, -0.00074851, -0.00054765, -0.00039972, -0.00029140, -0.00021242, -0.00015485, -0.00011280, -0.00008206, -0.00005955, -0.00004309, -0.00003110, -0.00002235, -0.00001592, -0.00001121, -0.00000779, -0.00000528, -0.00000343, -0.00000205, -0.00000104, -0.00000029, 0.00000027, 0.00000070, 0.00000102, 0.00000126, 0.00000144, 0.00000157, 0.00000167, 0.00000174, 0.00000180, 0.00000183, 0.00000185, 0.00000185, 0.00000184, 0.00000183, 0.00000180, 0.00000177, 0.00000173, 0.00000168, 0.00000163, 0.00000158, 0.00000152, 0.00000146, 0.00000140, 0.00000133, 0.00000127, 0.00000120, 0.00000114, 0.00000108
-0.02227674, -0.02072465, -0.01692835, -0.01290336, -0.00974583, -0.00752498, -0.00592956, -0.00469798, -0.00370159, -0.00289096, -0.00224235, -0.00173162, -0.00133410, -0.00102575, -0.00078707, -0.00060246, -0.00046010, -0.00035060, -0.00026669, -0.00020252, -0.00015354, -0.00011620, -0.00008776, -0.00006612, -0.00004971, -0.00003725, -0.00002778, -0.00002059, -0.00001517, -0.00001106, -0.00000794, -0.00000556, -0.00000377, -0.00000240, -0.00000137, -0.00000057, 0.00000003, 0.00000049, 0.00000084, 0.00000110, 0.00000129, 0.00000144, 0.00000155, 0.00000163, 0.00000168, 0.00000171, 0.00000172, 0.00000172, 0.00000171, 0.00000168, 0.00000165, 0.00000161, 0.00000157, 0.00000152, 0.00000147, 0.00000141, 0.00000136, 0.00000130, 0.00000124, 0.00000118, 0.00000112, 0.00000106
-0.00418220, -0.00411125, -0.00390466, -0.00360221, -0.00324680, -0.00287495, -0.00251119, -0.00216927, -0.00185605, -0.00157465, -0.00132634, -0.00111005, -0.00092417, -0.00076591, -0.00063238, -0.00052042, -0.00042712, -0.00034970, -0.00028573, -0.00023306, -0.00018980, -0.00015437, -0.00012539, -0.00010172, -0.00008244, -0.00006674, -0.00005394, -0.00004352, -0.00003507, -0.00002819, -0.00002260, -0.00001806, -0.00001436, -0.00001136, -0.00000892, -0.00000692, -0.00000531, -0.00000399, -0.00000293, -0.00000206, -0.00000136, -0.00000079, -0.00000033, 0.00000004, 0.00000033, 0.00000057, 0.00000075, 0.00000089, 0.00000100, 0.00000107, 0.00000113, 0.00000116, 0.00000118, 0.00000118, 0.00000118, 0.00000116, 0.00000115, 0.00000112, 0.00000108, 0.00000105, 0.00000101, 0.00000097
-0.00315946, -0.00311634, -0.00298880, -0.00279663, -0.00256220, -0.00230715, -0.00204844, -0.00179752, -0.00156148, -0.00134453, -0.00114913, -0.00097564, -0.00082380, -0.00069225, -0.00057939, -0.00048326, -0.00040192, -0.00033342, -0.00027600, -0.00022807, -0.00018816, -0.00015503, -0.00012757, -0.00010486, -0.00008612, -0.00007065, -0.00005788, -0.00004737, -0.00003871, -0.00003159, -0.00002573, -0.00002090, -0.00001693, -0.00001366, -0.00001096, -0.00000874, -0.00000691, -0.00000540, -0.00000416, -0.00000314, -0.00000231, -0.00000162, -0.00000106, -0.00000059, -0.00000022, 0.00000008, 0.00000033, 0.00000052, 0.00000068, 0.00000080, 0.00000089, 0.00000095, 0.00000100, 0.00000102, 0.00000104, 0.00000104, 0.00000104, 0.00000103, 0.00000101, 0.00000098, 0.00000095, 0.00000092
-11.92508506, -8.73843270, -4.20082558, -2.00549814, -1.14406931, -0.75106849, -0.51787717, -0.35627493, -0.24109930, -0.16119369, -0.10743563, -0.07189572, -0.04843773, -0.03280717, -0.02228878, -0.01517622, -0.01036533, -0.00710714, -0.00490345, -0.00341051, -0.00239532, -0.00170597, -0.00122271, -0.00088053, -0.00064523, -0.00047988, -0.00035469, -0.00026197, -0.00019456, -0.00014086, -0.00009899, -0.00006800, -0.00003879, -0.00001806, -0.00000016, 0.00001570, 0.00002660, 0.00003793, 0.00004478, 0.00005222, 0.00005589, 0.00006031, 0.00006253, 0.00006493, 0.00006510, 0.00006496, 0.00006365, 0.00006345, 0.00006114, 0.00005923, 0.00005596, 0.00005379, 0.00005090, 0.00004879, 0.00004536, 0.00004313, 0.00004003, 0.00003803, 0.00003551, 0.00003364, 0.00003127, 0.00002960
-0.28749393, -0.28150067, -0.26411628, -0.23900301, -0.21009122, -0.18055829, -0.15248561, -0.12699194, -0.10454935, -0.08525636, -0.06898118, -0.05545220, -0.04435140, -0.03533055, -0.02805781, -0.02223183, -0.01758698, -0.01389688, -0.01097391, -0.00866335, -0.00683931, -0.00540130, -0.00426671, -0.00337168, -0.00266615, -0.00210877, -0.00166723, -0.00131800, -0.00104108, -0.00082100, -0.00064568, -0.00050570, -0.00039379, -0.00030425, -0.00023247, -0.00017440, -0.00012787, -0.00009056, -0.00006070, -0.00003670, -0.00001747, -0.00000220, 0.00000984, 0.00001922, 0.00002641, 0.00003198, 0.00003596, 0.00003879, 0.00004059, 0.00004155, 0.00004187, 0.00004170, 0.00004116, 0.00004030, 0.00003920, 0.00003794, 0.00003667, 0.00003523, 0.00003378, 0.00003235, 0.00003095, 0.00002959
-1.45901766, -1.35268951, -1.09762670, -0.83103830, -0.61807616, -0.46158121, -0.34620055, -0.25912848, -0.19266521, -0.14216334, -0.10424189, -0.07609711, -0.05540188, -0.04026598, -0.02922898, -0.02120018, -0.01536988, -0.01114336, -0.00808536, -0.00587388, -0.00427540, -0.00312054, -0.00228267, -0.00167409, -0.00123250, -0.00090945, -0.00067090, -0.00049522, -0.00036467, -0.00026661, -0.00019218, -0.00013506, -0.00009096, -0.00005680, -0.00003011, -0.00000839, 0.00000871, 0.00002208, 0.00003241, 0.00004065, 0.00004710, 0.00005193, 0.00005536, 0.00005762, 0.00005887, 0.00005949, 0.00005931, 0.00005867, 0.00005744, 0.00005575, 0.00005377, 0.00005163, 0.00004941, 0.00004707, 0.00004467, 0.00004228, 0.00004003, 0.00003776, 0.00003563, 0.00003365, 0.00003182, 0.00003010
-0.04875306, -0.04839646, -0.04730841, -0.04556615, -0.04328169, -0.04057513, -0.03757816, -0.03441819, -0.03120790, -0.02804407, -0.02500236, -0.02213416, -0.01947646, -0.01704736, -0.01485432, -0.01289429, -0.01115720, -0.00962863, -0.00829138, -0.00712774, -0.00611911, -0.00524795, -0.00449721, -0.00385169, -0.00329770, -0.00282263, -0.00241519, -0.00206652, -0.00176798, -0.00151235, -0.00129341, -0.00110583, -0.00094505, -0.00080720, -0.00068894, -0.00058719, -0.00050000, -0.00042512, -0.00036082, -0.00030554, -0.00025803, -0.00021721, -0.00018214, -0.00015204, -0.00012621, -0.00010394, -0.00008499, -0.00006877, -0.00005493, -0.00004315, -0.00003315, -0.00002466, -0.00001748, -0.00001143, -0.00000636, -0.00000211, 0.00000150, 0.00000441, 0.00000680, 0.00000876, 0.00001033, 0.00001158
-0.23791848, -0.23356373, -0.22079391, -0.20198180, -0.17979391, -0.15654668, -0.13391688, -0.11292791, -0.09410511, -0.07765444, -0.06356551, -0.05168465, -0.04180263, -0.03366732, -0.02702671, -0.02164236, -0.01729962, -0.01381117, -0.01101737, -0.00878513, -0.00700453, -0.00558618, -0.00445579, -0.00355523, -0.00283825, -0.00226638, -0.00180918, -0.00144416, -0.00115209, -0.00091793, -0.00072982, -0.00057841, -0.00045640, -0.00035799, -0.00027851, -0.00021380, -0.00016157, -0.00011935, -0.00008529, -0.00005771, -0.00003544, -0.00001756, -0.00000331, 0.00000796, 0.00001678, 0.00002373, 0.00002890, 0.00003275, 0.00003542, 0.00003715, 0.00003812, 0.00003852, 0.00003847, 0.00003803, 0.00003730, 0.00003636, 0.00003535, 0.00003415, 0.00003290, 0.00003164, 0.00003038, 0.00002912
-3.48726491, -3.01640189, -2.07106670, -1.32564164, -0.87709624, -0.61046894, -0.43628401, -0.31272569, -0.22239506, -0.15674191, -0.10983434, -0.07678120, -0.05367479, -0.03754547, -0.02627439, -0.01839340, -0.01288508, -0.00904019, -0.00636044, -0.00449163, -0.00318711, -0.00227544, -0.00163308, -0.00117898, -0.00085810, -0.00062796, -0.00046005, -0.00033790, -0.00024759, -0.00017952, -0.00012730, -0.00008655, -0.00005447, -0.00002919, -0.00000900, 0.00000805, 0.00002173, 0.00003257, 0.00004097, 0.00004782, 0.00005322, 0.00005723, 0.00006001, 0.00006171, 0.00006248, 0.00006268, 0.00006213, 0.00006117, 0.00005961, 0.00005760, 0.00005532, 0.00005291, 0.00005045, 0.00004788, 0.00004527, 0.00004268, 0.00004026, 0.00003784, 0.00003560, 0.00003354, 0.00003164, 0.00002988
-5.37968201, -4.43284825, -2.72700585, -1.58235580, -0.98927622, -0.67025209, -0.47098186, -0.33192669, -0.23158994, -0.15995986, -0.10991299, -0.07547467, -0.05193039, -0.03580928, -0.02472799, -0.01709391, -0.01183342, -0.00821255, -0.00572331, -0.00400968, -0.00282754, -0.00201021, -0.00143879, -0.00103742, -0.00075577, -0.00055443, -0.00040724, -0.00030005, -0.00022054, -0.00016009, -0.00011327, -0.00007641, -0.00004691, -0.00002355, -0.00000469, 0.00001149, 0.00002448, 0.00003492, 0.00004294, 0.00004958, 0.00005475, 0.00005865, 0.00006128, 0.00006290, 0.00006355, 0.00006364, 0.00006298, 0.00006197, 0.00006029, 0.00005819, 0.00005578, 0.00005330, 0.00005076, 0.00004814, 0.00004542, 0.00004279, 0.00004030, 0.00003785, 0.00003556, 0.00003349, 0.00003155, 0.00002979
-0.35611873, -0.34746436, -0.32272569, -0.28791260, -0.24908742, -0.21069054, -0.17524171, -0.14384331, -0.11678321, -0.09394864, -0.07501115, -0.05951998, -0.04700114, -0.03697523, -0.02900564, -0.02270722, -0.01774998, -0.01386152, -0.01081959, -0.00844365, -0.00659051, -0.00514663, -0.00402045, -0.00314213, -0.00245763, -0.00192274, -0.00150350, -0.00117542, -0.00091796, -0.00071536, -0.00055547, -0.00042895, -0.00032869, -0.00024915, -0.00018592, -0.00013507, -0.00009465, -0.00006250, -0.00003701, -0.00001667, -0.00000051, 0.00001218, 0.00002204, 0.00002957, 0.00003521, 0.00003946, 0.00004232, 0.00004421, 0.00004519, 0.00004545, 0.00004516, 0.00004447, 0.00004349, 0.00004225, 0.00004082, 0.00003927, 0.00003775, 0.00003610, 0.00003448, 0.00003290, 0.00003138, 0.00002991
-0.20308757, -0.19973989, -0.18984754, -0.17506720, -0.15732380, -0.13837643, -0.11959033, -0.10187105, -0.08573780, -0.07144309, -0.05904407, -0.04846282, -0.03956067, -0.03215162, -0.02604070, -0.02103602, -0.01696002, -0.01365489, -0.01098414, -0.00883108, -0.00709865, -0.00570688, -0.00458845, -0.00369014, -0.00296913, -0.00238951, -0.00192257, -0.00154692, -0.00124409, -0.00099955, -0.00080172, -0.00064140, -0.00051135, -0.00040575, -0.00031991, -0.00024964, -0.00019255, -0.00014610, -0.00010836, -0.00007761, -0.00005260, -0.00003237, -0.00001608, -0.00000305, 0.00000729, 0.00001556, 0.00002185, 0.00002668, 0.00003020, 0.00003267, 0.00003429, 0.00003524, 0.00003567, 0.00003566, 0.00003529, 0.00003466, 0.00003393, 0.00003296, 0.00003192, 0.00003082, 0.00002971, 0.00002857
-0.10978905, -0.10825423, -0.10370213, -0.09695022, -0.08884547, -0.08016284, -0.07144837, -0.06303231, -0.05511047, -0.04781128, -0.04118654, -0.03526664, -0.03003880, -0.02547171, -0.02151555, -0.01811416, -0.01520553, -0.01273264, -0.01063797, -0.00887138, -0.00738559, -0.00613985, -0.00509761, -0.00422728, -0.00350141, -0.00289706, -0.00239452, -0.00197714, -0.00163035, -0.00134249, -0.00110401, -0.00090631, -0.00074232, -0.00060623, -0.00049347, -0.00039986, -0.00032244, -0.00025826, -0.00020506, -0.00016095, -0.00012440, -0.00009417, -0.00006920, -0.00004861, -0.00003158, -0.00001742, -0.00000593, 0.00000341, 0.00001094, 0.00001701, 0.00002184, 0.00002563, 0.00002854, 0.00003069, 0.00003222, 0.00003323, 0.00003387, 0.00003407, 0.00003398, 0.00003365, 0.00003312, 0.00003241
-0.56029310, -0.52602112, -0.43986475, -0.34479762, -0.26762711, -0.21245374, -0.17250065, -0.14103464, -0.11468078, -0.09242107, -0.07393664, -0.05890546, -0.04682041, -0.03714683, -0.02940737, -0.02322516, -0.01829767, -0.01438665, -0.01129095, -0.00884819, -0.00692343, -0.00540948, -0.00422018, -0.00328697, -0.00255514, -0.00198235, -0.00153484, -0.00118526, -0.00091177, -0.00069815, -0.00053200, -0.00040246, -0.00030123, -0.00022196, -0.00016021, -0.00011189, -0.00007433, -0.00004497, -0.00002200, -0.00000400, 0.00001006, 0.00002097, 0.00002935, 0.00003575, 0.00004074, 0.00004468, 0.00004745, 0.00004935, 0.00005049, 0.00005113, 0.00005136, 0.00005122, 0.00005074, 0.00004999, 0.00004900, 0.00004782, 0.00004657, 0.00004512, 0.00004358, 0.00004199, 0.00004035, 0.00003864
-0.16487471, -0.16154314, -0.15198721, -0.13855722, -0.12353831, -0.10857926, -0.09450305, -0.08158599, -0.06989040, -0.05944089, -0.05021248, -0.04217584, -0.03525417, -0.02934942, -0.02434801, -0.02013871, -0.01661206, -0.01367152, -0.01122747, -0.00920424, -0.00753314, -0.00615670, -0.00502517, -0.00409640, -0.00333488, -0.00271152, -0.00220196, -0.00178577, -0.00144566, -0.00116802, -0.00094191, -0.00075759, -0.00060721, -0.00048442, -0.00038440, -0.00030274, -0.00023635, -0.00018224, -0.00013813, -0.00010215, -0.00007286, -0.00004906, -0.00002979, -0.00001421, -0.00000155, 0.00000879, 0.00001694, 0.00002337, 0.00002834, 0.00003219, 0.00003510, 0.00003722, 0.00003866, 0.00003954, 0.00003996, 0.00003999, 0.00003978, 0.00003923, 0.00003848, 0.00003757, 0.00003654, 0.00003537
-10.35438423, -7.71256807, -3.37949172, -1.12343785, -0.46501056, -0.34939175, -0.31178585, -0.25341344, -0.18711289, -0.13248019, -0.09446182, -0.06929786, -0.05190506, -0.03901008, -0.02910615, -0.02155045, -0.01591089, -0.01177189, -0.00873875, -0.00650193, -0.00483656, -0.00359330, -0.00266476, -0.00197287, -0.00145887, -0.00107750, -0.00079365, -0.00058176, -0.00042305, -0.00030382, -0.00021543, -0.00014967, -0.00009928, -0.00006127, -0.00003250, -0.00001050, 0.00000582, 0.00001878, 0.00002852, 0.00003642, 0.00004220, 0.00004690, 0.00005024, 0.00005288, 0.00005482, 0.00005642, 0.00005727, 0.00005786, 0.00005771, 0.00005746, 0.00005682, 0.00005614, 0.00005510, 0.00005400, 0.00005251, 0.00005104, 0.00004936, 0.00004768, 0.00004583, 0.00004402, 0.00004208, 0.00004014
-1.06803916, -0.96594775, -0.72827756, -0.50152054, -0.35063197, -0.26374755, -0.20979689, -0.16907931, -0.13474660, -0.10589044, -0.08254291, -0.06422419, -0.04999408, -0.03891173, -0.03023320, -0.02343114, -0.01811262, -0.01397679, -0.01076937, -0.00828943, -0.00637226, -0.00489177, -0.00374948, -0.00286894, -0.00219051, -0.00166890, -0.00126854, -0.00096115, -0.00072457, -0.00054278, -0.00040387, -0.00029734, -0.00021531, -0.00015194, -0.00010335, -0.00006583, -0.00003710, -0.00001490, 0.00000228, 0.00001562, 0.00002594, 0.00003385, 0.00003982, 0.00004429, 0.00004776, 0.00005049, 0.00005230, 0.00005341, 0.00005392, 0.00005406, 0.00005388, 0.00005341, 0.00005266, 0.00005167, 0.00005049, 0.00004913, 0.00004772, 0.00004613, 0.00004447, 0.00004277, 0.00004104, 0.00003923
-0.04758851, -0.04723323, -0.04612856, -0.04439377, -0.04213272, -0.03948748, -0.03659344, -0.03356790, -0.03051285, -0.02751640, -0.02463501, -0.02191694, -0.01938898, -0.01706810, -0.01495953, -0.01306208, -0.01136675, -0.00986303, -0.00853600, -0.00737161, -0.00635364, -0.00546722, -0.00469772, -0.00403147, -0.00345572, -0.00295924, -0.00253175, -0.00216439, -0.00184874, -0.00157783, -0.00134566, -0.00114670, -0.00097619, -0.00083005, -0.00070490, -0.00059757, -0.00050583, -0.00042727, -0.00035999, -0.00030237, -0.00025302, -0.00021079, -0.00017467, -0.00014378, -0.00011734, -0.00009461, -0.00007532, -0.00005889, -0.00004493, -0.00003308, -0.00002303, -0.00001455, -0.00000743, -0.00000148, 0.00000347, 0.00000754, 0.00001094, 0.00001363, 0.00001577, 0.00001744, 0.00001870, 0.00001961
-0.26059663, -0.25244280, -0.23010032, -0.20113687, -0.17198425, -0.14590747, -0.12346445, -0.10410396, -0.08725572, -0.07263194, -0.06005909, -0.04940091, -0.04046291, -0.03302983, -0.02688173, -0.02181924, -0.01766515, -0.01427146, -0.01150602, -0.00926103, -0.00744193, -0.00597153, -0.00478502, -0.00382887, -0.00305901, -0.00244024, -0.00194363, -0.00154534, -0.00122563, -0.00096930, -0.00076443, -0.00060046, -0.00046904, -0.00036362, -0.00027932, -0.00021172, -0.00015778, -0.00011460, -0.00008003, -0.00005233, -0.00003019, -0.00001255, 0.00000143, 0.00001247, 0.00002127, 0.00002834, 0.00003369, 0.00003774, 0.00004067, 0.00004279, 0.00004423, 0.00004510, 0.00004547, 0.00004544, 0.00004506, 0.00004441, 0.00004361, 0.00004255, 0.00004135, 0.00004006, 0.00003868, 0.00003721
-1.36142650, -1.21156036, -0.87304327, -0.56779434, -0.37982250, -0.28064733, -0.22257294, -0.17888611, -0.14158251, -0.11021066, -0.08509327, -0.06566905, -0.05077330, -0.03927715, -0.03033300, -0.02336181, -0.01794583, -0.01376251, -0.01054174, -0.00806813, -0.00616759, -0.00470854, -0.00358915, -0.00273113, -0.00207379, -0.00157115, -0.00118754, -0.00089455, -0.00067017, -0.00049858, -0.00036817, -0.00026863, -0.00019231, -0.00013356, -0.00008870, -0.00005419, -0.00002785, -0.00000756, 0.00000811, 0.00002026, 0.00002965, 0.00003682, 0.00004221, 0.00004622, 0.00004934, 0.00005180, 0.00005339, 0.00005434, 0.00005471, 0.00005474, 0.00005448, 0.00005394, 0.00005313, 0.00005209, 0.00005086, 0.00004947, 0.00004802, 0.00004640, 0.00004471, 0.00004298, 0.00004123, 0.00003939
-0.13704381, -0.13471158, -0.12791305, -0.11809840, -0.10673129, -0.09499573, -0.08360246, -0.07289344, -0.06302482, -0.05408653, -0.04609682, -0.03905773, -0.03292671, -0.02764028, -0.02311741, -0.01927398, -0.01602447, -0.01329157, -0.01100055, -0.00908807, -0.00749568, -0.00617344, -0.00507791, -0.00417168, -0.00342290, -0.00280524, -0.00229643, -0.00187770, -0.00153293, -0.00124934, -0.00101659, -0.00082540, -0.00066823, -0.00053896, -0.00043284, -0.00034553, -0.00027400, -0.00021525, -0.00016699, -0.00012734, -0.00009479, -0.00006814, -0.00004635, -0.00002858, -0.00001402, -0.00000204, 0.00000754, 0.00001521, 0.00002127, 0.00002605, 0.00002976, 0.00003257, 0.00003461, 0.00003602, 0.00003689, 0.00003732, 0.00003745, 0.00003720, 0.00003672, 0.00003604, 0.00003521, 0.00003422
-0.25171659, -0.24711592, -0.23383067, -0.21445533, -0.19189431, -0.16851351, -0.14585900, -0.12480050, -0.10574020, -0.08882033, -0.07406712, -0.06137924, -0.05060038, -0.04153723, -0.03397520, -0.02770986, -0.02254506, -0.01830730, -0.01484198, -0.01201733, -0.00972077, -0.00785675, -0.00634548, -0.00512283, -0.00413423, -0.00333454, -0.00268723, -0.00216483, -0.00174263, -0.00140096, -0.00112413, -0.00090010, -0.00071861, -0.00057132, -0.00045163, -0.00035401, -0.00027475, -0.00021027, -0.00015784, -0.00011520, -0.00008035, -0.00005196, -0.00002894, -0.00001038, 0.00000452, 0.00001669, 0.00002624, 0.00003374, 0.00003951, 0.00004383, 0.00004694, 0.00004905, 0.00005035, 0.00005100, 0.00005113, 0.00005076, 0.00005009, 0.00004902, 0.00004772, 0.00004627, 0.00004471, 0.00004304
-0.47736048, -0.46255734, -0.42187748, -0.36809632, -0.31255016, -0.26149443, -0.21685112, -0.17851913, -0.14586385, -0.11828157, -0.09528257, -0.07632952, -0.06087505, -0.04838149, -0.03833905, -0.03030894, -0.02391119, -0.01883171, -0.01481066, -0.01163557, -0.00913338, -0.00716409, -0.00561521, -0.00439965, -0.00344596, -0.00269692, -0.00210795, -0.00164668, -0.00128460, -0.00099972, -0.00077515, -0.00059847, -0.00045920, -0.00034910, -0.00026185, -0.00019228, -0.00013717, -0.00009339, -0.00005864, -0.00003105, -0.00000890, 0.00000876, 0.00002271, 0.00003357, 0.00004196, 0.00004867, 0.00005360, 0.00005720, 0.00005965, 0.00006114, 0.00006183, 0.00006188, 0.00006140, 0.00006052, 0.00005933, 0.00005781, 0.00005613, 0.00005416, 0.00005208, 0.00004995, 0.00004780, 0.00004560
-0.46633899, -0.45216408, -0.41312184, -0.36128280, -0.30746152, -0.25773772, -0.21407859, -0.17648071, -0.14438469, -0.11722908, -0.09455186, -0.07583658, -0.06055319, -0.04818104, -0.03822318, -0.03025085, -0.02389155, -0.01883677, -0.01483070, -0.01166386, -0.00916541, -0.00719691, -0.00564697, -0.00442925, -0.00347285, -0.00272088, -0.00212898, -0.00166494, -0.00130030, -0.00101312, -0.00078651, -0.00060807, -0.00046727, -0.00035585, -0.00026750, -0.00019699, -0.00014110, -0.00009666, -0.00006136, -0.00003332, -0.00001079, 0.00000718, 0.00002138, 0.00003246, 0.00004103, 0.00004788, 0.00005293, 0.00005663, 0.00005916, 0.00006073, 0.00006148, 0.00006157, 0.00006113, 0.00006029, 0.00005914, 0.00005765, 0.00005599, 0.00005404, 0.00005198, 0.00004987, 0.00004773, 0.00004555
-0.43227665, -0.41996140, -0.38579768, -0.33981384, -0.29127372, -0.24569517, -0.20514069, -0.16987924, -0.13957096, -0.11378674, -0.09214669, -0.07420104, -0.05947646, -0.04750204, -0.03782371, -0.03004327, -0.02381249, -0.01884163, -0.01488701, -0.01174938, -0.00926502, -0.00730058, -0.00574836, -0.00452455, -0.00355992, -0.00279891, -0.00219786, -0.00172497, -0.00135214, -0.00105753, -0.00082433, -0.00064010, -0.00049429, -0.00037856, -0.00028653, -0.00021292, -0.00015441, -0.00010778, -0.00007064, -0.00004107, -0.00001727, 0.00000175, 0.00001683, 0.00002863, 0.00003780, 0.00004515, 0.00005062, 0.00005466, 0.00005748, 0.00005929, 0.00006025, 0.00006052, 0.00006023, 0.00005951, 0.00005847, 0.00005707, 0.00005550, 0.00005363, 0.00005163, 0.00004958, 0.00004749, 0.00004535
-119.39674253, -56.68282992, -10.46175794, -1.75546783, -0.76662154, -0.73492594, -0.63960330, -0.46863633, -0.30099130, -0.19261787, -0.12622662, -0.08844098, -0.06381695, -0.04479555, -0.03085879, -0.02171189, -0.01641073, -0.01162198, -0.00766275, -0.00502738, -0.00343918, -0.00346625, -0.00256550, -0.00102217, -0.00071272, -0.00116226, -0.00079420, -0.00029959, -0.00037250, -0.00008213, 0.00007414, -0.00035755, 0.00013867, -0.00001436, 0.00005261, 0.00017705, -0.00014736, 0.00013668, -0.00003390, 0.00018571, -0.00008639, 0.00005323, -0.00000050, 0.00019081, 0.00012581, 0.00010091, -0.00000773, 0.00018178, 0.00007571, 0.00014144, -0.00001212, 0.00007137, 0.00002069, 0.00014625, 0.00001355, 0.00011191, -0.00000261, 0.00010373, 0.00005981, 0.00010982, 0.00001688, 0.00003940
-0.43958967, -0.42688567, -0.39169817, -0.34447653, -0.29480938, -0.24833748, -0.20710843, -0.17133662, -0.14063670, -0.11455117, -0.09268260, -0.07456711, -0.05971871, -0.04765577, -0.03791521, -0.03009175, -0.02383194, -0.01884216, -0.01487574, -0.01173133, -0.00924359, -0.00727805, -0.00572616, -0.00450360, -0.00354070, -0.00278163, -0.00218256, -0.00171160, -0.00134057, -0.00104759, -0.00081585, -0.00063290, -0.00048820, -0.00037343, -0.00028223, -0.00020931, -0.00015139, -0.00010525, -0.00006853, -0.00003930, -0.00001579, 0.00000300, 0.00001787, 0.00002951, 0.00003854, 0.00004578, 0.00005115, 0.00005511, 0.00005787, 0.00005962, 0.00006053, 0.00006076, 0.00006044, 0.00005969, 0.00005862, 0.00005721, 0.00005561, 0.00005372, 0.00005171, 0.00004964, 0.00004754, 0.00004540
-0.28236744, -0.27671642, -0.26051232, -0.23722038, -0.21057923, -0.18347285, -0.15763945, -0.13395212, -0.11275045, -0.09410603, -0.07798510, -0.06423080, -0.05263413, -0.04295311, -0.03493074, -0.02832790, -0.02291936, -0.01850793, -0.01492225, -0.01201660, -0.00966741, -0.00777139, -0.00624263, -0.00501261, -0.00402347, -0.00322760, -0.00258675, -0.00207234, -0.00165880, -0.00132584, -0.00105741, -0.00084131, -0.00066711, -0.00052642, -0.00041265, -0.00032025, -0.00024560, -0.00018514, -0.00013621, -0.00009661, -0.00006436, -0.00003821, -0.00001712, -0.00000022, 0.00001327, 0.00002422, 0.00003273, 0.00003934, 0.00004434, 0.00004801, 0.00005055, 0.00005218, 0.00005305, 0.00005333, 0.00005314, 0.00005250, 0.00005159, 0.00005030, 0.00004882, 0.00004720, 0.00004550, 0.00004370
-6.29961348, -5.13703183, -2.99702850, -1.58330305, -0.93311890, -0.64511589, -0.48176756, -0.36088566, -0.26467522, -0.19077773, -0.13675579, -0.09832182, -0.07105319, -0.05150328, -0.03732437, -0.02700909, -0.01952000, -0.01411032, -0.01021346, -0.00740617, -0.00538077, -0.00391511, -0.00285129, -0.00208114, -0.00152269, -0.00111522, -0.00081579, -0.00059781, -0.00043742, -0.00031772, -0.00022739, -0.00015979, -0.00010835, -0.00006872, -0.00003770, -0.00001282, 0.00000678, 0.00002246, 0.00003481, 0.00004467, 0.00005292, 0.00005969, 0.00006493, 0.00006881, 0.00007156, 0.00007382, 0.00007516, 0.00007586, 0.00007586, 0.00007529, 0.00007418, 0.00007269, 0.00007086, 0.00006883, 0.00006661, 0.00006414, 0.00006153, 0.00005872, 0.00005587, 0.00005307, 0.00005031, 0.00004756
-0.03357955, -0.03340091, -0.03286516, -0.03199419, -0.03082667, -0.02941231, -0.02780390, -0.02605904, -0.02422887, -0.02235904, -0.02049616, -0.01867301, -0.01691805, -0.01525171, -0.01368848, -0.01223738, -0.01090198, -0.00968267, -0.00857657, -0.00757946, -0.00668487, -0.00588584, -0.00517464, -0.00454393, -0.00398601, -0.00349346, -0.00305911, -0.00267738, -0.00234205, -0.00204773, -0.00178956, -0.00156332, -0.00136512, -0.00119150, -0.00103942, -0.00090601, -0.00078935, -0.00068721, -0.00059775, -0.00051941, -0.00045076, -0.00039061, -0.00033792, -0.00029177, -0.00025136, -0.00021582, -0.00018483, -0.00015771, -0.00013400, -0.00011329, -0.00009522, -0.00007946, -0.00006574, -0.00005381, -0.00004344, -0.00003446, -0.00002661, -0.00001992, -0.00001416, -0.00000923, -0.00000501, -0.00000142
-0.13245241, -0.13092261, -0.12639411, -0.11938937, -0.11061111, -0.10077026, -0.09048955, -0.08026866, -0.07045446, -0.06127133, -0.05287233, -0.04531723, -0.03861862, -0.03275061, -0.02765977, -0.02328106, -0.01953940, -0.01636052, -0.01367209, -0.01140772, -0.00950677, -0.00791465, -0.00658363, -0.00547355, -0.00454867, -0.00377824, -0.00313639, -0.00260304, -0.00215948, -0.00179033, -0.00148293, -0.00122713, -0.00101414, -0.00083659, -0.00068848, -0.00056459, -0.00046133, -0.00037512, -0.00030313, -0.00024301, -0.00019269, -0.00015061, -0.00011551, -0.00008630, -0.00006201, -0.00004165, -0.00002491, -0.00001112, 0.00000018, 0.00000935, 0.00001673, 0.00002259, 0.00002719, 0.00003072, 0.00003338, 0.00003527, 0.00003659, 0.00003728, 0.00003755, 0.00003747, 0.00003711, 0.00003651
-0.77021983, -0.69934004, -0.53642288, -0.38069185, -0.27169007, -0.20192441, -0.15461418, -0.11922996, -0.09133655, -0.06930099, -0.05222865, -0.03923433, -0.02943472, -0.02206547, -0.01651852, -0.01234637, -0.00921281, -0.00686646, -0.00511401, -0.00380766, -0.00283488, -0.00211036, -0.00157042, -0.00116920, -0.00087067, -0.00064786, -0.00048114, -0.00035725, -0.00026455, -0.00019470, -0.00014181, -0.00010193, -0.00007162, -0.00004837, -0.00003040, -0.00001627, -0.00000531, 0.00000325, 0.00000991, 0.00001515, 0.00001940, 0.00002276, 0.00002533, 0.00002721, 0.00002858, 0.00002968, 0.00003033, 0.00003066, 0.00003071, 0.00003050, 0.00003007, 0.00002947, 0.00002875, 0.00002792, 0.00002703, 0.00002601, 0.00002497, 0.00002384, 0.00002270, 0.00002158, 0.00002047, 0.00001936
-0.31534469, -0.30070097, -0.26252798, -0.21677295, -0.17480936, -0.14037674, -0.11279431, -0.09043108, -0.07208051, -0.05703459, -0.04483792, -0.03507374, -0.02733416, -0.02124403, -0.01647056, -0.01274324, -0.00984047, -0.00758691, -0.00584194, -0.00449376, -0.00345424, -0.00265334, -0.00203652, -0.00156271, -0.00119862, -0.00091841, -0.00070249, -0.00053695, -0.00040957, -0.00031119, -0.00023505, -0.00017629, -0.00013077, -0.00009536, -0.00006770, -0.00004590, -0.00002889, -0.00001555, -0.00000512, 0.00000308, 0.00000962, 0.00001477, 0.00001876, 0.00002177, 0.00002404, 0.00002583, 0.00002703, 0.00002782, 0.00002824, 0.00002835, 0.00002819, 0.00002783, 0.00002731, 0.00002666, 0.00002592, 0.00002506, 0.00002416, 0.00002316, 0.00002214, 0.00002112, 0.00002011, 0.00001908
-2.06656237, -1.72518849, -1.06742868, -0.59993512, -0.36678892, -0.25594332, -0.19130803, -0.14385805, -0.10633164, -0.07737498, -0.05596536, -0.04053519, -0.02946392, -0.02146439, -0.01563112, -0.01136727, -0.00825501, -0.00599397, -0.00435558, -0.00316907, -0.00230909, -0.00168423, -0.00122915, -0.00089872, -0.00065820, -0.00048217, -0.00035266, -0.00025825, -0.00018862, -0.00013662, -0.00009746, -0.00006818, -0.00004594, -0.00002884, -0.00001551, -0.00000485, 0.00000349, 0.00001010, 0.00001527, 0.00001941, 0.00002285, 0.00002562, 0.00002773, 0.00002925, 0.00003034, 0.00003123, 0.00003172, 0.00003192, 0.00003184, 0.00003152, 0.00003099, 0.00003031, 0.00002949, 0.00002859, 0.00002762, 0.00002653, 0.00002541, 0.00002421, 0.00002300, 0.00002182, 0.00002065, 0.00001949
-0.45683450, -0.42817150, -0.35698384, -0.27888049, -0.21447956, -0.16662937, -0.13091226, -0.10306994, -0.08072098, -0.06272538, -0.04842496, -0.03721824, -0.02852220, -0.02181367, -0.01664955, -0.01268457, -0.00964630, -0.00732514, -0.00555634, -0.00421118, -0.00319006, -0.00241525, -0.00182736, -0.00138252, -0.00104570, -0.00079014, -0.00059590, -0.00044912, -0.00033769, -0.00025267, -0.00018760, -0.00013797, -0.00009992, -0.00007057, -0.00004781, -0.00002994, -0.00001607, -0.00000524, 0.00000318, 0.00000978, 0.00001507, 0.00001923, 0.00002243, 0.00002480, 0.00002656, 0.00002795, 0.00002884, 0.00002937, 0.00002957, 0.00002950, 0.00002919, 0.00002870, 0.00002806, 0.00002732, 0.00002649, 0.00002555, 0.00002458, 0.00002351, 0.00002243, 0.00002136, 0.00002030, 0.00001923
-0.21063909, -0.20370314, -0.18478441, -0.16009973, -0.13501535, -0.11231492, -0.09270865, -0.07601772, -0.06188267, -0.04999938, -0.04013302, -0.03203733, -0.02546285, -0.02016955, -0.01593029, -0.01255266, -0.00987070, -0.00774853, -0.00607411, -0.00475615, -0.00372101, -0.00290890, -0.00227219, -0.00177421, -0.00138470, -0.00107972, -0.00084070, -0.00065416, -0.00050818, -0.00039365, -0.00030366, -0.00023311, -0.00017765, -0.00013394, -0.00009940, -0.00007191, -0.00005022, -0.00003305, -0.00001948, -0.00000872, -0.00000010, 0.00000673, 0.00001208, 0.00001621, 0.00001939, 0.00002192, 0.00002373, 0.00002501, 0.00002584, 0.00002629, 0.00002643, 0.00002632, 0.00002601, 0.00002554, 0.00002495, 0.00002423, 0.00002346, 0.00002257, 0.00002165, 0.00002072, 0.00001978, 0.00001882
-0.14770885, -0.14411168, -0.13398040, -0.11991076, -0.10448989, -0.08945803, -0.07565421, -0.06336441, -0.05261436, -0.04333837, -0.03545226, -0.02883186, -0.02333445, -0.01881230, -0.01511725, -0.01211661, -0.00968957, -0.00773461, -0.00616484, -0.00490771, -0.00390336, -0.00310202, -0.00246326, -0.00195526, -0.00155130, -0.00122985, -0.00097388, -0.00077078, -0.00060929, -0.00048064, -0.00037803, -0.00029634, -0.00023118, -0.00017909, -0.00013739, -0.00010382, -0.00007699, -0.00005548, -0.00003826, -0.00002445, -0.00001331, -0.00000437, 0.00000274, 0.00000835, 0.00001275, 0.00001629, 0.00001895, 0.00002093, 0.00002236, 0.00002332, 0.00002388, 0.00002413, 0.00002413, 0.00002393, 0.00002357, 0.00002305, 0.00002245, 0.00002172, 0.00002094, 0.00002012, 0.00001928, 0.00001842
-0.06094289, -0.06018455, -0.05795058, -0.05451889, -0.05026195, -0.04554159, -0.04066299, -0.03586238, -0.03129648, -0.02706149, -0.02321908, -0.01978934, -0.01677013, -0.01414382, -0.01188043, -0.00994627, -0.00830356, -0.00691625, -0.00574975, -0.00477280, -0.00395713, -0.00327764, -0.00271255, -0.00224373, -0.00185508, -0.00153295, -0.00126591, -0.00104514, -0.00086240, -0.00071105, -0.00058561, -0.00048175, -0.00039566, -0.00032424, -0.00026494, -0.00021554, -0.00017459, -0.00014056, -0.00011229, -0.00008879, -0.00006921, -0.00005293, -0.00003943, -0.00002826, -0.00001904, -0.00001134, -0.00000508, 0.00000003, 0.00000417, 0.00000748, 0.00001011, 0.00001215, 0.00001370, 0.00001486, 0.00001569, 0.00001621, 0.00001654, 0.00001663, 0.00001656, 0.00001637, 0.00001608, 0.00001571
-0.11546021, -0.11392287, -0.10938766, -0.10249944, -0.09404359, -0.08477951, -0.07532119, -0.06611012, -0.05742623, -0.04943368, -0.04223261, -0.03584268, -0.03025106, -0.02541205, -0.02126319, -0.01773376, -0.01474983, -0.01224002, -0.01013853, -0.00838540, -0.00692702, -0.00571682, -0.00471413, -0.00388495, -0.00320028, -0.00263491, -0.00216782, -0.00178292, -0.00146560, -0.00120378, -0.00098754, -0.00080906, -0.00066171, -0.00053992, -0.00043916, -0.00035555, -0.00028644, -0.00022920, -0.00018180, -0.00014257, -0.00011001, -0.00008300, -0.00006065, -0.00004221, -0.00002706, -0.00001448, -0.00000426, 0.00000406, 0.00001076, 0.00001611, 0.00002031, 0.00002355, 0.00002598, 0.00002775, 0.00002899, 0.00002975, 0.00003018, 0.00003021, 0.00002997, 0.00002953, 0.00002894, 0.00002822
-0.07982591, -0.07899612, -0.07652161, -0.07266617, -0.06777349, -0.06221426, -0.05632765, -0.05039454, -0.04462072, -0.03914897, -0.03408402, -0.02947314, -0.02533927, -0.02167731, -0.01846642, -0.01567554, -0.01326684, -0.01120028, -0.00943604, -0.00793632, -0.00666581, -0.00559259, -0.00468772, -0.00392658, -0.00328737, -0.00275081, -0.00230031, -0.00192301, -0.00160698, -0.00134211, -0.00112000, -0.00093384, -0.00077779, -0.00064686, -0.00053694, -0.00044441, -0.00036680, -0.00030158, -0.00024677, -0.00020072, -0.00016196, -0.00012934, -0.00010192, -0.00007892, -0.00005968, -0.00004345, -0.00002997, -0.00001875, -0.00000946, -0.00000181, 0.00000443, 0.00000950, 0.00001356, 0.00001678, 0.00001929, 0.00002120, 0.00002265, 0.00002359, 0.00002417, 0.00002445, 0.00002450, 0.00002435
-2.11712660, -1.85196720, -1.28819998, -0.81858469, -0.54044053, -0.38814047, -0.29373512, -0.22436481, -0.16948861, -0.12640220, -0.09363538, -0.06927152, -0.05130163, -0.03801845, -0.02815238, -0.02081311, -0.01536378, -0.01133147, -0.00835645, -0.00616418, -0.00454923, -0.00335871, -0.00247972, -0.00183178, -0.00135455, -0.00100161, -0.00073921, -0.00054542, -0.00040176, -0.00029425, -0.00021303, -0.00015186, -0.00010563, -0.00007023, -0.00004285, -0.00002127, -0.00000442, 0.00000886, 0.00001929, 0.00002741, 0.00003404, 0.00003943, 0.00004366, 0.00004683, 0.00004907, 0.00005086, 0.00005200, 0.00005265, 0.00005283, 0.00005258, 0.00005196, 0.00005103, 0.00004985, 0.00004850, 0.00004702, 0.00004542, 0.00004370, 0.00004180, 0.00003986, 0.00003792, 0.00003601, 0.00003413
-3.17299998, -2.67653422, -1.69575187, -0.97308109, -0.60149638, -0.42223349, -0.31762195, -0.24064331, -0.17927913, -0.13147894, -0.09582021, -0.06989939, -0.05116190, -0.03752026, -0.02750317, -0.02012747, -0.01470867, -0.01074419, -0.00785284, -0.00574522, -0.00420783, -0.00308445, -0.00226185, -0.00166034, -0.00122083, -0.00089807, -0.00065947, -0.00048436, -0.00035524, -0.00025890, -0.00018621, -0.00013158, -0.00009030, -0.00005864, -0.00003407, -0.00001459, 0.00000069, 0.00001282, 0.00002238, 0.00002986, 0.00003601, 0.00004106, 0.00004503, 0.00004801, 0.00005009, 0.00005176, 0.00005281, 0.00005340, 0.00005350, 0.00005320, 0.00005252, 0.00005154, 0.00005031, 0.00004891, 0.00004739, 0.00004575, 0.00004399, 0.00004205, 0.00004006, 0.00003808, 0.00003614, 0.00003423
-0.35946320, -0.34748635, -0.31484578, -0.27245551, -0.22959980, -0.19102345, -0.15783803, -0.12962394, -0.10571042, -0.08557100, -0.06881926, -0.05504363, -0.04383806, -0.03479597, -0.02754052, -0.02174603, -0.01713551, -0.01347864, -0.01058726, -0.00830639, -0.00651099, -0.00509970, -0.00399105, -0.00312164, -0.00244067, -0.00190670, -0.00148736, -0.00115925, -0.00090232, -0.00070059, -0.00054182, -0.00041705, -0.00031894, -0.00024156, -0.00018038, -0.00013170, -0.00009321, -0.00006266, -0.00003845, -0.00001931, -0.00000401, 0.00000822, 0.00001788, 0.00002541, 0.00003118, 0.00003576, 0.00003914, 0.00004160, 0.00004328, 0.00004428, 0.00004473, 0.00004472, 0.00004434, 0.00004368, 0.00004280, 0.00004173, 0.00004053, 0.00003911, 0.00003760, 0.00003605, 0.00003449, 0.00003291
-0.75328424, -0.70667761, -0.59051933, -0.46255275, -0.35671686, -0.27802296, -0.21927213, -0.17336783, -0.13636040, -0.10641170, -0.08250126, -0.06367534, -0.04900724, -0.03764041, -0.02885213, -0.02207386, -0.01685693, -0.01285367, -0.00978960, -0.00744966, -0.00566549, -0.00430631, -0.00327085, -0.00248345, -0.00188534, -0.00143010, -0.00108266, -0.00081886, -0.00061819, -0.00046484, -0.00034710, -0.00025691, -0.00018773, -0.00013432, -0.00009288, -0.00006038, -0.00003508, -0.00001526, 0.00000022, 0.00001228, 0.00002188, 0.00002954, 0.00003552, 0.00004006, 0.00004338, 0.00004601, 0.00004780, 0.00004898, 0.00004958, 0.00004970, 0.00004940, 0.00004875, 0.00004783, 0.00004670, 0.00004542, 0.00004400, 0.00004248, 0.00004076, 0.00003899, 0.00003721, 0.00003544, 0.00003368
-0.37745245, -0.36433260, -0.32876052, -0.28300366, -0.23728447, -0.19659608, -0.16190831, -0.13259727, -0.10785543, -0.08708547, -0.06986067, -0.05573843, -0.04428538, -0.03506955, -0.02769411, -0.02181844, -0.01715456, -0.01346394, -0.01055262, -0.00826121, -0.00646158, -0.00505010, -0.00394370, -0.00307797, -0.00240137, -0.00187193, -0.00145703, -0.00113309, -0.00087997, -0.00068163, -0.00052581, -0.00040361, -0.00030771, -0.00023221, -0.00017260, -0.00012525, -0.00008786, -0.00005823, -0.00003478, -0.00001627, -0.00000148, 0.00001032, 0.00001963, 0.00002688, 0.00003240, 0.00003680, 0.00004002, 0.00004235, 0.00004391, 0.00004482, 0.00004519, 0.00004512, 0.00004468, 0.00004397, 0.00004305, 0.00004195, 0.00004072, 0.00003927, 0.00003774, 0.00003616, 0.00003458, 0.00003299
-0.74206791, -0.69669343, -0.58337570, -0.45807767, -0.35398352, -0.27625944, -0.21806412, -0.17252746, -0.13578973, -0.10604075, -0.08227185, -0.06354158, -0.04893579, -0.03760850, -0.02884481, -0.02208117, -0.01687234, -0.01287282, -0.00980976, -0.00746928, -0.00568344, -0.00432229, -0.00328474, -0.00249531, -0.00189533, -0.00143841, -0.00108952, -0.00082447, -0.00062275, -0.00046853, -0.00035007, -0.00025930, -0.00018963, -0.00013584, -0.00009409, -0.00006134, -0.00003585, -0.00001588, -0.00000027, 0.00001188, 0.00002157, 0.00002928, 0.00003531, 0.00003988, 0.00004324, 0.00004589, 0.00004770, 0.00004889, 0.00004950, 0.00004963, 0.00004934, 0.00004870, 0.00004779, 0.00004666, 0.00004539, 0.00004397, 0.00004246, 0.00004074, 0.00003897, 0.00003719, 0.00003543, 0.00003367
-1.06956320, -0.98347293, -0.77931686, -0.57363527, -0.42096160, -0.31829508, -0.24659125, -0.19222840, -0.14896985, -0.11441150, -0.08728334, -0.06633689, -0.05032738, -0.03813368, -0.02884893, -0.02178689, -0.01642494, -0.01236599, -0.00930149, -0.00699229, -0.00525462, -0.00394759, -0.00296408, -0.00222526, -0.00167087, -0.00125379, -0.00093889, -0.00070250, -0.00052464, -0.00038999, -0.00028742, -0.00020951, -0.00015018, -0.00010464, -0.00006944, -0.00004186, -0.00002042, -0.00000364, 0.00000947, 0.00001965, 0.00002782, 0.00003437, 0.00003948, 0.00004333, 0.00004611, 0.00004831, 0.00004977, 0.00005068, 0.00005107, 0.00005100, 0.00005054, 0.00004976, 0.00004872, 0.00004748, 0.00004611, 0.00004461, 0.00004301, 0.00004121, 0.00003936, 0.00003751, 0.00003569, 0.00003388
-2.36395507, -2.02069572, -1.32591146, -0.79185552, -0.50229044, -0.35498032, -0.26670637, -0.20201539, -0.15087696, -0.11108628, -0.08126058, -0.05943880, -0.04357611, -0.03199172, -0.02347162, -0.01719452, -0.01257678, -0.00919333, -0.00672133, -0.00491716, -0.00360010, -0.00263706, -0.00193163, -0.00141630, -0.00103942, -0.00076249, -0.00055796, -0.00040826, -0.00029775, -0.00021531, -0.00015324, -0.00010682, -0.00007176, -0.00004492, -0.00002415, -0.00000770, 0.00000511, 0.00001518, 0.00002304, 0.00002920, 0.00003428, 0.00003836, 0.00004147, 0.00004372, 0.00004528, 0.00004653, 0.00004722, 0.00004749, 0.00004736, 0.00004689, 0.00004611, 0.00004509, 0.00004389, 0.00004255, 0.00004113, 0.00003955, 0.00003791, 0.00003614, 0.00003436, 0.00003261, 0.00003089, 0.00002918
-0.25926755, -0.25186496, -0.23134432, -0.20375884, -0.17468544, -0.14742392, -0.12318533, -0.10210837, -0.08397816, -0.06853673, -0.05556152, -0.04478815, -0.03593779, -0.02873157, -0.02289999, -0.01820615, -0.01444263, -0.01143658, -0.00904235, -0.00714072, -0.00563347, -0.00444053, -0.00349709, -0.00275265, -0.00216547, -0.00170195, -0.00133566, -0.00104738, -0.00082005, -0.00064040, -0.00049821, -0.00038590, -0.00029704, -0.00022657, -0.00017058, -0.00012583, -0.00009032, -0.00006207, -0.00003961, -0.00002178, -0.00000747, 0.00000393, 0.00001292, 0.00001993, 0.00002534, 0.00002965, 0.00003281, 0.00003511, 0.00003667, 0.00003762, 0.00003807, 0.00003810, 0.00003780, 0.00003725, 0.00003650, 0.00003555, 0.00003451, 0.00003328, 0.00003198, 0.00003066, 0.00002932, 0.00002795
-78.99920442, -36.68701522, -6.43782025, -0.98560397, -0.42699586, -0.43660710, -0.38822118, -0.28539538, -0.18183819, -0.11596657, -0.07593151, -0.05353985, -0.03889929, -0.02730203, -0.01874833, -0.01321063, -0.01012561, -0.00718314, -0.00467844, -0.00302013, -0.00204333, -0.00218134, -0.00161842, -0.00056830, -0.00038787, -0.00074210, -0.00050062, -0.00016141, -0.00022619, -0.00002703, 0.00007827, -0.00023816, 0.00011396, 0.00000046, 0.00004541, 0.00013258, -0.00010311, 0.00009938, -0.00002480, 0.00013188, -0.00006486, 0.00003447, -0.00000489, 0.00013198, 0.00008487, 0.00006641, -0.00001199, 0.00012394, 0.00004759, 0.00009472, -0.00001568, 0.00004434, 0.00000799, 0.00009840, 0.00000312, 0.00007405, -0.00000812, 0.00006861, 0.00003724, 0.00007350, 0.00000686, 0.00002335
-5.35054095, -4.19185792, -2.21328018, -1.05245254, -0.58548393, -0.40251733, -0.30264953, -0.22644063, -0.16454633, -0.11716653, -0.08308241, -0.05927851, -0.04262420, -0.03077342, -0.02220889, -0.01599707, -0.01150717, -0.00828149, -0.00597102, -0.00431476, -0.00312434, -0.00226566, -0.00164378, -0.00119469, -0.00087028, -0.00063438, -0.00046120, -0.00033550, -0.00024336, -0.00017463, -0.00012284, -0.00008431, -0.00005487, -0.00003235, -0.00001471, -0.00000053, 0.00001051, 0.00001943, 0.00002633, 0.00003188, 0.00003641, 0.00004020, 0.00004304, 0.00004515, 0.00004652, 0.00004766, 0.00004822, 0.00004847, 0.00004824, 0.00004772, 0.00004682, 0.00004577, 0.00004448, 0.00004312, 0.00004160, 0.00003999, 0.00003826, 0.00003646, 0.00003461, 0.00003282, 0.00003103, 0.00002928
-0.22156795, -0.21603355, -0.20048033, -0.17900810, -0.15563048, -0.13299421, -0.11232146, -0.09398342, -0.07797776, -0.06418533, -0.05247218, -0.04264690, -0.03449571, -0.02779494, -0.02232340, -0.01788240, -0.01429215, -0.01140143, -0.00908142, -0.00722430, -0.00574130, -0.00455873, -0.00361658, -0.00286764, -0.00227259, -0.00179944, -0.00142291, -0.00112438, -0.00088727, -0.00069862, -0.00054828, -0.00042871, -0.00033348, -0.00025747, -0.00019671, -0.00014787, -0.00010890, -0.00007770, -0.00005276, -0.00003283, -0.00001677, -0.00000391, 0.00000631, 0.00001435, 0.00002062, 0.00002564, 0.00002940, 0.00003220, 0.00003419, 0.00003550, 0.00003625, 0.00003654, 0.00003646, 0.00003610, 0.00003551, 0.00003471, 0.00003379, 0.00003267, 0.00003147, 0.00003023, 0.00002896, 0.00002766
-0.18523782, -0.18125179, -0.16989570, -0.15378454, -0.13564882, -0.11749079, -0.10042335, -0.08494096, -0.07119418, -0.05918145, -0.04885056, -0.04008055, -0.03272107, -0.02660449, -0.02155733, -0.01741970, -0.01404303, -0.01129892, -0.00907641, -0.00728178, -0.00583590, -0.00467303, -0.00373866, -0.00298957, -0.00238935, -0.00190814, -0.00152205, -0.00121335, -0.00096615, -0.00076787, -0.00060865, -0.00048099, -0.00037851, -0.00029610, -0.00022974, -0.00017605, -0.00013289, -0.00009809, -0.00007008, -0.00004752, -0.00002925, -0.00001451, -0.00000270, 0.00000668, 0.00001409, 0.00002007, 0.00002463, 0.00002812, 0.00003069, 0.00003249, 0.00003366, 0.00003432, 0.00003455, 0.00003446, 0.00003410, 0.00003350, 0.00003275, 0.00003179, 0.00003073, 0.00002960, 0.00002844, 0.00002723
-0.64060218, -0.60146382, -0.50376847, -0.39569860, -0.30578290, -0.23847425, -0.18797507, -0.14846340, -0.11664095, -0.09092681, -0.07042030, -0.05429124, -0.04173243, -0.03201119, -0.02450285, -0.01872008, -0.01427468, -0.01086842, -0.00826458, -0.00627884, -0.00476696, -0.00361668, -0.00274155, -0.00207750, -0.00157361, -0.00119050, -0.00089861, -0.00067757, -0.00050955, -0.00038125, -0.00028293, -0.00020786, -0.00015032, -0.00010596, -0.00007161, -0.00004468, -0.00002380, -0.00000753, 0.00000512, 0.00001495, 0.00002281, 0.00002899, 0.00003373, 0.00003726, 0.00003982, 0.00004184, 0.00004313, 0.00004389, 0.00004417, 0.00004406, 0.00004359, 0.00004285, 0.00004190, 0.00004078, 0.00003956, 0.00003818, 0.00003674, 0.00003516, 0.00003355, 0.00003195, 0.00003038, 0.00002880
-5.04001566, -3.97715099, -2.13717456, -1.03472880, -0.58108897, -0.39978028, -0.30032163, -0.22484566, -0.16371283, -0.11685676, -0.08304209, -0.05934487, -0.04271996, -0.03087193, -0.02230160, -0.01608031, -0.01157873, -0.00834066, -0.00601841, -0.00435189, -0.00315303, -0.00228758, -0.00166048, -0.00120739, -0.00087983, -0.00064147, -0.00046649, -0.00033944, -0.00024626, -0.00017678, -0.00012444, -0.00008546, -0.00005574, -0.00003299, -0.00001519, -0.00000090, 0.00001024, 0.00001921, 0.00002617, 0.00003174, 0.00003631, 0.00004010, 0.00004296, 0.00004507, 0.00004645, 0.00004759, 0.00004816, 0.00004841, 0.00004819, 0.00004767, 0.00004679, 0.00004573, 0.00004444, 0.00004308, 0.00004158, 0.00003997, 0.00003824, 0.00003644, 0.00003459, 0.00003281, 0.00003103, 0.00002928
0.42780842, 0.40165859, 0.33650375, 0.26429509, 0.20371933, 0.15779054, 0.12306328, 0.09598985, 0.07445680, 0.05732108, 0.04384065, 0.03337928, 0.02533418, 0.01918702, 0.01450271, 0.01094343, 0.00824432, 0.00620352, 0.00466373, 0.00350430, 0.00263285, 0.00197744, 0.00148530, 0.00111624, 0.00083875, 0.00062967, 0.00047262, 0.00035449, 0.00026508, 0.00019713, 0.00014561, 0.00010635, 0.00007624, 0.00005299, 0.00003491, 0.00002070, 0.00000971, 0.00000117, -0.00000558, -0.00001099, -0.00001525, -0.00001853, -0.00002099, -0.00002289, -0.00002431, -0.00002537, -0.00002599, -0.00002629, -0.00002632, -0.00002612, -0.00002574, -0.00002522, -0.00002460, -0.00002385, -0.00002299, -0.00002208, -0.00002117, -0.00002021, -0.00001926, -0.00001829, -0.00001732, -0.00001638
0.20468340, 0.19785597, 0.17924195, 0.15489937, 0.13010191, 0.10760303, 0.08817003, 0.07168895, 0.05783979, 0.04631122, 0.03682942, 0.02912966, 0.02293733, 0.01800132, 0.01408756, 0.01100044, 0.00857348, 0.00667208, 0.00518618, 0.00402767, 0.00312629, 0.00242515, 0.00188067, 0.00145845, 0.00113055, 0.00087564, 0.00067787, 0.00052439, 0.00040486, 0.00031158, 0.00023890, 0.00018213, 0.00013764, 0.00010267, 0.00007508, 0.00005319, 0.00003600, 0.00002245, 0.00001170, 0.00000312, -0.00000369, -0.00000901, -0.00001312, -0.00001634, -0.00001882, -0.00002073, -0.00002205, -0.00002293, -0.00002344, -0.00002364, -0.00002361, -0.00002338, -0.00002301, -0.00002248, -0.00002183, -0.00002109, -0.00002035, -0.00001953, -0.00001870, -0.00001784, -0.00001698, -0.00001613
1099.00002992, 119.06592406, 11.88300474, -2.24908812, -2.10894269, -0.79039139, 0.30077444, 0.69951967, -0.20135064, -0.15531888, -0.18021782, 0.00884106, 0.11491456, 0.01447884, -0.06924597, -0.04270453, 0.08818320, 0.07380708, -0.00669759, -0.05097470, -0.05847245, 0.05530924, 0.04947751, -0.04438177, -0.03815084, 0.03333009, 0.02097990, -0.01230052, 0.00547562, -0.01343917, -0.02391307, 0.02368929, -0.01953093, -0.00313876, -0.00642339, -0.01782150, 0.01621520, -0.01011036, 0.00739996, -0.01306192, 0.01355876, 0.00130700, 0.00655570, -0.01115581, -0.00538246, -0.00220244, 0.00806376, -0.00964859, 0.00007236, -0.00609461, 0.00833175, 0.00045302, 0.00498676, -0.00729625, 0.00518282, -0.00457570, 0.00634793, -0.00430722, -0.00021862, -0.00559235, 0.00334161, 0.00070713
0.14734954, 0.14359922, 0.13307246, 0.11849175, 0.10258970, 0.08716896, 0.07309668, 0.06066280, 0.04989185, 0.04069898, 0.03296417, 0.02654483, 0.02127164, 0.01698167, 0.01351433, 0.01072860, 0.00849935, 0.00672269, 0.00531039, 0.00419083, 0.00330522, 0.00260504, 0.00205245, 0.00161693, 0.00127332, 0.00100204, 0.00078820, 0.00061964, 0.00048641, 0.00038093, 0.00029753, 0.00023147, 0.00017901, 0.00013726, 0.00010396, 0.00007727, 0.00005605, 0.00003914, 0.00002560, 0.00001471, 0.00000601, -0.00000090, -0.00000633, -0.00001062, -0.00001399, -0.00001665, -0.00001858, -0.00001998, -0.00002092, -0.00002150, -0.00002177, -0.00002181, -0.00002166, -0.00002133, -0.00002085, -0.00002027, -0.00001965, -0.00001895, -0.00001822, -0.00001745, -0.00001667, -0.00001588
0.04923788, 0.04866607, 0.04698622, 0.04437057, 0.04109089, 0.03740570, 0.03354718, 0.02970556, 0.02601911, 0.02257551, 0.01942942, 0.01660804, 0.01411270, 0.01193387, 0.01004955, 0.00843435, 0.00705885, 0.00589435, 0.00491281, 0.00408889, 0.00339952, 0.00282380, 0.00234412, 0.00194521, 0.00161358, 0.00133792, 0.00110904, 0.00091917, 0.00076145, 0.00063039, 0.00052151, 0.00043101, 0.00035570, 0.00029299, 0.00024070, 0.00019699, 0.00016062, 0.00013030, 0.00010497, 0.00008379, 0.00006611, 0.00005137, 0.00003911, 0.00002889, 0.00002039, 0.00001330, 0.00000750, 0.00000274, -0.00000113, -0.00000426, -0.00000677, -0.00000874, -0.00001028, -0.00001144, -0.00001228, -0.00001285, -0.00001325, -0.00001344, -0.00001348, -0.00001341, -0.00001323, -0.00001298
1.53856318, 1.31408247, 0.86584899, 0.52440589, 0.33600396, 0.23579969, 0.17398344, 0.12928099, 0.09497730, 0.06893015, 0.04970900, 0.03582339, 0.02585415, 0.01868417, 0.01349915, 0.00974406, 0.00702638, 0.00506659, 0.00365595, 0.00264173, 0.00191249, 0.00138634, 0.00100690, 0.00073339, 0.00053508, 0.00039052, 0.00028560, 0.00020906, 0.00015244, 0.00011011, 0.00007859, 0.00005484, 0.00003665, 0.00002254, 0.00001142, 0.00000250, -0.00000446, -0.00000993, -0.00001436, -0.00001805, -0.00002100, -0.00002328, -0.00002494, -0.00002624, -0.00002721, -0.00002791, -0.00002822, -0.00002828, -0.00002808, -0.00002769, -0.00002713, -0.00002646, -0.00002570, -0.00002482, -0.00002382, -0.00002278, -0.00002175, -0.00002069, -0.00001963, -0.00001857, -0.00001752, -0.00001650
1.44518323, 1.24179171, 0.83047460, 0.51066776, 0.33029194, 0.23264897, 0.17192419, 0.12796860, 0.09423344, 0.06857341, 0.04958086, 0.03581333, 0.02589866, 0.01874993, 0.01356951, 0.00981119, 0.00708642, 0.00511784, 0.00369824, 0.00267577, 0.00193942, 0.00140737, 0.00102316, 0.00074586, 0.00054457, 0.00039770, 0.00029099, 0.00021310, 0.00015545, 0.00011235, 0.00008025, 0.00005607, 0.00003757, 0.00002323, 0.00001193, 0.00000290, -0.00000416, -0.00000970, -0.00001418, -0.00001790, -0.00002088, -0.00002317, -0.00002485, -0.00002616, -0.00002713, -0.00002784, -0.00002816, -0.00002822, -0.00002803, -0.00002764, -0.00002709, -0.00002643, -0.00002567, -0.00002479, -0.00002380, -0.00002275, -0.00002173, -0.00002067, -0.00001962, -0.00001856, -0.00001752, -0.00001650
1046.94668189, 117.38395817, 11.15496677, -2.13762196, -1.95593179, -0.71136563, 0.30145256, 0.66501039, -0.18132908, -0.14062777, -0.16507454, 0.01041135, 0.10859945, 0.01440936, -0.06396405, -0.03933959, 0.08266892, 0.06906923, -0.00611929, -0.04746957, -0.05444259, 0.05169911, 0.04619704, -0.04142063, -0.03557439, 0.03114369, 0.01958440, -0.01147549, 0.00511867, -0.01254693, -0.02230347, 0.02211397, -0.01823929, -0.00292442, -0.00600051, -0.01662411, 0.01513126, -0.00943884, 0.00690464, -0.01219342, 0.01265798, 0.00121476, 0.00611855, -0.01041806, -0.00502060, -0.00205945, 0.00752677, -0.00901176, 0.00006751, -0.00569158, 0.00777694, 0.00041908, 0.00465287, -0.00681239, 0.00483661, -0.00427163, 0.00592273, -0.00402131, -0.00020662, -0.00521922, 0.00311677, 0.00066001
0.10329868, 0.10130697, 0.09558651, 0.08725970, 0.07762396, 0.06770102, 0.05815303, 0.04934613, 0.04144966, 0.03451127, 0.02851833, 0.02342001, 0.01913213, 0.01556400, 0.01261699, 0.01019994, 0.00822716, 0.00662420, 0.00532586, 0.00427748, 0.00343293, 0.00275324, 0.00220721, 0.00176918, 0.00141758, 0.00113524, 0.00090879, 0.00072724, 0.00058135, 0.00046400, 0.00036967, 0.00029375, 0.00023254, 0.00018311, 0.00014311, 0.00011065, 0.00008445, 0.00006328, 0.00004611, 0.00003214, 0.00002082, 0.00001170, 0.00000439, -0.00000149, -0.00000619, -0.00000998, -0.00001287, -0.00001508, -0.00001673, -0.00001790, -0.00001868, -0.00001916, -0.00001938, -0.00001937, -0.00001918, -0.00001884, -0.00001844, -0.00001793, -0.00001736, -0.00001673, -0.00001608, -0.00001540
-0.30384640, -0.29085033, -0.25657187, -0.21470111, -0.17545301, -0.14261383, -0.11589698, -0.09394999, -0.07571287, -0.06057147, -0.04814559, -0.03807008, -0.02998934, -0.02355253, -0.01844927, -0.01441841, -0.01124426, -0.00875276, -0.00680264, -0.00528015, -0.00409375, -0.00317065, -0.00245284, -0.00189564, -0.00146383, -0.00112878, -0.00086836, -0.00066685, -0.00051085, -0.00038973, -0.00029544, -0.00022217, -0.00016525, -0.00012087, -0.00008619, -0.00005887, -0.00003755, -0.00002083, -0.00000775, 0.00000243, 0.00001045, 0.00001677, 0.00002168, 0.00002540, 0.00002813, 0.00003024, 0.00003168, 0.00003263, 0.00003313, 0.00003328, 0.00003311, 0.00003270, 0.00003208, 0.00003132, 0.00003044, 0.00002948, 0.00002846, 0.00002730, 0.00002610, 0.00002490, 0.00002370, 0.00002252
-0.06062643, -0.05992669, -0.05784862, -0.05464633, -0.05063865, -0.04615451, -0.04147906, -0.03683407, -0.03237260, -0.02819451, -0.02436895, -0.02092125, -0.01785950, -0.01517128, -0.01283456, -0.01081996, -0.00909485, -0.00762581, -0.00638071, -0.00532989, -0.00444586, -0.00370413, -0.00308298, -0.00256396, -0.00213099, -0.00176994, -0.00146877, -0.00121823, -0.00100980, -0.00083628, -0.00069175, -0.00057143, -0.00047128, -0.00038784, -0.00031828, -0.00026013, -0.00021173, -0.00017136, -0.00013769, -0.00010964, -0.00008623, -0.00006668, -0.00005039, -0.00003687, -0.00002568, -0.00001633, -0.00000868, -0.00000240, 0.00000272, 0.00000684, 0.00001014, 0.00001272, 0.00001472, 0.00001623, 0.00001733, 0.00001809, 0.00001860, 0.00001880, 0.00001881, 0.00001866, 0.00001839, 0.00001802
-0.06088356, -0.06017883, -0.05808623, -0.05486249, -0.05082950, -0.04631894, -0.04161790, -0.03694934, -0.03246685, -0.02827048, -0.02442937, -0.02096866, -0.01789622, -0.01519932, -0.01285566, -0.01083557, -0.00910618, -0.00763380, -0.00638616, -0.00533342, -0.00444796, -0.00370518, -0.00308328, -0.00256372, -0.00213040, -0.00176911, -0.00146781, -0.00121721, -0.00100875, -0.00083526, -0.00069076, -0.00057050, -0.00047041, -0.00038704, -0.00031754, -0.00025946, -0.00021112, -0.00017081, -0.00013720, -0.00010920, -0.00008583, -0.00006632, -0.00005008, -0.00003659, -0.00002543, -0.00001610, -0.00000848, -0.00000222, 0.00000287, 0.00000698, 0.00001026, 0.00001283, 0.00001482, 0.00001631, 0.00001740, 0.00001815, 0.00001866, 0.00001886, 0.00001886, 0.00001870, 0.00001842, 0.00001805
-0.21005554, -0.20353937, -0.18564625, -0.16208102, -0.13784692, -0.11566371, -0.09630670, -0.07966221, -0.06542217, -0.05332653, -0.04318300, -0.03477347, -0.02787816, -0.02227054, -0.01773764, -0.01409113, -0.01116943, -0.00883621, -0.00697903, -0.00550467, -0.00433662, -0.00341289, -0.00268295, -0.00210716, -0.00165369, -0.00129626, -0.00101413, -0.00079231, -0.00061784, -0.00048033, -0.00037173, -0.00028608, -0.00021856, -0.00016520, -0.00012296, -0.00008932, -0.00006273, -0.00004165, -0.00002496, -0.00001180, -0.00000134, 0.00000698, 0.00001352, 0.00001859, 0.00002243, 0.00002546, 0.00002764, 0.00002919, 0.00003021, 0.00003078, 0.00003098, 0.00003087, 0.00003051, 0.00002996, 0.00002928, 0.00002848, 0.00002760, 0.00002658, 0.00002550, 0.00002440, 0.00002329, 0.00002219
-0.35526877, -0.33792123, -0.29302033, -0.24005787, -0.19250156, -0.15431674, -0.12418839, -0.09988130, -0.07989238, -0.06343110, -0.05003530, -0.03927213, -0.03071658, -0.02395917, -0.01864342, -0.01447435, -0.01121459, -0.00867293, -0.00669732, -0.00516505, -0.00397906, -0.00306230, -0.00235394, -0.00180763, -0.00138696, -0.00106261, -0.00081203, -0.00061936, -0.00047114, -0.00035674, -0.00026815, -0.00019970, -0.00014683, -0.00010582, -0.00007390, -0.00004886, -0.00002939, -0.00001418, -0.00000233, 0.00000684, 0.00001406, 0.00001974, 0.00002413, 0.00002743, 0.00002982, 0.00003166, 0.00003288, 0.00003364, 0.00003400, 0.00003402, 0.00003375, 0.00003325, 0.00003256, 0.00003173, 0.00003080, 0.00002978, 0.00002872, 0.00002752, 0.00002629, 0.00002505, 0.00002383, 0.00002262
-29.15552666, -16.46673583, -4.14240739, -0.89351327, -0.37166599, -0.31768887, -0.27331221, -0.20433824, -0.13793811, -0.09069240, -0.06078681, -0.04253583, -0.03056166, -0.02192218, -0.01557364, -0.01103706, -0.00791868, -0.00562936, -0.00397114, -0.00281337, -0.00201307, -0.00154534, -0.00111915, -0.00072790, -0.00052435, -0.00044075, -0.00031237, -0.00019820, -0.00015627, -0.00009209, -0.00005031, -0.00007055, -0.00000761, -0.00001075, 0.00000509, 0.00002396, -0.00000079, 0.00003085, 0.00001826, 0.00004193, 0.00001818, 0.00003356, 0.00002980, 0.00004917, 0.00004335, 0.00004157, 0.00003128, 0.00004944, 0.00003892, 0.00004479, 0.00002943, 0.00003669, 0.00003090, 0.00004188, 0.00002818, 0.00003648, 0.00002450, 0.00003337, 0.00002799, 0.00003146, 0.00002149, 0.00002244
-0.15052320, -0.14702582, -0.13712917, -0.12332508, -0.10808739, -0.09312643, -0.07929036, -0.06687649, -0.05592761, -0.04640019, -0.03823311, -0.03131691, -0.02552801, -0.02072557, -0.01677063, -0.01353260, -0.01089365, -0.00875141, -0.00701855, -0.00562071, -0.00449591, -0.00359249, -0.00286761, -0.00228706, -0.00182278, -0.00145131, -0.00115376, -0.00091625, -0.00072659, -0.00057490, -0.00045341, -0.00035620, -0.00027846, -0.00021615, -0.00016617, -0.00012588, -0.00009361, -0.00006770, -0.00004691, -0.00003029, -0.00001692, -0.00000616, 0.00000242, 0.00000920, 0.00001448, 0.00001871, 0.00002190, 0.00002430, 0.00002603, 0.00002720, 0.00002791, 0.00002823, 0.00002825, 0.00002802, 0.00002761, 0.00002705, 0.00002638, 0.00002554, 0.00002463, 0.00002367, 0.00002268, 0.00002169
-0.10763718, -0.10574163, -0.10025090, -0.09222998, -0.08285251, -0.07309147, -0.06358893, -0.05470536, -0.04661278, -0.03938033, -0.03303194, -0.02753284, -0.02283011, -0.01884784, -0.01550337, -0.01271325, -0.01039859, -0.00848699, -0.00691418, -0.00562443, -0.00456960, -0.00370871, -0.00300702, -0.00243617, -0.00197244, -0.00159567, -0.00128930, -0.00104092, -0.00083952, -0.00067601, -0.00054311, -0.00043519, -0.00034757, -0.00027633, -0.00021835, -0.00017099, -0.00013252, -0.00010119, -0.00007569, -0.00005498, -0.00003810, -0.00002434, -0.00001319, -0.00000420, 0.00000299, 0.00000883, 0.00001340, 0.00001697, 0.00001971, 0.00002175, 0.00002320, 0.00002417, 0.00002475, 0.00002500, 0.00002500, 0.00002480, 0.00002445, 0.00002389, 0.00002322, 0.00002247, 0.00002168, 0.00002084
-0.00738426, -0.00735779, -0.00727605, -0.00714328, -0.00696146, -0.00673706, -0.00647607, -0.00618561, -0.00587195, -0.00554134, -0.00520134, -0.00485713, -0.00451434, -0.00417712, -0.00384960, -0.00353465, -0.00323451, -0.00295072, -0.00268421, -0.00243575, -0.00220526, -0.00199260, -0.00179717, -0.00161833, -0.00145523, -0.00130692, -0.00117224, -0.00105053, -0.00094064, -0.00084160, -0.00075245, -0.00067231, -0.00060038, -0.00053584, -0.00047799, -0.00042606, -0.00037966, -0.00033814, -0.00030099, -0.00026778, -0.00023809, -0.00021154, -0.00018781, -0.00016661, -0.00014768, -0.00013069, -0.00011559, -0.00010210, -0.00009006, -0.00007931, -0.00006974, -0.00006120, -0.00005359, -0.00004682, -0.00004078, -0.00003541, -0.00003060, -0.00002636, -0.00002260, -0.00001927, -0.00001632, -0.00001371
-3.52462495, -2.80639453, -1.53260616, -0.74637490, -0.41872190, -0.28977464, -0.22019897, -0.16670903, -0.12252202, -0.08817743, -0.06317233, -0.04551983, -0.03304510, -0.02407409, -0.01752549, -0.01272750, -0.00922745, -0.00668953, -0.00485580, -0.00352997, -0.00256904, -0.00187075, -0.00136181, -0.00099144, -0.00072258, -0.00052631, -0.00038179, -0.00027629, -0.00019905, -0.00014169, -0.00009860, -0.00006642, -0.00004220, -0.00002381, -0.00000958, 0.00000167, 0.00001038, 0.00001730, 0.00002266, 0.00002681, 0.00003013, 0.00003288, 0.00003497, 0.00003649, 0.00003742, 0.00003814, 0.00003847, 0.00003855, 0.00003831, 0.00003784, 0.00003712, 0.00003624, 0.00003519, 0.00003407, 0.00003285, 0.00003161, 0.00003028, 0.00002885, 0.00002738, 0.00002594, 0.00002453, 0.00002315
-0.44482302, -0.41731270, -0.34867414, -0.27310549, -0.21084941, -0.16486325, -0.13068287, -0.10392920, -0.08222253, -0.06452707, -0.05030549, -0.03903941, -0.03021333, -0.02333188, -0.01798050, -0.01382660, -0.01061075, -0.00812807, -0.00621712, -0.00474976, -0.00362467, -0.00276333, -0.00210402, -0.00160000, -0.00121564, -0.00092215, -0.00069751, -0.00052610, -0.00039560, -0.00029587, -0.00021933, -0.00016057, -0.00011562, -0.00008105, -0.00005436, -0.00003356, -0.00001749, -0.00000499, 0.00000471, 0.00001218, 0.00001795, 0.00002251, 0.00002604, 0.00002869, 0.00003058, 0.00003196, 0.00003286, 0.00003339, 0.00003359, 0.00003350, 0.00003317, 0.00003262, 0.00003190, 0.00003106, 0.00003013, 0.00002914, 0.00002812, 0.00002696, 0.00002576, 0.00002455, 0.00002335, 0.00002218
-0.04548727, -0.04503844, -0.04369106, -0.04158978, -0.03890909, -0.03584738, -0.03258847, -0.02928393, -0.02604749, -0.02296138, -0.02008699, -0.01745330, -0.01507799, -0.01296029, -0.01109267, -0.00945939, -0.00804176, -0.00681855, -0.00576854, -0.00487126, -0.00410717, -0.00345857, -0.00290916, -0.00244480, -0.00205317, -0.00172311, -0.00144491, -0.00121093, -0.00101429, -0.00084899, -0.00070995, -0.00059302, -0.00049474, -0.00041209, -0.00034254, -0.00028388, -0.00023458, -0.00019307, -0.00015812, -0.00012871, -0.00010395, -0.00008309, -0.00006552, -0.00005076, -0.00003840, -0.00002798, -0.00001932, -0.00001210, -0.00000612, -0.00000119, 0.00000285, 0.00000612, 0.00000874, 0.00001082, 0.00001245, 0.00001369, 0.00001464, 0.00001526, 0.00001564, 0.00001582, 0.00001585, 0.00001576
-0.34571504, -0.32827482, -0.28332848, -0.23081019, -0.18423283, -0.14731049, -0.11845266, -0.09526698, -0.07621044, -0.06051097, -0.04773291, -0.03746697, -0.02931034, -0.02286757, -0.01779958, -0.01382275, -0.01071255, -0.00828628, -0.00639979, -0.00493615, -0.00380286, -0.00292664, -0.00224949, -0.00172690, -0.00132450, -0.00101436, -0.00077483, -0.00059037, -0.00044862, -0.00033935, -0.00025482, -0.00018943, -0.00013899, -0.00009993, -0.00006958, -0.00004581, -0.00002735, -0.00001294, -0.00000171, 0.00000700, 0.00001375, 0.00001909, 0.00002323, 0.00002637, 0.00002866, 0.00003036, 0.00003150, 0.00003224, 0.00003261, 0.00003265, 0.00003243, 0.00003198, 0.00003135, 0.00003058, 0.00002971, 0.00002877, 0.00002780, 0.00002669, 0.00002553, 0.00002436, 0.00002320, 0.00002205
-0.08700165, -0.08564544, -0.08167478, -0.07578386, -0.06874843, -0.06126317, -0.05382826, -0.04675343, -0.04020936, -0.03428317, -0.02901797, -0.02440376, -0.02041451, -0.01699950, -0.01410267, -0.01166180, -0.00961771, -0.00791374, -0.00649945, -0.00532943, -0.00436424, -0.00356997, -0.00291726, -0.00238182, -0.00194342, -0.00158448, -0.00129040, -0.00104999, -0.00085361, -0.00069304, -0.00056161, -0.00045404, -0.00036609, -0.00029410, -0.00023510, -0.00018662, -0.00014695, -0.00011442, -0.00008776, -0.00006593, -0.00004807, -0.00003340, -0.00002139, -0.00001162, -0.00000372, 0.00000273, 0.00000786, 0.00001195, 0.00001516, 0.00001763, 0.00001948, 0.00002081, 0.00002171, 0.00002225, 0.00002252, 0.00002256, 0.00002245, 0.00002211, 0.00002163, 0.00002106, 0.00002042, 0.00001973
-0.24229556, -0.23327684, -0.20903900, -0.17843528, -0.14855520, -0.12256336, -0.10077748, -0.08252454, -0.06715244, -0.05424671, -0.04353886, -0.03475560, -0.02763268, -0.02189723, -0.01730459, -0.01364130, -0.01073019, -0.00842380, -0.00660253, -0.00516766, -0.00403972, -0.00315454, -0.00246037, -0.00191676, -0.00149197, -0.00115980, -0.00089964, -0.00069642, -0.00053795, -0.00041409, -0.00031703, -0.00024097, -0.00018152, -0.00013490, -0.00009827, -0.00006932, -0.00004660, -0.00002869, -0.00001460, -0.00000357, 0.00000509, 0.00001195, 0.00001733, 0.00002147, 0.00002458, 0.00002695, 0.00002863, 0.00002981, 0.00003053, 0.00003088, 0.00003091, 0.00003067, 0.00003022, 0.00002960, 0.00002887, 0.00002804, 0.00002717, 0.00002616, 0.00002508, 0.00002399, 0.00002289, 0.00002180
-0.01948916, -0.01937183, -0.01901392, -0.01843949, -0.01767380, -0.01675506, -0.01572349, -0.01461797, -0.01347301, -0.01231938, -0.01118591, -0.01009135, -0.00905249, -0.00807892, -0.00717792, -0.00635210, -0.00560188, -0.00492518, -0.00431874, -0.00377845, -0.00329923, -0.00287605, -0.00250352, -0.00217660, -0.00189050, -0.00164056, -0.00142239, -0.00123249, -0.00106737, -0.00092386, -0.00079919, -0.00069094, -0.00059701, -0.00051551, -0.00044478, -0.00038330, -0.00033004, -0.00028383, -0.00024373, -0.00020894, -0.00017875, -0.00015254, -0.00012979, -0.00011005, -0.00009294, -0.00007805, -0.00006520, -0.00005407, -0.00004445, -0.00003615, -0.00002900, -0.00002285, -0.00001758, -0.00001306, -0.00000920, -0.00000591, -0.00000309, -0.00000075, 0.00000120, 0.00000283, 0.00000417, 0.00000527
-0.18360567, -0.17825079, -0.16343638, -0.14369663, -0.12309254, -0.10395897, -0.08706520, -0.07240501, -0.05977067, -0.04897120, -0.03985960, -0.03225929, -0.02599174, -0.02086427, -0.01669781, -0.01332754, -0.01061346, -0.00843516, -0.00669257, -0.00530243, -0.00419577, -0.00331650, -0.00261854, -0.00206527, -0.00162760, -0.00128121, -0.00100670, -0.00078970, -0.00061840, -0.00048292, -0.00037555, -0.00029048, -0.00022319, -0.00016986, -0.00012751, -0.00009373, -0.00006694, -0.00004563, -0.00002870, -0.00001530, -0.00000468, 0.00000381, 0.00001052, 0.00001576, 0.00001978, 0.00002292, 0.00002522, 0.00002691, 0.00002807, 0.00002877, 0.00002910, 0.00002912, 0.00002889, 0.00002846, 0.00002789, 0.00002720, 0.00002645, 0.00002554, 0.00002457, 0.00002355, 0.00002253, 0.00002151
-0.21602352, -0.20875322, -0.18896891, -0.16340578, -0.13772252, -0.11474942, -0.09506739, -0.07833825, -0.06411961, -0.05209712, -0.04205479, -0.03376072, -0.02698820, -0.02149954, -0.01707798, -0.01353099, -0.01069730, -0.00844015, -0.00664840, -0.00522953, -0.00410842, -0.00322416, -0.00252726, -0.00197878, -0.00154805, -0.00120956, -0.00094319, -0.00073409, -0.00057023, -0.00044153, -0.00034023, -0.00026048, -0.00019785, -0.00014853, -0.00010961, -0.00007873, -0.00005440, -0.00003516, -0.00001996, -0.00000800, 0.00000141, 0.00000890, 0.00001479, 0.00001935, 0.00002280, 0.00002545, 0.00002737, 0.00002874, 0.00002962, 0.00003010, 0.00003024, 0.00003010, 0.00002973, 0.00002918, 0.00002851, 0.00002773, 0.00002690, 0.00002593, 0.00002489, 0.00002383, 0.00002276, 0.00002169
-0.09866545, -0.09696719, -0.09203135, -0.08481033, -0.07633924, -0.06749227, -0.05885325, -0.05075090, -0.04334620, -0.03670917, -0.03086640, -0.02578979, -0.02143664, -0.01773937, -0.01462623, -0.01202166, -0.00985547, -0.00806168, -0.00658212, -0.00536584, -0.00436864, -0.00355290, -0.00288655, -0.00234308, -0.00190069, -0.00154055, -0.00124716, -0.00100866, -0.00081495, -0.00065745, -0.00052925, -0.00042488, -0.00034003, -0.00027095, -0.00021465, -0.00016862, -0.00013116, -0.00010061, -0.00007570, -0.00005543, -0.00003893, -0.00002545, -0.00001448, -0.00000561, 0.00000150, 0.00000727, 0.00001180, 0.00001538, 0.00001815, 0.00002023, 0.00002174, 0.00002277, 0.00002341, 0.00002374, 0.00002381, 0.00002368, 0.00002342, 0.00002295, 0.00002236, 0.00002168, 0.00002095, 0.00002018
-15.69555034, -11.59784008, -5.07307729, -1.77486254, -0.79266110, -0.57925243, -0.49035147, -0.38822359, -0.28435587, -0.20088404, -0.14249824, -0.10339528, -0.07639933, -0.05668250, -0.04184671, -0.03069613, -0.02246282, -0.01646099, -0.01209915, -0.00891425, -0.00656925, -0.00483921, -0.00355885, -0.00261228, -0.00191580, -0.00140559, -0.00102725, -0.00074610, -0.00053726, -0.00038273, -0.00026806, -0.00018287, -0.00011672, -0.00006803, -0.00003095, -0.00000223, 0.00001894, 0.00003632, 0.00004928, 0.00006003, 0.00006751, 0.00007374, 0.00007814, 0.00008220, 0.00008484, 0.00008687, 0.00008758, 0.00008811, 0.00008772, 0.00008726, 0.00008595, 0.00008467, 0.00008275, 0.00008083, 0.00007819, 0.00007577, 0.00007297, 0.00007034, 0.00006741, 0.00006449, 0.00006121, 0.00005810
-1240.01355739, -308.08849414, -13.55238200, 5.55439174, 2.13953944, -0.24787934, -0.96428204, -0.86105998, -0.15059654, -0.06094763, -0.00864855, -0.08408898, -0.11866490, -0.05213397, 0.00230929, -0.00221590, -0.06141266, -0.04824242, -0.00487590, 0.01934219, 0.02381726, -0.03171393, -0.02703634, 0.02108265, 0.01771809, -0.01814347, -0.01112749, 0.00577092, -0.00314849, 0.00668596, 0.01167478, -0.01209452, 0.01000786, 0.00147224, 0.00333630, 0.00883058, -0.00811266, 0.00516889, -0.00367087, 0.00666250, -0.00686792, -0.00053319, -0.00327123, 0.00577538, 0.00269886, 0.00121969, -0.00404174, 0.00502572, 0.00000314, 0.00317461, -0.00417741, -0.00012161, -0.00245153, 0.00376679, -0.00256563, 0.00236349, -0.00313076, 0.00223126, 0.00019176, 0.00284938, -0.00161704, -0.00032726
-0.10465333, -0.10364209, -0.10056179, -0.09579402, -0.08972991, -0.08282831, -0.07549651, -0.06805966, -0.06075912, -0.05378954, -0.04726820, -0.04126722, -0.03582810, -0.03095142, -0.02662699, -0.02282226, -0.01950005, -0.01661622, -0.01412523, -0.01198403, -0.01014958, -0.00858360, -0.00724996, -0.00611660, -0.00515510, -0.00434128, -0.00365257, -0.00307066, -0.00257906, -0.00216454, -0.00181495, -0.00152002, -0.00127116, -0.00106134, -0.00088445, -0.00073496, -0.00060913, -0.00050298, -0.00041340, -0.00033784, -0.00027413, -0.00022048, -0.00017528, -0.00013716, -0.00010507, -0.00007794, -0.00005542, -0.00003662, -0.00002095, -0.00000793, 0.00000279, 0.00001156, 0.00001866, 0.00002435, 0.00002883, 0.00003230, 0.00003503, 0.00003692, 0.00003820, 0.00003895, 0.00003925, 0.00003918
-0.98618115, -0.92177663, -0.76187777, -0.58885121, -0.45105333, -0.35376765, -0.28382265, -0.22923325, -0.18411420, -0.14656381, -0.11584414, -0.09118035, -0.07161309, -0.05613866, -0.04392124, -0.03428024, -0.02669520, -0.02074714, -0.01609652, -0.01247159, -0.00964873, -0.00745511, -0.00575179, -0.00443019, -0.00340570, -0.00261409, -0.00200158, -0.00152776, -0.00116094, -0.00087848, -0.00066048, -0.00049174, -0.00036076, -0.00025955, -0.00018133, -0.00012036, -0.00007326, -0.00003662, -0.00000803, 0.00001422, 0.00003142, 0.00004459, 0.00005467, 0.00006257, 0.00006857, 0.00007314, 0.00007609, 0.00007790, 0.00007897, 0.00007937, 0.00007917, 0.00007843, 0.00007723, 0.00007565, 0.00007377, 0.00007165, 0.00006949, 0.00006707, 0.00006457, 0.00006193, 0.00005918, 0.00005639
-0.25550190, -0.25043133, -0.23584654, -0.21518875, -0.19186135, -0.16841138, -0.14620773, -0.12579758, -0.10734171, -0.09090744, -0.07646617, -0.06393839, -0.05320491, -0.04408612, -0.03640434, -0.02996847, -0.02460646, -0.02015708, -0.01647862, -0.01344889, -0.01095883, -0.00891821, -0.00724855, -0.00588435, -0.00477104, -0.00386456, -0.00312621, -0.00252539, -0.00203635, -0.00163945, -0.00131704, -0.00105489, -0.00084159, -0.00066831, -0.00052758, -0.00041286, -0.00031984, -0.00024420, -0.00018264, -0.00013260, -0.00009201, -0.00005918, -0.00003264, -0.00001108, 0.00000630, 0.00002038, 0.00003132, 0.00003984, 0.00004649, 0.00005155, 0.00005525, 0.00005783, 0.00005945, 0.00006029, 0.00006049, 0.00006017, 0.00005955, 0.00005847, 0.00005713, 0.00005554, 0.00005374, 0.00005180
-0.17530080, -0.17279161, -0.16536425, -0.15433173, -0.14107607, -0.12687384, -0.11263891, -0.09893733, -0.08609132, -0.07431213, -0.06368835, -0.05424317, -0.04595738, -0.03875801, -0.03256289, -0.02726621, -0.02276637, -0.01896253, -0.01576035, -0.01307563, -0.01083062, -0.00895928, -0.00740220, -0.00610887, -0.00503600, -0.00414799, -0.00341286, -0.00280504, -0.00230240, -0.00188771, -0.00154539, -0.00126261, -0.00102891, -0.00083600, -0.00067677, -0.00054495, -0.00043633, -0.00034658, -0.00027240, -0.00021113, -0.00016059, -0.00011898, -0.00008472, -0.00005644, -0.00003321, -0.00001402, 0.00000138, 0.00001380, 0.00002380, 0.00003177, 0.00003801, 0.00004279, 0.00004634, 0.00004886, 0.00005052, 0.00005148, 0.00005198, 0.00005188, 0.00005140, 0.00005057, 0.00004945, 0.00004811
-0.06507674, -0.06461583, -0.06318419, -0.06092383, -0.05795616, -0.05445878, -0.05060524, -0.04655166, -0.04243018, -0.03836333, -0.03443581, -0.03071053, -0.02723421, -0.02402831, -0.02110762, -0.01846974, -0.01610723, -0.01400537, -0.01214621, -0.01051102, -0.00907845, -0.00782840, -0.00674092, -0.00579736, -0.00498043, -0.00427487, -0.00366591, -0.00314141, -0.00268983, -0.00230176, -0.00196834, -0.00168186, -0.00143572, -0.00122443, -0.00104306, -0.00088706, -0.00075339, -0.00063862, -0.00054007, -0.00045545, -0.00038282, -0.00032051, -0.00026704, -0.00022112, -0.00018173, -0.00014781, -0.00011896, -0.00009432, -0.00007328, -0.00005535, -0.00004013, -0.00002724, -0.00001639, -0.00000728, 0.00000033, 0.00000664, 0.00001194, 0.00001617, 0.00001957, 0.00002225, 0.00002431, 0.00002583
-0.46404898, -0.44806837, -0.40472457, -0.34944921, -0.29490905, -0.24705999, -0.20657011, -0.17216259, -0.14262693, -0.11733427, -0.09589639, -0.07795494, -0.06311650, -0.05092906, -0.04097999, -0.03288556, -0.02632821, -0.02103298, -0.01677079, -0.01335100, -0.01061189, -0.00842360, -0.00667748, -0.00528574, -0.00417764, -0.00329766, -0.00259834, -0.00204299, -0.00160175, -0.00125259, -0.00097589, -0.00075628, -0.00058172, -0.00044338, -0.00033375, -0.00024642, -0.00017733, -0.00012244, -0.00007877, -0.00004410, -0.00001668, 0.00000490, 0.00002186, 0.00003533, 0.00004587, 0.00005415, 0.00006015, 0.00006449, 0.00006761, 0.00006968, 0.00007086, 0.00007128, 0.00007106, 0.00007031, 0.00006914, 0.00006764, 0.00006600, 0.00006405, 0.00006195, 0.00005968, 0.00005727, 0.00005480
-0.82465770, -0.77785504, -0.65908493, -0.52520652, -0.41270836, -0.32880820, -0.26605782, -0.21623187, -0.17483204, -0.14021734, -0.11167882, -0.08854340, -0.07001116, -0.05522960, -0.04347596, -0.03413957, -0.02674839, -0.02091412, -0.01632370, -0.01272211, -0.00990044, -0.00769443, -0.00597119, -0.00462641, -0.00357781, -0.00276278, -0.00212849, -0.00163504, -0.00125090, -0.00095340, -0.00072248, -0.00054280, -0.00040267, -0.00029381, -0.00020925, -0.00014307, -0.00009170, -0.00005158, -0.00002017, 0.00000436, 0.00002341, 0.00003806, 0.00004934, 0.00005818, 0.00006494, 0.00007013, 0.00007357, 0.00007579, 0.00007718, 0.00007784, 0.00007785, 0.00007729, 0.00007624, 0.00007478, 0.00007301, 0.00007099, 0.00006891, 0.00006656, 0.00006413, 0.00006155, 0.00005886, 0.00005612
-1.69257658, -1.38430481, -0.81119625, -0.42829694, -0.25187895, -0.17464721, -0.13126954, -0.09896290, -0.07296440, -0.05283530, -0.03804775, -0.02748663, -0.01996442, -0.01454396, -0.01059209, -0.00770093, -0.00559179, -0.00406061, -0.00295255, -0.00215052, -0.00156904, -0.00114642, -0.00083836, -0.00061408, -0.00045094, -0.00033156, -0.00024351, -0.00017904, -0.00013159, -0.00009618, -0.00006942, -0.00004928, -0.00003401, -0.00002226, -0.00001309, -0.00000576, 0.00000002, 0.00000465, 0.00000832, 0.00001122, 0.00001361, 0.00001561, 0.00001719, 0.00001839, 0.00001923, 0.00001991, 0.00002036, 0.00002062, 0.00002069, 0.00002060, 0.00002036, 0.00002000, 0.00001953, 0.00001900, 0.00001842, 0.00001779, 0.00001711, 0.00001636, 0.00001559, 0.00001482, 0.00001407, 0.00001332
-0.02301205, -0.02281427, -0.02222083, -0.02128239, -0.02006699, -0.01865390, -0.01712100, -0.01553821, -0.01396132, -0.01243279, -0.01098727, -0.00964381, -0.00841521, -0.00730580, -0.00631502, -0.00543833, -0.00466850, -0.00399691, -0.00341427, -0.00291121, -0.00247849, -0.00210749, -0.00179017, -0.00151943, -0.00128888, -0.00109271, -0.00092582, -0.00078420, -0.00066402, -0.00056202, -0.00047541, -0.00040192, -0.00033955, -0.00028659, -0.00024158, -0.00020327, -0.00017074, -0.00014308, -0.00011955, -0.00009955, -0.00008251, -0.00006800, -0.00005566, -0.00004516, -0.00003626, -0.00002865, -0.00002223, -0.00001680, -0.00001222, -0.00000837, -0.00000515, -0.00000246, -0.00000023, 0.00000161, 0.00000311, 0.00000433, 0.00000532, 0.00000607, 0.00000664, 0.00000707, 0.00000737, 0.00000756
-6.40981507, -4.38718405, -1.68473541, -0.57797564, -0.27662291, -0.19605289, -0.15329116, -0.11431650, -0.08051632, -0.05519417, -0.03795579, -0.02659667, -0.01894923, -0.01358137, -0.00971449, -0.00692500, -0.00493510, -0.00352281, -0.00252434, -0.00181698, -0.00131295, -0.00095494, -0.00069306, -0.00050115, -0.00036624, -0.00027085, -0.00019811, -0.00014438, -0.00010660, -0.00007702, -0.00005484, -0.00004009, -0.00002572, -0.00001664, -0.00000869, -0.00000202, 0.00000178, 0.00000690, 0.00000950, 0.00001291, 0.00001405, 0.00001643, 0.00001767, 0.00001951, 0.00002001, 0.00002056, 0.00002055, 0.00002151, 0.00002113, 0.00002127, 0.00002041, 0.00002035, 0.00001966, 0.00001959, 0.00001848, 0.00001821, 0.00001708, 0.00001670, 0.00001575, 0.00001515, 0.00001403, 0.00001336
-0.43178264, -0.39638876, -0.31277655, -0.22910630, -0.16749126, -0.12635494, -0.09775654, -0.07611767, -0.05891570, -0.04518899, -0.03442908, -0.02613461, -0.01980513, -0.01499109, -0.01133009, -0.00854871, -0.00643925, -0.00484416, -0.00364115, -0.00273557, -0.00205477, -0.00154315, -0.00115849, -0.00086973, -0.00065321, -0.00049038, -0.00036752, -0.00027531, -0.00020594, -0.00015342, -0.00011341, -0.00008299, -0.00005981, -0.00004200, -0.00002821, -0.00001739, -0.00000896, -0.00000235, 0.00000284, 0.00000688, 0.00001013, 0.00001275, 0.00001480, 0.00001636, 0.00001750, 0.00001840, 0.00001902, 0.00001942, 0.00001961, 0.00001962, 0.00001947, 0.00001919, 0.00001881, 0.00001836, 0.00001784, 0.00001728, 0.00001667, 0.00001598, 0.00001527, 0.00001456, 0.00001386, 0.00001316
-2.56868275, -2.00296809, -1.04323245, -0.48683162, -0.26753052, -0.18403487, -0.13903615, -0.10432929, -0.07586233, -0.05400300, -0.03829435, -0.02734509, -0.01969378, -0.01424402, -0.01029879, -0.00743118, -0.00535575, -0.00386267, -0.00279207, -0.00202344, -0.00146989, -0.00106988, -0.00077957, -0.00056910, -0.00041687, -0.00030599, -0.00022433, -0.00016468, -0.00012093, -0.00008824, -0.00006351, -0.00004495, -0.00003074, -0.00001985, -0.00001128, -0.00000439, 0.00000103, 0.00000547, 0.00000894, 0.00001174, 0.00001401, 0.00001596, 0.00001749, 0.00001868, 0.00001948, 0.00002014, 0.00002055, 0.00002083, 0.00002087, 0.00002077, 0.00002050, 0.00002013, 0.00001965, 0.00001913, 0.00001852, 0.00001789, 0.00001719, 0.00001644, 0.00001565, 0.00001488, 0.00001410, 0.00001335
-0.04201220, -0.04148235, -0.03991452, -0.03751868, -0.03455392, -0.03127771, -0.02790456, -0.02459416, -0.02145156, -0.01854112, -0.01590394, -0.01355128, -0.01148223, -0.00968280, -0.00813290, -0.00680854, -0.00568408, -0.00473441, -0.00393599, -0.00326729, -0.00270896, -0.00224387, -0.00185711, -0.00153611, -0.00127008, -0.00104964, -0.00086687, -0.00071573, -0.00059068, -0.00048715, -0.00040134, -0.00033027, -0.00027139, -0.00022256, -0.00018202, -0.00014826, -0.00012027, -0.00009699, -0.00007765, -0.00006158, -0.00004820, -0.00003706, -0.00002780, -0.00002012, -0.00001379, -0.00000851, -0.00000419, -0.00000065, 0.00000223, 0.00000455, 0.00000639, 0.00000783, 0.00000894, 0.00000978, 0.00001038, 0.00001080, 0.00001106, 0.00001116, 0.00001115, 0.00001105, 0.00001088, 0.00001065
-0.07476985, -0.07331713, -0.06913746, -0.06311512, -0.05619600, -0.04912406, -0.04235544, -0.03612134, -0.03051607, -0.02556501, -0.02126580, -0.01758104, -0.01446153, -0.01184576, -0.00966938, -0.00787044, -0.00639108, -0.00517952, -0.00419095, -0.00338673, -0.00273408, -0.00220543, -0.00177765, -0.00143211, -0.00115335, -0.00092833, -0.00074653, -0.00060006, -0.00048198, -0.00038665, -0.00030956, -0.00024728, -0.00019695, -0.00015620, -0.00012316, -0.00009627, -0.00007448, -0.00005678, -0.00004241, -0.00003076, -0.00002126, -0.00001352, -0.00000725, -0.00000219, 0.00000185, 0.00000514, 0.00000773, 0.00000976, 0.00001132, 0.00001248, 0.00001332, 0.00001389, 0.00001423, 0.00001439, 0.00001441, 0.00001430, 0.00001411, 0.00001380, 0.00001343, 0.00001302, 0.00001257, 0.00001210
-0.20493793, -0.19555273, -0.17102249, -0.14154475, -0.11444044, -0.09216790, -0.07430621, -0.05979020, -0.04783526, -0.03799236, -0.02998147, -0.02354067, -0.01841714, -0.01436858, -0.01118336, -0.00868582, -0.00673340, -0.00521141, -0.00402840, -0.00311084, -0.00240046, -0.00185117, -0.00142656, -0.00109889, -0.00084631, -0.00065132, -0.00050046, -0.00038426, -0.00029463, -0.00022525, -0.00017136, -0.00012957, -0.00009713, -0.00007184, -0.00005205, -0.00003643, -0.00002419, -0.00001454, -0.00000694, -0.00000099, 0.00000376, 0.00000755, 0.00001053, 0.00001283, 0.00001456, 0.00001593, 0.00001692, 0.00001761, 0.00001805, 0.00001826, 0.00001829, 0.00001816, 0.00001791, 0.00001756, 0.00001715, 0.00001667, 0.00001614, 0.00001553, 0.00001490, 0.00001425, 0.00001361, 0.00001296
-0.01434095, -0.01424653, -0.01396167, -0.01350429, -0.01289872, -0.01217655, -0.01137086, -0.01051414, -0.00963447, -0.00875564, -0.00789963, -0.00708053, -0.00630983, -0.00559422, -0.00493760, -0.00434111, -0.00380376, -0.00332319, -0.00289603, -0.00251844, -0.00218617, -0.00189492, -0.00164037, -0.00141858, -0.00122579, -0.00105845, -0.00091328, -0.00078772, -0.00067915, -0.00058530, -0.00050420, -0.00043414, -0.00037366, -0.00032141, -0.00027627, -0.00023720, -0.00020349, -0.00017435, -0.00014916, -0.00012740, -0.00010856, -0.00009227, -0.00007817, -0.00006599, -0.00005546, -0.00004632, -0.00003847, -0.00003168, -0.00002584, -0.00002081, -0.00001650, -0.00001280, -0.00000965, -0.00000695, -0.00000466, -0.00000272, -0.00000106, 0.00000030, 0.00000143, 0.00000237, 0.00000314, 0.00000376
-0.81401268, -0.74801731, -0.59198450, -0.43528251, -0.31907390, -0.24075621, -0.18593193, -0.14441607, -0.11151140, -0.08534218, -0.06487749, -0.04913437, -0.03713883, -0.02803628, -0.02112925, -0.01589659, -0.01193780, -0.00895280, -0.00670723, -0.00502151, -0.00375797, -0.00281093, -0.00210094, -0.00157020, -0.00117316, -0.00087534, -0.00065146, -0.00048432, -0.00035882, -0.00026403, -0.00019211, -0.00013782, -0.00009655, -0.00006494, -0.00004059, -0.00002151, -0.00000679, 0.00000465, 0.00001350, 0.00002039, 0.00002593, 0.00003027, 0.00003356, 0.00003594, 0.00003765, 0.00003898, 0.00003975, 0.00004011, 0.00004010, 0.00003977, 0.00003917, 0.00003835, 0.00003737, 0.00003627, 0.00003509, 0.00003376, 0.00003240, 0.00003092, 0.00002944, 0.00002799, 0.00002654, 0.00002511
-0.33577719, -0.32231205, -0.28648460, -0.24188124, -0.19906147, -0.16237304, -0.13200853, -0.10687835, -0.08598351, -0.06866844, -0.05448439, -0.04300368, -0.03380571, -0.02649346, -0.02070709, -0.01614878, -0.01256781, -0.00976454, -0.00757558, -0.00587065, -0.00454530, -0.00351610, -0.00271737, -0.00209906, -0.00162039, -0.00124935, -0.00096141, -0.00073908, -0.00056686, -0.00043307, -0.00032895, -0.00024814, -0.00018525, -0.00013612, -0.00009765, -0.00006726, -0.00004350, -0.00002485, -0.00001025, 0.00000121, 0.00001034, 0.00001751, 0.00002305, 0.00002725, 0.00003040, 0.00003287, 0.00003455, 0.00003566, 0.00003626, 0.00003645, 0.00003629, 0.00003586, 0.00003520, 0.00003438, 0.00003344, 0.00003234, 0.00003119, 0.00002992, 0.00002861, 0.00002731, 0.00002600, 0.00002469
-0.93210907, -0.84898042, -0.65647454, -0.47010495, -0.33777767, -0.25204135, -0.19347410, -0.14953536, -0.11483228, -0.08735377, -0.06600222, -0.04970028, -0.03736855, -0.02807089, -0.02105460, -0.01576554, -0.01178435, -0.00879678, -0.00656094, -0.00489067, -0.00364458, -0.00271490, -0.00202096, -0.00150451, -0.00111982, -0.00083240, -0.00061715, -0.00045711, -0.00033736, -0.00024716, -0.00017891, -0.00012752, -0.00008853, -0.00005871, -0.00003573, -0.00001773, -0.00000383, 0.00000697, 0.00001533, 0.00002184, 0.00002710, 0.00003122, 0.00003434, 0.00003659, 0.00003820, 0.00003945, 0.00004016, 0.00004047, 0.00004041, 0.00004005, 0.00003942, 0.00003857, 0.00003757, 0.00003645, 0.00003524, 0.00003389, 0.00003251, 0.00003102, 0.00002952, 0.00002805, 0.00002659, 0.00002514
-0.01073715, -0.01069244, -0.01055830, -0.01033860, -0.01004061, -0.00967488, -0.00925204, -0.00878508, -0.00828545, -0.00776388, -0.00723269, -0.00670078, -0.00617668, -0.00566709, -0.00517766, -0.00471250, -0.00427430, -0.00386479, -0.00348468, -0.00313431, -0.00281299, -0.00251976, -0.00225321, -0.00201193, -0.00179419, -0.00159817, -0.00142199, -0.00126429, -0.00112325, -0.00099728, -0.00088490, -0.00078478, -0.00069564, -0.00061633, -0.00054579, -0.00048296, -0.00042724, -0.00037775, -0.00033379, -0.00029476, -0.00026009, -0.00022931, -0.00020198, -0.00017773, -0.00015620, -0.00013702, -0.00012007, -0.00010503, -0.00009170, -0.00007988, -0.00006942, -0.00006015, -0.00005195, -0.00004470, -0.00003830, -0.00003264, -0.00002761, -0.00002322, -0.00001935, -0.00001596, -0.00001298, -0.00001037
-4.32780617, -3.41878423, -1.84435005, -0.89872345, -0.50696156, -0.34856917, -0.26118179, -0.19516318, -0.14195490, -0.10126490, -0.07191165, -0.05134001, -0.03691101, -0.02663894, -0.01921886, -0.01384064, -0.00995372, -0.00716102, -0.00516019, -0.00372602, -0.00269567, -0.00195275, -0.00141514, -0.00102739, -0.00074729, -0.00054363, -0.00039439, -0.00028623, -0.00020691, -0.00014777, -0.00010330, -0.00007025, -0.00004505, -0.00002575, -0.00001065, 0.00000147, 0.00001090, 0.00001846, 0.00002430, 0.00002901, 0.00003287, 0.00003604, 0.00003839, 0.00004009, 0.00004122, 0.00004213, 0.00004253, 0.00004266, 0.00004239, 0.00004185, 0.00004101, 0.00004003, 0.00003886, 0.00003763, 0.00003627, 0.00003481, 0.00003327, 0.00003167, 0.00003004, 0.00002847, 0.00002690, 0.00002536
-0.35394954, -0.33910405, -0.29984402, -0.25151775, -0.20575567, -0.16705535, -0.13534247, -0.10926142, -0.08766271, -0.06982074, -0.05524977, -0.04349322, -0.03410391, -0.02666164, -0.02078862, -0.01617415, -0.01255803, -0.00973426, -0.00753458, -0.00582546, -0.00449999, -0.00347311, -0.00267802, -0.00206396, -0.00158967, -0.00122284, -0.00093881, -0.00071999, -0.00055087, -0.00041976, -0.00031792, -0.00023904, -0.00017777, -0.00012999, -0.00009263, -0.00006316, -0.00004015, -0.00002211, -0.00000801, 0.00000304, 0.00001184, 0.00001875, 0.00002408, 0.00002810, 0.00003111, 0.00003347, 0.00003506, 0.00003609, 0.00003663, 0.00003677, 0.00003656, 0.00003609, 0.00003540, 0.00003455, 0.00003358, 0.00003247, 0.00003130, 0.00003001, 0.00002869, 0.00002737, 0.00002605, 0.00002473
-0.07100115, -0.07016694, -0.06770410, -0.06389807, -0.05914040, -0.05381987, -0.04827389, -0.04277223, -0.03750003, -0.03257541, -0.02807819, -0.02403903, -0.02046238, -0.01733344, -0.01462219, -0.01229308, -0.01030506, -0.00861801, -0.00719273, -0.00599370, -0.00498819, -0.00414695, -0.00344446, -0.00285929, -0.00237228, -0.00196706, -0.00162988, -0.00135010, -0.00111771, -0.00092455, -0.00076393, -0.00063048, -0.00051953, -0.00042719, -0.00035028, -0.00028604, -0.00023262, -0.00018811, -0.00015103, -0.00012012, -0.00009431, -0.00007279, -0.00005489, -0.00004005, -0.00002775, -0.00001747, -0.00000907, -0.00000219, 0.00000341, 0.00000791, 0.00001150, 0.00001432, 0.00001649, 0.00001813, 0.00001932, 0.00002012, 0.00002064, 0.00002085, 0.00002084, 0.00002067, 0.00002036, 0.00001994
-0.71638103, -0.66347290, -0.53598517, -0.40355427, -0.30131317, -0.22983272, -0.17860239, -0.13941781, -0.10822988, -0.08331160, -0.06370653, -0.04851635, -0.03686228, -0.02796256, -0.02117360, -0.01600395, -0.01207410, -0.00909627, -0.00684513, -0.00514720, -0.00386839, -0.00290554, -0.00218056, -0.00163623, -0.00122725, -0.00091926, -0.00068683, -0.00051260, -0.00038130, -0.00028181, -0.00020614, -0.00014884, -0.00010519, -0.00007171, -0.00004588, -0.00002566, -0.00001005, 0.00000208, 0.00001147, 0.00001878, 0.00002463, 0.00002921, 0.00003269, 0.00003522, 0.00003704, 0.00003846, 0.00003930, 0.00003972, 0.00003976, 0.00003947, 0.00003890, 0.00003812, 0.00003716, 0.00003609, 0.00003493, 0.00003362, 0.00003228, 0.00003083, 0.00002936, 0.00002792, 0.00002649, 0.00002507
-0.03581060, -0.03553203, -0.03470279, -0.03337636, -0.03164407, -0.02960720, -0.02736821, -0.02502686, -0.02266470, -0.02034602, -0.01812622, -0.01603954, -0.01410902, -0.01234708, -0.01075678, -0.00933557, -0.00807533, -0.00696558, -0.00599396, -0.00514774, -0.00441375, -0.00377921, -0.00323213, -0.00276186, -0.00235832, -0.00201240, -0.00171600, -0.00146279, -0.00124640, -0.00106151, -0.00090351, -0.00076860, -0.00065337, -0.00055491, -0.00047075, -0.00039865, -0.00033712, -0.00028450, -0.00023950, -0.00020101, -0.00016804, -0.00013984, -0.00011572, -0.00009511, -0.00007751, -0.00006239, -0.00004958, -0.00003867, -0.00002942, -0.00002158, -0.00001498, -0.00000943, -0.00000479, -0.00000092, 0.00000229, 0.00000491, 0.00000709, 0.00000879, 0.00001012, 0.00001116, 0.00001194, 0.00001249
-0.06051953, -0.05987781, -0.05797742, -0.05501043, -0.05125372, -0.04699169, -0.04248316, -0.03794713, -0.03354214, -0.02937605, -0.02552710, -0.02203176, -0.01890395, -0.01614002, -0.01372153, -0.01162440, -0.00981823, -0.00827219, -0.00695509, -0.00583789, -0.00489350, -0.00409733, -0.00342740, -0.00286519, -0.00239386, -0.00199893, -0.00166799, -0.00139144, -0.00116016, -0.00096664, -0.00080466, -0.00066917, -0.00055579, -0.00046081, -0.00038121, -0.00031431, -0.00025832, -0.00021136, -0.00017200, -0.00013897, -0.00011122, -0.00008794, -0.00006844, -0.00005214, -0.00003853, -0.00002707, -0.00001763, -0.00000980, -0.00000336, 0.00000190, 0.00000617, 0.00000959, 0.00001230, 0.00001442, 0.00001604, 0.00001722, 0.00001809, 0.00001860, 0.00001887, 0.00001894, 0.00001885, 0.00001862
-0.57907018, -0.55210516, -0.48182943, -0.39766226, -0.32054469, -0.25733442, -0.20674373, -0.16574495, -0.13210753, -0.10452856, -0.08217370, -0.06427764, -0.05009389, -0.03893318, -0.03018582, -0.02335541, -0.01803613, -0.01390637, -0.01070866, -0.00823800, -0.00633290, -0.00486511, -0.00373464, -0.00286615, -0.00219879, -0.00168522, -0.00128940, -0.00098588, -0.00075233, -0.00057200, -0.00043238, -0.00032460, -0.00024111, -0.00017614, -0.00012542, -0.00008543, -0.00005419, -0.00002968, -0.00001050, 0.00000456, 0.00001660, 0.00002611, 0.00003348, 0.00003907, 0.00004327, 0.00004660, 0.00004888, 0.00005039, 0.00005122, 0.00005148, 0.00005126, 0.00005066, 0.00004975, 0.00004861, 0.00004731, 0.00004578, 0.00004417, 0.00004238, 0.00004054, 0.00003870, 0.00003687, 0.00003502
-18.01706966, -12.21827500, -4.63475767, -1.59969010, -0.77477059, -0.54596997, -0.42217888, -0.31240677, -0.21900609, -0.14962799, -0.10251804, -0.07152287, -0.05070682, -0.03616822, -0.02575315, -0.01828343, -0.01297929, -0.00922740, -0.00658306, -0.00471777, -0.00339534, -0.00246239, -0.00178006, -0.00128062, -0.00093225, -0.00068810, -0.00050066, -0.00036252, -0.00026638, -0.00018999, -0.00013301, -0.00009684, -0.00005886, -0.00003612, -0.00001557, 0.00000190, 0.00001076, 0.00002459, 0.00003066, 0.00003998, 0.00004221, 0.00004862, 0.00005147, 0.00005646, 0.00005739, 0.00005863, 0.00005807, 0.00006079, 0.00005925, 0.00005948, 0.00005655, 0.00005633, 0.00005416, 0.00005406, 0.00005061, 0.00004983, 0.00004633, 0.00004540, 0.00004263, 0.00004103, 0.00003774, 0.00003586
-0.29455957, -0.28685097, -0.26528606, -0.23575803, -0.20393787, -0.17344071, -0.14583476, -0.12152187, -0.10042523, -0.08233929, -0.06705277, -0.05429066, -0.04375002, -0.03512380, -0.02810966, -0.02243923, -0.01787327, -0.01421123, -0.01128270, -0.00894722, -0.00708885, -0.00561201, -0.00443939, -0.00351041, -0.00277465, -0.00219139, -0.00172866, -0.00136290, -0.00107319, -0.00084325, -0.00066048, -0.00051548, -0.00040023, -0.00030841, -0.00023513, -0.00017632, -0.00012945, -0.00009197, -0.00006204, -0.00003812, -0.00001885, -0.00000342, 0.00000883, 0.00001845, 0.00002597, 0.00003201, 0.00003651, 0.00003987, 0.00004224, 0.00004380, 0.00004467, 0.00004500, 0.00004489, 0.00004443, 0.00004370, 0.00004269, 0.00004154, 0.00004016, 0.00003869, 0.00003716, 0.00003560, 0.00003400
-0.23124981, -0.22629998, -0.21219157, -0.19214039, -0.16952845, -0.14684828, -0.12550120, -0.10612340, -0.08891626, -0.07388342, -0.06095988, -0.04999453, -0.04079682, -0.03315672, -0.02685566, -0.02169286, -0.01748219, -0.01406211, -0.01129352, -0.00905904, -0.00725964, -0.00581300, -0.00465107, -0.00371985, -0.00297384, -0.00237584, -0.00189614, -0.00151261, -0.00120545, -0.00095903, -0.00076111, -0.00060239, -0.00047491, -0.00037233, -0.00028967, -0.00022275, -0.00016889, -0.00012544, -0.00009041, -0.00006216, -0.00003923, -0.00002072, -0.00000586, 0.00000597, 0.00001535, 0.00002295, 0.00002877, 0.00003324, 0.00003656, 0.00003892, 0.00004049, 0.00004140, 0.00004179, 0.00004176, 0.00004141, 0.00004072, 0.00003987, 0.00003874, 0.00003748, 0.00003615, 0.00003475, 0.00003330
-11.25290849, -8.22108316, -3.68789451, -1.49610849, -0.77253027, -0.53221954, -0.40368392, -0.29970351, -0.21361483, -0.14874212, -0.10344703, -0.07278384, -0.05182054, -0.03709945, -0.02654279, -0.01894629, -0.01351134, -0.00964886, -0.00691211, -0.00496942, -0.00358436, -0.00259361, -0.00187743, -0.00136103, -0.00099159, -0.00072532, -0.00052853, -0.00038552, -0.00028160, -0.00020294, -0.00014362, -0.00010056, -0.00006544, -0.00003965, -0.00001873, -0.00000160, 0.00001093, 0.00002243, 0.00003048, 0.00003791, 0.00004299, 0.00004814, 0.00005164, 0.00005481, 0.00005649, 0.00005798, 0.00005853, 0.00005941, 0.00005895, 0.00005854, 0.00005713, 0.00005609, 0.00005443, 0.00005310, 0.00005095, 0.00004921, 0.00004681, 0.00004486, 0.00004249, 0.00004042, 0.00003801, 0.00003591
-0.08350175, -0.08264092, -0.08008696, -0.07609105, -0.07101428, -0.06523340, -0.05909538, -0.05289726, -0.04685718, -0.04112605, -0.03581518, -0.03097808, -0.02663776, -0.02279208, -0.01941854, -0.01648600, -0.01395426, -0.01178219, -0.00992758, -0.00835099, -0.00701535, -0.00588696, -0.00493551, -0.00413530, -0.00346308, -0.00289867, -0.00242473, -0.00202784, -0.00169522, -0.00141634, -0.00118241, -0.00098633, -0.00082187, -0.00068381, -0.00056785, -0.00047018, -0.00038824, -0.00031935, -0.00026144, -0.00021275, -0.00017173, -0.00013721, -0.00010820, -0.00008388, -0.00006351, -0.00004629, -0.00003203, -0.00002015, -0.00001033, -0.00000224, 0.00000436, 0.00000972, 0.00001401, 0.00001741, 0.00002007, 0.00002206, 0.00002358, 0.00002457, 0.00002518, 0.00002549, 0.00002554, 0.00002537
-1.22044441, -1.11889508, -0.88011900, -0.64263905, -0.46849617, -0.35230665, -0.27149550, -0.21048589, -0.16221259, -0.12389188, -0.09399260, -0.07104972, -0.05361072, -0.04040650, -0.03040693, -0.02284513, -0.01713418, -0.01283514, -0.00960678, -0.00718690, -0.00537574, -0.00402005, -0.00300491, -0.00224678, -0.00168021, -0.00125554, -0.00093641, -0.00069819, -0.00051934, -0.00038419, -0.00028154, -0.00020392, -0.00014483, -0.00009946, -0.00006438, -0.00003682, -0.00001544, 0.00000127, 0.00001428, 0.00002448, 0.00003273, 0.00003928, 0.00004431, 0.00004803, 0.00005075, 0.00005291, 0.00005427, 0.00005502, 0.00005524, 0.00005498, 0.00005431, 0.00005332, 0.00005208, 0.00005065, 0.00004910, 0.00004733, 0.00004549, 0.00004349, 0.00004146, 0.00003946, 0.00003747, 0.00003548
-12.57897178, -9.03870047, -3.90324691, -1.52587670, -0.77550246, -0.53614637, -0.40824196, -0.30283115, -0.21501851, -0.14904838, -0.10328182, -0.07250455, -0.05155601, -0.03687116, -0.02634668, -0.01878000, -0.01337549, -0.00954054, -0.00682768, -0.00490494, -0.00353581, -0.00255850, -0.00185124, -0.00134050, -0.00097642, -0.00071497, -0.00052085, -0.00037957, -0.00027746, -0.00019968, -0.00014109, -0.00009923, -0.00006397, -0.00003874, -0.00001798, -0.00000089, 0.00001111, 0.00002287, 0.00003063, 0.00003828, 0.00004297, 0.00004828, 0.00005168, 0.00005509, 0.00005666, 0.00005812, 0.00005852, 0.00005963, 0.00005903, 0.00005870, 0.00005709, 0.00005615, 0.00005442, 0.00005325, 0.00005093, 0.00004931, 0.00004677, 0.00004494, 0.00004252, 0.00004051, 0.00003798, 0.00003590
-0.11050495, -0.10913990, -0.10511341, -0.09892673, -0.09124425, -0.08271708, -0.07389626, -0.06520856, -0.05693843, -0.04926122, -0.04229066, -0.03606409, -0.03057929, -0.02580481, -0.02168747, -0.01816663, -0.01517474, -0.01264637, -0.01051920, -0.00873668, -0.00724758, -0.00600638, -0.00497359, -0.00411630, -0.00340524, -0.00281559, -0.00232650, -0.00192193, -0.00158692, -0.00130929, -0.00107909, -0.00088836, -0.00073021, -0.00059893, -0.00048987, -0.00039900, -0.00032360, -0.00026091, -0.00020879, -0.00016545, -0.00012932, -0.00009926, -0.00007429, -0.00005363, -0.00003655, -0.00002228, -0.00001066, -0.00000115, 0.00000657, 0.00001276, 0.00001768, 0.00002152, 0.00002446, 0.00002667, 0.00002826, 0.00002930, 0.00002996, 0.00003018, 0.00003011, 0.00002981, 0.00002932, 0.00002867
-0.03847205, -0.03798528, -0.03654966, -0.03433261, -0.03157776, -0.02851469, -0.02534597, -0.02222764, -0.01927266, -0.01654931, -0.01409307, -0.01191857, -0.01002096, -0.00838441, -0.00698751, -0.00580454, -0.00480949, -0.00397692, -0.00328317, -0.00270741, -0.00223075, -0.00183685, -0.00151208, -0.00124449, -0.00102399, -0.00084254, -0.00069314, -0.00057014, -0.00046874, -0.00038519, -0.00031627, -0.00025936, -0.00021232, -0.00017337, -0.00014111, -0.00011433, -0.00009218, -0.00007379, -0.00005852, -0.00004584, -0.00003535, -0.00002666, -0.00001946, -0.00001351, -0.00000861, -0.00000457, -0.00000131, 0.00000133, 0.00000344, 0.00000512, 0.00000644, 0.00000744, 0.00000817, 0.00000869, 0.00000903, 0.00000923, 0.00000935, 0.00000933, 0.00000925, 0.00000909, 0.00000890, 0.00000867
-0.06161622, -0.06055529, -0.05746958, -0.05288623, -0.04745030, -0.04170973, -0.03606578, -0.03076840, -0.02595940, -0.02169828, -0.01799262, -0.01482246, -0.01214492, -0.00990712, -0.00805341, -0.00652798, -0.00527997, -0.00426341, -0.00343809, -0.00277019, -0.00223072, -0.00179552, -0.00144516, -0.00116306, -0.00093582, -0.00075301, -0.00060579, -0.00048718, -0.00039145, -0.00031424, -0.00025185, -0.00020138, -0.00016047, -0.00012725, -0.00010026, -0.00007827, -0.00006045, -0.00004592, -0.00003406, -0.00002441, -0.00001659, -0.00001026, -0.00000512, -0.00000097, 0.00000235, 0.00000501, 0.00000706, 0.00000863, 0.00000982, 0.00001068, 0.00001129, 0.00001166, 0.00001184, 0.00001187, 0.00001179, 0.00001162, 0.00001140, 0.00001110, 0.00001076, 0.00001038, 0.00000999, 0.00000959
-0.05298825, -0.05216493, -0.04975664, -0.04612835, -0.04175124, -0.03704279, -0.03233075, -0.02783634, -0.02369774, -0.01998329, -0.01671492, -0.01388796, -0.01147491, -0.00943778, -0.00773412, -0.00631926, -0.00515125, -0.00419166, -0.00340616, -0.00276526, -0.00224343, -0.00181923, -0.00147505, -0.00119585, -0.00096928, -0.00078567, -0.00063672, -0.00051586, -0.00041765, -0.00033788, -0.00027299, -0.00022013, -0.00017702, -0.00014179, -0.00011299, -0.00008938, -0.00007013, -0.00005433, -0.00004137, -0.00003075, -0.00002209, -0.00001503, -0.00000925, -0.00000455, -0.00000076, 0.00000231, 0.00000472, 0.00000661, 0.00000806, 0.00000916, 0.00000997, 0.00001052, 0.00001085, 0.00001102, 0.00001106, 0.00001099, 0.00001087, 0.00001064, 0.00001037, 0.00001006, 0.00000972, 0.00000936
-0.04009499, -0.03957458, -0.03804078, -0.03567887, -0.03275387, -0.02951410, -0.02617576, -0.02290301, -0.01981272, -0.01697416, -0.01442206, -0.01216943, -0.01020924, -0.00852331, -0.00708803, -0.00587566, -0.00485831, -0.00400906, -0.00330306, -0.00271841, -0.00223541, -0.00183712, -0.00150941, -0.00123993, -0.00101830, -0.00083628, -0.00068669, -0.00056376, -0.00046260, -0.00037941, -0.00031090, -0.00025443, -0.00020782, -0.00016930, -0.00013745, -0.00011105, -0.00008926, -0.00007119, -0.00005620, -0.00004379, -0.00003353, -0.00002505, -0.00001804, -0.00001226, -0.00000751, -0.00000359, -0.00000045, 0.00000209, 0.00000411, 0.00000571, 0.00000695, 0.00000789, 0.00000856, 0.00000903, 0.00000933, 0.00000950, 0.00000957, 0.00000953, 0.00000942, 0.00000924, 0.00000902, 0.00000878
-0.22027045, -0.21005341, -0.18336729, -0.15115439, -0.12120771, -0.09624394, -0.07609468, -0.05985034, -0.04674905, -0.03624743, -0.02791795, -0.02139392, -0.01633248, -0.01243264, -0.00944367, -0.00715991, -0.00542083, -0.00409966, -0.00309823, -0.00234073, -0.00176833, -0.00133592, -0.00100992, -0.00076375, -0.00057744, -0.00043682, -0.00033038, -0.00024957, -0.00018797, -0.00014109, -0.00010523, -0.00007766, -0.00005636, -0.00003979, -0.00002688, -0.00001674, -0.00000890, -0.00000267, 0.00000228, 0.00000616, 0.00000915, 0.00001146, 0.00001326, 0.00001463, 0.00001561, 0.00001632, 0.00001671, 0.00001688, 0.00001687, 0.00001673, 0.00001647, 0.00001609, 0.00001562, 0.00001507, 0.00001449, 0.00001390, 0.00001331, 0.00001268, 0.00001205, 0.00001143, 0.00001082, 0.00001023
-0.53424461, -0.48519899, -0.37346434, -0.26689382, -0.19071194, -0.14000887, -0.10477122, -0.07865670, -0.05868653, -0.04342675, -0.03192598, -0.02338603, -0.01710053, -0.01249017, -0.00911413, -0.00664272, -0.00483703, -0.00352062, -0.00256255, -0.00186664, -0.00136116, -0.00099369, -0.00072708, -0.00053293, -0.00039092, -0.00028743, -0.00021159, -0.00015563, -0.00011397, -0.00008303, -0.00005980, -0.00004218, -0.00002865, -0.00001813, -0.00000991, -0.00000342, 0.00000160, 0.00000567, 0.00000897, 0.00001156, 0.00001356, 0.00001508, 0.00001628, 0.00001718, 0.00001779, 0.00001819, 0.00001833, 0.00001829, 0.00001810, 0.00001780, 0.00001741, 0.00001691, 0.00001631, 0.00001566, 0.00001498, 0.00001430, 0.00001364, 0.00001294, 0.00001224, 0.00001156, 0.00001089, 0.00001026
-6.82126530, -4.43624160, -1.63101245, -0.60973231, -0.31625739, -0.21259420, -0.15277181, -0.10735200, -0.07282167, -0.04854182, -0.03237000, -0.02187130, -0.01497588, -0.01031854, -0.00711950, -0.00491449, -0.00340565, -0.00236132, -0.00164133, -0.00114880, -0.00081095, -0.00058592, -0.00042054, -0.00029570, -0.00021421, -0.00016269, -0.00011907, -0.00008500, -0.00006353, -0.00004424, -0.00003021, -0.00002427, -0.00001167, -0.00000670, -0.00000076, 0.00000466, 0.00000511, 0.00001070, 0.00001159, 0.00001564, 0.00001460, 0.00001709, 0.00001750, 0.00002000, 0.00001980, 0.00001985, 0.00001882, 0.00002045, 0.00001913, 0.00001936, 0.00001744, 0.00001766, 0.00001649, 0.00001693, 0.00001493, 0.00001510, 0.00001333, 0.00001356, 0.00001241, 0.00001215, 0.00001060, 0.00001014
-0.02494863, -0.02470387, -0.02397851, -0.02283053, -0.02136257, -0.01967409, -0.01786358, -0.01601690, -0.01420548, -0.01247968, -0.01087287, -0.00940638, -0.00808863, -0.00691969, -0.00589447, -0.00500315, -0.00423422, -0.00357496, -0.00301257, -0.00253498, -0.00213066, -0.00178929, -0.00150180, -0.00126000, -0.00105674, -0.00088614, -0.00074293, -0.00062279, -0.00052192, -0.00043728, -0.00036619, -0.00030646, -0.00025622, -0.00021393, -0.00017830, -0.00014823, -0.00012295, -0.00010161, -0.00008359, -0.00006839, -0.00005557, -0.00004477, -0.00003566, -0.00002798, -0.00002153, -0.00001608, -0.00001156, -0.00000779, -0.00000467, -0.00000208, 0.00000005, 0.00000177, 0.00000316, 0.00000426, 0.00000513, 0.00000580, 0.00000632, 0.00000668, 0.00000692, 0.00000707, 0.00000713, 0.00000713
-0.06275808, -0.06166360, -0.05848281, -0.05376699, -0.04818637, -0.04230695, -0.03653955, -0.03113716, -0.02624146, -0.02191030, -0.01814913, -0.01493578, -0.01222523, -0.00996261, -0.00809052, -0.00655169, -0.00529407, -0.00427076, -0.00344081, -0.00276982, -0.00222837, -0.00179200, -0.00144101, -0.00115868, -0.00093146, -0.00074883, -0.00060188, -0.00048359, -0.00038821, -0.00031133, -0.00024928, -0.00019911, -0.00015848, -0.00012552, -0.00009875, -0.00007696, -0.00005932, -0.00004493, -0.00003321, -0.00002368, -0.00001596, -0.00000971, -0.00000464, -0.00000056, 0.00000270, 0.00000532, 0.00000732, 0.00000886, 0.00001001, 0.00001085, 0.00001143, 0.00001179, 0.00001195, 0.00001196, 0.00001187, 0.00001168, 0.00001146, 0.00001115, 0.00001080, 0.00001042, 0.00001002, 0.00000961
-0.09538956, -0.09404299, -0.09010006, -0.08412953, -0.07685812, -0.06895427, -0.06094437, -0.05320406, -0.04596270, -0.03934641, -0.03342563, -0.02820966, -0.02367448, -0.01977675, -0.01645603, -0.01364936, -0.01129076, -0.00931930, -0.00767815, -0.00631706, -0.00519125, -0.00426213, -0.00349642, -0.00286687, -0.00234960, -0.00192452, -0.00157515, -0.00128880, -0.00105378, -0.00086070, -0.00070201, -0.00057169, -0.00046455, -0.00037637, -0.00030373, -0.00024369, -0.00019431, -0.00015361, -0.00012008, -0.00009242, -0.00006956, -0.00005072, -0.00003523, -0.00002257, -0.00001220, -0.00000364, 0.00000322, 0.00000874, 0.00001312, 0.00001654, 0.00001916, 0.00002112, 0.00002253, 0.00002349, 0.00002407, 0.00002433, 0.00002437, 0.00002414, 0.00002375, 0.00002324, 0.00002262, 0.00002192
-0.10088252, -0.09940058, -0.09507001, -0.08854586, -0.08065002, -0.07212537, -0.06354274, -0.05529731, -0.04762327, -0.04064399, -0.03442458, -0.02896711, -0.02423955, -0.02019110, -0.01675375, -0.01385800, -0.01143210, -0.00941066, -0.00773290, -0.00634531, -0.00520083, -0.00425890, -0.00348470, -0.00284991, -0.00232966, -0.00190324, -0.00155365, -0.00126786, -0.00103388, -0.00084214, -0.00068492, -0.00055612, -0.00045050, -0.00036377, -0.00029249, -0.00023371, -0.00018547, -0.00014581, -0.00011321, -0.00008638, -0.00006426, -0.00004607, -0.00003116, -0.00001900, -0.00000908, -0.00000090, 0.00000562, 0.00001084, 0.00001495, 0.00001814, 0.00002056, 0.00002235, 0.00002360, 0.00002442, 0.00002489, 0.00002504, 0.00002498, 0.00002467, 0.00002421, 0.00002363, 0.00002296, 0.00002221
-1.68043425, -1.46667419, -1.01606318, -0.64451915, -0.42521407, -0.30436451, -0.22895078, -0.17371502, -0.13041347, -0.09670440, -0.07123003, -0.05239478, -0.03857137, -0.02841371, -0.02091416, -0.01537165, -0.01128023, -0.00827161, -0.00606436, -0.00444752, -0.00326364, -0.00239558, -0.00175829, -0.00129187, -0.00094976, -0.00069775, -0.00051150, -0.00037496, -0.00027387, -0.00019832, -0.00014150, -0.00009900, -0.00006684, -0.00004221, -0.00002316, -0.00000809, 0.00000362, 0.00001278, 0.00001990, 0.00002555, 0.00003019, 0.00003385, 0.00003662, 0.00003860, 0.00004002, 0.00004115, 0.00004174, 0.00004196, 0.00004182, 0.00004137, 0.00004066, 0.00003974, 0.00003866, 0.00003747, 0.00003619, 0.00003475, 0.00003329, 0.00003172, 0.00003015, 0.00002862, 0.00002710, 0.00002558
-0.32634188, -0.31392742, -0.28066358, -0.23868450, -0.19771304, -0.16204617, -0.13217094, -0.10726741, -0.08648085, -0.06921071, -0.05502876, -0.04352067, -0.03427712, -0.02691194, -0.02107141, -0.01646183, -0.01283418, -0.00998948, -0.00776432, -0.00602813, -0.00467627, -0.00362458, -0.00280698, -0.00217300, -0.00168122, -0.00129930, -0.00100243, -0.00077273, -0.00059441, -0.00045560, -0.00034736, -0.00026319, -0.00019752, -0.00014611, -0.00010576, -0.00007384, -0.00004882, -0.00002914, -0.00001370, -0.00000153, 0.00000818, 0.00001582, 0.00002174, 0.00002624, 0.00002966, 0.00003235, 0.00003420, 0.00003545, 0.00003616, 0.00003644, 0.00003635, 0.00003597, 0.00003536, 0.00003458, 0.00003366, 0.00003258, 0.00003145, 0.00003018, 0.00002889, 0.00002759, 0.00002628, 0.00002497
-0.62794950, -0.58705309, -0.48617065, -0.37679589, -0.28785341, -0.22258704, -0.17428442, -0.13681157, -0.10682618, -0.08275363, -0.06368709, -0.04879816, -0.03728477, -0.02843216, -0.02163856, -0.01643792, -0.01246432, -0.00943739, -0.00713747, -0.00539344, -0.00407341, -0.00307461, -0.00231890, -0.00174879, -0.00131832, -0.00099257, -0.00074572, -0.00055975, -0.00041892, -0.00031176, -0.00022997, -0.00016778, -0.00012021, -0.00008360, -0.00005528, -0.00003308, -0.00001590, -0.00000253, 0.00000784, 0.00001596, 0.00002245, 0.00002753, 0.00003139, 0.00003423, 0.00003633, 0.00003796, 0.00003896, 0.00003951, 0.00003965, 0.00003944, 0.00003894, 0.00003821, 0.00003730, 0.00003627, 0.00003513, 0.00003383, 0.00003251, 0.00003107, 0.00002962, 0.00002819, 0.00002677, 0.00002534
-1.72009048, -1.49827255, -1.03263678, -0.65140281, -0.42818025, -0.30603042, -0.23007389, -0.17446569, -0.13086720, -0.09694535, -0.07133822, -0.05242926, -0.03856801, -0.02839211, -0.02088476, -0.01534016, -0.01125003, -0.00824436, -0.00604088, -0.00442791, -0.00324761, -0.00238268, -0.00174802, -0.00128379, -0.00094345, -0.00069286, -0.00050774, -0.00037207, -0.00027167, -0.00019665, -0.00014023, -0.00009804, -0.00006612, -0.00004166, -0.00002274, -0.00000777, 0.00000386, 0.00001297, 0.00002005, 0.00002567, 0.00003028, 0.00003393, 0.00003669, 0.00003865, 0.00004007, 0.00004119, 0.00004178, 0.00004199, 0.00004185, 0.00004140, 0.00004068, 0.00003976, 0.00003868, 0.00003749, 0.00003620, 0.00003477, 0.00003330, 0.00003173, 0.00003016, 0.00002862, 0.00002710, 0.00002559
-0.23733743, -0.23046115, -0.21143254, -0.18589255, -0.15903932, -0.13391736, -0.11163052, -0.09229864, -0.07571590, -0.06163387, -0.04983452, -0.04006734, -0.03206569, -0.02556979, -0.02032760, -0.01612023, -0.01275589, -0.01007618, -0.00794749, -0.00626123, -0.00492821, -0.00387574, -0.00304547, -0.00239207, -0.00187779, -0.00147268, -0.00115333, -0.00090259, -0.00070519, -0.00054945, -0.00042645, -0.00032949, -0.00025288, -0.00019220, -0.00014405, -0.00010560, -0.00007515, -0.00005095, -0.00003177, -0.00001650, -0.00000427, 0.00000545, 0.00001308, 0.00001900, 0.00002359, 0.00002723, 0.00002987, 0.00003176, 0.00003302, 0.00003376, 0.00003406, 0.00003401, 0.00003368, 0.00003313, 0.00003242, 0.00003152, 0.00003054, 0.00002942, 0.00002825, 0.00002706, 0.00002586, 0.00002463
-0.00850681, -0.00842034, -0.00816227, -0.00775586, -0.00723783, -0.00664441, -0.00601123, -0.00536877, -0.00474159, -0.00414743, -0.00359742, -0.00309802, -0.00265188, -0.00225823, -0.00191486, -0.00161792, -0.00136310, -0.00114574, -0.00096124, -0.00080533, -0.00067395, -0.00056357, -0.00047101, -0.00039349, -0.00032862, -0.00027440, -0.00022906, -0.00019116, -0.00015948, -0.00013300, -0.00011084, -0.00009228, -0.00007673, -0.00006369, -0.00005274, -0.00004354, -0.00003583, -0.00002934, -0.00002389, -0.00001932, -0.00001548, -0.00001226, -0.00000956, -0.00000729, -0.00000541, -0.00000382, -0.00000252, -0.00000144, -0.00000056, 0.00000016, 0.00000074, 0.00000121, 0.00000157, 0.00000186, 0.00000207, 0.00000223, 0.00000235, 0.00000242, 0.00000246, 0.00000247, 0.00000246, 0.00000243
-0.40410805, -0.34016093, -0.21817439, -0.13022874, -0.08277016, -0.05712138, -0.04108757, -0.02969679, -0.02124363, -0.01503349, -0.01057584, -0.00743201, -0.00523037, -0.00368522, -0.00259767, -0.00183015, -0.00128917, -0.00090859, -0.00064131, -0.00045384, -0.00032197, -0.00022922, -0.00016382, -0.00011738, -0.00008430, -0.00006081, -0.00004386, -0.00003148, -0.00002242, -0.00001573, -0.00001070, -0.00000686, -0.00000386, -0.00000151, 0.00000035, 0.00000182, 0.00000300, 0.00000397, 0.00000474, 0.00000533, 0.00000577, 0.00000611, 0.00000636, 0.00000653, 0.00000661, 0.00000663, 0.00000657, 0.00000647, 0.00000633, 0.00000616, 0.00000596, 0.00000572, 0.00000547, 0.00000520, 0.00000494, 0.00000469, 0.00000443, 0.00000417, 0.00000392, 0.00000368, 0.00000345, 0.00000324
-0.88606402, -0.67375698, -0.34427264, -0.16844516, -0.09674607, -0.06463683, -0.04578014, -0.03238787, -0.02250017, -0.01541602, -0.01051881, -0.00720250, -0.00496166, -0.00343185, -0.00237774, -0.00164742, -0.00114220, -0.00079329, -0.00055277, -0.00038702, -0.00027220, -0.00019267, -0.00013704, -0.00009773, -0.00007004, -0.00005065, -0.00003655, -0.00002619, -0.00001866, -0.00001300, -0.00000872, -0.00000549, -0.00000280, -0.00000074, 0.00000094, 0.00000229, 0.00000332, 0.00000428, 0.00000498, 0.00000557, 0.00000593, 0.00000628, 0.00000651, 0.00000669, 0.00000675, 0.00000675, 0.00000667, 0.00000659, 0.00000642, 0.00000626, 0.00000602, 0.00000578, 0.00000551, 0.00000526, 0.00000497, 0.00000472, 0.00000444, 0.00000419, 0.00000393, 0.00000369, 0.00000344, 0.00000323
-0.01683495, -0.01657584, -0.01581389, -0.01466512, -0.01327582, -0.01177788, -0.01027626, -0.00884262, -0.00752141, -0.00633604, -0.00529388, -0.00439297, -0.00362501, -0.00297736, -0.00243650, -0.00198792, -0.00161817, -0.00131482, -0.00106687, -0.00086487, -0.00070060, -0.00056731, -0.00045928, -0.00037173, -0.00030081, -0.00024341, -0.00019688, -0.00015915, -0.00012855, -0.00010372, -0.00008354, -0.00006712, -0.00005374, -0.00004283, -0.00003392, -0.00002663, -0.00002069, -0.00001583, -0.00001185, -0.00000861, -0.00000598, -0.00000383, -0.00000209, -0.00000068, 0.00000044, 0.00000134, 0.00000204, 0.00000258, 0.00000299, 0.00000329, 0.00000349, 0.00000362, 0.00000369, 0.00000371, 0.00000369, 0.00000364, 0.00000358, 0.00000348, 0.00000338, 0.00000326, 0.00000314, 0.00000302
-0.38842014, -0.32836364, -0.21273274, -0.12817777, -0.08191133, -0.05665822, -0.04080442, -0.02953045, -0.02115836, -0.01499930, -0.01056968, -0.00743905, -0.00524218, -0.00369792, -0.00260953, -0.00184049, -0.00129781, -0.00091556, -0.00064681, -0.00045808, -0.00032520, -0.00023166, -0.00016564, -0.00011873, -0.00008529, -0.00006154, -0.00004439, -0.00003187, -0.00002270, -0.00001593, -0.00001084, -0.00000696, -0.00000394, -0.00000156, 0.00000030, 0.00000179, 0.00000297, 0.00000395, 0.00000472, 0.00000532, 0.00000575, 0.00000610, 0.00000635, 0.00000652, 0.00000660, 0.00000662, 0.00000656, 0.00000646, 0.00000632, 0.00000616, 0.00000595, 0.00000572, 0.00000546, 0.00000520, 0.00000494, 0.00000468, 0.00000443, 0.00000417, 0.00000392, 0.00000368, 0.00000345, 0.00000324
-0.11013433, -0.10297114, -0.08534876, -0.06618814, -0.05032449, -0.03836509, -0.02937723, -0.02246038, -0.01706481, -0.01286855, -0.00964116, -0.00718928, -0.00534481, -0.00396432, -0.00293550, -0.00217010, -0.00160231, -0.00118197, -0.00087140, -0.00064246, -0.00047366, -0.00034942, -0.00025798, -0.00019049, -0.00014065, -0.00010392, -0.00007667, -0.00005637, -0.00004124, -0.00002992, -0.00002139, -0.00001492, -0.00000996, -0.00000614, -0.00000320, -0.00000091, 0.00000087, 0.00000228, 0.00000338, 0.00000422, 0.00000484, 0.00000533, 0.00000569, 0.00000594, 0.00000608, 0.00000617, 0.00000616, 0.00000611, 0.00000601, 0.00000588, 0.00000571, 0.00000551, 0.00000529, 0.00000506, 0.00000483, 0.00000459, 0.00000436, 0.00000413, 0.00000389, 0.00000367, 0.00000346, 0.00000326
-70.48770545, -13.95199111, -1.01072019, 0.01661930, 0.01371075, -0.03452663, -0.06027846, -0.05836507, -0.01012098, -0.00524164, -0.00030385, -0.00530120, -0.00778684, -0.00270352, 0.00129392, 0.00066158, -0.00424211, -0.00337560, -0.00002396, 0.00182572, 0.00214131, -0.00233938, -0.00203690, 0.00174519, 0.00147693, -0.00138048, -0.00085332, 0.00048019, -0.00023152, 0.00053769, 0.00094148, -0.00095236, 0.00079117, 0.00012224, 0.00026361, 0.00070742, -0.00064358, 0.00041008, -0.00029084, 0.00052857, -0.00054154, -0.00004380, -0.00025819, 0.00045590, 0.00021687, 0.00009557, -0.00031934, 0.00039565, 0.00000080, 0.00025035, -0.00033068, -0.00001167, -0.00019534, 0.00029707, -0.00020422, 0.00018644, -0.00025002, 0.00017560, 0.00001299, 0.00022537, -0.00013024, -0.00002675
-49.84893590, -11.65478669, -0.92180356, -0.04261715, -0.02747533, -0.05189503, -0.05897464, -0.04963539, -0.01555510, -0.00907391, -0.00405959, -0.00565325, -0.00624533, -0.00273933, -0.00005054, -0.00016920, -0.00284285, -0.00220638, -0.00018278, 0.00094120, 0.00115018, -0.00142434, -0.00122312, 0.00098900, 0.00083432, -0.00082268, -0.00050646, 0.00027128, -0.00014109, 0.00030991, 0.00054233, -0.00055578, 0.00046152, 0.00007028, 0.00015497, 0.00041073, -0.00037222, 0.00024068, -0.00016673, 0.00030997, -0.00031318, -0.00002211, -0.00014762, 0.00026876, 0.00012811, 0.00005883, -0.00018331, 0.00023373, 0.00000286, 0.00014850, -0.00019019, -0.00000397, -0.00011130, 0.00017513, -0.00011683, 0.00011029, -0.00014341, 0.00010384, 0.00000943, 0.00013230, -0.00007413, -0.00001442
-0.00903264, -0.00893766, -0.00865433, -0.00820945, -0.00764435, -0.00699973, -0.00631502, -0.00562348, -0.00495145, -0.00431764, -0.00373343, -0.00320520, -0.00273518, -0.00232207, -0.00196309, -0.00165376, -0.00138924, -0.00116437, -0.00097412, -0.00081386, -0.00067922, -0.00056645, -0.00047216, -0.00039341, -0.00032769, -0.00027292, -0.00022723, -0.00018914, -0.00015738, -0.00013090, -0.00010879, -0.00009032, -0.00007488, -0.00006196, -0.00005115, -0.00004207, -0.00003449, -0.00002812, -0.00002279, -0.00001832, -0.00001458, -0.00001144, -0.00000882, -0.00000664, -0.00000482, -0.00000329, -0.00000205, -0.00000102, -0.00000018, 0.00000050, 0.00000104, 0.00000147, 0.00000181, 0.00000206, 0.00000226, 0.00000239, 0.00000249, 0.00000255, 0.00000257, 0.00000257, 0.00000254, 0.00000251
-2.92922359, -1.77948221, -0.58087689, -0.20367681, -0.10478220, -0.07052280, -0.05030010, -0.03488982, -0.02328305, -0.01529809, -0.01006993, -0.00673531, -0.00457263, -0.00311941, -0.00212982, -0.00145731, -0.00100628, -0.00069186, -0.00047423, -0.00032722, -0.00022831, -0.00016839, -0.00012025, -0.00007991, -0.00005722, -0.00004614, -0.00003304, -0.00002177, -0.00001662, -0.00001022, -0.00000584, -0.00000637, -0.00000063, -0.00000006, 0.00000183, 0.00000381, 0.00000239, 0.00000524, 0.00000463, 0.00000670, 0.00000505, 0.00000636, 0.00000615, 0.00000767, 0.00000722, 0.00000704, 0.00000615, 0.00000742, 0.00000648, 0.00000679, 0.00000545, 0.00000582, 0.00000519, 0.00000584, 0.00000461, 0.00000507, 0.00000399, 0.00000451, 0.00000395, 0.00000408, 0.00000319, 0.00000316
-0.11436430, -0.11239276, -0.10664485, -0.09830734, -0.08860073, -0.07853768, -0.06875482, -0.05958254, -0.05117135, -0.04360282, -0.03689523, -0.03102850, -0.02596400, -0.02163056, -0.01795612, -0.01485836, -0.01226276, -0.01009729, -0.00829752, -0.00680732, -0.00557647, -0.00456260, -0.00372886, -0.00304425, -0.00248279, -0.00202326, -0.00164700, -0.00133916, -0.00108735, -0.00088182, -0.00071390, -0.00057658, -0.00046421, -0.00037240, -0.00029736, -0.00023582, -0.00018558, -0.00014446, -0.00011077, -0.00008320, -0.00006067, -0.00004231, -0.00002731, -0.00001503, -0.00000505, 0.00000309, 0.00000953, 0.00001465, 0.00001872, 0.00002189, 0.00002429, 0.00002606, 0.00002729, 0.00002807, 0.00002849, 0.00002860, 0.00002853, 0.00002821, 0.00002773, 0.00002709, 0.00002633, 0.00002549
-0.69610404, -0.64027563, -0.50667763, -0.37144836, -0.27244845, -0.20810384, -0.16438974, -0.13106897, -0.10378920, -0.08134594, -0.06329338, -0.04907408, -0.03800507, -0.02939622, -0.02270124, -0.01749007, -0.01344698, -0.01031910, -0.00790767, -0.00605321, -0.00462810, -0.00353476, -0.00269630, -0.00205367, -0.00156158, -0.00118593, -0.00089856, -0.00067861, -0.00051021, -0.00038199, -0.00028394, -0.00020868, -0.00015072, -0.00010632, -0.00007222, -0.00004575, -0.00002539, -0.00000957, 0.00000276, 0.00001235, 0.00001976, 0.00002541, 0.00002979, 0.00003325, 0.00003588, 0.00003787, 0.00003911, 0.00003988, 0.00004033, 0.00004047, 0.00004031, 0.00003990, 0.00003927, 0.00003845, 0.00003748, 0.00003641, 0.00003530, 0.00003408, 0.00003282, 0.00003147, 0.00003006, 0.00002865
-0.03642287, -0.03615069, -0.03530884, -0.03398211, -0.03224707, -0.03021142, -0.02797994, -0.02564546, -0.02328538, -0.02096931, -0.01874550, -0.01664776, -0.01470131, -0.01291615, -0.01129866, -0.00984553, -0.00855097, -0.00740503, -0.00639656, -0.00551388, -0.00474421, -0.00407572, -0.00349675, -0.00299660, -0.00256541, -0.00219454, -0.00187570, -0.00160211, -0.00136746, -0.00116655, -0.00099450, -0.00084717, -0.00072101, -0.00061306, -0.00052066, -0.00044144, -0.00037374, -0.00031577, -0.00026612, -0.00022361, -0.00018721, -0.00015607, -0.00012941, -0.00010656, -0.00008702, -0.00007024, -0.00005600, -0.00004387, -0.00003353, -0.00002475, -0.00001732, -0.00001105, -0.00000579, -0.00000140, 0.00000226, 0.00000527, 0.00000778, 0.00000977, 0.00001136, 0.00001259, 0.00001351, 0.00001418
-0.99520005, -0.89444210, -0.66462531, -0.45158360, -0.31245209, -0.23198560, -0.18130329, -0.14335047, -0.11218088, -0.08666087, -0.06644336, -0.05083391, -0.03890755, -0.02977154, -0.02275081, -0.01734415, -0.01319448, -0.01002041, -0.00760140, -0.00576193, -0.00436325, -0.00330110, -0.00249450, -0.00188223, -0.00141790, -0.00106687, -0.00080080, -0.00059893, -0.00044566, -0.00033002, -0.00024231, -0.00017545, -0.00012426, -0.00008533, -0.00005560, -0.00003261, -0.00001500, -0.00000136, 0.00000928, 0.00001753, 0.00002390, 0.00002873, 0.00003247, 0.00003544, 0.00003769, 0.00003938, 0.00004039, 0.00004097, 0.00004126, 0.00004128, 0.00004103, 0.00004054, 0.00003984, 0.00003896, 0.00003794, 0.00003681, 0.00003566, 0.00003440, 0.00003310, 0.00003171, 0.00003027, 0.00002882
-0.05560231, -0.05505463, -0.05338906, -0.05081207, -0.04753802, -0.04381698, -0.03987104, -0.03587704, -0.03196552, -0.02823998, -0.02476346, -0.02157252, -0.01868823, -0.01610916, -0.01382837, -0.01182701, -0.01008420, -0.00857523, -0.00727522, -0.00616052, -0.00520786, -0.00439652, -0.00370712, -0.00312255, -0.00262771, -0.00220972, -0.00185666, -0.00155886, -0.00130774, -0.00109636, -0.00091835, -0.00076838, -0.00064201, -0.00053562, -0.00044601, -0.00037038, -0.00030676, -0.00025314, -0.00020793, -0.00016981, -0.00013771, -0.00011068, -0.00008791, -0.00006871, -0.00005256, -0.00003893, -0.00002761, -0.00001815, -0.00001026, -0.00000371, 0.00000168, 0.00000609, 0.00000966, 0.00001251, 0.00001477, 0.00001651, 0.00001788, 0.00001883, 0.00001948, 0.00001985, 0.00002000, 0.00001996
-0.07907254, -0.07806443, -0.07505274, -0.07050893, -0.06493658, -0.05883860, -0.05260767, -0.04651309, -0.04072512, -0.03536134, -0.03048088, -0.02610599, -0.02223935, -0.01885558, -0.01592449, -0.01340289, -0.01124828, -0.00941638, -0.00786603, -0.00655946, -0.00546127, -0.00454120, -0.00377187, -0.00312965, -0.00259433, -0.00214902, -0.00177852, -0.00147060, -0.00121472, -0.00100249, -0.00082636, -0.00068007, -0.00055853, -0.00045766, -0.00037391, -0.00030420, -0.00024639, -0.00019834, -0.00015838, -0.00012517, -0.00009760, -0.00007474, -0.00005576, -0.00003999, -0.00002693, -0.00001608, -0.00000726, -0.00000005, 0.00000584, 0.00001060, 0.00001440, 0.00001739, 0.00001969, 0.00002142, 0.00002266, 0.00002350, 0.00002407, 0.00002431, 0.00002432, 0.00002412, 0.00002375, 0.00002326
-2334.85731355, -289.45063116, -18.14994739, 7.33211516, 4.93658364, 1.64330996, -0.57250796, -1.30210174, 0.44912380, 0.34204175, 0.36749348, -0.00905153, -0.21723547, -0.02573022, 0.13409001, 0.08204117, -0.17008015, -0.14183067, 0.01278175, 0.09775861, 0.11165888, -0.10688248, -0.09515636, 0.08554194, 0.07318987, -0.06441270, -0.04033292, 0.02367443, -0.01057226, 0.02593476, 0.04588276, -0.04560364, 0.03770261, 0.00599363, 0.01241479, 0.03418979, -0.03118328, 0.01946382, -0.01423887, 0.02513348, -0.02614958, -0.00249203, -0.01264478, 0.02149535, 0.01029268, 0.00424397, -0.01555616, 0.01859878, -0.00017147, 0.01172971, -0.01606880, -0.00086190, -0.00960811, 0.01404003, -0.00998996, 0.00879223, -0.01221479, 0.00828165, 0.00042963, 0.01074148, -0.00642350, -0.00137446
-0.87224525, -0.79093481, -0.60210376, -0.42121215, -0.29793499, -0.22345350, -0.17522261, -0.13892408, -0.10918068, -0.08479290, -0.06536152, -0.05024762, -0.03861994, -0.02966490, -0.02275357, -0.01741195, -0.01329571, -0.01013493, -0.00771589, -0.00586884, -0.00445925, -0.00338494, -0.00256628, -0.00194273, -0.00146825, -0.00110830, -0.00083460, -0.00062631, -0.00046772, -0.00034768, -0.00025638, -0.00018662, -0.00013311, -0.00009231, -0.00006110, -0.00003694, -0.00001841, -0.00000404, 0.00000716, 0.00001585, 0.00002256, 0.00002766, 0.00003161, 0.00003474, 0.00003711, 0.00003889, 0.00003997, 0.00004061, 0.00004096, 0.00004101, 0.00004079, 0.00004033, 0.00003965, 0.00003879, 0.00003779, 0.00003667, 0.00003554, 0.00003429, 0.00003300, 0.00003163, 0.00003020, 0.00002876
-0.10264207, -0.10102765, -0.09628341, -0.08931160, -0.08105575, -0.07234545, -0.06374288, -0.05557148, -0.04799966, -0.04112793, -0.03499116, -0.02958538, -0.02488664, -0.02083985, -0.01738711, -0.01445917, -0.01199180, -0.00992199, -0.00819289, -0.00675369, -0.00555891, -0.00456991, -0.00375263, -0.00307830, -0.00252265, -0.00206570, -0.00168979, -0.00138081, -0.00112689, -0.00091867, -0.00074775, -0.00060734, -0.00049192, -0.00039719, -0.00031940, -0.00025533, -0.00020277, -0.00015956, -0.00012400, -0.00009477, -0.00007077, -0.00005111, -0.00003498, -0.00002171, -0.00001087, -0.00000197, 0.00000512, 0.00001081, 0.00001538, 0.00001897, 0.00002175, 0.00002384, 0.00002536, 0.00002639, 0.00002702, 0.00002732, 0.00002742, 0.00002724, 0.00002688, 0.00002636, 0.00002570, 0.00002494
-0.31643884, -0.30280030, -0.26682153, -0.22318850, -0.18280943, -0.14957693, -0.12283791, -0.10083861, -0.08233356, -0.06674384, -0.05374994, -0.04306469, -0.03438277, -0.02736916, -0.02173250, -0.01721361, -0.01360419, -0.01072995, -0.00844798, -0.00664178, -0.00521429, -0.00408869, -0.00320202, -0.00250421, -0.00195562, -0.00152544, -0.00118768, -0.00092258, -0.00071450, -0.00055183, -0.00042436, -0.00032425, -0.00024550, -0.00018377, -0.00013533, -0.00009708, -0.00006708, -0.00004342, -0.00002474, -0.00001001, 0.00000156, 0.00001057, 0.00001765, 0.00002325, 0.00002758, 0.00003096, 0.00003333, 0.00003501, 0.00003619, 0.00003691, 0.00003725, 0.00003724, 0.00003695, 0.00003643, 0.00003572, 0.00003486, 0.00003395, 0.00003290, 0.00003179, 0.00003058, 0.00002931, 0.00002802
-1229.67092645, -202.42264870, -8.55536243, 4.35942279, 2.28114379, 0.46739354, -0.47410056, -0.68555360, 0.12239171, 0.10481259, 0.12572591, -0.02621642, -0.10736534, -0.02214409, 0.04814008, 0.02826291, -0.07614350, -0.06236601, 0.00342983, 0.03963065, 0.04543047, -0.04604630, -0.04049996, 0.03583491, 0.03041425, -0.02754472, -0.01709020, 0.00988180, -0.00455766, 0.01093596, 0.01918245, -0.01925729, 0.01596976, 0.00247820, 0.00527579, 0.01432437, -0.01311183, 0.00822344, -0.00597993, 0.01061105, -0.01104247, -0.00100372, -0.00532424, 0.00911073, 0.00431320, 0.00182407, -0.00655648, 0.00789473, -0.00006881, 0.00497365, -0.00677232, -0.00032729, -0.00403197, 0.00594123, -0.00419930, 0.00371662, -0.00512507, 0.00350390, 0.00020728, 0.00452679, -0.00268477, -0.00057568
-0.27524914, -0.26341900, -0.23220169, -0.19431409, -0.15921060, -0.13028086, -0.10697951, -0.08780128, -0.07167157, -0.05808670, -0.04676762, -0.03746138, -0.02990159, -0.02379574, -0.01888993, -0.01495798, -0.01181835, -0.00931884, -0.00733500, -0.00576519, -0.00452487, -0.00354715, -0.00277717, -0.00217134, -0.00169524, -0.00132199, -0.00102898, -0.00079904, -0.00061867, -0.00047767, -0.00036719, -0.00028042, -0.00021220, -0.00015874, -0.00011679, -0.00008366, -0.00005768, -0.00003719, -0.00002101, -0.00000827, 0.00000173, 0.00000952, 0.00001565, 0.00002049, 0.00002423, 0.00002713, 0.00002917, 0.00003061, 0.00003162, 0.00003223, 0.00003249, 0.00003247, 0.00003219, 0.00003172, 0.00003108, 0.00003032, 0.00002952, 0.00002859, 0.00002760, 0.00002654, 0.00002542, 0.00002429
-0.16380569, -0.15940194, -0.14710952, -0.13057839, -0.11311271, -0.09670043, -0.08203353, -0.06913280, -0.05784337, -0.04805069, -0.03965348, -0.03253876, -0.02658251, -0.02163346, -0.01755229, -0.01420073, -0.01146194, -0.00923158, -0.00742132, -0.00595683, -0.00477444, -0.00382213, -0.00305613, -0.00244071, -0.00194689, -0.00155146, -0.00123455, -0.00098073, -0.00077749, -0.00061521, -0.00048542, -0.00038145, -0.00029812, -0.00023149, -0.00017815, -0.00013528, -0.00010101, -0.00007351, -0.00005142, -0.00003372, -0.00001956, -0.00000830, 0.00000072, 0.00000795, 0.00001368, 0.00001823, 0.00002165, 0.00002424, 0.00002620, 0.00002760, 0.00002852, 0.00002906, 0.00002926, 0.00002919, 0.00002890, 0.00002844, 0.00002789, 0.00002718, 0.00002639, 0.00002550, 0.00002454, 0.00002355
-0.80724778, -0.72908960, -0.54911907, -0.37930894, -0.26574454, -0.19837517, -0.15523338, -0.12284506, -0.09630755, -0.07458227, -0.05732715, -0.04395509, -0.03370321, -0.02583054, -0.01976924, -0.01509492, -0.01150158, -0.00874825, -0.00664623, -0.00504491, -0.00382552, -0.00289815, -0.00219292, -0.00165681, -0.00124976, -0.00094159, -0.00070765, -0.00052993, -0.00039490, -0.00029288, -0.00021538, -0.00015623, -0.00011092, -0.00007644, -0.00005008, -0.00002968, -0.00001404, -0.00000192, 0.00000753, 0.00001486, 0.00002050, 0.00002478, 0.00002812, 0.00003076, 0.00003274, 0.00003423, 0.00003511, 0.00003563, 0.00003589, 0.00003591, 0.00003568, 0.00003524, 0.00003462, 0.00003384, 0.00003294, 0.00003195, 0.00003095, 0.00002984, 0.00002870, 0.00002748, 0.00002622, 0.00002495
-0.13633586, -0.13323584, -0.12443035, -0.11221548, -0.09878859, -0.08565905, -0.07352839, -0.06259811, -0.05287173, -0.04432651, -0.03691353, -0.03056107, -0.02518417, -0.02066875, -0.01690787, -0.01379065, -0.01122045, -0.00910915, -0.00738114, -0.00597148, -0.00482394, -0.00389229, -0.00313692, -0.00252525, -0.00203058, -0.00163133, -0.00130886, -0.00104859, -0.00083859, -0.00066956, -0.00053333, -0.00042337, -0.00033459, -0.00026304, -0.00020534, -0.00015861, -0.00012098, -0.00009057, -0.00006598, -0.00004612, -0.00003012, -0.00001727, -0.00000691, 0.00000145, 0.00000814, 0.00001350, 0.00001761, 0.00002079, 0.00002324, 0.00002505, 0.00002634, 0.00002717, 0.00002763, 0.00002778, 0.00002769, 0.00002739, 0.00002698, 0.00002640, 0.00002571, 0.00002492, 0.00002405, 0.00002313
-0.24482539, -0.23533722, -0.20996257, -0.17839469, -0.14820274, -0.12251919, -0.10132173, -0.08362216, -0.06862093, -0.05591416, -0.04526369, -0.03644881, -0.02924032, -0.02338268, -0.01864965, -0.01483645, -0.01177659, -0.00932858, -0.00737642, -0.00582404, -0.00459185, -0.00361600, -0.00284394, -0.00223375, -0.00175205, -0.00137269, -0.00107354, -0.00083775, -0.00065197, -0.00050608, -0.00039126, -0.00030071, -0.00022922, -0.00017297, -0.00012864, -0.00009350, -0.00006584, -0.00004395, -0.00002661, -0.00001290, -0.00000210, 0.00000635, 0.00001302, 0.00001830, 0.00002240, 0.00002560, 0.00002788, 0.00002953, 0.00003070, 0.00003144, 0.00003182, 0.00003189, 0.00003169, 0.00003129, 0.00003071, 0.00003000, 0.00002924, 0.00002835, 0.00002739, 0.00002636, 0.00002527, 0.00002416
-0.03096611, -0.03071017, -0.02994245, -0.02872481, -0.02714226, -0.02529459, -0.02328107, -0.02119226, -0.01910117, -0.01706442, -0.01512925, -0.01332242, -0.01166260, -0.01015725, -0.00880708, -0.00760751, -0.00654992, -0.00562373, -0.00481717, -0.00411833, -0.00351510, -0.00299620, -0.00255095, -0.00216993, -0.00184452, -0.00156685, -0.00132997, -0.00112846, -0.00095705, -0.00081124, -0.00068716, -0.00058166, -0.00049195, -0.00041562, -0.00035067, -0.00029526, -0.00024816, -0.00020806, -0.00017392, -0.00014484, -0.00012007, -0.00009894, -0.00008096, -0.00006566, -0.00005267, -0.00004156, -0.00003220, -0.00002427, -0.00001758, -0.00001196, -0.00000725, -0.00000333, -0.00000008, 0.00000259, 0.00000478, 0.00000655, 0.00000800, 0.00000909, 0.00000992, 0.00001053, 0.00001096, 0.00001123
-0.02966472, -0.02942557, -0.02870780, -0.02756755, -0.02608221, -0.02434355, -0.02244345, -0.02046655, -0.01848168, -0.01654279, -0.01469544, -0.01296587, -0.01137281, -0.00992422, -0.00862179, -0.00746178, -0.00643671, -0.00553689, -0.00475157, -0.00406965, -0.00347985, -0.00297146, -0.00253435, -0.00215958, -0.00183890, -0.00156478, -0.00133049, -0.00113085, -0.00096072, -0.00081575, -0.00069220, -0.00058696, -0.00049733, -0.00042096, -0.00035585, -0.00030023, -0.00025289, -0.00021251, -0.00017807, -0.00014871, -0.00012364, -0.00010224, -0.00008399, -0.00006844, -0.00005522, -0.00004389, -0.00003432, -0.00002620, -0.00001933, -0.00001355, -0.00000869, -0.00000463, -0.00000126, 0.00000153, 0.00000383, 0.00000569, 0.00000722, 0.00000839, 0.00000929, 0.00000997, 0.00001046, 0.00001078
-0.01537718, -0.01529058, -0.01502897, -0.01460608, -0.01404047, -0.01335807, -0.01258639, -0.01175377, -0.01088534, -0.01000347, -0.00913042, -0.00828110, -0.00746873, -0.00670198, -0.00598708, -0.00532731, -0.00472372, -0.00417568, -0.00368129, -0.00323804, -0.00284245, -0.00249098, -0.00217974, -0.00190507, -0.00166332, -0.00145092, -0.00126450, -0.00110143, -0.00095885, -0.00083430, -0.00072553, -0.00063063, -0.00054787, -0.00047570, -0.00041277, -0.00035779, -0.00030994, -0.00026823, -0.00023185, -0.00020015, -0.00017249, -0.00014837, -0.00012733, -0.00010899, -0.00009301, -0.00007903, -0.00006690, -0.00005634, -0.00004716, -0.00003919, -0.00003227, -0.00002629, -0.00002112, -0.00001665, -0.00001280, -0.00000949, -0.00000663, -0.00000422, -0.00000217, -0.00000044, 0.00000102, 0.00000223
-0.07854811, -0.07734943, -0.07384282, -0.06860864, -0.06232426, -0.05559941, -0.04888516, -0.04247440, -0.03653302, -0.03114603, -0.02635712, -0.02216055, -0.01853149, -0.01542627, -0.01279247, -0.01057478, -0.00871816, -0.00717160, -0.00588863, -0.00482787, -0.00395334, -0.00323396, -0.00264300, -0.00215855, -0.00176194, -0.00143719, -0.00117112, -0.00095376, -0.00077611, -0.00063076, -0.00051172, -0.00041431, -0.00033460, -0.00026928, -0.00021571, -0.00017163, -0.00013552, -0.00010589, -0.00008158, -0.00006166, -0.00004529, -0.00003184, -0.00002083, -0.00001186, -0.00000460, 0.00000136, 0.00000611, 0.00000990, 0.00001288, 0.00001517, 0.00001689, 0.00001814, 0.00001900, 0.00001954, 0.00001982, 0.00001988, 0.00001980, 0.00001951, 0.00001910, 0.00001861, 0.00001806, 0.00001745
-0.22911584, -0.22059200, -0.19768499, -0.16869756, -0.14031377, -0.11554173, -0.09473670, -0.07731950, -0.06269639, -0.05046703, -0.04036064, -0.03210433, -0.02543251, -0.02008204, -0.01581323, -0.01242240, -0.00973786, -0.00761957, -0.00595297, -0.00464487, -0.00362041, -0.00281917, -0.00219290, -0.00170437, -0.00132373, -0.00102685, -0.00079491, -0.00061451, -0.00047405, -0.00036442, -0.00027862, -0.00021162, -0.00015928, -0.00011826, -0.00008603, -0.00006054, -0.00004054, -0.00002478, -0.00001239, -0.00000269, 0.00000500, 0.00001109, 0.00001584, 0.00001948, 0.00002220, 0.00002433, 0.00002583, 0.00002686, 0.00002748, 0.00002777, 0.00002776, 0.00002752, 0.00002709, 0.00002652, 0.00002585, 0.00002509, 0.00002427, 0.00002333, 0.00002235, 0.00002136, 0.00002038, 0.00001939
-0.19124106, -0.18515966, -0.16850195, -0.14665519, -0.12430453, -0.10395009, -0.08627027, -0.07113094, -0.05822859, -0.04731096, -0.03818884, -0.03065404, -0.02449825, -0.01951003, -0.01549149, -0.01226994, -0.00969722, -0.00764947, -0.00602476, -0.00473890, -0.00372339, -0.00292267, -0.00229178, -0.00179562, -0.00140594, -0.00109957, -0.00085839, -0.00066928, -0.00052087, -0.00040416, -0.00031216, -0.00023978, -0.00018282, -0.00013787, -0.00010233, -0.00007407, -0.00005175, -0.00003407, -0.00002008, -0.00000906, -0.00000028, 0.00000670, 0.00001218, 0.00001642, 0.00001964, 0.00002217, 0.00002401, 0.00002531, 0.00002616, 0.00002664, 0.00002679, 0.00002669, 0.00002638, 0.00002591, 0.00002533, 0.00002464, 0.00002388, 0.00002300, 0.00002208, 0.00002114, 0.00002019, 0.00001924
-0.01121161, -0.01115797, -0.01099527, -0.01073111, -0.01037457, -0.00994012, -0.00944299, -0.00889956, -0.00832461, -0.00773187, -0.00713595, -0.00654699, -0.00597464, -0.00542569, -0.00490569, -0.00441817, -0.00396518, -0.00354753, -0.00316504, -0.00281707, -0.00250203, -0.00221814, -0.00196328, -0.00173533, -0.00153207, -0.00135120, -0.00119047, -0.00104817, -0.00092227, -0.00081101, -0.00071277, -0.00062612, -0.00054974, -0.00048242, -0.00042312, -0.00037079, -0.00032480, -0.00028431, -0.00024866, -0.00021729, -0.00018967, -0.00016535, -0.00014394, -0.00012510, -0.00010852, -0.00009388, -0.00008105, -0.00006977, -0.00005986, -0.00005115, -0.00004352, -0.00003683, -0.00003097, -0.00002585, -0.00002137, -0.00001746, -0.00001403, -0.00001107, -0.00000851, -0.00000630, -0.00000439, -0.00000275
-0.11683237, -0.11439357, -0.10742275, -0.09750234, -0.08627945, -0.07498578, -0.06432075, -0.05460059, -0.04593015, -0.03831948, -0.03174643, -0.02614112, -0.02141840, -0.01747610, -0.01421016, -0.01152160, -0.00931930, -0.00752249, -0.00606186, -0.00487810, -0.00392097, -0.00314858, -0.00252595, -0.00202497, -0.00162240, -0.00129874, -0.00103829, -0.00082937, -0.00066170, -0.00052693, -0.00041846, -0.00033125, -0.00026113, -0.00020465, -0.00015910, -0.00012222, -0.00009251, -0.00006854, -0.00004920, -0.00003364, -0.00002105, -0.00001087, -0.00000270, 0.00000382, 0.00000895, 0.00001309, 0.00001626, 0.00001869, 0.00002050, 0.00002178, 0.00002263, 0.00002311, 0.00002331, 0.00002327, 0.00002305, 0.00002268, 0.00002221, 0.00002158, 0.00002088, 0.00002013, 0.00001935, 0.00001855
-0.24419583, -0.23459721, -0.20898328, -0.17699806, -0.14618392, -0.11970891, -0.09774125, -0.07949406, -0.06424964, -0.05155028, -0.04109410, -0.03258477, -0.02573485, -0.02026075, -0.01590807, -0.01246150, -0.00974104, -0.00760074, -0.00592167, -0.00460772, -0.00358152, -0.00278118, -0.00215738, -0.00167212, -0.00129507, -0.00100180, -0.00077328, -0.00059604, -0.00045841, -0.00035126, -0.00026761, -0.00020246, -0.00015168, -0.00011198, -0.00008085, -0.00005628, -0.00003703, -0.00002189, -0.00001002, -0.00000074, 0.00000661, 0.00001242, 0.00001695, 0.00002040, 0.00002297, 0.00002498, 0.00002637, 0.00002732, 0.00002788, 0.00002810, 0.00002805, 0.00002777, 0.00002731, 0.00002671, 0.00002601, 0.00002523, 0.00002439, 0.00002343, 0.00002243, 0.00002143, 0.00002043, 0.00001944
-5.03499113, -3.77348316, -1.78247250, -0.74932074, -0.39037718, -0.26976616, -0.20639902, -0.15496320, -0.11170598, -0.07860960, -0.05521159, -0.03919370, -0.02813581, -0.02029694, -0.01462717, -0.01051136, -0.00754258, -0.00541649, -0.00389923, -0.00281436, -0.00203546, -0.00147439, -0.00106770, -0.00077340, -0.00056171, -0.00040842, -0.00029554, -0.00021344, -0.00015374, -0.00010917, -0.00007567, -0.00005098, -0.00003182, -0.00001752, -0.00000625, 0.00000280, 0.00000962, 0.00001541, 0.00001968, 0.00002324, 0.00002587, 0.00002829, 0.00003004, 0.00003147, 0.00003223, 0.00003286, 0.00003310, 0.00003331, 0.00003306, 0.00003272, 0.00003202, 0.00003133, 0.00003041, 0.00002953, 0.00002841, 0.00002740, 0.00002618, 0.00002501, 0.00002373, 0.00002252, 0.00002125, 0.00002008
-0.19461464, -0.19001863, -0.17703468, -0.15923759, -0.13997140, -0.12141006, -0.10444102, -0.08921431, -0.07565240, -0.06369765, -0.05327467, -0.04430677, -0.03667782, -0.03024307, -0.02485525, -0.02036776, -0.01664675, -0.01357489, -0.01104692, -0.00897422, -0.00727839, -0.00589472, -0.00476765, -0.00385092, -0.00310597, -0.00250199, -0.00201253, -0.00161623, -0.00129513, -0.00103560, -0.00082606, -0.00065666, -0.00051959, -0.00040869, -0.00031920, -0.00024671, -0.00018830, -0.00014110, -0.00010295, -0.00007211, -0.00004725, -0.00002726, -0.00001127, 0.00000158, 0.00001189, 0.00002021, 0.00002661, 0.00003152, 0.00003522, 0.00003800, 0.00003999, 0.00004130, 0.00004204, 0.00004231, 0.00004220, 0.00004178, 0.00004118, 0.00004029, 0.00003926, 0.00003811, 0.00003683, 0.00003546
-0.03324858, -0.03304668, -0.03241173, -0.03140431, -0.03006734, -0.02847208, -0.02668930, -0.02478490, -0.02281885, -0.02084953, -0.01891733, -0.01705767, -0.01529528, -0.01364628, -0.01212154, -0.01072522, -0.00945679, -0.00831319, -0.00728794, -0.00637438, -0.00556386, -0.00484786, -0.00421747, -0.00366409, -0.00317944, -0.00275609, -0.00238677, -0.00206534, -0.00178570, -0.00154283, -0.00133212, -0.00114935, -0.00099087, -0.00085347, -0.00073445, -0.00063118, -0.00054189, -0.00046457, -0.00039760, -0.00033959, -0.00028936, -0.00024589, -0.00020827, -0.00017570, -0.00014751, -0.00012301, -0.00010195, -0.00008378, -0.00006812, -0.00005463, -0.00004303, -0.00003308, -0.00002457, -0.00001731, -0.00001115, -0.00000592, -0.00000146, 0.00000223, 0.00000529, 0.00000782, 0.00000987, 0.00001152
-0.06918433, -0.06850716, -0.06644372, -0.06325979, -0.05922520, -0.05464968, -0.04980328, -0.04489709, -0.04008837, -0.03550264, -0.03121128, -0.02726446, -0.02368467, -0.02047461, -0.01762559, -0.01511786, -0.01292589, -0.01102192, -0.00937558, -0.00795911, -0.00674455, -0.00570671, -0.00482212, -0.00406982, -0.00343104, -0.00288988, -0.00243172, -0.00204449, -0.00171714, -0.00144088, -0.00120791, -0.00101138, -0.00084555, -0.00070564, -0.00058772, -0.00048810, -0.00040427, -0.00033358, -0.00027396, -0.00022367, -0.00018129, -0.00014560, -0.00011557, -0.00009029, -0.00006900, -0.00005099, -0.00003604, -0.00002357, -0.00001321, -0.00000461, 0.00000249, 0.00000829, 0.00001299, 0.00001676, 0.00001972, 0.00002201, 0.00002381, 0.00002504, 0.00002588, 0.00002638, 0.00002657, 0.00002652
-0.13540147, -0.13311530, -0.12644549, -0.11678767, -0.10556136, -0.09393122, -0.08261282, -0.07196457, -0.06215071, -0.05326890, -0.04534101, -0.03836335, -0.03229583, -0.02706990, -0.02260669, -0.01881897, -0.01562231, -0.01293792, -0.01069138, -0.00881914, -0.00726271, -0.00597252, -0.00490520, -0.00402364, -0.00329634, -0.00269758, -0.00220492, -0.00180000, -0.00146701, -0.00119375, -0.00096969, -0.00078582, -0.00063482, -0.00051083, -0.00040921, -0.00032567, -0.00025730, -0.00020122, -0.00015519, -0.00011743, -0.00008650, -0.00006121, -0.00004060, -0.00002376, -0.00001000, 0.00000129, 0.00001025, 0.00001738, 0.00002300, 0.00002742, 0.00003081, 0.00003333, 0.00003512, 0.00003631, 0.00003699, 0.00003725, 0.00003724, 0.00003688, 0.00003630, 0.00003554, 0.00003462, 0.00003356
-0.09762279, -0.09637732, -0.09265647, -0.08706627, -0.08024209, -0.07280412, -0.06522259, -0.05780945, -0.05076147, -0.04421725, -0.03824076, -0.03286762, -0.02809846, -0.02390967, -0.02026530, -0.01711786, -0.01441613, -0.01211002, -0.01014963, -0.00849074, -0.00709071, -0.00591306, -0.00492468, -0.00409663, -0.00340386, -0.00282549, -0.00234294, -0.00194086, -0.00160569, -0.00132683, -0.00109500, -0.00090214, -0.00074162, -0.00060804, -0.00049702, -0.00040452, -0.00032776, -0.00026393, -0.00021083, -0.00016666, -0.00012996, -0.00009950, -0.00007428, -0.00005336, -0.00003600, -0.00002155, -0.00000979, -0.00000020, 0.00000758, 0.00001389, 0.00001894, 0.00002292, 0.00002599, 0.00002829, 0.00002996, 0.00003109, 0.00003185, 0.00003216, 0.00003217, 0.00003193, 0.00003147, 0.00003083
-0.91704988, -0.83764104, -0.64956908, -0.46382322, -0.33362467, -0.25375434, -0.20180138, -0.16235688, -0.12948639, -0.10203032, -0.07977283, -0.06219764, -0.04847335, -0.03774843, -0.02934622, -0.02275700, -0.01760457, -0.01359246, -0.01047822, -0.00806784, -0.00620307, -0.00476261, -0.00365086, -0.00279350, -0.00213264, -0.00162488, -0.00123481, -0.00093505, -0.00070422, -0.00052732, -0.00039195, -0.00028799, -0.00020785, -0.00014607, -0.00009875, -0.00006215, -0.00003411, -0.00001246, 0.00000431, 0.00001731, 0.00002731, 0.00003493, 0.00004063, 0.00004499, 0.00004834, 0.00005092, 0.00005253, 0.00005346, 0.00005386, 0.00005391, 0.00005363, 0.00005305, 0.00005218, 0.00005109, 0.00004981, 0.00004837, 0.00004690, 0.00004525, 0.00004355, 0.00004183, 0.00004002, 0.00003816
-0.09195651, -0.09083852, -0.08748618, -0.08242188, -0.07619345, -0.06935138, -0.06232542, -0.05541079, -0.04880047, -0.04263359, -0.03697786, -0.03187285, -0.02732464, -0.02331548, -0.01981538, -0.01678255, -0.01417117, -0.01193530, -0.01002909, -0.00841134, -0.00704245, -0.00588777, -0.00491608, -0.00409991, -0.00341527, -0.00284227, -0.00236297, -0.00196259, -0.00162803, -0.00134897, -0.00111640, -0.00092244, -0.00076062, -0.00062562, -0.00051316, -0.00041922, -0.00034107, -0.00027593, -0.00022160, -0.00017630, -0.00013856, -0.00010717, -0.00008109, -0.00005940, -0.00004136, -0.00002630, -0.00001400, -0.00000392, 0.00000430, 0.00001099, 0.00001637, 0.00002065, 0.00002398, 0.00002652, 0.00002840, 0.00002971, 0.00003063, 0.00003109, 0.00003123, 0.00003111, 0.00003075, 0.00003019
-0.05614009, -0.05566550, -0.05420472, -0.05192535, -0.04898777, -0.04559453, -0.04193266, -0.03815834, -0.03439671, -0.03075425, -0.02729625, -0.02407233, -0.02111018, -0.01842052, -0.01600490, -0.01385381, -0.01195257, -0.01028326, -0.00882495, -0.00755763, -0.00646011, -0.00551336, -0.00469888, -0.00399985, -0.00340096, -0.00288907, -0.00245193, -0.00207932, -0.00176167, -0.00149132, -0.00126144, -0.00106591, -0.00089959, -0.00075813, -0.00063793, -0.00053557, -0.00044873, -0.00037492, -0.00031216, -0.00025880, -0.00021346, -0.00017495, -0.00014228, -0.00011453, -0.00009096, -0.00007087, -0.00005399, -0.00003976, -0.00002780, -0.00001773, -0.00000932, -0.00000232, 0.00000347, 0.00000821, 0.00001206, 0.00001515, 0.00001767, 0.00001956, 0.00002098, 0.00002201, 0.00002269, 0.00002307
-10.07253706, -7.50231232, -3.52143828, -1.49462098, -0.78760568, -0.54059105, -0.40786704, -0.30286616, -0.21670714, -0.15161319, -0.10583602, -0.07461172, -0.05316036, -0.03807200, -0.02725116, -0.01946245, -0.01388352, -0.00991414, -0.00709842, -0.00509804, -0.00367144, -0.00265020, -0.00191346, -0.00138360, -0.00100400, -0.00073007, -0.00052876, -0.00038301, -0.00027695, -0.00019730, -0.00013739, -0.00009360, -0.00005888, -0.00003299, -0.00001230, 0.00000451, 0.00001708, 0.00002803, 0.00003596, 0.00004291, 0.00004800, 0.00005276, 0.00005608, 0.00005884, 0.00006038, 0.00006169, 0.00006216, 0.00006267, 0.00006216, 0.00006153, 0.00006011, 0.00005884, 0.00005709, 0.00005550, 0.00005335, 0.00005139, 0.00004898, 0.00004680, 0.00004437, 0.00004215, 0.00003972, 0.00003750
-0.02268491, -0.02257164, -0.02223275, -0.02167999, -0.02093675, -0.02003287, -0.01899991, -0.01787345, -0.01668514, -0.01546358, -0.01423887, -0.01303260, -0.01186382, -0.01074675, -0.00969200, -0.00870656, -0.00779393, -0.00695536, -0.00618998, -0.00549587, -0.00486949, -0.00430681, -0.00380319, -0.00335415, -0.00295486, -0.00260053, -0.00228652, -0.00200924, -0.00176451, -0.00154875, -0.00135867, -0.00119139, -0.00104424, -0.00091482, -0.00080102, -0.00070079, -0.00061285, -0.00053556, -0.00046764, -0.00040795, -0.00035546, -0.00030933, -0.00026878, -0.00023315, -0.00020185, -0.00017423, -0.00015007, -0.00012885, -0.00011024, -0.00009392, -0.00007963, -0.00006713, -0.00005620, -0.00004665, -0.00003832, -0.00003106, -0.00002470, -0.00001924, -0.00001452, -0.00001044, -0.00000693, -0.00000393
-3.74490199, -3.13813651, -1.96000374, -1.11223741, -0.68363015, -0.47750317, -0.35681651, -0.26836180, -0.19850330, -0.14457867, -0.10465495, -0.07583622, -0.05513458, -0.04016800, -0.02925075, -0.02126914, -0.01544237, -0.01120785, -0.00813918, -0.00591677, -0.00430619, -0.00313631, -0.00228471, -0.00166667, -0.00121727, -0.00088873, -0.00064728, -0.00047149, -0.00034215, -0.00024585, -0.00017348, -0.00011952, -0.00007872, -0.00004745, -0.00002319, -0.00000389, 0.00001117, 0.00002304, 0.00003230, 0.00003962, 0.00004571, 0.00005058, 0.00005428, 0.00005693, 0.00005877, 0.00006024, 0.00006101, 0.00006127, 0.00006103, 0.00006037, 0.00005931, 0.00005797, 0.00005638, 0.00005465, 0.00005280, 0.00005074, 0.00004861, 0.00004633, 0.00004404, 0.00004180, 0.00003959, 0.00003739
-0.24394660, -0.23859652, -0.22337794, -0.20183466, -0.17765958, -0.15353314, -0.13092666, -0.11048139, -0.09238160, -0.07661048, -0.06308472, -0.05163509, -0.04205286, -0.03411074, -0.02757437, -0.02223007, -0.01787957, -0.01435313, -0.01150404, -0.00920897, -0.00736434, -0.00588414, -0.00469751, -0.00374843, -0.00298957, -0.00238244, -0.00189637, -0.00150857, -0.00119860, -0.00095045, -0.00075157, -0.00059243, -0.00046490, -0.00036250, -0.00028019, -0.00021370, -0.00016032, -0.00011738, -0.00008286, -0.00005509, -0.00003263, -0.00001455, -0.00000010, 0.00001135, 0.00002038, 0.00002765, 0.00003317, 0.00003736, 0.00004042, 0.00004255, 0.00004389, 0.00004460, 0.00004479, 0.00004458, 0.00004405, 0.00004321, 0.00004220, 0.00004093, 0.00003954, 0.00003808, 0.00003657, 0.00003500
-0.38864306, -0.37602758, -0.34154736, -0.29640888, -0.25034985, -0.20850628, -0.17226049, -0.14134521, -0.11513246, -0.09307621, -0.07474969, -0.05970026, -0.04747044, -0.03761701, -0.02972119, -0.02342687, -0.01842662, -0.01446826, -0.01134380, -0.00888353, -0.00695051, -0.00543349, -0.00424378, -0.00331300, -0.00258489, -0.00201470, -0.00156776, -0.00121890, -0.00094594, -0.00073185, -0.00056365, -0.00043182, -0.00032827, -0.00024668, -0.00018227, -0.00013108, -0.00009072, -0.00005880, -0.00003359, -0.00001367, 0.00000225, 0.00001486, 0.00002472, 0.00003231, 0.00003812, 0.00004271, 0.00004600, 0.00004831, 0.00004978, 0.00005056, 0.00005076, 0.00005049, 0.00004985, 0.00004893, 0.00004779, 0.00004641, 0.00004492, 0.00004323, 0.00004148, 0.00003970, 0.00003792, 0.00003611
-0.37876053, -0.36673344, -0.33377975, -0.29042747, -0.24592829, -0.20526888, -0.16988481, -0.13960736, -0.11387737, -0.09218866, -0.07413774, -0.05929056, -0.04720593, -0.03745459, -0.02962943, -0.02338298, -0.01841428, -0.01447593, -0.01136335, -0.00890950, -0.00697903, -0.00546223, -0.00427129, -0.00333842, -0.00260782, -0.00203501, -0.00158551, -0.00123424, -0.00095906, -0.00074300, -0.00057307, -0.00043974, -0.00033489, -0.00025221, -0.00018688, -0.00013491, -0.00009390, -0.00006143, -0.00003578, -0.00001549, 0.00000074, 0.00001360, 0.00002367, 0.00003143, 0.00003738, 0.00004209, 0.00004547, 0.00004786, 0.00004940, 0.00005023, 0.00005048, 0.00005025, 0.00004964, 0.00004875, 0.00004764, 0.00004628, 0.00004481, 0.00004314, 0.00004140, 0.00003964, 0.00003786, 0.00003606
-0.05785298, -0.05737884, -0.05596643, -0.05371591, -0.05078929, -0.04736585, -0.04362483, -0.03973629, -0.03583741, -0.03203416, -0.02841533, -0.02503384, -0.02192392, -0.01910196, -0.01656916, -0.01431803, -0.01233243, -0.01059299, -0.00907775, -0.00776450, -0.00663077, -0.00565517, -0.00481778, -0.00410113, -0.00348876, -0.00296597, -0.00251985, -0.00214020, -0.00181702, -0.00154187, -0.00130761, -0.00110830, -0.00093867, -0.00079421, -0.00067115, -0.00056607, -0.00047666, -0.00040046, -0.00033550, -0.00028010, -0.00023281, -0.00019247, -0.00015808, -0.00012880, -0.00010387, -0.00008253, -0.00006451, -0.00004922, -0.00003630, -0.00002542, -0.00001629, -0.00000865, -0.00000231, 0.00000294, 0.00000726, 0.00001075, 0.00001362, 0.00001581, 0.00001751, 0.00001879, 0.00001971, 0.00002032
-0.07312562, -0.07243887, -0.07039746, -0.06717728, -0.06304385, -0.05828137, -0.05316167, -0.04792804, -0.04276708, -0.03781423, -0.03317500, -0.02890590, -0.02503745, -0.02157708, -0.01851407, -0.01582784, -0.01348915, -0.01146621, -0.00972539, -0.00823431, -0.00696168, -0.00587883, -0.00495941, -0.00418088, -0.00352252, -0.00296612, -0.00249601, -0.00209984, -0.00176578, -0.00148404, -0.00124635, -0.00104595, -0.00087692, -0.00073423, -0.00061372, -0.00051170, -0.00042564, -0.00035291, -0.00029144, -0.00023948, -0.00019549, -0.00015828, -0.00012685, -0.00010034, -0.00007800, -0.00005903, -0.00004320, -0.00002993, -0.00001885, -0.00000966, -0.00000207, 0.00000416, 0.00000922, 0.00001331, 0.00001657, 0.00001910, 0.00002110, 0.00002250, 0.00002348, 0.00002411, 0.00002445, 0.00002453
-0.16948962, -0.16669660, -0.15857925, -0.14655094, -0.13227457, -0.11717991, -0.10228082, -0.08821232, -0.07531119, -0.06372943, -0.05352872, -0.04467353, -0.03708277, -0.03064601, -0.02523181, -0.02071137, -0.01695720, -0.01385490, -0.01130077, -0.00920482, -0.00748956, -0.00608841, -0.00494535, -0.00401495, -0.00325807, -0.00264215, -0.00214073, -0.00173374, -0.00140293, -0.00113373, -0.00091449, -0.00073614, -0.00059089, -0.00047243, -0.00037572, -0.00029649, -0.00023189, -0.00017912, -0.00013604, -0.00010086, -0.00007201, -0.00004844, -0.00002926, -0.00001374, -0.00000122, 0.00000903, 0.00001711, 0.00002350, 0.00002845, 0.00003220, 0.00003494, 0.00003686, 0.00003810, 0.00003880, 0.00003905, 0.00003890, 0.00003850, 0.00003776, 0.00003684, 0.00003578, 0.00003463, 0.00003337
-0.39421742, -0.38126379, -0.34591032, -0.29975463, -0.25281309, -0.21030429, -0.17357665, -0.14230641, -0.11582536, -0.09356514, -0.07508594, -0.05992468, -0.04761477, -0.03770516, -0.02977057, -0.02345004, -0.01843259, -0.01446337, -0.01133252, -0.00886888, -0.00693453, -0.00541744, -0.00422848, -0.00329891, -0.00257222, -0.00200349, -0.00155800, -0.00121048, -0.00093874, -0.00072574, -0.00055850, -0.00042750, -0.00032465, -0.00024367, -0.00017976, -0.00012900, -0.00008899, -0.00005736, -0.00003241, -0.00001269, 0.00000307, 0.00001554, 0.00002529, 0.00003279, 0.00003852, 0.00004305, 0.00004628, 0.00004855, 0.00004999, 0.00005074, 0.00005091, 0.00005062, 0.00004996, 0.00004902, 0.00004787, 0.00004648, 0.00004498, 0.00004328, 0.00004152, 0.00003974, 0.00003794, 0.00003613
-0.05833303, -0.05787490, -0.05645450, -0.05423160, -0.05135004, -0.04799844, -0.04435359, -0.04056507, -0.03676151, -0.03305004, -0.02949813, -0.02616324, -0.02307476, -0.02025124, -0.01769600, -0.01540545, -0.01336619, -0.01156383, -0.00997870, -0.00859234, -0.00738418, -0.00633541, -0.00542777, -0.00464426, -0.00396919, -0.00338869, -0.00289033, -0.00246333, -0.00209747, -0.00178431, -0.00151672, -0.00128808, -0.00109270, -0.00092571, -0.00078311, -0.00066117, -0.00055725, -0.00046854, -0.00039280, -0.00032812, -0.00027290, -0.00022580, -0.00018563, -0.00015141, -0.00012222, -0.00009720, -0.00007605, -0.00005810, -0.00004292, -0.00003010, -0.00001928, -0.00001020, -0.00000263, 0.00000366, 0.00000885, 0.00001308, 0.00001657, 0.00001928, 0.00002139, 0.00002300, 0.00002417, 0.00002496
-0.18801223, -0.18415891, -0.17312306, -0.15766494, -0.14045133, -0.12337859, -0.10736583, -0.09269818, -0.07942794, -0.06757138, -0.05709715, -0.04797407, -0.04011395, -0.03340703, -0.02772382, -0.02293892, -0.01892792, -0.01558201, -0.01279970, -0.01049537, -0.00859133, -0.00702229, -0.00573194, -0.00467249, -0.00380357, -0.00309198, -0.00251019, -0.00203500, -0.00164666, -0.00132955, -0.00107130, -0.00086086, -0.00068922, -0.00054912, -0.00043499, -0.00034187, -0.00026623, -0.00020462, -0.00015444, -0.00011356, -0.00008030, -0.00005331, -0.00003147, -0.00001387, 0.00000040, 0.00001204, 0.00002120, 0.00002842, 0.00003399, 0.00003825, 0.00004147, 0.00004379, 0.00004535, 0.00004628, 0.00004669, 0.00004666, 0.00004636, 0.00004568, 0.00004477, 0.00004368, 0.00004246, 0.00004109
-0.06241187, -0.06189866, -0.06031253, -0.05783758, -0.05464439, -0.05094956, -0.04695308, -0.04282120, -0.03869381, -0.03468522, -0.03086617, -0.02729569, -0.02400271, -0.02100393, -0.01830050, -0.01588577, -0.01374383, -0.01185715, -0.01020342, -0.00876158, -0.00750903, -0.00642508, -0.00548976, -0.00468471, -0.00399303, -0.00339994, -0.00289220, -0.00245830, -0.00208753, -0.00177100, -0.00150125, -0.00127136, -0.00107541, -0.00090835, -0.00076605, -0.00064469, -0.00054152, -0.00045366, -0.00037884, -0.00031510, -0.00026083, -0.00021465, -0.00017538, -0.00014200, -0.00011361, -0.00008935, -0.00006889, -0.00005159, -0.00003700, -0.00002473, -0.00001442, -0.00000580, 0.00000136, 0.00000726, 0.00001210, 0.00001601, 0.00001921, 0.00002165, 0.00002353, 0.00002492, 0.00002589, 0.00002650
-0.07050163, -0.06987007, -0.06793034, -0.06492192, -0.06107694, -0.05667359, -0.05196072, -0.04713781, -0.04236565, -0.03777128, -0.03343022, -0.02940321, -0.02571678, -0.02238387, -0.01939961, -0.01675196, -0.01441836, -0.01237569, -0.01059575, -0.00905285, -0.00772016, -0.00657314, -0.00558873, -0.00474584, -0.00402542, -0.00341081, -0.00288726, -0.00244205, -0.00206345, -0.00174179, -0.00146897, -0.00123757, -0.00104124, -0.00087464, -0.00073339, -0.00061347, -0.00051200, -0.00042599, -0.00035308, -0.00029126, -0.00023886, -0.00019448, -0.00015693, -0.00012518, -0.00009829, -0.00007543, -0.00005626, -0.00004015, -0.00002666, -0.00001539, -0.00000599, 0.00000181, 0.00000821, 0.00001343, 0.00001765, 0.00002099, 0.00002369, 0.00002567, 0.00002713, 0.00002814, 0.00002877, 0.00002908
-2.23719587, -1.93766568, -1.29225841, -0.75961912, -0.47046278, -0.33971911, -0.27068738, -0.21787445, -0.17100113, -0.13130759, -0.10004311, -0.07642070, -0.05864452, -0.04507740, -0.03458034, -0.02644199, -0.02016077, -0.01535023, -0.01167861, -0.00888067, -0.00674581, -0.00511681, -0.00387470, -0.00292849, -0.00220813, -0.00166058, -0.00124541, -0.00093031, -0.00069041, -0.00050784, -0.00037001, -0.00026554, -0.00018594, -0.00012497, -0.00007864, -0.00004325, -0.00001645, 0.00000406, 0.00001980, 0.00003193, 0.00004125, 0.00004832, 0.00005357, 0.00005737, 0.00006029, 0.00006260, 0.00006401, 0.00006478, 0.00006493, 0.00006469, 0.00006418, 0.00006339, 0.00006233, 0.00006102, 0.00005951, 0.00005782, 0.00005608, 0.00005414, 0.00005213, 0.00005008, 0.00004802, 0.00004587
-0.30544433, -0.29546668, -0.26826467, -0.23334051, -0.19864134, -0.16801895, -0.14194073, -0.11957402, -0.10015321, -0.08330913, -0.06883673, -0.05658202, -0.04631585, -0.03778773, -0.03073773, -0.02493653, -0.02017830, -0.01629249, -0.01312748, -0.01055924, -0.00847918, -0.00679853, -0.00544300, -0.00435125, -0.00347270, -0.00276684, -0.00220075, -0.00174714, -0.00138333, -0.00109180, -0.00085904, -0.00067300, -0.00052411, -0.00040481, -0.00030951, -0.00023323, -0.00017250, -0.00012398, -0.00008522, -0.00005423, -0.00002952, -0.00000989, 0.00000563, 0.00001782, 0.00002748, 0.00003521, 0.00004105, 0.00004543, 0.00004858, 0.00005078, 0.00005225, 0.00005308, 0.00005338, 0.00005322, 0.00005270, 0.00005186, 0.00005087, 0.00004958, 0.00004815, 0.00004660, 0.00004499, 0.00004327
-0.18347550, -0.17980124, -0.16925538, -0.15442658, -0.13783114, -0.12128727, -0.10570253, -0.09138023, -0.07839290, -0.06676900, -0.05648449, -0.04751330, -0.03977264, -0.03315869, -0.02754663, -0.02281594, -0.01884571, -0.01553010, -0.01276995, -0.01048151, -0.00858860, -0.00702712, -0.00574167, -0.00468517, -0.00381781, -0.00310679, -0.00252489, -0.00204913, -0.00165994, -0.00134182, -0.00108249, -0.00087096, -0.00069825, -0.00055714, -0.00044208, -0.00034810, -0.00027168, -0.00020938, -0.00015858, -0.00011716, -0.00008342, -0.00005601, -0.00003380, -0.00001588, -0.00000134, 0.00001054, 0.00001990, 0.00002730, 0.00003302, 0.00003741, 0.00004074, 0.00004316, 0.00004480, 0.00004580, 0.00004627, 0.00004630, 0.00004604, 0.00004541, 0.00004453, 0.00004348, 0.00004228, 0.00004094
-1.98703313, -1.08077331, -0.25313346, -0.05117440, -0.02122799, -0.01867284, -0.01614496, -0.01200505, -0.00800834, -0.00521579, -0.00346810, -0.00241837, -0.00173354, -0.00123601, -0.00087101, -0.00061360, -0.00044078, -0.00031124, -0.00021610, -0.00015042, -0.00010608, -0.00008379, -0.00006015, -0.00003589, -0.00002524, -0.00002313, -0.00001583, -0.00000873, -0.00000718, -0.00000320, -0.00000078, -0.00000348, 0.00000126, 0.00000042, 0.00000134, 0.00000261, 0.00000015, 0.00000265, 0.00000136, 0.00000325, 0.00000106, 0.00000227, 0.00000186, 0.00000347, 0.00000291, 0.00000271, 0.00000179, 0.00000335, 0.00000243, 0.00000294, 0.00000162, 0.00000226, 0.00000178, 0.00000276, 0.00000160, 0.00000235, 0.00000135, 0.00000215, 0.00000172, 0.00000207, 0.00000124, 0.00000136
-0.02076356, -0.01975271, -0.01713387, -0.01403909, -0.01125313, -0.00901070, -0.00723944, -0.00581128, -0.00463890, -0.00367544, -0.00289297, -0.00226550, -0.00176772, -0.00137537, -0.00106739, -0.00082641, -0.00063842, -0.00049220, -0.00037882, -0.00029110, -0.00022339, -0.00017119, -0.00013097, -0.00010005, -0.00007632, -0.00005808, -0.00004404, -0.00003329, -0.00002505, -0.00001873, -0.00001385, -0.00001011, -0.00000723, -0.00000502, -0.00000331, -0.00000198, -0.00000095, -0.00000016, 0.00000045, 0.00000091, 0.00000128, 0.00000155, 0.00000176, 0.00000192, 0.00000202, 0.00000210, 0.00000215, 0.00000217, 0.00000217, 0.00000216, 0.00000213, 0.00000208, 0.00000203, 0.00000197, 0.00000191, 0.00000184, 0.00000177, 0.00000170, 0.00000162, 0.00000154, 0.00000147, 0.00000139
-0.17691171, -0.14329255, -0.08177442, -0.04181541, -0.02410212, -0.01668126, -0.01259328, -0.00951335, -0.00700570, -0.00505886, -0.00363307, -0.00261948, -0.00190010, -0.00138228, -0.00100473, -0.00072846, -0.00052704, -0.00038103, -0.00027558, -0.00019943, -0.00014434, -0.00010440, -0.00007539, -0.00005436, -0.00003915, -0.00002810, -0.00002001, -0.00001414, -0.00000988, -0.00000675, -0.00000442, -0.00000270, -0.00000143, -0.00000048, 0.00000024, 0.00000081, 0.00000123, 0.00000156, 0.00000181, 0.00000200, 0.00000214, 0.00000226, 0.00000234, 0.00000240, 0.00000243, 0.00000244, 0.00000244, 0.00000243, 0.00000240, 0.00000236, 0.00000230, 0.00000224, 0.00000217, 0.00000210, 0.00000202, 0.00000194, 0.00000186, 0.00000177, 0.00000168, 0.00000159, 0.00000150, 0.00000142
-0.00190818, -0.00189302, -0.00184743, -0.00177500, -0.00168050, -0.00156970, -0.00144846, -0.00132208, -0.00119498, -0.00107062, -0.00095194, -0.00084064, -0.00073799, -0.00064450, -0.00056033, -0.00048527, -0.00041886, -0.00036049, -0.00030950, -0.00026517, -0.00022681, -0.00019370, -0.00016522, -0.00014078, -0.00011986, -0.00010197, -0.00008667, -0.00007363, -0.00006251, -0.00005303, -0.00004496, -0.00003808, -0.00003222, -0.00002723, -0.00002298, -0.00001935, -0.00001626, -0.00001363, -0.00001138, -0.00000947, -0.00000784, -0.00000645, -0.00000526, -0.00000425, -0.00000340, -0.00000267, -0.00000205, -0.00000153, -0.00000109, -0.00000071, -0.00000040, -0.00000015, 0.00000007, 0.00000024, 0.00000039, 0.00000050, 0.00000060, 0.00000067, 0.00000072, 0.00000076, 0.00000079, 0.00000080
-0.01291427, -0.01249562, -0.01135103, -0.00985625, -0.00833491, -0.00695665, -0.00576470, -0.00474693, -0.00388110, -0.00314943, -0.00253884, -0.00203508, -0.00162409, -0.00129144, -0.00102380, -0.00080950, -0.00063858, -0.00050270, -0.00039503, -0.00030995, -0.00024286, -0.00019004, -0.00014849, -0.00011589, -0.00009033, -0.00007029, -0.00005455, -0.00004224, -0.00003261, -0.00002507, -0.00001915, -0.00001451, -0.00001087, -0.00000802, -0.00000578, -0.00000401, -0.00000262, -0.00000153, -0.00000067, -0.00000000, 0.00000052, 0.00000093, 0.00000125, 0.00000149, 0.00000167, 0.00000180, 0.00000189, 0.00000195, 0.00000199, 0.00000200, 0.00000199, 0.00000197, 0.00000193, 0.00000189, 0.00000184, 0.00000178, 0.00000172, 0.00000165, 0.00000158, 0.00000151, 0.00000144, 0.00000137
-0.00104975, -0.00104373, -0.00102550, -0.00099610, -0.00095679, -0.00090942, -0.00085596, -0.00079835, -0.00073837, -0.00067758, -0.00061750, -0.00055917, -0.00050349, -0.00045103, -0.00040221, -0.00035725, -0.00031619, -0.00027898, -0.00024548, -0.00021551, -0.00018880, -0.00016512, -0.00014419, -0.00012575, -0.00010956, -0.00009536, -0.00008291, -0.00007205, -0.00006257, -0.00005431, -0.00004710, -0.00004083, -0.00003537, -0.00003062, -0.00002649, -0.00002288, -0.00001975, -0.00001703, -0.00001466, -0.00001260, -0.00001081, -0.00000925, -0.00000789, -0.00000671, -0.00000568, -0.00000479, -0.00000401, -0.00000334, -0.00000276, -0.00000226, -0.00000182, -0.00000145, -0.00000112, -0.00000085, -0.00000061, -0.00000041, -0.00000023, -0.00000009, 0.00000004, 0.00000014, 0.00000022, 0.00000029
-0.04028762, -0.03701050, -0.02924889, -0.02145533, -0.01570474, -0.01186628, -0.00919942, -0.00717896, -0.00556815, -0.00427871, -0.00326525, -0.00248214, -0.00188333, -0.00142690, -0.00107911, -0.00081437, -0.00061324, -0.00046092, -0.00034591, -0.00025926, -0.00019408, -0.00014508, -0.00010826, -0.00008065, -0.00005997, -0.00004447, -0.00003280, -0.00002408, -0.00001756, -0.00001267, -0.00000897, -0.00000619, -0.00000410, -0.00000252, -0.00000131, -0.00000039, 0.00000031, 0.00000085, 0.00000126, 0.00000156, 0.00000180, 0.00000198, 0.00000211, 0.00000220, 0.00000226, 0.00000230, 0.00000231, 0.00000231, 0.00000229, 0.00000226, 0.00000222, 0.00000216, 0.00000210, 0.00000203, 0.00000196, 0.00000189, 0.00000181, 0.00000173, 0.00000165, 0.00000157, 0.00000149, 0.00000141
-0.18759473, -0.15097348, -0.08477954, -0.04261182, -0.02432222, -0.01681081, -0.01269978, -0.00958768, -0.00704674, -0.00507621, -0.00363750, -0.00261825, -0.00189684, -0.00137844, -0.00100085, -0.00072481, -0.00052381, -0.00037829, -0.00027334, -0.00019764, -0.00014293, -0.00010331, -0.00007454, -0.00005371, -0.00003865, -0.00002772, -0.00001973, -0.00001393, -0.00000972, -0.00000663, -0.00000433, -0.00000264, -0.00000138, -0.00000044, 0.00000027, 0.00000083, 0.00000125, 0.00000157, 0.00000182, 0.00000201, 0.00000215, 0.00000226, 0.00000235, 0.00000240, 0.00000243, 0.00000245, 0.00000244, 0.00000243, 0.00000240, 0.00000236, 0.00000230, 0.00000224, 0.00000217, 0.00000210, 0.00000202, 0.00000194, 0.00000186, 0.00000177, 0.00000168, 0.00000159, 0.00000150, 0.00000142
-0.16005192, -0.14996822, -0.12470569, -0.09705968, -0.07493680, -0.05941252, -0.04833652, -0.03964112, -0.03232605, -0.02611361, -0.02093698, -0.01672090, -0.01332539, -0.01060247, -0.00841751, -0.00666720, -0.00526769, -0.00415373, -0.00326953, -0.00256979, -0.00201690, -0.00158068, -0.00123699, -0.00096653, -0.00075385, -0.00058679, -0.00045590, -0.00035341, -0.00027304, -0.00021000, -0.00016081, -0.00012239, -0.00009231, -0.00006869, -0.00005020, -0.00003570, -0.00002441, -0.00001557, -0.00000863, -0.00000318, 0.00000111, 0.00000445, 0.00000704, 0.00000902, 0.00001056, 0.00001179, 0.00001269, 0.00001333, 0.00001375, 0.00001399, 0.00001411, 0.00001413, 0.00001405, 0.00001389, 0.00001366, 0.00001337, 0.00001305, 0.00001267, 0.00001227, 0.00001184, 0.00001140, 0.00001095
-0.04417283, -0.04331051, -0.04082973, -0.03733160, -0.03340164, -0.02946779, -0.02574730, -0.02231525, -0.01919351, -0.01639050, -0.01390259, -0.01172604, -0.00984207, -0.00822777, -0.00685383, -0.00569242, -0.00471486, -0.00389619, -0.00321278, -0.00264453, -0.00217324, -0.00178338, -0.00146155, -0.00119632, -0.00097797, -0.00079846, -0.00065113, -0.00053036, -0.00043130, -0.00035008, -0.00028366, -0.00022933, -0.00018486, -0.00014841, -0.00011858, -0.00009415, -0.00007421, -0.00005791, -0.00004456, -0.00003364, -0.00002471, -0.00001742, -0.00001148, -0.00000666, -0.00000274, 0.00000049, 0.00000306, 0.00000512, 0.00000674, 0.00000799, 0.00000896, 0.00000969, 0.00001022, 0.00001057, 0.00001078, 0.00001087, 0.00001088, 0.00001079, 0.00001063, 0.00001042, 0.00001017, 0.00000989
-0.66513876, -0.56828322, -0.36407030, -0.20242525, -0.12007883, -0.08601153, -0.06912889, -0.05589968, -0.04377106, -0.03342351, -0.02533615, -0.01929863, -0.01479316, -0.01136531, -0.00871208, -0.00665444, -0.00506812, -0.00385590, -0.00293266, -0.00223025, -0.00169478, -0.00128631, -0.00097489, -0.00073775, -0.00055726, -0.00042001, -0.00031592, -0.00023691, -0.00017673, -0.00013081, -0.00009608, -0.00006973, -0.00004963, -0.00003420, -0.00002238, -0.00001334, -0.00000646, -0.00000117, 0.00000293, 0.00000610, 0.00000857, 0.00001048, 0.00001192, 0.00001299, 0.00001381, 0.00001448, 0.00001493, 0.00001522, 0.00001535, 0.00001535, 0.00001529, 0.00001516, 0.00001496, 0.00001470, 0.00001438, 0.00001401, 0.00001362, 0.00001318, 0.00001272, 0.00001224, 0.00001175, 0.00001126
-0.02949817, -0.02910046, -0.02791701, -0.02615745, -0.02403730, -0.02175610, -0.01945581, -0.01722318, -0.01511286, -0.01315931, -0.01137797, -0.00977941, -0.00836102, -0.00711678, -0.00603409, -0.00509938, -0.00429665, -0.00361131, -0.00302842, -0.00253487, -0.00211811, -0.00176730, -0.00147268, -0.00122571, -0.00101900, -0.00084620, -0.00070200, -0.00058183, -0.00048164, -0.00039816, -0.00032874, -0.00027102, -0.00022299, -0.00018301, -0.00014974, -0.00012205, -0.00009906, -0.00007995, -0.00006406, -0.00005084, -0.00003984, -0.00003071, -0.00002314, -0.00001687, -0.00001168, -0.00000733, -0.00000378, -0.00000087, 0.00000150, 0.00000341, 0.00000495, 0.00000618, 0.00000714, 0.00000788, 0.00000842, 0.00000880, 0.00000907, 0.00000921, 0.00000925, 0.00000921, 0.00000912, 0.00000896
-0.03689314, -0.03628519, -0.03450807, -0.03193626, -0.02894685, -0.02584788, -0.02282609, -0.01997235, -0.01733180, -0.01492922, -0.01277165, -0.01086279, -0.00919240, -0.00774625, -0.00650337, -0.00544291, -0.00454244, -0.00378201, -0.00314195, -0.00260545, -0.00215701, -0.00178315, -0.00147220, -0.00121401, -0.00099989, -0.00082254, -0.00067592, -0.00055485, -0.00045482, -0.00037221, -0.00030415, -0.00024808, -0.00020184, -0.00016368, -0.00013222, -0.00010626, -0.00008492, -0.00006734, -0.00005284, -0.00004090, -0.00003105, -0.00002295, -0.00001630, -0.00001086, -0.00000639, -0.00000269, 0.00000030, 0.00000271, 0.00000464, 0.00000617, 0.00000737, 0.00000831, 0.00000901, 0.00000952, 0.00000986, 0.00001007, 0.00001018, 0.00001018, 0.00001010, 0.00000996, 0.00000977, 0.00000954
-0.01142987, -0.01135360, -0.01111402, -0.01073620, -0.01023947, -0.00965247, -0.00900304, -0.00831595, -0.00761465, -0.00691893, -0.00624238, -0.00559746, -0.00499107, -0.00442865, -0.00391240, -0.00344325, -0.00301999, -0.00264096, -0.00230337, -0.00200443, -0.00174083, -0.00150927, -0.00130656, -0.00112959, -0.00097545, -0.00084144, -0.00072516, -0.00062448, -0.00053734, -0.00046199, -0.00039694, -0.00034080, -0.00029236, -0.00025056, -0.00021450, -0.00018338, -0.00015660, -0.00013351, -0.00011361, -0.00009645, -0.00008166, -0.00006891, -0.00005793, -0.00004847, -0.00004033, -0.00003328, -0.00002725, -0.00002206, -0.00001762, -0.00001381, -0.00001056, -0.00000778, -0.00000542, -0.00000341, -0.00000172, -0.00000030, 0.00000090, 0.00000189, 0.00000269, 0.00000335, 0.00000387, 0.00000429
-0.18817257, -0.17480036, -0.14191399, -0.10717479, -0.08070104, -0.06309030, -0.05101264, -0.04166220, -0.03380024, -0.02713378, -0.02161400, -0.01715744, -0.01359945, -0.01076650, -0.00850617, -0.00670464, -0.00527128, -0.00413649, -0.00324036, -0.00253499, -0.00198035, -0.00154485, -0.00120337, -0.00093587, -0.00072651, -0.00056281, -0.00043516, -0.00033567, -0.00025799, -0.00019732, -0.00015020, -0.00011357, -0.00008500, -0.00006267, -0.00004524, -0.00003164, -0.00002109, -0.00001285, -0.00000641, -0.00000137, 0.00000258, 0.00000565, 0.00000802, 0.00000983, 0.00001122, 0.00001234, 0.00001315, 0.00001371, 0.00001407, 0.00001426, 0.00001434, 0.00001433, 0.00001422, 0.00001404, 0.00001379, 0.00001348, 0.00001315, 0.00001276, 0.00001235, 0.00001191, 0.00001146, 0.00001100
-0.08679045, -0.08354567, -0.07483803, -0.06398685, -0.05362808, -0.04485961, -0.03763440, -0.03155185, -0.02631444, -0.02179228, -0.01792583, -0.01467167, -0.01196218, -0.00972439, -0.00788296, -0.00637411, -0.00514117, -0.00413799, -0.00332398, -0.00266569, -0.00213440, -0.00170653, -0.00136253, -0.00108634, -0.00086478, -0.00068726, -0.00054534, -0.00043198, -0.00034132, -0.00026885, -0.00021114, -0.00016516, -0.00012846, -0.00009913, -0.00007573, -0.00005705, -0.00004220, -0.00003037, -0.00002092, -0.00001339, -0.00000737, -0.00000259, 0.00000119, 0.00000416, 0.00000651, 0.00000840, 0.00000984, 0.00001093, 0.00001172, 0.00001227, 0.00001265, 0.00001287, 0.00001297, 0.00001295, 0.00001285, 0.00001266, 0.00001244, 0.00001214, 0.00001180, 0.00001144, 0.00001105, 0.00001065
-0.03989266, -0.03918565, -0.03713275, -0.03419386, -0.03082601, -0.02738549, -0.02407359, -0.02097718, -0.01813341, -0.01556099, -0.01326277, -0.01123945, -0.00947729, -0.00795857, -0.00665886, -0.00555443, -0.00462020, -0.00383421, -0.00317498, -0.00262434, -0.00216567, -0.00178457, -0.00146863, -0.00120716, -0.00099101, -0.00081257, -0.00066551, -0.00054446, -0.00044477, -0.00036269, -0.00029529, -0.00023993, -0.00019443, -0.00015699, -0.00012622, -0.00010092, -0.00008018, -0.00006315, -0.00004916, -0.00003766, -0.00002821, -0.00002047, -0.00001413, -0.00000896, -0.00000474, -0.00000125, 0.00000155, 0.00000381, 0.00000560, 0.00000700, 0.00000810, 0.00000894, 0.00000956, 0.00001000, 0.00001029, 0.00001044, 0.00001051, 0.00001046, 0.00001035, 0.00001017, 0.00000996, 0.00000970
-0.38235895, -0.33996928, -0.24406385, -0.15759909, -0.10476941, -0.07744520, -0.06176083, -0.04993479, -0.03970180, -0.03101204, -0.02402343, -0.01860962, -0.01444800, -0.01122558, -0.00870622, -0.00673352, -0.00519381, -0.00399976, -0.00307682, -0.00236496, -0.00181583, -0.00139236, -0.00106610, -0.00081498, -0.00062183, -0.00047339, -0.00035965, -0.00027247, -0.00020548, -0.00015395, -0.00011460, -0.00008449, -0.00006135, -0.00004349, -0.00002973, -0.00001913, -0.00001102, -0.00000476, 0.00000009, 0.00000387, 0.00000680, 0.00000906, 0.00001078, 0.00001207, 0.00001306, 0.00001386, 0.00001441, 0.00001477, 0.00001497, 0.00001502, 0.00001500, 0.00001490, 0.00001473, 0.00001449, 0.00001419, 0.00001384, 0.00001347, 0.00001304, 0.00001259, 0.00001213, 0.00001165, 0.00001117
-0.26176400, -0.25686886, -0.24278152, -0.22223563, -0.19837074, -0.17369717, -0.14985119, -0.12775647, -0.10783809, -0.09023345, -0.07494633, -0.06186173, -0.05079337, -0.04153013, -0.03383491, -0.02748807, -0.02227875, -0.01802283, -0.01455744, -0.01174439, -0.00946672, -0.00762498, -0.00613764, -0.00493917, -0.00397323, -0.00319434, -0.00256637, -0.00206126, -0.00165405, -0.00132534, -0.00105995, -0.00084579, -0.00067265, -0.00053245, -0.00041877, -0.00032621, -0.00025129, -0.00019051, -0.00014123, -0.00010108, -0.00006839, -0.00004188, -0.00002050, -0.00000335, 0.00001046, 0.00002166, 0.00003035, 0.00003709, 0.00004220, 0.00004595, 0.00004857, 0.00005027, 0.00005122, 0.00005157, 0.00005139, 0.00005076, 0.00004988, 0.00004864, 0.00004723, 0.00004569, 0.00004402, 0.00004227
-0.96067916, -0.90821502, -0.77486074, -0.62196379, -0.48882009, -0.38460650, -0.30399489, -0.24013759, -0.18864303, -0.14709145, -0.11394774, -0.08785696, -0.06751019, -0.05175325, -0.03958600, -0.03022401, -0.02303431, -0.01753115, -0.01332769, -0.01012458, -0.00768786, -0.00583463, -0.00442604, -0.00335810, -0.00254723, -0.00193030, -0.00146094, -0.00110520, -0.00083409, -0.00062659, -0.00046766, -0.00034608, -0.00025250, -0.00018008, -0.00012376, -0.00007946, -0.00004503, -0.00001815, 0.00000280, 0.00001948, 0.00003276, 0.00004315, 0.00005109, 0.00005703, 0.00006159, 0.00006512, 0.00006739, 0.00006876, 0.00006934, 0.00006923, 0.00006857, 0.00006747, 0.00006602, 0.00006433, 0.00006235, 0.00006011, 0.00005783, 0.00005535, 0.00005286, 0.00005038, 0.00004787, 0.00004538
-533.11927113, -148.58265064, -11.53174092, 0.14016743, -0.08824379, -0.63057992, -0.73478159, -0.58798470, -0.23910568, -0.14258435, -0.07959751, -0.08013873, -0.07625538, -0.04123278, -0.01424494, -0.01125968, -0.02996737, -0.02269230, -0.00502048, 0.00499098, 0.00727511, -0.01292924, -0.01083075, 0.00731861, 0.00618217, -0.00707648, -0.00435899, 0.00198609, -0.00130166, 0.00240362, 0.00426951, -0.00455687, 0.00370590, 0.00052467, 0.00123996, 0.00328381, -0.00300925, 0.00194554, -0.00134272, 0.00251242, -0.00252898, -0.00015771, -0.00117946, 0.00219811, 0.00104523, 0.00050132, -0.00146234, 0.00192255, 0.00004513, 0.00122885, -0.00151499, -0.00000126, -0.00087277, 0.00144358, -0.00091909, 0.00091578, -0.00113221, 0.00086291, 0.00010239, 0.00108819, -0.00057549, -0.00009851
-0.45487817, -0.44158781, -0.40483054, -0.35546791, -0.30355663, -0.25498568, -0.21192542, -0.17464708, -0.14277241, -0.11580913, -0.09330306, -0.07474902, -0.05960777, -0.04736511, -0.03752394, -0.02965650, -0.02339008, -0.01841801, -0.01448287, -0.01137697, -0.00893049, -0.00700520, -0.00549156, -0.00430426, -0.00337230, -0.00264001, -0.00206468, -0.00161396, -0.00125971, -0.00098068, -0.00076085, -0.00058778, -0.00045114, -0.00034298, -0.00025715, -0.00018864, -0.00013437, -0.00009128, -0.00005709, -0.00002972, -0.00000780, 0.00000959, 0.00002324, 0.00003385, 0.00004217, 0.00004875, 0.00005352, 0.00005695, 0.00005924, 0.00006058, 0.00006114, 0.00006108, 0.00006051, 0.00005958, 0.00005827, 0.00005663, 0.00005488, 0.00005289, 0.00005081, 0.00004870, 0.00004652, 0.00004432
-0.28111896, -0.27556439, -0.25964331, -0.23662861, -0.21018236, -0.18314254, -0.15727188, -0.13350187, -0.11222146, -0.09352347, -0.07737252, -0.06361768, -0.05203757, -0.04238944, -0.03440898, -0.02785440, -0.02249590, -0.01813474, -0.01459690, -0.01173577, -0.00942729, -0.00756726, -0.00607040, -0.00486842, -0.00390298, -0.00312710, -0.00250365, -0.00200385, -0.00160226, -0.00127913, -0.00101907, -0.00080988, -0.00064129, -0.00050518, -0.00039515, -0.00030580, -0.00023370, -0.00017537, -0.00012822, -0.00008991, -0.00005879, -0.00003364, -0.00001343, 0.00000273, 0.00001568, 0.00002616, 0.00003422, 0.00004043, 0.00004509, 0.00004844, 0.00005071, 0.00005212, 0.00005282, 0.00005295, 0.00005258, 0.00005178, 0.00005075, 0.00004939, 0.00004786, 0.00004622, 0.00004447, 0.00004265
-1.74451358, -1.59459962, -1.24531019, -0.90235879, -0.65342674, -0.48807498, -0.37333300, -0.28715982, -0.21954980, -0.16637832, -0.12524505, -0.09394538, -0.07033962, -0.05261131, -0.03929287, -0.02930234, -0.02181760, -0.01622706, -0.01206096, -0.00896223, -0.00666040, -0.00494954, -0.00367786, -0.00273532, -0.00203489, -0.00151275, -0.00112339, -0.00083430, -0.00061790, -0.00045475, -0.00033158, -0.00023867, -0.00016791, -0.00011353, -0.00007139, -0.00003820, -0.00001245, 0.00000765, 0.00002329, 0.00003589, 0.00004603, 0.00005398, 0.00006000, 0.00006443, 0.00006781, 0.00007042, 0.00007196, 0.00007273, 0.00007280, 0.00007226, 0.00007123, 0.00006981, 0.00006808, 0.00006615, 0.00006394, 0.00006147, 0.00005897, 0.00005631, 0.00005364, 0.00005101, 0.00004836, 0.00004574
-0.02473662, -0.02462110, -0.02427988, -0.02371890, -0.02296357, -0.02204130, -0.02098116, -0.01981810, -0.01858370, -0.01730627, -0.01601616, -0.01473665, -0.01348756, -0.01228514, -0.01114139, -0.01006512, -0.00906110, -0.00813209, -0.00727812, -0.00649844, -0.00579012, -0.00514960, -0.00457264, -0.00405498, -0.00359177, -0.00317824, -0.00280963, -0.00248223, -0.00219161, -0.00193395, -0.00170574, -0.00150381, -0.00132524, -0.00116736, -0.00102783, -0.00090433, -0.00079541, -0.00069922, -0.00061428, -0.00053924, -0.00047296, -0.00041442, -0.00036272, -0.00031707, -0.00027675, -0.00024101, -0.00020958, -0.00018183, -0.00015736, -0.00013579, -0.00011679, -0.00010006, -0.00008534, -0.00007240, -0.00006103, -0.00005106, -0.00004225, -0.00003461, -0.00002793, -0.00002211, -0.00001705, -0.00001266
-0.41443849, -0.40323574, -0.37200052, -0.32937247, -0.28366847, -0.24008591, -0.20083472, -0.16645343, -0.13680077, -0.11154134, -0.09032249, -0.07272282, -0.05827524, -0.04652624, -0.03703088, -0.02940132, -0.02329403, -0.01842496, -0.01455331, -0.01148323, -0.00905388, -0.00713344, -0.00561682, -0.00442185, -0.00347970, -0.00273620, -0.00214955, -0.00168790, -0.00132355, -0.00103538, -0.00080744, -0.00062726, -0.00048445, -0.00037099, -0.00028066, -0.00020833, -0.00015085, -0.00010505, -0.00006860, -0.00003935, -0.00001587, 0.00000282, 0.00001756, 0.00002907, 0.00003813, 0.00004533, 0.00005062, 0.00005448, 0.00005713, 0.00005878, 0.00005960, 0.00005975, 0.00005938, 0.00005860, 0.00005743, 0.00005592, 0.00005428, 0.00005238, 0.00005039, 0.00004834, 0.00004623, 0.00004409
-0.07034349, -0.06978053, -0.06811637, -0.06544875, -0.06197468, -0.05789714, -0.05342253, -0.04875310, -0.04405515, -0.03945734, -0.03506720, -0.03095402, -0.02715997, -0.02370879, -0.02060356, -0.01783759, -0.01539258, -0.01324639, -0.01137306, -0.00974639, -0.00833957, -0.00712665, -0.00608377, -0.00518971, -0.00442425, -0.00376953, -0.00320993, -0.00273281, -0.00232577, -0.00197856, -0.00168241, -0.00142991, -0.00121455, -0.00103075, -0.00087382, -0.00073953, -0.00062501, -0.00052719, -0.00044361, -0.00037212, -0.00031095, -0.00025865, -0.00021397, -0.00017582, -0.00014322, -0.00011524, -0.00009154, -0.00007137, -0.00005427, -0.00003981, -0.00002761, -0.00001736, -0.00000879, -0.00000164, 0.00000426, 0.00000909, 0.00001309, 0.00001622, 0.00001870, 0.00002062, 0.00002205, 0.00002308
-0.07789784, -0.07709285, -0.07466517, -0.07090860, -0.06614733, -0.06075310, -0.05505674, -0.04932070, -0.04373619, -0.03844363, -0.03353760, -0.02906202, -0.02504261, -0.02147183, -0.01833423, -0.01559869, -0.01323180, -0.01119508, -0.00945141, -0.00796501, -0.00670233, -0.00563301, -0.00472928, -0.00396698, -0.00332537, -0.00278588, -0.00233219, -0.00195120, -0.00163163, -0.00136360, -0.00113864, -0.00094975, -0.00079127, -0.00065826, -0.00054655, -0.00045251, -0.00037361, -0.00030727, -0.00025148, -0.00020458, -0.00016518, -0.00013205, -0.00010415, -0.00008071, -0.00006107, -0.00004455, -0.00003084, -0.00001940, -0.00000989, -0.00000205, 0.00000437, 0.00000959, 0.00001378, 0.00001711, 0.00001971, 0.00002170, 0.00002325, 0.00002428, 0.00002491, 0.00002524, 0.00002530, 0.00002517
-0.25703843, -0.25017797, -0.23100290, -0.20506097, -0.17744454, -0.15130257, -0.12783920, -0.10720510, -0.08922198, -0.07370382, -0.06048420, -0.04935145, -0.04008784, -0.03243845, -0.02616943, -0.02105406, -0.01690070, -0.01353937, -0.01082846, -0.00864831, -0.00689877, -0.00549774, -0.00437695, -0.00348123, -0.00276693, -0.00219745, -0.00174293, -0.00138040, -0.00109193, -0.00086221, -0.00067890, -0.00053243, -0.00041560, -0.00032235, -0.00024777, -0.00018787, -0.00014001, -0.00010160, -0.00007079, -0.00004612, -0.00002642, -0.00001062, 0.00000210, 0.00001225, 0.00002024, 0.00002656, 0.00003135, 0.00003504, 0.00003779, 0.00003973, 0.00004099, 0.00004169, 0.00004191, 0.00004175, 0.00004129, 0.00004060, 0.00003979, 0.00003874, 0.00003751, 0.00003618, 0.00003478, 0.00003335
-0.42774367, -0.40981960, -0.36236342, -0.30423494, -0.24961676, -0.20389270, -0.16666458, -0.13597197, -0.11029991, -0.08883426, -0.07108572, -0.05658728, -0.04488237, -0.03548981, -0.02799373, -0.02202813, -0.01729835, -0.01355860, -0.01061097, -0.00829362, -0.00647490, -0.00505031, -0.00393518, -0.00306293, -0.00238227, -0.00185118, -0.00143609, -0.00111182, -0.00085929, -0.00066239, -0.00050841, -0.00038771, -0.00029333, -0.00021947, -0.00016147, -0.00011565, -0.00007967, -0.00005123, -0.00002876, -0.00001107, 0.00000281, 0.00001379, 0.00002253, 0.00002940, 0.00003466, 0.00003871, 0.00004161, 0.00004376, 0.00004522, 0.00004609, 0.00004644, 0.00004637, 0.00004594, 0.00004523, 0.00004429, 0.00004319, 0.00004204, 0.00004067, 0.00003916, 0.00003758, 0.00003596, 0.00003433
-0.12022149, -0.11852459, -0.11350576, -0.10598900, -0.09687716, -0.08703399, -0.07711194, -0.06753892, -0.05857008, -0.05035799, -0.04298207, -0.03645017, -0.03074662, -0.02581478, -0.02159229, -0.01800078, -0.01496619, -0.01241394, -0.01027709, -0.00849471, -0.00701177, -0.00578161, -0.00476265, -0.00391988, -0.00322427, -0.00265051, -0.00217702, -0.00178668, -0.00146535, -0.00120077, -0.00098268, -0.00080278, -0.00065453, -0.00053231, -0.00043145, -0.00034798, -0.00027917, -0.00022229, -0.00017527, -0.00013644, -0.00010440, -0.00007793, -0.00005602, -0.00003795, -0.00002312, -0.00001090, -0.00000103, 0.00000701, 0.00001350, 0.00001866, 0.00002270, 0.00002580, 0.00002812, 0.00002977, 0.00003089, 0.00003157, 0.00003195, 0.00003194, 0.00003164, 0.00003114, 0.00003046, 0.00002967
-0.09953174, -0.09831123, -0.09466732, -0.08912090, -0.08225034, -0.07465642, -0.06683158, -0.05913169, -0.05179182, -0.04496793, -0.03875362, -0.03317840, -0.02825041, -0.02393833, -0.02020463, -0.01699479, -0.01425457, -0.01192682, -0.00995896, -0.00830196, -0.00691093, -0.00574649, -0.00477352, -0.00396185, -0.00328612, -0.00272406, -0.00225638, -0.00186768, -0.00154504, -0.00127721, -0.00105469, -0.00086969, -0.00071601, -0.00058832, -0.00048211, -0.00039356, -0.00031999, -0.00025871, -0.00020767, -0.00016519, -0.00012986, -0.00010044, -0.00007590, -0.00005550, -0.00003859, -0.00002453, -0.00001304, -0.00000356, 0.00000418, 0.00001045, 0.00001548, 0.00001945, 0.00002252, 0.00002486, 0.00002657, 0.00002777, 0.00002862, 0.00002902, 0.00002909, 0.00002891, 0.00002853, 0.00002799
-2.31612088, -1.99916293, -1.33690025, -0.80674195, -0.51358529, -0.36683520, -0.28085746, -0.21710910, -0.16517558, -0.12368497, -0.09197779, -0.06840987, -0.05102109, -0.03809669, -0.02842437, -0.02116082, -0.01572568, -0.01167412, -0.00866521, -0.00643287, -0.00477589, -0.00354577, -0.00263142, -0.00195155, -0.00144761, -0.00107365, -0.00079476, -0.00058641, -0.00043166, -0.00031618, -0.00022920, -0.00016318, -0.00011331, -0.00007548, -0.00004646, -0.00002381, -0.00000629, 0.00000749, 0.00001834, 0.00002683, 0.00003339, 0.00003862, 0.00004288, 0.00004622, 0.00004868, 0.00005045, 0.00005154, 0.00005227, 0.00005258, 0.00005251, 0.00005207, 0.00005133, 0.00005030, 0.00004907, 0.00004768, 0.00004617, 0.00004467, 0.00004297, 0.00004114, 0.00003924, 0.00003734, 0.00003546
-3.20086586, -2.68450780, -1.66398294, -0.92047008, -0.55356362, -0.38924793, -0.29793542, -0.22938440, -0.17270801, -0.12761446, -0.09370297, -0.06897097, -0.05101458, -0.03781580, -0.02801103, -0.02069850, -0.01526841, -0.01125473, -0.00829979, -0.00612499, -0.00452203, -0.00333949, -0.00246569, -0.00181966, -0.00134363, -0.00099232, -0.00073153, -0.00053749, -0.00039402, -0.00028732, -0.00020714, -0.00014635, -0.00010049, -0.00006573, -0.00003904, -0.00001815, -0.00000196, 0.00001084, 0.00002095, 0.00002888, 0.00003501, 0.00003993, 0.00004397, 0.00004714, 0.00004947, 0.00005114, 0.00005215, 0.00005282, 0.00005308, 0.00005297, 0.00005249, 0.00005171, 0.00005065, 0.00004939, 0.00004796, 0.00004643, 0.00004490, 0.00004317, 0.00004131, 0.00003939, 0.00003746, 0.00003556
-0.04263711, -0.04233438, -0.04140493, -0.03993068, -0.03798939, -0.03569536, -0.03316271, -0.03049542, -0.02778192, -0.02509966, -0.02251113, -0.02005581, -0.01776651, -0.01565745, -0.01373845, -0.01200763, -0.01046016, -0.00908555, -0.00787189, -0.00680614, -0.00587414, -0.00506223, -0.00435695, -0.00374586, -0.00321776, -0.00276211, -0.00236916, -0.00203095, -0.00174021, -0.00149040, -0.00127576, -0.00109133, -0.00093296, -0.00079698, -0.00068018, -0.00057966, -0.00049343, -0.00041933, -0.00035563, -0.00030088, -0.00025384, -0.00021340, -0.00017860, -0.00014868, -0.00012299, -0.00010085, -0.00008196, -0.00006575, -0.00005188, -0.00004005, -0.00002997, -0.00002142, -0.00001419, -0.00000809, -0.00000298, 0.00000130, 0.00000491, 0.00000782, 0.00001017, 0.00001205, 0.00001352, 0.00001466
-0.92744740, -0.85543433, -0.68271173, -0.50620402, -0.37413746, -0.28553184, -0.22387535, -0.17683080, -0.13883081, -0.10798035, -0.08340884, -0.06418212, -0.04930962, -0.03782923, -0.02897703, -0.02214923, -0.01689929, -0.01287178, -0.00979265, -0.00744358, -0.00565333, -0.00429079, -0.00325376, -0.00246473, -0.00186599, -0.00141154, -0.00106563, -0.00080225, -0.00060261, -0.00045090, -0.00033500, -0.00024606, -0.00017805, -0.00012594, -0.00008575, -0.00005442, -0.00003018, -0.00001122, 0.00000362, 0.00001519, 0.00002413, 0.00003117, 0.00003680, 0.00004118, 0.00004445, 0.00004688, 0.00004848, 0.00004959, 0.00005021, 0.00005039, 0.00005018, 0.00004962, 0.00004877, 0.00004770, 0.00004645, 0.00004508, 0.00004369, 0.00004211, 0.00004040, 0.00003862, 0.00003683, 0.00003505
-0.03725621, -0.03693246, -0.03595161, -0.03441051, -0.03241782, -0.03010891, -0.02761401, -0.02504500, -0.02249051, -0.02001986, -0.01768677, -0.01552013, -0.01354093, -0.01175400, -0.01015917, -0.00874773, -0.00750869, -0.00642756, -0.00548954, -0.00467951, -0.00398255, -0.00338503, -0.00287392, -0.00243771, -0.00206629, -0.00175038, -0.00148171, -0.00125364, -0.00106024, -0.00089623, -0.00075710, -0.00063905, -0.00053897, -0.00045407, -0.00038203, -0.00032075, -0.00026881, -0.00022469, -0.00018721, -0.00015538, -0.00012836, -0.00010537, -0.00008583, -0.00006925, -0.00005519, -0.00004322, -0.00003315, -0.00002463, -0.00001747, -0.00001145, -0.00000643, -0.00000226, 0.00000119, 0.00000401, 0.00000631, 0.00000816, 0.00000967, 0.00001080, 0.00001164, 0.00001224, 0.00001265, 0.00001289
-0.24708123, -0.23758894, -0.21217410, -0.18035441, -0.14961244, -0.12315262, -0.10115133, -0.08279592, -0.06736000, -0.05440851, -0.04366588, -0.03485792, -0.02771943, -0.02197231, -0.01737160, -0.01370113, -0.01078403, -0.00847223, -0.00664595, -0.00520678, -0.00407486, -0.00318617, -0.00248891, -0.00194236, -0.00151496, -0.00118056, -0.00091849, -0.00071339, -0.00055330, -0.00042805, -0.00032979, -0.00025259, -0.00019212, -0.00014461, -0.00010720, -0.00007755, -0.00005419, -0.00003568, -0.00002104, -0.00000949, -0.00000040, 0.00000686, 0.00001263, 0.00001714, 0.00002060, 0.00002328, 0.00002524, 0.00002668, 0.00002766, 0.00002826, 0.00002851, 0.00002849, 0.00002824, 0.00002780, 0.00002723, 0.00002656, 0.00002584, 0.00002497, 0.00002402, 0.00002303, 0.00002203, 0.00002103
-0.04417924, -0.04375174, -0.04246266, -0.04045323, -0.03788493, -0.03494706, -0.03181484, -0.02863247, -0.02550891, -0.02252502, -0.01974003, -0.01718282, -0.01487195, -0.01280722, -0.01098278, -0.00938382, -0.00799324, -0.00679088, -0.00575671, -0.00487119, -0.00411559, -0.00347298, -0.00292759, -0.00246566, -0.00207531, -0.00174574, -0.00146745, -0.00123288, -0.00103537, -0.00086902, -0.00072884, -0.00061069, -0.00051120, -0.00042735, -0.00035665, -0.00029691, -0.00024658, -0.00020410, -0.00016824, -0.00013798, -0.00011246, -0.00009089, -0.00007267, -0.00005730, -0.00004437, -0.00003344, -0.00002433, -0.00001668, -0.00001030, -0.00000500, -0.00000063, 0.00000295, 0.00000586, 0.00000820, 0.00001006, 0.00001152, 0.00001267, 0.00001347, 0.00001402, 0.00001436, 0.00001453, 0.00001456
-0.30466976, -0.29064431, -0.25400048, -0.21014536, -0.17009408, -0.13745556, -0.11141938, -0.09023576, -0.07267999, -0.05811369, -0.04616779, -0.03649217, -0.02874473, -0.02257765, -0.01769227, -0.01383201, -0.01079284, -0.00840602, -0.00653769, -0.00507847, -0.00394089, -0.00305555, -0.00236685, -0.00183158, -0.00141657, -0.00109460, -0.00084434, -0.00065006, -0.00049970, -0.00038301, -0.00029215, -0.00022127, -0.00016617, -0.00012319, -0.00008956, -0.00006304, -0.00004227, -0.00002590, -0.00001301, -0.00000289, 0.00000502, 0.00001133, 0.00001633, 0.00002022, 0.00002317, 0.00002543, 0.00002705, 0.00002822, 0.00002897, 0.00002937, 0.00002947, 0.00002932, 0.00002895, 0.00002842, 0.00002777, 0.00002702, 0.00002624, 0.00002531, 0.00002431, 0.00002328, 0.00002223, 0.00002119
-0.12378049, -0.12118785, -0.11376811, -0.10326205, -0.09142370, -0.07955967, -0.06838829, -0.05821014, -0.04911484, -0.04111125, -0.03417640, -0.02824047, -0.02322271, -0.01901720, -0.01552125, -0.01263128, -0.01025509, -0.00830850, -0.00671996, -0.00542755, -0.00437842, -0.00352875, -0.00284134, -0.00228591, -0.00183805, -0.00147691, -0.00118542, -0.00095047, -0.00076141, -0.00060909, -0.00048617, -0.00038690, -0.00030688, -0.00024227, -0.00019003, -0.00014763, -0.00011338, -0.00008563, -0.00006314, -0.00004496, -0.00003027, -0.00001833, -0.00000866, -0.00000087, 0.00000535, 0.00001034, 0.00001423, 0.00001729, 0.00001962, 0.00002136, 0.00002259, 0.00002339, 0.00002385, 0.00002402, 0.00002397, 0.00002374, 0.00002341, 0.00002288, 0.00002225, 0.00002153, 0.00002077, 0.00001997
-0.01752412, -0.01742524, -0.01712074, -0.01663241, -0.01597860, -0.01519102, -0.01430274, -0.01334574, -0.01234886, -0.01133885, -0.01034065, -0.00937085, -0.00844499, -0.00757204, -0.00675945, -0.00601019, -0.00532563, -0.00470461, -0.00414493, -0.00364356, -0.00319644, -0.00279953, -0.00244831, -0.00213850, -0.00186602, -0.00162683, -0.00141705, -0.00123358, -0.00107330, -0.00093338, -0.00081129, -0.00070480, -0.00061200, -0.00053113, -0.00046066, -0.00039915, -0.00034564, -0.00029901, -0.00025837, -0.00022296, -0.00019211, -0.00016521, -0.00014176, -0.00012132, -0.00010351, -0.00008795, -0.00007445, -0.00006269, -0.00005248, -0.00004361, -0.00003591, -0.00002925, -0.00002349, -0.00001853, -0.00001424, -0.00001057, -0.00000737, -0.00000469, -0.00000241, -0.00000049, 0.00000113, 0.00000248
-1.04290173, -0.92530974, -0.66630364, -0.43854980, -0.29659938, -0.21636654, -0.16603939, -0.12873131, -0.09877583, -0.07483642, -0.05630359, -0.04228166, -0.03177416, -0.02388103, -0.01793058, -0.01343680, -0.01005177, -0.00750981, -0.00560784, -0.00418656, -0.00312492, -0.00233218, -0.00173974, -0.00129699, -0.00096716, -0.00072093, -0.00053631, -0.00039797, -0.00029479, -0.00021733, -0.00015871, -0.00011414, -0.00008043, -0.00005474, -0.00003497, -0.00001953, -0.00000756, 0.00000183, 0.00000921, 0.00001495, 0.00001941, 0.00002302, 0.00002591, 0.00002814, 0.00002977, 0.00003095, 0.00003173, 0.00003224, 0.00003245, 0.00003241, 0.00003213, 0.00003166, 0.00003101, 0.00003023, 0.00002936, 0.00002842, 0.00002747, 0.00002638, 0.00002522, 0.00002404, 0.00002286, 0.00002170
-2.27415047, -1.88535049, -1.13620592, -0.61120654, -0.36188674, -0.25317015, -0.19308346, -0.14785236, -0.11057690, -0.08113209, -0.05917847, -0.04329982, -0.03185297, -0.02349087, -0.01731338, -0.01273131, -0.00934652, -0.00685846, -0.00503643, -0.00370228, -0.00272365, -0.00200489, -0.00147589, -0.00108640, -0.00080067, -0.00059034, -0.00043451, -0.00031900, -0.00023387, -0.00017051, -0.00012283, -0.00008668, -0.00005947, -0.00003875, -0.00002277, -0.00001020, -0.00000039, 0.00000739, 0.00001354, 0.00001837, 0.00002212, 0.00002523, 0.00002775, 0.00002970, 0.00003110, 0.00003211, 0.00003275, 0.00003316, 0.00003329, 0.00003317, 0.00003283, 0.00003229, 0.00003158, 0.00003075, 0.00002982, 0.00002884, 0.00002785, 0.00002670, 0.00002549, 0.00002426, 0.00002304, 0.00002184
-2.83887181, -2.30110524, -1.30842830, -0.65963425, -0.37562182, -0.26117769, -0.19977318, -0.15266692, -0.11335667, -0.08241118, -0.05960777, -0.04333350, -0.03172578, -0.02330153, -0.01710237, -0.01252086, -0.00915194, -0.00668846, -0.00489408, -0.00358623, -0.00263068, -0.00193127, -0.00141806, -0.00104130, -0.00076580, -0.00056360, -0.00041409, -0.00030346, -0.00022212, -0.00016163, -0.00011614, -0.00008166, -0.00005568, -0.00003591, -0.00002063, -0.00000857, 0.00000084, 0.00000834, 0.00001428, 0.00001896, 0.00002259, 0.00002562, 0.00002808, 0.00002999, 0.00003135, 0.00003233, 0.00003295, 0.00003335, 0.00003346, 0.00003333, 0.00003297, 0.00003242, 0.00003170, 0.00003086, 0.00002992, 0.00002893, 0.00002793, 0.00002677, 0.00002555, 0.00002431, 0.00002308, 0.00002187
-0.31236732, -0.30474283, -0.28323539, -0.25355831, -0.22119513, -0.18981413, -0.16110115, -0.13553107, -0.11308829, -0.09363175, -0.07700328, -0.06295762, -0.05123461, -0.04153007, -0.03355746, -0.02704142, -0.02174123, -0.01744520, -0.01397578, -0.01118122, -0.00893555, -0.00713444, -0.00569131, -0.00453641, -0.00361403, -0.00287711, -0.00228769, -0.00181699, -0.00144169, -0.00114198, -0.00090216, -0.00071016, -0.00055671, -0.00043384, -0.00033527, -0.00025587, -0.00019221, -0.00014099, -0.00009982, -0.00006678, -0.00004028, -0.00001887, -0.00000164, 0.00001211, 0.00002294, 0.00003155, 0.00003818, 0.00004330, 0.00004711, 0.00004982, 0.00005161, 0.00005264, 0.00005303, 0.00005292, 0.00005241, 0.00005160, 0.00005060, 0.00004924, 0.00004768, 0.00004600, 0.00004424, 0.00004244
-0.32715865, -0.31884592, -0.29549285, -0.26351156, -0.22896312, -0.19577655, -0.16565113, -0.13898165, -0.11567447, -0.09553807, -0.07838150, -0.06393311, -0.05190824, -0.04198175, -0.03384812, -0.02721630, -0.02183495, -0.01748331, -0.01397678, -0.01115852, -0.00889874, -0.00709019, -0.00564417, -0.00448938, -0.00356905, -0.00283527, -0.00224958, -0.00178279, -0.00141140, -0.00111541, -0.00087904, -0.00069016, -0.00053950, -0.00041910, -0.00032269, -0.00024516, -0.00018311, -0.00013328, -0.00009328, -0.00006124, -0.00003560, -0.00001490, 0.00000173, 0.00001496, 0.00002536, 0.00003361, 0.00003994, 0.00004480, 0.00004839, 0.00005092, 0.00005256, 0.00005345, 0.00005373, 0.00005352, 0.00005293, 0.00005205, 0.00005099, 0.00004957, 0.00004796, 0.00004624, 0.00004444, 0.00004261
-0.12448403, -0.12301158, -0.11862040, -0.11189131, -0.10350034, -0.09415614, -0.08446188, -0.07486935, -0.06568671, -0.05711612, -0.04929007, -0.04225312, -0.03601968, -0.03055669, -0.02581829, -0.02173957, -0.01825335, -0.01528883, -0.01277996, -0.01066542, -0.00888873, -0.00739996, -0.00615474, -0.00511512, -0.00424887, -0.00352736, -0.00292627, -0.00242629, -0.00201080, -0.00166532, -0.00137781, -0.00113849, -0.00093945, -0.00077374, -0.00063567, -0.00052034, -0.00042434, -0.00034424, -0.00027742, -0.00022171, -0.00017527, -0.00013645, -0.00010405, -0.00007708, -0.00005471, -0.00003605, -0.00002071, -0.00000806, 0.00000231, 0.00001072, 0.00001748, 0.00002285, 0.00002703, 0.00003024, 0.00003263, 0.00003434, 0.00003556, 0.00003617, 0.00003636, 0.00003623, 0.00003583, 0.00003522
-0.06649234, -0.06596515, -0.06436495, -0.06183342, -0.05853021, -0.05466246, -0.05043661, -0.04603644, -0.04161336, -0.03728980, -0.03316583, -0.02929904, -0.02573383, -0.02248636, -0.01956306, -0.01695484, -0.01464684, -0.01261747, -0.01084363, -0.00930090, -0.00796442, -0.00681072, -0.00581736, -0.00496417, -0.00423311, -0.00360738, -0.00307198, -0.00261482, -0.00222484, -0.00189215, -0.00160829, -0.00136609, -0.00115959, -0.00098344, -0.00083310, -0.00070454, -0.00059494, -0.00050134, -0.00042138, -0.00035310, -0.00029478, -0.00024491, -0.00020227, -0.00016586, -0.00013482, -0.00010823, -0.00008568, -0.00006649, -0.00005021, -0.00003643, -0.00002481, -0.00001505, -0.00000690, -0.00000012, 0.00000549, 0.00001010, 0.00001392, 0.00001690, 0.00001923, 0.00002102, 0.00002235, 0.00002329
-84.17508224, -43.85869246, -9.26592518, -1.56380672, -0.61291610, -0.61380080, -0.55809642, -0.41797913, -0.27526211, -0.17758717, -0.11783019, -0.08297548, -0.06023927, -0.04320377, -0.03051703, -0.02162535, -0.01581034, -0.01126423, -0.00782021, -0.00544735, -0.00387040, -0.00323468, -0.00236852, -0.00135195, -0.00097332, -0.00099245, -0.00069944, -0.00038660, -0.00034835, -0.00016905, -0.00006300, -0.00022093, 0.00001909, -0.00003173, 0.00001136, 0.00007535, -0.00005734, 0.00007353, 0.00000449, 0.00010479, -0.00001127, 0.00005306, 0.00003176, 0.00011770, 0.00009017, 0.00008052, 0.00003339, 0.00011706, 0.00007050, 0.00009932, 0.00003166, 0.00006784, 0.00004479, 0.00009881, 0.00003967, 0.00008166, 0.00003067, 0.00007586, 0.00005539, 0.00007566, 0.00003377, 0.00004216
-0.74178744, -0.70351213, -0.60517518, -0.49096535, -0.39041921, -0.31128920, -0.24978683, -0.20054437, -0.16016136, -0.12695689, -0.09998500, -0.07836041, -0.06121520, -0.04769779, -0.03708442, -0.02876902, -0.02227606, -0.01721801, -0.01329075, -0.01024761, -0.00789402, -0.00607633, -0.00467294, -0.00359051, -0.00275756, -0.00211595, -0.00162067, -0.00123898, -0.00094563, -0.00071942, -0.00054430, -0.00040853, -0.00030360, -0.00022217, -0.00015871, -0.00010887, -0.00006995, -0.00003937, -0.00001536, 0.00000341, 0.00001808, 0.00002980, 0.00003906, 0.00004622, 0.00005160, 0.00005568, 0.00005861, 0.00006066, 0.00006193, 0.00006252, 0.00006252, 0.00006202, 0.00006111, 0.00005989, 0.00005844, 0.00005681, 0.00005510, 0.00005309, 0.00005095, 0.00004875, 0.00004654, 0.00004435
-0.70058202, -0.66610813, -0.57690240, -0.47193464, -0.37801397, -0.30293749, -0.24391900, -0.19636533, -0.15723426, -0.12497420, -0.09869202, -0.07755134, -0.06073588, -0.04743838, -0.03696900, -0.02874583, -0.02230911, -0.01728292, -0.01337093, -0.01033251, -0.00797702, -0.00615369, -0.00474280, -0.00365215, -0.00281097, -0.00216161, -0.00165929, -0.00127135, -0.00097254, -0.00074165, -0.00056258, -0.00042350, -0.00031582, -0.00023211, -0.00016678, -0.00011541, -0.00007525, -0.00004366, -0.00001885, 0.00000058, 0.00001578, 0.00002792, 0.00003751, 0.00004494, 0.00005054, 0.00005480, 0.00005786, 0.00006003, 0.00006139, 0.00006205, 0.00006211, 0.00006167, 0.00006081, 0.00005963, 0.00005821, 0.00005660, 0.00005493, 0.00005294, 0.00005082, 0.00004865, 0.00004645, 0.00004428
-0.12925582, -0.12768643, -0.12301218, -0.11586910, -0.10699444, -0.09715066, -0.08697787, -0.07694839, -0.06737899, -0.05847443, -0.05036579, -0.04309352, -0.03666745, -0.03104896, -0.02618670, -0.02201059, -0.01844833, -0.01542523, -0.01287194, -0.01072395, -0.00892246, -0.00741566, -0.00615756, -0.00510900, -0.00423676, -0.00351154, -0.00290830, -0.00240736, -0.00199176, -0.00164673, -0.00136005, -0.00112178, -0.00092393, -0.00075946, -0.00062264, -0.00050853, -0.00041367, -0.00033465, -0.00026882, -0.00021403, -0.00016842, -0.00013035, -0.00009863, -0.00007227, -0.00005044, -0.00003227, -0.00001736, -0.00000509, 0.00000493, 0.00001305, 0.00001954, 0.00002466, 0.00002864, 0.00003165, 0.00003388, 0.00003544, 0.00003653, 0.00003702, 0.00003711, 0.00003688, 0.00003640, 0.00003572
-0.03561191, -0.03541268, -0.03480072, -0.03381790, -0.03250141, -0.03091400, -0.02912174, -0.02718881, -0.02517336, -0.02312893, -0.02110626, -0.01913919, -0.01725934, -0.01548535, -0.01383237, -0.01230700, -0.01091214, -0.00964583, -0.00850373, -0.00747987, -0.00656617, -0.00575449, -0.00503580, -0.00440144, -0.00384317, -0.00335277, -0.00292242, -0.00254580, -0.00221657, -0.00192899, -0.00167788, -0.00145873, -0.00126763, -0.00110099, -0.00095567, -0.00082876, -0.00071826, -0.00062191, -0.00053789, -0.00046463, -0.00040074, -0.00034500, -0.00029636, -0.00025394, -0.00021696, -0.00018461, -0.00015652, -0.00013204, -0.00011075, -0.00009224, -0.00007617, -0.00006225, -0.00005020, -0.00003979, -0.00003080, -0.00002307, -0.00001636, -0.00001070, -0.00000588, -0.00000181, 0.00000163, 0.00000451
-0.06964732, -0.06907970, -0.06735862, -0.06464029, -0.06110232, -0.05697146, -0.05247198, -0.04780175, -0.04312216, -0.03856215, -0.03422574, -0.03017174, -0.02644456, -0.02305909, -0.02001957, -0.01731481, -0.01492730, -0.01283330, -0.01100724, -0.00942284, -0.00805319, -0.00687349, -0.00585989, -0.00499111, -0.00424819, -0.00361357, -0.00307161, -0.00260972, -0.00221644, -0.00188155, -0.00159630, -0.00135337, -0.00114660, -0.00097051, -0.00082049, -0.00069241, -0.00058340, -0.00049045, -0.00041119, -0.00034361, -0.00028599, -0.00023679, -0.00019480, -0.00015901, -0.00012854, -0.00010249, -0.00008045, -0.00006173, -0.00004587, -0.00003249, -0.00002124, -0.00001182, -0.00000398, 0.00000253, 0.00000788, 0.00001226, 0.00001587, 0.00001865, 0.00002080, 0.00002243, 0.00002361, 0.00002442
-0.36055340, -0.35235913, -0.32911848, -0.29657825, -0.26048330, -0.22487141, -0.19180090, -0.16203280, -0.13571086, -0.11275931, -0.09304705, -0.07632310, -0.06230175, -0.05064986, -0.04103867, -0.03315773, -0.02672571, -0.02149688, -0.01726148, -0.01384047, -0.01108383, -0.00886699, -0.00708603, -0.00565781, -0.00451429, -0.00359827, -0.00286370, -0.00227656, -0.00180723, -0.00143148, -0.00113022, -0.00088889, -0.00069570, -0.00054074, -0.00041630, -0.00031594, -0.00023549, -0.00017083, -0.00011892, -0.00007737, -0.00004395, -0.00001704, 0.00000445, 0.00002145, 0.00003472, 0.00004533, 0.00005335, 0.00005941, 0.00006379, 0.00006679, 0.00006862, 0.00006950, 0.00006961, 0.00006911, 0.00006815, 0.00006680, 0.00006520, 0.00006317, 0.00006094, 0.00005860, 0.00005619, 0.00005375
-0.70958942, -0.68054285, -0.60346205, -0.50826881, -0.41782506, -0.34116679, -0.27819042, -0.22614226, -0.18272732, -0.14657302, -0.11681360, -0.09260634, -0.07313125, -0.05757194, -0.04520276, -0.03540728, -0.02767500, -0.02159072, -0.01681719, -0.01308156, -0.01016381, -0.00788844, -0.00611516, -0.00473552, -0.00366403, -0.00283095, -0.00218209, -0.00167885, -0.00128853, -0.00098496, -0.00074822, -0.00056390, -0.00042050, -0.00030856, -0.00022095, -0.00015191, -0.00009795, -0.00005561, -0.00002246, 0.00000336, 0.00002368, 0.00003972, 0.00005217, 0.00006164, 0.00006861, 0.00007399, 0.00007767, 0.00008012, 0.00008148, 0.00008192, 0.00008159, 0.00008062, 0.00007916, 0.00007731, 0.00007519, 0.00007285, 0.00007038, 0.00006755, 0.00006463, 0.00006168, 0.00005875, 0.00005584
-262.32017394, -104.68235809, -13.29785342, -0.89593189, -0.40107316, -0.75938686, -0.76624488, -0.57115107, -0.33497329, -0.20756953, -0.13359173, -0.09934923, -0.07613054, -0.05214537, -0.03388079, -0.02411370, -0.02171449, -0.01562925, -0.00877332, -0.00447563, -0.00249175, -0.00571159, -0.00439546, 0.00012704, 0.00025205, -0.00233235, -0.00149187, 0.00003732, -0.00056536, 0.00033491, 0.00078146, -0.00107167, 0.00077154, 0.00009143, 0.00027952, 0.00072339, -0.00061396, 0.00047057, -0.00023429, 0.00060819, -0.00048583, 0.00004197, -0.00018150, 0.00055996, 0.00030132, 0.00019180, -0.00023861, 0.00050330, 0.00008834, 0.00034749, -0.00025352, 0.00007767, -0.00011603, 0.00038512, -0.00013187, 0.00026383, -0.00018186, 0.00024695, 0.00008052, 0.00028802, -0.00007307, 0.00002521
-0.21573719, -0.21249558, -0.20299883, -0.18881409, -0.17175425, -0.15346563, -0.13517143, -0.11766618, -0.10140423, -0.08662440, -0.07345421, -0.06188389, -0.05185475, -0.04325174, -0.03593803, -0.02976484, -0.02458517, -0.02026059, -0.01666523, -0.01368629, -0.01122512, -0.00919675, -0.00752726, -0.00615595, -0.00503135, -0.00410905, -0.00335217, -0.00273278, -0.00222589, -0.00181066, -0.00147018, -0.00119117, -0.00096263, -0.00077518, -0.00062132, -0.00049461, -0.00039078, -0.00030550, -0.00023550, -0.00017812, -0.00013097, -0.00009221, -0.00006048, -0.00003462, -0.00001368, 0.00000351, 0.00001718, 0.00002810, 0.00003668, 0.00004330, 0.00004827, 0.00005187, 0.00005434, 0.00005589, 0.00005670, 0.00005689, 0.00005665, 0.00005583, 0.00005466, 0.00005324, 0.00005164, 0.00004990
-0.31998821, -0.31341026, -0.29458651, -0.26776567, -0.23736251, -0.20670202, -0.17768407, -0.15117138, -0.12745828, -0.10658662, -0.08851164, -0.07305407, -0.05999573, -0.04906525, -0.03998618, -0.03249223, -0.02633819, -0.02130440, -0.01720240, -0.01387003, -0.01116929, -0.00898504, -0.00722048, -0.00579749, -0.00465180, -0.00372903, -0.00298508, -0.00238714, -0.00190655, -0.00151973, -0.00120796, -0.00095690, -0.00075484, -0.00059192, -0.00046043, -0.00035387, -0.00026803, -0.00019868, -0.00014274, -0.00009770, -0.00006130, -0.00003187, -0.00000822, 0.00001062, 0.00002547, 0.00003741, 0.00004656, 0.00005357, 0.00005878, 0.00006247, 0.00006491, 0.00006631, 0.00006686, 0.00006674, 0.00006610, 0.00006504, 0.00006369, 0.00006188, 0.00005985, 0.00005767, 0.00005541, 0.00005310
-525.15973102, -164.98039840, -13.60321741, 0.54366646, 0.09805824, -0.69124473, -0.83328184, -0.64786059, -0.29947164, -0.17829019, -0.10702610, -0.09605531, -0.08511437, -0.05133247, -0.02500145, -0.01864767, -0.03032345, -0.02260397, -0.00751769, 0.00122851, 0.00366535, -0.01147706, -0.00939533, 0.00501909, 0.00428832, -0.00589362, -0.00363492, 0.00137517, -0.00113359, 0.00180285, 0.00325948, -0.00357310, 0.00289012, 0.00040570, 0.00098363, 0.00256180, -0.00231533, 0.00154348, -0.00101305, 0.00198875, -0.00194022, -0.00008338, -0.00088360, 0.00175300, 0.00084453, 0.00042962, -0.00110425, 0.00153868, 0.00006917, 0.00099388, -0.00114710, 0.00003554, -0.00064650, 0.00115643, -0.00068564, 0.00074178, -0.00085175, 0.00069868, 0.00010722, 0.00086937, -0.00042362, -0.00005622
-182.80679085, -81.39244051, -12.74091454, -1.42089947, -0.58208530, -0.77027099, -0.73647302, -0.54734514, -0.34083513, -0.21478986, -0.14026607, -0.10080291, -0.07476694, -0.05257244, -0.03586045, -0.02538450, -0.02015955, -0.01438554, -0.00912251, -0.00567496, -0.00374469, -0.00459240, -0.00343454, -0.00087418, -0.00056056, -0.00162729, -0.00107573, -0.00023512, -0.00045555, 0.00003740, 0.00029070, -0.00057504, 0.00034505, 0.00002962, 0.00013700, 0.00036049, -0.00027668, 0.00025639, -0.00007991, 0.00033311, -0.00019509, 0.00006565, -0.00004141, 0.00032113, 0.00019478, 0.00014376, -0.00006565, 0.00029571, 0.00009269, 0.00021837, -0.00007499, 0.00008536, -0.00001047, 0.00023133, -0.00002145, 0.00016890, -0.00004882, 0.00015711, 0.00007474, 0.00017287, -0.00000365, 0.00004178
-0.46282442, -0.44977698, -0.41356084, -0.36490629, -0.31362465, -0.26553598, -0.22274374, -0.18543046, -0.15319481, -0.12560159, -0.10229693, -0.08284106, -0.06677985, -0.05363163, -0.04293901, -0.03428664, -0.02731524, -0.02171833, -0.01723923, -0.01366476, -0.01081831, -0.00855576, -0.00675892, -0.00533441, -0.00420688, -0.00331385, -0.00260563, -0.00204595, -0.00160367, -0.00125346, -0.00097566, -0.00075555, -0.00058127, -0.00044296, -0.00033301, -0.00024518, -0.00017549, -0.00012002, -0.00007594, -0.00004105, -0.00001324, 0.00000894, 0.00002646, 0.00004012, 0.00005056, 0.00005879, 0.00006483, 0.00006921, 0.00007218, 0.00007398, 0.00007479, 0.00007480, 0.00007416, 0.00007302, 0.00007150, 0.00006968, 0.00006767, 0.00006526, 0.00006271, 0.00006008, 0.00005743, 0.00005477
-0.11647663, -0.11533314, -0.11191305, -0.10656526, -0.09973768, -0.09192868, -0.08360281, -0.07515090, -0.06686619, -0.05895904, -0.05158962, -0.04483477, -0.03873910, -0.03330366, -0.02850829, -0.02431404, -0.02067275, -0.01753059, -0.01483304, -0.01252771, -0.01056432, -0.00889757, -0.00748555, -0.00629211, -0.00528544, -0.00443683, -0.00372137, -0.00311978, -0.00261402, -0.00218868, -0.00183081, -0.00152985, -0.00127681, -0.00106392, -0.00088471, -0.00073348, -0.00060636, -0.00049930, -0.00040914, -0.00033326, -0.00026931, -0.00021540, -0.00017003, -0.00013192, -0.00010000, -0.00007303, -0.00005065, -0.00003199, -0.00001653, -0.00000380, 0.00000662, 0.00001507, 0.00002184, 0.00002721, 0.00003141, 0.00003461, 0.00003706, 0.00003864, 0.00003961, 0.00004010, 0.00004019, 0.00003994
-0.14154761, -0.13748967, -0.12623902, -0.11121647, -0.09548956, -0.08084450, -0.06788010, -0.05659864, -0.04684683, -0.03848722, -0.03141253, -0.02549291, -0.02059737, -0.01657996, -0.01330633, -0.01065025, -0.00850530, -0.00677873, -0.00539359, -0.00428548, -0.00340080, -0.00269599, -0.00213499, -0.00168896, -0.00133513, -0.00105439, -0.00083138, -0.00065447, -0.00051445, -0.00040346, -0.00031530, -0.00024521, -0.00018961, -0.00014544, -0.00011028, -0.00008217, -0.00005981, -0.00004196, -0.00002773, -0.00001640, -0.00000742, -0.00000022, 0.00000552, 0.00001005, 0.00001356, 0.00001631, 0.00001836, 0.00001991, 0.00002101, 0.00002173, 0.00002214, 0.00002229, 0.00002223, 0.00002199, 0.00002163, 0.00002116, 0.00002064, 0.00002000, 0.00001929, 0.00001853, 0.00001776, 0.00001698
-0.09658386, -0.09459988, -0.08891235, -0.08083425, -0.07169609, -0.06250156, -0.05381312, -0.04587385, -0.03876221, -0.03249134, -0.02704769, -0.02237955, -0.01842681, -0.01510844, -0.01234543, -0.01005794, -0.00817455, -0.00662950, -0.00536699, -0.00433854, -0.00350268, -0.00282494, -0.00227605, -0.00183207, -0.00147373, -0.00118452, -0.00095088, -0.00076241, -0.00061064, -0.00048830, -0.00038953, -0.00030973, -0.00024537, -0.00019341, -0.00015139, -0.00011729, -0.00008976, -0.00006746, -0.00004941, -0.00003482, -0.00002305, -0.00001350, -0.00000577, 0.00000044, 0.00000538, 0.00000934, 0.00001241, 0.00001481, 0.00001664, 0.00001798, 0.00001891, 0.00001951, 0.00001983, 0.00001993, 0.00001985, 0.00001962, 0.00001932, 0.00001886, 0.00001832, 0.00001771, 0.00001707, 0.00001640
-0.07434580, -0.07311553, -0.06952461, -0.06425079, -0.05802566, -0.05148353, -0.04505707, -0.03899591, -0.03342746, -0.02841345, -0.02397923, -0.02010914, -0.01677654, -0.01393368, -0.01153038, -0.00951136, -0.00782566, -0.00642425, -0.00526399, -0.00430664, -0.00351877, -0.00287198, -0.00234177, -0.00190774, -0.00155318, -0.00126360, -0.00102693, -0.00083379, -0.00067640, -0.00054803, -0.00044322, -0.00035758, -0.00028772, -0.00023066, -0.00018402, -0.00014576, -0.00011453, -0.00008895, -0.00006802, -0.00005092, -0.00003695, -0.00002551, -0.00001614, -0.00000852, -0.00000235, 0.00000266, 0.00000664, 0.00000982, 0.00001231, 0.00001423, 0.00001567, 0.00001670, 0.00001739, 0.00001781, 0.00001801, 0.00001803, 0.00001794, 0.00001768, 0.00001730, 0.00001684, 0.00001632, 0.00001577
-80.11133496, -32.77042419, -4.21927989, -0.22157214, -0.08545407, -0.22341049, -0.23607222, -0.17699213, -0.10413307, -0.06413123, -0.04139948, -0.03088934, -0.02377306, -0.01649703, -0.01088735, -0.00776047, -0.00680777, -0.00490956, -0.00285648, -0.00155456, -0.00092473, -0.00176621, -0.00135350, -0.00005614, 0.00000116, -0.00070481, -0.00045620, -0.00001862, -0.00018004, 0.00007735, 0.00020546, -0.00030933, 0.00020901, 0.00002001, 0.00007426, 0.00019896, -0.00017390, 0.00013010, -0.00006646, 0.00016970, -0.00013618, 0.00001197, -0.00005038, 0.00015750, 0.00008516, 0.00005488, -0.00006551, 0.00014238, 0.00002626, 0.00009898, -0.00006913, 0.00002373, -0.00003045, 0.00010979, -0.00003486, 0.00007583, -0.00004874, 0.00007119, 0.00002467, 0.00008257, -0.00001842, 0.00000894
-0.32842879, -0.30904872, -0.26028940, -0.20584822, -0.16026837, -0.12612348, -0.10049725, -0.08031330, -0.06385259, -0.05036517, -0.03946485, -0.03078066, -0.02394011, -0.01857740, -0.01438631, -0.01111624, -0.00857244, -0.00659872, -0.00507211, -0.00389410, -0.00298645, -0.00228823, -0.00175132, -0.00133873, -0.00102258, -0.00078012, -0.00059375, -0.00045070, -0.00034130, -0.00025737, -0.00019272, -0.00014281, -0.00010445, -0.00007484, -0.00005190, -0.00003397, -0.00002006, -0.00000919, -0.00000071, 0.00000588, 0.00001097, 0.00001500, 0.00001817, 0.00002059, 0.00002238, 0.00002370, 0.00002460, 0.00002520, 0.00002552, 0.00002559, 0.00002546, 0.00002515, 0.00002469, 0.00002412, 0.00002346, 0.00002275, 0.00002202, 0.00002118, 0.00002029, 0.00001937, 0.00001846, 0.00001756
-0.32161069, -0.30294802, -0.25586581, -0.20303499, -0.15852748, -0.12498540, -0.09970465, -0.07975085, -0.06346206, -0.05010495, -0.03929859, -0.03067937, -0.02388215, -0.01854777, -0.01437492, -0.01111626, -0.00857924, -0.00660914, -0.00508407, -0.00390627, -0.00299806, -0.00229886, -0.00176077, -0.00134697, -0.00102964, -0.00078609, -0.00059876, -0.00045486, -0.00034473, -0.00026018, -0.00019501, -0.00014467, -0.00010595, -0.00007606, -0.00005288, -0.00003476, -0.00002070, -0.00000970, -0.00000112, 0.00000555, 0.00001070, 0.00001478, 0.00001799, 0.00002045, 0.00002226, 0.00002360, 0.00002451, 0.00002512, 0.00002546, 0.00002554, 0.00002541, 0.00002511, 0.00002465, 0.00002409, 0.00002343, 0.00002272, 0.00002200, 0.00002116, 0.00002027, 0.00001936, 0.00001845, 0.00001755
-0.11848230, -0.11557874, -0.10739423, -0.09612634, -0.08386982, -0.07201407, -0.06118263, -0.05153856, -0.04306600, -0.03571037, -0.02941328, -0.02408487, -0.01963021, -0.01593586, -0.01289567, -0.01040633, -0.00837795, -0.00673094, -0.00539858, -0.00432365, -0.00345848, -0.00276357, -0.00220600, -0.00175918, -0.00140189, -0.00111615, -0.00088741, -0.00070454, -0.00055865, -0.00044210, -0.00034883, -0.00027412, -0.00021441, -0.00016662, -0.00012831, -0.00009746, -0.00007276, -0.00005292, -0.00003698, -0.00002422, -0.00001401, -0.00000579, 0.00000081, 0.00000606, 0.00001018, 0.00001344, 0.00001592, 0.00001783, 0.00001923, 0.00002021, 0.00002084, 0.00002117, 0.00002126, 0.00002116, 0.00002091, 0.00002054, 0.00002011, 0.00001954, 0.00001890, 0.00001821, 0.00001749, 0.00001675
-0.03111787, -0.03084005, -0.02999930, -0.02868088, -0.02698094, -0.02501741, -0.02290275, -0.02073242, -0.01858120, -0.01650696, -0.01455383, -0.01274504, -0.01109718, -0.00961311, -0.00829189, -0.00712538, -0.00610372, -0.00521427, -0.00444425, -0.00378071, -0.00321099, -0.00272356, -0.00230747, -0.00195307, -0.00165191, -0.00139627, -0.00117927, -0.00099545, -0.00083987, -0.00070819, -0.00059671, -0.00050232, -0.00042245, -0.00035484, -0.00029759, -0.00024899, -0.00020789, -0.00017305, -0.00014352, -0.00011850, -0.00009731, -0.00007933, -0.00006408, -0.00005117, -0.00004026, -0.00003100, -0.00002324, -0.00001670, -0.00001121, -0.00000663, -0.00000282, 0.00000032, 0.00000289, 0.00000499, 0.00000667, 0.00000801, 0.00000910, 0.00000988, 0.00001045, 0.00001083, 0.00001106, 0.00001117
-0.02823403, -0.02799665, -0.02727643, -0.02614246, -0.02467139, -0.02296067, -0.02110503, -0.01918663, -0.01727159, -0.01541235, -0.01365017, -0.01200783, -0.01050244, -0.00913870, -0.00791765, -0.00683372, -0.00587923, -0.00504398, -0.00431725, -0.00368802, -0.00314521, -0.00267865, -0.00227861, -0.00193640, -0.00164436, -0.00139539, -0.00118321, -0.00100274, -0.00084940, -0.00071911, -0.00060838, -0.00051426, -0.00043434, -0.00036643, -0.00030870, -0.00025953, -0.00021779, -0.00018229, -0.00015209, -0.00012640, -0.00010457, -0.00008598, -0.00007016, -0.00005671, -0.00004530, -0.00003557, -0.00002738, -0.00002045, -0.00001460, -0.00000969, -0.00000559, -0.00000217, 0.00000065, 0.00000297, 0.00000486, 0.00000639, 0.00000764, 0.00000858, 0.00000928, 0.00000979, 0.00001014, 0.00001035
-1.69717460, -1.41652125, -0.86835147, -0.47577706, -0.28482946, -0.19980342, -0.15245097, -0.11692158, -0.08768689, -0.06454325, -0.04721789, -0.03463127, -0.02552477, -0.01885525, -0.01391831, -0.01024948, -0.00753425, -0.00553430, -0.00406695, -0.00299063, -0.00220003, -0.00161869, -0.00119045, -0.00087495, -0.00064338, -0.00047289, -0.00034662, -0.00025309, -0.00018423, -0.00013308, -0.00009469, -0.00006568, -0.00004392, -0.00002744, -0.00001480, -0.00000491, 0.00000275, 0.00000877, 0.00001350, 0.00001717, 0.00001999, 0.00002230, 0.00002415, 0.00002556, 0.00002654, 0.00002722, 0.00002762, 0.00002783, 0.00002784, 0.00002765, 0.00002729, 0.00002678, 0.00002614, 0.00002541, 0.00002461, 0.00002377, 0.00002292, 0.00002196, 0.00002095, 0.00001993, 0.00001891, 0.00001792
-0.76633034, -0.72409320, -0.61644558, -0.49406013, -0.38998984, -0.31138675, -0.25206214, -0.20480669, -0.16556134, -0.13277985, -0.10575840, -0.08384511, -0.06628483, -0.05227643, -0.04113961, -0.03229566, -0.02529709, -0.01977449, -0.01543054, -0.01202328, -0.00935467, -0.00726893, -0.00564013, -0.00436945, -0.00337893, -0.00260919, -0.00201026, -0.00154436, -0.00118173, -0.00090093, -0.00068296, -0.00051335, -0.00038106, -0.00027830, -0.00019845, -0.00013594, -0.00008739, -0.00004946, -0.00001975, 0.00000346, 0.00002150, 0.00003539, 0.00004611, 0.00005453, 0.00006097, 0.00006590, 0.00006920, 0.00007135, 0.00007273, 0.00007340, 0.00007346, 0.00007297, 0.00007202, 0.00007068, 0.00006905, 0.00006717, 0.00006524, 0.00006305, 0.00006078, 0.00005837, 0.00005585, 0.00005329
-0.05459792, -0.05423868, -0.05311815, -0.05134278, -0.04899729, -0.04621391, -0.04312401, -0.03984812, -0.03649109, -0.03315329, -0.02990589, -0.02680326, -0.02388774, -0.02118070, -0.01869826, -0.01644201, -0.01440885, -0.01258933, -0.01097043, -0.00953860, -0.00827735, -0.00717097, -0.00620347, -0.00535980, -0.00462574, -0.00398869, -0.00343622, -0.00295817, -0.00254468, -0.00218771, -0.00187961, -0.00161375, -0.00138433, -0.00118651, -0.00101596, -0.00086867, -0.00074188, -0.00063257, -0.00053829, -0.00045699, -0.00038691, -0.00032652, -0.00027446, -0.00022956, -0.00019086, -0.00015740, -0.00012877, -0.00010419, -0.00008308, -0.00006498, -0.00004952, -0.00003634, -0.00002515, -0.00001567, -0.00000768, -0.00000098, 0.00000471, 0.00000934, 0.00001314, 0.00001621, 0.00001864, 0.00002054
-0.05432596, -0.05396957, -0.05285772, -0.05109591, -0.04876778, -0.04600431, -0.04293563, -0.03968126, -0.03634527, -0.03302738, -0.02979838, -0.02671243, -0.02381175, -0.02111775, -0.01864654, -0.01639993, -0.01437492, -0.01256225, -0.01094903, -0.00952190, -0.00826448, -0.00716123, -0.00619624, -0.00535458, -0.00462211, -0.00398631, -0.00343482, -0.00295751, -0.00254459, -0.00218805, -0.00188026, -0.00161461, -0.00138534, -0.00118761, -0.00101711, -0.00086983, -0.00074303, -0.00063369, -0.00053938, -0.00045803, -0.00038790, -0.00032745, -0.00027534, -0.00023038, -0.00019163, -0.00015810, -0.00012943, -0.00010479, -0.00008363, -0.00006550, -0.00004999, -0.00003678, -0.00002555, -0.00001604, -0.00000802, -0.00000128, 0.00000443, 0.00000909, 0.00001291, 0.00001600, 0.00001845, 0.00002037
-0.03621940, -0.03603099, -0.03543486, -0.03448360, -0.03320656, -0.03166412, -0.02991701, -0.02802408, -0.02603987, -0.02402143, -0.02201228, -0.02004851, -0.01816125, -0.01636952, -0.01469026, -0.01313116, -0.01169663, -0.01038649, -0.00919743, -0.00812528, -0.00716272, -0.00630273, -0.00553710, -0.00485767, -0.00425635, -0.00372563, -0.00325777, -0.00284647, -0.00248516, -0.00216837, -0.00189080, -0.00164772, -0.00143492, -0.00124879, -0.00108603, -0.00094351, -0.00081914, -0.00071044, -0.00061542, -0.00053239, -0.00045984, -0.00039647, -0.00034111, -0.00029271, -0.00025043, -0.00021337, -0.00018117, -0.00015310, -0.00012862, -0.00010730, -0.00008876, -0.00007266, -0.00005871, -0.00004663, -0.00003620, -0.00002721, -0.00001939, -0.00001277, -0.00000712, -0.00000233, 0.00000170, 0.00000508
-1.31739885, -1.20852849, -0.94923978, -0.68940726, -0.50212208, -0.38263366, -0.30252299, -0.24158601, -0.19150968, -0.15018351, -0.11690537, -0.09069863, -0.07030036, -0.05442863, -0.04207238, -0.03244274, -0.02496237, -0.01916967, -0.01469944, -0.01125869, -0.00861200, -0.00657951, -0.00501953, -0.00382296, -0.00290588, -0.00220538, -0.00166940, -0.00125911, -0.00094478, -0.00070543, -0.00052259, -0.00038236, -0.00027444, -0.00019182, -0.00012851, -0.00007949, -0.00004188, -0.00001279, 0.00000983, 0.00002735, 0.00004082, 0.00005105, 0.00005885, 0.00006497, 0.00006959, 0.00007307, 0.00007519, 0.00007640, 0.00007701, 0.00007709, 0.00007665, 0.00007575, 0.00007445, 0.00007282, 0.00007092, 0.00006882, 0.00006668, 0.00006432, 0.00006189, 0.00005933, 0.00005667, 0.00005397
-0.10655947, -0.10547963, -0.10220014, -0.09714218, -0.09074351, -0.08350375, -0.07585931, -0.06815117, -0.06062709, -0.05348174, -0.04682969, -0.04073816, -0.03524276, -0.03033803, -0.02600786, -0.02221442, -0.01891588, -0.01606414, -0.01361052, -0.01150936, -0.00971608, -0.00819070, -0.00689619, -0.00579994, -0.00487310, -0.00409117, -0.00343159, -0.00287606, -0.00240819, -0.00201491, -0.00168424, -0.00140608, -0.00117205, -0.00097530, -0.00080990, -0.00067052, -0.00055350, -0.00045506, -0.00037220, -0.00030250, -0.00024389, -0.00019467, -0.00015332, -0.00011852, -0.00008932, -0.00006472, -0.00004436, -0.00002742, -0.00001335, -0.00000171, 0.00000783, 0.00001559, 0.00002183, 0.00002678, 0.00003064, 0.00003358, 0.00003585, 0.00003736, 0.00003834, 0.00003883, 0.00003892, 0.00003868
-0.18648530, -0.18356678, -0.17498812, -0.16238640, -0.14746814, -0.13173035, -0.11618280, -0.10140330, -0.08769271, -0.07523419, -0.06409076, -0.05426057, -0.04570248, -0.03832061, -0.03201245, -0.02665503, -0.02213322, -0.01833446, -0.01515619, -0.01250706, -0.01030474, -0.00847929, -0.00696886, -0.00572114, -0.00469170, -0.00384418, -0.00314628, -0.00257216, -0.00209983, -0.00171218, -0.00139379, -0.00113208, -0.00091684, -0.00074005, -0.00059484, -0.00047521, -0.00037708, -0.00029640, -0.00023002, -0.00017545, -0.00013066, -0.00009396, -0.00006390, -0.00003920, -0.00001901, -0.00000244, 0.00001075, 0.00002130, 0.00002974, 0.00003639, 0.00004152, 0.00004536, 0.00004813, 0.00004999, 0.00005112, 0.00005164, 0.00005177, 0.00005139, 0.00005068, 0.00004967, 0.00004840, 0.00004696
-0.15212400, -0.15010936, -0.14410724, -0.13510032, -0.12413142, -0.11221344, -0.10011420, -0.08834224, -0.07720886, -0.06692644, -0.05759492, -0.04925106, -0.04189209, -0.03546528, -0.02990842, -0.02513627, -0.02106478, -0.01760868, -0.01468772, -0.01222962, -0.01016630, -0.00844006, -0.00699855, -0.00579691, -0.00479664, -0.00396574, -0.00327548, -0.00270270, -0.00222740, -0.00183385, -0.00150780, -0.00123751, -0.00101332, -0.00082759, -0.00067371, -0.00054587, -0.00044010, -0.00035239, -0.00027962, -0.00021928, -0.00016930, -0.00012797, -0.00009379, -0.00006546, -0.00004207, -0.00002268, -0.00000700, 0.00000575, 0.00001610, 0.00002443, 0.00003102, 0.00003615, 0.00004005, 0.00004291, 0.00004492, 0.00004621, 0.00004701, 0.00004723, 0.00004704, 0.00004649, 0.00004565, 0.00004458
-0.16171484, -0.15946539, -0.15278961, -0.14283100, -0.13079924, -0.11783496, -0.10477599, -0.09215597, -0.08028868, -0.06938179, -0.05952702, -0.05075115, -0.04304109, -0.03633286, -0.03055343, -0.02560655, -0.02139977, -0.01783993, -0.01484055, -0.01232367, -0.01021712, -0.00845971, -0.00699622, -0.00577956, -0.00476948, -0.00393269, -0.00323937, -0.00266554, -0.00219059, -0.00179837, -0.00147426, -0.00120626, -0.00098453, -0.00080132, -0.00064991, -0.00052444, -0.00042089, -0.00033525, -0.00026436, -0.00020574, -0.00015732, -0.00011739, -0.00008445, -0.00005722, -0.00003481, -0.00001629, -0.00000138, 0.00001069, 0.00002045, 0.00002825, 0.00003438, 0.00003911, 0.00004265, 0.00004520, 0.00004692, 0.00004797, 0.00004856, 0.00004858, 0.00004823, 0.00004753, 0.00004655, 0.00004536
-40.80217133, -24.66957250, -7.01736310, -1.63521581, -0.66347910, -0.55400337, -0.48149583, -0.36554993, -0.25108056, -0.16708056, -0.11314489, -0.07967818, -0.05757274, -0.04166444, -0.02989349, -0.02132206, -0.01527042, -0.01091700, -0.00780771, -0.00560771, -0.00404682, -0.00300393, -0.00217496, -0.00150643, -0.00108881, -0.00083800, -0.00059937, -0.00040778, -0.00030207, -0.00019712, -0.00012407, -0.00011054, -0.00003709, -0.00002314, 0.00000263, 0.00002787, 0.00001570, 0.00004762, 0.00004229, 0.00006534, 0.00004872, 0.00006364, 0.00006245, 0.00007971, 0.00007583, 0.00007493, 0.00006672, 0.00008157, 0.00007272, 0.00007706, 0.00006385, 0.00006890, 0.00006311, 0.00007086, 0.00005842, 0.00006387, 0.00005289, 0.00005865, 0.00005275, 0.00005399, 0.00004437, 0.00004364
-0.30856499, -0.30047431, -0.27784030, -0.24708063, -0.21416735, -0.18284172, -0.15460230, -0.12970046, -0.10797024, -0.08919989, -0.07320414, -0.05972931, -0.04851134, -0.03924688, -0.03165194, -0.02545533, -0.02042389, -0.01635258, -0.01306981, -0.01043016, -0.00831273, -0.00661760, -0.00526199, -0.00417932, -0.00331662, -0.00262899, -0.00208035, -0.00164343, -0.00129617, -0.00101974, -0.00079932, -0.00062349, -0.00048354, -0.00037198, -0.00028291, -0.00021147, -0.00015456, -0.00010904, -0.00007269, -0.00004374, -0.00002074, -0.00000230, 0.00001238, 0.00002394, 0.00003290, 0.00003992, 0.00004516, 0.00004906, 0.00005183, 0.00005364, 0.00005465, 0.00005500, 0.00005481, 0.00005420, 0.00005325, 0.00005206, 0.00005075, 0.00004911, 0.00004731, 0.00004542, 0.00004349, 0.00004155
-0.20165723, -0.19798818, -0.18736815, -0.17198727, -0.15415890, -0.13576652, -0.11799662, -0.10146494, -0.08644389, -0.07303981, -0.06128070, -0.05109485, -0.04238607, -0.03500788, -0.02881046, -0.02363651, -0.01934209, -0.01579259, -0.01287014, -0.01047196, -0.00850913, -0.00690643, -0.00559949, -0.00453533, -0.00367068, -0.00296821, -0.00239705, -0.00193352, -0.00155788, -0.00125315, -0.00100565, -0.00080457, -0.00064148, -0.00050903, -0.00040136, -0.00031353, -0.00024227, -0.00018429, -0.00013714, -0.00009888, -0.00006786, -0.00004259, -0.00002209, -0.00000556, 0.00000764, 0.00001829, 0.00002660, 0.00003311, 0.00003811, 0.00004182, 0.00004446, 0.00004622, 0.00004723, 0.00004766, 0.00004762, 0.00004720, 0.00004656, 0.00004552, 0.00004425, 0.00004283, 0.00004130, 0.00003971
-5.44823261, -4.41804244, -2.51295247, -1.26569727, -0.72025998, -0.50152899, -0.38449844, -0.29439687, -0.21890289, -0.15932968, -0.11537383, -0.08397110, -0.06154390, -0.04524296, -0.03322788, -0.02433557, -0.01778906, -0.01299709, -0.00950360, -0.00695550, -0.00509287, -0.00372905, -0.00272829, -0.00199409, -0.00145773, -0.00106449, -0.00077415, -0.00056011, -0.00040327, -0.00028711, -0.00020015, -0.00013473, -0.00008585, -0.00004897, -0.00002074, 0.00000131, 0.00001828, 0.00003162, 0.00004197, 0.00004995, 0.00005600, 0.00006099, 0.00006489, 0.00006779, 0.00006965, 0.00007086, 0.00007143, 0.00007159, 0.00007123, 0.00007045, 0.00006924, 0.00006770, 0.00006585, 0.00006381, 0.00006162, 0.00005935, 0.00005708, 0.00005452, 0.00005187, 0.00004921, 0.00004659, 0.00004405
-0.75761299, -0.71441236, -0.60514564, -0.48193803, -0.37752033, -0.29836696, -0.23844299, -0.19101581, -0.15223103, -0.12037358, -0.09455521, -0.07392479, -0.05762425, -0.04481039, -0.03477018, -0.02691815, -0.02079604, -0.01603547, -0.01234535, -0.00949185, -0.00728889, -0.00559097, -0.00428289, -0.00327610, -0.00250342, -0.00190986, -0.00145295, -0.00110200, -0.00083334, -0.00062700, -0.00046796, -0.00034522, -0.00025090, -0.00017815, -0.00012183, -0.00007786, -0.00004384, -0.00001734, 0.00000325, 0.00001915, 0.00003138, 0.00004101, 0.00004849, 0.00005413, 0.00005820, 0.00006117, 0.00006310, 0.00006430, 0.00006482, 0.00006475, 0.00006418, 0.00006319, 0.00006185, 0.00006026, 0.00005847, 0.00005656, 0.00005463, 0.00005241, 0.00005010, 0.00004775, 0.00004542, 0.00004313
-1091.35925813, -231.27746649, -10.95724873, 3.41655794, 1.48547013, -0.09767560, -0.72417035, -0.73862464, -0.07427385, -0.02497628, 0.02158345, -0.06374574, -0.10611718, -0.03838566, 0.01640799, 0.00748349, -0.06061135, -0.04824729, -0.00154110, 0.02432989, 0.02878741, -0.03323571, -0.02873614, 0.02401009, 0.02026369, -0.01943031, -0.01196462, 0.00660743, -0.00328103, 0.00746311, 0.01303360, -0.01327180, 0.01101935, 0.00167001, 0.00366336, 0.00979353, -0.00896588, 0.00568567, -0.00406692, 0.00732951, -0.00757100, -0.00062551, -0.00362118, 0.00632790, 0.00297898, 0.00131148, -0.00447042, 0.00549614, -0.00001191, 0.00346987, -0.00462079, -0.00016927, -0.00272820, 0.00412590, -0.00285012, 0.00258624, -0.00348001, 0.00243926, 0.00018235, 0.00312932, -0.00180961, -0.00037540
-0.19584322, -0.19236474, -0.18227648, -0.16761208, -0.15053473, -0.13283269, -0.11565634, -0.09962056, -0.08500888, -0.07193931, -0.06044992, -0.05047774, -0.04193577, -0.03468585, -0.02858579, -0.02348485, -0.01924441, -0.01573421, -0.01283991, -0.01046144, -0.00851203, -0.00691801, -0.00561641, -0.00455519, -0.00369175, -0.00298934, -0.00241748, -0.00195278, -0.00157568, -0.00126937, -0.00102028, -0.00081764, -0.00065306, -0.00051925, -0.00041032, -0.00032137, -0.00024910, -0.00019022, -0.00014229, -0.00010334, -0.00007172, -0.00004593, -0.00002498, -0.00000806, 0.00000549, 0.00001642, 0.00002498, 0.00003172, 0.00003690, 0.00004077, 0.00004355, 0.00004543, 0.00004655, 0.00004707, 0.00004710, 0.00004675, 0.00004618, 0.00004519, 0.00004397, 0.00004259, 0.00004110, 0.00003954
-3.61766288, -3.05405876, -1.92857828, -1.09256585, -0.66826202, -0.47155774, -0.36003691, -0.27677119, -0.20854204, -0.15437987, -0.11355234, -0.08365694, -0.06188202, -0.04585748, -0.03395237, -0.02507801, -0.01848786, -0.01361520, -0.01002714, -0.00738614, -0.00544073, -0.00400657, -0.00294772, -0.00216619, -0.00159151, -0.00116767, -0.00085336, -0.00062065, -0.00044928, -0.00032199, -0.00022653, -0.00015462, -0.00010087, -0.00006028, -0.00002928, -0.00000516, 0.00001337, 0.00002782, 0.00003902, 0.00004761, 0.00005415, 0.00005946, 0.00006361, 0.00006667, 0.00006868, 0.00007001, 0.00007067, 0.00007088, 0.00007059, 0.00006985, 0.00006870, 0.00006720, 0.00006540, 0.00006340, 0.00006125, 0.00005902, 0.00005679, 0.00005427, 0.00005166, 0.00004904, 0.00004645, 0.00004395
-0.85437113, -0.80078053, -0.66733437, -0.52111976, -0.40157011, -0.31402806, -0.24934359, -0.19875225, -0.15759787, -0.12394456, -0.09682919, -0.07530417, -0.05840991, -0.04520883, -0.03491969, -0.02691233, -0.02069826, -0.01588905, -0.01217863, -0.00932294, -0.00712822, -0.00544431, -0.00415258, -0.00316275, -0.00240637, -0.00182784, -0.00138431, -0.00104507, -0.00078644, -0.00058862, -0.00043670, -0.00031985, -0.00023040, -0.00016163, -0.00010854, -0.00006717, -0.00003525, -0.00001044, 0.00000880, 0.00002362, 0.00003500, 0.00004396, 0.00005090, 0.00005612, 0.00005985, 0.00006255, 0.00006426, 0.00006528, 0.00006566, 0.00006548, 0.00006481, 0.00006374, 0.00006233, 0.00006067, 0.00005884, 0.00005688, 0.00005491, 0.00005265, 0.00005030, 0.00004792, 0.00004556, 0.00004324
-0.33924746, -0.32488542, -0.28691809, -0.24060810, -0.19737327, -0.16143600, -0.13231225, -0.10830759, -0.08816473, -0.07125318, -0.05721078, -0.04569664, -0.03636834, -0.02885499, -0.02283634, -0.01802761, -0.01420040, -0.01116286, -0.00875985, -0.00686408, -0.00537101, -0.00419768, -0.00327639, -0.00255363, -0.00198777, -0.00154531, -0.00119878, -0.00092752, -0.00071573, -0.00055050, -0.00042124, -0.00031992, -0.00024057, -0.00017856, -0.00012996, -0.00009163, -0.00006165, -0.00003803, -0.00001945, -0.00000487, 0.00000650, 0.00001536, 0.00002237, 0.00002783, 0.00003199, 0.00003516, 0.00003732, 0.00003887, 0.00003988, 0.00004042, 0.00004055, 0.00004034, 0.00003984, 0.00003911, 0.00003821, 0.00003717, 0.00003610, 0.00003488, 0.00003356, 0.00003217, 0.00003074, 0.00002931
-0.06028728, -0.05968325, -0.05785494, -0.05502363, -0.05142657, -0.04734067, -0.04301226, -0.03863820, -0.03436288, -0.03029682, -0.02651236, -0.02304614, -0.01992096, -0.01713338, -0.01467452, -0.01252234, -0.01065314, -0.00903869, -0.00765150, -0.00646494, -0.00545342, -0.00459405, -0.00386551, -0.00324914, -0.00272875, -0.00229008, -0.00192024, -0.00160890, -0.00134709, -0.00112708, -0.00094209, -0.00078649, -0.00065567, -0.00054573, -0.00045328, -0.00037535, -0.00030991, -0.00025484, -0.00020849, -0.00016950, -0.00013672, -0.00010917, -0.00008597, -0.00006646, -0.00005011, -0.00003634, -0.00002495, -0.00001544, -0.00000755, -0.00000104, 0.00000429, 0.00000862, 0.00001209, 0.00001484, 0.00001698, 0.00001861, 0.00001987, 0.00002071, 0.00002122, 0.00002147, 0.00002150, 0.00002136
-0.55658994, -0.52112239, -0.43288634, -0.33668067, -0.25883287, -0.20264680, -0.16157712, -0.12948736, -0.10322036, -0.08159133, -0.06405508, -0.05006535, -0.03903707, -0.03037514, -0.02358877, -0.01827612, -0.01413027, -0.01090360, -0.00840039, -0.00646354, -0.00496670, -0.00381215, -0.00292206, -0.00223623, -0.00170899, -0.00130417, -0.00099266, -0.00075299, -0.00056918, -0.00042832, -0.00031994, -0.00023629, -0.00017181, -0.00012222, -0.00008393, -0.00005409, -0.00003106, -0.00001313, 0.00000084, 0.00001168, 0.00002001, 0.00002640, 0.00003144, 0.00003533, 0.00003822, 0.00004035, 0.00004167, 0.00004254, 0.00004301, 0.00004310, 0.00004285, 0.00004233, 0.00004157, 0.00004061, 0.00003951, 0.00003830, 0.00003709, 0.00003574, 0.00003430, 0.00003279, 0.00003126, 0.00002974
-0.09068678, -0.08946576, -0.08583927, -0.08038905, -0.07374561, -0.06652557, -0.05920095, -0.05208835, -0.04538106, -0.03920338, -0.03362024, -0.02864618, -0.02427759, -0.02047783, -0.01720624, -0.01440816, -0.01203117, -0.01002150, -0.00833023, -0.00691255, -0.00572735, -0.00473960, -0.00391779, -0.00323515, -0.00266922, -0.00220064, -0.00181249, -0.00149135, -0.00122595, -0.00100677, -0.00082558, -0.00067571, -0.00055179, -0.00044940, -0.00036472, -0.00029450, -0.00023651, -0.00018851, -0.00014876, -0.00011589, -0.00008873, -0.00006630, -0.00004773, -0.00003240, -0.00001980, -0.00000940, -0.00000102, 0.00000580, 0.00001130, 0.00001569, 0.00001912, 0.00002176, 0.00002373, 0.00002513, 0.00002608, 0.00002665, 0.00002698, 0.00002698, 0.00002674, 0.00002631, 0.00002574, 0.00002506
-20.97350060, -13.47832237, -4.29327772, -1.07069705, -0.42272619, -0.34735024, -0.30704608, -0.23745786, -0.16581372, -0.11169524, -0.07645217, -0.05431638, -0.03958130, -0.02892242, -0.02095801, -0.01507115, -0.01084150, -0.00781064, -0.00564784, -0.00410028, -0.00298322, -0.00219201, -0.00159443, -0.00114035, -0.00082845, -0.00061607, -0.00044517, -0.00031450, -0.00022786, -0.00015690, -0.00010562, -0.00007816, -0.00004005, -0.00002288, -0.00000561, 0.00000919, 0.00001201, 0.00002556, 0.00002797, 0.00003731, 0.00003508, 0.00004086, 0.00004198, 0.00004791, 0.00004772, 0.00004813, 0.00004607, 0.00005027, 0.00004782, 0.00004886, 0.00004493, 0.00004587, 0.00004370, 0.00004513, 0.00004095, 0.00004160, 0.00003779, 0.00003851, 0.00003597, 0.00003530, 0.00003166, 0.00003043
-0.22128740, -0.21489478, -0.19718880, -0.17366524, -0.14918941, -0.12653948, -0.10656539, -0.08918651, -0.07411741, -0.06114892, -0.05011996, -0.04084839, -0.03314692, -0.02679669, -0.02159865, -0.01736035, -0.01392146, -0.01114006, -0.00889815, -0.00709656, -0.00565165, -0.00449559, -0.00357163, -0.00283399, -0.00224619, -0.00177838, -0.00140562, -0.00110880, -0.00087294, -0.00068565, -0.00053664, -0.00041791, -0.00032340, -0.00024827, -0.00018843, -0.00014056, -0.00010251, -0.00007212, -0.00004786, -0.00002855, -0.00001322, -0.00000108, 0.00000863, 0.00001632, 0.00002232, 0.00002702, 0.00003046, 0.00003306, 0.00003494, 0.00003620, 0.00003693, 0.00003723, 0.00003717, 0.00003681, 0.00003623, 0.00003546, 0.00003463, 0.00003361, 0.00003247, 0.00003125, 0.00002997, 0.00002867
-0.61650080, -0.57403715, -0.46978157, -0.35884908, -0.27183903, -0.21094474, -0.16737506, -0.13364224, -0.10611322, -0.08351129, -0.06527027, -0.05079887, -0.03945400, -0.03058600, -0.02366797, -0.01827210, -0.01407735, -0.01082436, -0.00831060, -0.00637244, -0.00488019, -0.00373323, -0.00285191, -0.00217521, -0.00165674, -0.00125999, -0.00095571, -0.00072233, -0.00054392, -0.00040765, -0.00030311, -0.00022264, -0.00016078, -0.00011334, -0.00007679, -0.00004836, -0.00002647, -0.00000944, 0.00000380, 0.00001406, 0.00002193, 0.00002796, 0.00003271, 0.00003637, 0.00003908, 0.00004107, 0.00004227, 0.00004305, 0.00004344, 0.00004347, 0.00004318, 0.00004262, 0.00004182, 0.00004083, 0.00003970, 0.00003847, 0.00003724, 0.00003587, 0.00003441, 0.00003289, 0.00003134, 0.00002981
-0.09968433, -0.09823911, -0.09397030, -0.08761273, -0.07995642, -0.07174035, -0.06350370, -0.05558815, -0.04818950, -0.04142698, -0.03535699, -0.02998383, -0.02529324, -0.02123737, -0.01776461, -0.01481007, -0.01231288, -0.01021205, -0.00845251, -0.00698425, -0.00576238, -0.00474859, -0.00390875, -0.00321414, -0.00264070, -0.00216790, -0.00177788, -0.00145650, -0.00119200, -0.00097446, -0.00079535, -0.00064778, -0.00052626, -0.00042626, -0.00034389, -0.00027584, -0.00021987, -0.00017372, -0.00013566, -0.00010431, -0.00007852, -0.00005732, -0.00003982, -0.00002544, -0.00001369, -0.00000403, 0.00000368, 0.00000993, 0.00001493, 0.00001887, 0.00002191, 0.00002421, 0.00002587, 0.00002702, 0.00002773, 0.00002810, 0.00002824, 0.00002808, 0.00002770, 0.00002715, 0.00002647, 0.00002569
-0.07343748, -0.07259262, -0.07005683, -0.06617947, -0.06134122, -0.05595092, -0.05035006, -0.04479238, -0.03945046, -0.03444677, -0.02985489, -0.02570480, -0.02201021, -0.01875426, -0.01591572, -0.01345885, -0.01134791, -0.00954336, -0.00800823, -0.00670799, -0.00561007, -0.00468584, -0.00390940, -0.00325831, -0.00271339, -0.00225796, -0.00187725, -0.00155942, -0.00129435, -0.00107344, -0.00088920, -0.00073546, -0.00060724, -0.00050034, -0.00041115, -0.00033656, -0.00027442, -0.00022253, -0.00017920, -0.00014304, -0.00011289, -0.00008776, -0.00006677, -0.00004927, -0.00003473, -0.00002260, -0.00001270, -0.00000452, 0.00000219, 0.00000764, 0.00001201, 0.00001549, 0.00001819, 0.00002026, 0.00002179, 0.00002288, 0.00002365, 0.00002406, 0.00002418, 0.00002407, 0.00002379, 0.00002337
-0.19472490, -0.18971380, -0.17565979, -0.15655916, -0.13610527, -0.11662635, -0.09903847, -0.08347799, -0.06983149, -0.05798533, -0.04783038, -0.03922643, -0.03202460, -0.02604232, -0.02111158, -0.01706537, -0.01376192, -0.01107395, -0.00889476, -0.00713314, -0.00571236, -0.00456911, -0.00365031, -0.00291273, -0.00232174, -0.00184875, -0.00146982, -0.00116647, -0.00092407, -0.00073053, -0.00057571, -0.00045171, -0.00035247, -0.00027316, -0.00020966, -0.00015861, -0.00011782, -0.00008509, -0.00005883, -0.00003782, -0.00002105, -0.00000769, 0.00000304, 0.00001159, 0.00001831, 0.00002362, 0.00002757, 0.00003060, 0.00003283, 0.00003440, 0.00003539, 0.00003590, 0.00003602, 0.00003583, 0.00003538, 0.00003473, 0.00003400, 0.00003307, 0.00003201, 0.00003085, 0.00002964, 0.00002839
-0.29427773, -0.28248775, -0.25109048, -0.21207255, -0.17469955, -0.14277560, -0.11641103, -0.09457614, -0.07636566, -0.06121553, -0.04875667, -0.03862973, -0.03048837, -0.02398877, -0.01882647, -0.01474191, -0.01152072, -0.00898812, -0.00700263, -0.00544977, -0.00423752, -0.00329253, -0.00255627, -0.00198341, -0.00153845, -0.00119238, -0.00092273, -0.00071330, -0.00055068, -0.00042401, -0.00032504, -0.00024776, -0.00018746, -0.00014022, -0.00010310, -0.00007373, -0.00005062, -0.00003236, -0.00001794, -0.00000660, 0.00000241, 0.00000961, 0.00001530, 0.00001972, 0.00002308, 0.00002572, 0.00002765, 0.00002905, 0.00002997, 0.00003049, 0.00003066, 0.00003056, 0.00003022, 0.00002971, 0.00002906, 0.00002831, 0.00002748, 0.00002650, 0.00002546, 0.00002440, 0.00002332, 0.00002225
-0.12861640, -0.12607933, -0.11878482, -0.10831272, -0.09632678, -0.08412397, -0.07248396, -0.06178729, -0.05218243, -0.04370580, -0.03634925, -0.03004594, -0.02471182, -0.02023956, -0.01651952, -0.01344465, -0.01091636, -0.00884570, -0.00715621, -0.00578188, -0.00466651, -0.00376315, -0.00303227, -0.00244186, -0.00196567, -0.00158141, -0.00127105, -0.00102096, -0.00081947, -0.00065689, -0.00052550, -0.00041935, -0.00033364, -0.00026429, -0.00020811, -0.00016242, -0.00012541, -0.00009538, -0.00007100, -0.00005125, -0.00003520, -0.00002211, -0.00001151, -0.00000296, 0.00000387, 0.00000940, 0.00001375, 0.00001717, 0.00001979, 0.00002175, 0.00002316, 0.00002410, 0.00002466, 0.00002491, 0.00002493, 0.00002474, 0.00002441, 0.00002388, 0.00002324, 0.00002252, 0.00002174, 0.00002094
-1.84509144, -1.57609052, -1.03026607, -0.61064463, -0.38499823, -0.27221053, -0.20548002, -0.15641381, -0.11726917, -0.08660839, -0.06354739, -0.04663789, -0.03432232, -0.02529690, -0.01863445, -0.01370386, -0.01006331, -0.00738520, -0.00542168, -0.00398319, -0.00292880, -0.00215504, -0.00158618, -0.00116825, -0.00086176, -0.00063599, -0.00046865, -0.00034518, -0.00025401, -0.00018595, -0.00013458, -0.00009581, -0.00006655, -0.00004415, -0.00002679, -0.00001308, -0.00000233, 0.00000620, 0.00001293, 0.00001821, 0.00002247, 0.00002599, 0.00002879, 0.00003093, 0.00003245, 0.00003363, 0.00003442, 0.00003490, 0.00003506, 0.00003495, 0.00003458, 0.00003401, 0.00003326, 0.00003238, 0.00003142, 0.00003039, 0.00002929, 0.00002805, 0.00002676, 0.00002547, 0.00002420, 0.00002296
-1.71426406, -1.47407927, -0.98020614, -0.59199721, -0.37779462, -0.26819666, -0.20263500, -0.15445976, -0.11609234, -0.08600051, -0.06328772, -0.04656428, -0.03433956, -0.02535613, -0.01871201, -0.01378597, -0.01014162, -0.00745536, -0.00548192, -0.00403331, -0.00296967, -0.00218786, -0.00161225, -0.00118877, -0.00087778, -0.00064839, -0.00047819, -0.00035250, -0.00025959, -0.00019019, -0.00013780, -0.00009825, -0.00006839, -0.00004554, -0.00002784, -0.00001388, -0.00000294, 0.00000572, 0.00001256, 0.00001792, 0.00002223, 0.00002580, 0.00002863, 0.00003079, 0.00003232, 0.00003352, 0.00003432, 0.00003481, 0.00003498, 0.00003488, 0.00003452, 0.00003395, 0.00003320, 0.00003233, 0.00003138, 0.00003035, 0.00002925, 0.00002802, 0.00002674, 0.00002545, 0.00002419, 0.00002294
-0.01690536, -0.01681423, -0.01653660, -0.01608854, -0.01548740, -0.01476026, -0.01393597, -0.01304362, -0.01210956, -0.01115775, -0.01021200, -0.00928839, -0.00840181, -0.00756172, -0.00677559, -0.00604731, -0.00537863, -0.00476929, -0.00421762, -0.00372128, -0.00327678, -0.00288051, -0.00252843, -0.00221667, -0.00194140, -0.00169880, -0.00148523, -0.00129778, -0.00113341, -0.00098939, -0.00086325, -0.00075286, -0.00065632, -0.00057189, -0.00049804, -0.00043337, -0.00037690, -0.00032752, -0.00028435, -0.00024659, -0.00021357, -0.00018468, -0.00015940, -0.00013729, -0.00011796, -0.00010099, -0.00008622, -0.00007330, -0.00006203, -0.00005220, -0.00004364, -0.00003619, -0.00002971, -0.00002409, -0.00001922, -0.00001500, -0.00001133, -0.00000821, -0.00000554, -0.00000325, -0.00000131, 0.00000034
-2.57770065, -2.13191486, -1.28310940, -0.69518208, -0.41462314, -0.28875771, -0.21764797, -0.16480316, -0.12219024, -0.08900764, -0.06445767, -0.04679855, -0.03414278, -0.02497428, -0.01826084, -0.01332832, -0.00971434, -0.00707899, -0.00516370, -0.00377179, -0.00275875, -0.00202002, -0.00147998, -0.00108541, -0.00079770, -0.00058680, -0.00043106, -0.00031660, -0.00023239, -0.00016963, -0.00012228, -0.00008657, -0.00005960, -0.00003893, -0.00002285, -0.00001009, -0.00000005, 0.00000796, 0.00001430, 0.00001930, 0.00002334, 0.00002672, 0.00002941, 0.00003147, 0.00003291, 0.00003405, 0.00003479, 0.00003525, 0.00003538, 0.00003524, 0.00003485, 0.00003425, 0.00003348, 0.00003259, 0.00003160, 0.00003056, 0.00002943, 0.00002817, 0.00002686, 0.00002556, 0.00002427, 0.00002301
-0.43787197, -0.41341173, -0.35137525, -0.28088830, -0.22039762, -0.17386654, -0.13829646, -0.11013614, -0.08725167, -0.06859841, -0.05358426, -0.04165972, -0.03228918, -0.02496797, -0.01926616, -0.01483661, -0.01140441, -0.00875234, -0.00670879, -0.00513764, -0.00393157, -0.00300686, -0.00229802, -0.00175531, -0.00134058, -0.00102307, -0.00077939, -0.00059304, -0.00045059, -0.00034120, -0.00025685, -0.00019185, -0.00014179, -0.00010301, -0.00007285, -0.00004916, -0.00003066, -0.00001614, -0.00000475, 0.00000414, 0.00001117, 0.00001680, 0.00002123, 0.00002464, 0.00002717, 0.00002914, 0.00003054, 0.00003151, 0.00003207, 0.00003230, 0.00003222, 0.00003191, 0.00003139, 0.00003073, 0.00002995, 0.00002908, 0.00002815, 0.00002707, 0.00002594, 0.00002479, 0.00002365, 0.00002252
-0.02136687, -0.02123650, -0.02084059, -0.02020425, -0.01935703, -0.01834100, -0.01720065, -0.01597958, -0.01471639, -0.01344489, -0.01219698, -0.01099356, -0.00985272, -0.00878518, -0.00779845, -0.00689536, -0.00607603, -0.00533804, -0.00467756, -0.00408986, -0.00356924, -0.00311004, -0.00270622, -0.00235224, -0.00204274, -0.00177257, -0.00153693, -0.00133199, -0.00115386, -0.00099912, -0.00086473, -0.00074808, -0.00064689, -0.00055908, -0.00048289, -0.00041665, -0.00035924, -0.00030942, -0.00026616, -0.00022862, -0.00019601, -0.00016768, -0.00014307, -0.00012171, -0.00010317, -0.00008701, -0.00007305, -0.00006094, -0.00005046, -0.00004139, -0.00003357, -0.00002683, -0.00002103, -0.00001605, -0.00001178, -0.00000814, -0.00000500, -0.00000238, -0.00000018, 0.00000167, 0.00000320, 0.00000447
-0.15242812, -0.14896633, -0.13913659, -0.12536037, -0.11005782, -0.09494359, -0.08090265, -0.06826831, -0.05710788, -0.04739057, -0.03905748, -0.03199862, -0.02608990, -0.02118717, -0.01714945, -0.01384351, -0.01114942, -0.00896233, -0.00719314, -0.00576585, -0.00461703, -0.00369411, -0.00295333, -0.00235965, -0.00188461, -0.00150426, -0.00119937, -0.00095560, -0.00076072, -0.00060465, -0.00047945, -0.00037903, -0.00029855, -0.00023390, -0.00018188, -0.00013985, -0.00010604, -0.00007878, -0.00005679, -0.00003911, -0.00002482, -0.00001324, -0.00000392, 0.00000353, 0.00000942, 0.00001417, 0.00001784, 0.00002069, 0.00002282, 0.00002436, 0.00002541, 0.00002604, 0.00002633, 0.00002636, 0.00002618, 0.00002582, 0.00002534, 0.00002468, 0.00002392, 0.00002309, 0.00002223, 0.00002135
-3.57477043, -3.10585871, -2.14259693, -1.36744381, -0.90553516, -0.63963382, -0.46871101, -0.34545154, -0.25242124, -0.18258877, -0.13124031, -0.09414880, -0.06755850, -0.04849598, -0.03480608, -0.02496040, -0.01788942, -0.01282169, -0.00919637, -0.00660723, -0.00475604, -0.00343009, -0.00248183, -0.00180021, -0.00130732, -0.00095250, -0.00069510, -0.00050660, -0.00036694, -0.00026376, -0.00018645, -0.00012770, -0.00008241, -0.00004694, -0.00001902, 0.00000321, 0.00002038, 0.00003450, 0.00004603, 0.00005513, 0.00006203, 0.00006725, 0.00007134, 0.00007432, 0.00007622, 0.00007735, 0.00007742, 0.00007682, 0.00007565, 0.00007406, 0.00007214, 0.00006982, 0.00006710, 0.00006418, 0.00006118, 0.00005819, 0.00005533, 0.00005229, 0.00004929, 0.00004637, 0.00004357, 0.00004090
-0.10400163, -0.10295351, -0.09985020, -0.09495014, -0.08870285, -0.08154191, -0.07389124, -0.06611608, -0.05851588, -0.05129873, -0.04460001, -0.03850411, -0.03304158, -0.02820863, -0.02398041, -0.02031314, -0.01715662, -0.01445633, -0.01215759, -0.01020955, -0.00856366, -0.00717680, -0.00601118, -0.00503262, -0.00421165, -0.00352393, -0.00294770, -0.00246527, -0.00206098, -0.00172240, -0.00143862, -0.00120062, -0.00100086, -0.00083303, -0.00069197, -0.00057312, -0.00047344, -0.00038950, -0.00031878, -0.00025926, -0.00020923, -0.00016717, -0.00013179, -0.00010207, -0.00007719, -0.00005623, -0.00003894, -0.00002459, -0.00001275, -0.00000302, 0.00000492, 0.00001131, 0.00001638, 0.00002036, 0.00002343, 0.00002575, 0.00002754, 0.00002868, 0.00002937, 0.00002970, 0.00002974, 0.00002954
-0.49991203, -0.48506954, -0.44392588, -0.38853564, -0.33009027, -0.27524497, -0.22665201, -0.18477575, -0.14930447, -0.11967346, -0.09524696, -0.07537437, -0.05937460, -0.04660155, -0.03647392, -0.02848173, -0.02220167, -0.01728227, -0.01343865, -0.01044337, -0.00811180, -0.00629853, -0.00489112, -0.00379778, -0.00294743, -0.00228738, -0.00177414, -0.00137453, -0.00106255, -0.00081931, -0.00062913, -0.00048002, -0.00036279, -0.00027032, -0.00019730, -0.00013936, -0.00009391, -0.00005770, -0.00002887, -0.00000610, 0.00001172, 0.00002563, 0.00003655, 0.00004497, 0.00005128, 0.00005604, 0.00005915, 0.00006110, 0.00006210, 0.00006234, 0.00006199, 0.00006108, 0.00005968, 0.00005795, 0.00005600, 0.00005393, 0.00005187, 0.00004958, 0.00004726, 0.00004494, 0.00004266, 0.00004043
-0.03401943, -0.03382796, -0.03326393, -0.03233836, -0.03110786, -0.02962088, -0.02793317, -0.02610368, -0.02419222, -0.02224912, -0.02031883, -0.01843937, -0.01663883, -0.01493745, -0.01335015, -0.01188431, -0.01054279, -0.00932458, -0.00822541, -0.00724000, -0.00636053, -0.00557899, -0.00488713, -0.00427643, -0.00373853, -0.00326590, -0.00285101, -0.00248777, -0.00216980, -0.00189180, -0.00164884, -0.00143657, -0.00125115, -0.00108917, -0.00094768, -0.00082387, -0.00071594, -0.00062165, -0.00053924, -0.00046722, -0.00040430, -0.00034933, -0.00030127, -0.00025927, -0.00022258, -0.00019039, -0.00016243, -0.00013804, -0.00011678, -0.00009826, -0.00008215, -0.00006815, -0.00005601, -0.00004550, -0.00003640, -0.00002854, -0.00002167, -0.00001585, -0.00001087, -0.00000661, -0.00000299, 0.00000007
-0.06610435, -0.06558403, -0.06404355, -0.06156393, -0.05833395, -0.05453172, -0.05034754, -0.04596193, -0.04153973, -0.03720813, -0.03306355, -0.02917810, -0.02559358, -0.02233135, -0.01939821, -0.01678581, -0.01447856, -0.01245469, -0.01068952, -0.00915823, -0.00783484, -0.00669475, -0.00571568, -0.00487645, -0.00415800, -0.00354408, -0.00301958, -0.00257215, -0.00219031, -0.00186466, -0.00158688, -0.00134983, -0.00114747, -0.00097462, -0.00082693, -0.00070046, -0.00059260, -0.00050032, -0.00042134, -0.00035376, -0.00029598, -0.00024656, -0.00020427, -0.00016811, -0.00013724, -0.00011075, -0.00008834, -0.00006928, -0.00005313, -0.00003945, -0.00002792, -0.00001824, -0.00001016, -0.00000345, 0.00000211, 0.00000667, 0.00001049, 0.00001348, 0.00001584, 0.00001767, 0.00001906, 0.00002008
-0.18990409, -0.18714128, -0.17903847, -0.16673247, -0.15174476, -0.13544949, -0.11896548, -0.10308200, -0.08831728, -0.07494812, -0.06308554, -0.05274308, -0.04384693, -0.03628048, -0.02990716, -0.02457753, -0.02014850, -0.01648595, -0.01346890, -0.01099266, -0.00896433, -0.00730603, -0.00595303, -0.00484944, -0.00394921, -0.00321587, -0.00261796, -0.00213050, -0.00173251, -0.00140777, -0.00114244, -0.00092538, -0.00074761, -0.00060181, -0.00048215, -0.00038367, -0.00030310, -0.00023678, -0.00018220, -0.00013737, -0.00010065, -0.00007060, -0.00004597, -0.00002588, -0.00000960, 0.00000368, 0.00001411, 0.00002234, 0.00002874, 0.00003362, 0.00003726, 0.00003982, 0.00004146, 0.00004238, 0.00004274, 0.00004266, 0.00004232, 0.00004156, 0.00004057, 0.00003941, 0.00003813, 0.00003677
-0.25558690, -0.25103328, -0.23782518, -0.21831518, -0.19533121, -0.17122734, -0.14767740, -0.12568944, -0.10581291, -0.08826129, -0.07304275, -0.06005745, -0.04911620, -0.03999229, -0.03245008, -0.02625552, -0.02119694, -0.01708394, -0.01375046, -0.01105752, -0.00888612, -0.00713753, -0.00573229, -0.00460289, -0.00369473, -0.00296559, -0.00237950, -0.00190826, -0.00152869, -0.00122318, -0.00097690, -0.00077804, -0.00061724, -0.00048698, -0.00038138, -0.00029552, -0.00022619, -0.00016976, -0.00012386, -0.00008664, -0.00005659, -0.00003234, -0.00001274, 0.00000298, 0.00001546, 0.00002545, 0.00003301, 0.00003874, 0.00004297, 0.00004597, 0.00004796, 0.00004908, 0.00004946, 0.00004928, 0.00004867, 0.00004774, 0.00004668, 0.00004527, 0.00004371, 0.00004206, 0.00004034, 0.00003861
-0.13418085, -0.13261146, -0.12797515, -0.12075741, -0.11170484, -0.10152850, -0.09087897, -0.08027861, -0.07012270, -0.06066362, -0.05204545, -0.04434152, -0.03755494, -0.03164903, -0.02656315, -0.02221960, -0.01853610, -0.01542958, -0.01282124, -0.01064028, -0.00882170, -0.00730842, -0.00605224, -0.00501029, -0.00414632, -0.00343090, -0.00283818, -0.00234738, -0.00194050, -0.00160336, -0.00132375, -0.00109163, -0.00089876, -0.00073833, -0.00060480, -0.00049338, -0.00040088, -0.00032371, -0.00025932, -0.00020568, -0.00016105, -0.00012394, -0.00009305, -0.00006740, -0.00004620, -0.00002856, -0.00001426, -0.00000261, 0.00000681, 0.00001437, 0.00002036, 0.00002501, 0.00002851, 0.00003107, 0.00003289, 0.00003408, 0.00003488, 0.00003512, 0.00003501, 0.00003463, 0.00003403, 0.00003327
-3.65192656, -3.16652907, -2.17383834, -1.38066849, -0.91149608, -0.64293411, -0.47077557, -0.34671994, -0.25312676, -0.18292392, -0.13135741, -0.09415181, -0.06750908, -0.04842674, -0.03473381, -0.02489222, -0.01782942, -0.01277092, -0.00915497, -0.00657417, -0.00473012, -0.00340997, -0.00246641, -0.00178848, -0.00129846, -0.00094585, -0.00069015, -0.00050292, -0.00036421, -0.00026174, -0.00018496, -0.00012660, -0.00008159, -0.00004632, -0.00001856, 0.00000356, 0.00002065, 0.00003472, 0.00004621, 0.00005528, 0.00006215, 0.00006735, 0.00007143, 0.00007441, 0.00007629, 0.00007742, 0.00007749, 0.00007688, 0.00007570, 0.00007410, 0.00007218, 0.00006986, 0.00006713, 0.00006420, 0.00006120, 0.00005821, 0.00005534, 0.00005230, 0.00004930, 0.00004638, 0.00004357, 0.00004090
-0.07965380, -0.07896094, -0.07688524, -0.07357841, -0.06930261, -0.06431847, -0.05889721, -0.05328621, -0.04769787, -0.04229890, -0.03720437, -0.03249130, -0.02820366, -0.02435334, -0.02093728, -0.01793410, -0.01531523, -0.01304641, -0.01109135, -0.00941499, -0.00798223, -0.00676167, -0.00572423, -0.00484373, -0.00409738, -0.00346560, -0.00293054, -0.00247790, -0.00209491, -0.00177083, -0.00149643, -0.00126396, -0.00106688, -0.00089969, -0.00075780, -0.00063711, -0.00053473, -0.00044767, -0.00037364, -0.00031071, -0.00025723, -0.00021172, -0.00017304, -0.00014019, -0.00011234, -0.00008860, -0.00006869, -0.00005188, -0.00003774, -0.00002588, -0.00001600, -0.00000782, -0.00000107, 0.00000447, 0.00000898, 0.00001262, 0.00001559, 0.00001784, 0.00001956, 0.00002083, 0.00002174, 0.00002234
-1.90021401, -1.74298163, -1.37620369, -1.01134895, -0.73686255, -0.54560146, -0.40901047, -0.30694775, -0.22893977, -0.16943469, -0.12460019, -0.09125801, -0.06669437, -0.04867010, -0.03548094, -0.02583766, -0.01880333, -0.01368005, -0.00995570, -0.00725327, -0.00529047, -0.00386721, -0.00283373, -0.00208036, -0.00153039, -0.00112958, -0.00083458, -0.00061605, -0.00045393, -0.00033293, -0.00024155, -0.00017184, -0.00011798, -0.00007605, -0.00004331, -0.00001749, 0.00000306, 0.00001969, 0.00003290, 0.00004315, 0.00005109, 0.00005743, 0.00006226, 0.00006575, 0.00006805, 0.00006949, 0.00006988, 0.00006961, 0.00006881, 0.00006759, 0.00006583, 0.00006365, 0.00006121, 0.00005865, 0.00005605, 0.00005338, 0.00005076, 0.00004803, 0.00004536, 0.00004278, 0.00004032, 0.00003805
-3222.45210074, -273.44981785, -42.31601052, 5.29797427, 6.71741935, 2.91824530, -0.73545019, -2.20069169, 0.73976600, 0.56716293, 0.64505126, 0.00162417, -0.36584955, -0.03517044, 0.24301905, 0.15237395, -0.28908386, -0.24455457, 0.02471544, 0.17292587, 0.19891474, -0.18391487, -0.16574853, 0.14870750, 0.12862431, -0.11101319, -0.07038057, 0.04130154, -0.01822131, 0.04493246, 0.08054994, -0.07937384, 0.06522720, 0.01064799, 0.02140966, 0.06000849, -0.05444451, 0.03386123, -0.02484756, 0.04377170, -0.04537072, -0.00448596, -0.02196177, 0.03729282, 0.01815576, 0.00731784, -0.02700256, 0.03222498, -0.00021821, 0.02038211, -0.02790427, -0.00159201, -0.01674117, 0.02442424, -0.01738250, 0.01533726, -0.02132568, 0.01442770, 0.00068093, 0.01877464, -0.01124857, -0.00236152
-0.58833123, -0.56904839, -0.51603828, -0.44605299, -0.37379558, -0.30742556, -0.24975074, -0.20090387, -0.16017179, -0.12667848, -0.09949282, -0.07769959, -0.06041875, -0.04681978, -0.03619085, -0.02791870, -0.02150623, -0.01654925, -0.01272641, -0.00978435, -0.00752161, -0.00578426, -0.00445043, -0.00342503, -0.00263658, -0.00203105, -0.00156408, -0.00120331, -0.00092449, -0.00070859, -0.00054073, -0.00040979, -0.00030722, -0.00022665, -0.00016330, -0.00011324, -0.00007370, -0.00004222, -0.00001731, 0.00000223, 0.00001754, 0.00002964, 0.00003905, 0.00004620, 0.00005149, 0.00005539, 0.00005784, 0.00005929, 0.00005993, 0.00005992, 0.00005927, 0.00005809, 0.00005654, 0.00005476, 0.00005284, 0.00005077, 0.00004870, 0.00004647, 0.00004423, 0.00004203, 0.00003989, 0.00003786
-4.69054361, -3.98064127, -2.60442597, -1.58550506, -1.01908579, -0.70544458, -0.50730027, -0.36655026, -0.26235488, -0.18586750, -0.13090988, -0.09207883, -0.06484329, -0.04571652, -0.03225214, -0.02275110, -0.01605344, -0.01133992, -0.00802768, -0.00570217, -0.00406448, -0.00291150, -0.00209670, -0.00151654, -0.00110222, -0.00080675, -0.00059234, -0.00043483, -0.00031881, -0.00023238, -0.00016673, -0.00011610, -0.00007623, -0.00004459, -0.00001940, 0.00000083, 0.00001734, 0.00003110, 0.00004217, 0.00005081, 0.00005751, 0.00006297, 0.00006712, 0.00007008, 0.00007191, 0.00007294, 0.00007296, 0.00007238, 0.00007128, 0.00006980, 0.00006776, 0.00006531, 0.00006261, 0.00005981, 0.00005699, 0.00005412, 0.00005130, 0.00004840, 0.00004557, 0.00004286, 0.00004028, 0.00003793
-0.56609897, -0.54810532, -0.49844941, -0.43243740, -0.36372944, -0.30013331, -0.24452194, -0.19719993, -0.15759670, -0.12493304, -0.09834697, -0.07697742, -0.05998880, -0.04658647, -0.03608644, -0.02789604, -0.02153310, -0.01660359, -0.01279397, -0.00985597, -0.00759167, -0.00584955, -0.00450933, -0.00347697, -0.00268165, -0.00206958, -0.00159671, -0.00123073, -0.00094737, -0.00072759, -0.00055644, -0.00042274, -0.00031787, -0.00023540, -0.00017048, -0.00011913, -0.00007853, -0.00004619, -0.00002059, -0.00000048, 0.00001529, 0.00002777, 0.00003748, 0.00004490, 0.00005039, 0.00005446, 0.00005705, 0.00005862, 0.00005936, 0.00005944, 0.00005886, 0.00005774, 0.00005625, 0.00005452, 0.00005264, 0.00005060, 0.00004856, 0.00004636, 0.00004415, 0.00004197, 0.00003985, 0.00003783
-28.83345760, -18.41613513, -6.63990183, -2.51189155, -1.31795314, -0.87663013, -0.61920086, -0.42899145, -0.28783589, -0.19018183, -0.12571158, -0.08414435, -0.05706661, -0.03894027, -0.02663033, -0.01824634, -0.01257937, -0.00867323, -0.00599256, -0.00417437, -0.00293849, -0.00214093, -0.00154173, -0.00107566, -0.00078462, -0.00061130, -0.00045050, -0.00032037, -0.00024482, -0.00017038, -0.00011627, -0.00009984, -0.00004491, -0.00002778, -0.00000399, 0.00001844, 0.00001679, 0.00004259, 0.00004396, 0.00006225, 0.00005468, 0.00006645, 0.00006737, 0.00007936, 0.00007749, 0.00007708, 0.00007141, 0.00007995, 0.00007332, 0.00007494, 0.00006516, 0.00006669, 0.00006131, 0.00006455, 0.00005513, 0.00005701, 0.00004857, 0.00005082, 0.00004586, 0.00004554, 0.00003851, 0.00003728
-0.08468590, -0.08392454, -0.08164432, -0.07802031, -0.07334737, -0.06791913, -0.06203767, -0.05597521, -0.04996231, -0.04417731, -0.03874094, -0.03373190, -0.02919298, -0.02513268, -0.02154373, -0.01839990, -0.01566814, -0.01330955, -0.01128385, -0.00955247, -0.00807716, -0.00682418, -0.00576230, -0.00486357, -0.00410386, -0.00346248, -0.00292073, -0.00246356, -0.00207771, -0.00175199, -0.00147684, -0.00124428, -0.00104757, -0.00088105, -0.00074005, -0.00062036, -0.00051906, -0.00043309, -0.00036015, -0.00029829, -0.00024582, -0.00020128, -0.00016350, -0.00013150, -0.00010444, -0.00008143, -0.00006219, -0.00004600, -0.00003243, -0.00002109, -0.00001168, -0.00000393, 0.00000242, 0.00000760, 0.00001178, 0.00001512, 0.00001783, 0.00001984, 0.00002134, 0.00002241, 0.00002314, 0.00002358
-510.56604682, -129.23163124, -11.15871214, -0.94548650, -0.57232612, -0.72720344, -0.72316261, -0.57524110, -0.21670198, -0.12932218, -0.06655828, -0.07116357, -0.07022287, -0.03382056, -0.00634027, -0.00559882, -0.02895468, -0.02217251, -0.00298034, 0.00773542, 0.00987182, -0.01364137, -0.01162289, 0.00885388, 0.00745981, -0.00776744, -0.00479318, 0.00239605, -0.00138670, 0.00279455, 0.00493197, -0.00516531, 0.00422966, 0.00061872, 0.00141457, 0.00376366, -0.00343493, 0.00221600, -0.00153481, 0.00286050, -0.00288357, -0.00019246, -0.00135155, 0.00249138, 0.00118857, 0.00055681, -0.00167765, 0.00217138, 0.00003866, 0.00138339, -0.00174098, -0.00002168, -0.00101306, 0.00162669, -0.00106549, 0.00102697, -0.00131027, 0.00096671, 0.00009755, 0.00122662, -0.00067386, -0.00012591
-0.10018776, -0.09894056, -0.09525845, -0.08961136, -0.08260776, -0.07484633, -0.06683077, -0.05894634, -0.05144823, -0.04449362, -0.03818378, -0.03255002, -0.02759027, -0.02327446, -0.01955426, -0.01637414, -0.01367254, -0.01139019, -0.00947061, -0.00786249, -0.00651945, -0.00540039, -0.00446951, -0.00369702, -0.00305657, -0.00252570, -0.00208551, -0.00172154, -0.00142030, -0.00117082, -0.00096405, -0.00079283, -0.00065095, -0.00053325, -0.00043555, -0.00035420, -0.00028674, -0.00023070, -0.00018415, -0.00014548, -0.00011327, -0.00008649, -0.00006428, -0.00004590, -0.00003074, -0.00001810, -0.00000781, 0.00000060, 0.00000741, 0.00001287, 0.00001718, 0.00002054, 0.00002310, 0.00002500, 0.00002635, 0.00002723, 0.00002777, 0.00002791, 0.00002779, 0.00002747, 0.00002699, 0.00002636
-0.18418973, -0.18059334, -0.17026198, -0.15536211, -0.13824592, -0.12075196, -0.10400873, -0.08859765, -0.07475590, -0.06254456, -0.05195434, -0.04289192, -0.03522940, -0.02881463, -0.02348471, -0.01908635, -0.01547445, -0.01252119, -0.01011504, -0.00816070, -0.00657710, -0.00529622, -0.00426130, -0.00342688, -0.00275458, -0.00221265, -0.00177547, -0.00142395, -0.00114091, -0.00091269, -0.00072844, -0.00057990, -0.00046003, -0.00036312, -0.00028469, -0.00022094, -0.00016941, -0.00012765, -0.00009385, -0.00006649, -0.00004422, -0.00002617, -0.00001160, 0.00000006, 0.00000935, 0.00001690, 0.00002275, 0.00002728, 0.00003071, 0.00003321, 0.00003494, 0.00003604, 0.00003662, 0.00003679, 0.00003663, 0.00003617, 0.00003553, 0.00003463, 0.00003359, 0.00003246, 0.00003128, 0.00003003
-0.02124247, -0.02113352, -0.02080631, -0.02027404, -0.01955898, -0.01869088, -0.01770119, -0.01662451, -0.01549159, -0.01433018, -0.01316914, -0.01202881, -0.01092719, -0.00987735, -0.00888895, -0.00796809, -0.00711767, -0.00633842, -0.00562907, -0.00498748, -0.00440996, -0.00389248, -0.00343044, -0.00301944, -0.00265482, -0.00233200, -0.00204653, -0.00179499, -0.00157345, -0.00137853, -0.00120714, -0.00105660, -0.00092443, -0.00080840, -0.00070655, -0.00061702, -0.00053859, -0.00046978, -0.00040942, -0.00035646, -0.00030997, -0.00026917, -0.00023337, -0.00020196, -0.00017441, -0.00015014, -0.00012895, -0.00011037, -0.00009410, -0.00007986, -0.00006742, -0.00005655, -0.00004707, -0.00003881, -0.00003161, -0.00002536, -0.00001989, -0.00001521, -0.00001118, -0.00000771, -0.00000473, -0.00000219
-1.74413991, -1.54560865, -1.11262324, -0.73518746, -0.49855942, -0.36163325, -0.27408317, -0.20957797, -0.15880351, -0.11895081, -0.08849799, -0.06570155, -0.04878287, -0.03622613, -0.02687347, -0.01990494, -0.01471947, -0.01087376, -0.00802962, -0.00592938, -0.00437951, -0.00323502, -0.00238898, -0.00176512, -0.00130483, -0.00096395, -0.00071045, -0.00052342, -0.00038452, -0.00028049, -0.00020197, -0.00014304, -0.00009847, -0.00006437, -0.00003805, -0.00001733, -0.00000124, 0.00001136, 0.00002118, 0.00002884, 0.00003510, 0.00004010, 0.00004395, 0.00004676, 0.00004874, 0.00005032, 0.00005125, 0.00005171, 0.00005171, 0.00005131, 0.00005056, 0.00004953, 0.00004829, 0.00004689, 0.00004539, 0.00004372, 0.00004198, 0.00004008, 0.00003817, 0.00003627, 0.00003442, 0.00003256
-12.35067883, -8.75948709, -3.66222679, -1.37992760, -0.68892920, -0.47915441, -0.36765469, -0.27327615, -0.19367503, -0.13386411, -0.09257281, -0.06495644, -0.04621532, -0.03307260, -0.02363810, -0.01684690, -0.01199647, -0.00855474, -0.00612075, -0.00439593, -0.00316755, -0.00229157, -0.00165640, -0.00119655, -0.00086988, -0.00063621, -0.00046192, -0.00033488, -0.00024374, -0.00017409, -0.00012175, -0.00008500, -0.00005321, -0.00003112, -0.00001278, 0.00000234, 0.00001248, 0.00002308, 0.00002965, 0.00003651, 0.00004020, 0.00004495, 0.00004782, 0.00005099, 0.00005220, 0.00005337, 0.00005353, 0.00005468, 0.00005397, 0.00005370, 0.00005206, 0.00005127, 0.00004962, 0.00004867, 0.00004641, 0.00004506, 0.00004264, 0.00004109, 0.00003884, 0.00003705, 0.00003466, 0.00003280
-278.87891127, -88.98070183, -7.96601746, -0.05084364, -0.10538327, -0.44596061, -0.48866277, -0.37500971, -0.18193438, -0.11000111, -0.06664257, -0.05684291, -0.04865649, -0.02960447, -0.01497550, -0.01103938, -0.01666320, -0.01234880, -0.00431313, 0.00035822, 0.00170430, -0.00610629, -0.00498503, 0.00252912, 0.00216564, -0.00311147, -0.00192704, 0.00068213, -0.00061609, 0.00091462, 0.00167435, -0.00187201, 0.00148924, 0.00020016, 0.00050306, 0.00132427, -0.00120733, 0.00079890, -0.00052815, 0.00103253, -0.00100785, -0.00004187, -0.00045717, 0.00091343, 0.00044150, 0.00022673, -0.00057006, 0.00080362, 0.00003999, 0.00052064, -0.00059186, 0.00002276, -0.00033173, 0.00060497, -0.00035221, 0.00038922, -0.00043883, 0.00036648, 0.00005910, 0.00045481, -0.00021698, -0.00002639
-0.10388808, -0.10256243, -0.09865302, -0.09267388, -0.08528435, -0.07712652, -0.06873351, -0.06050676, -0.05270831, -0.04549617, -0.03897032, -0.03315843, -0.02805419, -0.02362279, -0.01981148, -0.01656038, -0.01380410, -0.01148012, -0.00952924, -0.00789793, -0.00653799, -0.00540684, -0.00446755, -0.00368935, -0.00304527, -0.00251227, -0.00207102, -0.00170676, -0.00140577, -0.00115688, -0.00095091, -0.00078061, -0.00063971, -0.00052301, -0.00042627, -0.00034584, -0.00027924, -0.00022399, -0.00017817, -0.00014017, -0.00010856, -0.00008231, -0.00006058, -0.00004263, -0.00002785, -0.00001554, -0.00000555, 0.00000259, 0.00000917, 0.00001442, 0.00001854, 0.00002174, 0.00002415, 0.00002593, 0.00002717, 0.00002795, 0.00002839, 0.00002846, 0.00002827, 0.00002788, 0.00002735, 0.00002668
-0.08165464, -0.08076627, -0.07813026, -0.07403109, -0.06885666, -0.06300889, -0.05684900, -0.05067529, -0.04470093, -0.03906921, -0.03388242, -0.02918529, -0.02499374, -0.02129901, -0.01807409, -0.01528405, -0.01288655, -0.01083864, -0.00909758, -0.00762357, -0.00638002, -0.00533355, -0.00445458, -0.00371814, -0.00310190, -0.00258637, -0.00215506, -0.00179520, -0.00149473, -0.00124372, -0.00103391, -0.00085868, -0.00071224, -0.00058976, -0.00048724, -0.00040121, -0.00032928, -0.00026903, -0.00021857, -0.00017631, -0.00014083, -0.00011109, -0.00008619, -0.00006540, -0.00004807, -0.00003350, -0.00002148, -0.00001153, -0.00000335, 0.00000333, 0.00000874, 0.00001307, 0.00001649, 0.00001916, 0.00002120, 0.00002269, 0.00002377, 0.00002440, 0.00002471, 0.00002478, 0.00002464, 0.00002432
-101.62741883, -45.34944821, -7.38902327, -1.02580301, -0.44989118, -0.48859752, -0.44061180, -0.32381027, -0.20305367, -0.12872220, -0.08387549, -0.05953100, -0.04356489, -0.03038047, -0.02062435, -0.01454071, -0.01148258, -0.00815993, -0.00515528, -0.00319508, -0.00210283, -0.00258006, -0.00193171, -0.00049582, -0.00032206, -0.00092381, -0.00061526, -0.00014404, -0.00026845, 0.00000895, 0.00015209, -0.00033443, 0.00018373, 0.00000739, 0.00006872, 0.00019555, -0.00016190, 0.00013876, -0.00004963, 0.00018340, -0.00011278, 0.00003445, -0.00002525, 0.00017897, 0.00010836, 0.00008005, -0.00003738, 0.00016603, 0.00005207, 0.00012287, -0.00004199, 0.00004825, -0.00000555, 0.00013050, -0.00001157, 0.00009542, -0.00002707, 0.00008874, 0.00004241, 0.00009764, -0.00000163, 0.00002390
-0.13533406, -0.13338974, -0.12763682, -0.11907092, -0.10875326, -0.09767652, -0.08656374, -0.07587253, -0.06586550, -0.05670799, -0.04847404, -0.04117399, -0.03479078, -0.02926189, -0.02451985, -0.02047840, -0.01705652, -0.01417282, -0.01175322, -0.00973061, -0.00804438, -0.00664283, -0.00547974, -0.00451604, -0.00371879, -0.00306036, -0.00251630, -0.00206719, -0.00169665, -0.00139137, -0.00113959, -0.00093176, -0.00076017, -0.00061868, -0.00050188, -0.00040520, -0.00032548, -0.00025956, -0.00020505, -0.00015999, -0.00012279, -0.00009212, -0.00006675, -0.00004577, -0.00002852, -0.00001426, -0.00000278, 0.00000656, 0.00001413, 0.00002018, 0.00002494, 0.00002863, 0.00003139, 0.00003339, 0.00003477, 0.00003561, 0.00003611, 0.00003618, 0.00003594, 0.00003542, 0.00003470, 0.00003382
-4.38223055, -3.60034716, -2.10139411, -1.07215818, -0.60964502, -0.42735021, -0.33303372, -0.25934936, -0.19559276, -0.14414006, -0.10564064, -0.07785939, -0.05781089, -0.04304853, -0.03201882, -0.02374131, -0.01756868, -0.01299476, -0.00961941, -0.00712807, -0.00528379, -0.00391726, -0.00290316, -0.00215035, -0.00159235, -0.00117970, -0.00087271, -0.00064357, -0.00047263, -0.00034564, -0.00025033, -0.00017814, -0.00012313, -0.00008157, -0.00004979, -0.00002500, -0.00000587, 0.00000921, 0.00002115, 0.00003057, 0.00003791, 0.00004356, 0.00004818, 0.00005193, 0.00005477, 0.00005693, 0.00005816, 0.00005894, 0.00005934, 0.00005934, 0.00005895, 0.00005821, 0.00005716, 0.00005585, 0.00005433, 0.00005267, 0.00005098, 0.00004914, 0.00004718, 0.00004510, 0.00004295, 0.00004080
-0.05325687, -0.05285788, -0.05162675, -0.04968509, -0.04714457, -0.04416310, -0.04089422, -0.03747488, -0.03401852, -0.03062626, -0.02737068, -0.02430025, -0.02145250, -0.01884178, -0.01647745, -0.01435426, -0.01246378, -0.01079105, -0.00931975, -0.00803252, -0.00691061, -0.00593661, -0.00509334, -0.00436506, -0.00373746, -0.00319778, -0.00273386, -0.00233584, -0.00199457, -0.00170236, -0.00145211, -0.00123776, -0.00105421, -0.00089713, -0.00076265, -0.00064731, -0.00054869, -0.00046421, -0.00039182, -0.00032981, -0.00027670, -0.00023123, -0.00019224, -0.00015882, -0.00013021, -0.00010563, -0.00008476, -0.00006693, -0.00005174, -0.00003882, -0.00002787, -0.00001862, -0.00001084, -0.00000433, 0.00000109, 0.00000558, 0.00000934, 0.00001234, 0.00001473, 0.00001660, 0.00001802, 0.00001907
-0.12917833, -0.12738995, -0.12208316, -0.11414518, -0.10452514, -0.09413096, -0.08364060, -0.07349561, -0.06395816, -0.05519746, -0.04729389, -0.04026483, -0.03410002, -0.02874487, -0.02413952, -0.02020427, -0.01686415, -0.01404240, -0.01166918, -0.00968117, -0.00801993, -0.00663618, -0.00548544, -0.00452996, -0.00373788, -0.00308237, -0.00253964, -0.00209073, -0.00171962, -0.00141326, -0.00116008, -0.00095069, -0.00077749, -0.00063439, -0.00051603, -0.00041787, -0.00033678, -0.00026961, -0.00021395, -0.00016786, -0.00012974, -0.00009824, -0.00007212, -0.00005050, -0.00003267, -0.00001791, -0.00000598, 0.00000376, 0.00001166, 0.00001802, 0.00002304, 0.00002696, 0.00002993, 0.00003211, 0.00003364, 0.00003463, 0.00003525, 0.00003543, 0.00003528, 0.00003485, 0.00003420, 0.00003339
-1.67488127, -1.49167027, -1.08211310, -0.71526419, -0.48503537, -0.35650521, -0.27708164, -0.21784255, -0.16931345, -0.12981772, -0.09880357, -0.07507596, -0.05710402, -0.04343814, -0.03300615, -0.02502180, -0.01893240, -0.01430384, -0.01079816, -0.00814823, -0.00614477, -0.00463169, -0.00348839, -0.00262466, -0.00197294, -0.00148237, -0.00111178, -0.00083142, -0.00061951, -0.00045995, -0.00033897, -0.00024669, -0.00017609, -0.00012238, -0.00008121, -0.00004921, -0.00002455, -0.00000528, 0.00000984, 0.00002167, 0.00003086, 0.00003792, 0.00004358, 0.00004809, 0.00005153, 0.00005415, 0.00005575, 0.00005681, 0.00005744, 0.00005762, 0.00005738, 0.00005678, 0.00005586, 0.00005466, 0.00005326, 0.00005170, 0.00005012, 0.00004837, 0.00004650, 0.00004451, 0.00004246, 0.00004040
-0.31278638, -0.30343567, -0.27763490, -0.24363502, -0.20862561, -0.17656348, -0.14851619, -0.12422698, -0.10320765, -0.08513634, -0.06977387, -0.05686662, -0.04615072, -0.03731834, -0.03008998, -0.02419600, -0.01941297, -0.01554383, -0.01242412, -0.00991650, -0.00790446, -0.00629403, -0.00500639, -0.00397787, -0.00315744, -0.00250423, -0.00198351, -0.00156863, -0.00123831, -0.00097588, -0.00076694, -0.00060030, -0.00046733, -0.00036148, -0.00027705, -0.00020939, -0.00015547, -0.00011229, -0.00007770, -0.00005003, -0.00002795, -0.00001040, 0.00000369, 0.00001497, 0.00002389, 0.00003097, 0.00003626, 0.00004030, 0.00004333, 0.00004549, 0.00004690, 0.00004768, 0.00004794, 0.00004777, 0.00004725, 0.00004646, 0.00004554, 0.00004436, 0.00004303, 0.00004154, 0.00003995, 0.00003831
-0.41457186, -0.40358065, -0.37284683, -0.33123534, -0.28689540, -0.24487874, -0.20712483, -0.17388283, -0.14487236, -0.11980430, -0.09842060, -0.08038728, -0.06536276, -0.05294064, -0.04274694, -0.03441946, -0.02765028, -0.02216554, -0.01773766, -0.01417317, -0.01130986, -0.00901498, -0.00717766, -0.00570829, -0.00453575, -0.00360043, -0.00285355, -0.00225769, -0.00178347, -0.00140581, -0.00110447, -0.00086376, -0.00067185, -0.00051879, -0.00039648, -0.00029834, -0.00022006, -0.00015735, -0.00010716, -0.00006707, -0.00003518, -0.00000968, 0.00001076, 0.00002698, 0.00003966, 0.00004962, 0.00005707, 0.00006275, 0.00006688, 0.00006971, 0.00007144, 0.00007226, 0.00007231, 0.00007176, 0.00007074, 0.00006935, 0.00006781, 0.00006585, 0.00006363, 0.00006126, 0.00005879, 0.00005627
-0.15439587, -0.15257060, -0.14711064, -0.13877003, -0.12838742, -0.11685034, -0.10489922, -0.09307969, -0.08176007, -0.07119055, -0.06152620, -0.05282199, -0.04509968, -0.03831879, -0.03242699, -0.02734473, -0.02299228, -0.01928375, -0.01613934, -0.01348415, -0.01124881, -0.00937271, -0.00780108, -0.00648677, -0.00539002, -0.00447561, -0.00371304, -0.00307797, -0.00254977, -0.00211042, -0.00174473, -0.00144018, -0.00118678, -0.00097589, -0.00080024, -0.00065357, -0.00053159, -0.00042989, -0.00034510, -0.00027446, -0.00021568, -0.00016668, -0.00012582, -0.00009184, -0.00006368, -0.00004024, -0.00002109, -0.00000532, 0.00000756, 0.00001799, 0.00002633, 0.00003291, 0.00003800, 0.00004185, 0.00004467, 0.00004663, 0.00004801, 0.00004863, 0.00004872, 0.00004839, 0.00004771, 0.00004678
-21.77942992, -15.47296765, -6.30124637, -2.15976753, -0.99714814, -0.71967523, -0.58513732, -0.44900477, -0.32211069, -0.22390323, -0.15623095, -0.11128778, -0.08067433, -0.05877265, -0.04266720, -0.03081201, -0.02221530, -0.01603881, -0.01161929, -0.00844353, -0.00614502, -0.00448014, -0.00326026, -0.00236554, -0.00172202, -0.00125818, -0.00091302, -0.00065721, -0.00047303, -0.00033504, -0.00023239, -0.00015806, -0.00009707, -0.00005451, -0.00002051, 0.00000662, 0.00002511, 0.00004324, 0.00005507, 0.00006659, 0.00007254, 0.00007969, 0.00008447, 0.00008971, 0.00009200, 0.00009369, 0.00009381, 0.00009545, 0.00009455, 0.00009421, 0.00009189, 0.00009064, 0.00008808, 0.00008635, 0.00008273, 0.00008045, 0.00007687, 0.00007435, 0.00007067, 0.00006749, 0.00006344, 0.00006018
-0.10287229, -0.10194752, -0.09913960, -0.09474716, -0.08909091, -0.08257021, -0.07555944, -0.06837375, -0.06125814, -0.05440574, -0.04795744, -0.04198873, -0.03655369, -0.03166006, -0.02730475, -0.02346007, -0.02009333, -0.01716243, -0.01462501, -0.01243868, -0.01056164, -0.00895574, -0.00758503, -0.00641758, -0.00542559, -0.00458373, -0.00386938, -0.00326423, -0.00275217, -0.00231902, -0.00195247, -0.00164221, -0.00137979, -0.00115779, -0.00096990, -0.00081053, -0.00067583, -0.00056173, -0.00046509, -0.00038326, -0.00031402, -0.00025536, -0.00020564, -0.00016357, -0.00012804, -0.00009792, -0.00007272, -0.00005150, -0.00003372, -0.00001889, -0.00000659, 0.00000355, 0.00001183, 0.00001855, 0.00002394, 0.00002821, 0.00003164, 0.00003412, 0.00003587, 0.00003704, 0.00003771, 0.00003798
-0.12498524, -0.12370906, -0.11985961, -0.11389749, -0.10633122, -0.09774694, -0.08866816, -0.07951179, -0.07058325, -0.06210818, -0.05424037, -0.04705169, -0.04058626, -0.03483411, -0.02977307, -0.02535453, -0.02152631, -0.01822778, -0.01540051, -0.01298785, -0.01093592, -0.00919639, -0.00772484, -0.00648243, -0.00543580, -0.00455510, -0.00381386, -0.00319102, -0.00266828, -0.00222961, -0.00186128, -0.00155188, -0.00129222, -0.00107424, -0.00089113, -0.00073697, -0.00060764, -0.00049892, -0.00040752, -0.00033070, -0.00026621, -0.00021199, -0.00016638, -0.00012810, -0.00009605, -0.00006911, -0.00004681, -0.00002822, -0.00001282, -0.00000014, 0.00001022, 0.00001860, 0.00002530, 0.00003059, 0.00003469, 0.00003779, 0.00004019, 0.00004172, 0.00004263, 0.00004303, 0.00004301, 0.00004267
-0.32642493, -0.31941587, -0.29939760, -0.27122933, -0.23971748, -0.20836568, -0.17901122, -0.15235749, -0.12857198, -0.10765381, -0.08952676, -0.07400552, -0.06088142, -0.04987621, -0.04072401, -0.03315258, -0.02692327, -0.02181682, -0.01764689, -0.01425208, -0.01149487, -0.00926081, -0.00745285, -0.00599145, -0.00481273, -0.00386246, -0.00309568, -0.00247756, -0.00198032, -0.00158013, -0.00125755, -0.00099728, -0.00078760, -0.00061864, -0.00048229, -0.00037185, -0.00028287, -0.00021093, -0.00015280, -0.00010591, -0.00006819, -0.00003775, -0.00001313, 0.00000662, 0.00002231, 0.00003483, 0.00004444, 0.00005193, 0.00005760, 0.00006174, 0.00006458, 0.00006635, 0.00006722, 0.00006738, 0.00006696, 0.00006609, 0.00006500, 0.00006343, 0.00006157, 0.00005950, 0.00005730, 0.00005503
-634.89242248, -195.18946869, -14.30053321, 1.59951586, 0.54854126, -0.61716402, -0.87427140, -0.69029183, -0.29119064, -0.16732010, -0.09790182, -0.09689269, -0.09107809, -0.05377274, -0.02409771, -0.01836258, -0.03448280, -0.02595141, -0.00786558, 0.00256059, 0.00528820, -0.01381695, -0.01137937, 0.00649147, 0.00551600, -0.00723002, -0.00445518, 0.00176996, -0.00137442, 0.00227184, 0.00408025, -0.00444932, 0.00360196, 0.00050143, 0.00121594, 0.00318236, -0.00290461, 0.00190471, -0.00128502, 0.00245686, -0.00244315, -0.00013061, -0.00112842, 0.00215817, 0.00102708, 0.00050852, -0.00140343, 0.00189143, 0.00006074, 0.00121416, -0.00145391, 0.00002118, -0.00082782, 0.00142127, -0.00087436, 0.00090657, -0.00107936, 0.00085547, 0.00011892, 0.00107085, -0.00054092, -0.00008155
-0.11792086, -0.11676263, -0.11326168, -0.10782182, -0.10088614, -0.09297727, -0.08456944, -0.07604716, -0.06769755, -0.05973712, -0.05231670, -0.04551019, -0.03936567, -0.03387934, -0.02903556, -0.02479267, -0.02110489, -0.01791756, -0.01517741, -0.01283236, -0.01083228, -0.00913206, -0.00768990, -0.00646912, -0.00543804, -0.00456821, -0.00383432, -0.00321613, -0.00269604, -0.00225853, -0.00189030, -0.00158029, -0.00131949, -0.00110004, -0.00091529, -0.00075939, -0.00062831, -0.00051786, -0.00042480, -0.00034641, -0.00028043, -0.00022484, -0.00017797, -0.00013853, -0.00010543, -0.00007752, -0.00005435, -0.00003498, -0.00001886, -0.00000555, 0.00000538, 0.00001428, 0.00002145, 0.00002715, 0.00003163, 0.00003507, 0.00003777, 0.00003958, 0.00004073, 0.00004135, 0.00004153, 0.00004136
-44.72058844, -28.28485663, -8.79747050, -2.20987851, -0.89794117, -0.72695447, -0.63024646, -0.48253022, -0.33532280, -0.22523746, -0.15358301, -0.10855352, -0.07865587, -0.05716330, -0.04122679, -0.02953175, -0.02117993, -0.01520108, -0.01094293, -0.00791094, -0.00573680, -0.00421937, -0.00306359, -0.00217532, -0.00157919, -0.00118365, -0.00085441, -0.00060004, -0.00043834, -0.00030004, -0.00020073, -0.00015495, -0.00007534, -0.00004499, -0.00001081, 0.00001951, 0.00002058, 0.00005107, 0.00005352, 0.00007488, 0.00006680, 0.00008040, 0.00008209, 0.00009650, 0.00009523, 0.00009568, 0.00009030, 0.00010126, 0.00009502, 0.00009796, 0.00008809, 0.00009106, 0.00008604, 0.00009051, 0.00008046, 0.00008307, 0.00007404, 0.00007678, 0.00007110, 0.00007040, 0.00006197, 0.00005987
-0.04726766, -0.04660808, -0.04461889, -0.04159075, -0.03783829, -0.03370379, -0.02948199, -0.02539690, -0.02159862, -0.01817214, -0.01515403, -0.01254649, -0.01032798, -0.00846294, -0.00691101, -0.00562947, -0.00457756, -0.00371805, -0.00301811, -0.00244962, -0.00198856, -0.00161487, -0.00131225, -0.00106694, -0.00086795, -0.00070647, -0.00057513, -0.00046829, -0.00038116, -0.00031003, -0.00025189, -0.00020428, -0.00016521, -0.00013312, -0.00010679, -0.00008507, -0.00006726, -0.00005263, -0.00004063, -0.00003080, -0.00002276, -0.00001621, -0.00001087, -0.00000656, -0.00000312, -0.00000032, 0.00000185, 0.00000355, 0.00000486, 0.00000584, 0.00000656, 0.00000708, 0.00000742, 0.00000764, 0.00000776, 0.00000779, 0.00000778, 0.00000770, 0.00000759, 0.00000745, 0.00000729, 0.00000711
-0.03254312, -0.03217468, -0.03104982, -0.02930797, -0.02709516, -0.02458618, -0.02194465, -0.01930798, -0.01677996, -0.01442998, -0.01229906, -0.01040571, -0.00875068, -0.00732267, -0.00610411, -0.00507318, -0.00420704, -0.00348335, -0.00288110, -0.00238166, -0.00196833, -0.00162678, -0.00134488, -0.00111220, -0.00092010, -0.00076151, -0.00063035, -0.00052192, -0.00043211, -0.00035765, -0.00029586, -0.00024451, -0.00020177, -0.00016617, -0.00013651, -0.00011171, -0.00009107, -0.00007386, -0.00005951, -0.00004756, -0.00003762, -0.00002935, -0.00002249, -0.00001681, -0.00001214, -0.00000826, -0.00000511, -0.00000255, -0.00000048, 0.00000118, 0.00000250, 0.00000354, 0.00000435, 0.00000498, 0.00000545, 0.00000579, 0.00000605, 0.00000620, 0.00000629, 0.00000632, 0.00000631, 0.00000627
-32.99470738, -13.49231500, -2.61194141, -0.81929886, -0.43576098, -0.28060278, -0.18438325, -0.11758130, -0.06796012, -0.04104279, -0.02464767, -0.01598721, -0.01068069, -0.00650937, -0.00379093, -0.00250801, -0.00231010, -0.00160328, -0.00077393, -0.00028441, -0.00009848, -0.00061689, -0.00049247, 0.00009228, 0.00008326, -0.00029262, -0.00018986, 0.00001398, -0.00007315, 0.00004913, 0.00011066, -0.00014546, 0.00011000, 0.00001769, 0.00004438, 0.00010706, -0.00007730, 0.00007315, -0.00002396, 0.00009252, -0.00005874, 0.00001353, -0.00001776, 0.00008389, 0.00004760, 0.00003142, -0.00002882, 0.00007268, 0.00001469, 0.00004963, -0.00003401, 0.00001104, -0.00001615, 0.00005272, -0.00001892, 0.00003559, -0.00002610, 0.00003320, 0.00001029, 0.00003923, -0.00001052, 0.00000335
-0.04561287, -0.04498928, -0.04310612, -0.04023402, -0.03666539, -0.03272150, -0.02868152, -0.02475994, -0.02110244, -0.01779316, -0.01486991, -0.01233748, -0.01017721, -0.00835654, -0.00683785, -0.00558082, -0.00454672, -0.00369993, -0.00300891, -0.00244654, -0.00198955, -0.00161846, -0.00131739, -0.00107291, -0.00087426, -0.00071278, -0.00058122, -0.00047403, -0.00038649, -0.00031492, -0.00025633, -0.00020828, -0.00016878, -0.00013632, -0.00010963, -0.00008759, -0.00006949, -0.00005460, -0.00004236, -0.00003232, -0.00002410, -0.00001738, -0.00001190, -0.00000746, -0.00000390, -0.00000101, 0.00000125, 0.00000303, 0.00000441, 0.00000545, 0.00000623, 0.00000679, 0.00000717, 0.00000743, 0.00000757, 0.00000763, 0.00000765, 0.00000759, 0.00000749, 0.00000736, 0.00000721, 0.00000705
-0.01575446, -0.01563263, -0.01525438, -0.01465594, -0.01386996, -0.01294253, -0.01192128, -0.01085203, -0.00977476, -0.00872176, -0.00771798, -0.00678078, -0.00592070, -0.00514243, -0.00444693, -0.00383152, -0.00329152, -0.00282094, -0.00241310, -0.00206143, -0.00175923, -0.00150028, -0.00127892, -0.00108995, -0.00092879, -0.00079148, -0.00067441, -0.00057475, -0.00048982, -0.00041744, -0.00035572, -0.00030306, -0.00025808, -0.00021965, -0.00018681, -0.00015865, -0.00013461, -0.00011404, -0.00009643, -0.00008136, -0.00006846, -0.00005742, -0.00004797, -0.00003989, -0.00003300, -0.00002707, -0.00002205, -0.00001777, -0.00001414, -0.00001105, -0.00000844, -0.00000623, -0.00000436, -0.00000279, -0.00000147, -0.00000037, 0.00000058, 0.00000134, 0.00000196, 0.00000248, 0.00000289, 0.00000323
-0.05768008, -0.05677587, -0.05407017, -0.04999912, -0.04503584, -0.03966599, -0.03428506, -0.02917377, -0.02450498, -0.02036409, -0.01677503, -0.01372171, -0.01116191, -0.00904042, -0.00729907, -0.00587971, -0.00472925, -0.00380058, -0.00305318, -0.00245299, -0.00197147, -0.00158538, -0.00127591, -0.00102758, -0.00082808, -0.00066772, -0.00053848, -0.00043430, -0.00035007, -0.00028189, -0.00022663, -0.00018174, -0.00014519, -0.00011541, -0.00009117, -0.00007133, -0.00005520, -0.00004205, -0.00003136, -0.00002270, -0.00001569, -0.00001004, -0.00000550, -0.00000189, 0.00000095, 0.00000320, 0.00000490, 0.00000619, 0.00000713, 0.00000780, 0.00000824, 0.00000852, 0.00000865, 0.00000869, 0.00000865, 0.00000855, 0.00000843, 0.00000825, 0.00000806, 0.00000785, 0.00000763, 0.00000741
-0.14892711, -0.14460624, -0.13240849, -0.11570608, -0.09763400, -0.08034431, -0.06490825, -0.05169273, -0.04069467, -0.03173408, -0.02455869, -0.01889498, -0.01447468, -0.01105437, -0.00842579, -0.00641491, -0.00488201, -0.00371595, -0.00283026, -0.00215801, -0.00164762, -0.00125979, -0.00096503, -0.00074023, -0.00056840, -0.00043688, -0.00033572, -0.00025777, -0.00019739, -0.00015051, -0.00011403, -0.00008550, -0.00006305, -0.00004540, -0.00003157, -0.00002059, -0.00001200, -0.00000526, -0.00000003, 0.00000399, 0.00000703, 0.00000931, 0.00001098, 0.00001214, 0.00001286, 0.00001329, 0.00001344, 0.00001340, 0.00001321, 0.00001289, 0.00001249, 0.00001205, 0.00001157, 0.00001110, 0.00001064, 0.00001018, 0.00000977, 0.00000934, 0.00000895, 0.00000859, 0.00000825, 0.00000793
-0.07000427, -0.06877076, -0.06511120, -0.05967921, -0.05317674, -0.04628110, -0.03950875, -0.03319829, -0.02753749, -0.02260137, -0.01839092, -0.01486288, -0.01194792, -0.00956560, -0.00763599, -0.00608322, -0.00484011, -0.00384861, -0.00305976, -0.00243330, -0.00193621, -0.00154176, -0.00122888, -0.00098028, -0.00078250, -0.00062504, -0.00049930, -0.00039883, -0.00031832, -0.00025369, -0.00020175, -0.00015989, -0.00012606, -0.00009872, -0.00007665, -0.00005871, -0.00004424, -0.00003255, -0.00002313, -0.00001557, -0.00000953, -0.00000472, -0.00000091, 0.00000207, 0.00000435, 0.00000613, 0.00000741, 0.00000834, 0.00000897, 0.00000936, 0.00000957, 0.00000964, 0.00000960, 0.00000949, 0.00000933, 0.00000912, 0.00000891, 0.00000865, 0.00000839, 0.00000813, 0.00000787, 0.00000761
-0.66509311, -0.60561967, -0.47053300, -0.34006944, -0.24254667, -0.17397689, -0.12512401, -0.08961834, -0.06369477, -0.04491276, -0.03147343, -0.02197054, -0.01530759, -0.01065749, -0.00742144, -0.00517224, -0.00361073, -0.00252714, -0.00177543, -0.00125353, -0.00089033, -0.00063654, -0.00045882, -0.00033289, -0.00024291, -0.00017831, -0.00013108, -0.00009618, -0.00006990, -0.00004992, -0.00003463, -0.00002267, -0.00001309, -0.00000551, 0.00000039, 0.00000517, 0.00000894, 0.00001186, 0.00001406, 0.00001563, 0.00001670, 0.00001736, 0.00001772, 0.00001777, 0.00001754, 0.00001716, 0.00001661, 0.00001599, 0.00001528, 0.00001452, 0.00001375, 0.00001298, 0.00001224, 0.00001156, 0.00001093, 0.00001035, 0.00000984, 0.00000935, 0.00000893, 0.00000856, 0.00000823, 0.00000792
-0.17307909, -0.16972206, -0.16006989, -0.14615015, -0.13015038, -0.11378734, -0.09811581, -0.08367622, -0.07069023, -0.05921771, -0.04925425, -0.04071476, -0.03348435, -0.02742187, -0.02237754, -0.01820857, -0.01478029, -0.01197311, -0.00968290, -0.00782017, -0.00630892, -0.00508507, -0.00409504, -0.00329578, -0.00265119, -0.00213108, -0.00171108, -0.00137301, -0.00110061, -0.00088083, -0.00070327, -0.00056000, -0.00044434, -0.00035079, -0.00027506, -0.00021349, -0.00016371, -0.00012336, -0.00009068, -0.00006425, -0.00004275, -0.00002530, -0.00001123, 0.00000005, 0.00000902, 0.00001630, 0.00002195, 0.00002633, 0.00002964, 0.00003206, 0.00003374, 0.00003480, 0.00003536, 0.00003552, 0.00003537, 0.00003494, 0.00003433, 0.00003346, 0.00003246, 0.00003137, 0.00003022, 0.00002902
-3.42543238, -2.84134213, -1.72577227, -0.94716683, -0.57008283, -0.39726488, -0.29841367, -0.22530499, -0.16680889, -0.12142870, -0.08786928, -0.06371654, -0.04640158, -0.03387376, -0.02471625, -0.01800368, -0.01309366, -0.00951972, -0.00692624, -0.00504489, -0.00367862, -0.00268430, -0.00195895, -0.00143093, -0.00104658, -0.00076533, -0.00055812, -0.00040683, -0.00029560, -0.00021282, -0.00015051, -0.00010394, -0.00006881, -0.00004193, -0.00002111, -0.00000459, 0.00000830, 0.00001850, 0.00002647, 0.00003268, 0.00003781, 0.00004198, 0.00004519, 0.00004753, 0.00004910, 0.00005036, 0.00005105, 0.00005133, 0.00005119, 0.00005069, 0.00004985, 0.00004876, 0.00004746, 0.00004603, 0.00004449, 0.00004283, 0.00004108, 0.00003918, 0.00003726, 0.00003536, 0.00003351, 0.00003167
-4.35055027, -3.51820213, -2.00492310, -1.02860548, -0.59539759, -0.41168198, -0.30948804, -0.23289436, -0.17106261, -0.12331304, -0.08842617, -0.06365829, -0.04610246, -0.03349502, -0.02432526, -0.01763253, -0.01276200, -0.00923703, -0.00669382, -0.00485840, -0.00353143, -0.00256942, -0.00186995, -0.00136245, -0.00099433, -0.00072575, -0.00052824, -0.00038438, -0.00027882, -0.00020028, -0.00014115, -0.00009700, -0.00006361, -0.00003807, -0.00001821, -0.00000240, 0.00000996, 0.00001979, 0.00002747, 0.00003350, 0.00003846, 0.00004254, 0.00004567, 0.00004796, 0.00004947, 0.00005070, 0.00005135, 0.00005162, 0.00005145, 0.00005094, 0.00005007, 0.00004897, 0.00004765, 0.00004620, 0.00004464, 0.00004297, 0.00004120, 0.00003928, 0.00003734, 0.00003543, 0.00003355, 0.00003170
-0.02004082, -0.01993917, -0.01963242, -0.01913427, -0.01846428, -0.01765048, -0.01672255, -0.01571245, -0.01464880, -0.01355767, -0.01246619, -0.01139324, -0.01035602, -0.00936667, -0.00843451, -0.00756530, -0.00676194, -0.00602519, -0.00535399, -0.00474641, -0.00419909, -0.00370831, -0.00326978, -0.00287940, -0.00253285, -0.00222583, -0.00195416, -0.00171463, -0.00150355, -0.00131775, -0.00115429, -0.00101064, -0.00088447, -0.00077366, -0.00067636, -0.00059079, -0.00051581, -0.00045001, -0.00039226, -0.00034158, -0.00029709, -0.00025803, -0.00022374, -0.00019366, -0.00016727, -0.00014402, -0.00012370, -0.00010589, -0.00009030, -0.00007664, -0.00006471, -0.00005428, -0.00004518, -0.00003725, -0.00003035, -0.00002435, -0.00001910, -0.00001460, -0.00001073, -0.00000740, -0.00000454, -0.00000210
-34.86431073, -20.27050865, -5.49630221, -1.33905220, -0.58301402, -0.46308554, -0.38309121, -0.28402238, -0.19286922, -0.12756111, -0.08557341, -0.05950691, -0.04239456, -0.03024794, -0.02143104, -0.01514713, -0.01079999, -0.00765473, -0.00540286, -0.00383189, -0.00274207, -0.00206982, -0.00149711, -0.00100151, -0.00072426, -0.00058788, -0.00042033, -0.00027801, -0.00021559, -0.00013561, -0.00008184, -0.00009338, -0.00002300, -0.00002073, -0.00000029, 0.00002238, 0.00000051, 0.00003487, 0.00002418, 0.00004967, 0.00002721, 0.00004395, 0.00004109, 0.00006133, 0.00005596, 0.00005466, 0.00004457, 0.00006306, 0.00005248, 0.00005833, 0.00004267, 0.00004975, 0.00004361, 0.00005435, 0.00004017, 0.00004810, 0.00003555, 0.00004400, 0.00003808, 0.00004108, 0.00003057, 0.00003103
-0.93473568, -0.86186681, -0.68798396, -0.51076790, -0.37732094, -0.28633462, -0.22220617, -0.17341970, -0.13456814, -0.10350346, -0.07907821, -0.06018089, -0.04570849, -0.03466741, -0.02624861, -0.01983843, -0.01496604, -0.01127398, -0.00848353, -0.00637909, -0.00479404, -0.00360090, -0.00270251, -0.00202754, -0.00152073, -0.00113928, -0.00085127, -0.00063523, -0.00047265, -0.00034961, -0.00025597, -0.00018500, -0.00013103, -0.00008966, -0.00005777, -0.00003284, -0.00001356, 0.00000146, 0.00001311, 0.00002211, 0.00002932, 0.00003502, 0.00003940, 0.00004265, 0.00004494, 0.00004674, 0.00004786, 0.00004847, 0.00004862, 0.00004838, 0.00004778, 0.00004690, 0.00004579, 0.00004453, 0.00004316, 0.00004165, 0.00004007, 0.00003833, 0.00003655, 0.00003479, 0.00003306, 0.00003133
-10.96534172, -7.86890051, -3.36759702, -1.28909221, -0.64558672, -0.44913417, -0.34566720, -0.25804014, -0.18369482, -0.12749561, -0.08850562, -0.06231147, -0.04446896, -0.03191355, -0.02287263, -0.01634332, -0.01166509, -0.00833666, -0.00597679, -0.00429980, -0.00310212, -0.00224503, -0.00162355, -0.00117355, -0.00085263, -0.00062217, -0.00045100, -0.00032630, -0.00023648, -0.00016844, -0.00011729, -0.00008077, -0.00005033, -0.00002870, -0.00001105, 0.00000335, 0.00001340, 0.00002323, 0.00002967, 0.00003591, 0.00003962, 0.00004393, 0.00004669, 0.00004948, 0.00005064, 0.00005171, 0.00005193, 0.00005278, 0.00005220, 0.00005185, 0.00005043, 0.00004956, 0.00004802, 0.00004694, 0.00004490, 0.00004351, 0.00004132, 0.00003971, 0.00003758, 0.00003579, 0.00003358, 0.00003177
-0.12118731, -0.11940048, -0.11416497, -0.10630641, -0.09681148, -0.08658269, -0.07630606, -0.06644341, -0.05726541, -0.04891551, -0.04147130, -0.03493159, -0.02926229, -0.02440101, -0.02026920, -0.01678365, -0.01386023, -0.01142087, -0.00939379, -0.00771518, -0.00632890, -0.00518678, -0.00424700, -0.00347541, -0.00284262, -0.00232359, -0.00189764, -0.00154908, -0.00126364, -0.00102965, -0.00083766, -0.00068028, -0.00055121, -0.00044522, -0.00035810, -0.00028627, -0.00022730, -0.00017879, -0.00013890, -0.00010613, -0.00007911, -0.00005686, -0.00003860, -0.00002369, -0.00001156, -0.00000155, 0.00000645, 0.00001287, 0.00001794, 0.00002190, 0.00002490, 0.00002713, 0.00002870, 0.00002974, 0.00003035, 0.00003059, 0.00003057, 0.00003022, 0.00002968, 0.00002899, 0.00002819, 0.00002730
-1.90778641, -1.68740619, -1.20741553, -0.79130682, -0.53372263, -0.38733241, -0.29481379, -0.22651003, -0.17232092, -0.12951067, -0.09667071, -0.07202014, -0.05367762, -0.04001418, -0.02979683, -0.02214930, -0.01643596, -0.01218169, -0.00902370, -0.00668302, -0.00494916, -0.00366440, -0.00271147, -0.00200588, -0.00148408, -0.00109684, -0.00080814, -0.00059443, -0.00043574, -0.00031695, -0.00022729, -0.00015989, -0.00010909, -0.00007036, -0.00004059, -0.00001729, 0.00000073, 0.00001478, 0.00002570, 0.00003410, 0.00004085, 0.00004626, 0.00005042, 0.00005346, 0.00005551, 0.00005711, 0.00005803, 0.00005843, 0.00005836, 0.00005785, 0.00005696, 0.00005577, 0.00005432, 0.00005271, 0.00005098, 0.00004913, 0.00004719, 0.00004506, 0.00004289, 0.00004073, 0.00003863, 0.00003655
-1.23956547, -1.13122747, -0.87864503, -0.63196792, -0.45587306, -0.34179928, -0.26397030, -0.20537440, -0.15874735, -0.12152719, -0.09240106, -0.07001335, -0.05297594, -0.04004417, -0.03022280, -0.02276822, -0.01712105, -0.01285526, -0.00964281, -0.00722804, -0.00541509, -0.00405465, -0.00303333, -0.00226803, -0.00169531, -0.00126558, -0.00094201, -0.00069992, -0.00051840, -0.00038145, -0.00027748, -0.00019882, -0.00013920, -0.00009364, -0.00005859, -0.00003123, -0.00001010, 0.00000633, 0.00001906, 0.00002886, 0.00003665, 0.00004284, 0.00004760, 0.00005110, 0.00005353, 0.00005541, 0.00005654, 0.00005712, 0.00005718, 0.00005680, 0.00005602, 0.00005493, 0.00005357, 0.00005204, 0.00005038, 0.00004861, 0.00004674, 0.00004467, 0.00004257, 0.00004048, 0.00003843, 0.00003640
-1.64562982, -1.47215470, -1.08511663, -0.73528697, -0.50771233, -0.37237368, -0.28463646, -0.21954367, -0.16790919, -0.12698451, -0.09537715, -0.07145590, -0.05352182, -0.04007814, -0.02997487, -0.02237918, -0.01667821, -0.01241329, -0.00923254, -0.00686399, -0.00510183, -0.00379085, -0.00281470, -0.00208918, -0.00155061, -0.00114954, -0.00084962, -0.00062686, -0.00046096, -0.00033648, -0.00024238, -0.00017151, -0.00011801, -0.00007722, -0.00004586, -0.00002135, -0.00000241, 0.00001234, 0.00002379, 0.00003259, 0.00003964, 0.00004527, 0.00004960, 0.00005277, 0.00005493, 0.00005661, 0.00005758, 0.00005804, 0.00005800, 0.00005753, 0.00005668, 0.00005551, 0.00005409, 0.00005250, 0.00005080, 0.00004897, 0.00004705, 0.00004494, 0.00004279, 0.00004066, 0.00003857, 0.00003651
-0.10459036, -0.10332678, -0.09958294, -0.09383680, -0.08668692, -0.07873712, -0.07050044, -0.06236801, -0.05460303, -0.04737205, -0.04078605, -0.03488104, -0.02966271, -0.02510312, -0.02115801, -0.01777222, -0.01488536, -0.01243735, -0.01037113, -0.00863414, -0.00717850, -0.00596175, -0.00494649, -0.00410116, -0.00339841, -0.00281433, -0.00232870, -0.00192603, -0.00159203, -0.00131482, -0.00108456, -0.00089343, -0.00073478, -0.00060294, -0.00049332, -0.00040190, -0.00032599, -0.00026282, -0.00021026, -0.00016657, -0.00013016, -0.00009984, -0.00007464, -0.00005377, -0.00003653, -0.00002215, -0.00001043, -0.00000083, 0.00000696, 0.00001322, 0.00001818, 0.00002206, 0.00002503, 0.00002724, 0.00002884, 0.00002990, 0.00003058, 0.00003080, 0.00003071, 0.00003039, 0.00002988, 0.00002922
-1.81187569, -1.60905565, -1.16354602, -0.77161965, -0.52474553, -0.38219517, -0.29130991, -0.22411184, -0.17080947, -0.12865362, -0.09623901, -0.07183718, -0.05363225, -0.04004213, -0.02986197, -0.02223108, -0.01652104, -0.01226239, -0.00909599, -0.00674537, -0.00500155, -0.00370765, -0.00274665, -0.00203420, -0.00150663, -0.00111466, -0.00082213, -0.00060534, -0.00044420, -0.00032349, -0.00023234, -0.00016377, -0.00011205, -0.00007264, -0.00004234, -0.00001863, -0.00000031, 0.00001398, 0.00002507, 0.00003360, 0.00004045, 0.00004593, 0.00005015, 0.00005323, 0.00005532, 0.00005695, 0.00005788, 0.00005830, 0.00005824, 0.00005774, 0.00005686, 0.00005568, 0.00005425, 0.00005264, 0.00005092, 0.00004908, 0.00004715, 0.00004502, 0.00004286, 0.00004071, 0.00003861, 0.00003654
-0.10646386, -0.10516189, -0.10130652, -0.09539691, -0.08805605, -0.07990897, -0.07148332, -0.06317849, -0.05526122, -0.04789889, -0.04120201, -0.03520499, -0.02991154, -0.02529148, -0.02129834, -0.01787489, -0.01495879, -0.01248836, -0.01040514, -0.00865548, -0.00719042, -0.00596689, -0.00494682, -0.00409819, -0.00339327, -0.00280785, -0.00232148, -0.00191851, -0.00158453, -0.00130754, -0.00107764, -0.00088695, -0.00072878, -0.00059744, -0.00048831, -0.00039737, -0.00032190, -0.00025915, -0.00020698, -0.00016365, -0.00012756, -0.00009752, -0.00007259, -0.00005194, -0.00003492, -0.00002072, -0.00000916, 0.00000029, 0.00000795, 0.00001409, 0.00001896, 0.00002274, 0.00002563, 0.00002777, 0.00002930, 0.00003031, 0.00003094, 0.00003111, 0.00003099, 0.00003063, 0.00003009, 0.00002940
-0.25595253, -0.24977233, -0.23234238, -0.20817991, -0.18171556, -0.15593618, -0.13226301, -0.11114935, -0.09262219, -0.07657347, -0.06287549, -0.05132454, -0.04169553, -0.03373950, -0.02721238, -0.02188856, -0.01756525, -0.01406819, -0.01124905, -0.00898256, -0.00716478, -0.00570937, -0.00454523, -0.00361578, -0.00287467, -0.00228336, -0.00181105, -0.00143510, -0.00113565, -0.00089674, -0.00070580, -0.00055342, -0.00043178, -0.00033449, -0.00025657, -0.00019385, -0.00014369, -0.00010346, -0.00007123, -0.00004547, -0.00002475, -0.00000810, 0.00000518, 0.00001567, 0.00002383, 0.00003037, 0.00003530, 0.00003901, 0.00004167, 0.00004347, 0.00004454, 0.00004503, 0.00004503, 0.00004466, 0.00004399, 0.00004308, 0.00004201, 0.00004068, 0.00003922, 0.00003770, 0.00003614, 0.00003456
-2.44733585, -2.12046770, -1.43814591, -0.88799382, -0.57527700, -0.41082361, -0.31102066, -0.23761206, -0.17920649, -0.13329558, -0.09848114, -0.07270901, -0.05377258, -0.03980417, -0.02944006, -0.02173633, -0.01602098, -0.01179684, -0.00868490, -0.00639485, -0.00470979, -0.00346889, -0.00255377, -0.00188005, -0.00138463, -0.00101886, -0.00074736, -0.00054734, -0.00039946, -0.00028910, -0.00020595, -0.00014359, -0.00009665, -0.00006089, -0.00003336, -0.00001176, 0.00000499, 0.00001809, 0.00002828, 0.00003614, 0.00004248, 0.00004760, 0.00005153, 0.00005440, 0.00005632, 0.00005782, 0.00005866, 0.00005900, 0.00005887, 0.00005831, 0.00005738, 0.00005614, 0.00005466, 0.00005301, 0.00005125, 0.00004937, 0.00004740, 0.00004523, 0.00004303, 0.00004085, 0.00003872, 0.00003662
-1.19835950, -1.09605081, -0.85631307, -0.62006203, -0.44956573, -0.33800109, -0.26140572, -0.20361115, -0.15759132, -0.12082011, -0.09200045, -0.06980693, -0.05288702, -0.04002428, -0.03024222, -0.02280893, -0.01717101, -0.01290713, -0.00969220, -0.00727269, -0.00545411, -0.00408794, -0.00306124, -0.00229111, -0.00171416, -0.00128084, -0.00095427, -0.00070969, -0.00052614, -0.00038756, -0.00028229, -0.00020259, -0.00014214, -0.00009593, -0.00006038, -0.00003263, -0.00001120, 0.00000547, 0.00001838, 0.00002832, 0.00003622, 0.00004249, 0.00004731, 0.00005087, 0.00005333, 0.00005524, 0.00005639, 0.00005699, 0.00005707, 0.00005670, 0.00005593, 0.00005485, 0.00005350, 0.00005198, 0.00005033, 0.00004856, 0.00004670, 0.00004464, 0.00004254, 0.00004045, 0.00003841, 0.00003638
-0.11138443, -0.10997902, -0.10582365, -0.09947601, -0.09162594, -0.08295562, -0.07403140, -0.06527374, -0.05695821, -0.04925351, -0.04226852, -0.03603311, -0.03054541, -0.02576983, -0.02165344, -0.01813349, -0.01514276, -0.01261518, -0.01048892, -0.00870717, -0.00721852, -0.00597801, -0.00494600, -0.00408921, -0.00337902, -0.00279041, -0.00230236, -0.00189880, -0.00156500, -0.00128869, -0.00105979, -0.00087029, -0.00071341, -0.00058339, -0.00047555, -0.00038584, -0.00031154, -0.00024987, -0.00019870, -0.00015627, -0.00012100, -0.00009170, -0.00006742, -0.00004737, -0.00003088, -0.00001715, -0.00000600, 0.00000308, 0.00001041, 0.00001627, 0.00002087, 0.00002443, 0.00002712, 0.00002908, 0.00003045, 0.00003132, 0.00003183, 0.00003189, 0.00003166, 0.00003122, 0.00003060, 0.00002984
-2.61313121, -2.15161621, -1.29328391, -0.71151511, -0.43046276, -0.29740238, -0.21937250, -0.16260534, -0.11853154, -0.08512465, -0.06078226, -0.04347347, -0.03121245, -0.02247046, -0.01617853, -0.01163845, -0.00836531, -0.00601600, -0.00433307, -0.00312790, -0.00226399, -0.00164218, -0.00119381, -0.00087120, -0.00063771, -0.00046756, -0.00034355, -0.00025328, -0.00018652, -0.00013639, -0.00009878, -0.00007044, -0.00004862, -0.00003162, -0.00001815, -0.00000723, 0.00000139, 0.00000829, 0.00001378, 0.00001843, 0.00002224, 0.00002529, 0.00002759, 0.00002934, 0.00003070, 0.00003176, 0.00003237, 0.00003265, 0.00003261, 0.00003231, 0.00003179, 0.00003111, 0.00003030, 0.00002940, 0.00002833, 0.00002717, 0.00002599, 0.00002476, 0.00002354, 0.00002232, 0.00002109, 0.00001989
-0.04624988, -0.04578929, -0.04443134, -0.04228902, -0.03955597, -0.03642432, -0.03307658, -0.02967524, -0.02634451, -0.02317103, -0.02021784, -0.01752040, -0.01509263, -0.01293645, -0.01104076, -0.00938954, -0.00796133, -0.00673399, -0.00568436, -0.00479071, -0.00403248, -0.00339086, -0.00284909, -0.00239275, -0.00200866, -0.00168552, -0.00141386, -0.00118587, -0.00099434, -0.00083338, -0.00069813, -0.00058447, -0.00048888, -0.00040843, -0.00034065, -0.00028342, -0.00023527, -0.00019468, -0.00016045, -0.00013153, -0.00010711, -0.00008650, -0.00006914, -0.00005452, -0.00004220, -0.00003177, -0.00002309, -0.00001583, -0.00000979, -0.00000479, -0.00000067, 0.00000270, 0.00000543, 0.00000763, 0.00000936, 0.00001069, 0.00001174, 0.00001247, 0.00001297, 0.00001329, 0.00001344, 0.00001346
-0.20152669, -0.19576161, -0.17977801, -0.15819531, -0.13535310, -0.11384707, -0.09468971, -0.07805660, -0.06381676, -0.05176674, -0.04170584, -0.03341218, -0.02664349, -0.02117084, -0.01677221, -0.01325652, -0.01045668, -0.00823571, -0.00647819, -0.00509118, -0.00399873, -0.00313894, -0.00246301, -0.00193269, -0.00151621, -0.00118878, -0.00093154, -0.00072981, -0.00057107, -0.00044588, -0.00034720, -0.00026938, -0.00020782, -0.00015900, -0.00012017, -0.00008912, -0.00006446, -0.00004484, -0.00002921, -0.00001663, -0.00000654, 0.00000148, 0.00000780, 0.00001277, 0.00001669, 0.00001980, 0.00002208, 0.00002375, 0.00002489, 0.00002560, 0.00002595, 0.00002601, 0.00002585, 0.00002550, 0.00002497, 0.00002430, 0.00002358, 0.00002275, 0.00002188, 0.00002098, 0.00002005, 0.00001912
-0.05569894, -0.05507829, -0.05325147, -0.05039993, -0.04680790, -0.04275207, -0.03848303, -0.03421134, -0.03008939, -0.02621700, -0.02266122, -0.01945479, -0.01660394, -0.01410184, -0.01192670, -0.01005291, -0.00844924, -0.00708514, -0.00592997, -0.00495576, -0.00413700, -0.00345032, -0.00287560, -0.00239570, -0.00199518, -0.00166097, -0.00138226, -0.00115024, -0.00095684, -0.00079553, -0.00066101, -0.00054882, -0.00045515, -0.00037688, -0.00031141, -0.00025650, -0.00021063, -0.00017224, -0.00014009, -0.00011311, -0.00009049, -0.00007153, -0.00005569, -0.00004245, -0.00003138, -0.00002208, -0.00001442, -0.00000808, -0.00000287, 0.00000139, 0.00000483, 0.00000760, 0.00000979, 0.00001151, 0.00001280, 0.00001374, 0.00001444, 0.00001485, 0.00001508, 0.00001514, 0.00001506, 0.00001488
-0.10710331, -0.10524544, -0.09987365, -0.09193856, -0.08258479, -0.07276392, -0.06313904, -0.05411733, -0.04590943, -0.03860015, -0.03221050, -0.02670883, -0.02202823, -0.01809016, -0.01480232, -0.01207746, -0.00983070, -0.00798720, -0.00647954, -0.00525054, -0.00425126, -0.00343979, -0.00278183, -0.00224939, -0.00181839, -0.00146934, -0.00118682, -0.00095850, -0.00077359, -0.00062363, -0.00050207, -0.00040348, -0.00032339, -0.00025823, -0.00020513, -0.00016171, -0.00012639, -0.00009759, -0.00007410, -0.00005485, -0.00003911, -0.00002627, -0.00001586, -0.00000743, -0.00000058, 0.00000501, 0.00000940, 0.00001285, 0.00001552, 0.00001754, 0.00001901, 0.00002004, 0.00002070, 0.00002107, 0.00002117, 0.00002104, 0.00002080, 0.00002039, 0.00001988, 0.00001930, 0.00001865, 0.00001796
-0.04998328, -0.04946190, -0.04792568, -0.04551229, -0.04244887, -0.03895923, -0.03525200, -0.03150867, -0.02786505, -0.02441353, -0.02121925, -0.01831710, -0.01571827, -0.01342156, -0.01141171, -0.00966918, -0.00816859, -0.00688456, -0.00579091, -0.00486347, -0.00407970, -0.00341891, -0.00286301, -0.00239645, -0.00200514, -0.00167706, -0.00140216, -0.00117222, -0.00097968, -0.00081837, -0.00068326, -0.00057007, -0.00047517, -0.00039552, -0.00032863, -0.00027230, -0.00022505, -0.00018534, -0.00015194, -0.00012381, -0.00010012, -0.00008019, -0.00006345, -0.00004940, -0.00003760, -0.00002764, -0.00001938, -0.00001251, -0.00000682, -0.00000213, 0.00000170, 0.00000481, 0.00000732, 0.00000931, 0.00001085, 0.00001202, 0.00001292, 0.00001351, 0.00001390, 0.00001410, 0.00001415, 0.00001409
-0.19044511, -0.18524649, -0.17076407, -0.15101750, -0.12987480, -0.10974094, -0.09163518, -0.07580306, -0.06217721, -0.05059719, -0.04089089, -0.03285941, -0.02628112, -0.02094361, -0.01663947, -0.01318854, -0.01043198, -0.00823886, -0.00649841, -0.00512094, -0.00403297, -0.00317433, -0.00249745, -0.00196494, -0.00154560, -0.00121505, -0.00095468, -0.00074994, -0.00058843, -0.00046074, -0.00035985, -0.00028008, -0.00021684, -0.00016658, -0.00012653, -0.00009444, -0.00006892, -0.00004856, -0.00003232, -0.00001924, -0.00000873, -0.00000035, 0.00000627, 0.00001147, 0.00001559, 0.00001887, 0.00002129, 0.00002308, 0.00002432, 0.00002511, 0.00002553, 0.00002565, 0.00002554, 0.00002524, 0.00002475, 0.00002411, 0.00002342, 0.00002261, 0.00002177, 0.00002089, 0.00001998, 0.00001905
-2.64120567, -2.17217881, -1.30191731, -0.71422260, -0.43140346, -0.29792244, -0.21973508, -0.16283947, -0.11865821, -0.08517834, -0.06079604, -0.04346796, -0.03119988, -0.02245606, -0.01616446, -0.01162567, -0.00835425, -0.00600680, -0.00432566, -0.00312204, -0.00225944, -0.00163869, -0.00119115, -0.00086918, -0.00063619, -0.00046642, -0.00034271, -0.00025266, -0.00018606, -0.00013605, -0.00009853, -0.00007025, -0.00004848, -0.00003152, -0.00001807, -0.00000717, 0.00000144, 0.00000833, 0.00001381, 0.00001845, 0.00002226, 0.00002531, 0.00002761, 0.00002935, 0.00003071, 0.00003178, 0.00003237, 0.00003266, 0.00003262, 0.00003232, 0.00003180, 0.00003112, 0.00003031, 0.00002941, 0.00002834, 0.00002718, 0.00002600, 0.00002476, 0.00002354, 0.00002232, 0.00002109, 0.00001989
-9.06177705, -6.28680409, -2.55032580, -0.96948616, -0.49376695, -0.33889740, -0.25349289, -0.18470073, -0.12910929, -0.08827873, -0.06037018, -0.04184422, -0.02938937, -0.02077299, -0.01468072, -0.01035957, -0.00731244, -0.00517140, -0.00367106, -0.00261923, -0.00187878, -0.00135784, -0.00098129, -0.00070878, -0.00051756, -0.00038243, -0.00028079, -0.00020603, -0.00015287, -0.00011084, -0.00007954, -0.00005852, -0.00003783, -0.00002436, -0.00001244, -0.00000232, 0.00000367, 0.00001130, 0.00001537, 0.00002079, 0.00002292, 0.00002651, 0.00002836, 0.00003098, 0.00003189, 0.00003278, 0.00003274, 0.00003397, 0.00003331, 0.00003331, 0.00003193, 0.00003165, 0.00003053, 0.00003024, 0.00002844, 0.00002774, 0.00002594, 0.00002521, 0.00002374, 0.00002274, 0.00002102, 0.00001990
-0.23844436, -0.23059131, -0.20915979, -0.18109685, -0.15246636, -0.12645411, -0.10394596, -0.08481083, -0.06867607, -0.05519052, -0.04405761, -0.03497942, -0.02764939, -0.02178334, -0.01711329, -0.01341502, -0.01049586, -0.00819977, -0.00639839, -0.00498839, -0.00388709, -0.00302733, -0.00235683, -0.00183502, -0.00142846, -0.00111128, -0.00086403, -0.00067164, -0.00052138, -0.00040372, -0.00031163, -0.00023951, -0.00018283, -0.00013815, -0.00010282, -0.00007468, -0.00005247, -0.00003488, -0.00002094, -0.00000976, -0.00000081, 0.00000627, 0.00001181, 0.00001613, 0.00001951, 0.00002219, 0.00002411, 0.00002548, 0.00002636, 0.00002686, 0.00002702, 0.00002693, 0.00002664, 0.00002619, 0.00002556, 0.00002480, 0.00002400, 0.00002310, 0.00002217, 0.00002122, 0.00002025, 0.00001927
-22.04357481, -13.90665804, -4.53820855, -1.37439639, -0.64267536, -0.46639442, -0.36558291, -0.26880978, -0.18538353, -0.12459946, -0.08429275, -0.05840109, -0.04123937, -0.02927610, -0.02071731, -0.01461854, -0.01033813, -0.00730727, -0.00517246, -0.00367864, -0.00263109, -0.00192053, -0.00138127, -0.00096820, -0.00069932, -0.00052691, -0.00037834, -0.00026436, -0.00019493, -0.00013146, -0.00008602, -0.00006967, -0.00002999, -0.00001712, -0.00000042, 0.00001520, 0.00001404, 0.00003074, 0.00003094, 0.00004291, 0.00003795, 0.00004584, 0.00004637, 0.00005430, 0.00005317, 0.00005332, 0.00005001, 0.00005625, 0.00005222, 0.00005362, 0.00004745, 0.00004897, 0.00004583, 0.00004841, 0.00004238, 0.00004377, 0.00003818, 0.00003970, 0.00003635, 0.00003609, 0.00003122, 0.00003009
-0.80477945, -0.74882959, -0.61250419, -0.46788604, -0.35324965, -0.27103851, -0.21112000, -0.16499955, -0.12825852, -0.09889098, -0.07574614, -0.05777099, -0.04394598, -0.03336914, -0.02528953, -0.01913121, -0.01444581, -0.01089175, -0.00820271, -0.00617244, -0.00464210, -0.00348879, -0.00261985, -0.00196709, -0.00147611, -0.00110601, -0.00082670, -0.00061718, -0.00045907, -0.00033915, -0.00024799, -0.00017893, -0.00012627, -0.00008586, -0.00005467, -0.00003027, -0.00001145, 0.00000314, 0.00001440, 0.00002324, 0.00003028, 0.00003574, 0.00003985, 0.00004282, 0.00004499, 0.00004665, 0.00004760, 0.00004804, 0.00004802, 0.00004761, 0.00004688, 0.00004589, 0.00004471, 0.00004339, 0.00004194, 0.00004032, 0.00003868, 0.00003692, 0.00003515, 0.00003342, 0.00003169, 0.00002997
-0.15399445, -0.15124434, -0.14330625, -0.13166663, -0.11804777, -0.10385841, -0.09004118, -0.07714801, -0.06544569, -0.05503478, -0.04593956, -0.03810611, -0.03144065, -0.02582940, -0.02114168, -0.01725393, -0.01404582, -0.01141136, -0.00925526, -0.00749653, -0.00606567, -0.00490345, -0.00396064, -0.00319763, -0.00258022, -0.00208047, -0.00167588, -0.00134931, -0.00108521, -0.00087138, -0.00069817, -0.00055801, -0.00044444, -0.00035227, -0.00027740, -0.00021633, -0.00016682, -0.00012660, -0.00009395, -0.00006739, -0.00004573, -0.00002815, -0.00001396, -0.00000258, 0.00000655, 0.00001397, 0.00001972, 0.00002418, 0.00002756, 0.00003004, 0.00003177, 0.00003289, 0.00003351, 0.00003374, 0.00003363, 0.00003322, 0.00003265, 0.00003183, 0.00003089, 0.00002987, 0.00002877, 0.00002762
-0.07129753, -0.07054904, -0.06833771, -0.06487567, -0.06048650, -0.05549715, -0.05020790, -0.04487659, -0.03969174, -0.03478195, -0.03024044, -0.02611275, -0.02241573, -0.01914669, -0.01628433, -0.01380104, -0.01166114, -0.00982864, -0.00826685, -0.00694158, -0.00582092, -0.00487575, -0.00408018, -0.00341234, -0.00285221, -0.00238265, -0.00198907, -0.00166006, -0.00138475, -0.00115428, -0.00096131, -0.00079983, -0.00066462, -0.00055130, -0.00045628, -0.00037638, -0.00030948, -0.00025336, -0.00020628, -0.00016675, -0.00013353, -0.00010565, -0.00008229, -0.00006277, -0.00004645, -0.00003270, -0.00002137, -0.00001198, -0.00000426, 0.00000206, 0.00000718, 0.00001129, 0.00001455, 0.00001710, 0.00001904, 0.00002046, 0.00002151, 0.00002213, 0.00002247, 0.00002257, 0.00002246, 0.00002219
-0.09706894, -0.09582546, -0.09217271, -0.08657202, -0.07965092, -0.07200619, -0.06413560, -0.05642012, -0.04910941, -0.04235263, -0.03624237, -0.03080672, -0.02603668, -0.02190047, -0.01834668, -0.01531901, -0.01275496, -0.01059579, -0.00878532, -0.00727323, -0.00601421, -0.00496811, -0.00410045, -0.00338254, -0.00278887, -0.00229802, -0.00189217, -0.00155751, -0.00128118, -0.00105284, -0.00086411, -0.00070822, -0.00057934, -0.00047267, -0.00038433, -0.00031093, -0.00025024, -0.00019995, -0.00015831, -0.00012377, -0.00009508, -0.00007132, -0.00005169, -0.00003554, -0.00002223, -0.00001117, -0.00000225, 0.00000499, 0.00001080, 0.00001540, 0.00001900, 0.00002174, 0.00002379, 0.00002526, 0.00002625, 0.00002681, 0.00002709, 0.00002703, 0.00002675, 0.00002631, 0.00002573, 0.00002503
-0.05750673, -0.05697632, -0.05540596, -0.05291950, -0.04972292, -0.04603029, -0.04204835, -0.03796626, -0.03393040, -0.03004747, -0.02640131, -0.02303896, -0.01998517, -0.01724835, -0.01482096, -0.01268839, -0.01082839, -0.00921684, -0.00782783, -0.00663623, -0.00561773, -0.00474981, -0.00401188, -0.00338622, -0.00285636, -0.00240797, -0.00202864, -0.00170863, -0.00143841, -0.00121022, -0.00101750, -0.00085483, -0.00071745, -0.00060135, -0.00050319, -0.00041999, -0.00034974, -0.00029032, -0.00024007, -0.00019752, -0.00016147, -0.00013096, -0.00010517, -0.00008341, -0.00006504, -0.00004943, -0.00003641, -0.00002548, -0.00001636, -0.00000878, -0.00000252, 0.00000261, 0.00000680, 0.00001019, 0.00001288, 0.00001498, 0.00001664, 0.00001782, 0.00001865, 0.00001919, 0.00001948, 0.00001957
-0.34228144, -0.33047702, -0.29846085, -0.25708938, -0.21554663, -0.17837845, -0.14657307, -0.11968426, -0.09703628, -0.07808723, -0.06242461, -0.04963206, -0.03928955, -0.03099912, -0.02438714, -0.01914077, -0.01499154, -0.01172139, -0.00915131, -0.00713626, -0.00555991, -0.00432788, -0.00336574, -0.00261634, -0.00203238, -0.00157685, -0.00122135, -0.00094506, -0.00072965, -0.00056129, -0.00042958, -0.00032677, -0.00024627, -0.00018307, -0.00013333, -0.00009390, -0.00006295, -0.00003857, -0.00001942, -0.00000427, 0.00000778, 0.00001725, 0.00002458, 0.00003016, 0.00003443, 0.00003776, 0.00004006, 0.00004161, 0.00004251, 0.00004287, 0.00004279, 0.00004236, 0.00004165, 0.00004074, 0.00003965, 0.00003836, 0.00003703, 0.00003554, 0.00003402, 0.00003249, 0.00003095, 0.00002940
-0.51409543, -0.48908218, -0.42433815, -0.34767700, -0.27838089, -0.22227232, -0.17777091, -0.14192874, -0.11266230, -0.08877424, -0.06949602, -0.05413569, -0.04201534, -0.03252104, -0.02511100, -0.01934903, -0.01487989, -0.01142442, -0.00875960, -0.00670905, -0.00513449, -0.00392614, -0.00299933, -0.00229050, -0.00174791, -0.00133196, -0.00101289, -0.00076934, -0.00058264, -0.00043901, -0.00032837, -0.00024338, -0.00017780, -0.00012699, -0.00008747, -0.00005643, -0.00003234, -0.00001356, 0.00000101, 0.00001246, 0.00002154, 0.00002860, 0.00003399, 0.00003797, 0.00004095, 0.00004324, 0.00004470, 0.00004555, 0.00004587, 0.00004575, 0.00004526, 0.00004448, 0.00004348, 0.00004232, 0.00004100, 0.00003952, 0.00003800, 0.00003635, 0.00003469, 0.00003304, 0.00003139, 0.00002975
-0.18163363, -0.17794336, -0.16739101, -0.15223656, -0.13494775, -0.11739838, -0.10070712, -0.08543333, -0.07179057, -0.05981706, -0.04948241, -0.04068316, -0.03327706, -0.02710667, -0.02200253, -0.01780965, -0.01438124, -0.01159018, -0.00932560, -0.00749391, -0.00601584, -0.00482497, -0.00386661, -0.00309718, -0.00247946, -0.00198330, -0.00158469, -0.00126545, -0.00100925, -0.00080335, -0.00063778, -0.00050482, -0.00039785, -0.00031167, -0.00024215, -0.00018582, -0.00014047, -0.00010389, -0.00007441, -0.00005058, -0.00003127, -0.00001572, -0.00000328, 0.00000660, 0.00001445, 0.00002078, 0.00002559, 0.00002924, 0.00003193, 0.00003381, 0.00003503, 0.00003570, 0.00003594, 0.00003583, 0.00003544, 0.00003477, 0.00003398, 0.00003296, 0.00003185, 0.00003068, 0.00002946, 0.00002819
-0.61153342, -0.57202051, -0.47378751, -0.36712528, -0.28166429, -0.22086333, -0.17690637, -0.14258108, -0.11428987, -0.09081539, -0.07165540, -0.05629679, -0.04413120, -0.03452709, -0.02695994, -0.02100120, -0.01632330, -0.01266228, -0.00980570, -0.00758348, -0.00585642, -0.00451698, -0.00347893, -0.00267503, -0.00205311, -0.00157343, -0.00120288, -0.00091665, -0.00069550, -0.00052550, -0.00039444, -0.00029309, -0.00021453, -0.00015393, -0.00010711, -0.00007064, -0.00004247, -0.00002057, -0.00000347, 0.00000982, 0.00002010, 0.00002795, 0.00003400, 0.00003874, 0.00004233, 0.00004505, 0.00004680, 0.00004789, 0.00004853, 0.00004877, 0.00004863, 0.00004817, 0.00004742, 0.00004645, 0.00004529, 0.00004400, 0.00004267, 0.00004119, 0.00003966, 0.00003804, 0.00003635, 0.00003465
-2852.15745995, -355.25748880, -21.78999507, 9.09307456, 6.05045468, 2.00230020, -0.69732366, -1.58134515, 0.55080171, 0.41922598, 0.44866486, -0.01037442, -0.26396675, -0.03104643, 0.16334348, 0.09993492, -0.20688824, -0.17251072, 0.01559117, 0.11897058, 0.13585297, -0.13005256, -0.11576417, 0.10410955, 0.08905984, -0.07837864, -0.04906486, 0.02881618, -0.01285790, 0.03156823, 0.05583034, -0.05548511, 0.04588766, 0.00729596, 0.01511362, 0.04160146, -0.03793869, 0.02368765, -0.01732233, 0.03058543, -0.03181856, -0.00302846, -0.01538506, 0.02615907, 0.01252306, 0.00516621, -0.01892883, 0.02263401, -0.00020880, 0.01427397, -0.01955310, -0.00104735, -0.01169087, 0.01708456, -0.01215594, 0.01069825, -0.01486247, 0.01007708, 0.00052345, 0.01306944, -0.00781562, -0.00167300
-262.51853044, -95.59780723, -8.75450305, 0.78960150, 0.34534418, -0.33875835, -0.48277462, -0.36785382, -0.18372586, -0.10545088, -0.06612755, -0.05641956, -0.04831563, -0.03229327, -0.01924345, -0.01398284, -0.01586907, -0.01172409, -0.00553045, -0.00178193, -0.00040370, -0.00517467, -0.00410595, 0.00110822, 0.00100391, -0.00239025, -0.00149981, 0.00029612, -0.00052019, 0.00053782, 0.00105497, -0.00127617, 0.00097956, 0.00012309, 0.00033747, 0.00087896, -0.00079229, 0.00054287, -0.00033705, 0.00070160, -0.00065655, -0.00000933, -0.00028788, 0.00062699, 0.00030853, 0.00017018, -0.00036195, 0.00055509, 0.00004377, 0.00036515, -0.00037648, 0.00003451, -0.00020254, 0.00042029, -0.00021725, 0.00027525, -0.00027463, 0.00025970, 0.00005597, 0.00031664, -0.00012892, -0.00000416
-2.73479206, -2.30193101, -1.42944977, -0.78060765, -0.46248653, -0.32727451, -0.25575529, -0.20084498, -0.15344826, -0.11471755, -0.08520064, -0.06351061, -0.04761882, -0.03577936, -0.02684654, -0.02008036, -0.01498442, -0.01116973, -0.00832542, -0.00620663, -0.00462485, -0.00344359, -0.00256091, -0.00190153, -0.00140932, -0.00104332, -0.00077006, -0.00056562, -0.00041237, -0.00029845, -0.00021318, -0.00014888, -0.00010006, -0.00006332, -0.00003554, -0.00001416, 0.00000209, 0.00001465, 0.00002443, 0.00003200, 0.00003781, 0.00004215, 0.00004548, 0.00004814, 0.00005013, 0.00005159, 0.00005231, 0.00005259, 0.00005261, 0.00005235, 0.00005180, 0.00005099, 0.00004994, 0.00004870, 0.00004730, 0.00004578, 0.00004426, 0.00004260, 0.00004091, 0.00003912, 0.00003726, 0.00003540
-0.12583291, -0.12380191, -0.11784788, -0.10913548, -0.09887463, -0.08810842, -0.07752567, -0.06750960, -0.05825196, -0.04986603, -0.04238762, -0.03580850, -0.03009638, -0.02518209, -0.02099319, -0.01744408, -0.01445558, -0.01195068, -0.00985939, -0.00812008, -0.00667719, -0.00548367, -0.00449816, -0.00368565, -0.00301664, -0.00246693, -0.00201512, -0.00164413, -0.00133952, -0.00109000, -0.00088542, -0.00071756, -0.00057975, -0.00046678, -0.00037415, -0.00029797, -0.00023558, -0.00018438, -0.00014232, -0.00010781, -0.00007954, -0.00005643, -0.00003752, -0.00002201, -0.00000937, 0.00000098, 0.00000919, 0.00001574, 0.00002095, 0.00002504, 0.00002817, 0.00003049, 0.00003213, 0.00003321, 0.00003383, 0.00003406, 0.00003406, 0.00003373, 0.00003320, 0.00003248, 0.00003161, 0.00003063
-40.50722483, -23.91689811, -6.13576319, -1.03660847, -0.32122983, -0.36160365, -0.36319852, -0.28429943, -0.19248923, -0.12553670, -0.08473759, -0.06077067, -0.04502523, -0.03319901, -0.02408140, -0.01730777, -0.01251870, -0.00904549, -0.00653861, -0.00474736, -0.00346060, -0.00260888, -0.00190499, -0.00131675, -0.00095678, -0.00075081, -0.00054014, -0.00036629, -0.00027386, -0.00017724, -0.00011161, -0.00010734, -0.00003508, -0.00002572, -0.00000277, 0.00002033, 0.00000366, 0.00003520, 0.00002720, 0.00005044, 0.00003127, 0.00004592, 0.00004340, 0.00006140, 0.00005707, 0.00005617, 0.00004732, 0.00006340, 0.00005421, 0.00005948, 0.00004597, 0.00005231, 0.00004702, 0.00005637, 0.00004391, 0.00005073, 0.00003981, 0.00004716, 0.00004201, 0.00004444, 0.00003503, 0.00003512
-0.68314011, -0.63516909, -0.51755125, -0.39310154, -0.29670092, -0.23043136, -0.18366183, -0.14749192, -0.11775073, -0.09313625, -0.07314197, -0.05720916, -0.04466390, -0.03481075, -0.02708144, -0.02101797, -0.01627636, -0.01257986, -0.00970674, -0.00748031, -0.00575654, -0.00442451, -0.00339576, -0.00260193, -0.00198992, -0.00151957, -0.00115746, -0.00087871, -0.00066400, -0.00049955, -0.00037318, -0.00027576, -0.00020044, -0.00014251, -0.00009789, -0.00006321, -0.00003649, -0.00001575, 0.00000041, 0.00001295, 0.00002263, 0.00003000, 0.00003567, 0.00004011, 0.00004346, 0.00004599, 0.00004758, 0.00004854, 0.00004909, 0.00004925, 0.00004905, 0.00004853, 0.00004774, 0.00004673, 0.00004554, 0.00004421, 0.00004286, 0.00004136, 0.00003981, 0.00003816, 0.00003646, 0.00003474
-1.31183110, -1.17014964, -0.85148772, -0.56381677, -0.38272137, -0.28216683, -0.22047579, -0.17434948, -0.13622341, -0.10494397, -0.08023225, -0.06124389, -0.04679757, -0.03575974, -0.02728933, -0.02077270, -0.01577738, -0.01196256, -0.00905987, -0.00685635, -0.00518317, -0.00391425, -0.00295188, -0.00222241, -0.00166987, -0.00125288, -0.00093733, -0.00069836, -0.00051719, -0.00038078, -0.00027757, -0.00019909, -0.00013914, -0.00009365, -0.00005905, -0.00003237, -0.00001202, 0.00000368, 0.00001586, 0.00002527, 0.00003248, 0.00003791, 0.00004206, 0.00004533, 0.00004778, 0.00004959, 0.00005060, 0.00005111, 0.00005130, 0.00005117, 0.00005073, 0.00005002, 0.00004906, 0.00004790, 0.00004658, 0.00004514, 0.00004368, 0.00004208, 0.00004045, 0.00003872, 0.00003693, 0.00003512
-199.50648019, -79.26041132, -8.69017862, 0.35287268, 0.20836691, -0.34640668, -0.46025793, -0.34925268, -0.19070287, -0.11197795, -0.07171364, -0.05708696, -0.04648909, -0.03239961, -0.02096420, -0.01506160, -0.01421824, -0.01039554, -0.00578854, -0.00289639, -0.00159539, -0.00405701, -0.00314401, 0.00014976, 0.00021956, -0.00169728, -0.00108682, 0.00003452, -0.00041052, 0.00025056, 0.00057544, -0.00079061, 0.00056573, 0.00006261, 0.00019958, 0.00052357, -0.00046245, 0.00033421, -0.00018604, 0.00043335, -0.00037332, 0.00001441, -0.00015126, 0.00039458, 0.00020392, 0.00012366, -0.00019340, 0.00035323, 0.00004783, 0.00023939, -0.00020252, 0.00004235, -0.00009949, 0.00027036, -0.00010955, 0.00018254, -0.00014466, 0.00017201, 0.00005054, 0.00020402, -0.00006102, 0.00001185
-0.00563341, -0.00560570, -0.00552405, -0.00538991, -0.00520978, -0.00499044, -0.00473912, -0.00446444, -0.00417409, -0.00387492, -0.00357414, -0.00327722, -0.00298872, -0.00271234, -0.00245069, -0.00220565, -0.00197815, -0.00176863, -0.00157692, -0.00140269, -0.00124511, -0.00110324, -0.00097600, -0.00086231, -0.00076101, -0.00067093, -0.00059095, -0.00052020, -0.00045763, -0.00040236, -0.00035359, -0.00031059, -0.00027270, -0.00023932, -0.00020992, -0.00018398, -0.00016118, -0.00014112, -0.00012346, -0.00010791, -0.00009422, -0.00008217, -0.00007157, -0.00006223, -0.00005402, -0.00004676, -0.00004040, -0.00003481, -0.00002990, -0.00002559, -0.00002180, -0.00001849, -0.00001558, -0.00001304, -0.00001082, -0.00000888, -0.00000717, -0.00000571, -0.00000443, -0.00000333, -0.00000238, -0.00000156
-0.66459020, -0.57864062, -0.39882052, -0.25201964, -0.16588406, -0.11838801, -0.08868388, -0.06698106, -0.05006322, -0.03696815, -0.02711753, -0.01986488, -0.01456315, -0.01068374, -0.00783172, -0.00573340, -0.00419088, -0.00306129, -0.00223598, -0.00163384, -0.00119476, -0.00087394, -0.00063937, -0.00046839, -0.00034331, -0.00025139, -0.00018379, -0.00013436, -0.00009778, -0.00007044, -0.00004997, -0.00003467, -0.00002307, -0.00001418, -0.00000728, -0.00000181, 0.00000243, 0.00000574, 0.00000830, 0.00001039, 0.00001208, 0.00001339, 0.00001437, 0.00001505, 0.00001557, 0.00001595, 0.00001613, 0.00001616, 0.00001607, 0.00001585, 0.00001554, 0.00001516, 0.00001472, 0.00001425, 0.00001372, 0.00001314, 0.00001256, 0.00001195, 0.00001134, 0.00001075, 0.00001016, 0.00000957
-0.35265021, -0.32237648, -0.25180195, -0.18248772, -0.13222268, -0.09889464, -0.07578687, -0.05841159, -0.04474672, -0.03397347, -0.02562130, -0.01925350, -0.01444176, -0.01082090, -0.00809510, -0.00604640, -0.00450844, -0.00335754, -0.00249834, -0.00185812, -0.00138179, -0.00102720, -0.00076327, -0.00056740, -0.00042170, -0.00031299, -0.00023188, -0.00017164, -0.00012656, -0.00009259, -0.00006697, -0.00004768, -0.00003302, -0.00002178, -0.00001311, -0.00000629, -0.00000104, 0.00000303, 0.00000618, 0.00000870, 0.00001071, 0.00001227, 0.00001343, 0.00001426, 0.00001488, 0.00001535, 0.00001560, 0.00001569, 0.00001564, 0.00001547, 0.00001520, 0.00001485, 0.00001445, 0.00001400, 0.00001350, 0.00001295, 0.00001241, 0.00001182, 0.00001124, 0.00001067, 0.00001010, 0.00000954
-0.02058272, -0.02038093, -0.01978552, -0.01884596, -0.01764569, -0.01626857, -0.01479417, -0.01329372, -0.01182139, -0.01041536, -0.00910422, -0.00790369, -0.00682066, -0.00585647, -0.00500676, -0.00426491, -0.00362178, -0.00306787, -0.00259315, -0.00218815, -0.00184385, -0.00155197, -0.00130507, -0.00109677, -0.00092120, -0.00077330, -0.00064878, -0.00054418, -0.00045623, -0.00038226, -0.00032006, -0.00026776, -0.00022377, -0.00018673, -0.00015552, -0.00012917, -0.00010700, -0.00008832, -0.00007258, -0.00005929, -0.00004808, -0.00003862, -0.00003067, -0.00002398, -0.00001835, -0.00001359, -0.00000963, -0.00000634, -0.00000360, -0.00000134, 0.00000051, 0.00000201, 0.00000322, 0.00000419, 0.00000495, 0.00000553, 0.00000597, 0.00000627, 0.00000647, 0.00000658, 0.00000662, 0.00000659
-1.42303967, -1.14714793, -0.65298597, -0.33854073, -0.19797672, -0.13626347, -0.10112492, -0.07518197, -0.05471895, -0.03915312, -0.02786811, -0.01990082, -0.01428578, -0.01028835, -0.00740841, -0.00532734, -0.00382609, -0.00274869, -0.00197730, -0.00142509, -0.00102921, -0.00074427, -0.00053869, -0.00039085, -0.00028406, -0.00020641, -0.00014981, -0.00010881, -0.00007866, -0.00005614, -0.00003929, -0.00002673, -0.00001714, -0.00000975, -0.00000395, 0.00000072, 0.00000436, 0.00000724, 0.00000948, 0.00001134, 0.00001286, 0.00001406, 0.00001494, 0.00001556, 0.00001602, 0.00001636, 0.00001650, 0.00001651, 0.00001638, 0.00001614, 0.00001580, 0.00001539, 0.00001493, 0.00001444, 0.00001388, 0.00001328, 0.00001268, 0.00001205, 0.00001142, 0.00001081, 0.00001020, 0.00000960
-0.05995919, -0.05873077, -0.05522176, -0.05018266, -0.04443877, -0.03861320, -0.03307794, -0.02801908, -0.02350783, -0.01955581, -0.01615057, -0.01325698, -0.01082591, -0.00880434, -0.00713516, -0.00576652, -0.00464941, -0.00374162, -0.00300631, -0.00241256, -0.00193424, -0.00154944, -0.00124026, -0.00099241, -0.00079367, -0.00063423, -0.00050635, -0.00040404, -0.00032200, -0.00025612, -0.00020321, -0.00016076, -0.00012662, -0.00009913, -0.00007697, -0.00005901, -0.00004457, -0.00003292, -0.00002354, -0.00001595, -0.00000980, -0.00000486, -0.00000090, 0.00000223, 0.00000473, 0.00000674, 0.00000826, 0.00000942, 0.00001027, 0.00001085, 0.00001123, 0.00001144, 0.00001150, 0.00001146, 0.00001132, 0.00001110, 0.00001084, 0.00001051, 0.00001015, 0.00000977, 0.00000937, 0.00000897
-0.18454734, -0.17489263, -0.15018570, -0.12151262, -0.09619388, -0.07612370, -0.06045113, -0.04795581, -0.03782970, -0.02962112, -0.02304265, -0.01783922, -0.01376195, -0.01059017, -0.00813030, -0.00622968, -0.00476419, -0.00363802, -0.00277449, -0.00211394, -0.00160964, -0.00122472, -0.00093115, -0.00070784, -0.00053777, -0.00040799, -0.00030900, -0.00023378, -0.00017634, -0.00013230, -0.00009854, -0.00007268, -0.00005277, -0.00003737, -0.00002541, -0.00001602, -0.00000874, -0.00000308, 0.00000132, 0.00000480, 0.00000755, 0.00000969, 0.00001131, 0.00001250, 0.00001341, 0.00001410, 0.00001452, 0.00001476, 0.00001483, 0.00001476, 0.00001458, 0.00001431, 0.00001397, 0.00001359, 0.00001314, 0.00001265, 0.00001215, 0.00001161, 0.00001107, 0.00001053, 0.00000999, 0.00000946
-0.00982369, -0.00975966, -0.00957080, -0.00926416, -0.00885883, -0.00837438, -0.00783156, -0.00725253, -0.00665640, -0.00605907, -0.00547526, -0.00491541, -0.00438698, -0.00389529, -0.00344302, -0.00303137, -0.00265976, -0.00232682, -0.00203034, -0.00176786, -0.00153653, -0.00133342, -0.00115567, -0.00100061, -0.00086561, -0.00074826, -0.00064634, -0.00055810, -0.00048168, -0.00041553, -0.00035830, -0.00030882, -0.00026604, -0.00022904, -0.00019703, -0.00016929, -0.00014533, -0.00012461, -0.00010669, -0.00009117, -0.00007773, -0.00006610, -0.00005603, -0.00004733, -0.00003980, -0.00003325, -0.00002763, -0.00002277, -0.00001859, -0.00001499, -0.00001190, -0.00000926, -0.00000699, -0.00000506, -0.00000342, -0.00000204, -0.00000085, 0.00000012, 0.00000094, 0.00000161, 0.00000216, 0.00000260
-0.07163722, -0.06994352, -0.06516312, -0.05847139, -0.05107497, -0.04380360, -0.03708053, -0.03106877, -0.02579919, -0.02124849, -0.01737751, -0.01412797, -0.01142928, -0.00920990, -0.00739688, -0.00592530, -0.00473562, -0.00377797, -0.00300943, -0.00239435, -0.00190328, -0.00151165, -0.00119968, -0.00095176, -0.00075465, -0.00059783, -0.00047309, -0.00037415, -0.00029546, -0.00023278, -0.00018284, -0.00014309, -0.00011138, -0.00008603, -0.00006574, -0.00004942, -0.00003638, -0.00002595, -0.00001761, -0.00001090, -0.00000550, -0.00000120, 0.00000221, 0.00000489, 0.00000700, 0.00000868, 0.00000993, 0.00001084, 0.00001149, 0.00001190, 0.00001213, 0.00001221, 0.00001217, 0.00001203, 0.00001181, 0.00001152, 0.00001119, 0.00001081, 0.00001040, 0.00000999, 0.00000955, 0.00000911
-25.11450343, -15.96526551, -5.34697070, -1.69359735, -0.80908229, -0.57586023, -0.44321756, -0.32335784, -0.22263923, -0.14959870, -0.10102097, -0.06970393, -0.04896918, -0.03460678, -0.02440662, -0.01717821, -0.01212123, -0.00855340, -0.00604843, -0.00430062, -0.00307852, -0.00224941, -0.00162379, -0.00114701, -0.00083497, -0.00063317, -0.00046098, -0.00032884, -0.00024691, -0.00017246, -0.00011874, -0.00009749, -0.00005105, -0.00003439, -0.00001379, 0.00000535, 0.00000584, 0.00002570, 0.00002726, 0.00004170, 0.00003738, 0.00004699, 0.00004837, 0.00005779, 0.00005722, 0.00005794, 0.00005478, 0.00006202, 0.00005793, 0.00005974, 0.00005319, 0.00005503, 0.00005174, 0.00005471, 0.00004812, 0.00004968, 0.00004355, 0.00004524, 0.00004157, 0.00004127, 0.00003588, 0.00003461
-0.26365959, -0.25750154, -0.24008772, -0.21564558, -0.18853421, -0.16179433, -0.13700995, -0.11481466, -0.09534507, -0.07852744, -0.06422113, -0.05221170, -0.04223898, -0.03403827, -0.02734004, -0.02190404, -0.01751012, -0.01397362, -0.01113578, -0.00886467, -0.00705138, -0.00560518, -0.00445294, -0.00353698, -0.00280853, -0.00222876, -0.00176728, -0.00140095, -0.00110937, -0.00087688, -0.00069143, -0.00054360, -0.00042550, -0.00033095, -0.00025511, -0.00019398, -0.00014502, -0.00010570, -0.00007416, -0.00004871, -0.00002814, -0.00001162, 0.00000154, 0.00001196, 0.00002024, 0.00002689, 0.00003193, 0.00003573, 0.00003849, 0.00004039, 0.00004157, 0.00004217, 0.00004230, 0.00004207, 0.00004151, 0.00004066, 0.00003966, 0.00003844, 0.00003712, 0.00003574, 0.00003429, 0.00003281
-0.18568379, -0.18238872, -0.17287047, -0.15887785, -0.14246387, -0.12531970, -0.10859502, -0.09297524, -0.07879952, -0.06619749, -0.05519813, -0.04573678, -0.03769610, -0.03093643, -0.02529714, -0.02062654, -0.01677784, -0.01362166, -0.01104191, -0.00894012, -0.00723215, -0.00584612, -0.00472285, -0.00381451, -0.00307989, -0.00248550, -0.00200459, -0.00161640, -0.00130241, -0.00104809, -0.00084205, -0.00067520, -0.00053986, -0.00042991, -0.00034046, -0.00026740, -0.00020805, -0.00015973, -0.00012041, -0.00008828, -0.00006201, -0.00004062, -0.00002329, -0.00000931, 0.00000201, 0.00001123, 0.00001846, 0.00002414, 0.00002851, 0.00003178, 0.00003415, 0.00003577, 0.00003678, 0.00003731, 0.00003741, 0.00003713, 0.00003665, 0.00003587, 0.00003494, 0.00003389, 0.00003274, 0.00003152
-1.49451959, -1.35493872, -1.03588544, -0.73292398, -0.52141234, -0.38568149, -0.29345760, -0.22474497, -0.17100569, -0.12890710, -0.09652511, -0.07204410, -0.05369928, -0.03999689, -0.02975334, -0.02210214, -0.01639411, -0.01214905, -0.00899859, -0.00666509, -0.00493842, -0.00365988, -0.00271277, -0.00201321, -0.00149506, -0.00110994, -0.00082340, -0.00061125, -0.00045277, -0.00033347, -0.00024342, -0.00017555, -0.00012385, -0.00008408, -0.00005321, -0.00002882, -0.00000982, 0.00000506, 0.00001669, 0.00002608, 0.00003371, 0.00003973, 0.00004433, 0.00004772, 0.00005034, 0.00005239, 0.00005364, 0.00005431, 0.00005445, 0.00005413, 0.00005342, 0.00005240, 0.00005116, 0.00004975, 0.00004814, 0.00004632, 0.00004447, 0.00004248, 0.00004049, 0.00003852, 0.00003654, 0.00003457
-2.13030527, -1.87974516, -1.34069801, -0.87914515, -0.59283015, -0.42697871, -0.32060941, -0.24269554, -0.18210869, -0.13514237, -0.09962404, -0.07329154, -0.05392193, -0.03968454, -0.02918184, -0.02143250, -0.01571990, -0.01152310, -0.00844631, -0.00619425, -0.00454686, -0.00333988, -0.00245471, -0.00180745, -0.00133253, -0.00098251, -0.00072415, -0.00053443, -0.00039360, -0.00028803, -0.00020861, -0.00014896, -0.00010356, -0.00006860, -0.00004136, -0.00001972, -0.00000279, 0.00001053, 0.00002097, 0.00002949, 0.00003647, 0.00004200, 0.00004623, 0.00004933, 0.00005173, 0.00005361, 0.00005473, 0.00005528, 0.00005533, 0.00005491, 0.00005412, 0.00005304, 0.00005173, 0.00005026, 0.00004859, 0.00004671, 0.00004480, 0.00004275, 0.00004071, 0.00003870, 0.00003668, 0.00003466
-9.29143207, -6.97387566, -3.35757429, -1.48110591, -0.79890654, -0.54465184, -0.40505827, -0.29808187, -0.21249542, -0.14842618, -0.10337133, -0.07258579, -0.05145066, -0.03665800, -0.02612075, -0.01858554, -0.01321469, -0.00940917, -0.00671930, -0.00481583, -0.00346429, -0.00250014, -0.00180740, -0.00131102, -0.00095544, -0.00069864, -0.00051062, -0.00037431, -0.00027446, -0.00019899, -0.00014218, -0.00010025, -0.00006671, -0.00004132, -0.00002079, -0.00000395, 0.00000885, 0.00001995, 0.00002815, 0.00003559, 0.00004115, 0.00004618, 0.00004975, 0.00005270, 0.00005465, 0.00005625, 0.00005699, 0.00005766, 0.00005735, 0.00005688, 0.00005568, 0.00005458, 0.00005304, 0.00005164, 0.00004962, 0.00004775, 0.00004551, 0.00004349, 0.00004126, 0.00003921, 0.00003694, 0.00003486
-0.08256613, -0.08171858, -0.07921532, -0.07528336, -0.07028356, -0.06457947, -0.05851024, -0.05237193, -0.04638524, -0.04070229, -0.03543344, -0.03063604, -0.02633163, -0.02251979, -0.01917751, -0.01627392, -0.01376877, -0.01162110, -0.00978855, -0.00823180, -0.00691392, -0.00580110, -0.00486338, -0.00407519, -0.00341324, -0.00285756, -0.00239122, -0.00200073, -0.00167343, -0.00139896, -0.00116877, -0.00097577, -0.00081382, -0.00067781, -0.00056351, -0.00046719, -0.00038632, -0.00031831, -0.00026110, -0.00021289, -0.00017226, -0.00013806, -0.00010931, -0.00008517, -0.00006489, -0.00004776, -0.00003355, -0.00002170, -0.00001188, -0.00000378, 0.00000284, 0.00000823, 0.00001256, 0.00001602, 0.00001872, 0.00002076, 0.00002233, 0.00002338, 0.00002406, 0.00002443, 0.00002455, 0.00002444
-0.04880604, -0.04843488, -0.04733657, -0.04557105, -0.04326203, -0.04053876, -0.03753419, -0.03438107, -0.03119000, -0.02804837, -0.02503139, -0.02218843, -0.01955125, -0.01713911, -0.01495721, -0.01300344, -0.01126764, -0.00973649, -0.00839349, -0.00722183, -0.00620394, -0.00532247, -0.00456129, -0.00390595, -0.00334259, -0.00285881, -0.00244369, -0.00208836, -0.00178410, -0.00152358, -0.00130059, -0.00110978, -0.00094645, -0.00080657, -0.00068674, -0.00058385, -0.00049581, -0.00042034, -0.00035563, -0.00030010, -0.00025243, -0.00021152, -0.00017644, -0.00014637, -0.00012058, -0.00009837, -0.00007946, -0.00006330, -0.00004952, -0.00003781, -0.00002787, -0.00001946, -0.00001238, -0.00000642, -0.00000145, 0.00000266, 0.00000611, 0.00000887, 0.00001109, 0.00001286, 0.00001423, 0.00001527
-0.77475130, -0.73223960, -0.62414699, -0.50069675, -0.39407755, -0.31154251, -0.24814579, -0.19782251, -0.15687256, -0.12345810, -0.09653083, -0.07511819, -0.05826854, -0.04508952, -0.03481394, -0.02682458, -0.02062837, -0.01583695, -0.01214207, -0.00929932, -0.00711587, -0.00544077, -0.00415602, -0.00317235, -0.00242029, -0.00184433, -0.00140220, -0.00106449, -0.00080623, -0.00060797, -0.00045516, -0.00033766, -0.00024725, -0.00017732, -0.00012302, -0.00008045, -0.00004735, -0.00002148, -0.00000131, 0.00001434, 0.00002672, 0.00003653, 0.00004413, 0.00004988, 0.00005406, 0.00005731, 0.00005950, 0.00006090, 0.00006159, 0.00006167, 0.00006124, 0.00006038, 0.00005918, 0.00005773, 0.00005610, 0.00005431, 0.00005240, 0.00005025, 0.00004805, 0.00004582, 0.00004362, 0.00004144
-1.56536381, -1.42039300, -1.08675304, -0.76826185, -0.54700142, -0.40719646, -0.31327132, -0.24294313, -0.18709246, -0.14263982, -0.10800775, -0.08152319, -0.06146769, -0.04630949, -0.03484135, -0.02616596, -0.01961626, -0.01468535, -0.01098440, -0.00821173, -0.00613658, -0.00458408, -0.00342191, -0.00255344, -0.00190528, -0.00142018, -0.00105574, -0.00078363, -0.00058003, -0.00042667, -0.00031037, -0.00022243, -0.00015583, -0.00010493, -0.00006575, -0.00003513, -0.00001143, 0.00000705, 0.00002142, 0.00003249, 0.00004134, 0.00004841, 0.00005388, 0.00005794, 0.00006076, 0.00006297, 0.00006433, 0.00006507, 0.00006522, 0.00006485, 0.00006403, 0.00006283, 0.00006134, 0.00005962, 0.00005777, 0.00005577, 0.00005367, 0.00005133, 0.00004894, 0.00004656, 0.00004422, 0.00004191
-0.71686811, -0.67995425, -0.58515412, -0.47489208, -0.37751450, -0.30052322, -0.24048058, -0.19242147, -0.15313817, -0.12096674, -0.09493665, -0.07414510, -0.05771252, -0.04480638, -0.03470636, -0.02682630, -0.02069479, -0.01593729, -0.01225704, -0.00941588, -0.00722695, -0.00554231, -0.00424625, -0.00325088, -0.00248753, -0.00190119, -0.00144981, -0.00110400, -0.00083879, -0.00063464, -0.00047691, -0.00035532, -0.00026154, -0.00018886, -0.00013232, -0.00008794, -0.00005339, -0.00002635, -0.00000524, 0.00001116, 0.00002415, 0.00003442, 0.00004240, 0.00004845, 0.00005287, 0.00005632, 0.00005866, 0.00006018, 0.00006097, 0.00006114, 0.00006078, 0.00005998, 0.00005883, 0.00005743, 0.00005584, 0.00005408, 0.00005220, 0.00005009, 0.00004791, 0.00004571, 0.00004353, 0.00004137
-576.53692830, -154.71441242, -10.23947071, 1.07699486, 0.34175671, -0.45126913, -0.65833687, -0.54764543, -0.19110564, -0.10970489, -0.05726570, -0.07004211, -0.07310204, -0.03785462, -0.01009961, -0.00866551, -0.03128742, -0.02396657, -0.00448589, 0.00650390, 0.00886322, -0.01427808, -0.01202517, 0.00851909, 0.00718591, -0.00791753, -0.00486703, 0.00232566, -0.00142408, 0.00276961, 0.00488705, -0.00515382, 0.00422352, 0.00060828, 0.00141220, 0.00373508, -0.00342381, 0.00220346, -0.00153525, 0.00284253, -0.00288646, -0.00019644, -0.00135676, 0.00247847, 0.00117067, 0.00054963, -0.00168035, 0.00216344, 0.00003262, 0.00137697, -0.00173894, -0.00001986, -0.00100878, 0.00162345, -0.00105976, 0.00102609, -0.00130049, 0.00096761, 0.00010367, 0.00122550, -0.00066499, -0.00012150
-0.82850182, -0.78051453, -0.65956847, -0.52363585, -0.40851507, -0.32103371, -0.25471133, -0.20242970, -0.16003932, -0.12555139, -0.09785501, -0.07591378, -0.05871374, -0.04530738, -0.03488724, -0.02680918, -0.02056165, -0.01574411, -0.01203934, -0.00919691, -0.00701954, -0.00535361, -0.00407913, -0.00310591, -0.00236374, -0.00179677, -0.00136259, -0.00103177, -0.00077941, -0.00058611, -0.00043741, -0.00032330, -0.00023568, -0.00016802, -0.00011556, -0.00007446, -0.00004255, -0.00001762, 0.00000180, 0.00001684, 0.00002875, 0.00003818, 0.00004549, 0.00005100, 0.00005499, 0.00005809, 0.00006016, 0.00006146, 0.00006207, 0.00006209, 0.00006160, 0.00006070, 0.00005946, 0.00005797, 0.00005631, 0.00005449, 0.00005256, 0.00005039, 0.00004816, 0.00004591, 0.00004370, 0.00004150
-11.55292771, -8.57436416, -3.95635346, -1.62274290, -0.83533922, -0.57831808, -0.44379668, -0.33314613, -0.23959751, -0.16812961, -0.11781655, -0.08352570, -0.05992409, -0.04321158, -0.03112683, -0.02235692, -0.01603659, -0.01151443, -0.00829028, -0.00598649, -0.00433295, -0.00314239, -0.00227885, -0.00165328, -0.00120359, -0.00087811, -0.00063790, -0.00046280, -0.00033551, -0.00024019, -0.00016840, -0.00011555, -0.00007406, -0.00004323, -0.00001875, 0.00000096, 0.00001575, 0.00002859, 0.00003799, 0.00004599, 0.00005174, 0.00005725, 0.00006121, 0.00006458, 0.00006640, 0.00006792, 0.00006856, 0.00006928, 0.00006886, 0.00006831, 0.00006689, 0.00006558, 0.00006371, 0.00006201, 0.00005966, 0.00005765, 0.00005509, 0.00005272, 0.00005002, 0.00004753, 0.00004483, 0.00004240
-0.40513931, -0.39233242, -0.35722475, -0.31112719, -0.26389498, -0.22081892, -0.18336107, -0.15125827, -0.12388146, -0.10070364, -0.08132786, -0.06531483, -0.05222608, -0.04161420, -0.03306117, -0.02620089, -0.02071971, -0.01635474, -0.01288978, -0.01014603, -0.00797794, -0.00626753, -0.00491911, -0.00385794, -0.00302398, -0.00236793, -0.00185111, -0.00144549, -0.00112696, -0.00087624, -0.00067844, -0.00052264, -0.00039991, -0.00030296, -0.00022620, -0.00016509, -0.00011674, -0.00007837, -0.00004797, -0.00002395, -0.00000478, 0.00001050, 0.00002255, 0.00003192, 0.00003907, 0.00004474, 0.00004888, 0.00005187, 0.00005389, 0.00005507, 0.00005557, 0.00005550, 0.00005497, 0.00005410, 0.00005296, 0.00005159, 0.00005008, 0.00004829, 0.00004640, 0.00004445, 0.00004250, 0.00004053
-0.27862370, -0.27224131, -0.25414728, -0.22881749, -0.20073515, -0.17304710, -0.14735975, -0.12427158, -0.10389524, -0.08616487, -0.07097027, -0.05810811, -0.04734676, -0.03842380, -0.03107920, -0.02506961, -0.02017478, -0.01620368, -0.01299326, -0.01040490, -0.00832313, -0.00665175, -0.00531114, -0.00423780, -0.00337958, -0.00269294, -0.00214298, -0.00170393, -0.00135324, -0.00107266, -0.00084779, -0.00066780, -0.00052371, -0.00040813, -0.00031529, -0.00024037, -0.00018027, -0.00013191, -0.00009305, -0.00006188, -0.00003673, -0.00001645, -0.00000021, 0.00001269, 0.00002280, 0.00003093, 0.00003713, 0.00004185, 0.00004531, 0.00004773, 0.00004927, 0.00005009, 0.00005033, 0.00005011, 0.00004953, 0.00004864, 0.00004755, 0.00004614, 0.00004459, 0.00004293, 0.00004123, 0.00003949
-1.71556366, -1.54672484, -1.16363194, -0.80696641, -0.56650902, -0.41870674, -0.32103817, -0.24826258, -0.19053125, -0.14469025, -0.10912612, -0.08206523, -0.06167282, -0.04632216, -0.03474821, -0.02601954, -0.01944961, -0.01451930, -0.01083029, -0.00807491, -0.00601893, -0.00448500, -0.00333983, -0.00248628, -0.00185096, -0.00137663, -0.00102108, -0.00075622, -0.00055848, -0.00040980, -0.00029721, -0.00021220, -0.00014789, -0.00009878, -0.00006098, -0.00003142, -0.00000855, 0.00000930, 0.00002319, 0.00003389, 0.00004246, 0.00004932, 0.00005463, 0.00005856, 0.00006129, 0.00006342, 0.00006473, 0.00006542, 0.00006553, 0.00006513, 0.00006427, 0.00006305, 0.00006153, 0.00005980, 0.00005792, 0.00005591, 0.00005378, 0.00005143, 0.00004902, 0.00004662, 0.00004427, 0.00004195
-0.06984226, -0.06897015, -0.06638472, -0.06243525, -0.05754361, -0.05213377, -0.04655956, -0.04108267, -0.03587599, -0.03104712, -0.02666518, -0.02274946, -0.01930072, -0.01629627, -0.01370462, -0.01148646, -0.00960035, -0.00800497, -0.00666175, -0.00553521, -0.00459331, -0.00380774, -0.00315368, -0.00261016, -0.00215927, -0.00178529, -0.00147496, -0.00121804, -0.00100536, -0.00082917, -0.00068308, -0.00056199, -0.00046164, -0.00037839, -0.00030926, -0.00025171, -0.00020397, -0.00016428, -0.00013130, -0.00010391, -0.00008113, -0.00006215, -0.00004639, -0.00003333, -0.00002256, -0.00001359, -0.00000626, -0.00000026, 0.00000461, 0.00000853, 0.00001164, 0.00001407, 0.00001593, 0.00001732, 0.00001832, 0.00001899, 0.00001942, 0.00001957, 0.00001952, 0.00001932, 0.00001900, 0.00001859
-0.04404963, -0.04364250, -0.04242042, -0.04050098, -0.03803338, -0.03518959, -0.03213410, -0.02900843, -0.02592216, -0.02295655, -0.02017495, -0.01760978, -0.01528177, -0.01319435, -0.01134318, -0.00971577, -0.00829602, -0.00706505, -0.00600348, -0.00509218, -0.00431266, -0.00364807, -0.00308268, -0.00260280, -0.00219631, -0.00185224, -0.00156101, -0.00131507, -0.00110743, -0.00093210, -0.00078397, -0.00065886, -0.00055323, -0.00046396, -0.00038850, -0.00032454, -0.00027053, -0.00022482, -0.00018615, -0.00015343, -0.00012572, -0.00010224, -0.00008236, -0.00006556, -0.00005139, -0.00003936, -0.00002929, -0.00002081, -0.00001372, -0.00000781, -0.00000292, 0.00000112, 0.00000441, 0.00000708, 0.00000923, 0.00001093, 0.00001229, 0.00001326, 0.00001395, 0.00001441, 0.00001469, 0.00001481
-0.64182012, -0.59332280, -0.47674926, -0.35658129, -0.26504057, -0.20209916, -0.15752021, -0.12347519, -0.09624328, -0.07436069, -0.05707097, -0.04362631, -0.03328276, -0.02535274, -0.01928044, -0.01463462, -0.01108833, -0.00838878, -0.00633962, -0.00478741, -0.00361314, -0.00272550, -0.00205443, -0.00154774, -0.00116588, -0.00087746, -0.00065889, -0.00049399, -0.00036959, -0.00027522, -0.00020321, -0.00014832, -0.00010650, -0.00007441, -0.00004963, -0.00003027, -0.00001524, -0.00000350, 0.00000566, 0.00001276, 0.00001837, 0.00002286, 0.00002638, 0.00002903, 0.00003095, 0.00003242, 0.00003341, 0.00003403, 0.00003430, 0.00003427, 0.00003398, 0.00003347, 0.00003278, 0.00003195, 0.00003104, 0.00003005, 0.00002900, 0.00002781, 0.00002658, 0.00002534, 0.00002411, 0.00002291
-0.02532347, -0.02515355, -0.02463897, -0.02381504, -0.02272535, -0.02142836, -0.01998498, -0.01845365, -0.01688483, -0.01532132, -0.01380199, -0.01235126, -0.01098940, -0.00972740, -0.00857189, -0.00752420, -0.00658222, -0.00574130, -0.00499515, -0.00433679, -0.00375841, -0.00325229, -0.00281069, -0.00242650, -0.00209311, -0.00180419, -0.00155397, -0.00133785, -0.00115129, -0.00099031, -0.00085140, -0.00073160, -0.00062834, -0.00053929, -0.00046248, -0.00039612, -0.00033895, -0.00028963, -0.00024707, -0.00021034, -0.00017864, -0.00015126, -0.00012762, -0.00010722, -0.00008963, -0.00007440, -0.00006133, -0.00005007, -0.00004040, -0.00003210, -0.00002500, -0.00001894, -0.00001378, -0.00000939, -0.00000568, -0.00000255, 0.00000011, 0.00000228, 0.00000407, 0.00000554, 0.00000672, 0.00000766
-0.11580718, -0.11369551, -0.10758650, -0.09870835, -0.08839011, -0.07771846, -0.06739354, -0.05779311, -0.04908905, -0.04134438, -0.03457363, -0.02873153, -0.02375458, -0.01955526, -0.01604099, -0.01311914, -0.01070310, -0.00871402, -0.00708243, -0.00574836, -0.00466035, -0.00377483, -0.00305495, -0.00247072, -0.00199729, -0.00161355, -0.00130222, -0.00105026, -0.00084638, -0.00068117, -0.00054713, -0.00043840, -0.00035027, -0.00027869, -0.00022049, -0.00017301, -0.00013443, -0.00010302, -0.00007745, -0.00005668, -0.00003974, -0.00002592, -0.00001468, -0.00000560, 0.00000168, 0.00000760, 0.00001226, 0.00001594, 0.00001878, 0.00002092, 0.00002248, 0.00002354, 0.00002421, 0.00002455, 0.00002463, 0.00002451, 0.00002423, 0.00002374, 0.00002313, 0.00002244, 0.00002169, 0.00002090
-0.05852740, -0.05787919, -0.05594662, -0.05295793, -0.04919576, -0.04496063, -0.04051906, -0.03608187, -0.03179873, -0.02777022, -0.02406687, -0.02071698, -0.01773203, -0.01510262, -0.01280996, -0.01082741, -0.00912507, -0.00767137, -0.00643608, -0.00539073, -0.00450906, -0.00376746, -0.00314483, -0.00262320, -0.00218699, -0.00182231, -0.00151734, -0.00126292, -0.00105069, -0.00087354, -0.00072558, -0.00060204, -0.00049890, -0.00041272, -0.00034066, -0.00028024, -0.00022976, -0.00018752, -0.00015215, -0.00012256, -0.00009778, -0.00007700, -0.00005961, -0.00004509, -0.00003300, -0.00002286, -0.00001448, -0.00000755, -0.00000185, 0.00000280, 0.00000657, 0.00000958, 0.00001196, 0.00001382, 0.00001523, 0.00001627, 0.00001702, 0.00001746, 0.00001767, 0.00001770, 0.00001759, 0.00001736
-1.38176933, -1.20944137, -0.84193284, -0.53481506, -0.35295232, -0.25383595, -0.19264418, -0.14760519, -0.11181306, -0.08359655, -0.06207626, -0.04603694, -0.03418145, -0.02539456, -0.01885082, -0.01396874, -0.01033445, -0.00763805, -0.00564378, -0.00417075, -0.00308295, -0.00227927, -0.00168469, -0.00124528, -0.00092115, -0.00068116, -0.00050255, -0.00037028, -0.00027227, -0.00019898, -0.00014367, -0.00010194, -0.00007049, -0.00004647, -0.00002796, -0.00001343, -0.00000212, 0.00000677, 0.00001374, 0.00001915, 0.00002348, 0.00002701, 0.00002979, 0.00003188, 0.00003334, 0.00003447, 0.00003519, 0.00003560, 0.00003569, 0.00003552, 0.00003509, 0.00003446, 0.00003367, 0.00003275, 0.00003175, 0.00003068, 0.00002955, 0.00002828, 0.00002697, 0.00002566, 0.00002437, 0.00002311
-0.51586140, -0.49622117, -0.44358783, -0.37737529, -0.31300644, -0.25722334, -0.21062670, -0.17174228, -0.13914896, -0.11192016, -0.08943902, -0.07109136, -0.05628094, -0.04441301, -0.03495265, -0.02744275, -0.02150116, -0.01681544, -0.01313106, -0.01024083, -0.00797853, -0.00621016, -0.00482872, -0.00375148, -0.00291266, -0.00225881, -0.00174823, -0.00135116, -0.00104224, -0.00080124, -0.00061272, -0.00046550, -0.00035054, -0.00026048, -0.00018974, -0.00013381, -0.00008990, -0.00005529, -0.00002807, -0.00000675, 0.00001014, 0.00002354, 0.00003403, 0.00004208, 0.00004811, 0.00005283, 0.00005617, 0.00005849, 0.00005992, 0.00006060, 0.00006065, 0.00006017, 0.00005928, 0.00005808, 0.00005665, 0.00005502, 0.00005325, 0.00005122, 0.00004910, 0.00004695, 0.00004480, 0.00004265
-4.90274625, -4.04527219, -2.41964454, -1.30197940, -0.77361667, -0.53880130, -0.40657891, -0.30804185, -0.22838117, -0.16630780, -0.12040317, -0.08740691, -0.06376607, -0.04663899, -0.03409327, -0.02487315, -0.01811730, -0.01319123, -0.00961160, -0.00701077, -0.00511850, -0.00373908, -0.00273116, -0.00199568, -0.00145989, -0.00106758, -0.00077826, -0.00056647, -0.00041094, -0.00029533, -0.00020839, -0.00014326, -0.00009428, -0.00005694, -0.00002809, -0.00000530, 0.00001245, 0.00002648, 0.00003744, 0.00004593, 0.00005281, 0.00005846, 0.00006284, 0.00006605, 0.00006816, 0.00006980, 0.00007071, 0.00007108, 0.00007088, 0.00007020, 0.00006906, 0.00006757, 0.00006578, 0.00006380, 0.00006167, 0.00005943, 0.00005705, 0.00005445, 0.00005179, 0.00004915, 0.00004657, 0.00004405
-2.92433045, -2.53349063, -1.71748169, -1.05956897, -0.68589033, -0.48970339, -0.37080962, -0.28336043, -0.21374634, -0.15899956, -0.11747919, -0.08674218, -0.06415913, -0.04749892, -0.03513664, -0.02594532, -0.01912564, -0.01408462, -0.01037045, -0.00763690, -0.00562525, -0.00414360, -0.00305092, -0.00224618, -0.00165444, -0.00121759, -0.00089334, -0.00065428, -0.00047761, -0.00034581, -0.00024655, -0.00017202, -0.00011597, -0.00007327, -0.00004043, -0.00001467, 0.00000531, 0.00002094, 0.00003313, 0.00004252, 0.00005007, 0.00005618, 0.00006091, 0.00006439, 0.00006672, 0.00006852, 0.00006956, 0.00007002, 0.00006992, 0.00006931, 0.00006826, 0.00006684, 0.00006512, 0.00006319, 0.00006113, 0.00005894, 0.00005664, 0.00005409, 0.00005150, 0.00004891, 0.00004639, 0.00004391
-1.23717082, -1.14182523, -0.91358352, -0.67997519, -0.50352389, -0.38312031, -0.29824141, -0.23353895, -0.18182374, -0.14030586, -0.10754358, -0.08210591, -0.06256239, -0.04760066, -0.03615495, -0.02740915, -0.02073986, -0.01566899, -0.01182424, -0.00891540, -0.00671754, -0.00505813, -0.00380510, -0.00286050, -0.00214951, -0.00161319, -0.00120731, -0.00090183, -0.00067169, -0.00049735, -0.00036455, -0.00026363, -0.00018691, -0.00012815, -0.00008289, -0.00004758, -0.00002029, 0.00000094, 0.00001742, 0.00003010, 0.00004013, 0.00004810, 0.00005425, 0.00005882, 0.00006203, 0.00006450, 0.00006604, 0.00006691, 0.00006715, 0.00006684, 0.00006604, 0.00006486, 0.00006335, 0.00006162, 0.00005973, 0.00005770, 0.00005556, 0.00005317, 0.00005073, 0.00004829, 0.00004589, 0.00004353
-0.33023225, -0.32169723, -0.29778185, -0.26506253, -0.22979640, -0.19598967, -0.16536355, -0.13832415, -0.11477160, -0.09449012, -0.07727035, -0.06282264, -0.05083763, -0.04098101, -0.03293076, -0.02639121, -0.02110220, -0.01684050, -0.01341781, -0.01067631, -0.00848566, -0.00673805, -0.00534519, -0.00423700, -0.00335656, -0.00265656, -0.00209938, -0.00165733, -0.00130654, -0.00102764, -0.00080549, -0.00062874, -0.00048816, -0.00037609, -0.00028660, -0.00021480, -0.00015753, -0.00011173, -0.00007514, -0.00004599, -0.00002262, -0.00000387, 0.00001105, 0.00002278, 0.00003188, 0.00003913, 0.00004456, 0.00004862, 0.00005150, 0.00005340, 0.00005448, 0.00005488, 0.00005474, 0.00005418, 0.00005329, 0.00005213, 0.00005078, 0.00004913, 0.00004734, 0.00004547, 0.00004357, 0.00004165
-0.34166633, -0.33257281, -0.30716967, -0.27261367, -0.23563061, -0.20042595, -0.16871967, -0.14084784, -0.11664670, -0.09585897, -0.07824955, -0.06350692, -0.05130338, -0.04128742, -0.03312289, -0.02650242, -0.02115737, -0.01685784, -0.01341037, -0.01065374, -0.00845450, -0.00670281, -0.00530889, -0.00420160, -0.00332324, -0.00262600, -0.00207185, -0.00163288, -0.00128508, -0.00100897, -0.00078935, -0.00061488, -0.00047632, -0.00036601, -0.00027805, -0.00020756, -0.00015142, -0.00010657, -0.00007079, -0.00004233, -0.00001953, -0.00000126, 0.00001325, 0.00002465, 0.00003346, 0.00004047, 0.00004570, 0.00004959, 0.00005233, 0.00005411, 0.00005509, 0.00005541, 0.00005519, 0.00005456, 0.00005362, 0.00005241, 0.00005103, 0.00004934, 0.00004752, 0.00004562, 0.00004370, 0.00004175
-0.79676455, -0.75301334, -0.64177254, -0.51476766, -0.40514828, -0.32036009, -0.25527013, -0.20360046, -0.16153368, -0.12718649, -0.09949188, -0.07745726, -0.06011026, -0.04653515, -0.03594548, -0.02770743, -0.02131521, -0.01636967, -0.01255416, -0.00961728, -0.00736052, -0.00562851, -0.00429965, -0.00328176, -0.00250337, -0.00190713, -0.00144937, -0.00109957, -0.00083214, -0.00062686, -0.00046867, -0.00034703, -0.00025349, -0.00018119, -0.00012509, -0.00008115, -0.00004702, -0.00002038, 0.00000038, 0.00001645, 0.00002912, 0.00003915, 0.00004691, 0.00005276, 0.00005700, 0.00006027, 0.00006245, 0.00006383, 0.00006448, 0.00006451, 0.00006401, 0.00006308, 0.00006179, 0.00006025, 0.00005853, 0.00005665, 0.00005465, 0.00005241, 0.00005009, 0.00004777, 0.00004547, 0.00004319
-0.09743414, -0.09643472, -0.09345088, -0.08880016, -0.08289074, -0.07616742, -0.06903850, -0.06184190, -0.05482646, -0.04816648, -0.04199108, -0.03635901, -0.03130098, -0.02681221, -0.02286978, -0.01943712, -0.01646973, -0.01391970, -0.01173937, -0.00988320, -0.00830848, -0.00697649, -0.00585203, -0.00490499, -0.00410878, -0.00343975, -0.00287746, -0.00240609, -0.00201097, -0.00167961, -0.00140155, -0.00116835, -0.00097279, -0.00080865, -0.00067081, -0.00055475, -0.00045741, -0.00037560, -0.00030685, -0.00024911, -0.00020053, -0.00015966, -0.00012532, -0.00009654, -0.00007248, -0.00005219, -0.00003538, -0.00002140, -0.00000984, -0.00000034, 0.00000741, 0.00001366, 0.00001866, 0.00002260, 0.00002566, 0.00002797, 0.00002971, 0.00003080, 0.00003145, 0.00003173, 0.00003171, 0.00003145
-0.03892880, -0.03844132, -0.03700949, -0.03479588, -0.03204449, -0.02898360, -0.02581319, -0.02268895, -0.01972279, -0.01698152, -0.01450205, -0.01230064, -0.01037279, -0.00870516, -0.00727656, -0.00606287, -0.00503837, -0.00417835, -0.00345934, -0.00286065, -0.00236352, -0.00195139, -0.00161057, -0.00132902, -0.00109644, -0.00090440, -0.00074596, -0.00061524, -0.00050724, -0.00041800, -0.00034426, -0.00028324, -0.00023271, -0.00019080, -0.00015601, -0.00012705, -0.00010305, -0.00008312, -0.00006651, -0.00005267, -0.00004117, -0.00003163, -0.00002371, -0.00001713, -0.00001169, -0.00000716, -0.00000349, -0.00000049, 0.00000193, 0.00000388, 0.00000542, 0.00000662, 0.00000754, 0.00000821, 0.00000868, 0.00000899, 0.00000919, 0.00000926, 0.00000923, 0.00000913, 0.00000898, 0.00000878
-0.20177697, -0.19304506, -0.17002270, -0.14174606, -0.11496690, -0.09227489, -0.07371017, -0.05856970, -0.04622317, -0.03621303, -0.02818266, -0.02182233, -0.01683163, -0.01294504, -0.00993289, -0.00760744, -0.00581747, -0.00444364, -0.00339148, -0.00258737, -0.00197379, -0.00150548, -0.00114886, -0.00087720, -0.00066981, -0.00051144, -0.00039068, -0.00029836, -0.00022743, -0.00017289, -0.00013095, -0.00009852, -0.00007334, -0.00005367, -0.00003824, -0.00002606, -0.00001654, -0.00000906, -0.00000305, 0.00000173, 0.00000550, 0.00000842, 0.00001070, 0.00001249, 0.00001386, 0.00001490, 0.00001558, 0.00001600, 0.00001620, 0.00001623, 0.00001611, 0.00001589, 0.00001556, 0.00001513, 0.00001463, 0.00001409, 0.00001355, 0.00001298, 0.00001239, 0.00001178, 0.00001119, 0.00001060
-0.08530163, -0.08346047, -0.07820769, -0.07069171, -0.06217154, -0.05358459, -0.04548908, -0.03815359, -0.03168240, -0.02608171, -0.02131115, -0.01730795, -0.01398575, -0.01125606, -0.00902977, -0.00722557, -0.00577013, -0.00460080, -0.00366406, -0.00291582, -0.00231922, -0.00184389, -0.00146597, -0.00116559, -0.00092663, -0.00073653, -0.00058543, -0.00046523, -0.00036935, -0.00029286, -0.00023183, -0.00018301, -0.00014389, -0.00011247, -0.00008718, -0.00006675, -0.00005037, -0.00003717, -0.00002647, -0.00001781, -0.00001083, -0.00000525, -0.00000077, 0.00000283, 0.00000568, 0.00000796, 0.00000968, 0.00001097, 0.00001191, 0.00001256, 0.00001297, 0.00001319, 0.00001325, 0.00001316, 0.00001296, 0.00001268, 0.00001237, 0.00001199, 0.00001157, 0.00001113, 0.00001067, 0.00001020
-0.12938256, -0.12549940, -0.11476743, -0.10036871, -0.08524563, -0.07111614, -0.05863245, -0.04788542, -0.03877654, -0.03115295, -0.02485440, -0.01971899, -0.01557327, -0.01225647, -0.00961898, -0.00753251, -0.00588821, -0.00459675, -0.00358491, -0.00279411, -0.00217704, -0.00169568, -0.00132100, -0.00102934, -0.00080199, -0.00062475, -0.00048673, -0.00037908, -0.00029482, -0.00022885, -0.00017719, -0.00013659, -0.00010460, -0.00007930, -0.00005923, -0.00004324, -0.00003061, -0.00002058, -0.00001252, -0.00000607, -0.00000095, 0.00000308, 0.00000626, 0.00000878, 0.00001073, 0.00001226, 0.00001334, 0.00001410, 0.00001458, 0.00001484, 0.00001492, 0.00001487, 0.00001468, 0.00001438, 0.00001400, 0.00001356, 0.00001311, 0.00001261, 0.00001209, 0.00001155, 0.00001101, 0.00001047
-0.01146582, -0.01139279, -0.01117838, -0.01082839, -0.01036590, -0.00981175, -0.00918903, -0.00852174, -0.00783296, -0.00714129, -0.00646286, -0.00581091, -0.00519417, -0.00461905, -0.00408911, -0.00360586, -0.00316895, -0.00277692, -0.00242732, -0.00211741, -0.00184386, -0.00160335, -0.00139264, -0.00120853, -0.00104795, -0.00090816, -0.00078661, -0.00068113, -0.00058960, -0.00051022, -0.00044141, -0.00038178, -0.00033009, -0.00028528, -0.00024641, -0.00021265, -0.00018341, -0.00015804, -0.00013602, -0.00011690, -0.00010029, -0.00008588, -0.00007336, -0.00006249, -0.00005305, -0.00004482, -0.00003772, -0.00003157, -0.00002624, -0.00002164, -0.00001766, -0.00001423, -0.00001128, -0.00000875, -0.00000658, -0.00000473, -0.00000313, -0.00000179, -0.00000066, 0.00000029, 0.00000108, 0.00000174
-0.14407721, -0.13935526, -0.12643690, -0.10944078, -0.09199609, -0.07605493, -0.06222311, -0.05047326, -0.04061209, -0.03242598, -0.02571297, -0.02027858, -0.01592220, -0.01246013, -0.00972446, -0.00757343, -0.00588815, -0.00457203, -0.00354669, -0.00274968, -0.00213123, -0.00165137, -0.00127987, -0.00099222, -0.00076917, -0.00059616, -0.00046214, -0.00035813, -0.00027710, -0.00021396, -0.00016474, -0.00012622, -0.00009599, -0.00007217, -0.00005333, -0.00003836, -0.00002658, -0.00001725, -0.00000976, -0.00000378, 0.00000095, 0.00000467, 0.00000758, 0.00000989, 0.00001167, 0.00001305, 0.00001401, 0.00001466, 0.00001506, 0.00001525, 0.00001528, 0.00001517, 0.00001494, 0.00001460, 0.00001419, 0.00001372, 0.00001324, 0.00001272, 0.00001218, 0.00001162, 0.00001106, 0.00001051
-0.52373206, -0.47623841, -0.36746751, -0.26311990, -0.18850344, -0.13907474, -0.10481283, -0.07932329, -0.05966865, -0.04450748, -0.03298145, -0.02435625, -0.01795604, -0.01322525, -0.00973068, -0.00715130, -0.00525036, -0.00385294, -0.00282738, -0.00207614, -0.00152623, -0.00112297, -0.00082794, -0.00061172, -0.00045256, -0.00033523, -0.00024892, -0.00018500, -0.00013719, -0.00010134, -0.00007440, -0.00005394, -0.00003822, -0.00002601, -0.00001642, -0.00000881, -0.00000288, 0.00000181, 0.00000566, 0.00000877, 0.00001124, 0.00001313, 0.00001460, 0.00001577, 0.00001664, 0.00001728, 0.00001763, 0.00001778, 0.00001775, 0.00001758, 0.00001729, 0.00001692, 0.00001646, 0.00001590, 0.00001528, 0.00001464, 0.00001401, 0.00001335, 0.00001268, 0.00001201, 0.00001134, 0.00001070
-0.06218244, -0.06111877, -0.05803493, -0.05345462, -0.04802613, -0.04229534, -0.03665746, -0.03135922, -0.02653948, -0.02225541, -0.01851724, -0.01530831, -0.01258709, -0.01030478, -0.00840633, -0.00683831, -0.00555024, -0.00449711, -0.00363885, -0.00294164, -0.00237657, -0.00191902, -0.00154938, -0.00125090, -0.00100976, -0.00081498, -0.00065776, -0.00053080, -0.00042806, -0.00034490, -0.00027759, -0.00022300, -0.00017866, -0.00014258, -0.00011319, -0.00008916, -0.00006963, -0.00005371, -0.00004067, -0.00002999, -0.00002129, -0.00001422, -0.00000847, -0.00000379, -0.00000001, 0.00000306, 0.00000546, 0.00000734, 0.00000878, 0.00000986, 0.00001064, 0.00001119, 0.00001152, 0.00001167, 0.00001169, 0.00001160, 0.00001145, 0.00001121, 0.00001091, 0.00001057, 0.00001020, 0.00000982
-0.31300315, -0.29368786, -0.24566509, -0.19256998, -0.14802890, -0.11419135, -0.08859186, -0.06869133, -0.05295754, -0.04052546, -0.03081063, -0.02331995, -0.01759606, -0.01324924, -0.00995856, -0.00747369, -0.00560147, -0.00419447, -0.00313922, -0.00234926, -0.00175873, -0.00131687, -0.00098707, -0.00074067, -0.00055605, -0.00041760, -0.00031398, -0.00023609, -0.00017714, -0.00013246, -0.00009857, -0.00007267, -0.00005273, -0.00003726, -0.00002516, -0.00001562, -0.00000821, -0.00000238, 0.00000232, 0.00000609, 0.00000905, 0.00001133, 0.00001311, 0.00001450, 0.00001555, 0.00001633, 0.00001681, 0.00001705, 0.00001711, 0.00001702, 0.00001680, 0.00001649, 0.00001608, 0.00001557, 0.00001500, 0.00001440, 0.00001381, 0.00001319, 0.00001255, 0.00001191, 0.00001128, 0.00001067
-0.26674636, -0.25225152, -0.21538828, -0.17296085, -0.13569133, -0.10619595, -0.08323877, -0.06509411, -0.05060064, -0.03904771, -0.02993596, -0.02284303, -0.01737095, -0.01317832, -0.00997756, -0.00754195, -0.00569272, -0.00429281, -0.00323490, -0.00243728, -0.00183658, -0.00138400, -0.00104380, -0.00078791, -0.00059492, -0.00044929, -0.00033958, -0.00025665, -0.00019356, -0.00014553, -0.00010893, -0.00008086, -0.00005919, -0.00004235, -0.00002919, -0.00001880, -0.00001073, -0.00000439, 0.00000071, 0.00000479, 0.00000800, 0.00001047, 0.00001239, 0.00001391, 0.00001505, 0.00001590, 0.00001644, 0.00001673, 0.00001683, 0.00001677, 0.00001659, 0.00001630, 0.00001591, 0.00001543, 0.00001488, 0.00001430, 0.00001373, 0.00001313, 0.00001250, 0.00001187, 0.00001125, 0.00001065
-82.49670357, -40.39606177, -8.95576406, -2.42607810, -1.21790641, -0.87193247, -0.64080634, -0.44280799, -0.28449792, -0.18250010, -0.11783959, -0.07908155, -0.05424797, -0.03662500, -0.02452278, -0.01678942, -0.01227833, -0.00848103, -0.00547718, -0.00351905, -0.00235635, -0.00233518, -0.00171886, -0.00067777, -0.00046886, -0.00077531, -0.00053202, -0.00019947, -0.00024728, -0.00005101, 0.00005569, -0.00023161, 0.00010578, 0.00000683, 0.00005524, 0.00014154, -0.00007421, 0.00011927, 0.00000674, 0.00015577, -0.00002682, 0.00006721, 0.00003110, 0.00015947, 0.00011521, 0.00009739, 0.00002288, 0.00014865, 0.00007571, 0.00011833, 0.00001342, 0.00006765, 0.00003166, 0.00011422, 0.00002330, 0.00008794, 0.00000962, 0.00007984, 0.00004916, 0.00008175, 0.00001834, 0.00003283
-0.21689957, -0.21344085, -0.20329533, -0.18807036, -0.16976428, -0.15015090, -0.13060790, -0.11205209, -0.09503514, -0.07983401, -0.06652127, -0.05505493, -0.04531414, -0.03712605, -0.03030883, -0.02467102, -0.02003690, -0.01624502, -0.01315358, -0.01064113, -0.00860283, -0.00695267, -0.00561825, -0.00453922, -0.00366680, -0.00296230, -0.00239228, -0.00193106, -0.00155762, -0.00125515, -0.00100973, -0.00081035, -0.00064813, -0.00051597, -0.00040826, -0.00032022, -0.00024855, -0.00018992, -0.00014204, -0.00010307, -0.00007139, -0.00004559, -0.00002466, -0.00000778, 0.00000570, 0.00001656, 0.00002490, 0.00003134, 0.00003620, 0.00003977, 0.00004223, 0.00004375, 0.00004452, 0.00004472, 0.00004448, 0.00004388, 0.00004308, 0.00004195, 0.00004065, 0.00003925, 0.00003777, 0.00003629
-0.11296820, -0.11176517, -0.10818001, -0.10255641, -0.09542333, -0.08730040, -0.07868710, -0.07000319, -0.06157875, -0.05364579, -0.04634433, -0.03975184, -0.03389331, -0.02875050, -0.02428661, -0.02044437, -0.01716209, -0.01437456, -0.01201819, -0.01003497, -0.00837029, -0.00697696, -0.00581291, -0.00484133, -0.00403104, -0.00335618, -0.00279353, -0.00232479, -0.00193411, -0.00160845, -0.00133674, -0.00110986, -0.00092023, -0.00076162, -0.00062888, -0.00051753, -0.00042444, -0.00034637, -0.00028091, -0.00022610, -0.00018022, -0.00014178, -0.00010962, -0.00008277, -0.00006043, -0.00004172, -0.00002641, -0.00001381, -0.00000350, 0.00000489, 0.00001162, 0.00001694, 0.00002109, 0.00002427, 0.00002665, 0.00002837, 0.00002963, 0.00003031, 0.00003062, 0.00003062, 0.00003039, 0.00002997
-0.21204641, -0.20871575, -0.19893725, -0.18423401, -0.16651266, -0.14747557, -0.12845851, -0.11035928, -0.09372590, -0.07883885, -0.06577803, -0.05451013, -0.04492236, -0.03685082, -0.03012085, -0.02454759, -0.01996012, -0.01620164, -0.01313355, -0.01063703, -0.00860922, -0.00696562, -0.00563496, -0.00455775, -0.00368585, -0.00298097, -0.00241003, -0.00194758, -0.00157275, -0.00126884, -0.00102200, -0.00082127, -0.00065778, -0.00052447, -0.00041572, -0.00032675, -0.00025425, -0.00019489, -0.00014637, -0.00010683, -0.00007466, -0.00004843, -0.00002712, -0.00000993, 0.00000384, 0.00001495, 0.00002350, 0.00003012, 0.00003514, 0.00003886, 0.00004144, 0.00004306, 0.00004393, 0.00004421, 0.00004405, 0.00004351, 0.00004277, 0.00004168, 0.00004042, 0.00003906, 0.00003762, 0.00003616
-0.09403042, -0.09312756, -0.09043226, -0.08616735, -0.08070161, -0.07439911, -0.06762490, -0.06069947, -0.05388783, -0.04738677, -0.04132458, -0.03578131, -0.03079447, -0.02636477, -0.02247574, -0.01909110, -0.01616861, -0.01366073, -0.01151962, -0.00970006, -0.00815830, -0.00685604, -0.00575837, -0.00483429, -0.00405711, -0.00340443, -0.00285591, -0.00239540, -0.00200861, -0.00168374, -0.00141069, -0.00118104, -0.00098774, -0.00082491, -0.00068770, -0.00057181, -0.00047425, -0.00039187, -0.00032234, -0.00026368, -0.00021423, -0.00017249, -0.00013730, -0.00010769, -0.00008282, -0.00006181, -0.00004442, -0.00002992, -0.00001790, -0.00000797, 0.00000015, 0.00000673, 0.00001202, 0.00001622, 0.00001952, 0.00002206, 0.00002405, 0.00002540, 0.00002629, 0.00002683, 0.00002706, 0.00002706
-0.48254283, -0.46872390, -0.43015682, -0.37776097, -0.32183245, -0.26878017, -0.22140795, -0.18041055, -0.14562203, -0.11657085, -0.09264885, -0.07320471, -0.05757547, -0.04511511, -0.03525414, -0.02748546, -0.02139302, -0.01662977, -0.01291467, -0.01002470, -0.00777812, -0.00603480, -0.00468287, -0.00363340, -0.00281850, -0.00218678, -0.00169537, -0.00131271, -0.00101447, -0.00078191, -0.00059994, -0.00045721, -0.00034489, -0.00025631, -0.00018641, -0.00013102, -0.00008732, -0.00005251, -0.00002494, -0.00000328, 0.00001365, 0.00002699, 0.00003737, 0.00004527, 0.00005112, 0.00005547, 0.00005824, 0.00005991, 0.00006070, 0.00006080, 0.00006024, 0.00005912, 0.00005761, 0.00005583, 0.00005388, 0.00005181, 0.00004972, 0.00004746, 0.00004519, 0.00004294, 0.00004075, 0.00003865
-1.87097129, -1.71423203, -1.34953504, -0.98861129, -0.71907045, -0.53259980, -0.39993003, -0.30078611, -0.22483170, -0.16674077, -0.12286364, -0.09016778, -0.06603018, -0.04827900, -0.03526031, -0.02571890, -0.01874255, -0.01365097, -0.00994190, -0.00724548, -0.00528392, -0.00385901, -0.00282339, -0.00206800, -0.00151593, -0.00111370, -0.00081796, -0.00059922, -0.00043707, -0.00031648, -0.00022574, -0.00015685, -0.00010391, -0.00006289, -0.00003105, -0.00000609, 0.00001347, 0.00002924, 0.00004168, 0.00005123, 0.00005845, 0.00006413, 0.00006838, 0.00007134, 0.00007316, 0.00007418, 0.00007416, 0.00007351, 0.00007235, 0.00007080, 0.00006880, 0.00006637, 0.00006368, 0.00006088, 0.00005805, 0.00005521, 0.00005242, 0.00004953, 0.00004670, 0.00004397, 0.00004137, 0.00003896
-0.40504750, -0.39492550, -0.36626441, -0.32625311, -0.28214740, -0.23896605, -0.19935371, -0.16433004, -0.13410230, -0.10849565, -0.08713154, -0.06955097, -0.05525100, -0.04371901, -0.03449229, -0.02714758, -0.02132868, -0.01673427, -0.01311633, -0.01027461, -0.00804500, -0.00629852, -0.00493155, -0.00386080, -0.00302188, -0.00236558, -0.00185062, -0.00144620, -0.00112838, -0.00087846, -0.00068137, -0.00052563, -0.00040222, -0.00030425, -0.00022643, -0.00016440, -0.00011515, -0.00007574, -0.00004435, -0.00001951, 0.00000007, 0.00001559, 0.00002777, 0.00003717, 0.00004428, 0.00004967, 0.00005333, 0.00005574, 0.00005716, 0.00005778, 0.00005768, 0.00005696, 0.00005578, 0.00005430, 0.00005261, 0.00005075, 0.00004885, 0.00004676, 0.00004463, 0.00004251, 0.00004042, 0.00003841
-1.74226904, -1.60381084, -1.27761688, -0.94801984, -0.69627515, -0.51887983, -0.39122449, -0.29527002, -0.22149291, -0.16486863, -0.12192888, -0.08979759, -0.06597716, -0.04839420, -0.03545227, -0.02593666, -0.01895720, -0.01384680, -0.01011282, -0.00738981, -0.00540302, -0.00395553, -0.00290056, -0.00212902, -0.00156377, -0.00115091, -0.00084671, -0.00062134, -0.00045403, -0.00032942, -0.00023561, -0.00016437, -0.00010964, -0.00006728, -0.00003442, -0.00000870, 0.00001144, 0.00002763, 0.00004039, 0.00005019, 0.00005760, 0.00006341, 0.00006777, 0.00007081, 0.00007270, 0.00007377, 0.00007381, 0.00007320, 0.00007207, 0.00007056, 0.00006859, 0.00006619, 0.00006353, 0.00006075, 0.00005795, 0.00005513, 0.00005236, 0.00004948, 0.00004667, 0.00004396, 0.00004137, 0.00003897
-0.06981070, -0.06889551, -0.06618408, -0.06207922, -0.05704161, -0.05152602, -0.04589568, -0.04040425, -0.03521241, -0.03041859, -0.02608310, -0.02221864, -0.01882326, -0.01587063, -0.01332842, -0.01115532, -0.00931011, -0.00775095, -0.00643978, -0.00534140, -0.00442387, -0.00365963, -0.00302416, -0.00249665, -0.00205972, -0.00169796, -0.00139830, -0.00115057, -0.00094597, -0.00077692, -0.00063711, -0.00052147, -0.00042592, -0.00034692, -0.00028154, -0.00022729, -0.00018247, -0.00014536, -0.00011464, -0.00008923, -0.00006824, -0.00005084, -0.00003645, -0.00002460, -0.00001488, -0.00000686, -0.00000038, 0.00000489, 0.00000911, 0.00001246, 0.00001507, 0.00001706, 0.00001853, 0.00001957, 0.00002026, 0.00002067, 0.00002088, 0.00002081, 0.00002058, 0.00002021, 0.00001974, 0.00001920
-1.22475759, -1.07409337, -0.74983474, -0.47616526, -0.31416134, -0.22710920, -0.17401400, -0.13469196, -0.10296037, -0.07761140, -0.05809395, -0.04343488, -0.03251934, -0.02435838, -0.01822548, -0.01360726, -0.01013943, -0.00754429, -0.00560960, -0.00416923, -0.00309712, -0.00229927, -0.00170497, -0.00126257, -0.00093435, -0.00069030, -0.00050805, -0.00037222, -0.00027147, -0.00019624, -0.00013963, -0.00009688, -0.00006482, -0.00004057, -0.00002207, -0.00000773, 0.00000326, 0.00001178, 0.00001836, 0.00002339, 0.00002722, 0.00003028, 0.00003266, 0.00003441, 0.00003559, 0.00003637, 0.00003678, 0.00003694, 0.00003682, 0.00003647, 0.00003589, 0.00003513, 0.00003421, 0.00003318, 0.00003207, 0.00003092, 0.00002977, 0.00002846, 0.00002711, 0.00002576, 0.00002442, 0.00002311
-0.05701327, -0.05636635, -0.05443398, -0.05146286, -0.04774026, -0.04357282, -0.03922527, -0.03489938, -0.03073534, -0.02682785, -0.02324128, -0.01999964, -0.01711382, -0.01457220, -0.01235725, -0.01044177, -0.00879716, -0.00739259, -0.00619890, -0.00518876, -0.00433669, -0.00362003, -0.00301845, -0.00251447, -0.00209316, -0.00174115, -0.00144700, -0.00120166, -0.00099725, -0.00082687, -0.00068476, -0.00056622, -0.00046743, -0.00038506, -0.00031631, -0.00025880, -0.00021089, -0.00017088, -0.00013748, -0.00010962, -0.00008639, -0.00006698, -0.00005079, -0.00003731, -0.00002615, -0.00001683, -0.00000920, -0.00000292, 0.00000221, 0.00000636, 0.00000969, 0.00001231, 0.00001434, 0.00001588, 0.00001701, 0.00001780, 0.00001836, 0.00001861, 0.00001865, 0.00001853, 0.00001828, 0.00001792
-0.04393643, -0.04351730, -0.04225486, -0.04028369, -0.03776054, -0.03486897, -0.03178001, -0.02863551, -0.02554316, -0.02258302, -0.01981516, -0.01726898, -0.01496393, -0.01290087, -0.01107492, -0.00947197, -0.00807579, -0.00686680, -0.00582556, -0.00493283, -0.00417008, -0.00352066, -0.00296889, -0.00250112, -0.00210549, -0.00177115, -0.00148861, -0.00125034, -0.00104961, -0.00088046, -0.00073787, -0.00061767, -0.00051643, -0.00043111, -0.00035918, -0.00029838, -0.00024720, -0.00020402, -0.00016760, -0.00013689, -0.00011101, -0.00008916, -0.00007073, -0.00005522, -0.00004219, -0.00003119, -0.00002204, -0.00001440, -0.00000804, -0.00000278, 0.00000153, 0.00000505, 0.00000788, 0.00001013, 0.00001191, 0.00001327, 0.00001434, 0.00001505, 0.00001551, 0.00001576, 0.00001584, 0.00001579
-0.02318080, -0.02302961, -0.02256781, -0.02183024, -0.02085248, -0.01968726, -0.01838898, -0.01700887, -0.01559142, -0.01417567, -0.01279647, -0.01147571, -0.01023266, -0.00907714, -0.00801628, -0.00705143, -0.00618149, -0.00540256, -0.00470945, -0.00409621, -0.00355601, -0.00308209, -0.00266757, -0.00230605, -0.00199163, -0.00171861, -0.00148169, -0.00127664, -0.00109936, -0.00094616, -0.00081380, -0.00069949, -0.00060084, -0.00051570, -0.00044220, -0.00037863, -0.00032387, -0.00027659, -0.00023578, -0.00020055, -0.00017015, -0.00014389, -0.00012122, -0.00010166, -0.00008479, -0.00007019, -0.00005768, -0.00004691, -0.00003766, -0.00002973, -0.00002295, -0.00001717, -0.00001226, -0.00000809, -0.00000457, -0.00000161, 0.00000091, 0.00000296, 0.00000463, 0.00000600, 0.00000709, 0.00000795
-0.29800266, -0.28467560, -0.24972751, -0.20760050, -0.16879271, -0.13690065, -0.11129103, -0.09036081, -0.07295871, -0.05847755, -0.04656732, -0.03689150, -0.02912137, -0.02291896, -0.01799287, -0.01409104, -0.01101191, -0.00858848, -0.00668726, -0.00519957, -0.00403753, -0.00313155, -0.00242567, -0.00187631, -0.00144989, -0.00111866, -0.00086096, -0.00066089, -0.00050600, -0.00038579, -0.00029224, -0.00021936, -0.00016280, -0.00011878, -0.00008441, -0.00005741, -0.00003637, -0.00001988, -0.00000699, 0.00000304, 0.00001081, 0.00001695, 0.00002173, 0.00002538, 0.00002807, 0.00003008, 0.00003145, 0.00003236, 0.00003286, 0.00003302, 0.00003287, 0.00003248, 0.00003189, 0.00003115, 0.00003029, 0.00002935, 0.00002840, 0.00002729, 0.00002613, 0.00002494, 0.00002376, 0.00002259
-0.02474921, -0.02458669, -0.02410068, -0.02331703, -0.02228002, -0.02104236, -0.01965915, -0.01818679, -0.01667358, -0.01516013, -0.01368428, -0.01227107, -0.01093992, -0.00970312, -0.00856733, -0.00753499, -0.00660443, -0.00577176, -0.00503125, -0.00437641, -0.00379994, -0.00329442, -0.00285244, -0.00246727, -0.00213233, -0.00184149, -0.00158913, -0.00137081, -0.00118197, -0.00101869, -0.00087754, -0.00075562, -0.00065031, -0.00055933, -0.00048070, -0.00041263, -0.00035389, -0.00030312, -0.00025924, -0.00022129, -0.00018846, -0.00016006, -0.00013550, -0.00011427, -0.00009593, -0.00008000, -0.00006632, -0.00005451, -0.00004435, -0.00003561, -0.00002811, -0.00002169, -0.00001621, -0.00001154, -0.00000757, -0.00000421, -0.00000135, 0.00000100, 0.00000295, 0.00000457, 0.00000588, 0.00000694
-0.60070188, -0.56007273, -0.46049011, -0.35386032, -0.26850034, -0.20681772, -0.16164897, -0.12676414, -0.09887985, -0.07650674, -0.05880864, -0.04500929, -0.03435787, -0.02617859, -0.01990875, -0.01511276, -0.01145142, -0.00866431, -0.00654847, -0.00494526, -0.00373261, -0.00281576, -0.00212256, -0.00159978, -0.00120544, -0.00090732, -0.00068144, -0.00051133, -0.00038268, -0.00028490, -0.00021025, -0.00015349, -0.00011013, -0.00007678, -0.00005099, -0.00003079, -0.00001513, -0.00000293, 0.00000656, 0.00001395, 0.00001987, 0.00002455, 0.00002814, 0.00003080, 0.00003274, 0.00003427, 0.00003524, 0.00003581, 0.00003600, 0.00003588, 0.00003549, 0.00003488, 0.00003410, 0.00003319, 0.00003220, 0.00003108, 0.00002991, 0.00002863, 0.00002732, 0.00002603, 0.00002475, 0.00002347
-0.10253593, -0.10091102, -0.09617463, -0.08912179, -0.08069548, -0.07172478, -0.06281307, -0.05434968, -0.04654915, -0.03951464, -0.03329352, -0.02787159, -0.02320654, -0.01923605, -0.01588491, -0.01307740, -0.01073824, -0.00879900, -0.00719764, -0.00587952, -0.00479758, -0.00391124, -0.00318607, -0.00259408, -0.00211117, -0.00171712, -0.00139544, -0.00113360, -0.00092020, -0.00074609, -0.00060390, -0.00048791, -0.00039321, -0.00031576, -0.00025238, -0.00020032, -0.00015776, -0.00012290, -0.00009435, -0.00007097, -0.00005176, -0.00003600, -0.00002314, -0.00001269, -0.00000422, 0.00000273, 0.00000826, 0.00001265, 0.00001609, 0.00001873, 0.00002070, 0.00002212, 0.00002308, 0.00002367, 0.00002397, 0.00002399, 0.00002384, 0.00002346, 0.00002295, 0.00002235, 0.00002168, 0.00002094
-0.84566941, -0.77223151, -0.60110958, -0.43365861, -0.31325738, -0.23437735, -0.18014729, -0.13938236, -0.10716979, -0.08164061, -0.06177476, -0.04657903, -0.03506541, -0.02637144, -0.01980288, -0.01484599, -0.01111069, -0.00830437, -0.00620175, -0.00462915, -0.00345454, -0.00257722, -0.00192162, -0.00143302, -0.00106870, -0.00079623, -0.00059187, -0.00043966, -0.00032567, -0.00023974, -0.00017460, -0.00012546, -0.00008814, -0.00005955, -0.00003750, -0.00002021, -0.00000681, 0.00000363, 0.00001175, 0.00001808, 0.00002319, 0.00002725, 0.00003035, 0.00003264, 0.00003428, 0.00003558, 0.00003637, 0.00003679, 0.00003687, 0.00003665, 0.00003616, 0.00003548, 0.00003463, 0.00003366, 0.00003261, 0.00003144, 0.00003022, 0.00002888, 0.00002754, 0.00002620, 0.00002489, 0.00002357
-0.06326298, -0.06254605, -0.06042289, -0.05713250, -0.05299941, -0.04835374, -0.04348714, -0.03863604, -0.03396620, -0.02958610, -0.02557089, -0.02195136, -0.01873540, -0.01591261, -0.01345880, -0.01134433, -0.00953432, -0.00799386, -0.00668892, -0.00558806, -0.00466245, -0.00388608, -0.00323610, -0.00269325, -0.00224040, -0.00186268, -0.00154761, -0.00128550, -0.00106727, -0.00088546, -0.00073391, -0.00060768, -0.00050247, -0.00041470, -0.00034143, -0.00028008, -0.00022893, -0.00018619, -0.00015048, -0.00012065, -0.00009566, -0.00007477, -0.00005733, -0.00004282, -0.00003075, -0.00002062, -0.00001231, -0.00000545, 0.00000016, 0.00000472, 0.00000839, 0.00001130, 0.00001358, 0.00001534, 0.00001666, 0.00001759, 0.00001824, 0.00001859, 0.00001871, 0.00001867, 0.00001849, 0.00001819
-0.23200160, -0.22486655, -0.20524343, -0.17925897, -0.15237096, -0.12760990, -0.10592303, -0.08727663, -0.07137323, -0.05792534, -0.04670055, -0.03744113, -0.02988304, -0.02376726, -0.01884679, -0.01490885, -0.01176874, -0.00927365, -0.00729694, -0.00573494, -0.00450313, -0.00353302, -0.00276955, -0.00217006, -0.00169948, -0.00132972, -0.00103887, -0.00081102, -0.00063213, -0.00049137, -0.00038041, -0.00029314, -0.00022436, -0.00017001, -0.00012696, -0.00009267, -0.00006553, -0.00004400, -0.00002694, -0.00001342, -0.00000258, 0.00000603, 0.00001281, 0.00001807, 0.00002211, 0.00002533, 0.00002767, 0.00002936, 0.00003048, 0.00003114, 0.00003140, 0.00003135, 0.00003105, 0.00003055, 0.00002991, 0.00002911, 0.00002823, 0.00002721, 0.00002614, 0.00002505, 0.00002395, 0.00002284
-664.09772995, -126.48260339, -6.80404205, 1.56373083, 0.79362372, -0.01339379, -0.40541834, -0.45102352, -0.02354021, -0.00280625, 0.02583343, -0.03457126, -0.06565995, -0.02061346, 0.01574723, 0.00839158, -0.03963275, -0.03183854, 0.00010900, 0.01774505, 0.02070635, -0.02247084, -0.01958663, 0.01680610, 0.01422585, -0.01327763, -0.00821032, 0.00462381, -0.00222850, 0.00517087, 0.00905963, -0.00917509, 0.00760038, 0.00116164, 0.00251710, 0.00679004, -0.00621879, 0.00392119, -0.00282712, 0.00505897, -0.00524042, -0.00045144, -0.00251383, 0.00435849, 0.00206034, 0.00089210, -0.00309933, 0.00378265, -0.00001512, 0.00238749, -0.00320282, -0.00013155, -0.00189732, 0.00284366, -0.00197960, 0.00178195, -0.00241818, 0.00167989, 0.00011538, 0.00216125, -0.00126137, -0.00026415
-0.19732655, -0.19324132, -0.18152724, -0.16503016, -0.14654052, -0.12809936, -0.11076590, -0.09493420, -0.08069868, -0.06808659, -0.05705625, -0.04753277, -0.03941028, -0.03254044, -0.02677802, -0.02197039, -0.01798092, -0.01468344, -0.01196757, -0.00973887, -0.00791370, -0.00642306, -0.00520748, -0.00421752, -0.00341209, -0.00275824, -0.00222726, -0.00179632, -0.00144644, -0.00116315, -0.00093359, -0.00074734, -0.00059608, -0.00047339, -0.00037390, -0.00029294, -0.00022733, -0.00017401, -0.00013064, -0.00009538, -0.00006676, -0.00004359, -0.00002485, -0.00000960, 0.00000274, 0.00001274, 0.00002058, 0.00002671, 0.00003153, 0.00003523, 0.00003799, 0.00003995, 0.00004123, 0.00004196, 0.00004223, 0.00004212, 0.00004178, 0.00004113, 0.00004029, 0.00003927, 0.00003809, 0.00003680
-1.34573581, -1.21239707, -0.90644685, -0.62005603, -0.43110021, -0.32099692, -0.25143571, -0.19928662, -0.15637039, -0.12113174, -0.09312199, -0.07143381, -0.05481453, -0.04205167, -0.03221674, -0.02462448, -0.01878162, -0.01430167, -0.01087830, -0.00826831, -0.00627880, -0.00476402, -0.00361086, -0.00273335, -0.00206592, -0.00155994, -0.00117563, -0.00088339, -0.00066070, -0.00049213, -0.00036406, -0.00026626, -0.00019118, -0.00013378, -0.00008988, -0.00005589, -0.00002976, -0.00000946, 0.00000641, 0.00001880, 0.00002843, 0.00003582, 0.00004150, 0.00004605, 0.00004958, 0.00005230, 0.00005406, 0.00005514, 0.00005578, 0.00005604, 0.00005591, 0.00005544, 0.00005465, 0.00005361, 0.00005235, 0.00005093, 0.00004945, 0.00004781, 0.00004610, 0.00004430, 0.00004239, 0.00004045
-18.03221606, -12.54270973, -4.73136962, -1.38288566, -0.56229143, -0.43471653, -0.38131852, -0.30041278, -0.21512365, -0.14822066, -0.10320321, -0.07414945, -0.05450745, -0.04022427, -0.02947786, -0.02143959, -0.01556657, -0.01133202, -0.00828593, -0.00608055, -0.00446685, -0.00328667, -0.00241238, -0.00176484, -0.00129462, -0.00095482, -0.00070002, -0.00050985, -0.00037066, -0.00026590, -0.00018850, -0.00013344, -0.00008630, -0.00005399, -0.00002821, -0.00000780, 0.00000550, 0.00001924, 0.00002779, 0.00003679, 0.00004112, 0.00004665, 0.00004988, 0.00005412, 0.00005608, 0.00005781, 0.00005818, 0.00005989, 0.00005943, 0.00005978, 0.00005843, 0.00005825, 0.00005693, 0.00005646, 0.00005418, 0.00005317, 0.00005083, 0.00004967, 0.00004756, 0.00004589, 0.00004327, 0.00004129
-24.96795327, -16.54215387, -5.54376182, -1.38433896, -0.51824031, -0.43354838, -0.39617782, -0.31199382, -0.21976495, -0.14874653, -0.10241926, -0.07338147, -0.05398751, -0.03981998, -0.02909424, -0.02107407, -0.01525360, -0.01107412, -0.00807882, -0.00591816, -0.00434150, -0.00320043, -0.00234600, -0.00170511, -0.00124930, -0.00092743, -0.00067871, -0.00049096, -0.00035811, -0.00025452, -0.00017880, -0.00013050, -0.00007997, -0.00005067, -0.00002517, -0.00000435, 0.00000510, 0.00002131, 0.00002778, 0.00003879, 0.00004009, 0.00004695, 0.00004949, 0.00005565, 0.00005683, 0.00005830, 0.00005751, 0.00006118, 0.00005958, 0.00006063, 0.00005767, 0.00005839, 0.00005654, 0.00005738, 0.00005374, 0.00005377, 0.00005027, 0.00005022, 0.00004769, 0.00004654, 0.00004299, 0.00004125
-4.90834802, -3.97726470, -2.22717103, -1.07074247, -0.58282016, -0.40818347, -0.32284102, -0.25337535, -0.19099601, -0.14020492, -0.10243258, -0.07545812, -0.05611051, -0.04186313, -0.03117845, -0.02313426, -0.01712617, -0.01267552, -0.00939066, -0.00696528, -0.00516724, -0.00383262, -0.00284087, -0.00210406, -0.00155675, -0.00115182, -0.00085085, -0.00062636, -0.00045820, -0.00033338, -0.00024011, -0.00016979, -0.00011618, -0.00007563, -0.00004485, -0.00002104, -0.00000276, 0.00001152, 0.00002278, 0.00003168, 0.00003861, 0.00004395, 0.00004804, 0.00005145, 0.00005409, 0.00005614, 0.00005736, 0.00005801, 0.00005832, 0.00005833, 0.00005798, 0.00005733, 0.00005637, 0.00005518, 0.00005377, 0.00005222, 0.00005061, 0.00004885, 0.00004703, 0.00004512, 0.00004309, 0.00004104
-2.76107544, -2.35607299, -1.51846924, -0.86725275, -0.52941384, -0.37680422, -0.29366500, -0.23073472, -0.17710805, -0.13325169, -0.09954944, -0.07454769, -0.05608874, -0.04227670, -0.03182832, -0.02389430, -0.01789803, -0.01339268, -0.01001970, -0.00749779, -0.00560870, -0.00419361, -0.00313302, -0.00233826, -0.00174277, -0.00129828, -0.00096542, -0.00071557, -0.00052739, -0.00038680, -0.00028121, -0.00020131, -0.00014036, -0.00009411, -0.00005898, -0.00003184, -0.00001103, 0.00000515, 0.00001785, 0.00002781, 0.00003557, 0.00004152, 0.00004608, 0.00004980, 0.00005270, 0.00005494, 0.00005631, 0.00005708, 0.00005748, 0.00005756, 0.00005728, 0.00005668, 0.00005578, 0.00005463, 0.00005327, 0.00005176, 0.00005020, 0.00004847, 0.00004670, 0.00004482, 0.00004284, 0.00004083
-5.56398719, -4.45320421, -2.41216612, -1.11312254, -0.59027179, -0.41335558, -0.32878338, -0.25809406, -0.19373750, -0.14142407, -0.10282932, -0.07550766, -0.05603154, -0.04173073, -0.03101760, -0.02296269, -0.01696018, -0.01252684, -0.00926424, -0.00686093, -0.00508258, -0.00376463, -0.00278668, -0.00206119, -0.00152315, -0.00112572, -0.00083068, -0.00061082, -0.00044628, -0.00032426, -0.00023316, -0.00016452, -0.00011216, -0.00007258, -0.00004254, -0.00001928, -0.00000144, 0.00001254, 0.00002357, 0.00003230, 0.00003909, 0.00004434, 0.00004836, 0.00005172, 0.00005433, 0.00005635, 0.00005754, 0.00005818, 0.00005847, 0.00005846, 0.00005810, 0.00005744, 0.00005648, 0.00005529, 0.00005386, 0.00005230, 0.00005068, 0.00004892, 0.00004709, 0.00004518, 0.00004314, 0.00004107
-2.14108471, -1.86482603, -1.27110954, -0.77722094, -0.49769558, -0.35904109, -0.27954089, -0.22007257, -0.17023172, -0.12942205, -0.09766275, -0.07372880, -0.05582562, -0.04231622, -0.03203799, -0.02419392, -0.01823058, -0.01371918, -0.01031833, -0.00775923, -0.00583157, -0.00438018, -0.00328705, -0.00246395, -0.00184430, -0.00137953, -0.00102996, -0.00076654, -0.00056746, -0.00041815, -0.00030562, -0.00022026, -0.00015505, -0.00010548, -0.00006776, -0.00003862, -0.00001626, 0.00000109, 0.00001469, 0.00002534, 0.00003361, 0.00003996, 0.00004482, 0.00004877, 0.00005184, 0.00005420, 0.00005568, 0.00005652, 0.00005699, 0.00005711, 0.00005688, 0.00005631, 0.00005544, 0.00005432, 0.00005299, 0.00005150, 0.00004997, 0.00004827, 0.00004651, 0.00004466, 0.00004271, 0.00004071
-0.10589875, -0.10459862, -0.10070093, -0.09480014, -0.08752789, -0.07952656, -0.07130696, -0.06322632, -0.05551740, -0.04834531, -0.04179288, -0.03589860, -0.03066976, -0.02607835, -0.02208738, -0.01864294, -0.01569019, -0.01317215, -0.01103445, -0.00922743, -0.00770436, -0.00642450, -0.00535132, -0.00445299, -0.00370200, -0.00307555, -0.00255299, -0.00211755, -0.00175463, -0.00145279, -0.00120164, -0.00099253, -0.00081832, -0.00067330, -0.00055258, -0.00045185, -0.00036807, -0.00029825, -0.00024002, -0.00019147, -0.00015102, -0.00011737, -0.00008937, -0.00006601, -0.00004658, -0.00003037, -0.00001709, -0.00000619, 0.00000277, 0.00001007, 0.00001597, 0.00002067, 0.00002435, 0.00002718, 0.00002930, 0.00003081, 0.00003189, 0.00003248, 0.00003274, 0.00003268, 0.00003236, 0.00003184
-0.45927109, -0.43910403, -0.38605401, -0.32175275, -0.26208139, -0.21269267, -0.17284509, -0.14022868, -0.11312639, -0.09060301, -0.07209822, -0.05707794, -0.04502585, -0.03541384, -0.02778698, -0.02175214, -0.01699447, -0.01325353, -0.01032104, -0.00802796, -0.00623789, -0.00484294, -0.00375651, -0.00291104, -0.00225469, -0.00174481, -0.00134801, -0.00103956, -0.00080048, -0.00061470, -0.00046987, -0.00035677, -0.00026870, -0.00019993, -0.00014604, -0.00010352, -0.00007017, -0.00004386, -0.00002311, -0.00000680, 0.00000599, 0.00001618, 0.00002427, 0.00003059, 0.00003540, 0.00003908, 0.00004176, 0.00004371, 0.00004500, 0.00004573, 0.00004597, 0.00004580, 0.00004529, 0.00004452, 0.00004355, 0.00004243, 0.00004125, 0.00003983, 0.00003831, 0.00003672, 0.00003511, 0.00003350
-4.45381130, -3.61502261, -2.06422088, -1.04687504, -0.59830966, -0.41559721, -0.31706462, -0.24184623, -0.17938554, -0.13032005, -0.09418025, -0.06839028, -0.05000565, -0.03667906, -0.02688740, -0.01966132, -0.01435490, -0.01047892, -0.00765888, -0.00560592, -0.00410786, -0.00301270, -0.00221007, -0.00162153, -0.00119163, -0.00087644, -0.00064362, -0.00047147, -0.00034498, -0.00025101, -0.00018037, -0.00012685, -0.00008651, -0.00005583, -0.00003210, -0.00001338, 0.00000125, 0.00001294, 0.00002219, 0.00002950, 0.00003517, 0.00003992, 0.00004378, 0.00004681, 0.00004897, 0.00005053, 0.00005154, 0.00005220, 0.00005242, 0.00005226, 0.00005174, 0.00005092, 0.00004983, 0.00004855, 0.00004711, 0.00004558, 0.00004404, 0.00004226, 0.00004037, 0.00003845, 0.00003653, 0.00003465
-428.01981778, -122.98953506, -8.46472862, 0.96002127, 0.31650374, -0.36858694, -0.53150483, -0.43002696, -0.16546655, -0.09486260, -0.05278398, -0.05754276, -0.05696316, -0.03156973, -0.01147926, -0.00913768, -0.02301046, -0.01748099, -0.00422842, 0.00331660, 0.00508398, -0.00991706, -0.00827037, 0.00533693, 0.00450867, -0.00537079, -0.00330866, 0.00144585, -0.00100013, 0.00177862, 0.00316908, -0.00341428, 0.00276506, 0.00038371, 0.00092260, 0.00244296, -0.00225229, 0.00144807, -0.00100788, 0.00187113, -0.00189706, -0.00012290, -0.00088782, 0.00163762, 0.00077302, 0.00036948, -0.00109876, 0.00143264, 0.00002828, 0.00091423, -0.00113615, -0.00000330, -0.00065468, 0.00107617, -0.00068877, 0.00068236, -0.00084621, 0.00064403, 0.00007687, 0.00081215, -0.00042923, -0.00007359
-1976.89570569, -272.48986043, -16.42710012, 5.58684261, 3.68230437, 1.06667825, -0.63728453, -1.15366360, 0.27547015, 0.21857628, 0.25605907, -0.02966343, -0.18619650, -0.03045946, 0.09847781, 0.05932866, -0.13807621, -0.11422962, 0.00851576, 0.07600804, 0.08703986, -0.08511199, -0.07546161, 0.06735962, 0.05749540, -0.05113367, -0.03193219, 0.01861466, -0.00843009, 0.02046390, 0.03612514, -0.03604639, 0.02980800, 0.00469599, 0.00982215, 0.02694384, -0.02460910, 0.01538092, -0.01123088, 0.01985966, -0.02065907, -0.00193640, -0.00997692, 0.01701015, 0.00811964, 0.00337871, -0.01227722, 0.01472699, -0.00012588, 0.00928763, -0.01268154, -0.00065236, -0.00757005, 0.01110754, -0.00787586, 0.00695549, -0.00962627, 0.00655307, 0.00035954, 0.00848652, -0.00505501, -0.00107929
-1.11780065, -1.02006169, -0.79154761, -0.56808138, -0.40922954, -0.30739003, -0.23851059, -0.18661454, -0.14502372, -0.11157906, -0.08525455, -0.06492176, -0.04938438, -0.03752922, -0.02848050, -0.02157177, -0.01630974, -0.01231287, -0.00928686, -0.00699984, -0.00527334, -0.00397099, -0.00298831, -0.00224707, -0.00168958, -0.00126959, -0.00095216, -0.00071239, -0.00053204, -0.00039571, -0.00029200, -0.00021278, -0.00015256, -0.00010650, -0.00007100, -0.00004331, -0.00002184, -0.00000502, 0.00000815, 0.00001841, 0.00002637, 0.00003277, 0.00003788, 0.00004183, 0.00004473, 0.00004688, 0.00004835, 0.00004933, 0.00004984, 0.00004992, 0.00004962, 0.00004899, 0.00004809, 0.00004697, 0.00004570, 0.00004431, 0.00004291, 0.00004127, 0.00003953, 0.00003775, 0.00003596, 0.00003420
-0.22266897, -0.21747953, -0.20277245, -0.18232203, -0.15979868, -0.13774200, -0.11738672, -0.09913350, -0.08302241, -0.06898943, -0.05694211, -0.04672157, -0.03815555, -0.03103505, -0.02516259, -0.02034448, -0.01641121, -0.01321165, -0.01061862, -0.00852280, -0.00683284, -0.00547296, -0.00437978, -0.00350204, -0.00279874, -0.00223512, -0.00178296, -0.00142066, -0.00113091, -0.00089885, -0.00071267, -0.00056315, -0.00044331, -0.00034709, -0.00026971, -0.00020723, -0.00015701, -0.00011651, -0.00008385, -0.00005758, -0.00003646, -0.00001937, -0.00000558, 0.00000547, 0.00001423, 0.00002121, 0.00002661, 0.00003082, 0.00003399, 0.00003630, 0.00003787, 0.00003884, 0.00003930, 0.00003935, 0.00003909, 0.00003857, 0.00003792, 0.00003698, 0.00003587, 0.00003466, 0.00003338, 0.00003206
-10.72577434, -7.82777187, -3.43342773, -1.30555305, -0.64053425, -0.44981982, -0.35397658, -0.26877943, -0.19344857, -0.13537858, -0.09479304, -0.06740626, -0.04863357, -0.03527296, -0.02553452, -0.01841261, -0.01325941, -0.00956044, -0.00691601, -0.00501926, -0.00365075, -0.00266111, -0.00193941, -0.00141258, -0.00103294, -0.00075807, -0.00055449, -0.00040409, -0.00029502, -0.00021340, -0.00015214, -0.00010671, -0.00007068, -0.00004435, -0.00002340, -0.00000661, 0.00000578, 0.00001692, 0.00002497, 0.00003213, 0.00003676, 0.00004149, 0.00004501, 0.00004828, 0.00005016, 0.00005156, 0.00005225, 0.00005326, 0.00005319, 0.00005314, 0.00005223, 0.00005155, 0.00005029, 0.00004924, 0.00004747, 0.00004611, 0.00004429, 0.00004269, 0.00004066, 0.00003880, 0.00003664, 0.00003478
-376.77721254, -113.73223731, -8.48417316, 0.72603573, 0.22513396, -0.38968204, -0.52222491, -0.41366411, -0.17487863, -0.10174555, -0.05912639, -0.05811035, -0.05446003, -0.03167207, -0.01370991, -0.01050034, -0.02071697, -0.01560303, -0.00451359, 0.00185607, 0.00348115, -0.00840992, -0.00695190, 0.00407898, 0.00345910, -0.00444643, -0.00274543, 0.00110052, -0.00085140, 0.00140009, 0.00252078, -0.00276309, 0.00221771, 0.00030078, 0.00074128, 0.00196148, -0.00180850, 0.00116933, -0.00080479, 0.00151207, -0.00151990, -0.00008916, -0.00070553, 0.00132840, 0.00063010, 0.00030820, -0.00087421, 0.00116458, 0.00003270, 0.00074643, -0.00090432, 0.00000829, -0.00051667, 0.00087568, -0.00054490, 0.00055777, -0.00067165, 0.00052639, 0.00007034, 0.00066033, -0.00033769, -0.00005276
-0.38455857, -0.37007744, -0.33119660, -0.28225920, -0.23466276, -0.19343037, -0.15898402, -0.13017546, -0.10592811, -0.08557764, -0.06869425, -0.05484645, -0.04361922, -0.03457852, -0.02733985, -0.02156446, -0.01697433, -0.01333649, -0.01046289, -0.00819806, -0.00641676, -0.00501816, -0.00392075, -0.00306051, -0.00238770, -0.00186126, -0.00144866, -0.00112564, -0.00087345, -0.00067612, -0.00052128, -0.00039960, -0.00030424, -0.00022931, -0.00017026, -0.00012347, -0.00008657, -0.00005734, -0.00003419, -0.00001591, -0.00000151, 0.00000999, 0.00001914, 0.00002632, 0.00003184, 0.00003610, 0.00003925, 0.00004158, 0.00004319, 0.00004418, 0.00004463, 0.00004465, 0.00004430, 0.00004366, 0.00004281, 0.00004178, 0.00004069, 0.00003936, 0.00003790, 0.00003638, 0.00003482, 0.00003327
-0.06098459, -0.06031303, -0.05828934, -0.05518416, -0.05128881, -0.04692365, -0.04236114, -0.03780817, -0.03340877, -0.02926882, -0.02545198, -0.02198755, -0.01889041, -0.01614993, -0.01375142, -0.01166743, -0.00987017, -0.00832829, -0.00701197, -0.00589311, -0.00494514, -0.00414445, -0.00346958, -0.00290181, -0.00242500, -0.00202523, -0.00169000, -0.00140925, -0.00117429, -0.00097785, -0.00081350, -0.00067593, -0.00056079, -0.00046448, -0.00038387, -0.00031623, -0.00025968, -0.00021230, -0.00017258, -0.00013930, -0.00011144, -0.00008813, -0.00006858, -0.00005220, -0.00003853, -0.00002705, -0.00001762, -0.00000978, -0.00000330, 0.00000202, 0.00000635, 0.00000983, 0.00001260, 0.00001477, 0.00001643, 0.00001767, 0.00001860, 0.00001919, 0.00001951, 0.00001961, 0.00001953, 0.00001931
-1229.02016034, -202.67541407, -8.95365972, 4.17623126, 2.21598754, 0.44352124, -0.48881475, -0.69846041, 0.11171916, 0.09742291, 0.12116328, -0.02892021, -0.10906924, -0.02334265, 0.04725728, 0.02763503, -0.07655606, -0.06264461, 0.00323068, 0.03948380, 0.04532280, -0.04610934, -0.04054721, 0.03578463, 0.03037623, -0.02756293, -0.01710674, 0.00986349, -0.00457003, 0.01092196, 0.01916940, -0.01926069, 0.01595941, 0.00247253, 0.00527010, 0.01431822, -0.01311168, 0.00821969, -0.00597993, 0.01060794, -0.01104022, -0.00100360, -0.00532256, 0.00910934, 0.00431345, 0.00182473, -0.00655370, 0.00789424, -0.00006721, 0.00497407, -0.00676916, -0.00032573, -0.00402954, 0.00594140, -0.00419690, 0.00371723, -0.00512263, 0.00350444, 0.00020837, 0.00452696, -0.00268321, -0.00057457
-0.17658215, -0.17189738, -0.15879978, -0.14111395, -0.12232952, -0.10458581, -0.08866951, -0.07464874, -0.06238345, -0.05175492, -0.04265539, -0.03495574, -0.02851884, -0.02317795, -0.01878024, -0.01517435, -0.01223253, -0.00984044, -0.00790211, -0.00633615, -0.00507375, -0.00405843, -0.00324279, -0.00258825, -0.00206382, -0.00164427, -0.00130827, -0.00103933, -0.00082433, -0.00065271, -0.00051542, -0.00040545, -0.00031737, -0.00024694, -0.00019052, -0.00014514, -0.00010883, -0.00007965, -0.00005620, -0.00003738, -0.00002232, -0.00001030, -0.00000062, 0.00000714, 0.00001329, 0.00001818, 0.00002186, 0.00002470, 0.00002684, 0.00002838, 0.00002941, 0.00003001, 0.00003026, 0.00003022, 0.00002994, 0.00002948, 0.00002893, 0.00002821, 0.00002737, 0.00002644, 0.00002544, 0.00002441
-2.10986679, -1.77974565, -1.11575607, -0.62079115, -0.37368283, -0.26419797, -0.20434425, -0.15903426, -0.12085811, -0.09004860, -0.06665735, -0.04947495, -0.03690840, -0.02759005, -0.02060370, -0.01534486, -0.01140595, -0.00847031, -0.00629128, -0.00467499, -0.00347399, -0.00258120, -0.00191676, -0.00142213, -0.00105458, -0.00078196, -0.00057866, -0.00042666, -0.00031328, -0.00022890, -0.00016550, -0.00011746, -0.00008097, -0.00005341, -0.00003236, -0.00001599, -0.00000339, 0.00000650, 0.00001428, 0.00002038, 0.00002510, 0.00002872, 0.00003168, 0.00003404, 0.00003580, 0.00003711, 0.00003784, 0.00003829, 0.00003849, 0.00003844, 0.00003813, 0.00003760, 0.00003687, 0.00003599, 0.00003498, 0.00003388, 0.00003277, 0.00003157, 0.00003028, 0.00002891, 0.00002752, 0.00002613
-0.04913056, -0.04866463, -0.04724761, -0.04504520, -0.04223059, -0.03901245, -0.03557995, -0.03208777, -0.02865225, -0.02536573, -0.02228888, -0.01945531, -0.01688698, -0.01458420, -0.01254292, -0.01074740, -0.00918059, -0.00782118, -0.00664782, -0.00563984, -0.00477676, -0.00404046, -0.00341370, -0.00288124, -0.00242983, -0.00204781, -0.00172450, -0.00145127, -0.00122055, -0.00102592, -0.00086166, -0.00072297, -0.00060589, -0.00050711, -0.00042372, -0.00035317, -0.00029369, -0.00024343, -0.00020094, -0.00016505, -0.00013474, -0.00010916, -0.00008752, -0.00006923, -0.00005382, -0.00004077, -0.00002989, -0.00002076, -0.00001312, -0.00000676, -0.00000149, 0.00000283, 0.00000636, 0.00000921, 0.00001148, 0.00001326, 0.00001469, 0.00001571, 0.00001643, 0.00001688, 0.00001712, 0.00001719
-0.18687406, -0.18165435, -0.16714300, -0.14774437, -0.12740254, -0.10843155, -0.09159222, -0.07686800, -0.06405192, -0.05298829, -0.04354948, -0.03559037, -0.02895909, -0.02347470, -0.01897265, -0.01529159, -0.01229665, -0.00986780, -0.00790473, -0.00632292, -0.00505093, -0.00403041, -0.00321259, -0.00255789, -0.00203460, -0.00161698, -0.00128333, -0.00101689, -0.00080440, -0.00063518, -0.00050015, -0.00039222, -0.00030597, -0.00023717, -0.00018219, -0.00013804, -0.00010280, -0.00007454, -0.00005187, -0.00003372, -0.00001923, -0.00000769, 0.00000159, 0.00000901, 0.00001487, 0.00001953, 0.00002300, 0.00002567, 0.00002767, 0.00002909, 0.00003002, 0.00003054, 0.00003071, 0.00003061, 0.00003028, 0.00002977, 0.00002918, 0.00002843, 0.00002756, 0.00002659, 0.00002557, 0.00002452
-0.02218794, -0.02205815, -0.02165299, -0.02100719, -0.02014548, -0.01911222, -0.01795200, -0.01670740, -0.01541631, -0.01411597, -0.01283608, -0.01159834, -0.01042197, -0.00931728, -0.00829325, -0.00735256, -0.00649628, -0.00572222, -0.00502697, -0.00440621, -0.00385434, -0.00336597, -0.00293515, -0.00255624, -0.00222386, -0.00193300, -0.00167867, -0.00145685, -0.00126354, -0.00109532, -0.00094898, -0.00082170, -0.00071106, -0.00061494, -0.00053144, -0.00045877, -0.00039573, -0.00034097, -0.00029339, -0.00025204, -0.00021613, -0.00018494, -0.00015782, -0.00013425, -0.00011378, -0.00009594, -0.00008053, -0.00006717, -0.00005559, -0.00004556, -0.00003691, -0.00002944, -0.00002302, -0.00001751, -0.00001278, -0.00000875, -0.00000527, -0.00000236, 0.00000009, 0.00000213, 0.00000382, 0.00000522
-0.09808073, -0.09652457, -0.09195757, -0.08524188, -0.07728604, -0.06889189, -0.06060556, -0.05274431, -0.04547305, -0.03888572, -0.03301754, -0.02785966, -0.02338727, -0.01954447, -0.01627367, -0.01350647, -0.01118021, -0.00923312, -0.00761040, -0.00626266, -0.00514626, -0.00422411, -0.00346356, -0.00283721, -0.00232221, -0.00189940, -0.00155207, -0.00126700, -0.00103323, -0.00084175, -0.00068472, -0.00055582, -0.00045002, -0.00036328, -0.00029208, -0.00023346, -0.00018540, -0.00014589, -0.00011340, -0.00008670, -0.00006479, -0.00004684, -0.00003207, -0.00001994, -0.00001004, -0.00000192, 0.00000454, 0.00000975, 0.00001392, 0.00001720, 0.00001973, 0.00002162, 0.00002299, 0.00002391, 0.00002447, 0.00002474, 0.00002482, 0.00002464, 0.00002429, 0.00002379, 0.00002317, 0.00002248
-32.16033035, -18.66654695, -4.71392931, -0.85004355, -0.29401120, -0.30026945, -0.28698463, -0.22154765, -0.14988691, -0.09802824, -0.06604605, -0.04702686, -0.03453933, -0.02527365, -0.01823537, -0.01306490, -0.00944008, -0.00679702, -0.00488558, -0.00352860, -0.00256448, -0.00194912, -0.00142484, -0.00097246, -0.00070876, -0.00057000, -0.00041187, -0.00027758, -0.00021300, -0.00013809, -0.00008770, -0.00009221, -0.00003030, -0.00002604, -0.00000762, 0.00001195, -0.00000550, 0.00002323, 0.00001483, 0.00003624, 0.00001770, 0.00003132, 0.00002899, 0.00004598, 0.00004190, 0.00004102, 0.00003275, 0.00004819, 0.00003974, 0.00004492, 0.00003238, 0.00003861, 0.00003389, 0.00004304, 0.00003158, 0.00003839, 0.00002840, 0.00003574, 0.00003117, 0.00003382, 0.00002529, 0.00002577
-0.11943431, -0.11719672, -0.11072276, -0.10143278, -0.09077014, -0.07987946, -0.06943721, -0.05976402, -0.05098533, -0.04315552, -0.03627657, -0.03030904, -0.02519885, -0.02086022, -0.01720890, -0.01415290, -0.01161048, -0.00950344, -0.00776418, -0.00633330, -0.00515898, -0.00419776, -0.00341206, -0.00277065, -0.00224787, -0.00182241, -0.00147590, -0.00119390, -0.00096462, -0.00077844, -0.00062703, -0.00050377, -0.00040344, -0.00032187, -0.00025547, -0.00020123, -0.00015713, -0.00012116, -0.00009182, -0.00006790, -0.00004845, -0.00003265, -0.00001974, -0.00000924, -0.00000075, 0.00000614, 0.00001154, 0.00001583, 0.00001921, 0.00002180, 0.00002373, 0.00002510, 0.00002602, 0.00002655, 0.00002677, 0.00002673, 0.00002655, 0.00002615, 0.00002560, 0.00002492, 0.00002414, 0.00002331
-554.63852536, -107.40695022, -5.49183976, 1.44920690, 0.70613340, -0.00578789, -0.33686884, -0.37176933, -0.01941696, -0.00200303, 0.02096990, -0.02883423, -0.05433943, -0.01740392, 0.01245941, 0.00654001, -0.03266871, -0.02621414, -0.00004133, 0.01441514, 0.01684992, -0.01844251, -0.01605308, 0.01373478, 0.01162106, -0.01087659, -0.00671780, 0.00378407, -0.00182142, 0.00423658, 0.00741290, -0.00750188, 0.00622693, 0.00095438, 0.00206616, 0.00555735, -0.00508231, 0.00321309, -0.00230837, 0.00414323, -0.00428500, -0.00036481, -0.00205383, 0.00357018, 0.00168708, 0.00073310, -0.00253393, 0.00309837, -0.00001077, 0.00195570, -0.00261923, -0.00010535, -0.00155078, 0.00232819, -0.00161855, 0.00145893, -0.00197711, 0.00137536, 0.00009570, 0.00176856, -0.00103097, -0.00021578
-6.94154871, -4.97073835, -2.11079840, -0.79726212, -0.39625343, -0.27702571, -0.21458381, -0.16074766, -0.11459843, -0.07960669, -0.05533206, -0.03903099, -0.02791635, -0.02007564, -0.01441260, -0.01031229, -0.00736868, -0.00527108, -0.00378159, -0.00272142, -0.00196305, -0.00141955, -0.00102500, -0.00073912, -0.00053517, -0.00038871, -0.00027997, -0.00020088, -0.00014401, -0.00010102, -0.00006882, -0.00004595, -0.00002695, -0.00001356, -0.00000269, 0.00000615, 0.00001220, 0.00001814, 0.00002194, 0.00002563, 0.00002774, 0.00003024, 0.00003177, 0.00003333, 0.00003387, 0.00003438, 0.00003435, 0.00003474, 0.00003422, 0.00003387, 0.00003283, 0.00003217, 0.00003108, 0.00003030, 0.00002892, 0.00002796, 0.00002650, 0.00002541, 0.00002400, 0.00002281, 0.00002136, 0.00002017
-0.08335781, -0.08203230, -0.07816910, -0.07243144, -0.06559143, -0.05832526, -0.05111854, -0.04427809, -0.03797077, -0.03227696, -0.02723509, -0.02283345, -0.01904027, -0.01580580, -0.01307111, -0.01077565, -0.00885969, -0.00726832, -0.00595191, -0.00486652, -0.00397414, -0.00324202, -0.00264219, -0.00215183, -0.00175141, -0.00142438, -0.00115713, -0.00093943, -0.00076195, -0.00061712, -0.00049880, -0.00040227, -0.00032348, -0.00025908, -0.00020641, -0.00016317, -0.00012787, -0.00009899, -0.00007537, -0.00005608, -0.00004026, -0.00002731, -0.00001677, -0.00000822, -0.00000134, 0.00000430, 0.00000874, 0.00001226, 0.00001498, 0.00001705, 0.00001857, 0.00001963, 0.00002032, 0.00002071, 0.00002085, 0.00002079, 0.00002059, 0.00002019, 0.00001969, 0.00001912, 0.00001849, 0.00001782
-1.17345625, -1.02785694, -0.71730321, -0.45738673, -0.30283180, -0.21801458, -0.16535984, -0.12658604, -0.09583257, -0.07162258, -0.05316518, -0.03940909, -0.02923823, -0.02170322, -0.01609373, -0.01191265, -0.00880188, -0.00649598, -0.00479168, -0.00353397, -0.00260623, -0.00192148, -0.00141545, -0.00104244, -0.00076758, -0.00056430, -0.00041327, -0.00030204, -0.00021968, -0.00015819, -0.00011191, -0.00007730, -0.00005126, -0.00003146, -0.00001627, -0.00000437, 0.00000478, 0.00001189, 0.00001738, 0.00002158, 0.00002498, 0.00002766, 0.00002969, 0.00003112, 0.00003206, 0.00003278, 0.00003313, 0.00003321, 0.00003303, 0.00003262, 0.00003202, 0.00003125, 0.00003037, 0.00002939, 0.00002837, 0.00002727, 0.00002613, 0.00002489, 0.00002365, 0.00002242, 0.00002123, 0.00002005
-0.08631722, -0.08490759, -0.08080643, -0.07473815, -0.06753789, -0.05992654, -0.05241188, -0.04530713, -0.03877785, -0.03290064, -0.02770977, -0.02318896, -0.01930202, -0.01599499, -0.01320464, -0.01086720, -0.00891994, -0.00730566, -0.00597259, -0.00487542, -0.00397492, -0.00323738, -0.00263413, -0.00214178, -0.00174038, -0.00141308, -0.00114603, -0.00092885, -0.00075207, -0.00060803, -0.00049054, -0.00039483, -0.00031684, -0.00025318, -0.00020120, -0.00015859, -0.00012385, -0.00009547, -0.00007230, -0.00005340, -0.00003793, -0.00002528, -0.00001500, -0.00000669, -0.00000000, 0.00000546, 0.00000975, 0.00001313, 0.00001575, 0.00001772, 0.00001915, 0.00002013, 0.00002076, 0.00002109, 0.00002118, 0.00002107, 0.00002083, 0.00002040, 0.00001988, 0.00001927, 0.00001862, 0.00001793
-0.02747177, -0.02725997, -0.02662583, -0.02561413, -0.02429146, -0.02273599, -0.02102675, -0.01923894, -0.01743416, -0.01566146, -0.01396345, -0.01236557, -0.01088620, -0.00953443, -0.00831319, -0.00722052, -0.00625060, -0.00539551, -0.00464605, -0.00399262, -0.00342526, -0.00293431, -0.00251064, -0.00214609, -0.00183304, -0.00156451, -0.00133425, -0.00113741, -0.00096914, -0.00082530, -0.00070234, -0.00059730, -0.00050758, -0.00043091, -0.00036537, -0.00030923, -0.00026131, -0.00022035, -0.00018532, -0.00015537, -0.00012974, -0.00010781, -0.00008906, -0.00007304, -0.00005938, -0.00004765, -0.00003771, -0.00002926, -0.00002210, -0.00001604, -0.00001094, -0.00000666, -0.00000308, -0.00000011, 0.00000235, 0.00000436, 0.00000603, 0.00000732, 0.00000832, 0.00000910, 0.00000967, 0.00001008
-0.54720038, -0.50611161, -0.40730909, -0.30527914, -0.22730765, -0.17346199, -0.13518482, -0.10591702, -0.08251812, -0.06372920, -0.04888975, -0.03735420, -0.02847884, -0.02167753, -0.01647073, -0.01249001, -0.00945297, -0.00714284, -0.00539039, -0.00406398, -0.00306151, -0.00230435, -0.00173246, -0.00130152, -0.00097703, -0.00073218, -0.00054689, -0.00040766, -0.00030270, -0.00022318, -0.00016264, -0.00011676, -0.00008189, -0.00005520, -0.00003468, -0.00001868, -0.00000637, 0.00000316, 0.00001051, 0.00001615, 0.00002062, 0.00002411, 0.00002676, 0.00002868, 0.00003000, 0.00003102, 0.00003159, 0.00003185, 0.00003183, 0.00003155, 0.00003106, 0.00003041, 0.00002961, 0.00002873, 0.00002778, 0.00002675, 0.00002569, 0.00002452, 0.00002334, 0.00002218, 0.00002104, 0.00001991
-0.13032030, -0.12735372, -0.11894596, -0.10715606, -0.09406612, -0.08113885, -0.06912655, -0.05831789, -0.04877159, -0.04046004, -0.03333304, -0.02729788, -0.02224600, -0.01805599, -0.01460549, -0.01178170, -0.00948097, -0.00761415, -0.00610463, -0.00488749, -0.00390843, -0.00312233, -0.00249177, -0.00198707, -0.00158349, -0.00126060, -0.00100202, -0.00079574, -0.00063098, -0.00049918, -0.00039362, -0.00030920, -0.00024166, -0.00018752, -0.00014407, -0.00010904, -0.00008099, -0.00005846, -0.00004040, -0.00002595, -0.00001430, -0.00000495, 0.00000250, 0.00000837, 0.00001295, 0.00001663, 0.00001938, 0.00002145, 0.00002293, 0.00002392, 0.00002451, 0.00002477, 0.00002476, 0.00002455, 0.00002417, 0.00002365, 0.00002305, 0.00002230, 0.00002149, 0.00002064, 0.00001978, 0.00001890
-0.64188675, -0.58780000, -0.46094757, -0.33540287, -0.24396552, -0.18337402, -0.14140024, -0.10972085, -0.08461913, -0.06466590, -0.04908500, -0.03712386, -0.02802754, -0.02113591, -0.01591266, -0.01195962, -0.00897173, -0.00672105, -0.00502986, -0.00376157, -0.00281187, -0.00210074, -0.00156813, -0.00117038, -0.00087314, -0.00065040, -0.00048312, -0.00035840, -0.00026486, -0.00019427, -0.00014078, -0.00010045, -0.00006983, -0.00004641, -0.00002838, -0.00001427, -0.00000340, 0.00000503, 0.00001153, 0.00001659, 0.00002065, 0.00002382, 0.00002620, 0.00002791, 0.00002912, 0.00003006, 0.00003058, 0.00003079, 0.00003073, 0.00003043, 0.00002992, 0.00002926, 0.00002848, 0.00002761, 0.00002668, 0.00002564, 0.00002458, 0.00002344, 0.00002230, 0.00002117, 0.00002006, 0.00001896
-0.18422365, -0.17856216, -0.16300230, -0.14240167, -0.12109546, -0.10147965, -0.08429555, -0.06951233, -0.05689345, -0.04621251, -0.03728804, -0.02991940, -0.02389836, -0.01902187, -0.01509458, -0.01194864, -0.00943769, -0.00744083, -0.00585745, -0.00460530, -0.00361713, -0.00283834, -0.00222505, -0.00174327, -0.00136485, -0.00106737, -0.00083329, -0.00064994, -0.00050593, -0.00039260, -0.00030329, -0.00023307, -0.00017774, -0.00013404, -0.00009947, -0.00007193, -0.00005019, -0.00003297, -0.00001937, -0.00000860, 0.00000001, 0.00000681, 0.00001213, 0.00001623, 0.00001936, 0.00002184, 0.00002360, 0.00002483, 0.00002562, 0.00002603, 0.00002613, 0.00002599, 0.00002565, 0.00002516, 0.00002455, 0.00002382, 0.00002304, 0.00002215, 0.00002123, 0.00002030, 0.00001937, 0.00001842
-0.03404554, -0.03374284, -0.03284355, -0.03141837, -0.02957957, -0.02744787, -0.02514057, -0.02276575, -0.02040769, -0.01812918, -0.01598078, -0.01399099, -0.01217637, -0.01054325, -0.00908896, -0.00780622, -0.00668299, -0.00570609, -0.00486094, -0.00413335, -0.00350923, -0.00297559, -0.00252037, -0.00213314, -0.00180421, -0.00152501, -0.00128811, -0.00108769, -0.00091801, -0.00077434, -0.00065268, -0.00054974, -0.00046259, -0.00038878, -0.00032622, -0.00027308, -0.00022812, -0.00019001, -0.00015770, -0.00013029, -0.00010703, -0.00008729, -0.00007057, -0.00005642, -0.00004446, -0.00003427, -0.00002574, -0.00001857, -0.00001256, -0.00000755, -0.00000339, 0.00000003, 0.00000284, 0.00000513, 0.00000697, 0.00000842, 0.00000958, 0.00001042, 0.00001102, 0.00001144, 0.00001170, 0.00001181
-1.23544743, -1.07689748, -0.74305643, -0.46883668, -0.30828287, -0.22077644, -0.16651861, -0.12670247, -0.09533721, -0.07082907, -0.05226874, -0.03852507, -0.02842277, -0.02098386, -0.01547832, -0.01139914, -0.00838081, -0.00615627, -0.00452085, -0.00332030, -0.00243940, -0.00179226, -0.00131624, -0.00096719, -0.00071084, -0.00052181, -0.00038191, -0.00027928, -0.00020331, -0.00014657, -0.00010391, -0.00007204, -0.00004798, -0.00002961, -0.00001545, -0.00000428, 0.00000434, 0.00001107, 0.00001627, 0.00002034, 0.00002367, 0.00002629, 0.00002826, 0.00002964, 0.00003059, 0.00003134, 0.00003170, 0.00003179, 0.00003162, 0.00003123, 0.00003064, 0.00002990, 0.00002905, 0.00002812, 0.00002713, 0.00002603, 0.00002492, 0.00002372, 0.00002252, 0.00002135, 0.00002020, 0.00001906
-5.16283760, -3.84039260, -1.79335980, -0.75455585, -0.39576891, -0.27257562, -0.20669146, -0.15399717, -0.11040892, -0.07736842, -0.05410951, -0.03823424, -0.02731019, -0.01960664, -0.01406534, -0.01006587, -0.00719431, -0.00514692, -0.00369150, -0.00265527, -0.00191465, -0.00138334, -0.00099934, -0.00072273, -0.00052423, -0.00038079, -0.00027531, -0.00019893, -0.00014330, -0.00010154, -0.00007017, -0.00004726, -0.00002914, -0.00001566, -0.00000492, 0.00000379, 0.00001027, 0.00001587, 0.00001991, 0.00002343, 0.00002599, 0.00002836, 0.00002999, 0.00003132, 0.00003203, 0.00003263, 0.00003278, 0.00003296, 0.00003260, 0.00003219, 0.00003138, 0.00003065, 0.00002967, 0.00002879, 0.00002762, 0.00002654, 0.00002526, 0.00002408, 0.00002279, 0.00002161, 0.00002032, 0.00001915
-0.79162471, -0.71461330, -0.53981027, -0.37648297, -0.26536482, -0.19613316, -0.14993511, -0.11551256, -0.08835282, -0.06689888, -0.05031042, -0.03772167, -0.02825470, -0.02115048, -0.01581096, -0.01179943, -0.00879007, -0.00653992, -0.00486168, -0.00361247, -0.00268358, -0.00199275, -0.00147866, -0.00109728, -0.00081403, -0.00060303, -0.00044543, -0.00032862, -0.00024145, -0.00017596, -0.00012649, -0.00008934, -0.00006121, -0.00003973, -0.00002320, -0.00001024, -0.00000026, 0.00000749, 0.00001347, 0.00001812, 0.00002188, 0.00002482, 0.00002703, 0.00002860, 0.00002971, 0.00003057, 0.00003102, 0.00003118, 0.00003107, 0.00003073, 0.00003019, 0.00002950, 0.00002869, 0.00002780, 0.00002685, 0.00002579, 0.00002471, 0.00002355, 0.00002238, 0.00002124, 0.00002012, 0.00001900
-0.34414710, -0.32615919, -0.28010567, -0.22672087, -0.17971608, -0.14260569, -0.11369304, -0.09060828, -0.07181584, -0.05649699, -0.04415726, -0.03434636, -0.02662287, -0.02058411, -0.01587758, -0.01222217, -0.00938956, -0.00720144, -0.00551577, -0.00421991, -0.00322582, -0.00246374, -0.00187978, -0.00143351, -0.00109239, -0.00083123, -0.00063101, -0.00047840, -0.00036162, -0.00027193, -0.00020289, -0.00014992, -0.00010913, -0.00007758, -0.00005309, -0.00003386, -0.00001896, -0.00000736, 0.00000165, 0.00000867, 0.00001425, 0.00001860, 0.00002191, 0.00002437, 0.00002616, 0.00002756, 0.00002844, 0.00002894, 0.00002913, 0.00002903, 0.00002871, 0.00002820, 0.00002755, 0.00002679, 0.00002596, 0.00002503, 0.00002406, 0.00002301, 0.00002194, 0.00002088, 0.00001984, 0.00001879
-0.13927398, -0.13590114, -0.12640009, -0.11320027, -0.09872499, -0.08460546, -0.07162832, -0.06006194, -0.04993145, -0.04117751, -0.03372456, -0.02745862, -0.02224817, -0.01795601, -0.01444406, -0.01158826, -0.00927535, -0.00740997, -0.00591032, -0.00470798, -0.00374636, -0.00297835, -0.00236558, -0.00187782, -0.00148969, -0.00118063, -0.00093437, -0.00073891, -0.00058344, -0.00045957, -0.00036079, -0.00028214, -0.00021943, -0.00016934, -0.00012926, -0.00009703, -0.00007131, -0.00005072, -0.00003427, -0.00002111, -0.00001052, -0.00000205, 0.00000466, 0.00000992, 0.00001403, 0.00001732, 0.00001975, 0.00002156, 0.00002282, 0.00002364, 0.00002408, 0.00002423, 0.00002414, 0.00002387, 0.00002345, 0.00002288, 0.00002224, 0.00002148, 0.00002067, 0.00001983, 0.00001898, 0.00001810
-1.62083419, -1.46420961, -1.10411445, -0.76453644, -0.53655672, -0.40006062, -0.31195553, -0.24587508, -0.19207118, -0.14827115, -0.11362089, -0.08683971, -0.06636258, -0.05068715, -0.03866199, -0.02942214, -0.02234543, -0.01694117, -0.01282965, -0.00970767, -0.00733849, -0.00554275, -0.00418152, -0.00314995, -0.00236971, -0.00178063, -0.00133451, -0.00099635, -0.00074065, -0.00054778, -0.00040143, -0.00028981, -0.00020461, -0.00013988, -0.00009037, -0.00005203, -0.00002264, 0.00000020, 0.00001797, 0.00003174, 0.00004231, 0.00005035, 0.00005674, 0.00006172, 0.00006541, 0.00006813, 0.00006968, 0.00007065, 0.00007109, 0.00007101, 0.00007046, 0.00006950, 0.00006817, 0.00006655, 0.00006471, 0.00006270, 0.00006067, 0.00005847, 0.00005611, 0.00005363, 0.00005111, 0.00004859
-0.29261552, -0.28554905, -0.26559533, -0.23816837, -0.20837283, -0.17958520, -0.15327228, -0.12977613, -0.10902745, -0.09091721, -0.07531082, -0.06202087, -0.05084174, -0.04151060, -0.03378450, -0.02741714, -0.02219644, -0.01793085, -0.01445858, -0.01164058, -0.00935869, -0.00751542, -0.00602828, -0.00482992, -0.00386578, -0.00309128, -0.00246850, -0.00196808, -0.00156646, -0.00124460, -0.00098620, -0.00077848, -0.00061154, -0.00047760, -0.00036996, -0.00028312, -0.00021345, -0.00015733, -0.00011212, -0.00007577, -0.00004661, -0.00002329, -0.00000449, 0.00001059, 0.00002256, 0.00003209, 0.00003930, 0.00004487, 0.00004909, 0.00005214, 0.00005420, 0.00005545, 0.00005600, 0.00005600, 0.00005556, 0.00005475, 0.00005377, 0.00005247, 0.00005094, 0.00004923, 0.00004740, 0.00004551
-0.97241377, -0.90647153, -0.74406705, -0.57037411, -0.43336411, -0.33702890, -0.26790053, -0.21428325, -0.17045050, -0.13439681, -0.10523732, -0.08205660, -0.06384730, -0.04958694, -0.03844125, -0.02973191, -0.02294860, -0.01767935, -0.01359914, -0.01044810, -0.00801731, -0.00614557, -0.00470479, -0.00359652, -0.00274548, -0.00209319, -0.00159208, -0.00120708, -0.00091189, -0.00068608, -0.00051260, -0.00037887, -0.00027573, -0.00019649, -0.00013534, -0.00008771, -0.00005095, -0.00002229, 0.00000007, 0.00001746, 0.00003087, 0.00004115, 0.00004927, 0.00005560, 0.00006034, 0.00006390, 0.00006612, 0.00006761, 0.00006847, 0.00006872, 0.00006845, 0.00006772, 0.00006660, 0.00006516, 0.00006347, 0.00006160, 0.00005971, 0.00005761, 0.00005537, 0.00005300, 0.00005058, 0.00004816
-1582.33482095, -312.85231778, -12.93411938, 5.74475440, 2.59950329, 0.16794737, -0.85819014, -0.96196019, 0.00643304, 0.03865945, 0.08441146, -0.06526545, -0.14205951, -0.04322443, 0.03753117, 0.02011494, -0.08882669, -0.07149703, 0.00029804, 0.03994043, 0.04647987, -0.05087303, -0.04424749, 0.03791337, 0.03202333, -0.03004863, -0.01853775, 0.01042773, -0.00503809, 0.01168739, 0.02041916, -0.02070713, 0.01718212, 0.00261432, 0.00569377, 0.01530083, -0.01403271, 0.00884709, -0.00638519, 0.01141067, -0.01184691, -0.00102311, -0.00568971, 0.00983216, 0.00462562, 0.00200391, -0.00701412, 0.00853267, -0.00005192, 0.00537807, -0.00724593, -0.00030415, -0.00429327, 0.00640934, -0.00447908, 0.00401151, -0.00546379, 0.00378408, 0.00025739, 0.00486877, -0.00284938, -0.00060288
-48.06608514, -29.07721360, -8.04622120, -1.64932405, -0.59686279, -0.55458096, -0.51563958, -0.39894436, -0.27339684, -0.18077013, -0.12247461, -0.08707729, -0.06374512, -0.04663886, -0.03372154, -0.02418888, -0.01742096, -0.01254151, -0.00904320, -0.00655015, -0.00476294, -0.00355294, -0.00258897, -0.00181148, -0.00131698, -0.00101474, -0.00073254, -0.00050567, -0.00037561, -0.00025072, -0.00016382, -0.00014380, -0.00005854, -0.00004013, -0.00000969, 0.00001949, 0.00000719, 0.00004303, 0.00003798, 0.00006404, 0.00004645, 0.00006287, 0.00006180, 0.00008123, 0.00007759, 0.00007722, 0.00006844, 0.00008506, 0.00007580, 0.00008107, 0.00006709, 0.00007316, 0.00006730, 0.00007624, 0.00006297, 0.00006926, 0.00005753, 0.00006433, 0.00005828, 0.00005992, 0.00004957, 0.00004888
-0.10052089, -0.09949495, -0.09638838, -0.09158854, -0.08550778, -0.07862079, -0.07134575, -0.06401296, -0.05686206, -0.05007654, -0.04377208, -0.03800799, -0.03281928, -0.02819788, -0.02412716, -0.02056883, -0.01748217, -0.01481940, -0.01253390, -0.01058099, -0.00891799, -0.00750646, -0.00631098, -0.00530052, -0.00444809, -0.00373016, -0.00312546, -0.00261688, -0.00218943, -0.00183057, -0.00152911, -0.00127575, -0.00106286, -0.00088409, -0.00073388, -0.00060737, -0.00050120, -0.00041192, -0.00033682, -0.00027367, -0.00022061, -0.00017605, -0.00013855, -0.00010703, -0.00008061, -0.00005837, -0.00003998, -0.00002464, -0.00001190, -0.00000139, 0.00000722, 0.00001421, 0.00001981, 0.00002425, 0.00002771, 0.00003034, 0.00003238, 0.00003373, 0.00003457, 0.00003497, 0.00003502, 0.00003479
-48.01850579, -29.05393142, -8.04318062, -1.64965230, -0.59711057, -0.55459057, -0.51558226, -0.39890380, -0.27338526, -0.18077216, -0.12247958, -0.08708064, -0.06374685, -0.04664019, -0.03372288, -0.02419009, -0.01742172, -0.01254213, -0.00904379, -0.00655069, -0.00476338, -0.00355305, -0.00258905, -0.00181173, -0.00131717, -0.00101474, -0.00073255, -0.00050574, -0.00037563, -0.00025078, -0.00016389, -0.00014375, -0.00005860, -0.00004015, -0.00000971, 0.00001944, 0.00000722, 0.00004301, 0.00003799, 0.00006401, 0.00004649, 0.00006287, 0.00006181, 0.00008120, 0.00007758, 0.00007721, 0.00006846, 0.00008504, 0.00007580, 0.00008105, 0.00006711, 0.00007316, 0.00006731, 0.00007623, 0.00006298, 0.00006925, 0.00005754, 0.00006432, 0.00005828, 0.00005991, 0.00004957, 0.00004888
-0.74061467, -0.70005439, -0.59665938, -0.47881098, -0.37794867, -0.30104989, -0.24260907, -0.19607193, -0.15765151, -0.12577858, -0.09967790, -0.07861964, -0.06183053, -0.04850668, -0.03797322, -0.02965622, -0.02311288, -0.01797730, -0.01396057, -0.01082647, -0.00838508, -0.00648696, -0.00501210, -0.00386707, -0.00297954, -0.00229288, -0.00176063, -0.00134809, -0.00102896, -0.00078264, -0.00059180, -0.00044356, -0.00032838, -0.00023920, -0.00016989, -0.00011561, -0.00007346, -0.00004045, -0.00001459, 0.00000559, 0.00002127, 0.00003336, 0.00004290, 0.00005036, 0.00005600, 0.00006028, 0.00006310, 0.00006506, 0.00006629, 0.00006685, 0.00006683, 0.00006631, 0.00006536, 0.00006408, 0.00006253, 0.00006078, 0.00005898, 0.00005698, 0.00005482, 0.00005253, 0.00005019, 0.00004784
-1.01307137, -0.94223352, -0.76869765, -0.58490829, -0.44174454, -0.34233134, -0.27160635, -0.21694230, -0.17229978, -0.13561918, -0.10600648, -0.08251782, -0.06410768, -0.04971680, -0.03848796, -0.02972655, -0.02291282, -0.01762705, -0.01354088, -0.01038930, -0.00796170, -0.00609498, -0.00465998, -0.00355762, -0.00271224, -0.00206513, -0.00156865, -0.00118768, -0.00089593, -0.00067304, -0.00050200, -0.00037028, -0.00026880, -0.00019092, -0.00013087, -0.00008413, -0.00004808, -0.00001999, 0.00000192, 0.00001894, 0.00003206, 0.00004212, 0.00005006, 0.00005624, 0.00006088, 0.00006434, 0.00006649, 0.00006793, 0.00006874, 0.00006896, 0.00006866, 0.00006790, 0.00006675, 0.00006529, 0.00006359, 0.00006171, 0.00005980, 0.00005770, 0.00005544, 0.00005306, 0.00005063, 0.00004820
-1.33053009, -1.21759128, -0.95076525, -0.68635900, -0.49723273, -0.37659504, -0.29551392, -0.23407860, -0.18408899, -0.14326228, -0.11068852, -0.08523350, -0.06556985, -0.05038826, -0.03866276, -0.02959883, -0.02261334, -0.01724554, -0.01313444, -0.00999356, -0.00759552, -0.00576740, -0.00437395, -0.00331227, -0.00250479, -0.00189189, -0.00142531, -0.00106996, -0.00079993, -0.00059525, -0.00043927, -0.00031987, -0.00022842, -0.00015868, -0.00010519, -0.00006370, -0.00003183, -0.00000705, 0.00001223, 0.00002718, 0.00003868, 0.00004744, 0.00005438, 0.00005979, 0.00006381, 0.00006679, 0.00006855, 0.00006968, 0.00007024, 0.00007027, 0.00006980, 0.00006891, 0.00006765, 0.00006608, 0.00006429, 0.00006233, 0.00006035, 0.00005818, 0.00005586, 0.00005342, 0.00005093, 0.00004845
-0.05744117, -0.05680900, -0.05489969, -0.05198181, -0.04833659, -0.04426620, -0.04002166, -0.03578838, -0.03169518, -0.02783975, -0.02427467, -0.02103144, -0.01812194, -0.01553934, -0.01327065, -0.01129277, -0.00958033, -0.00810615, -0.00684269, -0.00576510, -0.00484881, -0.00407223, -0.00341563, -0.00286160, -0.00239478, -0.00200233, -0.00167255, -0.00139582, -0.00116357, -0.00096903, -0.00080612, -0.00066963, -0.00055524, -0.00045942, -0.00037921, -0.00031189, -0.00025563, -0.00020851, -0.00016902, -0.00013595, -0.00010826, -0.00008512, -0.00006579, -0.00004962, -0.00003610, -0.00002477, -0.00001545, -0.00000776, -0.00000143, 0.00000376, 0.00000798, 0.00001138, 0.00001406, 0.00001615, 0.00001774, 0.00001891, 0.00001977, 0.00002029, 0.00002056, 0.00002063, 0.00002051, 0.00002024
-0.01234629, -0.01229376, -0.01212476, -0.01185457, -0.01148811, -0.01104054, -0.01052667, -0.00996135, -0.00935912, -0.00873624, -0.00810511, -0.00747745, -0.00686313, -0.00626935, -0.00570272, -0.00516724, -0.00466569, -0.00419963, -0.00376929, -0.00337472, -0.00301462, -0.00268764, -0.00239192, -0.00212543, -0.00188600, -0.00167154, -0.00147975, -0.00130881, -0.00115657, -0.00102129, -0.00090121, -0.00079473, -0.00070036, -0.00061680, -0.00054287, -0.00047737, -0.00041955, -0.00036847, -0.00032332, -0.00028343, -0.00024821, -0.00021711, -0.00018965, -0.00016540, -0.00014398, -0.00012501, -0.00010835, -0.00009365, -0.00008070, -0.00006929, -0.00005925, -0.00005041, -0.00004265, -0.00003584, -0.00002987, -0.00002464, -0.00002002, -0.00001604, -0.00001256, -0.00000955, -0.00000694, -0.00000469
-0.25861350, -0.24781565, -0.21922184, -0.18435729, -0.15192929, -0.12514313, -0.10351118, -0.08560791, -0.07042481, -0.05752050, -0.04666693, -0.03766889, -0.03029683, -0.02429432, -0.01943049, -0.01550034, -0.01233558, -0.00979628, -0.00776450, -0.00614413, -0.00485413, -0.00382948, -0.00301664, -0.00237260, -0.00186268, -0.00146011, -0.00114221, -0.00089132, -0.00069313, -0.00053723, -0.00041457, -0.00031788, -0.00024153, -0.00018134, -0.00013401, -0.00009658, -0.00006719, -0.00004401, -0.00002570, -0.00001126, 0.00000008, 0.00000893, 0.00001579, 0.00002118, 0.00002537, 0.00002864, 0.00003096, 0.00003257, 0.00003365, 0.00003433, 0.00003464, 0.00003464, 0.00003437, 0.00003389, 0.00003323, 0.00003243, 0.00003158, 0.00003059, 0.00002954, 0.00002845, 0.00002729, 0.00002609
-1227.55834178, -221.95717205, -7.79895151, 5.00671276, 2.33662799, 0.36222091, -0.52340531, -0.66933515, 0.09735786, 0.09035781, 0.10889057, -0.02986315, -0.10259984, -0.02392717, 0.04093845, 0.02359349, -0.07064150, -0.05754570, 0.00237462, 0.03537073, 0.04061876, -0.04220978, -0.03694381, 0.03244496, 0.02744735, -0.02516728, -0.01555719, 0.00893666, -0.00417522, 0.00993582, 0.01736594, -0.01749690, 0.01453560, 0.00223707, 0.00481106, 0.01298015, -0.01189214, 0.00747779, -0.00542026, 0.00964431, -0.01003412, -0.00089324, -0.00483241, 0.00829256, 0.00390768, 0.00166924, -0.00595430, 0.00718940, -0.00006188, 0.00452683, -0.00615076, -0.00028485, -0.00365582, 0.00540319, -0.00381010, 0.00337833, -0.00464635, 0.00318610, 0.00019721, 0.00411006, -0.00243025, -0.00052191
-0.34632248, -0.32774259, -0.28018278, -0.22575214, -0.17917243, -0.14383930, -0.11708617, -0.09567932, -0.07778793, -0.06274224, -0.05025499, -0.04006676, -0.03185200, -0.02526019, -0.01998738, -0.01577569, -0.01242249, -0.00976160, -0.00765633, -0.00599582, -0.00468802, -0.00366022, -0.00285335, -0.00222061, -0.00172474, -0.00133735, -0.00103458, -0.00079806, -0.00061306, -0.00046906, -0.00035695, -0.00026943, -0.00020098, -0.00014754, -0.00010593, -0.00007332, -0.00004796, -0.00002814, -0.00001261, -0.00000047, 0.00000898, 0.00001628, 0.00002185, 0.00002621, 0.00002955, 0.00003214, 0.00003389, 0.00003503, 0.00003573, 0.00003609, 0.00003615, 0.00003594, 0.00003549, 0.00003486, 0.00003407, 0.00003316, 0.00003221, 0.00003114, 0.00003002, 0.00002886, 0.00002764, 0.00002638
-4715.34779955, -352.13345068, -52.95902154, 12.93482025, 12.33935133, 5.45894891, -0.51170337, -2.93065651, 1.41778234, 1.05642191, 1.10060018, 0.07134619, -0.51738973, -0.02863929, 0.38717078, 0.24406490, -0.43226698, -0.36809215, 0.04030036, 0.26513631, 0.30466530, -0.27892811, -0.25194530, 0.22663213, 0.19632064, -0.16854882, -0.10702016, 0.06303156, -0.02757943, 0.06844883, 0.12285710, -0.12077306, 0.09924036, 0.01627850, 0.03254778, 0.09145415, -0.08294585, 0.05150386, -0.03788940, 0.06658199, -0.06909754, -0.00693243, -0.03349420, 0.05666723, 0.02761829, 0.01104756, -0.04116384, 0.04894844, -0.00038452, 0.03095131, -0.04252848, -0.00250575, -0.02554569, 0.03712537, -0.02650866, 0.02331088, -0.03252033, 0.02192873, 0.00098702, 0.02856786, -0.01716781, -0.00361396
-65.27840577, -33.22713085, -5.96615211, -0.35569725, -0.01593495, -0.24475696, -0.30165304, -0.23472180, -0.14764131, -0.09089374, -0.06012654, -0.04440948, -0.03403647, -0.02518981, -0.01802842, -0.01290764, -0.00964747, -0.00699747, -0.00491660, -0.00346232, -0.00248651, -0.00215820, -0.00159219, -0.00087131, -0.00062509, -0.00067594, -0.00047126, -0.00024331, -0.00022453, -0.00009266, -0.00001751, -0.00014870, 0.00003487, -0.00000958, 0.00002007, 0.00006637, -0.00004158, 0.00005804, 0.00000099, 0.00007762, -0.00001553, 0.00003310, 0.00001447, 0.00008072, 0.00005820, 0.00005008, 0.00001246, 0.00007775, 0.00004082, 0.00006348, 0.00001043, 0.00003920, 0.00002149, 0.00006443, 0.00001840, 0.00005189, 0.00001230, 0.00004849, 0.00003314, 0.00004981, 0.00001750, 0.00002464
-1.27495455, -1.11291637, -0.76162821, -0.46622804, -0.29856683, -0.21640967, -0.16998816, -0.13504488, -0.10527294, -0.08058317, -0.06121268, -0.04652999, -0.03547917, -0.02708023, -0.02063869, -0.01568432, -0.01188904, -0.00899834, -0.00680442, -0.00514246, -0.00388233, -0.00292748, -0.00220407, -0.00165629, -0.00124169, -0.00092913, -0.00069312, -0.00051474, -0.00037950, -0.00027775, -0.00020107, -0.00014297, -0.00009870, -0.00006506, -0.00003962, -0.00002010, -0.00000529, 0.00000606, 0.00001484, 0.00002160, 0.00002676, 0.00003064, 0.00003350, 0.00003572, 0.00003740, 0.00003867, 0.00003936, 0.00003964, 0.00003966, 0.00003948, 0.00003910, 0.00003852, 0.00003777, 0.00003686, 0.00003584, 0.00003472, 0.00003359, 0.00003235, 0.00003108, 0.00002979, 0.00002843, 0.00002705
-28.19855181, -17.08993589, -4.55358936, -0.74538679, -0.20478316, -0.25198700, -0.26562963, -0.21117836, -0.14355269, -0.09363590, -0.06345850, -0.04588216, -0.03430777, -0.02551404, -0.01863242, -0.01345690, -0.00975735, -0.00708933, -0.00516659, -0.00378093, -0.00277224, -0.00207543, -0.00151935, -0.00107221, -0.00078149, -0.00059865, -0.00043239, -0.00029973, -0.00022027, -0.00014639, -0.00009509, -0.00008056, -0.00003294, -0.00002099, -0.00000361, 0.00001250, 0.00000657, 0.00002549, 0.00002290, 0.00003654, 0.00002733, 0.00003587, 0.00003496, 0.00004487, 0.00004283, 0.00004260, 0.00003799, 0.00004652, 0.00004150, 0.00004417, 0.00003682, 0.00003998, 0.00003691, 0.00004159, 0.00003463, 0.00003788, 0.00003171, 0.00003520, 0.00003206, 0.00003296, 0.00002755, 0.00002715
-0.02415242, -0.02400269, -0.02353307, -0.02278801, -0.02180014, -0.02062286, -0.01930926, -0.01790870, -0.01646523, -0.01502197, -0.01360901, -0.01225147, -0.01096787, -0.00976913, -0.00866319, -0.00765237, -0.00673612, -0.00591167, -0.00517405, -0.00451813, -0.00393730, -0.00342520, -0.00297516, -0.00258082, -0.00223608, -0.00193549, -0.00167368, -0.00144619, -0.00124859, -0.00107727, -0.00092884, -0.00080027, -0.00068894, -0.00059257, -0.00050920, -0.00043695, -0.00037457, -0.00032061, -0.00027392, -0.00023354, -0.00019862, -0.00016843, -0.00014234, -0.00011977, -0.00010026, -0.00008333, -0.00006880, -0.00005628, -0.00004550, -0.00003622, -0.00002826, -0.00002145, -0.00001564, -0.00001069, -0.00000650, -0.00000296, 0.00000007, 0.00000255, 0.00000461, 0.00000629, 0.00000765, 0.00000873
-0.11489248, -0.11348254, -0.10925405, -0.10288792, -0.09508926, -0.08655341, -0.07781205, -0.06922013, -0.06101602, -0.05336141, -0.04633463, -0.03998955, -0.03432797, -0.02933402, -0.02496668, -0.02117847, -0.01791091, -0.01510929, -0.01271687, -0.01068316, -0.00895945, -0.00750301, -0.00627545, -0.00524273, -0.00437513, -0.00364741, -0.00303793, -0.00252813, -0.00210156, -0.00174486, -0.00144719, -0.00119868, -0.00099113, -0.00081765, -0.00067282, -0.00055175, -0.00045086, -0.00036662, -0.00029627, -0.00023750, -0.00018842, -0.00014748, -0.00011337, -0.00008500, -0.00006135, -0.00004151, -0.00002520, -0.00001173, -0.00000071, 0.00000829, 0.00001562, 0.00002152, 0.00002620, 0.00002984, 0.00003262, 0.00003465, 0.00003615, 0.00003704, 0.00003749, 0.00003759, 0.00003741, 0.00003695
-4.75681674, -3.90374674, -2.23389606, -1.07182203, -0.57194064, -0.40424928, -0.33005631, -0.26641652, -0.20477452, -0.15259568, -0.11317108, -0.08481089, -0.06422461, -0.04879588, -0.03696277, -0.02787435, -0.02095888, -0.01575506, -0.01185158, -0.00892159, -0.00671352, -0.00504670, -0.00378899, -0.00284108, -0.00212698, -0.00158948, -0.00118578, -0.00088188, -0.00065204, -0.00047803, -0.00034752, -0.00024911, -0.00017430, -0.00011701, -0.00007341, -0.00004008, -0.00001475, 0.00000479, 0.00001992, 0.00003175, 0.00004098, 0.00004811, 0.00005351, 0.00005752, 0.00006068, 0.00006328, 0.00006500, 0.00006606, 0.00006647, 0.00006644, 0.00006613, 0.00006553, 0.00006462, 0.00006344, 0.00006202, 0.00006040, 0.00005870, 0.00005677, 0.00005475, 0.00005268, 0.00005058, 0.00004839
-2.18437519, -1.90661470, -1.30002219, -0.78673684, -0.49800170, -0.36154151, -0.28738670, -0.23112704, -0.18182562, -0.14015890, -0.10718179, -0.08210190, -0.06313312, -0.04861602, -0.03737006, -0.02864086, -0.02189073, -0.01670970, -0.01274497, -0.00971680, -0.00740176, -0.00563176, -0.00427936, -0.00324698, -0.00245914, -0.00185872, -0.00140225, -0.00105484, -0.00078959, -0.00058698, -0.00043339, -0.00031651, -0.00022707, -0.00015825, -0.00010559, -0.00006513, -0.00003424, -0.00001040, 0.00000806, 0.00002245, 0.00003365, 0.00004228, 0.00004885, 0.00005375, 0.00005758, 0.00006068, 0.00006279, 0.00006415, 0.00006481, 0.00006497, 0.00006481, 0.00006433, 0.00006353, 0.00006244, 0.00006111, 0.00005957, 0.00005794, 0.00005609, 0.00005414, 0.00005213, 0.00005009, 0.00004797
-0.44669105, -0.42747814, -0.37678412, -0.31553132, -0.25938298, -0.21379636, -0.17745557, -0.14747166, -0.12194067, -0.10009649, -0.08160453, -0.06620657, -0.05352696, -0.04315926, -0.03470877, -0.02784519, -0.02228397, -0.01779753, -0.01418702, -0.01129116, -0.00897293, -0.00712067, -0.00564307, -0.00446584, -0.00352858, -0.00278343, -0.00219220, -0.00172333, -0.00135108, -0.00105568, -0.00082222, -0.00063747, -0.00049100, -0.00037465, -0.00028250, -0.00020939, -0.00015166, -0.00010588, -0.00006956, -0.00004070, -0.00001780, 0.00000029, 0.00001451, 0.00002560, 0.00003436, 0.00004139, 0.00004665, 0.00005057, 0.00005333, 0.00005520, 0.00005642, 0.00005705, 0.00005717, 0.00005687, 0.00005621, 0.00005525, 0.00005414, 0.00005274, 0.00005119, 0.00004954, 0.00004782, 0.00004600
-93.52625408, -51.45694769, -10.56714761, -0.69390691, 0.04525751, -0.38191016, -0.51706763, -0.41228882, -0.26294065, -0.16160023, -0.10747767, -0.07993784, -0.06183486, -0.04655291, -0.03386774, -0.02439084, -0.01793707, -0.01311801, -0.00952850, -0.00694992, -0.00510675, -0.00405975, -0.00300178, -0.00196163, -0.00144044, -0.00125200, -0.00090284, -0.00057858, -0.00046537, -0.00027768, -0.00015915, -0.00023018, -0.00004129, -0.00005598, -0.00001165, 0.00004150, -0.00003982, 0.00005388, 0.00001149, 0.00008240, 0.00000656, 0.00005196, 0.00003844, 0.00009728, 0.00007915, 0.00007387, 0.00004250, 0.00009954, 0.00006796, 0.00008756, 0.00004192, 0.00006664, 0.00005110, 0.00008755, 0.00004746, 0.00007551, 0.00004086, 0.00007096, 0.00005690, 0.00007008, 0.00004155, 0.00004657
-0.52481294, -0.49883601, -0.43153432, -0.35294927, -0.28414871, -0.23091535, -0.19002364, -0.15692562, -0.12895512, -0.10514809, -0.08513474, -0.06861447, -0.05513022, -0.04419093, -0.03533675, -0.02818916, -0.02243269, -0.01781645, -0.01412331, -0.01117903, -0.00883526, -0.00697314, -0.00549595, -0.00432543, -0.00339862, -0.00266574, -0.00208745, -0.00163136, -0.00127116, -0.00098681, -0.00076334, -0.00058747, -0.00044873, -0.00033908, -0.00025267, -0.00018446, -0.00013088, -0.00008860, -0.00005521, -0.00002879, -0.00000791, 0.00000850, 0.00002133, 0.00003127, 0.00003908, 0.00004534, 0.00004997, 0.00005336, 0.00005569, 0.00005720, 0.00005812, 0.00005851, 0.00005843, 0.00005796, 0.00005716, 0.00005607, 0.00005485, 0.00005336, 0.00005173, 0.00005001, 0.00004823, 0.00004635
-0.54561248, -0.51770484, -0.44571646, -0.36235924, -0.29019803, -0.23502358, -0.19302294, -0.15917639, -0.13061662, -0.10633357, -0.08595366, -0.06916571, -0.05549177, -0.04441987, -0.03547239, -0.02825991, -0.02245948, -0.01781420, -0.01410314, -0.01114872, -0.00880003, -0.00693646, -0.00546005, -0.00429162, -0.00336766, -0.00263794, -0.00206293, -0.00160998, -0.00125271, -0.00097101, -0.00074991, -0.00057613, -0.00043920, -0.00033109, -0.00024602, -0.00017893, -0.00012630, -0.00008481, -0.00005207, -0.00002619, -0.00000577, 0.00001027, 0.00002279, 0.00003248, 0.00004009, 0.00004618, 0.00005067, 0.00005396, 0.00005619, 0.00005762, 0.00005848, 0.00005882, 0.00005870, 0.00005819, 0.00005736, 0.00005625, 0.00005501, 0.00005349, 0.00005185, 0.00005011, 0.00004832, 0.00004642
-4.18336735, -3.47076434, -2.04859525, -1.02486960, -0.56369203, -0.39891910, -0.32335835, -0.26070539, -0.20121627, -0.15083754, -0.11243665, -0.08453816, -0.06415124, -0.04882953, -0.03706721, -0.02802183, -0.02112263, -0.01591404, -0.01199459, -0.00904518, -0.00681802, -0.00513379, -0.00386081, -0.00289969, -0.00217428, -0.00162730, -0.00121580, -0.00090559, -0.00067069, -0.00049265, -0.00035892, -0.00025797, -0.00018117, -0.00012233, -0.00007753, -0.00004326, -0.00001720, 0.00000289, 0.00001845, 0.00003061, 0.00004008, 0.00004740, 0.00005294, 0.00005705, 0.00006029, 0.00006296, 0.00006472, 0.00006581, 0.00006626, 0.00006624, 0.00006595, 0.00006537, 0.00006447, 0.00006330, 0.00006190, 0.00006029, 0.00005859, 0.00005667, 0.00005466, 0.00005260, 0.00005051, 0.00004833
-11.35466564, -9.06596769, -5.26458356, -2.94776007, -1.80390260, -1.19068896, -0.80935647, -0.55021158, -0.37031135, -0.24690484, -0.16384294, -0.10873752, -0.07235602, -0.04830896, -0.03235228, -0.02173158, -0.01465394, -0.00993745, -0.00678850, -0.00468593, -0.00327277, -0.00231165, -0.00165574, -0.00120115, -0.00087972, -0.00065009, -0.00048187, -0.00035620, -0.00026037, -0.00018462, -0.00012468, -0.00007786, -0.00003871, -0.00000637, 0.00002032, 0.00004182, 0.00005821, 0.00007238, 0.00008294, 0.00009117, 0.00009628, 0.00009977, 0.00010129, 0.00010186, 0.00010103, 0.00009912, 0.00009582, 0.00009239, 0.00008830, 0.00008423, 0.00007956, 0.00007512, 0.00007054, 0.00006634, 0.00006212, 0.00005860, 0.00005528, 0.00005232, 0.00004940, 0.00004689, 0.00004462, 0.00004278
-3.81081810, -3.43297461, -2.59896885, -1.83056522, -1.28429181, -0.91472029, -0.65686739, -0.47077802, -0.33495998, -0.23641988, -0.16584064, -0.11591474, -0.08087149, -0.05639027, -0.03932071, -0.02743055, -0.01915598, -0.01340617, -0.00940888, -0.00663373, -0.00470233, -0.00335004, -0.00240456, -0.00173876, -0.00126350, -0.00092233, -0.00067514, -0.00049373, -0.00035815, -0.00025507, -0.00017595, -0.00011499, -0.00006702, -0.00002808, 0.00000298, 0.00002761, 0.00004674, 0.00006219, 0.00007419, 0.00008314, 0.00008944, 0.00009351, 0.00009580, 0.00009672, 0.00009653, 0.00009524, 0.00009268, 0.00008956, 0.00008611, 0.00008241, 0.00007838, 0.00007422, 0.00007007, 0.00006603, 0.00006222, 0.00005874, 0.00005568, 0.00005267, 0.00004986, 0.00004731, 0.00004511, 0.00004318
-12.63073983, -9.92743068, -5.58246677, -3.05065148, -1.84479516, -1.21110752, -0.82004555, -0.55516090, -0.37190286, -0.24677723, -0.16301376, -0.10775350, -0.07145586, -0.04756688, -0.03177160, -0.02129129, -0.01432803, -0.00970001, -0.00661785, -0.00456496, -0.00318804, -0.00225344, -0.00161561, -0.00117303, -0.00086043, -0.00063732, -0.00047311, -0.00035000, -0.00025618, -0.00018154, -0.00012238, -0.00007645, -0.00003735, -0.00000538, 0.00002118, 0.00004263, 0.00005870, 0.00007300, 0.00008340, 0.00009173, 0.00009660, 0.00010015, 0.00010160, 0.00010226, 0.00010135, 0.00009939, 0.00009597, 0.00009263, 0.00008844, 0.00008439, 0.00007958, 0.00007517, 0.00007053, 0.00006640, 0.00006208, 0.00005861, 0.00005520, 0.00005232, 0.00004936, 0.00004689, 0.00004456, 0.00004275
-0.10019495, -0.09934011, -0.09670641, -0.09254880, -0.08713984, -0.08081372, -0.07392014, -0.06678200, -0.05967141, -0.05280012, -0.04632629, -0.04035178, -0.03492939, -0.03007729, -0.02578693, -0.02203001, -0.01876637, -0.01595007, -0.01353233, -0.01146692, -0.00970792, -0.00821345, -0.00694678, -0.00587471, -0.00496772, -0.00420085, -0.00355223, -0.00300425, -0.00254075, -0.00214853, -0.00181642, -0.00153507, -0.00129653, -0.00109400, -0.00092201, -0.00077561, -0.00065148, -0.00054591, -0.00045614, -0.00037980, -0.00031493, -0.00025982, -0.00021303, -0.00017332, -0.00013966, -0.00011099, -0.00008700, -0.00006676, -0.00004975, -0.00003548, -0.00002358, -0.00001368, -0.00000548, 0.00000128, 0.00000683, 0.00001136, 0.00001516, 0.00001808, 0.00002039, 0.00002217, 0.00002353, 0.00002452
-46.89544355, -28.40105455, -9.88489863, -3.99080276, -2.16277156, -1.37275748, -0.90456744, -0.58956444, -0.37575889, -0.23754110, -0.15015749, -0.09603910, -0.06217086, -0.04045963, -0.02645483, -0.01746840, -0.01177013, -0.00790442, -0.00528782, -0.00358778, -0.00249759, -0.00192020, -0.00140276, -0.00091608, -0.00068026, -0.00060301, -0.00044446, -0.00029267, -0.00023742, -0.00014184, -0.00007590, -0.00010046, 0.00000086, 0.00000529, 0.00003724, 0.00007208, 0.00004035, 0.00009217, 0.00007692, 0.00011450, 0.00007980, 0.00010197, 0.00009478, 0.00012163, 0.00011073, 0.00010490, 0.00008564, 0.00010865, 0.00008915, 0.00009425, 0.00006775, 0.00007516, 0.00006343, 0.00007703, 0.00005427, 0.00006486, 0.00004580, 0.00005815, 0.00004950, 0.00005435, 0.00003953, 0.00004126
-0.20188667, -0.19936972, -0.19174574, -0.18001630, -0.16530860, -0.14885069, -0.13176584, -0.11494981, -0.09903912, -0.08443303, -0.07134792, -0.05985445, -0.04991251, -0.04142251, -0.03424698, -0.02823286, -0.02322507, -0.01907693, -0.01565337, -0.01283783, -0.01052667, -0.00863127, -0.00707922, -0.00580864, -0.00476753, -0.00391421, -0.00321409, -0.00263966, -0.00216742, -0.00177871, -0.00145837, -0.00119418, -0.00097596, -0.00079531, -0.00064575, -0.00052164, -0.00041915, -0.00033418, -0.00026380, -0.00020559, -0.00015753, -0.00011793, -0.00008537, -0.00005867, -0.00003685, -0.00001896, -0.00000478, 0.00000657, 0.00001557, 0.00002261, 0.00002800, 0.00003204, 0.00003499, 0.00003704, 0.00003840, 0.00003922, 0.00003972, 0.00003971, 0.00003941, 0.00003890, 0.00003825, 0.00003748
-62.73201039, -35.22574018, -10.80988156, -4.08736691, -2.18608345, -1.38954922, -0.91504928, -0.59343552, -0.37397732, -0.23444388, -0.14709686, -0.09386282, -0.06076523, -0.03937796, -0.02558897, -0.01688699, -0.01156147, -0.00777400, -0.00510850, -0.00339448, -0.00233719, -0.00196513, -0.00144833, -0.00081891, -0.00060587, -0.00065088, -0.00047123, -0.00026796, -0.00024369, -0.00011668, -0.00003712, -0.00013809, 0.00003536, 0.00001062, 0.00004925, 0.00010043, 0.00001487, 0.00010942, 0.00006552, 0.00013640, 0.00005748, 0.00010072, 0.00008422, 0.00014073, 0.00011911, 0.00010899, 0.00007232, 0.00012518, 0.00008887, 0.00010445, 0.00005384, 0.00007469, 0.00005523, 0.00008900, 0.00004562, 0.00007216, 0.00003544, 0.00006507, 0.00004995, 0.00006316, 0.00003413, 0.00003988
-0.56845372, -0.55493519, -0.51598736, -0.46073946, -0.39840748, -0.33617599, -0.27840583, -0.22719383, -0.18320409, -0.14628888, -0.11588572, -0.09123316, -0.07147693, -0.05579759, -0.04344661, -0.03377230, -0.02622453, -0.02035505, -0.01579861, -0.01226805, -0.00953331, -0.00741308, -0.00577090, -0.00449739, -0.00350693, -0.00273572, -0.00213402, -0.00166385, -0.00129511, -0.00100508, -0.00077648, -0.00059613, -0.00045333, -0.00033962, -0.00024922, -0.00017720, -0.00012034, -0.00007505, -0.00003918, -0.00001097, 0.00001100, 0.00002793, 0.00004081, 0.00005045, 0.00005749, 0.00006246, 0.00006536, 0.00006690, 0.00006739, 0.00006705, 0.00006600, 0.00006443, 0.00006251, 0.00006035, 0.00005810, 0.00005583, 0.00005372, 0.00005148, 0.00004928, 0.00004716, 0.00004519, 0.00004333
-0.12418687, -0.12300078, -0.11936226, -0.11365528, -0.10630009, -0.09779613, -0.08864881, -0.07930747, -0.07013538, -0.06140068, -0.05329035, -0.04591278, -0.03931140, -0.03348591, -0.02840387, -0.02401175, -0.02024427, -0.01703326, -0.01430929, -0.01200885, -0.01007113, -0.00844236, -0.00707610, -0.00593120, -0.00497184, -0.00416818, -0.00349460, -0.00293047, -0.00245733, -0.00206019, -0.00172662, -0.00144626, -0.00121038, -0.00101160, -0.00084405, -0.00070248, -0.00058336, -0.00048281, -0.00039794, -0.00032635, -0.00026599, -0.00021515, -0.00017236, -0.00013638, -0.00010617, -0.00008070, -0.00005965, -0.00004212, -0.00002758, -0.00001557, -0.00000572, 0.00000231, 0.00000881, 0.00001403, 0.00001820, 0.00002150, 0.00002418, 0.00002611, 0.00002752, 0.00002850, 0.00002915, 0.00002952
-0.05925226, -0.05886520, -0.05766334, -0.05574257, -0.05319831, -0.05015482, -0.04675048, -0.04312319, -0.03939824, -0.03568290, -0.03206852, -0.02862328, -0.02539412, -0.02241082, -0.01968907, -0.01723155, -0.01503194, -0.01307788, -0.01135229, -0.00983731, -0.00851242, -0.00735790, -0.00635485, -0.00548543, -0.00473287, -0.00408233, -0.00352016, -0.00303532, -0.00261694, -0.00225598, -0.00194453, -0.00167578, -0.00144380, -0.00124339, -0.00107023, -0.00092030, -0.00079096, -0.00067910, -0.00058233, -0.00049862, -0.00042620, -0.00036356, -0.00030937, -0.00026250, -0.00022197, -0.00018677, -0.00015656, -0.00013049, -0.00010802, -0.00008866, -0.00007202, -0.00005773, -0.00004549, -0.00003500, -0.00002603, -0.00001837, -0.00001173, -0.00000621, -0.00000154, 0.00000240, 0.00000570, 0.00000845
-0.11215453, -0.11087521, -0.10705160, -0.10117635, -0.09381886, -0.08558785, -0.07700762, -0.06847683, -0.06027189, -0.05257946, -0.04552465, -0.03915380, -0.03348700, -0.02850016, -0.02415774, -0.02040520, -0.01718572, -0.01443795, -0.01210423, -0.01013052, -0.00846653, -0.00706768, -0.00589398, -0.00491100, -0.00408950, -0.00340332, -0.00283005, -0.00235192, -0.00195355, -0.00162148, -0.00134447, -0.00111334, -0.00092066, -0.00075991, -0.00062570, -0.00051336, -0.00041969, -0.00034139, -0.00027595, -0.00022130, -0.00017567, -0.00013748, -0.00010555, -0.00007894, -0.00005681, -0.00003833, -0.00002312, -0.00001055, -0.00000025, 0.00000815, 0.00001491, 0.00002030, 0.00002452, 0.00002777, 0.00003021, 0.00003197, 0.00003326, 0.00003394, 0.00003421, 0.00003415, 0.00003382, 0.00003328
-0.42471375, -0.41033615, -0.37123533, -0.32083475, -0.27034328, -0.22531549, -0.18681857, -0.15411475, -0.12629838, -0.10275213, -0.08305810, -0.06677078, -0.05345571, -0.04264945, -0.03393291, -0.02692938, -0.02132620, -0.01685591, -0.01330183, -0.01048297, -0.00825196, -0.00648950, -0.00509830, -0.00400125, -0.00313821, -0.00245894, -0.00192356, -0.00150222, -0.00117144, -0.00091121, -0.00070599, -0.00054398, -0.00041643, -0.00031577, -0.00023615, -0.00017282, -0.00012276, -0.00008300, -0.00005146, -0.00002650, -0.00000680, 0.00000894, 0.00002144, 0.00003124, 0.00003878, 0.00004463, 0.00004895, 0.00005213, 0.00005433, 0.00005569, 0.00005634, 0.00005641, 0.00005599, 0.00005519, 0.00005410, 0.00005279, 0.00005139, 0.00004967, 0.00004780, 0.00004585, 0.00004386, 0.00004188
-0.30420213, -0.29653609, -0.27499174, -0.24547947, -0.21358213, -0.18292233, -0.15506117, -0.13035613, -0.10871962, -0.08998305, -0.07398061, -0.06047101, -0.04920101, -0.03987506, -0.03221541, -0.02595562, -0.02086427, -0.01673768, -0.01340507, -0.01072082, -0.00856390, -0.00683420, -0.00544849, -0.00433970, -0.00345439, -0.00274736, -0.00218209, -0.00173085, -0.00137131, -0.00108440, -0.00085503, -0.00067152, -0.00052500, -0.00040783, -0.00031395, -0.00023841, -0.00017796, -0.00012940, -0.00009043, -0.00005921, -0.00003426, -0.00001414, 0.00000201, 0.00001485, 0.00002494, 0.00003292, 0.00003901, 0.00004367, 0.00004711, 0.00004951, 0.00005104, 0.00005186, 0.00005208, 0.00005182, 0.00005120, 0.00005029, 0.00004924, 0.00004783, 0.00004624, 0.00004453, 0.00004276, 0.00004096
-0.18615770, -0.18305862, -0.17401997, -0.16075278, -0.14510731, -0.12868070, -0.11255891, -0.09736666, -0.08342085, -0.07087182, -0.05978180, -0.05010930, -0.04178522, -0.03468903, -0.02869349, -0.02365957, -0.01945894, -0.01596864, -0.01308033, -0.01069820, -0.00873882, -0.00713095, -0.00581340, -0.00473525, -0.00385485, -0.00313599, -0.00254863, -0.00206947, -0.00167909, -0.00136073, -0.00110079, -0.00088846, -0.00071525, -0.00057379, -0.00045812, -0.00036324, -0.00028576, -0.00022232, -0.00017038, -0.00012792, -0.00009324, -0.00006478, -0.00004150, -0.00002253, -0.00000719, 0.00000530, 0.00001523, 0.00002317, 0.00002941, 0.00003421, 0.00003782, 0.00004042, 0.00004219, 0.00004327, 0.00004381, 0.00004389, 0.00004371, 0.00004307, 0.00004216, 0.00004105, 0.00003980, 0.00003846
-0.51620064, -0.49545921, -0.44025799, -0.37188984, -0.30672614, -0.25137069, -0.20580167, -0.16801898, -0.13636187, -0.10987298, -0.08796187, -0.07004959, -0.05557407, -0.04395167, -0.03467093, -0.02728433, -0.02142701, -0.01679555, -0.01314490, -0.01027456, -0.00802188, -0.00625721, -0.00487572, -0.00379524, -0.00295223, -0.00229415, -0.00177953, -0.00137777, -0.00106493, -0.00082074, -0.00062960, -0.00047981, -0.00036276, -0.00027105, -0.00019899, -0.00014200, -0.00009723, -0.00006187, -0.00003397, -0.00001203, 0.00000518, 0.00001889, 0.00002973, 0.00003816, 0.00004457, 0.00004949, 0.00005304, 0.00005561, 0.00005729, 0.00005822, 0.00005851, 0.00005827, 0.00005759, 0.00005657, 0.00005529, 0.00005382, 0.00005228, 0.00005043, 0.00004845, 0.00004639, 0.00004431, 0.00004225
-1056.09837617, -228.64308096, -11.11413605, 3.22709822, 1.38082274, -0.14620228, -0.73421139, -0.73191949, -0.09114177, -0.03641513, 0.01194546, -0.06604014, -0.10432934, -0.03923473, 0.01332055, 0.00551267, -0.05829450, -0.04627778, -0.00200250, 0.02254654, 0.02682842, -0.03160915, -0.02728369, 0.02253660, 0.01901025, -0.01843143, -0.01135409, 0.00618272, -0.00314194, 0.00701049, 0.01226268, -0.01255120, 0.01038396, 0.00155566, 0.00344499, 0.00922448, -0.00847046, 0.00535775, -0.00384461, 0.00691171, -0.00715183, -0.00059194, -0.00342072, 0.00597226, 0.00280777, 0.00123833, -0.00421995, 0.00518983, -0.00001118, 0.00327668, -0.00436036, -0.00015683, -0.00257272, 0.00389634, -0.00268789, 0.00244273, -0.00328141, 0.00230432, 0.00017521, 0.00295475, -0.00170491, -0.00035258
-0.05719033, -0.05676409, -0.05546623, -0.05340737, -0.05070678, -0.04752667, -0.04403022, -0.04036522, -0.03665542, -0.03300410, -0.02949768, -0.02618754, -0.02311538, -0.02029851, -0.01774676, -0.01545575, -0.01341620, -0.01161217, -0.01002614, -0.00863904, -0.00743086, -0.00638239, -0.00547502, -0.00469175, -0.00401736, -0.00343744, -0.00293895, -0.00251143, -0.00214515, -0.00183139, -0.00156260, -0.00133235, -0.00113527, -0.00096653, -0.00082200, -0.00069795, -0.00059185, -0.00050093, -0.00042300, -0.00035622, -0.00029901, -0.00024993, -0.00020784, -0.00017178, -0.00014092, -0.00011440, -0.00009184, -0.00007258, -0.00005616, -0.00004222, -0.00003041, -0.00002044, -0.00001206, -0.00000505, 0.00000080, 0.00000564, 0.00000969, 0.00001290, 0.00001545, 0.00001744, 0.00001897, 0.00002011
-0.11541541, -0.11407238, -0.11006283, -0.10391406, -0.09623482, -0.08766892, -0.07876544, -0.06993727, -0.06146738, -0.05354447, -0.04629340, -0.03975821, -0.03395609, -0.02885926, -0.02442868, -0.02060625, -0.01733202, -0.01454178, -0.01217547, -0.01017706, -0.00849461, -0.00708218, -0.00589865, -0.00490876, -0.00408253, -0.00339328, -0.00281816, -0.00233908, -0.00194041, -0.00160848, -0.00133193, -0.00110144, -0.00090954, -0.00074962, -0.00061625, -0.00050475, -0.00041187, -0.00033433, -0.00026960, -0.00021560, -0.00017057, -0.00013293, -0.00010150, -0.00007532, -0.00005360, -0.00003547, -0.00002058, -0.00000830, 0.00000175, 0.00000992, 0.00001648, 0.00002169, 0.00002575, 0.00002886, 0.00003117, 0.00003282, 0.00003401, 0.00003461, 0.00003479, 0.00003465, 0.00003426, 0.00003367
-0.12437804, -0.12285244, -0.11831077, -0.11138436, -0.10279772, -0.09329576, -0.08349643, -0.07385033, -0.06465647, -0.05610753, -0.04832618, -0.04134890, -0.03518443, -0.02979449, -0.02513014, -0.02112343, -0.01770525, -0.01480388, -0.01235296, -0.01029074, -0.00856090, -0.00711387, -0.00590559, -0.00489837, -0.00406054, -0.00336397, -0.00278460, -0.00230353, -0.00190451, -0.00157335, -0.00129828, -0.00106974, -0.00088005, -0.00072246, -0.00059144, -0.00048221, -0.00039151, -0.00031601, -0.00025317, -0.00020091, -0.00015747, -0.00012126, -0.00009112, -0.00006610, -0.00004541, -0.00002821, -0.00001416, -0.00000261, 0.00000680, 0.00001438, 0.00002043, 0.00002518, 0.00002883, 0.00003158, 0.00003357, 0.00003494, 0.00003588, 0.00003624, 0.00003623, 0.00003591, 0.00003536, 0.00003463
-1.18340513, -1.10102006, -0.89955852, -0.68598993, -0.51834940, -0.40029026, -0.31538355, -0.24983234, -0.19683085, -0.15374469, -0.11928620, -0.09216078, -0.07105002, -0.05467660, -0.04200270, -0.03219865, -0.02463704, -0.01881856, -0.01435666, -0.01094157, -0.00833163, -0.00633960, -0.00481932, -0.00365976, -0.00277782, -0.00210630, -0.00159361, -0.00120267, -0.00090571, -0.00067924, -0.00050570, -0.00037234, -0.00027031, -0.00019189, -0.00013127, -0.00008394, -0.00004726, -0.00001858, 0.00000382, 0.00002123, 0.00003470, 0.00004543, 0.00005390, 0.00006041, 0.00006520, 0.00006875, 0.00007115, 0.00007276, 0.00007360, 0.00007377, 0.00007335, 0.00007243, 0.00007109, 0.00006942, 0.00006753, 0.00006546, 0.00006336, 0.00006092, 0.00005834, 0.00005569, 0.00005304, 0.00005044
-0.03336572, -0.03319638, -0.03267275, -0.03183071, -0.03069613, -0.02932001, -0.02775549, -0.02605490, -0.02426639, -0.02243614, -0.02060882, -0.01881504, -0.01708483, -0.01543644, -0.01388630, -0.01244251, -0.01111016, -0.00988973, -0.00877922, -0.00777516, -0.00687157, -0.00606225, -0.00533991, -0.00469735, -0.00412753, -0.00362330, -0.00317761, -0.00278487, -0.00243920, -0.00213527, -0.00186820, -0.00163366, -0.00142789, -0.00124739, -0.00108909, -0.00095004, -0.00082833, -0.00072163, -0.00062808, -0.00054609, -0.00047422, -0.00041120, -0.00035593, -0.00030747, -0.00026502, -0.00022768, -0.00019510, -0.00016656, -0.00014159, -0.00011976, -0.00010070, -0.00008408, -0.00006959, -0.00005699, -0.00004603, -0.00003653, -0.00002822, -0.00002112, -0.00001503, -0.00000980, -0.00000534, -0.00000155
-846.42990317, -216.76274397, -12.44100798, 2.39649278, 0.88591377, -0.42977691, -0.81635984, -0.70646430, -0.19977087, -0.10805764, -0.04855715, -0.08250062, -0.09604128, -0.04646238, -0.00685123, -0.00734705, -0.04476339, -0.03468765, -0.00504109, 0.01159230, 0.01491844, -0.02166513, -0.01837264, 0.01368054, 0.01152243, -0.01221345, -0.00750698, 0.00373484, -0.00216398, 0.00438041, 0.00769887, -0.00805736, 0.00661951, 0.00095883, 0.00220472, 0.00585172, -0.00538172, 0.00343470, -0.00242696, 0.00443206, -0.00454451, -0.00033677, -0.00215250, 0.00385303, 0.00181026, 0.00083121, -0.00266036, 0.00335835, 0.00002433, 0.00212934, -0.00275013, -0.00005848, -0.00160566, 0.00251974, -0.00168305, 0.00158673, -0.00205913, 0.00149735, 0.00014341, 0.00190489, -0.00105884, -0.00020446
-0.12167358, -0.12035598, -0.11640462, -0.11030460, -0.10261357, -0.09394636, -0.08484531, -0.07573354, -0.06691322, -0.05859546, -0.05092538, -0.04396296, -0.03773963, -0.03223713, -0.02742408, -0.02324660, -0.01964764, -0.01656357, -0.01393406, -0.01170160, -0.00981251, -0.00821872, -0.00687674, -0.00574892, -0.00480312, -0.00401049, -0.00334612, -0.00279018, -0.00232546, -0.00193685, -0.00161167, -0.00133949, -0.00111188, -0.00092140, -0.00076189, -0.00062797, -0.00051595, -0.00042204, -0.00034331, -0.00027734, -0.00022209, -0.00017572, -0.00013682, -0.00010427, -0.00007711, -0.00005434, -0.00003552, -0.00001989, -0.00000699, 0.00000357, 0.00001216, 0.00001906, 0.00002454, 0.00002882, 0.00003211, 0.00003456, 0.00003641, 0.00003753, 0.00003812, 0.00003830, 0.00003813, 0.00003771
-1602.63605067, -307.25324964, -14.31100513, 4.93433827, 2.36511159, 0.13085547, -0.88963309, -1.01540826, -0.00878516, 0.02647818, 0.08125202, -0.07144528, -0.15025837, -0.04553728, 0.03964756, 0.02134413, -0.09341886, -0.07522627, 0.00048336, 0.04227630, 0.04922147, -0.05345170, -0.04657357, 0.03996771, 0.03380551, -0.03160015, -0.01952866, 0.01099151, -0.00530379, 0.01229889, 0.02153109, -0.02182157, 0.01807834, 0.00275501, 0.00598387, 0.01613234, -0.01479464, 0.00931579, -0.00673237, 0.01201946, -0.01247700, -0.00108435, -0.00599242, 0.01035361, 0.00488254, 0.00210901, -0.00738544, 0.00898461, -0.00005026, 0.00566581, -0.00762962, -0.00032261, -0.00452243, 0.00675265, -0.00471746, 0.00422824, -0.00575767, 0.00398747, 0.00026881, 0.00513222, -0.00300438, -0.00063399
-0.06035728, -0.05993367, -0.05863978, -0.05658180, -0.05386882, -0.05065658, -0.04710349, -0.04335518, -0.03953600, -0.03575267, -0.03209623, -0.02862270, -0.02537906, -0.02238697, -0.01966078, -0.01719911, -0.01499558, -0.01303604, -0.01130425, -0.00978199, -0.00844949, -0.00728761, -0.00627738, -0.00540135, -0.00464369, -0.00398935, -0.00342453, -0.00293808, -0.00251959, -0.00215967, -0.00185015, -0.00158399, -0.00135529, -0.00115874, -0.00098976, -0.00084422, -0.00071927, -0.00061181, -0.00051938, -0.00043988, -0.00037152, -0.00031267, -0.00026202, -0.00021845, -0.00018103, -0.00014874, -0.00012115, -0.00009749, -0.00007723, -0.00005993, -0.00004519, -0.00003268, -0.00002209, -0.00001315, -0.00000564, 0.00000064, 0.00000595, 0.00001022, 0.00001369, 0.00001647, 0.00001866, 0.00002036
-3.86124581, -3.29635704, -2.14418591, -1.25668520, -0.78550478, -0.55700338, -0.42470253, -0.32656018, -0.24676836, -0.18343532, -0.13545324, -0.10009759, -0.07421583, -0.05510905, -0.04089117, -0.03027711, -0.02237999, -0.01652720, -0.01220607, -0.00901826, -0.00666477, -0.00492627, -0.00364008, -0.00268842, -0.00198667, -0.00146779, -0.00108201, -0.00079523, -0.00058319, -0.00042512, -0.00030613, -0.00021598, -0.00014817, -0.00009664, -0.00005703, -0.00002604, -0.00000200, 0.00001693, 0.00003181, 0.00004341, 0.00005238, 0.00005973, 0.00006562, 0.00007015, 0.00007338, 0.00007568, 0.00007712, 0.00007799, 0.00007823, 0.00007789, 0.00007703, 0.00007572, 0.00007403, 0.00007205, 0.00006987, 0.00006754, 0.00006521, 0.00006252, 0.00005970, 0.00005682, 0.00005397, 0.00005117
-0.84928984, -0.80373225, -0.68736873, -0.55378910, -0.43798559, -0.34825340, -0.27926696, -0.22426856, -0.17916841, -0.14205329, -0.11189343, -0.08771429, -0.06854773, -0.05343609, -0.04156574, -0.03226062, -0.02498957, -0.01932244, -0.01491928, -0.01150610, -0.00886458, -0.00682363, -0.00524731, -0.00403076, -0.00309436, -0.00237303, -0.00181618, -0.00138690, -0.00105705, -0.00080282, -0.00060615, -0.00045369, -0.00033595, -0.00024469, -0.00017368, -0.00011796, -0.00007456, -0.00004050, -0.00001381, 0.00000703, 0.00002323, 0.00003610, 0.00004626, 0.00005411, 0.00005997, 0.00006439, 0.00006748, 0.00006962, 0.00007091, 0.00007144, 0.00007132, 0.00007066, 0.00006954, 0.00006807, 0.00006634, 0.00006442, 0.00006245, 0.00006013, 0.00005767, 0.00005513, 0.00005258, 0.00005006
-0.12827367, -0.12683355, -0.12252316, -0.11589142, -0.10756915, -0.09823830, -0.08849032, -0.07877807, -0.06941854, -0.06062854, -0.05255384, -0.04525057, -0.03874495, -0.03301173, -0.02801267, -0.02368697, -0.01997109, -0.01679578, -0.01409578, -0.01180964, -0.00988007, -0.00825621, -0.00689225, -0.00574871, -0.00479201, -0.00399211, -0.00332317, -0.00276466, -0.00229885, -0.00191019, -0.00158567, -0.00131463, -0.00108846, -0.00089959, -0.00074175, -0.00060952, -0.00049914, -0.00040679, -0.00032953, -0.00026493, -0.00021095, -0.00016573, -0.00012788, -0.00009628, -0.00006998, -0.00004798, -0.00002986, -0.00001485, -0.00000251, 0.00000756, 0.00001570, 0.00002221, 0.00002733, 0.00003130, 0.00003430, 0.00003650, 0.00003813, 0.00003904, 0.00003946, 0.00003947, 0.00003916, 0.00003861
-14.92869040, -10.97581407, -4.89119162, -1.88463124, -0.92907687, -0.65264790, -0.51439436, -0.39170862, -0.28287880, -0.19863738, -0.13952508, -0.09948470, -0.07194690, -0.05229467, -0.03793610, -0.02741099, -0.01977672, -0.01428433, -0.01034878, -0.00751969, -0.00547435, -0.00399206, -0.00291011, -0.00211981, -0.00154907, -0.00113499, -0.00082860, -0.00060241, -0.00043809, -0.00031541, -0.00022338, -0.00015492, -0.00010130, -0.00006186, -0.00003073, -0.00000588, 0.00001260, 0.00002880, 0.00004067, 0.00005094, 0.00005775, 0.00006447, 0.00006950, 0.00007400, 0.00007661, 0.00007851, 0.00007940, 0.00008058, 0.00008036, 0.00008005, 0.00007863, 0.00007741, 0.00007544, 0.00007365, 0.00007099, 0.00006880, 0.00006606, 0.00006352, 0.00006046, 0.00005758, 0.00005437, 0.00005153
-0.25482385, -0.24459460, -0.21737199, -0.18341320, -0.15071850, -0.12261655, -0.09932496, -0.08007752, -0.06413782, -0.05099599, -0.04028342, -0.03165641, -0.02477704, -0.01933477, -0.01504884, -0.01168914, -0.00906232, -0.00701579, -0.00542490, -0.00419125, -0.00323637, -0.00249773, -0.00192676, -0.00148644, -0.00114654, -0.00088375, -0.00068054, -0.00052394, -0.00040276, -0.00030868, -0.00023558, -0.00017884, -0.00013462, -0.00010002, -0.00007284, -0.00005132, -0.00003442, -0.00002111, -0.00001064, -0.00000228, 0.00000439, 0.00000967, 0.00001378, 0.00001693, 0.00001938, 0.00002131, 0.00002267, 0.00002361, 0.00002417, 0.00002443, 0.00002444, 0.00002424, 0.00002388, 0.00002340, 0.00002280, 0.00002209, 0.00002134, 0.00002050, 0.00001965, 0.00001878, 0.00001791, 0.00001702
-0.43806472, -0.41066570, -0.34262063, -0.26782747, -0.20587860, -0.15957027, -0.12487707, -0.09786646, -0.07628884, -0.05901329, -0.04535463, -0.03470263, -0.02647391, -0.02015613, -0.01531630, -0.01161888, -0.00879941, -0.00665585, -0.00502991, -0.00379899, -0.00286884, -0.00216588, -0.00163480, -0.00123461, -0.00093253, -0.00070397, -0.00053095, -0.00040052, -0.00030158, -0.00022614, -0.00016853, -0.00012460, -0.00009085, -0.00006477, -0.00004448, -0.00002849, -0.00001604, -0.00000629, 0.00000133, 0.00000742, 0.00001231, 0.00001616, 0.00001913, 0.00002136, 0.00002308, 0.00002444, 0.00002533, 0.00002588, 0.00002613, 0.00002612, 0.00002590, 0.00002551, 0.00002498, 0.00002436, 0.00002363, 0.00002280, 0.00002194, 0.00002101, 0.00002006, 0.00001913, 0.00001818, 0.00001723
-0.03961133, -0.03921820, -0.03805647, -0.03622629, -0.03389067, -0.03121484, -0.02835498, -0.02544972, -0.02260391, -0.01989113, -0.01736598, -0.01505788, -0.01297923, -0.01113181, -0.00950634, -0.00808947, -0.00686304, -0.00580827, -0.00490551, -0.00413633, -0.00348329, -0.00293029, -0.00246302, -0.00206919, -0.00173756, -0.00145844, -0.00122361, -0.00102646, -0.00086081, -0.00072156, -0.00060449, -0.00050609, -0.00042334, -0.00035367, -0.00029498, -0.00024542, -0.00020371, -0.00016855, -0.00013890, -0.00011386, -0.00009271, -0.00007486, -0.00005981, -0.00004715, -0.00003648, -0.00002744, -0.00001991, -0.00001362, -0.00000838, -0.00000404, -0.00000047, 0.00000245, 0.00000482, 0.00000673, 0.00000824, 0.00000940, 0.00001031, 0.00001094, 0.00001138, 0.00001165, 0.00001178, 0.00001180
-0.10048081, -0.09860691, -0.09321193, -0.08534298, -0.07619951, -0.06674303, -0.05760063, -0.04912670, -0.04148431, -0.03472675, -0.02885640, -0.02382971, -0.01957568, -0.01601380, -0.01305352, -0.01061080, -0.00860494, -0.00696538, -0.00562969, -0.00454496, -0.00366617, -0.00295522, -0.00238075, -0.00191757, -0.00154406, -0.00124270, -0.00099956, -0.00080385, -0.00064599, -0.00051846, -0.00041540, -0.00033217, -0.00026482, -0.00021023, -0.00016593, -0.00012982, -0.00010055, -0.00007677, -0.00005746, -0.00004171, -0.00002886, -0.00001841, -0.00000996, -0.00000317, 0.00000232, 0.00000679, 0.00001027, 0.00001300, 0.00001508, 0.00001663, 0.00001774, 0.00001848, 0.00001892, 0.00001913, 0.00001913, 0.00001895, 0.00001866, 0.00001824, 0.00001774, 0.00001718, 0.00001658, 0.00001594
-1.49952023, -1.28523024, -0.85167996, -0.51646359, -0.33096687, -0.23346076, -0.17386876, -0.13051024, -0.09677964, -0.07084262, -0.05152559, -0.03745649, -0.02727596, -0.01989021, -0.01449834, -0.01055684, -0.00767793, -0.00558317, -0.00406233, -0.00295928, -0.00215923, -0.00157747, -0.00115381, -0.00084614, -0.00062179, -0.00045731, -0.00033644, -0.00024811, -0.00018272, -0.00013373, -0.00009687, -0.00006918, -0.00004805, -0.00003170, -0.00001889, -0.00000863, -0.00000055, 0.00000585, 0.00001090, 0.00001506, 0.00001850, 0.00002124, 0.00002335, 0.00002490, 0.00002611, 0.00002707, 0.00002764, 0.00002793, 0.00002795, 0.00002775, 0.00002734, 0.00002680, 0.00002613, 0.00002539, 0.00002454, 0.00002358, 0.00002260, 0.00002156, 0.00002051, 0.00001949, 0.00001846, 0.00001743
-0.69370887, -0.63267530, -0.49120507, -0.35358323, -0.25479214, -0.18983346, -0.14503898, -0.11147152, -0.08514874, -0.06446023, -0.04847521, -0.03632876, -0.02718107, -0.02031826, -0.01516764, -0.01130665, -0.00841604, -0.00625840, -0.00465142, -0.00345685, -0.00256986, -0.00191087, -0.00142111, -0.00105814, -0.00078843, -0.00058737, -0.00043732, -0.00032587, -0.00024239, -0.00017940, -0.00013174, -0.00009573, -0.00006826, -0.00004709, -0.00003064, -0.00001765, -0.00000752, 0.00000043, 0.00000665, 0.00001167, 0.00001574, 0.00001897, 0.00002144, 0.00002328, 0.00002470, 0.00002583, 0.00002653, 0.00002693, 0.00002705, 0.00002693, 0.00002661, 0.00002614, 0.00002554, 0.00002486, 0.00002407, 0.00002317, 0.00002226, 0.00002127, 0.00002028, 0.00001930, 0.00001832, 0.00001733
-1.40079831, -1.20821732, -0.81344668, -0.50157847, -0.32484488, -0.23006315, -0.17158983, -0.12901543, -0.09590677, -0.07040604, -0.05135143, -0.03742189, -0.02730838, -0.01995103, -0.01456876, -0.01062711, -0.00774271, -0.00563962, -0.00410973, -0.00299805, -0.00219032, -0.00160207, -0.00117308, -0.00086109, -0.00063330, -0.00046611, -0.00034314, -0.00025318, -0.00018653, -0.00013660, -0.00009902, -0.00007079, -0.00004926, -0.00003261, -0.00001958, -0.00000915, -0.00000095, 0.00000554, 0.00001066, 0.00001486, 0.00001834, 0.00002111, 0.00002323, 0.00002480, 0.00002602, 0.00002699, 0.00002757, 0.00002786, 0.00002789, 0.00002769, 0.00002730, 0.00002675, 0.00002609, 0.00002535, 0.00002450, 0.00002355, 0.00002258, 0.00002154, 0.00002050, 0.00001948, 0.00001845, 0.00001743
-0.15914593, -0.15485210, -0.14287700, -0.12653271, -0.10900467, -0.09228652, -0.07722629, -0.06403090, -0.05264617, -0.04294415, -0.03479101, -0.02802542, -0.02246911, -0.01794878, -0.01429378, -0.01135557, -0.00900247, -0.00712551, -0.00563228, -0.00444757, -0.00350958, -0.00276768, -0.00218142, -0.00171919, -0.00135452, -0.00106656, -0.00083915, -0.00066006, -0.00051860, -0.00040663, -0.00031796, -0.00024779, -0.00019211, -0.00014783, -0.00011252, -0.00008421, -0.00006167, -0.00004368, -0.00002932, -0.00001778, -0.00000849, -0.00000107, 0.00000481, 0.00000942, 0.00001307, 0.00001598, 0.00001815, 0.00001976, 0.00002089, 0.00002163, 0.00002203, 0.00002218, 0.00002211, 0.00002188, 0.00002149, 0.00002097, 0.00002039, 0.00001970, 0.00001898, 0.00001823, 0.00001745, 0.00001666
-0.15903905, -0.15644922, -0.14890421, -0.13772964, -0.12445106, -0.11039680, -0.09651091, -0.08337908, -0.07131406, -0.06046108, -0.05088329, -0.04254948, -0.03539137, -0.02930719, -0.02417884, -0.01988719, -0.01631555, -0.01335745, -0.01091694, -0.00890997, -0.00726401, -0.00591685, -0.00481566, -0.00391731, -0.00318522, -0.00258845, -0.00210166, -0.00170570, -0.00138338, -0.00112068, -0.00090632, -0.00073159, -0.00058908, -0.00047267, -0.00037749, -0.00029939, -0.00023558, -0.00018335, -0.00014060, -0.00010565, -0.00007696, -0.00005342, -0.00003420, -0.00001858, -0.00000595, 0.00000442, 0.00001265, 0.00001922, 0.00002436, 0.00002831, 0.00003125, 0.00003338, 0.00003481, 0.00003570, 0.00003614, 0.00003619, 0.00003597, 0.00003540, 0.00003464, 0.00003373, 0.00003271, 0.00003160
-1.26077879, -1.15088991, -0.89479577, -0.64447149, -0.46508629, -0.34816648, -0.26807794, -0.20785905, -0.16014809, -0.12223053, -0.09266216, -0.07000289, -0.05280742, -0.03979716, -0.02994804, -0.02249862, -0.01687343, -0.01263792, -0.00945805, -0.00707470, -0.00529073, -0.00395563, -0.00295593, -0.00220887, -0.00165097, -0.00123306, -0.00091894, -0.00068433, -0.00050848, -0.00037580, -0.00027503, -0.00019880, -0.00014089, -0.00009651, -0.00006226, -0.00003541, -0.00001456, 0.00000174, 0.00001445, 0.00002432, 0.00003228, 0.00003865, 0.00004358, 0.00004728, 0.00004991, 0.00005201, 0.00005336, 0.00005415, 0.00005441, 0.00005421, 0.00005362, 0.00005270, 0.00005152, 0.00005016, 0.00004866, 0.00004701, 0.00004526, 0.00004332, 0.00004134, 0.00003937, 0.00003743, 0.00003550
-0.07978168, -0.07897428, -0.07656761, -0.07280550, -0.06801581, -0.06255261, -0.05674397, -0.05086733, -0.04512862, -0.03967224, -0.03460633, -0.02998195, -0.02582480, -0.02213326, -0.01888869, -0.01606235, -0.01361768, -0.01151612, -0.00971841, -0.00818736, -0.00688796, -0.00578833, -0.00485960, -0.00407710, -0.00341883, -0.00286533, -0.00239987, -0.00200945, -0.00168188, -0.00140691, -0.00117596, -0.00098212, -0.00081937, -0.00068261, -0.00056762, -0.00047069, -0.00038926, -0.00032074, -0.00026307, -0.00021454, -0.00017363, -0.00013916, -0.00011015, -0.00008578, -0.00006536, -0.00004810, -0.00003375, -0.00002178, -0.00001185, -0.00000366, 0.00000305, 0.00000850, 0.00001290, 0.00001639, 0.00001914, 0.00002124, 0.00002285, 0.00002392, 0.00002461, 0.00002498, 0.00002510, 0.00002500
-0.24574562, -0.24007883, -0.22402144, -0.20153709, -0.17661352, -0.15204687, -0.12926936, -0.10882266, -0.09081022, -0.07516929, -0.06179385, -0.05049725, -0.04106622, -0.03326393, -0.02685534, -0.02162340, -0.01737083, -0.01392820, -0.01115069, -0.00891578, -0.00712181, -0.00568408, -0.00453291, -0.00361296, -0.00287849, -0.00229170, -0.00182238, -0.00144829, -0.00114977, -0.00091115, -0.00072009, -0.00056732, -0.00044508, -0.00034706, -0.00026834, -0.00020483, -0.00015387, -0.00011287, -0.00007991, -0.00005346, -0.00003207, -0.00001481, -0.00000099, 0.00000999, 0.00001863, 0.00002559, 0.00003092, 0.00003499, 0.00003798, 0.00004009, 0.00004144, 0.00004219, 0.00004244, 0.00004229, 0.00004184, 0.00004112, 0.00004021, 0.00003904, 0.00003775, 0.00003638, 0.00003496, 0.00003350
-0.25604070, -0.24993041, -0.23267070, -0.20865521, -0.18224004, -0.15640422, -0.13260897, -0.11135837, -0.09271107, -0.07657021, -0.06280704, -0.05121473, -0.04156168, -0.03359587, -0.02706858, -0.02175185, -0.01743969, -0.01395616, -0.01115146, -0.00889922, -0.00709495, -0.00565179, -0.00449853, -0.00357868, -0.00284571, -0.00226120, -0.00179459, -0.00142337, -0.00112770, -0.00089178, -0.00070321, -0.00055271, -0.00043251, -0.00033629, -0.00025913, -0.00019699, -0.00014720, -0.00010720, -0.00007510, -0.00004938, -0.00002860, -0.00001187, 0.00000151, 0.00001212, 0.00002044, 0.00002713, 0.00003224, 0.00003611, 0.00003895, 0.00004092, 0.00004216, 0.00004280, 0.00004296, 0.00004274, 0.00004223, 0.00004145, 0.00004050, 0.00003929, 0.00003796, 0.00003655, 0.00003511, 0.00003362
-2.00655494, -1.77022505, -1.25919771, -0.82065396, -0.55119771, -0.39837987, -0.30181060, -0.23075084, -0.17470586, -0.13069320, -0.09710797, -0.07202059, -0.05343944, -0.03966540, -0.02941404, -0.02177786, -0.01609890, -0.01188926, -0.00877784, -0.00648142, -0.00478734, -0.00353686, -0.00261262, -0.00193086, -0.00142812, -0.00105594, -0.00077908, -0.00057463, -0.00042291, -0.00030931, -0.00022350, -0.00015899, -0.00011020, -0.00007287, -0.00004403, -0.00002133, -0.00000364, 0.00001025, 0.00002113, 0.00002959, 0.00003651, 0.00004210, 0.00004644, 0.00004967, 0.00005194, 0.00005376, 0.00005489, 0.00005551, 0.00005563, 0.00005531, 0.00005460, 0.00005358, 0.00005231, 0.00005086, 0.00004929, 0.00004757, 0.00004574, 0.00004373, 0.00004168, 0.00003965, 0.00003765, 0.00003567
-3.61584772, -3.02543205, -1.87905029, -1.05674551, -0.64540309, -0.45106536, -0.33849833, -0.25562500, -0.18963167, -0.13842384, -0.10042754, -0.07296440, -0.05320938, -0.03888863, -0.02840992, -0.02072186, -0.01509244, -0.01098872, -0.00800658, -0.00584030, -0.00426528, -0.00311786, -0.00228001, -0.00166934, -0.00122429, -0.00089820, -0.00065767, -0.00048172, -0.00035215, -0.00025557, -0.00018276, -0.00012819, -0.00008693, -0.00005529, -0.00003072, -0.00001119, 0.00000412, 0.00001626, 0.00002582, 0.00003331, 0.00003951, 0.00004458, 0.00004853, 0.00005147, 0.00005349, 0.00005514, 0.00005613, 0.00005664, 0.00005666, 0.00005626, 0.00005546, 0.00005436, 0.00005301, 0.00005150, 0.00004986, 0.00004807, 0.00004618, 0.00004410, 0.00004199, 0.00003989, 0.00003785, 0.00003581
-1482.03301885, -199.87357753, -14.69612897, 3.08548493, 2.38684657, 0.67900756, -0.55277974, -0.93701584, 0.16960935, 0.13918791, 0.18028129, -0.03144094, -0.14779564, -0.02614094, 0.07405362, 0.04466414, -0.10663718, -0.08813935, 0.00641180, 0.05840806, 0.06700941, -0.06535290, -0.05800618, 0.05175552, 0.04423177, -0.03925227, -0.02454437, 0.01430937, -0.00647151, 0.01572028, 0.02779035, -0.02769917, 0.02289623, 0.00362194, 0.00754736, 0.02073318, -0.01890924, 0.01182972, -0.00862271, 0.01527487, -0.01585841, -0.00148047, -0.00765237, 0.01308085, 0.00626209, 0.00260722, -0.00941923, 0.01132484, -0.00008160, 0.00714781, -0.00973247, -0.00049447, -0.00580853, 0.00854485, -0.00604396, 0.00535424, -0.00739336, 0.00504281, 0.00027957, 0.00653014, -0.00388254, -0.00082396
-0.05367930, -0.05321671, -0.05185384, -0.04967586, -0.04685809, -0.04357382, -0.03999742, -0.03629467, -0.03260138, -0.02901870, -0.02562596, -0.02247489, -0.01959253, -0.01699253, -0.01467203, -0.01262148, -0.01082280, -0.00925606, -0.00789857, -0.00672824, -0.00572309, -0.00486232, -0.00412716, -0.00350094, -0.00296805, -0.00251495, -0.00213009, -0.00180377, -0.00152690, -0.00129195, -0.00109267, -0.00092363, -0.00078015, -0.00065830, -0.00055475, -0.00046656, -0.00039172, -0.00032810, -0.00027398, -0.00022789, -0.00018865, -0.00015527, -0.00012689, -0.00010278, -0.00008228, -0.00006478, -0.00005005, -0.00003760, -0.00002712, -0.00001833, -0.00001098, -0.00000486, 0.00000021, 0.00000438, 0.00000776, 0.00001047, 0.00001269, 0.00001437, 0.00001565, 0.00001659, 0.00001724, 0.00001764
-1.31465392, -1.19446690, -0.91883333, -0.65496554, -0.46826189, -0.34657066, -0.26306637, -0.20080768, -0.15232479, -0.11451528, -0.08551643, -0.06364503, -0.04729076, -0.03510773, -0.02602882, -0.01927054, -0.01424580, -0.01052151, -0.00776649, -0.00573242, -0.00423265, -0.00312541, -0.00230851, -0.00170707, -0.00126272, -0.00093324, -0.00068957, -0.00050941, -0.00037498, -0.00027393, -0.00019816, -0.00014107, -0.00009761, -0.00006421, -0.00003827, -0.00001782, -0.00000199, 0.00001034, 0.00002001, 0.00002789, 0.00003417, 0.00003903, 0.00004264, 0.00004534, 0.00004739, 0.00004892, 0.00004973, 0.00005005, 0.00004990, 0.00004937, 0.00004853, 0.00004745, 0.00004619, 0.00004476, 0.00004313, 0.00004136, 0.00003961, 0.00003776, 0.00003594, 0.00003410, 0.00003227, 0.00003047
-0.95455262, -0.88531855, -0.71827770, -0.54358114, -0.40674944, -0.30927448, -0.23856971, -0.18455106, -0.14197863, -0.10835703, -0.08215252, -0.06202797, -0.04671230, -0.03512032, -0.02635835, -0.01975130, -0.01477603, -0.01104163, -0.00824388, -0.00615236, -0.00459139, -0.00342552, -0.00255559, -0.00190785, -0.00142421, -0.00106208, -0.00079157, -0.00058962, -0.00043776, -0.00032291, -0.00023622, -0.00017057, -0.00012044, -0.00008188, -0.00005196, -0.00002846, -0.00001029, 0.00000384, 0.00001488, 0.00002379, 0.00003086, 0.00003631, 0.00004039, 0.00004346, 0.00004579, 0.00004753, 0.00004852, 0.00004898, 0.00004896, 0.00004854, 0.00004779, 0.00004679, 0.00004560, 0.00004425, 0.00004268, 0.00004098, 0.00003929, 0.00003750, 0.00003572, 0.00003394, 0.00003215, 0.00003039
-0.18066783, -0.17725802, -0.16745259, -0.15314484, -0.13653283, -0.11936572, -0.10278903, -0.08744959, -0.07364973, -0.06148319, -0.05094265, -0.04194644, -0.03435667, -0.02802176, -0.02277370, -0.01845699, -0.01492354, -0.01204449, -0.00970627, -0.00781323, -0.00628425, -0.00505077, -0.00405722, -0.00325845, -0.00261595, -0.00209886, -0.00168313, -0.00134924, -0.00108049, -0.00086390, -0.00068946, -0.00054887, -0.00043536, -0.00034357, -0.00026923, -0.00020879, -0.00015996, -0.00012042, -0.00008837, -0.00006227, -0.00004108, -0.00002396, -0.00001021, 0.00000084, 0.00000971, 0.00001686, 0.00002237, 0.00002661, 0.00002978, 0.00003207, 0.00003363, 0.00003461, 0.00003510, 0.00003520, 0.00003494, 0.00003440, 0.00003373, 0.00003283, 0.00003183, 0.00003073, 0.00002956, 0.00002835
-1.47196512, -1.32658212, -0.99944597, -0.69632042, -0.48963481, -0.35914127, -0.27125705, -0.20618506, -0.15566874, -0.11642570, -0.08649467, -0.06406062, -0.04738794, -0.03503410, -0.02586995, -0.01907808, -0.01404863, -0.01033637, -0.00760197, -0.00559131, -0.00411462, -0.00302849, -0.00223004, -0.00164432, -0.00121298, -0.00089412, -0.00065902, -0.00048570, -0.00035667, -0.00025983, -0.00018733, -0.00013278, -0.00009127, -0.00005936, -0.00003454, -0.00001495, 0.00000024, 0.00001207, 0.00002137, 0.00002897, 0.00003505, 0.00003975, 0.00004324, 0.00004585, 0.00004783, 0.00004931, 0.00005008, 0.00005035, 0.00005018, 0.00004962, 0.00004875, 0.00004765, 0.00004636, 0.00004492, 0.00004326, 0.00004148, 0.00003970, 0.00003784, 0.00003600, 0.00003415, 0.00003231, 0.00003050
-0.02818623, -0.02801334, -0.02750559, -0.02667667, -0.02557759, -0.02425742, -0.02276931, -0.02117127, -0.01951540, -0.01784521, -0.01620121, -0.01461427, -0.01310638, -0.01169418, -0.01038690, -0.00918962, -0.00810227, -0.00712236, -0.00624475, -0.00546350, -0.00477117, -0.00416011, -0.00362259, -0.00315134, -0.00273900, -0.00237878, -0.00206454, -0.00179112, -0.00155322, -0.00134636, -0.00116661, -0.00101049, -0.00087489, -0.00075710, -0.00065475, -0.00056568, -0.00048842, -0.00042129, -0.00036296, -0.00031222, -0.00026810, -0.00022975, -0.00019641, -0.00016743, -0.00014223, -0.00012024, -0.00010124, -0.00008474, -0.00007045, -0.00005808, -0.00004739, -0.00003816, -0.00003021, -0.00002338, -0.00001752, -0.00001251, -0.00000819, -0.00000457, -0.00000150, 0.00000107, 0.00000322, 0.00000500
-0.18973283, -0.18601629, -0.17535697, -0.15989648, -0.14207520, -0.12379582, -0.10626506, -0.09013543, -0.07569358, -0.06301293, -0.05206722, -0.04275729, -0.03492867, -0.02841485, -0.02303456, -0.01862198, -0.01501993, -0.01209277, -0.00972165, -0.00780685, -0.00626416, -0.00502266, -0.00402508, -0.00322499, -0.00258295, -0.00206744, -0.00165394, -0.00132262, -0.00105655, -0.00084258, -0.00067064, -0.00053237, -0.00042098, -0.00033109, -0.00025843, -0.00019947, -0.00015194, -0.00011352, -0.00008246, -0.00005719, -0.00003672, -0.00002022, -0.00000700, 0.00000360, 0.00001208, 0.00001890, 0.00002412, 0.00002812, 0.00003109, 0.00003320, 0.00003460, 0.00003544, 0.00003583, 0.00003583, 0.00003548, 0.00003486, 0.00003412, 0.00003316, 0.00003211, 0.00003097, 0.00002976, 0.00002852
-0.09355407, -0.09243461, -0.08914709, -0.08404906, -0.07768237, -0.07056275, -0.06314386, -0.05579193, -0.04876453, -0.04222228, -0.03626543, -0.03093805, -0.02623895, -0.02214600, -0.01861451, -0.01559415, -0.01302719, -0.01085835, -0.00903369, -0.00750498, -0.00622819, -0.00516386, -0.00427849, -0.00354362, -0.00293378, -0.00242779, -0.00200832, -0.00166102, -0.00137310, -0.00113425, -0.00093619, -0.00077189, -0.00063544, -0.00052203, -0.00042765, -0.00034892, -0.00028351, -0.00022908, -0.00018375, -0.00014590, -0.00011435, -0.00008810, -0.00006630, -0.00004820, -0.00003318, -0.00002066, -0.00001045, -0.00000209, 0.00000469, 0.00001014, 0.00001447, 0.00001787, 0.00002049, 0.00002246, 0.00002385, 0.00002477, 0.00002538, 0.00002561, 0.00002560, 0.00002537, 0.00002498, 0.00002445
-0.07903531, -0.07834736, -0.07624361, -0.07295398, -0.06871059, -0.06380864, -0.05852417, -0.05309064, -0.04769092, -0.04247674, -0.03755110, -0.03297591, -0.02879498, -0.02501648, -0.02164171, -0.01865144, -0.01602352, -0.01372774, -0.01173324, -0.01000884, -0.00852317, -0.00724802, -0.00615617, -0.00522334, -0.00442795, -0.00375110, -0.00317519, -0.00268597, -0.00227063, -0.00191845, -0.00161974, -0.00136628, -0.00115126, -0.00096896, -0.00081432, -0.00068288, -0.00057152, -0.00047699, -0.00039672, -0.00032858, -0.00027076, -0.00022172, -0.00018006, -0.00014468, -0.00011470, -0.00008920, -0.00006781, -0.00004974, -0.00003453, -0.00002177, -0.00001112, -0.00000228, 0.00000501, 0.00001097, 0.00001580, 0.00001968, 0.00002282, 0.00002519, 0.00002695, 0.00002818, 0.00002899, 0.00002943
-0.10412345, -0.10303287, -0.09973417, -0.09465014, -0.08823142, -0.08098821, -0.07336487, -0.06570717, -0.05826287, -0.05121980, -0.04469310, -0.03874096, -0.03339554, -0.02864537, -0.02447017, -0.02082802, -0.01767501, -0.01495997, -0.01263383, -0.01064981, -0.00896312, -0.00753383, -0.00632527, -0.00530533, -0.00444617, -0.00372367, -0.00311603, -0.00260569, -0.00217731, -0.00181818, -0.00151690, -0.00126404, -0.00105181, -0.00087383, -0.00072446, -0.00059882, -0.00049351, -0.00040504, -0.00033070, -0.00026825, -0.00021584, -0.00017187, -0.00013491, -0.00010387, -0.00007787, -0.00005601, -0.00003795, -0.00002290, -0.00001042, -0.00000013, 0.00000829, 0.00001511, 0.00002058, 0.00002489, 0.00002825, 0.00003079, 0.00003274, 0.00003403, 0.00003482, 0.00003517, 0.00003518, 0.00003491
-8.66153958, -6.74421199, -3.42025082, -1.47949307, -0.76153599, -0.53290732, -0.42262145, -0.32823898, -0.24296660, -0.17485325, -0.12552534, -0.09116618, -0.06699753, -0.04943719, -0.03640766, -0.02670241, -0.01954418, -0.01430891, -0.01049561, -0.00771266, -0.00567146, -0.00417136, -0.00306631, -0.00225216, -0.00165398, -0.00121540, -0.00089109, -0.00065034, -0.00047210, -0.00034043, -0.00024209, -0.00016802, -0.00011151, -0.00006920, -0.00003685, -0.00001160, 0.00000772, 0.00002315, 0.00003523, 0.00004486, 0.00005217, 0.00005787, 0.00006251, 0.00006634, 0.00006911, 0.00007115, 0.00007213, 0.00007279, 0.00007292, 0.00007268, 0.00007192, 0.00007086, 0.00006939, 0.00006770, 0.00006570, 0.00006362, 0.00006146, 0.00005920, 0.00005675, 0.00005418, 0.00005151, 0.00004889
-0.46970050, -0.45223827, -0.40528514, -0.34624151, -0.28895772, -0.23951090, -0.19825344, -0.16362285, -0.13424055, -0.10935851, -0.08851201, -0.07125680, -0.05714450, -0.04567732, -0.03641432, -0.02895544, -0.02297464, -0.01819185, -0.01438040, -0.01135104, -0.00894787, -0.00704562, -0.00554129, -0.00435278, -0.00341518, -0.00267682, -0.00209461, -0.00163562, -0.00127428, -0.00099039, -0.00076680, -0.00059033, -0.00045101, -0.00034133, -0.00025477, -0.00018607, -0.00013191, -0.00008897, -0.00005490, -0.00002793, -0.00000667, 0.00001002, 0.00002330, 0.00003381, 0.00004198, 0.00004835, 0.00005290, 0.00005628, 0.00005869, 0.00006024, 0.00006105, 0.00006125, 0.00006093, 0.00006019, 0.00005911, 0.00005777, 0.00005633, 0.00005465, 0.00005279, 0.00005078, 0.00004869, 0.00004656
-3.14340483, -2.69990605, -1.77643174, -1.04606287, -0.65381987, -0.46663017, -0.36056824, -0.28119483, -0.21511198, -0.16165563, -0.12063195, -0.09011807, -0.06756742, -0.05073095, -0.03805304, -0.02846925, -0.02125619, -0.01585210, -0.01181879, -0.00881208, -0.00656837, -0.00489419, -0.00364372, -0.00270976, -0.00201328, -0.00149505, -0.00110766, -0.00081744, -0.00060037, -0.00043860, -0.00031698, -0.00022488, -0.00015491, -0.00010209, -0.00006184, -0.00003064, -0.00000672, 0.00001197, 0.00002661, 0.00003803, 0.00004684, 0.00005355, 0.00005897, 0.00006328, 0.00006649, 0.00006886, 0.00007016, 0.00007094, 0.00007127, 0.00007113, 0.00007055, 0.00006956, 0.00006822, 0.00006658, 0.00006473, 0.00006271, 0.00006067, 0.00005846, 0.00005611, 0.00005362, 0.00005107, 0.00004853
-0.04967072, -0.04934517, -0.04833401, -0.04672900, -0.04460509, -0.04208126, -0.03927614, -0.03629967, -0.03324708, -0.03020820, -0.02725112, -0.02442392, -0.02176700, -0.01929962, -0.01703702, -0.01498056, -0.01312789, -0.01147002, -0.00999543, -0.00869146, -0.00754314, -0.00653607, -0.00565556, -0.00488784, -0.00422007, -0.00364057, -0.00313797, -0.00270301, -0.00232688, -0.00200208, -0.00172163, -0.00147951, -0.00127054, -0.00109029, -0.00093477, -0.00080038, -0.00068461, -0.00058470, -0.00049847, -0.00042406, -0.00035985, -0.00030447, -0.00025664, -0.00021534, -0.00017973, -0.00014890, -0.00012249, -0.00009975, -0.00008020, -0.00006342, -0.00004906, -0.00003679, -0.00002635, -0.00001749, -0.00001000, -0.00000369, 0.00000168, 0.00000608, 0.00000970, 0.00001265, 0.00001501, 0.00001687
-0.02187460, -0.02178324, -0.02149173, -0.02102457, -0.02038920, -0.01961182, -0.01871788, -0.01773307, -0.01668187, -0.01559136, -0.01448488, -0.01338126, -0.01229936, -0.01125124, -0.01024929, -0.00930046, -0.00841036, -0.00758164, -0.00681527, -0.00611142, -0.00546810, -0.00488306, -0.00435311, -0.00387482, -0.00344452, -0.00305853, -0.00271277, -0.00240408, -0.00212883, -0.00188384, -0.00166600, -0.00147246, -0.00130067, -0.00114832, -0.00101326, -0.00089338, -0.00078736, -0.00069348, -0.00061035, -0.00053676, -0.00047163, -0.00041400, -0.00036299, -0.00031783, -0.00027787, -0.00024241, -0.00021116, -0.00018353, -0.00015910, -0.00013752, -0.00011848, -0.00010167, -0.00008687, -0.00007383, -0.00006235, -0.00005226, -0.00004333, -0.00003556, -0.00002877, -0.00002284, -0.00001768, -0.00001320
-9.30654522, -7.18813016, -3.56978877, -1.50628012, -0.76428081, -0.53581799, -0.42656438, -0.33131199, -0.24461929, -0.17547377, -0.12563749, -0.09109767, -0.06688406, -0.04931296, -0.03628018, -0.02657815, -0.01943086, -0.01421154, -0.01041555, -0.00764853, -0.00562076, -0.00413165, -0.00303529, -0.00222798, -0.00163537, -0.00120126, -0.00088032, -0.00064215, -0.00046592, -0.00033575, -0.00023856, -0.00016542, -0.00010951, -0.00006772, -0.00003573, -0.00001074, 0.00000834, 0.00002365, 0.00003560, 0.00004518, 0.00005239, 0.00005806, 0.00006266, 0.00006649, 0.00006924, 0.00007126, 0.00007222, 0.00007289, 0.00007301, 0.00007277, 0.00007199, 0.00007093, 0.00006945, 0.00006777, 0.00006575, 0.00006367, 0.00006149, 0.00005925, 0.00005678, 0.00005422, 0.00005153, 0.00004891
-0.15556509, -0.15336806, -0.14685912, -0.13714171, -0.12539745, -0.11274540, -0.10001359, -0.08773437, -0.07621947, -0.06566604, -0.05616629, -0.04773510, -0.04035585, -0.03395881, -0.02846822, -0.02378559, -0.01981848, -0.01647341, -0.01366529, -0.01131691, -0.00935814, -0.00772941, -0.00637728, -0.00525653, -0.00432911, -0.00356289, -0.00292956, -0.00240659, -0.00197504, -0.00161940, -0.00132600, -0.00108377, -0.00088377, -0.00071882, -0.00058264, -0.00046991, -0.00037696, -0.00030012, -0.00023657, -0.00018406, -0.00014072, -0.00010501, -0.00007546, -0.00005106, -0.00003101, -0.00001446, -0.00000115, 0.00000968, 0.00001842, 0.00002540, 0.00003088, 0.00003509, 0.00003824, 0.00004050, 0.00004202, 0.00004294, 0.00004346, 0.00004348, 0.00004313, 0.00004246, 0.00004156, 0.00004049
-1.99174379, -1.77294158, -1.28459682, -0.84812526, -0.57457505, -0.42181876, -0.32735768, -0.25696467, -0.19941759, -0.15267152, -0.11602303, -0.08802335, -0.06684529, -0.05076529, -0.03850956, -0.02914416, -0.02201272, -0.01660051, -0.01250785, -0.00941920, -0.00708798, -0.00533032, -0.00400449, -0.00300470, -0.00225182, -0.00168618, -0.00125969, -0.00093767, -0.00069496, -0.00051262, -0.00037470, -0.00026975, -0.00018973, -0.00012904, -0.00008267, -0.00004675, -0.00001919, 0.00000228, 0.00001904, 0.00003208, 0.00004213, 0.00004979, 0.00005591, 0.00006075, 0.00006436, 0.00006705, 0.00006860, 0.00006958, 0.00007006, 0.00007004, 0.00006956, 0.00006866, 0.00006740, 0.00006585, 0.00006407, 0.00006211, 0.00006014, 0.00005798, 0.00005569, 0.00005326, 0.00005077, 0.00004829
-62.03098277, -35.17271745, -9.46094277, -2.53674684, -1.18589249, -0.88285609, -0.68915442, -0.49752558, -0.33432070, -0.22007593, -0.14626715, -0.10025158, -0.07021326, -0.04924950, -0.03438327, -0.02403933, -0.01704181, -0.01195882, -0.00831401, -0.00581012, -0.00411555, -0.00316273, -0.00228616, -0.00147096, -0.00106305, -0.00091360, -0.00065453, -0.00041873, -0.00033910, -0.00020277, -0.00011528, -0.00016696, -0.00002581, -0.00003389, 0.00000233, 0.00004619, -0.00000974, 0.00006314, 0.00003510, 0.00009083, 0.00003794, 0.00007371, 0.00006539, 0.00010997, 0.00009753, 0.00009395, 0.00007069, 0.00011218, 0.00008811, 0.00010136, 0.00006619, 0.00008269, 0.00006949, 0.00009456, 0.00006295, 0.00008152, 0.00005392, 0.00007418, 0.00006196, 0.00006994, 0.00004709, 0.00004921
-0.24323376, -0.23931754, -0.22794846, -0.21096264, -0.19067288, -0.16906674, -0.14760942, -0.12726346, -0.10857239, -0.09178775, -0.07700208, -0.06418254, -0.05320350, -0.04390739, -0.03610019, -0.02959303, -0.02419813, -0.01974821, -0.01609106, -0.01309506, -0.01064741, -0.00865058, -0.00702420, -0.00570219, -0.00462732, -0.00375309, -0.00304266, -0.00246607, -0.00199720, -0.00161550, -0.00130494, -0.00105212, -0.00084601, -0.00067774, -0.00054020, -0.00042738, -0.00033535, -0.00026012, -0.00019859, -0.00014806, -0.00010666, -0.00007286, -0.00004539, -0.00002307, -0.00000493, 0.00000989, 0.00002155, 0.00003076, 0.00003789, 0.00004330, 0.00004728, 0.00005009, 0.00005195, 0.00005300, 0.00005335, 0.00005313, 0.00005260, 0.00005162, 0.00005039, 0.00004895, 0.00004734, 0.00004562
-0.35521242, -0.34760911, -0.32595249, -0.29502129, -0.26001717, -0.22478283, -0.19155122, -0.16138910, -0.13467597, -0.11143262, -0.09153037, -0.07472927, -0.06070179, -0.04910896, -0.03959531, -0.03184031, -0.02554709, -0.02046169, -0.01636496, -0.01307457, -0.01043761, -0.00832660, -0.00663905, -0.00529255, -0.00421752, -0.00335864, -0.00267313, -0.00212667, -0.00168996, -0.00134042, -0.00106089, -0.00083716, -0.00065774, -0.00051360, -0.00039758, -0.00030381, -0.00022853, -0.00016796, -0.00011919, -0.00007966, -0.00004774, -0.00002212, -0.00000171, 0.00001455, 0.00002750, 0.00003787, 0.00004571, 0.00005163, 0.00005593, 0.00005889, 0.00006075, 0.00006173, 0.00006201, 0.00006169, 0.00006083, 0.00005956, 0.00005810, 0.00005631, 0.00005438, 0.00005233, 0.00005018, 0.00004798
-0.12700732, -0.12567209, -0.12174194, -0.11556801, -0.10773808, -0.09882578, -0.08936550, -0.07982051, -0.07053848, -0.06175434, -0.05363137, -0.04625843, -0.03966199, -0.03383763, -0.02874535, -0.02433435, -0.02053914, -0.01729457, -0.01453345, -0.01219405, -0.01021877, -0.00855486, -0.00715635, -0.00598366, -0.00500090, -0.00417764, -0.00348854, -0.00291264, -0.00243082, -0.00202753, -0.00169010, -0.00140768, -0.00117111, -0.00097279, -0.00080639, -0.00066642, -0.00054916, -0.00045073, -0.00036807, -0.00029852, -0.00024004, -0.00019095, -0.00014980, -0.00011531, -0.00008640, -0.00006206, -0.00004195, -0.00002526, -0.00001150, -0.00000022, 0.00000896, 0.00001637, 0.00002228, 0.00002693, 0.00003048, 0.00003312, 0.00003511, 0.00003636, 0.00003711, 0.00003742, 0.00003736, 0.00003702
-7.10855063, -5.80225700, -3.41645875, -1.84318989, -1.10334424, -0.75977297, -0.55949709, -0.41363679, -0.30044557, -0.21491920, -0.15287670, -0.10896831, -0.07799631, -0.05598793, -0.04019377, -0.02882694, -0.02065472, -0.01480653, -0.01062965, -0.00764734, -0.00551570, -0.00398543, -0.00288532, -0.00209595, -0.00152615, -0.00111198, -0.00081148, -0.00059325, -0.00043221, -0.00031159, -0.00022157, -0.00015392, -0.00010193, -0.00006157, -0.00002961, -0.00000379, 0.00001644, 0.00003253, 0.00004530, 0.00005612, 0.00006487, 0.00007176, 0.00007680, 0.00008061, 0.00008349, 0.00008564, 0.00008664, 0.00008689, 0.00008634, 0.00008519, 0.00008349, 0.00008146, 0.00007911, 0.00007654, 0.00007354, 0.00007035, 0.00006717, 0.00006388, 0.00006063, 0.00005739, 0.00005414, 0.00005098
-0.01394720, -0.01390082, -0.01376213, -0.01353339, -0.01322084, -0.01283400, -0.01238102, -0.01187389, -0.01132337, -0.01073930, -0.01013381, -0.00951669, -0.00889695, -0.00828261, -0.00768096, -0.00709775, -0.00653731, -0.00600309, -0.00549721, -0.00502176, -0.00457717, -0.00416361, -0.00378059, -0.00342739, -0.00310276, -0.00280526, -0.00253318, -0.00228546, -0.00206014, -0.00185558, -0.00167020, -0.00150242, -0.00135075, -0.00121376, -0.00109013, -0.00097845, -0.00087798, -0.00078752, -0.00070607, -0.00063277, -0.00056681, -0.00050749, -0.00045414, -0.00040617, -0.00036304, -0.00032414, -0.00028931, -0.00025800, -0.00022987, -0.00020462, -0.00018195, -0.00016159, -0.00014333, -0.00012694, -0.00011224, -0.00009906, -0.00008717, -0.00007659, -0.00006711, -0.00005863, -0.00005105, -0.00004428
-0.72843784, -0.70024871, -0.62485698, -0.52981949, -0.43715221, -0.35651107, -0.28906711, -0.23306723, -0.18662620, -0.14833829, -0.11712704, -0.09199735, -0.07195965, -0.05611248, -0.04363872, -0.03386725, -0.02623331, -0.02029083, -0.01567505, -0.01209876, -0.00933310, -0.00719512, -0.00554442, -0.00427248, -0.00329099, -0.00253252, -0.00194729, -0.00149631, -0.00114734, -0.00087651, -0.00066662, -0.00050374, -0.00037683, -0.00027759, -0.00019970, -0.00013810, -0.00008991, -0.00005207, -0.00002231, 0.00000146, 0.00002030, 0.00003503, 0.00004635, 0.00005505, 0.00006176, 0.00006694, 0.00007044, 0.00007272, 0.00007394, 0.00007430, 0.00007395, 0.00007305, 0.00007172, 0.00007003, 0.00006795, 0.00006560, 0.00006320, 0.00006060, 0.00005797, 0.00005529, 0.00005258, 0.00004990
-0.06534405, -0.06487061, -0.06347744, -0.06122441, -0.05826914, -0.05476655, -0.05087934, -0.04677446, -0.04259552, -0.03845715, -0.03445790, -0.03066807, -0.02713238, -0.02388072, -0.02092370, -0.01826241, -0.01588621, -0.01378023, -0.01192435, -0.01029809, -0.00887909, -0.00764507, -0.00657519, -0.00565041, -0.00485224, -0.00416419, -0.00357175, -0.00306278, -0.00262533, -0.00224947, -0.00192672, -0.00164960, -0.00141159, -0.00120710, -0.00103133, -0.00087995, -0.00075004, -0.00063834, -0.00054228, -0.00045956, -0.00038836, -0.00032710, -0.00027442, -0.00022911, -0.00019013, -0.00015646, -0.00012772, -0.00010309, -0.00008201, -0.00006402, -0.00004870, -0.00003568, -0.00002465, -0.00001534, -0.00000753, -0.00000102, 0.00000449, 0.00000894, 0.00001258, 0.00001552, 0.00001784, 0.00001965
-1.24078203, -1.16641838, -0.98043164, -0.77310737, -0.59825149, -0.46518513, -0.36427969, -0.28534622, -0.22229251, -0.17186936, -0.13201827, -0.10094713, -0.07694286, -0.05852067, -0.04441803, -0.03365512, -0.02545655, -0.01923113, -0.01451368, -0.01094642, -0.00825401, -0.00622129, -0.00468805, -0.00353417, -0.00266375, -0.00200566, -0.00150909, -0.00113485, -0.00085101, -0.00063475, -0.00047026, -0.00034484, -0.00024858, -0.00017425, -0.00011648, -0.00007108, -0.00003590, -0.00000851, 0.00001291, 0.00003008, 0.00004368, 0.00005422, 0.00006217, 0.00006817, 0.00007275, 0.00007622, 0.00007832, 0.00007945, 0.00007973, 0.00007928, 0.00007825, 0.00007677, 0.00007494, 0.00007282, 0.00007034, 0.00006762, 0.00006491, 0.00006201, 0.00005913, 0.00005622, 0.00005330, 0.00005043
-0.17945626, -0.17711164, -0.17024389, -0.15970156, -0.14669320, -0.13234192, -0.11758946, -0.10315650, -0.08952162, -0.07696487, -0.06564596, -0.05561771, -0.04685069, -0.03927917, -0.03279950, -0.02730096, -0.02266246, -0.01877149, -0.01552094, -0.01281588, -0.01057153, -0.00871263, -0.00717602, -0.00590843, -0.00486288, -0.00400053, -0.00328979, -0.00270484, -0.00222264, -0.00182486, -0.00149684, -0.00122623, -0.00100274, -0.00081796, -0.00066501, -0.00053806, -0.00043316, -0.00034633, -0.00027440, -0.00021465, -0.00016509, -0.00012408, -0.00009024, -0.00006233, -0.00003929, -0.00002020, -0.00000479, 0.00000771, 0.00001773, 0.00002567, 0.00003187, 0.00003663, 0.00004019, 0.00004275, 0.00004442, 0.00004538, 0.00004588, 0.00004580, 0.00004537, 0.00004463, 0.00004364, 0.00004247
-2.06145457, -1.78664396, -1.21835891, -0.76235392, -0.49880275, -0.35466552, -0.26473673, -0.19916174, -0.14823930, -0.10901569, -0.07964316, -0.05811567, -0.04244418, -0.03102288, -0.02265936, -0.01652956, -0.01204038, -0.00876516, -0.00638087, -0.00464762, -0.00338824, -0.00247089, -0.00180271, -0.00131715, -0.00096270, -0.00070273, -0.00051257, -0.00037360, -0.00027078, -0.00019394, -0.00013670, -0.00009384, -0.00006130, -0.00003631, -0.00001687, -0.00000145, 0.00001046, 0.00001972, 0.00002695, 0.00003290, 0.00003764, 0.00004126, 0.00004387, 0.00004574, 0.00004711, 0.00004809, 0.00004844, 0.00004836, 0.00004790, 0.00004711, 0.00004605, 0.00004480, 0.00004341, 0.00004190, 0.00004019, 0.00003838, 0.00003661, 0.00003475, 0.00003294, 0.00003114, 0.00002934, 0.00002760
-0.90764784, -0.83719398, -0.66951123, -0.49848545, -0.36862696, -0.27875766, -0.21472582, -0.16608086, -0.12772929, -0.09741740, -0.07380506, -0.05569676, -0.04193325, -0.03152481, -0.02365861, -0.01772617, -0.01325779, -0.00990357, -0.00739053, -0.00551194, -0.00410995, -0.00306298, -0.00228181, -0.00170033, -0.00126638, -0.00094162, -0.00069917, -0.00051845, -0.00038274, -0.00028023, -0.00020300, -0.00014465, -0.00010021, -0.00006612, -0.00003978, -0.00001912, -0.00000325, 0.00000902, 0.00001854, 0.00002616, 0.00003216, 0.00003674, 0.00004010, 0.00004255, 0.00004435, 0.00004567, 0.00004630, 0.00004646, 0.00004620, 0.00004559, 0.00004470, 0.00004360, 0.00004235, 0.00004095, 0.00003938, 0.00003769, 0.00003604, 0.00003429, 0.00003257, 0.00003086, 0.00002915, 0.00002748
-0.13154674, -0.12939223, -0.12314897, -0.11385005, -0.10278530, -0.09104804, -0.07942958, -0.06844020, -0.05836176, -0.04932122, -0.04136334, -0.03446730, -0.02856349, -0.02356612, -0.01937007, -0.01587322, -0.01297439, -0.01058358, -0.00861892, -0.00700968, -0.00569521, -0.00462310, -0.00375018, -0.00304089, -0.00246446, -0.00199589, -0.00161534, -0.00130676, -0.00105604, -0.00085214, -0.00068642, -0.00055168, -0.00044198, -0.00035257, -0.00027960, -0.00021983, -0.00017120, -0.00013154, -0.00009918, -0.00007268, -0.00005103, -0.00003342, -0.00001917, -0.00000765, 0.00000167, 0.00000924, 0.00001514, 0.00001974, 0.00002326, 0.00002587, 0.00002774, 0.00002900, 0.00002977, 0.00003013, 0.00003012, 0.00002982, 0.00002938, 0.00002871, 0.00002791, 0.00002701, 0.00002603, 0.00002501
-1.21966821, -1.10297453, -0.83804797, -0.58920786, -0.41742683, -0.30808776, -0.23407101, -0.17898399, -0.13594725, -0.10229171, -0.07645052, -0.05695703, -0.04237637, -0.03150471, -0.02339091, -0.01734028, -0.01283389, -0.00948851, -0.00701006, -0.00517774, -0.00382465, -0.00282447, -0.00208552, -0.00154094, -0.00113822, -0.00083944, -0.00061832, -0.00045491, -0.00033303, -0.00024148, -0.00017290, -0.00012134, -0.00008218, -0.00005219, -0.00002898, -0.00001073, 0.00000329, 0.00001414, 0.00002257, 0.00002939, 0.00003478, 0.00003888, 0.00004187, 0.00004403, 0.00004562, 0.00004677, 0.00004726, 0.00004731, 0.00004695, 0.00004626, 0.00004529, 0.00004412, 0.00004281, 0.00004136, 0.00003973, 0.00003799, 0.00003628, 0.00003449, 0.00003273, 0.00003098, 0.00002924, 0.00002753
-11.56656814, -8.08036457, -3.31779981, -1.26845444, -0.64688555, -0.44541732, -0.33465876, -0.24486118, -0.17181764, -0.11790254, -0.08090772, -0.05626009, -0.03962673, -0.02807754, -0.01988320, -0.01405207, -0.00992748, -0.00702320, -0.00498379, -0.00355102, -0.00254046, -0.00182741, -0.00131311, -0.00094201, -0.00068090, -0.00049597, -0.00035839, -0.00025781, -0.00018619, -0.00013031, -0.00008908, -0.00006120, -0.00003479, -0.00001744, -0.00000239, 0.00001021, 0.00001769, 0.00002677, 0.00003162, 0.00003793, 0.00004035, 0.00004431, 0.00004617, 0.00004888, 0.00004960, 0.00005028, 0.00004980, 0.00005074, 0.00004947, 0.00004895, 0.00004684, 0.00004598, 0.00004417, 0.00004331, 0.00004069, 0.00003935, 0.00003679, 0.00003547, 0.00003332, 0.00003172, 0.00002931, 0.00002762
-415.27384359, -102.80314099, -6.95076062, 0.42567148, 0.11155807, -0.32256096, -0.45110603, -0.38613204, -0.12200281, -0.07063188, -0.03363949, -0.04685172, -0.05150347, -0.02451459, -0.00343497, -0.00361938, -0.02323182, -0.01794899, -0.00236537, 0.00635408, 0.00808393, -0.01118873, -0.00952149, 0.00727430, 0.00613648, -0.00634114, -0.00389940, 0.00199349, -0.00110976, 0.00231663, 0.00406556, -0.00421694, 0.00348136, 0.00051624, 0.00116510, 0.00308789, -0.00281701, 0.00181282, -0.00126510, 0.00233690, -0.00237359, -0.00016822, -0.00111960, 0.00203052, 0.00096213, 0.00044444, -0.00138718, 0.00176912, 0.00002098, 0.00112399, -0.00143696, -0.00002642, -0.00083829, 0.00132686, -0.00087977, 0.00083635, -0.00107932, 0.00078807, 0.00007603, 0.00100212, -0.00055570, -0.00010634
-384.06614422, -98.33775970, -6.90272725, 0.31424070, 0.05450882, -0.34204127, -0.44759586, -0.37473544, -0.12898444, -0.07557706, -0.03836618, -0.04727850, -0.04958465, -0.02457787, -0.00512722, -0.00465704, -0.02147695, -0.01649711, -0.00257227, 0.00524325, 0.00685129, -0.01003984, -0.00850772, 0.00632101, 0.00533339, -0.00563888, -0.00346689, 0.00173093, -0.00099627, 0.00202959, 0.00356797, -0.00371991, 0.00306606, 0.00045201, 0.00102790, 0.00271815, -0.00247758, 0.00160032, -0.00110982, 0.00206290, -0.00208661, -0.00014172, -0.00098077, 0.00179530, 0.00085192, 0.00039805, -0.00121627, 0.00156540, 0.00002394, 0.00099614, -0.00126048, -0.00001716, -0.00073297, 0.00117395, -0.00077011, 0.00074109, -0.00094589, 0.00069822, 0.00007132, 0.00088585, -0.00048560, -0.00009068
-132.20478894, -50.73351394, -6.58901486, -0.77580294, -0.39210241, -0.44960783, -0.40444247, -0.29565795, -0.17322905, -0.10858097, -0.06926553, -0.05065225, -0.03812903, -0.02536864, -0.01595306, -0.01127868, -0.01061958, -0.00760586, -0.00398646, -0.00176406, -0.00082113, -0.00286169, -0.00222651, 0.00030849, 0.00031917, -0.00122984, -0.00078137, 0.00008100, -0.00028740, 0.00022186, 0.00047365, -0.00061212, 0.00045291, 0.00005613, 0.00016212, 0.00042029, -0.00035966, 0.00026978, -0.00014066, 0.00034899, -0.00028640, 0.00001910, -0.00011077, 0.00031919, 0.00016986, 0.00010539, -0.00014447, 0.00028572, 0.00004502, 0.00019510, -0.00015393, 0.00003805, -0.00007426, 0.00021695, -0.00008341, 0.00014643, -0.00011272, 0.00013677, 0.00004011, 0.00016127, -0.00004870, 0.00000883
-0.04656364, -0.04616885, -0.04500720, -0.04314837, -0.04074096, -0.03793116, -0.03486600, -0.03168692, -0.02850946, -0.02542022, -0.02248831, -0.01975891, -0.01725627, -0.01499343, -0.01296909, -0.01117608, -0.00959966, -0.00822343, -0.00702832, -0.00599583, -0.00510729, -0.00434487, -0.00369248, -0.00313576, -0.00266123, -0.00225710, -0.00191327, -0.00162138, -0.00137341, -0.00116274, -0.00098384, -0.00083194, -0.00070290, -0.00059322, -0.00049995, -0.00042044, -0.00035297, -0.00029558, -0.00024675, -0.00020515, -0.00016973, -0.00013960, -0.00011399, -0.00009223, -0.00007374, -0.00005795, -0.00004468, -0.00003348, -0.00002405, -0.00001615, -0.00000955, -0.00000407, 0.00000046, 0.00000418, 0.00000719, 0.00000960, 0.00001157, 0.00001304, 0.00001416, 0.00001497, 0.00001552, 0.00001585
-2758.48766592, -373.52732448, -21.77846846, 8.32479483, 5.38745280, 1.61188845, -0.82406976, -1.57170427, 0.42710375, 0.33379253, 0.37703030, -0.03205447, -0.25643567, -0.03884442, 0.14175543, 0.08570420, -0.19331159, -0.16023056, 0.01255666, 0.10755256, 0.12304308, -0.11980208, -0.10629220, 0.09504369, 0.08114768, -0.07202921, -0.04499547, 0.02627186, -0.01186190, 0.02886394, 0.05096196, -0.05081362, 0.04202544, 0.00663093, 0.01384705, 0.03800149, -0.03470152, 0.02168368, -0.01583950, 0.02799714, -0.02912967, -0.00273964, -0.01407259, 0.02397304, 0.01144592, 0.00475437, -0.01731654, 0.02075236, -0.00018405, 0.01308584, -0.01788683, -0.00092981, -0.01068137, 0.01565313, -0.01111150, 0.00980059, -0.01358052, 0.00923346, 0.00049958, 0.01196170, -0.00713395, -0.00152594
-0.10575069, -0.10457058, -0.10102515, -0.09558253, -0.08875716, -0.08111319, -0.07313146, -0.06517751, -0.05750536, -0.05029577, -0.04366280, -0.03765393, -0.03229295, -0.02755936, -0.02342487, -0.01984012, -0.01675498, -0.01411355, -0.01186320, -0.00995413, -0.00833982, -0.00697886, -0.00583381, -0.00487212, -0.00406611, -0.00339132, -0.00282629, -0.00235377, -0.00195908, -0.00162947, -0.00135400, -0.00112367, -0.00093121, -0.00077039, -0.00063590, -0.00052314, -0.00042897, -0.00035013, -0.00028410, -0.00022885, -0.00018265, -0.00014398, -0.00011158, -0.00008447, -0.00006188, -0.00004296, -0.00002739, -0.00001447, -0.00000383, 0.00000489, 0.00001196, 0.00001763, 0.00002212, 0.00002561, 0.00002827, 0.00003023, 0.00003170, 0.00003259, 0.00003303, 0.00003311, 0.00003291, 0.00003248
-0.20492948, -0.20110289, -0.19003302, -0.17410971, -0.15578496, -0.13702247, -0.11900415, -0.10230642, -0.08716343, -0.07366934, -0.06183347, -0.05158179, -0.04281716, -0.03538876, -0.02914770, -0.02393365, -0.01960365, -0.01602150, -0.01307000, -0.01064593, -0.00866001, -0.00703713, -0.00571265, -0.00463303, -0.00375475, -0.00304082, -0.00246001, -0.00198794, -0.00160486, -0.00129399, -0.00104137, -0.00083585, -0.00066885, -0.00053315, -0.00042272, -0.00033256, -0.00025930, -0.00019956, -0.00015085, -0.00011119, -0.00007897, -0.00005274, -0.00003132, -0.00001393, 0.00000010, 0.00001146, 0.00002036, 0.00002746, 0.00003300, 0.00003723, 0.00004036, 0.00004257, 0.00004400, 0.00004481, 0.00004510, 0.00004498, 0.00004463, 0.00004390, 0.00004289, 0.00004169, 0.00004035, 0.00003892
-749.70755944, -193.58349035, -10.55721294, 2.50549288, 0.94078314, -0.33061974, -0.70003078, -0.60553007, -0.16316113, -0.08540941, -0.03707567, -0.06929196, -0.08248737, -0.03992557, -0.00568037, -0.00623210, -0.03888039, -0.03017294, -0.00442761, 0.01002412, 0.01290835, -0.01890561, -0.01602246, 0.01187466, 0.00999578, -0.01065199, -0.00654635, 0.00323780, -0.00189201, 0.00380647, 0.00669050, -0.00701509, 0.00575867, 0.00083036, 0.00191672, 0.00508649, -0.00468483, 0.00298569, -0.00211454, 0.00385323, -0.00395821, -0.00029576, -0.00187679, 0.00334970, 0.00157049, 0.00072028, -0.00231867, 0.00291960, 0.00001749, 0.00184986, -0.00239627, -0.00005318, -0.00139961, 0.00219020, -0.00146674, 0.00137840, -0.00179332, 0.00130117, 0.00012369, 0.00165583, -0.00092215, -0.00017914
-0.17576145, -0.17287377, -0.16442990, -0.15205037, -0.13745020, -0.12212081, -0.10706370, -0.09284958, -0.07976610, -0.06796368, -0.05749837, -0.04833986, -0.04043271, -0.03366799, -0.02793396, -0.02310255, -0.01905753, -0.01568506, -0.01288500, -0.01056827, -0.00865632, -0.00708263, -0.00578928, -0.00472769, -0.00385808, -0.00314631, -0.00256335, -0.00208635, -0.00169664, -0.00137823, -0.00111777, -0.00090451, -0.00073006, -0.00058737, -0.00047052, -0.00037452, -0.00029600, -0.00023158, -0.00017873, -0.00013543, -0.00009999, -0.00007097, -0.00004713, -0.00002763, -0.00001178, 0.00000116, 0.00001144, 0.00001971, 0.00002628, 0.00003139, 0.00003528, 0.00003815, 0.00004016, 0.00004147, 0.00004220, 0.00004247, 0.00004244, 0.00004200, 0.00004125, 0.00004028, 0.00003914, 0.00003789
-0.06790972, -0.06734434, -0.06561850, -0.06290713, -0.05938922, -0.05530047, -0.05086550, -0.04627886, -0.04169639, -0.03724643, -0.03302398, -0.02908432, -0.02546914, -0.02218951, -0.01924941, -0.01663546, -0.01433044, -0.01231039, -0.01055012, -0.00902382, -0.00770515, -0.00657015, -0.00559565, -0.00476079, -0.00404728, -0.00343834, -0.00291881, -0.00247632, -0.00209984, -0.00177968, -0.00150733, -0.00127562, -0.00107859, -0.00091106, -0.00076854, -0.00064705, -0.00054384, -0.00045597, -0.00038114, -0.00031745, -0.00026326, -0.00021712, -0.00017779, -0.00014432, -0.00011587, -0.00009159, -0.00007115, -0.00005380, -0.00003915, -0.00002681, -0.00001647, -0.00000783, -0.00000068, 0.00000523, 0.00001006, 0.00001398, 0.00001720, 0.00001967, 0.00002154, 0.00002291, 0.00002387, 0.00002449
-0.10059898, -0.09951494, -0.09625120, -0.09122461, -0.08489188, -0.07776437, -0.07028504, -0.06279694, -0.05554320, -0.04870028, -0.04238188, -0.03663871, -0.03149813, -0.02694525, -0.02295658, -0.01948843, -0.01649559, -0.01392636, -0.01173193, -0.00986569, -0.00828377, -0.00694701, -0.00581970, -0.00487075, -0.00407370, -0.00340494, -0.00284372, -0.00237342, -0.00197976, -0.00165031, -0.00137441, -0.00114326, -0.00094972, -0.00078767, -0.00065188, -0.00053782, -0.00044236, -0.00036229, -0.00029511, -0.00023877, -0.00019156, -0.00015198, -0.00011873, -0.00009088, -0.00006760, -0.00004806, -0.00003194, -0.00001852, -0.00000743, 0.00000168, 0.00000911, 0.00001510, 0.00001987, 0.00002361, 0.00002650, 0.00002866, 0.00003032, 0.00003136, 0.00003194, 0.00003216, 0.00003207, 0.00003175
-1.21833161, -1.11707015, -0.87723533, -0.63798552, -0.46471886, -0.35235827, -0.27591429, -0.21791762, -0.17096097, -0.13278466, -0.10241075, -0.07870799, -0.06042119, -0.04632959, -0.03547158, -0.02710056, -0.02066548, -0.01573206, -0.01196231, -0.00908819, -0.00689870, -0.00523304, -0.00396582, -0.00300195, -0.00227072, -0.00171615, -0.00129424, -0.00097316, -0.00072985, -0.00054517, -0.00040422, -0.00029614, -0.00021350, -0.00015027, -0.00010159, -0.00006365, -0.00003437, -0.00001147, 0.00000643, 0.00002037, 0.00003113, 0.00003953, 0.00004625, 0.00005149, 0.00005539, 0.00005830, 0.00006014, 0.00006140, 0.00006209, 0.00006224, 0.00006192, 0.00006119, 0.00006011, 0.00005874, 0.00005717, 0.00005544, 0.00005370, 0.00005174, 0.00004961, 0.00004741, 0.00004517, 0.00004295
-0.07815155, -0.07732503, -0.07489359, -0.07107069, -0.06622441, -0.06070833, -0.05485466, -0.04894868, -0.04321044, -0.03778695, -0.03277622, -0.02823492, -0.02417785, -0.02060091, -0.01747871, -0.01477832, -0.01245875, -0.01047874, -0.00879633, -0.00737302, -0.00617300, -0.00516340, -0.00431614, -0.00360644, -0.00301226, -0.00251503, -0.00209934, -0.00175215, -0.00146184, -0.00121902, -0.00101601, -0.00084614, -0.00070390, -0.00058469, -0.00048468, -0.00040058, -0.00033015, -0.00027105, -0.00022137, -0.00017957, -0.00014446, -0.00011500, -0.00009031, -0.00006958, -0.00005222, -0.00003761, -0.00002556, -0.00001556, -0.00000732, -0.00000056, 0.00000493, 0.00000937, 0.00001291, 0.00001567, 0.00001778, 0.00001935, 0.00002054, 0.00002130, 0.00002175, 0.00002193, 0.00002190, 0.00002171
-0.02917558, -0.02899442, -0.02846373, -0.02759627, -0.02644791, -0.02506951, -0.02351692, -0.02185011, -0.02012497, -0.01838725, -0.01667806, -0.01503050, -0.01346691, -0.01200435, -0.01065232, -0.00941560, -0.00829389, -0.00728432, -0.00638128, -0.00557838, -0.00486773, -0.00424118, -0.00369072, -0.00320858, -0.00278708, -0.00241922, -0.00209865, -0.00181992, -0.00157756, -0.00136696, -0.00118411, -0.00102537, -0.00088756, -0.00076791, -0.00066399, -0.00057358, -0.00049520, -0.00042713, -0.00036797, -0.00031654, -0.00027183, -0.00023298, -0.00019922, -0.00016987, -0.00014436, -0.00012211, -0.00010288, -0.00008620, -0.00007175, -0.00005925, -0.00004845, -0.00003913, -0.00003109, -0.00002419, -0.00001828, -0.00001323, -0.00000886, -0.00000520, -0.00000210, 0.00000050, 0.00000268, 0.00000448
-1.89745506, -1.68143197, -1.21474728, -0.80994931, -0.55226790, -0.39796920, -0.29697467, -0.22310260, -0.16631305, -0.12274460, -0.08999497, -0.06582587, -0.04812536, -0.03518595, -0.02570665, -0.01876134, -0.01367734, -0.00996724, -0.00726442, -0.00529876, -0.00387000, -0.00282895, -0.00207152, -0.00152032, -0.00111720, -0.00082131, -0.00060495, -0.00044593, -0.00032767, -0.00023910, -0.00017294, -0.00012293, -0.00008466, -0.00005501, -0.00003174, -0.00001321, 0.00000121, 0.00001252, 0.00002172, 0.00002927, 0.00003527, 0.00003987, 0.00004331, 0.00004602, 0.00004803, 0.00004950, 0.00005023, 0.00005044, 0.00005018, 0.00004955, 0.00004862, 0.00004747, 0.00004613, 0.00004454, 0.00004277, 0.00004090, 0.00003909, 0.00003720, 0.00003531, 0.00003340, 0.00003152, 0.00002970
-0.11143372, -0.10996513, -0.10566430, -0.09905908, -0.09091266, -0.08192838, -0.07269977, -0.06367707, -0.05516677, -0.04734507, -0.04030632, -0.03408431, -0.02865674, -0.02397999, -0.01998697, -0.01660591, -0.01376026, -0.01137843, -0.00939299, -0.00774427, -0.00637890, -0.00525015, -0.00431909, -0.00355219, -0.00292054, -0.00240036, -0.00197240, -0.00162050, -0.00133069, -0.00109188, -0.00089520, -0.00073303, -0.00059917, -0.00048856, -0.00039704, -0.00032111, -0.00025843, -0.00020657, -0.00016355, -0.00012785, -0.00009827, -0.00007382, -0.00005366, -0.00003698, -0.00002325, -0.00001188, -0.00000273, 0.00000468, 0.00001061, 0.00001531, 0.00001897, 0.00002178, 0.00002387, 0.00002533, 0.00002628, 0.00002682, 0.00002710, 0.00002704, 0.00002677, 0.00002630, 0.00002570, 0.00002500
-238.45233218, -76.03256012, -7.65384619, -0.64154501, -0.38661397, -0.51450164, -0.48462537, -0.36264857, -0.18384214, -0.11320134, -0.06868242, -0.05541030, -0.04547042, -0.02738326, -0.01389736, -0.01009150, -0.01479195, -0.01088464, -0.00377477, 0.00034660, 0.00153369, -0.00530629, -0.00433955, 0.00222325, 0.00190168, -0.00271848, -0.00169019, 0.00058949, -0.00054659, 0.00079194, 0.00145778, -0.00164456, 0.00129611, 0.00017121, 0.00043718, 0.00115820, -0.00105602, 0.00069992, -0.00045970, 0.00090692, -0.00087671, -0.00003192, -0.00039473, 0.00080417, 0.00039238, 0.00020413, -0.00049267, 0.00070823, 0.00004037, 0.00046025, -0.00051298, 0.00002406, -0.00028615, 0.00053271, -0.00030503, 0.00034304, -0.00038172, 0.00032255, 0.00005334, 0.00039941, -0.00018871, -0.00002206
-2.52210610, -2.17983632, -1.47982806, -0.92486993, -0.60446558, -0.42726583, -0.31585941, -0.23516806, -0.17335727, -0.12635278, -0.09150266, -0.06617991, -0.04790469, -0.03470829, -0.02513837, -0.01819131, -0.01315185, -0.00950805, -0.00687810, -0.00498234, -0.00361586, -0.00262771, -0.00191397, -0.00139814, -0.00102318, -0.00074942, -0.00055035, -0.00040467, -0.00029659, -0.00021574, -0.00015542, -0.00010982, -0.00007483, -0.00004762, -0.00002615, -0.00000894, 0.00000450, 0.00001507, 0.00002375, 0.00003091, 0.00003663, 0.00004102, 0.00004429, 0.00004688, 0.00004879, 0.00005019, 0.00005085, 0.00005100, 0.00005070, 0.00005001, 0.00004904, 0.00004784, 0.00004647, 0.00004483, 0.00004302, 0.00004111, 0.00003926, 0.00003734, 0.00003541, 0.00003348, 0.00003157, 0.00002972
-179.45937308, -63.55457534, -7.54873872, -0.90640781, -0.48819343, -0.53504652, -0.47352815, -0.34572338, -0.19292006, -0.12020624, -0.07519238, -0.05625767, -0.04327238, -0.02762962, -0.01614469, -0.01146353, -0.01261256, -0.00911106, -0.00408110, -0.00108515, -0.00001947, -0.00385206, -0.00307357, 0.00099680, 0.00088549, -0.00182200, -0.00114800, 0.00025378, -0.00040291, 0.00042363, 0.00083240, -0.00101423, 0.00076399, 0.00009166, 0.00026056, 0.00069396, -0.00062704, 0.00042982, -0.00026337, 0.00055921, -0.00051085, 0.00000005, -0.00021804, 0.00050409, 0.00025494, 0.00014443, -0.00027489, 0.00044791, 0.00004497, 0.00029756, -0.00028815, 0.00003490, -0.00015254, 0.00033850, -0.00016562, 0.00022257, -0.00021288, 0.00020873, 0.00004677, 0.00025277, -0.00010028, -0.00000167
-0.04205085, -0.04173580, -0.04081002, -0.03931359, -0.03735652, -0.03504303, -0.03248337, -0.02978762, -0.02705346, -0.02435663, -0.02175946, -0.01930837, -0.01703059, -0.01494395, -0.01305400, -0.01135946, -0.00985230, -0.00852147, -0.00735304, -0.00633280, -0.00544564, -0.00467664, -0.00401221, -0.00343960, -0.00294681, -0.00252322, -0.00215957, -0.00184792, -0.00158072, -0.00135170, -0.00115550, -0.00098739, -0.00084331, -0.00071975, -0.00061376, -0.00052264, -0.00044459, -0.00037762, -0.00032008, -0.00027063, -0.00022814, -0.00019166, -0.00016035, -0.00013344, -0.00011034, -0.00009042, -0.00007347, -0.00005896, -0.00004658, -0.00003604, -0.00002708, -0.00001948, -0.00001307, -0.00000768, -0.00000318, 0.00000056, 0.00000372, 0.00000626, 0.00000832, 0.00000997, 0.00001126, 0.00001225
-2.62111264, -2.25722914, -1.51874841, -0.94057084, -0.61120431, -0.43099845, -0.31827710, -0.23670417, -0.17423366, -0.12678071, -0.09166327, -0.06619957, -0.04785819, -0.03463508, -0.02505805, -0.01811383, -0.01308217, -0.00944830, -0.00682860, -0.00494234, -0.00358412, -0.00260285, -0.00189470, -0.00138333, -0.00101188, -0.00074086, -0.00054391, -0.00039984, -0.00029298, -0.00021304, -0.00015342, -0.00010833, -0.00007372, -0.00004679, -0.00002552, -0.00000847, 0.00000486, 0.00001536, 0.00002397, 0.00003110, 0.00003678, 0.00004115, 0.00004440, 0.00004698, 0.00004888, 0.00005027, 0.00005092, 0.00005107, 0.00005076, 0.00005007, 0.00004909, 0.00004789, 0.00004651, 0.00004487, 0.00004305, 0.00004114, 0.00003928, 0.00003735, 0.00003543, 0.00003349, 0.00003158, 0.00002972
-113.51400036, -46.95907732, -7.24276827, -1.23212897, -0.60659539, -0.55088567, -0.45740730, -0.32789454, -0.20065780, -0.12704477, -0.08156225, -0.05744363, -0.04163967, -0.02803684, -0.01824320, -0.01275969, -0.01078388, -0.00763327, -0.00439876, -0.00236816, -0.00138700, -0.00259174, -0.00198314, -0.00008933, -0.00000580, -0.00103784, -0.00067873, -0.00004240, -0.00027831, 0.00009883, 0.00028773, -0.00046335, 0.00029578, 0.00002282, 0.00010470, 0.00029008, -0.00025269, 0.00019326, -0.00009203, 0.00025496, -0.00019004, 0.00002719, -0.00006328, 0.00024076, 0.00013581, 0.00009176, -0.00008399, 0.00021928, 0.00004937, 0.00015499, -0.00009108, 0.00004393, -0.00003570, 0.00016849, -0.00004356, 0.00011735, -0.00006540, 0.00010925, 0.00004073, 0.00012491, -0.00002318, 0.00001640
-0.01621952, -0.01610812, -0.01576467, -0.01521970, -0.01450044, -0.01364854, -0.01270534, -0.01170889, -0.01069170, -0.00968310, -0.00870638, -0.00777671, -0.00690700, -0.00610299, -0.00536900, -0.00470480, -0.00410901, -0.00357810, -0.00310785, -0.00269368, -0.00233038, -0.00201300, -0.00173652, -0.00149631, -0.00128815, -0.00110810, -0.00095245, -0.00081816, -0.00070243, -0.00060279, -0.00051699, -0.00044311, -0.00037954, -0.00032484, -0.00027778, -0.00023720, -0.00020233, -0.00017231, -0.00014646, -0.00012421, -0.00010505, -0.00008856, -0.00007435, -0.00006211, -0.00005159, -0.00004249, -0.00003473, -0.00002805, -0.00002233, -0.00001744, -0.00001326, -0.00000971, -0.00000669, -0.00000415, -0.00000200, -0.00000021, 0.00000132, 0.00000255, 0.00000356, 0.00000437, 0.00000501, 0.00000551
-0.45530645, -0.41400503, -0.31791199, -0.22512563, -0.16066509, -0.12055227, -0.09397919, -0.07397453, -0.05778342, -0.04464928, -0.03425486, -0.02619984, -0.02002597, -0.01529470, -0.01166523, -0.00887816, -0.00674399, -0.00511451, -0.00387467, -0.00293308, -0.00221861, -0.00167709, -0.00126659, -0.00095544, -0.00072022, -0.00054245, -0.00040769, -0.00030544, -0.00022819, -0.00016976, -0.00012530, -0.00009129, -0.00006534, -0.00004554, -0.00003032, -0.00001848, -0.00000936, -0.00000222, 0.00000335, 0.00000769, 0.00001104, 0.00001364, 0.00001574, 0.00001737, 0.00001858, 0.00001948, 0.00002004, 0.00002042, 0.00002062, 0.00002066, 0.00002054, 0.00002028, 0.00001992, 0.00001946, 0.00001894, 0.00001836, 0.00001778, 0.00001713, 0.00001643, 0.00001570, 0.00001496, 0.00001423
-45.57105388, -20.97122373, -3.30460214, -0.26285882, -0.08125390, -0.17058388, -0.18004198, -0.13608938, -0.08453539, -0.05266945, -0.03452326, -0.02514988, -0.01895574, -0.01358828, -0.00943138, -0.00671492, -0.00525036, -0.00377564, -0.00248243, -0.00161896, -0.00110821, -0.00120942, -0.00090386, -0.00031587, -0.00021723, -0.00041991, -0.00028443, -0.00009201, -0.00012841, -0.00001594, 0.00004298, -0.00013620, 0.00006291, -0.00000189, 0.00002302, 0.00007163, -0.00006230, 0.00005183, -0.00001877, 0.00006964, -0.00004215, 0.00001370, -0.00000876, 0.00006875, 0.00004212, 0.00003168, -0.00001272, 0.00006435, 0.00002130, 0.00004824, -0.00001398, 0.00002030, 0.00000001, 0.00005144, -0.00000224, 0.00003820, -0.00000795, 0.00003582, 0.00001836, 0.00003911, 0.00000160, 0.00001113
-8.75071458, -5.76608097, -1.95841418, -0.53807531, -0.22387731, -0.17462459, -0.14959251, -0.11515166, -0.08097330, -0.05500248, -0.03780665, -0.02682638, -0.01948121, -0.01420391, -0.01029020, -0.00740514, -0.00532780, -0.00384035, -0.00277962, -0.00202032, -0.00147205, -0.00108034, -0.00078802, -0.00056888, -0.00041555, -0.00030862, -0.00022511, -0.00016188, -0.00011845, -0.00008399, -0.00005870, -0.00004312, -0.00002567, -0.00001618, -0.00000749, -0.00000020, 0.00000270, 0.00000872, 0.00001083, 0.00001493, 0.00001506, 0.00001765, 0.00001863, 0.00002105, 0.00002137, 0.00002179, 0.00002132, 0.00002283, 0.00002213, 0.00002250, 0.00002120, 0.00002145, 0.00002063, 0.00002096, 0.00001943, 0.00001946, 0.00001804, 0.00001806, 0.00001700, 0.00001654, 0.00001511, 0.00001446
-0.22370162, -0.21172645, -0.18110944, -0.14597393, -0.11559378, -0.09216433, -0.07420994, -0.05987821, -0.04806661, -0.03829150, -0.03030336, -0.02386708, -0.01874167, -0.01468002, -0.01147426, -0.00894780, -0.00696381, -0.00540940, -0.00419577, -0.00325031, -0.00251504, -0.00194426, -0.00150140, -0.00115799, -0.00089229, -0.00068688, -0.00052774, -0.00040448, -0.00030930, -0.00023579, -0.00017880, -0.00013448, -0.00010009, -0.00007342, -0.00005264, -0.00003633, -0.00002363, -0.00001365, -0.00000581, 0.00000033, 0.00000511, 0.00000885, 0.00001182, 0.00001414, 0.00001591, 0.00001725, 0.00001817, 0.00001882, 0.00001925, 0.00001946, 0.00001949, 0.00001937, 0.00001911, 0.00001875, 0.00001831, 0.00001781, 0.00001730, 0.00001671, 0.00001607, 0.00001539, 0.00001470, 0.00001402
-0.04859110, -0.04789564, -0.04583982, -0.04277036, -0.03906254, -0.03507156, -0.03106033, -0.02719838, -0.02358452, -0.02027864, -0.01731015, -0.01468170, -0.01238668, -0.01040197, -0.00870252, -0.00725660, -0.00603451, -0.00500640, -0.00414532, -0.00342676, -0.00282876, -0.00233255, -0.00192142, -0.00158130, -0.00130048, -0.00106884, -0.00087767, -0.00072006, -0.00059030, -0.00048348, -0.00039545, -0.00032285, -0.00026303, -0.00021373, -0.00017307, -0.00013943, -0.00011172, -0.00008883, -0.00006991, -0.00005430, -0.00004143, -0.00003081, -0.00002203, -0.00001479, -0.00000885, -0.00000396, -0.00000002, 0.00000318, 0.00000576, 0.00000781, 0.00000942, 0.00001064, 0.00001155, 0.00001220, 0.00001263, 0.00001289, 0.00001302, 0.00001301, 0.00001288, 0.00001266, 0.00001238, 0.00001204
-1.20644112, -1.01633982, -0.63628820, -0.35487452, -0.21430767, -0.15122653, -0.11630779, -0.09001833, -0.06811715, -0.05057279, -0.03730637, -0.02758562, -0.02049642, -0.01526017, -0.01135186, -0.00842303, -0.00623837, -0.00461629, -0.00341696, -0.00253050, -0.00187438, -0.00138846, -0.00102806, -0.00076065, -0.00056280, -0.00041640, -0.00030746, -0.00022619, -0.00016588, -0.00012101, -0.00008728, -0.00006172, -0.00004239, -0.00002777, -0.00001657, -0.00000783, -0.00000110, 0.00000421, 0.00000839, 0.00001167, 0.00001420, 0.00001618, 0.00001781, 0.00001909, 0.00002003, 0.00002072, 0.00002111, 0.00002136, 0.00002146, 0.00002141, 0.00002121, 0.00002090, 0.00002047, 0.00001996, 0.00001938, 0.00001876, 0.00001814, 0.00001745, 0.00001671, 0.00001593, 0.00001515, 0.00001438
-0.05691871, -0.05599436, -0.05328825, -0.04931513, -0.04462007, -0.03968047, -0.03481941, -0.03022292, -0.02598604, -0.02215958, -0.01876276, -0.01578698, -0.01321520, -0.01101281, -0.00914424, -0.00756840, -0.00624790, -0.00514603, -0.00423043, -0.00347228, -0.00284610, -0.00233031, -0.00190609, -0.00155764, -0.00127198, -0.00103801, -0.00084625, -0.00068924, -0.00056087, -0.00045592, -0.00037002, -0.00029964, -0.00024203, -0.00019488, -0.00015625, -0.00012449, -0.00009850, -0.00007717, -0.00005966, -0.00004530, -0.00003354, -0.00002391, -0.00001599, -0.00000951, -0.00000424, 0.00000007, 0.00000350, 0.00000626, 0.00000845, 0.00001016, 0.00001147, 0.00001244, 0.00001312, 0.00001357, 0.00001383, 0.00001393, 0.00001394, 0.00001380, 0.00001357, 0.00001326, 0.00001289, 0.00001249
-0.01146986, -0.01140508, -0.01120347, -0.01088134, -0.01045018, -0.00993158, -0.00934729, -0.00871830, -0.00806345, -0.00740109, -0.00674685, -0.00611172, -0.00550587, -0.00493490, -0.00440378, -0.00391424, -0.00346718, -0.00306176, -0.00269650, -0.00236941, -0.00207777, -0.00181897, -0.00159003, -0.00138813, -0.00121059, -0.00105481, -0.00091825, -0.00079883, -0.00069455, -0.00060356, -0.00052421, -0.00045503, -0.00039477, -0.00034229, -0.00029659, -0.00025672, -0.00022207, -0.00019189, -0.00016561, -0.00014272, -0.00012280, -0.00010545, -0.00009033, -0.00007717, -0.00006570, -0.00005569, -0.00004702, -0.00003948, -0.00003293, -0.00002725, -0.00002232, -0.00001806, -0.00001439, -0.00001122, -0.00000850, -0.00000616, -0.00000413, -0.00000243, -0.00000099, 0.00000022, 0.00000123, 0.00000207
-18.86320028, -13.55473574, -5.85459519, -2.28958747, -1.16380012, -0.80435642, -0.61226431, -0.45407184, -0.32235146, -0.22341566, -0.15478661, -0.10863956, -0.07723517, -0.05522547, -0.03945494, -0.02811881, -0.02002347, -0.01428012, -0.01021799, -0.00733948, -0.00529013, -0.00382755, -0.00276925, -0.00200508, -0.00146046, -0.00106943, -0.00077911, -0.00056781, -0.00041512, -0.00029883, -0.00021121, -0.00014862, -0.00009589, -0.00005816, -0.00002712, -0.00000155, 0.00001640, 0.00003400, 0.00004563, 0.00005709, 0.00006412, 0.00007207, 0.00007719, 0.00008231, 0.00008468, 0.00008687, 0.00008749, 0.00008918, 0.00008830, 0.00008784, 0.00008545, 0.00008406, 0.00008149, 0.00007975, 0.00007629, 0.00007388, 0.00007009, 0.00006737, 0.00006375, 0.00006075, 0.00005698, 0.00005387
-1.35116397, -1.26137459, -1.04062175, -0.80287388, -0.61117039, -0.47167444, -0.36903544, -0.28959828, -0.22605898, -0.17505248, -0.13467169, -0.10315610, -0.07880513, -0.06008960, -0.04573202, -0.03474230, -0.02634684, -0.01995178, -0.01509335, -0.01140927, -0.00862080, -0.00651079, -0.00491422, -0.00370923, -0.00279940, -0.00211085, -0.00158870, -0.00119505, -0.00089694, -0.00067000, -0.00049656, -0.00036450, -0.00026342, -0.00018553, -0.00012519, -0.00007782, -0.00004103, -0.00001229, 0.00001010, 0.00002762, 0.00004170, 0.00005283, 0.00006141, 0.00006781, 0.00007253, 0.00007629, 0.00007872, 0.00008019, 0.00008079, 0.00008064, 0.00007985, 0.00007856, 0.00007686, 0.00007487, 0.00007267, 0.00007015, 0.00006753, 0.00006464, 0.00006171, 0.00005880, 0.00005591, 0.00005301
-0.10802956, -0.10701155, -0.10398446, -0.09921216, -0.09308888, -0.08603755, -0.07846165, -0.07072146, -0.06309247, -0.05577445, -0.04892274, -0.04262004, -0.03691078, -0.03180538, -0.02728756, -0.02332640, -0.01987854, -0.01689677, -0.01433131, -0.01213421, -0.01025924, -0.00866407, -0.00730979, -0.00616307, -0.00519340, -0.00437396, -0.00368159, -0.00309812, -0.00260612, -0.00219114, -0.00184100, -0.00154577, -0.00129672, -0.00108646, -0.00090885, -0.00075844, -0.00063154, -0.00052426, -0.00043357, -0.00035687, -0.00029191, -0.00023694, -0.00019048, -0.00015127, -0.00011820, -0.00009010, -0.00006663, -0.00004693, -0.00003048, -0.00001680, -0.00000549, 0.00000381, 0.00001139, 0.00001753, 0.00002244, 0.00002628, 0.00002932, 0.00003148, 0.00003301, 0.00003403, 0.00003460, 0.00003480
-0.10000784, -0.09910768, -0.09642848, -0.09218951, -0.08672524, -0.08039905, -0.07356317, -0.06653864, -0.05957544, -0.05285911, -0.04653739, -0.04069238, -0.03537133, -0.03059054, -0.02634033, -0.02259736, -0.01932516, -0.01648350, -0.01402869, -0.01191826, -0.01011034, -0.00856648, -0.00725109, -0.00613337, -0.00518494, -0.00438077, -0.00369905, -0.00312273, -0.00263520, -0.00222269, -0.00187361, -0.00157836, -0.00132854, -0.00111703, -0.00093783, -0.00078566, -0.00065690, -0.00054774, -0.00045519, -0.00037670, -0.00031004, -0.00025347, -0.00020550, -0.00016490, -0.00013054, -0.00010127, -0.00007672, -0.00005603, -0.00003868, -0.00002418, -0.00001212, -0.00000215, 0.00000604, 0.00001273, 0.00001815, 0.00002244, 0.00002589, 0.00002843, 0.00003030, 0.00003161, 0.00003246, 0.00003290
-1.53217700, -1.42019658, -1.14979921, -0.86785107, -0.64912631, -0.49551389, -0.38511745, -0.30061767, -0.23337742, -0.17966761, -0.13741026, -0.10466243, -0.07953424, -0.06034261, -0.04570263, -0.03455443, -0.02607987, -0.01965766, -0.01480221, -0.01113923, -0.00837975, -0.00630153, -0.00473612, -0.00356007, -0.00267601, -0.00200984, -0.00150661, -0.00112889, -0.00084393, -0.00062773, -0.00046296, -0.00033790, -0.00024242, -0.00016897, -0.00011214, -0.00006753, -0.00003290, -0.00000585, 0.00001522, 0.00003170, 0.00004499, 0.00005551, 0.00006361, 0.00006963, 0.00007406, 0.00007758, 0.00007983, 0.00008115, 0.00008162, 0.00008137, 0.00008050, 0.00007913, 0.00007736, 0.00007531, 0.00007306, 0.00007049, 0.00006782, 0.00006488, 0.00006191, 0.00005896, 0.00005604, 0.00005311
-2.75249588, -2.45155714, -1.78865495, -1.20019556, -0.82261193, -0.59908928, -0.45427684, -0.34740994, -0.26346928, -0.19762716, -0.14724302, -0.10944145, -0.08132785, -0.06043428, -0.04486046, -0.03325195, -0.02460809, -0.01819381, -0.01344670, -0.00993840, -0.00734784, -0.00543359, -0.00401774, -0.00297318, -0.00220172, -0.00162981, -0.00120426, -0.00089001, -0.00065622, -0.00048081, -0.00034829, -0.00024870, -0.00017318, -0.00011527, -0.00007047, -0.00003512, -0.00000761, 0.00001397, 0.00003082, 0.00004408, 0.00005496, 0.00006364, 0.00007032, 0.00007523, 0.00007878, 0.00008165, 0.00008338, 0.00008427, 0.00008439, 0.00008384, 0.00008269, 0.00008108, 0.00007910, 0.00007686, 0.00007443, 0.00007169, 0.00006884, 0.00006575, 0.00006262, 0.00005954, 0.00005650, 0.00005345
-32.80306480, -21.49719072, -7.57063449, -2.43586676, -1.15231455, -0.82463067, -0.64388121, -0.47577449, -0.33106841, -0.22439067, -0.15282483, -0.10631590, -0.07529271, -0.05363874, -0.03811979, -0.02700756, -0.01914991, -0.01359181, -0.00967699, -0.00692322, -0.00497746, -0.00362245, -0.00261796, -0.00187017, -0.00136094, -0.00101425, -0.00073710, -0.00052968, -0.00039165, -0.00027654, -0.00019169, -0.00014567, -0.00008292, -0.00005227, -0.00002127, 0.00000601, 0.00001418, 0.00003867, 0.00004502, 0.00006197, 0.00006116, 0.00007274, 0.00007612, 0.00008635, 0.00008671, 0.00008821, 0.00008575, 0.00009264, 0.00008876, 0.00009011, 0.00008348, 0.00008443, 0.00008047, 0.00008218, 0.00007512, 0.00007542, 0.00006856, 0.00006876, 0.00006402, 0.00006238, 0.00005616, 0.00005369
-0.36779025, -0.35952972, -0.33608146, -0.30303704, -0.26615445, -0.22954489, -0.19540082, -0.16463144, -0.13746510, -0.11384458, -0.09362459, -0.07653782, -0.06226142, -0.05044666, -0.04073711, -0.03280896, -0.02636304, -0.02114433, -0.01693297, -0.01354396, -0.01082301, -0.00864187, -0.00689501, -0.00549906, -0.00438392, -0.00349250, -0.00277938, -0.00221085, -0.00175675, -0.00139343, -0.00110239, -0.00086958, -0.00068309, -0.00053340, -0.00041307, -0.00031587, -0.00023782, -0.00017499, -0.00012446, -0.00008380, -0.00005086, -0.00002431, -0.00000306, 0.00001380, 0.00002713, 0.00003790, 0.00004612, 0.00005238, 0.00005699, 0.00006022, 0.00006230, 0.00006345, 0.00006384, 0.00006364, 0.00006296, 0.00006182, 0.00006043, 0.00005865, 0.00005669, 0.00005462, 0.00005247, 0.00005024
-0.40944980, -0.39939783, -0.37109660, -0.33186278, -0.28894002, -0.24718105, -0.20890033, -0.17486270, -0.14511776, -0.11947099, -0.09768256, -0.07940202, -0.06423249, -0.05176093, -0.04157630, -0.03330981, -0.02662694, -0.02124636, -0.01692801, -0.01347119, -0.01071063, -0.00850903, -0.00675479, -0.00536010, -0.00425160, -0.00336986, -0.00266795, -0.00211117, -0.00166863, -0.00131626, -0.00103527, -0.00081160, -0.00063325, -0.00049073, -0.00037664, -0.00028485, -0.00021145, -0.00015261, -0.00010549, -0.00006772, -0.00003723, -0.00001274, 0.00000677, 0.00002216, 0.00003424, 0.00004396, 0.00005130, 0.00005681, 0.00006079, 0.00006348, 0.00006510, 0.00006586, 0.00006591, 0.00006542, 0.00006450, 0.00006314, 0.00006155, 0.00005960, 0.00005749, 0.00005530, 0.00005304, 0.00005071
-8.16016583, -6.55180711, -3.67921692, -1.86887751, -1.07790520, -0.74260884, -0.55508049, -0.41510847, -0.30312545, -0.21733048, -0.15503448, -0.11104734, -0.08002353, -0.05786704, -0.04183659, -0.03019987, -0.02177294, -0.01570299, -0.01134300, -0.00821040, -0.00595529, -0.00432639, -0.00314586, -0.00229272, -0.00167507, -0.00122501, -0.00089459, -0.00065443, -0.00047784, -0.00034598, -0.00024652, -0.00017219, -0.00011550, -0.00007186, -0.00003764, -0.00001012, 0.00001149, 0.00002884, 0.00004243, 0.00005336, 0.00006246, 0.00006994, 0.00007566, 0.00007988, 0.00008283, 0.00008526, 0.00008663, 0.00008729, 0.00008713, 0.00008636, 0.00008494, 0.00008314, 0.00008094, 0.00007855, 0.00007592, 0.00007302, 0.00006995, 0.00006669, 0.00006339, 0.00006016, 0.00005696, 0.00005378
-0.26937344, -0.26230281, -0.24247026, -0.21509415, -0.18535477, -0.15664066, -0.13057293, -0.10766939, -0.08796440, -0.07127514, -0.05733818, -0.04586068, -0.03650612, -0.02895178, -0.02289333, -0.01806061, -0.01422195, -0.01118409, -0.00878585, -0.00689754, -0.00541325, -0.00424693, -0.00333251, -0.00261543, -0.00205238, -0.00161048, -0.00126381, -0.00099143, -0.00077678, -0.00060767, -0.00047430, -0.00036881, -0.00028517, -0.00021865, -0.00016563, -0.00012319, -0.00008949, -0.00006257, -0.00004087, -0.00002347, -0.00000960, 0.00000137, 0.00001010, 0.00001703, 0.00002244, 0.00002668, 0.00002976, 0.00003197, 0.00003345, 0.00003436, 0.00003479, 0.00003485, 0.00003454, 0.00003394, 0.00003313, 0.00003217, 0.00003119, 0.00003006, 0.00002885, 0.00002761, 0.00002635, 0.00002511
-4.22268885, -3.43302030, -2.01914549, -1.10251345, -0.66618985, -0.45513361, -0.32927774, -0.23915643, -0.17115500, -0.12086993, -0.08489386, -0.05971023, -0.04215338, -0.02984432, -0.02114780, -0.01498196, -0.01061421, -0.00752945, -0.00535420, -0.00382085, -0.00273768, -0.00196859, -0.00142309, -0.00103404, -0.00075439, -0.00055307, -0.00040783, -0.00030160, -0.00022250, -0.00016344, -0.00011899, -0.00008496, -0.00005826, -0.00003710, -0.00002005, -0.00000615, 0.00000477, 0.00001375, 0.00002133, 0.00002762, 0.00003254, 0.00003634, 0.00003936, 0.00004179, 0.00004352, 0.00004474, 0.00004529, 0.00004541, 0.00004508, 0.00004445, 0.00004354, 0.00004248, 0.00004111, 0.00003956, 0.00003785, 0.00003614, 0.00003446, 0.00003274, 0.00003096, 0.00002922, 0.00002750, 0.00002586
-0.97365218, -0.90180855, -0.72944922, -0.55028972, -0.40998727, -0.30950732, -0.23641811, -0.18085799, -0.13757028, -0.10384068, -0.07787124, -0.05815784, -0.04332460, -0.03222234, -0.02393045, -0.01774901, -0.01314902, -0.00973495, -0.00720512, -0.00533435, -0.00395219, -0.00292987, -0.00217555, -0.00161795, -0.00120427, -0.00089736, -0.00066978, -0.00050010, -0.00037251, -0.00027658, -0.00020416, -0.00014900, -0.00010660, -0.00007368, -0.00004793, -0.00002758, -0.00001177, 0.00000074, 0.00001093, 0.00001909, 0.00002550, 0.00003041, 0.00003428, 0.00003731, 0.00003955, 0.00004120, 0.00004212, 0.00004253, 0.00004250, 0.00004213, 0.00004148, 0.00004062, 0.00003949, 0.00003815, 0.00003668, 0.00003515, 0.00003367, 0.00003210, 0.00003049, 0.00002889, 0.00002732, 0.00002579
-0.04924318, -0.04882163, -0.04757771, -0.04558592, -0.04300803, -0.03999861, -0.03671731, -0.03331229, -0.02991360, -0.02661691, -0.02349313, -0.02059291, -0.01794160, -0.01555103, -0.01341978, -0.01153782, -0.00988894, -0.00845402, -0.00721201, -0.00614237, -0.00522453, -0.00443912, -0.00376907, -0.00319849, -0.00271306, -0.00230059, -0.00195037, -0.00165331, -0.00140115, -0.00118722, -0.00100569, -0.00085156, -0.00072064, -0.00060933, -0.00051465, -0.00043395, -0.00036539, -0.00030702, -0.00025724, -0.00021480, -0.00017865, -0.00014786, -0.00012162, -0.00009926, -0.00008023, -0.00006397, -0.00005025, -0.00003864, -0.00002884, -0.00002058, -0.00001365, -0.00000785, -0.00000305, 0.00000091, 0.00000416, 0.00000680, 0.00000898, 0.00001067, 0.00001197, 0.00001296, 0.00001368, 0.00001418
-0.81513359, -0.76264514, -0.63320745, -0.49207479, -0.37543274, -0.28791655, -0.22228028, -0.17155774, -0.13165385, -0.10027943, -0.07588703, -0.05717448, -0.04294925, -0.03219807, -0.02409812, -0.01800897, -0.01344205, -0.01002490, -0.00747320, -0.00557151, -0.00415563, -0.00310063, -0.00231652, -0.00173281, -0.00129690, -0.00097143, -0.00072856, -0.00054645, -0.00040891, -0.00030505, -0.00022636, -0.00016627, -0.00012003, -0.00008413, -0.00005607, -0.00003394, -0.00001676, -0.00000319, 0.00000780, 0.00001657, 0.00002345, 0.00002873, 0.00003288, 0.00003613, 0.00003854, 0.00004032, 0.00004136, 0.00004187, 0.00004192, 0.00004162, 0.00004103, 0.00004023, 0.00003915, 0.00003785, 0.00003643, 0.00003494, 0.00003350, 0.00003196, 0.00003038, 0.00002881, 0.00002726, 0.00002576
-0.08441590, -0.08343325, -0.08053896, -0.07602901, -0.07037038, -0.06400662, -0.05734218, -0.05070424, -0.04433980, -0.03840445, -0.03299004, -0.02814446, -0.02386915, -0.02014433, -0.01693144, -0.01418388, -0.01185019, -0.00987927, -0.00822199, -0.00683412, -0.00567531, -0.00470951, -0.00390661, -0.00323984, -0.00268624, -0.00222693, -0.00184601, -0.00153021, -0.00126801, -0.00105037, -0.00086964, -0.00071940, -0.00059439, -0.00049024, -0.00040339, -0.00033079, -0.00027036, -0.00021991, -0.00017769, -0.00014239, -0.00011292, -0.00008836, -0.00006784, -0.00005073, -0.00003649, -0.00002460, -0.00001487, -0.00000687, -0.00000035, 0.00000494, 0.00000919, 0.00001257, 0.00001518, 0.00001716, 0.00001862, 0.00001966, 0.00002040, 0.00002079, 0.00002093, 0.00002087, 0.00002065, 0.00002031
-139.90800931, -51.46797811, -6.77921125, -1.07331970, -0.56288545, -0.52072702, -0.43255499, -0.30985386, -0.17832298, -0.11164341, -0.07008647, -0.05076021, -0.03786502, -0.02435109, -0.01461502, -0.01026531, -0.01043560, -0.00747186, -0.00356248, -0.00121625, -0.00032540, -0.00299680, -0.00237501, 0.00059781, 0.00054485, -0.00138478, -0.00088230, 0.00013873, -0.00032493, 0.00027809, 0.00057694, -0.00074721, 0.00053856, 0.00005696, 0.00018241, 0.00049612, -0.00045230, 0.00031071, -0.00018670, 0.00040709, -0.00036286, 0.00000639, -0.00015019, 0.00037089, 0.00019128, 0.00011240, -0.00018977, 0.00033126, 0.00004056, 0.00022256, -0.00019968, 0.00003309, -0.00010242, 0.00025089, -0.00011265, 0.00016660, -0.00014721, 0.00015603, 0.00003911, 0.00018693, -0.00006748, 0.00000310
-0.45931501, -0.42775891, -0.35049956, -0.26822634, -0.20306476, -0.15663304, -0.12296740, -0.09697577, -0.07607249, -0.05917952, -0.04573569, -0.03519596, -0.02702338, -0.02071160, -0.01584683, -0.01210151, -0.00922560, -0.00702251, -0.00534018, -0.00405775, -0.00308175, -0.00233961, -0.00177522, -0.00134641, -0.00102133, -0.00077437, -0.00058623, -0.00044326, -0.00033480, -0.00025207, -0.00018864, -0.00013995, -0.00010266, -0.00007391, -0.00005160, -0.00003410, -0.00002045, -0.00000972, -0.00000130, 0.00000529, 0.00001049, 0.00001468, 0.00001801, 0.00002057, 0.00002249, 0.00002397, 0.00002502, 0.00002575, 0.00002618, 0.00002634, 0.00002627, 0.00002601, 0.00002558, 0.00002504, 0.00002440, 0.00002369, 0.00002294, 0.00002207, 0.00002114, 0.00002020, 0.00001926, 0.00001834
-0.12699650, -0.12403844, -0.11565779, -0.10397791, -0.09108805, -0.07843940, -0.06675209, -0.05627392, -0.04703874, -0.03900938, -0.03213156, -0.02631061, -0.02144237, -0.01740563, -0.01408366, -0.01136490, -0.00915039, -0.00735325, -0.00590005, -0.00472804, -0.00378503, -0.00302770, -0.00242003, -0.00193311, -0.00154363, -0.00123192, -0.00098215, -0.00078244, -0.00062286, -0.00049513, -0.00039270, -0.00031054, -0.00024471, -0.00019186, -0.00014934, -0.00011499, -0.00008737, -0.00006508, -0.00004710, -0.00003263, -0.00002096, -0.00001149, -0.00000385, 0.00000227, 0.00000712, 0.00001101, 0.00001404, 0.00001639, 0.00001817, 0.00001946, 0.00002035, 0.00002090, 0.00002117, 0.00002122, 0.00002109, 0.00002083, 0.00002047, 0.00001995, 0.00001935, 0.00001869, 0.00001800, 0.00001729
-11.28104068, -7.43844652, -2.60511048, -0.79792950, -0.36242774, -0.26593435, -0.21423476, -0.16086064, -0.11261047, -0.07654228, -0.05238629, -0.03674236, -0.02628500, -0.01890709, -0.01355233, -0.00967197, -0.00690567, -0.00493776, -0.00354425, -0.00255626, -0.00185138, -0.00135428, -0.00098530, -0.00070984, -0.00051965, -0.00038812, -0.00028439, -0.00020622, -0.00015328, -0.00011030, -0.00007846, -0.00005948, -0.00003689, -0.00002486, -0.00001336, -0.00000350, 0.00000036, 0.00000885, 0.00001176, 0.00001760, 0.00001785, 0.00002184, 0.00002338, 0.00002693, 0.00002739, 0.00002806, 0.00002757, 0.00002986, 0.00002891, 0.00002950, 0.00002766, 0.00002805, 0.00002693, 0.00002747, 0.00002536, 0.00002550, 0.00002349, 0.00002352, 0.00002204, 0.00002146, 0.00001950, 0.00001870
-4.76317692, -3.58096045, -1.69862938, -0.71223628, -0.36911522, -0.25544008, -0.19640598, -0.14806668, -0.10702431, -0.07547075, -0.05312381, -0.03781078, -0.02722699, -0.01970398, -0.01424725, -0.01027269, -0.00739844, -0.00533428, -0.00385739, -0.00279818, -0.00203500, -0.00148340, -0.00108227, -0.00079048, -0.00057975, -0.00042656, -0.00031340, -0.00023020, -0.00016944, -0.00012396, -0.00008960, -0.00006381, -0.00004380, -0.00002869, -0.00001672, -0.00000709, 0.00000034, 0.00000667, 0.00001150, 0.00001556, 0.00001857, 0.00002136, 0.00002353, 0.00002535, 0.00002652, 0.00002745, 0.00002802, 0.00002854, 0.00002863, 0.00002860, 0.00002822, 0.00002782, 0.00002718, 0.00002654, 0.00002568, 0.00002490, 0.00002394, 0.00002298, 0.00002189, 0.00002085, 0.00001974, 0.00001873
-1.06926089, -0.93987824, -0.66129188, -0.42485032, -0.28251751, -0.20394362, -0.15514939, -0.11918706, -0.09056357, -0.06793471, -0.05061354, -0.03765431, -0.02804239, -0.02089521, -0.01555720, -0.01156326, -0.00858192, -0.00636316, -0.00471739, -0.00349814, -0.00259500, -0.00192585, -0.00142937, -0.00106118, -0.00078877, -0.00058650, -0.00043555, -0.00032321, -0.00023972, -0.00017711, -0.00012972, -0.00009377, -0.00006657, -0.00004574, -0.00002962, -0.00001694, -0.00000702, 0.00000083, 0.00000703, 0.00001190, 0.00001577, 0.00001897, 0.00002153, 0.00002350, 0.00002495, 0.00002605, 0.00002683, 0.00002733, 0.00002758, 0.00002758, 0.00002738, 0.00002700, 0.00002646, 0.00002582, 0.00002510, 0.00002432, 0.00002349, 0.00002254, 0.00002154, 0.00002053, 0.00001953, 0.00001855
-0.02545197, -0.02526128, -0.02468336, -0.02376464, -0.02255991, -0.02114062, -0.01957935, -0.01794273, -0.01628662, -0.01465675, -0.01309226, -0.01161637, -0.01024732, -0.00899320, -0.00785791, -0.00683962, -0.00593385, -0.00513346, -0.00443042, -0.00381608, -0.00328146, -0.00281787, -0.00241695, -0.00207114, -0.00177357, -0.00151779, -0.00129804, -0.00110966, -0.00094829, -0.00081007, -0.00069167, -0.00059026, -0.00050344, -0.00042909, -0.00036538, -0.00031069, -0.00026388, -0.00022373, -0.00018931, -0.00015979, -0.00013447, -0.00011273, -0.00009406, -0.00007806, -0.00006435, -0.00005254, -0.00004249, -0.00003388, -0.00002654, -0.00002028, -0.00001498, -0.00001049, -0.00000670, -0.00000352, -0.00000086, 0.00000136, 0.00000322, 0.00000470, 0.00000590, 0.00000685, 0.00000759, 0.00000815
-0.22197295, -0.21357507, -0.19104344, -0.16267193, -0.13505544, -0.11110078, -0.09107810, -0.07435464, -0.06032030, -0.04858139, -0.03887720, -0.03094583, -0.02453606, -0.01939218, -0.01528689, -0.01202295, -0.00943726, -0.00739492, -0.00578665, -0.00452306, -0.00353232, -0.00275665, -0.00214968, -0.00167531, -0.00130526, -0.00101629, -0.00079023, -0.00061380, -0.00047627, -0.00036874, -0.00028442, -0.00021827, -0.00016647, -0.00012576, -0.00009365, -0.00006818, -0.00004807, -0.00003212, -0.00001948, -0.00000949, -0.00000156, 0.00000480, 0.00000986, 0.00001383, 0.00001687, 0.00001927, 0.00002105, 0.00002237, 0.00002328, 0.00002384, 0.00002411, 0.00002413, 0.00002395, 0.00002361, 0.00002316, 0.00002261, 0.00002200, 0.00002126, 0.00002046, 0.00001963, 0.00001879, 0.00001795
-23.60783929, -13.46023921, -3.45528175, -0.76249866, -0.31743781, -0.26737520, -0.22888660, -0.17108485, -0.11566806, -0.07610467, -0.05100371, -0.03565084, -0.02559194, -0.01836049, -0.01305650, -0.00926148, -0.00664551, -0.00473280, -0.00335178, -0.00238637, -0.00171663, -0.00131658, -0.00095988, -0.00063795, -0.00046539, -0.00038871, -0.00028107, -0.00018621, -0.00014830, -0.00009477, -0.00005928, -0.00007151, -0.00002101, -0.00002133, -0.00000750, 0.00000835, -0.00000918, 0.00001608, 0.00000753, 0.00002647, 0.00000910, 0.00002151, 0.00001929, 0.00003465, 0.00003075, 0.00002981, 0.00002237, 0.00003658, 0.00002891, 0.00003368, 0.00002226, 0.00002802, 0.00002381, 0.00003235, 0.00002204, 0.00002850, 0.00001951, 0.00002636, 0.00002232, 0.00002500, 0.00001744, 0.00001818
-0.03379049, -0.03352665, -0.03271548, -0.03142581, -0.02973958, -0.02775223, -0.02556639, -0.02327925, -0.02097519, -0.01872258, -0.01657619, -0.01457110, -0.01272948, -0.01106207, -0.00957026, -0.00824903, -0.00708838, -0.00607592, -0.00519758, -0.00443950, -0.00378765, -0.00322878, -0.00275062, -0.00234253, -0.00199453, -0.00169794, -0.00144520, -0.00123015, -0.00104703, -0.00089106, -0.00075816, -0.00064485, -0.00054823, -0.00046575, -0.00039529, -0.00033495, -0.00028350, -0.00023952, -0.00020189, -0.00016970, -0.00014218, -0.00011864, -0.00009853, -0.00008136, -0.00006670, -0.00005412, -0.00004349, -0.00003446, -0.00002681, -0.00002033, -0.00001487, -0.00001027, -0.00000643, -0.00000322, -0.00000054, 0.00000166, 0.00000353, 0.00000501, 0.00000621, 0.00000717, 0.00000792, 0.00000850
-1361.53938877, -121.08051161, -18.91446154, 1.55032636, 2.46605524, 1.05317493, -0.38580378, -0.95733991, 0.28317095, 0.22139434, 0.26009463, -0.00320086, -0.15350920, -0.01505630, 0.10088774, 0.06330408, -0.12008373, -0.10146338, 0.01041451, 0.07196321, 0.08267070, -0.07641122, -0.06882756, 0.06184516, 0.05344552, -0.04615550, -0.02923832, 0.01716790, -0.00757422, 0.01868449, 0.03346502, -0.03298191, 0.02712841, 0.00442910, 0.00891452, 0.02493954, -0.02261036, 0.01408695, -0.01031191, 0.01820512, -0.01884715, -0.00184742, -0.00911668, 0.01551411, 0.00754982, 0.00305295, -0.01121587, 0.01340488, -0.00008624, 0.00847759, -0.01159447, -0.00065521, -0.00695414, 0.01015410, -0.00722252, 0.00637511, -0.00886018, 0.00599726, 0.00028600, 0.00780215, -0.00467198, -0.00098096
-0.06988122, -0.06907488, -0.06663089, -0.06284312, -0.05806019, -0.05265796, -0.04699029, -0.04134801, -0.03594604, -0.03092744, -0.02638005, -0.02233747, -0.01879993, -0.01574482, -0.01313352, -0.01092128, -0.00905975, -0.00750215, -0.00620428, -0.00512667, -0.00423432, -0.00349654, -0.00288704, -0.00238438, -0.00196966, -0.00162725, -0.00134440, -0.00111092, -0.00091783, -0.00075800, -0.00062552, -0.00051562, -0.00042440, -0.00034857, -0.00028540, -0.00023267, -0.00018889, -0.00015245, -0.00012206, -0.00009676, -0.00007571, -0.00005824, -0.00004377, -0.00003180, -0.00002194, -0.00001375, -0.00000715, -0.00000180, 0.00000249, 0.00000591, 0.00000861, 0.00001069, 0.00001227, 0.00001343, 0.00001426, 0.00001481, 0.00001519, 0.00001535, 0.00001537, 0.00001527, 0.00001508, 0.00001483
-0.18354447, -0.17969481, -0.16849370, -0.15230040, -0.13361457, -0.11450436, -0.09634552, -0.07989006, -0.06545871, -0.05310553, -0.04274029, -0.03417602, -0.02718793, -0.02154473, -0.01702205, -0.01342096, -0.01056658, -0.00831202, -0.00653572, -0.00513903, -0.00404208, -0.00318073, -0.00250398, -0.00197295, -0.00155541, -0.00122636, -0.00096680, -0.00076201, -0.00059992, -0.00047133, -0.00036906, -0.00028761, -0.00022268, -0.00017078, -0.00012909, -0.00009552, -0.00006881, -0.00004746, -0.00003033, -0.00001665, -0.00000580, 0.00000273, 0.00000937, 0.00001449, 0.00001835, 0.00002132, 0.00002334, 0.00002465, 0.00002540, 0.00002573, 0.00002573, 0.00002545, 0.00002495, 0.00002430, 0.00002355, 0.00002272, 0.00002193, 0.00002107, 0.00002021, 0.00001937, 0.00001853, 0.00001773
-0.07130077, -0.07046862, -0.06794783, -0.06404466, -0.05912223, -0.05357074, -0.04775576, -0.04197625, -0.03645180, -0.03132745, -0.02669124, -0.02257585, -0.01897952, -0.01587795, -0.01323041, -0.01099031, -0.00910765, -0.00753423, -0.00622467, -0.00513853, -0.00424009, -0.00349804, -0.00288562, -0.00238105, -0.00196515, -0.00162208, -0.00133894, -0.00110542, -0.00091247, -0.00075288, -0.00062071, -0.00051115, -0.00042029, -0.00034481, -0.00028199, -0.00022958, -0.00018611, -0.00014995, -0.00011983, -0.00009476, -0.00007393, -0.00005665, -0.00004235, -0.00003054, -0.00002083, -0.00001277, -0.00000627, -0.00000103, 0.00000317, 0.00000651, 0.00000913, 0.00001116, 0.00001268, 0.00001379, 0.00001457, 0.00001508, 0.00001543, 0.00001556, 0.00001555, 0.00001542, 0.00001522, 0.00001494
-0.01581985, -0.01573529, -0.01547362, -0.01505080, -0.01448577, -0.01380107, -0.01302278, -0.01217825, -0.01129344, -0.01039195, -0.00949593, -0.00862206, -0.00778406, -0.00699175, -0.00625204, -0.00556873, -0.00494319, -0.00437505, -0.00386238, -0.00340268, -0.00299240, -0.00262777, -0.00230477, -0.00201961, -0.00176838, -0.00154743, -0.00135329, -0.00118318, -0.00103413, -0.00090363, -0.00078941, -0.00068947, -0.00060204, -0.00052554, -0.00045858, -0.00039987, -0.00034860, -0.00030372, -0.00026443, -0.00023002, -0.00019988, -0.00017350, -0.00015039, -0.00013016, -0.00011244, -0.00009686, -0.00008328, -0.00007141, -0.00006103, -0.00005196, -0.00004404, -0.00003713, -0.00003111, -0.00002586, -0.00002129, -0.00001732, -0.00001382, -0.00001083, -0.00000824, -0.00000600, -0.00000407, -0.00000241
-0.26262830, -0.25553659, -0.23543153, -0.20762477, -0.17722181, -0.14777119, -0.12111939, -0.09795535, -0.07835286, -0.06209347, -0.04884040, -0.03818564, -0.02971480, -0.02304315, -0.01782382, -0.01376268, -0.01061459, -0.00818196, -0.00630562, -0.00486081, -0.00374923, -0.00289385, -0.00223493, -0.00172812, -0.00133718, -0.00103474, -0.00080051, -0.00061903, -0.00047780, -0.00036758, -0.00028125, -0.00021353, -0.00016034, -0.00011839, -0.00008507, -0.00005854, -0.00003775, -0.00002137, -0.00000837, 0.00000185, 0.00000980, 0.00001590, 0.00002050, 0.00002389, 0.00002631, 0.00002806, 0.00002904, 0.00002946, 0.00002945, 0.00002913, 0.00002858, 0.00002782, 0.00002692, 0.00002591, 0.00002486, 0.00002378, 0.00002277, 0.00002173, 0.00002073, 0.00001977, 0.00001884, 0.00001796
-0.04498571, -0.04457779, -0.04332924, -0.04136086, -0.03881676, -0.03586118, -0.03266315, -0.02937534, -0.02612351, -0.02300336, -0.02008538, -0.01740987, -0.01499721, -0.01285192, -0.01096590, -0.00932390, -0.00790517, -0.00668739, -0.00564738, -0.00476323, -0.00401392, -0.00338049, -0.00284587, -0.00239560, -0.00201649, -0.00169731, -0.00142856, -0.00120253, -0.00101222, -0.00085188, -0.00071668, -0.00060262, -0.00050634, -0.00042498, -0.00035614, -0.00029775, -0.00024846, -0.00020674, -0.00017139, -0.00014145, -0.00011611, -0.00009467, -0.00007655, -0.00006126, -0.00004836, -0.00003742, -0.00002831, -0.00002070, -0.00001435, -0.00000908, -0.00000471, -0.00000112, 0.00000181, 0.00000418, 0.00000609, 0.00000760, 0.00000885, 0.00000977, 0.00001046, 0.00001096, 0.00001130, 0.00001151
-0.71671490, -0.67482873, -0.56947523, -0.45023679, -0.34618888, -0.26387313, -0.20025004, -0.15106490, -0.11309084, -0.08399983, -0.06199142, -0.04552903, -0.03332666, -0.02434285, -0.01775462, -0.01293842, -0.00942501, -0.00686681, -0.00500669, -0.00365530, -0.00267399, -0.00196027, -0.00143982, -0.00106115, -0.00078392, -0.00057958, -0.00042863, -0.00031683, -0.00023318, -0.00017008, -0.00012201, -0.00008523, -0.00005701, -0.00003509, -0.00001770, -0.00000390, 0.00000668, 0.00001487, 0.00002137, 0.00002639, 0.00003014, 0.00003283, 0.00003464, 0.00003574, 0.00003626, 0.00003645, 0.00003612, 0.00003538, 0.00003438, 0.00003322, 0.00003195, 0.00003058, 0.00002912, 0.00002764, 0.00002618, 0.00002475, 0.00002347, 0.00002221, 0.00002103, 0.00001993, 0.00001889, 0.00001794
-0.33063734, -0.32004573, -0.29063893, -0.25139057, -0.21024150, -0.17195821, -0.13848135, -0.11018029, -0.08676778, -0.06772827, -0.05248829, -0.04044445, -0.03102634, -0.02372650, -0.01810154, -0.01378903, -0.01049380, -0.00798247, -0.00607218, -0.00462080, -0.00351919, -0.00268254, -0.00204631, -0.00156329, -0.00119533, -0.00091405, -0.00069876, -0.00053386, -0.00040691, -0.00030881, -0.00023266, -0.00017345, -0.00012733, -0.00009123, -0.00006269, -0.00004009, -0.00002252, -0.00000879, 0.00000206, 0.00001052, 0.00001703, 0.00002194, 0.00002555, 0.00002812, 0.00002986, 0.00003105, 0.00003155, 0.00003157, 0.00003121, 0.00003059, 0.00002979, 0.00002882, 0.00002773, 0.00002656, 0.00002537, 0.00002418, 0.00002307, 0.00002196, 0.00002090, 0.00001989, 0.00001892, 0.00001801
-0.01512789, -0.01503934, -0.01477563, -0.01434734, -0.01377667, -0.01308959, -0.01231353, -0.01147824, -0.01060950, -0.00972969, -0.00886097, -0.00801856, -0.00721495, -0.00645894, -0.00575606, -0.00510944, -0.00451960, -0.00398569, -0.00350543, -0.00307610, -0.00269404, -0.00235551, -0.00205653, -0.00179342, -0.00156241, -0.00135995, -0.00118268, -0.00102801, -0.00089307, -0.00077544, -0.00067294, -0.00058371, -0.00050604, -0.00043845, -0.00037962, -0.00032832, -0.00028376, -0.00024498, -0.00021124, -0.00018188, -0.00015631, -0.00013405, -0.00011468, -0.00009783, -0.00008317, -0.00007036, -0.00005928, -0.00004966, -0.00004131, -0.00003409, -0.00002784, -0.00002244, -0.00001779, -0.00001379, -0.00001035, -0.00000741, -0.00000488, -0.00000275, -0.00000096, 0.00000055, 0.00000181, 0.00000285
-0.24244734, -0.23264746, -0.20660491, -0.17425753, -0.14329409, -0.11683801, -0.09498400, -0.07691208, -0.06188677, -0.04943268, -0.03922811, -0.03096679, -0.02434690, -0.01908310, -0.01491671, -0.01163374, -0.00905398, -0.00703404, -0.00545641, -0.00422746, -0.00327200, -0.00252997, -0.00195410, -0.00150833, -0.00116328, -0.00089586, -0.00068839, -0.00052826, -0.00040429, -0.00030804, -0.00023320, -0.00017517, -0.00013006, -0.00009487, -0.00006735, -0.00004565, -0.00002872, -0.00001547, -0.00000513, 0.00000296, 0.00000938, 0.00001440, 0.00001826, 0.00002115, 0.00002330, 0.00002498, 0.00002608, 0.00002678, 0.00002713, 0.00002718, 0.00002698, 0.00002659, 0.00002605, 0.00002540, 0.00002466, 0.00002381, 0.00002293, 0.00002197, 0.00002098, 0.00002000, 0.00001903, 0.00001805
-5.82795901, -4.23417053, -1.87166442, -0.74583921, -0.38177436, -0.26400780, -0.20126974, -0.14975485, -0.10675061, -0.07429478, -0.05166448, -0.03637120, -0.02591918, -0.01857074, -0.01329146, -0.00948715, -0.00676310, -0.00482631, -0.00345352, -0.00247881, -0.00178375, -0.00128664, -0.00092727, -0.00066830, -0.00048337, -0.00035041, -0.00025230, -0.00018125, -0.00012988, -0.00009113, -0.00006210, -0.00004130, -0.00002430, -0.00001204, -0.00000214, 0.00000593, 0.00001164, 0.00001696, 0.00002051, 0.00002386, 0.00002599, 0.00002824, 0.00002965, 0.00003096, 0.00003151, 0.00003201, 0.00003202, 0.00003226, 0.00003179, 0.00003140, 0.00003048, 0.00002980, 0.00002879, 0.00002800, 0.00002676, 0.00002577, 0.00002444, 0.00002336, 0.00002207, 0.00002095, 0.00001965, 0.00001852
-626.34292109, -107.31277781, -5.84795302, 1.54408490, 0.87336827, 0.10629470, -0.31663648, -0.40156195, 0.01652963, 0.02230173, 0.04388880, -0.02440322, -0.06053872, -0.01580455, 0.02060256, 0.01173841, -0.03941893, -0.03200518, 0.00106165, 0.01927961, 0.02228418, -0.02310650, -0.02026992, 0.01773751, 0.01505702, -0.01375003, -0.00852669, 0.00489431, -0.00228248, 0.00543170, 0.00953044, -0.00957984, 0.00794668, 0.00123369, 0.00263050, 0.00712739, -0.00651167, 0.00410001, -0.00296300, 0.00528896, -0.00548101, -0.00048493, -0.00263492, 0.00454610, 0.00215706, 0.00092150, -0.00324795, 0.00394129, -0.00002171, 0.00248673, -0.00335672, -0.00015047, -0.00199425, 0.00296555, -0.00207879, 0.00185753, -0.00253996, 0.00175056, 0.00011091, 0.00225761, -0.00132857, -0.00028085
-0.01251748, -0.01245098, -0.01225282, -0.01192982, -0.01149705, -0.01097267, -0.01037587, -0.00972818, -0.00904846, -0.00835350, -0.00766068, -0.00698219, -0.00632854, -0.00570746, -0.00512439, -0.00458277, -0.00408397, -0.00362823, -0.00321450, -0.00284133, -0.00250632, -0.00220694, -0.00194033, -0.00170379, -0.00149446, -0.00130958, -0.00114648, -0.00100313, -0.00087717, -0.00076660, -0.00066961, -0.00058461, -0.00051014, -0.00044492, -0.00038780, -0.00033769, -0.00029390, -0.00025557, -0.00022202, -0.00019264, -0.00016692, -0.00014440, -0.00012469, -0.00010744, -0.00009234, -0.00007907, -0.00006752, -0.00005743, -0.00004861, -0.00004093, -0.00003423, -0.00002840, -0.00002333, -0.00001894, -0.00001512, -0.00001183, -0.00000896, -0.00000652, -0.00000442, -0.00000264, -0.00000112, 0.00000017
-0.07558172, -0.07441347, -0.07100869, -0.06591922, -0.05981535, -0.05328877, -0.04677648, -0.04056754, -0.03482457, -0.02962855, -0.02501912, -0.02099046, -0.01751399, -0.01454730, -0.01203676, -0.00992831, -0.00816731, -0.00670407, -0.00549303, -0.00449412, -0.00367252, -0.00299811, -0.00244529, -0.00199325, -0.00162383, -0.00132189, -0.00107502, -0.00087382, -0.00070960, -0.00057544, -0.00046577, -0.00037622, -0.00030303, -0.00024314, -0.00019409, -0.00015377, -0.00012082, -0.00009383, -0.00007174, -0.00005365, -0.00003878, -0.00002662, -0.00001670, -0.00000866, -0.00000216, 0.00000318, 0.00000739, 0.00001072, 0.00001331, 0.00001529, 0.00001674, 0.00001777, 0.00001845, 0.00001884, 0.00001901, 0.00001896, 0.00001879, 0.00001845, 0.00001801, 0.00001750, 0.00001693, 0.00001632
-0.02403868, -0.02385868, -0.02332313, -0.02246426, -0.02133917, -0.02001144, -0.01854596, -0.01700691, -0.01544724, -0.01390933, -0.01243054, -0.01103430, -0.00973691, -0.00854779, -0.00747011, -0.00650311, -0.00564230, -0.00488143, -0.00421275, -0.00362831, -0.00311962, -0.00267840, -0.00229675, -0.00196766, -0.00168440, -0.00144087, -0.00123162, -0.00105236, -0.00089876, -0.00076717, -0.00065446, -0.00055797, -0.00047537, -0.00040463, -0.00034403, -0.00029200, -0.00024750, -0.00020938, -0.00017671, -0.00014871, -0.00012468, -0.00010409, -0.00008644, -0.00007134, -0.00005842, -0.00004729, -0.00003784, -0.00002979, -0.00002294, -0.00001713, -0.00001221, -0.00000807, -0.00000460, -0.00000169, 0.00000072, 0.00000271, 0.00000437, 0.00000567, 0.00000671, 0.00000752, 0.00000814, 0.00000859
-0.55626735, -0.51261565, -0.40869293, -0.30306679, -0.22365867, -0.16949847, -0.13129198, -0.10224720, -0.07916896, -0.06076421, -0.04632585, -0.03518045, -0.02666048, -0.02017510, -0.01524013, -0.01149150, -0.00864819, -0.00649880, -0.00487779, -0.00365808, -0.00274168, -0.00205332, -0.00153621, -0.00114892, -0.00085865, -0.00064060, -0.00047645, -0.00035376, -0.00026157, -0.00019190, -0.00013905, -0.00009917, -0.00006888, -0.00004572, -0.00002791, -0.00001400, -0.00000330, 0.00000497, 0.00001133, 0.00001626, 0.00002020, 0.00002325, 0.00002554, 0.00002718, 0.00002832, 0.00002920, 0.00002967, 0.00002985, 0.00002977, 0.00002946, 0.00002896, 0.00002831, 0.00002754, 0.00002669, 0.00002578, 0.00002478, 0.00002375, 0.00002265, 0.00002155, 0.00002046, 0.00001939, 0.00001832
-2.04612712, -1.69336190, -1.02421900, -0.56121964, -0.33791082, -0.23520942, -0.17617357, -0.13259316, -0.09789673, -0.07109065, -0.05131997, -0.03712249, -0.02696328, -0.01963156, -0.01428581, -0.01037818, -0.00752718, -0.00545740, -0.00395900, -0.00287484, -0.00208966, -0.00151958, -0.00110478, -0.00080397, -0.00058540, -0.00042575, -0.00030853, -0.00022335, -0.00016077, -0.00011422, -0.00007932, -0.00005339, -0.00003382, -0.00001888, -0.00000732, 0.00000185, 0.00000895, 0.00001452, 0.00001882, 0.00002221, 0.00002499, 0.00002720, 0.00002883, 0.00002996, 0.00003070, 0.00003128, 0.00003151, 0.00003150, 0.00003125, 0.00003079, 0.00003015, 0.00002938, 0.00002849, 0.00002754, 0.00002654, 0.00002543, 0.00002431, 0.00002311, 0.00002192, 0.00002076, 0.00001962, 0.00001848
-0.51235972, -0.48814691, -0.42520483, -0.35008319, -0.28152622, -0.22551351, -0.18079019, -0.14462352, -0.11501917, -0.09080650, -0.07122598, -0.05559062, -0.04322643, -0.03352094, -0.02593126, -0.02001872, -0.01542447, -0.01186589, -0.00911652, -0.00699706, -0.00536654, -0.00411294, -0.00314963, -0.00241141, -0.00184520, -0.00141030, -0.00107600, -0.00082026, -0.00062377, -0.00047229, -0.00035532, -0.00026523, -0.00019555, -0.00014141, -0.00009920, -0.00006596, -0.00004008, -0.00001984, -0.00000407, 0.00000837, 0.00001826, 0.00002600, 0.00003194, 0.00003638, 0.00003974, 0.00004236, 0.00004408, 0.00004514, 0.00004564, 0.00004566, 0.00004529, 0.00004460, 0.00004367, 0.00004257, 0.00004130, 0.00003984, 0.00003835, 0.00003671, 0.00003506, 0.00003341, 0.00003176, 0.00003010
-0.52352227, -0.49833391, -0.43303130, -0.35547604, -0.28511647, -0.22794972, -0.18249114, -0.14581945, -0.11584569, -0.09135992, -0.07158239, -0.05580976, -0.04335278, -0.03358606, -0.02595691, -0.02001969, -0.01541085, -0.01184443, -0.00909169, -0.00697165, -0.00534224, -0.00409066, -0.00312977, -0.00239410, -0.00183035, -0.00139772, -0.00106545, -0.00081149, -0.00061653, -0.00046635, -0.00035046, -0.00026128, -0.00019234, -0.00013881, -0.00009710, -0.00006426, -0.00003871, -0.00001873, -0.00000317, 0.00000910, 0.00001886, 0.00002649, 0.00003234, 0.00003672, 0.00004002, 0.00004260, 0.00004428, 0.00004531, 0.00004579, 0.00004579, 0.00004540, 0.00004470, 0.00004375, 0.00004264, 0.00004136, 0.00003990, 0.00003839, 0.00003675, 0.00003509, 0.00003343, 0.00003177, 0.00003012
-304.67243769, -90.98611051, -7.53601556, 0.03191910, -0.08029844, -0.42175038, -0.47404523, -0.37032673, -0.16639542, -0.10014584, -0.05883107, -0.05370571, -0.04814600, -0.02782739, -0.01220298, -0.00921707, -0.01759128, -0.01317083, -0.00377607, 0.00161114, 0.00299108, -0.00699660, -0.00578725, 0.00345851, 0.00293615, -0.00370244, -0.00228426, 0.00093789, -0.00070288, 0.00118337, 0.00212583, -0.00231116, 0.00186611, 0.00025994, 0.00062847, 0.00165522, -0.00150973, 0.00098956, -0.00066695, 0.00127755, -0.00126539, -0.00006571, -0.00058238, 0.00112319, 0.00053829, 0.00026716, -0.00072466, 0.00098476, 0.00003536, 0.00063326, -0.00075200, 0.00001264, -0.00042808, 0.00073970, -0.00045260, 0.00047206, -0.00056041, 0.00044454, 0.00006122, 0.00055644, -0.00028172, -0.00004265
-0.20765991, -0.20308161, -0.19007740, -0.17166604, -0.15102139, -0.13043028, -0.11114541, -0.09371578, -0.07829937, -0.06487939, -0.05337976, -0.04365598, -0.03552494, -0.02879260, -0.02325682, -0.01873502, -0.01505724, -0.01207886, -0.00967461, -0.00773951, -0.00618551, -0.00493942, -0.00394126, -0.00314359, -0.00250610, -0.00199632, -0.00158854, -0.00126341, -0.00100359, -0.00079561, -0.00062904, -0.00049581, -0.00038903, -0.00030331, -0.00023439, -0.00017871, -0.00013403, -0.00009810, -0.00006923, -0.00004596, -0.00002714, -0.00001201, 0.00000005, 0.00000959, 0.00001715, 0.00002323, 0.00002783, 0.00003129, 0.00003381, 0.00003554, 0.00003661, 0.00003716, 0.00003728, 0.00003707, 0.00003658, 0.00003582, 0.00003494, 0.00003384, 0.00003266, 0.00003142, 0.00003013, 0.00002880
-2634.65965105, -249.50008159, -29.00847879, 6.02283199, 5.77680715, 2.36337067, -0.54296301, -1.66161546, 0.59970023, 0.45381163, 0.50095883, 0.00130081, -0.28150814, -0.02808473, 0.18493043, 0.11503589, -0.22349348, -0.18831102, 0.01841433, 0.13215820, 0.15171903, -0.14170095, -0.12724246, 0.11424427, 0.09851100, -0.08547215, -0.05398557, 0.03171106, -0.01401811, 0.03456163, 0.06171121, -0.06094323, 0.05017998, 0.00813089, 0.01648472, 0.04596822, -0.04177232, 0.02600188, -0.01907099, 0.03360063, -0.03487741, -0.00341752, -0.01688073, 0.02865731, 0.01388179, 0.00562869, -0.02075682, 0.02477284, -0.00019001, 0.01565446, -0.02144559, -0.00120551, -0.01285440, 0.01875558, -0.01335113, 0.01176799, -0.01636292, 0.01107452, 0.00053635, 0.01439825, -0.00862357, -0.00182127
-0.03825342, -0.03797793, -0.03716150, -0.03584621, -0.03411876, -0.03207212, -0.02980230, -0.02740719, -0.02496858, -0.02255278, -0.02021876, -0.01800535, -0.01593949, -0.01403816, -0.01230785, -0.01074923, -0.00935638, -0.00812075, -0.00703085, -0.00607493, -0.00524006, -0.00451347, -0.00388294, -0.00333749, -0.00286646, -0.00246022, -0.00211010, -0.00180923, -0.00155059, -0.00132833, -0.00113737, -0.00097341, -0.00083259, -0.00071161, -0.00060766, -0.00051813, -0.00044131, -0.00037528, -0.00031852, -0.00026969, -0.00022766, -0.00019151, -0.00016042, -0.00013372, -0.00011077, -0.00009094, -0.00007403, -0.00005955, -0.00004716, -0.00003660, -0.00002762, -0.00001999, -0.00001354, -0.00000811, -0.00000354, 0.00000025, 0.00000345, 0.00000603, 0.00000812, 0.00000980, 0.00001112, 0.00001214
-0.05435335, -0.05387754, -0.05246822, -0.05022757, -0.04733255, -0.04396858, -0.04031773, -0.03655070, -0.03280234, -0.02917316, -0.02574449, -0.02256386, -0.01965848, -0.01704015, -0.01470533, -0.01264344, -0.01083581, -0.00926196, -0.00789888, -0.00672416, -0.00571553, -0.00485220, -0.00411503, -0.00348733, -0.00295355, -0.00249998, -0.00211476, -0.00178846, -0.00151190, -0.00127743, -0.00107866, -0.00091025, -0.00076749, -0.00064640, -0.00054365, -0.00045623, -0.00038215, -0.00031926, -0.00026586, -0.00022048, -0.00018189, -0.00014911, -0.00012128, -0.00009769, -0.00007769, -0.00006062, -0.00004630, -0.00003423, -0.00002408, -0.00001559, -0.00000852, -0.00000266, 0.00000217, 0.00000612, 0.00000932, 0.00001187, 0.00001393, 0.00001546, 0.00001660, 0.00001741, 0.00001795, 0.00001825
-0.07497284, -0.07417737, -0.07182814, -0.06815384, -0.06350157, -0.05822087, -0.05263104, -0.04700499, -0.04154106, -0.03637372, -0.03159974, -0.02726580, -0.02338822, -0.01996309, -0.01696701, -0.01437011, -0.01213430, -0.01022131, -0.00859221, -0.00721088, -0.00604366, -0.00505992, -0.00423244, -0.00353823, -0.00295633, -0.00246881, -0.00206039, -0.00171916, -0.00143375, -0.00119493, -0.00099505, -0.00082786, -0.00068791, -0.00057066, -0.00047237, -0.00038974, -0.00032057, -0.00026256, -0.00021390, -0.00017304, -0.00013871, -0.00010989, -0.00008576, -0.00006558, -0.00004871, -0.00003449, -0.00002277, -0.00001306, -0.00000507, 0.00000147, 0.00000677, 0.00001104, 0.00001442, 0.00001707, 0.00001910, 0.00002058, 0.00002168, 0.00002234, 0.00002270, 0.00002282, 0.00002273, 0.00002246
-0.25162589, -0.24512376, -0.22692241, -0.20190796, -0.17485103, -0.14881903, -0.12518063, -0.10432224, -0.08620816, -0.07067504, -0.05754375, -0.04658236, -0.03752835, -0.03012020, -0.02409726, -0.01922962, -0.01531104, -0.01216940, -0.00965785, -0.00765548, -0.00606286, -0.00479755, -0.00379329, -0.00299810, -0.00236838, -0.00186926, -0.00147355, -0.00116090, -0.00091324, -0.00071669, -0.00056059, -0.00043680, -0.00033842, -0.00026006, -0.00019755, -0.00014739, -0.00010746, -0.00007558, -0.00005017, -0.00002982, -0.00001346, -0.00000042, 0.00000989, 0.00001794, 0.00002426, 0.00002929, 0.00003300, 0.00003572, 0.00003760, 0.00003878, 0.00003940, 0.00003955, 0.00003933, 0.00003884, 0.00003809, 0.00003711, 0.00003604, 0.00003477, 0.00003344, 0.00003208, 0.00003067, 0.00002924
-0.09293486, -0.09190350, -0.08879024, -0.08402426, -0.07806053, -0.07139294, -0.06443754, -0.05750578, -0.05081380, -0.04452273, -0.03872266, -0.03345997, -0.02875460, -0.02459088, -0.02094573, -0.01777796, -0.01504491, -0.01269954, -0.01069623, -0.00899294, -0.00754907, -0.00632898, -0.00530024, -0.00443447, -0.00370690, -0.00309671, -0.00258500, -0.00215633, -0.00179726, -0.00149704, -0.00124587, -0.00103562, -0.00085956, -0.00071225, -0.00058895, -0.00048551, -0.00039901, -0.00032652, -0.00026574, -0.00021479, -0.00017212, -0.00013640, -0.00010648, -0.00008138, -0.00006039, -0.00004277, -0.00002822, -0.00001617, -0.00000618, 0.00000205, 0.00000877, 0.00001421, 0.00001855, 0.00002196, 0.00002460, 0.00002658, 0.00002809, 0.00002906, 0.00002965, 0.00002989, 0.00002985, 0.00002957
-1.63144365, -1.45140226, -1.04906165, -0.68951304, -0.46538910, -0.34173411, -0.26606753, -0.20963302, -0.16317992, -0.12524255, -0.09540451, -0.07257116, -0.05526912, -0.04210055, -0.03203289, -0.02431532, -0.01841989, -0.01393339, -0.01053062, -0.00795547, -0.00600589, -0.00453148, -0.00341607, -0.00257254, -0.00193487, -0.00145446, -0.00109143, -0.00081669, -0.00060846, -0.00045164, -0.00033287, -0.00024239, -0.00017307, -0.00012027, -0.00007990, -0.00004861, -0.00002452, -0.00000576, 0.00000896, 0.00002049, 0.00002946, 0.00003636, 0.00004175, 0.00004610, 0.00004947, 0.00005206, 0.00005371, 0.00005474, 0.00005538, 0.00005561, 0.00005547, 0.00005498, 0.00005417, 0.00005311, 0.00005184, 0.00005040, 0.00004892, 0.00004728, 0.00004557, 0.00004373, 0.00004181, 0.00003986
-0.08258332, -0.08174118, -0.07918428, -0.07523990, -0.07024972, -0.06460403, -0.05864481, -0.05263982, -0.04678375, -0.04122819, -0.03606279, -0.03133873, -0.02708289, -0.02328985, -0.01994586, -0.01702043, -0.01448025, -0.01228708, -0.01040264, -0.00879090, -0.00741701, -0.00624969, -0.00526010, -0.00442288, -0.00371569, -0.00311956, -0.00261708, -0.00219409, -0.00183805, -0.00153888, -0.00128740, -0.00107589, -0.00089793, -0.00074833, -0.00062253, -0.00051651, -0.00042743, -0.00035244, -0.00028928, -0.00023609, -0.00019133, -0.00015368, -0.00012200, -0.00009529, -0.00007284, -0.00005390, -0.00003817, -0.00002505, -0.00001410, -0.00000501, 0.00000248, 0.00000860, 0.00001356, 0.00001752, 0.00002066, 0.00002308, 0.00002498, 0.00002630, 0.00002721, 0.00002773, 0.00002794, 0.00002789
-0.56582539, -0.53612919, -0.45990082, -0.37201017, -0.29579574, -0.23702200, -0.19199249, -0.15592852, -0.12599696, -0.10103857, -0.08047923, -0.06380043, -0.05042860, -0.03976041, -0.03128216, -0.02455366, -0.01923262, -0.01503592, -0.01173637, -0.00914917, -0.00712346, -0.00554057, -0.00430464, -0.00334040, -0.00258871, -0.00200432, -0.00154933, -0.00119505, -0.00091906, -0.00070500, -0.00053853, -0.00040867, -0.00030712, -0.00022801, -0.00016628, -0.00011777, -0.00007986, -0.00005005, -0.00002655, -0.00000804, 0.00000648, 0.00001779, 0.00002667, 0.00003373, 0.00003923, 0.00004352, 0.00004655, 0.00004868, 0.00005018, 0.00005111, 0.00005153, 0.00005152, 0.00005112, 0.00005041, 0.00004945, 0.00004829, 0.00004705, 0.00004563, 0.00004411, 0.00004247, 0.00004073, 0.00003896
-1.54227898, -1.37761148, -1.00669237, -0.67044145, -0.45693204, -0.33687110, -0.26255006, -0.20706235, -0.16146321, -0.12420706, -0.09482994, -0.07227804, -0.05513865, -0.04206527, -0.03205373, -0.02436809, -0.01848813, -0.01400549, -0.01060007, -0.00801879, -0.00606162, -0.00457935, -0.00345648, -0.00260617, -0.00196254, -0.00147699, -0.00110963, -0.00083130, -0.00062012, -0.00046089, -0.00034018, -0.00024814, -0.00017758, -0.00012381, -0.00008267, -0.00005077, -0.00002621, -0.00000709, 0.00000792, 0.00001967, 0.00002881, 0.00003584, 0.00004133, 0.00004576, 0.00004918, 0.00005182, 0.00005351, 0.00005457, 0.00005522, 0.00005548, 0.00005535, 0.00005487, 0.00005407, 0.00005302, 0.00005176, 0.00005033, 0.00004886, 0.00004722, 0.00004552, 0.00004369, 0.00004177, 0.00003983
-2.65930656, -2.27768787, -1.48471918, -0.86176786, -0.53251228, -0.37959960, -0.29469764, -0.23082307, -0.17699069, -0.13316859, -0.09948987, -0.07445874, -0.05595910, -0.04212501, -0.03167837, -0.02375828, -0.01778139, -0.01329437, -0.00993795, -0.00743048, -0.00555450, -0.00415099, -0.00310007, -0.00231325, -0.00172440, -0.00128523, -0.00095639, -0.00070957, -0.00052390, -0.00038525, -0.00028096, -0.00020191, -0.00014157, -0.00009582, -0.00006096, -0.00003393, -0.00001314, 0.00000309, 0.00001588, 0.00002593, 0.00003377, 0.00003979, 0.00004452, 0.00004839, 0.00005138, 0.00005369, 0.00005511, 0.00005595, 0.00005645, 0.00005658, 0.00005634, 0.00005577, 0.00005489, 0.00005376, 0.00005243, 0.00005094, 0.00004940, 0.00004771, 0.00004595, 0.00004407, 0.00004210, 0.00004010
-0.01804476, -0.01797018, -0.01773039, -0.01734673, -0.01682520, -0.01618701, -0.01545293, -0.01464372, -0.01377963, -0.01288340, -0.01197333, -0.01106555, -0.01017512, -0.00931220, -0.00848682, -0.00770486, -0.00697086, -0.00628717, -0.00565453, -0.00507319, -0.00454153, -0.00405775, -0.00361929, -0.00322335, -0.00286690, -0.00254698, -0.00226029, -0.00200419, -0.00177566, -0.00157216, -0.00139113, -0.00123023, -0.00108732, -0.00096051, -0.00084805, -0.00074819, -0.00065983, -0.00058154, -0.00051218, -0.00045075, -0.00039636, -0.00034821, -0.00030556, -0.00026780, -0.00023435, -0.00020466, -0.00017848, -0.00015531, -0.00013481, -0.00011669, -0.00010069, -0.00008655, -0.00007409, -0.00006310, -0.00005342, -0.00004490, -0.00003736, -0.00003079, -0.00002503, -0.00002000, -0.00001561, -0.00001180
-77.43475864, -41.09570910, -8.41355714, -0.98634971, -0.26814338, -0.43218200, -0.45809893, -0.35380340, -0.23063654, -0.14629343, -0.09727815, -0.07009148, -0.05232484, -0.03837776, -0.02751471, -0.01967355, -0.01444929, -0.01042034, -0.00738058, -0.00524987, -0.00378931, -0.00310194, -0.00228206, -0.00138395, -0.00100425, -0.00095359, -0.00067904, -0.00040124, -0.00034223, -0.00018303, -0.00008697, -0.00019748, -0.00000369, -0.00003684, 0.00000081, 0.00005282, -0.00004700, 0.00005520, 0.00000331, 0.00008158, -0.00000699, 0.00004288, 0.00002649, 0.00009311, 0.00007229, 0.00006550, 0.00002933, 0.00009390, 0.00005813, 0.00008065, 0.00002878, 0.00005698, 0.00003944, 0.00008121, 0.00003576, 0.00006811, 0.00002892, 0.00006382, 0.00004827, 0.00006387, 0.00003161, 0.00003788
-2.90127431, -2.46677959, -1.57628703, -0.89322468, -0.54297069, -0.38546534, -0.29945471, -0.23440530, -0.17925396, -0.13438761, -0.10005908, -0.07468079, -0.05600911, -0.04208489, -0.03158895, -0.02364542, -0.01766236, -0.01318053, -0.00983600, -0.00734276, -0.00548078, -0.00408994, -0.00305022, -0.00227294, -0.00169213, -0.00125962, -0.00093622, -0.00069376, -0.00051156, -0.00037567, -0.00027355, -0.00019620, -0.00013717, -0.00009244, -0.00005836, -0.00003193, -0.00001160, 0.00000428, 0.00001680, 0.00002665, 0.00003434, 0.00004025, 0.00004489, 0.00004869, 0.00005164, 0.00005391, 0.00005530, 0.00005612, 0.00005660, 0.00005672, 0.00005647, 0.00005588, 0.00005500, 0.00005386, 0.00005252, 0.00005102, 0.00004948, 0.00004777, 0.00004601, 0.00004412, 0.00004214, 0.00004013
-68.27473717, -37.27385421, -8.11309128, -1.07276168, -0.30794611, -0.43358798, -0.45055328, -0.34885028, -0.22993010, -0.14696145, -0.09806661, -0.07044552, -0.05239667, -0.03847218, -0.02767499, -0.01980720, -0.01445520, -0.01042584, -0.00743745, -0.00533060, -0.00386313, -0.00307077, -0.00225500, -0.00143726, -0.00104590, -0.00092856, -0.00066568, -0.00041594, -0.00033978, -0.00019760, -0.00010873, -0.00017725, -0.00002285, -0.00003985, -0.00000579, 0.00003738, -0.00003294, 0.00004589, 0.00000972, 0.00006976, 0.00000542, 0.00004373, 0.00003244, 0.00008279, 0.00006785, 0.00006336, 0.00003672, 0.00008490, 0.00005834, 0.00007508, 0.00003641, 0.00005722, 0.00004391, 0.00007462, 0.00004045, 0.00006407, 0.00003454, 0.00005998, 0.00004797, 0.00005900, 0.00003452, 0.00003860
-0.10004700, -0.09700628, -0.08861989, -0.07740731, -0.06568077, -0.05476889, -0.04515557, -0.03689228, -0.02989059, -0.02402807, -0.01918179, -0.01522785, -0.01203353, -0.00947623, -0.00744097, -0.00582974, -0.00455887, -0.00355998, -0.00277682, -0.00216431, -0.00168611, -0.00131291, -0.00102225, -0.00079599, -0.00061962, -0.00048207, -0.00037498, -0.00029151, -0.00022623, -0.00017512, -0.00013514, -0.00010376, -0.00007908, -0.00005959, -0.00004416, -0.00003188, -0.00002220, -0.00001454, -0.00000841, -0.00000352, 0.00000037, 0.00000341, 0.00000579, 0.00000767, 0.00000912, 0.00001024, 0.00001103, 0.00001157, 0.00001190, 0.00001206, 0.00001209, 0.00001201, 0.00001185, 0.00001159, 0.00001127, 0.00001090, 0.00001053, 0.00001012, 0.00000969, 0.00000926, 0.00000882, 0.00000838
-0.28993525, -0.26908147, -0.21874563, -0.16594272, -0.12427740, -0.09430567, -0.07243353, -0.05573411, -0.04264557, -0.03237795, -0.02442160, -0.01834374, -0.01374209, -0.01027728, -0.00767340, -0.00572089, -0.00425915, -0.00316805, -0.00235497, -0.00175044, -0.00130149, -0.00096775, -0.00072019, -0.00053651, -0.00039979, -0.00029786, -0.00022208, -0.00016552, -0.00012299, -0.00009091, -0.00006673, -0.00004836, -0.00003429, -0.00002342, -0.00001495, -0.00000829, -0.00000312, 0.00000090, 0.00000414, 0.00000674, 0.00000879, 0.00001035, 0.00001154, 0.00001247, 0.00001315, 0.00001366, 0.00001394, 0.00001406, 0.00001403, 0.00001390, 0.00001368, 0.00001338, 0.00001303, 0.00001260, 0.00001212, 0.00001162, 0.00001113, 0.00001062, 0.00001009, 0.00000957, 0.00000905, 0.00000855
-0.09243268, -0.08979945, -0.08248510, -0.07256974, -0.06202884, -0.05206290, -0.04316679, -0.03544416, -0.02885221, -0.02329910, -0.01868303, -0.01489702, -0.01182258, -0.00934899, -0.00737125, -0.00579846, -0.00455248, -0.00356915, -0.00279491, -0.00218694, -0.00171038, -0.00133696, -0.00104498, -0.00081680, -0.00063825, -0.00049847, -0.00038922, -0.00030375, -0.00023666, -0.00018396, -0.00014258, -0.00011001, -0.00008429, -0.00006394, -0.00004778, -0.00003489, -0.00002470, -0.00001662, -0.00001014, -0.00000496, -0.00000083, 0.00000241, 0.00000495, 0.00000696, 0.00000852, 0.00000974, 0.00001060, 0.00001120, 0.00001159, 0.00001180, 0.00001187, 0.00001182, 0.00001168, 0.00001145, 0.00001115, 0.00001080, 0.00001044, 0.00001005, 0.00000964, 0.00000921, 0.00000878, 0.00000835
-0.07763015, -0.07570832, -0.07029469, -0.06274613, -0.05444848, -0.04634021, -0.03889713, -0.03229441, -0.02656386, -0.02166928, -0.01754920, -0.01412950, -0.01132064, -0.00903549, -0.00718911, -0.00570622, -0.00451997, -0.00357493, -0.00282405, -0.00222897, -0.00175835, -0.00138633, -0.00109287, -0.00086152, -0.00067894, -0.00053480, -0.00042117, -0.00033153, -0.00026061, -0.00020445, -0.00016002, -0.00012477, -0.00009674, -0.00007441, -0.00005657, -0.00004226, -0.00003087, -0.00002178, -0.00001446, -0.00000858, -0.00000388, -0.00000015, 0.00000280, 0.00000515, 0.00000698, 0.00000843, 0.00000949, 0.00001026, 0.00001078, 0.00001111, 0.00001128, 0.00001132, 0.00001125, 0.00001108, 0.00001083, 0.00001054, 0.00001022, 0.00000986, 0.00000948, 0.00000908, 0.00000868, 0.00000827
-0.28716324, -0.26665860, -0.21709182, -0.16496062, -0.12370370, -0.09394938, -0.07219959, -0.05557941, -0.04254693, -0.03231831, -0.02438826, -0.01832714, -0.01373563, -0.01027671, -0.00767606, -0.00572514, -0.00426397, -0.00317285, -0.00235943, -0.00175439, -0.00130489, -0.00097061, -0.00072255, -0.00053844, -0.00040135, -0.00029911, -0.00022307, -0.00016631, -0.00012361, -0.00009139, -0.00006711, -0.00004865, -0.00003452, -0.00002360, -0.00001509, -0.00000839, -0.00000321, 0.00000083, 0.00000409, 0.00000670, 0.00000875, 0.00001032, 0.00001151, 0.00001245, 0.00001314, 0.00001365, 0.00001393, 0.00001405, 0.00001403, 0.00001389, 0.00001367, 0.00001338, 0.00001302, 0.00001259, 0.00001212, 0.00001162, 0.00001113, 0.00001061, 0.00001009, 0.00000957, 0.00000905, 0.00000855
-0.23856292, -0.22380053, -0.18711027, -0.14659124, -0.11268321, -0.08699950, -0.06760185, -0.05251756, -0.04056922, -0.03110552, -0.02369378, -0.01796713, -0.01358216, -0.01024562, -0.00771423, -0.00579884, -0.00435259, -0.00326358, -0.00244525, -0.00183152, -0.00137199, -0.00102760, -0.00077011, -0.00057758, -0.00043321, -0.00032480, -0.00024363, -0.00018265, -0.00013654, -0.00010158, -0.00007510, -0.00005492, -0.00003942, -0.00002743, -0.00001809, -0.00001075, -0.00000506, -0.00000063, 0.00000293, 0.00000576, 0.00000799, 0.00000970, 0.00001100, 0.00001202, 0.00001277, 0.00001333, 0.00001365, 0.00001381, 0.00001382, 0.00001371, 0.00001351, 0.00001324, 0.00001290, 0.00001249, 0.00001203, 0.00001154, 0.00001106, 0.00001056, 0.00001005, 0.00000954, 0.00000903, 0.00000854
-0.08625110, -0.08392788, -0.07743747, -0.06853660, -0.05894368, -0.04975131, -0.04145279, -0.03418658, -0.02794345, -0.02265571, -0.01823853, -0.01459857, -0.01162943, -0.00923002, -0.00730367, -0.00576570, -0.00454269, -0.00357388, -0.00280830, -0.00220498, -0.00173038, -0.00135720, -0.00106439, -0.00083477, -0.00065448, -0.00051288, -0.00040183, -0.00031466, -0.00024602, -0.00019193, -0.00014934, -0.00011570, -0.00008908, -0.00006795, -0.00005113, -0.00003769, -0.00002704, -0.00001857, -0.00001177, -0.00000632, -0.00000197, 0.00000145, 0.00000415, 0.00000629, 0.00000795, 0.00000925, 0.00001019, 0.00001085, 0.00001129, 0.00001155, 0.00001165, 0.00001164, 0.00001152, 0.00001131, 0.00001103, 0.00001070, 0.00001036, 0.00000998, 0.00000958, 0.00000916, 0.00000874, 0.00000832
-10.59746858, -5.99945670, -1.64661164, -0.47183062, -0.22771301, -0.16373787, -0.12391843, -0.08816947, -0.05894191, -0.03869935, -0.02558975, -0.01739040, -0.01205799, -0.00837648, -0.00580094, -0.00402949, -0.00284305, -0.00198387, -0.00136983, -0.00095124, -0.00067077, -0.00051782, -0.00037466, -0.00023860, -0.00017268, -0.00015130, -0.00010899, -0.00006946, -0.00005705, -0.00003403, -0.00001937, -0.00002930, -0.00000441, -0.00000611, 0.00000022, 0.00000797, -0.00000218, 0.00001081, 0.00000585, 0.00001585, 0.00000634, 0.00001269, 0.00001118, 0.00001921, 0.00001698, 0.00001631, 0.00001211, 0.00001952, 0.00001519, 0.00001755, 0.00001124, 0.00001420, 0.00001183, 0.00001628, 0.00001060, 0.00001394, 0.00000900, 0.00001267, 0.00001048, 0.00001193, 0.00000785, 0.00000826
-0.02603185, -0.02573273, -0.02485320, -0.02348125, -0.02175805, -0.01981772, -0.01778233, -0.01575187, -0.01380110, -0.01197738, -0.01030986, -0.00881381, -0.00749032, -0.00633443, -0.00533471, -0.00447771, -0.00374792, -0.00313011, -0.00260939, -0.00217232, -0.00180662, -0.00150119, -0.00124675, -0.00103511, -0.00085911, -0.00071281, -0.00059131, -0.00049046, -0.00040665, -0.00033698, -0.00027908, -0.00023091, -0.00019081, -0.00015738, -0.00012949, -0.00010616, -0.00008673, -0.00007051, -0.00005695, -0.00004560, -0.00003611, -0.00002820, -0.00002161, -0.00001611, -0.00001153, -0.00000770, -0.00000457, -0.00000200, 0.00000010, 0.00000180, 0.00000317, 0.00000425, 0.00000510, 0.00000574, 0.00000620, 0.00000653, 0.00000676, 0.00000689, 0.00000693, 0.00000690, 0.00000682, 0.00000671
-13.46718402, -7.18411376, -1.76381356, -0.46352964, -0.22195096, -0.16417618, -0.12578972, -0.08938157, -0.05905841, -0.03846368, -0.02528341, -0.01719320, -0.01195234, -0.00828137, -0.00570602, -0.00396070, -0.00282831, -0.00197356, -0.00134371, -0.00091855, -0.00064207, -0.00052750, -0.00038368, -0.00021958, -0.00015792, -0.00016022, -0.00011386, -0.00006442, -0.00005807, -0.00002902, -0.00001177, -0.00003655, 0.00000228, -0.00000509, 0.00000251, 0.00001342, -0.00000717, 0.00001410, 0.00000358, 0.00002004, 0.00000196, 0.00001240, 0.00000909, 0.00002287, 0.00001857, 0.00001708, 0.00000952, 0.00002271, 0.00001513, 0.00001952, 0.00000855, 0.00001412, 0.00001025, 0.00001862, 0.00000894, 0.00001537, 0.00000701, 0.00001402, 0.00001059, 0.00001365, 0.00000681, 0.00000800
-0.03776074, -0.03741480, -0.03637569, -0.03474263, -0.03264105, -0.03021640, -0.02760833, -0.02493737, -0.02229734, -0.01975812, -0.01737433, -0.01517419, -0.01317592, -0.01138285, -0.00979160, -0.00839175, -0.00716976, -0.00610959, -0.00519476, -0.00440896, -0.00373642, -0.00316270, -0.00267433, -0.00225959, -0.00190807, -0.00161035, -0.00135822, -0.00114516, -0.00096517, -0.00081309, -0.00068452, -0.00057586, -0.00048405, -0.00040641, -0.00034073, -0.00028503, -0.00023795, -0.00019808, -0.00016431, -0.00013571, -0.00011148, -0.00009092, -0.00007350, -0.00005876, -0.00004631, -0.00003573, -0.00002686, -0.00001938, -0.00001311, -0.00000788, -0.00000353, 0.00000006, 0.00000300, 0.00000540, 0.00000733, 0.00000887, 0.00001011, 0.00001100, 0.00001166, 0.00001211, 0.00001239, 0.00001253
-0.20586402, -0.19900139, -0.18029555, -0.15602439, -0.13151011, -0.10946777, -0.09052029, -0.07440966, -0.06074382, -0.04922263, -0.03962873, -0.03172966, -0.02529790, -0.02010149, -0.01592758, -0.01258987, -0.00993128, -0.00782001, -0.00614882, -0.00482901, -0.00378892, -0.00297051, -0.00232694, -0.00182161, -0.00142547, -0.00111459, -0.00087026, -0.00067879, -0.00052878, -0.00041096, -0.00031818, -0.00024515, -0.00018773, -0.00014242, -0.00010659, -0.00007808, -0.00005552, -0.00003760, -0.00002339, -0.00001214, -0.00000318, 0.00000400, 0.00000969, 0.00001414, 0.00001756, 0.00002026, 0.00002227, 0.00002375, 0.00002477, 0.00002541, 0.00002571, 0.00002575, 0.00002557, 0.00002522, 0.00002474, 0.00002416, 0.00002350, 0.00002270, 0.00002185, 0.00002097, 0.00002008, 0.00001918
-0.50557048, -0.47019168, -0.38390197, -0.29256396, -0.22067740, -0.16970386, -0.13286366, -0.10449535, -0.08174338, -0.06341208, -0.04886776, -0.03750034, -0.02871125, -0.02194367, -0.01674209, -0.01274915, -0.00969155, -0.00735597, -0.00557743, -0.00422558, -0.00319959, -0.00242157, -0.00183156, -0.00138467, -0.00104679, -0.00079080, -0.00059625, -0.00044898, -0.00033751, -0.00025270, -0.00018782, -0.00013821, -0.00010031, -0.00007115, -0.00004857, -0.00003090, -0.00001716, -0.00000639, 0.00000203, 0.00000858, 0.00001377, 0.00001793, 0.00002120, 0.00002369, 0.00002552, 0.00002693, 0.00002791, 0.00002855, 0.00002888, 0.00002895, 0.00002877, 0.00002840, 0.00002786, 0.00002721, 0.00002647, 0.00002566, 0.00002480, 0.00002381, 0.00002279, 0.00002175, 0.00002072, 0.00001971
-0.22434442, -0.21628558, -0.19452008, -0.16675508, -0.13929269, -0.11509593, -0.09462762, -0.07741034, -0.06290911, -0.05075153, -0.04068009, -0.03243115, -0.02574950, -0.02037768, -0.01608271, -0.01266324, -0.00995056, -0.00780525, -0.00611390, -0.00478341, -0.00373903, -0.00292040, -0.00227911, -0.00177748, -0.00138572, -0.00107945, -0.00083959, -0.00065233, -0.00050617, -0.00039178, -0.00030199, -0.00023157, -0.00017638, -0.00013296, -0.00009873, -0.00007156, -0.00005012, -0.00003313, -0.00001968, -0.00000907, -0.00000064, 0.00000611, 0.00001145, 0.00001562, 0.00001879, 0.00002130, 0.00002315, 0.00002449, 0.00002541, 0.00002595, 0.00002618, 0.00002615, 0.00002591, 0.00002552, 0.00002499, 0.00002438, 0.00002369, 0.00002286, 0.00002199, 0.00002108, 0.00002017, 0.00001926
-0.08004247, -0.07882295, -0.07524854, -0.06991743, -0.06351505, -0.05666406, -0.04982551, -0.04329608, -0.03724428, -0.03175746, -0.02687974, -0.02260461, -0.01890795, -0.01574415, -0.01306067, -0.01080050, -0.00890829, -0.00733162, -0.00602342, -0.00494151, -0.00404925, -0.00331506, -0.00271175, -0.00221687, -0.00181156, -0.00147956, -0.00120743, -0.00098486, -0.00080287, -0.00065388, -0.00053176, -0.00043170, -0.00034975, -0.00028252, -0.00022731, -0.00018184, -0.00014452, -0.00011383, -0.00008860, -0.00006787, -0.00005082, -0.00003675, -0.00002519, -0.00001574, -0.00000804, -0.00000171, 0.00000338, 0.00000749, 0.00001074, 0.00001329, 0.00001525, 0.00001670, 0.00001775, 0.00001845, 0.00001888, 0.00001909, 0.00001912, 0.00001895, 0.00001864, 0.00001824, 0.00001776, 0.00001722
-0.13063780, -0.12769371, -0.11932781, -0.10758677, -0.09452235, -0.08159631, -0.06957033, -0.05873663, -0.04915844, -0.04081275, -0.03365171, -0.02758195, -0.02249831, -0.01827783, -0.01480041, -0.01195178, -0.00962933, -0.00774313, -0.00621669, -0.00498472, -0.00399279, -0.00319558, -0.00255546, -0.00204228, -0.00163150, -0.00130250, -0.00103869, -0.00082770, -0.00065898, -0.00052382, -0.00041537, -0.00032837, -0.00025862, -0.00020259, -0.00015750, -0.00012106, -0.00009175, -0.00006811, -0.00004905, -0.00003372, -0.00002134, -0.00001130, -0.00000323, 0.00000323, 0.00000833, 0.00001243, 0.00001561, 0.00001807, 0.00001991, 0.00002124, 0.00002214, 0.00002268, 0.00002293, 0.00002294, 0.00002278, 0.00002246, 0.00002204, 0.00002146, 0.00002080, 0.00002008, 0.00001933, 0.00001856
-21.10729214, -12.45419676, -3.45340102, -0.84193745, -0.36125806, -0.28824378, -0.24053179, -0.17929914, -0.12219353, -0.08097521, -0.05444554, -0.03795389, -0.02711771, -0.01941499, -0.01380423, -0.00978215, -0.00698199, -0.00496310, -0.00352111, -0.00251109, -0.00180526, -0.00135618, -0.00098443, -0.00067126, -0.00048836, -0.00039024, -0.00028188, -0.00019161, -0.00014793, -0.00009744, -0.00006286, -0.00006439, -0.00002319, -0.00001929, -0.00000617, 0.00000767, -0.00000259, 0.00001702, 0.00001231, 0.00002678, 0.00001535, 0.00002492, 0.00002391, 0.00003523, 0.00003269, 0.00003226, 0.00002709, 0.00003721, 0.00003169, 0.00003496, 0.00002665, 0.00003049, 0.00002720, 0.00003293, 0.00002528, 0.00002950, 0.00002273, 0.00002716, 0.00002388, 0.00002535, 0.00001959, 0.00001971
-0.16315424, -0.15870931, -0.14631520, -0.12953232, -0.11166681, -0.09475340, -0.07959370, -0.06631658, -0.05482102, -0.04497125, -0.03664654, -0.02969211, -0.02394805, -0.01924303, -0.01541547, -0.01231728, -0.00982045, -0.00781531, -0.00621018, -0.00492869, -0.00390773, -0.00309574, -0.00245047, -0.00193845, -0.00153279, -0.00121116, -0.00095580, -0.00075361, -0.00059356, -0.00046660, -0.00036567, -0.00028548, -0.00022180, -0.00017111, -0.00013067, -0.00009826, -0.00007240, -0.00005172, -0.00003518, -0.00002199, -0.00001141, -0.00000290, 0.00000390, 0.00000928, 0.00001346, 0.00001680, 0.00001934, 0.00002125, 0.00002264, 0.00002358, 0.00002415, 0.00002441, 0.00002442, 0.00002423, 0.00002388, 0.00002342, 0.00002286, 0.00002216, 0.00002140, 0.00002059, 0.00001976, 0.00001892
-1.15084352, -1.01121962, -0.71117365, -0.45702462, -0.30396951, -0.21918066, -0.16637346, -0.12750208, -0.09666862, -0.07236642, -0.05380563, -0.03994464, -0.02968172, -0.02206672, -0.01639147, -0.01215534, -0.00900001, -0.00665727, -0.00492324, -0.00364148, -0.00269427, -0.00199402, -0.00147563, -0.00109225, -0.00080923, -0.00059952, -0.00044333, -0.00032754, -0.00024164, -0.00017734, -0.00012876, -0.00009206, -0.00006434, -0.00004315, -0.00002679, -0.00001393, -0.00000389, 0.00000401, 0.00001023, 0.00001508, 0.00001896, 0.00002215, 0.00002467, 0.00002658, 0.00002794, 0.00002900, 0.00002970, 0.00003012, 0.00003028, 0.00003019, 0.00002988, 0.00002939, 0.00002875, 0.00002800, 0.00002717, 0.00002629, 0.00002534, 0.00002428, 0.00002318, 0.00002207, 0.00002098, 0.00001991
-7.79642598, -5.50856524, -2.26407863, -0.82385998, -0.40157112, -0.28205986, -0.21984432, -0.16476619, -0.11706252, -0.08095531, -0.05607215, -0.03948320, -0.02822898, -0.02029863, -0.01457102, -0.01042330, -0.00744987, -0.00533281, -0.00383124, -0.00276322, -0.00199917, -0.00145219, -0.00105407, -0.00076407, -0.00055766, -0.00040978, -0.00029917, -0.00021783, -0.00015959, -0.00011519, -0.00008181, -0.00005810, -0.00003775, -0.00002363, -0.00001194, -0.00000237, 0.00000409, 0.00001087, 0.00001514, 0.00001955, 0.00002184, 0.00002490, 0.00002684, 0.00002901, 0.00002991, 0.00003071, 0.00003094, 0.00003182, 0.00003155, 0.00003156, 0.00003070, 0.00003038, 0.00002950, 0.00002904, 0.00002775, 0.00002709, 0.00002574, 0.00002491, 0.00002361, 0.00002257, 0.00002115, 0.00002009
-0.03576967, -0.03547467, -0.03457717, -0.03316388, -0.03132750, -0.02918878, -0.02686483, -0.02445756, -0.02204933, -0.01970673, -0.01748173, -0.01540350, -0.01349463, -0.01176173, -0.01020698, -0.00882392, -0.00760362, -0.00653366, -0.00560088, -0.00479175, -0.00409247, -0.00349036, -0.00297322, -0.00253008, -0.00215128, -0.00182788, -0.00155185, -0.00131672, -0.00111666, -0.00094645, -0.00080161, -0.00067836, -0.00057356, -0.00048441, -0.00040856, -0.00034387, -0.00028892, -0.00024212, -0.00020228, -0.00016836, -0.00013950, -0.00011491, -0.00009397, -0.00007614, -0.00006101, -0.00004809, -0.00003721, -0.00002798, -0.00002020, -0.00001365, -0.00000817, -0.00000360, 0.00000019, 0.00000330, 0.00000585, 0.00000791, 0.00000960, 0.00001088, 0.00001184, 0.00001255, 0.00001304, 0.00001335
-2.17384533, -1.81611116, -1.11449412, -0.60977378, -0.36438881, -0.25601156, -0.19608243, -0.15093803, -0.11352480, -0.08376705, -0.06142968, -0.04517131, -0.03338424, -0.02472765, -0.01830065, -0.01350981, -0.00995446, -0.00732882, -0.00539754, -0.00397738, -0.00293155, -0.00216066, -0.00159152, -0.00117123, -0.00086204, -0.00063408, -0.00046503, -0.00033955, -0.00024704, -0.00017833, -0.00012678, -0.00008782, -0.00005858, -0.00003648, -0.00001957, -0.00000637, 0.00000379, 0.00001178, 0.00001803, 0.00002288, 0.00002658, 0.00002957, 0.00003197, 0.00003380, 0.00003508, 0.00003596, 0.00003644, 0.00003669, 0.00003668, 0.00003643, 0.00003595, 0.00003527, 0.00003443, 0.00003346, 0.00003240, 0.00003128, 0.00003018, 0.00002892, 0.00002760, 0.00002625, 0.00002491, 0.00002359
-0.22998063, -0.22186214, -0.19989674, -0.17187980, -0.14418274, -0.11980780, -0.09917675, -0.08174710, -0.06695385, -0.05444318, -0.04398520, -0.03534241, -0.02828339, -0.02255764, -0.01794152, -0.01423331, -0.01126729, -0.00890128, -0.00702059, -0.00552931, -0.00434929, -0.00341742, -0.00268211, -0.00210248, -0.00164669, -0.00128824, -0.00100596, -0.00078391, -0.00060975, -0.00047294, -0.00036523, -0.00028029, -0.00021350, -0.00016092, -0.00011942, -0.00008648, -0.00006052, -0.00003995, -0.00002367, -0.00001083, -0.00000075, 0.00000726, 0.00001361, 0.00001857, 0.00002237, 0.00002529, 0.00002740, 0.00002894, 0.00002999, 0.00003060, 0.00003086, 0.00003082, 0.00003053, 0.00003004, 0.00002940, 0.00002865, 0.00002787, 0.00002692, 0.00002590, 0.00002483, 0.00002374, 0.00002265
-0.25702833, -0.24701936, -0.22027131, -0.18692394, -0.15488752, -0.12747376, -0.10477175, -0.08585665, -0.06993739, -0.05656099, -0.04544867, -0.03632488, -0.02892146, -0.02295270, -0.01816806, -0.01434497, -0.01130216, -0.00888721, -0.00697687, -0.00546940, -0.00428231, -0.00334927, -0.00261644, -0.00204145, -0.00159138, -0.00123910, -0.00096289, -0.00074661, -0.00057775, -0.00044571, -0.00034220, -0.00026091, -0.00019727, -0.00014737, -0.00010815, -0.00007712, -0.00005276, -0.00003352, -0.00001835, -0.00000642, 0.00000290, 0.00001029, 0.00001613, 0.00002068, 0.00002413, 0.00002677, 0.00002864, 0.00003000, 0.00003088, 0.00003137, 0.00003152, 0.00003138, 0.00003101, 0.00003045, 0.00002976, 0.00002896, 0.00002814, 0.00002715, 0.00002609, 0.00002499, 0.00002388, 0.00002276
-0.04865842, -0.04817034, -0.04669911, -0.04441508, -0.04150947, -0.03820353, -0.03469756, -0.03115286, -0.02768874, -0.02439318, -0.02132828, -0.01852315, -0.01599620, -0.01374473, -0.01176076, -0.01002638, -0.00852179, -0.00722385, -0.00611001, -0.00515838, -0.00434813, -0.00366051, -0.00307817, -0.00258599, -0.00217096, -0.00182133, -0.00152675, -0.00127897, -0.00107081, -0.00089592, -0.00074891, -0.00062529, -0.00052143, -0.00043415, -0.00036074, -0.00029886, -0.00024690, -0.00020316, -0.00016635, -0.00013538, -0.00010934, -0.00008742, -0.00006896, -0.00005344, -0.00004044, -0.00002949, -0.00002041, -0.00001283, -0.00000654, -0.00000136, 0.00000289, 0.00000634, 0.00000910, 0.00001130, 0.00001301, 0.00001432, 0.00001533, 0.00001600, 0.00001641, 0.00001661, 0.00001664, 0.00001654
-12.23512349, -8.24166139, -2.96911046, -0.89243474, -0.39099879, -0.29294456, -0.24342448, -0.18614998, -0.13157230, -0.09000921, -0.06208178, -0.04397294, -0.03179618, -0.02309983, -0.01670035, -0.01200286, -0.00861991, -0.00620018, -0.00447674, -0.00324452, -0.00235664, -0.00172051, -0.00125039, -0.00090184, -0.00065618, -0.00048282, -0.00035010, -0.00025076, -0.00018158, -0.00012782, -0.00008813, -0.00006209, -0.00003628, -0.00002088, -0.00000746, 0.00000361, 0.00000915, 0.00001768, 0.00002143, 0.00002707, 0.00002799, 0.00003161, 0.00003324, 0.00003631, 0.00003686, 0.00003741, 0.00003692, 0.00003857, 0.00003765, 0.00003785, 0.00003612, 0.00003606, 0.00003476, 0.00003471, 0.00003258, 0.00003218, 0.00003017, 0.00002968, 0.00002799, 0.00002697, 0.00002489, 0.00002371
-0.06084232, -0.06013115, -0.05800489, -0.05475055, -0.05069161, -0.04617139, -0.04147952, -0.03683150, -0.03237402, -0.02820616, -0.02439166, -0.02095319, -0.01790005, -0.01521704, -0.01288415, -0.01087064, -0.00914528, -0.00767433, -0.00642636, -0.00537203, -0.00448405, -0.00373835, -0.00311333, -0.00259041, -0.00215385, -0.00178964, -0.00148573, -0.00123253, -0.00102182, -0.00084644, -0.00070036, -0.00057863, -0.00047730, -0.00039290, -0.00032255, -0.00026377, -0.00021484, -0.00017402, -0.00013996, -0.00011157, -0.00008793, -0.00006819, -0.00005172, -0.00003802, -0.00002665, -0.00001719, -0.00000944, -0.00000305, 0.00000217, 0.00000640, 0.00000979, 0.00001247, 0.00001455, 0.00001613, 0.00001730, 0.00001812, 0.00001870, 0.00001897, 0.00001903, 0.00001892, 0.00001867, 0.00001832
-0.08333234, -0.08210178, -0.07847834, -0.07307997, -0.06658470, -0.05962155, -0.05265273, -0.04597144, -0.03974550, -0.03407007, -0.02899370, -0.02451534, -0.02061910, -0.01726199, -0.01439711, -0.01196821, -0.00992215, -0.00820657, -0.00677448, -0.00558317, -0.00459493, -0.00377744, -0.00310213, -0.00254519, -0.00208682, -0.00170977, -0.00139943, -0.00114436, -0.00093502, -0.00076313, -0.00062185, -0.00050565, -0.00041021, -0.00033177, -0.00026723, -0.00021398, -0.00017024, -0.00013420, -0.00010453, -0.00008012, -0.00006007, -0.00004356, -0.00002995, -0.00001880, -0.00000971, -0.00000225, 0.00000372, 0.00000854, 0.00001239, 0.00001540, 0.00001771, 0.00001944, 0.00002068, 0.00002152, 0.00002203, 0.00002227, 0.00002234, 0.00002216, 0.00002181, 0.00002134, 0.00002077, 0.00002014
-0.11400607, -0.11183515, -0.10556974, -0.09657096, -0.08624205, -0.07569404, -0.06559255, -0.05625798, -0.04781772, -0.04031586, -0.03375511, -0.02808855, -0.02325730, -0.01917399, -0.01575253, -0.01290201, -0.01054109, -0.00859304, -0.00699216, -0.00568082, -0.00460928, -0.00373580, -0.00302468, -0.00244651, -0.00197743, -0.00159698, -0.00128817, -0.00103783, -0.00083525, -0.00067120, -0.00053817, -0.00043021, -0.00034275, -0.00027183, -0.00021425, -0.00016735, -0.00012933, -0.00009841, -0.00007329, -0.00005290, -0.00003639, -0.00002297, -0.00001206, -0.00000325, 0.00000380, 0.00000948, 0.00001391, 0.00001741, 0.00002009, 0.00002211, 0.00002355, 0.00002452, 0.00002510, 0.00002536, 0.00002537, 0.00002517, 0.00002487, 0.00002435, 0.00002370, 0.00002297, 0.00002217, 0.00002133
-0.10475154, -0.10289299, -0.09749671, -0.08966129, -0.08054158, -0.07109498, -0.06193293, -0.05337886, -0.04558067, -0.03860262, -0.03246347, -0.02713056, -0.02255920, -0.01867565, -0.01540553, -0.01266834, -0.01039095, -0.00850395, -0.00694659, -0.00566559, -0.00461465, -0.00375453, -0.00305156, -0.00247781, -0.00201052, -0.00163007, -0.00132010, -0.00106787, -0.00086298, -0.00069644, -0.00056089, -0.00045049, -0.00036071, -0.00028765, -0.00022812, -0.00017946, -0.00013987, -0.00010757, -0.00008123, -0.00005977, -0.00004233, -0.00002810, -0.00001649, -0.00000707, 0.00000050, 0.00000663, 0.00001145, 0.00001527, 0.00001825, 0.00002051, 0.00002216, 0.00002332, 0.00002406, 0.00002446, 0.00002459, 0.00002450, 0.00002428, 0.00002384, 0.00002327, 0.00002259, 0.00002185, 0.00002106
-3.15337312, -2.60679703, -1.55818522, -0.82938345, -0.48763281, -0.34099501, -0.26061259, -0.19982326, -0.14945873, -0.10960515, -0.07990925, -0.05845822, -0.04300653, -0.03171776, -0.02337346, -0.01718068, -0.01260499, -0.00924130, -0.00677875, -0.00497588, -0.00365373, -0.00268297, -0.00196887, -0.00144354, -0.00105860, -0.00077569, -0.00056647, -0.00041174, -0.00029807, -0.00021379, -0.00015065, -0.00010303, -0.00006739, -0.00004047, -0.00001986, -0.00000377, 0.00000863, 0.00001838, 0.00002598, 0.00003187, 0.00003635, 0.00004002, 0.00004294, 0.00004513, 0.00004662, 0.00004762, 0.00004815, 0.00004839, 0.00004828, 0.00004787, 0.00004716, 0.00004621, 0.00004505, 0.00004373, 0.00004231, 0.00004082, 0.00003933, 0.00003765, 0.00003589, 0.00003411, 0.00003234, 0.00003063
-0.04149063, -0.04116936, -0.04019160, -0.03864446, -0.03662188, -0.03424944, -0.03165209, -0.02894124, -0.02620908, -0.02353167, -0.02097107, -0.01856347, -0.01633776, -0.01430470, -0.01246978, -0.01082821, -0.00937189, -0.00808803, -0.00696303, -0.00598231, -0.00513071, -0.00439396, -0.00375826, -0.00321115, -0.00274144, -0.00233870, -0.00199348, -0.00169824, -0.00144600, -0.00123055, -0.00104649, -0.00088925, -0.00075504, -0.00064044, -0.00054256, -0.00045879, -0.00038733, -0.00032628, -0.00027410, -0.00022952, -0.00019145, -0.00015888, -0.00013104, -0.00010727, -0.00008699, -0.00006963, -0.00005492, -0.00004240, -0.00003179, -0.00002282, -0.00001526, -0.00000892, -0.00000363, 0.00000077, 0.00000439, 0.00000737, 0.00000983, 0.00001174, 0.00001323, 0.00001436, 0.00001518, 0.00001576
-3.68385810, -2.99793244, -1.72061897, -0.87498718, -0.50045329, -0.34848568, -0.26692799, -0.20439268, -0.15210744, -0.11082957, -0.08032531, -0.05849814, -0.04289316, -0.03154347, -0.02317696, -0.01698311, -0.01242154, -0.00908072, -0.00664386, -0.00486571, -0.00356531, -0.00261282, -0.00191367, -0.00140043, -0.00102523, -0.00075006, -0.00054687, -0.00039682, -0.00028677, -0.00020525, -0.00014420, -0.00009819, -0.00006374, -0.00003773, -0.00001780, -0.00000221, 0.00000981, 0.00001929, 0.00002669, 0.00003243, 0.00003680, 0.00004039, 0.00004324, 0.00004541, 0.00004686, 0.00004783, 0.00004833, 0.00004856, 0.00004844, 0.00004802, 0.00004729, 0.00004634, 0.00004516, 0.00004384, 0.00004240, 0.00004090, 0.00003941, 0.00003772, 0.00003594, 0.00003415, 0.00003238, 0.00003065
-0.17551684, -0.17166548, -0.16069340, -0.14528639, -0.12810662, -0.11106961, -0.09516984, -0.08078036, -0.06798353, -0.05676414, -0.04707351, -0.03880343, -0.03183274, -0.02600621, -0.02117521, -0.01719138, -0.01392337, -0.01125233, -0.00907762, -0.00731228, -0.00588247, -0.00472715, -0.00379465, -0.00304300, -0.00243842, -0.00195214, -0.00156065, -0.00124595, -0.00099345, -0.00079063, -0.00062746, -0.00049611, -0.00039057, -0.00030567, -0.00023728, -0.00018198, -0.00013750, -0.00010161, -0.00007268, -0.00004940, -0.00003071, -0.00001561, -0.00000345, 0.00000627, 0.00001394, 0.00002004, 0.00002472, 0.00002834, 0.00003104, 0.00003297, 0.00003426, 0.00003501, 0.00003532, 0.00003528, 0.00003496, 0.00003442, 0.00003377, 0.00003288, 0.00003184, 0.00003072, 0.00002954, 0.00002833
-12.28748979, -8.59919372, -3.40062987, -1.14544663, -0.52975602, -0.38252630, -0.30910438, -0.23557752, -0.16800725, -0.11619403, -0.08069694, -0.05722766, -0.04130710, -0.02996872, -0.02166903, -0.01558886, -0.01119943, -0.00805676, -0.00581608, -0.00421229, -0.00305640, -0.00222362, -0.00161385, -0.00116676, -0.00084765, -0.00061904, -0.00044798, -0.00032135, -0.00023114, -0.00016289, -0.00011213, -0.00007625, -0.00004554, -0.00002484, -0.00000791, 0.00000574, 0.00001449, 0.00002398, 0.00002962, 0.00003568, 0.00003821, 0.00004211, 0.00004444, 0.00004732, 0.00004829, 0.00004903, 0.00004892, 0.00004999, 0.00004929, 0.00004913, 0.00004763, 0.00004703, 0.00004555, 0.00004478, 0.00004267, 0.00004159, 0.00003953, 0.00003829, 0.00003627, 0.00003466, 0.00003242, 0.00003076
-0.24564184, -0.23840002, -0.21838678, -0.19182142, -0.16421594, -0.13869657, -0.11623767, -0.09677147, -0.07998689, -0.06562444, -0.05348962, -0.04335192, -0.03498145, -0.02812275, -0.02254172, -0.01801937, -0.01437185, -0.01143937, -0.00908964, -0.00721217, -0.00571508, -0.00452384, -0.00357683, -0.00282487, -0.00222913, -0.00175710, -0.00138262, -0.00108599, -0.00085157, -0.00066603, -0.00051889, -0.00040210, -0.00030963, -0.00023630, -0.00017803, -0.00013152, -0.00009462, -0.00006523, -0.00004184, -0.00002329, -0.00000862, 0.00000310, 0.00001242, 0.00001974, 0.00002538, 0.00002977, 0.00003301, 0.00003542, 0.00003710, 0.00003817, 0.00003872, 0.00003885, 0.00003862, 0.00003812, 0.00003741, 0.00003653, 0.00003559, 0.00003443, 0.00003316, 0.00003183, 0.00003048, 0.00002911
-183.58354244, -68.20520770, -7.27388924, -0.05156252, -0.03490105, -0.36731197, -0.41422915, -0.31273709, -0.17077581, -0.10333819, -0.06553649, -0.05145761, -0.04136402, -0.02770829, -0.01707273, -0.01228073, -0.01269860, -0.00925514, -0.00461491, -0.00178469, -0.00066682, -0.00380094, -0.00298877, 0.00062532, 0.00059183, -0.00169634, -0.00106911, 0.00016938, -0.00037907, 0.00034952, 0.00070768, -0.00087744, 0.00066448, 0.00008275, 0.00023157, 0.00060287, -0.00053494, 0.00037741, -0.00022144, 0.00048799, -0.00043771, 0.00000479, -0.00018444, 0.00044013, 0.00022297, 0.00012871, -0.00023423, 0.00039145, 0.00004249, 0.00026149, -0.00024477, 0.00003519, -0.00012701, 0.00029733, -0.00013804, 0.00019741, -0.00017809, 0.00018576, 0.00004616, 0.00022333, -0.00008106, 0.00000355
-0.04377902, -0.04342901, -0.04236517, -0.04068492, -0.03849472, -0.03593402, -0.03314043, -0.03023535, -0.02731816, -0.02446965, -0.02175483, -0.01921086, -0.01686678, -0.01473249, -0.01281204, -0.01109915, -0.00958384, -0.00825190, -0.00708792, -0.00607588, -0.00519936, -0.00444294, -0.00379187, -0.00323285, -0.00275405, -0.00234444, -0.00199412, -0.00169517, -0.00144032, -0.00122309, -0.00103788, -0.00088000, -0.00074550, -0.00063090, -0.00053320, -0.00044974, -0.00037870, -0.00031812, -0.00026644, -0.00022237, -0.00018481, -0.00015274, -0.00012538, -0.00010206, -0.00008222, -0.00006526, -0.00005093, -0.00003877, -0.00002848, -0.00001981, -0.00001252, -0.00000644, -0.00000138, 0.00000280, 0.00000623, 0.00000902, 0.00001133, 0.00001309, 0.00001444, 0.00001544, 0.00001616, 0.00001663
-0.01618036, -0.01610563, -0.01587355, -0.01549974, -0.01499341, -0.01437598, -0.01366954, -0.01289614, -0.01207631, -0.01123036, -0.01037854, -0.00953499, -0.00871411, -0.00792504, -0.00717639, -0.00647295, -0.00581813, -0.00521313, -0.00465796, -0.00415188, -0.00369275, -0.00327826, -0.00290547, -0.00257137, -0.00227293, -0.00200695, -0.00177022, -0.00156023, -0.00137419, -0.00120958, -0.00106404, -0.00093548, -0.00082202, -0.00072194, -0.00063367, -0.00055572, -0.00048713, -0.00042670, -0.00037345, -0.00032654, -0.00028523, -0.00024883, -0.00021676, -0.00018850, -0.00016363, -0.00014165, -0.00012239, -0.00010542, -0.00009051, -0.00007741, -0.00006591, -0.00005582, -0.00004698, -0.00003925, -0.00003248, -0.00002657, -0.00002137, -0.00001689, -0.00001301, -0.00000966, -0.00000676, -0.00000427
-0.44344835, -0.42156684, -0.36496983, -0.29848756, -0.23919006, -0.19197217, -0.15494030, -0.12508287, -0.10044192, -0.08005641, -0.06339283, -0.04994787, -0.03922319, -0.03071656, -0.02399920, -0.01870652, -0.01455127, -0.01129696, -0.00875690, -0.00677871, -0.00524108, -0.00404791, -0.00312250, -0.00240550, -0.00185139, -0.00142297, -0.00109109, -0.00083439, -0.00063651, -0.00048358, -0.00036501, -0.00027293, -0.00020170, -0.00014643, -0.00010341, -0.00006967, -0.00004343, -0.00002288, -0.00000682, 0.00000568, 0.00001536, 0.00002299, 0.00002897, 0.00003356, 0.00003695, 0.00003947, 0.00004119, 0.00004235, 0.00004300, 0.00004322, 0.00004305, 0.00004257, 0.00004182, 0.00004088, 0.00003978, 0.00003858, 0.00003736, 0.00003595, 0.00003445, 0.00003291, 0.00003137, 0.00002985
-49.84901154, -28.30958501, -6.62638462, -0.93603175, -0.25851523, -0.35409717, -0.37209212, -0.29102813, -0.19395292, -0.12476766, -0.08372933, -0.06030414, -0.04495950, -0.03319919, -0.02403570, -0.01725828, -0.01253953, -0.00906877, -0.00653481, -0.00473063, -0.00344694, -0.00265673, -0.00194672, -0.00130593, -0.00095090, -0.00078397, -0.00056395, -0.00037111, -0.00028765, -0.00017896, -0.00010787, -0.00012852, -0.00003093, -0.00003085, -0.00000493, 0.00002409, -0.00001023, 0.00003620, 0.00001885, 0.00005374, 0.00001987, 0.00004207, 0.00003659, 0.00006491, 0.00005710, 0.00005505, 0.00004051, 0.00006695, 0.00005217, 0.00006119, 0.00003965, 0.00005074, 0.00004296, 0.00005930, 0.00003997, 0.00005231, 0.00003551, 0.00004880, 0.00004156, 0.00004690, 0.00003277, 0.00003427
-0.16278898, -0.15947992, -0.14997962, -0.13656679, -0.12148486, -0.10639105, -0.09215833, -0.07912225, -0.06737148, -0.05693734, -0.04779284, -0.03988084, -0.03311923, -0.02738913, -0.02257344, -0.01854821, -0.01520210, -0.01243153, -0.01014582, -0.00826705, -0.00672600, -0.00546550, -0.00443606, -0.00359647, -0.00291246, -0.00235646, -0.00190432, -0.00153694, -0.00123834, -0.00099632, -0.00079998, -0.00064054, -0.00051093, -0.00040574, -0.00032038, -0.00025087, -0.00019452, -0.00014872, -0.00011145, -0.00008115, -0.00005657, -0.00003669, -0.00002060, -0.00000752, 0.00000304, 0.00001160, 0.00001828, 0.00002350, 0.00002758, 0.00003070, 0.00003301, 0.00003463, 0.00003567, 0.00003624, 0.00003642, 0.00003627, 0.00003594, 0.00003534, 0.00003457, 0.00003365, 0.00003260, 0.00003146
-0.11732540, -0.11553338, -0.11025449, -0.10247558, -0.09322811, -0.08343010, -0.07371171, -0.06444206, -0.05581894, -0.04796524, -0.04092541, -0.03470318, -0.02927557, -0.02458524, -0.02057015, -0.01715435, -0.01426650, -0.01183657, -0.00980028, -0.00810037, -0.00668499, -0.00551001, -0.00453631, -0.00373075, -0.00306507, -0.00251617, -0.00206347, -0.00169050, -0.00138314, -0.00113045, -0.00092256, -0.00075141, -0.00061040, -0.00049436, -0.00039888, -0.00032008, -0.00025530, -0.00020194, -0.00015794, -0.00012168, -0.00009185, -0.00006734, -0.00004722, -0.00003063, -0.00001703, -0.00000583, 0.00000315, 0.00001036, 0.00001616, 0.00002077, 0.00002437, 0.00002711, 0.00002912, 0.00003053, 0.00003145, 0.00003195, 0.00003218, 0.00003206, 0.00003172, 0.00003118, 0.00003047, 0.00002962
-14.94635084, -10.42973451, -3.95654020, -1.15774638, -0.46932179, -0.36384480, -0.32047086, -0.25315231, -0.18161539, -0.12533968, -0.08743154, -0.06293923, -0.04635182, -0.03426153, -0.02514485, -0.01831238, -0.01331219, -0.00970181, -0.00710098, -0.00521494, -0.00383275, -0.00282012, -0.00206960, -0.00151363, -0.00110925, -0.00081653, -0.00059728, -0.00043374, -0.00031390, -0.00022397, -0.00015752, -0.00011005, -0.00006991, -0.00004227, -0.00002037, -0.00000310, 0.00000825, 0.00001968, 0.00002688, 0.00003427, 0.00003789, 0.00004235, 0.00004496, 0.00004832, 0.00004985, 0.00005117, 0.00005137, 0.00005258, 0.00005210, 0.00005222, 0.00005100, 0.00005068, 0.00004945, 0.00004887, 0.00004688, 0.00004587, 0.00004384, 0.00004271, 0.00004085, 0.00003933, 0.00003706, 0.00003530
-0.39209448, -0.37435516, -0.32786325, -0.27219479, -0.22155950, -0.18062737, -0.14813052, -0.12155717, -0.09923023, -0.08041730, -0.06473754, -0.05185485, -0.04139616, -0.03295272, -0.02616816, -0.02072914, -0.01638382, -0.01292351, -0.01017572, -0.00800071, -0.00628147, -0.00492564, -0.00385750, -0.00301680, -0.00235568, -0.00183722, -0.00143024, -0.00111088, -0.00086011, -0.00066407, -0.00051053, -0.00039002, -0.00029523, -0.00022091, -0.00016264, -0.00011665, -0.00008060, -0.00005221, -0.00002978, -0.00001210, 0.00000178, 0.00001261, 0.00002106, 0.00002775, 0.00003296, 0.00003702, 0.00003989, 0.00004190, 0.00004331, 0.00004418, 0.00004460, 0.00004461, 0.00004428, 0.00004368, 0.00004284, 0.00004183, 0.00004075, 0.00003950, 0.00003817, 0.00003675, 0.00003524, 0.00003370
-0.12916718, -0.12702631, -0.12076391, -0.11163969, -0.10095308, -0.08980275, -0.07889574, -0.06861145, -0.05913246, -0.05056454, -0.04293646, -0.03623680, -0.03042801, -0.02543755, -0.02118876, -0.01759292, -0.01456822, -0.01203550, -0.00992267, -0.00816702, -0.00671181, -0.00550897, -0.00451653, -0.00369890, -0.00302608, -0.00247361, -0.00201987, -0.00164756, -0.00134199, -0.00109180, -0.00088684, -0.00071876, -0.00058083, -0.00046779, -0.00037515, -0.00029899, -0.00023665, -0.00018549, -0.00014347, -0.00010899, -0.00008073, -0.00005763, -0.00003873, -0.00002322, -0.00001056, -0.00000018, 0.00000807, 0.00001466, 0.00001991, 0.00002405, 0.00002723, 0.00002960, 0.00003130, 0.00003244, 0.00003311, 0.00003340, 0.00003344, 0.00003317, 0.00003269, 0.00003202, 0.00003119, 0.00003025
-0.13754877, -0.13514148, -0.12813299, -0.11800302, -0.10626095, -0.09413932, -0.08239459, -0.07140555, -0.06133817, -0.05228322, -0.04425659, -0.03723563, -0.03117249, -0.02598295, -0.02158030, -0.01786704, -0.01475363, -0.01215478, -0.00999333, -0.00820260, -0.00672259, -0.00550275, -0.00449909, -0.00367450, -0.00299779, -0.00244367, -0.00198981, -0.00161837, -0.00131434, -0.00106610, -0.00086327, -0.00069738, -0.00056159, -0.00045061, -0.00035990, -0.00028551, -0.00022479, -0.00017508, -0.00013436, -0.00010104, -0.00007380, -0.00005159, -0.00003348, -0.00001866, -0.00000659, 0.00000327, 0.00001107, 0.00001726, 0.00002218, 0.00002602, 0.00002895, 0.00003110, 0.00003261, 0.00003358, 0.00003410, 0.00003426, 0.00003420, 0.00003382, 0.00003326, 0.00003251, 0.00003162, 0.00003062
-0.25127973, -0.24366583, -0.22269803, -0.19520443, -0.16708660, -0.14151390, -0.11924969, -0.09999102, -0.08329589, -0.06890274, -0.05662457, -0.04627932, -0.03766412, -0.03054245, -0.02469554, -0.01991313, -0.01601907, -0.01285952, -0.01030363, -0.00824314, -0.00658489, -0.00525377, -0.00418660, -0.00333203, -0.00264833, -0.00210272, -0.00166701, -0.00131926, -0.00104161, -0.00082068, -0.00064469, -0.00050426, -0.00039207, -0.00030263, -0.00023134, -0.00017425, -0.00012878, -0.00009244, -0.00006335, -0.00004010, -0.00002157, -0.00000686, 0.00000481, 0.00001415, 0.00002154, 0.00002741, 0.00003179, 0.00003506, 0.00003750, 0.00003923, 0.00004035, 0.00004096, 0.00004114, 0.00004097, 0.00004050, 0.00003981, 0.00003900, 0.00003798, 0.00003686, 0.00003562, 0.00003428, 0.00003289
-0.09514998, -0.09392425, -0.09026460, -0.08475573, -0.07801857, -0.07066580, -0.06316943, -0.05584823, -0.04890176, -0.04246844, -0.03661480, -0.03136836, -0.02673040, -0.02267104, -0.01915359, -0.01612668, -0.01353911, -0.01133830, -0.00947480, -0.00790367, -0.00658248, -0.00547509, -0.00454877, -0.00377518, -0.00313007, -0.00259323, -0.00214648, -0.00177512, -0.00146637, -0.00121024, -0.00099766, -0.00082111, -0.00067439, -0.00055259, -0.00045149, -0.00036733, -0.00029755, -0.00023956, -0.00019133, -0.00015125, -0.00011798, -0.00009038, -0.00006751, -0.00004849, -0.00003274, -0.00001964, -0.00000899, -0.00000029, 0.00000681, 0.00001256, 0.00001715, 0.00002076, 0.00002355, 0.00002564, 0.00002715, 0.00002818, 0.00002887, 0.00002917, 0.00002919, 0.00002897, 0.00002854, 0.00002795
-0.60531338, -0.57813072, -0.50685464, -0.42117076, -0.34261585, -0.27846093, -0.22715923, -0.18521794, -0.15020244, -0.12092269, -0.09671642, -0.07695943, -0.06102621, -0.04824839, -0.03805327, -0.02993838, -0.02350367, -0.01841486, -0.01440338, -0.01124979, -0.00877467, -0.00683619, -0.00531915, -0.00413284, -0.00320736, -0.00248587, -0.00192252, -0.00148288, -0.00114084, -0.00087470, -0.00066703, -0.00050463, -0.00037787, -0.00027903, -0.00020171, -0.00014084, -0.00009330, -0.00005592, -0.00002654, -0.00000355, 0.00001435, 0.00002831, 0.00003935, 0.00004793, 0.00005442, 0.00005934, 0.00006268, 0.00006506, 0.00006656, 0.00006730, 0.00006739, 0.00006694, 0.00006602, 0.00006473, 0.00006317, 0.00006140, 0.00005958, 0.00005751, 0.00005527, 0.00005292, 0.00005053, 0.00004814
-0.05218900, -0.05183973, -0.05076203, -0.04905002, -0.04678593, -0.04409845, -0.04111555, -0.03795596, -0.03472148, -0.03150538, -0.02838219, -0.02540110, -0.02260461, -0.02001229, -0.01763941, -0.01548659, -0.01355059, -0.01182116, -0.01028566, -0.00893014, -0.00773847, -0.00669515, -0.00578440, -0.00499156, -0.00430318, -0.00370665, -0.00319000, -0.00274355, -0.00235818, -0.00202583, -0.00173924, -0.00149214, -0.00127923, -0.00109581, -0.00093778, -0.00080137, -0.00068404, -0.00058292, -0.00049578, -0.00042068, -0.00035600, -0.00030026, -0.00025220, -0.00021078, -0.00017513, -0.00014431, -0.00011798, -0.00009535, -0.00007594, -0.00005932, -0.00004515, -0.00003308, -0.00002284, -0.00001419, -0.00000690, -0.00000079, 0.00000440, 0.00000860, 0.00001202, 0.00001478, 0.00001696, 0.00001866
-0.09289197, -0.09200540, -0.08931740, -0.08513624, -0.07979156, -0.07368039, -0.06716332, -0.06053578, -0.05401990, -0.04778824, -0.04195929, -0.03659494, -0.03173673, -0.02738464, -0.02353013, -0.02014286, -0.01718984, -0.01463008, -0.01242286, -0.01052853, -0.00890815, -0.00752710, -0.00635261, -0.00535579, -0.00451170, -0.00379796, -0.00319438, -0.00268480, -0.00225508, -0.00189285, -0.00158739, -0.00132971, -0.00111247, -0.00092936, -0.00077493, -0.00064437, -0.00053444, -0.00044164, -0.00036332, -0.00029724, -0.00024152, -0.00019453, -0.00015485, -0.00012139, -0.00009325, -0.00006947, -0.00004971, -0.00003316, -0.00001935, -0.00000791, 0.00000151, 0.00000922, 0.00001545, 0.00002044, 0.00002438, 0.00002744, 0.00002985, 0.00003152, 0.00003263, 0.00003327, 0.00003353, 0.00003349
-0.39936193, -0.38695878, -0.35288992, -0.30828084, -0.26271005, -0.22129860, -0.18531681, -0.15433673, -0.12766952, -0.10485049, -0.08555146, -0.06941552, -0.05608411, -0.04514868, -0.03624081, -0.02901108, -0.02317144, -0.01846823, -0.01469351, -0.01167286, -0.00926021, -0.00733772, -0.00580731, -0.00459024, -0.00362443, -0.00285867, -0.00225073, -0.00176849, -0.00138685, -0.00108488, -0.00084544, -0.00065528, -0.00050450, -0.00038503, -0.00029018, -0.00021450, -0.00015452, -0.00010676, -0.00006874, -0.00003857, -0.00001471, 0.00000417, 0.00001923, 0.00003112, 0.00004033, 0.00004752, 0.00005273, 0.00005663, 0.00005939, 0.00006118, 0.00006215, 0.00006243, 0.00006214, 0.00006139, 0.00006029, 0.00005891, 0.00005744, 0.00005567, 0.00005369, 0.00005159, 0.00004941, 0.00004722
-0.64448720, -0.61395133, -0.53447587, -0.44024783, -0.35536252, -0.28722440, -0.23343783, -0.18978337, -0.15347537, -0.12320131, -0.09825155, -0.07796022, -0.06165326, -0.04861856, -0.03824975, -0.03001825, -0.02350863, -0.01837336, -0.01433606, -0.01117019, -0.00869157, -0.00675521, -0.00524349, -0.00406415, -0.00314635, -0.00243258, -0.00187655, -0.00144363, -0.00110762, -0.00084679, -0.00064374, -0.00048525, -0.00036183, -0.00026580, -0.00019084, -0.00013191, -0.00008598, -0.00004992, -0.00002163, 0.00000048, 0.00001765, 0.00003102, 0.00004159, 0.00004978, 0.00005596, 0.00006063, 0.00006376, 0.00006597, 0.00006734, 0.00006797, 0.00006796, 0.00006743, 0.00006644, 0.00006510, 0.00006349, 0.00006167, 0.00005982, 0.00005772, 0.00005545, 0.00005307, 0.00005065, 0.00004824
-3.64933543, -3.10204091, -1.98778988, -1.13784135, -0.69879504, -0.49571127, -0.38185358, -0.29640573, -0.22533020, -0.16818253, -0.12468857, -0.09259809, -0.06905417, -0.05158145, -0.03849174, -0.02864917, -0.02128010, -0.01578824, -0.01171243, -0.00868976, -0.00644563, -0.00477902, -0.00353998, -0.00261864, -0.00193566, -0.00142942, -0.00105230, -0.00077085, -0.00056198, -0.00040665, -0.00029009, -0.00020195, -0.00013552, -0.00008548, -0.00004737, -0.00001782, 0.00000479, 0.00002243, 0.00003619, 0.00004682, 0.00005492, 0.00006117, 0.00006622, 0.00007011, 0.00007288, 0.00007481, 0.00007574, 0.00007623, 0.00007623, 0.00007574, 0.00007479, 0.00007345, 0.00007175, 0.00006978, 0.00006762, 0.00006531, 0.00006304, 0.00006054, 0.00005786, 0.00005511, 0.00005233, 0.00004961
-0.50217620, -0.48302433, -0.43170989, -0.36751556, -0.30561397, -0.25248050, -0.20834707, -0.17144024, -0.14023597, -0.11389410, -0.09190328, -0.07376148, -0.05897332, -0.04699626, -0.03735238, -0.02961127, -0.02342297, -0.01848985, -0.01457084, -0.01146530, -0.00900939, -0.00707129, -0.00554311, -0.00433931, -0.00339310, -0.00265000, -0.00206554, -0.00160615, -0.00124608, -0.00096386, -0.00074210, -0.00056752, -0.00043034, -0.00032262, -0.00023782, -0.00017069, -0.00011794, -0.00007623, -0.00004330, -0.00001736, 0.00000296, 0.00001890, 0.00003155, 0.00004144, 0.00004900, 0.00005481, 0.00005887, 0.00006184, 0.00006383, 0.00006497, 0.00006539, 0.00006522, 0.00006453, 0.00006345, 0.00006206, 0.00006044, 0.00005876, 0.00005680, 0.00005466, 0.00005241, 0.00005010, 0.00004779
-0.08497185, -0.08420683, -0.08187996, -0.07824477, -0.07356758, -0.06818130, -0.06239475, -0.05646719, -0.05059879, -0.04494966, -0.03963300, -0.03471107, -0.03022851, -0.02619098, -0.02259645, -0.01942168, -0.01664041, -0.01421810, -0.01212001, -0.01031137, -0.00875765, -0.00742789, -0.00629238, -0.00532483, -0.00450228, -0.00380405, -0.00321140, -0.00270921, -0.00228412, -0.00192451, -0.00162017, -0.00136254, -0.00114458, -0.00096022, -0.00080419, -0.00067184, -0.00056002, -0.00046531, -0.00038509, -0.00031718, -0.00025972, -0.00021109, -0.00016988, -0.00013500, -0.00010556, -0.00008059, -0.00005973, -0.00004218, -0.00002747, -0.00001521, -0.00000504, 0.00000334, 0.00001018, 0.00001572, 0.00002016, 0.00002367, 0.00002648, 0.00002852, 0.00002996, 0.00003090, 0.00003143, 0.00003163
-0.27353420, -0.26488276, -0.24116543, -0.20986885, -0.17763895, -0.14809374, -0.12233126, -0.10028898, -0.08159296, -0.06587747, -0.05283439, -0.04213974, -0.03345922, -0.02647608, -0.02088881, -0.01644255, -0.01291628, -0.01012973, -0.00793372, -0.00620734, -0.00485296, -0.00379143, -0.00296011, -0.00231062, -0.00180290, -0.00140553, -0.00109449, -0.00085182, -0.00066187, -0.00051284, -0.00039583, -0.00030408, -0.00023192, -0.00017501, -0.00013000, -0.00009417, -0.00006589, -0.00004349, -0.00002578, -0.00001166, -0.00000036, 0.00000858, 0.00001558, 0.00002099, 0.00002520, 0.00002852, 0.00003091, 0.00003261, 0.00003371, 0.00003431, 0.00003451, 0.00003438, 0.00003398, 0.00003340, 0.00003263, 0.00003168, 0.00003067, 0.00002953, 0.00002835, 0.00002715, 0.00002593, 0.00002469
-0.08855544, -0.08738620, -0.08395583, -0.07870901, -0.07224846, -0.06514075, -0.05785367, -0.05074006, -0.04402830, -0.03785136, -0.03228789, -0.02735892, -0.02305047, -0.01932929, -0.01614418, -0.01344060, -0.01115928, -0.00924485, -0.00764513, -0.00631341, -0.00520800, -0.00429231, -0.00353506, -0.00291026, -0.00239494, -0.00196994, -0.00161945, -0.00133106, -0.00109343, -0.00089746, -0.00073581, -0.00060252, -0.00049250, -0.00040157, -0.00032636, -0.00026395, -0.00021239, -0.00016971, -0.00013439, -0.00010510, -0.00008079, -0.00006066, -0.00004404, -0.00003035, -0.00001907, -0.00000971, -0.00000213, 0.00000401, 0.00000895, 0.00001287, 0.00001593, 0.00001828, 0.00002003, 0.00002130, 0.00002216, 0.00002265, 0.00002290, 0.00002287, 0.00002266, 0.00002231, 0.00002183, 0.00002125
-0.87128846, -0.80114292, -0.63529237, -0.46830232, -0.34358656, -0.25869129, -0.19888556, -0.15366170, -0.11803963, -0.08989995, -0.06801475, -0.05126166, -0.03855476, -0.02896112, -0.02171961, -0.01626370, -0.01215783, -0.00907815, -0.00677315, -0.00505126, -0.00376703, -0.00280874, -0.00209368, -0.00156163, -0.00116498, -0.00086834, -0.00064633, -0.00048102, -0.00035701, -0.00026337, -0.00019250, -0.00013899, -0.00009822, -0.00006690, -0.00004266, -0.00002360, -0.00000882, 0.00000271, 0.00001167, 0.00001883, 0.00002459, 0.00002911, 0.00003255, 0.00003507, 0.00003699, 0.00003848, 0.00003937, 0.00003984, 0.00003993, 0.00003967, 0.00003914, 0.00003839, 0.00003747, 0.00003642, 0.00003525, 0.00003392, 0.00003257, 0.00003112, 0.00002967, 0.00002823, 0.00002679, 0.00002536
-0.41720914, -0.39836090, -0.34902093, -0.28934064, -0.23396563, -0.18800162, -0.15089545, -0.12073510, -0.09601727, -0.07580306, -0.05945590, -0.04639923, -0.03607204, -0.02796488, -0.02162636, -0.01669066, -0.01285724, -0.00988946, -0.00759747, -0.00583129, -0.00447304, -0.00342901, -0.00262699, -0.00201250, -0.00154117, -0.00117908, -0.00090082, -0.00068782, -0.00052406, -0.00039773, -0.00030015, -0.00022492, -0.00016665, -0.00012131, -0.00008591, -0.00005800, -0.00003622, -0.00001916, -0.00000582, 0.00000475, 0.00001317, 0.00001979, 0.00002488, 0.00002873, 0.00003168, 0.00003398, 0.00003553, 0.00003653, 0.00003706, 0.00003718, 0.00003697, 0.00003649, 0.00003580, 0.00003497, 0.00003398, 0.00003283, 0.00003165, 0.00003035, 0.00002903, 0.00002771, 0.00002638, 0.00002505
-0.11543924, -0.11360444, -0.10826881, -0.10030029, -0.09077024, -0.08061098, -0.07050864, -0.06091469, -0.05208139, -0.04412853, -0.03710699, -0.03100175, -0.02575946, -0.02130857, -0.01756046, -0.01442812, -0.01182435, -0.00967099, -0.00789682, -0.00643977, -0.00524647, -0.00427082, -0.00347421, -0.00282528, -0.00229671, -0.00186604, -0.00151514, -0.00122993, -0.00099768, -0.00080837, -0.00065398, -0.00052816, -0.00042548, -0.00034155, -0.00027288, -0.00021650, -0.00017042, -0.00013271, -0.00010184, -0.00007651, -0.00005569, -0.00003866, -0.00002476, -0.00001348, -0.00000430, 0.00000322, 0.00000919, 0.00001392, 0.00001762, 0.00002045, 0.00002256, 0.00002408, 0.00002510, 0.00002573, 0.00002602, 0.00002601, 0.00002582, 0.00002540, 0.00002484, 0.00002419, 0.00002344, 0.00002263
-0.07092957, -0.07011947, -0.06773148, -0.06402022, -0.05936038, -0.05412078, -0.04862958, -0.04315679, -0.03789302, -0.03296181, -0.02844641, -0.02438332, -0.02077860, -0.01762068, -0.01488035, -0.01252359, -0.01050982, -0.00879928, -0.00735285, -0.00613483, -0.00511255, -0.00425644, -0.00354085, -0.00294422, -0.00244709, -0.00203293, -0.00168798, -0.00140133, -0.00116285, -0.00096431, -0.00079899, -0.00066139, -0.00054676, -0.00045116, -0.00037138, -0.00030460, -0.00024894, -0.00020246, -0.00016364, -0.00013116, -0.00010397, -0.00008126, -0.00006231, -0.00004654, -0.00003341, -0.00002240, -0.00001336, -0.00000592, 0.00000017, 0.00000512, 0.00000909, 0.00001224, 0.00001471, 0.00001662, 0.00001804, 0.00001903, 0.00001973, 0.00002010, 0.00002024, 0.00002019, 0.00001999, 0.00001966
-0.02866125, -0.02846633, -0.02788935, -0.02695604, -0.02572528, -0.02425945, -0.02262410, -0.02088747, -0.01910799, -0.01733370, -0.01560831, -0.01396180, -0.01241556, -0.01098390, -0.00967333, -0.00848617, -0.00741939, -0.00646799, -0.00562452, -0.00488091, -0.00422831, -0.00365764, -0.00316012, -0.00272778, -0.00235276, -0.00202790, -0.00174676, -0.00150411, -0.00129465, -0.00111390, -0.00095799, -0.00082358, -0.00070769, -0.00060773, -0.00052148, -0.00044693, -0.00038270, -0.00032728, -0.00027943, -0.00023811, -0.00020240, -0.00017156, -0.00014493, -0.00012195, -0.00010210, -0.00008490, -0.00007014, -0.00005742, -0.00004650, -0.00003712, -0.00002909, -0.00002222, -0.00001637, -0.00001139, -0.00000717, -0.00000363, -0.00000060, 0.00000187, 0.00000393, 0.00000561, 0.00000698, 0.00000807
-0.13130942, -0.12901432, -0.12237772, -0.11260213, -0.10110548, -0.08906491, -0.07728882, -0.06626529, -0.05623991, -0.04731023, -0.03950244, -0.03277476, -0.02704766, -0.02222538, -0.01819615, -0.01485408, -0.01209619, -0.00983140, -0.00797779, -0.00646569, -0.00523538, -0.00423579, -0.00342477, -0.00276821, -0.00223668, -0.00180618, -0.00145751, -0.00117582, -0.00094779, -0.00076296, -0.00061310, -0.00049167, -0.00039312, -0.00031302, -0.00024783, -0.00019456, -0.00015128, -0.00011604, -0.00008735, -0.00006393, -0.00004478, -0.00002919, -0.00001655, -0.00000636, 0.00000187, 0.00000858, 0.00001383, 0.00001796, 0.00002113, 0.00002350, 0.00002520, 0.00002637, 0.00002709, 0.00002746, 0.00002752, 0.00002730, 0.00002694, 0.00002636, 0.00002567, 0.00002489, 0.00002404, 0.00002314
-0.07680706, -0.07588388, -0.07316673, -0.06896637, -0.06372681, -0.05787868, -0.05179562, -0.04577640, -0.04002599, -0.03467262, -0.02979940, -0.02543855, -0.02159024, -0.01823592, -0.01533948, -0.01286015, -0.01075116, -0.00896755, -0.00746564, -0.00620616, -0.00515329, -0.00427494, -0.00354358, -0.00293610, -0.00243175, -0.00201307, -0.00166560, -0.00137787, -0.00113930, -0.00094135, -0.00077708, -0.00064081, -0.00052765, -0.00043358, -0.00035532, -0.00029003, -0.00023577, -0.00019060, -0.00015300, -0.00012165, -0.00009548, -0.00007368, -0.00005556, -0.00004054, -0.00002807, -0.00001766, -0.00000916, -0.00000219, 0.00000348, 0.00000804, 0.00001168, 0.00001453, 0.00001674, 0.00001841, 0.00001961, 0.00002042, 0.00002095, 0.00002117, 0.00002117, 0.00002101, 0.00002071, 0.00002028
-12.68528032, -8.62196945, -3.32162047, -1.18846638, -0.58856832, -0.40901760, -0.31056069, -0.22751357, -0.15882898, -0.10825682, -0.07390675, -0.05127540, -0.03610811, -0.02558746, -0.01811371, -0.01279406, -0.00903801, -0.00639383, -0.00453856, -0.00323682, -0.00231950, -0.00167609, -0.00120769, -0.00086632, -0.00062920, -0.00046371, -0.00033701, -0.00024374, -0.00017895, -0.00012711, -0.00008864, -0.00006451, -0.00003846, -0.00002302, -0.00000887, 0.00000324, 0.00000924, 0.00001888, 0.00002297, 0.00002967, 0.00003119, 0.00003569, 0.00003759, 0.00004106, 0.00004174, 0.00004258, 0.00004211, 0.00004401, 0.00004282, 0.00004292, 0.00004075, 0.00004055, 0.00003896, 0.00003888, 0.00003632, 0.00003569, 0.00003313, 0.00003246, 0.00003047, 0.00002933, 0.00002694, 0.00002558
-10.87030041, -7.41711065, -2.83255401, -0.96984030, -0.46508987, -0.32981037, -0.25756783, -0.19183272, -0.13497755, -0.09245433, -0.06352461, -0.04446870, -0.03164067, -0.02264268, -0.01616551, -0.01149908, -0.00817371, -0.00581634, -0.00415160, -0.00297431, -0.00213736, -0.00154459, -0.00111169, -0.00079554, -0.00057435, -0.00041887, -0.00030055, -0.00021384, -0.00015344, -0.00010622, -0.00007116, -0.00004864, -0.00002610, -0.00001245, -0.00000043, 0.00000962, 0.00001480, 0.00002249, 0.00002587, 0.00003087, 0.00003200, 0.00003537, 0.00003680, 0.00003934, 0.00003962, 0.00004008, 0.00003955, 0.00004079, 0.00003970, 0.00003957, 0.00003770, 0.00003729, 0.00003582, 0.00003546, 0.00003330, 0.00003260, 0.00003043, 0.00002963, 0.00002783, 0.00002667, 0.00002463, 0.00002335
-0.53484508, -0.49984305, -0.41350412, -0.32007839, -0.24444439, -0.18928426, -0.14863025, -0.11707627, -0.09173264, -0.07129585, -0.05504717, -0.04231335, -0.03243585, -0.02481422, -0.01894485, -0.01443488, -0.01097684, -0.00833318, -0.00631785, -0.00478461, -0.00362038, -0.00273693, -0.00206659, -0.00155930, -0.00117555, -0.00088468, -0.00066374, -0.00049698, -0.00037073, -0.00027471, -0.00020139, -0.00014566, -0.00010315, -0.00007054, -0.00004541, -0.00002581, -0.00001071, 0.00000099, 0.00001001, 0.00001695, 0.00002245, 0.00002673, 0.00002998, 0.00003234, 0.00003399, 0.00003526, 0.00003600, 0.00003637, 0.00003639, 0.00003612, 0.00003559, 0.00003487, 0.00003399, 0.00003300, 0.00003194, 0.00003077, 0.00002956, 0.00002825, 0.00002692, 0.00002560, 0.00002431, 0.00002302
-3.27784165, -2.63799167, -1.48578693, -0.75334675, -0.43337522, -0.29938505, -0.22508762, -0.16923977, -0.12410431, -0.08929072, -0.06391306, -0.04594155, -0.03322622, -0.02410858, -0.01748360, -0.01265327, -0.00914247, -0.00660481, -0.00477661, -0.00345910, -0.00250798, -0.00181938, -0.00131942, -0.00095748, -0.00069539, -0.00050451, -0.00036447, -0.00026283, -0.00018844, -0.00013322, -0.00009180, -0.00006106, -0.00003789, -0.00002025, -0.00000660, 0.00000424, 0.00001263, 0.00001925, 0.00002436, 0.00002834, 0.00003160, 0.00003424, 0.00003621, 0.00003759, 0.00003845, 0.00003912, 0.00003938, 0.00003939, 0.00003908, 0.00003853, 0.00003774, 0.00003680, 0.00003570, 0.00003454, 0.00003329, 0.00003197, 0.00003058, 0.00002910, 0.00002762, 0.00002616, 0.00002474, 0.00002334
-0.43522039, -0.41102071, -0.34964581, -0.27978965, -0.21966398, -0.17323015, -0.13762220, -0.10941595, -0.08652699, -0.06790637, -0.05294494, -0.04108398, -0.03177572, -0.02451720, -0.01887331, -0.01449853, -0.01111506, -0.00850661, -0.00650088, -0.00496231, -0.00378416, -0.00288290, -0.00219370, -0.00166794, -0.00126709, -0.00096095, -0.00072671, -0.00054855, -0.00041268, -0.00030865, -0.00022874, -0.00016761, -0.00012071, -0.00008456, -0.00005659, -0.00003473, -0.00001782, -0.00000470, 0.00000546, 0.00001329, 0.00001949, 0.00002433, 0.00002801, 0.00003072, 0.00003264, 0.00003412, 0.00003504, 0.00003554, 0.00003567, 0.00003550, 0.00003505, 0.00003440, 0.00003358, 0.00003264, 0.00003162, 0.00003050, 0.00002933, 0.00002805, 0.00002676, 0.00002547, 0.00002420, 0.00002294
-0.22782032, -0.22049495, -0.20045964, -0.17421716, -0.14741998, -0.12305782, -0.10193031, -0.08387217, -0.06851608, -0.05555199, -0.04474460, -0.03583939, -0.02857967, -0.02271107, -0.01799351, -0.01422054, -0.01121397, -0.00882643, -0.00693628, -0.00544366, -0.00426750, -0.00334207, -0.00261445, -0.00204367, -0.00159623, -0.00124515, -0.00096936, -0.00075368, -0.00058471, -0.00045206, -0.00034772, -0.00026586, -0.00020155, -0.00015089, -0.00011092, -0.00007917, -0.00005418, -0.00003443, -0.00001887, -0.00000663, 0.00000311, 0.00001081, 0.00001681, 0.00002141, 0.00002489, 0.00002761, 0.00002953, 0.00003086, 0.00003168, 0.00003208, 0.00003212, 0.00003188, 0.00003141, 0.00003077, 0.00003001, 0.00002911, 0.00002815, 0.00002706, 0.00002593, 0.00002479, 0.00002365, 0.00002250
-0.48542294, -0.45597166, -0.38235296, -0.30075127, -0.23273600, -0.18176614, -0.14349438, -0.11351231, -0.08932221, -0.06973751, -0.05409034, -0.04176119, -0.03214544, -0.02468961, -0.01892175, -0.01447222, -0.01104654, -0.00841768, -0.00640533, -0.00486872, -0.00369722, -0.00280498, -0.00212551, -0.00160943, -0.00121760, -0.00091958, -0.00069243, -0.00052040, -0.00038970, -0.00029001, -0.00021368, -0.00015548, -0.00011098, -0.00007677, -0.00005037, -0.00002975, -0.00001384, -0.00000151, 0.00000801, 0.00001535, 0.00002115, 0.00002568, 0.00002912, 0.00003163, 0.00003340, 0.00003476, 0.00003558, 0.00003600, 0.00003607, 0.00003584, 0.00003535, 0.00003466, 0.00003381, 0.00003284, 0.00003180, 0.00003065, 0.00002946, 0.00002816, 0.00002685, 0.00002554, 0.00002426, 0.00002298
-0.09342375, -0.09197761, -0.08775689, -0.08145843, -0.07390962, -0.06584548, -0.05780659, -0.05014547, -0.04305954, -0.03664754, -0.03095835, -0.02598337, -0.02168934, -0.01802285, -0.01491883, -0.01231050, -0.01013102, -0.00831904, -0.00681868, -0.00558050, -0.00456160, -0.00372491, -0.00303878, -0.00247742, -0.00201857, -0.00164346, -0.00133664, -0.00108647, -0.00088229, -0.00071549, -0.00057910, -0.00046770, -0.00037667, -0.00030219, -0.00024119, -0.00019107, -0.00015009, -0.00011653, -0.00008905, -0.00006657, -0.00004812, -0.00003300, -0.00002066, -0.00001066, -0.00000257, 0.00000405, 0.00000929, 0.00001345, 0.00001668, 0.00001915, 0.00002097, 0.00002226, 0.00002311, 0.00002361, 0.00002383, 0.00002379, 0.00002359, 0.00002318, 0.00002263, 0.00002200, 0.00002130, 0.00002055
-0.52792752, -0.49372416, -0.40920296, -0.31744549, -0.24286844, -0.18827913, -0.14794535, -0.11660205, -0.09141303, -0.07109039, -0.05492200, -0.04224188, -0.03239893, -0.02479895, -0.01894281, -0.01444058, -0.01098666, -0.00834478, -0.00632973, -0.00479593, -0.00363066, -0.00274599, -0.00207441, -0.00156593, -0.00118109, -0.00088926, -0.00066750, -0.00050004, -0.00037320, -0.00027670, -0.00020298, -0.00014693, -0.00010416, -0.00007134, -0.00004604, -0.00002631, -0.00001111, 0.00000067, 0.00000975, 0.00001674, 0.00002228, 0.00002660, 0.00002987, 0.00003225, 0.00003392, 0.00003520, 0.00003595, 0.00003632, 0.00003635, 0.00003608, 0.00003556, 0.00003484, 0.00003397, 0.00003298, 0.00003192, 0.00003075, 0.00002955, 0.00002824, 0.00002691, 0.00002559, 0.00002430, 0.00002301
-0.01290734, -0.01281956, -0.01255110, -0.01212353, -0.01155847, -0.01088762, -0.01014333, -0.00935559, -0.00855019, -0.00774967, -0.00697336, -0.00623337, -0.00554009, -0.00489848, -0.00431200, -0.00378083, -0.00330390, -0.00287856, -0.00250155, -0.00216926, -0.00187761, -0.00162266, -0.00140043, -0.00120726, -0.00103980, -0.00089486, -0.00076947, -0.00066126, -0.00056797, -0.00048759, -0.00041834, -0.00035868, -0.00030733, -0.00026313, -0.00022506, -0.00019223, -0.00016400, -0.00013968, -0.00011874, -0.00010070, -0.00008517, -0.00007179, -0.00006025, -0.00005032, -0.00004178, -0.00003440, -0.00002809, -0.00002267, -0.00001802, -0.00001405, -0.00001066, -0.00000778, -0.00000534, -0.00000328, -0.00000154, -0.00000009, 0.00000115, 0.00000214, 0.00000295, 0.00000360, 0.00000412, 0.00000452
-0.02554537, -0.02528185, -0.02448977, -0.02326179, -0.02170429, -0.01993765, -0.01807027, -0.01618865, -0.01435608, -0.01261807, -0.01100680, -0.00953670, -0.00821622, -0.00704323, -0.00601249, -0.00511397, -0.00433661, -0.00366781, -0.00309536, -0.00260748, -0.00219315, -0.00184235, -0.00154596, -0.00129604, -0.00108577, -0.00090902, -0.00076040, -0.00063568, -0.00053111, -0.00044343, -0.00036987, -0.00030813, -0.00025637, -0.00021294, -0.00017649, -0.00014581, -0.00012010, -0.00009850, -0.00008035, -0.00006511, -0.00005232, -0.00004157, -0.00003253, -0.00002496, -0.00001863, -0.00001331, -0.00000890, -0.00000524, -0.00000221, 0.00000028, 0.00000231, 0.00000395, 0.00000525, 0.00000628, 0.00000707, 0.00000767, 0.00000812, 0.00000841, 0.00000857, 0.00000863, 0.00000861, 0.00000853
-266.60019458, -59.42501334, -2.91028272, 0.83059203, 0.34584661, -0.04895351, -0.19395426, -0.18825873, -0.02782535, -0.01211334, 0.00071278, -0.01769990, -0.02659577, -0.01043478, 0.00260195, 0.00089002, -0.01449127, -0.01146305, -0.00063739, 0.00537272, 0.00643544, -0.00774680, -0.00666935, 0.00546003, 0.00460324, -0.00449834, -0.00276724, 0.00149991, -0.00076672, 0.00170587, 0.00298028, -0.00305174, 0.00252938, 0.00037946, 0.00084113, 0.00224394, -0.00205713, 0.00130586, -0.00093229, 0.00168371, -0.00173773, -0.00014077, -0.00082975, 0.00145578, 0.00068436, 0.00030393, -0.00102448, 0.00126536, -0.00000086, 0.00079934, -0.00105886, -0.00003575, -0.00062381, 0.00094965, -0.00065210, 0.00059568, -0.00079631, 0.00056195, 0.00004434, 0.00071971, -0.00041315, -0.00008473
-1.78173721, -1.41667703, -0.76604219, -0.36446677, -0.20054263, -0.13920907, -0.10715464, -0.08193363, -0.06054148, -0.04371367, -0.03142831, -0.02275449, -0.01661567, -0.01217645, -0.00891436, -0.00650667, -0.00474065, -0.00345343, -0.00251905, -0.00184009, -0.00134523, -0.00098380, -0.00071914, -0.00052531, -0.00038401, -0.00028064, -0.00020441, -0.00014818, -0.00010702, -0.00007655, -0.00005372, -0.00003652, -0.00002361, -0.00001388, -0.00000639, -0.00000052, 0.00000401, 0.00000762, 0.00001043, 0.00001262, 0.00001428, 0.00001567, 0.00001677, 0.00001762, 0.00001818, 0.00001856, 0.00001876, 0.00001885, 0.00001881, 0.00001865, 0.00001837, 0.00001800, 0.00001754, 0.00001703, 0.00001647, 0.00001589, 0.00001530, 0.00001465, 0.00001396, 0.00001326, 0.00001257, 0.00001190
-99.15009299, -32.90337150, -2.84308194, 0.13737931, 0.03947466, -0.13632135, -0.16855487, -0.12977627, -0.06271289, -0.03713768, -0.02274855, -0.01971378, -0.01706270, -0.01071702, -0.00572969, -0.00421771, -0.00584735, -0.00433502, -0.00166956, -0.00010318, 0.00037944, -0.00208351, -0.00168672, 0.00075239, 0.00064996, -0.00103322, -0.00064071, 0.00020462, -0.00020765, 0.00028856, 0.00053324, -0.00060310, 0.00047927, 0.00006449, 0.00016323, 0.00042600, -0.00038605, 0.00025854, -0.00016772, 0.00033372, -0.00032240, -0.00001141, -0.00014526, 0.00029564, 0.00014325, 0.00007477, -0.00018166, 0.00026029, 0.00001440, 0.00016912, -0.00018863, 0.00000922, -0.00010488, 0.00019612, -0.00011159, 0.00012662, -0.00013927, 0.00011937, 0.00002071, 0.00014751, -0.00006817, -0.00000717
-0.02743174, -0.02713492, -0.02624479, -0.02487075, -0.02313841, -0.02118627, -0.01913640, -0.01708393, -0.01509674, -0.01322240, -0.01149356, -0.00992382, -0.00852033, -0.00727909, -0.00619296, -0.00525005, -0.00443751, -0.00374104, -0.00314708, -0.00264271, -0.00221584, -0.00185565, -0.00155232, -0.00129737, -0.00108358, -0.00090440, -0.00075421, -0.00062855, -0.00052352, -0.00043571, -0.00036225, -0.00030078, -0.00024939, -0.00020640, -0.00017042, -0.00014022, -0.00011498, -0.00009383, -0.00007611, -0.00006128, -0.00004887, -0.00003847, -0.00002975, -0.00002246, -0.00001639, -0.00001131, -0.00000712, -0.00000364, -0.00000079, 0.00000155, 0.00000344, 0.00000495, 0.00000615, 0.00000707, 0.00000778, 0.00000829, 0.00000868, 0.00000890, 0.00000900, 0.00000901, 0.00000895, 0.00000883
-0.18620074, -0.17641393, -0.15133881, -0.12239173, -0.09712863, -0.07743120, -0.06221823, -0.05005454, -0.04005899, -0.03181714, -0.02510570, -0.01971371, -0.01543080, -0.01204699, -0.00938440, -0.00729328, -0.00565673, -0.00437894, -0.00338470, -0.00261272, -0.00201447, -0.00155160, -0.00119363, -0.00091706, -0.00070393, -0.00053960, -0.00041265, -0.00031471, -0.00023942, -0.00018139, -0.00013650, -0.00010171, -0.00007486, -0.00005407, -0.00003792, -0.00002527, -0.00001544, -0.00000775, -0.00000175, 0.00000291, 0.00000652, 0.00000937, 0.00001160, 0.00001331, 0.00001457, 0.00001550, 0.00001614, 0.00001656, 0.00001680, 0.00001686, 0.00001678, 0.00001659, 0.00001629, 0.00001591, 0.00001548, 0.00001501, 0.00001453, 0.00001398, 0.00001339, 0.00001279, 0.00001219, 0.00001159
-0.04666145, -0.04591533, -0.04373209, -0.04051072, -0.03668532, -0.03263986, -0.02864282, -0.02485403, -0.02135846, -0.01819932, -0.01539619, -0.01294198, -0.01082227, -0.00900880, -0.00747150, -0.00617664, -0.00509274, -0.00418941, -0.00343986, -0.00281989, -0.00230855, -0.00188786, -0.00154225, -0.00125875, -0.00102668, -0.00083676, -0.00068124, -0.00055408, -0.00045025, -0.00036542, -0.00029603, -0.00023924, -0.00019283, -0.00015487, -0.00012378, -0.00009825, -0.00007737, -0.00006025, -0.00004622, -0.00003474, -0.00002536, -0.00001766, -0.00001136, -0.00000622, -0.00000206, 0.00000133, 0.00000402, 0.00000618, 0.00000787, 0.00000918, 0.00001016, 0.00001087, 0.00001135, 0.00001165, 0.00001180, 0.00001183, 0.00001178, 0.00001161, 0.00001137, 0.00001108, 0.00001074, 0.00001038
-0.84834411, -0.80033817, -0.67906524, -0.54156174, -0.42344118, -0.33214226, -0.26211257, -0.20685113, -0.16234686, -0.12646104, -0.09786417, -0.07538069, -0.05786811, -0.04432073, -0.03386854, -0.02583226, -0.01966496, -0.01494808, -0.01134805, -0.00860728, -0.00652422, -0.00494156, -0.00373995, -0.00283010, -0.00214011, -0.00161585, -0.00121776, -0.00091662, -0.00068753, -0.00051255, -0.00037894, -0.00027699, -0.00019876, -0.00013843, -0.00009167, -0.00005502, -0.00002671, -0.00000475, 0.00001224, 0.00002571, 0.00003633, 0.00004452, 0.00005067, 0.00005518, 0.00005855, 0.00006109, 0.00006257, 0.00006330, 0.00006338, 0.00006290, 0.00006198, 0.00006070, 0.00005916, 0.00005743, 0.00005546, 0.00005328, 0.00005111, 0.00004878, 0.00004646, 0.00004416, 0.00004186, 0.00003958
-0.22546253, -0.22119990, -0.20895236, -0.19112403, -0.17047115, -0.14917260, -0.12863035, -0.10962415, -0.09250638, -0.07738595, -0.06426005, -0.05302922, -0.04353056, -0.03558254, -0.02898079, -0.02353650, -0.01906845, -0.01541861, -0.01244711, -0.01003543, -0.00808320, -0.00650501, -0.00523098, -0.00420482, -0.00337810, -0.00271181, -0.00217501, -0.00174355, -0.00139600, -0.00111568, -0.00088965, -0.00070744, -0.00056033, -0.00044138, -0.00034508, -0.00026679, -0.00020357, -0.00015242, -0.00011105, -0.00007743, -0.00005015, -0.00002812, -0.00001045, 0.00000366, 0.00001495, 0.00002405, 0.00003101, 0.00003635, 0.00004031, 0.00004313, 0.00004501, 0.00004613, 0.00004664, 0.00004666, 0.00004624, 0.00004544, 0.00004448, 0.00004321, 0.00004181, 0.00004032, 0.00003873, 0.00003709
-2.01711051, -1.80270978, -1.32827372, -0.90235567, -0.62381789, -0.45506673, -0.34409879, -0.26217051, -0.19821667, -0.14832267, -0.11024204, -0.08171975, -0.06053553, -0.04483088, -0.03316071, -0.02449321, -0.01806104, -0.01330456, -0.00979537, -0.00721072, -0.00530921, -0.00390858, -0.00287685, -0.00211901, -0.00156069, -0.00114782, -0.00084261, -0.00061801, -0.00045109, -0.00032602, -0.00023230, -0.00016208, -0.00010888, -0.00006817, -0.00003672, -0.00001195, 0.00000714, 0.00002195, 0.00003338, 0.00004261, 0.00005000, 0.00005570, 0.00005988, 0.00006284, 0.00006503, 0.00006665, 0.00006738, 0.00006750, 0.00006706, 0.00006614, 0.00006483, 0.00006321, 0.00006137, 0.00005938, 0.00005715, 0.00005473, 0.00005232, 0.00004978, 0.00004727, 0.00004480, 0.00004234, 0.00003991
-0.24273920, -0.23787857, -0.22397163, -0.20391739, -0.18094828, -0.15753690, -0.13519418, -0.11470227, -0.09637851, -0.08029073, -0.06640115, -0.05457764, -0.04462689, -0.03633898, -0.02948545, -0.02385790, -0.01925831, -0.01551573, -0.01248043, -0.01002649, -0.00804724, -0.00645306, -0.00517077, -0.00414165, -0.00331550, -0.00265197, -0.00211925, -0.00169257, -0.00135005, -0.00107471, -0.00085342, -0.00067565, -0.00053259, -0.00041728, -0.00032421, -0.00024877, -0.00018805, -0.00013907, -0.00009960, -0.00006760, -0.00004171, -0.00002088, -0.00000423, 0.00000899, 0.00001953, 0.00002799, 0.00003441, 0.00003927, 0.00004283, 0.00004530, 0.00004688, 0.00004775, 0.00004803, 0.00004786, 0.00004727, 0.00004632, 0.00004523, 0.00004385, 0.00004236, 0.00004077, 0.00003911, 0.00003741
-7.71967937, -6.02604030, -3.17732842, -1.52810290, -0.85950299, -0.58807663, -0.43669175, -0.32318307, -0.23302169, -0.16490558, -0.11619648, -0.08232023, -0.05873289, -0.04207447, -0.03013774, -0.02155501, -0.01539823, -0.01100692, -0.00788232, -0.00565821, -0.00407158, -0.00293447, -0.00211682, -0.00153075, -0.00110908, -0.00080355, -0.00058129, -0.00042061, -0.00030270, -0.00021448, -0.00014861, -0.00009969, -0.00006194, -0.00003302, -0.00001017, 0.00000830, 0.00002253, 0.00003403, 0.00004279, 0.00005030, 0.00005621, 0.00006100, 0.00006439, 0.00006685, 0.00006856, 0.00006983, 0.00007022, 0.00007020, 0.00006947, 0.00006837, 0.00006675, 0.00006500, 0.00006294, 0.00006086, 0.00005837, 0.00005582, 0.00005317, 0.00005053, 0.00004785, 0.00004528, 0.00004263, 0.00004009
-6.76276672, -5.36675507, -2.94251378, -1.47079259, -0.84379729, -0.57871126, -0.42932277, -0.31832010, -0.23053445, -0.16401329, -0.11612238, -0.08256899, -0.05906813, -0.04241009, -0.03044624, -0.02182618, -0.01562740, -0.01119400, -0.00803070, -0.00577344, -0.00415985, -0.00300131, -0.00216731, -0.00156884, -0.00113749, -0.00082448, -0.00059678, -0.00043206, -0.00031106, -0.00022065, -0.00015317, -0.00010293, -0.00006442, -0.00003482, -0.00001152, 0.00000726, 0.00002179, 0.00003340, 0.00004232, 0.00004987, 0.00005591, 0.00006071, 0.00006414, 0.00006659, 0.00006833, 0.00006963, 0.00007005, 0.00007000, 0.00006931, 0.00006820, 0.00006664, 0.00006487, 0.00006285, 0.00006074, 0.00005830, 0.00005574, 0.00005313, 0.00005047, 0.00004781, 0.00004523, 0.00004262, 0.00004008
-0.07727805, -0.07656429, -0.07445901, -0.07111814, -0.06682446, -0.06186217, -0.05650749, -0.05101522, -0.04558449, -0.04035989, -0.03545294, -0.03092940, -0.02682143, -0.02314116, -0.01987802, -0.01701243, -0.01451389, -0.01235012, -0.01048580, -0.00888726, -0.00752147, -0.00635798, -0.00536920, -0.00453117, -0.00382160, -0.00322125, -0.00271362, -0.00228543, -0.00192390, -0.00161858, -0.00136084, -0.00114329, -0.00095955, -0.00080428, -0.00067299, -0.00056170, -0.00046775, -0.00038829, -0.00032109, -0.00026415, -0.00021592, -0.00017512, -0.00014065, -0.00011155, -0.00008697, -0.00006610, -0.00004869, -0.00003409, -0.00002192, -0.00001181, -0.00000346, 0.00000340, 0.00000898, 0.00001349, 0.00001707, 0.00001985, 0.00002206, 0.00002362, 0.00002472, 0.00002543, 0.00002582, 0.00002593
-0.13055046, -0.12888253, -0.12399231, -0.11647729, -0.10718331, -0.09690464, -0.08630921, -0.07591346, -0.06605987, -0.05695307, -0.04871689, -0.04139318, -0.03496801, -0.02939947, -0.02461717, -0.02054518, -0.01709859, -0.01419800, -0.01176718, -0.00973814, -0.00804969, -0.00664739, -0.00548498, -0.00452365, -0.00372891, -0.00307198, -0.00252918, -0.00208168, -0.00171217, -0.00140686, -0.00115463, -0.00094630, -0.00077405, -0.00063149, -0.00051340, -0.00041528, -0.00033416, -0.00026697, -0.00021132, -0.00016511, -0.00012676, -0.00009501, -0.00006881, -0.00004723, -0.00002943, -0.00001467, -0.00000277, 0.00000687, 0.00001460, 0.00002071, 0.00002547, 0.00002911, 0.00003181, 0.00003375, 0.00003502, 0.00003572, 0.00003607, 0.00003597, 0.00003559, 0.00003498, 0.00003418, 0.00003323
-0.38265971, -0.37154420, -0.34080115, -0.29948306, -0.25599961, -0.21527633, -0.17913250, -0.14780107, -0.12097374, -0.09824679, -0.07924780, -0.06356263, -0.05074384, -0.04036454, -0.03200968, -0.02532182, -0.01998768, -0.01575031, -0.01239269, -0.00973972, -0.00764789, -0.00600011, -0.00470356, -0.00368585, -0.00288637, -0.00225783, -0.00176387, -0.00137680, -0.00107251, -0.00083283, -0.00064411, -0.00049559, -0.00037841, -0.00028574, -0.00021230, -0.00015374, -0.00010750, -0.00007088, -0.00004191, -0.00001878, -0.00000036, 0.00001417, 0.00002549, 0.00003421, 0.00004099, 0.00004629, 0.00005003, 0.00005263, 0.00005427, 0.00005511, 0.00005529, 0.00005496, 0.00005422, 0.00005318, 0.00005181, 0.00005020, 0.00004851, 0.00004662, 0.00004468, 0.00004271, 0.00004071, 0.00003870
-0.05381910, -0.05341284, -0.05221487, -0.05028525, -0.04776127, -0.04478211, -0.04149139, -0.03803400, -0.03453110, -0.03107832, -0.02775819, -0.02462578, -0.02171638, -0.01905201, -0.01663906, -0.01447589, -0.01255184, -0.01085280, -0.00936094, -0.00805817, -0.00692531, -0.00594341, -0.00509483, -0.00436372, -0.00373475, -0.00319427, -0.00273025, -0.00233290, -0.00199250, -0.00170094, -0.00145133, -0.00123769, -0.00105479, -0.00089814, -0.00076395, -0.00064871, -0.00055016, -0.00046571, -0.00039334, -0.00033124, -0.00027797, -0.00023230, -0.00019317, -0.00015966, -0.00013095, -0.00010624, -0.00008525, -0.00006735, -0.00005212, -0.00003919, -0.00002826, -0.00001903, -0.00001128, -0.00000479, 0.00000060, 0.00000503, 0.00000875, 0.00001168, 0.00001403, 0.00001587, 0.00001728, 0.00001832
-0.26513456, -0.25599764, -0.23114613, -0.19881855, -0.16607244, -0.13651984, -0.11113757, -0.08973885, -0.07188582, -0.05714322, -0.04511277, -0.03542049, -0.02768895, -0.02157249, -0.01676146, -0.01299526, -0.01005718, -0.00777266, -0.00600054, -0.00462907, -0.00356945, -0.00275092, -0.00212016, -0.00163392, -0.00125847, -0.00096883, -0.00074546, -0.00057291, -0.00043911, -0.00033547, -0.00025507, -0.00019249, -0.00014363, -0.00010533, -0.00007523, -0.00005146, -0.00003291, -0.00001829, -0.00000665, 0.00000254, 0.00000972, 0.00001525, 0.00001956, 0.00002289, 0.00002537, 0.00002722, 0.00002840, 0.00002910, 0.00002940, 0.00002938, 0.00002912, 0.00002865, 0.00002798, 0.00002714, 0.00002621, 0.00002521, 0.00002423, 0.00002317, 0.00002208, 0.00002100, 0.00001992, 0.00001887
-0.08192629, -0.08076016, -0.07734674, -0.07214794, -0.06579950, -0.05887571, -0.05184728, -0.04505144, -0.03871252, -0.03295073, -0.02781936, -0.02332962, -0.01945293, -0.01614450, -0.01334731, -0.01100051, -0.00904343, -0.00741979, -0.00607803, -0.00497328, -0.00406578, -0.00332156, -0.00271265, -0.00221478, -0.00180766, -0.00147500, -0.00120325, -0.00098126, -0.00079961, -0.00065104, -0.00052946, -0.00042983, -0.00034809, -0.00028095, -0.00022575, -0.00018024, -0.00014293, -0.00011223, -0.00008689, -0.00006603, -0.00004889, -0.00003485, -0.00002333, -0.00001389, -0.00000621, 0.00000007, 0.00000505, 0.00000900, 0.00001209, 0.00001448, 0.00001627, 0.00001758, 0.00001846, 0.00001899, 0.00001925, 0.00001928, 0.00001920, 0.00001892, 0.00001852, 0.00001804, 0.00001749, 0.00001690
-9.58582440, -6.54034347, -2.61881899, -1.02564733, -0.53637688, -0.36199968, -0.26291466, -0.18730778, -0.12896348, -0.08714930, -0.05885370, -0.04020273, -0.02779352, -0.01933339, -0.01346115, -0.00936689, -0.00652691, -0.00455458, -0.00318872, -0.00224494, -0.00159028, -0.00113900, -0.00081565, -0.00058060, -0.00041906, -0.00030876, -0.00022450, -0.00016146, -0.00011771, -0.00008245, -0.00005647, -0.00004052, -0.00002160, -0.00001070, -0.00000032, 0.00000861, 0.00001250, 0.00001981, 0.00002294, 0.00002822, 0.00002892, 0.00003204, 0.00003320, 0.00003589, 0.00003614, 0.00003644, 0.00003561, 0.00003678, 0.00003539, 0.00003515, 0.00003306, 0.00003270, 0.00003109, 0.00003070, 0.00002828, 0.00002762, 0.00002542, 0.00002484, 0.00002312, 0.00002212, 0.00002010, 0.00001901
-0.05570924, -0.05508616, -0.05325019, -0.05037759, -0.04675690, -0.04266277, -0.03835049, -0.03403041, -0.02986530, -0.02596027, -0.02237973, -0.01915953, -0.01630494, -0.01380657, -0.01164226, -0.00978359, -0.00819851, -0.00685475, -0.00572065, -0.00476753, -0.00396903, -0.00330138, -0.00274462, -0.00228089, -0.00189478, -0.00157359, -0.00130651, -0.00108455, -0.00089986, -0.00074623, -0.00061840, -0.00051193, -0.00042319, -0.00034915, -0.00028731, -0.00023556, -0.00019244, -0.00015640, -0.00012622, -0.00010098, -0.00007990, -0.00006232, -0.00004764, -0.00003540, -0.00002522, -0.00001672, -0.00000977, -0.00000407, 0.00000057, 0.00000433, 0.00000734, 0.00000973, 0.00001157, 0.00001295, 0.00001396, 0.00001467, 0.00001517, 0.00001542, 0.00001549, 0.00001541, 0.00001523, 0.00001496
-0.50020292, -0.47124427, -0.39840695, -0.31620323, -0.24556401, -0.19072227, -0.14860984, -0.11560427, -0.08939683, -0.06862076, -0.05232716, -0.03971569, -0.03004303, -0.02267203, -0.01707558, -0.01283794, -0.00963744, -0.00722651, -0.00541418, -0.00405472, -0.00303631, -0.00227306, -0.00170256, -0.00127564, -0.00095533, -0.00071522, -0.00053531, -0.00040004, -0.00029768, -0.00022034, -0.00016174, -0.00011706, -0.00008278, -0.00005628, -0.00003570, -0.00001960, -0.00000721, 0.00000248, 0.00001022, 0.00001630, 0.00002100, 0.00002452, 0.00002724, 0.00002929, 0.00003075, 0.00003177, 0.00003227, 0.00003240, 0.00003222, 0.00003181, 0.00003120, 0.00003045, 0.00002951, 0.00002844, 0.00002730, 0.00002612, 0.00002498, 0.00002378, 0.00002256, 0.00002136, 0.00002018, 0.00001904
-0.05552665, -0.05490683, -0.05308039, -0.05022216, -0.04661876, -0.04254312, -0.03824911, -0.03394615, -0.02979644, -0.02590487, -0.02233582, -0.01912521, -0.01627849, -0.01378648, -0.01162723, -0.00977255, -0.00819056, -0.00684918, -0.00571689, -0.00476513, -0.00396763, -0.00330071, -0.00274446, -0.00228109, -0.00189522, -0.00157419, -0.00130720, -0.00108528, -0.00090059, -0.00074695, -0.00061909, -0.00051259, -0.00042380, -0.00034971, -0.00028783, -0.00023603, -0.00019286, -0.00015678, -0.00012657, -0.00010129, -0.00008018, -0.00006257, -0.00004786, -0.00003560, -0.00002540, -0.00001688, -0.00000991, -0.00000420, 0.00000046, 0.00000423, 0.00000726, 0.00000965, 0.00001150, 0.00001289, 0.00001391, 0.00001462, 0.00001513, 0.00001538, 0.00001546, 0.00001539, 0.00001520, 0.00001494
-0.55239536, -0.51780596, -0.43205259, -0.33769584, -0.25892608, -0.19931141, -0.15432720, -0.11942386, -0.09188044, -0.07016207, -0.05322626, -0.04019479, -0.03025955, -0.02272952, -0.01704180, -0.01275564, -0.00953362, -0.00711755, -0.00530975, -0.00395982, -0.00295305, -0.00220177, -0.00164271, -0.00122612, -0.00091480, -0.00068236, -0.00050890, -0.00037893, -0.00028090, -0.00020705, -0.00015126, -0.00010881, -0.00007630, -0.00005119, -0.00003170, -0.00001644, -0.00000472, 0.00000446, 0.00001180, 0.00001758, 0.00002203, 0.00002537, 0.00002794, 0.00002988, 0.00003125, 0.00003220, 0.00003263, 0.00003271, 0.00003250, 0.00003204, 0.00003141, 0.00003063, 0.00002967, 0.00002857, 0.00002741, 0.00002621, 0.00002506, 0.00002384, 0.00002261, 0.00002139, 0.00002020, 0.00001906
-0.12283406, -0.12051972, -0.11384582, -0.10407575, -0.09269444, -0.08089608, -0.06948698, -0.05892539, -0.04944297, -0.04111344, -0.03392309, -0.02781319, -0.02268297, -0.01842006, -0.01490638, -0.01202947, -0.00968638, -0.00778630, -0.00625032, -0.00501255, -0.00401716, -0.00321747, -0.00257646, -0.00206277, -0.00165084, -0.00132076, -0.00105633, -0.00084438, -0.00067411, -0.00053742, -0.00042760, -0.00033921, -0.00026796, -0.00021042, -0.00016389, -0.00012616, -0.00009577, -0.00007118, -0.00005120, -0.00003501, -0.00002196, -0.00001149, -0.00000306, 0.00000370, 0.00000906, 0.00001333, 0.00001656, 0.00001899, 0.00002076, 0.00002200, 0.00002279, 0.00002324, 0.00002335, 0.00002321, 0.00002288, 0.00002241, 0.00002188, 0.00002121, 0.00002047, 0.00001968, 0.00001887, 0.00001805
-0.08157116, -0.08041340, -0.07702407, -0.07186012, -0.06555159, -0.05866810, -0.05167733, -0.04491498, -0.03860481, -0.03286709, -0.02775545, -0.02328157, -0.01941741, -0.01611874, -0.01332903, -0.01098789, -0.00903504, -0.00741451, -0.00607500, -0.00497185, -0.00406547, -0.00332199, -0.00271356, -0.00221598, -0.00180901, -0.00147641, -0.00120465, -0.00098260, -0.00080087, -0.00065221, -0.00053052, -0.00043079, -0.00034896, -0.00028173, -0.00022644, -0.00018085, -0.00014347, -0.00011270, -0.00008731, -0.00006640, -0.00004921, -0.00003514, -0.00002358, -0.00001411, -0.00000641, -0.00000010, 0.00000490, 0.00000887, 0.00001198, 0.00001438, 0.00001619, 0.00001751, 0.00001840, 0.00001893, 0.00001920, 0.00001924, 0.00001916, 0.00001889, 0.00001850, 0.00001801, 0.00001747, 0.00001688
-0.03047215, -0.03022895, -0.02951201, -0.02835790, -0.02685595, -0.02509024, -0.02314968, -0.02111885, -0.01907428, -0.01707373, -0.01516173, -0.01337139, -0.01172109, -0.01022078, -0.00887269, -0.00767307, -0.00661421, -0.00568607, -0.00487707, -0.00417567, -0.00356991, -0.00304830, -0.00260062, -0.00221717, -0.00188913, -0.00160890, -0.00136970, -0.00116580, -0.00099190, -0.00084368, -0.00071735, -0.00060963, -0.00051775, -0.00043933, -0.00037237, -0.00031508, -0.00026625, -0.00022452, -0.00018883, -0.00015830, -0.00013222, -0.00010993, -0.00009088, -0.00007460, -0.00006070, -0.00004879, -0.00003871, -0.00003015, -0.00002290, -0.00001677, -0.00001161, -0.00000727, -0.00000366, -0.00000066, 0.00000181, 0.00000383, 0.00000552, 0.00000683, 0.00000787, 0.00000866, 0.00000926, 0.00000969
-0.14866540, -0.11959047, -0.06832391, -0.03608022, -0.02142338, -0.01468186, -0.01073872, -0.00787675, -0.00567822, -0.00403514, -0.00285417, -0.00202505, -0.00144427, -0.00103418, -0.00074164, -0.00053218, -0.00038228, -0.00027536, -0.00019917, -0.00014482, -0.00010596, -0.00007799, -0.00005782, -0.00004323, -0.00003258, -0.00002475, -0.00001899, -0.00001471, -0.00001146, -0.00000897, -0.00000705, -0.00000555, -0.00000436, -0.00000339, -0.00000260, -0.00000193, -0.00000140, -0.00000095, -0.00000057, -0.00000024, 0.00000003, 0.00000026, 0.00000044, 0.00000059, 0.00000072, 0.00000082, 0.00000090, 0.00000096, 0.00000099, 0.00000101, 0.00000102, 0.00000102, 0.00000101, 0.00000099, 0.00000095, 0.00000092, 0.00000089, 0.00000085, 0.00000081, 0.00000076, 0.00000072, 0.00000068
-0.00582467, -0.00571319, -0.00539283, -0.00492609, -0.00438538, -0.00382789, -0.00329086, -0.00279498, -0.00235006, -0.00195892, -0.00162086, -0.00133311, -0.00109092, -0.00088924, -0.00072252, -0.00058563, -0.00047377, -0.00038275, -0.00030892, -0.00024919, -0.00020097, -0.00016208, -0.00013075, -0.00010554, -0.00008524, -0.00006888, -0.00005570, -0.00004508, -0.00003650, -0.00002957, -0.00002395, -0.00001940, -0.00001570, -0.00001269, -0.00001023, -0.00000821, -0.00000657, -0.00000522, -0.00000411, -0.00000320, -0.00000244, -0.00000183, -0.00000132, -0.00000090, -0.00000056, -0.00000027, -0.00000005, 0.00000014, 0.00000028, 0.00000040, 0.00000049, 0.00000055, 0.00000060, 0.00000064, 0.00000066, 0.00000067, 0.00000067, 0.00000067, 0.00000066, 0.00000064, 0.00000062, 0.00000060
-0.00422854, -0.00416437, -0.00397747, -0.00369567, -0.00335558, -0.00298939, -0.00262195, -0.00227037, -0.00194507, -0.00165127, -0.00139105, -0.00116442, -0.00096945, -0.00080366, -0.00066388, -0.00054690, -0.00044954, -0.00036891, -0.00030237, -0.00024764, -0.00020273, -0.00016592, -0.00013581, -0.00011120, -0.00009108, -0.00007462, -0.00006117, -0.00005018, -0.00004118, -0.00003379, -0.00002774, -0.00002277, -0.00001868, -0.00001531, -0.00001252, -0.00001022, -0.00000831, -0.00000674, -0.00000543, -0.00000434, -0.00000344, -0.00000269, -0.00000207, -0.00000155, -0.00000112, -0.00000076, -0.00000047, -0.00000023, -0.00000004, 0.00000012, 0.00000024, 0.00000034, 0.00000042, 0.00000048, 0.00000052, 0.00000055, 0.00000057, 0.00000058, 0.00000058, 0.00000058, 0.00000057, 0.00000056
-0.00156926, -0.00155630, -0.00151813, -0.00145690, -0.00137746, -0.00128447, -0.00118272, -0.00107682, -0.00097068, -0.00086725, -0.00076881, -0.00067699, -0.00059261, -0.00051616, -0.00044765, -0.00038684, -0.00033328, -0.00028643, -0.00024566, -0.00021037, -0.00017992, -0.00015374, -0.00013128, -0.00011206, -0.00009563, -0.00008159, -0.00006961, -0.00005940, -0.00005068, -0.00004325, -0.00003692, -0.00003151, -0.00002689, -0.00002295, -0.00001957, -0.00001668, -0.00001421, -0.00001209, -0.00001028, -0.00000872, -0.00000738, -0.00000624, -0.00000525, -0.00000441, -0.00000368, -0.00000306, -0.00000252, -0.00000207, -0.00000168, -0.00000135, -0.00000106, -0.00000082, -0.00000062, -0.00000044, -0.00000030, -0.00000018, -0.00000007, 0.00000001, 0.00000008, 0.00000014, 0.00000018, 0.00000022
-0.07086152, -0.06164941, -0.04255818, -0.02708580, -0.01792806, -0.01275335, -0.00946189, -0.00707025, -0.00523588, -0.00383696, -0.00279496, -0.00203375, -0.00148138, -0.00108045, -0.00078835, -0.00057527, -0.00041990, -0.00030688, -0.00022479, -0.00016518, -0.00012187, -0.00009028, -0.00006724, -0.00005040, -0.00003800, -0.00002882, -0.00002203, -0.00001697, -0.00001315, -0.00001022, -0.00000798, -0.00000624, -0.00000487, -0.00000378, -0.00000289, -0.00000216, -0.00000157, -0.00000109, -0.00000068, -0.00000033, -0.00000005, 0.00000019, 0.00000038, 0.00000054, 0.00000067, 0.00000078, 0.00000086, 0.00000092, 0.00000096, 0.00000098, 0.00000099, 0.00000099, 0.00000098, 0.00000097, 0.00000094, 0.00000091, 0.00000087, 0.00000084, 0.00000080, 0.00000076, 0.00000072, 0.00000068
-0.00314703, -0.00310781, -0.00299278, -0.00281507, -0.00259435, -0.00234897, -0.00209483, -0.00184441, -0.00160647, -0.00138625, -0.00118675, -0.00100929, -0.00085353, -0.00071849, -0.00060250, -0.00050371, -0.00042008, -0.00034967, -0.00029064, -0.00024132, -0.00020025, -0.00016609, -0.00013774, -0.00011425, -0.00009477, -0.00007863, -0.00006526, -0.00005419, -0.00004502, -0.00003740, -0.00003107, -0.00002582, -0.00002144, -0.00001780, -0.00001476, -0.00001221, -0.00001009, -0.00000831, -0.00000682, -0.00000557, -0.00000452, -0.00000365, -0.00000291, -0.00000229, -0.00000178, -0.00000134, -0.00000098, -0.00000068, -0.00000043, -0.00000023, -0.00000006, 0.00000008, 0.00000019, 0.00000027, 0.00000034, 0.00000039, 0.00000043, 0.00000046, 0.00000048, 0.00000049, 0.00000049, 0.00000049
-0.01339505, -0.01289169, -0.01154017, -0.00982297, -0.00813162, -0.00664479, -0.00539200, -0.00434772, -0.00348107, -0.00276710, -0.00218541, -0.00171741, -0.00134439, -0.00104947, -0.00081744, -0.00063570, -0.00049374, -0.00038321, -0.00029731, -0.00023069, -0.00017910, -0.00013913, -0.00010822, -0.00008430, -0.00006577, -0.00005138, -0.00004022, -0.00003155, -0.00002478, -0.00001948, -0.00001533, -0.00001206, -0.00000948, -0.00000743, -0.00000579, -0.00000447, -0.00000341, -0.00000256, -0.00000187, -0.00000131, -0.00000085, -0.00000047, -0.00000017, 0.00000007, 0.00000027, 0.00000044, 0.00000056, 0.00000066, 0.00000073, 0.00000078, 0.00000082, 0.00000084, 0.00000085, 0.00000085, 0.00000084, 0.00000082, 0.00000080, 0.00000078, 0.00000075, 0.00000072, 0.00000069, 0.00000066
-13.08883077, -9.20081783, -3.71623676, -1.31208887, -0.62764161, -0.44514017, -0.35137683, -0.26489582, -0.18843600, -0.13030557, -0.09033628, -0.06377241, -0.04575413, -0.03301022, -0.02376213, -0.01703688, -0.01220334, -0.00875436, -0.00630313, -0.00455542, -0.00330155, -0.00240181, -0.00174515, -0.00126528, -0.00092340, -0.00067843, -0.00049494, -0.00035948, -0.00026269, -0.00018896, -0.00013370, -0.00009447, -0.00006071, -0.00003754, -0.00001838, -0.00000274, 0.00000764, 0.00001871, 0.00002556, 0.00003276, 0.00003624, 0.00004113, 0.00004420, 0.00004775, 0.00004916, 0.00005036, 0.00005063, 0.00005207, 0.00005157, 0.00005159, 0.00005013, 0.00004962, 0.00004816, 0.00004744, 0.00004527, 0.00004422, 0.00004201, 0.00004070, 0.00003856, 0.00003688, 0.00003452, 0.00003279
-0.06146946, -0.06090369, -0.05920035, -0.05652860, -0.05309298, -0.04913414, -0.04488162, -0.04053091, -0.03623365, -0.03210337, -0.02822779, -0.02465166, -0.02140469, -0.01849127, -0.01590614, -0.01363182, -0.01164653, -0.00992398, -0.00843749, -0.00716057, -0.00606756, -0.00513514, -0.00434142, -0.00366726, -0.00309592, -0.00261207, -0.00220232, -0.00185605, -0.00156362, -0.00131659, -0.00110781, -0.00093138, -0.00078236, -0.00065641, -0.00054989, -0.00045960, -0.00038332, -0.00031875, -0.00026409, -0.00021783, -0.00017867, -0.00014546, -0.00011734, -0.00009356, -0.00007348, -0.00005645, -0.00004217, -0.00003016, -0.00002009, -0.00001170, -0.00000473, 0.00000101, 0.00000571, 0.00000952, 0.00001259, 0.00001503, 0.00001698, 0.00001839, 0.00001940, 0.00002008, 0.00002049, 0.00002068
-0.57424345, -0.54320276, -0.46404463, -0.37329401, -0.29462991, -0.23359582, -0.18664119, -0.14928128, -0.11877564, -0.09379057, -0.07358175, -0.05745165, -0.04471699, -0.03471991, -0.02689966, -0.02079676, -0.01604784, -0.01236236, -0.00951066, -0.00730907, -0.00561215, -0.00430607, -0.00330105, -0.00252854, -0.00193609, -0.00148107, -0.00113082, -0.00086192, -0.00065584, -0.00049729, -0.00037481, -0.00028015, -0.00020717, -0.00015062, -0.00010661, -0.00007208, -0.00004514, -0.00002401, -0.00000744, 0.00000548, 0.00001561, 0.00002371, 0.00003007, 0.00003497, 0.00003860, 0.00004139, 0.00004336, 0.00004471, 0.00004550, 0.00004581, 0.00004570, 0.00004525, 0.00004451, 0.00004355, 0.00004244, 0.00004120, 0.00003990, 0.00003838, 0.00003678, 0.00003515, 0.00003352, 0.00003191
-0.48268566, -0.46009542, -0.40122287, -0.33098428, -0.26702944, -0.21501605, -0.17360404, -0.14001514, -0.11230114, -0.08941483, -0.07073502, -0.05567652, -0.04367059, -0.03415793, -0.02665485, -0.02075344, -0.01612739, -0.01251043, -0.00969139, -0.00749892, -0.00579705, -0.00447790, -0.00345580, -0.00266481, -0.00205396, -0.00158167, -0.00121576, -0.00093301, -0.00071487, -0.00054600, -0.00041482, -0.00031288, -0.00023384, -0.00017229, -0.00012419, -0.00008631, -0.00005667, -0.00003334, -0.00001502, -0.00000067, 0.00001061, 0.00001961, 0.00002670, 0.00003218, 0.00003629, 0.00003945, 0.00004173, 0.00004332, 0.00004431, 0.00004479, 0.00004482, 0.00004448, 0.00004384, 0.00004297, 0.00004193, 0.00004076, 0.00003952, 0.00003805, 0.00003651, 0.00003492, 0.00003333, 0.00003176
-0.02017774, -0.02007805, -0.01977203, -0.01927808, -0.01861183, -0.01780189, -0.01687853, -0.01587225, -0.01481113, -0.01372162, -0.01263054, -0.01155626, -0.01051669, -0.00952339, -0.00858636, -0.00771113, -0.00690106, -0.00615696, -0.00547803, -0.00486251, -0.00430715, -0.00380844, -0.00336220, -0.00296430, -0.00261059, -0.00229684, -0.00201885, -0.00177336, -0.00155679, -0.00136593, -0.00119785, -0.00104993, -0.00091987, -0.00080553, -0.00070503, -0.00061658, -0.00053898, -0.00047081, -0.00041091, -0.00035831, -0.00031209, -0.00027147, -0.00023578, -0.00020442, -0.00017689, -0.00015262, -0.00013138, -0.00011274, -0.00009639, -0.00008206, -0.00006952, -0.00005854, -0.00004896, -0.00004058, -0.00003328, -0.00002692, -0.00002135, -0.00001657, -0.00001244, -0.00000888, -0.00000582, -0.00000319
-0.66635750, -0.62577402, -0.52426988, -0.41195688, -0.31876908, -0.24941607, -0.19760778, -0.15700810, -0.12410545, -0.09732425, -0.07582409, -0.05880482, -0.04547999, -0.03509903, -0.02703418, -0.02077956, -0.01594250, -0.01221100, -0.00934138, -0.00713896, -0.00545149, -0.00416011, -0.00317195, -0.00241664, -0.00184061, -0.00140061, -0.00106366, -0.00080634, -0.00061018, -0.00045999, -0.00034448, -0.00025559, -0.00018734, -0.00013466, -0.00009379, -0.00006178, -0.00003687, -0.00001736, -0.00000209, 0.00000979, 0.00001910, 0.00002655, 0.00003241, 0.00003689, 0.00004020, 0.00004273, 0.00004449, 0.00004567, 0.00004633, 0.00004653, 0.00004633, 0.00004579, 0.00004498, 0.00004397, 0.00004280, 0.00004152, 0.00004017, 0.00003861, 0.00003698, 0.00003532, 0.00003366, 0.00003202
-28.18144473, -17.34043354, -5.20633785, -1.34723252, -0.57821982, -0.45255626, -0.37753528, -0.28358175, -0.19539561, -0.13064687, -0.08848055, -0.06193625, -0.04438987, -0.03192636, -0.02282178, -0.01623698, -0.01159108, -0.00826739, -0.00590551, -0.00423929, -0.00306004, -0.00226394, -0.00164335, -0.00115282, -0.00083953, -0.00064446, -0.00046723, -0.00032711, -0.00024563, -0.00016826, -0.00011330, -0.00009735, -0.00004579, -0.00003225, -0.00001216, 0.00000694, 0.00000235, 0.00002464, 0.00002343, 0.00003948, 0.00003073, 0.00004138, 0.00004180, 0.00005345, 0.00005177, 0.00005188, 0.00004734, 0.00005699, 0.00005181, 0.00005472, 0.00004664, 0.00004982, 0.00004622, 0.00005097, 0.00004316, 0.00004642, 0.00003941, 0.00004275, 0.00003886, 0.00003937, 0.00003317, 0.00003248
-2.74728003, -2.32983431, -1.49272233, -0.86339340, -0.53566315, -0.37774905, -0.28613463, -0.21841645, -0.16386113, -0.12095740, -0.08871393, -0.06512538, -0.04797203, -0.03539916, -0.02610574, -0.01921548, -0.01412173, -0.01037120, -0.00761947, -0.00560168, -0.00412100, -0.00303327, -0.00223273, -0.00164376, -0.00121160, -0.00089321, -0.00065721, -0.00048275, -0.00035407, -0.00025815, -0.00018588, -0.00013127, -0.00009017, -0.00005880, -0.00003458, -0.00001552, -0.00000063, 0.00001115, 0.00002043, 0.00002768, 0.00003341, 0.00003817, 0.00004196, 0.00004485, 0.00004688, 0.00004840, 0.00004939, 0.00004997, 0.00005013, 0.00004990, 0.00004934, 0.00004848, 0.00004737, 0.00004610, 0.00004469, 0.00004321, 0.00004165, 0.00003989, 0.00003805, 0.00003620, 0.00003438, 0.00003260
-9.95617313, -7.63260245, -3.78016963, -1.64459980, -0.86450916, -0.59887609, -0.46195952, -0.35065322, -0.25557274, -0.18172969, -0.12888836, -0.09233059, -0.06686267, -0.04863972, -0.03534855, -0.02561218, -0.01853132, -0.01341723, -0.00973809, -0.00708580, -0.00516564, -0.00377157, -0.00275501, -0.00201336, -0.00147550, -0.00108344, -0.00079421, -0.00058100, -0.00042509, -0.00030901, -0.00022163, -0.00015569, -0.00010536, -0.00006728, -0.00003749, -0.00001376, 0.00000466, 0.00001985, 0.00003168, 0.00004130, 0.00004854, 0.00005495, 0.00006004, 0.00006418, 0.00006697, 0.00006903, 0.00007030, 0.00007130, 0.00007147, 0.00007126, 0.00007038, 0.00006927, 0.00006768, 0.00006598, 0.00006388, 0.00006184, 0.00005960, 0.00005718, 0.00005453, 0.00005191, 0.00004920, 0.00004665
-0.22083756, -0.21689768, -0.20546537, -0.18884000, -0.16947021, -0.14938786, -0.12990773, -0.11173728, -0.09520428, -0.08044246, -0.06748971, -0.05626972, -0.04667762, -0.03855253, -0.03172924, -0.02603444, -0.02130911, -0.01740457, -0.01419067, -0.01155377, -0.00939584, -0.00763379, -0.00619682, -0.00502656, -0.00407535, -0.00330219, -0.00267322, -0.00216231, -0.00174785, -0.00141121, -0.00113742, -0.00091461, -0.00073355, -0.00058620, -0.00046611, -0.00036794, -0.00028799, -0.00022272, -0.00016943, -0.00012599, -0.00009059, -0.00006160, -0.00003793, -0.00001870, -0.00000319, 0.00000941, 0.00001941, 0.00002738, 0.00003361, 0.00003839, 0.00004194, 0.00004447, 0.00004615, 0.00004714, 0.00004757, 0.00004755, 0.00004724, 0.00004648, 0.00004544, 0.00004420, 0.00004283, 0.00004136
-0.10415655, -0.10308490, -0.09986587, -0.09486907, -0.08852593, -0.08132333, -0.07370299, -0.06602017, -0.05853604, -0.05143720, -0.04485696, -0.03885517, -0.03346578, -0.02868073, -0.02447768, -0.02081571, -0.01764901, -0.01492590, -0.01259624, -0.01061168, -0.00892684, -0.00750090, -0.00629642, -0.00528105, -0.00442692, -0.00370893, -0.00310524, -0.00259855, -0.00217368, -0.00181726, -0.00151809, -0.00126690, -0.00105617, -0.00087925, -0.00073060, -0.00060541, -0.00050032, -0.00041193, -0.00033757, -0.00027504, -0.00022247, -0.00017818, -0.00014089, -0.00010956, -0.00008331, -0.00006120, -0.00004281, -0.00002746, -0.00001472, -0.00000420, 0.00000442, 0.00001144, 0.00001708, 0.00002156, 0.00002508, 0.00002779, 0.00002989, 0.00003128, 0.00003216, 0.00003262, 0.00003275, 0.00003261
-2.22705090, -1.97855901, -1.43038961, -0.94637611, -0.64232665, -0.46864171, -0.35893810, -0.27768527, -0.21271129, -0.16094461, -0.12093300, -0.09068651, -0.06804199, -0.05105518, -0.03827163, -0.02863601, -0.02139037, -0.01595840, -0.01190043, -0.00887268, -0.00661490, -0.00493149, -0.00367529, -0.00273796, -0.00204065, -0.00152059, -0.00113103, -0.00083953, -0.00062228, -0.00045918, -0.00033574, -0.00024192, -0.00017098, -0.00011683, -0.00007511, -0.00004247, -0.00001711, 0.00000284, 0.00001852, 0.00003075, 0.00004030, 0.00004810, 0.00005433, 0.00005914, 0.00006265, 0.00006524, 0.00006700, 0.00006814, 0.00006866, 0.00006862, 0.00006807, 0.00006709, 0.00006575, 0.00006413, 0.00006231, 0.00006036, 0.00005835, 0.00005603, 0.00005358, 0.00005108, 0.00004860, 0.00004616
-0.40455796, -0.39244608, -0.35901945, -0.31473200, -0.26881838, -0.22647356, -0.18929799, -0.15716634, -0.12954935, -0.10599473, -0.08615952, -0.06964358, -0.05604933, -0.04494592, -0.03593822, -0.02866142, -0.02280930, -0.01811792, -0.01436911, -0.01138162, -0.00900547, -0.00711928, -0.00562315, -0.00443777, -0.00350052, -0.00275916, -0.00217190, -0.00170746, -0.00134084, -0.00105085, -0.00082097, -0.00063856, -0.00049414, -0.00037953, -0.00028837, -0.00021550, -0.00015754, -0.00011126, -0.00007432, -0.00004492, -0.00002152, -0.00000272, 0.00001232, 0.00002421, 0.00003348, 0.00004076, 0.00004627, 0.00005044, 0.00005345, 0.00005548, 0.00005668, 0.00005719, 0.00005712, 0.00005661, 0.00005576, 0.00005462, 0.00005336, 0.00005173, 0.00004993, 0.00004803, 0.00004606, 0.00004409
-0.34492861, -0.33595125, -0.31079601, -0.27651541, -0.23970724, -0.20456193, -0.17281477, -0.14480649, -0.12038519, -0.09932151, -0.08140052, -0.06632903, -0.05380203, -0.04347365, -0.03502041, -0.02813502, -0.02255343, -0.01804406, -0.01441349, -0.01149817, -0.00916258, -0.00729495, -0.00580291, -0.00461231, -0.00366420, -0.00290890, -0.00230649, -0.00182674, -0.00144534, -0.00114160, -0.00089921, -0.00070564, -0.00055135, -0.00042812, -0.00032950, -0.00025024, -0.00018683, -0.00013592, -0.00009507, -0.00006236, -0.00003619, -0.00001506, 0.00000191, 0.00001542, 0.00002604, 0.00003447, 0.00004093, 0.00004589, 0.00004956, 0.00005214, 0.00005382, 0.00005473, 0.00005501, 0.00005479, 0.00005419, 0.00005327, 0.00005219, 0.00005073, 0.00004908, 0.00004731, 0.00004546, 0.00004358
-10.12543220, -7.74617119, -3.81670535, -1.65127801, -0.86551320, -0.59972684, -0.46290119, -0.35133857, -0.25592444, -0.18184981, -0.12889626, -0.09229997, -0.06682416, -0.04860178, -0.03531287, -0.02557972, -0.01850314, -0.01339380, -0.00971929, -0.00707105, -0.00515422, -0.00376283, -0.00274832, -0.00200822, -0.00147161, -0.00108055, -0.00079205, -0.00057937, -0.00042388, -0.00030811, -0.00022095, -0.00015521, -0.00010499, -0.00006701, -0.00003728, -0.00001360, 0.00000477, 0.00001995, 0.00003175, 0.00004137, 0.00004857, 0.00005499, 0.00006007, 0.00006422, 0.00006700, 0.00006905, 0.00007032, 0.00007132, 0.00007149, 0.00007128, 0.00007039, 0.00006928, 0.00006769, 0.00006600, 0.00006389, 0.00006186, 0.00005960, 0.00005719, 0.00005454, 0.00005192, 0.00004920, 0.00004665
-0.72927325, -0.69290657, -0.59899250, -0.48890721, -0.39088757, -0.31290905, -0.25181792, -0.20267278, -0.16225057, -0.12893203, -0.10179447, -0.07997408, -0.06262439, -0.04890860, -0.03811228, -0.02963331, -0.02299715, -0.01781565, -0.01378319, -0.01065143, -0.00822373, -0.00634462, -0.00489062, -0.00376660, -0.00289971, -0.00223051, -0.00171283, -0.00131298, -0.00100498, -0.00076697, -0.00058235, -0.00043891, -0.00032783, -0.00024145, -0.00017401, -0.00012096, -0.00007946, -0.00004679, -0.00002110, -0.00000097, 0.00001479, 0.00002739, 0.00003737, 0.00004511, 0.00005096, 0.00005543, 0.00005865, 0.00006095, 0.00006242, 0.00006315, 0.00006327, 0.00006286, 0.00006201, 0.00006084, 0.00005941, 0.00005779, 0.00005609, 0.00005407, 0.00005192, 0.00004970, 0.00004746, 0.00004524
-0.45562365, -0.43535265, -0.38210799, -0.31801786, -0.25924690, -0.21129852, -0.17297824, -0.14159515, -0.11528831, -0.09319464, -0.07484085, -0.05979764, -0.04761529, -0.03780455, -0.02994353, -0.02365929, -0.01865390, -0.01467874, -0.01153124, -0.00904645, -0.00708765, -0.00554697, -0.00433621, -0.00338549, -0.00263988, -0.00205646, -0.00159925, -0.00124105, -0.00096053, -0.00074157, -0.00057019, -0.00043574, -0.00033010, -0.00024740, -0.00018251, -0.00013126, -0.00009106, -0.00005932, -0.00003423, -0.00001444, 0.00000111, 0.00001326, 0.00002286, 0.00003048, 0.00003639, 0.00004100, 0.00004425, 0.00004660, 0.00004826, 0.00004930, 0.00004980, 0.00004984, 0.00004949, 0.00004881, 0.00004789, 0.00004676, 0.00004556, 0.00004416, 0.00004266, 0.00004103, 0.00003933, 0.00003759
-0.30733200, -0.29771454, -0.27131630, -0.23687147, -0.20185211, -0.17018711, -0.14276677, -0.11917270, -0.09882793, -0.08137927, -0.06657646, -0.05416734, -0.04388743, -0.03543192, -0.02852472, -0.02290215, -0.01834678, -0.01466718, -0.01170475, -0.00932723, -0.00742239, -0.00590002, -0.00468464, -0.00371535, -0.00294324, -0.00232952, -0.00184113, -0.00145268, -0.00114381, -0.00089891, -0.00070432, -0.00054945, -0.00042608, -0.00032805, -0.00025005, -0.00018769, -0.00013809, -0.00009849, -0.00006682, -0.00004155, -0.00002144, -0.00000550, 0.00000723, 0.00001740, 0.00002543, 0.00003178, 0.00003649, 0.00004004, 0.00004268, 0.00004454, 0.00004572, 0.00004633, 0.00004646, 0.00004620, 0.00004563, 0.00004481, 0.00004387, 0.00004270, 0.00004140, 0.00003995, 0.00003841, 0.00003682
-0.03985099, -0.03959091, -0.03878110, -0.03749648, -0.03579697, -0.03377758, -0.03153298, -0.02915082, -0.02670713, -0.02427438, -0.02190606, -0.01964122, -0.01751183, -0.01553354, -0.01371858, -0.01206821, -0.01058058, -0.00924873, -0.00806346, -0.00701479, -0.00609079, -0.00528003, -0.00457080, -0.00395210, -0.00341364, -0.00294614, -0.00254052, -0.00218933, -0.00188546, -0.00162296, -0.00139623, -0.00120041, -0.00103133, -0.00088542, -0.00075950, -0.00065065, -0.00055685, -0.00047588, -0.00040597, -0.00034561, -0.00029351, -0.00024856, -0.00020973, -0.00017619, -0.00014725, -0.00012219, -0.00010071, -0.00008221, -0.00006629, -0.00005262, -0.00004091, -0.00003090, -0.00002237, -0.00001512, -0.00000899, -0.00000382, 0.00000059, 0.00000421, 0.00000719, 0.00000963, 0.00001158, 0.00001314
-0.93920044, -0.86533031, -0.68802807, -0.50741595, -0.37388152, -0.28606686, -0.22589956, -0.17996091, -0.14242765, -0.11160357, -0.08682547, -0.06730448, -0.05210542, -0.04028603, -0.03109890, -0.02395237, -0.01841120, -0.01412627, -0.01082445, -0.00828588, -0.00633595, -0.00484055, -0.00369407, -0.00281550, -0.00214299, -0.00162957, -0.00123671, -0.00093588, -0.00070560, -0.00053012, -0.00039577, -0.00029247, -0.00021283, -0.00015176, -0.00010471, -0.00006810, -0.00003984, -0.00001779, -0.00000054, 0.00001293, 0.00002338, 0.00003140, 0.00003772, 0.00004272, 0.00004654, 0.00004946, 0.00005133, 0.00005257, 0.00005335, 0.00005367, 0.00005358, 0.00005312, 0.00005235, 0.00005131, 0.00005007, 0.00004867, 0.00004723, 0.00004563, 0.00004394, 0.00004213, 0.00004026, 0.00003837
-0.03223727, -0.03205100, -0.03146699, -0.03053672, -0.02929528, -0.02780598, -0.02613258, -0.02433580, -0.02247015, -0.02059008, -0.01873742, -0.01694426, -0.01523819, -0.01363444, -0.01214619, -0.01077765, -0.00953054, -0.00840204, -0.00738733, -0.00648044, -0.00567331, -0.00495836, -0.00432707, -0.00377133, -0.00328333, -0.00285592, -0.00248191, -0.00215543, -0.00187064, -0.00162264, -0.00140674, -0.00121885, -0.00105539, -0.00091329, -0.00078977, -0.00068221, -0.00058886, -0.00050771, -0.00043716, -0.00037583, -0.00032251, -0.00027619, -0.00023590, -0.00020086, -0.00017040, -0.00014384, -0.00012089, -0.00010098, -0.00008371, -0.00006875, -0.00005581, -0.00004465, -0.00003504, -0.00002677, -0.00001969, -0.00001363, -0.00000840, -0.00000402, -0.00000032, 0.00000277, 0.00000533, 0.00000745
-0.28444857, -0.27615502, -0.25320603, -0.22282269, -0.19135369, -0.16236626, -0.13688551, -0.11473708, -0.09551487, -0.07894886, -0.06483079, -0.05294159, -0.04304736, -0.03487370, -0.02816977, -0.02269217, -0.01823793, -0.01462777, -0.01171119, -0.00936246, -0.00747443, -0.00596052, -0.00474795, -0.00377779, -0.00300252, -0.00238427, -0.00189073, -0.00149692, -0.00118284, -0.00093297, -0.00073383, -0.00057485, -0.00044783, -0.00034659, -0.00026579, -0.00020101, -0.00014934, -0.00010797, -0.00007481, -0.00004827, -0.00002709, -0.00001025, 0.00000323, 0.00001403, 0.00002258, 0.00002937, 0.00003444, 0.00003830, 0.00004120, 0.00004327, 0.00004463, 0.00004540, 0.00004566, 0.00004551, 0.00004503, 0.00004429, 0.00004342, 0.00004231, 0.00004107, 0.00003967, 0.00003817, 0.00003662
-0.56290778, -0.53296035, -0.45626442, -0.36816840, -0.29210461, -0.23366510, -0.18900446, -0.15329440, -0.12369888, -0.09905503, -0.07878867, -0.06237233, -0.04923175, -0.03876311, -0.03045569, -0.02387167, -0.01867250, -0.01457728, -0.01136221, -0.00884465, -0.00687625, -0.00534032, -0.00414264, -0.00320948, -0.00248321, -0.00191938, -0.00148088, -0.00113987, -0.00087477, -0.00066947, -0.00050992, -0.00038560, -0.00028856, -0.00021311, -0.00015430, -0.00010810, -0.00007207, -0.00004378, -0.00002150, -0.00000401, 0.00000967, 0.00002028, 0.00002865, 0.00003527, 0.00004037, 0.00004432, 0.00004703, 0.00004894, 0.00005025, 0.00005100, 0.00005126, 0.00005110, 0.00005058, 0.00004976, 0.00004871, 0.00004747, 0.00004618, 0.00004471, 0.00004314, 0.00004144, 0.00003967, 0.00003788
-246.33620336, -94.12421585, -9.77224671, 0.40641647, 0.20601924, -0.40972250, -0.53069134, -0.40285570, -0.21566757, -0.12701674, -0.08078301, -0.06505178, -0.05342857, -0.03655496, -0.02298799, -0.01658030, -0.01668657, -0.01223229, -0.00640508, -0.00280809, -0.00131696, -0.00500646, -0.00392308, 0.00053902, 0.00054623, -0.00219678, -0.00140056, 0.00012749, -0.00052051, 0.00038031, 0.00082259, -0.00109549, 0.00078710, 0.00008218, 0.00026775, 0.00071939, -0.00066029, 0.00045002, -0.00027679, 0.00058671, -0.00053836, 0.00000107, -0.00022927, 0.00053137, 0.00026682, 0.00015387, -0.00028758, 0.00047430, 0.00004960, 0.00031672, -0.00029880, 0.00004259, -0.00015447, 0.00036188, -0.00016733, 0.00024072, -0.00021540, 0.00022712, 0.00005797, 0.00027314, -0.00009643, 0.00000617
-0.60590901, -0.56521450, -0.46515363, -0.35781631, -0.27210301, -0.21059107, -0.16577152, -0.13105750, -0.10306448, -0.08037950, -0.06227367, -0.04803710, -0.03696628, -0.02839266, -0.02176752, -0.01665434, -0.01271872, -0.00969691, -0.00738421, -0.00561752, -0.00427024, -0.00324382, -0.00246194, -0.00186695, -0.00141524, -0.00107171, -0.00080974, -0.00061057, -0.00045942, -0.00034416, -0.00025585, -0.00018815, -0.00013638, -0.00009656, -0.00006576, -0.00004169, -0.00002302, -0.00000842, 0.00000296, 0.00001179, 0.00001869, 0.00002421, 0.00002853, 0.00003181, 0.00003420, 0.00003601, 0.00003724, 0.00003803, 0.00003842, 0.00003845, 0.00003818, 0.00003765, 0.00003692, 0.00003602, 0.00003501, 0.00003392, 0.00003277, 0.00003146, 0.00003010, 0.00002871, 0.00002733, 0.00002598
-356.53853574, -97.48537343, -6.40312375, 0.76822874, 0.25399016, -0.27429180, -0.40983462, -0.33892615, -0.11997743, -0.06845425, -0.03624536, -0.04364971, -0.04523483, -0.02384395, -0.00693914, -0.00583254, -0.01917749, -0.01466902, -0.00294295, 0.00368700, 0.00513851, -0.00865139, -0.00726838, 0.00503573, 0.00424796, -0.00477097, -0.00293415, 0.00137179, -0.00086582, 0.00164635, 0.00291126, -0.00308736, 0.00252231, 0.00035944, 0.00084252, 0.00222925, -0.00204796, 0.00131638, -0.00091840, 0.00169902, -0.00172668, -0.00011705, -0.00081133, 0.00148261, 0.00069948, 0.00032939, -0.00100438, 0.00129480, 0.00002000, 0.00082432, -0.00103898, -0.00001048, -0.00060199, 0.00097183, -0.00063252, 0.00061453, -0.00077609, 0.00057973, 0.00006348, 0.00073363, -0.00039618, -0.00007163
-175.20770322, -62.46250381, -6.40153289, -0.09656822, -0.07327795, -0.34220820, -0.37405503, -0.28253232, -0.15098602, -0.09168587, -0.05759921, -0.04573432, -0.03708378, -0.02426517, -0.01437249, -0.01037843, -0.01162759, -0.00850135, -0.00391451, -0.00115927, -0.00016102, -0.00367126, -0.00291990, 0.00086521, 0.00077670, -0.00171204, -0.00107526, 0.00022787, -0.00037447, 0.00039209, 0.00076979, -0.00093394, 0.00070935, 0.00008601, 0.00024153, 0.00063915, -0.00058106, 0.00039425, -0.00024709, 0.00051142, -0.00047843, -0.00000626, -0.00020819, 0.00045911, 0.00022796, 0.00012628, -0.00026124, 0.00040731, 0.00003503, 0.00026908, -0.00027178, 0.00002740, -0.00014553, 0.00030863, -0.00015655, 0.00020265, -0.00019895, 0.00019076, 0.00004159, 0.00023192, -0.00009367, -0.00000247
-0.16330789, -0.15968836, -0.14938845, -0.13491364, -0.11877196, -0.10276410, -0.08783449, -0.07434786, -0.06238790, -0.05193493, -0.04293751, -0.03528683, -0.02885974, -0.02350716, -0.01908383, -0.01544931, -0.01247767, -0.01005720, -0.00809295, -0.00650334, -0.00522004, -0.00418605, -0.00335380, -0.00268491, -0.00214829, -0.00171762, -0.00137160, -0.00109422, -0.00087204, -0.00069380, -0.00055058, -0.00043548, -0.00034311, -0.00026883, -0.00020901, -0.00016064, -0.00012172, -0.00009032, -0.00006500, -0.00004462, -0.00002820, -0.00001489, -0.00000418, 0.00000438, 0.00001114, 0.00001656, 0.00002075, 0.00002398, 0.00002640, 0.00002815, 0.00002932, 0.00003002, 0.00003033, 0.00003034, 0.00003010, 0.00002967, 0.00002911, 0.00002834, 0.00002745, 0.00002649, 0.00002549, 0.00002446
-12.87655399, -8.76606540, -3.28793542, -1.07348830, -0.49736468, -0.35935870, -0.28754452, -0.21670602, -0.15299502, -0.10488730, -0.07225943, -0.05086849, -0.03646567, -0.02628497, -0.01888793, -0.01351210, -0.00966053, -0.00691706, -0.00497112, -0.00358704, -0.00259617, -0.00188965, -0.00137094, -0.00098911, -0.00072044, -0.00053058, -0.00038581, -0.00027830, -0.00020313, -0.00014461, -0.00010104, -0.00007211, -0.00004402, -0.00002665, -0.00001152, 0.00000104, 0.00000790, 0.00001752, 0.00002217, 0.00002853, 0.00003017, 0.00003447, 0.00003660, 0.00004003, 0.00004080, 0.00004159, 0.00004133, 0.00004310, 0.00004223, 0.00004243, 0.00004064, 0.00004048, 0.00003907, 0.00003889, 0.00003664, 0.00003611, 0.00003389, 0.00003318, 0.00003128, 0.00003008, 0.00002784, 0.00002651
-10.96744445, -7.65932556, -3.04579596, -1.05705179, -0.50187165, -0.35739703, -0.28309118, -0.21348835, -0.15165934, -0.10469842, -0.07249889, -0.05115886, -0.03670424, -0.02647994, -0.01905625, -0.01365702, -0.00977812, -0.00701121, -0.00504544, -0.00364442, -0.00263961, -0.00191930, -0.00139314, -0.00100829, -0.00073472, -0.00053917, -0.00039235, -0.00028394, -0.00020680, -0.00014788, -0.00010380, -0.00007289, -0.00004579, -0.00002755, -0.00001235, 0.00000008, 0.00000804, 0.00001693, 0.00002218, 0.00002795, 0.00003046, 0.00003437, 0.00003669, 0.00003956, 0.00004055, 0.00004143, 0.00004150, 0.00004271, 0.00004217, 0.00004216, 0.00004084, 0.00004043, 0.00003917, 0.00003862, 0.00003676, 0.00003593, 0.00003405, 0.00003302, 0.00003125, 0.00002989, 0.00002792, 0.00002652
-0.26396614, -0.25508668, -0.23091638, -0.19966186, -0.16822724, -0.14008016, -0.11595267, -0.09545144, -0.07804407, -0.06334427, -0.05108116, -0.04096606, -0.03271636, -0.02603883, -0.02066588, -0.01636090, -0.01292561, -0.01019234, -0.00802491, -0.00631024, -0.00495664, -0.00388988, -0.00304977, -0.00238903, -0.00187039, -0.00146297, -0.00114242, -0.00089085, -0.00069366, -0.00053872, -0.00041668, -0.00032055, -0.00024497, -0.00018536, -0.00013824, -0.00010078, -0.00007118, -0.00004769, -0.00002907, -0.00001437, -0.00000272, 0.00000660, 0.00001397, 0.00001973, 0.00002414, 0.00002759, 0.00003013, 0.00003199, 0.00003325, 0.00003401, 0.00003436, 0.00003435, 0.00003405, 0.00003354, 0.00003286, 0.00003205, 0.00003115, 0.00003008, 0.00002893, 0.00002774, 0.00002653, 0.00002533
-0.14381744, -0.14095208, -0.13272065, -0.12094124, -0.10750452, -0.09387023, -0.08089809, -0.06899283, -0.05830537, -0.04887026, -0.04067660, -0.03364987, -0.02769893, -0.02270443, -0.01854629, -0.01510553, -0.01227363, -0.00995183, -0.00805555, -0.00651155, -0.00525732, -0.00424068, -0.00341755, -0.00275207, -0.00221503, -0.00178152, -0.00143124, -0.00114881, -0.00092128, -0.00073771, -0.00058939, -0.00046954, -0.00037282, -0.00029461, -0.00023130, -0.00017985, -0.00013824, -0.00010449, -0.00007714, -0.00005501, -0.00003708, -0.00002250, -0.00001069, -0.00000120, 0.00000637, 0.00001246, 0.00001723, 0.00002096, 0.00002380, 0.00002590, 0.00002738, 0.00002835, 0.00002889, 0.00002909, 0.00002902, 0.00002874, 0.00002831, 0.00002765, 0.00002687, 0.00002600, 0.00002507, 0.00002411
-2.87142118, -2.37349585, -1.42343789, -0.76540294, -0.45393641, -0.31666301, -0.23996632, -0.18258149, -0.13583158, -0.09920440, -0.07203143, -0.05245295, -0.03839311, -0.02817391, -0.02066339, -0.01512318, -0.01105092, -0.00807188, -0.00590055, -0.00431797, -0.00316276, -0.00231811, -0.00169913, -0.00124569, -0.00091447, -0.00067144, -0.00049186, -0.00035958, -0.00026237, -0.00019006, -0.00013566, -0.00009464, -0.00006379, -0.00004028, -0.00002212, -0.00000779, 0.00000340, 0.00001226, 0.00001925, 0.00002470, 0.00002900, 0.00003259, 0.00003544, 0.00003759, 0.00003908, 0.00004018, 0.00004086, 0.00004123, 0.00004127, 0.00004101, 0.00004047, 0.00003971, 0.00003875, 0.00003766, 0.00003647, 0.00003522, 0.00003392, 0.00003244, 0.00003092, 0.00002939, 0.00002788, 0.00002641
-11.20518310, -7.58126819, -3.06149566, -1.25849545, -0.67723852, -0.44816629, -0.31512102, -0.21893055, -0.14814008, -0.09874733, -0.06574801, -0.04417601, -0.03000492, -0.02050554, -0.01404993, -0.00963883, -0.00663651, -0.00457897, -0.00317277, -0.00221549, -0.00156021, -0.00112070, -0.00080471, -0.00057211, -0.00041667, -0.00031398, -0.00023132, -0.00016763, -0.00012521, -0.00008916, -0.00006205, -0.00004654, -0.00002458, -0.00001301, -0.00000139, 0.00000875, 0.00001270, 0.00002212, 0.00002529, 0.00003161, 0.00003163, 0.00003570, 0.00003692, 0.00004030, 0.00004021, 0.00004024, 0.00003878, 0.00004040, 0.00003842, 0.00003821, 0.00003522, 0.00003471, 0.00003257, 0.00003238, 0.00002933, 0.00002882, 0.00002600, 0.00002559, 0.00002359, 0.00002267, 0.00002031, 0.00001933
-0.06189412, -0.06122017, -0.05920528, -0.05605389, -0.05206438, -0.04753324, -0.04274341, -0.03793077, -0.03327683, -0.02891014, -0.02490605, -0.02130312, -0.01811305, -0.01532260, -0.01290887, -0.01083846, -0.00907562, -0.00758324, -0.00632563, -0.00527025, -0.00438692, -0.00364965, -0.00303521, -0.00252357, -0.00209795, -0.00174419, -0.00144982, -0.00120503, -0.00100141, -0.00083194, -0.00069074, -0.00057300, -0.00047471, -0.00039260, -0.00032397, -0.00026646, -0.00021839, -0.00017812, -0.00014440, -0.00011619, -0.00009258, -0.00007280, -0.00005628, -0.00004249, -0.00003103, -0.00002144, -0.00001360, -0.00000715, -0.00000187, 0.00000242, 0.00000585, 0.00000856, 0.00001068, 0.00001230, 0.00001352, 0.00001440, 0.00001503, 0.00001538, 0.00001554, 0.00001555, 0.00001544, 0.00001524
-0.05420689, -0.05365949, -0.05202013, -0.04943950, -0.04614708, -0.04237252, -0.03834199, -0.03425029, -0.03025311, -0.02646531, -0.02295855, -0.01977373, -0.01692858, -0.01441817, -0.01222858, -0.01033510, -0.00871034, -0.00732447, -0.00614808, -0.00515393, -0.00431610, -0.00361217, -0.00302172, -0.00252695, -0.00211285, -0.00176661, -0.00147680, -0.00123445, -0.00103173, -0.00086207, -0.00071997, -0.00060085, -0.00050091, -0.00041699, -0.00034650, -0.00028713, -0.00023727, -0.00019529, -0.00015996, -0.00013025, -0.00010525, -0.00008421, -0.00006653, -0.00005169, -0.00003927, -0.00002882, -0.00002019, -0.00001303, -0.00000711, -0.00000224, 0.00000170, 0.00000488, 0.00000742, 0.00000942, 0.00001097, 0.00001214, 0.00001305, 0.00001364, 0.00001401, 0.00001421, 0.00001427, 0.00001421
-0.41803719, -0.40041457, -0.35361838, -0.29555277, -0.23973164, -0.19173891, -0.15214954, -0.11986493, -0.09369505, -0.07268562, -0.05601091, -0.04293213, -0.03277986, -0.02495210, -0.01895263, -0.01436976, -0.01088149, -0.00823240, -0.00622510, -0.00470700, -0.00355927, -0.00269319, -0.00203931, -0.00154471, -0.00117073, -0.00088810, -0.00067338, -0.00050989, -0.00038539, -0.00029028, -0.00021721, -0.00016083, -0.00011707, -0.00008299, -0.00005643, -0.00003558, -0.00001916, -0.00000615, 0.00000406, 0.00001197, 0.00001814, 0.00002297, 0.00002666, 0.00002938, 0.00003130, 0.00003263, 0.00003331, 0.00003357, 0.00003348, 0.00003311, 0.00003243, 0.00003153, 0.00003047, 0.00002934, 0.00002816, 0.00002691, 0.00002569, 0.00002441, 0.00002314, 0.00002190, 0.00002073, 0.00001962
-4.08581159, -3.25819615, -1.85199178, -0.99491074, -0.59758264, -0.40279088, -0.28535242, -0.20266553, -0.14199113, -0.09829498, -0.06771276, -0.04670136, -0.03233689, -0.02245856, -0.01562349, -0.01087320, -0.00757466, -0.00528753, -0.00370401, -0.00260768, -0.00184502, -0.00131453, -0.00094266, -0.00067938, -0.00049306, -0.00036104, -0.00026506, -0.00019437, -0.00014242, -0.00010338, -0.00007349, -0.00005035, -0.00003166, -0.00001686, -0.00000493, 0.00000475, 0.00001268, 0.00001944, 0.00002475, 0.00002894, 0.00003211, 0.00003478, 0.00003672, 0.00003811, 0.00003886, 0.00003921, 0.00003902, 0.00003862, 0.00003788, 0.00003700, 0.00003574, 0.00003435, 0.00003282, 0.00003131, 0.00002972, 0.00002817, 0.00002660, 0.00002506, 0.00002353, 0.00002210, 0.00002072, 0.00001949
-0.12186869, -0.11984761, -0.11391784, -0.10506590, -0.09448096, -0.08321192, -0.07205716, -0.06153513, -0.05194448, -0.04342966, -0.03601778, -0.02966983, -0.02430844, -0.01982663, -0.01611508, -0.01306170, -0.01056471, -0.00853154, -0.00688165, -0.00554692, -0.00446879, -0.00359978, -0.00289978, -0.00233582, -0.00188171, -0.00151623, -0.00122145, -0.00098365, -0.00079175, -0.00063671, -0.00051122, -0.00040951, -0.00032691, -0.00025977, -0.00020517, -0.00016061, -0.00012434, -0.00009473, -0.00007060, -0.00005100, -0.00003505, -0.00002208, -0.00001158, -0.00000313, 0.00000361, 0.00000902, 0.00001316, 0.00001636, 0.00001876, 0.00002051, 0.00002169, 0.00002240, 0.00002275, 0.00002282, 0.00002267, 0.00002233, 0.00002190, 0.00002131, 0.00002064, 0.00001992, 0.00001917, 0.00001842
-0.09296316, -0.09151632, -0.08730858, -0.08100378, -0.07343884, -0.06534428, -0.05726506, -0.04956679, -0.04245805, -0.03604096, -0.03036092, -0.02541102, -0.02115080, -0.01752608, -0.01446733, -0.01190609, -0.00977281, -0.00800539, -0.00654653, -0.00534639, -0.00436185, -0.00355555, -0.00289619, -0.00235826, -0.00191939, -0.00156127, -0.00126912, -0.00103133, -0.00083742, -0.00067914, -0.00054993, -0.00044450, -0.00035835, -0.00028786, -0.00023013, -0.00018268, -0.00014388, -0.00011211, -0.00008609, -0.00006471, -0.00004714, -0.00003277, -0.00002105, -0.00001153, -0.00000379, 0.00000256, 0.00000758, 0.00001156, 0.00001466, 0.00001703, 0.00001879, 0.00002005, 0.00002089, 0.00002141, 0.00002163, 0.00002160, 0.00002143, 0.00002107, 0.00002059, 0.00002003, 0.00001939, 0.00001870
-0.11999004, -0.11773138, -0.11123808, -0.10178093, -0.09081607, -0.07949911, -0.06857617, -0.05846409, -0.04935209, -0.04129975, -0.03430724, -0.02832169, -0.02325766, -0.01901878, -0.01549669, -0.01259108, -0.01020566, -0.00825640, -0.00666877, -0.00537978, -0.00433594, -0.00349176, -0.00280997, -0.00226055, -0.00181772, -0.00146064, -0.00117278, -0.00094128, -0.00075469, -0.00060410, -0.00048257, -0.00038452, -0.00030530, -0.00024119, -0.00018923, -0.00014695, -0.00011276, -0.00008505, -0.00006262, -0.00004436, -0.00002951, -0.00001749, -0.00000783, -0.00000009, 0.00000613, 0.00001116, 0.00001503, 0.00001802, 0.00002026, 0.00002189, 0.00002300, 0.00002370, 0.00002406, 0.00002415, 0.00002400, 0.00002365, 0.00002319, 0.00002257, 0.00002188, 0.00002113, 0.00002032, 0.00001948
-1.84875997, -1.57749362, -1.03348459, -0.61912248, -0.39387786, -0.27736644, -0.20666369, -0.15515700, -0.11499247, -0.08409436, -0.06110626, -0.04438986, -0.03230842, -0.02354937, -0.01715612, -0.01248317, -0.00907076, -0.00658891, -0.00478794, -0.00348246, -0.00253618, -0.00184845, -0.00134807, -0.00098507, -0.00072064, -0.00052700, -0.00038506, -0.00028156, -0.00020509, -0.00014794, -0.00010514, -0.00007312, -0.00004878, -0.00003004, -0.00001543, -0.00000378, 0.00000530, 0.00001244, 0.00001800, 0.00002257, 0.00002631, 0.00002923, 0.00003140, 0.00003296, 0.00003413, 0.00003502, 0.00003545, 0.00003556, 0.00003537, 0.00003492, 0.00003425, 0.00003342, 0.00003247, 0.00003144, 0.00003027, 0.00002899, 0.00002771, 0.00002636, 0.00002503, 0.00002372, 0.00002241, 0.00002112
-0.09844460, -0.09684751, -0.09221278, -0.08530883, -0.07708331, -0.06834800, -0.05969124, -0.05149407, -0.04396571, -0.03720221, -0.03124133, -0.02606753, -0.02163189, -0.01787168, -0.01470976, -0.01207090, -0.00988019, -0.00807077, -0.00658181, -0.00536048, -0.00436146, -0.00354561, -0.00288031, -0.00233901, -0.00189860, -0.00154017, -0.00124855, -0.00101182, -0.00081928, -0.00066251, -0.00053486, -0.00043097, -0.00034629, -0.00027717, -0.00022070, -0.00017438, -0.00013661, -0.00010575, -0.00008054, -0.00005987, -0.00004293, -0.00002910, -0.00001786, -0.00000876, -0.00000137, 0.00000467, 0.00000941, 0.00001315, 0.00001605, 0.00001823, 0.00001984, 0.00002096, 0.00002169, 0.00002210, 0.00002223, 0.00002212, 0.00002188, 0.00002145, 0.00002092, 0.00002031, 0.00001963, 0.00001891
-0.60233333, -0.55983040, -0.45663663, -0.34771644, -0.26174397, -0.20022884, -0.15545938, -0.12108246, -0.09379605, -0.07207451, -0.05502001, -0.04182526, -0.03171219, -0.02400279, -0.01813440, -0.01367722, -0.01029774, -0.00774298, -0.00581630, -0.00436628, -0.00327676, -0.00245800, -0.00184295, -0.00138222, -0.00103639, -0.00077618, -0.00058040, -0.00043372, -0.00032308, -0.00023917, -0.00017549, -0.00012721, -0.00009033, -0.00006197, -0.00004002, -0.00002278, -0.00000946, 0.00000090, 0.00000893, 0.00001533, 0.00002043, 0.00002439, 0.00002738, 0.00002956, 0.00003121, 0.00003247, 0.00003320, 0.00003356, 0.00003358, 0.00003332, 0.00003283, 0.00003215, 0.00003134, 0.00003043, 0.00002939, 0.00002824, 0.00002708, 0.00002584, 0.00002461, 0.00002339, 0.00002216, 0.00002095
-0.05820228, -0.05754188, -0.05559819, -0.05257310, -0.04877277, -0.04449555, -0.04000771, -0.03552986, -0.03121877, -0.02717595, -0.02347000, -0.02013227, -0.01716808, -0.01456903, -0.01231152, -0.01036837, -0.00870659, -0.00729392, -0.00609841, -0.00509094, -0.00424477, -0.00353564, -0.00294255, -0.00244773, -0.00203516, -0.00169124, -0.00140466, -0.00116642, -0.00096808, -0.00080289, -0.00066530, -0.00055073, -0.00045525, -0.00037560, -0.00030911, -0.00025343, -0.00020704, -0.00016829, -0.00013593, -0.00010884, -0.00008618, -0.00006726, -0.00005148, -0.00003835, -0.00002742, -0.00001826, -0.00001076, -0.00000459, 0.00000045, 0.00000453, 0.00000781, 0.00001040, 0.00001243, 0.00001398, 0.00001512, 0.00001592, 0.00001647, 0.00001675, 0.00001684, 0.00001678, 0.00001659, 0.00001629
-0.07718011, -0.07612594, -0.07304164, -0.06834066, -0.06258252, -0.05628205, -0.04985621, -0.04361321, -0.03774832, -0.03237168, -0.02754556, -0.02328409, -0.01957021, -0.01637221, -0.01364248, -0.01133168, -0.00938674, -0.00775865, -0.00640147, -0.00527435, -0.00434090, -0.00356941, -0.00293286, -0.00240881, -0.00197754, -0.00162259, -0.00133055, -0.00109080, -0.00089366, -0.00073142, -0.00059790, -0.00048806, -0.00039758, -0.00032297, -0.00026139, -0.00021040, -0.00016839, -0.00013370, -0.00010507, -0.00008138, -0.00006177, -0.00004558, -0.00003227, -0.00002135, -0.00001237, -0.00000495, 0.00000101, 0.00000581, 0.00000963, 0.00001263, 0.00001495, 0.00001669, 0.00001796, 0.00001885, 0.00001940, 0.00001967, 0.00001976, 0.00001962, 0.00001934, 0.00001895, 0.00001847, 0.00001792
-0.06011206, -0.05941586, -0.05736788, -0.05418723, -0.05020172, -0.04572916, -0.04105031, -0.03639531, -0.03192568, -0.02774482, -0.02392138, -0.02048559, -0.01744086, -0.01477661, -0.01246715, -0.01048302, -0.00878931, -0.00735204, -0.00613778, -0.00511622, -0.00425960, -0.00354283, -0.00294429, -0.00244568, -0.00203056, -0.00168501, -0.00139750, -0.00115880, -0.00096037, -0.00079532, -0.00065804, -0.00054388, -0.00044886, -0.00036971, -0.00030371, -0.00024852, -0.00020258, -0.00016427, -0.00013231, -0.00010560, -0.00008328, -0.00006466, -0.00004917, -0.00003630, -0.00002559, -0.00001663, -0.00000931, -0.00000330, 0.00000159, 0.00000555, 0.00000870, 0.00001119, 0.00001313, 0.00001460, 0.00001567, 0.00001640, 0.00001690, 0.00001712, 0.00001717, 0.00001706, 0.00001684, 0.00001651
-0.19819274, -0.19259178, -0.17705325, -0.15605087, -0.13379422, -0.11280951, -0.09408151, -0.07778126, -0.06378289, -0.05189567, -0.04193671, -0.03369759, -0.02695019, -0.02147596, -0.01706107, -0.01352064, -0.01069189, -0.00844080, -0.00665402, -0.00523976, -0.00412268, -0.00324120, -0.00254639, -0.00199996, -0.00156996, -0.00123128, -0.00096459, -0.00075519, -0.00059026, -0.00046008, -0.00035735, -0.00027633, -0.00021226, -0.00016148, -0.00012114, -0.00008891, -0.00006338, -0.00004309, -0.00002700, -0.00001411, -0.00000381, 0.00000436, 0.00001076, 0.00001573, 0.00001962, 0.00002268, 0.00002490, 0.00002647, 0.00002752, 0.00002812, 0.00002835, 0.00002830, 0.00002801, 0.00002755, 0.00002692, 0.00002614, 0.00002531, 0.00002437, 0.00002339, 0.00002239, 0.00002137, 0.00002034
-62.40491882, -29.44798688, -6.46810095, -1.90791420, -0.98784459, -0.67416849, -0.47297777, -0.31763804, -0.19941186, -0.12607247, -0.07997570, -0.05280386, -0.03561587, -0.02344611, -0.01527399, -0.01031900, -0.00770103, -0.00528346, -0.00326784, -0.00198634, -0.00128348, -0.00152305, -0.00113985, -0.00031476, -0.00021490, -0.00055775, -0.00037936, -0.00010727, -0.00017431, -0.00001127, 0.00007541, -0.00019648, 0.00010509, 0.00000945, 0.00004892, 0.00012574, -0.00007449, 0.00010003, -0.00000544, 0.00012943, -0.00003845, 0.00004621, 0.00001222, 0.00012855, 0.00008759, 0.00007052, 0.00000227, 0.00011715, 0.00005054, 0.00008926, -0.00000656, 0.00004335, 0.00001114, 0.00008730, 0.00000472, 0.00006448, -0.00000653, 0.00005859, 0.00003136, 0.00006226, 0.00000512, 0.00001932
-2.50461830, -2.19516181, -1.55416096, -1.02398096, -0.69005689, -0.48512745, -0.34906754, -0.25182270, -0.18032388, -0.12800711, -0.09033167, -0.06356479, -0.04470597, -0.03144590, -0.02212035, -0.01556154, -0.01095195, -0.00771634, -0.00544903, -0.00385974, -0.00274513, -0.00196276, -0.00140960, -0.00101741, -0.00073953, -0.00053995, -0.00039435, -0.00028848, -0.00021033, -0.00015161, -0.00010676, -0.00007193, -0.00004467, -0.00002329, -0.00000632, 0.00000792, 0.00001929, 0.00002824, 0.00003515, 0.00004074, 0.00004513, 0.00004836, 0.00005057, 0.00005189, 0.00005245, 0.00005255, 0.00005203, 0.00005117, 0.00004983, 0.00004811, 0.00004618, 0.00004416, 0.00004209, 0.00003993, 0.00003774, 0.00003558, 0.00003356, 0.00003154, 0.00002966, 0.00002794, 0.00002635, 0.00002488
-0.19003565, -0.18662982, -0.17662650, -0.16184816, -0.14435575, -0.12595779, -0.10798195, -0.09125209, -0.07620200, -0.06301126, -0.05168391, -0.04210770, -0.03412293, -0.02753437, -0.02214427, -0.01776446, -0.01422459, -0.01137537, -0.00908913, -0.00725902, -0.00579657, -0.00462955, -0.00369792, -0.00295449, -0.00236166, -0.00188810, -0.00150893, -0.00120580, -0.00096292, -0.00076795, -0.00061115, -0.00048479, -0.00038287, -0.00030059, -0.00023407, -0.00017988, -0.00013611, -0.00010072, -0.00007214, -0.00004899, -0.00003030, -0.00001528, -0.00000331, 0.00000617, 0.00001358, 0.00001944, 0.00002379, 0.00002703, 0.00002930, 0.00003076, 0.00003159, 0.00003195, 0.00003192, 0.00003157, 0.00003097, 0.00003019, 0.00002936, 0.00002836, 0.00002733, 0.00002628, 0.00002523, 0.00002419
-0.44723753, -0.43226920, -0.39107078, -0.33679509, -0.28079822, -0.22943451, -0.18494515, -0.14749375, -0.11651258, -0.09127251, -0.07100276, -0.05491840, -0.04229555, -0.03246805, -0.02486294, -0.01900645, -0.01451155, -0.01107141, -0.00844424, -0.00644051, -0.00491411, -0.00375237, -0.00286665, -0.00219137, -0.00167695, -0.00128368, -0.00098174, -0.00075044, -0.00057256, -0.00043521, -0.00032874, -0.00024586, -0.00018121, -0.00013071, -0.00009113, -0.00005956, -0.00003481, -0.00001541, -0.00000028, 0.00001165, 0.00002097, 0.00002812, 0.00003349, 0.00003740, 0.00004010, 0.00004198, 0.00004297, 0.00004336, 0.00004317, 0.00004250, 0.00004150, 0.00004029, 0.00003892, 0.00003740, 0.00003580, 0.00003415, 0.00003258, 0.00003094, 0.00002937, 0.00002788, 0.00002647, 0.00002512
-10.31870049, -7.49638237, -3.54079178, -1.66813438, -0.94674115, -0.62116452, -0.42834965, -0.29453242, -0.19909277, -0.13293835, -0.08850441, -0.05918221, -0.03985435, -0.02698424, -0.01832588, -0.01247258, -0.00851514, -0.00583505, -0.00402268, -0.00279542, -0.00196137, -0.00139604, -0.00099913, -0.00071754, -0.00052462, -0.00038964, -0.00028694, -0.00021078, -0.00015581, -0.00011178, -0.00007754, -0.00005263, -0.00002847, -0.00001177, 0.00000281, 0.00001575, 0.00002432, 0.00003367, 0.00003902, 0.00004515, 0.00004783, 0.00005143, 0.00005308, 0.00005507, 0.00005504, 0.00005480, 0.00005353, 0.00005341, 0.00005132, 0.00004971, 0.00004682, 0.00004502, 0.00004253, 0.00004082, 0.00003784, 0.00003601, 0.00003334, 0.00003172, 0.00002957, 0.00002804, 0.00002599, 0.00002460
-0.13000477, -0.12817903, -0.12272916, -0.11443197, -0.10423080, -0.09304493, -0.08165669, -0.07064226, -0.06037753, -0.05108394, -0.04285864, -0.03570370, -0.02957308, -0.02438053, -0.02002522, -0.01640062, -0.01340240, -0.01093427, -0.00891058, -0.00725624, -0.00590655, -0.00480761, -0.00391297, -0.00318514, -0.00259355, -0.00211213, -0.00171968, -0.00140023, -0.00113973, -0.00092701, -0.00075306, -0.00061061, -0.00049385, -0.00039808, -0.00031944, -0.00025448, -0.00020119, -0.00015740, -0.00012145, -0.00009186, -0.00006755, -0.00004765, -0.00003142, -0.00001823, -0.00000759, 0.00000108, 0.00000788, 0.00001325, 0.00001737, 0.00002046, 0.00002273, 0.00002432, 0.00002537, 0.00002596, 0.00002619, 0.00002613, 0.00002592, 0.00002547, 0.00002489, 0.00002424, 0.00002353, 0.00002277
-0.16213542, -0.15951781, -0.15177176, -0.14016904, -0.12619553, -0.11122078, -0.09632154, -0.08222155, -0.06934406, -0.05790135, -0.04794940, -0.03943485, -0.03225357, -0.02626276, -0.02131039, -0.01724574, -0.01392839, -0.01123303, -0.00905073, -0.00728818, -0.00586738, -0.00472394, -0.00380353, -0.00306304, -0.00246776, -0.00198848, -0.00160180, -0.00129028, -0.00103882, -0.00083550, -0.00067081, -0.00053721, -0.00042870, -0.00034052, -0.00026877, -0.00020997, -0.00016218, -0.00012327, -0.00009163, -0.00006583, -0.00004484, -0.00002784, -0.00001415, -0.00000320, 0.00000550, 0.00001247, 0.00001777, 0.00002185, 0.00002483, 0.00002692, 0.00002831, 0.00002913, 0.00002951, 0.00002952, 0.00002924, 0.00002873, 0.00002814, 0.00002734, 0.00002648, 0.00002557, 0.00002465, 0.00002371
-0.10823612, -0.10687553, -0.10279054, -0.09650050, -0.08865422, -0.07990669, -0.07084737, -0.06193786, -0.05350157, -0.04574773, -0.03878668, -0.03264883, -0.02732119, -0.02275189, -0.01887316, -0.01560774, -0.01287663, -0.01060428, -0.00872145, -0.00716674, -0.00588604, -0.00483317, -0.00396808, -0.00325796, -0.00267555, -0.00219749, -0.00180452, -0.00148195, -0.00121676, -0.00099849, -0.00081861, -0.00067018, -0.00054760, -0.00044630, -0.00036250, -0.00029283, -0.00023524, -0.00018756, -0.00014810, -0.00011539, -0.00008830, -0.00006593, -0.00004750, -0.00003238, -0.00002001, -0.00000982, -0.00000168, 0.00000487, 0.00001004, 0.00001407, 0.00001715, 0.00001946, 0.00002115, 0.00002230, 0.00002302, 0.00002340, 0.00002358, 0.00002345, 0.00002317, 0.00002277, 0.00002227, 0.00002170
-0.14972921, -0.14724322, -0.13999616, -0.12933841, -0.11675093, -0.10351363, -0.09050633, -0.07824354, -0.06698921, -0.05686666, -0.04792770, -0.04013864, -0.03344103, -0.02773749, -0.02292299, -0.01888519, -0.01551912, -0.01272527, -0.01041566, -0.00851277, -0.00694902, -0.00566701, -0.00461737, -0.00375927, -0.00305911, -0.00248776, -0.00202118, -0.00164091, -0.00133124, -0.00107876, -0.00087266, -0.00070441, -0.00056719, -0.00045512, -0.00036349, -0.00028833, -0.00022693, -0.00017666, -0.00013551, -0.00010187, -0.00007435, -0.00005177, -0.00003329, -0.00001825, -0.00000608, 0.00000385, 0.00001175, 0.00001806, 0.00002302, 0.00002684, 0.00002970, 0.00003177, 0.00003318, 0.00003404, 0.00003448, 0.00003456, 0.00003440, 0.00003389, 0.00003318, 0.00003231, 0.00003133, 0.00003027
-0.02109453, -0.02099092, -0.02067250, -0.02015868, -0.01946535, -0.01862233, -0.01766098, -0.01661297, -0.01550734, -0.01437163, -0.01323378, -0.01211292, -0.01102771, -0.00999021, -0.00901102, -0.00809584, -0.00724836, -0.00646945, -0.00575836, -0.00511334, -0.00453106, -0.00400790, -0.00353954, -0.00312171, -0.00275011, -0.00242033, -0.00212802, -0.00186977, -0.00164186, -0.00144093, -0.00126391, -0.00110808, -0.00097102, -0.00085049, -0.00074453, -0.00065122, -0.00056936, -0.00049743, -0.00043423, -0.00037869, -0.00032991, -0.00028702, -0.00024932, -0.00021621, -0.00018712, -0.00016147, -0.00013904, -0.00011935, -0.00010207, -0.00008693, -0.00007367, -0.00006207, -0.00005194, -0.00004309, -0.00003537, -0.00002865, -0.00002275, -0.00001770, -0.00001333, -0.00000957, -0.00000633, -0.00000356
-0.19527169, -0.19124497, -0.17971112, -0.16331130, -0.14474863, -0.12606015, -0.10839765, -0.09226932, -0.07784289, -0.06514194, -0.05413721, -0.04471919, -0.03675889, -0.03008990, -0.02454711, -0.01996754, -0.01620394, -0.01312239, -0.01060895, -0.00856509, -0.00690688, -0.00556451, -0.00447898, -0.00360236, -0.00289583, -0.00232623, -0.00186655, -0.00149632, -0.00119846, -0.00095846, -0.00076477, -0.00060844, -0.00048242, -0.00038067, -0.00029838, -0.00023159, -0.00017764, -0.00013392, -0.00009852, -0.00006991, -0.00004677, -0.00002796, -0.00001273, -0.00000050, 0.00000923, 0.00001707, 0.00002318, 0.00002795, 0.00003158, 0.00003426, 0.00003613, 0.00003734, 0.00003800, 0.00003823, 0.00003810, 0.00003770, 0.00003712, 0.00003623, 0.00003518, 0.00003402, 0.00003279, 0.00003151
-12.76101022, -9.07575698, -3.75679328, -1.35316943, -0.65109340, -0.46108788, -0.36436025, -0.27561970, -0.19690742, -0.13674452, -0.09516074, -0.06738759, -0.04847535, -0.03506046, -0.02530147, -0.01818561, -0.01305625, -0.00938723, -0.00677308, -0.00490424, -0.00356000, -0.00259199, -0.00188553, -0.00136948, -0.00100006, -0.00073409, -0.00053571, -0.00038936, -0.00028412, -0.00020449, -0.00014474, -0.00010157, -0.00006570, -0.00004041, -0.00001984, -0.00000316, 0.00000840, 0.00001987, 0.00002741, 0.00003479, 0.00003883, 0.00004381, 0.00004712, 0.00005061, 0.00005217, 0.00005344, 0.00005383, 0.00005508, 0.00005465, 0.00005456, 0.00005320, 0.00005252, 0.00005101, 0.00005006, 0.00004792, 0.00004665, 0.00004446, 0.00004292, 0.00004070, 0.00003884, 0.00003645, 0.00003457
-0.10935639, -0.10792503, -0.10368633, -0.09725835, -0.08935972, -0.08069981, -0.07185054, -0.06321632, -0.05505501, -0.04752295, -0.04071632, -0.03465544, -0.02933529, -0.02471438, -0.02073993, -0.01734659, -0.01446841, -0.01203918, -0.00999853, -0.00829069, -0.00686547, -0.00567932, -0.00469376, -0.00387624, -0.00319944, -0.00263927, -0.00217542, -0.00179206, -0.00147545, -0.00121376, -0.00099727, -0.00081814, -0.00067006, -0.00054751, -0.00044599, -0.00036166, -0.00029188, -0.00023401, -0.00018602, -0.00014626, -0.00011330, -0.00008592, -0.00006322, -0.00004445, -0.00002902, -0.00001622, -0.00000581, 0.00000269, 0.00000957, 0.00001506, 0.00001940, 0.00002275, 0.00002529, 0.00002715, 0.00002846, 0.00002930, 0.00002982, 0.00002991, 0.00002972, 0.00002932, 0.00002875, 0.00002806
-11.15347739, -8.08877550, -3.50617317, -1.32612275, -0.65218601, -0.45804356, -0.35928165, -0.27191493, -0.19522501, -0.13636641, -0.09532322, -0.06766626, -0.04873135, -0.03528106, -0.02549630, -0.01835650, -0.01319935, -0.00950326, -0.00686457, -0.00497482, -0.00361372, -0.00263124, -0.00191519, -0.00139307, -0.00101771, -0.00074624, -0.00054482, -0.00039650, -0.00028916, -0.00020848, -0.00014785, -0.00010326, -0.00006753, -0.00004157, -0.00002078, -0.00000403, 0.00000816, 0.00001935, 0.00002723, 0.00003436, 0.00003885, 0.00004365, 0.00004707, 0.00005030, 0.00005198, 0.00005329, 0.00005385, 0.00005483, 0.00005456, 0.00005438, 0.00005325, 0.00005244, 0.00005102, 0.00004989, 0.00004794, 0.00004653, 0.00004451, 0.00004281, 0.00004066, 0.00003873, 0.00003648, 0.00003457
-0.25466521, -0.24807013, -0.22958883, -0.20436880, -0.17725068, -0.15131767, -0.12786143, -0.10715113, -0.08908642, -0.07350101, -0.06023947, -0.04908588, -0.03981389, -0.03216924, -0.02591184, -0.02081532, -0.01668377, -0.01334612, -0.01065905, -0.00850150, -0.00677318, -0.00539124, -0.00428730, -0.00340659, -0.00270536, -0.00214674, -0.00170121, -0.00134660, -0.00106474, -0.00084025, -0.00066113, -0.00051817, -0.00040426, -0.00031330, -0.00024053, -0.00018206, -0.00013531, -0.00009782, -0.00006776, -0.00004373, -0.00002451, -0.00000900, 0.00000342, 0.00001327, 0.00002098, 0.00002710, 0.00003176, 0.00003531, 0.00003790, 0.00003969, 0.00004081, 0.00004137, 0.00004148, 0.00004122, 0.00004068, 0.00003992, 0.00003904, 0.00003787, 0.00003658, 0.00003521, 0.00003379, 0.00003235
-54.51297434, -29.47630502, -6.72087116, -1.25497143, -0.50000187, -0.46859436, -0.41811467, -0.31354575, -0.20897191, -0.13595511, -0.09067124, -0.06372194, -0.04610232, -0.03313063, -0.02350867, -0.01667828, -0.01208305, -0.00861203, -0.00604440, -0.00426046, -0.00304698, -0.00243456, -0.00177687, -0.00109624, -0.00079308, -0.00072769, -0.00051739, -0.00031207, -0.00026232, -0.00014556, -0.00007312, -0.00014345, -0.00000719, -0.00002672, 0.00000198, 0.00004025, -0.00002573, 0.00004626, 0.00001230, 0.00006704, 0.00000736, 0.00004268, 0.00003244, 0.00007856, 0.00006442, 0.00005979, 0.00003511, 0.00007936, 0.00005468, 0.00006971, 0.00003369, 0.00005241, 0.00003977, 0.00006772, 0.00003597, 0.00005753, 0.00003006, 0.00005318, 0.00004172, 0.00005168, 0.00002897, 0.00003273
-140.39317045, -58.88589512, -8.12526607, -0.63922934, -0.26134533, -0.45953057, -0.46164484, -0.34440248, -0.20729875, -0.12900432, -0.08361827, -0.06135173, -0.04646285, -0.03235837, -0.02161287, -0.01536847, -0.01300482, -0.00934545, -0.00561149, -0.00322016, -0.00200548, -0.00324092, -0.00246899, -0.00028379, -0.00014212, -0.00125731, -0.00082402, -0.00009131, -0.00034031, 0.00009086, 0.00030772, -0.00052458, 0.00032634, 0.00002179, 0.00011413, 0.00031983, -0.00028524, 0.00021247, -0.00010640, 0.00028002, -0.00021776, 0.00002519, -0.00007583, 0.00026398, 0.00014613, 0.00009739, -0.00009878, 0.00024067, 0.00005116, 0.00016984, -0.00010452, 0.00004691, -0.00004172, 0.00018678, -0.00004940, 0.00013086, -0.00007255, 0.00012263, 0.00004646, 0.00014043, -0.00002448, 0.00001976
-0.34844487, -0.33506386, -0.29923886, -0.25415207, -0.21028498, -0.17222135, -0.14042146, -0.11395185, -0.09186983, -0.07352641, -0.05846585, -0.04624490, -0.03643098, -0.02861088, -0.02240981, -0.01751482, -0.01366212, -0.01064012, -0.00827578, -0.00643046, -0.00499294, -0.00387432, -0.00300427, -0.00232905, -0.00180513, -0.00139804, -0.00108126, -0.00083587, -0.00064527, -0.00049676, -0.00038077, -0.00029040, -0.00021980, -0.00016443, -0.00012089, -0.00008637, -0.00005920, -0.00003774, -0.00002081, -0.00000745, 0.00000327, 0.00001179, 0.00001848, 0.00002364, 0.00002758, 0.00003073, 0.00003300, 0.00003461, 0.00003564, 0.00003619, 0.00003634, 0.00003615, 0.00003571, 0.00003506, 0.00003427, 0.00003330, 0.00003225, 0.00003104, 0.00002979, 0.00002852, 0.00002724, 0.00002594
-0.08051628, -0.07954501, -0.07667475, -0.07225509, -0.06674827, -0.06061424, -0.05424721, -0.04795578, -0.04194878, -0.03635738, -0.03126815, -0.02671127, -0.02268854, -0.01917927, -0.01614691, -0.01354872, -0.01133673, -0.00946400, -0.00788565, -0.00656071, -0.00545196, -0.00452625, -0.00375469, -0.00311313, -0.00258015, -0.00213746, -0.00176966, -0.00146489, -0.00121210, -0.00100228, -0.00082800, -0.00068335, -0.00056320, -0.00046329, -0.00038015, -0.00031076, -0.00025307, -0.00020500, -0.00016496, -0.00013160, -0.00010373, -0.00008048, -0.00006112, -0.00004506, -0.00003173, -0.00002058, -0.00001145, -0.00000395, 0.00000217, 0.00000712, 0.00001108, 0.00001421, 0.00001663, 0.00001848, 0.00001985, 0.00002080, 0.00002144, 0.00002173, 0.00002180, 0.00002167, 0.00002140, 0.00002100
-0.03375121, -0.03350911, -0.03278531, -0.03162378, -0.03009650, -0.02828732, -0.02628265, -0.02416817, -0.02201573, -0.01988410, -0.01782559, -0.01587356, -0.01405242, -0.01237642, -0.01085150, -0.00947795, -0.00825065, -0.00716188, -0.00620160, -0.00535934, -0.00462370, -0.00398349, -0.00342786, -0.00294713, -0.00253200, -0.00217395, -0.00186531, -0.00160001, -0.00137194, -0.00117593, -0.00100748, -0.00086279, -0.00073852, -0.00063173, -0.00053993, -0.00046087, -0.00039298, -0.00033460, -0.00028438, -0.00024118, -0.00020397, -0.00017193, -0.00014435, -0.00012064, -0.00010025, -0.00008263, -0.00006756, -0.00005464, -0.00004357, -0.00003411, -0.00002605, -0.00001919, -0.00001338, -0.00000847, -0.00000433, -0.00000087, 0.00000205, 0.00000442, 0.00000635, 0.00000792, 0.00000917, 0.00001014
-1.34756894, -1.20290386, -0.88267454, -0.59601164, -0.41026265, -0.29934767, -0.22715552, -0.17383359, -0.13195333, -0.09908608, -0.07390667, -0.05498870, -0.04090129, -0.03042041, -0.02260163, -0.01676887, -0.01242238, -0.00919418, -0.00680291, -0.00503407, -0.00372672, -0.00275985, -0.00204404, -0.00151535, -0.00112452, -0.00083449, -0.00061841, -0.00045860, -0.00033956, -0.00025015, -0.00018248, -0.00013152, -0.00009281, -0.00006308, -0.00004003, -0.00002182, -0.00000759, 0.00000360, 0.00001239, 0.00001931, 0.00002501, 0.00002959, 0.00003315, 0.00003581, 0.00003776, 0.00003934, 0.00004035, 0.00004094, 0.00004113, 0.00004097, 0.00004051, 0.00003980, 0.00003890, 0.00003786, 0.00003673, 0.00003543, 0.00003407, 0.00003258, 0.00003107, 0.00002957, 0.00002809, 0.00002661
-1.53353505, -1.35507320, -0.96859454, -0.63536574, -0.42864182, -0.30987111, -0.23419057, -0.17855554, -0.13488804, -0.10072908, -0.07471763, -0.05531443, -0.04096058, -0.03034107, -0.02245479, -0.01659509, -0.01224686, -0.00903076, -0.00665825, -0.00491061, -0.00362391, -0.00267574, -0.00197607, -0.00146107, -0.00108158, -0.00080078, -0.00059211, -0.00043821, -0.00032384, -0.00023806, -0.00017321, -0.00012443, -0.00008740, -0.00005895, -0.00003687, -0.00001939, -0.00000572, 0.00000506, 0.00001353, 0.00002021, 0.00002574, 0.00003019, 0.00003365, 0.00003623, 0.00003812, 0.00003966, 0.00004063, 0.00004119, 0.00004136, 0.00004118, 0.00004069, 0.00003997, 0.00003905, 0.00003800, 0.00003685, 0.00003554, 0.00003416, 0.00003266, 0.00003113, 0.00002962, 0.00002813, 0.00002664
-14.42267212, -9.68426048, -3.59545559, -1.21625281, -0.58473229, -0.41343471, -0.32038747, -0.23689311, -0.16565943, -0.11287668, -0.07717277, -0.05377444, -0.03810066, -0.02716176, -0.01932819, -0.01371396, -0.00973306, -0.00691807, -0.00493510, -0.00353758, -0.00254767, -0.00185154, -0.00134060, -0.00096479, -0.00070415, -0.00052268, -0.00038180, -0.00027741, -0.00020547, -0.00014756, -0.00010439, -0.00007783, -0.00004817, -0.00003117, -0.00001539, -0.00000185, 0.00000445, 0.00001558, 0.00002004, 0.00002763, 0.00002898, 0.00003424, 0.00003646, 0.00004075, 0.00004147, 0.00004249, 0.00004201, 0.00004456, 0.00004333, 0.00004376, 0.00004139, 0.00004150, 0.00003987, 0.00004012, 0.00003737, 0.00003706, 0.00003430, 0.00003387, 0.00003177, 0.00003071, 0.00002812, 0.00002680
-0.03837699, -0.03808152, -0.03719878, -0.03578804, -0.03394346, -0.03177271, -0.02938503, -0.02688600, -0.02436245, -0.02188335, -0.01950822, -0.01727363, -0.01520490, -0.01331538, -0.01160876, -0.01008249, -0.00872820, -0.00753481, -0.00648928, -0.00557804, -0.00478711, -0.00410288, -0.00351253, -0.00300468, -0.00256857, -0.00219445, -0.00187365, -0.00159933, -0.00136470, -0.00116405, -0.00099242, -0.00084572, -0.00072030, -0.00061301, -0.00052121, -0.00044248, -0.00037518, -0.00031756, -0.00026820, -0.00022593, -0.00018967, -0.00015859, -0.00013196, -0.00010916, -0.00008965, -0.00007286, -0.00005858, -0.00004639, -0.00003601, -0.00002720, -0.00001974, -0.00001344, -0.00000814, -0.00000370, 0.00000001, 0.00000307, 0.00000562, 0.00000764, 0.00000927, 0.00001055, 0.00001153, 0.00001227
-11.15969314, -7.82127268, -3.19269077, -1.18234957, -0.58767910, -0.40881242, -0.31305340, -0.23185664, -0.16364679, -0.11266611, -0.07764149, -0.05432262, -0.03855638, -0.02753215, -0.01963872, -0.01397193, -0.00993579, -0.00707758, -0.00506018, -0.00363361, -0.00261969, -0.00189888, -0.00137549, -0.00099575, -0.00072698, -0.00053540, -0.00039147, -0.00028614, -0.00021086, -0.00015266, -0.00010884, -0.00007853, -0.00005111, -0.00003252, -0.00001673, -0.00000356, 0.00000493, 0.00001452, 0.00002017, 0.00002653, 0.00002964, 0.00003409, 0.00003670, 0.00003983, 0.00004101, 0.00004219, 0.00004240, 0.00004378, 0.00004323, 0.00004325, 0.00004183, 0.00004141, 0.00004010, 0.00003957, 0.00003764, 0.00003671, 0.00003464, 0.00003356, 0.00003171, 0.00003034, 0.00002831, 0.00002684
-1.05216919, -0.95622965, -0.73516860, -0.52300986, -0.37384716, -0.27803865, -0.21296144, -0.16427604, -0.12589425, -0.09556500, -0.07205701, -0.05415398, -0.04064642, -0.03048435, -0.02283285, -0.01707545, -0.01274986, -0.00950943, -0.00708824, -0.00528248, -0.00393705, -0.00293453, -0.00218694, -0.00163087, -0.00121694, -0.00090783, -0.00067622, -0.00050386, -0.00037481, -0.00027750, -0.00020365, -0.00014785, -0.00010538, -0.00007275, -0.00004748, -0.00002757, -0.00001206, 0.00000012, 0.00000966, 0.00001715, 0.00002327, 0.00002817, 0.00003197, 0.00003482, 0.00003692, 0.00003861, 0.00003971, 0.00004037, 0.00004062, 0.00004051, 0.00004010, 0.00003943, 0.00003857, 0.00003757, 0.00003646, 0.00003520, 0.00003387, 0.00003242, 0.00003093, 0.00002946, 0.00002800, 0.00002654
-0.02868415, -0.02849566, -0.02793171, -0.02702256, -0.02581955, -0.02438390, -0.02277959, -0.02107209, -0.01931747, -0.01756287, -0.01585215, -0.01421427, -0.01267178, -0.01123886, -0.00992318, -0.00872753, -0.00764986, -0.00668572, -0.00582839, -0.00507030, -0.00440301, -0.00381787, -0.00330630, -0.00286049, -0.00247282, -0.00213617, -0.00184405, -0.00159133, -0.00137269, -0.00118362, -0.00102015, -0.00087892, -0.00075691, -0.00065147, -0.00056032, -0.00048139, -0.00041325, -0.00035433, -0.00030338, -0.00025931, -0.00022116, -0.00018813, -0.00015956, -0.00013484, -0.00011348, -0.00009491, -0.00007894, -0.00006515, -0.00005326, -0.00004303, -0.00003425, -0.00002672, -0.00002027, -0.00001477, -0.00001009, -0.00000612, -0.00000273, 0.00000007, 0.00000240, 0.00000433, 0.00000591, 0.00000720
-0.32362538, -0.31770148, -0.30055220, -0.27571924, -0.24694214, -0.21726823, -0.18862020, -0.16199666, -0.13783870, -0.11631451, -0.09746136, -0.08115706, -0.06723936, -0.05546699, -0.04559402, -0.03736427, -0.03054377, -0.02491463, -0.02028643, -0.01649355, -0.01339318, -0.01086465, -0.00880503, -0.00712977, -0.00576985, -0.00466594, -0.00376911, -0.00304168, -0.00245246, -0.00197467, -0.00158672, -0.00127155, -0.00101590, -0.00080825, -0.00063937, -0.00050158, -0.00038964, -0.00029846, -0.00022423, -0.00016388, -0.00011486, -0.00007484, -0.00004227, -0.00001593, 0.00000521, 0.00002230, 0.00003576, 0.00004640, 0.00005464, 0.00006085, 0.00006537, 0.00006849, 0.00007043, 0.00007142, 0.00007166, 0.00007129, 0.00007055, 0.00006917, 0.00006742, 0.00006541, 0.00006323, 0.00006093
-0.39641626, -0.38781555, -0.36328509, -0.32873740, -0.29008213, -0.25161758, -0.21562660, -0.18300600, -0.15398100, -0.12853229, -0.10655647, -0.08780837, -0.07201043, -0.05881122, -0.04787135, -0.03885439, -0.03146096, -0.02542127, -0.02050575, -0.01651732, -0.01328828, -0.01067996, -0.00857525, -0.00687919, -0.00551522, -0.00441816, -0.00353491, -0.00282495, -0.00225521, -0.00179734, -0.00142882, -0.00113204, -0.00089344, -0.00070133, -0.00054642, -0.00042104, -0.00032004, -0.00023844, -0.00017255, -0.00011945, -0.00007671, -0.00004207, -0.00001411, 0.00000828, 0.00002602, 0.00004019, 0.00005116, 0.00005967, 0.00006609, 0.00007075, 0.00007393, 0.00007588, 0.00007682, 0.00007695, 0.00007644, 0.00007542, 0.00007412, 0.00007224, 0.00007006, 0.00006766, 0.00006513, 0.00006254
-0.08181721, -0.08123191, -0.07944854, -0.07661234, -0.07287903, -0.06846491, -0.06359026, -0.05845705, -0.05323700, -0.04807543, -0.04309665, -0.03837619, -0.03397643, -0.02992579, -0.02624192, -0.02292178, -0.01995515, -0.01732183, -0.01499853, -0.01295982, -0.01117830, -0.00962741, -0.00828108, -0.00711545, -0.00610888, -0.00524086, -0.00449264, -0.00384919, -0.00329639, -0.00282161, -0.00241384, -0.00206366, -0.00176316, -0.00150521, -0.00128373, -0.00109320, -0.00092983, -0.00078949, -0.00066892, -0.00056536, -0.00047641, -0.00039992, -0.00033417, -0.00027770, -0.00022925, -0.00018751, -0.00015191, -0.00012140, -0.00009534, -0.00007312, -0.00005424, -0.00003823, -0.00002472, -0.00001336, -0.00000383, 0.00000410, 0.00001079, 0.00001614, 0.00002045, 0.00002387, 0.00002655, 0.00002860
-238.42396140, -104.52702325, -15.55312536, -1.38736067, -0.53275373, -0.87538185, -0.87605319, -0.65481975, -0.40215669, -0.25126241, -0.16369770, -0.11893109, -0.08926918, -0.06287698, -0.04276612, -0.03036049, -0.02456145, -0.01760329, -0.01105012, -0.00677633, -0.00443750, -0.00580399, -0.00437077, -0.00097572, -0.00061640, -0.00212261, -0.00140672, -0.00028210, -0.00059985, 0.00005997, 0.00039652, -0.00079224, 0.00045870, 0.00002473, 0.00016798, 0.00047104, -0.00040119, 0.00032529, -0.00013467, 0.00042885, -0.00029289, 0.00006236, -0.00008368, 0.00041144, 0.00023985, 0.00017021, -0.00011507, 0.00037875, 0.00010264, 0.00027508, -0.00012425, 0.00009561, -0.00003406, 0.00029709, -0.00004694, 0.00021395, -0.00008210, 0.00020025, 0.00008880, 0.00022383, -0.00001638, 0.00004656
-0.37796789, -0.37009328, -0.34754963, -0.31557979, -0.27949624, -0.24327373, -0.20912173, -0.17798190, -0.15014746, -0.12565166, -0.10442920, -0.08626607, -0.07091535, -0.05805285, -0.04736219, -0.03852763, -0.03126637, -0.02531981, -0.02046882, -0.01652362, -0.01332236, -0.01073067, -0.00863481, -0.00694214, -0.00557793, -0.00447831, -0.00359113, -0.00287647, -0.00230172, -0.00183885, -0.00146552, -0.00116427, -0.00092156, -0.00072575, -0.00056754, -0.00043924, -0.00033569, -0.00025187, -0.00018406, -0.00012930, -0.00008513, -0.00004927, -0.00002028, 0.00000300, 0.00002150, 0.00003632, 0.00004783, 0.00005682, 0.00006363, 0.00006863, 0.00007210, 0.00007430, 0.00007546, 0.00007578, 0.00007543, 0.00007455, 0.00007337, 0.00007159, 0.00006950, 0.00006719, 0.00006474, 0.00006220
-0.65001444, -0.62827248, -0.56904868, -0.49246562, -0.41543745, -0.34647494, -0.28734508, -0.23703911, -0.19423338, -0.15799888, -0.12769517, -0.10263534, -0.08214968, -0.06552604, -0.05211931, -0.04135025, -0.03273669, -0.02586677, -0.02040646, -0.01607711, -0.01265139, -0.00994602, -0.00781109, -0.00612818, -0.00480464, -0.00376317, -0.00294252, -0.00229694, -0.00179020, -0.00139164, -0.00107741, -0.00082945, -0.00063429, -0.00048032, -0.00035856, -0.00026175, -0.00018525, -0.00012452, -0.00007637, -0.00003830, -0.00000826, 0.00001574, 0.00003478, 0.00004967, 0.00006111, 0.00006997, 0.00007650, 0.00008131, 0.00008461, 0.00008662, 0.00008756, 0.00008760, 0.00008690, 0.00008563, 0.00008392, 0.00008187, 0.00007967, 0.00007699, 0.00007410, 0.00007107, 0.00006800, 0.00006493
-0.05748962, -0.05715157, -0.05611452, -0.05445199, -0.05223204, -0.04956499, -0.04656611, -0.04334649, -0.04000533, -0.03663284, -0.03331282, -0.03010007, -0.02704492, -0.02417580, -0.02151538, -0.01907184, -0.01684780, -0.01483770, -0.01303285, -0.01142184, -0.00999016, -0.00872363, -0.00760668, -0.00662468, -0.00576379, -0.00501045, -0.00435176, -0.00377742, -0.00327717, -0.00284174, -0.00246285, -0.00213329, -0.00184691, -0.00159801, -0.00138169, -0.00119336, -0.00102995, -0.00088792, -0.00076448, -0.00065720, -0.00056397, -0.00048288, -0.00041236, -0.00035107, -0.00029783, -0.00025141, -0.00021127, -0.00017643, -0.00014624, -0.00012011, -0.00009754, -0.00007807, -0.00006132, -0.00004692, -0.00003457, -0.00002402, -0.00001491, -0.00000730, -0.00000090, 0.00000445, 0.00000891, 0.00001259
-0.22647730, -0.22334308, -0.21408198, -0.20014481, -0.18317371, -0.16474814, -0.14609446, -0.12804049, -0.11109166, -0.09554424, -0.08156755, -0.06918209, -0.05836043, -0.04900079, -0.04098426, -0.03416562, -0.02840376, -0.02355808, -0.01950142, -0.01611794, -0.01330343, -0.01096881, -0.00903511, -0.00743611, -0.00611664, -0.00502808, -0.00412958, -0.00338916, -0.00277970, -0.00227765, -0.00186368, -0.00152223, -0.00124088, -0.00100884, -0.00081728, -0.00065870, -0.00052793, -0.00041984, -0.00033052, -0.00025677, -0.00019592, -0.00014555, -0.00010392, -0.00006966, -0.00004159, -0.00001845, 0.00000025, 0.00001544, 0.00002764, 0.00003730, 0.00004483, 0.00005057, 0.00005481, 0.00005781, 0.00005981, 0.00006096, 0.00006156, 0.00006137, 0.00006068, 0.00005961, 0.00005824, 0.00005665
-0.08618377, -0.08554862, -0.08361503, -0.08054471, -0.07651320, -0.07175972, -0.06652632, -0.06103303, -0.05546526, -0.04997793, -0.04470195, -0.03971546, -0.03508230, -0.03082960, -0.02697339, -0.02350783, -0.02041991, -0.01768620, -0.01528083, -0.01317546, -0.01134027, -0.00974647, -0.00836616, -0.00717384, -0.00614656, -0.00526257, -0.00450223, -0.00384970, -0.00329027, -0.00281076, -0.00239973, -0.00204743, -0.00174569, -0.00148717, -0.00126561, -0.00107534, -0.00091250, -0.00077286, -0.00065312, -0.00055045, -0.00046242, -0.00038686, -0.00032203, -0.00026644, -0.00021885, -0.00017793, -0.00014309, -0.00011331, -0.00008792, -0.00006634, -0.00004804, -0.00003258, -0.00001957, -0.00000867, 0.00000043, 0.00000797, 0.00001430, 0.00001931, 0.00002331, 0.00002646, 0.00002889, 0.00003070
-0.03236596, -0.03203156, -0.03102353, -0.02946391, -0.02748758, -0.02524895, -0.02288519, -0.02050501, -0.01818742, -0.01599045, -0.01395340, -0.01209445, -0.01042438, -0.00894015, -0.00763548, -0.00649755, -0.00551260, -0.00466473, -0.00393859, -0.00331939, -0.00279322, -0.00234750, -0.00197071, -0.00165281, -0.00138521, -0.00116016, -0.00097088, -0.00081193, -0.00067861, -0.00056680, -0.00047296, -0.00039419, -0.00032810, -0.00027266, -0.00022611, -0.00018693, -0.00015408, -0.00012648, -0.00010328, -0.00008379, -0.00006743, -0.00005369, -0.00004213, -0.00003243, -0.00002431, -0.00001748, -0.00001184, -0.00000713, -0.00000323, -0.00000003, 0.00000259, 0.00000471, 0.00000641, 0.00000774, 0.00000878, 0.00000956, 0.00001016, 0.00001055, 0.00001078, 0.00001088, 0.00001087, 0.00001078
-1.07660026, -0.91990697, -0.59860020, -0.34977631, -0.21794699, -0.15483988, -0.11871444, -0.09179367, -0.06967624, -0.05198898, -0.03852996, -0.02858324, -0.02127964, -0.01586538, -0.01181874, -0.00878331, -0.00651512, -0.00482733, -0.00357647, -0.00265018, -0.00196367, -0.00145469, -0.00107690, -0.00079640, -0.00058885, -0.00043510, -0.00032063, -0.00023527, -0.00017203, -0.00012494, -0.00008956, -0.00006277, -0.00004260, -0.00002735, -0.00001570, -0.00000663, 0.00000035, 0.00000582, 0.00001010, 0.00001342, 0.00001596, 0.00001797, 0.00001960, 0.00002085, 0.00002175, 0.00002238, 0.00002272, 0.00002293, 0.00002296, 0.00002285, 0.00002258, 0.00002219, 0.00002169, 0.00002111, 0.00002047, 0.00001978, 0.00001911, 0.00001834, 0.00001753, 0.00001670, 0.00001586, 0.00001504
-0.04828491, -0.04762000, -0.04565084, -0.04269368, -0.03909618, -0.03519498, -0.03124759, -0.02742572, -0.02383340, -0.02053424, -0.01756270, -0.01492400, -0.01261392, -0.01061130, -0.00889251, -0.00742710, -0.00618610, -0.00514006, -0.00426239, -0.00352880, -0.00291726, -0.00240898, -0.00198718, -0.00163770, -0.00134875, -0.00111002, -0.00091269, -0.00074978, -0.00061548, -0.00050474, -0.00041335, -0.00033787, -0.00027560, -0.00022421, -0.00018176, -0.00014659, -0.00011759, -0.00009360, -0.00007376, -0.00005737, -0.00004385, -0.00003267, -0.00002341, -0.00001579, -0.00000953, -0.00000437, -0.00000022, 0.00000317, 0.00000589, 0.00000806, 0.00000975, 0.00001104, 0.00001200, 0.00001269, 0.00001314, 0.00001341, 0.00001356, 0.00001354, 0.00001341, 0.00001318, 0.00001288, 0.00001254
-0.05368225, -0.05287974, -0.05051720, -0.04700564, -0.04279134, -0.03828588, -0.03378745, -0.02948258, -0.02547635, -0.02182863, -0.01856841, -0.01569419, -0.01319517, -0.01104303, -0.00920741, -0.00765173, -0.00634177, -0.00524377, -0.00432749, -0.00356550, -0.00293358, -0.00241097, -0.00197940, -0.00162356, -0.00133076, -0.00109000, -0.00089190, -0.00072912, -0.00059555, -0.00048592, -0.00039585, -0.00032180, -0.00026098, -0.00021102, -0.00016993, -0.00013604, -0.00010821, -0.00008529, -0.00006642, -0.00005090, -0.00003815, -0.00002766, -0.00001902, -0.00001194, -0.00000615, -0.00000142, 0.00000238, 0.00000544, 0.00000788, 0.00000980, 0.00001128, 0.00001238, 0.00001318, 0.00001371, 0.00001404, 0.00001420, 0.00001425, 0.00001414, 0.00001393, 0.00001363, 0.00001327, 0.00001287
-0.05308567, -0.05229902, -0.04998164, -0.04653328, -0.04238863, -0.03795074, -0.03351334, -0.02926155, -0.02530051, -0.02169068, -0.01846169, -0.01561283, -0.01313408, -0.01099791, -0.00917470, -0.00762858, -0.00632588, -0.00523332, -0.00432107, -0.00356201, -0.00293219, -0.00241104, -0.00198045, -0.00162524, -0.00133281, -0.00109222, -0.00089418, -0.00073136, -0.00059770, -0.00048794, -0.00039772, -0.00032350, -0.00026253, -0.00021241, -0.00017117, -0.00013714, -0.00010919, -0.00008615, -0.00006718, -0.00005157, -0.00003874, -0.00002818, -0.00001947, -0.00001233, -0.00000650, -0.00000172, 0.00000211, 0.00000521, 0.00000768, 0.00000963, 0.00001113, 0.00001225, 0.00001306, 0.00001361, 0.00001395, 0.00001412, 0.00001418, 0.00001408, 0.00001388, 0.00001359, 0.00001324, 0.00001284
-0.18080888, -0.17307041, -0.15264483, -0.12776849, -0.10456717, -0.08528601, -0.06967012, -0.05682751, -0.04609233, -0.03711591, -0.02969452, -0.02363374, -0.01874227, -0.01481795, -0.01168628, -0.00919405, -0.00721808, -0.00565573, -0.00442437, -0.00345640, -0.00269680, -0.00210191, -0.00163635, -0.00127229, -0.00098831, -0.00076682, -0.00059380, -0.00045873, -0.00035363, -0.00027176, -0.00020780, -0.00015773, -0.00011863, -0.00008809, -0.00006415, -0.00004527, -0.00003048, -0.00001883, -0.00000966, -0.00000246, 0.00000316, 0.00000758, 0.00001109, 0.00001381, 0.00001589, 0.00001746, 0.00001857, 0.00001936, 0.00001988, 0.00002015, 0.00002022, 0.00002012, 0.00001987, 0.00001950, 0.00001905, 0.00001854, 0.00001801, 0.00001739, 0.00001671, 0.00001601, 0.00001529, 0.00001458
-0.01280096, -0.01272543, -0.01249178, -0.01211844, -0.01162004, -0.01102210, -0.01035062, -0.00963041, -0.00888356, -0.00813090, -0.00739050, -0.00667463, -0.00599451, -0.00535617, -0.00476472, -0.00422175, -0.00372783, -0.00328162, -0.00288115, -0.00252383, -0.00220641, -0.00192571, -0.00167827, -0.00146079, -0.00127019, -0.00110348, -0.00095779, -0.00083080, -0.00072024, -0.00062405, -0.00054041, -0.00046770, -0.00040454, -0.00034969, -0.00030206, -0.00026061, -0.00022467, -0.00019347, -0.00016636, -0.00014282, -0.00012238, -0.00010462, -0.00008919, -0.00007579, -0.00006416, -0.00005402, -0.00004528, -0.00003769, -0.00003112, -0.00002544, -0.00002054, -0.00001632, -0.00001269, -0.00000958, -0.00000692, -0.00000464, -0.00000268, -0.00000105, 0.00000032, 0.00000146, 0.00000240, 0.00000318
-0.03801481, -0.03757573, -0.03626071, -0.03424710, -0.03173238, -0.02892837, -0.02601379, -0.02312221, -0.02034493, -0.01774489, -0.01536185, -0.01321078, -0.01129829, -0.00961536, -0.00815022, -0.00688400, -0.00579766, -0.00487037, -0.00408269, -0.00341646, -0.00285469, -0.00238241, -0.00198614, -0.00165423, -0.00137682, -0.00114517, -0.00095169, -0.00079031, -0.00065588, -0.00054389, -0.00045052, -0.00037265, -0.00030776, -0.00025366, -0.00020854, -0.00017080, -0.00013936, -0.00011311, -0.00009118, -0.00007289, -0.00005763, -0.00004489, -0.00003425, -0.00002538, -0.00001801, -0.00001187, -0.00000684, -0.00000268, 0.00000073, 0.00000350, 0.00000573, 0.00000750, 0.00000888, 0.00000994, 0.00001072, 0.00001129, 0.00001169, 0.00001190, 0.00001197, 0.00001192, 0.00001179, 0.00001159
-5.38345353, -3.83972972, -1.57867430, -0.54704154, -0.25390579, -0.18279656, -0.14832658, -0.11382983, -0.08175936, -0.05691396, -0.03975725, -0.02833863, -0.02055089, -0.01497771, -0.01087949, -0.00786208, -0.00567270, -0.00409871, -0.00297169, -0.00216133, -0.00157448, -0.00114904, -0.00083729, -0.00060861, -0.00044388, -0.00032494, -0.00023646, -0.00017086, -0.00012350, -0.00008802, -0.00006158, -0.00004231, -0.00002662, -0.00001555, -0.00000673, 0.00000032, 0.00000520, 0.00000990, 0.00001304, 0.00001603, 0.00001767, 0.00001954, 0.00002083, 0.00002219, 0.00002284, 0.00002332, 0.00002340, 0.00002383, 0.00002365, 0.00002358, 0.00002304, 0.00002274, 0.00002212, 0.00002168, 0.00002080, 0.00002022, 0.00001935, 0.00001870, 0.00001779, 0.00001699, 0.00001598, 0.00001516
-38.59317942, -24.28942279, -7.72713172, -2.17572465, -0.97096912, -0.73072151, -0.59355100, -0.44317640, -0.30671396, -0.20624982, -0.14001909, -0.09777558, -0.06974970, -0.04998785, -0.03565806, -0.02532982, -0.01803007, -0.01283238, -0.00915252, -0.00655883, -0.00472365, -0.00346658, -0.00250834, -0.00177046, -0.00128604, -0.00097196, -0.00070249, -0.00049495, -0.00036713, -0.00025257, -0.00016992, -0.00013730, -0.00006710, -0.00004304, -0.00001320, 0.00001425, 0.00001337, 0.00004244, 0.00004373, 0.00006419, 0.00005605, 0.00006982, 0.00007135, 0.00008541, 0.00008379, 0.00008433, 0.00007920, 0.00009020, 0.00008393, 0.00008682, 0.00007692, 0.00007989, 0.00007497, 0.00007963, 0.00006982, 0.00007268, 0.00006365, 0.00006648, 0.00006103, 0.00006068, 0.00005267, 0.00005097
-247.97478766, -97.20948424, -12.14696916, -0.87509119, -0.40964693, -0.71157837, -0.70660769, -0.52550871, -0.30599326, -0.18970275, -0.12163305, -0.09057723, -0.06948578, -0.04718922, -0.03029205, -0.02156925, -0.01992210, -0.01435411, -0.00784920, -0.00380492, -0.00200661, -0.00537648, -0.00416467, 0.00029087, 0.00036627, -0.00225962, -0.00144702, 0.00006560, -0.00055146, 0.00033997, 0.00078199, -0.00108006, 0.00076202, 0.00007975, 0.00026592, 0.00071067, -0.00063049, 0.00045561, -0.00025059, 0.00059337, -0.00050192, 0.00002636, -0.00019692, 0.00054564, 0.00028758, 0.00017776, -0.00025263, 0.00049043, 0.00007569, 0.00033551, -0.00026574, 0.00006620, -0.00012714, 0.00037531, -0.00014189, 0.00025495, -0.00019110, 0.00023902, 0.00007270, 0.00028129, -0.00008011, 0.00001893
-0.19935693, -0.19636212, -0.18758896, -0.17447017, -0.15867852, -0.14173501, -0.12477622, -0.10854781, -0.09347810, -0.07979108, -0.06760462, -0.05690938, -0.04764749, -0.03971136, -0.03297125, -0.02728847, -0.02252509, -0.01855224, -0.01525250, -0.01252103, -0.01026632, -0.00840955, -0.00688241, -0.00562893, -0.00460150, -0.00375926, -0.00306836, -0.00250318, -0.00204067, -0.00166180, -0.00135110, -0.00109648, -0.00088784, -0.00071662, -0.00057599, -0.00046011, -0.00036505, -0.00028688, -0.00022264, -0.00016990, -0.00012647, -0.00009071, -0.00006137, -0.00003740, -0.00001793, -0.00000190, 0.00001093, 0.00002122, 0.00002936, 0.00003569, 0.00004051, 0.00004406, 0.00004657, 0.00004822, 0.00004918, 0.00004956, 0.00004952, 0.00004895, 0.00004805, 0.00004692, 0.00004561, 0.00004417
-0.33399480, -0.32642512, -0.30494384, -0.27481509, -0.24133365, -0.20824408, -0.17748284, -0.14979028, -0.12532047, -0.10400774, -0.08572612, -0.07023760, -0.05726885, -0.04650712, -0.03764192, -0.03038309, -0.02446670, -0.01966360, -0.01577799, -0.01264331, -0.01012034, -0.00809352, -0.00646679, -0.00516352, -0.00412078, -0.00328599, -0.00261694, -0.00208247, -0.00165527, -0.00131325, -0.00103898, -0.00081928, -0.00064329, -0.00050202, -0.00038847, -0.00029678, -0.00022317, -0.00016390, -0.00011623, -0.00007797, -0.00004708, -0.00002214, -0.00000215, 0.00001373, 0.00002621, 0.00003625, 0.00004393, 0.00004979, 0.00005411, 0.00005714, 0.00005910, 0.00006017, 0.00006053, 0.00006032, 0.00005966, 0.00005864, 0.00005736, 0.00005568, 0.00005382, 0.00005185, 0.00004981, 0.00004771
-4.78559934, -4.02335620, -2.52539975, -1.43277736, -0.87931665, -0.61691630, -0.46511748, -0.35302321, -0.26318958, -0.19304653, -0.14071786, -0.10270487, -0.07523381, -0.05522166, -0.04051022, -0.02966471, -0.02168855, -0.01584861, -0.01158662, -0.00847777, -0.00620834, -0.00454891, -0.00333309, -0.00244353, -0.00179348, -0.00131614, -0.00096333, -0.00070448, -0.00051383, -0.00037181, -0.00026483, -0.00018457, -0.00012410, -0.00007791, -0.00004219, -0.00001397, 0.00000806, 0.00002544, 0.00003906, 0.00004964, 0.00005825, 0.00006530, 0.00007078, 0.00007483, 0.00007757, 0.00007973, 0.00008099, 0.00008158, 0.00008150, 0.00008083, 0.00007961, 0.00007797, 0.00007597, 0.00007373, 0.00007133, 0.00006876, 0.00006605, 0.00006306, 0.00006001, 0.00005698, 0.00005402, 0.00005110
-0.40866865, -0.39766708, -0.36697118, -0.32529660, -0.28080596, -0.23855893, -0.20059037, -0.16727229, -0.13838537, -0.11360583, -0.09264137, -0.07511231, -0.06061935, -0.04873873, -0.03906496, -0.03122937, -0.02490980, -0.01983165, -0.01576384, -0.01251429, -0.00992423, -0.00786307, -0.00622428, -0.00492360, -0.00389261, -0.00307479, -0.00242524, -0.00191110, -0.00150395, -0.00118087, -0.00092398, -0.00072002, -0.00055807, -0.00042915, -0.00032636, -0.00024399, -0.00017836, -0.00012593, -0.00008409, -0.00005079, -0.00002407, -0.00000265, 0.00001437, 0.00002776, 0.00003812, 0.00004639, 0.00005257, 0.00005718, 0.00006044, 0.00006257, 0.00006376, 0.00006418, 0.00006397, 0.00006328, 0.00006221, 0.00006083, 0.00005923, 0.00005728, 0.00005518, 0.00005299, 0.00005076, 0.00004850
-0.18113911, -0.17860347, -0.17114359, -0.15988781, -0.14618273, -0.13129785, -0.11622633, -0.10165508, -0.08800276, -0.07550472, -0.06429759, -0.05439613, -0.04576704, -0.03832797, -0.03197353, -0.02658615, -0.02204652, -0.01824055, -0.01506351, -0.01242125, -0.01022961, -0.00841640, -0.00691835, -0.00568314, -0.00466620, -0.00382892, -0.00313916, -0.00257245, -0.00210669, -0.00172355, -0.00140806, -0.00114846, -0.00093483, -0.00075882, -0.00061367, -0.00049360, -0.00039471, -0.00031307, -0.00024571, -0.00019018, -0.00014427, -0.00010632, -0.00007505, -0.00004939, -0.00002842, -0.00001108, 0.00000289, 0.00001419, 0.00002320, 0.00003030, 0.00003579, 0.00003994, 0.00004296, 0.00004507, 0.00004643, 0.00004716, 0.00004743, 0.00004713, 0.00004648, 0.00004557, 0.00004445, 0.00004316
-0.31026558, -0.30365410, -0.28478667, -0.25803616, -0.22790788, -0.19772705, -0.16933959, -0.14354790, -0.12059611, -0.10048889, -0.08315247, -0.06839226, -0.05597477, -0.04562400, -0.03706081, -0.03002014, -0.02425991, -0.01956544, -0.01575344, -0.01266727, -0.01017439, -0.00816468, -0.00654611, -0.00524487, -0.00420015, -0.00336096, -0.00268615, -0.00214522, -0.00171141, -0.00136295, -0.00108262, -0.00085735, -0.00067629, -0.00053051, -0.00041297, -0.00031780, -0.00024116, -0.00017927, -0.00012935, -0.00008915, -0.00005660, -0.00003027, -0.00000909, 0.00000781, 0.00002116, 0.00003193, 0.00004022, 0.00004661, 0.00005138, 0.00005479, 0.00005708, 0.00005843, 0.00005903, 0.00005902, 0.00005855, 0.00005768, 0.00005653, 0.00005498, 0.00005323, 0.00005134, 0.00004938, 0.00004736
-1.51209810, -1.39264595, -1.10818220, -0.81963042, -0.60392311, -0.45806641, -0.35583469, -0.27811908, -0.21610810, -0.16642117, -0.12729912, -0.09699946, -0.07377519, -0.05603500, -0.04249031, -0.03216043, -0.02429726, -0.01832963, -0.01381287, -0.01040156, -0.00782825, -0.00588853, -0.00442594, -0.00332501, -0.00249741, -0.00187384, -0.00140240, -0.00104802, -0.00078119, -0.00057912, -0.00042520, -0.00030828, -0.00021935, -0.00015118, -0.00009861, -0.00005751, -0.00002570, -0.00000089, 0.00001841, 0.00003331, 0.00004516, 0.00005461, 0.00006192, 0.00006738, 0.00007124, 0.00007426, 0.00007618, 0.00007730, 0.00007766, 0.00007737, 0.00007651, 0.00007518, 0.00007348, 0.00007150, 0.00006934, 0.00006699, 0.00006452, 0.00006176, 0.00005893, 0.00005610, 0.00005332, 0.00005057
-3.01044010, -2.63824771, -1.84311523, -1.17613528, -0.77881659, -0.56068703, -0.42536894, -0.32575744, -0.24672146, -0.18446970, -0.13699049, -0.10159075, -0.07541321, -0.05601260, -0.04156481, -0.03079077, -0.02277193, -0.01682426, -0.01242609, -0.00917830, -0.00678071, -0.00500984, -0.00370011, -0.00273299, -0.00201974, -0.00149170, -0.00109879, -0.00080842, -0.00059318, -0.00043220, -0.00031071, -0.00021933, -0.00015041, -0.00009782, -0.00005729, -0.00002547, -0.00000075, 0.00001861, 0.00003374, 0.00004543, 0.00005487, 0.00006251, 0.00006843, 0.00007282, 0.00007583, 0.00007820, 0.00007962, 0.00008033, 0.00008036, 0.00007978, 0.00007867, 0.00007711, 0.00007520, 0.00007303, 0.00007070, 0.00006820, 0.00006557, 0.00006264, 0.00005967, 0.00005670, 0.00005380, 0.00005094
-0.40826230, -0.39034403, -0.34322127, -0.28621767, -0.23351667, -0.19009835, -0.15515340, -0.12650094, -0.10257027, -0.08256372, -0.06602842, -0.05253167, -0.04164519, -0.03291513, -0.02595054, -0.02040916, -0.01601638, -0.01254384, -0.00980755, -0.00765715, -0.00597011, -0.00464933, -0.00361605, -0.00280837, -0.00217869, -0.00168784, -0.00130463, -0.00100572, -0.00077337, -0.00059253, -0.00045141, -0.00034107, -0.00025505, -0.00018796, -0.00013547, -0.00009414, -0.00006187, -0.00003651, -0.00001660, -0.00000104, 0.00001105, 0.00002053, 0.00002800, 0.00003377, 0.00003810, 0.00004136, 0.00004359, 0.00004515, 0.00004610, 0.00004653, 0.00004652, 0.00004613, 0.00004543, 0.00004449, 0.00004336, 0.00004210, 0.00004083, 0.00003935, 0.00003776, 0.00003611, 0.00003445, 0.00003279
-0.26068539, -0.25300126, -0.23177118, -0.20364629, -0.17448867, -0.14759892, -0.12396175, -0.10346039, -0.08574268, -0.07054013, -0.05765523, -0.04685772, -0.03791662, -0.03056763, -0.02457003, -0.01969471, -0.01575061, -0.01256994, -0.01001368, -0.00796525, -0.00632705, -0.00501995, -0.00397805, -0.00314845, -0.00248939, -0.00196605, -0.00154996, -0.00121951, -0.00095777, -0.00075028, -0.00058550, -0.00045445, -0.00035048, -0.00026795, -0.00020232, -0.00014988, -0.00010827, -0.00007510, -0.00004868, -0.00002769, -0.00001110, 0.00000209, 0.00001261, 0.00002089, 0.00002730, 0.00003228, 0.00003594, 0.00003866, 0.00004058, 0.00004182, 0.00004248, 0.00004266, 0.00004245, 0.00004192, 0.00004116, 0.00004020, 0.00003918, 0.00003794, 0.00003656, 0.00003510, 0.00003361, 0.00003210
-15.20057035, -10.46162580, -3.94064247, -1.22858218, -0.54192475, -0.40289763, -0.33512712, -0.25777114, -0.18350122, -0.12637512, -0.08765588, -0.06235397, -0.04524610, -0.03298462, -0.02393183, -0.01725916, -0.01243047, -0.00896682, -0.00649230, -0.00471627, -0.00343141, -0.00250391, -0.00182084, -0.00131692, -0.00095750, -0.00070080, -0.00050729, -0.00036320, -0.00026099, -0.00018324, -0.00012568, -0.00008583, -0.00005027, -0.00002726, -0.00000820, 0.00000720, 0.00001630, 0.00002725, 0.00003315, 0.00004019, 0.00004245, 0.00004682, 0.00004919, 0.00005267, 0.00005359, 0.00005436, 0.00005394, 0.00005541, 0.00005442, 0.00005436, 0.00005243, 0.00005193, 0.00005022, 0.00004959, 0.00004702, 0.00004600, 0.00004353, 0.00004240, 0.00004013, 0.00003844, 0.00003580, 0.00003399
-0.82572786, -0.76228199, -0.60973930, -0.45330626, -0.33594915, -0.25713127, -0.20224132, -0.16025685, -0.12621493, -0.09846753, -0.07628820, -0.05887546, -0.04536252, -0.03489762, -0.02680202, -0.02053781, -0.01570617, -0.01198831, -0.00913801, -0.00695734, -0.00529103, -0.00401963, -0.00304973, -0.00231019, -0.00174798, -0.00132052, -0.00099469, -0.00074641, -0.00055813, -0.00041503, -0.00030576, -0.00022200, -0.00015811, -0.00010927, -0.00007175, -0.00004261, -0.00002022, -0.00000282, 0.00001066, 0.00002106, 0.00002898, 0.00003515, 0.00003999, 0.00004366, 0.00004631, 0.00004821, 0.00004933, 0.00005002, 0.00005027, 0.00005012, 0.00004962, 0.00004882, 0.00004777, 0.00004653, 0.00004514, 0.00004365, 0.00004218, 0.00004052, 0.00003875, 0.00003694, 0.00003513, 0.00003335
-0.57899260, -0.54500216, -0.45936715, -0.36367375, -0.28364375, -0.22387382, -0.17910228, -0.14377272, -0.11481686, -0.09096210, -0.07158245, -0.05607123, -0.04379929, -0.03413418, -0.02654618, -0.02059708, -0.01594793, -0.01232405, -0.00950856, -0.00732654, -0.00563797, -0.00433369, -0.00332671, -0.00254976, -0.00195201, -0.00149214, -0.00113762, -0.00086452, -0.00065500, -0.00049399, -0.00036981, -0.00027378, -0.00019980, -0.00014275, -0.00009857, -0.00006407, -0.00003739, -0.00001658, -0.00000037, 0.00001219, 0.00002184, 0.00002936, 0.00003527, 0.00003978, 0.00004309, 0.00004552, 0.00004708, 0.00004810, 0.00004862, 0.00004869, 0.00004837, 0.00004773, 0.00004682, 0.00004569, 0.00004441, 0.00004301, 0.00004162, 0.00004003, 0.00003834, 0.00003660, 0.00003485, 0.00003312
-0.58437535, -0.54981493, -0.46284691, -0.36587522, -0.28499936, -0.22476020, -0.17972337, -0.14421716, -0.11512793, -0.09117119, -0.07171710, -0.05615396, -0.04384772, -0.03415980, -0.02655695, -0.02059841, -0.01594353, -0.01231649, -0.00949955, -0.00731718, -0.00562893, -0.00432532, -0.00331920, -0.00254317, -0.00194633, -0.00148731, -0.00113355, -0.00086112, -0.00065219, -0.00049167, -0.00036792, -0.00027223, -0.00019855, -0.00014173, -0.00009774, -0.00006341, -0.00003685, -0.00001615, -0.00000002, 0.00001247, 0.00002207, 0.00002955, 0.00003542, 0.00003990, 0.00004320, 0.00004561, 0.00004715, 0.00004816, 0.00004867, 0.00004874, 0.00004841, 0.00004777, 0.00004685, 0.00004572, 0.00004443, 0.00004303, 0.00004163, 0.00004004, 0.00003835, 0.00003661, 0.00003486, 0.00003313
-0.14257411, -0.14009536, -0.13288682, -0.12239995, -0.11015956, -0.09744274, -0.08507126, -0.07348579, -0.06289209, -0.05338604, -0.04499895, -0.03769273, -0.03141280, -0.02606304, -0.02154671, -0.01775624, -0.01459471, -0.01196860, -0.00979603, -0.00800484, -0.00653195, -0.00532386, -0.00433440, -0.00352513, -0.00286464, -0.00232592, -0.00188620, -0.00152775, -0.00123606, -0.00099860, -0.00080507, -0.00064722, -0.00051866, -0.00041393, -0.00032851, -0.00025861, -0.00020172, -0.00015525, -0.00011733, -0.00008642, -0.00006129, -0.00004080, -0.00002407, -0.00001051, 0.00000042, 0.00000926, 0.00001620, 0.00002170, 0.00002599, 0.00002924, 0.00003163, 0.00003330, 0.00003437, 0.00003495, 0.00003513, 0.00003500, 0.00003469, 0.00003407, 0.00003325, 0.00003229, 0.00003122, 0.00003009
-0.03886246, -0.03858832, -0.03774749, -0.03641317, -0.03465540, -0.03257729, -0.03028170, -0.02786261, -0.02539966, -0.02296274, -0.02060896, -0.01837405, -0.01628815, -0.01436443, -0.01261230, -0.01103035, -0.00961453, -0.00835560, -0.00724299, -0.00626509, -0.00540915, -0.00466289, -0.00401412, -0.00345160, -0.00296516, -0.00254521, -0.00218281, -0.00187081, -0.00160249, -0.00137188, -0.00117369, -0.00100337, -0.00085712, -0.00073153, -0.00062367, -0.00053085, -0.00045127, -0.00038290, -0.00032416, -0.00027370, -0.00023038, -0.00019316, -0.00016116, -0.00013368, -0.00011011, -0.00008981, -0.00007253, -0.00005773, -0.00004509, -0.00003432, -0.00002518, -0.00001744, -0.00001091, -0.00000543, -0.00000085, 0.00000295, 0.00000616, 0.00000872, 0.00001077, 0.00001239, 0.00001364, 0.00001458
-3.46846754, -2.86101023, -1.69518878, -0.88823609, -0.51604186, -0.36148522, -0.27854464, -0.21502148, -0.16147543, -0.11874090, -0.08681710, -0.06374201, -0.04709309, -0.03488170, -0.02581087, -0.01904442, -0.01402351, -0.01031828, -0.00759565, -0.00559484, -0.00412150, -0.00303552, -0.00223371, -0.00164159, -0.00120604, -0.00088520, -0.00064742, -0.00047095, -0.00034091, -0.00024453, -0.00017236, -0.00011789, -0.00007705, -0.00004630, -0.00002286, -0.00000462, 0.00000935, 0.00002029, 0.00002882, 0.00003541, 0.00004039, 0.00004433, 0.00004750, 0.00004992, 0.00005157, 0.00005267, 0.00005318, 0.00005340, 0.00005326, 0.00005280, 0.00005202, 0.00005099, 0.00004971, 0.00004826, 0.00004669, 0.00004503, 0.00004340, 0.00004159, 0.00003967, 0.00003771, 0.00003575, 0.00003384
-0.13688392, -0.13458292, -0.12787266, -0.11806254, -0.10653916, -0.09448894, -0.08269686, -0.07160017, -0.06141349, -0.05224270, -0.04412784, -0.03703959, -0.03093086, -0.02571413, -0.02129964, -0.01758630, -0.01448238, -0.01189872, -0.00975694, -0.00798764, -0.00652994, -0.00533201, -0.00434906, -0.00354360, -0.00288503, -0.00234686, -0.00190681, -0.00154745, -0.00125448, -0.00101555, -0.00082048, -0.00066110, -0.00053106, -0.00042493, -0.00033823, -0.00026715, -0.00020920, -0.00016179, -0.00012303, -0.00009139, -0.00006560, -0.00004454, -0.00002732, -0.00001332, -0.00000203, 0.00000714, 0.00001436, 0.00002011, 0.00002460, 0.00002804, 0.00003058, 0.00003239, 0.00003358, 0.00003426, 0.00003454, 0.00003448, 0.00003424, 0.00003368, 0.00003292, 0.00003200, 0.00003098, 0.00002988
-67.18693220, -35.00741425, -7.31149825, -1.16446285, -0.44039476, -0.46618274, -0.43348650, -0.32626138, -0.21451959, -0.13808548, -0.09166468, -0.06478348, -0.04723373, -0.03397875, -0.02404002, -0.01704819, -0.01247043, -0.00888944, -0.00617422, -0.00430024, -0.00305176, -0.00254505, -0.00185764, -0.00105285, -0.00075217, -0.00076606, -0.00053452, -0.00028770, -0.00025779, -0.00011705, -0.00003436, -0.00015975, 0.00002854, -0.00001255, 0.00002044, 0.00006990, -0.00003562, 0.00006669, 0.00001149, 0.00008985, -0.00000234, 0.00004774, 0.00003038, 0.00009767, 0.00007552, 0.00006752, 0.00002996, 0.00009560, 0.00005859, 0.00008106, 0.00002747, 0.00005578, 0.00003741, 0.00007981, 0.00003301, 0.00006595, 0.00002564, 0.00006115, 0.00004490, 0.00006077, 0.00002765, 0.00003416
-0.84955773, -0.78930957, -0.64246892, -0.48773164, -0.36716776, -0.28286239, -0.22252680, -0.17605192, -0.13851630, -0.10803478, -0.08369290, -0.06456295, -0.04969973, -0.03818966, -0.02929292, -0.02242011, -0.01712652, -0.01305892, -0.00994423, -0.00756373, -0.00574740, -0.00436317, -0.00330838, -0.00250529, -0.00189559, -0.00143220, -0.00107914, -0.00081047, -0.00060688, -0.00045203, -0.00033367, -0.00024299, -0.00017385, -0.00012088, -0.00008010, -0.00004838, -0.00002391, -0.00000488, 0.00000990, 0.00002131, 0.00003006, 0.00003699, 0.00004240, 0.00004651, 0.00004946, 0.00005159, 0.00005296, 0.00005381, 0.00005416, 0.00005406, 0.00005356, 0.00005274, 0.00005163, 0.00005032, 0.00004886, 0.00004729, 0.00004571, 0.00004389, 0.00004199, 0.00004006, 0.00003812, 0.00003623
-0.73196729, -0.68562310, -0.57038211, -0.44442852, -0.34172321, -0.26669994, -0.21138262, -0.16820143, -0.13314288, -0.10453166, -0.08152308, -0.06329297, -0.04901240, -0.03787420, -0.02920901, -0.02247732, -0.01726235, -0.01323318, -0.01012971, -0.00774503, -0.00591513, -0.00451324, -0.00343944, -0.00261770, -0.00199056, -0.00151153, -0.00114475, -0.00086435, -0.00065080, -0.00048761, -0.00036238, -0.00026607, -0.00019233, -0.00013565, -0.00009187, -0.00005776, -0.00003139, -0.00001084, 0.00000513, 0.00001749, 0.00002699, 0.00003450, 0.00004037, 0.00004484, 0.00004808, 0.00005043, 0.00005198, 0.00005298, 0.00005344, 0.00005343, 0.00005301, 0.00005226, 0.00005121, 0.00004995, 0.00004853, 0.00004700, 0.00004546, 0.00004368, 0.00004181, 0.00003990, 0.00003800, 0.00003613
-661.38704496, -161.62642732, -8.76396414, 1.93505056, 0.74463726, -0.26025277, -0.57989512, -0.51926457, -0.12412616, -0.06447968, -0.02342710, -0.05664691, -0.07126520, -0.03222843, -0.00095027, -0.00274865, -0.03506784, -0.02736619, -0.00299843, 0.01061109, 0.01319524, -0.01763039, -0.01503562, 0.01169935, 0.00985419, -0.01005857, -0.00617663, 0.00321021, -0.00174434, 0.00371107, 0.00649222, -0.00671451, 0.00555416, 0.00082198, 0.00185292, 0.00491320, -0.00450222, 0.00287598, -0.00203248, 0.00370740, -0.00380416, -0.00028912, -0.00180644, 0.00321556, 0.00151155, 0.00068648, -0.00223340, 0.00279924, 0.00001290, 0.00177246, -0.00230923, -0.00005929, -0.00135267, 0.00209996, -0.00141660, 0.00132048, -0.00173201, 0.00124590, 0.00011180, 0.00158876, -0.00089359, -0.00017654
-0.05559182, -0.05513236, -0.05373770, -0.05153897, -0.04868159, -0.04535203, -0.04173282, -0.03798327, -0.03423261, -0.03058407, -0.02711952, -0.02388480, -0.02091475, -0.01821997, -0.01580332, -0.01365490, -0.01176038, -0.01010029, -0.00865393, -0.00740013, -0.00631722, -0.00538532, -0.00458538, -0.00390034, -0.00331511, -0.00281569, -0.00238963, -0.00202688, -0.00171837, -0.00145599, -0.00123279, -0.00104293, -0.00088154, -0.00074430, -0.00062754, -0.00052801, -0.00044345, -0.00037146, -0.00031019, -0.00025803, -0.00021366, -0.00017586, -0.00014366, -0.00011627, -0.00009302, -0.00007319, -0.00005647, -0.00004230, -0.00003035, -0.00002030, -0.00001189, -0.00000489, 0.00000091, 0.00000567, 0.00000957, 0.00001272, 0.00001530, 0.00001725, 0.00001872, 0.00001979, 0.00002052, 0.00002099
-0.11199997, -0.11052603, -0.10615514, -0.09954132, -0.09142644, -0.08254535, -0.07348466, -0.06465279, -0.05630852, -0.04861075, -0.04165446, -0.03545913, -0.03002066, -0.02529524, -0.02123019, -0.01775818, -0.01481249, -0.01232537, -0.01023546, -0.00848597, -0.00702555, -0.00580991, -0.00479973, -0.00396164, -0.00326782, -0.00269366, -0.00221833, -0.00182543, -0.00150106, -0.00123313, -0.00101162, -0.00082841, -0.00067706, -0.00055191, -0.00044835, -0.00036242, -0.00029140, -0.00023257, -0.00018385, -0.00014353, -0.00011020, -0.00008256, -0.00005968, -0.00004079, -0.00002529, -0.00001249, -0.00000211, 0.00000634, 0.00001315, 0.00001857, 0.00002282, 0.00002608, 0.00002852, 0.00003027, 0.00003146, 0.00003219, 0.00003260, 0.00003259, 0.00003230, 0.00003179, 0.00003111, 0.00003030
-2415.39145466, -301.84627215, -20.76721226, 6.72020916, 4.80084225, 1.58495216, -0.66400408, -1.40855723, 0.41508404, 0.32017100, 0.35977205, -0.02122377, -0.23204287, -0.03163435, 0.13511794, 0.08238140, -0.17753151, -0.14773854, 0.01254544, 0.10066593, 0.11519460, -0.11073065, -0.09854597, 0.08837497, 0.07563560, -0.06665076, -0.04173877, 0.02446692, -0.01094507, 0.02681272, 0.04745015, -0.04716262, 0.03899159, 0.00620301, 0.01284386, 0.03536762, -0.03224104, 0.02013923, -0.01471460, 0.02600464, -0.02703037, -0.00256449, -0.01306279, 0.02224396, 0.01065980, 0.00440297, -0.01607342, 0.01924813, -0.00016303, 0.01214413, -0.01660464, -0.00087911, -0.00992457, 0.01453132, -0.01032054, 0.00910322, -0.01262276, 0.00857389, 0.00045241, 0.01111665, -0.00663619, -0.00141468
-3142.52629330, -328.51607783, -30.22488173, 8.32439867, 6.87823548, 2.64530040, -0.66062885, -1.87684548, 0.68878607, 0.52007616, 0.56490784, -0.00035395, -0.31781404, -0.03246993, 0.20686305, 0.12798880, -0.25249286, -0.21201887, 0.02043457, 0.14826959, 0.16983220, -0.15978923, -0.14305713, 0.12863080, 0.11060430, -0.09637399, -0.06067551, 0.03567651, -0.01579540, 0.03894258, 0.06928817, -0.06855800, 0.05655090, 0.00910656, 0.01859549, 0.05161210, -0.04695694, 0.02926080, -0.02143958, 0.03780001, -0.03927035, -0.00381152, -0.01900188, 0.03226909, 0.01556554, 0.00634778, -0.02336978, 0.02790321, -0.00023211, 0.01761933, -0.02414290, -0.00133693, -0.01445931, 0.02110332, -0.01502348, 0.01323146, -0.01839607, 0.01245612, 0.00061739, 0.01618112, -0.00968797, -0.00205643
-0.08732819, -0.08636435, -0.08347705, -0.07902685, -0.07342906, -0.06713666, -0.06054634, -0.05396450, -0.04760804, -0.04162672, -0.03612231, -0.03113568, -0.02668678, -0.02276044, -0.01933193, -0.01636144, -0.01380664, -0.01162094, -0.00976042, -0.00818333, -0.00685094, -0.00572855, -0.00478495, -0.00399317, -0.00333024, -0.00277553, -0.00231126, -0.00192338, -0.00159966, -0.00132940, -0.00110361, -0.00091494, -0.00075743, -0.00062584, -0.00051583, -0.00042363, -0.00034666, -0.00028225, -0.00022836, -0.00018329, -0.00014564, -0.00011410, -0.00008771, -0.00006568, -0.00004736, -0.00003204, -0.00001942, -0.00000898, -0.00000041, 0.00000658, 0.00001221, 0.00001671, 0.00002024, 0.00002297, 0.00002502, 0.00002652, 0.00002761, 0.00002821, 0.00002845, 0.00002843, 0.00002818, 0.00002775
-11.97516215, -7.99285712, -2.88945460, -0.92493875, -0.43029857, -0.31148332, -0.24774402, -0.18541177, -0.13009949, -0.08874284, -0.06085586, -0.04265781, -0.03044751, -0.02185086, -0.01563014, -0.01113325, -0.00792697, -0.00564955, -0.00403869, -0.00289810, -0.00208603, -0.00151263, -0.00109028, -0.00077856, -0.00056249, -0.00041232, -0.00029581, -0.00020963, -0.00015081, -0.00010385, -0.00006920, -0.00004833, -0.00002493, -0.00001210, -0.00000023, 0.00000985, 0.00001394, 0.00002219, 0.00002497, 0.00003039, 0.00003064, 0.00003428, 0.00003549, 0.00003850, 0.00003854, 0.00003890, 0.00003805, 0.00003979, 0.00003842, 0.00003848, 0.00003623, 0.00003608, 0.00003450, 0.00003451, 0.00003204, 0.00003166, 0.00002925, 0.00002878, 0.00002691, 0.00002593, 0.00002369, 0.00002252
-0.29460453, -0.28217429, -0.24932932, -0.20903946, -0.17106887, -0.13912368, -0.11303127, -0.09156514, -0.07373243, -0.05893949, -0.04680962, -0.03698220, -0.02910515, -0.02283617, -0.01786994, -0.01395158, -0.01086894, -0.00845192, -0.00656198, -0.00508798, -0.00394060, -0.00304870, -0.00235583, -0.00181869, -0.00140277, -0.00108031, -0.00082991, -0.00063645, -0.00048676, -0.00037061, -0.00028026, -0.00021018, -0.00015576, -0.00011336, -0.00008025, -0.00005419, -0.00003387, -0.00001797, -0.00000556, 0.00000409, 0.00001170, 0.00001768, 0.00002229, 0.00002576, 0.00002829, 0.00003026, 0.00003157, 0.00003240, 0.00003281, 0.00003288, 0.00003265, 0.00003219, 0.00003153, 0.00003074, 0.00002986, 0.00002887, 0.00002784, 0.00002668, 0.00002549, 0.00002430, 0.00002312, 0.00002195
-0.33500727, -0.31924357, -0.27822498, -0.22932358, -0.18481773, -0.14860284, -0.11975160, -0.09636839, -0.07711493, -0.06125395, -0.04833977, -0.03795606, -0.02969435, -0.02316549, -0.01802705, -0.01399671, -0.01084480, -0.00838721, -0.00647668, -0.00499480, -0.00384777, -0.00296102, -0.00227580, -0.00174750, -0.00134060, -0.00102680, -0.00078435, -0.00059805, -0.00045465, -0.00034393, -0.00025820, -0.00019201, -0.00014086, -0.00010118, -0.00007031, -0.00004608, -0.00002727, -0.00001259, -0.00000117, 0.00000767, 0.00001464, 0.00002009, 0.00002428, 0.00002741, 0.00002967, 0.00003141, 0.00003254, 0.00003322, 0.00003351, 0.00003348, 0.00003317, 0.00003263, 0.00003192, 0.00003107, 0.00003014, 0.00002912, 0.00002804, 0.00002685, 0.00002563, 0.00002442, 0.00002322, 0.00002202
-0.11799879, -0.11572290, -0.10917984, -0.09974440, -0.08889817, -0.07780257, -0.06716926, -0.05736161, -0.04852869, -0.04071224, -0.03391231, -0.02807371, -0.02312146, -0.01896171, -0.01549455, -0.01262407, -0.01025961, -0.00832033, -0.00673568, -0.00544488, -0.00439612, -0.00354567, -0.00285683, -0.00230006, -0.00185055, -0.00148752, -0.00119409, -0.00095773, -0.00076718, -0.00061339, -0.00048909, -0.00038878, -0.00030781, -0.00024234, -0.00018935, -0.00014629, -0.00011152, -0.00008337, -0.00006060, -0.00004222, -0.00002730, -0.00001523, -0.00000551, 0.00000224, 0.00000838, 0.00001334, 0.00001716, 0.00002009, 0.00002228, 0.00002385, 0.00002490, 0.00002554, 0.00002582, 0.00002584, 0.00002564, 0.00002525, 0.00002474, 0.00002406, 0.00002328, 0.00002245, 0.00002159, 0.00002069
-0.04227224, -0.04187764, -0.04069975, -0.03884655, -0.03646720, -0.03372707, -0.03078366, -0.02777496, -0.02480657, -0.02195581, -0.01928354, -0.01682112, -0.01458735, -0.01258602, -0.01081209, -0.00925378, -0.00789507, -0.00671786, -0.00570330, -0.00483298, -0.00408906, -0.00345525, -0.00291641, -0.00245951, -0.00207277, -0.00174564, -0.00146896, -0.00123561, -0.00103876, -0.00087267, -0.00073249, -0.00061426, -0.00051454, -0.00043037, -0.00035929, -0.00029912, -0.00024840, -0.00020555, -0.00016936, -0.00013880, -0.00011296, -0.00009111, -0.00007267, -0.00005713, -0.00004407, -0.00003299, -0.00002376, -0.00001604, -0.00000962, -0.00000429, 0.00000009, 0.00000366, 0.00000656, 0.00000888, 0.00001072, 0.00001214, 0.00001325, 0.00001401, 0.00001451, 0.00001482, 0.00001495, 0.00001495
-0.18859724, -0.18319280, -0.16822162, -0.14815063, -0.12705952, -0.10733863, -0.08983473, -0.07461221, -0.06149693, -0.05030060, -0.04086951, -0.03301805, -0.02655275, -0.02127460, -0.01699276, -0.01353715, -0.01075959, -0.00853537, -0.00675965, -0.00534600, -0.00422299, -0.00333237, -0.00262666, -0.00206862, -0.00162783, -0.00127941, -0.00100366, -0.00078635, -0.00061490, -0.00047937, -0.00037205, -0.00028724, -0.00022019, -0.00016706, -0.00012489, -0.00009124, -0.00006459, -0.00004342, -0.00002664, -0.00001338, -0.00000280, 0.00000561, 0.00001222, 0.00001734, 0.00002124, 0.00002432, 0.00002654, 0.00002813, 0.00002918, 0.00002978, 0.00003000, 0.00002991, 0.00002958, 0.00002907, 0.00002842, 0.00002764, 0.00002679, 0.00002579, 0.00002475, 0.00002369, 0.00002262, 0.00002154
-3.71708467, -2.93270217, -1.56878933, -0.75032018, -0.41749433, -0.28822564, -0.21839902, -0.16464974, -0.12041879, -0.08623735, -0.06149362, -0.04412257, -0.03190417, -0.02315607, -0.01679437, -0.01215164, -0.00877742, -0.00634042, -0.00458628, -0.00332273, -0.00241028, -0.00174940, -0.00126915, -0.00092099, -0.00066897, -0.00048547, -0.00035064, -0.00025266, -0.00018103, -0.00012785, -0.00008794, -0.00005831, -0.00003594, -0.00001898, -0.00000585, 0.00000457, 0.00001261, 0.00001900, 0.00002390, 0.00002772, 0.00003079, 0.00003333, 0.00003521, 0.00003656, 0.00003735, 0.00003797, 0.00003820, 0.00003821, 0.00003789, 0.00003736, 0.00003657, 0.00003565, 0.00003458, 0.00003344, 0.00003221, 0.00003095, 0.00002959, 0.00002817, 0.00002671, 0.00002529, 0.00002390, 0.00002254
-0.02256099, -0.02241379, -0.02197150, -0.02125991, -0.02031744, -0.01919259, -0.01793598, -0.01659835, -0.01522313, -0.01384718, -0.01250511, -0.01121902, -0.01000710, -0.00888012, -0.00784453, -0.00690246, -0.00605263, -0.00529156, -0.00461417, -0.00401469, -0.00348655, -0.00302311, -0.00261765, -0.00226407, -0.00195646, -0.00168924, -0.00145725, -0.00125652, -0.00108286, -0.00093270, -0.00080288, -0.00069075, -0.00059391, -0.00051027, -0.00043802, -0.00037547, -0.00032154, -0.00027496, -0.00023471, -0.00019995, -0.00016990, -0.00014393, -0.00012149, -0.00010211, -0.00008540, -0.00007090, -0.00005846, -0.00004775, -0.00003855, -0.00003065, -0.00002389, -0.00001812, -0.00001320, -0.00000903, -0.00000549, -0.00000251, 0.00000002, 0.00000208, 0.00000379, 0.00000518, 0.00000630, 0.00000720
-0.40837472, -0.38574185, -0.32830321, -0.26290680, -0.20664664, -0.16324912, -0.12998763, -0.10360752, -0.08214425, -0.06463072, -0.05051911, -0.03930098, -0.03047499, -0.02357374, -0.01819346, -0.01401129, -0.01076819, -0.00826111, -0.00632830, -0.00484181, -0.00370058, -0.00282543, -0.00215457, -0.00164141, -0.00124934, -0.00094929, -0.00071920, -0.00054376, -0.00040977, -0.00030704, -0.00022800, -0.00016741, -0.00012089, -0.00008501, -0.00005724, -0.00003552, -0.00001873, -0.00000569, 0.00000441, 0.00001219, 0.00001832, 0.00002311, 0.00002676, 0.00002946, 0.00003137, 0.00003283, 0.00003374, 0.00003424, 0.00003439, 0.00003423, 0.00003382, 0.00003319, 0.00003240, 0.00003150, 0.00003051, 0.00002943, 0.00002831, 0.00002708, 0.00002582, 0.00002457, 0.00002334, 0.00002212
-0.06596146, -0.06536537, -0.06356530, -0.06074234, -0.05710634, -0.05291054, -0.04839657, -0.04376954, -0.03918959, -0.03477889, -0.03063137, -0.02679565, -0.02330577, -0.02016717, -0.01737656, -0.01491605, -0.01276382, -0.01089250, -0.00927450, -0.00788192, -0.00668767, -0.00566707, -0.00479681, -0.00405641, -0.00342791, -0.00289491, -0.00244294, -0.00206043, -0.00173699, -0.00146349, -0.00123211, -0.00103636, -0.00087089, -0.00073091, -0.00061245, -0.00051197, -0.00042704, -0.00035511, -0.00029418, -0.00024259, -0.00019892, -0.00016189, -0.00013052, -0.00010397, -0.00008156, -0.00006255, -0.00004662, -0.00003321, -0.00002197, -0.00001260, -0.00000483, 0.00000157, 0.00000681, 0.00001107, 0.00001448, 0.00001719, 0.00001937, 0.00002093, 0.00002205, 0.00002280, 0.00002324, 0.00002343
-8.30645822, -6.31160903, -3.05416395, -1.29233633, -0.66891861, -0.46468384, -0.36046196, -0.27404300, -0.19944202, -0.14147364, -0.10015119, -0.07168879, -0.05191089, -0.03776189, -0.02743291, -0.01986197, -0.01435699, -0.01038371, -0.00752748, -0.00546964, -0.00398040, -0.00289967, -0.00211184, -0.00153743, -0.00112154, -0.00081895, -0.00059596, -0.00043192, -0.00031240, -0.00022365, -0.00015710, -0.00010721, -0.00006918, -0.00004069, -0.00001850, -0.00000092, 0.00001253, 0.00002365, 0.00003213, 0.00003904, 0.00004405, 0.00004855, 0.00005204, 0.00005486, 0.00005663, 0.00005786, 0.00005850, 0.00005900, 0.00005884, 0.00005842, 0.00005746, 0.00005639, 0.00005493, 0.00005343, 0.00005159, 0.00004986, 0.00004794, 0.00004593, 0.00004372, 0.00004157, 0.00003933, 0.00003725
-1.27875527, -1.16052060, -0.88748780, -0.62628608, -0.44554670, -0.33257108, -0.25732430, -0.20087459, -0.15565762, -0.11935772, -0.09088586, -0.06898945, -0.05232506, -0.03965465, -0.03001087, -0.02266673, -0.01708844, -0.01286233, -0.00967203, -0.00726758, -0.00545741, -0.00409566, -0.00307088, -0.00230012, -0.00172219, -0.00128797, -0.00096065, -0.00071431, -0.00052967, -0.00039049, -0.00028491, -0.00020459, -0.00014380, -0.00009745, -0.00006187, -0.00003419, -0.00001284, 0.00000380, 0.00001675, 0.00002674, 0.00003444, 0.00004062, 0.00004548, 0.00004915, 0.00005177, 0.00005365, 0.00005485, 0.00005556, 0.00005580, 0.00005559, 0.00005500, 0.00005408, 0.00005289, 0.00005149, 0.00004995, 0.00004830, 0.00004664, 0.00004473, 0.00004274, 0.00004072, 0.00003871, 0.00003675
-1.00788711, -0.92881744, -0.73983734, -0.54753195, -0.40393257, -0.30743211, -0.24014343, -0.18888414, -0.14767884, -0.11439700, -0.08801328, -0.06745335, -0.05160928, -0.03943006, -0.03007612, -0.02289435, -0.01739436, -0.01319362, -0.00999527, -0.00756533, -0.00572137, -0.00432363, -0.00326407, -0.00246147, -0.00185521, -0.00139659, -0.00104860, -0.00078506, -0.00058620, -0.00043543, -0.00032050, -0.00023269, -0.00016590, -0.00011481, -0.00007548, -0.00004487, -0.00002123, -0.00000281, 0.00001152, 0.00002260, 0.00003114, 0.00003795, 0.00004330, 0.00004735, 0.00005026, 0.00005239, 0.00005377, 0.00005463, 0.00005497, 0.00005486, 0.00005435, 0.00005351, 0.00005238, 0.00005104, 0.00004955, 0.00004795, 0.00004633, 0.00004446, 0.00004251, 0.00004053, 0.00003856, 0.00003662
-7.83596388, -5.99751081, -2.95469552, -1.27487364, -0.66657647, -0.46251522, -0.35795113, -0.27220344, -0.19850252, -0.14115789, -0.10013454, -0.07177233, -0.05201351, -0.03786230, -0.02752731, -0.01994799, -0.01443177, -0.01044590, -0.00757739, -0.00550878, -0.00401071, -0.00292285, -0.00212961, -0.00155110, -0.00113188, -0.00082662, -0.00060172, -0.00043626, -0.00031560, -0.00022606, -0.00015890, -0.00010848, -0.00007019, -0.00004141, -0.00001905, -0.00000135, 0.00001225, 0.00002340, 0.00003196, 0.00003887, 0.00004395, 0.00004845, 0.00005196, 0.00005477, 0.00005655, 0.00005779, 0.00005845, 0.00005893, 0.00005879, 0.00005836, 0.00005743, 0.00005634, 0.00005490, 0.00005338, 0.00005157, 0.00004982, 0.00004792, 0.00004590, 0.00004370, 0.00004154, 0.00003932, 0.00003724
-0.25411720, -0.24777338, -0.22992580, -0.20541886, -0.17885556, -0.15325093, -0.12993352, -0.10923157, -0.09109245, -0.07538205, -0.06196463, -0.05063826, -0.04119053, -0.03337337, -0.02695422, -0.02170975, -0.01744523, -0.01398973, -0.01120005, -0.00895382, -0.00714949, -0.00570297, -0.00454451, -0.00361792, -0.00287836, -0.00228790, -0.00181597, -0.00143943, -0.00113950, -0.00090025, -0.00070904, -0.00055616, -0.00043415, -0.00033661, -0.00025851, -0.00019570, -0.00014547, -0.00010515, -0.00007282, -0.00004695, -0.00002629, -0.00000964, 0.00000369, 0.00001427, 0.00002256, 0.00002911, 0.00003409, 0.00003789, 0.00004066, 0.00004258, 0.00004378, 0.00004439, 0.00004450, 0.00004423, 0.00004365, 0.00004284, 0.00004191, 0.00004068, 0.00003931, 0.00003784, 0.00003633, 0.00003479
-340.96912792, -108.84150105, -8.93529972, 0.49425969, 0.13507818, -0.43140520, -0.53923348, -0.41886436, -0.19392119, -0.11451642, -0.06897410, -0.06200349, -0.05501233, -0.03356382, -0.01673516, -0.01246068, -0.01955069, -0.01457319, -0.00504220, 0.00050162, 0.00208107, -0.00733573, -0.00599138, 0.00305224, 0.00261137, -0.00374195, -0.00231453, 0.00082785, -0.00073467, 0.00110797, 0.00202003, -0.00224840, 0.00179769, 0.00024370, 0.00060772, 0.00159383, -0.00145394, 0.00095997, -0.00063821, 0.00123975, -0.00121778, -0.00005519, -0.00055581, 0.00109429, 0.00052552, 0.00026709, -0.00069246, 0.00096160, 0.00004211, 0.00062113, -0.00071800, 0.00002242, -0.00040416, 0.00072370, -0.00042838, 0.00046450, -0.00053170, 0.00043800, 0.00006839, 0.00054475, -0.00026356, -0.00003401
-0.10367234, -0.10240799, -0.09864406, -0.09289704, -0.08576419, -0.07786076, -0.06970055, -0.06166060, -0.05399243, -0.04685846, -0.04036268, -0.03453667, -0.02938827, -0.02488624, -0.02098967, -0.01764242, -0.01478671, -0.01236280, -0.01031525, -0.00859248, -0.00714747, -0.00593873, -0.00492945, -0.00408827, -0.00338857, -0.00280686, -0.00232304, -0.00192136, -0.00158821, -0.00131172, -0.00108208, -0.00089131, -0.00073298, -0.00060145, -0.00049210, -0.00040096, -0.00032528, -0.00026229, -0.00020988, -0.00016630, -0.00013008, -0.00009990, -0.00007478, -0.00005395, -0.00003673, -0.00002243, -0.00001073, -0.00000114, 0.00000667, 0.00001296, 0.00001797, 0.00002189, 0.00002490, 0.00002715, 0.00002878, 0.00002989, 0.00003064, 0.00003091, 0.00003087, 0.00003058, 0.00003009, 0.00002945
-0.40377560, -0.38862218, -0.34793189, -0.29667820, -0.24678576, -0.20352098, -0.16734299, -0.13706495, -0.11156819, -0.09015827, -0.07238906, -0.05780918, -0.04598331, -0.03645749, -0.02882750, -0.02273840, -0.01789754, -0.01406021, -0.01102847, -0.00863867, -0.00675894, -0.00528296, -0.00412480, -0.00321711, -0.00250732, -0.00195199, -0.00151681, -0.00117639, -0.00091075, -0.00070298, -0.00054005, -0.00041216, -0.00031207, -0.00023351, -0.00017170, -0.00012278, -0.00008431, -0.00005391, -0.00002992, -0.00001105, 0.00000375, 0.00001554, 0.00002485, 0.00003208, 0.00003757, 0.00004178, 0.00004483, 0.00004702, 0.00004846, 0.00004925, 0.00004950, 0.00004930, 0.00004872, 0.00004786, 0.00004678, 0.00004553, 0.00004422, 0.00004266, 0.00004099, 0.00003926, 0.00003751, 0.00003577
-0.59989930, -0.56835297, -0.48753946, -0.39421991, -0.31268846, -0.24901218, -0.19978178, -0.16044182, -0.12817436, -0.10162513, -0.08005025, -0.06274994, -0.04903208, -0.03821436, -0.02971758, -0.02305792, -0.01785542, -0.01380097, -0.01065189, -0.00821104, -0.00632280, -0.00486424, -0.00373798, -0.00286927, -0.00220084, -0.00168607, -0.00128882, -0.00098282, -0.00074781, -0.00056677, -0.00042676, -0.00031836, -0.00023472, -0.00016994, -0.00011958, -0.00008011, -0.00004940, -0.00002536, -0.00000656, 0.00000807, 0.00001943, 0.00002844, 0.00003551, 0.00004093, 0.00004494, 0.00004794, 0.00005001, 0.00005141, 0.00005220, 0.00005246, 0.00005226, 0.00005167, 0.00005077, 0.00004963, 0.00004831, 0.00004687, 0.00004538, 0.00004365, 0.00004182, 0.00003996, 0.00003809, 0.00003624
-0.17485798, -0.17223774, -0.16458461, -0.15308125, -0.13919703, -0.12425279, -0.10925398, -0.09488767, -0.08155518, -0.06946354, -0.05871658, -0.04931047, -0.04118291, -0.03424002, -0.02835893, -0.02341585, -0.01928399, -0.01584840, -0.01300285, -0.01065395, -0.00872047, -0.00713194, -0.00582860, -0.00476171, -0.00388873, -0.00317427, -0.00258938, -0.00211184, -0.00172135, -0.00140170, -0.00113987, -0.00092558, -0.00074998, -0.00060588, -0.00048753, -0.00038997, -0.00030993, -0.00024411, -0.00019002, -0.00014550, -0.00010876, -0.00007853, -0.00005374, -0.00003349, -0.00001695, -0.00000331, 0.00000760, 0.00001637, 0.00002330, 0.00002871, 0.00003283, 0.00003589, 0.00003807, 0.00003954, 0.00004041, 0.00004074, 0.00004073, 0.00004030, 0.00003961, 0.00003872, 0.00003768, 0.00003650
-0.42145359, -0.40874538, -0.37371600, -0.32706586, -0.27847482, -0.23343773, -0.19380109, -0.15963675, -0.13048070, -0.10583454, -0.08527247, -0.06832265, -0.05449424, -0.04331319, -0.03432391, -0.02713607, -0.02140921, -0.01686289, -0.01326391, -0.01042218, -0.00818284, -0.00642024, -0.00503388, -0.00394598, -0.00309213, -0.00242125, -0.00189376, -0.00148054, -0.00115593, -0.00090034, -0.00069881, -0.00054021, -0.00041505, -0.00031600, -0.00023745, -0.00017475, -0.00012506, -0.00008556, -0.00005420, -0.00002921, -0.00000913, 0.00000686, 0.00001947, 0.00002929, 0.00003694, 0.00004304, 0.00004752, 0.00005079, 0.00005301, 0.00005436, 0.00005499, 0.00005504, 0.00005462, 0.00005385, 0.00005278, 0.00005140, 0.00004988, 0.00004812, 0.00004627, 0.00004439, 0.00004246, 0.00004049
-0.20824121, -0.20469316, -0.19440812, -0.17922369, -0.16129631, -0.14244595, -0.12393837, -0.10654943, -0.09067738, -0.07649024, -0.06404526, -0.05328545, -0.04409686, -0.03633484, -0.02982932, -0.02441664, -0.01993683, -0.01624706, -0.01321862, -0.01074117, -0.00871975, -0.00707309, -0.00573346, -0.00464601, -0.00376349, -0.00304704, -0.00246520, -0.00199397, -0.00161169, -0.00130115, -0.00104871, -0.00084370, -0.00067697, -0.00054117, -0.00043042, -0.00033976, -0.00026590, -0.00020561, -0.00015642, -0.00011622, -0.00008326, -0.00005633, -0.00003442, -0.00001670, -0.00000235, 0.00000939, 0.00001866, 0.00002599, 0.00003169, 0.00003601, 0.00003918, 0.00004142, 0.00004288, 0.00004372, 0.00004405, 0.00004390, 0.00004346, 0.00004265, 0.00004163, 0.00004046, 0.00003916, 0.00003776
-1343.40601425, -238.43062949, -13.35630712, 3.02310445, 1.68884004, 0.10916309, -0.74244791, -0.89061641, -0.00041508, 0.02443559, 0.07712974, -0.05993787, -0.13188417, -0.03696012, 0.03994741, 0.02235782, -0.08335554, -0.06742857, 0.00157313, 0.03960833, 0.04591740, -0.04831844, -0.04230959, 0.03675226, 0.03116820, -0.02870309, -0.01779437, 0.01011395, -0.00480090, 0.01125598, 0.01976072, -0.01994923, 0.01650648, 0.00253699, 0.00545578, 0.01479041, -0.01354707, 0.00851485, -0.00616686, 0.01098992, -0.01140404, -0.00100716, -0.00548116, 0.00945492, 0.00447917, 0.00191912, -0.00675295, 0.00820117, -0.00004416, 0.00517465, -0.00697725, -0.00030662, -0.00414193, 0.00617032, -0.00431821, 0.00386529, -0.00527531, 0.00364328, 0.00023619, 0.00469562, -0.00275695, -0.00058129
-0.54633722, -0.52578696, -0.47062261, -0.40077115, -0.33230723, -0.27246859, -0.22221086, -0.18027079, -0.14526631, -0.11619946, -0.09234455, -0.07299797, -0.05746672, -0.04509854, -0.03529675, -0.02756575, -0.02148554, -0.01672049, -0.01299530, -0.01009022, -0.00782904, -0.00607067, -0.00470409, -0.00364457, -0.00282281, -0.00218458, -0.00168844, -0.00130437, -0.00100607, -0.00077370, -0.00059237, -0.00045118, -0.00034087, -0.00025438, -0.00018637, -0.00013246, -0.00009007, -0.00005662, -0.00003027, -0.00000940, 0.00000730, 0.00002054, 0.00003088, 0.00003882, 0.00004493, 0.00004978, 0.00005323, 0.00005564, 0.00005714, 0.00005790, 0.00005802, 0.00005764, 0.00005686, 0.00005577, 0.00005444, 0.00005282, 0.00005109, 0.00004914, 0.00004712, 0.00004509, 0.00004304, 0.00004096
-2976.68132888, -327.65659578, -30.26313049, 6.86536761, 5.94488333, 2.20613563, -0.76615183, -1.84053330, 0.56393545, 0.43217043, 0.49099945, -0.01928626, -0.30507689, -0.03754033, 0.18574604, 0.11437642, -0.23582776, -0.19733342, 0.01787535, 0.13623249, 0.15618222, -0.14803376, -0.13233569, 0.11870109, 0.10197178, -0.08920299, -0.05611024, 0.03288945, -0.01465812, 0.03594780, 0.06392091, -0.06336401, 0.05224879, 0.00837828, 0.01718110, 0.04763373, -0.04336991, 0.02703265, -0.01979825, 0.03492356, -0.03628089, -0.00349926, -0.01754568, 0.02983256, 0.01437489, 0.00588397, -0.02157976, 0.02580366, -0.00020545, 0.01629427, -0.02229400, -0.00121429, -0.01334307, 0.01950907, -0.01386718, 0.01223197, -0.01697914, 0.01151558, 0.00058426, 0.01495049, -0.00893697, -0.00189505
-1.21386264, -1.12663766, -0.91543253, -0.69386361, -0.52046436, -0.39753598, -0.30865200, -0.24054726, -0.18645566, -0.14334681, -0.10948424, -0.08327563, -0.06318691, -0.04786599, -0.03619694, -0.02732683, -0.02059537, -0.01550284, -0.01165871, -0.00876321, -0.00658537, -0.00494747, -0.00371556, -0.00279152, -0.00209757, -0.00157510, -0.00118099, -0.00088543, -0.00066246, -0.00049328, -0.00036443, -0.00026664, -0.00019190, -0.00013434, -0.00008974, -0.00005467, -0.00002741, -0.00000609, 0.00001054, 0.00002366, 0.00003427, 0.00004265, 0.00004910, 0.00005391, 0.00005753, 0.00006040, 0.00006225, 0.00006335, 0.00006378, 0.00006363, 0.00006299, 0.00006195, 0.00006061, 0.00005904, 0.00005728, 0.00005527, 0.00005317, 0.00005089, 0.00004858, 0.00004629, 0.00004400, 0.00004171
-0.68194652, -0.65100932, -0.57006678, -0.47235030, -0.38191796, -0.30706614, -0.24674823, -0.19772650, -0.15750039, -0.12454463, -0.09784885, -0.07648907, -0.05956803, -0.04626146, -0.03583984, -0.02770966, -0.02138381, -0.01647727, -0.01268126, -0.00975080, -0.00749302, -0.00575468, -0.00441680, -0.00338979, -0.00260089, -0.00199396, -0.00152651, -0.00116812, -0.00089228, -0.00067923, -0.00051430, -0.00038696, -0.00028823, -0.00021133, -0.00015122, -0.00010378, -0.00006668, -0.00003754, -0.00001470, 0.00000333, 0.00001777, 0.00002916, 0.00003801, 0.00004474, 0.00004988, 0.00005394, 0.00005674, 0.00005863, 0.00005970, 0.00006009, 0.00005991, 0.00005927, 0.00005826, 0.00005699, 0.00005549, 0.00005372, 0.00005185, 0.00004978, 0.00004766, 0.00004553, 0.00004340, 0.00004124
-0.42288240, -0.41009437, -0.37485622, -0.32795723, -0.27914325, -0.23393241, -0.19416641, -0.15990522, -0.13067541, -0.10597293, -0.08536848, -0.06838741, -0.05453644, -0.04333942, -0.03433902, -0.02714361, -0.02141171, -0.01686216, -0.01326123, -0.01041844, -0.00817862, -0.00641591, -0.00502970, -0.00394209, -0.00308860, -0.00241811, -0.00189100, -0.00147815, -0.00115387, -0.00089859, -0.00069733, -0.00053895, -0.00041399, -0.00031512, -0.00023671, -0.00017413, -0.00012454, -0.00008513, -0.00005384, -0.00002891, -0.00000888, 0.00000707, 0.00001965, 0.00002943, 0.00003706, 0.00004314, 0.00004761, 0.00005086, 0.00005307, 0.00005442, 0.00005504, 0.00005508, 0.00005466, 0.00005388, 0.00005281, 0.00005142, 0.00004990, 0.00004814, 0.00004629, 0.00004440, 0.00004247, 0.00004050
-0.02337437, -0.02326433, -0.02293601, -0.02239877, -0.02167469, -0.02079119, -0.01977711, -0.01866612, -0.01748830, -0.01627101, -0.01504367, -0.01382796, -0.01264305, -0.01150399, -0.01042210, -0.00940544, -0.00845840, -0.00758326, -0.00677992, -0.00604739, -0.00538274, -0.00478247, -0.00424240, -0.00375838, -0.00332581, -0.00294006, -0.00259657, -0.00229181, -0.00202158, -0.00178225, -0.00157047, -0.00138327, -0.00121789, -0.00107182, -0.00094284, -0.00082879, -0.00072829, -0.00063961, -0.00056136, -0.00049232, -0.00043137, -0.00037759, -0.00033012, -0.00028824, -0.00025129, -0.00021857, -0.00018981, -0.00016444, -0.00014209, -0.00012240, -0.00010507, -0.00008982, -0.00007642, -0.00006465, -0.00005432, -0.00004527, -0.00003728, -0.00003037, -0.00002433, -0.00001908, -0.00001452, -0.00001057
-0.13649477, -0.13411350, -0.12722234, -0.11711523, -0.10526250, -0.09288391, -0.08079743, -0.06948077, -0.05916700, -0.04995030, -0.04186316, -0.03486423, -0.02888205, -0.02382207, -0.01957581, -0.01603760, -0.01310508, -0.01068609, -0.00869791, -0.00706932, -0.00573885, -0.00465399, -0.00377058, -0.00305281, -0.00247011, -0.00199696, -0.00161253, -0.00130125, -0.00104890, -0.00084408, -0.00067769, -0.00054270, -0.00043312, -0.00034403, -0.00027154, -0.00021232, -0.00016424, -0.00012511, -0.00009330, -0.00006744, -0.00004634, -0.00002918, -0.00001529, -0.00000413, 0.00000480, 0.00001207, 0.00001772, 0.00002212, 0.00002547, 0.00002794, 0.00002969, 0.00003083, 0.00003148, 0.00003174, 0.00003169, 0.00003136, 0.00003086, 0.00003010, 0.00002922, 0.00002826, 0.00002723, 0.00002615
-0.11431103, -0.11256889, -0.10748345, -0.09987912, -0.09074510, -0.08096322, -0.07118676, -0.06184786, -0.05319117, -0.04534131, -0.03836246, -0.03224830, -0.02696057, -0.02243754, -0.01860146, -0.01537247, -0.01266959, -0.01041883, -0.00855209, -0.00700913, -0.00573746, -0.00469163, -0.00383272, -0.00312899, -0.00255291, -0.00208131, -0.00169503, -0.00137969, -0.00112196, -0.00091112, -0.00073850, -0.00059735, -0.00048186, -0.00038724, -0.00030967, -0.00024584, -0.00019362, -0.00015079, -0.00011570, -0.00008695, -0.00006332, -0.00004394, -0.00002813, -0.00001528, -0.00000489, 0.00000365, 0.00001040, 0.00001576, 0.00001994, 0.00002313, 0.00002550, 0.00002719, 0.00002832, 0.00002900, 0.00002931, 0.00002930, 0.00002908, 0.00002857, 0.00002791, 0.00002713, 0.00002627, 0.00002534
-0.19388104, -0.18938289, -0.17666188, -0.15887245, -0.13919690, -0.11983943, -0.10191064, -0.08582412, -0.07165154, -0.05933888, -0.04880292, -0.03989972, -0.03246115, -0.02630380, -0.02124266, -0.01710838, -0.01374566, -0.01102195, -0.00882321, -0.00705322, -0.00563193, -0.00449248, -0.00357990, -0.00285070, -0.00226842, -0.00180322, -0.00143123, -0.00113496, -0.00089861, -0.00070978, -0.00055873, -0.00043813, -0.00034174, -0.00026456, -0.00020269, -0.00015285, -0.00011299, -0.00008103, -0.00005544, -0.00003497, -0.00001848, -0.00000527, 0.00000523, 0.00001348, 0.00001991, 0.00002506, 0.00002890, 0.00003175, 0.00003377, 0.00003510, 0.00003586, 0.00003615, 0.00003607, 0.00003570, 0.00003511, 0.00003429, 0.00003337, 0.00003225, 0.00003104, 0.00002979, 0.00002852, 0.00002722
-0.48365405, -0.45911208, -0.39598564, -0.32224276, -0.25674927, -0.20465260, -0.16383139, -0.13108715, -0.10431311, -0.08239025, -0.06465182, -0.05048445, -0.03928359, -0.03048755, -0.02360439, -0.01823561, -0.01405925, -0.01082017, -0.00831526, -0.00638231, -0.00489387, -0.00374882, -0.00286826, -0.00219289, -0.00167503, -0.00127741, -0.00097160, -0.00073778, -0.00055848, -0.00042054, -0.00031409, -0.00023227, -0.00016921, -0.00012040, -0.00008251, -0.00005279, -0.00002976, -0.00001183, 0.00000208, 0.00001286, 0.00002138, 0.00002804, 0.00003312, 0.00003687, 0.00003958, 0.00004168, 0.00004299, 0.00004374, 0.00004401, 0.00004386, 0.00004336, 0.00004258, 0.00004159, 0.00004044, 0.00003918, 0.00003778, 0.00003633, 0.00003473, 0.00003312, 0.00003151, 0.00002993, 0.00002835
-0.10449101, -0.10300023, -0.09863209, -0.09204363, -0.08404394, -0.07537771, -0.06662118, -0.05817541, -0.05028062, -0.04306832, -0.03661342, -0.03092288, -0.02597206, -0.02171292, -0.01808109, -0.01500808, -0.01242302, -0.01025981, -0.00845718, -0.00696068, -0.00572161, -0.00469820, -0.00385411, -0.00315953, -0.00258860, -0.00211926, -0.00173330, -0.00141690, -0.00115727, -0.00094403, -0.00076877, -0.00062488, -0.00050669, -0.00040948, -0.00032949, -0.00026343, -0.00020917, -0.00016450, -0.00012775, -0.00009752, -0.00007259, -0.00005207, -0.00003524, -0.00002150, -0.00001032, -0.00000110, 0.00000625, 0.00001213, 0.00001676, 0.00002036, 0.00002308, 0.00002508, 0.00002648, 0.00002739, 0.00002791, 0.00002808, 0.00002802, 0.00002766, 0.00002712, 0.00002646, 0.00002569, 0.00002484
-0.11702086, -0.11520594, -0.10991368, -0.10201887, -0.09256396, -0.08247009, -0.07241153, -0.06282774, -0.05396384, -0.04594160, -0.03882188, -0.03259433, -0.02721710, -0.02262422, -0.01873442, -0.01546453, -0.01273113, -0.01045773, -0.00857453, -0.00701979, -0.00573990, -0.00468851, -0.00382600, -0.00312010, -0.00254288, -0.00207085, -0.00168463, -0.00136968, -0.00111254, -0.00090240, -0.00073053, -0.00059014, -0.00047539, -0.00038147, -0.00030455, -0.00024132, -0.00018963, -0.00014729, -0.00011263, -0.00008426, -0.00006097, -0.00004189, -0.00002634, -0.00001372, -0.00000353, 0.00000484, 0.00001143, 0.00001666, 0.00002072, 0.00002382, 0.00002610, 0.00002771, 0.00002878, 0.00002939, 0.00002966, 0.00002959, 0.00002933, 0.00002880, 0.00002810, 0.00002730, 0.00002641, 0.00002546
-2.36176503, -2.01013395, -1.30332455, -0.76731945, -0.48240729, -0.34067609, -0.25670316, -0.19493271, -0.14577439, -0.10739313, -0.07860797, -0.05755588, -0.04225133, -0.03106340, -0.02282018, -0.01673511, -0.01225161, -0.00896191, -0.00655568, -0.00479734, -0.00351213, -0.00257132, -0.00188144, -0.00137705, -0.00100802, -0.00073684, -0.00053655, -0.00039007, -0.00028209, -0.00020167, -0.00014127, -0.00009624, -0.00006237, -0.00003657, -0.00001673, -0.00000108, 0.00001099, 0.00002040, 0.00002767, 0.00003328, 0.00003787, 0.00004150, 0.00004422, 0.00004610, 0.00004733, 0.00004829, 0.00004870, 0.00004872, 0.00004837, 0.00004770, 0.00004675, 0.00004557, 0.00004422, 0.00004276, 0.00004122, 0.00003955, 0.00003784, 0.00003599, 0.00003415, 0.00003234, 0.00003058, 0.00002883
-0.32153984, -0.31001163, -0.27890386, -0.23917300, -0.19983512, -0.16512113, -0.13570818, -0.11095247, -0.09010678, -0.07263880, -0.05817607, -0.04634070, -0.03675722, -0.02905984, -0.02290816, -0.01801589, -0.01413736, -0.01107342, -0.00865999, -0.00676355, -0.00527672, -0.00411250, -0.00320151, -0.00249041, -0.00193563, -0.00150238, -0.00116361, -0.00090002, -0.00069450, -0.00053385, -0.00040804, -0.00030979, -0.00023295, -0.00017266, -0.00012527, -0.00008775, -0.00005833, -0.00003518, -0.00001701, -0.00000276, 0.00000855, 0.00001745, 0.00002435, 0.00002960, 0.00003351, 0.00003659, 0.00003869, 0.00004009, 0.00004089, 0.00004119, 0.00004107, 0.00004062, 0.00003990, 0.00003898, 0.00003792, 0.00003670, 0.00003542, 0.00003397, 0.00003249, 0.00003099, 0.00002951, 0.00002803
-0.04638790, -0.04599649, -0.04482947, -0.04297607, -0.04057281, -0.03777195, -0.03472359, -0.03156748, -0.02841441, -0.02534908, -0.02244187, -0.01973307, -0.01724875, -0.01500014, -0.01298679, -0.01120128, -0.00962971, -0.00825584, -0.00706133, -0.00602809, -0.00513763, -0.00437284, -0.00371756, -0.00315774, -0.00268027, -0.00227340, -0.00192680, -0.00163243, -0.00138235, -0.00116987, -0.00098930, -0.00083600, -0.00070581, -0.00059519, -0.00050116, -0.00042104, -0.00035306, -0.00029526, -0.00024611, -0.00020433, -0.00016876, -0.00013850, -0.00011278, -0.00009095, -0.00007245, -0.00005664, -0.00004336, -0.00003215, -0.00002273, -0.00001483, -0.00000825, -0.00000279, 0.00000171, 0.00000540, 0.00000840, 0.00001079, 0.00001273, 0.00001417, 0.00001524, 0.00001600, 0.00001652, 0.00001681
-0.05915481, -0.05865494, -0.05717599, -0.05481601, -0.05175680, -0.04818696, -0.04429474, -0.04026006, -0.03622757, -0.03230682, -0.02858718, -0.02512363, -0.02194797, -0.01907617, -0.01650660, -0.01423020, -0.01222832, -0.01048014, -0.00896164, -0.00764936, -0.00651952, -0.00554981, -0.00471961, -0.00401088, -0.00340659, -0.00289177, -0.00245345, -0.00208119, -0.00176482, -0.00149591, -0.00126736, -0.00107320, -0.00090817, -0.00076782, -0.00064838, -0.00054651, -0.00045993, -0.00038621, -0.00032343, -0.00026991, -0.00022426, -0.00018535, -0.00015222, -0.00012404, -0.00010004, -0.00007950, -0.00006218, -0.00004750, -0.00003511, -0.00002468, -0.00001593, -0.00000863, -0.00000256, 0.00000247, 0.00000658, 0.00000991, 0.00001264, 0.00001473, 0.00001635, 0.00001757, 0.00001844, 0.00001902
-0.26061906, -0.25455956, -0.23742284, -0.21336223, -0.18666298, -0.16031563, -0.13587801, -0.11397455, -0.09474138, -0.07810933, -0.06394493, -0.05204080, -0.04214410, -0.03399655, -0.02733414, -0.02192107, -0.01754081, -0.01401142, -0.01117624, -0.00890488, -0.00708952, -0.00564025, -0.00448444, -0.00356475, -0.00283270, -0.00224954, -0.00178497, -0.00141591, -0.00112194, -0.00088737, -0.00070013, -0.00055078, -0.00043139, -0.00033576, -0.00025902, -0.00019713, -0.00014755, -0.00010772, -0.00007577, -0.00004997, -0.00002912, -0.00001238, 0.00000096, 0.00001152, 0.00001992, 0.00002666, 0.00003176, 0.00003562, 0.00003841, 0.00004033, 0.00004152, 0.00004213, 0.00004227, 0.00004204, 0.00004147, 0.00004061, 0.00003961, 0.00003838, 0.00003705, 0.00003566, 0.00003420, 0.00003270
-4.95095703, -4.02136818, -2.33176702, -1.23177171, -0.72760017, -0.50151614, -0.37193215, -0.27665651, -0.20171752, -0.14466927, -0.10319299, -0.07381497, -0.05306025, -0.03826063, -0.02758897, -0.01987032, -0.01429654, -0.01029080, -0.00741899, -0.00536006, -0.00388187, -0.00281655, -0.00204672, -0.00149205, -0.00109065, -0.00079821, -0.00058434, -0.00042895, -0.00031434, -0.00022850, -0.00016392, -0.00011551, -0.00007839, -0.00004963, -0.00002695, -0.00000862, 0.00000581, 0.00001737, 0.00002644, 0.00003400, 0.00004025, 0.00004530, 0.00004911, 0.00005191, 0.00005404, 0.00005573, 0.00005666, 0.00005708, 0.00005696, 0.00005641, 0.00005545, 0.00005424, 0.00005279, 0.00005121, 0.00004940, 0.00004741, 0.00004536, 0.00004320, 0.00004104, 0.00003894, 0.00003681, 0.00003471
-0.08004715, -0.07924061, -0.07685802, -0.07311011, -0.06833549, -0.06287662, -0.05705459, -0.05115233, -0.04538193, -0.03989104, -0.03478845, -0.03013166, -0.02594393, -0.02222718, -0.01896125, -0.01611799, -0.01365984, -0.01154822, -0.00974293, -0.00820650, -0.00690333, -0.00580102, -0.00487055, -0.00408712, -0.00342811, -0.00287402, -0.00240830, -0.00201775, -0.00168993, -0.00141464, -0.00118345, -0.00098935, -0.00082628, -0.00068915, -0.00057377, -0.00047642, -0.00039461, -0.00032572, -0.00026770, -0.00021878, -0.00017749, -0.00014270, -0.00011342, -0.00008882, -0.00006813, -0.00005062, -0.00003608, -0.00002395, -0.00001387, -0.00000556, 0.00000127, 0.00000683, 0.00001131, 0.00001491, 0.00001772, 0.00001987, 0.00002153, 0.00002266, 0.00002340, 0.00002384, 0.00002400, 0.00002395
-3.27185112, -2.77569644, -1.79209021, -1.05697555, -0.66580982, -0.46720831, -0.34775093, -0.26074637, -0.19285052, -0.14068393, -0.10198571, -0.07393997, -0.05373120, -0.03911343, -0.02846285, -0.02068892, -0.01502002, -0.01090319, -0.00792018, -0.00576061, -0.00419675, -0.00306123, -0.00223533, -0.00163635, -0.00120021, -0.00088084, -0.00064641, -0.00047535, -0.00034887, -0.00025420, -0.00018302, -0.00012963, -0.00008892, -0.00005746, -0.00003283, -0.00001308, 0.00000242, 0.00001471, 0.00002437, 0.00003230, 0.00003887, 0.00004410, 0.00004808, 0.00005098, 0.00005321, 0.00005498, 0.00005598, 0.00005643, 0.00005637, 0.00005586, 0.00005497, 0.00005380, 0.00005239, 0.00005084, 0.00004909, 0.00004713, 0.00004513, 0.00004301, 0.00004089, 0.00003881, 0.00003673, 0.00003466
-0.14225841, -0.14017407, -0.13408857, -0.12490075, -0.11376724, -0.10172925, -0.08959429, -0.07792877, -0.06707187, -0.05720242, -0.04841190, -0.04070550, -0.03403531, -0.02832902, -0.02348882, -0.01941555, -0.01600671, -0.01316900, -0.01081606, -0.00887187, -0.00726975, -0.00595214, -0.00487000, -0.00398331, -0.00325691, -0.00266173, -0.00217408, -0.00177549, -0.00144912, -0.00118161, -0.00096230, -0.00078258, -0.00063511, -0.00051395, -0.00041430, -0.00033206, -0.00026451, -0.00020891, -0.00016316, -0.00012542, -0.00009425, -0.00006860, -0.00004755, -0.00003033, -0.00001623, -0.00000459, 0.00000473, 0.00001221, 0.00001814, 0.00002278, 0.00002632, 0.00002896, 0.00003086, 0.00003216, 0.00003293, 0.00003324, 0.00003328, 0.00003295, 0.00003241, 0.00003171, 0.00003085, 0.00002989
-0.23467489, -0.22966163, -0.21537969, -0.19502115, -0.17201227, -0.14888208, -0.12707861, -0.10728254, -0.08972271, -0.07440915, -0.06126854, -0.05014540, -0.04083471, -0.03311931, -0.02677050, -0.02158115, -0.01735850, -0.01393689, -0.01117321, -0.00894762, -0.00715932, -0.00572435, -0.00457412, -0.00365420, -0.00291828, -0.00232918, -0.00185756, -0.00148102, -0.00117966, -0.00093806, -0.00074431, -0.00058905, -0.00046437, -0.00036407, -0.00028325, -0.00021782, -0.00016518, -0.00012273, -0.00008852, -0.00006081, -0.00003835, -0.00002023, -0.00000572, 0.00000583, 0.00001506, 0.00002251, 0.00002821, 0.00003257, 0.00003580, 0.00003808, 0.00003959, 0.00004047, 0.00004084, 0.00004081, 0.00004042, 0.00003971, 0.00003884, 0.00003773, 0.00003650, 0.00003519, 0.00003381, 0.00003238
-3.81598615, -3.18778358, -1.98065339, -1.12261794, -0.69040146, -0.48079918, -0.35713374, -0.26691956, -0.19636007, -0.14233277, -0.10255106, -0.07396536, -0.05351967, -0.03881184, -0.02814069, -0.02038105, -0.01474380, -0.01066682, -0.00772482, -0.00560319, -0.00407205, -0.00296367, -0.00215968, -0.00157818, -0.00115582, -0.00084718, -0.00062101, -0.00045629, -0.00033462, -0.00024356, -0.00017508, -0.00012373, -0.00008452, -0.00005418, -0.00003036, -0.00001121, 0.00000385, 0.00001582, 0.00002524, 0.00003301, 0.00003945, 0.00004459, 0.00004850, 0.00005136, 0.00005355, 0.00005528, 0.00005626, 0.00005669, 0.00005661, 0.00005608, 0.00005517, 0.00005397, 0.00005255, 0.00005099, 0.00004922, 0.00004724, 0.00004522, 0.00004308, 0.00004095, 0.00003886, 0.00003676, 0.00003468
-0.15827494, -0.15591025, -0.14899615, -0.13860915, -0.12606960, -0.11257158, -0.09902276, -0.08604176, -0.07398933, -0.06305269, -0.05332729, -0.04480935, -0.03744539, -0.03115034, -0.02581473, -0.02132710, -0.01757364, -0.01445061, -0.01186237, -0.00972455, -0.00796374, -0.00651628, -0.00532800, -0.00435470, -0.00355795, -0.00290558, -0.00237122, -0.00193471, -0.00157766, -0.00128529, -0.00104568, -0.00084949, -0.00068868, -0.00055669, -0.00044824, -0.00035882, -0.00028543, -0.00022506, -0.00017541, -0.00013456, -0.00010084, -0.00007307, -0.00005028, -0.00003165, -0.00001644, -0.00000388, 0.00000618, 0.00001427, 0.00002069, 0.00002570, 0.00002954, 0.00003239, 0.00003444, 0.00003583, 0.00003667, 0.00003703, 0.00003706, 0.00003670, 0.00003609, 0.00003531, 0.00003438, 0.00003332
-0.21435063, -0.21032894, -0.19874116, -0.18189791, -0.16237498, -0.14223818, -0.12281242, -0.10482627, -0.08860442, -0.07425020, -0.06177099, -0.05107075, -0.04200532, -0.03440399, -0.02807815, -0.02285051, -0.01855192, -0.01503299, -0.01216240, -0.00982792, -0.00793410, -0.00640028, -0.00515936, -0.00415758, -0.00334918, -0.00269650, -0.00216924, -0.00174456, -0.00140193, -0.00112512, -0.00090122, -0.00072036, -0.00057405, -0.00045548, -0.00035928, -0.00028091, -0.00021737, -0.00016574, -0.00012382, -0.00008975, -0.00006194, -0.00003930, -0.00002098, -0.00000624, 0.00000559, 0.00001524, 0.00002279, 0.00002870, 0.00003323, 0.00003660, 0.00003901, 0.00004062, 0.00004159, 0.00004204, 0.00004207, 0.00004170, 0.00004110, 0.00004018, 0.00003908, 0.00003787, 0.00003657, 0.00003518
-0.96049803, -0.89814081, -0.74419095, -0.57707241, -0.44094921, -0.34092253, -0.26685158, -0.20939858, -0.16344846, -0.12657825, -0.09738898, -0.07460174, -0.05698903, -0.04345081, -0.03306562, -0.02511812, -0.01904792, -0.01442497, -0.01091327, -0.00825078, -0.00623562, -0.00471091, -0.00355729, -0.00268665, -0.00202917, -0.00153154, -0.00115409, -0.00086945, -0.00065377, -0.00048948, -0.00036386, -0.00026813, -0.00019479, -0.00013820, -0.00009430, -0.00005980, -0.00003296, -0.00001194, 0.00000446, 0.00001734, 0.00002773, 0.00003596, 0.00004233, 0.00004711, 0.00005069, 0.00005353, 0.00005543, 0.00005661, 0.00005717, 0.00005717, 0.00005671, 0.00005587, 0.00005474, 0.00005339, 0.00005188, 0.00005014, 0.00004830, 0.00004628, 0.00004423, 0.00004218, 0.00004015, 0.00003810
-0.25002515, -0.24472420, -0.22959713, -0.20804916, -0.18368325, -0.15917967, -0.13606947, -0.11506450, -0.09640118, -0.08009320, -0.06607340, -0.05417913, -0.04420361, -0.03591905, -0.02908800, -0.02349265, -0.01892997, -0.01522529, -0.01222724, -0.00980805, -0.00786036, -0.00629477, -0.00503747, -0.00402999, -0.00322291, -0.00257595, -0.00205697, -0.00164200, -0.00130957, -0.00104282, -0.00082853, -0.00065660, -0.00051845, -0.00040723, -0.00031755, -0.00024491, -0.00018639, -0.00013913, -0.00010100, -0.00007020, -0.00004517, -0.00002493, -0.00000866, 0.00000433, 0.00001466, 0.00002303, 0.00002950, 0.00003448, 0.00003821, 0.00004090, 0.00004272, 0.00004382, 0.00004435, 0.00004442, 0.00004413, 0.00004348, 0.00004262, 0.00004148, 0.00004019, 0.00003881, 0.00003736, 0.00003584
-1.94827451, -1.73978102, -1.27819052, -0.86451571, -0.59569200, -0.43450417, -0.32931165, -0.25165321, -0.19078062, -0.14309606, -0.10661084, -0.07922647, -0.05885374, -0.04371483, -0.03243568, -0.02403338, -0.01778039, -0.01314256, -0.00971135, -0.00717657, -0.00530576, -0.00392392, -0.00290215, -0.00214871, -0.00159231, -0.00117985, -0.00087301, -0.00064638, -0.00047770, -0.00035107, -0.00025536, -0.00018338, -0.00012872, -0.00008674, -0.00005421, -0.00002851, -0.00000846, 0.00000731, 0.00001966, 0.00002943, 0.00003746, 0.00004389, 0.00004886, 0.00005255, 0.00005527, 0.00005747, 0.00005884, 0.00005961, 0.00005981, 0.00005952, 0.00005879, 0.00005773, 0.00005639, 0.00005485, 0.00005318, 0.00005127, 0.00004927, 0.00004710, 0.00004490, 0.00004273, 0.00004058, 0.00003843
-1.66667961, -1.50562088, -1.13975245, -0.79696758, -0.56238396, -0.41512260, -0.31644336, -0.24302932, -0.18535444, -0.13998033, -0.10500475, -0.07852730, -0.05866712, -0.04380473, -0.03266772, -0.02432602, -0.01808592, -0.01343305, -0.00997189, -0.00740168, -0.00549519, -0.00408031, -0.00302951, -0.00225115, -0.00167391, -0.00124432, -0.00092362, -0.00068584, -0.00050832, -0.00037474, -0.00027361, -0.00019741, -0.00013948, -0.00009500, -0.00006056, -0.00003340, -0.00001224, 0.00000436, 0.00001735, 0.00002760, 0.00003599, 0.00004268, 0.00004786, 0.00005171, 0.00005455, 0.00005684, 0.00005829, 0.00005912, 0.00005937, 0.00005912, 0.00005844, 0.00005740, 0.00005610, 0.00005460, 0.00005295, 0.00005107, 0.00004910, 0.00004696, 0.00004479, 0.00004264, 0.00004051, 0.00003837
-0.46950810, -0.45260198, -0.40696474, -0.34860027, -0.29070266, -0.23951868, -0.19614045, -0.15970669, -0.12915066, -0.10367056, -0.08267672, -0.06558054, -0.05180169, -0.04078720, -0.03202623, -0.02509154, -0.01961920, -0.01531596, -0.01194086, -0.00929994, -0.00723783, -0.00562924, -0.00437511, -0.00339964, -0.00264082, -0.00204981, -0.00158895, -0.00123110, -0.00095245, -0.00073485, -0.00056458, -0.00043165, -0.00032758, -0.00024581, -0.00018140, -0.00013027, -0.00008999, -0.00005814, -0.00003300, -0.00001310, 0.00000285, 0.00001552, 0.00002546, 0.00003313, 0.00003903, 0.00004373, 0.00004712, 0.00004952, 0.00005108, 0.00005193, 0.00005218, 0.00005195, 0.00005134, 0.00005044, 0.00004931, 0.00004792, 0.00004641, 0.00004469, 0.00004290, 0.00004108, 0.00003925, 0.00003739
-0.12611853, -0.12451067, -0.11977309, -0.11251659, -0.10354189, -0.09362505, -0.08341387, -0.07340122, -0.06391033, -0.05513575, -0.04719934, -0.04013617, -0.03393662, -0.02855899, -0.02393716, -0.01999799, -0.01666097, -0.01384961, -0.01149155, -0.00952122, -0.00787972, -0.00651527, -0.00538294, -0.00444538, -0.00366971, -0.00302801, -0.00249701, -0.00205875, -0.00169663, -0.00139718, -0.00114939, -0.00094449, -0.00077492, -0.00063442, -0.00051790, -0.00042098, -0.00034068, -0.00027402, -0.00021869, -0.00017274, -0.00013448, -0.00010268, -0.00007632, -0.00005453, -0.00003653, -0.00002153, -0.00000931, 0.00000067, 0.00000875, 0.00001522, 0.00002034, 0.00002433, 0.00002738, 0.00002964, 0.00003126, 0.00003230, 0.00003293, 0.00003311, 0.00003298, 0.00003261, 0.00003205, 0.00003132
-0.11572187, -0.11464202, -0.11134600, -0.10622666, -0.09968379, -0.09219889, -0.08420762, -0.07606462, -0.06803853, -0.06034837, -0.05313052, -0.04646910, -0.04041585, -0.03497506, -0.03013969, -0.02587596, -0.02214561, -0.01890130, -0.01609388, -0.01367655, -0.01160187, -0.00982793, -0.00831475, -0.00702674, -0.00593238, -0.00500462, -0.00421821, -0.00355267, -0.00298956, -0.00251397, -0.00211220, -0.00177267, -0.00148570, -0.00124335, -0.00103866, -0.00086539, -0.00071924, -0.00059574, -0.00049131, -0.00040306, -0.00032852, -0.00026560, -0.00021248, -0.00016757, -0.00012969, -0.00009762, -0.00007091, -0.00004854, -0.00002982, -0.00001423, -0.00000134, 0.00000926, 0.00001788, 0.00002483, 0.00003036, 0.00003469, 0.00003813, 0.00004058, 0.00004231, 0.00004339, 0.00004393, 0.00004403
-0.52540065, -0.50800787, -0.46059804, -0.39954918, -0.33854273, -0.28432876, -0.23800519, -0.19844036, -0.16442391, -0.13528560, -0.11058515, -0.08990325, -0.07279082, -0.05873038, -0.04725180, -0.03791359, -0.03035031, -0.02424366, -0.01932933, -0.01538720, -0.01223025, -0.00970854, -0.00769665, -0.00609331, -0.00481696, -0.00380344, -0.00299788, -0.00235806, -0.00184978, -0.00144751, -0.00112858, -0.00087533, -0.00067398, -0.00051438, -0.00038781, -0.00028692, -0.00020703, -0.00014350, -0.00009291, -0.00005273, -0.00002091, 0.00000413, 0.00002390, 0.00003962, 0.00005192, 0.00006158, 0.00006860, 0.00007372, 0.00007743, 0.00007992, 0.00008136, 0.00008190, 0.00008170, 0.00008089, 0.00007960, 0.00007791, 0.00007606, 0.00007385, 0.00007146, 0.00006886, 0.00006611, 0.00006328
-0.12820098, -0.12691688, -0.12301509, -0.11698953, -0.10935332, -0.10069755, -0.09154189, -0.08229561, -0.07325773, -0.06466412, -0.05665599, -0.04931530, -0.04268756, -0.03676733, -0.03153690, -0.02695149, -0.02296179, -0.01951028, -0.01653895, -0.01399302, -0.01181894, -0.00996868, -0.00839764, -0.00706650, -0.00594050, -0.00499013, -0.00418800, -0.00351205, -0.00294251, -0.00246351, -0.00206053, -0.00172136, -0.00143584, -0.00119569, -0.00099368, -0.00082335, -0.00068026, -0.00055982, -0.00045839, -0.00037301, -0.00030118, -0.00024082, -0.00019006, -0.00014732, -0.00011144, -0.00008119, -0.00005614, -0.00003528, -0.00001793, -0.00000357, 0.00000821, 0.00001781, 0.00002553, 0.00003166, 0.00003646, 0.00004013, 0.00004298, 0.00004490, 0.00004615, 0.00004680, 0.00004695, 0.00004670
-0.08321122, -0.08258461, -0.08064686, -0.07759513, -0.07360805, -0.06893502, -0.06381764, -0.05846925, -0.05306687, -0.04776973, -0.04268697, -0.03789552, -0.03345201, -0.02937883, -0.02568991, -0.02237731, -0.01942720, -0.01681698, -0.01452054, -0.01251130, -0.01075990, -0.00923924, -0.00792269, -0.00678577, -0.00580594, -0.00496351, -0.00423954, -0.00361863, -0.00308629, -0.00263071, -0.00224081, -0.00190708, -0.00162148, -0.00137722, -0.00116831, -0.00098929, -0.00083641, -0.00070563, -0.00059369, -0.00049792, -0.00041601, -0.00034599, -0.00028610, -0.00023483, -0.00019102, -0.00015344, -0.00012160, -0.00009451, -0.00007147, -0.00005192, -0.00003541, -0.00002152, -0.00000989, -0.00000020, 0.00000783, 0.00001442, 0.00001991, 0.00002423, 0.00002764, 0.00003026, 0.00003219, 0.00003356
-0.18588165, -0.18342480, -0.17610491, -0.16511397, -0.15171941, -0.13715627, -0.12236400, -0.10796764, -0.09435046, -0.08177333, -0.07036089, -0.06015704, -0.05115938, -0.04330262, -0.03651085, -0.03067923, -0.02570508, -0.02148354, -0.01791659, -0.01491551, -0.01239699, -0.01029038, -0.00853159, -0.00706574, -0.00584583, -0.00483267, -0.00399109, -0.00329284, -0.00271356, -0.00223398, -0.00183667, -0.00150732, -0.00123418, -0.00100793, -0.00082048, -0.00066475, -0.00053591, -0.00042907, -0.00034042, -0.00026692, -0.00020605, -0.00015573, -0.00011408, -0.00007956, -0.00005108, -0.00002747, -0.00000838, 0.00000714, 0.00001975, 0.00002988, 0.00003790, 0.00004414, 0.00004887, 0.00005234, 0.00005477, 0.00005633, 0.00005730, 0.00005755, 0.00005731, 0.00005662, 0.00005558, 0.00005426
-3.83006946, -3.30493970, -2.19635686, -1.30276292, -0.81698320, -0.58598070, -0.45646174, -0.35906619, -0.27683330, -0.20952274, -0.15742815, -0.11842701, -0.08941417, -0.06759767, -0.05104112, -0.03843010, -0.02886909, -0.02165723, -0.01623741, -0.01217112, -0.00911650, -0.00682280, -0.00509957, -0.00380548, -0.00283436, -0.00210836, -0.00156373, -0.00115452, -0.00084658, -0.00061664, -0.00044389, -0.00031326, -0.00021391, -0.00013894, -0.00008214, -0.00003844, -0.00000517, 0.00002050, 0.00004045, 0.00005589, 0.00006771, 0.00007658, 0.00008337, 0.00008877, 0.00009280, 0.00009577, 0.00009733, 0.00009800, 0.00009815, 0.00009774, 0.00009679, 0.00009533, 0.00009342, 0.00009113, 0.00008855, 0.00008575, 0.00008293, 0.00007985, 0.00007671, 0.00007338, 0.00006993, 0.00006647
-0.12335597, -0.12215309, -0.11849220, -0.11282576, -0.10562103, -0.09742522, -0.08872489, -0.07990823, -0.07126284, -0.06301857, -0.05531521, -0.04823552, -0.04182808, -0.03609122, -0.03101139, -0.02654837, -0.02265708, -0.01928389, -0.01637440, -0.01387685, -0.01174001, -0.00991825, -0.00836874, -0.00705356, -0.00593921, -0.00499710, -0.00420067, -0.00352840, -0.00296110, -0.00248323, -0.00208056, -0.00174113, -0.00145496, -0.00121390, -0.00101081, -0.00083931, -0.00069503, -0.00057339, -0.00047080, -0.00038431, -0.00031144, -0.00025010, -0.00019844, -0.00015488, -0.00011824, -0.00008731, -0.00006163, -0.00004020, -0.00002233, -0.00000751, 0.00000469, 0.00001465, 0.00002271, 0.00002915, 0.00003422, 0.00003813, 0.00004120, 0.00004332, 0.00004474, 0.00004555, 0.00004585, 0.00004573
-0.19170408, -0.18910734, -0.18138538, -0.16982450, -0.15579057, -0.14059499, -0.12522003, -0.11030715, -0.09624189, -0.08328285, -0.07154994, -0.06108129, -0.05186819, -0.04383845, -0.03690986, -0.03097053, -0.02591298, -0.02162744, -0.01801194, -0.01497458, -0.01242928, -0.01030332, -0.00853086, -0.00705562, -0.00582957, -0.00481269, -0.00396915, -0.00327019, -0.00269107, -0.00221225, -0.00181610, -0.00148813, -0.00121648, -0.00099176, -0.00080582, -0.00065153, -0.00052406, -0.00041848, -0.00033099, -0.00025855, -0.00019863, -0.00014916, -0.00010829, -0.00007445, -0.00004657, -0.00002349, -0.00000488, 0.00001022, 0.00002246, 0.00003226, 0.00004000, 0.00004598, 0.00005049, 0.00005377, 0.00005602, 0.00005743, 0.00005826, 0.00005839, 0.00005805, 0.00005727, 0.00005615, 0.00005475
-0.28044639, -0.27521201, -0.26006275, -0.23836809, -0.21352320, -0.18819277, -0.16392279, -0.14142174, -0.12095849, -0.10266295, -0.08653572, -0.07250315, -0.06044721, -0.05017887, -0.04150887, -0.03422926, -0.02815284, -0.02310148, -0.01891827, -0.01546657, -0.01262529, -0.01029291, -0.00838133, -0.00681693, -0.00553818, -0.00449521, -0.00364415, -0.00295033, -0.00238467, -0.00192470, -0.00155030, -0.00124525, -0.00099655, -0.00079414, -0.00062935, -0.00049475, -0.00038533, -0.00029614, -0.00022339, -0.00016411, -0.00011592, -0.00007683, -0.00004509, -0.00001925, 0.00000163, 0.00001859, 0.00003183, 0.00004225, 0.00005042, 0.00005669, 0.00006134, 0.00006464, 0.00006679, 0.00006801, 0.00006846, 0.00006828, 0.00006774, 0.00006665, 0.00006525, 0.00006352, 0.00006155, 0.00005942
-0.09313705, -0.09214563, -0.08916205, -0.08455806, -0.07874590, -0.07218916, -0.06529445, -0.05837899, -0.05166991, -0.04533144, -0.03947272, -0.03414206, -0.02936648, -0.02513377, -0.02142270, -0.01819394, -0.01540603, -0.01301145, -0.01096522, -0.00922420, -0.00774780, -0.00649967, -0.00544666, -0.00455995, -0.00381494, -0.00318957, -0.00266455, -0.00222445, -0.00185597, -0.00154746, -0.00128899, -0.00107237, -0.00089096, -0.00073901, -0.00061163, -0.00050460, -0.00041500, -0.00033982, -0.00027674, -0.00022383, -0.00017949, -0.00014229, -0.00011105, -0.00008487, -0.00006301, -0.00004466, -0.00002951, -0.00001691, -0.00000649, 0.00000205, 0.00000901, 0.00001462, 0.00001908, 0.00002258, 0.00002527, 0.00002729, 0.00002882, 0.00002978, 0.00003030, 0.00003048, 0.00003039, 0.00003007
-0.06233568, -0.06182409, -0.06026413, -0.05780915, -0.05461839, -0.05090217, -0.04686322, -0.04267806, -0.03848931, -0.03441389, -0.03054109, -0.02692209, -0.02359652, -0.02057590, -0.01786454, -0.01545128, -0.01332092, -0.01145202, -0.00982189, -0.00840711, -0.00718375, -0.00612986, -0.00522424, -0.00444781, -0.00378375, -0.00321657, -0.00273227, -0.00231950, -0.00196811, -0.00166904, -0.00141445, -0.00119770, -0.00101329, -0.00085638, -0.00072281, -0.00060887, -0.00051201, -0.00042950, -0.00035921, -0.00029934, -0.00024837, -0.00020494, -0.00016791, -0.00013638, -0.00010958, -0.00008669, -0.00006740, -0.00005104, -0.00003720, -0.00002555, -0.00001578, -0.00000763, -0.00000086, 0.00000472, 0.00000929, 0.00001300, 0.00001606, 0.00001839, 0.00002017, 0.00002148, 0.00002240, 0.00002299
-1058.66808371, -226.90106644, -10.40560141, 3.54001923, 1.51851111, -0.08008588, -0.69641078, -0.70647232, -0.06808488, -0.02075793, 0.02232862, -0.06034164, -0.10133839, -0.03680915, 0.01550607, 0.00699881, -0.05800883, -0.04617720, -0.00158616, 0.02311874, 0.02737053, -0.03182296, -0.02749757, 0.02287855, 0.01929654, -0.01860010, -0.01145561, 0.00628103, -0.00315806, 0.00710765, 0.01242143, -0.01268969, 0.01051106, 0.00157956, 0.00348763, 0.00933628, -0.00857063, 0.00541947, -0.00389212, 0.00699019, -0.00723872, -0.00060372, -0.00346547, 0.00603683, 0.00283645, 0.00124720, -0.00427483, 0.00524449, -0.00001666, 0.00330945, -0.00441675, -0.00016429, -0.00260806, 0.00393720, -0.00272407, 0.00246712, -0.00332441, 0.00232757, 0.00017341, 0.00298645, -0.00172832, -0.00035950
-0.51474239, -0.49206526, -0.43244662, -0.36036429, -0.29374983, -0.23888522, -0.19474978, -0.15859586, -0.12844133, -0.10326850, -0.08249250, -0.06555733, -0.05191528, -0.04098963, -0.03228464, -0.02536725, -0.01989038, -0.01556597, -0.01216226, -0.00949022, -0.00739608, -0.00575813, -0.00447787, -0.00347792, -0.00269888, -0.00209199, -0.00161845, -0.00124918, -0.00096218, -0.00073883, -0.00056452, -0.00042816, -0.00032179, -0.00023875, -0.00017371, -0.00012243, -0.00008230, -0.00005068, -0.00002578, -0.00000624, 0.00000900, 0.00002102, 0.00003054, 0.00003796, 0.00004359, 0.00004788, 0.00005089, 0.00005306, 0.00005447, 0.00005523, 0.00005541, 0.00005513, 0.00005444, 0.00005345, 0.00005221, 0.00005080, 0.00004935, 0.00004765, 0.00004580, 0.00004387, 0.00004191, 0.00003995
-0.05312376, -0.05272783, -0.05151536, -0.04959678, -0.04708098, -0.04412185, -0.04087143, -0.03746635, -0.03402068, -0.03063226, -0.02737878, -0.02430780, -0.02145820, -0.01884504, -0.01647793, -0.01435225, -0.01245965, -0.01078521, -0.00931278, -0.00802476, -0.00690260, -0.00592858, -0.00508550, -0.00435756, -0.00373067, -0.00319159, -0.00272821, -0.00233072, -0.00199014, -0.00169847, -0.00144864, -0.00123465, -0.00105148, -0.00089471, -0.00076048, -0.00064531, -0.00054684, -0.00046248, -0.00039020, -0.00032828, -0.00027526, -0.00022983, -0.00019087, -0.00015749, -0.00012894, -0.00010442, -0.00008359, -0.00006580, -0.00005066, -0.00003779, -0.00002690, -0.00001771, -0.00001000, -0.00000355, 0.00000181, 0.00000625, 0.00000996, 0.00001290, 0.00001523, 0.00001704, 0.00001842, 0.00001943
-0.64965357, -0.61484008, -0.52586749, -0.42377154, -0.33543454, -0.26721191, -0.21487816, -0.17311876, -0.13875673, -0.11036839, -0.08721151, -0.06858258, -0.05376944, -0.04204921, -0.03281312, -0.02554644, -0.01984939, -0.01539318, -0.01191971, -0.00921810, -0.00712062, -0.00549500, -0.00423564, -0.00326076, -0.00250797, -0.00192676, -0.00147711, -0.00112942, -0.00086157, -0.00065492, -0.00049489, -0.00037063, -0.00027446, -0.00019995, -0.00014198, -0.00009653, -0.00006117, -0.00003344, -0.00001172, 0.00000523, 0.00001838, 0.00002870, 0.00003687, 0.00004320, 0.00004795, 0.00005152, 0.00005394, 0.00005564, 0.00005667, 0.00005711, 0.00005704, 0.00005653, 0.00005566, 0.00005450, 0.00005313, 0.00005159, 0.00005004, 0.00004825, 0.00004631, 0.00004430, 0.00004227, 0.00004024
-0.08326524, -0.08244330, -0.07995983, -0.07610254, -0.07118765, -0.06558692, -0.05963686, -0.05360993, -0.04770875, -0.04208575, -0.03684690, -0.03204384, -0.02771001, -0.02384213, -0.02042844, -0.01743937, -0.01484229, -0.01259860, -0.01067023, -0.00902030, -0.00761345, -0.00641788, -0.00540399, -0.00454589, -0.00382129, -0.00321011, -0.00269454, -0.00226030, -0.00189502, -0.00158776, -0.00132918, -0.00111149, -0.00092835, -0.00077426, -0.00064453, -0.00053505, -0.00044299, -0.00036541, -0.00030003, -0.00024496, -0.00019859, -0.00015951, -0.00012655, -0.00009881, -0.00007551, -0.00005586, -0.00003954, -0.00002588, -0.00001452, -0.00000511, 0.00000262, 0.00000892, 0.00001400, 0.00001805, 0.00002125, 0.00002371, 0.00002564, 0.00002696, 0.00002781, 0.00002828, 0.00002844, 0.00002836
-0.01349938, -0.01345153, -0.01329873, -0.01305330, -0.01271641, -0.01230103, -0.01181886, -0.01128230, -0.01070299, -0.01009375, -0.00946770, -0.00883449, -0.00820490, -0.00758608, -0.00698593, -0.00640932, -0.00586050, -0.00534213, -0.00485583, -0.00440291, -0.00398317, -0.00359626, -0.00324106, -0.00291626, -0.00262031, -0.00235144, -0.00210758, -0.00188727, -0.00168854, -0.00150958, -0.00134865, -0.00120410, -0.00107442, -0.00095819, -0.00085408, -0.00076072, -0.00067734, -0.00060279, -0.00053615, -0.00047659, -0.00042339, -0.00037587, -0.00033342, -0.00029551, -0.00026166, -0.00023134, -0.00020439, -0.00018032, -0.00015886, -0.00013972, -0.00012266, -0.00010747, -0.00009394, -0.00008190, -0.00007118, -0.00006165, -0.00005312, -0.00004561, -0.00003895, -0.00003305, -0.00002784, -0.00002323
-0.12270824, -0.12111764, -0.11638815, -0.10923506, -0.10045040, -0.09082866, -0.08099985, -0.07140241, -0.06231437, -0.05391346, -0.04630239, -0.03950630, -0.03352549, -0.02831463, -0.02382066, -0.01997179, -0.01669799, -0.01392656, -0.01159172, -0.00963225, -0.00799244, -0.00662420, -0.00548454, -0.00453674, -0.00375017, -0.00309795, -0.00255689, -0.00210863, -0.00173774, -0.00143083, -0.00117665, -0.00096599, -0.00079158, -0.00064714, -0.00052741, -0.00042790, -0.00034552, -0.00027715, -0.00022041, -0.00017335, -0.00013438, -0.00010205, -0.00007520, -0.00005297, -0.00003466, -0.00001949, -0.00000718, 0.00000290, 0.00001107, 0.00001762, 0.00002280, 0.00002683, 0.00002988, 0.00003212, 0.00003370, 0.00003473, 0.00003539, 0.00003556, 0.00003538, 0.00003494, 0.00003428, 0.00003347
-0.33583894, -0.32894548, -0.30908150, -0.28035128, -0.24731906, -0.21357343, -0.18142870, -0.15210669, -0.12614757, -0.10367272, -0.08454692, -0.06851477, -0.05524233, -0.04435709, -0.03550457, -0.02834782, -0.02259235, -0.01798049, -0.01429622, -0.01136118, -0.00902563, -0.00717018, -0.00569757, -0.00452807, -0.00359897, -0.00286183, -0.00227555, -0.00180883, -0.00143690, -0.00114039, -0.00090342, -0.00071366, -0.00056135, -0.00043886, -0.00034028, -0.00026067, -0.00019662, -0.00014471, -0.00010274, -0.00006893, -0.00004178, -0.00001987, -0.00000227, 0.00001175, 0.00002279, 0.00003153, 0.00003805, 0.00004292, 0.00004643, 0.00004884, 0.00005030, 0.00005093, 0.00005091, 0.00005042, 0.00004956, 0.00004844, 0.00004716, 0.00004560, 0.00004392, 0.00004218, 0.00004041, 0.00003867
-0.06154764, -0.06109365, -0.05973898, -0.05755448, -0.05469511, -0.05130931, -0.04755953, -0.04360245, -0.03958278, -0.03561903, -0.03180117, -0.02819735, -0.02485216, -0.02178859, -0.01901771, -0.01653566, -0.01433137, -0.01238748, -0.01068309, -0.00919702, -0.00790619, -0.00678895, -0.00582475, -0.00499425, -0.00428002, -0.00366690, -0.00314059, -0.00268947, -0.00230275, -0.00197140, -0.00168739, -0.00144391, -0.00123506, -0.00105584, -0.00090197, -0.00076963, -0.00065613, -0.00055853, -0.00047460, -0.00040244, -0.00034039, -0.00028701, -0.00024107, -0.00020157, -0.00016764, -0.00013836, -0.00011338, -0.00009197, -0.00007366, -0.00005802, -0.00004470, -0.00003341, -0.00002385, -0.00001577, -0.00000898, -0.00000328, 0.00000154, 0.00000546, 0.00000867, 0.00001128, 0.00001337, 0.00001503
-0.56621424, -0.54890759, -0.50097034, -0.43670570, -0.36918356, -0.30611462, -0.25053063, -0.20292571, -0.16287087, -0.12966560, -0.10250562, -0.08057329, -0.06305365, -0.04917056, -0.03824506, -0.02968554, -0.02300794, -0.01781304, -0.01378162, -0.01066004, -0.00824461, -0.00637825, -0.00493718, -0.00382301, -0.00296096, -0.00229507, -0.00177893, -0.00137810, -0.00106640, -0.00082387, -0.00063442, -0.00048596, -0.00036919, -0.00027704, -0.00020423, -0.00014644, -0.00010075, -0.00006418, -0.00003504, -0.00001198, 0.00000615, 0.00002058, 0.00003194, 0.00004074, 0.00004739, 0.00005245, 0.00005586, 0.00005810, 0.00005938, 0.00005990, 0.00005975, 0.00005897, 0.00005772, 0.00005617, 0.00005441, 0.00005250, 0.00005054, 0.00004838, 0.00004618, 0.00004399, 0.00004183, 0.00003977
-137.87664478, -59.02442997, -10.47772665, -2.45244380, -1.24767580, -0.94049202, -0.70679370, -0.48914237, -0.30216267, -0.19126593, -0.12175010, -0.08295750, -0.05803684, -0.03841322, -0.02480925, -0.01706122, -0.01387001, -0.00968870, -0.00564090, -0.00310885, -0.00185792, -0.00314737, -0.00240621, -0.00021883, -0.00010074, -0.00126061, -0.00083903, -0.00010364, -0.00036213, 0.00007431, 0.00029606, -0.00055025, 0.00031999, 0.00001544, 0.00011393, 0.00032839, -0.00028454, 0.00022655, -0.00009459, 0.00030191, -0.00020286, 0.00004576, -0.00005583, 0.00029073, 0.00017140, 0.00012143, -0.00007886, 0.00026561, 0.00007174, 0.00019137, -0.00008915, 0.00006341, -0.00002835, 0.00020281, -0.00003909, 0.00014317, -0.00006531, 0.00013241, 0.00005380, 0.00014880, -0.00001999, 0.00002459
-3144.66585904, -290.53760835, -39.57291906, 5.18032027, 6.21452358, 2.58895781, -0.79496769, -2.11818283, 0.66175556, 0.50950460, 0.58745734, -0.00957610, -0.34877722, -0.03700979, 0.22424056, 0.13994052, -0.27242248, -0.22965238, 0.02253982, 0.16130288, 0.18535288, -0.17255298, -0.15515578, 0.13919945, 0.12015853, -0.10412775, -0.06587319, 0.03861851, -0.01711067, 0.04207257, 0.07525891, -0.07431441, 0.06110869, 0.00991764, 0.02006536, 0.05607699, -0.05093761, 0.03169572, -0.02324773, 0.04096862, -0.04249114, -0.00416980, -0.02056073, 0.03493347, 0.01695838, 0.00686781, -0.02528178, 0.03019546, -0.00021188, 0.01909039, -0.02612444, -0.00146850, -0.01566190, 0.02286915, -0.01626704, 0.01435456, -0.01994644, 0.01350603, 0.00065199, 0.01756287, -0.01051480, -0.00221358
-0.10588003, -0.10483634, -0.10172545, -0.09681121, -0.09052793, -0.08330372, -0.07556357, -0.06767689, -0.05994704, -0.05259418, -0.04576011, -0.03953187, -0.03394642, -0.02900027, -0.02467071, -0.02091344, -0.01767813, -0.01490915, -0.01255113, -0.01055198, -0.00886194, -0.00743743, -0.00623923, -0.00523246, -0.00438719, -0.00367854, -0.00308401, -0.00258553, -0.00216734, -0.00181657, -0.00152205, -0.00127457, -0.00106644, -0.00089124, -0.00074368, -0.00061912, -0.00051428, -0.00042575, -0.00035101, -0.00028795, -0.00023476, -0.00018985, -0.00015195, -0.00012002, -0.00009316, -0.00007047, -0.00005162, -0.00003588, -0.00002278, -0.00001194, -0.00000302, 0.00000423, 0.00001009, 0.00001478, 0.00001850, 0.00002139, 0.00002368, 0.00002527, 0.00002639, 0.00002710, 0.00002748, 0.00002760
-8.50779094, -6.76702375, -3.81576270, -2.02868686, -1.21121119, -0.81679093, -0.58060123, -0.41372783, -0.29060923, -0.20159859, -0.13916677, -0.09622738, -0.06682266, -0.04655519, -0.03249034, -0.02268416, -0.01585388, -0.01110422, -0.00780598, -0.00551588, -0.00391850, -0.00280215, -0.00201833, -0.00146249, -0.00106648, -0.00078551, -0.00058146, -0.00043103, -0.00031952, -0.00023592, -0.00017196, -0.00012243, -0.00008246, -0.00005060, -0.00002473, -0.00000365, 0.00001324, 0.00002798, 0.00003986, 0.00004951, 0.00005669, 0.00006284, 0.00006757, 0.00007121, 0.00007349, 0.00007493, 0.00007522, 0.00007500, 0.00007400, 0.00007270, 0.00007077, 0.00006845, 0.00006570, 0.00006292, 0.00005993, 0.00005708, 0.00005411, 0.00005115, 0.00004816, 0.00004534, 0.00004254, 0.00004003
-2.05715305, -1.88303033, -1.47889346, -1.08044383, -0.78397349, -0.57946519, -0.43429312, -0.32602817, -0.24326294, -0.18009536, -0.13248153, -0.09707645, -0.07098976, -0.05184251, -0.03782527, -0.02756942, -0.02008246, -0.01462610, -0.01065634, -0.00777351, -0.00567837, -0.00415688, -0.00305162, -0.00224548, -0.00165571, -0.00122558, -0.00090897, -0.00067428, -0.00049954, -0.00036911, -0.00027051, -0.00019520, -0.00013695, -0.00009145, -0.00005576, -0.00002750, -0.00000517, 0.00001310, 0.00002777, 0.00003932, 0.00004825, 0.00005543, 0.00006105, 0.00006524, 0.00006814, 0.00007011, 0.00007095, 0.00007103, 0.00007050, 0.00006950, 0.00006802, 0.00006602, 0.00006368, 0.00006115, 0.00005856, 0.00005592, 0.00005329, 0.00005052, 0.00004779, 0.00004513, 0.00004257, 0.00004017
-0.03898792, -0.03875927, -0.03807851, -0.03696698, -0.03549230, -0.03371529, -0.03170614, -0.02953722, -0.02728028, -0.02499782, -0.02274220, -0.02055707, -0.01847546, -0.01651911, -0.01470407, -0.01303703, -0.01151976, -0.01014928, -0.00891923, -0.00782211, -0.00684772, -0.00598611, -0.00522684, -0.00455952, -0.00397429, -0.00346221, -0.00301442, -0.00262373, -0.00228295, -0.00198598, -0.00172723, -0.00150182, -0.00130546, -0.00113436, -0.00098528, -0.00085516, -0.00074194, -0.00064320, -0.00055708, -0.00048198, -0.00041648, -0.00035933, -0.00030945, -0.00026593, -0.00022797, -0.00019473, -0.00016589, -0.00014076, -0.00011888, -0.00009985, -0.00008332, -0.00006898, -0.00005656, -0.00004581, -0.00003651, -0.00002849, -0.00002150, -0.00001558, -0.00001051, -0.00000619, -0.00000251, 0.00000060
-0.07985533, -0.07901040, -0.07646568, -0.07253556, -0.06756837, -0.06195810, -0.05605221, -0.05012341, -0.04436807, -0.03892839, -0.03389895, -0.02932214, -0.02522152, -0.02158696, -0.01840032, -0.01562796, -0.01323416, -0.01117840, -0.00942183, -0.00792723, -0.00665991, -0.00558856, -0.00468467, -0.00392353, -0.00328397, -0.00274706, -0.00229626, -0.00191827, -0.00160171, -0.00133660, -0.00111442, -0.00092813, -0.00077204, -0.00064123, -0.00053152, -0.00043928, -0.00036200, -0.00029709, -0.00024259, -0.00019683, -0.00015843, -0.00012619, -0.00009907, -0.00007632, -0.00005728, -0.00004128, -0.00002804, -0.00001699, -0.00000784, -0.00000030, 0.00000585, 0.00001084, 0.00001483, 0.00001799, 0.00002044, 0.00002230, 0.00002373, 0.00002467, 0.00002522, 0.00002547, 0.00002548, 0.00002529
-0.07270362, -0.07198115, -0.06979805, -0.06640825, -0.06209097, -0.05717382, -0.05195342, -0.04666955, -0.04150060, -0.03658016, -0.03200040, -0.02780610, -0.02402556, -0.02065516, -0.01768367, -0.01508457, -0.01282867, -0.01088172, -0.00921006, -0.00778112, -0.00656384, -0.00553025, -0.00465446, -0.00391383, -0.00328887, -0.00276211, -0.00231804, -0.00194422, -0.00162992, -0.00136567, -0.00114337, -0.00095628, -0.00079894, -0.00066658, -0.00055516, -0.00046116, -0.00038210, -0.00031547, -0.00025931, -0.00021199, -0.00017214, -0.00013854, -0.00011019, -0.00008632, -0.00006625, -0.00004932, -0.00003524, -0.00002343, -0.00001360, -0.00000545, 0.00000126, 0.00000675, 0.00001118, 0.00001474, 0.00001755, 0.00001973, 0.00002145, 0.00002264, 0.00002342, 0.00002389, 0.00002408, 0.00002406
-161.12575952, -66.07967997, -8.44993873, -0.37550586, -0.13209781, -0.43225431, -0.46701048, -0.35092988, -0.20566207, -0.12611920, -0.08136519, -0.06094679, -0.04710434, -0.03277424, -0.02166531, -0.01545930, -0.01357042, -0.00980338, -0.00572711, -0.00313916, -0.00188349, -0.00354883, -0.00272321, -0.00014120, -0.00002333, -0.00142234, -0.00092559, -0.00005378, -0.00037212, 0.00014094, 0.00039649, -0.00062485, 0.00040600, 0.00003124, 0.00013977, 0.00038786, -0.00035223, 0.00025206, -0.00013797, 0.00033157, -0.00027571, 0.00001884, -0.00010478, 0.00030853, 0.00016511, 0.00010533, -0.00013365, 0.00027962, 0.00004917, 0.00019392, -0.00013979, 0.00004498, -0.00006243, 0.00021638, -0.00007077, 0.00014929, -0.00009797, 0.00014049, 0.00004826, 0.00016339, -0.00003707, 0.00001735
-2.71260706, -2.30793649, -1.48607474, -0.85895766, -0.53144723, -0.37618991, -0.28759043, -0.22164781, -0.16763003, -0.12460917, -0.09201420, -0.06802776, -0.05048561, -0.03752966, -0.02787826, -0.02066242, -0.01528800, -0.01130129, -0.00835557, -0.00618064, -0.00457315, -0.00338432, -0.00250396, -0.00185167, -0.00136991, -0.00101359, -0.00074861, -0.00055116, -0.00040490, -0.00029598, -0.00021404, -0.00015189, -0.00010498, -0.00006940, -0.00004208, -0.00002072, -0.00000417, 0.00000890, 0.00001921, 0.00002729, 0.00003354, 0.00003856, 0.00004267, 0.00004590, 0.00004827, 0.00004999, 0.00005104, 0.00005175, 0.00005205, 0.00005197, 0.00005154, 0.00005080, 0.00004978, 0.00004856, 0.00004719, 0.00004570, 0.00004421, 0.00004253, 0.00004071, 0.00003884, 0.00003695, 0.00003509
-0.24893488, -0.24243307, -0.22421654, -0.19946219, -0.17296326, -0.14774075, -0.12500140, -0.10494244, -0.08742603, -0.07228927, -0.05937867, -0.04849360, -0.03942551, -0.03192951, -0.02577997, -0.02075764, -0.01667625, -0.01337041, -0.01070216, -0.00855444, -0.00682961, -0.00544726, -0.00434054, -0.00345539, -0.00274891, -0.00218521, -0.00173494, -0.00137551, -0.00108924, -0.00086109, -0.00067887, -0.00053314, -0.00041679, -0.00032385, -0.00024945, -0.00018964, -0.00014180, -0.00010337, -0.00007251, -0.00004778, -0.00002802, -0.00001214, 0.00000065, 0.00001087, 0.00001893, 0.00002531, 0.00003016, 0.00003392, 0.00003673, 0.00003873, 0.00004004, 0.00004079, 0.00004106, 0.00004095, 0.00004054, 0.00003989, 0.00003913, 0.00003811, 0.00003693, 0.00003564, 0.00003428, 0.00003289
-0.11853433, -0.11686757, -0.11193635, -0.10454601, -0.09558029, -0.08588705, -0.07610923, -0.06667018, -0.05782349, -0.04972094, -0.04244197, -0.03599494, -0.03036477, -0.02549591, -0.02132694, -0.01778073, -0.01478424, -0.01226390, -0.01015369, -0.00839344, -0.00692885, -0.00571384, -0.00470738, -0.00387490, -0.00318775, -0.00262092, -0.00215310, -0.00176739, -0.00144985, -0.00118835, -0.00097278, -0.00079492, -0.00064833, -0.00052746, -0.00042769, -0.00034512, -0.00027702, -0.00022072, -0.00017417, -0.00013571, -0.00010398, -0.00007774, -0.00005602, -0.00003811, -0.00002340, -0.00001127, -0.00000147, 0.00000653, 0.00001298, 0.00001812, 0.00002215, 0.00002525, 0.00002756, 0.00002922, 0.00003035, 0.00003104, 0.00003144, 0.00003145, 0.00003118, 0.00003069, 0.00003004, 0.00002927
-0.31994466, -0.30949720, -0.28095037, -0.24389245, -0.20643710, -0.17275585, -0.14376390, -0.11900473, -0.09785252, -0.07988071, -0.06478915, -0.05225909, -0.04197772, -0.03360151, -0.02682171, -0.02135476, -0.01696620, -0.01345307, -0.01065058, -0.00842062, -0.00664969, -0.00524627, -0.00413499, -0.00325580, -0.00256177, -0.00201402, -0.00158111, -0.00123919, -0.00096981, -0.00075741, -0.00058952, -0.00045657, -0.00035151, -0.00026843, -0.00020257, -0.00015008, -0.00010848, -0.00007535, -0.00004896, -0.00002800, -0.00001141, 0.00000181, 0.00001240, 0.00002077, 0.00002729, 0.00003239, 0.00003616, 0.00003903, 0.00004109, 0.00004246, 0.00004324, 0.00004354, 0.00004343, 0.00004299, 0.00004230, 0.00004141, 0.00004044, 0.00003924, 0.00003790, 0.00003646, 0.00003497, 0.00003346
-0.46238333, -0.44154031, -0.38690418, -0.32118790, -0.26083110, -0.21141160, -0.17184731, -0.13955964, -0.11271736, -0.09037992, -0.07200141, -0.05706756, -0.04507478, -0.03549851, -0.02789143, -0.02186268, -0.01710293, -0.01335470, -0.01041217, -0.00810808, -0.00630680, -0.00490129, -0.00380528, -0.00295115, -0.00228715, -0.00177094, -0.00136894, -0.00105599, -0.00081317, -0.00062448, -0.00047740, -0.00036245, -0.00027286, -0.00020295, -0.00014820, -0.00010503, -0.00007121, -0.00004453, -0.00002349, -0.00000694, 0.00000600, 0.00001624, 0.00002439, 0.00003078, 0.00003566, 0.00003940, 0.00004207, 0.00004403, 0.00004535, 0.00004610, 0.00004637, 0.00004623, 0.00004575, 0.00004499, 0.00004403, 0.00004291, 0.00004174, 0.00004036, 0.00003885, 0.00003727, 0.00003565, 0.00003403
-6.76045064, -5.23760557, -2.64675400, -1.16309950, -0.61065172, -0.42429680, -0.33011914, -0.25274141, -0.18550697, -0.13270627, -0.09466552, -0.06821428, -0.04969246, -0.03635473, -0.02656344, -0.01934366, -0.01406287, -0.01022815, -0.00745498, -0.00544557, -0.00398322, -0.00291641, -0.00213553, -0.00156348, -0.00114659, -0.00084204, -0.00061730, -0.00045094, -0.00032890, -0.00023842, -0.00017055, -0.00011924, -0.00008023, -0.00005083, -0.00002806, -0.00001007, 0.00000383, 0.00001514, 0.00002400, 0.00003114, 0.00003652, 0.00004104, 0.00004473, 0.00004775, 0.00004986, 0.00005139, 0.00005226, 0.00005293, 0.00005311, 0.00005298, 0.00005241, 0.00005164, 0.00005053, 0.00004929, 0.00004780, 0.00004629, 0.00004471, 0.00004300, 0.00004110, 0.00003918, 0.00003720, 0.00003530
-0.02595170, -0.02552161, -0.02424513, -0.02233837, -0.02004402, -0.01759115, -0.01515955, -0.01286970, -0.01079110, -0.00895541, -0.00737005, -0.00602415, -0.00489703, -0.00396404, -0.00319842, -0.00257462, -0.00206904, -0.00166106, -0.00133279, -0.00106929, -0.00085809, -0.00068889, -0.00055334, -0.00044486, -0.00035788, -0.00028804, -0.00023190, -0.00018678, -0.00015040, -0.00012102, -0.00009724, -0.00007797, -0.00006234, -0.00004963, -0.00003926, -0.00003078, -0.00002390, -0.00001830, -0.00001372, -0.00001000, -0.00000697, -0.00000453, -0.00000256, -0.00000099, 0.00000026, 0.00000127, 0.00000203, 0.00000261, 0.00000303, 0.00000334, 0.00000355, 0.00000368, 0.00000374, 0.00000375, 0.00000373, 0.00000367, 0.00000361, 0.00000352, 0.00000343, 0.00000332, 0.00000321, 0.00000310
-0.04280397, -0.04181471, -0.03896171, -0.03490188, -0.03030622, -0.02569856, -0.02139994, -0.01756756, -0.01425469, -0.01145548, -0.00913457, -0.00723887, -0.00570871, -0.00448576, -0.00351544, -0.00275016, -0.00214899, -0.00167835, -0.00131065, -0.00102388, -0.00080042, -0.00062624, -0.00049040, -0.00038454, -0.00030184, -0.00023705, -0.00018626, -0.00014640, -0.00011499, -0.00009018, -0.00007052, -0.00005492, -0.00004252, -0.00003261, -0.00002467, -0.00001829, -0.00001322, -0.00000916, -0.00000591, -0.00000331, -0.00000125, 0.00000037, 0.00000163, 0.00000260, 0.00000333, 0.00000390, 0.00000428, 0.00000452, 0.00000466, 0.00000472, 0.00000472, 0.00000467, 0.00000457, 0.00000445, 0.00000430, 0.00000415, 0.00000401, 0.00000385, 0.00000369, 0.00000354, 0.00000339, 0.00000324
-0.36559831, -0.32314067, -0.23382649, -0.15762864, -0.10755097, -0.07559554, -0.05397933, -0.03855833, -0.02734629, -0.01923650, -0.01345365, -0.00938213, -0.00653691, -0.00455590, -0.00317694, -0.00221762, -0.00155037, -0.00108676, -0.00076469, -0.00054093, -0.00038522, -0.00027627, -0.00019962, -0.00014572, -0.00010725, -0.00007940, -0.00005915, -0.00004425, -0.00003306, -0.00002451, -0.00001785, -0.00001264, -0.00000854, -0.00000521, -0.00000246, -0.00000021, 0.00000154, 0.00000296, 0.00000411, 0.00000503, 0.00000572, 0.00000622, 0.00000655, 0.00000676, 0.00000686, 0.00000689, 0.00000681, 0.00000665, 0.00000643, 0.00000619, 0.00000594, 0.00000565, 0.00000536, 0.00000506, 0.00000477, 0.00000449, 0.00000425, 0.00000401, 0.00000379, 0.00000359, 0.00000340, 0.00000323
-0.00308049, -0.00306436, -0.00301433, -0.00293353, -0.00282541, -0.00269425, -0.00254496, -0.00238274, -0.00221253, -0.00203879, -0.00186580, -0.00169679, -0.00153440, -0.00138056, -0.00123667, -0.00110348, -0.00098132, -0.00087014, -0.00076963, -0.00067933, -0.00059857, -0.00052667, -0.00046285, -0.00040640, -0.00035658, -0.00031267, -0.00027403, -0.00024010, -0.00021032, -0.00018420, -0.00016129, -0.00014121, -0.00012361, -0.00010818, -0.00009466, -0.00008277, -0.00007238, -0.00006326, -0.00005526, -0.00004824, -0.00004208, -0.00003668, -0.00003193, -0.00002777, -0.00002412, -0.00002090, -0.00001808, -0.00001562, -0.00001346, -0.00001156, -0.00000990, -0.00000845, -0.00000718, -0.00000606, -0.00000509, -0.00000424, -0.00000349, -0.00000285, -0.00000228, -0.00000179, -0.00000137, -0.00000100
-0.16888133, -0.15779207, -0.13057841, -0.10098445, -0.07621328, -0.05726507, -0.04295557, -0.03206717, -0.02376364, -0.01747510, -0.01277065, -0.00929126, -0.00674021, -0.00488170, -0.00353213, -0.00255491, -0.00184835, -0.00133846, -0.00097074, -0.00070576, -0.00051478, -0.00037677, -0.00027678, -0.00020441, -0.00015160, -0.00011277, -0.00008413, -0.00006290, -0.00004697, -0.00003489, -0.00002562, -0.00001848, -0.00001296, -0.00000859, -0.00000509, -0.00000228, -0.00000011, 0.00000162, 0.00000300, 0.00000409, 0.00000492, 0.00000553, 0.00000595, 0.00000623, 0.00000640, 0.00000649, 0.00000646, 0.00000635, 0.00000619, 0.00000599, 0.00000577, 0.00000553, 0.00000526, 0.00000499, 0.00000473, 0.00000447, 0.00000424, 0.00000402, 0.00000381, 0.00000361, 0.00000343, 0.00000326
-0.04368678, -0.04266258, -0.03971310, -0.03552622, -0.03080093, -0.02607767, -0.02168330, -0.01777480, -0.01440303, -0.01155920, -0.00920520, -0.00728547, -0.00573825, -0.00450341, -0.00352501, -0.00275438, -0.00214978, -0.00167703, -0.00130815, -0.00102078, -0.00079713, -0.00062299, -0.00048734, -0.00038175, -0.00029934, -0.00023486, -0.00018435, -0.00014475, -0.00011358, -0.00008898, -0.00006950, -0.00005406, -0.00004179, -0.00003200, -0.00002416, -0.00001786, -0.00001286, -0.00000886, -0.00000565, -0.00000309, -0.00000107, 0.00000052, 0.00000176, 0.00000271, 0.00000343, 0.00000398, 0.00000435, 0.00000458, 0.00000471, 0.00000476, 0.00000476, 0.00000469, 0.00000459, 0.00000447, 0.00000432, 0.00000416, 0.00000402, 0.00000386, 0.00000370, 0.00000354, 0.00000339, 0.00000325
-1.70243023, -1.21996689, -0.56897965, -0.27073012, -0.15446080, -0.10000863, -0.06747746, -0.04540030, -0.03010063, -0.01974772, -0.01292325, -0.00849613, -0.00562522, -0.00374830, -0.00250930, -0.00168757, -0.00114184, -0.00077767, -0.00053436, -0.00037181, -0.00026265, -0.00018929, -0.00013758, -0.00010082, -0.00007549, -0.00005767, -0.00004379, -0.00003315, -0.00002537, -0.00001882, -0.00001361, -0.00000996, -0.00000611, -0.00000349, -0.00000103, 0.00000109, 0.00000231, 0.00000388, 0.00000476, 0.00000583, 0.00000616, 0.00000675, 0.00000697, 0.00000733, 0.00000731, 0.00000728, 0.00000703, 0.00000702, 0.00000665, 0.00000644, 0.00000599, 0.00000576, 0.00000538, 0.00000519, 0.00000473, 0.00000454, 0.00000416, 0.00000403, 0.00000376, 0.00000361, 0.00000332, 0.00000318
-0.01332926, -0.01318050, -0.01272848, -0.01202639, -0.01113644, -0.01012696, -0.00906306, -0.00799913, -0.00697601, -0.00602136, -0.00515267, -0.00437739, -0.00369630, -0.00310590, -0.00259945, -0.00216887, -0.00180529, -0.00150005, -0.00124485, -0.00103229, -0.00085567, -0.00070917, -0.00058777, -0.00048731, -0.00040415, -0.00033527, -0.00027819, -0.00023090, -0.00019167, -0.00015908, -0.00013198, -0.00010942, -0.00009063, -0.00007494, -0.00006183, -0.00005085, -0.00004169, -0.00003404, -0.00002763, -0.00002227, -0.00001779, -0.00001405, -0.00001094, -0.00000835, -0.00000619, -0.00000439, -0.00000293, -0.00000173, -0.00000075, 0.00000004, 0.00000068, 0.00000118, 0.00000158, 0.00000188, 0.00000211, 0.00000228, 0.00000241, 0.00000250, 0.00000254, 0.00000257, 0.00000257, 0.00000255
-0.00515718, -0.00512232, -0.00501464, -0.00484240, -0.00461501, -0.00434382, -0.00404140, -0.00372021, -0.00339145, -0.00306464, -0.00274795, -0.00244706, -0.00216599, -0.00190719, -0.00167181, -0.00145994, -0.00127085, -0.00110334, -0.00095582, -0.00082663, -0.00071394, -0.00061598, -0.00053106, -0.00045762, -0.00039419, -0.00033947, -0.00029228, -0.00025167, -0.00021669, -0.00018656, -0.00016061, -0.00013825, -0.00011898, -0.00010237, -0.00008803, -0.00007562, -0.00006494, -0.00005572, -0.00004774, -0.00004085, -0.00003490, -0.00002975, -0.00002531, -0.00002146, -0.00001815, -0.00001526, -0.00001279, -0.00001066, -0.00000883, -0.00000725, -0.00000590, -0.00000474, -0.00000374, -0.00000289, -0.00000217, -0.00000155, -0.00000102, -0.00000057, -0.00000019, 0.00000012, 0.00000039, 0.00000061
-0.92958441, -0.79903838, -0.52803822, -0.31385928, -0.19770748, -0.14093364, -0.10814001, -0.08374820, -0.06373793, -0.04770563, -0.03545931, -0.02637164, -0.01967509, -0.01469755, -0.01096960, -0.00816768, -0.00606969, -0.00450521, -0.00334318, -0.00248094, -0.00184070, -0.00136525, -0.00101180, -0.00074900, -0.00055419, -0.00040973, -0.00030209, -0.00022174, -0.00016211, -0.00011772, -0.00008438, -0.00005915, -0.00004013, -0.00002577, -0.00001482, -0.00000631, 0.00000022, 0.00000532, 0.00000931, 0.00001241, 0.00001478, 0.00001663, 0.00001813, 0.00001929, 0.00002012, 0.00002071, 0.00002103, 0.00002122, 0.00002126, 0.00002116, 0.00002092, 0.00002058, 0.00002013, 0.00001960, 0.00001902, 0.00001839, 0.00001777, 0.00001708, 0.00001634, 0.00001558, 0.00001481, 0.00001406
-0.11396451, -0.11048136, -0.10089199, -0.08827893, -0.07531932, -0.06347555, -0.05314305, -0.04423098, -0.03655966, -0.03000008, -0.02445747, -0.01982725, -0.01600490, -0.01287237, -0.01032307, -0.00825630, -0.00658866, -0.00524702, -0.00417139, -0.00331149, -0.00262537, -0.00207914, -0.00164470, -0.00129951, -0.00102582, -0.00080896, -0.00063689, -0.00050048, -0.00039259, -0.00030724, -0.00023958, -0.00018585, -0.00014326, -0.00010951, -0.00008270, -0.00006130, -0.00004433, -0.00003081, -0.00002003, -0.00001147, -0.00000470, 0.00000068, 0.00000498, 0.00000837, 0.00001102, 0.00001308, 0.00001459, 0.00001573, 0.00001654, 0.00001708, 0.00001739, 0.00001749, 0.00001744, 0.00001725, 0.00001696, 0.00001659, 0.00001619, 0.00001571, 0.00001517, 0.00001459, 0.00001399, 0.00001338
-2.34503515, -1.84095528, -0.95944518, -0.43407587, -0.23096618, -0.16068133, -0.12523580, -0.09633743, -0.07114993, -0.05122444, -0.03675210, -0.02661263, -0.01946764, -0.01429669, -0.01048467, -0.00766210, -0.00558869, -0.00407653, -0.00297835, -0.00217959, -0.00159630, -0.00116948, -0.00085634, -0.00062650, -0.00045855, -0.00033568, -0.00024503, -0.00017793, -0.00012867, -0.00009226, -0.00006505, -0.00004453, -0.00002903, -0.00001739, -0.00000847, -0.00000149, 0.00000387, 0.00000815, 0.00001150, 0.00001414, 0.00001613, 0.00001773, 0.00001904, 0.00002009, 0.00002081, 0.00002131, 0.00002155, 0.00002171, 0.00002170, 0.00002158, 0.00002130, 0.00002093, 0.00002044, 0.00001990, 0.00001927, 0.00001863, 0.00001798, 0.00001727, 0.00001650, 0.00001572, 0.00001492, 0.00001414
-0.06749293, -0.06619319, -0.06244284, -0.05707157, -0.05092526, -0.04466883, -0.03869267, -0.03317946, -0.02819858, -0.02377459, -0.01990604, -0.01656513, -0.01371709, -0.01130985, -0.00929279, -0.00761218, -0.00622004, -0.00507117, -0.00412689, -0.00335328, -0.00272098, -0.00220549, -0.00178578, -0.00144448, -0.00116750, -0.00094288, -0.00076057, -0.00061273, -0.00049307, -0.00039620, -0.00031767, -0.00025395, -0.00020230, -0.00016044, -0.00012646, -0.00009879, -0.00007637, -0.00005814, -0.00004332, -0.00003129, -0.00002155, -0.00001365, -0.00000722, -0.00000202, 0.00000215, 0.00000551, 0.00000813, 0.00001020, 0.00001179, 0.00001300, 0.00001387, 0.00001446, 0.00001482, 0.00001499, 0.00001501, 0.00001491, 0.00001474, 0.00001446, 0.00001409, 0.00001367, 0.00001321, 0.00001273
-628.90622223, -102.24672399, -4.83159872, 2.00463133, 1.10081087, 0.22450159, -0.25290508, -0.36440887, 0.05497531, 0.04819318, 0.06170615, -0.01548298, -0.05681845, -0.01218225, 0.02453582, 0.01437059, -0.03974653, -0.03252778, 0.00171090, 0.02055235, 0.02359859, -0.02392111, -0.02104957, 0.01860378, 0.01580234, -0.01430053, -0.00887913, 0.00513298, -0.00236622, 0.00567829, 0.00996870, -0.01000178, 0.00829206, 0.00128944, 0.00273948, 0.00744489, -0.00681033, 0.00427254, -0.00310487, 0.00551327, -0.00573252, -0.00052054, -0.00276295, 0.00473332, 0.00224429, 0.00094905, -0.00340268, 0.00410155, -0.00003293, 0.00258519, -0.00351493, -0.00016868, -0.00209240, 0.00308759, -0.00217931, 0.00193233, -0.00266085, 0.00182151, 0.00010850, 0.00235305, -0.00139383, -0.00029769
-0.03665422, -0.03621791, -0.03491216, -0.03291988, -0.03044278, -0.02769401, -0.02485006, -0.02204038, -0.01935173, -0.01684350, -0.01455148, -0.01248840, -0.01065910, -0.00905345, -0.00765902, -0.00645675, -0.00542752, -0.00455086, -0.00380779, -0.00318053, -0.00265266, -0.00220974, -0.00183881, -0.00152869, -0.00126996, -0.00105432, -0.00087454, -0.00072485, -0.00060036, -0.00049685, -0.00041072, -0.00033900, -0.00027934, -0.00022970, -0.00018836, -0.00015385, -0.00012515, -0.00010123, -0.00008129, -0.00006467, -0.00005084, -0.00003933, -0.00002972, -0.00002172, -0.00001509, -0.00000958, -0.00000507, -0.00000136, 0.00000168, 0.00000414, 0.00000611, 0.00000767, 0.00000888, 0.00000979, 0.00001047, 0.00001094, 0.00001127, 0.00001142, 0.00001146, 0.00001138, 0.00001123, 0.00001102
-0.26506431, -0.24843397, -0.20697662, -0.16154627, -0.12447557, -0.09744977, -0.07755519, -0.06199583, -0.04929922, -0.03888112, -0.03045850, -0.02375347, -0.01847809, -0.01434403, -0.01111309, -0.00859058, -0.00662722, -0.00510304, -0.00392354, -0.00301306, -0.00231112, -0.00177096, -0.00135541, -0.00103594, -0.00079093, -0.00060311, -0.00045880, -0.00034794, -0.00026311, -0.00019813, -0.00014816, -0.00010959, -0.00007991, -0.00005707, -0.00003941, -0.00002563, -0.00001498, -0.00000666, -0.00000016, 0.00000488, 0.00000877, 0.00001180, 0.00001419, 0.00001604, 0.00001741, 0.00001843, 0.00001909, 0.00001954, 0.00001979, 0.00001986, 0.00001977, 0.00001955, 0.00001921, 0.00001879, 0.00001829, 0.00001775, 0.00001720, 0.00001658, 0.00001591, 0.00001521, 0.00001451, 0.00001381
-0.50088791, -0.45162480, -0.33909237, -0.23388923, -0.16362473, -0.12149457, -0.09421388, -0.07381017, -0.05732570, -0.04400839, -0.03354230, -0.02549689, -0.01937798, -0.01471962, -0.01116693, -0.00845309, -0.00638653, -0.00481711, -0.00362963, -0.00273288, -0.00205602, -0.00154570, -0.00116081, -0.00087059, -0.00065235, -0.00048826, -0.00036446, -0.00027100, -0.00020079, -0.00014795, -0.00010792, -0.00007743, -0.00005429, -0.00003672, -0.00002328, -0.00001285, -0.00000485, 0.00000139, 0.00000624, 0.00000999, 0.00001286, 0.00001509, 0.00001687, 0.00001824, 0.00001924, 0.00001996, 0.00002038, 0.00002065, 0.00002075, 0.00002070, 0.00002051, 0.00002020, 0.00001979, 0.00001930, 0.00001874, 0.00001814, 0.00001755, 0.00001689, 0.00001617, 0.00001544, 0.00001470, 0.00001396
-0.05310621, -0.05226766, -0.04980750, -0.04617907, -0.04186693, -0.03730378, -0.03279021, -0.02850481, -0.02454258, -0.02095523, -0.01776438, -0.01496401, -0.01253983, -0.01046067, -0.00869416, -0.00720256, -0.00595110, -0.00490571, -0.00403617, -0.00331541, -0.00271956, -0.00222830, -0.00182389, -0.00149144, -0.00121869, -0.00099509, -0.00081169, -0.00066140, -0.00053843, -0.00043783, -0.00035542, -0.00028786, -0.00023253, -0.00018722, -0.00015006, -0.00011951, -0.00009449, -0.00007395, -0.00005709, -0.00004326, -0.00003193, -0.00002265, -0.00001502, -0.00000878, -0.00000371, 0.00000043, 0.00000372, 0.00000637, 0.00000848, 0.00001012, 0.00001136, 0.00001228, 0.00001293, 0.00001335, 0.00001358, 0.00001367, 0.00001366, 0.00001352, 0.00001329, 0.00001298, 0.00001262, 0.00001222
-0.08037569, -0.07857556, -0.07345386, -0.06630172, -0.05837657, -0.05056760, -0.04331582, -0.03677169, -0.03095757, -0.02586266, -0.02146021, -0.01770147, -0.01453218, -0.01188127, -0.00968208, -0.00786696, -0.00637678, -0.00515772, -0.00416429, -0.00335711, -0.00270276, -0.00217358, -0.00174614, -0.00140127, -0.00112359, -0.00090016, -0.00072020, -0.00057538, -0.00045907, -0.00036565, -0.00029048, -0.00022993, -0.00018123, -0.00014205, -0.00011049, -0.00008497, -0.00006444, -0.00004786, -0.00003448, -0.00002370, -0.00001504, -0.00000807, -0.00000244, 0.00000209, 0.00000568, 0.00000854, 0.00001073, 0.00001243, 0.00001372, 0.00001466, 0.00001531, 0.00001570, 0.00001590, 0.00001592, 0.00001582, 0.00001561, 0.00001534, 0.00001498, 0.00001454, 0.00001405, 0.00001354, 0.00001300
-0.49840544, -0.46069524, -0.36985796, -0.27620726, -0.20524122, -0.15695997, -0.12304109, -0.09710277, -0.07618785, -0.05923601, -0.04574301, -0.03518407, -0.02701481, -0.02071060, -0.01585227, -0.01210827, -0.00923170, -0.00702652, -0.00534199, -0.00405765, -0.00307961, -0.00233576, -0.00177004, -0.00133996, -0.00101391, -0.00076653, -0.00057831, -0.00043513, -0.00032670, -0.00024429, -0.00018133, -0.00013304, -0.00009616, -0.00006789, -0.00004608, -0.00002907, -0.00001590, -0.00000560, 0.00000245, 0.00000872, 0.00001356, 0.00001741, 0.00002047, 0.00002284, 0.00002459, 0.00002589, 0.00002676, 0.00002735, 0.00002767, 0.00002775, 0.00002760, 0.00002728, 0.00002679, 0.00002618, 0.00002549, 0.00002472, 0.00002395, 0.00002306, 0.00002211, 0.00002112, 0.00002013, 0.00001916
-0.04441702, -0.04394644, -0.04253129, -0.04034392, -0.03757869, -0.03445406, -0.03116397, -0.02786095, -0.02465508, -0.02162505, -0.01882447, -0.01627680, -0.01399496, -0.01197339, -0.01020164, -0.00866097, -0.00733128, -0.00618990, -0.00521510, -0.00438606, -0.00368343, -0.00308971, -0.00258902, -0.00216758, -0.00181363, -0.00151659, -0.00126727, -0.00105831, -0.00088338, -0.00073692, -0.00061420, -0.00051134, -0.00042519, -0.00035301, -0.00029248, -0.00024160, -0.00019898, -0.00016320, -0.00013315, -0.00010794, -0.00008680, -0.00006903, -0.00005410, -0.00004158, -0.00003111, -0.00002232, -0.00001503, -0.00000897, -0.00000395, 0.00000018, 0.00000355, 0.00000628, 0.00000845, 0.00001017, 0.00001150, 0.00001251, 0.00001328, 0.00001377, 0.00001406, 0.00001418, 0.00001417, 0.00001405
-0.01617113, -0.01607750, -0.01578841, -0.01532574, -0.01470726, -0.01396384, -0.01312737, -0.01222838, -0.01129435, -0.01035085, -0.00942093, -0.00852000, -0.00766237, -0.00685596, -0.00610740, -0.00541901, -0.00479176, -0.00422418, -0.00371397, -0.00325804, -0.00285242, -0.00249319, -0.00217605, -0.00189693, -0.00165197, -0.00143741, -0.00124964, -0.00108573, -0.00094283, -0.00081834, -0.00070992, -0.00061553, -0.00053343, -0.00046202, -0.00039990, -0.00034578, -0.00029878, -0.00025790, -0.00022233, -0.00019139, -0.00016448, -0.00014105, -0.00012067, -0.00010292, -0.00008750, -0.00007404, -0.00006238, -0.00005226, -0.00004347, -0.00003585, -0.00002926, -0.00002357, -0.00001866, -0.00001444, -0.00001081, -0.00000770, -0.00000501, -0.00000275, -0.00000085, 0.00000075, 0.00000208, 0.00000319
-12.93534408, -8.37062111, -2.76635227, -0.76447188, -0.32662543, -0.25127431, -0.21079377, -0.16029731, -0.11197044, -0.07570917, -0.05175507, -0.03647487, -0.02629511, -0.01903890, -0.01370708, -0.00981073, -0.00702590, -0.00503770, -0.00362519, -0.00262044, -0.00190060, -0.00139376, -0.00101344, -0.00072595, -0.00052925, -0.00039523, -0.00028758, -0.00020547, -0.00015116, -0.00010641, -0.00007375, -0.00005586, -0.00003163, -0.00002025, -0.00000881, 0.00000108, 0.00000355, 0.00001259, 0.00001466, 0.00002093, 0.00001999, 0.00002408, 0.00002520, 0.00002919, 0.00002932, 0.00002976, 0.00002874, 0.00003153, 0.00003016, 0.00003090, 0.00002854, 0.00002917, 0.00002785, 0.00002875, 0.00002618, 0.00002659, 0.00002424, 0.00002463, 0.00002301, 0.00002255, 0.00002027, 0.00001950
-0.08765176, -0.08611095, -0.08163189, -0.07511356, -0.06750612, -0.05960520, -0.05192672, -0.04474896, -0.03820228, -0.03234396, -0.02719105, -0.02271639, -0.01888214, -0.01562626, -0.01288590, -0.01059333, -0.00868686, -0.00710800, -0.00580560, -0.00473481, -0.00385669, -0.00313827, -0.00255130, -0.00207236, -0.00168234, -0.00136484, -0.00110618, -0.00089568, -0.00072466, -0.00058560, -0.00047239, -0.00038014, -0.00030507, -0.00024394, -0.00019408, -0.00015330, -0.00012007, -0.00009292, -0.00007075, -0.00005265, -0.00003791, -0.00002586, -0.00001600, -0.00000798, -0.00000151, 0.00000375, 0.00000791, 0.00001124, 0.00001384, 0.00001585, 0.00001734, 0.00001841, 0.00001913, 0.00001955, 0.00001975, 0.00001975, 0.00001964, 0.00001934, 0.00001893, 0.00001842, 0.00001786, 0.00001725
-0.29267635, -0.27806737, -0.24033427, -0.19614002, -0.15686324, -0.12570118, -0.10133291, -0.08172365, -0.06556112, -0.05220607, -0.04130162, -0.03251378, -0.02551253, -0.01996524, -0.01558946, -0.01214484, -0.00944297, -0.00732863, -0.00567963, -0.00439631, -0.00339941, -0.00262629, -0.00202697, -0.00156276, -0.00120406, -0.00092681, -0.00071208, -0.00054590, -0.00041774, -0.00031867, -0.00024181, -0.00018204, -0.00013572, -0.00009973, -0.00007166, -0.00004960, -0.00003238, -0.00001883, -0.00000819, 0.00000014, 0.00000663, 0.00001178, 0.00001586, 0.00001904, 0.00002144, 0.00002326, 0.00002454, 0.00002546, 0.00002605, 0.00002634, 0.00002638, 0.00002621, 0.00002586, 0.00002537, 0.00002477, 0.00002409, 0.00002340, 0.00002258, 0.00002170, 0.00002078, 0.00001985, 0.00001892
-0.06442533, -0.06353599, -0.06090349, -0.05694578, -0.05212738, -0.04689808, -0.04160518, -0.03648170, -0.03166972, -0.02725434, -0.02328248, -0.01976037, -0.01668112, -0.01401574, -0.01173137, -0.00978674, -0.00814232, -0.00675828, -0.00559871, -0.00463082, -0.00382506, -0.00315620, -0.00260181, -0.00214301, -0.00176411, -0.00145134, -0.00119303, -0.00097996, -0.00080445, -0.00065980, -0.00054047, -0.00044196, -0.00036073, -0.00029369, -0.00023832, -0.00019246, -0.00015461, -0.00012330, -0.00009740, -0.00007599, -0.00005832, -0.00004368, -0.00003156, -0.00002156, -0.00001336, -0.00000658, -0.00000110, 0.00000337, 0.00000698, 0.00000985, 0.00001211, 0.00001384, 0.00001514, 0.00001607, 0.00001671, 0.00001710, 0.00001733, 0.00001733, 0.00001718, 0.00001692, 0.00001656, 0.00001614
-1.01167625, -0.89045740, -0.62757649, -0.40276198, -0.26751849, -0.19375042, -0.14843568, -0.11491000, -0.08791195, -0.06634907, -0.04972438, -0.03721499, -0.02788792, -0.02090766, -0.01565976, -0.01170548, -0.00873445, -0.00650918, -0.00484875, -0.00361124, -0.00268918, -0.00200223, -0.00149003, -0.00110803, -0.00082407, -0.00061263, -0.00045449, -0.00033614, -0.00024807, -0.00018214, -0.00013238, -0.00009458, -0.00006605, -0.00004436, -0.00002770, -0.00001472, -0.00000467, 0.00000321, 0.00000940, 0.00001422, 0.00001794, 0.00002094, 0.00002335, 0.00002522, 0.00002659, 0.00002757, 0.00002820, 0.00002861, 0.00002878, 0.00002873, 0.00002849, 0.00002807, 0.00002750, 0.00002681, 0.00002605, 0.00002522, 0.00002440, 0.00002345, 0.00002244, 0.00002140, 0.00002036, 0.00001934
-0.12144115, -0.11990495, -0.11525556, -0.10811138, -0.09916875, -0.08918208, -0.07883727, -0.06867699, -0.05908400, -0.05029577, -0.04243824, -0.03554965, -0.02960190, -0.02453162, -0.02025384, -0.01667430, -0.01369832, -0.01123700, -0.00920859, -0.00754278, -0.00617728, -0.00505890, -0.00414430, -0.00339650, -0.00278450, -0.00228348, -0.00187288, -0.00153638, -0.00126004, -0.00103281, -0.00084576, -0.00069165, -0.00056448, -0.00045931, -0.00037232, -0.00030020, -0.00024072, -0.00019145, -0.00015068, -0.00011700, -0.00008922, -0.00006637, -0.00004760, -0.00003223, -0.00001970, -0.00000944, -0.00000133, 0.00000514, 0.00001026, 0.00001425, 0.00001728, 0.00001954, 0.00002117, 0.00002228, 0.00002301, 0.00002342, 0.00002365, 0.00002360, 0.00002338, 0.00002304, 0.00002263, 0.00002215
-87.66217123, -37.75867461, -7.67327771, -2.38226673, -1.26032488, -0.82400779, -0.55093939, -0.35650197, -0.21255975, -0.13038729, -0.07982241, -0.05183810, -0.03451801, -0.02164115, -0.01320255, -0.00876257, -0.00727993, -0.00500073, -0.00268310, -0.00128608, -0.00067358, -0.00170295, -0.00132828, 0.00004980, 0.00007042, -0.00074504, -0.00048981, -0.00001503, -0.00019947, 0.00008645, 0.00023200, -0.00033802, 0.00024272, 0.00003844, 0.00010354, 0.00024685, -0.00016532, 0.00017575, -0.00004095, 0.00022306, -0.00011667, 0.00004746, -0.00002285, 0.00020687, 0.00012510, 0.00008919, -0.00004712, 0.00018138, 0.00004987, 0.00012830, -0.00006102, 0.00003992, -0.00002235, 0.00013183, -0.00003059, 0.00009135, -0.00004821, 0.00008458, 0.00003226, 0.00009650, -0.00001598, 0.00001466
-0.11653065, -0.11509076, -0.11072706, -0.10400850, -0.09557514, -0.08612664, -0.07630544, -0.06662602, -0.05745583, -0.04902694, -0.04146662, -0.03481810, -0.02906059, -0.02413857, -0.01997426, -0.01648044, -0.01356839, -0.01115397, -0.00915949, -0.00751781, -0.00616906, -0.00506205, -0.00415485, -0.00341157, -0.00280212, -0.00230222, -0.00189177, -0.00155478, -0.00127756, -0.00104921, -0.00086091, -0.00070552, -0.00057709, -0.00047071, -0.00038258, -0.00030940, -0.00024893, -0.00019877, -0.00015719, -0.00012278, -0.00009434, -0.00007090, -0.00005161, -0.00003577, -0.00002281, -0.00001218, -0.00000374, 0.00000303, 0.00000841, 0.00001263, 0.00001587, 0.00001831, 0.00002009, 0.00002136, 0.00002220, 0.00002272, 0.00002305, 0.00002308, 0.00002293, 0.00002266, 0.00002229, 0.00002186
-0.42162427, -0.40979688, -0.37633776, -0.33030813, -0.28026589, -0.23210506, -0.18883062, -0.15151460, -0.12020824, -0.09447813, -0.07369195, -0.05714095, -0.04410489, -0.03393107, -0.02604480, -0.01996150, -0.01528659, -0.01170416, -0.00896221, -0.00686769, -0.00526743, -0.00404342, -0.00310813, -0.00239231, -0.00184258, -0.00141983, -0.00109396, -0.00084230, -0.00064705, -0.00049505, -0.00037643, -0.00028374, -0.00021099, -0.00015346, -0.00010808, -0.00007221, -0.00004415, -0.00002195, -0.00000453, 0.00000900, 0.00001939, 0.00002724, 0.00003304, 0.00003725, 0.00004016, 0.00004204, 0.00004286, 0.00004301, 0.00004267, 0.00004193, 0.00004085, 0.00003954, 0.00003808, 0.00003653, 0.00003497, 0.00003345, 0.00003206, 0.00003061, 0.00002921, 0.00002789, 0.00002667, 0.00002555
-0.36504716, -0.35580096, -0.32933819, -0.29221838, -0.25090708, -0.21022299, -0.17291812, -0.14019658, -0.11234546, -0.08916140, -0.07021001, -0.05495125, -0.04280497, -0.03322764, -0.02573021, -0.01989225, -0.01536411, -0.01186286, -0.00915951, -0.00707636, -0.00547133, -0.00423338, -0.00327952, -0.00254356, -0.00197393, -0.00153254, -0.00118977, -0.00092313, -0.00071491, -0.00055177, -0.00042370, -0.00032305, -0.00024363, -0.00018057, -0.00013059, -0.00009091, -0.00005969, -0.00003489, -0.00001533, -0.00000002, 0.00001185, 0.00002091, 0.00002774, 0.00003280, 0.00003642, 0.00003890, 0.00004023, 0.00004082, 0.00004085, 0.00004043, 0.00003961, 0.00003853, 0.00003726, 0.00003588, 0.00003446, 0.00003305, 0.00003175, 0.00003038, 0.00002904, 0.00002776, 0.00002658, 0.00002547
-0.12324346, -0.12167129, -0.11691534, -0.10961274, -0.10048109, -0.09029533, -0.07975744, -0.06942045, -0.05967271, -0.05075328, -0.04278769, -0.03581185, -0.02979526, -0.02467153, -0.02035289, -0.01674259, -0.01374378, -0.01126576, -0.00922524, -0.00755099, -0.00617960, -0.00505725, -0.00414009, -0.00339076, -0.00277792, -0.00227656, -0.00186596, -0.00152967, -0.00125368, -0.00102688, -0.00084029, -0.00068666, -0.00055996, -0.00045523, -0.00036866, -0.00029693, -0.00023779, -0.00018885, -0.00014837, -0.00011495, -0.00008741, -0.00006476, -0.00004619, -0.00003099, -0.00001860, -0.00000848, -0.00000048, 0.00000588, 0.00001091, 0.00001481, 0.00001777, 0.00001997, 0.00002154, 0.00002261, 0.00002329, 0.00002366, 0.00002386, 0.00002378, 0.00002354, 0.00002318, 0.00002274, 0.00002225
-1.36140052, -1.26823747, -1.04163932, -0.79843858, -0.59720309, -0.44458604, -0.33020638, -0.24393573, -0.17882124, -0.13006391, -0.09399037, -0.06762054, -0.04850699, -0.03473861, -0.02485548, -0.01777925, -0.01272063, -0.00911077, -0.00653560, -0.00470100, -0.00339225, -0.00245515, -0.00178509, -0.00130383, -0.00095501, -0.00070128, -0.00051560, -0.00037862, -0.00027630, -0.00019898, -0.00014012, -0.00009516, -0.00006028, -0.00003257, -0.00001078, 0.00000633, 0.00001952, 0.00003001, 0.00003813, 0.00004421, 0.00004858, 0.00005151, 0.00005331, 0.00005423, 0.00005444, 0.00005399, 0.00005279, 0.00005122, 0.00004943, 0.00004746, 0.00004529, 0.00004304, 0.00004076, 0.00003852, 0.00003640, 0.00003444, 0.00003270, 0.00003098, 0.00002936, 0.00002789, 0.00002659, 0.00002544
-7.99384741, -6.20955697, -3.40998622, -1.83105276, -1.09812716, -0.71829846, -0.48508697, -0.32745274, -0.21864551, -0.14459615, -0.09521383, -0.06276377, -0.04152478, -0.02758747, -0.01839439, -0.01230761, -0.00827168, -0.00559383, -0.00381332, -0.00262936, -0.00183636, -0.00129893, -0.00093199, -0.00067702, -0.00049715, -0.00036894, -0.00027417, -0.00020291, -0.00014868, -0.00010530, -0.00007089, -0.00004436, -0.00002138, -0.00000280, 0.00001274, 0.00002531, 0.00003457, 0.00004304, 0.00004905, 0.00005401, 0.00005674, 0.00005886, 0.00005967, 0.00006012, 0.00005955, 0.00005838, 0.00005631, 0.00005442, 0.00005190, 0.00004954, 0.00004665, 0.00004409, 0.00004134, 0.00003896, 0.00003637, 0.00003437, 0.00003233, 0.00003068, 0.00002893, 0.00002750, 0.00002610, 0.00002505
-1.82880695, -1.67230468, -1.31216277, -0.95814363, -0.69005271, -0.50010432, -0.36383982, -0.26385648, -0.18995081, -0.13567148, -0.09629363, -0.06807263, -0.04801252, -0.03382708, -0.02382316, -0.01678032, -0.01182751, -0.00835013, -0.00590861, -0.00419648, -0.00299367, -0.00214439, -0.00154563, -0.00112096, -0.00081624, -0.00059655, -0.00043692, -0.00031967, -0.00023218, -0.00016591, -0.00011527, -0.00007643, -0.00004607, -0.00002165, -0.00000229, 0.00001300, 0.00002484, 0.00003434, 0.00004172, 0.00004722, 0.00005113, 0.00005369, 0.00005517, 0.00005584, 0.00005583, 0.00005518, 0.00005379, 0.00005205, 0.00005011, 0.00004801, 0.00004572, 0.00004335, 0.00004097, 0.00003865, 0.00003646, 0.00003445, 0.00003267, 0.00003093, 0.00002929, 0.00002780, 0.00002651, 0.00002537
-0.15366350, -0.15143482, -0.14474513, -0.13459734, -0.12211744, -0.10845965, -0.09460714, -0.08128363, -0.06895673, -0.05788158, -0.04816200, -0.03979113, -0.03268594, -0.02672808, -0.02178031, -0.01770271, -0.01436179, -0.01163723, -0.00942247, -0.00762762, -0.00617481, -0.00499959, -0.00405011, -0.00328280, -0.00266192, -0.00215925, -0.00175173, -0.00142125, -0.00115263, -0.00093394, -0.00075567, -0.00061022, -0.00049134, -0.00039389, -0.00031404, -0.00024845, -0.00019488, -0.00015092, -0.00011491, -0.00008547, -0.00006147, -0.00004198, -0.00002619, -0.00001346, -0.00000324, 0.00000495, 0.00001123, 0.00001609, 0.00001979, 0.00002253, 0.00002447, 0.00002576, 0.00002653, 0.00002691, 0.00002698, 0.00002683, 0.00002659, 0.00002611, 0.00002553, 0.00002488, 0.00002420, 0.00002350
-0.25053190, -0.24356375, -0.22418992, -0.19822156, -0.17089928, -0.14533004, -0.12258278, -0.10268652, -0.08539345, -0.07049026, -0.05780762, -0.04713717, -0.03826634, -0.03094702, -0.02495237, -0.02006309, -0.01609489, -0.01288460, -0.01029651, -0.00821603, -0.00654725, -0.00521159, -0.00414370, -0.00329079, -0.00261113, -0.00206974, -0.00163799, -0.00129404, -0.00102070, -0.00080331, -0.00063010, -0.00049191, -0.00038189, -0.00029426, -0.00022434, -0.00016829, -0.00012364, -0.00008792, -0.00005937, -0.00003659, -0.00001850, -0.00000404, 0.00000753, 0.00001669, 0.00002384, 0.00002945, 0.00003363, 0.00003679, 0.00003907, 0.00004061, 0.00004153, 0.00004193, 0.00004190, 0.00004152, 0.00004088, 0.00004003, 0.00003910, 0.00003792, 0.00003660, 0.00003519, 0.00003373, 0.00003225
-0.64207472, -0.60195770, -0.50191386, -0.39219613, -0.30258799, -0.23719559, -0.18900264, -0.15126107, -0.12042362, -0.09508512, -0.07457540, -0.05822774, -0.04534916, -0.03524431, -0.02733687, -0.02115573, -0.01633893, -0.01259510, -0.00969456, -0.00745292, -0.00572278, -0.00438984, -0.00336331, -0.00257313, -0.00196664, -0.00150112, -0.00114299, -0.00086767, -0.00065686, -0.00049515, -0.00037060, -0.00027439, -0.00020035, -0.00014329, -0.00009913, -0.00006463, -0.00003794, -0.00001709, -0.00000082, 0.00001180, 0.00002152, 0.00002913, 0.00003512, 0.00003972, 0.00004312, 0.00004564, 0.00004726, 0.00004835, 0.00004892, 0.00004905, 0.00004877, 0.00004816, 0.00004727, 0.00004616, 0.00004488, 0.00004348, 0.00004209, 0.00004049, 0.00003879, 0.00003703, 0.00003527, 0.00003352
-0.11573869, -0.11407221, -0.10915480, -0.10181359, -0.09295177, -0.08341901, -0.07384442, -0.06463267, -0.05601892, -0.04814194, -0.04107367, -0.03481849, -0.02935955, -0.02464148, -0.02060356, -0.01716999, -0.01426946, -0.01183061, -0.00978915, -0.00808656, -0.00667037, -0.00549595, -0.00452344, -0.00371939, -0.00305603, -0.00250914, -0.00205803, -0.00168643, -0.00138077, -0.00112930, -0.00092220, -0.00075153, -0.00061105, -0.00049539, -0.00040008, -0.00032129, -0.00025646, -0.00020297, -0.00015885, -0.00012249, -0.00009258, -0.00006791, -0.00004756, -0.00003083, -0.00001716, -0.00000592, 0.00000308, 0.00001037, 0.00001621, 0.00002080, 0.00002436, 0.00002704, 0.00002898, 0.00003032, 0.00003117, 0.00003161, 0.00003180, 0.00003161, 0.00003118, 0.00003054, 0.00002977, 0.00002889
-0.80477944, -0.74514299, -0.60079524, -0.45093022, -0.33673215, -0.25885375, -0.20405912, -0.16198284, -0.12782951, -0.09995384, -0.07762065, -0.06003687, -0.04635330, -0.03573055, -0.02749549, -0.02111120, -0.01617747, -0.01237371, -0.00945178, -0.00721163, -0.00549658, -0.00418547, -0.00318332, -0.00241766, -0.00183440, -0.00139000, -0.00105056, -0.00079136, -0.00059434, -0.00044423, -0.00032933, -0.00024106, -0.00017354, -0.00012178, -0.00008191, -0.00005086, -0.00002693, -0.00000828, 0.00000624, 0.00001747, 0.00002609, 0.00003283, 0.00003814, 0.00004221, 0.00004518, 0.00004736, 0.00004871, 0.00004958, 0.00004999, 0.00004997, 0.00004957, 0.00004886, 0.00004788, 0.00004670, 0.00004535, 0.00004390, 0.00004246, 0.00004081, 0.00003906, 0.00003726, 0.00003545, 0.00003367
-0.63155542, -0.59260273, -0.49525430, -0.38807216, -0.30009802, -0.23558502, -0.18787774, -0.15045779, -0.11986393, -0.09471179, -0.07433672, -0.05808274, -0.04526599, -0.03520150, -0.02732013, -0.02115538, -0.01634838, -0.01260981, -0.00971155, -0.00747026, -0.00573935, -0.00440504, -0.00337685, -0.00258494, -0.00197678, -0.00150971, -0.00115019, -0.00087365, -0.00066181, -0.00049920, -0.00037391, -0.00027707, -0.00020252, -0.00014505, -0.00010054, -0.00006577, -0.00003885, -0.00001782, -0.00000142, 0.00001132, 0.00002113, 0.00002881, 0.00003486, 0.00003951, 0.00004295, 0.00004549, 0.00004714, 0.00004824, 0.00004884, 0.00004897, 0.00004870, 0.00004810, 0.00004722, 0.00004611, 0.00004484, 0.00004345, 0.00004206, 0.00004047, 0.00003877, 0.00003702, 0.00003525, 0.00003350
-0.05593973, -0.05545576, -0.05398453, -0.05167711, -0.04869440, -0.04524128, -0.04151177, -0.03767180, -0.03385193, -0.03015676, -0.02666463, -0.02341864, -0.02045076, -0.01776794, -0.01537104, -0.01324699, -0.01138018, -0.00974922, -0.00833234, -0.00710746, -0.00605224, -0.00514661, -0.00437120, -0.00370874, -0.00314412, -0.00266357, -0.00225459, -0.00190722, -0.00161247, -0.00136244, -0.00115030, -0.00097027, -0.00081761, -0.00068814, -0.00057828, -0.00048486, -0.00040572, -0.00033853, -0.00028148, -0.00023306, -0.00019198, -0.00015710, -0.00012746, -0.00010232, -0.00008104, -0.00006294, -0.00004775, -0.00003494, -0.00002416, -0.00001514, -0.00000762, -0.00000140, 0.00000372, 0.00000790, 0.00001128, 0.00001398, 0.00001618, 0.00001780, 0.00001898, 0.00001981, 0.00002033, 0.00002061
-0.04564808, -0.04529949, -0.04423379, -0.04254960, -0.04034612, -0.03776084, -0.03492862, -0.03196988, -0.02898395, -0.02605511, -0.02324993, -0.02060836, -0.01816271, -0.01592491, -0.01390207, -0.01208916, -0.01047817, -0.00905552, -0.00780676, -0.00671635, -0.00576791, -0.00494610, -0.00423592, -0.00362372, -0.00309732, -0.00264538, -0.00225748, -0.00192527, -0.00164107, -0.00139806, -0.00119022, -0.00101247, -0.00086057, -0.00073076, -0.00061978, -0.00052470, -0.00044356, -0.00037415, -0.00031478, -0.00026401, -0.00022062, -0.00018349, -0.00015172, -0.00012455, -0.00010136, -0.00008148, -0.00006464, -0.00005029, -0.00003811, -0.00002779, -0.00001909, -0.00001177, -0.00000565, -0.00000056, 0.00000365, 0.00000711, 0.00000999, 0.00001224, 0.00001400, 0.00001534, 0.00001634, 0.00001705
-0.15625955, -0.15338782, -0.14507467, -0.13308338, -0.11923816, -0.10501295, -0.09131034, -0.07858134, -0.06701638, -0.05669325, -0.04762721, -0.03976472, -0.03303455, -0.02732414, -0.02252131, -0.01850498, -0.01516651, -0.01240231, -0.01012280, -0.00824923, -0.00671322, -0.00545711, -0.00443127, -0.00359458, -0.00291362, -0.00235974, -0.00190885, -0.00154227, -0.00124474, -0.00100317, -0.00080677, -0.00064697, -0.00051714, -0.00041161, -0.00032575, -0.00025563, -0.00019868, -0.00015226, -0.00011445, -0.00008369, -0.00005873, -0.00003841, -0.00002186, -0.00000845, 0.00000233, 0.00001104, 0.00001784, 0.00002323, 0.00002741, 0.00003057, 0.00003287, 0.00003446, 0.00003545, 0.00003595, 0.00003607, 0.00003588, 0.00003551, 0.00003484, 0.00003396, 0.00003294, 0.00003183, 0.00003065
-0.03801879, -0.03775805, -0.03695725, -0.03568488, -0.03400497, -0.03201400, -0.02980857, -0.02747778, -0.02509755, -0.02273557, -0.02044746, -0.01826854, -0.01622915, -0.01434309, -0.01262055, -0.01106126, -0.00966206, -0.00841481, -0.00730974, -0.00633617, -0.00548199, -0.00473557, -0.00408521, -0.00352005, -0.00303026, -0.00260652, -0.00224010, -0.00192399, -0.00165157, -0.00141697, -0.00121494, -0.00104099, -0.00089133, -0.00076256, -0.00065176, -0.00055622, -0.00047415, -0.00040351, -0.00034269, -0.00029036, -0.00024533, -0.00020656, -0.00017316, -0.00014442, -0.00011972, -0.00009839, -0.00008019, -0.00006456, -0.00005118, -0.00003974, -0.00003000, -0.00002173, -0.00001472, -0.00000881, -0.00000385, 0.00000031, 0.00000383, 0.00000666, 0.00000895, 0.00001079, 0.00001224, 0.00001336
-0.11954608, -0.11811385, -0.11385640, -0.10733115, -0.09920714, -0.09017208, -0.08080991, -0.07155931, -0.06271709, -0.05447382, -0.04695647, -0.04020622, -0.03423356, -0.02900622, -0.02447732, -0.02058415, -0.01726038, -0.01443748, -0.01205152, -0.01004299, -0.00835751, -0.00694688, -0.00576846, -0.00478601, -0.00396844, -0.00328832, -0.00272235, -0.00225243, -0.00186245, -0.00153860, -0.00126947, -0.00104585, -0.00086018, -0.00070584, -0.00057746, -0.00047040, -0.00038147, -0.00030745, -0.00024585, -0.00019462, -0.00015200, -0.00011648, -0.00008695, -0.00006246, -0.00004225, -0.00002542, -0.00001169, -0.00000043, 0.00000871, 0.00001606, 0.00002189, 0.00002645, 0.00002993, 0.00003253, 0.00003440, 0.00003566, 0.00003647, 0.00003674, 0.00003664, 0.00003626, 0.00003565, 0.00003487
-0.05197052, -0.05159911, -0.05047412, -0.04868014, -0.04631874, -0.04352436, -0.04043507, -0.03717970, -0.03386755, -0.03058965, -0.02742623, -0.02442566, -0.02162749, -0.01905081, -0.01670641, -0.01459337, -0.01270477, -0.01102826, -0.00954885, -0.00825062, -0.00711614, -0.00612846, -0.00527099, -0.00452870, -0.00388770, -0.00333488, -0.00285832, -0.00244861, -0.00209660, -0.00179424, -0.00153454, -0.00131159, -0.00112026, -0.00095602, -0.00081500, -0.00069368, -0.00058967, -0.00050034, -0.00042362, -0.00035773, -0.00030113, -0.00025247, -0.00021067, -0.00017478, -0.00014401, -0.00011750, -0.00009490, -0.00007555, -0.00005904, -0.00004498, -0.00003304, -0.00002294, -0.00001442, -0.00000726, -0.00000128, 0.00000370, 0.00000788, 0.00001121, 0.00001389, 0.00001601, 0.00001765, 0.00001890
-0.10451771, -0.10337461, -0.09996198, -0.09468372, -0.08803204, -0.08053573, -0.07266471, -0.06478974, -0.05717517, -0.05000102, -0.04339437, -0.03740687, -0.03206224, -0.02734531, -0.02322507, -0.01965569, -0.01658555, -0.01395933, -0.01172401, -0.00982945, -0.00822912, -0.00688112, -0.00574788, -0.00479723, -0.00400133, -0.00333525, -0.00277770, -0.00231208, -0.00192340, -0.00159879, -0.00132752, -0.00110087, -0.00091161, -0.00075343, -0.00062114, -0.00051022, -0.00041759, -0.00034007, -0.00027520, -0.00022095, -0.00017556, -0.00013753, -0.00010572, -0.00007919, -0.00005713, -0.00003865, -0.00002344, -0.00001087, -0.00000055, 0.00000784, 0.00001461, 0.00002000, 0.00002423, 0.00002749, 0.00002994, 0.00003173, 0.00003301, 0.00003369, 0.00003396, 0.00003391, 0.00003360, 0.00003309
-72.30975680, -38.40673193, -8.47473941, -1.53875592, -0.61644415, -0.58569864, -0.52295585, -0.39108693, -0.25930346, -0.16814966, -0.11183576, -0.07853694, -0.05678695, -0.04069425, -0.02876569, -0.02036100, -0.01478087, -0.01050640, -0.00731418, -0.00510823, -0.00362668, -0.00294932, -0.00214476, -0.00126183, -0.00090243, -0.00087065, -0.00060881, -0.00034216, -0.00029572, -0.00014401, -0.00005270, -0.00016904, 0.00002223, -0.00001406, 0.00002205, 0.00007362, -0.00002802, 0.00007472, 0.00002170, 0.00010004, 0.00001009, 0.00006040, 0.00004384, 0.00011056, 0.00008877, 0.00008109, 0.00004407, 0.00010876, 0.00007200, 0.00009387, 0.00004060, 0.00006810, 0.00004948, 0.00009080, 0.00004412, 0.00007611, 0.00003575, 0.00007014, 0.00005353, 0.00006859, 0.00003542, 0.00004133
-0.74153448, -0.70161188, -0.59975334, -0.48285828, -0.38142438, -0.30264594, -0.24198538, -0.19367866, -0.15420051, -0.12183761, -0.09563944, -0.07471231, -0.05817751, -0.04518762, -0.03501894, -0.02707862, -0.02089634, -0.01609557, -0.01237975, -0.00950948, -0.00729690, -0.00559343, -0.00428252, -0.00327509, -0.00250256, -0.00190943, -0.00145304, -0.00110309, -0.00083515, -0.00062924, -0.00047043, -0.00034800, -0.00025384, -0.00018109, -0.00012468, -0.00008056, -0.00004633, -0.00001965, 0.00000111, 0.00001717, 0.00002967, 0.00003955, 0.00004720, 0.00005297, 0.00005713, 0.00006026, 0.00006234, 0.00006364, 0.00006424, 0.00006424, 0.00006372, 0.00006277, 0.00006148, 0.00005993, 0.00005820, 0.00005633, 0.00005438, 0.00005217, 0.00004988, 0.00004757, 0.00004528, 0.00004303
-16.76669687, -11.81650092, -4.79671344, -1.69926450, -0.81355776, -0.57729632, -0.45615176, -0.34426220, -0.24515683, -0.16969472, -0.11774453, -0.08317745, -0.05970353, -0.04308591, -0.03101644, -0.02223393, -0.01591758, -0.01140917, -0.00820417, -0.00591871, -0.00427919, -0.00310264, -0.00224492, -0.00161936, -0.00117402, -0.00085520, -0.00061719, -0.00044235, -0.00031773, -0.00022331, -0.00015288, -0.00010318, -0.00006088, -0.00003202, -0.00000837, 0.00001079, 0.00002332, 0.00003660, 0.00004462, 0.00005300, 0.00005687, 0.00006246, 0.00006579, 0.00006969, 0.00007093, 0.00007199, 0.00007188, 0.00007321, 0.00007215, 0.00007173, 0.00006951, 0.00006844, 0.00006622, 0.00006491, 0.00006186, 0.00006018, 0.00005709, 0.00005510, 0.00005212, 0.00004971, 0.00004651, 0.00004409
-4.12569386, -3.45097158, -2.13333880, -1.18574150, -0.71760110, -0.50304062, -0.38125914, -0.29064957, -0.21714416, -0.15940708, -0.11630095, -0.08501350, -0.06240869, -0.04591145, -0.03375159, -0.02475860, -0.01812931, -0.01326514, -0.00970907, -0.00711035, -0.00520938, -0.00381693, -0.00279510, -0.00204584, -0.00149800, -0.00109576, -0.00079856, -0.00057994, -0.00041941, -0.00030024, -0.00021084, -0.00014372, -0.00009350, -0.00005543, -0.00002620, -0.00000332, 0.00001438, 0.00002826, 0.00003906, 0.00004737, 0.00005388, 0.00005922, 0.00006337, 0.00006641, 0.00006839, 0.00006980, 0.00007055, 0.00007081, 0.00007055, 0.00006982, 0.00006867, 0.00006717, 0.00006537, 0.00006338, 0.00006125, 0.00005904, 0.00005674, 0.00005418, 0.00005156, 0.00004895, 0.00004638, 0.00004390
-0.14616218, -0.14414115, -0.13818092, -0.12919317, -0.11823873, -0.10633067, -0.09426221, -0.08257665, -0.07160726, -0.06154592, -0.05250533, -0.04449949, -0.03750831, -0.03146695, -0.02629590, -0.02190177, -0.01819157, -0.01507428, -0.01246691, -0.01029420, -0.00848858, -0.00699211, -0.00575369, -0.00473072, -0.00388732, -0.00319202, -0.00261852, -0.00214655, -0.00175833, -0.00143874, -0.00117539, -0.00095844, -0.00077983, -0.00063263, -0.00051121, -0.00041076, -0.00032802, -0.00025971, -0.00020335, -0.00015689, -0.00011856, -0.00008688, -0.00006077, -0.00003934, -0.00002184, -0.00000743, 0.00000418, 0.00001356, 0.00002104, 0.00002692, 0.00003145, 0.00003486, 0.00003733, 0.00003903, 0.00004011, 0.00004067, 0.00004087, 0.00004057, 0.00003998, 0.00003916, 0.00003817, 0.00003706
-1.08761075, -1.00245714, -0.79878153, -0.59135639, -0.43644489, -0.33242224, -0.25993917, -0.20469811, -0.16023269, -0.12426511, -0.09571629, -0.07344374, -0.05626180, -0.04303854, -0.03287100, -0.02505447, -0.01906113, -0.01447777, -0.01098378, -0.00832588, -0.00630627, -0.00477345, -0.00361001, -0.00272739, -0.00205972, -0.00155403, -0.00116984, -0.00087831, -0.00065799, -0.00049074, -0.00036308, -0.00026532, -0.00019083, -0.00013375, -0.00008974, -0.00005542, -0.00002887, -0.00000811, 0.00000809, 0.00002066, 0.00003038, 0.00003814, 0.00004428, 0.00004899, 0.00005243, 0.00005496, 0.00005666, 0.00005777, 0.00005831, 0.00005835, 0.00005794, 0.00005715, 0.00005604, 0.00005469, 0.00005316, 0.00005150, 0.00004983, 0.00004788, 0.00004583, 0.00004373, 0.00004163, 0.00003957
-0.25185412, -0.24603941, -0.22955175, -0.20659783, -0.18127885, -0.15644424, -0.13348763, -0.11286925, -0.09464239, -0.07874211, -0.06507154, -0.05345645, -0.04370798, -0.03559283, -0.02889075, -0.02338449, -0.01888351, -0.01521744, -0.01224261, -0.00983530, -0.00789190, -0.00632633, -0.00506643, -0.00405377, -0.00324156, -0.00259006, -0.00206690, -0.00164742, -0.00131167, -0.00104257, -0.00082655, -0.00065298, -0.00051379, -0.00040200, -0.00031207, -0.00023945, -0.00018108, -0.00013402, -0.00009609, -0.00006558, -0.00004108, -0.00002127, -0.00000530, 0.00000747, 0.00001758, 0.00002562, 0.00003182, 0.00003662, 0.00004023, 0.00004282, 0.00004457, 0.00004562, 0.00004608, 0.00004607, 0.00004570, 0.00004504, 0.00004423, 0.00004308, 0.00004175, 0.00004030, 0.00003877, 0.00003720
-0.79253703, -0.74359968, -0.62140668, -0.48682935, -0.37603551, -0.29435011, -0.23372713, -0.18625353, -0.14765574, -0.11611701, -0.09071272, -0.07054625, -0.05471861, -0.04235190, -0.03271575, -0.02521831, -0.01940159, -0.01490055, -0.01142822, -0.00875577, -0.00670172, -0.00512553, -0.00391619, -0.00298897, -0.00228002, -0.00173743, -0.00132116, -0.00100223, -0.00075872, -0.00057216, -0.00042862, -0.00031791, -0.00023286, -0.00016726, -0.00011641, -0.00007664, -0.00004575, -0.00002157, -0.00000266, 0.00001206, 0.00002346, 0.00003254, 0.00003970, 0.00004521, 0.00004930, 0.00005234, 0.00005444, 0.00005587, 0.00005667, 0.00005691, 0.00005668, 0.00005605, 0.00005507, 0.00005383, 0.00005241, 0.00005084, 0.00004925, 0.00004738, 0.00004540, 0.00004337, 0.00004134, 0.00003933
-0.31328912, -0.30453071, -0.28017896, -0.24749038, -0.21304157, -0.18075180, -0.15201661, -0.12692211, -0.10518124, -0.08651418, -0.07069387, -0.05743798, -0.04646020, -0.03743986, -0.03008054, -0.02410286, -0.01927031, -0.01537623, -0.01224896, -0.00974447, -0.00774290, -0.00614651, -0.00487446, -0.00386198, -0.00305786, -0.00241908, -0.00191103, -0.00150750, -0.00118768, -0.00093378, -0.00073182, -0.00057101, -0.00044326, -0.00034159, -0.00026051, -0.00019555, -0.00014380, -0.00010239, -0.00006930, -0.00004290, -0.00002190, -0.00000503, 0.00000847, 0.00001916, 0.00002750, 0.00003406, 0.00003901, 0.00004277, 0.00004549, 0.00004734, 0.00004845, 0.00004895, 0.00004895, 0.00004855, 0.00004784, 0.00004688, 0.00004581, 0.00004444, 0.00004291, 0.00004128, 0.00003959, 0.00003789
-3.03342301, -2.58880438, -1.68262841, -0.98540541, -0.61562365, -0.43640059, -0.33264766, -0.25569580, -0.19315355, -0.14353135, -0.10595106, -0.07827013, -0.05801373, -0.04306490, -0.03194468, -0.02364579, -0.01747314, -0.01289971, -0.00952441, -0.00703502, -0.00519778, -0.00384092, -0.00283739, -0.00209508, -0.00154785, -0.00114332, -0.00084263, -0.00061915, -0.00045396, -0.00033082, -0.00023815, -0.00016795, -0.00011515, -0.00007503, -0.00004419, -0.00002006, -0.00000134, 0.00001341, 0.00002500, 0.00003403, 0.00004102, 0.00004674, 0.00005134, 0.00005486, 0.00005738, 0.00005917, 0.00006030, 0.00006097, 0.00006116, 0.00006090, 0.00006023, 0.00005921, 0.00005789, 0.00005634, 0.00005463, 0.00005282, 0.00005100, 0.00004890, 0.00004669, 0.00004445, 0.00004222, 0.00004003
-20.18411485, -13.68362354, -5.03720867, -1.57715508, -0.70959881, -0.52195066, -0.42612236, -0.32386133, -0.22894861, -0.15687450, -0.10819472, -0.07644683, -0.05507930, -0.03988884, -0.02877366, -0.02064807, -0.01480723, -0.01063568, -0.00766905, -0.00555196, -0.00403009, -0.00294113, -0.00213876, -0.00154565, -0.00112731, -0.00083142, -0.00060552, -0.00043678, -0.00031878, -0.00022712, -0.00015909, -0.00011377, -0.00006976, -0.00004275, -0.00001930, 0.00000008, 0.00001048, 0.00002533, 0.00003241, 0.00004227, 0.00004457, 0.00005107, 0.00005429, 0.00005966, 0.00006091, 0.00006211, 0.00006165, 0.00006448, 0.00006319, 0.00006361, 0.00006093, 0.00006083, 0.00005876, 0.00005863, 0.00005521, 0.00005449, 0.00005121, 0.00005030, 0.00004747, 0.00004571, 0.00004229, 0.00004030
-0.16632820, -0.16361196, -0.15567535, -0.14399515, -0.13017226, -0.11560681, -0.10126507, -0.08771267, -0.07524386, -0.06400336, -0.05405283, -0.04536054, -0.03786909, -0.03147350, -0.02606274, -0.02151407, -0.01771352, -0.01455195, -0.01193281, -0.00977017, -0.00798927, -0.00652634, -0.00532628, -0.00434323, -0.00353961, -0.00288277, -0.00234556, -0.00190681, -0.00154897, -0.00125686, -0.00101812, -0.00082289, -0.00066346, -0.00053311, -0.00042643, -0.00033885, -0.00026724, -0.00020853, -0.00016043, -0.00012105, -0.00008885, -0.00006240, -0.00004073, -0.00002305, -0.00000873, 0.00000296, 0.00001227, 0.00001974, 0.00002562, 0.00003018, 0.00003363, 0.00003614, 0.00003787, 0.00003896, 0.00003955, 0.00003971, 0.00003961, 0.00003910, 0.00003833, 0.00003737, 0.00003628, 0.00003509
-0.14106435, -0.13903785, -0.13306189, -0.12411562, -0.11329131, -0.10161904, -0.08987707, -0.07857403, -0.06801064, -0.05835856, -0.04971086, -0.04207112, -0.03541536, -0.02967445, -0.02477017, -0.02060867, -0.01710016, -0.01415613, -0.01169674, -0.00964948, -0.00794990, -0.00654291, -0.00537976, -0.00441969, -0.00362891, -0.00297776, -0.00244129, -0.00199995, -0.00163733, -0.00133918, -0.00109377, -0.00089168, -0.00072546, -0.00058861, -0.00047583, -0.00038262, -0.00030589, -0.00024256, -0.00019031, -0.00014723, -0.00011176, -0.00008244, -0.00005824, -0.00003834, -0.00002207, -0.00000869, 0.00000211, 0.00001086, 0.00001787, 0.00002341, 0.00002771, 0.00003097, 0.00003336, 0.00003503, 0.00003611, 0.00003671, 0.00003700, 0.00003683, 0.00003636, 0.00003567, 0.00003482, 0.00003383
-0.40251763, -0.38846910, -0.35039911, -0.30165979, -0.25324408, -0.21042612, -0.17406196, -0.14330763, -0.11722487, -0.09519667, -0.07681107, -0.06163895, -0.04926245, -0.03923848, -0.03116851, -0.02469606, -0.01952682, -0.01540961, -0.01214172, -0.00955405, -0.00750932, -0.00589660, -0.00462554, -0.00362480, -0.00283873, -0.00222101, -0.00173488, -0.00135282, -0.00105333, -0.00081808, -0.00063283, -0.00048677, -0.00037192, -0.00028142, -0.00020992, -0.00015312, -0.00010826, -0.00007266, -0.00004444, -0.00002213, -0.00000454, 0.00000951, 0.00002066, 0.00002941, 0.00003613, 0.00004134, 0.00004517, 0.00004801, 0.00004996, 0.00005116, 0.00005173, 0.00005177, 0.00005137, 0.00005063, 0.00004963, 0.00004842, 0.00004715, 0.00004558, 0.00004387, 0.00004209, 0.00004028, 0.00003846
-2.32474592, -2.11908072, -1.64499044, -1.18563727, -0.85420116, -0.63330735, -0.47953316, -0.36462522, -0.27556705, -0.20650185, -0.15371737, -0.11401375, -0.08440362, -0.06240903, -0.04608428, -0.03397929, -0.02501905, -0.01840360, -0.01352926, -0.00994566, -0.00731305, -0.00537672, -0.00395635, -0.00291323, -0.00214419, -0.00157701, -0.00115966, -0.00085103, -0.00062070, -0.00044867, -0.00032008, -0.00022303, -0.00014911, -0.00009223, -0.00004810, -0.00001346, 0.00001303, 0.00003360, 0.00005020, 0.00006334, 0.00007345, 0.00008089, 0.00008644, 0.00009062, 0.00009344, 0.00009529, 0.00009581, 0.00009543, 0.00009428, 0.00009253, 0.00009032, 0.00008778, 0.00008481, 0.00008145, 0.00007789, 0.00007425, 0.00007078, 0.00006717, 0.00006354, 0.00005994, 0.00005645, 0.00005309
-1.62104497, -1.51128184, -1.24319369, -0.95609560, -0.72412018, -0.55369526, -0.42753252, -0.33042402, -0.25393713, -0.19366493, -0.14672548, -0.11067887, -0.08324637, -0.06248697, -0.04681957, -0.03502009, -0.02615353, -0.01950841, -0.01453836, -0.01082987, -0.00806602, -0.00600480, -0.00447189, -0.00333101, -0.00247946, -0.00184384, -0.00137032, -0.00101638, -0.00074993, -0.00054930, -0.00039815, -0.00028348, -0.00019587, -0.00012844, -0.00007620, -0.00003533, -0.00000406, 0.00002017, 0.00003953, 0.00005476, 0.00006647, 0.00007516, 0.00008168, 0.00008658, 0.00008998, 0.00009229, 0.00009319, 0.00009314, 0.00009227, 0.00009077, 0.00008876, 0.00008640, 0.00008361, 0.00008043, 0.00007704, 0.00007355, 0.00007020, 0.00006671, 0.00006319, 0.00005970, 0.00005630, 0.00005302
-0.36661265, -0.35914759, -0.33777308, -0.30690780, -0.27154078, -0.23548839, -0.20113362, -0.16970543, -0.14174478, -0.11735747, -0.09643274, -0.07874973, -0.06397518, -0.05175581, -0.04172651, -0.03354905, -0.02691413, -0.02155334, -0.01723555, -0.01376862, -0.01099042, -0.00876635, -0.00698998, -0.00557186, -0.00443903, -0.00353442, -0.00281267, -0.00223664, -0.00177584, -0.00140726, -0.00111245, -0.00087624, -0.00068666, -0.00053425, -0.00041155, -0.00031242, -0.00023301, -0.00016914, -0.00011746, -0.00007579, -0.00004236, -0.00001572, 0.00000551, 0.00002242, 0.00003572, 0.00004623, 0.00005399, 0.00005971, 0.00006371, 0.00006633, 0.00006784, 0.00006845, 0.00006827, 0.00006741, 0.00006606, 0.00006435, 0.00006254, 0.00006039, 0.00005807, 0.00005565, 0.00005318, 0.00005071
-2.05585305, -1.88941803, -1.49783135, -1.10487783, -0.80996185, -0.60670874, -0.46228482, -0.35336823, -0.26854530, -0.20242822, -0.15157590, -0.11305888, -0.08413572, -0.06252067, -0.04638692, -0.03436408, -0.02541986, -0.01878364, -0.01387029, -0.01023984, -0.00756050, -0.00558086, -0.00412227, -0.00304637, -0.00225014, -0.00166060, -0.00122511, -0.00090198, -0.00066021, -0.00047919, -0.00034358, -0.00024109, -0.00016298, -0.00010290, -0.00005633, -0.00001983, 0.00000807, 0.00002972, 0.00004712, 0.00006087, 0.00007143, 0.00007923, 0.00008505, 0.00008943, 0.00009242, 0.00009440, 0.00009503, 0.00009474, 0.00009368, 0.00009200, 0.00008984, 0.00008735, 0.00008444, 0.00008114, 0.00007763, 0.00007404, 0.00007060, 0.00006703, 0.00006343, 0.00005987, 0.00005641, 0.00005307
-0.14492698, -0.14334836, -0.13870338, -0.13141752, -0.12221171, -0.11177084, -0.10073485, -0.08963983, -0.07890264, -0.06879562, -0.05949218, -0.05109206, -0.04361599, -0.03704769, -0.03133545, -0.02641167, -0.02219697, -0.01861118, -0.01557434, -0.01301360, -0.01086120, -0.00905597, -0.00754596, -0.00628475, -0.00523179, -0.00435348, -0.00362134, -0.00301152, -0.00250300, -0.00207904, -0.00172559, -0.00143068, -0.00118444, -0.00097865, -0.00080654, -0.00066224, -0.00054185, -0.00044116, -0.00035674, -0.00028603, -0.00022689, -0.00017752, -0.00013629, -0.00010185, -0.00007319, -0.00004920, -0.00002959, -0.00001348, -0.00000033, 0.00001032, 0.00001886, 0.00002565, 0.00003092, 0.00003489, 0.00003781, 0.00003986, 0.00004134, 0.00004209, 0.00004234, 0.00004218, 0.00004170, 0.00004097
-0.67732070, -0.65478580, -0.59329322, -0.51275853, -0.43055577, -0.35581452, -0.29117937, -0.23634734, -0.19032516, -0.15208938, -0.12070135, -0.09526503, -0.07485290, -0.05861352, -0.04576748, -0.03565551, -0.02772479, -0.02152522, -0.01669127, -0.01293124, -0.01001200, -0.00774609, -0.00599164, -0.00463334, -0.00358028, -0.00276409, -0.00213236, -0.00164277, -0.00126199, -0.00096590, -0.00073569, -0.00055613, -0.00041569, -0.00030549, -0.00021880, -0.00015025, -0.00009673, -0.00005469, -0.00002124, 0.00000519, 0.00002584, 0.00004175, 0.00005403, 0.00006350, 0.00007057, 0.00007587, 0.00007923, 0.00008122, 0.00008207, 0.00008201, 0.00008124, 0.00007991, 0.00007805, 0.00007572, 0.00007308, 0.00007026, 0.00006749, 0.00006451, 0.00006146, 0.00005839, 0.00005536, 0.00005241
-0.08941262, -0.08867139, -0.08648999, -0.08298704, -0.07844281, -0.07312182, -0.06729874, -0.06123328, -0.05515426, -0.04923155, -0.04359494, -0.03833856, -0.03351159, -0.02914009, -0.02522567, -0.02175447, -0.01870044, -0.01603186, -0.01371293, -0.01170839, -0.00998215, -0.00849991, -0.00723124, -0.00614763, -0.00522311, -0.00443535, -0.00376472, -0.00319468, -0.00270979, -0.00229757, -0.00194716, -0.00164919, -0.00139572, -0.00117998, -0.00099627, -0.00083947, -0.00070623, -0.00059274, -0.00049593, -0.00041337, -0.00034302, -0.00028312, -0.00023210, -0.00018864, -0.00015168, -0.00012008, -0.00009350, -0.00007102, -0.00005208, -0.00003615, -0.00002283, -0.00001171, -0.00000252, 0.00000502, 0.00001117, 0.00001614, 0.00002023, 0.00002334, 0.00002572, 0.00002748, 0.00002872, 0.00002953
