0.01000000, 0.01500000, 0.02000000, 0.02500000, 0.03000000, 0.03500000, 0.04000000, 0.04500000, 0.05000000, 0.05500000, 0.06000000, 0.06500000, 0.07000000, 0.07500000, 0.08000000, 0.08500000, 0.09000000, 0.09500000, 0.10000000, 0.12000000, 0.14000000, 0.16000000, 0.18000000, 0.20000000, 0.22000000, 0.24000000, 0.26000000, 0.28000000, 0.30000000, 0.32000000, 0.34000000, 0.36000000, 0.38000000, 0.40000000, 0.42000000, 0.44000000, 0.46000000, 0.48000000, 0.50000000, 0.52000000, 0.54000000, 0.56000000, 0.58000000, 0.60000000, 0.62000000, 0.64000000, 0.66000000, 0.68000000, 0.70000000, 0.72000000, 0.74000000, 0.76000000, 0.78000000, 0.80000000, 0.82000000, 0.84000000, 0.86000000, 0.88000000, 0.90000000, 0.92000000, 0.94000000, 0.96000000, 0.98000000, 1.00000000
0.00001117, 0.00001629, 0.00003136, 0.00006015, 0.00009984, 0.00015539, 0.00021834, 0.00028955, 0.00037330, 0.00047041, 0.00057898, 0.00069715, 0.00082449, 0.00096186, 0.00111067, 0.00127226, 0.00144752, 0.00163689, 0.00184049, 0.00279674, 0.00399041, 0.00544490, 0.00716138, 0.00910562, 0.01121675, 0.01341501, 0.01560382, 0.01767163, 0.01949832, 0.02096655, 0.02197558, 0.02245391, 0.02236807, 0.02172611, 0.02057567, 0.01899750, 0.01709593, 0.01498785, 0.01279169, 0.01061764, 0.00855994, 0.00669165, 0.00506212, 0.00369684, 0.00259944, 0.00175531, 0.00113615, 0.00070507, 0.00042158, 0.00024599, 0.00014303, 0.00008421, 0.00004908, 0.00002513, 0.00000668, -0.00000707, -0.00001458, -0.00001441, -0.00000729, 0.00000286, 0.00000976, 0.00000782, -0.00000157, 0.00000000
0.00002202, 0.00006410, 0.00012932, 0.00021565, 0.00032665, 0.00045791, 0.00060772, 0.00077915, 0.00097278, 0.00118691, 0.00142007, 0.00167194, 0.00194304, 0.00223392, 0.00254475, 0.00287520, 0.00322451, 0.00359173, 0.00397581, 0.00566089, 0.00753520, 0.00951494, 0.01149034, 0.01334328, 0.01496405, 0.01625985, 0.01715929, 0.01761635, 0.01761398, 0.01716570, 0.01631400, 0.01512552, 0.01368362, 0.01207979, 0.01040503, 0.00874258, 0.00716234, 0.00571754, 0.00444361, 0.00335871, 0.00246589, 0.00175595, 0.00121090, 0.00080737, 0.00051973, 0.00032265, 0.00019301, 0.00011118, 0.00006152, 0.00003241, 0.00001583, 0.00000668, 0.00000195, -0.00000006, -0.00000035, 0.00000028, 0.00000110, 0.00000147, 0.00000103, -0.00000006, -0.00000109, -0.00000109, 0.00000014, 0.00000000
0.00002704, 0.00003046, 0.00004049, 0.00005542, 0.00007916, 0.00010777, 0.00014062, 0.00018029, 0.00022700, 0.00027944, 0.00033672, 0.00039903, 0.00046716, 0.00054191, 0.00062381, 0.00071298, 0.00080934, 0.00091268, 0.00102284, 0.00153094, 0.00214845, 0.00286515, 0.00364937, 0.00445677, 0.00523874, 0.00594578, 0.00653021, 0.00695039, 0.00717608, 0.00719275, 0.00700356, 0.00662851, 0.00610111, 0.00546358, 0.00476155, 0.00403916, 0.00333515, 0.00268025, 0.00209599, 0.00159459, 0.00117995, 0.00084917, 0.00059441, 0.00040485, 0.00026843, 0.00017326, 0.00010865, 0.00006576, 0.00003775, 0.00001977, 0.00000858, 0.00000212, -0.00000093, -0.00000156, -0.00000066, 0.00000081, 0.00000197, 0.00000217, 0.00000122, -0.00000039, -0.00000163, -0.00000141, 0.00000024, 0.00000000
0.00003284, 0.00005527, 0.00009773, 0.00015692, 0.00023857, 0.00033636, 0.00044900, 0.00058071, 0.00073210, 0.00090107, 0.00108611, 0.00128737, 0.00150595, 0.00174303, 0.00199921, 0.00227452, 0.00256850, 0.00288049, 0.00320978, 0.00468826, 0.00639633, 0.00827033, 0.01020943, 0.01209533, 0.01381087, 0.01524946, 0.01632134, 0.01696045, 0.01713131, 0.01683323, 0.01610021, 0.01499620, 0.01360682, 0.01202923, 0.01036193, 0.00869580, 0.00710751, 0.00565539, 0.00437800, 0.00329481, 0.00240859, 0.00170888, 0.00117588, 0.00078436, 0.00050714, 0.00031787, 0.00019308, 0.00011334, 0.00006365, 0.00003329, 0.00001516, 0.00000488, -0.00000014, -0.00000154, -0.00000063, 0.00000128, 0.00000290, 0.00000324, 0.00000192, -0.00000045, -0.00000236, -0.00000211, 0.00000034, 0.00000000
0.00004483, 0.00006618, 0.00012242, 0.00020454, 0.00033333, 0.00049492, 0.00067302, 0.00088504, 0.00113943, 0.00142934, 0.00174625, 0.00208802, 0.00245833, 0.00286287, 0.00330629, 0.00379087, 0.00431675, 0.00488285, 0.00548774, 0.00828408, 0.01171091, 0.01577858, 0.02037258, 0.02528359, 0.03026539, 0.03505637, 0.03938324, 0.04297287, 0.04557901, 0.04701527, 0.04718261, 0.04608329, 0.04381873, 0.04057335, 0.03658917, 0.03213649, 0.02748554, 0.02288255, 0.01853236, 0.01458830, 0.01114894, 0.00826065, 0.00592452, 0.00410596, 0.00274550, 0.00176954, 0.00109981, 0.00066115, 0.00038706, 0.00022297, 0.00012749, 0.00007184, 0.00003805, 0.00001640, 0.00000255, -0.00000505, -0.00000721, -0.00000526, -0.00000134, 0.00000203, 0.00000300, 0.00000144, -0.00000063, 0.00000000
-0.00007650, -0.00006042, -0.00002380, 0.00002314, 0.00009589, 0.00017844, 0.00027297, 0.00038939, 0.00052718, 0.00068126, 0.00084946, 0.00103350, 0.00123676, 0.00146214, 0.00171112, 0.00198392, 0.00228008, 0.00259905, 0.00294052, 0.00453836, 0.00653072, 0.00889395, 0.01152296, 0.01426562, 0.01694709, 0.01937955, 0.02137562, 0.02277111, 0.02345026, 0.02336430, 0.02253764, 0.02106130, 0.01907643, 0.01675268, 0.01426590, 0.01177880, 0.00942668, 0.00730920, 0.00548775, 0.00398771, 0.00280410, 0.00190924, 0.00126103, 0.00081085, 0.00051020, 0.00031555, 0.00019145, 0.00011163, 0.00005874, 0.00002282, -0.00000083, -0.00001398, -0.00001757, -0.00001319, -0.00000380, 0.00000649, 0.00001337, 0.00001379, 0.00000742, -0.00000248, -0.00000970, -0.00000813, 0.00000149, 0.00000000
0.00003435, 0.00004848, 0.00007134, 0.00010426, 0.00015035, 0.00021167, 0.00027629, 0.00034928, 0.00043682, 0.00053795, 0.00064867, 0.00076657, 0.00089203, 0.00102713, 0.00117422, 0.00133497, 0.00151013, 0.00169969, 0.00190329, 0.00285426, 0.00404622, 0.00552489, 0.00729850, 0.00933040, 0.01155852, 0.01390304, 0.01626255, 0.01851218, 0.02051097, 0.02211809, 0.02321230, 0.02370921, 0.02357231, 0.02281631, 0.02150317, 0.01973257, 0.01762903, 0.01532798, 0.01296257, 0.01065272, 0.00849703, 0.00656814, 0.00491106, 0.00354445, 0.00246391, 0.00164681, 0.00105791, 0.00065501, 0.00039427, 0.00023456, 0.00014076, 0.00008571, 0.00005079, 0.00002543, 0.00000547, -0.00000901, -0.00001628, -0.00001525, -0.00000729, 0.00000321, 0.00000990, 0.00000764, -0.00000164, 0.00000000
-0.00001802, -0.00001553, 0.00000533, 0.00004265, 0.00010284, 0.00018319, 0.00027363, 0.00038125, 0.00051142, 0.00066205, 0.00082910, 0.00101088, 0.00120859, 0.00142478, 0.00166185, 0.00192131, 0.00220364, 0.00250864, 0.00283580, 0.00436105, 0.00624527, 0.00849822, 0.01107146, 0.01386422, 0.01675013, 0.01958978, 0.02223363, 0.02452748, 0.02632517, 0.02750581, 0.02798986, 0.02774958, 0.02681184, 0.02525318, 0.02318920, 0.02076041, 0.01811717, 0.01540574, 0.01275685, 0.01027755, 0.00804664, 0.00611346, 0.00449945, 0.00320186, 0.00219881, 0.00145502, 0.00092754, 0.00057095, 0.00034172, 0.00020139, 0.00011862, 0.00007003, 0.00003996, 0.00001946, 0.00000462, -0.00000530, -0.00000987, -0.00000898, -0.00000395, 0.00000226, 0.00000591, 0.00000430, -0.00000102, 0.00000000
-0.00005217, -0.00004211, -0.00001459, 0.00002594, 0.00008874, 0.00016919, 0.00025689, 0.00036089, 0.00048693, 0.00063201, 0.00079139, 0.00096343, 0.00114976, 0.00135342, 0.00157706, 0.00182216, 0.00208900, 0.00237711, 0.00268578, 0.00411991, 0.00589112, 0.00801740, 0.01045275, 0.01309723, 0.01582742, 0.01850828, 0.02099407, 0.02313301, 0.02478088, 0.02581953, 0.02617405, 0.02582335, 0.02480222, 0.02319513, 0.02112409, 0.01873334, 0.01617349, 0.01358740, 0.01109905, 0.00880623, 0.00677701, 0.00504964, 0.00363525, 0.00252239, 0.00168274, 0.00107714, 0.00066127, 0.00039063, 0.00022434, 0.00012778, 0.00007393, 0.00004365, 0.00002493, 0.00001158, 0.00000146, -0.00000534, -0.00000813, -0.00000685, -0.00000270, 0.00000195, 0.00000438, 0.00000297, -0.00000079, 0.00000000
-0.00007298, -0.00008824, -0.00010470, -0.00011039, -0.00012243, -0.00012022, -0.00011533, -0.00011465, -0.00011128, -0.00009863, -0.00007629, -0.00004745, -0.00001513, 0.00001972, 0.00005818, 0.00010245, 0.00015483, 0.00021712, 0.00029040, 0.00069700, 0.00128771, 0.00210513, 0.00321291, 0.00464905, 0.00641783, 0.00849843, 0.01084629, 0.01338584, 0.01600442, 0.01855507, 0.02086985, 0.02278034, 0.02414020, 0.02484447, 0.02484232, 0.02414152, 0.02280506, 0.02094133, 0.01868994, 0.01620571, 0.01364295, 0.01114167, 0.00881723, 0.00675371, 0.00500148, 0.00357836, 0.00247390, 0.00165587, 0.00107782, 0.00068705, 0.00043171, 0.00026656, 0.00015681, 0.00007956, 0.00002318, -0.00001550, -0.00003520, -0.00003490, -0.00001789, 0.00000610, 0.00002236, 0.00001802, -0.00000374, 0.00000000
-0.00045998, 0.00047692, 0.00175656, 0.00334929, 0.00520097, 0.00728825, 0.00958947, 0.01206667, 0.01468991, 0.01743858, 0.02029309, 0.02323087, 0.02622726, 0.02925781, 0.03229992, 0.03533338, 0.03834007, 0.04130340, 0.04420773, 0.05494317, 0.06365051, 0.06973106, 0.07291170, 0.07321135, 0.07087777, 0.06633008, 0.06010256, 0.05278365, 0.04495438, 0.03713489, 0.02974623, 0.02309082, 0.01735038, 0.01259752, 0.00881620, 0.00592612, 0.00380713, 0.00232086, 0.00132798, 0.00070047, 0.00032907, 0.00012652, 0.00002761, -0.00001306, -0.00002460, -0.00002385, -0.00001928, -0.00001425, -0.00000961, -0.00000536, -0.00000153, 0.00000151, 0.00000324, 0.00000329, 0.00000176, -0.00000068, -0.00000288, -0.00000371, -0.00000258, 0.00000002, 0.00000241, 0.00000245, -0.00000026, 0.00000000
-0.00002965, 0.00000514, 0.00007993, 0.00018815, 0.00034259, 0.00053240, 0.00074981, 0.00100576, 0.00130451, 0.00164161, 0.00201232, 0.00241583, 0.00285456, 0.00333176, 0.00384977, 0.00440943, 0.00501023, 0.00565094, 0.00633007, 0.00940851, 0.01302762, 0.01709446, 0.02142628, 0.02578512, 0.02992273, 0.03360222, 0.03660824, 0.03875966, 0.03992637, 0.04004493, 0.03912726, 0.03725903, 0.03458847, 0.03130805, 0.02763275, 0.02377858, 0.01994410, 0.01629653, 0.01296342, 0.01002948, 0.00753812, 0.00549628, 0.00388165, 0.00265091, 0.00174802, 0.00111176, 0.00068195, 0.00040403, 0.00023198, 0.00012960, 0.00007042, 0.00003660, 0.00001723, 0.00000626, 0.00000060, -0.00000144, -0.00000117, 0.00000004, 0.00000090, 0.00000069, -0.00000033, -0.00000092, -0.00000005, 0.00000000
-0.00003364, -0.00008039, -0.00013423, -0.00019632, -0.00026696, -0.00034625, -0.00043495, -0.00053225, -0.00063761, -0.00075115, -0.00087303, -0.00100315, -0.00114113, -0.00128655, -0.00143902, -0.00159831, -0.00176425, -0.00193671, -0.00211556, -0.00288977, -0.00373918, -0.00463369, -0.00554352, -0.00643968, -0.00729285, -0.00807399, -0.00875620, -0.00931638, -0.00973631, -0.01000318, -0.01010985, -0.01005490, -0.00984269, -0.00948322, -0.00899171, -0.00838797, -0.00769541, -0.00693984, -0.00614810, -0.00534662, -0.00456007, -0.00381023, -0.00311502, -0.00248791, -0.00193767, -0.00146843, -0.00107998, -0.00076845, -0.00052702, -0.00034682, -0.00021783, -0.00012977, -0.00007279, -0.00003813, -0.00001847, -0.00000815, -0.00000317, -0.00000096, -0.00000010, 0.00000011, 0.00000003, -0.00000008, -0.00000003, 0.00000000
-0.00001794, -0.00001176, 0.00001590, 0.00005639, 0.00012565, 0.00021085, 0.00030570, 0.00042203, 0.00056336, 0.00072450, 0.00090067, 0.00109157, 0.00130013, 0.00152999, 0.00178371, 0.00206226, 0.00236540, 0.00269226, 0.00304196, 0.00466476, 0.00666521, 0.00904034, 0.01170554, 0.01452241, 0.01733388, 0.01997588, 0.02228109, 0.02408965, 0.02526790, 0.02572815, 0.02544239, 0.02444587, 0.02283055, 0.02073089, 0.01830551, 0.01571842, 0.01312254, 0.01064721, 0.00839067, 0.00641719, 0.00475824, 0.00341677, 0.00237339, 0.00159328, 0.00103316, 0.00064724, 0.00039210, 0.00022991, 0.00013024, 0.00007047, 0.00003518, 0.00001476, 0.00000371, -0.00000102, -0.00000146, 0.00000053, 0.00000299, 0.00000411, 0.00000287, -0.00000025, -0.00000318, -0.00000314, 0.00000042, 0.00000000
0.00255026, 0.00259725, 0.00264450, 0.00272420, 0.00286761, 0.00305019, 0.00326104, 0.00350622, 0.00378058, 0.00407223, 0.00437303, 0.00468117, 0.00499853, 0.00532753, 0.00566939, 0.00602389, 0.00638995, 0.00676628, 0.00715197, 0.00879071, 0.01062676, 0.01270312, 0.01502030, 0.01757455, 0.02037867, 0.02345003, 0.02679086, 0.03037698, 0.03415648, 0.03805346, 0.04197225, 0.04580048, 0.04941155, 0.05266782, 0.05542591, 0.05754459, 0.05889471, 0.05937034, 0.05889945, 0.05745280, 0.05504973, 0.05175994, 0.04770104, 0.04303184, 0.03794209, 0.03263953, 0.02733539, 0.02222977, 0.01749797, 0.01327921, 0.00966851, 0.00671253, 0.00440986, 0.00271557, 0.00154980, 0.00080964, 0.00038295, 0.00016277, 0.00006024, 0.00001384, -0.00000769, -0.00001149, 0.00000097, 0.00000000
0.00000941, 0.00002707, 0.00006880, 0.00012655, 0.00021351, 0.00031526, 0.00043339, 0.00057621, 0.00074326, 0.00093031, 0.00113554, 0.00136046, 0.00160801, 0.00188071, 0.00217990, 0.00250585, 0.00285820, 0.00323643, 0.00364019, 0.00551171, 0.00779479, 0.01043547, 0.01330373, 0.01622754, 0.01901897, 0.02148734, 0.02345360, 0.02477036, 0.02534220, 0.02513915, 0.02419944, 0.02262134, 0.02054707, 0.01814274, 0.01557823, 0.01300991, 0.01056809, 0.00834975, 0.00641633, 0.00479573, 0.00348733, 0.00246880, 0.00170353, 0.00114767, 0.00075619, 0.00048750, 0.00030632, 0.00018515, 0.00010425, 0.00005064, 0.00001644, -0.00000294, -0.00001063, -0.00000956, -0.00000313, 0.00000470, 0.00001015, 0.00001059, 0.00000567, -0.00000207, -0.00000773, -0.00000646, 0.00000119, 0.00000000
0.00001339, 0.00001416, 0.00001885, 0.00002710, 0.00004057, 0.00005770, 0.00007740, 0.00010099, 0.00012895, 0.00016063, 0.00019538, 0.00023310, 0.00027413, 0.00031889, 0.00036773, 0.00042077, 0.00047796, 0.00053919, 0.00060430, 0.00090205, 0.00125888, 0.00166974, 0.00211852, 0.00258174, 0.00303371, 0.00344867, 0.00380167, 0.00407007, 0.00423589, 0.00428818, 0.00422468, 0.00405205, 0.00378486, 0.00344364, 0.00305225, 0.00263534, 0.00221597, 0.00181390, 0.00144445, 0.00111801, 0.00084014, 0.00061212, 0.00043176, 0.00029436, 0.00019366, 0.00012281, 0.00007502, 0.00004416, 0.00002507, 0.00001370, 0.00000715, 0.00000344, 0.00000138, 0.00000031, -0.00000014, -0.00000019, -0.00000004, 0.00000014, 0.00000018, 0.00000005, -0.00000015, -0.00000020, 0.00000001, 0.00000000
0.00006089, 0.00007718, 0.00009170, 0.00010200, 0.00011240, 0.00012389, 0.00013418, 0.00014285, 0.00015125, 0.00016063, 0.00017112, 0.00018209, 0.00019274, 0.00020263, 0.00021177, 0.00022059, 0.00022969, 0.00023971, 0.00025117, 0.00031608, 0.00041217, 0.00054394, 0.00072960, 0.00099065, 0.00134194, 0.00179094, 0.00234118, 0.00299446, 0.00374985, 0.00460042, 0.00552982, 0.00651018, 0.00750234, 0.00845835, 0.00932571, 0.01005254, 0.01059286, 0.01091108, 0.01098539, 0.01080960, 0.01039337, 0.00976105, 0.00894919, 0.00800325, 0.00697375, 0.00591225, 0.00486758, 0.00388257, 0.00299143, 0.00221815, 0.00157575, 0.00106658, 0.00068346, 0.00041165, 0.00023132, 0.00012039, 0.00005733, 0.00002370, 0.00000602, -0.00000344, -0.00000725, -0.00000525, 0.00000081, 0.00000000
0.00004876, 0.00002503, -0.00000317, -0.00004448, -0.00008232, -0.00011400, -0.00015883, -0.00021060, -0.00025730, -0.00029656, -0.00033300, -0.00037137, -0.00041315, -0.00045666, -0.00049860, -0.00053569, -0.00056547, -0.00058662, -0.00059867, -0.00055672, -0.00034616, 0.00011731, 0.00092061, 0.00211845, 0.00374340, 0.00581261, 0.00831511, 0.01119191, 0.01432478, 0.01754085, 0.02063190, 0.02338189, 0.02559550, 0.02712185, 0.02786992, 0.02781453, 0.02699361, 0.02549854, 0.02346010, 0.02103227, 0.01837624, 0.01564614, 0.01297774, 0.01048061, 0.00823407, 0.00628641, 0.00465712, 0.00334121, 0.00231494, 0.00154215, 0.00098044, 0.00058658, 0.00032074, 0.00014921, 0.00004552, -0.00000990, -0.00003124, -0.00002945, -0.00001446, 0.00000344, 0.00001406, 0.00001054, -0.00000324, 0.00000000
0.00004943, 0.00004689, 0.00005059, 0.00007434, 0.00010126, 0.00014592, 0.00020597, 0.00027193, 0.00034477, 0.00042985, 0.00052968, 0.00064308, 0.00076743, 0.00090082, 0.00104285, 0.00119449, 0.00135740, 0.00153337, 0.00172384, 0.00264337, 0.00381816, 0.00526070, 0.00700126, 0.00905197, 0.01138690, 0.01394551, 0.01664149, 0.01936837, 0.02200276, 0.02440953, 0.02645103, 0.02799987, 0.02895281, 0.02924277, 0.02884683, 0.02778886, 0.02613661, 0.02399421, 0.02149126, 0.01877026, 0.01597389, 0.01323366, 0.01066079, 0.00834005, 0.00632677, 0.00464694, 0.00329991, 0.00226320, 0.00149853, 0.00095851, 0.00059300, 0.00035467, 0.00020317, 0.00010758, 0.00004703, 0.00000952, -0.00001056, -0.00001583, -0.00000933, 0.00000310, 0.00001258, 0.00001066, -0.00000199, 0.00000000
-0.00011237, -0.00013899, -0.00014190, -0.00012312, -0.00009413, -0.00005384, 0.00000119, 0.00006568, 0.00013758, 0.00021931, 0.00031351, 0.00042101, 0.00054113, 0.00067275, 0.00081520, 0.00096851, 0.00113326, 0.00131033, 0.00150056, 0.00240231, 0.00352649, 0.00485796, 0.00638713, 0.00809751, 0.00995137, 0.01188958, 0.01383905, 0.01572039, 0.01745299, 0.01895878, 0.02016579, 0.02101257, 0.02145293, 0.02146041, 0.02103137, 0.02018613, 0.01896785, 0.01743917, 0.01567720, 0.01376739, 0.01179702, 0.00984897, 0.00799633, 0.00629837, 0.00479793, 0.00352049, 0.00247462, 0.00165389, 0.00103961, 0.00060433, 0.00031553, 0.00013920, 0.00004308, -0.00000091, -0.00001505, -0.00001513, -0.00001081, -0.00000663, -0.00000371, -0.00000163, 0.00000002, 0.00000078, 0.00000006, 0.00000000
0.00014568, 0.00015453, 0.00015974, 0.00016600, 0.00017301, 0.00018042, 0.00019286, 0.00020783, 0.00022262, 0.00023755, 0.00025411, 0.00027314, 0.00029440, 0.00031709, 0.00034042, 0.00036398, 0.00038780, 0.00041224, 0.00043779, 0.00055929, 0.00071653, 0.00090662, 0.00113578, 0.00141824, 0.00176550, 0.00218250, 0.00267023, 0.00322893, 0.00385837, 0.00455533, 0.00530997, 0.00610304, 0.00690505, 0.00767776, 0.00837767, 0.00896055, 0.00938637, 0.00962367, 0.00965290, 0.00946827, 0.00907817, 0.00850409, 0.00777840, 0.00694127, 0.00603715, 0.00511104, 0.00420514, 0.00335589, 0.00259178, 0.00193205, 0.00138621, 0.00095455, 0.00062938, 0.00039690, 0.00023953, 0.00013845, 0.00007602, 0.00003778, 0.00001384, -0.00000082, -0.00000733, -0.00000558, 0.00000126, 0.00000000
-0.00013025, -0.00015310, -0.00016702, -0.00018150, -0.00018265, -0.00018010, -0.00017855, -0.00016806, -0.00014523, -0.00011382, -0.00007756, -0.00003682, 0.00001065, 0.00006771, 0.00013642, 0.00021767, 0.00031138, 0.00041701, 0.00053401, 0.00111687, 0.00191730, 0.00297158, 0.00426399, 0.00574230, 0.00733959, 0.00897693, 0.01055977, 0.01198116, 0.01313424, 0.01392871, 0.01430534, 0.01424417, 0.01376537, 0.01292362, 0.01179830, 0.01048178, 0.00906818, 0.00764389, 0.00628087, 0.00503289, 0.00393446, 0.00300211, 0.00223706, 0.00162897, 0.00115982, 0.00080766, 0.00054971, 0.00036468, 0.00023428, 0.00014384, 0.00008234, 0.00004183, 0.00001673, 0.00000295, -0.00000281, -0.00000349, -0.00000181, -0.00000002, 0.00000045, -0.00000058, -0.00000200, -0.00000197, 0.00000012, 0.00000000
0.00019044, 0.00020033, 0.00022679, 0.00027500, 0.00034075, 0.00041755, 0.00051982, 0.00064012, 0.00076948, 0.00090827, 0.00106106, 0.00123079, 0.00141721, 0.00161817, 0.00183142, 0.00205570, 0.00229100, 0.00253829, 0.00279904, 0.00400261, 0.00548548, 0.00724592, 0.00929813, 0.01166916, 0.01436731, 0.01736725, 0.02061328, 0.02402757, 0.02751529, 0.03096616, 0.03425542, 0.03724712, 0.03980122, 0.04178389, 0.04307940, 0.04360166, 0.04330339, 0.04218168, 0.04027939, 0.03768211, 0.03451154, 0.03091592, 0.02705882, 0.02310720, 0.01922003, 0.01553829, 0.01217704, 0.00922005, 0.00671727, 0.00468506, 0.00310898, 0.00194885, 0.00114536, 0.00062785, 0.00032229, 0.00015901, 0.00007915, 0.00003938, 0.00001404, -0.00000581, -0.00001704, -0.00001309, 0.00000283, 0.00000000
0.00017877, 0.00031510, 0.00050643, 0.00076302, 0.00108633, 0.00147688, 0.00192760, 0.00243840, 0.00301040, 0.00364186, 0.00432942, 0.00507015, 0.00586219, 0.00670448, 0.00759616, 0.00853608, 0.00952268, 0.01055389, 0.01162732, 0.01628827, 0.02139476, 0.02673837, 0.03208394, 0.03718420, 0.04180296, 0.04573252, 0.04880403, 0.05089408, 0.05192974, 0.05189178, 0.05081494, 0.04878446, 0.04592875, 0.04240882, 0.03840574, 0.03410763, 0.02969719, 0.02534108, 0.02118177, 0.01733215, 0.01387291, 0.01085267, 0.00829014, 0.00617809, 0.00448839, 0.00317769, 0.00219311, 0.00147766, 0.00097491, 0.00063275, 0.00040608, 0.00025835, 0.00016205, 0.00009818, 0.00005496, 0.00002605, 0.00000838, 0.00000021, -0.00000058, 0.00000266, 0.00000554, 0.00000428, -0.00000086, 0.00000000
-0.00071949, -0.00078187, -0.00080231, -0.00082057, -0.00082345, -0.00085910, -0.00087207, -0.00086381, -0.00086191, -0.00087260, -0.00088332, -0.00088017, -0.00085736, -0.00081703, -0.00076504, -0.00070694, -0.00064576, -0.00058158, -0.00051225, -0.00012037, 0.00052951, 0.00141525, 0.00253137, 0.00395346, 0.00577608, 0.00805794, 0.01081565, 0.01404153, 0.01771628, 0.02180518, 0.02624257, 0.03091477, 0.03565108, 0.04022741, 0.04438279, 0.04784538, 0.05036294, 0.05173232, 0.05182360, 0.05059562, 0.04810140, 0.04448339, 0.03995957, 0.03480271, 0.02931508, 0.02380165, 0.01854431, 0.01377967, 0.00968224, 0.00635441, 0.00382394, 0.00204893, 0.00092967, 0.00032618, 0.00007948, 0.00003450, 0.00006165, 0.00007413, 0.00003760, -0.00003144, -0.00008213, -0.00006445, 0.00001316, 0.00000000
0.00045501, 0.00041486, 0.00035267, 0.00029470, 0.00025037, 0.00022117, 0.00020473, 0.00020036, 0.00020695, 0.00022247, 0.00024493, 0.00027303, 0.00030617, 0.00034419, 0.00038713, 0.00043504, 0.00048792, 0.00054578, 0.00060861, 0.00091051, 0.00129844, 0.00177718, 0.00234444, 0.00299309, 0.00371442, 0.00449863, 0.00533360, 0.00620377, 0.00708987, 0.00796947, 0.00881804, 0.00961010, 0.01032041, 0.01092506, 0.01140250, 0.01173455, 0.01190729, 0.01191195, 0.01174553, 0.01141119, 0.01091842, 0.01028275, 0.00952517, 0.00867120, 0.00774964, 0.00679111, 0.00582651, 0.00488537, 0.00399439, 0.00317605, 0.00244765, 0.00182054, 0.00129989, 0.00088481, 0.00056892, 0.00034131, 0.00018782, 0.00009254, 0.00003942, 0.00001378, 0.00000366, 0.00000064, -0.00000000, 0.00000000
0.00004897, 0.00006480, 0.00010387, 0.00016444, 0.00024912, 0.00035765, 0.00047647, 0.00061166, 0.00076992, 0.00094991, 0.00114720, 0.00135938, 0.00158719, 0.00183320, 0.00210011, 0.00238980, 0.00270302, 0.00303969, 0.00339929, 0.00505913, 0.00708270, 0.00948640, 0.01223180, 0.01522291, 0.01833294, 0.02141898, 0.02432510, 0.02688659, 0.02894202, 0.03035118, 0.03101368, 0.03088259, 0.02997037, 0.02834633, 0.02612707, 0.02346218, 0.02051795, 0.01746126, 0.01444577, 0.01160122, 0.00902678, 0.00678802, 0.00491754, 0.00341823, 0.00226856, 0.00142907, 0.00084920, 0.00047380, 0.00024885, 0.00012592, 0.00006522, 0.00003717, 0.00002246, 0.00001094, -0.00000044, -0.00001029, -0.00001559, -0.00001424, -0.00000677, 0.00000304, 0.00000931, 0.00000719, -0.00000151, 0.00000000
-0.00001328, 0.00003399, 0.00011884, 0.00023840, 0.00039468, 0.00058200, 0.00080052, 0.00105189, 0.00133509, 0.00164812, 0.00198967, 0.00235925, 0.00275654, 0.00318095, 0.00363146, 0.00410664, 0.00460483, 0.00512424, 0.00566306, 0.00797548, 0.01044240, 0.01291531, 0.01523486, 0.01725309, 0.01884817, 0.01993160, 0.02045234, 0.02039913, 0.01980007, 0.01871845, 0.01724512, 0.01548829, 0.01356253, 0.01157844, 0.00963414, 0.00780941, 0.00616251, 0.00472960, 0.00352630, 0.00255068, 0.00178729, 0.00121141, 0.00079319, 0.00050130, 0.00030577, 0.00018010, 0.00010243, 0.00005592, 0.00002859, 0.00001263, 0.00000341, -0.00000149, -0.00000331, -0.00000282, -0.00000085, 0.00000156, 0.00000330, 0.00000351, 0.00000198, -0.00000053, -0.00000245, -0.00000213, 0.00000037, 0.00000000
0.00042338, 0.00047824, 0.00052509, 0.00057256, 0.00062154, 0.00067225, 0.00072579, 0.00077902, 0.00082965, 0.00087758, 0.00092344, 0.00096735, 0.00100893, 0.00104753, 0.00108269, 0.00111420, 0.00114215, 0.00116679, 0.00118840, 0.00124783, 0.00126242, 0.00122733, 0.00114727, 0.00103485, 0.00090440, 0.00077003, 0.00064615, 0.00054742, 0.00048713, 0.00047473, 0.00051366, 0.00060031, 0.00072449, 0.00087107, 0.00102236, 0.00116065, 0.00127053, 0.00134058, 0.00136433, 0.00134049, 0.00127245, 0.00116740, 0.00103510, 0.00088652, 0.00073260, 0.00058318, 0.00044618, 0.00032716, 0.00022915, 0.00015284, 0.00009687, 0.00005846, 0.00003396, 0.00001952, 0.00001155, 0.00000719, 0.00000446, 0.00000235, 0.00000060, -0.00000059, -0.00000093, -0.00000047, 0.00000021, 0.00000000
-0.00003886, 0.00003381, 0.00010416, 0.00017609, 0.00025673, 0.00034911, 0.00044584, 0.00055142, 0.00067041, 0.00080196, 0.00094315, 0.00109230, 0.00124982, 0.00141727, 0.00159641, 0.00178844, 0.00199392, 0.00221287, 0.00244508, 0.00350403, 0.00478386, 0.00630279, 0.00804202, 0.00994441, 0.01193215, 0.01391630, 0.01579865, 0.01747433, 0.01883944, 0.01980266, 0.02029721, 0.02028984, 0.01978481, 0.01882252, 0.01747368, 0.01583035, 0.01399574, 0.01207413, 0.01016208, 0.00834178, 0.00667671, 0.00520979, 0.00396356, 0.00294226, 0.00213498, 0.00151967, 0.00106726, 0.00074565, 0.00052320, 0.00037145, 0.00026688, 0.00019190, 0.00013485, 0.00008932, 0.00005285, 0.00002541, 0.00000765, -0.00000050, -0.00000083, 0.00000296, 0.00000603, 0.00000451, -0.00000095, 0.00000000
0.00015712, 0.00016022, 0.00015552, 0.00015577, 0.00015204, 0.00015652, 0.00016483, 0.00017102, 0.00017718, 0.00018713, 0.00020186, 0.00021983, 0.00023894, 0.00025795, 0.00027685, 0.00029650, 0.00031815, 0.00034294, 0.00037170, 0.00053076, 0.00075582, 0.00105641, 0.00146220, 0.00199793, 0.00267343, 0.00348790, 0.00443379, 0.00549482, 0.00664119, 0.00782641, 0.00898854, 0.01005602, 0.01095638, 0.01162562, 0.01201633, 0.01210301, 0.01188418, 0.01138129, 0.01063500, 0.00969974, 0.00863743, 0.00751119, 0.00637987, 0.00529371, 0.00429155, 0.00339963, 0.00263173, 0.00199060, 0.00147020, 0.00105838, 0.00073968, 0.00049787, 0.00031791, 0.00018720, 0.00009596, 0.00003692, 0.00000432, -0.00000741, -0.00000480, 0.00000413, 0.00001063, 0.00000814, -0.00000185, 0.00000000
0.00042801, 0.00044247, 0.00045295, 0.00045104, 0.00047824, 0.00050435, 0.00052828, 0.00057018, 0.00062893, 0.00069166, 0.00075037, 0.00080571, 0.00086281, 0.00092647, 0.00099880, 0.00107909, 0.00116494, 0.00125361, 0.00134290, 0.00169875, 0.00210452, 0.00261106, 0.00319794, 0.00383570, 0.00452827, 0.00530251, 0.00618300, 0.00717903, 0.00828666, 0.00949697, 0.01080210, 0.01219523, 0.01366525, 0.01518907, 0.01672522, 0.01821108, 0.01956498, 0.02069295, 0.02149884, 0.02189604, 0.02181883, 0.02123172, 0.02013541, 0.01856870, 0.01660613, 0.01435179, 0.01192996, 0.00947377, 0.00711305, 0.00496281, 0.00311330, 0.00162298, 0.00051489, -0.00022296, -0.00063336, -0.00078210, -0.00074746, -0.00060833, -0.00043271, -0.00026854, -0.00013966, -0.00004947, 0.00000423, 0.00000000
0.00020138, 0.00022102, 0.00023269, 0.00024238, 0.00024968, 0.00025124, 0.00026311, 0.00027934, 0.00029187, 0.00030141, 0.00031262, 0.00032847, 0.00034880, 0.00037147, 0.00039411, 0.00041515, 0.00043410, 0.00045141, 0.00046800, 0.00054354, 0.00063981, 0.00073682, 0.00082913, 0.00092964, 0.00104889, 0.00118647, 0.00133562, 0.00149075, 0.00165137, 0.00182172, 0.00200797, 0.00221538, 0.00244662, 0.00270138, 0.00297708, 0.00326990, 0.00357552, 0.00388949, 0.00420690, 0.00452172, 0.00482593, 0.00510889, 0.00535703, 0.00555426, 0.00568297, 0.00572562, 0.00566685, 0.00549566, 0.00520753, 0.00480608, 0.00430403, 0.00372316, 0.00309321, 0.00244964, 0.00183031, 0.00127143, 0.00080305, 0.00044475, 0.00020218, 0.00006529, 0.00000937, -0.00000009, 0.00000261, 0.00000000
-0.00040051, -0.00040646, -0.00038406, -0.00037249, -0.00034109, -0.00032847, -0.00032168, -0.00030320, -0.00027913, -0.00026021, -0.00024881, -0.00024011, -0.00022785, -0.00020821, -0.00018070, -0.00014717, -0.00011032, -0.00007253, -0.00003515, 0.00011642, 0.00032497, 0.00061910, 0.00097751, 0.00139561, 0.00190354, 0.00254263, 0.00334272, 0.00431619, 0.00546333, 0.00677893, 0.00825375, 0.00987047, 0.01159673, 0.01337919, 0.01514142, 0.01678699, 0.01820742, 0.01929379, 0.01994975, 0.02010380, 0.01971903, 0.01879896, 0.01738863, 0.01557104, 0.01345943, 0.01118631, 0.00889066, 0.00670466, 0.00474136, 0.00308478, 0.00178330, 0.00084717, 0.00025049, -0.00006255, -0.00016766, -0.00014790, -0.00007994, -0.00002132, -0.00000105, -0.00001639, -0.00003896, -0.00003373, 0.00000550, 0.00000000
-0.00001013, 0.00007170, 0.00014841, 0.00022653, 0.00031614, 0.00041989, 0.00053049, 0.00065330, 0.00079284, 0.00094767, 0.00111444, 0.00129145, 0.00147920, 0.00167942, 0.00189385, 0.00212363, 0.00236915, 0.00263028, 0.00290664, 0.00415991, 0.00565712, 0.00740365, 0.00936090, 0.01145032, 0.01357516, 0.01563178, 0.01751264, 0.01911007, 0.02032458, 0.02107634, 0.02131582, 0.02103063, 0.02024687, 0.01902521, 0.01745288, 0.01563338, 0.01367568, 0.01168423, 0.00975105, 0.00795015, 0.00633466, 0.00493630, 0.00376691, 0.00282141, 0.00208175, 0.00152110, 0.00110812, 0.00081065, 0.00059872, 0.00044667, 0.00033440, 0.00024768, 0.00017775, 0.00012030, 0.00007407, 0.00003932, 0.00001642, 0.00000463, 0.00000159, 0.00000331, 0.00000516, 0.00000363, -0.00000080, 0.00000000
0.00024682, 0.00025594, 0.00027389, 0.00030813, 0.00035463, 0.00041634, 0.00048954, 0.00057169, 0.00066354, 0.00076607, 0.00087909, 0.00100181, 0.00113358, 0.00127431, 0.00142440, 0.00158455, 0.00175546, 0.00193774, 0.00213181, 0.00302908, 0.00412041, 0.00540364, 0.00686681, 0.00847829, 0.01018658, 0.01192525, 0.01361814, 0.01518391, 0.01654099, 0.01761364, 0.01833869, 0.01867184, 0.01859227, 0.01810491, 0.01723981, 0.01604912, 0.01460186, 0.01297756, 0.01125949, 0.00952811, 0.00785551, 0.00630117, 0.00490926, 0.00370761, 0.00270805, 0.00190812, 0.00129367, 0.00084207, 0.00052565, 0.00031502, 0.00018200, 0.00010193, 0.00005511, 0.00002747, 0.00001033, -0.00000055, -0.00000647, -0.00000753, -0.00000429, 0.00000121, 0.00000535, 0.00000457, -0.00000083, 0.00000000
-0.00023162, -0.00026304, -0.00028059, -0.00029484, -0.00029417, -0.00029109, -0.00028171, -0.00025830, -0.00022158, -0.00017508, -0.00011984, -0.00005414, 0.00002469, 0.00011870, 0.00022885, 0.00035522, 0.00049748, 0.00065532, 0.00082870, 0.00168717, 0.00283631, 0.00427050, 0.00592661, 0.00770896, 0.00950355, 0.01118234, 0.01261221, 0.01367210, 0.01427236, 0.01436937, 0.01397085, 0.01313187, 0.01194348, 0.01051763, 0.00897154, 0.00741412, 0.00593608, 0.00460412, 0.00345922, 0.00251820, 0.00177766, 0.00121923, 0.00081528, 0.00053420, 0.00034485, 0.00021975, 0.00013698, 0.00008079, 0.00004125, 0.00001309, -0.00000586, -0.00001625, -0.00001866, -0.00001446, -0.00000621, 0.00000267, 0.00000873, 0.00000957, 0.00000503, -0.00000231, -0.00000762, -0.00000626, 0.00000114, 0.00000000
0.00171394, 0.00172250, 0.00178460, 0.00191823, 0.00211611, 0.00236793, 0.00266582, 0.00300328, 0.00337541, 0.00377887, 0.00421126, 0.00467076, 0.00515589, 0.00566547, 0.00619858, 0.00675448, 0.00733257, 0.00793231, 0.00855315, 0.01123520, 0.01419880, 0.01738834, 0.02074545, 0.02421099, 0.02772445, 0.03122369, 0.03464565, 0.03792755, 0.04100820, 0.04382919, 0.04633611, 0.04847970, 0.05021703, 0.05151257, 0.05233921, 0.05267908, 0.05252410, 0.05187642, 0.05074842, 0.04916253, 0.04715083, 0.04475427, 0.04202180, 0.03900925, 0.03577796, 0.03239335, 0.02892329, 0.02543638, 0.02200011, 0.01867898, 0.01553265, 0.01261409, 0.00996776, 0.00762809, 0.00561806, 0.00394815, 0.00261568, 0.00160467, 0.00088628, 0.00042002, 0.00015575, 0.00003671, 0.00000362, 0.00000000
-0.00005796, -0.00001028, 0.00007161, 0.00018559, 0.00033282, 0.00050792, 0.00071520, 0.00095521, 0.00122568, 0.00152563, 0.00185562, 0.00221646, 0.00260832, 0.00303057, 0.00348208, 0.00396153, 0.00446760, 0.00499905, 0.00555462, 0.00798862, 0.01066183, 0.01339962, 0.01600798, 0.01830203, 0.02012075, 0.02133921, 0.02188102, 0.02172711, 0.02091687, 0.01954068, 0.01772593, 0.01561975, 0.01337179, 0.01111953, 0.00897770, 0.00703213, 0.00533793, 0.00392112, 0.00278277, 0.00190463, 0.00125527, 0.00079608, 0.00048643, 0.00028774, 0.00016639, 0.00009524, 0.00005418, 0.00002969, 0.00001379, 0.00000268, -0.00000487, -0.00000884, -0.00000911, -0.00000616, -0.00000125, 0.00000372, 0.00000680, 0.00000670, 0.00000345, -0.00000129, -0.00000458, -0.00000374, 0.00000072, 0.00000000
-0.00123099, -0.00112508, -0.00094090, -0.00068060, -0.00034711, 0.00005839, 0.00054262, 0.00110207, 0.00173064, 0.00242466, 0.00318170, 0.00399848, 0.00487025, 0.00579119, 0.00675514, 0.00775610, 0.00878843, 0.00984685, 0.01092625, 0.01535177, 0.01969494, 0.02362224, 0.02685392, 0.02919016, 0.03051420, 0.03079052, 0.03006172, 0.02844069, 0.02609584, 0.02323078, 0.02006168, 0.01679607, 0.01361570, 0.01066525, 0.00804677, 0.00581954, 0.00400406, 0.00258872, 0.00153804, 0.00080104, 0.00031917, 0.00003290, -0.00011310, -0.00016657, -0.00016571, -0.00013869, -0.00010426, -0.00007312, -0.00004975, -0.00003441, -0.00002505, -0.00001891, -0.00001367, -0.00000811, -0.00000228, 0.00000281, 0.00000582, 0.00000580, 0.00000291, -0.00000128, -0.00000415, -0.00000333, 0.00000065, 0.00000000
-0.00002321, -0.00002322, -0.00001060, 0.00001427, 0.00005522, 0.00011283, 0.00017586, 0.00025002, 0.00034128, 0.00044841, 0.00056743, 0.00069620, 0.00083532, 0.00098698, 0.00115350, 0.00133648, 0.00153657, 0.00175372, 0.00198753, 0.00308529, 0.00446178, 0.00614987, 0.00813839, 0.01036886, 0.01275682, 0.01520152, 0.01758513, 0.01977402, 0.02162832, 0.02301819, 0.02384157, 0.02403835, 0.02359789, 0.02255895, 0.02100315, 0.01904376, 0.01681222, 0.01444446, 0.01206872, 0.00979594, 0.00771335, 0.00588128, 0.00433291, 0.00307659, 0.00209979, 0.00137431, 0.00086181, 0.00051928, 0.00030380, 0.00017637, 0.00010461, 0.00006414, 0.00003879, 0.00001979, 0.00000414, -0.00000760, -0.00001354, -0.00001259, -0.00000585, 0.00000294, 0.00000843, 0.00000640, -0.00000141, 0.00000000
0.00006750, 0.00009245, 0.00013656, 0.00019505, 0.00027848, 0.00037852, 0.00048903, 0.00061818, 0.00076902, 0.00093796, 0.00112131, 0.00131849, 0.00153147, 0.00176286, 0.00201465, 0.00228766, 0.00258179, 0.00289638, 0.00323070, 0.00475851, 0.00659524, 0.00872504, 0.01107034, 0.01351154, 0.01591529, 0.01814581, 0.02006884, 0.02155940, 0.02251489, 0.02286911, 0.02260216, 0.02174313, 0.02036542, 0.01857630, 0.01650311, 0.01427896, 0.01202983, 0.00986450, 0.00786811, 0.00609922, 0.00459006, 0.00334926, 0.00236618, 0.00161618, 0.00106591, 0.00067828, 0.00041652, 0.00024719, 0.00014214, 0.00007933, 0.00004273, 0.00002169, 0.00000970, 0.00000315, 0.00000012, -0.00000060, -0.00000004, 0.00000076, 0.00000096, 0.00000026, -0.00000079, -0.00000107, 0.00000006, 0.00000000
-0.00008593, 0.00000149, 0.00008606, 0.00017896, 0.00027631, 0.00038843, 0.00051551, 0.00065341, 0.00080311, 0.00096761, 0.00114834, 0.00134477, 0.00155566, 0.00178013, 0.00201817, 0.00227045, 0.00253803, 0.00282203, 0.00312337, 0.00451123, 0.00619280, 0.00816164, 0.01040295, 0.01287656, 0.01551036, 0.01820696, 0.02085405, 0.02333329, 0.02552743, 0.02732742, 0.02863989, 0.02939467, 0.02955118, 0.02910249, 0.02807624, 0.02653221, 0.02455700, 0.02225637, 0.01974642, 0.01714455, 0.01456104, 0.01209209, 0.00981476, 0.00778405, 0.00603211, 0.00456945, 0.00338770, 0.00246362, 0.00176367, 0.00124885, 0.00087918, 0.00061748, 0.00043218, 0.00029888, 0.00020077, 0.00012774, 0.00007472, 0.00003930, 0.00001933, 0.00001107, 0.00000865, 0.00000554, -0.00000076, 0.00000000
0.00008735, 0.00009999, 0.00012197, 0.00015896, 0.00020954, 0.00027987, 0.00035710, 0.00044352, 0.00054552, 0.00066357, 0.00079430, 0.00093491, 0.00108499, 0.00124602, 0.00142020, 0.00160942, 0.00181483, 0.00203689, 0.00227557, 0.00339493, 0.00479795, 0.00653056, 0.00860826, 0.01099928, 0.01363884, 0.01643795, 0.01928186, 0.02202884, 0.02451742, 0.02658252, 0.02807630, 0.02888788, 0.02895752, 0.02828303, 0.02691816, 0.02496421, 0.02255696, 0.01985142, 0.01700643, 0.01417095, 0.01147320, 0.00901327, 0.00685949, 0.00504811, 0.00358596, 0.00245527, 0.00161986, 0.00103194, 0.00063883, 0.00038887, 0.00023616, 0.00014370, 0.00008498, 0.00004383, 0.00001286, -0.00000919, -0.00002068, -0.00002040, -0.00001011, 0.00000423, 0.00001374, 0.00001083, -0.00000225, 0.00000000
-0.00021512, -0.00022469, -0.00021808, -0.00019044, -0.00016818, -0.00015557, -0.00010393, -0.00004057, 0.00000926, 0.00005310, 0.00010949, 0.00018825, 0.00028725, 0.00039814, 0.00051285, 0.00062710, 0.00074101, 0.00085781, 0.00098204, 0.00161980, 0.00249194, 0.00352378, 0.00473696, 0.00623197, 0.00808417, 0.01030864, 0.01288443, 0.01578437, 0.01898198, 0.02243675, 0.02607234, 0.02976172, 0.03332680, 0.03655275, 0.03921309, 0.04109894, 0.04204660, 0.04195848, 0.04081483, 0.03867535, 0.03567152, 0.03199157, 0.02786053, 0.02351832, 0.01919813, 0.01510750, 0.01141360, 0.00823363, 0.00563094, 0.00361643, 0.00215485, 0.00117477, 0.00058111, 0.00026877, 0.00013586, 0.00009523, 0.00008295, 0.00006278, 0.00002572, -0.00001578, -0.00003902, -0.00002770, 0.00000675, 0.00000000
0.00006635, 0.00007268, 0.00008135, 0.00009224, 0.00010749, 0.00012471, 0.00014361, 0.00016528, 0.00018956, 0.00021562, 0.00024305, 0.00027196, 0.00030281, 0.00033598, 0.00037172, 0.00041009, 0.00045106, 0.00049456, 0.00054055, 0.00075063, 0.00100694, 0.00130965, 0.00164876, 0.00200780, 0.00236647, 0.00270150, 0.00298812, 0.00320303, 0.00332803, 0.00335297, 0.00327722, 0.00310934, 0.00286532, 0.00256598, 0.00223410, 0.00189174, 0.00155822, 0.00124869, 0.00097359, 0.00073864, 0.00054539, 0.00039207, 0.00027454, 0.00018736, 0.00012461, 0.00008061, 0.00005039, 0.00002995, 0.00001632, 0.00000744, 0.00000197, -0.00000094, -0.00000192, -0.00000154, -0.00000039, 0.00000089, 0.00000172, 0.00000173, 0.00000091, -0.00000033, -0.00000121, -0.00000100, 0.00000020, 0.00000000
-0.00012961, -0.00016165, -0.00017564, -0.00018976, -0.00019220, -0.00022415, -0.00022793, -0.00021097, -0.00020350, -0.00021049, -0.00021785, -0.00021175, -0.00018765, -0.00014918, -0.00010318, -0.00005540, -0.00000840, 0.00003849, 0.00008827, 0.00038935, 0.00092719, 0.00166658, 0.00260189, 0.00381538, 0.00540162, 0.00741244, 0.00985969, 0.01274155, 0.01605811, 0.01980467, 0.02394989, 0.02841181, 0.03304319, 0.03763190, 0.04191657, 0.04561377, 0.04845104, 0.05019959, 0.05070171, 0.04988922, 0.04779116, 0.04453055, 0.04031135, 0.03539780, 0.03008883, 0.02469052, 0.01948941, 0.01472933, 0.01059360, 0.00719421, 0.00456858, 0.00268402, 0.00144923, 0.00073158, 0.00037826, 0.00023910, 0.00018809, 0.00014061, 0.00006299, -0.00002926, -0.00008813, -0.00006847, 0.00001422, 0.00000000
-0.00002489, -0.00001616, 0.00001805, 0.00007426, 0.00016078, 0.00027262, 0.00039955, 0.00055006, 0.00072966, 0.00093554, 0.00116322, 0.00141112, 0.00168083, 0.00197524, 0.00229694, 0.00264735, 0.00302676, 0.00343469, 0.00387037, 0.00588060, 0.00831856, 0.01116715, 0.01433878, 0.01768915, 0.02105065, 0.02424867, 0.02710702, 0.02945587, 0.03114631, 0.03206801, 0.03216392, 0.03143784, 0.02995320, 0.02782409, 0.02520080, 0.02225279, 0.01915186, 0.01605744, 0.01310548, 0.01040131, 0.00801665, 0.00599008, 0.00433042, 0.00302197, 0.00203085, 0.00131160, 0.00081338, 0.00048534, 0.00028077, 0.00015991, 0.00009148, 0.00005294, 0.00002978, 0.00001410, 0.00000270, -0.00000486, -0.00000811, -0.00000703, -0.00000284, 0.00000202, 0.00000463, 0.00000319, -0.00000082, 0.00000000
0.00006809, 0.00007703, 0.00008627, 0.00009680, 0.00010844, 0.00012104, 0.00013429, 0.00014787, 0.00016165, 0.00017555, 0.00018952, 0.00020354, 0.00021757, 0.00023161, 0.00024564, 0.00025969, 0.00027375, 0.00028783, 0.00030193, 0.00035834, 0.00041423, 0.00046892, 0.00052173, 0.00057182, 0.00061813, 0.00065945, 0.00069456, 0.00072223, 0.00074126, 0.00075061, 0.00074944, 0.00073728, 0.00071410, 0.00068041, 0.00063726, 0.00058618, 0.00052910, 0.00046821, 0.00040576, 0.00034397, 0.00028483, 0.00023002, 0.00018080, 0.00013800, 0.00010200, 0.00007275, 0.00004986, 0.00003267, 0.00002035, 0.00001196, 0.00000657, 0.00000335, 0.00000155, 0.00000063, 0.00000018, -0.00000003, -0.00000014, -0.00000016, -0.00000013, -0.00000004, 0.00000005, 0.00000006, -0.00000000, 0.00000000
0.00006959, 0.00007328, 0.00007907, 0.00010731, 0.00013229, 0.00017787, 0.00023887, 0.00030115, 0.00036721, 0.00044549, 0.00053948, 0.00064699, 0.00076387, 0.00088724, 0.00101660, 0.00115342, 0.00130014, 0.00145922, 0.00163257, 0.00248149, 0.00357415, 0.00492854, 0.00660030, 0.00862771, 0.01100441, 0.01368510, 0.01659536, 0.01963357, 0.02266896, 0.02554384, 0.02808393, 0.03011618, 0.03148984, 0.03209602, 0.03188186, 0.03085685, 0.02909101, 0.02670583, 0.02385999, 0.02073216, 0.01750346, 0.01434143, 0.01138726, 0.00874715, 0.00648820, 0.00463862, 0.00319174, 0.00211291, 0.00134812, 0.00083328, 0.00050308, 0.00029841, 0.00017166, 0.00008941, 0.00003246, -0.00000673, -0.00002848, -0.00003132, -0.00001714, 0.00000552, 0.00002207, 0.00001849, -0.00000348, 0.00000000
-0.00244128, -0.00269886, -0.00307355, -0.00354885, -0.00411089, -0.00473639, -0.00541157, -0.00613003, -0.00688611, -0.00767426, -0.00848986, -0.00932933, -0.01018977, -0.01106850, -0.01196283, -0.01286992, -0.01378677, -0.01471030, -0.01563733, -0.01931658, -0.02280005, -0.02590441, -0.02847839, -0.03041210, -0.03164009, -0.03214014, -0.03193008, -0.03106302, -0.02962093, -0.02770694, -0.02543669, -0.02292976, -0.02030178, -0.01765803, -0.01508865, -0.01266588, -0.01044291, -0.00845430, -0.00671761, -0.00523574, -0.00399982, -0.00299220, -0.00218935, -0.00156452, -0.00108992, -0.00073850, -0.00048527, -0.00030806, -0.00018800, -0.00010959, -0.00006055, -0.00003144, -0.00001531, -0.00000716, -0.00000354, -0.00000216, -0.00000162, -0.00000115, -0.00000049, 0.00000023, 0.00000067, 0.00000050, -0.00000015, 0.00000000
0.00045411, 0.00047648, 0.00049029, 0.00049745, 0.00052117, 0.00054525, 0.00057287, 0.00061291, 0.00066258, 0.00071509, 0.00076723, 0.00081992, 0.00087568, 0.00093641, 0.00100260, 0.00107352, 0.00114789, 0.00122452, 0.00130262, 0.00163259, 0.00202415, 0.00250518, 0.00307259, 0.00372484, 0.00447625, 0.00534827, 0.00635746, 0.00751037, 0.00880417, 0.01022872, 0.01176678, 0.01339218, 0.01506682, 0.01673860, 0.01834148, 0.01979844, 0.02102711, 0.02194729, 0.02248919, 0.02260117, 0.02225590, 0.02145420, 0.02022591, 0.01862806, 0.01674027, 0.01465811, 0.01248509, 0.01032410, 0.00826923, 0.00639856, 0.00476894, 0.00341284, 0.00233796, 0.00152933, 0.00095384, 0.00056668, 0.00031891, 0.00016510, 0.00006994, 0.00001208, -0.00001630, -0.00001616, 0.00000345, 0.00000000
-0.00172217, -0.00179075, -0.00188976, -0.00199937, -0.00211380, -0.00222233, -0.00232017, -0.00240820, -0.00248741, -0.00255801, -0.00262023, -0.00267470, -0.00272245, -0.00276458, -0.00280212, -0.00283589, -0.00286656, -0.00289459, -0.00292035, -0.00300570, -0.00307097, -0.00312271, -0.00316259, -0.00318874, -0.00319722, -0.00318300, -0.00314074, -0.00306575, -0.00295499, -0.00280778, -0.00262626, -0.00241520, -0.00218158, -0.00193383, -0.00168091, -0.00143159, -0.00119368, -0.00097355, -0.00077586, -0.00060345, -0.00045743, -0.00033738, -0.00024168, -0.00016781, -0.00011270, -0.00007307, -0.00004569, -0.00002755, -0.00001606, -0.00000910, -0.00000504, -0.00000271, -0.00000136, -0.00000054, -0.00000004, 0.00000023, 0.00000031, 0.00000023, 0.00000005, -0.00000012, -0.00000020, -0.00000012, 0.00000003, 0.00000000
0.00039645, 0.00039993, 0.00041760, 0.00045958, 0.00053145, 0.00062882, 0.00074580, 0.00088430, 0.00104487, 0.00122500, 0.00142201, 0.00163488, 0.00186412, 0.00211094, 0.00237642, 0.00266122, 0.00296552, 0.00328921, 0.00363203, 0.00519215, 0.00705442, 0.00920323, 0.01158266, 0.01410407, 0.01666150, 0.01913938, 0.02141639, 0.02337170, 0.02489504, 0.02589841, 0.02632614, 0.02616088, 0.02542452, 0.02417430, 0.02249548, 0.02049178, 0.01827534, 0.01595730, 0.01363990, 0.01141063, 0.00933856, 0.00747275, 0.00584257, 0.00445943, 0.00331950, 0.00240707, 0.00169814, 0.00116387, 0.00077362, 0.00049753, 0.00030843, 0.00018303, 0.00010251, 0.00005256, 0.00002292, 0.00000662, -0.00000092, -0.00000281, -0.00000147, 0.00000092, 0.00000242, 0.00000177, -0.00000044, 0.00000000
-0.00002284, -0.00002472, -0.00002237, -0.00001589, -0.00000404, 0.00001414, 0.00003381, 0.00005722, 0.00008710, 0.00012323, 0.00016403, 0.00020854, 0.00025694, 0.00031013, 0.00036913, 0.00043472, 0.00050728, 0.00058690, 0.00067351, 0.00108951, 0.00162827, 0.00231036, 0.00313939, 0.00409852, 0.00515818, 0.00627952, 0.00741335, 0.00850004, 0.00947336, 0.01026776, 0.01082700, 0.01111164, 0.01110381, 0.01080864, 0.01025254, 0.00947903, 0.00854312, 0.00750525, 0.00642543, 0.00535839, 0.00434995, 0.00343475, 0.00263548, 0.00196316, 0.00141850, 0.00099386, 0.00067557, 0.00044641, 0.00028785, 0.00018203, 0.00011322, 0.00006876, 0.00003946, 0.00001945, 0.00000564, -0.00000315, -0.00000722, -0.00000690, -0.00000333, 0.00000132, 0.00000423, 0.00000323, -0.00000074, 0.00000000
0.00097089, 0.00098214, 0.00100365, 0.00104738, 0.00112247, 0.00121920, 0.00133292, 0.00146511, 0.00161368, 0.00177436, 0.00194419, 0.00212242, 0.00230962, 0.00250660, 0.00271384, 0.00293134, 0.00315883, 0.00339597, 0.00364256, 0.00472578, 0.00598193, 0.00742838, 0.00906557, 0.01088816, 0.01289064, 0.01506254, 0.01738168, 0.01981093, 0.02229868, 0.02478166, 0.02718822, 0.02944154, 0.03146273, 0.03317401, 0.03450244, 0.03538398, 0.03576779, 0.03562035, 0.03492885, 0.03370347, 0.03197811, 0.02980949, 0.02727453, 0.02446616, 0.02148797, 0.01844798, 0.01545209, 0.01259779, 0.00996844, 0.00762876, 0.00562170, 0.00396714, 0.00266230, 0.00168404, 0.00099280, 0.00053774, 0.00026292, 0.00011355, 0.00004186, 0.00001158, 0.00000013, -0.00000261, 0.00000002, 0.00000000
0.00014173, 0.00013761, 0.00012608, 0.00015212, 0.00015256, 0.00017802, 0.00023540, 0.00028468, 0.00032181, 0.00036733, 0.00043545, 0.00052499, 0.00062609, 0.00072900, 0.00082897, 0.00092680, 0.00102689, 0.00113482, 0.00125542, 0.00189808, 0.00274019, 0.00372750, 0.00493861, 0.00647502, 0.00837454, 0.01062025, 0.01317705, 0.01600519, 0.01904641, 0.02220192, 0.02532037, 0.02820432, 0.03063335, 0.03239650, 0.03332510, 0.03331856, 0.03235859, 0.03051067, 0.02791362, 0.02476056, 0.02127474, 0.01768424, 0.01419882, 0.01099160, 0.00818706, 0.00585597, 0.00401696, 0.00264374, 0.00167630, 0.00103441, 0.00063145, 0.00038667, 0.00023460, 0.00013037, 0.00005053, -0.00001049, -0.00004755, -0.00005392, -0.00003029, 0.00000950, 0.00003947, 0.00003361, -0.00000604, 0.00000000
0.00026174, 0.00026976, 0.00027319, 0.00027922, 0.00029173, 0.00030779, 0.00033052, 0.00035897, 0.00039028, 0.00042322, 0.00045811, 0.00049557, 0.00053571, 0.00057818, 0.00062245, 0.00066812, 0.00071504, 0.00076333, 0.00081332, 0.00103777, 0.00131065, 0.00163222, 0.00200507, 0.00243905, 0.00294414, 0.00352568, 0.00418557, 0.00492510, 0.00574574, 0.00664675, 0.00762067, 0.00864886, 0.00969893, 0.01072475, 0.01166951, 0.01247097, 0.01306806, 0.01340771, 0.01345100, 0.01317770, 0.01258883, 0.01170705, 0.01057488, 0.00925110, 0.00780575, 0.00631430, 0.00485153, 0.00348567, 0.00227341, 0.00125601, 0.00045700, -0.00011856, -0.00048298, -0.00066340, -0.00069779, -0.00063001, -0.00050439, -0.00036039, -0.00022809, -0.00012522, -0.00005663, -0.00001701, 0.00000207, 0.00000000
0.00020286, 0.00026010, 0.00030845, 0.00042149, 0.00046274, 0.00050253, 0.00064757, 0.00078206, 0.00084964, 0.00089693, 0.00098217, 0.00112190, 0.00129489, 0.00146764, 0.00161503, 0.00172824, 0.00181293, 0.00188287, 0.00195322, 0.00238954, 0.00290210, 0.00310355, 0.00300417, 0.00281293, 0.00259542, 0.00223289, 0.00156249, 0.00050124, -0.00092442, -0.00262394, -0.00451059, -0.00655029, -0.00877387, -0.01125558, -0.01407211, -0.01725874, -0.02077623, -0.02449647, -0.02820877, -0.03164412, -0.03451140, -0.03653841, -0.03751054, -0.03730119, -0.03588992, -0.03336627, -0.02991949, -0.02581611, -0.02136853, -0.01689908, -0.01270392, -0.00902153, -0.00600943, -0.00373244, -0.00216378, -0.00119942, -0.00068393, -0.00044435, -0.00032682, -0.00022863, -0.00011654, -0.00002050, 0.00000983, 0.00000000
0.00004083, 0.00006734, 0.00011024, 0.00016794, 0.00024352, 0.00033316, 0.00043560, 0.00055332, 0.00068674, 0.00083448, 0.00099546, 0.00116956, 0.00135733, 0.00155936, 0.00177591, 0.00200684, 0.00225169, 0.00250985, 0.00278064, 0.00397779, 0.00532679, 0.00677114, 0.00823201, 0.00962169, 0.01085662, 0.01186400, 0.01258565, 0.01298177, 0.01303443, 0.01274943, 0.01215559, 0.01130116, 0.01024817, 0.00906572, 0.00782316, 0.00658432, 0.00540306, 0.00432059, 0.00336448, 0.00254913, 0.00187725, 0.00134221, 0.00093065, 0.00062508, 0.00040630, 0.00025539, 0.00015511, 0.00009085, 0.00005104, 0.00002709, 0.00001310, 0.00000525, 0.00000125, -0.00000028, -0.00000028, 0.00000047, 0.00000126, 0.00000151, 0.00000096, -0.00000016, -0.00000113, -0.00000105, 0.00000016, 0.00000000
0.00154195, 0.00154208, 0.00157549, 0.00166081, 0.00179392, 0.00196032, 0.00216715, 0.00240407, 0.00265962, 0.00293147, 0.00322219, 0.00353376, 0.00386580, 0.00421648, 0.00458387, 0.00496694, 0.00536574, 0.00578119, 0.00621468, 0.00815269, 0.01043406, 0.01304312, 0.01596897, 0.01920707, 0.02273283, 0.02648819, 0.03038499, 0.03431419, 0.03815344, 0.04177184, 0.04503374, 0.04780374, 0.04995393, 0.05137291, 0.05197529, 0.05171020, 0.05056735, 0.04857966, 0.04582223, 0.04240764, 0.03847829, 0.03419656, 0.02973378, 0.02525909, 0.02092908, 0.01687896, 0.01321583, 0.01001445, 0.00731570, 0.00512748, 0.00342806, 0.00217127, 0.00129318, 0.00071963, 0.00037392, 0.00018405, 0.00008886, 0.00004242, 0.00001608, -0.00000239, -0.00001284, -0.00001053, 0.00000217, 0.00000000
-0.00026118, -0.00028888, -0.00027479, -0.00022795, -0.00015361, -0.00005248, 0.00006717, 0.00020879, 0.00037731, 0.00057315, 0.00079438, 0.00103980, 0.00130990, 0.00160626, 0.00193069, 0.00228451, 0.00266842, 0.00308248, 0.00352638, 0.00559135, 0.00810258, 0.01102683, 0.01428439, 0.01774742, 0.02125952, 0.02465131, 0.02774975, 0.03038710, 0.03241285, 0.03370770, 0.03419635, 0.03385576, 0.03271740, 0.03086316, 0.02841599, 0.02552709, 0.02236152, 0.01908416, 0.01584740, 0.01278151, 0.00998820, 0.00753749, 0.00546761, 0.00378744, 0.00248092, 0.00151275, 0.00083459, 0.00039138, 0.00012699, -0.00001096, -0.00006756, -0.00007844, -0.00006892, -0.00005449, -0.00004235, -0.00003377, -0.00002671, -0.00001863, -0.00000858, 0.00000166, 0.00000797, 0.00000646, -0.00000132, 0.00000000
-0.00021024, -0.00021147, -0.00021608, -0.00020509, -0.00021495, -0.00021402, -0.00020115, -0.00019758, -0.00020252, -0.00020289, -0.00019073, -0.00016713, -0.00013773, -0.00010760, -0.00007870, -0.00004983, -0.00001788, 0.00002072, 0.00006897, 0.00038048, 0.00086083, 0.00150449, 0.00238229, 0.00356987, 0.00509727, 0.00695422, 0.00910957, 0.01151726, 0.01410850, 0.01678167, 0.01939996, 0.02180050, 0.02381286, 0.02528189, 0.02608912, 0.02616863, 0.02551480, 0.02418143, 0.02227339, 0.01993279, 0.01732218, 0.01460725, 0.01194118, 0.00945222, 0.00723552, 0.00534943, 0.00381622, 0.00262643, 0.00174595, 0.00112463, 0.00070527, 0.00043182, 0.00025590, 0.00014090, 0.00006334, 0.00001148, -0.00001826, -0.00002647, -0.00001592, 0.00000469, 0.00002078, 0.00001786, -0.00000337, 0.00000000
0.00030615, 0.00033334, 0.00034467, 0.00035420, 0.00036309, 0.00038068, 0.00039840, 0.00041655, 0.00043956, 0.00046823, 0.00050007, 0.00053232, 0.00056364, 0.00059415, 0.00062472, 0.00065625, 0.00068928, 0.00072385, 0.00075962, 0.00090434, 0.00104137, 0.00118202, 0.00133733, 0.00150265, 0.00166743, 0.00182624, 0.00198081, 0.00213597, 0.00229498, 0.00245738, 0.00261958, 0.00277720, 0.00292749, 0.00307090, 0.00321127, 0.00335474, 0.00350776, 0.00367486, 0.00385667, 0.00404858, 0.00424034, 0.00441665, 0.00455865, 0.00464605, 0.00465968, 0.00458402, 0.00440957, 0.00413449, 0.00376560, 0.00331835, 0.00281582, 0.00228678, 0.00176299, 0.00127579, 0.00085261, 0.00051344, 0.00026804, 0.00011414, 0.00003739, 0.00001352, 0.00001338, 0.00001151, -0.00000118, 0.00000000
0.00023049, 0.00027609, 0.00032752, 0.00039236, 0.00047029, 0.00056368, 0.00066943, 0.00078613, 0.00091453, 0.00105508, 0.00120738, 0.00137077, 0.00154487, 0.00172979, 0.00192596, 0.00213393, 0.00235423, 0.00258721, 0.00283308, 0.00394473, 0.00525218, 0.00673515, 0.00835911, 0.01007147, 0.01180523, 0.01348540, 0.01503480, 0.01637892, 0.01745056, 0.01819459, 0.01857244, 0.01856549, 0.01817684, 0.01743097, 0.01637148, 0.01505713, 0.01355678, 0.01194389, 0.01029102, 0.00866506, 0.00712337, 0.00571108, 0.00445975, 0.00338713, 0.00249814, 0.00178656, 0.00123742, 0.00082969, 0.00053902, 0.00034027, 0.00020978, 0.00012695, 0.00007529, 0.00004285, 0.00002194, 0.00000837, 0.00000034, -0.00000285, -0.00000205, 0.00000101, 0.00000359, 0.00000307, -0.00000054, 0.00000000
0.00002301, 0.00002693, 0.00004160, 0.00006293, 0.00010029, 0.00014671, 0.00019780, 0.00026041, 0.00033691, 0.00042429, 0.00051961, 0.00062250, 0.00073462, 0.00085815, 0.00099469, 0.00114493, 0.00130884, 0.00148596, 0.00167583, 0.00256135, 0.00366485, 0.00499485, 0.00651308, 0.00814862, 0.00981804, 0.01143127, 0.01289239, 0.01410470, 0.01498135, 0.01545792, 0.01550221, 0.01511851, 0.01434589, 0.01325146, 0.01192071, 0.01044682, 0.00892072, 0.00742315, 0.00601926, 0.00475581, 0.00366085, 0.00274530, 0.00200581, 0.00142842, 0.00099230, 0.00067332, 0.00044701, 0.00029075, 0.00018527, 0.00011520, 0.00006916, 0.00003926, 0.00002031, 0.00000901, 0.00000309, 0.00000081, 0.00000058, 0.00000098, 0.00000097, 0.00000022, -0.00000080, -0.00000102, 0.00000006, 0.00000000
-0.00002467, -0.00001591, 0.00000524, 0.00003316, 0.00007885, 0.00013590, 0.00019549, 0.00026699, 0.00035518, 0.00045649, 0.00056630, 0.00068331, 0.00080935, 0.00094739, 0.00109986, 0.00126792, 0.00145160, 0.00165027, 0.00186315, 0.00285185, 0.00408422, 0.00558979, 0.00734155, 0.00926795, 0.01128031, 0.01328019, 0.01515675, 0.01678923, 0.01805885, 0.01886600, 0.01914616, 0.01887984, 0.01809441, 0.01685865, 0.01527196, 0.01345095, 0.01151591, 0.00957898, 0.00773527, 0.00605730, 0.00459284, 0.00336564, 0.00237825, 0.00161642, 0.00105403, 0.00065814, 0.00039353, 0.00022634, 0.00012681, 0.00007076, 0.00004024, 0.00002320, 0.00001261, 0.00000513, -0.00000020, -0.00000333, -0.00000412, -0.00000293, -0.00000076, 0.00000111, 0.00000169, 0.00000084, -0.00000035, 0.00000000
0.00042166, 0.00043695, 0.00045705, 0.00046564, 0.00050784, 0.00054747, 0.00058394, 0.00063995, 0.00071400, 0.00079181, 0.00086489, 0.00093436, 0.00100610, 0.00108542, 0.00117449, 0.00127237, 0.00137632, 0.00148324, 0.00159072, 0.00201798, 0.00249586, 0.00307523, 0.00373328, 0.00444346, 0.00521826, 0.00609461, 0.00710559, 0.00826664, 0.00957772, 0.01103147, 0.01261829, 0.01432512, 0.01612919, 0.01799037, 0.01984587, 0.02160966, 0.02317739, 0.02443615, 0.02527719, 0.02560959, 0.02537240, 0.02454368, 0.02314501, 0.02124109, 0.01893443, 0.01635591, 0.01365236, 0.01097263, 0.00845366, 0.00620818, 0.00431523, 0.00281475, 0.00170666, 0.00095480, 0.00049525, 0.00024821, 0.00013197, 0.00007691, 0.00003714, -0.00000335, -0.00003354, -0.00003105, 0.00000511, 0.00000000
0.00000313, -0.00000804, -0.00001836, -0.00002869, -0.00003935, -0.00005154, -0.00006343, -0.00007561, -0.00008915, -0.00010404, -0.00011976, -0.00013590, -0.00015242, -0.00016954, -0.00018758, -0.00020675, -0.00022714, -0.00024875, -0.00027151, -0.00037262, -0.00049092, -0.00063064, -0.00079199, -0.00096980, -0.00115642, -0.00134345, -0.00152160, -0.00168037, -0.00180861, -0.00189575, -0.00193352, -0.00191738, -0.00184731, -0.00172789, -0.00156764, -0.00137790, -0.00117142, -0.00096101, -0.00075828, -0.00057277, -0.00041130, -0.00027785, -0.00017360, -0.00009732, -0.00004591, -0.00001503, 0.00000027, 0.00000494, 0.00000345, -0.00000057, -0.00000455, -0.00000699, -0.00000737, -0.00000600, -0.00000363, -0.00000122, 0.00000042, 0.00000087, 0.00000025, -0.00000084, -0.00000149, -0.00000104, 0.00000023, 0.00000000
0.00001069, 0.00002171, 0.00004658, 0.00008090, 0.00013304, 0.00019613, 0.00026638, 0.00035014, 0.00044942, 0.00056143, 0.00068354, 0.00081551, 0.00095891, 0.00111571, 0.00128730, 0.00147423, 0.00167633, 0.00189309, 0.00212397, 0.00318422, 0.00446713, 0.00596023, 0.00760489, 0.00931252, 0.01098537, 0.01252439, 0.01383238, 0.01482028, 0.01541723, 0.01558076, 0.01530335, 0.01461342, 0.01357081, 0.01225814, 0.01077023, 0.00920338, 0.00764612, 0.00617240, 0.00483754, 0.00367687, 0.00270663, 0.00192662, 0.00132389, 0.00087675, 0.00055887, 0.00034271, 0.00020234, 0.00011524, 0.00006340, 0.00003349, 0.00001651, 0.00000694, 0.00000179, -0.00000048, -0.00000076, 0.00000018, 0.00000142, 0.00000205, 0.00000151, -0.00000002, -0.00000154, -0.00000158, 0.00000019, 0.00000000
-0.00001642, 0.00005048, 0.00017219, 0.00034312, 0.00057060, 0.00084401, 0.00116232, 0.00153132, 0.00195103, 0.00241787, 0.00292927, 0.00348494, 0.00408566, 0.00473207, 0.00542384, 0.00615971, 0.00693771, 0.00775551, 0.00861066, 0.01235677, 0.01649794, 0.02082201, 0.02506962, 0.02897522, 0.03230045, 0.03485112, 0.03648745, 0.03713244, 0.03677751, 0.03548215, 0.03336623, 0.03059576, 0.02736443, 0.02387410, 0.02031684, 0.01686067, 0.01363982, 0.01075003, 0.00824826, 0.00615590, 0.00446465, 0.00314367, 0.00214723, 0.00142187, 0.00091265, 0.00056791, 0.00034254, 0.00019979, 0.00011165, 0.00005828, 0.00002665, 0.00000880, 0.00000006, -0.00000247, -0.00000105, 0.00000210, 0.00000483, 0.00000541, 0.00000324, -0.00000071, -0.00000390, -0.00000351, 0.00000057, 0.00000000
-0.00089684, -0.00134267, -0.00181891, -0.00233538, -0.00289917, -0.00350336, -0.00413935, -0.00480163, -0.00548444, -0.00618145, -0.00688680, -0.00759571, -0.00830442, -0.00900992, -0.00970969, -0.01040146, -0.01108318, -0.01175293, -0.01240892, -0.01486386, -0.01698565, -0.01870894, -0.01999054, -0.02081151, -0.02117683, -0.02111193, -0.02065792, -0.01986715, -0.01879928, -0.01751793, -0.01608751, -0.01457029, -0.01302376, -0.01149833, -0.01003575, -0.00866816, -0.00741787, -0.00629777, -0.00531235, -0.00445907, -0.00372996, -0.00311329, -0.00259517, -0.00216100, -0.00179663, -0.00148924, -0.00122792, -0.00100389, -0.00081060, -0.00064342, -0.00049936, -0.00037660, -0.00027400, -0.00019063, -0.00012546, -0.00007701, -0.00004329, -0.00002177, -0.00000954, -0.00000363, -0.00000129, -0.00000043, 0.00000004, 0.00000000
0.00022382, 0.00242814, 0.00514733, 0.00827610, 0.01173021, 0.01544255, 0.01936903, 0.02346649, 0.02769421, 0.03201747, 0.03640645, 0.04083394, 0.04527420, 0.04970275, 0.05409673, 0.05843519, 0.06269917, 0.06687159, 0.07093704, 0.08586728, 0.09816206, 0.10734388, 0.11317875, 0.11566197, 0.11497931, 0.11146209, 0.10554602, 0.09773392, 0.08856030, 0.07855759, 0.06822563, 0.05800640, 0.04826590, 0.03928401, 0.03125204, 0.02427705, 0.01839141, 0.01356572, 0.00972364, 0.00675678, 0.00453873, 0.00293728, 0.00182417, 0.00108233, 0.00061057, 0.00032587, 0.00016370, 0.00007681, 0.00003291, 0.00001171, 0.00000175, -0.00000256, -0.00000351, -0.00000206, 0.00000095, 0.00000431, 0.00000655, 0.00000643, 0.00000369, -0.00000052, -0.00000369, -0.00000326, 0.00000061, 0.00000000
0.00058238, 0.00060295, 0.00062436, 0.00066094, 0.00071097, 0.00077184, 0.00085154, 0.00094292, 0.00103916, 0.00114036, 0.00124935, 0.00136758, 0.00149437, 0.00162794, 0.00176665, 0.00190972, 0.00205729, 0.00221021, 0.00236959, 0.00309008, 0.00395561, 0.00496094, 0.00611499, 0.00743773, 0.00893794, 0.01060386, 0.01240629, 0.01430422, 0.01624756, 0.01817699, 0.02002338, 0.02170905, 0.02315176, 0.02427126, 0.02499692, 0.02527534, 0.02507642, 0.02439707, 0.02326214, 0.02172263, 0.01985140, 0.01773720, 0.01547765, 0.01317183, 0.01091334, 0.00878431, 0.00685073, 0.00515949, 0.00373715, 0.00259037, 0.00170797, 0.00106414, 0.00062260, 0.00034129, 0.00017706, 0.00009007, 0.00004734, 0.00002517, 0.00001009, -0.00000210, -0.00000911, -0.00000723, 0.00000153, 0.00000000
-0.00003890, -0.00001672, 0.00003373, 0.00010332, 0.00020777, 0.00033642, 0.00047673, 0.00064248, 0.00084057, 0.00106591, 0.00131208, 0.00157751, 0.00186515, 0.00217952, 0.00252430, 0.00290131, 0.00331071, 0.00375165, 0.00422303, 0.00640332, 0.00907372, 0.01223798, 0.01580281, 0.01960129, 0.02343827, 0.02710823, 0.03039883, 0.03310050, 0.03502681, 0.03603940, 0.03606847, 0.03512265, 0.03328668, 0.03070829, 0.02757825, 0.02410749, 0.02050527, 0.01696080, 0.01363011, 0.01062853, 0.00802853, 0.00586203, 0.00412606, 0.00279041, 0.00180617, 0.00111409, 0.00065205, 0.00036097, 0.00018907, 0.00009437, 0.00004542, 0.00002088, 0.00000788, 0.00000001, -0.00000503, -0.00000750, -0.00000727, -0.00000478, -0.00000128, 0.00000154, 0.00000236, 0.00000114, -0.00000049, 0.00000000
-0.00001605, -0.00001465, 0.00000116, 0.00001895, 0.00006291, 0.00011716, 0.00016943, 0.00023776, 0.00032905, 0.00043576, 0.00054983, 0.00066981, 0.00079967, 0.00094491, 0.00110965, 0.00129565, 0.00150263, 0.00172931, 0.00197431, 0.00313427, 0.00464445, 0.00658483, 0.00894072, 0.01162893, 0.01454197, 0.01755202, 0.02049865, 0.02318941, 0.02542047, 0.02700866, 0.02782230, 0.02780151, 0.02696429, 0.02539934, 0.02324924, 0.02068877, 0.01790259, 0.01506563, 0.01232818, 0.00980665, 0.00757968, 0.00568900, 0.00414387, 0.00292766, 0.00200560, 0.00133233, 0.00085881, 0.00053767, 0.00032705, 0.00019275, 0.00010886, 0.00005720, 0.00002602, 0.00000813, -0.00000075, -0.00000357, -0.00000277, -0.00000070, 0.00000074, 0.00000058, -0.00000069, -0.00000134, -0.00000004, 0.00000000
0.00025576, 0.00029023, 0.00034900, 0.00043889, 0.00055828, 0.00071019, 0.00088283, 0.00107777, 0.00129999, 0.00154959, 0.00182364, 0.00211989, 0.00243821, 0.00278013, 0.00314776, 0.00354292, 0.00396676, 0.00441980, 0.00490210, 0.00712110, 0.00980461, 0.01294724, 0.01649381, 0.02033105, 0.02430643, 0.02824431, 0.03195480, 0.03524247, 0.03791996, 0.03982541, 0.04084022, 0.04090268, 0.04001467, 0.03824064, 0.03569956, 0.03255163, 0.02898202, 0.02518403, 0.02134344, 0.01762551, 0.01416555, 0.01106333, 0.00838122, 0.00614576, 0.00435178, 0.00296854, 0.00194689, 0.00122672, 0.00074410, 0.00043741, 0.00025212, 0.00014395, 0.00008037, 0.00004035, 0.00001282, -0.00000604, -0.00001606, -0.00001645, -0.00000844, 0.00000329, 0.00001132, 0.00000910, -0.00000183, 0.00000000
0.00002517, 0.00005335, 0.00010357, 0.00017104, 0.00026476, 0.00037692, 0.00050308, 0.00065039, 0.00082116, 0.00101226, 0.00122075, 0.00144634, 0.00169077, 0.00195621, 0.00224420, 0.00255526, 0.00288910, 0.00324500, 0.00362215, 0.00533275, 0.00735294, 0.00963825, 0.01208735, 0.01456399, 0.01692425, 0.01902879, 0.02074890, 0.02197482, 0.02262701, 0.02266664, 0.02210112, 0.02098308, 0.01940309, 0.01747791, 0.01533687, 0.01310851, 0.01090935, 0.00883572, 0.00695909, 0.00532474, 0.00395319, 0.00284364, 0.00197874, 0.00132976, 0.00086175, 0.00053794, 0.00032334, 0.00018719, 0.00010438, 0.00005583, 0.00002814, 0.00001269, 0.00000439, 0.00000048, -0.00000063, -0.00000006, 0.00000111, 0.00000184, 0.00000146, 0.00000002, -0.00000148, -0.00000158, 0.00000018, 0.00000000
0.00005909, 0.00005853, 0.00005287, 0.00007430, 0.00007342, 0.00008717, 0.00012661, 0.00015925, 0.00017931, 0.00020304, 0.00024336, 0.00030080, 0.00036795, 0.00043669, 0.00050263, 0.00056588, 0.00062980, 0.00069900, 0.00077769, 0.00122232, 0.00183706, 0.00257504, 0.00349892, 0.00469805, 0.00621024, 0.00802345, 0.01010683, 0.01242627, 0.01493680, 0.01756520, 0.02019804, 0.02268335, 0.02484592, 0.02651146, 0.02753262, 0.02781096, 0.02731071, 0.02606287, 0.02415966, 0.02174168, 0.01898012, 0.01605720, 0.01314742, 0.01040184, 0.00793684, 0.00582813, 0.00410985, 0.00277838, 0.00179970, 0.00111901, 0.00067125, 0.00039100, 0.00022066, 0.00011595, 0.00004813, 0.00000297, -0.00002333, -0.00002998, -0.00001807, 0.00000458, 0.00002270, 0.00002005, -0.00000347, 0.00000000
-0.00165002, -0.00176387, -0.00181713, -0.00187451, -0.00192633, -0.00200162, -0.00209300, -0.00218490, -0.00227702, -0.00237377, -0.00247527, -0.00257721, -0.00267427, -0.00276273, -0.00284115, -0.00290986, -0.00296998, -0.00302264, -0.00306844, -0.00317446, -0.00310712, -0.00281761, -0.00228366, -0.00147451, -0.00034419, 0.00114978, 0.00302845, 0.00528438, 0.00788285, 0.01076529, 0.01385166, 0.01704139, 0.02021460, 0.02323531, 0.02595777, 0.02823598, 0.02993537, 0.03094520, 0.03118991, 0.03063784, 0.02930616, 0.02726125, 0.02461454, 0.02151416, 0.01813323, 0.01465603, 0.01126327, 0.00811791, 0.00535286, 0.00306159, 0.00129257, 0.00004809, -0.00071244, -0.00106489, -0.00110919, -0.00095556, -0.00070967, -0.00045846, -0.00025893, -0.00013233, -0.00006652, -0.00002948, 0.00000267, 0.00000000
-0.00051716, -0.00058122, -0.00065396, -0.00073624, -0.00082817, -0.00092669, -0.00102948, -0.00113569, -0.00124481, -0.00135628, -0.00146971, -0.00158488, -0.00170172, -0.00182023, -0.00194044, -0.00206235, -0.00218589, -0.00231096, -0.00243736, -0.00295125, -0.00346261, -0.00394783, -0.00438336, -0.00474792, -0.00502410, -0.00519966, -0.00526840, -0.00523046, -0.00509198, -0.00486412, -0.00456183, -0.00420237, -0.00380388, -0.00338411, -0.00295942, -0.00254400, -0.00214945, -0.00178455, -0.00145531, -0.00116516, -0.00091523, -0.00070479, -0.00053159, -0.00039233, -0.00028305, -0.00019944, -0.00013717, -0.00009208, -0.00006041, -0.00003885, -0.00002463, -0.00001552, -0.00000982, -0.00000629, -0.00000407, -0.00000264, -0.00000168, -0.00000103, -0.00000060, -0.00000033, -0.00000018, -0.00000009, -0.00000001, 0.00000000
0.00077294, 0.00080414, 0.00082475, 0.00084943, 0.00088582, 0.00093203, 0.00098331, 0.00104005, 0.00110167, 0.00116573, 0.00122993, 0.00129317, 0.00135540, 0.00141705, 0.00147849, 0.00153984, 0.00160102, 0.00166181, 0.00172200, 0.00195520, 0.00218036, 0.00240076, 0.00260949, 0.00279699, 0.00295821, 0.00309268, 0.00320155, 0.00328577, 0.00334604, 0.00338394, 0.00340277, 0.00340760, 0.00340438, 0.00339850, 0.00339339, 0.00338944, 0.00338361, 0.00336971, 0.00333937, 0.00328338, 0.00319316, 0.00306224, 0.00288738, 0.00266923, 0.00241255, 0.00212585, 0.00182058, 0.00151004, 0.00120799, 0.00092729, 0.00067862, 0.00046951, 0.00030370, 0.00018096, 0.00009744, 0.00004643, 0.00001952, 0.00000797, 0.00000413, 0.00000264, 0.00000107, -0.00000037, -0.00000038, 0.00000000
0.00026240, 0.00037180, 0.00054088, 0.00076957, 0.00105305, 0.00138762, 0.00176812, 0.00219202, 0.00265773, 0.00316312, 0.00370557, 0.00428254, 0.00489181, 0.00553150, 0.00619982, 0.00689496, 0.00761499, 0.00835786, 0.00912138, 0.01233576, 0.01569327, 0.01904329, 0.02223914, 0.02514420, 0.02763972, 0.02963061, 0.03104873, 0.03185435, 0.03203632, 0.03161127, 0.03062150, 0.02913156, 0.02722361, 0.02499186, 0.02253661, 0.01995830, 0.01735210, 0.01480337, 0.01238422, 0.01015134, 0.00814505, 0.00638943, 0.00489351, 0.00365315, 0.00265343, 0.00187144, 0.00127897, 0.00084525, 0.00053928, 0.00033182, 0.00019686, 0.00011260, 0.00006189, 0.00003216, 0.00001496, 0.00000520, 0.00000014, -0.00000162, -0.00000104, 0.00000069, 0.00000207, 0.00000170, -0.00000032, 0.00000000
-0.00005062, -0.00005039, -0.00003739, -0.00001422, 0.00002143, 0.00006895, 0.00012053, 0.00018062, 0.00025346, 0.00033808, 0.00043174, 0.00053306, 0.00064267, 0.00076227, 0.00089359, 0.00103774, 0.00119518, 0.00136581, 0.00154931, 0.00240856, 0.00347990, 0.00478247, 0.00630150, 0.00798722, 0.00977122, 0.01157397, 0.01330517, 0.01486551, 0.01615421, 0.01708076, 0.01757737, 0.01760825, 0.01717407, 0.01631091, 0.01508467, 0.01358246, 0.01190256, 0.01014457, 0.00840075, 0.00674949, 0.00525101, 0.00394557, 0.00285365, 0.00197793, 0.00130644, 0.00081644, 0.00047848, 0.00026031, 0.00013031, 0.00006011, 0.00002639, 0.00001180, 0.00000504, 0.00000011, -0.00000482, -0.00000904, -0.00001086, -0.00000912, -0.00000419, 0.00000178, 0.00000545, 0.00000416, -0.00000091, 0.00000000
-0.00020376, -0.00026051, -0.00030388, -0.00036526, -0.00039694, -0.00042602, -0.00047603, -0.00051508, -0.00052816, -0.00052618, -0.00052303, -0.00052234, -0.00051837, -0.00050211, -0.00046628, -0.00040736, -0.00032526, -0.00022182, -0.00009926, 0.00057401, 0.00164792, 0.00329891, 0.00558505, 0.00847504, 0.01191425, 0.01582159, 0.02005109, 0.02437139, 0.02848287, 0.03206338, 0.03482266, 0.03654801, 0.03713127, 0.03657496, 0.03498073, 0.03252583, 0.02943387, 0.02594544, 0.02229241, 0.01867849, 0.01526675, 0.01217401, 0.00947106, 0.00718729, 0.00531821, 0.00383433, 0.00269022, 0.00183261, 0.00120712, 0.00076313, 0.00045671, 0.00025196, 0.00012088, 0.00004233, 0.00000056, -0.00001642, -0.00001808, -0.00001212, -0.00000457, 0.00000053, 0.00000168, 0.00000013, -0.00000106, 0.00000000
-0.00003911, -0.00003303, -0.00000943, 0.00003777, 0.00010057, 0.00018729, 0.00028922, 0.00040480, 0.00053861, 0.00069297, 0.00086682, 0.00105815, 0.00126598, 0.00149072, 0.00173373, 0.00199663, 0.00228080, 0.00258716, 0.00291624, 0.00446218, 0.00638155, 0.00868708, 0.01136674, 0.01436280, 0.01757717, 0.02088294, 0.02413235, 0.02716339, 0.02980944, 0.03191304, 0.03334185, 0.03400334, 0.03385527, 0.03291015, 0.03123315, 0.02893443, 0.02615724, 0.02306378, 0.01982071, 0.01658571, 0.01349657, 0.01066328, 0.00816357, 0.00604188, 0.00431117, 0.00295728, 0.00194482, 0.00122405, 0.00073792, 0.00042860, 0.00024287, 0.00013620, 0.00007500, 0.00003714, 0.00001085, -0.00000776, -0.00001805, -0.00001847, -0.00000974, 0.00000339, 0.00001270, 0.00001045, -0.00000201, 0.00000000
-0.00003296, 0.00000052, 0.00003040, 0.00005909, 0.00008739, 0.00011779, 0.00014944, 0.00018217, 0.00021670, 0.00025339, 0.00029206, 0.00033236, 0.00037407, 0.00041721, 0.00046194, 0.00050850, 0.00055709, 0.00060788, 0.00066094, 0.00089656, 0.00117122, 0.00148847, 0.00184899, 0.00224704, 0.00267115, 0.00310586, 0.00353283, 0.00393162, 0.00428070, 0.00455920, 0.00474900, 0.00483687, 0.00481608, 0.00468721, 0.00445811, 0.00414302, 0.00376096, 0.00333389, 0.00288464, 0.00243504, 0.00200429, 0.00160784, 0.00125667, 0.00095710, 0.00071103, 0.00051655, 0.00036874, 0.00026068, 0.00018446, 0.00013211, 0.00009637, 0.00007132, 0.00005262, 0.00003758, 0.00002500, 0.00001473, 0.00000716, 0.00000263, 0.00000101, 0.00000135, 0.00000207, 0.00000159, -0.00000027, 0.00000000
0.00007087, 0.00011164, 0.00015048, 0.00019835, 0.00025148, 0.00031933, 0.00039519, 0.00047679, 0.00056745, 0.00066917, 0.00078108, 0.00090131, 0.00102867, 0.00116313, 0.00130559, 0.00145724, 0.00161922, 0.00179232, 0.00197703, 0.00283464, 0.00388965, 0.00516269, 0.00666576, 0.00838258, 0.01026960, 0.01226301, 0.01428261, 0.01623371, 0.01801130, 0.01950799, 0.02062509, 0.02128420, 0.02143686, 0.02107035, 0.02020879, 0.01890993, 0.01725827, 0.01535594, 0.01331264, 0.01123591, 0.00922271, 0.00735303, 0.00568584, 0.00425749, 0.00308237, 0.00215536, 0.00145580, 0.00095211, 0.00060683, 0.00038127, 0.00023960, 0.00015176, 0.00009529, 0.00005573, 0.00002582, 0.00000371, -0.00000960, -0.00001292, -0.00000726, 0.00000294, 0.00001046, 0.00000862, -0.00000163, 0.00000000
0.00000376, 0.00001272, 0.00003621, 0.00008479, 0.00014959, 0.00024632, 0.00035411, 0.00047368, 0.00061609, 0.00078442, 0.00097441, 0.00118124, 0.00140334, 0.00164238, 0.00190166, 0.00218446, 0.00249316, 0.00282897, 0.00319228, 0.00492022, 0.00711730, 0.00986155, 0.01319569, 0.01708725, 0.02144416, 0.02612947, 0.03096059, 0.03570668, 0.04009818, 0.04385121, 0.04670151, 0.04843879, 0.04893375, 0.04815292, 0.04616003, 0.04310518, 0.03920497, 0.03471744, 0.02991552, 0.02506225, 0.02039032, 0.01608715, 0.01228635, 0.00906533, 0.00644835, 0.00441386, 0.00290492, 0.00184106, 0.00113041, 0.00068084, 0.00040906, 0.00024710, 0.00014571, 0.00007468, 0.00002033, -0.00001926, -0.00004029, -0.00003963, -0.00001996, 0.00000780, 0.00002649, 0.00002115, -0.00000430, 0.00000000
0.00004578, 0.00005416, 0.00007900, 0.00012010, 0.00017622, 0.00024655, 0.00032936, 0.00042449, 0.00053222, 0.00065242, 0.00078461, 0.00092835, 0.00108336, 0.00124956, 0.00142689, 0.00161527, 0.00181454, 0.00202441, 0.00224451, 0.00321746, 0.00431114, 0.00548386, 0.00668729, 0.00786851, 0.00897420, 0.00995450, 0.01076593, 0.01137353, 0.01175257, 0.01188992, 0.01178472, 0.01144826, 0.01090292, 0.01018029, 0.00931866, 0.00836012, 0.00734769, 0.00632261, 0.00532200, 0.00437716, 0.00351244, 0.00274472, 0.00208351, 0.00153145, 0.00108535, 0.00073727, 0.00047594, 0.00028809, 0.00015967, 0.00007701, 0.00002769, 0.00000113, -0.00001106, -0.00001500, -0.00001474, -0.00001262, -0.00000976, -0.00000662, -0.00000346, -0.00000072, 0.00000097, 0.00000102, -0.00000021, 0.00000000
-0.00023873, -0.00023985, -0.00023878, -0.00024384, -0.00025600, -0.00027603, -0.00030298, -0.00033571, -0.00037381, -0.00041714, -0.00046541, -0.00051823, -0.00057522, -0.00063618, -0.00070108, -0.00077002, -0.00084316, -0.00092065, -0.00100264, -0.00137653, -0.00182277, -0.00233706, -0.00291222, -0.00353625, -0.00419203, -0.00485862, -0.00551294, -0.00613117, -0.00669004, -0.00716802, -0.00754665, -0.00781182, -0.00795473, -0.00797251, -0.00786830, -0.00765082, -0.00733344, -0.00693303, -0.00646851, -0.00595948, -0.00542496, -0.00488228, -0.00434633, -0.00382909, -0.00333946, -0.00288343, -0.00246434, -0.00208342, -0.00174034, -0.00143379, -0.00116199, -0.00092309, -0.00071548, -0.00053783, -0.00038906, -0.00026813, -0.00017375, -0.00010404, -0.00005624, -0.00002659, -0.00001049, -0.00000302, -0.00000004, 0.00000000
0.00011847, 0.00010976, 0.00009229, 0.00005518, 0.00001635, -0.00001528, -0.00006093, -0.00012071, -0.00018184, -0.00023720, -0.00028881, -0.00034269, -0.00040376, -0.00047370, -0.00055115, -0.00063311, -0.00071631, -0.00079812, -0.00087698, -0.00116381, -0.00143853, -0.00169642, -0.00186945, -0.00189181, -0.00172991, -0.00136967, -0.00079566, 0.00001663, 0.00109377, 0.00245000, 0.00407375, 0.00592026, 0.00791196, 0.00994554, 0.01190349, 0.01366734, 0.01513032, 0.01620766, 0.01684352, 0.01701433, 0.01672857, 0.01602363, 0.01496043, 0.01361668, 0.01207947, 0.01043805, 0.00877729, 0.00717226, 0.00568423, 0.00435826, 0.00322228, 0.00228765, 0.00155094, 0.00099671, 0.00060086, 0.00033433, 0.00016678, 0.00006978, 0.00001930, -0.00000279, -0.00000861, -0.00000561, 0.00000033, 0.00000000
0.00017108, 0.00016753, 0.00016393, 0.00018762, 0.00020821, 0.00025445, 0.00032025, 0.00038812, 0.00046070, 0.00054800, 0.00065422, 0.00077660, 0.00091001, 0.00105076, 0.00119810, 0.00135370, 0.00152043, 0.00170124, 0.00189840, 0.00286539, 0.00410804, 0.00564290, 0.00753458, 0.00982986, 0.01252400, 0.01556799, 0.01888137, 0.02235481, 0.02584686, 0.02918451, 0.03217321, 0.03461583, 0.03633643, 0.03720301, 0.03714471, 0.03616041, 0.03431803, 0.03174545, 0.02861510, 0.02512497, 0.02147878, 0.01786769, 0.01445531, 0.01136743, 0.00868672, 0.00645236, 0.00466410, 0.00328951, 0.00227354, 0.00154872, 0.00104511, 0.00069864, 0.00045714, 0.00028350, 0.00015573, 0.00006425, 0.00000693, -0.00001689, -0.00001213, 0.00000859, 0.00002587, 0.00002146, -0.00000395, 0.00000000
-0.00113742, -0.00115892, -0.00115646, -0.00114874, -0.00113858, -0.00112896, -0.00111023, -0.00108038, -0.00104047, -0.00098948, -0.00092489, -0.00084461, -0.00074775, -0.00063442, -0.00050515, -0.00036039, -0.00020029, -0.00002468, 0.00016686, 0.00110213, 0.00232209, 0.00382981, 0.00562208, 0.00769021, 0.01001075, 0.01253997, 0.01521500, 0.01795842, 0.02068313, 0.02329666, 0.02570487, 0.02781598, 0.02954504, 0.03081875, 0.03158037, 0.03179394, 0.03144735, 0.03055376, 0.02915123, 0.02730058, 0.02508159, 0.02258794, 0.01992136, 0.01718541, 0.01447944, 0.01189309, 0.00950169, 0.00736296, 0.00551500, 0.00397581, 0.00274416, 0.00180188, 0.00111712, 0.00064854, 0.00034992, 0.00017491, 0.00008144, 0.00003527, 0.00001240, -0.00000032, -0.00000680, -0.00000590, 0.00000117, 0.00000000
-0.00001791, -0.00003505, -0.00005107, -0.00006883, -0.00008695, -0.00011319, -0.00013492, -0.00015461, -0.00017889, -0.00020824, -0.00023907, -0.00026820, -0.00029478, -0.00031977, -0.00034471, -0.00037079, -0.00039831, -0.00042684, -0.00045540, -0.00054974, -0.00059245, -0.00058923, -0.00053471, -0.00040158, -0.00016239, 0.00019693, 0.00067997, 0.00128850, 0.00202735, 0.00290235, 0.00391342, 0.00504689, 0.00627013, 0.00753060, 0.00875929, 0.00987778, 0.01080733, 0.01147820, 0.01183788, 0.01185702, 0.01153240, 0.01088703, 0.00996727, 0.00883782, 0.00757504, 0.00625953, 0.00496880, 0.00377063, 0.00271780, 0.00184464, 0.00116564, 0.00067620, 0.00035532, 0.00017001, 0.00008096, 0.00004867, 0.00003948, 0.00003048, 0.00001238, -0.00001069, -0.00002551, -0.00001940, 0.00000376, 0.00000000
0.00000825, -0.00005367, -0.00011764, -0.00018122, -0.00025710, -0.00034162, -0.00042848, -0.00052539, -0.00063648, -0.00075928, -0.00089032, -0.00102861, -0.00117552, -0.00133335, -0.00150403, -0.00168861, -0.00188732, -0.00209986, -0.00232580, -0.00336156, -0.00462581, -0.00613247, -0.00784682, -0.00969597, -0.01159131, -0.01343680, -0.01513023, -0.01656762, -0.01765335, -0.01831290, -0.01850360, -0.01822037, -0.01749522, -0.01639158, -0.01499494, -0.01340217, -0.01171101, -0.01001127, -0.00837850, -0.00687022, -0.00552472, -0.00436202, -0.00338624, -0.00258905, -0.00195339, -0.00145715, -0.00107642, -0.00078799, -0.00057116, -0.00040870, -0.00028714, -0.00019654, -0.00012978, -0.00008184, -0.00004893, -0.00002783, -0.00001554, -0.00000911, -0.00000590, -0.00000387, -0.00000202, -0.00000042, 0.00000020, 0.00000000
0.00012492, 0.00013332, 0.00013024, 0.00013451, 0.00013016, 0.00013044, 0.00014754, 0.00016745, 0.00018451, 0.00020472, 0.00023454, 0.00027520, 0.00032368, 0.00037585, 0.00042885, 0.00048186, 0.00053575, 0.00059230, 0.00065340, 0.00096286, 0.00136684, 0.00184308, 0.00241624, 0.00312798, 0.00399869, 0.00502411, 0.00618909, 0.00747684, 0.00886782, 0.01033274, 0.01182633, 0.01328615, 0.01463722, 0.01580091, 0.01670550, 0.01729572, 0.01753945, 0.01743074, 0.01698895, 0.01625480, 0.01528419, 0.01414109, 0.01289047, 0.01159225, 0.01029684, 0.00904261, 0.00785530, 0.00674909, 0.00572904, 0.00479417, 0.00394089, 0.00316586, 0.00246819, 0.00185033, 0.00131768, 0.00087687, 0.00053310, 0.00028688, 0.00013114, 0.00004961, 0.00001780, 0.00000800, 0.00000009, 0.00000000
0.00054146, 0.00055872, 0.00056179, 0.00055721, 0.00054026, 0.00051195, 0.00047400, 0.00042057, 0.00034851, 0.00025884, 0.00015328, 0.00003225, -0.00010510, -0.00025999, -0.00043332, -0.00062535, -0.00083580, -0.00106407, -0.00130948, -0.00245169, -0.00383346, -0.00541669, -0.00712654, -0.00886474, -0.01052885, -0.01202154, -0.01325459, -0.01415350, -0.01466405, -0.01475872, -0.01444045, -0.01374233, -0.01272332, -0.01146085, -0.01004202, -0.00855462, -0.00707940, -0.00568424, -0.00442052, -0.00332179, -0.00240430, -0.00166907, -0.00110497, -0.00069221, -0.00040595, -0.00021949, -0.00010704, -0.00004566, -0.00001650, -0.00000533, -0.00000244, -0.00000209, -0.00000158, -0.00000033, 0.00000119, 0.00000220, 0.00000222, 0.00000132, 0.00000003, -0.00000092, -0.00000103, -0.00000039, 0.00000024, 0.00000000
0.00006338, 0.00006214, 0.00006279, 0.00008364, 0.00010208, 0.00013931, 0.00019056, 0.00024347, 0.00030039, 0.00036877, 0.00045164, 0.00054701, 0.00065121, 0.00076170, 0.00087808, 0.00100168, 0.00113469, 0.00127931, 0.00143724, 0.00221401, 0.00321948, 0.00447063, 0.00601679, 0.00789073, 0.01008433, 0.01255377, 0.01522884, 0.01801538, 0.02079419, 0.02342330, 0.02574708, 0.02761173, 0.02888346, 0.02946558, 0.02931070, 0.02842627, 0.02687309, 0.02475746, 0.02221878, 0.01941465, 0.01650551, 0.01364062, 0.01094682, 0.00852078, 0.00642523, 0.00468890, 0.00330979, 0.00226092, 0.00149774, 0.00096604, 0.00060967, 0.00037695, 0.00022544, 0.00012442, 0.00005508, 0.00000861, -0.00001749, -0.00002384, -0.00001357, 0.00000502, 0.00001886, 0.00001572, -0.00000299, 0.00000000
0.00002705, 0.00004416, 0.00008727, 0.00014452, 0.00023723, 0.00034640, 0.00046778, 0.00061588, 0.00079307, 0.00099236, 0.00120868, 0.00144260, 0.00169821, 0.00197989, 0.00229047, 0.00263081, 0.00300046, 0.00339839, 0.00382371, 0.00579862, 0.00824051, 0.01114082, 0.01438768, 0.01780532, 0.02119388, 0.02434220, 0.02703553, 0.02907382, 0.03029819, 0.03061572, 0.03001382, 0.02856050, 0.02639191, 0.02369116, 0.02066346, 0.01751222, 0.01441933, 0.01153144, 0.00895287, 0.00674442, 0.00492713, 0.00348924, 0.00239506, 0.00159422, 0.00103012, 0.00064700, 0.00039503, 0.00023328, 0.00013089, 0.00006653, 0.00002677, 0.00000387, -0.00000660, -0.00000780, -0.00000292, 0.00000430, 0.00000993, 0.00001090, 0.00000631, -0.00000164, -0.00000788, -0.00000693, 0.00000116, 0.00000000
0.00024122, 0.00025594, 0.00026903, 0.00028433, 0.00030129, 0.00031941, 0.00033959, 0.00035973, 0.00037830, 0.00039533, 0.00041135, 0.00042652, 0.00044059, 0.00045315, 0.00046386, 0.00047261, 0.00047945, 0.00048455, 0.00048811, 0.00048930, 0.00046874, 0.00042410, 0.00036026, 0.00028745, 0.00021641, 0.00015680, 0.00011734, 0.00010588, 0.00012838, 0.00018747, 0.00028134, 0.00040346, 0.00054329, 0.00068774, 0.00082301, 0.00093643, 0.00101794, 0.00106117, 0.00106379, 0.00102741, 0.00095701, 0.00086002, 0.00074531, 0.00062212, 0.00049910, 0.00038360, 0.00028113, 0.00019514, 0.00012705, 0.00007645, 0.00004153, 0.00001949, 0.00000715, 0.00000133, -0.00000070, -0.00000102, -0.00000090, -0.00000089, -0.00000103, -0.00000106, -0.00000079, -0.00000027, 0.00000012, 0.00000000
0.00006705, 0.00011803, 0.00020871, 0.00033654, 0.00050459, 0.00070594, 0.00094059, 0.00121076, 0.00151542, 0.00185232, 0.00222010, 0.00261841, 0.00304726, 0.00350640, 0.00399504, 0.00451190, 0.00505541, 0.00562384, 0.00621541, 0.00877664, 0.01155210, 0.01438567, 0.01710193, 0.01953173, 0.02152993, 0.02298464, 0.02382298, 0.02401521, 0.02357596, 0.02256129, 0.02106145, 0.01919038, 0.01707361, 0.01483644, 0.01259380, 0.01044280, 0.00845816, 0.00669060, 0.00516770, 0.00389664, 0.00286807, 0.00206066, 0.00144557, 0.00099055, 0.00066332, 0.00043410, 0.00027722, 0.00017189, 0.00010231, 0.00005709, 0.00002853, 0.00001152, 0.00000269, -0.00000048, -0.00000012, 0.00000178, 0.00000344, 0.00000364, 0.00000201, -0.00000069, -0.00000274, -0.00000234, 0.00000041, 0.00000000
0.00103501, 0.00390344, 0.00703169, 0.01034868, 0.01378045, 0.01728271, 0.02082022, 0.02435497, 0.02785643, 0.03130243, 0.03467489, 0.03795701, 0.04113283, 0.04418787, 0.04710967, 0.04988804, 0.05251485, 0.05498377, 0.05728980, 0.06482012, 0.06957526, 0.07161522, 0.07116531, 0.06857315, 0.06425783, 0.05866823, 0.05225112, 0.04542536, 0.03856084, 0.03196294, 0.02586365, 0.02041975, 0.01571722, 0.01178061, 0.00858527, 0.00607083, 0.00415421, 0.00274126, 0.00173622, 0.00104878, 0.00059875, 0.00031862, 0.00015436, 0.00006487, 0.00002056, 0.00000140, -0.00000519, -0.00000639, -0.00000579, -0.00000481, -0.00000381, -0.00000277, -0.00000165, -0.00000057, 0.00000029, 0.00000075, 0.00000075, 0.00000039, -0.00000007, -0.00000037, -0.00000033, -0.00000006, 0.00000012, 0.00000000
-0.00091357, -0.00085968, -0.00074262, -0.00056917, -0.00033923, -0.00005625, 0.00028607, 0.00068825, 0.00114714, 0.00166039, 0.00222678, 0.00284496, 0.00351259, 0.00422640, 0.00498255, 0.00577698, 0.00660573, 0.00746493, 0.00835082, 0.01208388, 0.01591838, 0.01956936, 0.02277077, 0.02530718, 0.02702600, 0.02784231, 0.02774136, 0.02677681, 0.02506239, 0.02275709, 0.02004626, 0.01712160, 0.01416322, 0.01132568, 0.00872905, 0.00645502, 0.00454752, 0.00301671, 0.00184533, 0.00099610, 0.00041936, 0.00006003, -0.00013650, -0.00021997, -0.00023229, -0.00020615, -0.00016479, -0.00012281, -0.00008771, -0.00006171, -0.00004378, -0.00003137, -0.00002187, -0.00001352, -0.00000582, 0.00000064, 0.00000471, 0.00000545, 0.00000295, -0.00000123, -0.00000431, -0.00000358, 0.00000063, 0.00000000
-0.00017870, -0.00012428, -0.00006076, 0.00001563, 0.00010613, 0.00021606, 0.00033979, 0.00047946, 0.00063922, 0.00081978, 0.00101957, 0.00123717, 0.00147245, 0.00172626, 0.00199987, 0.00229434, 0.00261039, 0.00294826, 0.00330792, 0.00496083, 0.00695057, 0.00926190, 0.01184399, 0.01460588, 0.01743048, 0.02018733, 0.02274057, 0.02495598, 0.02671026, 0.02790198, 0.02846211, 0.02836158, 0.02761426, 0.02627497, 0.02443315, 0.02220337, 0.01971432, 0.01709750, 0.01447702, 0.01196141, 0.00963770, 0.00756825, 0.00578999, 0.00431590, 0.00313814, 0.00223241, 0.00156296, 0.00108764, 0.00076273, 0.00054695, 0.00040456, 0.00030734, 0.00023537, 0.00017671, 0.00012611, 0.00008305, 0.00004935, 0.00002682, 0.00001530, 0.00001177, 0.00001069, 0.00000657, -0.00000115, 0.00000000
-0.00052416, -0.00057354, -0.00064696, -0.00074583, -0.00087446, -0.00102611, -0.00119739, -0.00138935, -0.00160150, -0.00183188, -0.00207889, -0.00234195, -0.00262113, -0.00291666, -0.00322848, -0.00355622, -0.00389918, -0.00425646, -0.00462702, -0.00622063, -0.00793592, -0.00968462, -0.01136619, -0.01288204, -0.01414716, -0.01509542, -0.01568190, -0.01588432, -0.01570389, -0.01516471, -0.01431111, -0.01320316, -0.01191076, -0.01050736, -0.00906395, -0.00764413, -0.00630054, -0.00507282, -0.00398708, -0.00305656, -0.00228322, -0.00165996, -0.00117305, -0.00080463, -0.00053495, -0.00034422, -0.00021406, -0.00012845, -0.00007420, -0.00004107, -0.00002156, -0.00001053, -0.00000461, -0.00000173, -0.00000062, -0.00000045, -0.00000063, -0.00000072, -0.00000046, 0.00000008, 0.00000058, 0.00000056, -0.00000008, 0.00000000
-0.00037503, -0.00036334, -0.00031682, -0.00024247, -0.00013308, 0.00000467, 0.00016922, 0.00036766, 0.00060184, 0.00086893, 0.00116640, 0.00149405, 0.00185315, 0.00224505, 0.00267036, 0.00312867, 0.00361887, 0.00413946, 0.00468884, 0.00714669, 0.00995734, 0.01300188, 0.01610870, 0.01908394, 0.02174196, 0.02392043, 0.02548868, 0.02635625, 0.02648115, 0.02587476, 0.02460050, 0.02276597, 0.02050999, 0.01798701, 0.01535146, 0.01274426, 0.01028280, 0.00805489, 0.00611679, 0.00449463, 0.00318836, 0.00217737, 0.00142681, 0.00089386, 0.00053324, 0.00030176, 0.00016141, 0.00008126, 0.00003803, 0.00001569, 0.00000433, -0.00000134, -0.00000371, -0.00000370, -0.00000191, 0.00000081, 0.00000321, 0.00000405, 0.00000271, -0.00000023, -0.00000284, -0.00000275, 0.00000037, 0.00000000
0.00005538, 0.00008173, 0.00009606, 0.00015657, 0.00016341, 0.00018860, 0.00026042, 0.00031151, 0.00032715, 0.00034009, 0.00037772, 0.00044173, 0.00051659, 0.00058452, 0.00063500, 0.00066687, 0.00068582, 0.00070033, 0.00071829, 0.00087847, 0.00104646, 0.00103533, 0.00088674, 0.00070823, 0.00050995, 0.00021464, -0.00025922, -0.00094227, -0.00181268, -0.00282719, -0.00395483, -0.00519433, -0.00657082, -0.00811742, -0.00985108, -0.01175208, -0.01375308, -0.01574023, -0.01756532, -0.01906599, -0.02008941, -0.02051536, -0.02027450, -0.01935948, -0.01782732, -0.01579325, -0.01341687, -0.01088302, -0.00837978, -0.00607659, -0.00410540, -0.00254716, -0.00142565, -0.00070954, -0.00032265, -0.00016144, -0.00011722, -0.00009965, -0.00005685, 0.00001402, 0.00007247, 0.00006498, -0.00001104, 0.00000000
-0.00029639, -0.00027159, -0.00019197, -0.00006554, 0.00011464, 0.00034355, 0.00061067, 0.00092551, 0.00129497, 0.00171706, 0.00218741, 0.00270421, 0.00326875, 0.00388372, 0.00455153, 0.00527338, 0.00604922, 0.00687805, 0.00775838, 0.01176345, 0.01647326, 0.02175820, 0.02740323, 0.03313139, 0.03864783, 0.04366683, 0.04792609, 0.05120007, 0.05331625, 0.05417124, 0.05374146, 0.05208519, 0.04933519, 0.04568334, 0.04136047, 0.03661425, 0.03168841, 0.02680507, 0.02215172, 0.01787327, 0.01406895, 0.01079347, 0.00806157, 0.00585479, 0.00412962, 0.00282587, 0.00187473, 0.00120571, 0.00075226, 0.00045572, 0.00026773, 0.00015106, 0.00007915, 0.00003472, 0.00000767, -0.00000731, -0.00001295, -0.00001139, -0.00000533, 0.00000161, 0.00000552, 0.00000400, -0.00000110, 0.00000000
-0.00004716, -0.00002214, 0.00002491, 0.00009290, 0.00018184, 0.00028768, 0.00041610, 0.00056661, 0.00073675, 0.00092650, 0.00113755, 0.00137141, 0.00162854, 0.00190858, 0.00221081, 0.00253458, 0.00287942, 0.00324509, 0.00363137, 0.00537212, 0.00736626, 0.00948700, 0.01158346, 0.01350259, 0.01509873, 0.01624667, 0.01685846, 0.01689692, 0.01638004, 0.01537555, 0.01398790, 0.01234174, 0.01056536, 0.00877687, 0.00707431, 0.00553025, 0.00419040, 0.00307535, 0.00218459, 0.00150160, 0.00099940, 0.00064567, 0.00040712, 0.00025281, 0.00015634, 0.00009694, 0.00005968, 0.00003492, 0.00001730, 0.00000447, -0.00000416, -0.00000854, -0.00000882, -0.00000580, -0.00000098, 0.00000372, 0.00000646, 0.00000616, 0.00000301, -0.00000135, -0.00000425, -0.00000336, 0.00000069, 0.00000000
0.00032074, 0.00037487, 0.00042489, 0.00048586, 0.00055876, 0.00064760, 0.00075178, 0.00086800, 0.00099543, 0.00113475, 0.00128628, 0.00144958, 0.00162393, 0.00180880, 0.00200414, 0.00221026, 0.00242774, 0.00265714, 0.00289898, 0.00399462, 0.00528973, 0.00676531, 0.00839435, 0.01013627, 0.01193461, 0.01372132, 0.01542320, 0.01696757, 0.01828661, 0.01932097, 0.02002322, 0.02036091, 0.02031912, 0.01990178, 0.01913155, 0.01804821, 0.01670561, 0.01516762, 0.01350337, 0.01178257, 0.01007093, 0.00842650, 0.00689678, 0.00551702, 0.00430959, 0.00328436, 0.00244002, 0.00176599, 0.00124481, 0.00085468, 0.00057194, 0.00037329, 0.00023753, 0.00014681, 0.00008717, 0.00004859, 0.00002441, 0.00001039, 0.00000370, 0.00000181, 0.00000204, 0.00000174, -0.00000018, 0.00000000
-0.00004260, -0.00001920, 0.00004398, 0.00013336, 0.00027345, 0.00044484, 0.00063607, 0.00086621, 0.00114173, 0.00145459, 0.00179697, 0.00216810, 0.00257257, 0.00301630, 0.00350353, 0.00403600, 0.00461333, 0.00523412, 0.00589679, 0.00895448, 0.01268008, 0.01704654, 0.02189022, 0.02695667, 0.03196180, 0.03661490, 0.04062697, 0.04372858, 0.04569954, 0.04640015, 0.04579230, 0.04394448, 0.04102030, 0.03725447, 0.03292217, 0.02830756, 0.02367598, 0.01925293, 0.01521100, 0.01166466, 0.00867199, 0.00624146, 0.00434217, 0.00291553, 0.00188699, 0.00117647, 0.00070685, 0.00040990, 0.00022976, 0.00012413, 0.00006347, 0.00002902, 0.00000999, 0.00000067, -0.00000211, -0.00000078, 0.00000215, 0.00000415, 0.00000349, 0.00000019, -0.00000342, -0.00000375, 0.00000039, 0.00000000
0.00002087, 0.00002362, 0.00003077, 0.00004598, 0.00006977, 0.00010896, 0.00014801, 0.00019129, 0.00024716, 0.00031584, 0.00039286, 0.00047478, 0.00056134, 0.00065459, 0.00075726, 0.00087153, 0.00099855, 0.00113850, 0.00129103, 0.00202071, 0.00296583, 0.00419244, 0.00573888, 0.00759840, 0.00973916, 0.01211151, 0.01463833, 0.01720493, 0.01966084, 0.02183519, 0.02356053, 0.02469750, 0.02515447, 0.02489848, 0.02395688, 0.02241067, 0.02038195, 0.01801810, 0.01547526, 0.01290326, 0.01043332, 0.00816954, 0.00618431, 0.00451745, 0.00317858, 0.00215194, 0.00140276, 0.00088431, 0.00054496, 0.00033430, 0.00020807, 0.00013138, 0.00008022, 0.00004109, 0.00000926, -0.00001426, -0.00002625, -0.00002481, -0.00001200, 0.00000515, 0.00001623, 0.00001265, -0.00000267, 0.00000000
0.00290053, 0.00291572, 0.00296534, 0.00309289, 0.00330369, 0.00358603, 0.00392079, 0.00430359, 0.00473127, 0.00519717, 0.00569454, 0.00621933, 0.00677030, 0.00734780, 0.00795264, 0.00858532, 0.00924594, 0.00993422, 0.01064976, 0.01377872, 0.01733320, 0.02130829, 0.02567257, 0.03037367, 0.03535024, 0.04053350, 0.04584232, 0.05117952, 0.05643241, 0.06147689, 0.06618330, 0.07042246, 0.07407105, 0.07701629, 0.07916005, 0.08042274, 0.08074687, 0.08010039, 0.07847941, 0.07591014, 0.07244961, 0.06818487, 0.06323072, 0.05772571, 0.05182672, 0.04570225, 0.03952496, 0.03346359, 0.02767508, 0.02229721, 0.01744216, 0.01319164, 0.00959368, 0.00666154, 0.00437474, 0.00268230, 0.00150814, 0.00075824, 0.00032947, 0.00011934, 0.00003627, 0.00000965, -0.00000121, 0.00000000
0.00075980, 0.00078321, 0.00077354, 0.00072390, 0.00072827, 0.00077668, 0.00075627, 0.00074546, 0.00080235, 0.00090056, 0.00099152, 0.00105281, 0.00109275, 0.00113387, 0.00119635, 0.00128983, 0.00141299, 0.00155726, 0.00171158, 0.00229211, 0.00288302, 0.00377228, 0.00499490, 0.00640984, 0.00795439, 0.00970490, 0.01179198, 0.01430821, 0.01727537, 0.02066539, 0.02444123, 0.02858731, 0.03311555, 0.03804762, 0.04338343, 0.04906812, 0.05496811, 0.06086299, 0.06645486, 0.07139363, 0.07531342, 0.07787414, 0.07880210, 0.07792417, 0.07519110, 0.07068770, 0.06462881, 0.05734186, 0.04923815, 0.04077596, 0.03241932, 0.02459648, 0.01766243, 0.01186894, 0.00734547, 0.00409310, 0.00199285, 0.00082842, 0.00032227, 0.00018263, 0.00015763, 0.00009174, -0.00002180, 0.00000000
0.00005205, 0.00012129, 0.00024013, 0.00040521, 0.00061902, 0.00087455, 0.00116977, 0.00150703, 0.00188569, 0.00230293, 0.00275636, 0.00324478, 0.00376771, 0.00432455, 0.00491423, 0.00553510, 0.00618509, 0.00686191, 0.00756316, 0.01056480, 0.01376299, 0.01698207, 0.02003092, 0.02272812, 0.02492180, 0.02649878, 0.02738841, 0.02756465, 0.02704619, 0.02589355, 0.02420242, 0.02209372, 0.01970191, 0.01716306, 0.01460411, 0.01213462, 0.00984125, 0.00778526, 0.00600266, 0.00450647, 0.00329047, 0.00233380, 0.00160577, 0.00107045, 0.00069058, 0.00043074, 0.00025952, 0.00015077, 0.00008405, 0.00004436, 0.00002145, 0.00000875, 0.00000233, -0.00000015, -0.00000023, 0.00000086, 0.00000202, 0.00000237, 0.00000150, -0.00000024, -0.00000172, -0.00000161, 0.00000024, 0.00000000
-0.00009580, -0.00010015, -0.00008672, -0.00007458, -0.00003177, 0.00001895, 0.00006520, 0.00013037, 0.00022192, 0.00032983, 0.00044449, 0.00056483, 0.00069629, 0.00084580, 0.00101825, 0.00121547, 0.00143686, 0.00168063, 0.00194506, 0.00320706, 0.00487768, 0.00705676, 0.00972620, 0.01278799, 0.01611712, 0.01956339, 0.02293537, 0.02600244, 0.02852188, 0.03027909, 0.03112478, 0.03099820, 0.02993237, 0.02804320, 0.02550753, 0.02253594, 0.01934580, 0.01613824, 0.01308148, 0.01030121, 0.00787753, 0.00584746, 0.00421140, 0.00294181, 0.00199277, 0.00130903, 0.00083374, 0.00051420, 0.00030564, 0.00017285, 0.00009019, 0.00004031, 0.00001212, -0.00000136, -0.00000500, -0.00000290, 0.00000114, 0.00000384, 0.00000323, -0.00000039, -0.00000424, -0.00000431, 0.00000050, 0.00000000
0.00056508, 0.00058040, 0.00059560, 0.00061759, 0.00064125, 0.00066687, 0.00069406, 0.00071756, 0.00073510, 0.00074753, 0.00075593, 0.00076028, 0.00075971, 0.00075321, 0.00074016, 0.00072045, 0.00069431, 0.00066212, 0.00062425, 0.00041741, 0.00011349, -0.00029210, -0.00078014, -0.00131685, -0.00186481, -0.00238562, -0.00283996, -0.00318992, -0.00340407, -0.00346309, -0.00336341, -0.00311801, -0.00275400, -0.00230827, -0.00182192, -0.00133500, -0.00088202, -0.00048906, -0.00017227, 0.00006209, 0.00021642, 0.00029988, 0.00032603, 0.00031045, 0.00026863, 0.00021433, 0.00015845, 0.00010850, 0.00006865, 0.00004009, 0.00002184, 0.00001157, 0.00000649, 0.00000406, 0.00000249, 0.00000095, -0.00000055, -0.00000150, -0.00000144, -0.00000039, 0.00000088, 0.00000116, -0.00000005, 0.00000000
0.00031694, 0.00031363, 0.00032368, 0.00034894, 0.00040103, 0.00045828, 0.00054301, 0.00065237, 0.00077241, 0.00089887, 0.00103597, 0.00118875, 0.00135908, 0.00154564, 0.00174583, 0.00195735, 0.00217914, 0.00241148, 0.00265563, 0.00378408, 0.00520282, 0.00692282, 0.00896075, 0.01136163, 0.01416760, 0.01739079, 0.02100747, 0.02496320, 0.02917782, 0.03354609, 0.03793622, 0.04219005, 0.04612784, 0.04955856, 0.05229454, 0.05416850, 0.05505000, 0.05485922, 0.05357597, 0.05124312, 0.04796417, 0.04389533, 0.03923333, 0.03420017, 0.02902636, 0.02393425, 0.01912284, 0.01475524, 0.01094976, 0.00777505, 0.00524976, 0.00334637, 0.00199891, 0.00111370, 0.00058220, 0.00029459, 0.00015277, 0.00008113, 0.00003323, -0.00000704, -0.00003210, -0.00002660, 0.00000537, 0.00000000
0.00340849, 0.00350945, 0.00378253, 0.00420219, 0.00473461, 0.00535047, 0.00603199, 0.00677020, 0.00755926, 0.00839480, 0.00927357, 0.01019328, 0.01115220, 0.01214873, 0.01318124, 0.01424794, 0.01534682, 0.01647571, 0.01763233, 0.02248717, 0.02758482, 0.03275789, 0.03783918, 0.04266728, 0.04709178, 0.05097790, 0.05421088, 0.05669999, 0.05838196, 0.05922299, 0.05921938, 0.05839649, 0.05680627, 0.05452352, 0.05164139, 0.04826630, 0.04451272, 0.04049817, 0.03633845, 0.03214351, 0.02801392, 0.02403812, 0.02029037, 0.01682952, 0.01369847, 0.01092430, 0.00851899, 0.00648071, 0.00479552, 0.00343933, 0.00238021, 0.00158076, 0.00100051, 0.00059825, 0.00033425, 0.00017207, 0.00008016, 0.00003291, 0.00001123, 0.00000239, -0.00000067, -0.00000096, 0.00000024, 0.00000000
0.00012609, 0.00013043, 0.00014188, 0.00016174, 0.00018929, 0.00021979, 0.00026141, 0.00031070, 0.00036256, 0.00041679, 0.00047581, 0.00054136, 0.00061354, 0.00069131, 0.00077346, 0.00085924, 0.00094851, 0.00104171, 0.00113953, 0.00159057, 0.00214877, 0.00281147, 0.00358509, 0.00448672, 0.00552801, 0.00670635, 0.00800564, 0.00940016, 0.01085666, 0.01233438, 0.01378420, 0.01514900, 0.01636595, 0.01737093, 0.01810420, 0.01851649, 0.01857432, 0.01826387, 0.01759278, 0.01658994, 0.01530312, 0.01379508, 0.01213850, 0.01041031, 0.00868602, 0.00703452, 0.00551373, 0.00416746, 0.00302359, 0.00209371, 0.00137406, 0.00084769, 0.00048762, 0.00026057, 0.00013110, 0.00006552, 0.00003542, 0.00002026, 0.00000857, -0.00000244, -0.00000939, -0.00000757, 0.00000156, 0.00000000
0.00024740, 0.00027701, 0.00032189, 0.00038306, 0.00045918, 0.00054968, 0.00064873, 0.00075706, 0.00087662, 0.00100713, 0.00114725, 0.00129613, 0.00145390, 0.00162138, 0.00179950, 0.00198899, 0.00219021, 0.00240319, 0.00262778, 0.00363741, 0.00481755, 0.00615560, 0.00761832, 0.00915049, 0.01068459, 0.01214829, 0.01346829, 0.01457366, 0.01540069, 0.01589892, 0.01603691, 0.01580608, 0.01522194, 0.01432232, 0.01316325, 0.01181316, 0.01034643, 0.00883701, 0.00735289, 0.00595181, 0.00467840, 0.00356290, 0.00262120, 0.00185605, 0.00125916, 0.00081382, 0.00049779, 0.00028609, 0.00015359, 0.00007709, 0.00003689, 0.00001761, 0.00000854, 0.00000330, -0.00000091, -0.00000444, -0.00000641, -0.00000591, -0.00000295, 0.00000109, 0.00000382, 0.00000307, -0.00000060, 0.00000000
-0.00000833, 0.00001406, 0.00007006, 0.00015364, 0.00027465, 0.00042255, 0.00059477, 0.00079889, 0.00103633, 0.00130353, 0.00159776, 0.00191916, 0.00226965, 0.00265126, 0.00306515, 0.00351139, 0.00398926, 0.00449759, 0.00503520, 0.00745860, 0.01027306, 0.01337578, 0.01660024, 0.01974912, 0.02262638, 0.02505313, 0.02687763, 0.02798655, 0.02831668, 0.02786265, 0.02667751, 0.02486539, 0.02256800, 0.01994772, 0.01717031, 0.01438963, 0.01173607, 0.00930940, 0.00717594, 0.00536955, 0.00389559, 0.00273663, 0.00185910, 0.00122001, 0.00077286, 0.00047257, 0.00027891, 0.00015863, 0.00008621, 0.00004354, 0.00001885, 0.00000515, -0.00000140, -0.00000302, -0.00000141, 0.00000168, 0.00000436, 0.00000506, 0.00000313, -0.00000057, -0.00000365, -0.00000335, 0.00000052, 0.00000000
-0.00005111, -0.00001648, 0.00004649, 0.00013307, 0.00025065, 0.00039236, 0.00055559, 0.00074626, 0.00096612, 0.00121277, 0.00148401, 0.00177964, 0.00210090, 0.00244927, 0.00282563, 0.00323006, 0.00366195, 0.00412033, 0.00460411, 0.00677343, 0.00927088, 0.01200415, 0.01483308, 0.01759405, 0.02012577, 0.02228237, 0.02394070, 0.02500785, 0.02542920, 0.02519428, 0.02433777, 0.02293501, 0.02109274, 0.01893692, 0.01659984, 0.01420821, 0.01187363, 0.00968614, 0.00771090, 0.00598783, 0.00453355, 0.00334506, 0.00240425, 0.00168284, 0.00114701, 0.00076142, 0.00049241, 0.00031014, 0.00018986, 0.00011227, 0.00006322, 0.00003295, 0.00001501, 0.00000527, 0.00000095, -0.00000006, 0.00000048, 0.00000112, 0.00000096, -0.00000012, -0.00000132, -0.00000138, 0.00000013, 0.00000000
0.00035030, 0.00035726, 0.00036063, 0.00036280, 0.00036643, 0.00036740, 0.00036760, 0.00036609, 0.00036040, 0.00034944, 0.00033349, 0.00031313, 0.00028861, 0.00025974, 0.00022612, 0.00018734, 0.00014311, 0.00009332, 0.00003800, -0.00023718, -0.00059852, -0.00105056, -0.00159119, -0.00220572, -0.00287003, -0.00355447, -0.00422585, -0.00484850, -0.00538620, -0.00580530, -0.00607838, -0.00618757, -0.00612677, -0.00590229, -0.00553198, -0.00504295, -0.00446862, -0.00384518, -0.00320837, -0.00259050, -0.00201829, -0.00151145, -0.00108213, -0.00073512, -0.00046865, -0.00027569, -0.00014550, -0.00006530, -0.00002182, -0.00000269, 0.00000255, 0.00000178, 0.00000009, -0.00000011, 0.00000151, 0.00000386, 0.00000538, 0.00000490, 0.00000230, -0.00000125, -0.00000360, -0.00000281, 0.00000058, 0.00000000
0.00002233, 0.00004703, 0.00009385, 0.00016020, 0.00025134, 0.00036196, 0.00048923, 0.00063755, 0.00080831, 0.00099952, 0.00120926, 0.00143725, 0.00168444, 0.00195202, 0.00224076, 0.00255077, 0.00288163, 0.00323259, 0.00360282, 0.00526164, 0.00717204, 0.00926792, 0.01144519, 0.01357989, 0.01554857, 0.01723848, 0.01855298, 0.01941724, 0.01978479, 0.01964270, 0.01901320, 0.01795085, 0.01653593, 0.01486521, 0.01304191, 0.01116619, 0.00932737, 0.00759851, 0.00603337, 0.00466579, 0.00351093, 0.00256799, 0.00182366, 0.00125598, 0.00083808, 0.00054148, 0.00033871, 0.00020522, 0.00012047, 0.00006841, 0.00003728, 0.00001905, 0.00000866, 0.00000308, 0.00000053, -0.00000013, 0.00000016, 0.00000062, 0.00000067, 0.00000014, -0.00000058, -0.00000073, 0.00000005, 0.00000000
-0.00053614, 0.00079817, 0.00248149, 0.00446955, 0.00671175, 0.00916559, 0.01180074, 0.01458381, 0.01748358, 0.02047430, 0.02353413, 0.02664286, 0.02978100, 0.03292980, 0.03607166, 0.03919038, 0.04227124, 0.04530090, 0.04826722, 0.05928772, 0.06853609, 0.07559770, 0.08024782, 0.08244210, 0.08228683, 0.08000583, 0.07591034, 0.07037049, 0.06378689, 0.05656266, 0.04907772, 0.04166785, 0.03460985, 0.02811346, 0.02231991, 0.01730576, 0.01309095, 0.00964940, 0.00692069, 0.00482175, 0.00325758, 0.00213028, 0.00134624, 0.00082119, 0.00048328, 0.00027442, 0.00015016, 0.00007848, 0.00003786, 0.00001495, 0.00000226, -0.00000404, -0.00000584, -0.00000442, -0.00000109, 0.00000258, 0.00000502, 0.00000509, 0.00000271, -0.00000091, -0.00000352, -0.00000292, 0.00000057, 0.00000000
-0.00049668, -0.00054041, -0.00055835, -0.00056844, -0.00056493, -0.00055635, -0.00054322, -0.00052017, -0.00048580, -0.00044128, -0.00038725, -0.00032304, -0.00024735, -0.00015894, -0.00005703, 0.00005874, 0.00018850, 0.00033235, 0.00049048, 0.00127481, 0.00233146, 0.00369386, 0.00538245, 0.00740938, 0.00977709, 0.01247155, 0.01545698, 0.01867461, 0.02204481, 0.02547066, 0.02884229, 0.03204147, 0.03494688, 0.03744009, 0.03941222, 0.04077080, 0.04144634, 0.04139777, 0.04061629, 0.03912706, 0.03698850, 0.03428921, 0.03114268, 0.02768035, 0.02404333, 0.02037367, 0.01680568, 0.01345808, 0.01042738, 0.00778319, 0.00556561, 0.00378502, 0.00242407, 0.00144201, 0.00078071, 0.00037203, 0.00014581, 0.00003761, -0.00000474, -0.00001684, -0.00001704, -0.00001044, 0.00000088, 0.00000000
0.00028236, 0.00029527, 0.00031176, 0.00035256, 0.00039633, 0.00045780, 0.00054224, 0.00063385, 0.00072856, 0.00083296, 0.00095272, 0.00108810, 0.00123578, 0.00139212, 0.00155515, 0.00172504, 0.00190352, 0.00209295, 0.00229561, 0.00326211, 0.00447796, 0.00593756, 0.00767478, 0.00972346, 0.01207830, 0.01469234, 0.01749029, 0.02037862, 0.02324834, 0.02597546, 0.02842442, 0.03045680, 0.03194430, 0.03278330, 0.03290760, 0.03229709, 0.03098070, 0.02903362, 0.02656944, 0.02372878, 0.02066592, 0.01753525, 0.01447908, 0.01161774, 0.00904289, 0.00681419, 0.00495933, 0.00347688, 0.00234147, 0.00151037, 0.00093072, 0.00054652, 0.00030472, 0.00015976, 0.00007627, 0.00002975, 0.00000537, -0.00000474, -0.00000488, 0.00000087, 0.00000680, 0.00000661, -0.00000097, 0.00000000
-0.00002639, 0.00000202, 0.00007004, 0.00017142, 0.00031610, 0.00049398, 0.00070064, 0.00094438, 0.00122758, 0.00154657, 0.00189797, 0.00228143, 0.00269873, 0.00315207, 0.00364275, 0.00417093, 0.00473577, 0.00533591, 0.00596983, 0.00881699, 0.01210384, 0.01571178, 0.01945428, 0.02311064, 0.02646246, 0.02931176, 0.03149066, 0.03287188, 0.03338028, 0.03300156, 0.03178411, 0.02983291, 0.02729660, 0.02435032, 0.02117740, 0.01795253, 0.01482839, 0.01192661, 0.00933332, 0.00709892, 0.00524112, 0.00375041, 0.00259675, 0.00173670, 0.00112008, 0.00069572, 0.00041587, 0.00023917, 0.00013222, 0.00006987, 0.00003459, 0.00001514, 0.00000491, 0.00000028, -0.00000081, 0.00000013, 0.00000170, 0.00000257, 0.00000195, -0.00000001, -0.00000200, -0.00000209, 0.00000025, 0.00000000
-0.00007978, -0.00010470, -0.00012302, -0.00013811, -0.00014998, -0.00016054, -0.00016983, -0.00017670, -0.00018092, -0.00018279, -0.00018248, -0.00017984, -0.00017452, -0.00016622, -0.00015475, -0.00014008, -0.00012227, -0.00010139, -0.00007753, 0.00004705, 0.00021821, 0.00043205, 0.00067761, 0.00093966, 0.00120133, 0.00144526, 0.00165433, 0.00181322, 0.00191024, 0.00193901, 0.00189921, 0.00179648, 0.00164137, 0.00144774, 0.00123096, 0.00100618, 0.00078692, 0.00058412, 0.00040557, 0.00025586, 0.00013658, 0.00004685, -0.00001608, -0.00005616, -0.00007793, -0.00008595, -0.00008444, -0.00007699, -0.00006642, -0.00005478, -0.00004343, -0.00003314, -0.00002428, -0.00001697, -0.00001118, -0.00000683, -0.00000382, -0.00000199, -0.00000112, -0.00000086, -0.00000078, -0.00000049, 0.00000006, 0.00000000
0.00058241, 0.00062179, 0.00067333, 0.00075091, 0.00084561, 0.00096141, 0.00109620, 0.00124278, 0.00139960, 0.00156861, 0.00175119, 0.00194696, 0.00215473, 0.00237354, 0.00260327, 0.00284452, 0.00309834, 0.00336588, 0.00364809, 0.00493289, 0.00646546, 0.00823509, 0.01023024, 0.01242169, 0.01475240, 0.01714150, 0.01949340, 0.02170566, 0.02367507, 0.02530323, 0.02650303, 0.02720556, 0.02736668, 0.02697186, 0.02603831, 0.02461405, 0.02277393, 0.02061318, 0.01823951, 0.01576441, 0.01329494, 0.01092654, 0.00873749, 0.00678542, 0.00510585, 0.00371279, 0.00260092, 0.00174920, 0.00112520, 0.00068982, 0.00040187, 0.00022205, 0.00011608, 0.00005667, 0.00002427, 0.00000668, -0.00000244, -0.00000564, -0.00000410, 0.00000038, 0.00000449, 0.00000437, -0.00000060, 0.00000000
0.00001802, 0.00001326, 0.00000445, 0.00001267, 0.00001041, 0.00002638, 0.00005111, 0.00007058, 0.00009018, 0.00011955, 0.00016157, 0.00021297, 0.00026911, 0.00032728, 0.00038754, 0.00045195, 0.00052333, 0.00060424, 0.00069644, 0.00118519, 0.00185381, 0.00272705, 0.00387354, 0.00534438, 0.00715217, 0.00928144, 0.01169540, 0.01432971, 0.01708234, 0.01981061, 0.02234052, 0.02448676, 0.02607782, 0.02698019, 0.02711641, 0.02647428, 0.02510656, 0.02312224, 0.02067172, 0.01792865, 0.01507101, 0.01226405, 0.00964659, 0.00732192, 0.00535354, 0.00376569, 0.00254783, 0.00166214, 0.00105279, 0.00065578, 0.00040798, 0.00025465, 0.00015433, 0.00008095, 0.00002295, -0.00002032, -0.00004400, -0.00004403, -0.00002275, 0.00000821, 0.00002967, 0.00002417, -0.00000476, 0.00000000
0.00091222, 0.00094610, 0.00096870, 0.00098514, 0.00104068, 0.00110370, 0.00117697, 0.00127818, 0.00140288, 0.00153750, 0.00167479, 0.00181590, 0.00196557, 0.00212775, 0.00230365, 0.00249208, 0.00269063, 0.00289688, 0.00310918, 0.00402211, 0.00510242, 0.00640939, 0.00794029, 0.00969328, 0.01169803, 0.01399832, 0.01662573, 0.01958652, 0.02286133, 0.02640942, 0.03017084, 0.03406511, 0.03798794, 0.04180947, 0.04537627, 0.04851851, 0.05106192, 0.05284294, 0.05372505, 0.05361366, 0.05246774, 0.05030656, 0.04721058, 0.04331665, 0.03880787, 0.03389925, 0.02882073, 0.02379914, 0.01904095, 0.01471723, 0.01095248, 0.00781814, 0.00533143, 0.00345966, 0.00212967, 0.00124118, 0.00068286, 0.00034882, 0.00015318, 0.00003961, -0.00001758, -0.00002450, 0.00000477, 0.00000000
-0.00068067, -0.00025314, 0.00037713, 0.00119128, 0.00217523, 0.00330994, 0.00458567, 0.00599277, 0.00751848, 0.00914969, 0.01087466, 0.01268283, 0.01456404, 0.01650804, 0.01850442, 0.02054277, 0.02261288, 0.02470487, 0.02680928, 0.03517472, 0.04306864, 0.05003094, 0.05569249, 0.05979935, 0.06221842, 0.06292927, 0.06201070, 0.05962504, 0.05600018, 0.05140901, 0.04614712, 0.04051065, 0.03477645, 0.02918613, 0.02393521, 0.01916754, 0.01497481, 0.01140004, 0.00844430, 0.00607519, 0.00423620, 0.00285589, 0.00185622, 0.00115950, 0.00069366, 0.00039587, 0.00021441, 0.00010919, 0.00005107, 0.00002034, 0.00000479, -0.00000243, -0.00000481, -0.00000413, -0.00000160, 0.00000152, 0.00000388, 0.00000436, 0.00000260, -0.00000057, -0.00000310, -0.00000278, 0.00000046, 0.00000000
-0.00096621, -0.00099733, -0.00104049, -0.00109893, -0.00117145, -0.00125276, -0.00133911, -0.00142836, -0.00151909, -0.00161044, -0.00170194, -0.00179341, -0.00188481, -0.00197623, -0.00206783, -0.00215978, -0.00225225, -0.00234538, -0.00243927, -0.00282234, -0.00321241, -0.00359886, -0.00397054, -0.00431677, -0.00462705, -0.00489113, -0.00509961, -0.00524469, -0.00532073, -0.00532461, -0.00525583, -0.00511658, -0.00491158, -0.00464783, -0.00433431, -0.00398153, -0.00360099, -0.00320465, -0.00280428, -0.00241096, -0.00203457, -0.00168338, -0.00136379, -0.00108018, -0.00083490, -0.00062837, -0.00045934, -0.00032512, -0.00022201, -0.00014562, -0.00009127, -0.00005432, -0.00003046, -0.00001594, -0.00000767, -0.00000331, -0.00000121, -0.00000031, -0.00000001, 0.00000001, -0.00000006, -0.00000008, 0.00000000, 0.00000000
-0.00000466, 0.00003890, 0.00007727, 0.00012884, 0.00018440, 0.00026116, 0.00035127, 0.00044929, 0.00055954, 0.00068621, 0.00082913, 0.00098568, 0.00115347, 0.00133167, 0.00152100, 0.00172304, 0.00193951, 0.00217180, 0.00242085, 0.00359054, 0.00504463, 0.00680901, 0.00890733, 0.01132680, 0.01401312, 0.01688002, 0.01981680, 0.02269197, 0.02535811, 0.02766139, 0.02945584, 0.03061963, 0.03106968, 0.03077174, 0.02974430, 0.02805600, 0.02581748, 0.02316930, 0.02026773, 0.01727040, 0.01432336, 0.01155069, 0.00904746, 0.00687618, 0.00506673, 0.00361930, 0.00250949, 0.00169507, 0.00112330, 0.00073806, 0.00048619, 0.00032233, 0.00021192, 0.00013223, 0.00007143, 0.00002604, -0.00000290, -0.00001394, -0.00000891, 0.00000499, 0.00001606, 0.00001332, -0.00000245, 0.00000000
0.00000491, 0.00002672, 0.00006409, 0.00011364, 0.00018150, 0.00026223, 0.00035328, 0.00045945, 0.00058216, 0.00071931, 0.00086901, 0.00103115, 0.00120693, 0.00139777, 0.00160464, 0.00182783, 0.00206709, 0.00232190, 0.00259167, 0.00381250, 0.00524748, 0.00686004, 0.00857482, 0.01029383, 0.01191516, 0.01334150, 0.01448473, 0.01527185, 0.01565259, 0.01560598, 0.01514335, 0.01430677, 0.01316332, 0.01179659, 0.01029713, 0.00875328, 0.00724379, 0.00583248, 0.00456550, 0.00347078, 0.00255936, 0.00182802, 0.00126273, 0.00084229, 0.00054185, 0.00033592, 0.00020068, 0.00011558, 0.00006410, 0.00003396, 0.00001672, 0.00000707, 0.00000197, -0.00000025, -0.00000057, 0.00000019, 0.00000121, 0.00000171, 0.00000124, -0.00000005, -0.00000129, -0.00000131, 0.00000016, 0.00000000
0.00002489, 0.00004243, 0.00007425, 0.00011724, 0.00017942, 0.00025631, 0.00033967, 0.00043676, 0.00055183, 0.00068224, 0.00082412, 0.00097625, 0.00114001, 0.00131788, 0.00151199, 0.00172346, 0.00195251, 0.00219874, 0.00246154, 0.00367376, 0.00515780, 0.00692610, 0.00893850, 0.01111157, 0.01334337, 0.01552301, 0.01753146, 0.01924578, 0.02055028, 0.02135155, 0.02159207, 0.02125829, 0.02038183, 0.01903400, 0.01731573, 0.01534502, 0.01324412, 0.01112824, 0.00909676, 0.00722757, 0.00557442, 0.00416707, 0.00301356, 0.00210403, 0.00141529, 0.00091573, 0.00056977, 0.00034183, 0.00019930, 0.00011456, 0.00006599, 0.00003813, 0.00002114, 0.00000967, 0.00000155, -0.00000361, -0.00000565, -0.00000473, -0.00000184, 0.00000133, 0.00000293, 0.00000195, -0.00000053, 0.00000000
-0.00045485, -0.00001538, 0.00062072, 0.00144575, 0.00243124, 0.00357054, 0.00485949, 0.00627708, 0.00780721, 0.00944116, 0.01117059, 0.01298374, 0.01486607, 0.01680232, 0.01877808, 0.02078035, 0.02279742, 0.02481835, 0.02683255, 0.03460998, 0.04144517, 0.04678722, 0.05029154, 0.05181966, 0.05140888, 0.04924493, 0.04563237, 0.04095528, 0.03563039, 0.03006064, 0.02459732, 0.01951540, 0.01500310, 0.01116378, 0.00802689, 0.00556397, 0.00370653, 0.00236316, 0.00143404, 0.00082215, 0.00044073, 0.00021761, 0.00009651, 0.00003650, 0.00000990, -0.00000037, -0.00000376, -0.00000465, -0.00000462, -0.00000398, -0.00000277, -0.00000120, 0.00000028, 0.00000118, 0.00000120, 0.00000041, -0.00000070, -0.00000148, -0.00000137, -0.00000035, 0.00000087, 0.00000114, -0.00000004, 0.00000000
0.00038683, 0.00039500, 0.00037410, 0.00034746, 0.00030362, 0.00026373, 0.00023286, 0.00019348, 0.00014391, 0.00009455, 0.00005281, 0.00001801, -0.00001535, -0.00005282, -0.00009721, -0.00014806, -0.00020265, -0.00025734, -0.00030880, -0.00045197, -0.00051318, -0.00051530, -0.00039410, -0.00005993, 0.00053746, 0.00140911, 0.00255709, 0.00399494, 0.00574541, 0.00782270, 0.01021194, 0.01285558, 0.01565118, 0.01846006, 0.02112336, 0.02348126, 0.02539148, 0.02674397, 0.02747044, 0.02754797, 0.02699742, 0.02587756, 0.02427631, 0.02230061, 0.02006601, 0.01768731, 0.01527070, 0.01290810, 0.01067368, 0.00862250, 0.00679095, 0.00519861, 0.00385093, 0.00274230, 0.00185902, 0.00118180, 0.00068764, 0.00035089, 0.00014370, 0.00003630, -0.00000267, -0.00000462, 0.00000235, 0.00000000
0.00095699, 0.00098349, 0.00100639, 0.00105005, 0.00111631, 0.00119428, 0.00130857, 0.00144624, 0.00159026, 0.00173953, 0.00190093, 0.00207911, 0.00227339, 0.00247976, 0.00269391, 0.00291312, 0.00313687, 0.00336640, 0.00360388, 0.00467269, 0.00595569, 0.00742698, 0.00909618, 0.01101595, 0.01323182, 0.01575696, 0.01857775, 0.02166622, 0.02498372, 0.02847440, 0.03205472, 0.03560651, 0.03897776, 0.04199228, 0.04446615, 0.04622752, 0.04713639, 0.04710077, 0.04608752, 0.04412644, 0.04130781, 0.03777405, 0.03370685, 0.02931140, 0.02479959, 0.02037362, 0.01621163, 0.01245637, 0.00920769, 0.00651923, 0.00439932, 0.00281584, 0.00170424, 0.00097814, 0.00054116, 0.00029900, 0.00017029, 0.00009503, 0.00003911, -0.00000637, -0.00003217, -0.00002571, 0.00000536, 0.00000000
0.00009540, 0.00016942, 0.00024236, 0.00032361, 0.00041526, 0.00052173, 0.00064155, 0.00077397, 0.00091987, 0.00107982, 0.00125352, 0.00144028, 0.00163961, 0.00185139, 0.00207579, 0.00231314, 0.00256374, 0.00282781, 0.00310541, 0.00434838, 0.00578874, 0.00739699, 0.00912873, 0.01092315, 0.01270762, 0.01440449, 0.01593714, 0.01723482, 0.01823688, 0.01889676, 0.01918530, 0.01909296, 0.01863055, 0.01782814, 0.01673234, 0.01540234, 0.01390515, 0.01231049, 0.01068603, 0.00909321, 0.00758401, 0.00619880, 0.00496538, 0.00389900, 0.00300336, 0.00227235, 0.00169221, 0.00124398, 0.00090597, 0.00065597, 0.00047322, 0.00033975, 0.00024122, 0.00016725, 0.00011108, 0.00006886, 0.00003864, 0.00001916, 0.00000882, 0.00000504, 0.00000422, 0.00000278, -0.00000043, 0.00000000
-0.00019070, -0.00013767, -0.00003448, 0.00011011, 0.00028926, 0.00049888, 0.00073643, 0.00100043, 0.00128909, 0.00160027, 0.00193182, 0.00228180, 0.00264842, 0.00302986, 0.00342425, 0.00382963, 0.00424401, 0.00466543, 0.00509196, 0.00681343, 0.00848222, 0.01000673, 0.01130932, 0.01233047, 0.01303168, 0.01339553, 0.01342395, 0.01313596, 0.01256501, 0.01175596, 0.01076164, 0.00963896, 0.00844509, 0.00723389, 0.00605298, 0.00494160, 0.00392939, 0.00303609, 0.00227192, 0.00163868, 0.00113114, 0.00073880, 0.00044754, 0.00024135, 0.00010370, 0.00001876, -0.00002775, -0.00004799, -0.00005174, -0.00004641, -0.00003718, -0.00002732, -0.00001863, -0.00001184, -0.00000699, -0.00000378, -0.00000179, -0.00000067, -0.00000013, 0.00000002, -0.00000003, -0.00000007, -0.00000000, 0.00000000
-0.00003633, -0.00000408, 0.00005033, 0.00012459, 0.00022080, 0.00033520, 0.00046849, 0.00062225, 0.00079592, 0.00098831, 0.00119879, 0.00142732, 0.00167398, 0.00193864, 0.00222080, 0.00251969, 0.00283436, 0.00316378, 0.00350693, 0.00499536, 0.00661058, 0.00825698, 0.00982673, 0.01121616, 0.01233681, 0.01312124, 0.01352711, 0.01353999, 0.01317408, 0.01246985, 0.01148880, 0.01030607, 0.00900228, 0.00765578, 0.00633630, 0.00510046, 0.00398938, 0.00302826, 0.00222743, 0.00158471, 0.00108825, 0.00071977, 0.00045759, 0.00027921, 0.00016347, 0.00009192, 0.00004965, 0.00002550, 0.00001184, 0.00000398, -0.00000058, -0.00000294, -0.00000352, -0.00000263, -0.00000075, 0.00000135, 0.00000281, 0.00000295, 0.00000165, -0.00000046, -0.00000204, -0.00000176, 0.00000031, 0.00000000
-0.00008926, -0.00004703, -0.00000863, 0.00002620, 0.00005886, 0.00009119, 0.00012360, 0.00015641, 0.00019011, 0.00022502, 0.00026124, 0.00029872, 0.00033739, 0.00037721, 0.00041818, 0.00046030, 0.00050358, 0.00054802, 0.00059362, 0.00078698, 0.00099645, 0.00121974, 0.00145294, 0.00168952, 0.00192095, 0.00213766, 0.00233002, 0.00248905, 0.00260703, 0.00267807, 0.00269858, 0.00266764, 0.00258709, 0.00246144, 0.00229754, 0.00210397, 0.00189040, 0.00166684, 0.00144295, 0.00122736, 0.00102725, 0.00084800, 0.00069298, 0.00056365, 0.00045965, 0.00037910, 0.00031895, 0.00027539, 0.00024429, 0.00022154, 0.00020347, 0.00018704, 0.00017008, 0.00015133, 0.00013045, 0.00010787, 0.00008464, 0.00006215, 0.00004185, 0.00002501, 0.00001245, 0.00000441, 0.00000052, 0.00000000
-0.00058940, -0.00066954, -0.00076003, -0.00086406, -0.00098485, -0.00111711, -0.00125913, -0.00141075, -0.00157080, -0.00173809, -0.00191214, -0.00209313, -0.00228146, -0.00247751, -0.00268147, -0.00289337, -0.00311314, -0.00334065, -0.00357572, -0.00458588, -0.00568421, -0.00682093, -0.00793191, -0.00894938, -0.00980895, -0.01045504, -0.01084610, -0.01095930, -0.01079306, -0.01036667, -0.00971714, -0.00889405, -0.00795353, -0.00695237, -0.00594300, -0.00496985, -0.00406721, -0.00325847, -0.00255656, -0.00196520, -0.00148078, -0.00109437, -0.00079377, -0.00056530, -0.00039526, -0.00027101, -0.00018166, -0.00011830, -0.00007405, -0.00004381, -0.00002390, -0.00001162, -0.00000495, -0.00000218, -0.00000178, -0.00000241, -0.00000292, -0.00000262, -0.00000137, 0.00000036, 0.00000155, 0.00000129, -0.00000026, 0.00000000
0.00068261, 0.00180797, 0.00324160, 0.00492679, 0.00681118, 0.00885616, 0.01103640, 0.01332283, 0.01568971, 0.01811720, 0.02058846, 0.02308717, 0.02559702, 0.02810216, 0.03058787, 0.03304087, 0.03544934, 0.03780271, 0.04009140, 0.04843283, 0.05514345, 0.05991743, 0.06262702, 0.06330502, 0.06210933, 0.05928957, 0.05515852, 0.05006463, 0.04436474, 0.03839828, 0.03246577, 0.02681368, 0.02162642, 0.01702517, 0.01307233, 0.00977988, 0.00711999, 0.00503638, 0.00345512, 0.00229426, 0.00147149, 0.00090993, 0.00054189, 0.00031091, 0.00017232, 0.00009265, 0.00004834, 0.00002395, 0.00001021, 0.00000220, -0.00000238, -0.00000441, -0.00000434, -0.00000269, -0.00000025, 0.00000202, 0.00000326, 0.00000298, 0.00000134, -0.00000078, -0.00000210, -0.00000157, 0.00000038, 0.00000000
0.00037098, 0.00042218, 0.00043871, 0.00047869, 0.00047733, 0.00049434, 0.00054084, 0.00057227, 0.00058311, 0.00059586, 0.00062634, 0.00067313, 0.00072473, 0.00076952, 0.00080131, 0.00082007, 0.00082993, 0.00083642, 0.00084435, 0.00091681, 0.00096132, 0.00086840, 0.00067069, 0.00042624, 0.00012523, -0.00029353, -0.00088929, -0.00168900, -0.00268941, -0.00387530, -0.00523534, -0.00676647, -0.00846639, -0.01031973, -0.01228448, -0.01428406, -0.01620789, -0.01792054, -0.01927744, -0.02014410, -0.02041529, -0.02003097, -0.01898651, -0.01733586, -0.01518734, -0.01269272, -0.01003102, -0.00738930, -0.00494252, -0.00283511, -0.00116643, 0.00001822, 0.00072964, 0.00102950, 0.00101815, 0.00081666, 0.00054545, 0.00030241, 0.00014469, 0.00007905, 0.00006639, 0.00004699, -0.00000641, 0.00000000
0.00005919, 0.00006456, 0.00008301, 0.00010546, 0.00015049, 0.00020233, 0.00025760, 0.00032828, 0.00041602, 0.00051471, 0.00061993, 0.00073203, 0.00085433, 0.00099037, 0.00114239, 0.00131101, 0.00149574, 0.00169570, 0.00191017, 0.00291636, 0.00420223, 0.00579951, 0.00766752, 0.00972052, 0.01185409, 0.01394733, 0.01586185, 0.01745194, 0.01858521, 0.01916509, 0.01914702, 0.01854415, 0.01742257, 0.01588870, 0.01407244, 0.01210991, 0.01012826, 0.00823456, 0.00650907, 0.00500308, 0.00374031, 0.00272107, 0.00192788, 0.00133175, 0.00089802, 0.00059141, 0.00037963, 0.00023574, 0.00013903, 0.00007483, 0.00003348, 0.00000893, -0.00000290, -0.00000532, -0.00000176, 0.00000408, 0.00000858, 0.00000913, 0.00000507, -0.00000165, -0.00000674, -0.00000578, 0.00000102, 0.00000000
