0.01000000, 0.05000000, 0.10000000, 0.15000000, 0.20000000, 0.25000000, 0.30000000, 0.35000000, 0.40000000, 0.45000000, 0.50000000, 0.55000000, 0.60000000, 0.65000000, 0.70000000, 0.75000000, 0.80000000, 0.85000000, 0.90000000, 0.95000000, 1.00000000, 1.05000000, 1.10000000, 1.15000000, 1.20000000, 1.25000000, 1.30000000, 1.35000000, 1.40000000, 1.45000000, 1.50000000, 1.55000000, 1.60000000, 1.65000000, 1.70000000, 1.75000000, 1.80000000, 1.85000000, 1.90000000, 1.95000000, 2.00000000, 2.20000000, 2.40000000, 2.60000000, 2.80000000, 3.00000000, 3.20000000, 3.40000000, 3.60000000, 3.80000000, 4.00000000, 4.20000000, 4.40000000, 4.60000000, 4.80000000, 5.00000000
-0.01367973, -0.01842947, -0.01907440, -0.01888266, -0.01845986, -0.01795154, -0.01739939, -0.01682687, -0.01624275, -0.01565285, -0.01506135, -0.01447137, -0.01388386, -0.01330272, -0.01272851, -0.01216375, -0.01161007, -0.01106846, -0.01054039, -0.00995182, -0.00944160, -0.00894968, -0.00847568, -0.00801985, -0.00758251, -0.00716375, -0.00676355, -0.00638179, -0.00601823, -0.00567254, -0.00534426, -0.00503282, -0.00473780, -0.00445861, -0.00419468, -0.00394573, -0.00371065, -0.00348879, -0.00327950, -0.00308214, -0.00289610, -0.00225374, -0.00174951, -0.00135508, -0.00104751, -0.00080826, -0.00062254, -0.00047874, -0.00036815, -0.00028321, -0.00021793, -0.00016776, -0.00012920, -0.00009954, -0.00007674, -0.00005919
-0.02237063, -0.03130573, -0.03305083, -0.03308989, -0.03259372, -0.03186936, -0.03101714, -0.03009413, -0.02912559, -0.02812834, -0.02711434, -0.02609241, -0.02506652, -0.02404554, -0.02303174, -0.02203072, -0.02104626, -0.02008074, -0.01913730, -0.01808170, -0.01716669, -0.01628334, -0.01543116, -0.01461079, -0.01382296, -0.01306793, -0.01234577, -0.01165635, -0.01099932, -0.01037414, -0.00978003, -0.00921599, -0.00868135, -0.00817505, -0.00769611, -0.00724406, -0.00681693, -0.00641354, -0.00603275, -0.00567343, -0.00533451, -0.00416233, -0.00323972, -0.00251604, -0.00195017, -0.00150878, -0.00116523, -0.00089840, -0.00069254, -0.00053400, -0.00041188, -0.00031779, -0.00024528, -0.00018940, -0.00014632, -0.00011310
-0.00533715, -0.00739372, -0.00775633, -0.00773426, -0.00759577, -0.00740940, -0.00719672, -0.00696995, -0.00673425, -0.00649311, -0.00624903, -0.00600389, -0.00575849, -0.00551484, -0.00527341, -0.00503549, -0.00480195, -0.00457331, -0.00435031, -0.00410201, -0.00388671, -0.00367926, -0.00347952, -0.00328761, -0.00310369, -0.00292780, -0.00275992, -0.00260000, -0.00244792, -0.00230354, -0.00216663, -0.00203694, -0.00191430, -0.00179842, -0.00168905, -0.00158606, -0.00148898, -0.00139751, -0.00131137, -0.00123027, -0.00115397, -0.00089162, -0.00068713, -0.00052832, -0.00040537, -0.00031043, -0.00023726, -0.00018120, -0.00013844, -0.00010580, -0.00008089, -0.00006187, -0.00004735, -0.00003625, -0.00002777, -0.00002129
-0.00341447, -0.00489666, -0.00523868, -0.00528502, -0.00523274, -0.00513595, -0.00501336, -0.00487565, -0.00472784, -0.00457323, -0.00441416, -0.00425238, -0.00408874, -0.00392487, -0.00376130, -0.00359907, -0.00343890, -0.00328129, -0.00312685, -0.00295366, -0.00280320, -0.00265770, -0.00251713, -0.00238166, -0.00225145, -0.00212658, -0.00200709, -0.00189300, -0.00178426, -0.00168080, -0.00158252, -0.00148924, -0.00140087, -0.00131725, -0.00123820, -0.00116366, -0.00109329, -0.00102691, -0.00096432, -0.00090533, -0.00084976, -0.00065823, -0.00050844, -0.00039175, -0.00030118, -0.00023108, -0.00017695, -0.00013533, -0.00010353, -0.00007923, -0.00006065, -0.00004645, -0.00003559, -0.00002729, -0.00002093, -0.00001606
-0.05358447, -0.07317657, -0.07624921, -0.07574026, -0.07417557, -0.07219115, -0.06998464, -0.06766857, -0.06529104, -0.06288516, -0.06047474, -0.05807735, -0.05569986, -0.05336020, -0.05106130, -0.04881341, -0.04662256, -0.04449157, -0.04242494, -0.04012127, -0.03814128, -0.03623975, -0.03441338, -0.03266165, -0.03098445, -0.02938082, -0.02784962, -0.02638943, -0.02499857, -0.02367511, -0.02241673, -0.02122081, -0.02008554, -0.01900842, -0.01798719, -0.01702087, -0.01610506, -0.01523727, -0.01441510, -0.01363623, -0.01289846, -0.01031779, -0.00824346, -0.00657779, -0.00524219, -0.00417256, -0.00331705, -0.00263366, -0.00208847, -0.00165414, -0.00130986, -0.00103736, -0.00082166, -0.00065089, -0.00051569, -0.00040866
-0.03428630, -0.04567148, -0.04695987, -0.04630656, -0.04514889, -0.04381939, -0.04240727, -0.04096231, -0.03950119, -0.03803501, -0.03657174, -0.03511743, -0.03367332, -0.03224797, -0.03084216, -0.02946148, -0.02810950, -0.02678835, -0.02550136, -0.02406913, -0.02282760, -0.02163126, -0.02047911, -0.01937166, -0.01830962, -0.01729310, -0.01632201, -0.01539601, -0.01451449, -0.01367659, -0.01288116, -0.01212680, -0.01141245, -0.01073664, -0.01009799, -0.00949576, -0.00892729, -0.00839095, -0.00788514, -0.00740833, -0.00695901, -0.00540880, -0.00419350, -0.00324406, -0.00250463, -0.00193018, -0.00148482, -0.00114048, -0.00087607, -0.00067320, -0.00051748, -0.00039794, -0.00030615, -0.00023564, -0.00018147, -0.00013984
-0.04668013, -0.06283698, -0.06497655, -0.06427008, -0.06277790, -0.06099714, -0.05907197, -0.05708385, -0.05506428, -0.05303459, -0.05101003, -0.04900178, -0.04701314, -0.04505709, -0.04313484, -0.04125402, -0.03941905, -0.03763203, -0.03589660, -0.03396059, -0.03229294, -0.03068895, -0.02914617, -0.02766442, -0.02624389, -0.02488407, -0.02358427, -0.02234355, -0.02116073, -0.02003440, -0.01896279, -0.01794386, -0.01697620, -0.01605781, -0.01518689, -0.01436266, -0.01358149, -0.01284131, -0.01214012, -0.01147600, -0.01084709, -0.00864925, -0.00688641, -0.00547479, -0.00434653, -0.00344613, -0.00272865, -0.00215775, -0.00170409, -0.00134429, -0.00106043, -0.00083665, -0.00066020, -0.00052107, -0.00041134, -0.00032480
-0.00914663, -0.01243695, -0.01293514, -0.01284173, -0.01258007, -0.01225408, -0.01189444, -0.01151848, -0.01113287, -0.01074195, -0.01034878, -0.00995560, -0.00956310, -0.00917400, -0.00878867, -0.00840887, -0.00803574, -0.00766998, -0.00731263, -0.00691296, -0.00656615, -0.00623114, -0.00590772, -0.00559613, -0.00529666, -0.00500942, -0.00473446, -0.00447174, -0.00422117, -0.00398257, -0.00375566, -0.00354008, -0.00333561, -0.00314186, -0.00295847, -0.00278529, -0.00262157, -0.00246688, -0.00232080, -0.00218290, -0.00205278, -0.00160244, -0.00124765, -0.00096920, -0.00075138, -0.00058143, -0.00044913, -0.00034634, -0.00026696, -0.00020584, -0.00015876, -0.00012249, -0.00009455, -0.00007301, -0.00005641, -0.00004360
-0.01570586, -0.02128151, -0.02209034, -0.02190323, -0.02143500, -0.02086006, -0.02022960, -0.01957247, -0.01889983, -0.01821909, -0.01753554, -0.01685313, -0.01617312, -0.01550023, -0.01483516, -0.01418092, -0.01353944, -0.01291189, -0.01229996, -0.01161738, -0.01102595, -0.01045565, -0.00990605, -0.00937742, -0.00887014, -0.00838429, -0.00791985, -0.00747668, -0.00705451, -0.00665295, -0.00627146, -0.00590939, -0.00556628, -0.00524142, -0.00493417, -0.00464423, -0.00437030, -0.00411164, -0.00386750, -0.00363714, -0.00341988, -0.00266860, -0.00207737, -0.00161364, -0.00125102, -0.00096815, -0.00074794, -0.00057686, -0.00044479, -0.00034307, -0.00026469, -0.00020429, -0.00015773, -0.00012184, -0.00009415, -0.00007280
-0.02227617, -0.02890267, -0.02930441, -0.02866250, -0.02778940, -0.02685716, -0.02590436, -0.02495218, -0.02400546, -0.02306755, -0.02214096, -0.02122773, -0.02032756, -0.01944453, -0.01857846, -0.01773202, -0.01690675, -0.01610349, -0.01532375, -0.01445898, -0.01371127, -0.01299250, -0.01230176, -0.01163906, -0.01100451, -0.01039797, -0.00981917, -0.00926774, -0.00874316, -0.00824480, -0.00777186, -0.00732343, -0.00689881, -0.00649705, -0.00611729, -0.00575909, -0.00542081, -0.00510146, -0.00480011, -0.00451581, -0.00424770, -0.00332047, -0.00259024, -0.00201674, -0.00156748, -0.00121627, -0.00094224, -0.00072877, -0.00056341, -0.00043571, -0.00033706, -0.00026083, -0.00020191, -0.00015636, -0.00012115, -0.00009391
-0.04201014, -0.06931485, -0.08024268, -0.08482192, -0.08671130, -0.08713403, -0.08661550, -0.08546249, -0.08385670, -0.08191929, -0.07973544, -0.07736831, -0.07486681, -0.07227154, -0.06961383, -0.06692230, -0.06421837, -0.06152197, -0.05885056, -0.05579327, -0.05313579, -0.05054744, -0.04803237, -0.04559520, -0.04324016, -0.04097066, -0.03878919, -0.03669728, -0.03469552, -0.03278370, -0.03096086, -0.02922545, -0.02757550, -0.02600864, -0.02452256, -0.02311650, -0.02178483, -0.02052437, -0.01933199, -0.01820458, -0.01713908, -0.01343798, -0.01050604, -0.00819338, -0.00637557, -0.00495089, -0.00383709, -0.00296835, -0.00229516, -0.00177492, -0.00137283, -0.00106206, -0.00082186, -0.00063619, -0.00049266, -0.00038168
-0.01866902, -0.02565328, -0.02682332, -0.02671023, -0.02621910, -0.02557675, -0.02485239, -0.02408502, -0.02329031, -0.02247853, -0.02165697, -0.02083103, -0.02000276, -0.01917843, -0.01835936, -0.01754974, -0.01675244, -0.01596939, -0.01520318, -0.01434749, -0.01360304, -0.01288364, -0.01218914, -0.01152026, -0.01087776, -0.01026203, -0.00967327, -0.00911149, -0.00857651, -0.00806795, -0.00758524, -0.00712762, -0.00669454, -0.00628514, -0.00589861, -0.00553453, -0.00519130, -0.00486793, -0.00456345, -0.00427690, -0.00400737, -0.00308197, -0.00236301, -0.00180695, -0.00137852, -0.00104941, -0.00079723, -0.00060535, -0.00045984, -0.00034945, -0.00026568, -0.00020210, -0.00015382, -0.00011716, -0.00008929, -0.00006811
0.03647328, 0.05623197, 0.06227878, 0.06402888, 0.06418245, 0.06354965, 0.06244028, 0.06103273, 0.05941889, 0.05766007, 0.05579957, 0.05386929, 0.05188792, 0.04988163, 0.04786161, 0.04584458, 0.04384257, 0.04186411, 0.03991870, 0.03772615, 0.03582049, 0.03397434, 0.03218818, 0.03046463, 0.02880630, 0.02721460, 0.02569045, 0.02423417, 0.02284551, 0.02152373, 0.02026748, 0.01907496, 0.01794485, 0.01687509, 0.01586370, 0.01490973, 0.01400905, 0.01315921, 0.01235777, 0.01160236, 0.01089065, 0.00843707, 0.00651735, 0.00502159, 0.00386040, 0.00296151, 0.00226731, 0.00173395, 0.00132643, 0.00101497, 0.00077690, 0.00059490, 0.00045574, 0.00034930, 0.00026788, 0.00020557
-0.00504277, -0.00694656, -0.00727186, -0.00724475, -0.00711331, -0.00694048, -0.00674583, -0.00654045, -0.00632891, -0.00611418, -0.00589831, -0.00568274, -0.00546794, -0.00525547, -0.00504550, -0.00483896, -0.00463642, -0.00443816, -0.00424466, -0.00402700, -0.00383907, -0.00365749, -0.00348205, -0.00331283, -0.00314994, -0.00299339, -0.00284318, -0.00269927, -0.00256160, -0.00243007, -0.00230453, -0.00218479, -0.00207075, -0.00196221, -0.00185900, -0.00176108, -0.00166804, -0.00157968, -0.00149579, -0.00141615, -0.00134058, -0.00107521, -0.00086083, -0.00068804, -0.00054910, -0.00043760, -0.00034828, -0.00027684, -0.00021978, -0.00017426, -0.00013806, -0.00010938, -0.00008668, -0.00006870, -0.00005447, -0.00004319
-0.05339233, -0.07632795, -0.08137690, -0.08189380, -0.08093092, -0.07931426, -0.07732410, -0.07512015, -0.07277513, -0.07033748, -0.06784154, -0.06531265, -0.06276251, -0.06021586, -0.05767944, -0.05516883, -0.05269475, -0.05026395, -0.04788520, -0.04522233, -0.04291091, -0.04067789, -0.03852245, -0.03644671, -0.03445297, -0.03254218, -0.03071478, -0.02897062, -0.02730896, -0.02572854, -0.02422743, -0.02280318, -0.02145408, -0.02017750, -0.01897093, -0.01783312, -0.01675907, -0.01574577, -0.01479025, -0.01388964, -0.01304113, -0.01011544, -0.00782495, -0.00603861, -0.00465023, -0.00357398, -0.00274158, -0.00210026, -0.00160935, -0.00123358, -0.00094588, -0.00072555, -0.00055680, -0.00042751, -0.00032842, -0.00025246
-0.02826434, -0.03830945, -0.03974660, -0.03939602, -0.03854803, -0.03751498, -0.03638714, -0.03521522, -0.03401802, -0.03280782, -0.03159327, -0.03038073, -0.02917188, -0.02797480, -0.02679042, -0.02562393, -0.02447873, -0.02335684, -0.02226133, -0.02103748, -0.01997555, -0.01895019, -0.01796073, -0.01700787, -0.01609243, -0.01521473, -0.01437487, -0.01357273, -0.01280796, -0.01207998, -0.01138792, -0.01073068, -0.01010751, -0.00951722, -0.00895872, -0.00843147, -0.00793321, -0.00746261, -0.00701833, -0.00659909, -0.00620364, -0.00483617, -0.00376035, -0.00291715, -0.00225847, -0.00174527, -0.00134629, -0.00103675, -0.00079817, -0.00061469, -0.00047355, -0.00036495, -0.00028137, -0.00021703, -0.00016749, -0.00012933
-0.00958111, -0.01320272, -0.01381187, -0.01375107, -0.01349158, -0.01315260, -0.01277111, -0.01236803, -0.01195202, -0.01152887, -0.01110267, -0.01067644, -0.01025124, -0.00983037, -0.00941436, -0.00900521, -0.00860419, -0.00821201, -0.00782973, -0.00740254, -0.00703309, -0.00667691, -0.00633363, -0.00600341, -0.00568645, -0.00538276, -0.00509231, -0.00481499, -0.00455062, -0.00429893, -0.00405959, -0.00383218, -0.00361642, -0.00341189, -0.00321818, -0.00303513, -0.00286193, -0.00269812, -0.00254324, -0.00239686, -0.00225855, -0.00177810, -0.00139692, -0.00109534, -0.00085738, -0.00067002, -0.00052278, -0.00040727, -0.00031688, -0.00024659, -0.00019193, -0.00014943, -0.00011637, -0.00009065, -0.00007064, -0.00005507
-0.03611727, -0.04978338, -0.05207431, -0.05184035, -0.05086163, -0.04958597, -0.04815083, -0.04663375, -0.04506603, -0.04346846, -0.04185583, -0.04023912, -0.03862220, -0.03701761, -0.03542758, -0.03386006, -0.03232038, -0.03081173, -0.02933870, -0.02769523, -0.02626917, -0.02489323, -0.02356657, -0.02229017, -0.02106519, -0.01989200, -0.01877071, -0.01770107, -0.01668253, -0.01571420, -0.01479482, -0.01392284, -0.01309713, -0.01231604, -0.01157798, -0.01088215, -0.01022547, -0.00960606, -0.00902210, -0.00847180, -0.00795343, -0.00616680, -0.00476888, -0.00367920, -0.00283262, -0.00217662, -0.00166940, -0.00127866, -0.00097962, -0.00075078, -0.00057561, -0.00044148, -0.00033877, -0.00026008, -0.00019979, -0.00015357
-0.00760462, -0.01055417, -0.01105905, -0.01100898, -0.01079261, -0.01050958, -0.01019144, -0.00985606, -0.00951098, -0.00916135, -0.00881085, -0.00846218, -0.00811623, -0.00777581, -0.00744121, -0.00711401, -0.00679511, -0.00648486, -0.00618391, -0.00584845, -0.00556008, -0.00528311, -0.00501702, -0.00476177, -0.00451736, -0.00428365, -0.00406047, -0.00384762, -0.00364487, -0.00345193, -0.00326845, -0.00309406, -0.00292851, -0.00277143, -0.00262250, -0.00248157, -0.00234800, -0.00222144, -0.00210152, -0.00198792, -0.00188032, -0.00150393, -0.00120141, -0.00095850, -0.00076376, -0.00060782, -0.00048312, -0.00038352, -0.00030408, -0.00024080, -0.00019065, -0.00015097, -0.00011956, -0.00009470, -0.00007502, -0.00005944
-0.02452814, -0.03241489, -0.03321418, -0.03269092, -0.03182977, -0.03085522, -0.02982621, -0.02877563, -0.02771450, -0.02665046, -0.02558923, -0.02453526, -0.02348986, -0.02245919, -0.02144418, -0.02044893, -0.01947606, -0.01852726, -0.01760491, -0.01658288, -0.01569761, -0.01484647, -0.01402871, -0.01324453, -0.01249426, -0.01177784, -0.01109503, -0.01044543, -0.00982845, -0.00924334, -0.00868914, -0.00816474, -0.00766924, -0.00720149, -0.00676040, -0.00634534, -0.00595436, -0.00558624, -0.00523979, -0.00491386, -0.00460734, -0.00355486, -0.00273611, -0.00210128, -0.00161052, -0.00123201, -0.00094068, -0.00071784, -0.00054800, -0.00041850, -0.00031973, -0.00024438, -0.00018689, -0.00014300, -0.00010948, -0.00008388
0.00528104, 0.00981758, 0.01157946, 0.01224341, 0.01246953, 0.01247203, 0.01233856, 0.01211972, 0.01184220, 0.01152391, 0.01117747, 0.01081202, 0.01043248, 0.01004608, 0.00965537, 0.00926450, 0.00887637, 0.00849261, 0.00811522, 0.00768745, 0.00731764, 0.00695952, 0.00661293, 0.00627836, 0.00595631, 0.00564699, 0.00535048, 0.00506679, 0.00479583, 0.00453741, 0.00429124, 0.00405690, 0.00383422, 0.00362280, 0.00342227, 0.00323249, 0.00305266, 0.00288232, 0.00272103, 0.00256835, 0.00242387, 0.00192008, 0.00151784, 0.00119752, 0.00094315, 0.00074156, 0.00058213, 0.00045625, 0.00035708, 0.00027941, 0.00021866, 0.00017114, 0.00013398, 0.00010490, 0.00008215, 0.00006436
-0.05704321, -0.07922258, -0.08317568, -0.08297895, -0.08154083, -0.07960220, -0.07739400, -0.07504670, -0.07261338, -0.07012865, -0.06761668, -0.06509503, -0.06256950, -0.06005992, -0.05756934, -0.05511019, -0.05269075, -0.05031584, -0.04799268, -0.04538969, -0.04313021, -0.04094574, -0.03883506, -0.03680003, -0.03484283, -0.03296436, -0.03116512, -0.02944508, -0.02780369, -0.02623989, -0.02475198, -0.02333775, -0.02199576, -0.02072361, -0.01951907, -0.01838112, -0.01730499, -0.01628786, -0.01532699, -0.01441966, -0.01356326, -0.01059716, -0.00825791, -0.00642010, -0.00498117, -0.00385755, -0.00298211, -0.00230136, -0.00177500, -0.00136945, -0.00105690, -0.00081596, -0.00063020, -0.00048693, -0.00037642, -0.00029115
-0.00272218, -0.00336272, -0.00330774, -0.00317566, -0.00303981, -0.00291070, -0.00278796, -0.00267118, -0.00255913, -0.00245097, -0.00234612, -0.00224418, -0.00214469, -0.00204775, -0.00195312, -0.00186091, -0.00177116, -0.00168389, -0.00159922, -0.00150589, -0.00142479, -0.00134682, -0.00127190, -0.00120003, -0.00113123, -0.00106551, -0.00100285, -0.00094322, -0.00088656, -0.00083283, -0.00078194, -0.00073379, -0.00068830, -0.00064538, -0.00060493, -0.00056689, -0.00053108, -0.00049740, -0.00046573, -0.00043597, -0.00040802, -0.00031237, -0.00023845, -0.00018157, -0.00013795, -0.00010459, -0.00007915, -0.00005988, -0.00004533, -0.00003433, -0.00002602, -0.00001973, -0.00001497, -0.00001137, -0.00000864, -0.00000657
-0.08061260, -0.11364554, -0.12022998, -0.12046605, -0.11872937, -0.11616414, -0.11313947, -0.10986420, -0.10642634, -0.10288303, -0.09927414, -0.09562872, -0.09195756, -0.08829235, -0.08463935, -0.08101892, -0.07744517, -0.07392689, -0.07047648, -0.06660734, -0.06323916, -0.05997797, -0.05682327, -0.05377903, -0.05084951, -0.04803694, -0.04534281, -0.04276765, -0.04031113, -0.03797204, -0.03574814, -0.03363630, -0.03163450, -0.02973923, -0.02794710, -0.02625653, -0.02466038, -0.02315436, -0.02173424, -0.02039586, -0.01913516, -0.01479193, -0.01139906, -0.00876089, -0.00671772, -0.00514015, -0.00392512, -0.00299349, -0.00228372, -0.00174289, -0.00133069, -0.00101645, -0.00077683, -0.00059404, -0.00045456, -0.00034808
-0.02330857, -0.03333112, -0.03568754, -0.03604474, -0.03572127, -0.03508382, -0.03426226, -0.03333134, -0.03232789, -0.03127665, -0.03019515, -0.02909634, -0.02798747, -0.02687961, -0.02577692, -0.02468636, -0.02361260, -0.02255887, -0.02152888, -0.02037145, -0.01937099, -0.01840491, -0.01747267, -0.01657484, -0.01571213, -0.01488473, -0.01409268, -0.01333579, -0.01261364, -0.01192562, -0.01127087, -0.01064833, -0.01005723, -0.00949645, -0.00896496, -0.00846231, -0.00798634, -0.00753582, -0.00710953, -0.00670629, -0.00632496, -0.00499752, -0.00394060, -0.00310135, -0.00243663, -0.00191126, -0.00149680, -0.00117042, -0.00091393, -0.00071359, -0.00055727, -0.00043528, -0.00034007, -0.00026575, -0.00020773, -0.00016244
-0.02754608, -0.03678206, -0.03786092, -0.03734284, -0.03639702, -0.03529981, -0.03412883, -0.03292778, -0.03171304, -0.03049601, -0.02928504, -0.02808642, -0.02690198, -0.02573923, -0.02459889, -0.02348540, -0.02240130, -0.02134776, -0.02032684, -0.01919329, -0.01821730, -0.01728064, -0.01638175, -0.01552035, -0.01469637, -0.01390936, -0.01315873, -0.01244377, -0.01176365, -0.01111737, -0.01050377, -0.00992155, -0.00936976, -0.00884711, -0.00835246, -0.00788523, -0.00744327, -0.00702531, -0.00663011, -0.00625651, -0.00590338, -0.00467483, -0.00369654, -0.00291870, -0.00230132, -0.00181202, -0.00142480, -0.00111878, -0.00087729, -0.00068774, -0.00053925, -0.00042289, -0.00033171, -0.00026025, -0.00020424, -0.00016033
-0.06808270, -0.09485315, -0.09942488, -0.09896112, -0.09701351, -0.09448106, -0.09164008, -0.08864594, -0.08555895, -0.08241968, -0.07925738, -0.07609375, -0.07293425, -0.06980540, -0.06670976, -0.06366335, -0.06067681, -0.05775531, -0.05490753, -0.05174389, -0.04899929, -0.04635612, -0.04381201, -0.04136876, -0.03902845, -0.03679142, -0.03465744, -0.03262567, -0.03069464, -0.02886230, -0.02712584, -0.02548183, -0.02392803, -0.02246097, -0.02107735, -0.01977530, -0.01854882, -0.01739411, -0.01630751, -0.01528546, -0.01432450, -0.01102726, -0.00846635, -0.00648462, -0.00495623, -0.00378046, -0.00287801, -0.00219019, -0.00166742, -0.00126993, -0.00096761, -0.00073763, -0.00056261, -0.00042938, -0.00032792, -0.00025062
-0.01506544, -0.01888698, -0.01881238, -0.01821976, -0.01755290, -0.01688991, -0.01623979, -0.01560707, -0.01498957, -0.01438585, -0.01379497, -0.01321639, -0.01264892, -0.01209391, -0.01155079, -0.01102065, -0.01050407, -0.01000144, -0.00951356, -0.00897338, -0.00850538, -0.00805529, -0.00762261, -0.00720736, -0.00680962, -0.00642933, -0.00606638, -0.00572056, -0.00539158, -0.00507908, -0.00478261, -0.00450161, -0.00423564, -0.00398411, -0.00374651, -0.00352253, -0.00331117, -0.00311182, -0.00292386, -0.00274673, -0.00257985, -0.00200438, -0.00155356, -0.00120158, -0.00092757, -0.00071477, -0.00054984, -0.00042231, -0.00032438, -0.00024926, -0.00019160, -0.00014735, -0.00011336, -0.00008726, -0.00006721, -0.00005179
-0.00227782, -0.00357976, -0.00403961, -0.00420775, -0.00425863, -0.00424788, -0.00419830, -0.00412320, -0.00403011, -0.00392408, -0.00380866, -0.00368651, -0.00355950, -0.00342948, -0.00329763, -0.00316519, -0.00303307, -0.00290206, -0.00277286, -0.00262604, -0.00249864, -0.00237496, -0.00225509, -0.00213921, -0.00202749, -0.00192005, -0.00181696, -0.00171826, -0.00162395, -0.00153399, -0.00144831, -0.00136682, -0.00128941, -0.00121596, -0.00114634, -0.00108052, -0.00101822, -0.00095928, -0.00090354, -0.00085087, -0.00080110, -0.00062833, -0.00049153, -0.00038362, -0.00029878, -0.00023225, -0.00018020, -0.00013956, -0.00010803, -0.00008364, -0.00006476, -0.00005016, -0.00003886, -0.00003012, -0.00002335, -0.00001811
-0.01678742, -0.02446870, -0.02631684, -0.02660521, -0.02636914, -0.02589586, -0.02528562, -0.02459562, -0.02385245, -0.02307376, -0.02227203, -0.02145639, -0.02063112, -0.01980493, -0.01898022, -0.01816242, -0.01735529, -0.01656116, -0.01578306, -0.01491058, -0.01415287, -0.01342023, -0.01271247, -0.01203037, -0.01137481, -0.01074615, -0.01014461, -0.00957019, -0.00902269, -0.00850175, -0.00800676, -0.00753694, -0.00709178, -0.00667043, -0.00627208, -0.00589634, -0.00554159, -0.00520683, -0.00489111, -0.00459349, -0.00431304, -0.00334577, -0.00258825, -0.00199734, -0.00153803, -0.00118197, -0.00090659, -0.00069442, -0.00053203, -0.00040774, -0.00031260, -0.00023975, -0.00018396, -0.00014122, -0.00010847, -0.00008337
-0.02967958, -0.03962354, -0.04084262, -0.04034606, -0.03938892, -0.03826651, -0.03706054, -0.03581686, -0.03455187, -0.03327657, -0.03199892, -0.03072501, -0.02945672, -0.02820206, -0.02696232, -0.02574287, -0.02454726, -0.02337779, -0.02223773, -0.02096981, -0.01986948, -0.01880907, -0.01778792, -0.01680663, -0.01586592, -0.01496599, -0.01410681, -0.01328813, -0.01250942, -0.01176992, -0.01106862, -0.01040426, -0.00977587, -0.00918210, -0.00862169, -0.00809395, -0.00759647, -0.00712778, -0.00668644, -0.00627103, -0.00588019, -0.00453704, -0.00349126, -0.00268012, -0.00205307, -0.00156959, -0.00119762, -0.00091311, -0.00069646, -0.00053142, -0.00040565, -0.00030980, -0.00023672, -0.00018098, -0.00013846, -0.00010600
-0.02316312, -0.03253577, -0.03435630, -0.03437863, -0.03383920, -0.03306207, -0.03215286, -0.03117154, -0.03014428, -0.02908868, -0.02801730, -0.02693945, -0.02585903, -0.02478559, -0.02372127, -0.02267198, -0.02164164, -0.02063257, -0.01964794, -0.01854894, -0.01759699, -0.01667920, -0.01579489, -0.01494461, -0.01412905, -0.01334835, -0.01260247, -0.01189116, -0.01121396, -0.01057022, -0.00995902, -0.00937927, -0.00883020, -0.00831067, -0.00781961, -0.00735647, -0.00691917, -0.00650648, -0.00611717, -0.00575005, -0.00540399, -0.00420887, -0.00327025, -0.00253547, -0.00196198, -0.00151544, -0.00116844, -0.00089951, -0.00069249, -0.00053328, -0.00041079, -0.00031655, -0.00024402, -0.00018819, -0.00014520, -0.00011210
-0.03175558, -0.04334672, -0.04518190, -0.04490582, -0.04401409, -0.04288072, -0.04161998, -0.04029672, -0.03893746, -0.03755987, -0.03617643, -0.03479626, -0.03342246, -0.03206505, -0.03072542, -0.02940959, -0.02812128, -0.02686246, -0.02563622, -0.02426410, -0.02307926, -0.02193704, -0.02083609, -0.01977671, -0.01875942, -0.01778419, -0.01685081, -0.01595889, -0.01510781, -0.01429676, -0.01352462, -0.01279010, -0.01209229, -0.01142988, -0.01080164, -0.01020708, -0.00964364, -0.00910988, -0.00860439, -0.00812580, -0.00767279, -0.00609200, -0.00482795, -0.00381957, -0.00301705, -0.00237958, -0.00187411, -0.00147395, -0.00115762, -0.00090842, -0.00071299, -0.00055972, -0.00043949, -0.00034517, -0.00027117, -0.00021309
-0.04870622, -0.06812597, -0.07175480, -0.07173224, -0.07062427, -0.06908102, -0.06730099, -0.06539532, -0.06340593, -0.06135849, -0.05927030, -0.05715379, -0.05501185, -0.05286094, -0.05070347, -0.04855100, -0.04641218, -0.04429297, -0.04220194, -0.03985316, -0.03779121, -0.03578570, -0.03383819, -0.03195285, -0.03013388, -0.02838413, -0.02670582, -0.02510043, -0.02356871, -0.02211074, -0.02072579, -0.01941244, -0.01816978, -0.01699589, -0.01588880, -0.01484749, -0.01386765, -0.01294657, -0.01208152, -0.01126977, -0.01050864, -0.00791832, -0.00593977, -0.00443905, -0.00330708, -0.00245675, -0.00182289, -0.00135329, -0.00100526, -0.00074724, -0.00055589, -0.00041391, -0.00030850, -0.00023018, -0.00017195, -0.00012861
-0.02022748, -0.02610096, -0.02638788, -0.02577427, -0.02497579, -0.02413804, -0.02328999, -0.02244725, -0.02161155, -0.02078383, -0.01996485, -0.01915530, -0.01835421, -0.01756476, -0.01678664, -0.01602226, -0.01527319, -0.01454049, -0.01382595, -0.01303278, -0.01234240, -0.01167648, -0.01103472, -0.01041756, -0.00982555, -0.00925890, -0.00871771, -0.00820192, -0.00771127, -0.00724537, -0.00680365, -0.00638537, -0.00598996, -0.00561659, -0.00526448, -0.00493319, -0.00462124, -0.00432769, -0.00405163, -0.00379216, -0.00354840, -0.00271410, -0.00206940, -0.00157354, -0.00119365, -0.00090348, -0.00068250, -0.00051554, -0.00038962, -0.00029460, -0.00022288, -0.00016872, -0.00012781, -0.00009690, -0.00007352, -0.00005583
-0.02477027, -0.03470194, -0.03663187, -0.03666981, -0.03612355, -0.03533269, -0.03440578, -0.03340425, -0.03235379, -0.03127111, -0.03016788, -0.02905269, -0.02792884, -0.02680585, -0.02568577, -0.02457488, -0.02347759, -0.02239679, -0.02133644, -0.02014869, -0.01911349, -0.01811114, -0.01714165, -0.01620634, -0.01530658, -0.01444314, -0.01361652, -0.01282692, -0.01207427, -0.01135819, -0.01067800, -0.01003274, -0.00942174, -0.00884391, -0.00829818, -0.00778399, -0.00729914, -0.00684228, -0.00641209, -0.00600723, -0.00562643, -0.00431943, -0.00330503, -0.00252165, -0.00191921, -0.00145740, -0.00110437, -0.00083652, -0.00063390, -0.00048056, -0.00036450, -0.00027662, -0.00021005, -0.00015962, -0.00012139, -0.00009239
0.00602961, 0.00826913, 0.00860849, 0.00854165, 0.00836060, 0.00813681, 0.00789121, 0.00763551, 0.00737403, 0.00710959, 0.00684417, 0.00657923, 0.00631509, 0.00605362, 0.00579496, 0.00554030, 0.00529039, 0.00504564, 0.00480674, 0.00454017, 0.00430886, 0.00408561, 0.00387028, 0.00366301, 0.00346398, 0.00327327, 0.00309087, 0.00291677, 0.00275087, 0.00259303, 0.00244307, 0.00230073, 0.00216585, 0.00203816, 0.00191741, 0.00180349, 0.00169590, 0.00159434, 0.00149852, 0.00140815, 0.00132296, 0.00102882, 0.00079799, 0.00061751, 0.00047687, 0.00036758, 0.00028282, 0.00021725, 0.00016688, 0.00012824, 0.00009858, 0.00007580, 0.00005832, 0.00004489, 0.00003457, 0.00002664
0.00655923, 0.00944843, 0.01011516, 0.01020455, 0.01010259, 0.00991510, 0.00967853, 0.00941370, 0.00913019, 0.00883434, 0.00853060, 0.00822220, 0.00791066, 0.00759907, 0.00728826, 0.00698018, 0.00667614, 0.00637699, 0.00608381, 0.00575440, 0.00546846, 0.00519179, 0.00492430, 0.00466627, 0.00441802, 0.00417970, 0.00395139, 0.00373310, 0.00352479, 0.00332631, 0.00313747, 0.00295798, 0.00278767, 0.00262623, 0.00247338, 0.00232900, 0.00219246, 0.00206342, 0.00194153, 0.00182644, 0.00171782, 0.00134168, 0.00104513, 0.00081221, 0.00062991, 0.00048760, 0.00037676, 0.00029060, 0.00022407, 0.00017281, 0.00013332, 0.00010289, 0.00007943, 0.00006135, 0.00004740, 0.00003665
-0.05118970, -0.07224031, -0.07651787, -0.07671756, -0.07562170, -0.07396842, -0.07200207, -0.06986171, -0.06760918, -0.06528586, -0.06292116, -0.06053681, -0.05814225, -0.05575929, -0.05339318, -0.05105742, -0.04876111, -0.04650969, -0.04431055, -0.04185194, -0.03972135, -0.03766547, -0.03568296, -0.03377529, -0.03194418, -0.03019013, -0.02851321, -0.02691303, -0.02538869, -0.02393885, -0.02256159, -0.02125453, -0.02001605, -0.01884366, -0.01773503, -0.01668902, -0.01570100, -0.01476821, -0.01388794, -0.01305758, -0.01227457, -0.00956845, -0.00744077, -0.00577349, -0.00447104, -0.00345604, -0.00266671, -0.00205433, -0.00158245, -0.00121932, -0.00093980, -0.00072460, -0.00055889, -0.00043126, -0.00033293, -0.00025717
-0.00653806, -0.00908491, -0.00959120, -0.00961304, -0.00947935, -0.00927725, -0.00903579, -0.00877160, -0.00849248, -0.00820365, -0.00790888, -0.00761095, -0.00731139, -0.00701280, -0.00671611, -0.00642302, -0.00613467, -0.00585190, -0.00557567, -0.00526657, -0.00499881, -0.00474043, -0.00449130, -0.00425159, -0.00402150, -0.00380110, -0.00359038, -0.00338931, -0.00319776, -0.00301558, -0.00284252, -0.00267829, -0.00252267, -0.00237534, -0.00223601, -0.00210454, -0.00198035, -0.00186308, -0.00175240, -0.00164798, -0.00154950, -0.00120900, -0.00094108, -0.00073094, -0.00056663, -0.00043845, -0.00033866, -0.00026116, -0.00020137, -0.00015531, -0.00011982, -0.00009247, -0.00007139, -0.00005513, -0.00004260, -0.00003293
0.05093177, 0.07767189, 0.08508493, 0.08676843, 0.08642574, 0.08513562, 0.08329550, 0.08113355, 0.07876026, 0.07624968, 0.07365403, 0.07101104, 0.06833771, 0.06566759, 0.06300858, 0.06037967, 0.05779339, 0.05525582, 0.05277588, 0.04998564, 0.04757826, 0.04525430, 0.04301116, 0.04085037, 0.03877385, 0.03678185, 0.03487421, 0.03305028, 0.03130895, 0.02964865, 0.02806713, 0.02656159, 0.02513060, 0.02377149, 0.02248180, 0.02126059, 0.02010262, 0.01900498, 0.01796480, 0.01697933, 0.01604591, 0.01278287, 0.01016546, 0.00807031, 0.00639711, 0.00506332, 0.00400190, 0.00315857, 0.00248951, 0.00196016, 0.00154349, 0.00121557, 0.00095746, 0.00075429, 0.00059436, 0.00046845
-0.00634400, -0.00876905, -0.00920129, -0.00917971, -0.00901986, -0.00880280, -0.00855425, -0.00828884, -0.00801285, -0.00773048, -0.00744475, -0.00715789, -0.00687085, -0.00658596, -0.00630375, -0.00602570, -0.00575279, -0.00548559, -0.00522493, -0.00493396, -0.00468195, -0.00443896, -0.00420482, -0.00397967, -0.00376367, -0.00355685, -0.00335921, -0.00317068, -0.00299114, -0.00282042, -0.00265829, -0.00250445, -0.00235870, -0.00222075, -0.00209031, -0.00196725, -0.00185101, -0.00174128, -0.00163772, -0.00154003, -0.00144791, -0.00112948, -0.00087900, -0.00068262, -0.00052909, -0.00040936, -0.00031617, -0.00024380, -0.00018796, -0.00014496, -0.00011183, -0.00008630, -0.00006662, -0.00005145, -0.00003975, -0.00003073
-0.02364251, -0.03250925, -0.03399474, -0.03384453, -0.03320830, -0.03237587, -0.03143671, -0.03044140, -0.02941081, -0.02835895, -0.02729587, -0.02622912, -0.02516172, -0.02410207, -0.02305198, -0.02201686, -0.02100037, -0.02000479, -0.01903324, -0.01795096, -0.01701192, -0.01610656, -0.01523439, -0.01439601, -0.01359215, -0.01282299, -0.01208858, -0.01138868, -0.01072288, -0.01009055, -0.00949081, -0.00892257, -0.00838505, -0.00787709, -0.00739761, -0.00694603, -0.00652029, -0.00611914, -0.00574134, -0.00538568, -0.00505101, -0.00390041, -0.00300387, -0.00230792, -0.00176945, -0.00135392, -0.00103394, -0.00078897, -0.00060227, -0.00045991, -0.00035135, -0.00026852, -0.00020533, -0.00015710, -0.00012027, -0.00009214
-0.05743456, -0.07981744, -0.08388150, -0.08373421, -0.08230488, -0.08034698, -0.07809966, -0.07569850, -0.07320089, -0.07064510, -0.06805824, -0.06546038, -0.06285936, -0.06027658, -0.05771637, -0.05519207, -0.05271257, -0.05028310, -0.04791111, -0.04526057, -0.04296342, -0.04074688, -0.03860941, -0.03655246, -0.03457778, -0.03268587, -0.03087681, -0.02915016, -0.02750497, -0.02593982, -0.02445268, -0.02304101, -0.02170308, -0.02043625, -0.01923801, -0.01810717, -0.01703877, -0.01602986, -0.01507753, -0.01417899, -0.01333150, -0.01040092, -0.00809476, -0.00628613, -0.00487211, -0.00376927, -0.00291095, -0.00224434, -0.00173003, -0.00133397, -0.00102890, -0.00079386, -0.00061274, -0.00047315, -0.00036553, -0.00028255
-0.05069158, -0.06903730, -0.07181758, -0.07128360, -0.06979774, -0.06794307, -0.06589420, -0.06374970, -0.06154883, -0.05931796, -0.05707603, -0.05483713, -0.05260623, -0.05039950, -0.04821965, -0.04607681, -0.04397751, -0.04192556, -0.03992652, -0.03769866, -0.03577021, -0.03391233, -0.03212333, -0.03040396, -0.02875525, -0.02717728, -0.02566980, -0.02423218, -0.02286339, -0.02156203, -0.02032623, -0.01915376, -0.01804298, -0.01699159, -0.01599743, -0.01505941, -0.01417335, -0.01333673, -0.01254711, -0.01180212, -0.01109946, -0.00866937, -0.00675601, -0.00525409, -0.00407850, -0.00316041, -0.00244483, -0.00188815, -0.00145781, -0.00112588, -0.00086979, -0.00067216, -0.00051962, -0.00040186, -0.00031093, -0.00024070
-0.01126229, -0.01426523, -0.01430530, -0.01391149, -0.01343870, -0.01295550, -0.01247379, -0.01200005, -0.01153458, -0.01107764, -0.01062945, -0.01019028, -0.00975958, -0.00933873, -0.00892740, -0.00852652, -0.00813653, -0.00775767, -0.00739044, -0.00698289, -0.00663118, -0.00629321, -0.00596848, -0.00565689, -0.00535841, -0.00507294, -0.00480030, -0.00454029, -0.00429266, -0.00405711, -0.00383326, -0.00362069, -0.00341906, -0.00322796, -0.00304698, -0.00287594, -0.00271409, -0.00256097, -0.00241615, -0.00227923, -0.00214979, -0.00169949, -0.00134116, -0.00105665, -0.00083123, -0.00065294, -0.00051218, -0.00040120, -0.00031383, -0.00024540, -0.00019195, -0.00015017, -0.00011752, -0.00009199, -0.00007203, -0.00005642
-0.01203034, -0.01622558, -0.01678279, -0.01660210, -0.01621942, -0.01576276, -0.01526847, -0.01475689, -0.01423551, -0.01370933, -0.01318199, -0.01265624, -0.01213290, -0.01161545, -0.01110442, -0.01060207, -0.01010986, -0.00962871, -0.00915993, -0.00863866, -0.00818669, -0.00775132, -0.00733222, -0.00692961, -0.00654375, -0.00617469, -0.00582240, -0.00548673, -0.00516745, -0.00486424, -0.00457666, -0.00430418, -0.00404640, -0.00380277, -0.00357275, -0.00335608, -0.00315176, -0.00295918, -0.00277776, -0.00260692, -0.00244610, -0.00189271, -0.00146078, -0.00112485, -0.00086440, -0.00066299, -0.00050755, -0.00038813, -0.00029692, -0.00022722, -0.00017395, -0.00013323, -0.00010209, -0.00007827, -0.00006004, -0.00004609
-0.02573087, -0.03372932, -0.03440095, -0.03376525, -0.03281528, -0.03177077, -0.03068593, -0.02959086, -0.02849428, -0.02740215, -0.02631883, -0.02524771, -0.02418905, -0.02314835, -0.02212572, -0.02112472, -0.02014747, -0.01919514, -0.01826974, -0.01724208, -0.01635313, -0.01549801, -0.01467574, -0.01388642, -0.01313028, -0.01240722, -0.01171700, -0.01105920, -0.01043326, -0.00983846, -0.00927389, -0.00873848, -0.00823143, -0.00775162, -0.00729805, -0.00687018, -0.00646610, -0.00608462, -0.00572462, -0.00538501, -0.00506472, -0.00395719, -0.00308520, -0.00240062, -0.00186461, -0.00144584, -0.00111928, -0.00086506, -0.00066833, -0.00051651, -0.00039929, -0.00030878, -0.00023887, -0.00018487, -0.00014314, -0.00011088
-0.00932165, -0.01267789, -0.01318742, -0.01309650, -0.01283682, -0.01251313, -0.01215564, -0.01178123, -0.01139603, -0.01100388, -0.01060746, -0.01020876, -0.00980831, -0.00940884, -0.00901079, -0.00861610, -0.00822615, -0.00784191, -0.00746475, -0.00704308, -0.00667460, -0.00631762, -0.00597224, -0.00563897, -0.00531834, -0.00501068, -0.00471622, -0.00443508, -0.00416724, -0.00391262, -0.00367098, -0.00344201, -0.00322546, -0.00302094, -0.00282806, -0.00264661, -0.00247580, -0.00231516, -0.00216417, -0.00202237, -0.00188927, -0.00143493, -0.00108573, -0.00081889, -0.00061593, -0.00046211, -0.00034611, -0.00025933, -0.00019441, -0.00014582, -0.00010945, -0.00008221, -0.00006180, -0.00004650, -0.00003502, -0.00002640
-0.00869663, -0.01206177, -0.01265463, -0.01262097, -0.01240120, -0.01210662, -0.01177147, -0.01141503, -0.01104499, -0.01066631, -0.01028249, -0.00989610, -0.00950799, -0.00912121, -0.00873631, -0.00835529, -0.00797953, -0.00760995, -0.00724781, -0.00684277, -0.00648996, -0.00614862, -0.00581871, -0.00550063, -0.00519481, -0.00490148, -0.00462077, -0.00435273, -0.00409731, -0.00385437, -0.00362366, -0.00340485, -0.00319768, -0.00300179, -0.00281679, -0.00264250, -0.00247817, -0.00232333, -0.00217752, -0.00204030, -0.00191123, -0.00146817, -0.00112417, -0.00085837, -0.00065384, -0.00049694, -0.00037689, -0.00028571, -0.00021669, -0.00016441, -0.00012480, -0.00009479, -0.00007203, -0.00005478, -0.00004169, -0.00003176
-0.04685792, -0.06311126, -0.06526797, -0.06457657, -0.06311187, -0.06136728, -0.05948121, -0.05753110, -0.05554445, -0.05353921, -0.05152814, -0.04952081, -0.04751958, -0.04553733, -0.04357565, -0.04164307, -0.03974529, -0.03788589, -0.03607015, -0.03404589, -0.03228714, -0.03058948, -0.02895206, -0.02737613, -0.02586316, -0.02441375, -0.02302813, -0.02170612, -0.02044712, -0.01925015, -0.01811374, -0.01703604, -0.01601570, -0.01505068, -0.01413908, -0.01327989, -0.01246935, -0.01170515, -0.01098502, -0.01030675, -0.00966820, -0.00747072, -0.00575634, -0.00442436, -0.00339319, -0.00259710, -0.00198391, -0.00151379, -0.00115550, -0.00088235, -0.00067405, -0.00051517, -0.00039394, -0.00030141, -0.00023077, -0.00017680
0.09387960, 0.14523287, 0.16099445, 0.16555132, 0.16594290, 0.16428698, 0.16139567, 0.15773713, 0.15355271, 0.14900366, 0.14420374, 0.13923633, 0.13414922, 0.12901018, 0.12384665, 0.11870076, 0.11360218, 0.10857097, 0.10362998, 0.09805411, 0.09322017, 0.08853972, 0.08401246, 0.07964400, 0.07544010, 0.07140360, 0.06753614, 0.06383804, 0.06030835, 0.05694493, 0.05374421, 0.05070145, 0.04781352, 0.04507524, 0.04248176, 0.04003099, 0.03771253, 0.03552033, 0.03344846, 0.03149113, 0.02964269, 0.02323169, 0.01816201, 0.01416692, 0.01102865, 0.00856961, 0.00664699, 0.00514672, 0.00398283, 0.00308281, 0.00238671, 0.00184825, 0.00143170, 0.00110941, 0.00086002, 0.00066700
-0.07808751, -0.11022081, -0.11666862, -0.11689290, -0.11514752, -0.11256114, -0.10950814, -0.10620181, -0.10273738, -0.09917887, -0.09557171, -0.09194910, -0.08832483, -0.08473158, -0.08117602, -0.07767740, -0.07424806, -0.07089452, -0.06762632, -0.06396882, -0.06081150, -0.05776867, -0.05483686, -0.05201713, -0.04931105, -0.04671852, -0.04423896, -0.04187120, -0.03961347, -0.03746349, -0.03541815, -0.03347377, -0.03162794, -0.02987701, -0.02821759, -0.02664823, -0.02516205, -0.02375511, -0.02242360, -0.02116379, -0.01997211, -0.01582014, -0.01250837, -0.00987272, -0.00778006, -0.00612165, -0.00480967, -0.00377339, -0.00295615, -0.00231500, -0.00181326, -0.00142054, -0.00111310, -0.00087241, -0.00068396, -0.00053638
-0.03358410, -0.05844119, -0.06959385, -0.07476152, -0.07726327, -0.07826342, -0.07828319, -0.07762762, -0.07648422, -0.07497747, -0.07319457, -0.07120033, -0.06904832, -0.06677745, -0.06442296, -0.06201371, -0.05957192, -0.05711990, -0.05467630, -0.05186094, -0.04940512, -0.04700410, -0.04466408, -0.04239055, -0.04018846, -0.03806218, -0.03601506, -0.03404943, -0.03216660, -0.03036701, -0.02865035, -0.02701576, -0.02546145, -0.02398547, -0.02258588, -0.02126209, -0.02000896, -0.01882361, -0.01770311, -0.01664458, -0.01564515, -0.01218318, -0.00945555, -0.00731774, -0.00564898, -0.00435074, -0.00334358, -0.00256549, -0.00196856, -0.00151079, -0.00115972, -0.00089048, -0.00068399, -0.00052560, -0.00040409, -0.00031085
-0.04475324, -0.06336866, -0.06722741, -0.06745915, -0.06653021, -0.06509878, -0.06338444, -0.06151226, -0.05953828, -0.05750004, -0.05542420, -0.05333041, -0.05122728, -0.04913429, -0.04705614, -0.04500481, -0.04298835, -0.04101149, -0.03908072, -0.03692122, -0.03505066, -0.03324576, -0.03150524, -0.02983037, -0.02822260, -0.02668233, -0.02520960, -0.02380404, -0.02246484, -0.02119080, -0.01998025, -0.01883109, -0.01774190, -0.01671051, -0.01573489, -0.01481405, -0.01394393, -0.01312213, -0.01234629, -0.01161412, -0.01092341, -0.00853356, -0.00665082, -0.00517236, -0.00401487, -0.00311080, -0.00240612, -0.00185796, -0.00143427, -0.00110751, -0.00085543, -0.00066093, -0.00051083, -0.00039498, -0.00030554, -0.00023648
0.00438693, 0.00548230, 0.00542718, 0.00523035, 0.00501869, 0.00481268, 0.00461352, 0.00442162, 0.00423573, 0.00405504, 0.00387905, 0.00370743, 0.00353971, 0.00337622, 0.00321672, 0.00306151, 0.00291071, 0.00276440, 0.00262279, 0.00246704, 0.00233213, 0.00220276, 0.00207876, 0.00196011, 0.00184680, 0.00173879, 0.00163601, 0.00153837, 0.00144578, 0.00135808, 0.00127513, 0.00119675, 0.00112279, 0.00105305, 0.00098737, 0.00092564, 0.00086756, 0.00081295, 0.00076161, 0.00071337, 0.00066807, 0.00051297, 0.00039291, 0.00030030, 0.00022905, 0.00017438, 0.00013251, 0.00010068, 0.00007653, 0.00005820, 0.00004428, 0.00003371, 0.00002568, 0.00001957, 0.00001493, 0.00001140
0.01325523, 0.02290260, 0.02634713, 0.02753648, 0.02785873, 0.02774883, 0.02737831, 0.02684561, 0.02620061, 0.02547634, 0.02469600, 0.02387638, 0.02302606, 0.02215928, 0.02128077, 0.02039910, 0.01952050, 0.01864870, 0.01778840, 0.01681613, 0.01596904, 0.01514668, 0.01434930, 0.01357850, 0.01283590, 0.01212234, 0.01143842, 0.01078447, 0.01016052, 0.00956636, 0.00900146, 0.00846503, 0.00795668, 0.00747554, 0.00702076, 0.00659193, 0.00618724, 0.00580558, 0.00544588, 0.00510707, 0.00478810, 0.00369079, 0.00283573, 0.00217261, 0.00166048, 0.00126621, 0.00096348, 0.00073272, 0.00055741, 0.00042418, 0.00032292, 0.00024595, 0.00018742, 0.00014291, 0.00010904, 0.00008326
-0.04054655, -0.05565455, -0.05811779, -0.05780777, -0.05668365, -0.05523689, -0.05361815, -0.05191264, -0.05015511, -0.04836877, -0.04657014, -0.04477139, -0.04297690, -0.04120023, -0.03944365, -0.03771555, -0.03602136, -0.03436417, -0.03274854, -0.03094468, -0.02938341, -0.02787820, -0.02642769, -0.02503258, -0.02369378, -0.02241142, -0.02118539, -0.02001525, -0.01890023, -0.01783928, -0.01683094, -0.01587347, -0.01496563, -0.01410561, -0.01329171, -0.01252314, -0.01179652, -0.01110986, -0.01046121, -0.00984870, -0.00927048, -0.00726652, -0.00568306, -0.00443565, -0.00345575, -0.00268772, -0.00208693, -0.00161779, -0.00125313, -0.00097093, -0.00075249, -0.00058336, -0.00045239, -0.00035095, -0.00027237, -0.00021149
-0.03423534, -0.04684280, -0.04885027, -0.04856689, -0.04762513, -0.04642864, -0.04509767, -0.04369991, -0.04226131, -0.04079863, -0.03932354, -0.03784462, -0.03636436, -0.03489332, -0.03343300, -0.03199032, -0.03056994, -0.02917480, -0.02780918, -0.02628092, -0.02495175, -0.02366616, -0.02242372, -0.02122569, -0.02007346, -0.01896774, -0.01790895, -0.01689717, -0.01593216, -0.01501337, -0.01413984, -0.01331032, -0.01252394, -0.01177928, -0.01107501, -0.01041048, -0.00978289, -0.00919054, -0.00863178, -0.00810497, -0.00760853, -0.00589630, -0.00455590, -0.00351120, -0.00270005, -0.00207207, -0.00158708, -0.00121377, -0.00092845, -0.00071047, -0.00054388, -0.00041653, -0.00031916, -0.00024469, -0.00018771, -0.00014409
-0.10663908, -0.15213412, -0.16185649, -0.16262498, -0.16049826, -0.15710594, -0.15299730, -0.14848502, -0.14371055, -0.13876903, -0.13372825, -0.12863832, -0.12352163, -0.11842738, -0.11336790, -0.10837337, -0.10346415, -0.09865224, -0.09395380, -0.08870465, -0.08415766, -0.07977247, -0.07554605, -0.07148144, -0.06758215, -0.06384904, -0.06028207, -0.05688014, -0.05364112, -0.05056197, -0.04763837, -0.04486505, -0.04223844, -0.03975309, -0.03740389, -0.03518825, -0.03309626, -0.03112194, -0.02925947, -0.02750319, -0.02584762, -0.02013019, -0.01563994, -0.01212490, -0.00938159, -0.00724562, -0.00558594, -0.00429984, -0.00331001, -0.00254877, -0.00196319, -0.00151264, -0.00116594, -0.00089909, -0.00069366, -0.00053545
-0.01949711, -0.02708414, -0.02847642, -0.02843944, -0.02796358, -0.02730484, -0.02654524, -0.02573136, -0.02488341, -0.02401490, -0.02313542, -0.02225209, -0.02136792, -0.02049023, -0.01962066, -0.01876379, -0.01792260, -0.01709891, -0.01629520, -0.01539694, -0.01461929, -0.01386927, -0.01314629, -0.01245076, -0.01178320, -0.01114373, -0.01053231, -0.00994875, -0.00939269, -0.00886363, -0.00836085, -0.00788348, -0.00743090, -0.00700223, -0.00659661, -0.00621364, -0.00585164, -0.00550961, -0.00518658, -0.00488161, -0.00459378, -0.00359677, -0.00280975, -0.00219041, -0.00170442, -0.00132394, -0.00102667, -0.00079482, -0.00061496, -0.00047594, -0.00036844, -0.00028531, -0.00022101, -0.00017126, -0.00013277, -0.00010298
-0.00749776, -0.00876316, -0.00839262, -0.00794650, -0.00754171, -0.00718019, -0.00685051, -0.00654580, -0.00626027, -0.00599002, -0.00573230, -0.00548518, -0.00524730, -0.00501785, -0.00479615, -0.00458190, -0.00437474, -0.00417457, -0.00398133, -0.00376756, -0.00358320, -0.00340618, -0.00323622, -0.00307315, -0.00291685, -0.00276722, -0.00262414, -0.00248751, -0.00235718, -0.00223299, -0.00211476, -0.00200232, -0.00189544, -0.00179392, -0.00169757, -0.00160631, -0.00151975, -0.00143768, -0.00135987, -0.00128612, -0.00121624, -0.00097167, -0.00077509, -0.00061740, -0.00049114, -0.00039020, -0.00030962, -0.00024540, -0.00019428, -0.00015363, -0.00012140, -0.00009595, -0.00007586, -0.00005999, -0.00004745, -0.00003755
-0.00784736, -0.00855309, -0.00778815, -0.00712067, -0.00657994, -0.00613175, -0.00574690, -0.00540812, -0.00510330, -0.00482441, -0.00456589, -0.00432383, -0.00409549, -0.00387899, -0.00367292, -0.00347636, -0.00328853, -0.00310897, -0.00293737, -0.00275240, -0.00259239, -0.00244013, -0.00229525, -0.00215752, -0.00202670, -0.00190262, -0.00178509, -0.00167391, -0.00156890, -0.00146981, -0.00137643, -0.00128851, -0.00120582, -0.00112809, -0.00105511, -0.00098671, -0.00092254, -0.00086237, -0.00080597, -0.00075312, -0.00070362, -0.00053523, -0.00040624, -0.00030774, -0.00023269, -0.00017564, -0.00013237, -0.00009980, -0.00007529, -0.00005684, -0.00004295, -0.00003247, -0.00002457, -0.00001861, -0.00001411, -0.00001070
-0.01045860, -0.01267325, -0.01238715, -0.01186303, -0.01134005, -0.01084786, -0.01038186, -0.00993897, -0.00951427, -0.00910454, -0.00870761, -0.00832205, -0.00794646, -0.00758104, -0.00722512, -0.00687906, -0.00654299, -0.00621702, -0.00590153, -0.00555439, -0.00525357, -0.00496494, -0.00468815, -0.00442312, -0.00416985, -0.00392823, -0.00369815, -0.00347942, -0.00327181, -0.00307506, -0.00288882, -0.00271272, -0.00254641, -0.00238951, -0.00224164, -0.00210256, -0.00197164, -0.00184844, -0.00173257, -0.00162362, -0.00152124, -0.00117027, -0.00089803, -0.00068760, -0.00052543, -0.00040075, -0.00030509, -0.00023213, -0.00017671, -0.00013458, -0.00010255, -0.00007818, -0.00005964, -0.00004552, -0.00003477, -0.00002658
-0.04411782, -0.06263344, -0.06647752, -0.06671263, -0.06580064, -0.06439590, -0.06271492, -0.06088060, -0.05894689, -0.05694954, -0.05491379, -0.05285821, -0.05079045, -0.04872954, -0.04667974, -0.04465292, -0.04265716, -0.04069728, -0.03878000, -0.03663416, -0.03477157, -0.03297211, -0.03123492, -0.02956165, -0.02795414, -0.02641312, -0.02493892, -0.02353143, -0.02219006, -0.02091383, -0.01970120, -0.01855020, -0.01745952, -0.01642708, -0.01545087, -0.01452994, -0.01366027, -0.01283946, -0.01206515, -0.01133503, -0.01064688, -0.00827177, -0.00640930, -0.00495440, -0.00382175, -0.00294232, -0.00226102, -0.00173486, -0.00133132, -0.00102197, -0.00078477, -0.00060285, -0.00046330, -0.00035623, -0.00027406, -0.00021096
-0.03323745, -0.04623212, -0.04863050, -0.04856969, -0.04774927, -0.04661101, -0.04529773, -0.04389074, -0.04242572, -0.04092677, -0.03941112, -0.03789146, -0.03637317, -0.03486907, -0.03338190, -0.03191941, -0.03048657, -0.02908616, -0.02772213, -0.02619874, -0.02488289, -0.02361548, -0.02239513, -0.02122226, -0.02009746, -0.01902068, -0.01799164, -0.01700982, -0.01607446, -0.01518454, -0.01433875, -0.01353551, -0.01277376, -0.01205191, -0.01136851, -0.01072288, -0.01011215, -0.00953464, -0.00898871, -0.00847278, -0.00798534, -0.00629206, -0.00494825, -0.00388436, -0.00304415, -0.00238190, -0.00186083, -0.00145153, -0.00113089, -0.00088117, -0.00068674, -0.00053533, -0.00041741, -0.00032556, -0.00025401, -0.00019825
-0.01078067, -0.01490851, -0.01562391, -0.01557184, -0.01529120, -0.01491855, -0.01449628, -0.01404832, -0.01358444, -0.01311109, -0.01263281, -0.01215295, -0.01167270, -0.01119580, -0.01072291, -0.01025642, -0.00979789, -0.00934827, -0.00890893, -0.00841774, -0.00799156, -0.00757999, -0.00718280, -0.00680030, -0.00643285, -0.00608060, -0.00574359, -0.00542178, -0.00511503, -0.00482310, -0.00454565, -0.00428221, -0.00403249, -0.00379602, -0.00357233, -0.00336123, -0.00316178, -0.00297345, -0.00279571, -0.00262803, -0.00246991, -0.00192346, -0.00149402, -0.00115778, -0.00089539, -0.00069116, -0.00053255, -0.00040966, -0.00031510, -0.00024244, -0.00018660, -0.00014367, -0.00011066, -0.00008528, -0.00006575, -0.00005073
-0.01750956, -0.02364612, -0.02448825, -0.02424999, -0.02371682, -0.02307604, -0.02238022, -0.02165874, -0.02092188, -0.02017626, -0.01942655, -0.01867625, -0.01792621, -0.01718130, -0.01644218, -0.01571221, -0.01499368, -0.01428815, -0.01359781, -0.01282790, -0.01215720, -0.01150896, -0.01088306, -0.01028018, -0.00970104, -0.00914602, -0.00861535, -0.00810905, -0.00762700, -0.00716887, -0.00673418, -0.00632224, -0.00593257, -0.00556441, -0.00521702, -0.00489000, -0.00458193, -0.00429190, -0.00401903, -0.00376245, -0.00352133, -0.00269539, -0.00205641, -0.00156449, -0.00118733, -0.00089906, -0.00067940, -0.00051336, -0.00038808, -0.00029351, -0.00022211, -0.00016817, -0.00012742, -0.00009661, -0.00007332, -0.00005569
-0.00772128, -0.01015193, -0.01040075, -0.01024432, -0.00998419, -0.00968947, -0.00937843, -0.00906140, -0.00874191, -0.00842226, -0.00810412, -0.00778871, -0.00747630, -0.00716858, -0.00686565, -0.00656862, -0.00627812, -0.00599453, -0.00571846, -0.00541016, -0.00514365, -0.00488676, -0.00463920, -0.00440103, -0.00417235, -0.00395315, -0.00374338, -0.00354297, -0.00335178, -0.00316963, -0.00299628, -0.00283144, -0.00267491, -0.00252638, -0.00238557, -0.00225238, -0.00212624, -0.00200681, -0.00189378, -0.00178683, -0.00168568, -0.00133334, -0.00105254, -0.00082936, -0.00065242, -0.00051244, -0.00040189, -0.00031473, -0.00024612, -0.00019239, -0.00015042, -0.00011764, -0.00009202, -0.00007201, -0.00005636, -0.00004413
0.01473370, 0.02212121, 0.02406438, 0.02446070, 0.02432366, 0.02394128, 0.02341670, 0.02280876, 0.02214517, 0.02144426, 0.02071890, 0.01997843, 0.01922710, 0.01847360, 0.01772020, 0.01697216, 0.01623310, 0.01550515, 0.01479117, 0.01398844, 0.01329157, 0.01261716, 0.01196498, 0.01133581, 0.01073051, 0.01014946, 0.00959289, 0.00906083, 0.00855315, 0.00806954, 0.00760949, 0.00717229, 0.00675754, 0.00636449, 0.00599244, 0.00564108, 0.00530891, 0.00499507, 0.00469868, 0.00441891, 0.00415493, 0.00324144, 0.00252203, 0.00195763, 0.00151638, 0.00117234, 0.00090469, 0.00069694, 0.00053679, 0.00041355, 0.00031871, 0.00024569, 0.00018948, 0.00014619, 0.00011284, 0.00008715
-0.01643112, -0.02257095, -0.02358689, -0.02347506, -0.02303163, -0.02245612, -0.02180942, -0.02112590, -0.02041940, -0.01969908, -0.01897144, -0.01824135, -0.01751057, -0.01678467, -0.01606473, -0.01535435, -0.01465599, -0.01397118, -0.01330207, -0.01255533, -0.01190678, -0.01128071, -0.01067682, -0.01009562, -0.00953768, -0.00900322, -0.00849233, -0.00800496, -0.00754086, -0.00709967, -0.00668084, -0.00628367, -0.00590767, -0.00555207, -0.00521618, -0.00489961, -0.00460097, -0.00431940, -0.00405407, -0.00380415, -0.00356886, -0.00275904, -0.00212703, -0.00163577, -0.00125525, -0.00096131, -0.00073477, -0.00056101, -0.00042849, -0.00032740, -0.00025025, -0.00019137, -0.00014642, -0.00011208, -0.00008586, -0.00006581
-0.01119295, -0.01563278, -0.01652286, -0.01656601, -0.01633985, -0.01599667, -0.01558673, -0.01513867, -0.01466548, -0.01417576, -0.01367558, -0.01316946, -0.01265968, -0.01215062, -0.01164369, -0.01114179, -0.01064692, -0.01016048, -0.00968422, -0.00915042, -0.00868685, -0.00823866, -0.00780576, -0.00738858, -0.00698757, -0.00660296, -0.00623487, -0.00588329, -0.00554812, -0.00522914, -0.00492598, -0.00463819, -0.00436543, -0.00410719, -0.00386298, -0.00363256, -0.00341495, -0.00320955, -0.00301577, -0.00283305, -0.00266082, -0.00206640, -0.00160035, -0.00123641, -0.00095319, -0.00073339, -0.00056320, -0.00043187, -0.00033120, -0.00025409, -0.00019499, -0.00014970, -0.00011498, -0.00008835, -0.00006793, -0.00005226
0.03440437, 0.06091838, 0.07209303, 0.07688565, 0.07897160, 0.07959357, 0.07928465, 0.07835481, 0.07698214, 0.07528462, 0.07334481, 0.07122344, 0.06896397, 0.06660778, 0.06418215, 0.06171523, 0.05922821, 0.05673925, 0.05426545, 0.05143145, 0.04895952, 0.04654720, 0.04419872, 0.04191959, 0.03971493, 0.03758863, 0.03554364, 0.03358191, 0.03170448, 0.02991152, 0.02820238, 0.02657571, 0.02503014, 0.02356357, 0.02217393, 0.02086048, 0.01961804, 0.01844363, 0.01733428, 0.01628701, 0.01529890, 0.01188199, 0.00919733, 0.00709885, 0.00546542, 0.00419822, 0.00321786, 0.00246290, 0.00188536, 0.00144358, 0.00110561, 0.00084706, 0.00064923, 0.00049784, 0.00038196, 0.00029323
-0.05473351, -0.09851605, -0.11926657, -0.12928722, -0.13441991, -0.13676090, -0.13726439, -0.13648862, -0.13478087, -0.13237070, -0.12941855, -0.12604388, -0.12234822, -0.11840204, -0.11427358, -0.11001706, -0.10567527, -0.10129251, -0.09690559, -0.09184146, -0.08740384, -0.08305440, -0.07880755, -0.07467553, -0.07066917, -0.06679832, -0.06307068, -0.05949177, -0.05606508, -0.05279220, -0.04967333, -0.04670738, -0.04389127, -0.04122161, -0.03869488, -0.03630982, -0.03405716, -0.03193149, -0.02992730, -0.02803907, -0.02626134, -0.02014903, -0.01539721, -0.01172652, -0.00890455, -0.00674348, -0.00509588, -0.00385058, -0.00291027, -0.00220024, -0.00166408, -0.00125918, -0.00095334, -0.00072227, -0.00054762, -0.00041554
-0.01163987, -0.01577739, -0.01640810, -0.01629728, -0.01597398, -0.01556837, -0.01511915, -0.01464822, -0.01416421, -0.01367273, -0.01317771, -0.01268206, -0.01218679, -0.01169528, -0.01120814, -0.01072759, -0.01025510, -0.00979162, -0.00933851, -0.00883113, -0.00839076, -0.00796511, -0.00755399, -0.00715769, -0.00677661, -0.00641092, -0.00606070, -0.00572593, -0.00540650, -0.00510220, -0.00481270, -0.00453758, -0.00427653, -0.00402907, -0.00379478, -0.00357346, -0.00336417, -0.00316636, -0.00297950, -0.00280306, -0.00263653, -0.00205981, -0.00160503, -0.00124777, -0.00096807, -0.00074967, -0.00057952, -0.00044722, -0.00034493, -0.00026611, -0.00020537, -0.00015855, -0.00012245, -0.00009461, -0.00007314, -0.00005657
-0.03128170, -0.04195123, -0.04330031, -0.04280082, -0.04180935, -0.04064440, -0.03939315, -0.03810424, -0.03679415, -0.03547343, -0.03414954, -0.03282805, -0.03151007, -0.03020366, -0.02890967, -0.02763361, -0.02637917, -0.02514875, -0.02394594, -0.02260413, -0.02143669, -0.02030876, -0.01921993, -0.01817121, -0.01716371, -0.01619798, -0.01527430, -0.01439267, -0.01355281, -0.01275414, -0.01199577, -0.01127655, -0.01059559, -0.00995161, -0.00934336, -0.00877019, -0.00822961, -0.00772009, -0.00724013, -0.00678826, -0.00636304, -0.00490161, -0.00376432, -0.00288329, -0.00220339, -0.00168026, -0.00127872, -0.00097232, -0.00073964, -0.00056288, -0.00042856, -0.00032646, -0.00024883, -0.00018978, -0.00014484, -0.00011063
-0.02869712, -0.03841284, -0.03960076, -0.03910389, -0.03815393, -0.03704193, -0.03584923, -0.03462150, -0.03337541, -0.03212233, -0.03087054, -0.02962632, -0.02839151, -0.02717403, -0.02597490, -0.02479911, -0.02364980, -0.02252876, -0.02143870, -0.02022733, -0.01917959, -0.01817167, -0.01720248, -0.01627222, -0.01538125, -0.01452947, -0.01371659, -0.01294215, -0.01220546, -0.01150567, -0.01084168, -0.01021220, -0.00961628, -0.00905260, -0.00851994, -0.00801766, -0.00754346, -0.00709597, -0.00667383, -0.00627574, -0.00590044, -0.00460381, -0.00358437, -0.00278513, -0.00216021, -0.00167263, -0.00129292, -0.00099783, -0.00076998, -0.00059434, -0.00045890, -0.00035444, -0.00027386, -0.00021168, -0.00016370, -0.00012666
-0.02681556, -0.03729818, -0.03925600, -0.03922487, -0.03857430, -0.03766211, -0.03660498, -0.03546945, -0.03428517, -0.03307226, -0.03184512, -0.03061440, -0.02938479, -0.02816680, -0.02696285, -0.02577927, -0.02462014, -0.02348773, -0.02238522, -0.02115415, -0.02009148, -0.01906832, -0.01808354, -0.01713740, -0.01623032, -0.01536219, -0.01453274, -0.01374152, -0.01298785, -0.01227089, -0.01158955, -0.01094253, -0.01032894, -0.00974750, -0.00919700, -0.00867691, -0.00818489, -0.00771957, -0.00727965, -0.00686385, -0.00647093, -0.00510532, -0.00402047, -0.00316060, -0.00248062, -0.00194390, -0.00152100, -0.00118831, -0.00092722, -0.00072352, -0.00056468, -0.00044081, -0.00034419, -0.00026882, -0.00021002, -0.00016414
-0.02350618, -0.03233370, -0.03381553, -0.03367009, -0.03304278, -0.03222203, -0.03129669, -0.03031693, -0.02930331, -0.02826947, -0.02722512, -0.02617747, -0.02512927, -0.02408859, -0.02305706, -0.02203985, -0.02104043, -0.02006096, -0.01910446, -0.01803677, -0.01711036, -0.01621637, -0.01535429, -0.01452475, -0.01372851, -0.01296582, -0.01223676, -0.01154118, -0.01087873, -0.01024885, -0.00965072, -0.00908336, -0.00854602, -0.00803763, -0.00755718, -0.00710415, -0.00667655, -0.00627315, -0.00589277, -0.00553426, -0.00519650, -0.00403188, -0.00312004, -0.00240878, -0.00185582, -0.00142703, -0.00109527, -0.00083946, -0.00064354, -0.00049351, -0.00037859, -0.00029055, -0.00022308, -0.00017136, -0.00013171, -0.00010130
-0.02709063, -0.03613468, -0.03719767, -0.03670876, -0.03581049, -0.03476948, -0.03365841, -0.03251795, -0.03136222, -0.03020061, -0.02903994, -0.02788535, -0.02673812, -0.02560524, -0.02448752, -0.02338952, -0.02231419, -0.02126331, -0.02023957, -0.01910037, -0.01811291, -0.01716147, -0.01624528, -0.01536475, -0.01452043, -0.01371242, -0.01294064, -0.01220480, -0.01150442, -0.01083881, -0.01020703, -0.00960796, -0.00904076, -0.00850424, -0.00799730, -0.00751935, -0.00706825, -0.00664271, -0.00624146, -0.00586327, -0.00550693, -0.00427795, -0.00331500, -0.00256312, -0.00197786, -0.00152341, -0.00117127, -0.00089919, -0.00069042, -0.00053030, -0.00040746, -0.00031319, -0.00024084, -0.00018530, -0.00014264, -0.00010987
0.01404385, 0.02444912, 0.02828352, 0.02966612, 0.03008990, 0.03002965, 0.02967567, 0.02913756, 0.02847207, 0.02771679, 0.02689803, 0.02603480, 0.02513727, 0.02422092, 0.02329128, 0.02235763, 0.02142663, 0.02050236, 0.01958981, 0.01855399, 0.01765331, 0.01677815, 0.01592873, 0.01510668, 0.01431364, 0.01355049, 0.01281786, 0.01211612, 0.01144532, 0.01080528, 0.01019550, 0.00961518, 0.00906398, 0.00854103, 0.00804550, 0.00757708, 0.00713385, 0.00671472, 0.00631860, 0.00594441, 0.00559111, 0.00436678, 0.00340068, 0.00264156, 0.00204736, 0.00158360, 0.00122255, 0.00094212, 0.00072582, 0.00055931, 0.00043111, 0.00033240, 0.00025637, 0.00019782, 0.00015271, 0.00011795
0.03200842, 0.04819156, 0.05258910, 0.05357134, 0.05335463, 0.05257670, 0.05146940, 0.05016538, 0.04872847, 0.04720103, 0.04561292, 0.04398593, 0.04233071, 0.04066702, 0.03900080, 0.03734421, 0.03570578, 0.03409075, 0.03250585, 0.03072430, 0.02917670, 0.02767887, 0.02623051, 0.02483352, 0.02348988, 0.02220050, 0.02096595, 0.01978636, 0.01866142, 0.01759048, 0.01657236, 0.01560552, 0.01468898, 0.01382107, 0.01300020, 0.01222560, 0.01149395, 0.01080326, 0.01015159, 0.00953703, 0.00895771, 0.00695783, 0.00538935, 0.00416414, 0.00321051, 0.00247030, 0.00189709, 0.00145475, 0.00111573, 0.00085598, 0.00065691, 0.00050432, 0.00038734, 0.00029764, 0.00022884, 0.00017605
-0.00412739, -0.00550020, -0.00569945, -0.00565702, -0.00554353, -0.00540120, -0.00524290, -0.00507602, -0.00490383, -0.00472853, -0.00455175, -0.00437471, -0.00419805, -0.00402300, -0.00384996, -0.00367976, -0.00351293, -0.00334985, -0.00319100, -0.00301373, -0.00286044, -0.00271277, -0.00257062, -0.00243402, -0.00230303, -0.00217767, -0.00205790, -0.00194367, -0.00183490, -0.00173147, -0.00163324, -0.00154002, -0.00145168, -0.00136803, -0.00128891, -0.00121422, -0.00114363, -0.00107695, -0.00101398, -0.00095453, -0.00089843, -0.00070409, -0.00055062, -0.00042976, -0.00033483, -0.00026043, -0.00020223, -0.00015678, -0.00012147, -0.00009413, -0.00007297, -0.00005658, -0.00004388, -0.00003405, -0.00002643, -0.00002052
0.00013994, 0.00457906, 0.00717028, 0.00848423, 0.00920843, 0.00960347, 0.00978954, 0.00983659, 0.00978498, 0.00966158, 0.00948523, 0.00926955, 0.00902325, 0.00875566, 0.00847169, 0.00817692, 0.00787550, 0.00757030, 0.00726419, 0.00690744, 0.00659731, 0.00629341, 0.00599626, 0.00570680, 0.00542594, 0.00515426, 0.00489219, 0.00464005, 0.00439801, 0.00416616, 0.00394440, 0.00373256, 0.00353062, 0.00333833, 0.00315548, 0.00298203, 0.00281732, 0.00266102, 0.00251278, 0.00237225, 0.00223909, 0.00177359, 0.00140093, 0.00110379, 0.00086778, 0.00068086, 0.00053319, 0.00041680, 0.00032533, 0.00025391, 0.00019817, 0.00015469, 0.00012076, 0.00009429, 0.00007364, 0.00005753
-0.01792783, -0.02424168, -0.02511811, -0.02487744, -0.02433100, -0.02367441, -0.02296378, -0.02223072, -0.02148672, -0.02073916, -0.01999304, -0.01925192, -0.01851630, -0.01779073, -0.01707521, -0.01637245, -0.01568403, -0.01501066, -0.01435380, -0.01361601, -0.01297849, -0.01236257, -0.01176752, -0.01119355, -0.01064101, -0.01010997, -0.00960042, -0.00911225, -0.00864524, -0.00819904, -0.00777318, -0.00736702, -0.00698021, -0.00661211, -0.00626215, -0.00593015, -0.00561478, -0.00531532, -0.00503105, -0.00476128, -0.00450535, -0.00360734, -0.00288289, -0.00229994, -0.00183204, -0.00145723, -0.00115753, -0.00091828, -0.00072758, -0.00057577, -0.00045529, -0.00036008, -0.00028484, -0.00022537, -0.00017835, -0.00014118
-0.00718334, -0.00802246, -0.00740668, -0.00682793, -0.00634508, -0.00593729, -0.00558208, -0.00526602, -0.00497917, -0.00471492, -0.00446873, -0.00423738, -0.00401844, -0.00381050, -0.00361226, -0.00342301, -0.00324208, -0.00306905, -0.00290362, -0.00272478, -0.00257039, -0.00242345, -0.00228357, -0.00215051, -0.00202406, -0.00190403, -0.00179024, -0.00168250, -0.00158061, -0.00148434, -0.00139348, -0.00130779, -0.00122706, -0.00115104, -0.00107951, -0.00101235, -0.00094920, -0.00088986, -0.00083410, -0.00078172, -0.00073254, -0.00056415, -0.00043369, -0.00033284, -0.00025505, -0.00019514, -0.00014907, -0.00011377, -0.00008688, -0.00006639, -0.00005075, -0.00003882, -0.00002972, -0.00002276, -0.00001744, -0.00001338
-0.02418480, -0.03273985, -0.03396359, -0.03366681, -0.03294625, -0.03206734, -0.03110679, -0.03010770, -0.02908614, -0.02805257, -0.02701439, -0.02597707, -0.02494215, -0.02391654, -0.02290118, -0.02190058, -0.02091772, -0.01995445, -0.01901349, -0.01796254, -0.01705006, -0.01616887, -0.01531848, -0.01449952, -0.01371277, -0.01295852, -0.01223690, -0.01154784, -0.01089104, -0.01026602, -0.00967204, -0.00910817, -0.00857373, -0.00806773, -0.00758919, -0.00713766, -0.00671118, -0.00630859, -0.00592875, -0.00557053, -0.00523284, -0.00406696, -0.00315231, -0.00243756, -0.00188095, -0.00144865, -0.00111366, -0.00085475, -0.00065606, -0.00050372, -0.00038690, -0.00029729, -0.00022854, -0.00017577, -0.00013527, -0.00010416
-0.00548987, -0.00690361, -0.00691258, -0.00672121, -0.00649349, -0.00626070, -0.00602809, -0.00579853, -0.00557220, -0.00534925, -0.00512987, -0.00491426, -0.00470231, -0.00449473, -0.00429151, -0.00409316, -0.00389998, -0.00371219, -0.00353010, -0.00332854, -0.00315429, -0.00298693, -0.00282625, -0.00267223, -0.00252487, -0.00238413, -0.00224992, -0.00212217, -0.00200072, -0.00188543, -0.00177611, -0.00167253, -0.00157453, -0.00148187, -0.00139434, -0.00131184, -0.00123398, -0.00116054, -0.00109127, -0.00102597, -0.00096444, -0.00075196, -0.00058508, -0.00045436, -0.00035223, -0.00027260, -0.00021062, -0.00016248, -0.00012533, -0.00009671, -0.00007464, -0.00005763, -0.00004452, -0.00003440, -0.00002660, -0.00002057
-0.02140960, -0.02894076, -0.03001993, -0.02976016, -0.02912355, -0.02834374, -0.02748880, -0.02659707, -0.02568325, -0.02475711, -0.02382564, -0.02289413, -0.02196438, -0.02104282, -0.02013061, -0.01923197, -0.01834976, -0.01748576, -0.01664254, -0.01570295, -0.01488730, -0.01410056, -0.01334227, -0.01261298, -0.01191330, -0.01124344, -0.01060346, -0.00999322, -0.00941237, -0.00886041, -0.00833662, -0.00784010, -0.00737018, -0.00692589, -0.00650631, -0.00611097, -0.00573810, -0.00538660, -0.00505544, -0.00474356, -0.00444998, -0.00343982, -0.00265174, -0.00203929, -0.00156497, -0.00119858, -0.00091619, -0.00069961, -0.00053442, -0.00040839, -0.00031220, -0.00023877, -0.00018271, -0.00013988, -0.00010717, -0.00008216
-0.05797237, -0.07824588, -0.08103038, -0.08022511, -0.07841930, -0.07623882, -0.07386520, -0.07140070, -0.06888456, -0.06634333, -0.06379623, -0.06125769, -0.05873255, -0.05623807, -0.05377698, -0.05136020, -0.04899473, -0.04668466, -0.04443602, -0.04193397, -0.03976849, -0.03768370, -0.03567762, -0.03375093, -0.03190462, -0.03013865, -0.02845262, -0.02684570, -0.02531664, -0.02386375, -0.02248487, -0.02117741, -0.01993945, -0.01876832, -0.01766155, -0.01661784, -0.01563246, -0.01470257, -0.01382537, -0.01299819, -0.01221842, -0.00952500, -0.00740858, -0.00575057, -0.00445534, -0.00344577, -0.00266038, -0.00205076, -0.00158073, -0.00121879, -0.00094002, -0.00072525, -0.00055977, -0.00043222, -0.00033390, -0.00025809
0.04828984, 0.07105748, 0.07677821, 0.07782142, 0.07726098, 0.07596142, 0.07423039, 0.07224367, 0.07008532, 0.06781150, 0.06546199, 0.06306607, 0.06063850, 0.05820595, 0.05577687, 0.05336789, 0.05099055, 0.04865223, 0.04636211, 0.04379408, 0.04156590, 0.03941258, 0.03733348, 0.03533079, 0.03340684, 0.03156262, 0.02979860, 0.02811465, 0.02651009, 0.02498372, 0.02353368, 0.02215760, 0.02085387, 0.01961994, 0.01845340, 0.01735307, 0.01631412, 0.01533365, 0.01440882, 0.01353685, 0.01271505, 0.00987904, 0.00765536, 0.00591824, 0.00456576, 0.00351547, 0.00270166, 0.00207332, 0.00159141, 0.00122187, 0.00093843, 0.00072100, 0.00055417, 0.00042615, 0.00032787, 0.00025241
-0.03429984, -0.04911836, -0.05233009, -0.05261547, -0.05195604, -0.05088534, -0.04958300, -0.04815115, -0.04663547, -0.04506629, -0.04346505, -0.04184740, -0.04021994, -0.03859826, -0.03698586, -0.03539227, -0.03382391, -0.03228447, -0.03077914, -0.02909288, -0.02763111, -0.02621922, -0.02485634, -0.02354363, -0.02228243, -0.02107321, -0.01991612, -0.01881101, -0.01775737, -0.01675438, -0.01580081, -0.01489508, -0.01403620, -0.01322253, -0.01245252, -0.01172546, -0.01103821, -0.01038891, -0.00977574, -0.00919692, -0.00865073, -0.00675997, -0.00526946, -0.00409850, -0.00318151, -0.00246517, -0.00190678, -0.00147235, -0.00113647, -0.00087746, -0.00067767, -0.00052354, -0.00040461, -0.00031282, -0.00024197, -0.00018726
-0.05187099, -0.07085449, -0.07375115, -0.07318992, -0.07162352, -0.06966351, -0.06749687, -0.06522947, -0.06290526, -0.06055457, -0.05819941, -0.05585613, -0.05353081, -0.05124094, -0.04898929, -0.04678607, -0.04463746, -0.04254646, -0.04051781, -0.03826192, -0.03631906, -0.03445335, -0.03266186, -0.03094434, -0.02930089, -0.02773071, -0.02623278, -0.02480579, -0.02344813, -0.02215790, -0.02093283, -0.01977031, -0.01866851, -0.01762493, -0.01663726, -0.01570438, -0.01482199, -0.01398757, -0.01319865, -0.01245291, -0.01174810, -0.00929667, -0.00734563, -0.00579530, -0.00456562, -0.00359178, -0.00282168, -0.00221357, -0.00173418, -0.00135838, -0.00106422, -0.00083391, -0.00065356, -0.00051234, -0.00040174, -0.00031511
-0.06266430, -0.08808939, -0.09304975, -0.09314789, -0.09174193, -0.08970443, -0.08731472, -0.08473048, -0.08201782, -0.07922008, -0.07636791, -0.07348409, -0.07057762, -0.06767375, -0.06477833, -0.06190804, -0.05907472, -0.05628616, -0.05355279, -0.05049964, -0.04783835, -0.04526466, -0.04277861, -0.04038350, -0.03808278, -0.03587822, -0.03377092, -0.03176117, -0.02984851, -0.02803178, -0.02630896, -0.02467735, -0.02313500, -0.02167886, -0.02030597, -0.01901464, -0.01779913, -0.01665581, -0.01558110, -0.01457149, -0.01362356, -0.01038415, -0.00788806, -0.00597439, -0.00451343, -0.00340162, -0.00255927, -0.00192610, -0.00145024, -0.00109249, -0.00082346, -0.00062107, -0.00046877, -0.00035410, -0.00026771, -0.00020259
0.02993300, 0.04746097, 0.05290357, 0.05447070, 0.05461370, 0.05406688, 0.05310834, 0.05189739, 0.05051299, 0.04900755, 0.04741794, 0.04577109, 0.04408073, 0.04237037, 0.04064780, 0.03892749, 0.03721985, 0.03553137, 0.03387012, 0.03199965, 0.03037175, 0.02879417, 0.02726714, 0.02579318, 0.02437486, 0.02301348, 0.02170992, 0.02046453, 0.01927718, 0.01814729, 0.01707372, 0.01605486, 0.01508979, 0.01417674, 0.01331400, 0.01250075, 0.01173347, 0.01101004, 0.01032835, 0.00968634, 0.00908201, 0.00700341, 0.00538379, 0.00412749, 0.00315687, 0.00240920, 0.00183474, 0.00139642, 0.00106316, 0.00080971, 0.00061693, 0.00047025, 0.00035864, 0.00027367, 0.00020898, 0.00015969
-0.01350892, -0.01783385, -0.01823867, -0.01792268, -0.01742790, -0.01687683, -0.01630112, -0.01571838, -0.01513424, -0.01455257, -0.01397618, -0.01340719, -0.01284587, -0.01229529, -0.01175545, -0.01122821, -0.01071460, -0.01021510, -0.00973061, -0.00919228, -0.00872808, -0.00828208, -0.00785359, -0.00744253, -0.00704891, -0.00667258, -0.00631331, -0.00597082, -0.00564476, -0.00533471, -0.00504015, -0.00476050, -0.00449533, -0.00424406, -0.00400616, -0.00378138, -0.00356871, -0.00336754, -0.00317731, -0.00299746, -0.00282746, -0.00223610, -0.00176549, -0.00139170, -0.00109542, -0.00086097, -0.00067574, -0.00052962, -0.00041453, -0.00032436, -0.00025386, -0.00019873, -0.00015561, -0.00012188, -0.00009548, -0.00007483
0.03163600, 0.04583173, 0.04909226, 0.04949991, 0.04896543, 0.04801362, 0.04682585, 0.04550566, 0.04410078, 0.04264299, 0.04115463, 0.03965184, 0.03814155, 0.03663897, 0.03514740, 0.03367569, 0.03222961, 0.03081220, 0.02942785, 0.02787229, 0.02652890, 0.02523187, 0.02397990, 0.02277370, 0.02161422, 0.02050161, 0.01943583, 0.01841656, 0.01744323, 0.01651501, 0.01563073, 0.01478892, 0.01398871, 0.01322864, 0.01250737, 0.01182440, 0.01117683, 0.01056305, 0.00998146, 0.00943055, 0.00890882, 0.00708599, 0.00562554, 0.00445822, 0.00352749, 0.00278685, 0.00219852, 0.00173195, 0.00136249, 0.00107081, 0.00084168, 0.00066169, 0.00052029, 0.00040919, 0.00032189, 0.00025329
-0.03010020, -0.04237519, -0.04479757, -0.04486278, -0.04419558, -0.04322135, -0.04207785, -0.04084320, -0.03955069, -0.03822210, -0.03687267, -0.03551347, -0.03414860, -0.03278980, -0.03143924, -0.03010418, -0.02878952, -0.02749811, -0.02623409, -0.02481621, -0.02358564, -0.02239556, -0.02124534, -0.02013607, -0.01906899, -0.01804463, -0.01706328, -0.01612496, -0.01522938, -0.01437598, -0.01356383, -0.01279175, -0.01205897, -0.01136419, -0.01070620, -0.01008447, -0.00949639, -0.00894044, -0.00841511, -0.00791895, -0.00745053, -0.00582725, -0.00454575, -0.00353789, -0.00274794, -0.00213041, -0.00164875, -0.00127379, -0.00098344, -0.00075950, -0.00058673, -0.00045341, -0.00035052, -0.00027109, -0.00020975, -0.00016238
-0.04137886, -0.05839885, -0.06180916, -0.06193537, -0.06103599, -0.05970708, -0.05814400, -0.05645793, -0.05469702, -0.05289268, -0.05106663, -0.04923432, -0.04740111, -0.04558267, -0.04378113, -0.04200556, -0.04026165, -0.03855218, -0.03688175, -0.03499953, -0.03337401, -0.03180236, -0.03028287, -0.02881636, -0.02740399, -0.02604604, -0.02474260, -0.02349344, -0.02229805, -0.02115562, -0.02006490, -0.01902431, -0.01803298, -0.01708931, -0.01619185, -0.01534021, -0.01453094, -0.01376221, -0.01303222, -0.01233921, -0.01168148, -0.00937127, -0.00750419, -0.00599886, -0.00478819, -0.00381639, -0.00303771, -0.00241480, -0.00191724, -0.00152033, -0.00120452, -0.00095442, -0.00075637, -0.00059953, -0.00047531, -0.00037690
-0.02089943, -0.02852925, -0.02969844, -0.02950121, -0.02892615, -0.02821143, -0.02742428, -0.02660207, -0.02575729, -0.02489736, -0.02402724, -0.02315050, -0.02226748, -0.02138389, -0.02050026, -0.01962078, -0.01874854, -0.01788574, -0.01703563, -0.01608255, -0.01524618, -0.01443336, -0.01364467, -0.01288166, -0.01214592, -0.01143853, -0.01076032, -0.01011184, -0.00949334, -0.00890481, -0.00834593, -0.00781610, -0.00731491, -0.00684156, -0.00639525, -0.00597553, -0.00558066, -0.00520953, -0.00486103, -0.00453405, -0.00422751, -0.00318457, -0.00238829, -0.00178452, -0.00132924, -0.00098731, -0.00073248, -0.00054372, -0.00040385, -0.00030017, -0.00022328, -0.00016624, -0.00012389, -0.00009244, -0.00006905, -0.00005164
-0.03548586, -0.04810863, -0.04992971, -0.04948977, -0.04840744, -0.04707969, -0.04562462, -0.04410896, -0.04255940, -0.04099406, -0.03942597, -0.03786485, -0.03631406, -0.03478453, -0.03327791, -0.03180081, -0.03035733, -0.02894966, -0.02758116, -0.02605667, -0.02474072, -0.02347468, -0.02225697, -0.02108771, -0.01996726, -0.01889538, -0.01787164, -0.01689539, -0.01596575, -0.01508164, -0.01424166, -0.01344420, -0.01268811, -0.01197178, -0.01129372, -0.01065322, -0.01004741, -0.00947460, -0.00893315, -0.00842148, -0.00793806, -0.00625866, -0.00492552, -0.00386961, -0.00303521, -0.00237706, -0.00185883, -0.00145141, -0.00113187, -0.00088273, -0.00068858, -0.00053725, -0.00041929, -0.00032732, -0.00025561, -0.00019968
-0.02832880, -0.03983907, -0.04209726, -0.04214352, -0.04149745, -0.04055816, -0.03945604, -0.03826512, -0.03701775, -0.03573557, -0.03443395, -0.03312421, -0.03181102, -0.03050600, -0.02921165, -0.02793511, -0.02668111, -0.02545242, -0.02425289, -0.02291208, -0.02175073, -0.02063037, -0.01955016, -0.01851083, -0.01751324, -0.01655760, -0.01564392, -0.01477195, -0.01394117, -0.01315083, -0.01239989, -0.01168702, -0.01101136, -0.01037155, -0.00976633, -0.00919508, -0.00865529, -0.00814546, -0.00766413, -0.00720989, -0.00678135, -0.00529853, -0.00413021, -0.00321264, -0.00249416, -0.00193290, -0.00149536, -0.00115492, -0.00089170, -0.00068867, -0.00053201, -0.00041112, -0.00031781, -0.00024578, -0.00019016, -0.00014720
-0.01592980, -0.02212480, -0.02326992, -0.02325058, -0.02287413, -0.02234868, -0.02174057, -0.02108741, -0.02040537, -0.01970513, -0.01899426, -0.01827835, -0.01755983, -0.01684456, -0.01613400, -0.01543195, -0.01474098, -0.01406278, -0.01339958, -0.01265764, -0.01201357, -0.01139139, -0.01079084, -0.01021245, -0.00965680, -0.00912413, -0.00861457, -0.00812806, -0.00766442, -0.00722330, -0.00680417, -0.00640637, -0.00602942, -0.00567261, -0.00533523, -0.00501696, -0.00471642, -0.00443277, -0.00416519, -0.00391290, -0.00367512, -0.00285452, -0.00221119, -0.00170877, -0.00131774, -0.00101422, -0.00077914, -0.00059765, -0.00045850, -0.00035187, -0.00027012, -0.00020745, -0.00015939, -0.00012252, -0.00009423, -0.00007252
-0.08815360, -0.17042442, -0.21285096, -0.23447581, -0.24627398, -0.25234979, -0.25463346, -0.25425826, -0.25194755, -0.24817960, -0.24328788, -0.23751986, -0.23109131, -0.22413929, -0.21680720, -0.20920070, -0.20140284, -0.19350256, -0.18557071, -0.17632943, -0.16824769, -0.16030699, -0.15253611, -0.14495738, -0.13759046, -0.13045428, -0.12356390, -0.11693045, -0.11056135, -0.10446063, -0.09862995, -0.09306887, -0.08777209, -0.08273452, -0.07795093, -0.07342060, -0.06912699, -0.06506114, -0.06121389, -0.05757601, -0.05413830, -0.04220898, -0.03278824, -0.02539241, -0.01961188, -0.01511058, -0.01161612, -0.00891403, -0.00684013, -0.00524950, -0.00402954, -0.00309392, -0.00237634, -0.00182595, -0.00140372, -0.00107972
0.01012624, 0.01422867, 0.01496564, 0.01491994, 0.01464104, 0.01426969, 0.01384967, 0.01340568, 0.01294724, 0.01248071, 0.01201062, 0.01154025, 0.01107026, 0.01060474, 0.01014388, 0.00969008, 0.00924493, 0.00880909, 0.00838384, 0.00791034, 0.00749952, 0.00710345, 0.00672175, 0.00635471, 0.00600271, 0.00566581, 0.00534401, 0.00503722, 0.00474525, 0.00446783, 0.00420457, 0.00395496, 0.00371873, 0.00349538, 0.00328445, 0.00308568, 0.00289820, 0.00272144, 0.00255488, 0.00239799, 0.00225028, 0.00174176, 0.00134462, 0.00103558, 0.00079592, 0.00061055, 0.00046747, 0.00035749, 0.00027348, 0.00020929, 0.00016023, 0.00012272, 0.00009404, 0.00007210, 0.00005531, 0.00004246
-0.02288519, -0.03005159, -0.03072132, -0.03020625, -0.02939467, -0.02848719, -0.02753562, -0.02656898, -0.02559685, -0.02462574, -0.02366045, -0.02270466, -0.02175917, -0.02082915, -0.01991505, -0.01902018, -0.01814651, -0.01729521, -0.01646809, -0.01554863, -0.01475406, -0.01398979, -0.01325491, -0.01254947, -0.01187364, -0.01122729, -0.01061017, -0.01002189, -0.00946193, -0.00892965, -0.00842421, -0.00794465, -0.00749026, -0.00706004, -0.00665309, -0.00626897, -0.00590595, -0.00556299, -0.00523909, -0.00493328, -0.00464464, -0.00364437, -0.00285381, -0.00223061, -0.00174054, -0.00135596, -0.00105468, -0.00081907, -0.00063552, -0.00049325, -0.00038292, -0.00029736, -0.00023098, -0.00017949, -0.00013953, -0.00010851
-0.00394893, -0.00311838, -0.00189072, -0.00106650, -0.00049209, -0.00007730, 0.00022985, 0.00046006, 0.00063382, 0.00076474, 0.00086228, 0.00093337, 0.00098358, 0.00101657, 0.00103577, 0.00104364, 0.00104218, 0.00103323, 0.00101824, 0.00099081, 0.00096545, 0.00093719, 0.00090677, 0.00087476, 0.00084165, 0.00080789, 0.00077386, 0.00073988, 0.00070622, 0.00067307, 0.00064063, 0.00060904, 0.00057837, 0.00054870, 0.00052010, 0.00049263, 0.00046627, 0.00044102, 0.00041687, 0.00039382, 0.00037183, 0.00029408, 0.00023110, 0.00018067, 0.00014063, 0.00010906, 0.00008429, 0.00006500, 0.00005008, 0.00003857, 0.00002970, 0.00002286, 0.00001760, 0.00001355, 0.00001044, 0.00000804
-0.00627222, -0.00721470, -0.00679842, -0.00635545, -0.00596937, -0.00563390, -0.00533487, -0.00506372, -0.00481357, -0.00457983, -0.00435932, -0.00414982, -0.00394957, -0.00375774, -0.00357339, -0.00339613, -0.00322558, -0.00306149, -0.00290375, -0.00273168, -0.00258290, -0.00244068, -0.00230474, -0.00217494, -0.00205115, -0.00193327, -0.00182115, -0.00171468, -0.00161370, -0.00151804, -0.00142751, -0.00134194, -0.00126111, -0.00118483, -0.00111291, -0.00104524, -0.00098149, -0.00092145, -0.00086494, -0.00081176, -0.00076173, -0.00058976, -0.00045568, -0.00035143, -0.00027057, -0.00020799, -0.00015962, -0.00012234, -0.00009378, -0.00007192, -0.00005519, -0.00004237, -0.00003254, -0.00002501, -0.00001924, -0.00001480
-0.02270367, -0.03085417, -0.03204871, -0.03178656, -0.03111650, -0.03029289, -0.02938936, -0.02844717, -0.02748160, -0.02650260, -0.02551723, -0.02453075, -0.02354467, -0.02256580, -0.02159516, -0.02063726, -0.01969522, -0.01877099, -0.01786743, -0.01685965, -0.01598302, -0.01513630, -0.01431920, -0.01353249, -0.01277704, -0.01205323, -0.01136127, -0.01070113, -0.01007256, -0.00947511, -0.00890809, -0.00837058, -0.00786192, -0.00738111, -0.00692719, -0.00649964, -0.00609660, -0.00571688, -0.00535935, -0.00502290, -0.00470643, -0.00361988, -0.00277571, -0.00212279, -0.00161971, -0.00123322, -0.00093702, -0.00071159, -0.00054061, -0.00041089, -0.00031244, -0.00023771, -0.00018095, -0.00013784, -0.00010508, -0.00008016
-0.03392999, -0.04463020, -0.04563068, -0.04486502, -0.04366345, -0.04232344, -0.04091980, -0.03949410, -0.03805888, -0.03662251, -0.03519116, -0.03376966, -0.03235886, -0.03096642, -0.02959313, -0.02824426, -0.02692324, -0.02563234, -0.02437486, -0.02297840, -0.02176632, -0.02059872, -0.01947481, -0.01839516, -0.01736048, -0.01637095, -0.01542651, -0.01452683, -0.01367130, -0.01285909, -0.01208905, -0.01135978, -0.01067019, -0.01001879, -0.00940416, -0.00882552, -0.00828023, -0.00776666, -0.00728320, -0.00682830, -0.00640045, -0.00493132, -0.00378906, -0.00290438, -0.00222151, -0.00169577, -0.00129192, -0.00098364, -0.00074923, -0.00057091, -0.00043523, -0.00033195, -0.00025332, -0.00019344, -0.00014781, -0.00011302
-0.01262830, -0.01727715, -0.01802382, -0.01792569, -0.01758345, -0.01714604, -0.01665809, -0.01614477, -0.01561592, -0.01507790, -0.01453515, -0.01399091, -0.01344623, -0.01290498, -0.01236780, -0.01183722, -0.01131494, -0.01080204, -0.01030009, -0.00973796, -0.00924940, -0.00877686, -0.00832018, -0.00787979, -0.00745617, -0.00704957, -0.00666013, -0.00628787, -0.00593269, -0.00559440, -0.00527263, -0.00496693, -0.00467699, -0.00440228, -0.00414232, -0.00389688, -0.00366494, -0.00344587, -0.00323909, -0.00304399, -0.00286000, -0.00222423, -0.00172489, -0.00133435, -0.00103002, -0.00079354, -0.00061021, -0.00046844, -0.00035958, -0.00027612, -0.00021210, -0.00016299, -0.00012531, -0.00009639, -0.00007418, -0.00005713
-0.03153464, -0.04354743, -0.04564706, -0.04551278, -0.04470711, -0.04362778, -0.04239922, -0.04109194, -0.03973538, -0.03834910, -0.03694695, -0.03553918, -0.03412980, -0.03272996, -0.03134196, -0.02997288, -0.02862744, -0.02730855, -0.02602028, -0.02458046, -0.02333173, -0.02212631, -0.02096350, -0.01984414, -0.01876924, -0.01773915, -0.01675398, -0.01581355, -0.01491740, -0.01406480, -0.01325467, -0.01248569, -0.01175691, -0.01106692, -0.01041436, -0.00979860, -0.00921695, -0.00866779, -0.00814956, -0.00766072, -0.00719978, -0.00560712, -0.00435566, -0.00337584, -0.00261119, -0.00201595, -0.00155361, -0.00119534, -0.00091964, -0.00070775, -0.00054485, -0.00041960, -0.00032327, -0.00024917, -0.00019215, -0.00014827
-0.02466231, -0.03342809, -0.03469617, -0.03440108, -0.03366777, -0.03276967, -0.03178642, -0.03076282, -0.02971581, -0.02865653, -0.02759283, -0.02653055, -0.02547137, -0.02442249, -0.02338488, -0.02236314, -0.02136030, -0.02037817, -0.01941946, -0.01834880, -0.01742014, -0.01652378, -0.01565911, -0.01482669, -0.01402722, -0.01326094, -0.01252790, -0.01182797, -0.01116081, -0.01052589, -0.00992242, -0.00934944, -0.00880624, -0.00829178, -0.00780509, -0.00734569, -0.00691161, -0.00650164, -0.00611465, -0.00574949, -0.00540507, -0.00421416, -0.00327729, -0.00254295, -0.00196922, -0.00152212, -0.00117445, -0.00090467, -0.00069668, -0.00053669, -0.00041357, -0.00031881, -0.00024587, -0.00018969, -0.00014643, -0.00011310
-0.03492806, -0.04698975, -0.04857868, -0.04804472, -0.04692291, -0.04558263, -0.04413057, -0.04262687, -0.04109479, -0.03955035, -0.03800521, -0.03646821, -0.03494242, -0.03343820, -0.03195719, -0.03050581, -0.02908807, -0.02770624, -0.02636365, -0.02487214, -0.02358364, -0.02234503, -0.02115483, -0.02001315, -0.01892031, -0.01787605, -0.01687991, -0.01593120, -0.01502900, -0.01417218, -0.01335931, -0.01258875, -0.01185929, -0.01116928, -0.01051718, -0.00990220, -0.00932151, -0.00877338, -0.00825616, -0.00776825, -0.00730812, -0.00571674, -0.00446303, -0.00347779, -0.00270542, -0.00210111, -0.00162914, -0.00126116, -0.00097598, -0.00075549, -0.00058497, -0.00045307, -0.00035102, -0.00027206, -0.00021095, -0.00016364
-0.07942929, -0.11563928, -0.12433224, -0.12567969, -0.12455672, -0.12231666, -0.11943265, -0.11617496, -0.11266973, -0.10900078, -0.10522724, -0.10139234, -0.09751625, -0.09363964, -0.08977359, -0.08594312, -0.08216538, -0.07845078, -0.07481304, -0.07073005, -0.06718855, -0.06376472, -0.06045707, -0.05726898, -0.05420412, -0.05126403, -0.04844947, -0.04576032, -0.04319560, -0.04075351, -0.03843123, -0.03622508, -0.03413275, -0.03215033, -0.03027415, -0.02850255, -0.02682790, -0.02524572, -0.02375161, -0.02234128, -0.02101054, -0.01640493, -0.01277619, -0.00992741, -0.00769832, -0.00595855, -0.00460369, -0.00355082, -0.00273799, -0.00211181, -0.00162931, -0.00125745, -0.00097081, -0.00074982, -0.00057941, -0.00044797
-0.11584001, -0.16474058, -0.17492579, -0.17557861, -0.17321178, -0.16955082, -0.16516303, -0.16036957, -0.15530925, -0.15007346, -0.14472667, -0.13931637, -0.13386187, -0.12841333, -0.12298227, -0.11760083, -0.11229150, -0.10706837, -0.10195062, -0.09622582, -0.09124368, -0.08642602, -0.08177203, -0.07728740, -0.07297813, -0.06884714, -0.06489613, -0.06112542, -0.05753400, -0.05411958, -0.05087833, -0.04780517, -0.04489665, -0.04214716, -0.03955130, -0.03710624, -0.03480123, -0.03262969, -0.03058510, -0.02866109, -0.02685146, -0.02063952, -0.01581530, -0.01208587, -0.00921410, -0.00700933, -0.00532108, -0.00403792, -0.00306540, -0.00232807, -0.00176889, -0.00134472, -0.00102287, -0.00077856, -0.00059303, -0.00045207
-0.02723906, -0.03854088, -0.04095667, -0.04116696, -0.04065782, -0.03982998, -0.03881966, -0.03770477, -0.03652170, -0.03529486, -0.03404156, -0.03277458, -0.03150035, -0.03023072, -0.02896931, -0.02772354, -0.02649836, -0.02529696, -0.02412337, -0.02280807, -0.02166994, -0.02057142, -0.01951183, -0.01849184, -0.01751226, -0.01657331, -0.01567503, -0.01481717, -0.01399925, -0.01322056, -0.01248010, -0.01177664, -0.01110928, -0.01047675, -0.00987782, -0.00931196, -0.00877669, -0.00827059, -0.00779224, -0.00734028, -0.00691339, -0.00543182, -0.00425837, -0.00333171, -0.00260197, -0.00202859, -0.00157896, -0.00122698, -0.00095254, -0.00073965, -0.00057447, -0.00044629, -0.00034680, -0.00026959, -0.00020964, -0.00016309
-0.03006466, -0.03955539, -0.04041318, -0.03970396, -0.03861035, -0.03739713, -0.03613125, -0.03484996, -0.03356471, -0.03228328, -0.03101136, -0.02975333, -0.02850974, -0.02728723, -0.02608605, -0.02491042, -0.02376289, -0.02264481, -0.02155853, -0.02035164, -0.01930828, -0.01830472, -0.01733974, -0.01641343, -0.01552603, -0.01467738, -0.01386716, -0.01309488, -0.01235985, -0.01166123, -0.01099794, -0.01036870, -0.00977258, -0.00920830, -0.00867465, -0.00817104, -0.00769520, -0.00724578, -0.00682145, -0.00642094, -0.00604302, -0.00473438, -0.00370150, -0.00288848, -0.00225016, -0.00175002, -0.00135888, -0.00105348, -0.00081613, -0.00063244, -0.00049023, -0.00038012, -0.00029483, -0.00022877, -0.00017758, -0.00013791
-0.01128089, -0.01677741, -0.01821551, -0.01850737, -0.01840144, -0.01811109, -0.01771318, -0.01725174, -0.01674785, -0.01621553, -0.01566467, -0.01510248, -0.01453244, -0.01396109, -0.01339029, -0.01282402, -0.01226503, -0.01171493, -0.01117587, -0.01056992, -0.01004452, -0.00953640, -0.00904534, -0.00857186, -0.00811655, -0.00767963, -0.00726124, -0.00686135, -0.00647984, -0.00611645, -0.00577075, -0.00544221, -0.00513049, -0.00483503, -0.00455529, -0.00429103, -0.00404111, -0.00380489, -0.00358171, -0.00337093, -0.00317196, -0.00248243, -0.00193794, -0.00150950, -0.00117345, -0.00091053, -0.00070528, -0.00054535, -0.00042147, -0.00032581, -0.00025193, -0.00019486, -0.00015077, -0.00011670, -0.00009036, -0.00007001
-0.00205709, -0.00265800, -0.00271293, -0.00267214, -0.00260702, -0.00253350, -0.00245569, -0.00237591, -0.00229503, -0.00221362, -0.00213207, -0.00205071, -0.00196970, -0.00188943, -0.00181004, -0.00173182, -0.00165498, -0.00157968, -0.00150615, -0.00142388, -0.00135249, -0.00128353, -0.00121697, -0.00115284, -0.00109120, -0.00103207, -0.00097546, -0.00092137, -0.00086978, -0.00082064, -0.00077391, -0.00072952, -0.00068742, -0.00064752, -0.00060974, -0.00057407, -0.00054035, -0.00050848, -0.00047839, -0.00044997, -0.00042316, -0.00033037, -0.00025725, -0.00019985, -0.00015495, -0.00011991, -0.00009263, -0.00007144, -0.00005507, -0.00004246, -0.00003275, -0.00002527, -0.00001951, -0.00001506, -0.00001164, -0.00000900
-0.02568953, -0.03556746, -0.03733712, -0.03726227, -0.03662787, -0.03576248, -0.03476973, -0.03370830, -0.03260307, -0.03147057, -0.03032253, -0.02916768, -0.02800972, -0.02685794, -0.02571460, -0.02458569, -0.02347531, -0.02238612, -0.02132163, -0.02013220, -0.01909979, -0.01810300, -0.01714139, -0.01621575, -0.01532697, -0.01447540, -0.01366119, -0.01288422, -0.01214413, -0.01144033, -0.01077195, -0.01013789, -0.00953736, -0.00896917, -0.00843218, -0.00792584, -0.00744792, -0.00699706, -0.00657196, -0.00617131, -0.00579387, -0.00449272, -0.00347441, -0.00268051, -0.00206367, -0.00158567, -0.00121607, -0.00093137, -0.00071349, -0.00054677, -0.00041915, -0.00032145, -0.00024664, -0.00018933, -0.00014543, -0.00011177
0.00027972, 0.00150273, 0.00212715, 0.00241562, 0.00255961, 0.00262677, 0.00264655, 0.00263588, 0.00260390, 0.00255665, 0.00249833, 0.00243198, 0.00235920, 0.00228231, 0.00220215, 0.00212003, 0.00203692, 0.00195336, 0.00187000, 0.00177408, 0.00169052, 0.00160890, 0.00152927, 0.00145190, 0.00137701, 0.00130473, 0.00123518, 0.00116841, 0.00110446, 0.00104334, 0.00098501, 0.00092940, 0.00087653, 0.00082630, 0.00077867, 0.00073360, 0.00069092, 0.00065053, 0.00061232, 0.00057622, 0.00054210, 0.00042374, 0.00033018, 0.00025657, 0.00019889, 0.00015385, 0.00011877, 0.00009152, 0.00007051, 0.00005433, 0.00004187, 0.00003228, 0.00002489, 0.00001920, 0.00001482, 0.00001144
-0.03464950, -0.04564244, -0.04667334, -0.04589583, -0.04467962, -0.04332702, -0.04191136, -0.04047289, -0.03902215, -0.03756584, -0.03610888, -0.03465532, -0.03320547, -0.03176716, -0.03034137, -0.02893405, -0.02754944, -0.02619069, -0.02486217, -0.02338837, -0.02210151, -0.02085928, -0.01966177, -0.01851039, -0.01740658, -0.01635111, -0.01534442, -0.01438654, -0.01347715, -0.01261554, -0.01180066, -0.01103112, -0.01030575, -0.00962295, -0.00898114, -0.00837932, -0.00781467, -0.00728532, -0.00678942, -0.00632519, -0.00589086, -0.00441972, -0.00330333, -0.00246090, -0.00182806, -0.00135460, -0.00100374, -0.00074419, -0.00055211, -0.00040991, -0.00030458, -0.00022652, -0.00016864, -0.00012569, -0.00009379, -0.00007007
-0.00785064, -0.01084721, -0.01138127, -0.01135350, -0.01115342, -0.01088210, -0.01057228, -0.01024269, -0.00990171, -0.00955496, -0.00920644, -0.00885901, -0.00851386, -0.00817373, -0.00783909, -0.00751148, -0.00719177, -0.00688039, -0.00657797, -0.00623872, -0.00594765, -0.00566760, -0.00539808, -0.00513901, -0.00489041, -0.00465214, -0.00442407, -0.00420601, -0.00399774, -0.00379902, -0.00360952, -0.00342891, -0.00325694, -0.00309327, -0.00293762, -0.00278988, -0.00264941, -0.00251586, -0.00238891, -0.00226824, -0.00215355, -0.00174891, -0.00141892, -0.00114997, -0.00093101, -0.00075292, -0.00060825, -0.00049084, -0.00039569, -0.00031865, -0.00025634, -0.00020603, -0.00016557, -0.00013307, -0.00010695, -0.00008597
-0.02388184, -0.03230772, -0.03352795, -0.03325013, -0.03255066, -0.03169125, -0.03074837, -0.02976511, -0.02875808, -0.02773818, -0.02671313, -0.02568865, -0.02466666, -0.02365402, -0.02265189, -0.02166474, -0.02069552, -0.01974608, -0.01881910, -0.01778337, -0.01688501, -0.01601774, -0.01518103, -0.01437543, -0.01360161, -0.01285980, -0.01215009, -0.01147235, -0.01082628, -0.01021134, -0.00962682, -0.00907177, -0.00854552, -0.00804706, -0.00757546, -0.00713026, -0.00670954, -0.00631217, -0.00593701, -0.00558300, -0.00524905, -0.00409407, -0.00318510, -0.00247236, -0.00191529, -0.00148099, -0.00114315, -0.00088089, -0.00067859, -0.00052293, -0.00040310, -0.00031084, -0.00023979, -0.00018506, -0.00014290, -0.00011040
0.02942003, 0.04142520, 0.04377269, 0.04382134, 0.04316081, 0.04220471, 0.04108561, 0.03987845, 0.03861453, 0.03731428, 0.03599196, 0.03465801, 0.03331620, 0.03197801, 0.03064561, 0.02932633, 0.02802521, 0.02674535, 0.02549115, 0.02408609, 0.02286363, 0.02168075, 0.02053717, 0.01943422, 0.01837337, 0.01735534, 0.01638058, 0.01544922, 0.01456106, 0.01371563, 0.01291204, 0.01214913, 0.01142612, 0.01074171, 0.01009466, 0.00948435, 0.00890819, 0.00836462, 0.00785208, 0.00736908, 0.00691412, 0.00534676, 0.00412221, 0.00316978, 0.00243186, 0.00186184, 0.00142259, 0.00108559, 0.00082868, 0.00063281, 0.00048343, 0.00036948, 0.00028254, 0.00021618, 0.00016551, 0.00012681
-0.01893169, -0.02615572, -0.02741538, -0.02733752, -0.02686197, -0.02622505, -0.02549894, -0.02472417, -0.02391683, -0.02308741, -0.02224334, -0.02139028, -0.02053046, -0.01967065, -0.01881260, -0.01796107, -0.01711958, -0.01629064, -0.01547751, -0.01457135, -0.01377943, -0.01301346, -0.01227373, -0.01156137, -0.01087751, -0.01022281, -0.00959769, -0.00900229, -0.00843653, -0.00790006, -0.00739230, -0.00691245, -0.00645987, -0.00603360, -0.00563271, -0.00525662, -0.00490359, -0.00457249, -0.00426219, -0.00397160, -0.00369962, -0.00277771, -0.00207734, -0.00154836, -0.00115070, -0.00085301, -0.00063229, -0.00046893, -0.00034799, -0.00025843, -0.00019206, -0.00014287, -0.00010638, -0.00007930, -0.00005918, -0.00004422
-0.02073750, -0.03586000, -0.04267123, -0.04583979, -0.04736872, -0.04796570, -0.04795067, -0.04751146, -0.04676536, -0.04579106, -0.04464428, -0.04336678, -0.04199345, -0.04054937, -0.03905753, -0.03753641, -0.03600019, -0.03446303, -0.03293651, -0.03118686, -0.02966407, -0.02818006, -0.02673830, -0.02534173, -0.02399292, -0.02269410, -0.02144690, -0.02025229, -0.01911069, -0.01802195, -0.01698557, -0.01600068, -0.01506591, -0.01417978, -0.01334089, -0.01254866, -0.01179981, -0.01109242, -0.01042460, -0.00979447, -0.00920021, -0.00714682, -0.00553466, -0.00427474, -0.00329365, -0.00253200, -0.00194224, -0.00148838, -0.00114074, -0.00087444, -0.00067045, -0.00051419, -0.00039448, -0.00030277, -0.00023250, -0.00017864
-0.06562639, -0.09166131, -0.09648923, -0.09638652, -0.09477829, -0.09254834, -0.08997791, -0.08722613, -0.08435997, -0.08142391, -0.07844946, -0.07545984, -0.07246387, -0.06948664, -0.06653303, -0.06361871, -0.06075419, -0.05794567, -0.05520198, -0.05213629, -0.04947708, -0.04691028, -0.04443431, -0.04205111, -0.03976293, -0.03757052, -0.03547412, -0.03347334, -0.03156718, -0.02975407, -0.02803171, -0.02639719, -0.02484854, -0.02338272, -0.02199683, -0.02068945, -0.01945486, -0.01828959, -0.01719028, -0.01615365, -0.01517650, -0.01180288, -0.00915556, -0.00708572, -0.00547269, -0.00421886, -0.00324635, -0.00249414, -0.00191634, -0.00147287, -0.00113240, -0.00087096, -0.00067015, -0.00051589, -0.00039735, -0.00030623
-0.01264965, -0.01670725, -0.01714388, -0.01689609, -0.01646872, -0.01597873, -0.01545789, -0.01492408, -0.01438384, -0.01384163, -0.01330073, -0.01276369, -0.01223134, -0.01170686, -0.01119074, -0.01068504, -0.01019101, -0.00970944, -0.00924145, -0.00872130, -0.00827176, -0.00783943, -0.00742382, -0.00702499, -0.00664304, -0.00627789, -0.00592940, -0.00559737, -0.00528148, -0.00498135, -0.00469652, -0.00442643, -0.00417065, -0.00392863, -0.00369983, -0.00348400, -0.00328014, -0.00308766, -0.00290600, -0.00273459, -0.00257291, -0.00201347, -0.00157246, -0.00122573, -0.00095380, -0.00074097, -0.00057469, -0.00044501, -0.00034444, -0.00026667, -0.00020651, -0.00015998, -0.00012397, -0.00009610, -0.00007453, -0.00005783
-0.01873347, -0.02573625, -0.02691194, -0.02680122, -0.02631060, -0.02566748, -0.02494134, -0.02417138, -0.02337345, -0.02255796, -0.02173230, -0.02090199, -0.02006916, -0.01924016, -0.01841639, -0.01760209, -0.01680019, -0.01601265, -0.01524211, -0.01438179, -0.01363333, -0.01291015, -0.01221210, -0.01153991, -0.01089435, -0.01027579, -0.00968444, -0.00912029, -0.00858315, -0.00807264, -0.00758818, -0.00712899, -0.00669451, -0.00628387, -0.00589625, -0.00553122, -0.00518716, -0.00486307, -0.00455798, -0.00427092, -0.00400096, -0.00307454, -0.00235539, -0.00179963, -0.00137179, -0.00104340, -0.00079200, -0.00060094, -0.00045616, -0.00034641, -0.00026319, -0.00020006, -0.00015217, -0.00011582, -0.00008821, -0.00006724
-0.00279867, -0.00327032, -0.00311797, -0.00293775, -0.00277478, -0.00262966, -0.00249781, -0.00237642, -0.00226308, -0.00215619, -0.00205468, -0.00195778, -0.00186487, -0.00177570, -0.00168995, -0.00160750, -0.00152821, -0.00145199, -0.00137879, -0.00129873, -0.00122980, -0.00116398, -0.00110112, -0.00104114, -0.00098396, -0.00092951, -0.00087774, -0.00082855, -0.00078187, -0.00073761, -0.00069569, -0.00065601, -0.00061847, -0.00058299, -0.00054947, -0.00051786, -0.00048802, -0.00045985, -0.00043326, -0.00040817, -0.00038450, -0.00030249, -0.00023764, -0.00018645, -0.00014609, -0.00011432, -0.00008934, -0.00006973, -0.00005436, -0.00004238, -0.00003305, -0.00002578, -0.00002012, -0.00001571, -0.00001227, -0.00000958
-0.04670665, -0.06334910, -0.06577053, -0.06522637, -0.06385397, -0.06217175, -0.06032986, -0.05841268, -0.05645159, -0.05446689, -0.05247277, -0.05047967, -0.04849034, -0.04651807, -0.04456447, -0.04263817, -0.04074488, -0.03888812, -0.03707316, -0.03504340, -0.03328055, -0.03157694, -0.02993169, -0.02834614, -0.02682185, -0.02535951, -0.02395948, -0.02262170, -0.02134572, -0.02013068, -0.01897525, -0.01787770, -0.01683682, -0.01585072, -0.01491760, -0.01403664, -0.01320410, -0.01241775, -0.01167543, -0.01097499, -0.01031437, -0.00803070, -0.00623561, -0.00483021, -0.00373377, -0.00288069, -0.00221848, -0.00170559, -0.00131103, -0.00100809, -0.00077542, -0.00059669, -0.00045935, -0.00035379, -0.00027264, -0.00021023
-0.04074643, -0.05438043, -0.05597028, -0.05522146, -0.05385882, -0.05228411, -0.05060641, -0.04888671, -0.04714589, -0.04539787, -0.04365267, -0.04191786, -0.04019513, -0.03849487, -0.03681810, -0.03517156, -0.03355953, -0.03198455, -0.03045055, -0.02874325, -0.02726384, -0.02583847, -0.02446589, -0.02314667, -0.02188161, -0.02067081, -0.01951413, -0.01841114, -0.01736107, -0.01636290, -0.01541523, -0.01451637, -0.01366509, -0.01285961, -0.01209827, -0.01138024, -0.01070231, -0.01006255, -0.00945907, -0.00889005, -0.00835370, -0.00650193, -0.00504841, -0.00391132, -0.00302449, -0.00233448, -0.00179873, -0.00138374, -0.00106447, -0.00081914, -0.00063057, -0.00048559, -0.00037409, -0.00028833, -0.00022235, -0.00017156
-0.04976724, -0.06965168, -0.07346319, -0.07350010, -0.07238045, -0.07077970, -0.06891149, -0.06689634, -0.06478374, -0.06260573, -0.06038473, -0.05813736, -0.05586986, -0.05360124, -0.05133575, -0.04908621, -0.04686187, -0.04466896, -0.04251589, -0.04010730, -0.03800421, -0.03596739, -0.03399733, -0.03209703, -0.03026959, -0.02851679, -0.02683984, -0.02523929, -0.02371507, -0.02226649, -0.02089217, -0.01959015, -0.01835903, -0.01719652, -0.01610035, -0.01506927, -0.01409876, -0.01318600, -0.01232816, -0.01152248, -0.01076624, -0.00818426, -0.00619871, -0.00468021, -0.00352418, -0.00264709, -0.00198503, -0.00148912, -0.00111764, -0.00083929, -0.00063064, -0.00047420, -0.00035685, -0.00026877, -0.00020262, -0.00015291
0.02736933, 0.04357573, 0.04916201, 0.05110840, 0.05162285, 0.05139837, 0.05071394, 0.04973110, 0.04853862, 0.04719601, 0.04574545, 0.04421820, 0.04263521, 0.04101966, 0.03938456, 0.03774519, 0.03611274, 0.03449606, 0.03290396, 0.03110374, 0.02953998, 0.02802403, 0.02655691, 0.02514084, 0.02377794, 0.02246951, 0.02121640, 0.02001890, 0.01887688, 0.01778973, 0.01675641, 0.01577548, 0.01484575, 0.01396551, 0.01313314, 0.01234787, 0.01160631, 0.01090642, 0.01024622, 0.00962376, 0.00903712, 0.00701307, 0.00542700, 0.00418917, 0.00322646, 0.00247978, 0.00190203, 0.00145729, 0.00111680, 0.00085607, 0.00065639, 0.00050345, 0.00038630, 0.00029654, 0.00022776, 0.00017504
0.03043374, 0.04711413, 0.05203058, 0.05332163, 0.05329908, 0.05264732, 0.05162301, 0.05037355, 0.04897185, 0.04746660, 0.04589215, 0.04427352, 0.04262325, 0.04096310, 0.03929976, 0.03764628, 0.03601166, 0.03440122, 0.03282175, 0.03104385, 0.02950285, 0.02801220, 0.02657129, 0.02518182, 0.02384561, 0.02256340, 0.02133557, 0.02016209, 0.01904256, 0.01797622, 0.01696182, 0.01599774, 0.01508304, 0.01421604, 0.01339516, 0.01261968, 0.01188628, 0.01119303, 0.01053800, 0.00991936, 0.00933528, 0.00731072, 0.00571121, 0.00445177, 0.00346326, 0.00268929, 0.00208461, 0.00161310, 0.00124760, 0.00096515, 0.00074682, 0.00057804, 0.00044754, 0.00034663, 0.00026858, 0.00020821
-0.01062425, -0.01409686, -0.01450162, -0.01431704, -0.01397818, -0.01358583, -0.01316705, -0.01273701, -0.01230081, -0.01186173, -0.01142207, -0.01098355, -0.01054655, -0.01011358, -0.00968493, -0.00926235, -0.00884699, -0.00843963, -0.00804143, -0.00759664, -0.00720988, -0.00683610, -0.00647516, -0.00612736, -0.00579304, -0.00547239, -0.00516550, -0.00487236, -0.00459290, -0.00432693, -0.00407416, -0.00383423, -0.00360685, -0.00339160, -0.00318810, -0.00299613, -0.00281488, -0.00264386, -0.00248259, -0.00233057, -0.00218736, -0.00169371, -0.00130764, -0.00100701, -0.00077379, -0.00059337, -0.00045415, -0.00034709, -0.00026533, -0.00020291, -0.00015524, -0.00011882, -0.00009099, -0.00006972, -0.00005345, -0.00004101
-0.00996812, -0.01378369, -0.01446127, -0.01442467, -0.01416980, -0.01382413, -0.01342826, -0.01300527, -0.01256519, -0.01211481, -0.01165907, -0.01120162, -0.01074412, -0.01029034, -0.00984123, -0.00939917, -0.00896573, -0.00854187, -0.00812889, -0.00766889, -0.00727075, -0.00688737, -0.00651843, -0.00616410, -0.00582460, -0.00549994, -0.00519006, -0.00489482, -0.00461397, -0.00434723, -0.00409417, -0.00385431, -0.00362731, -0.00341266, -0.00320989, -0.00301877, -0.00283841, -0.00266829, -0.00250789, -0.00235670, -0.00221425, -0.00172277, -0.00133732, -0.00103594, -0.00080096, -0.00061816, -0.00047624, -0.00036638, -0.00028190, -0.00021696, -0.00016704, -0.00012864, -0.00009911, -0.00007639, -0.00005891, -0.00004546
-0.02518501, -0.03448573, -0.03597897, -0.03577437, -0.03507563, -0.03418268, -0.03318635, -0.03213791, -0.03105785, -0.02995968, -0.02885301, -0.02774495, -0.02663793, -0.02554015, -0.02445300, -0.02338169, -0.02232967, -0.02129902, -0.02029275, -0.01916894, -0.01819423, -0.01725354, -0.01634623, -0.01547294, -0.01463441, -0.01383091, -0.01306249, -0.01232899, -0.01163006, -0.01096511, -0.01033330, -0.00973359, -0.00916525, -0.00862716, -0.00811828, -0.00763810, -0.00718452, -0.00675629, -0.00635219, -0.00597101, -0.00561159, -0.00436979, -0.00339412, -0.00263033, -0.00203433, -0.00157044, -0.00121016, -0.00093100, -0.00071619, -0.00055112, -0.00042423, -0.00032668, -0.00025166, -0.00019396, -0.00014957, -0.00011540
-0.06964422, -0.10563711, -0.11649456, -0.11962479, -0.11986844, -0.11867638, -0.11660654, -0.11398107, -0.11097044, -0.10768887, -0.10421720, -0.10061530, -0.09692128, -0.09318191, -0.08942050, -0.08566764, -0.08194521, -0.07826995, -0.07465930, -0.07058710, -0.06705345, -0.06363183, -0.06032322, -0.05713174, -0.05406152, -0.05111488, -0.04829318, -0.04559677, -0.04302500, -0.04057631, -0.03824817, -0.03603722, -0.03394077, -0.03195496, -0.03007614, -0.02830261, -0.02662672, -0.02504397, -0.02354990, -0.02214018, -0.02081058, -0.01621389, -0.01259906, -0.00976705, -0.00755566, -0.00583340, -0.00449513, -0.00345852, -0.00266111, -0.00204803, -0.00157660, -0.00121406, -0.00093522, -0.00072072, -0.00055568, -0.00042867
-0.10285603, -0.14192207, -0.14846588, -0.14778573, -0.14497800, -0.14132570, -0.13722332, -0.13289344, -0.12842604, -0.12388085, -0.11930017, -0.11471513, -0.11013624, -0.10559871, -0.10110802, -0.09668598, -0.09234686, -0.08809869, -0.08395360, -0.07932407, -0.07531301, -0.07144363, -0.06771280, -0.06412277, -0.06067636, -0.05737428, -0.05421651, -0.05120219, -0.04832959, -0.04559620, -0.04299844, -0.04053188, -0.03819352, -0.03597875, -0.03388326, -0.03190500, -0.03003533, -0.02826913, -0.02660138, -0.02502721, -0.02354191, -0.01840075, -0.01434809, -0.01116403, -0.00867003, -0.00672118, -0.00520148, -0.00401862, -0.00310333, -0.00239722, -0.00185233, -0.00143175, -0.00110707, -0.00085636, -0.00066274, -0.00051316
-0.04105688, -0.05702386, -0.05994458, -0.05986001, -0.05885883, -0.05748022, -0.05589621, -0.05420459, -0.05244709, -0.05065125, -0.04883640, -0.04701661, -0.04519716, -0.04339274, -0.04160592, -0.03984560, -0.03811751, -0.03642482, -0.03477228, -0.03291911, -0.03131623, -0.02976856, -0.02827469, -0.02683543, -0.02545186, -0.02412424, -0.02285259, -0.02163660, -0.02047564, -0.01936878, -0.01831468, -0.01731167, -0.01635866, -0.01545393, -0.01459588, -0.01378388, -0.01301452, -0.01228584, -0.01159595, -0.01094300, -0.01032520, -0.00817187, -0.00645412, -0.00508772, -0.00400374, -0.00314567, -0.00246774, -0.00193306, -0.00151201, -0.00118213, -0.00092443, -0.00072307, -0.00056571, -0.00044272, -0.00034657, -0.00027140
-0.00862096, -0.01194362, -0.01258887, -0.01260466, -0.01242072, -0.01215022, -0.01183045, -0.01148280, -0.01111701, -0.01073961, -0.01035523, -0.00996733, -0.00957763, -0.00918946, -0.00880385, -0.00842294, -0.00804818, -0.00768055, -0.00732128, -0.00691896, -0.00657034, -0.00623373, -0.00590896, -0.00559628, -0.00529596, -0.00500809, -0.00473271, -0.00446976, -0.00421912, -0.00398058, -0.00375384, -0.00353854, -0.00333441, -0.00314105, -0.00295809, -0.00278536, -0.00262209, -0.00246786, -0.00232221, -0.00218474, -0.00205502, -0.00160602, -0.00125208, -0.00097402, -0.00075624, -0.00058609, -0.00045342, -0.00035019, -0.00027037, -0.00020880, -0.00016130, -0.00012464, -0.00009634, -0.00007450, -0.00005764, -0.00004462
-0.00936240, -0.00944236, -0.00763246, -0.00619129, -0.00508731, -0.00422720, -0.00354053, -0.00298477, -0.00252721, -0.00214604, -0.00182605, -0.00155598, -0.00132483, -0.00112810, -0.00095858, -0.00081265, -0.00068721, -0.00057851, -0.00048414, -0.00039966, -0.00032926, -0.00026860, -0.00021594, -0.00017037, -0.00013120, -0.00009759, -0.00006881, -0.00004424, -0.00002333, -0.00000559, 0.00000943, 0.00002221, 0.00003286, 0.00004167, 0.00004888, 0.00005470, 0.00005933, 0.00006293, 0.00006562, 0.00006755, 0.00006882, 0.00006901, 0.00006440, 0.00005768, 0.00005021, 0.00004284, 0.00003601, 0.00002993, 0.00002465, 0.00002015, 0.00001640, 0.00001330, 0.00001075, 0.00000866, 0.00000697, 0.00000559
-0.00383902, -0.00553284, -0.00595819, -0.00604222, -0.00600799, -0.00591822, -0.00579532, -0.00565213, -0.00549501, -0.00532810, -0.00515431, -0.00497579, -0.00479379, -0.00461017, -0.00442574, -0.00424175, -0.00405912, -0.00387855, -0.00370084, -0.00350039, -0.00332578, -0.00315634, -0.00299215, -0.00283346, -0.00268052, -0.00253349, -0.00239249, -0.00225758, -0.00212876, -0.00200600, -0.00188920, -0.00177822, -0.00167296, -0.00157324, -0.00147889, -0.00138985, -0.00130573, -0.00122633, -0.00115142, -0.00108080, -0.00101425, -0.00078476, -0.00060527, -0.00046554, -0.00035722, -0.00027350, -0.00020897, -0.00015946, -0.00012172, -0.00009294, -0.00007099, -0.00005425, -0.00004148, -0.00003173, -0.00002429, -0.00001860
-0.00537195, -0.00628920, -0.00604578, -0.00573863, -0.00545433, -0.00519658, -0.00495844, -0.00473580, -0.00452496, -0.00432346, -0.00412967, -0.00394249, -0.00376108, -0.00358518, -0.00341444, -0.00324886, -0.00308838, -0.00293304, -0.00278295, -0.00261817, -0.00247544, -0.00233862, -0.00220755, -0.00208216, -0.00196241, -0.00184824, -0.00173958, -0.00163634, -0.00153839, -0.00144560, -0.00135780, -0.00127482, -0.00119649, -0.00112260, -0.00105298, -0.00098752, -0.00092591, -0.00086795, -0.00081345, -0.00076222, -0.00071408, -0.00054913, -0.00042125, -0.00032246, -0.00024635, -0.00018786, -0.00014299, -0.00010878, -0.00008280, -0.00006305, -0.00004804, -0.00003662, -0.00002793, -0.00002132, -0.00001628, -0.00001245
0.03479566, 0.05072037, 0.05457048, 0.05518442, 0.05470449, 0.05372650, 0.05245942, 0.05102256, 0.04947199, 0.04784517, 0.04616868, 0.04446210, 0.04273498, 0.04100573, 0.03927984, 0.03756883, 0.03588074, 0.03422064, 0.03259497, 0.03077427, 0.02919345, 0.02766598, 0.02619144, 0.02477142, 0.02340761, 0.02210075, 0.02085116, 0.01965878, 0.01852312, 0.01744331, 0.01641804, 0.01544559, 0.01452481, 0.01365388, 0.01283106, 0.01205545, 0.01132363, 0.01063352, 0.00998306, 0.00937027, 0.00879321, 0.00680588, 0.00525320, 0.00404484, 0.00310771, 0.00238287, 0.00182349, 0.00139398, 0.00106598, 0.00081542, 0.00062398, 0.00047767, 0.00036584, 0.00028034, 0.00021495, 0.00016492
0.08188397, 0.13836973, 0.16136824, 0.17103404, 0.17503877, 0.17596797, 0.17493774, 0.17260087, 0.16934207, 0.16541882, 0.16101221, 0.15625565, 0.15124809, 0.14607551, 0.14079852, 0.13547431, 0.13014442, 0.12484519, 0.11960882, 0.11360318, 0.10841066, 0.10336068, 0.09845810, 0.09370988, 0.08912260, 0.08470115, 0.08044890, 0.07636760, 0.07245750, 0.06871744, 0.06514497, 0.06173656, 0.05848854, 0.05539622, 0.05245522, 0.04966458, 0.04701320, 0.04449518, 0.04210472, 0.03983613, 0.03768386, 0.03013279, 0.02404398, 0.01914861, 0.01522290, 0.01208184, 0.00957373, 0.00757476, 0.00598427, 0.00472200, 0.00372572, 0.00293982, 0.00231988, 0.00183087, 0.00144515, 0.00114091
-0.07671212, -0.10842020, -0.11482029, -0.11508518, -0.11341782, -0.11092755, -0.10797836, -0.10477682, -0.10141298, -0.09794662, -0.09442009, -0.09086446, -0.08729247, -0.08373624, -0.08020276, -0.07671202, -0.07327751, -0.06990724, -0.06661238, -0.06292656, -0.05972914, -0.05664146, -0.05366180, -0.05079272, -0.04803714, -0.04539611, -0.04287004, -0.04045858, -0.03816061, -0.03597432, -0.03389700, -0.03192521, -0.03005665, -0.02828769, -0.02661489, -0.02503659, -0.02354589, -0.02213867, -0.02081089, -0.01955860, -0.01837798, -0.01430035, -0.01109867, -0.00859394, -0.00664094, -0.00512201, -0.00394328, -0.00303100, -0.00232985, -0.00179145, -0.00137791, -0.00106022, -0.00081611, -0.00062849, -0.00048426, -0.00037335
-0.03292115, -0.04447441, -0.04604708, -0.04558339, -0.04456193, -0.04333563, -0.04200408, -0.04062290, -0.03921194, -0.03778432, -0.03634942, -0.03491441, -0.03348132, -0.03205974, -0.03065119, -0.02926219, -0.02789720, -0.02655915, -0.02525218, -0.02379827, -0.02253328, -0.02131273, -0.02013619, -0.01900475, -0.01791957, -0.01688115, -0.01588968, -0.01494506, -0.01404684, -0.01319428, -0.01238626, -0.01162141, -0.01089866, -0.01021649, -0.00957342, -0.00896862, -0.00839933, -0.00786381, -0.00736037, -0.00688734, -0.00644311, -0.00492374, -0.00375088, -0.00284963, -0.00215976, -0.00163323, -0.00123280, -0.00093071, -0.00070296, -0.00053120, -0.00040162, -0.00030384, -0.00023002, -0.00017426, -0.00013213, -0.00010027
