0.01000000, 0.05000000, 0.10000000, 0.15000000, 0.20000000, 0.25000000, 0.30000000, 0.35000000, 0.40000000, 0.45000000, 0.50000000, 0.55000000, 0.60000000, 0.65000000, 0.70000000, 0.75000000, 0.80000000, 0.85000000, 0.90000000, 0.95000000, 1.00000000, 1.05000000, 1.10000000, 1.15000000, 1.20000000, 1.25000000, 1.30000000, 1.35000000, 1.40000000, 1.45000000, 1.50000000, 1.55000000, 1.60000000, 1.65000000, 1.70000000, 1.75000000, 1.80000000, 1.85000000, 1.90000000, 1.95000000, 2.00000000, 2.20000000, 2.40000000, 2.60000000, 2.80000000, 3.00000000, 3.20000000, 3.40000000, 3.60000000, 3.80000000, 4.00000000, 4.20000000, 4.40000000, 4.60000000, 4.80000000, 5.00000000
-0.00357536, -0.00528937, -0.00572012, -0.00571524, -0.00555521, -0.00531682, -0.00504908, -0.00476826, -0.00448480, -0.00420485, -0.00393192, -0.00366817, -0.00341550, -0.00317439, -0.00294561, -0.00272939, -0.00252552, -0.00233412, -0.00215500, -0.00195738, -0.00179802, -0.00165057, -0.00151424, -0.00138829, -0.00127207, -0.00116497, -0.00106642, -0.00097586, -0.00089274, -0.00081652, -0.00074670, -0.00068280, -0.00062432, -0.00057083, -0.00052194, -0.00047733, -0.00043656, -0.00039928, -0.00036521, -0.00033406, -0.00030559, -0.00021408, -0.00015008, -0.00010526, -0.00007392, -0.00005200, -0.00003663, -0.00002584, -0.00001825, -0.00001290, -0.00000913, -0.00000647, -0.00000459, -0.00000325, -0.00000231, -0.00000164
-0.00308476, -0.00469745, -0.00514732, -0.00517996, -0.00505918, -0.00485938, -0.00462777, -0.00438060, -0.00412839, -0.00387738, -0.00363117, -0.00339207, -0.00316211, -0.00294187, -0.00273228, -0.00253365, -0.00234591, -0.00216928, -0.00200368, -0.00182058, -0.00167275, -0.00153580, -0.00140904, -0.00129183, -0.00118357, -0.00108375, -0.00099184, -0.00090735, -0.00082978, -0.00075863, -0.00069345, -0.00063379, -0.00057920, -0.00052927, -0.00048364, -0.00044202, -0.00040399, -0.00036923, -0.00033748, -0.00030846, -0.00028195, -0.00019687, -0.00013752, -0.00009610, -0.00006724, -0.00004713, -0.00003308, -0.00002325, -0.00001636, -0.00001152, -0.00000812, -0.00000573, -0.00000405, -0.00000287, -0.00000203, -0.00000144
0.00034519, 0.00045390, 0.00046113, 0.00044462, 0.00042199, 0.00039695, 0.00037200, 0.00034768, 0.00032428, 0.00030194, 0.00028072, 0.00026063, 0.00024168, 0.00022384, 0.00020708, 0.00019138, 0.00017670, 0.00016300, 0.00015024, 0.00013628, 0.00012503, 0.00011467, 0.00010511, 0.00009630, 0.00008818, 0.00008072, 0.00007387, 0.00006758, 0.00006181, 0.00005653, 0.00005170, 0.00004727, 0.00004323, 0.00003953, 0.00003615, 0.00003307, 0.00003025, 0.00002768, 0.00002533, 0.00002318, 0.00002121, 0.00001489, 0.00001046, 0.00000736, 0.00000518, 0.00000365, 0.00000258, 0.00000183, 0.00000129, 0.00000092, 0.00000065, 0.00000046, 0.00000033, 0.00000023, 0.00000017, 0.00000012
-0.00626423, -0.00909139, -0.00971485, -0.00963097, -0.00930647, -0.00886514, -0.00838511, -0.00789145, -0.00739968, -0.00691887, -0.00645406, -0.00600818, -0.00558352, -0.00518068, -0.00480026, -0.00444235, -0.00410633, -0.00379197, -0.00349872, -0.00317630, -0.00291691, -0.00267746, -0.00245647, -0.00225264, -0.00206480, -0.00189192, -0.00173299, -0.00158704, -0.00145314, -0.00133039, -0.00121795, -0.00111501, -0.00102080, -0.00093459, -0.00085574, -0.00078376, -0.00071791, -0.00065766, -0.00060253, -0.00055208, -0.00050590, -0.00035701, -0.00025223, -0.00017833, -0.00012623, -0.00008951, -0.00006357, -0.00004520, -0.00003218, -0.00002293, -0.00001635, -0.00001167, -0.00000834, -0.00000597, -0.00000427, -0.00000306
0.01470417, 0.01707114, 0.01613188, 0.01488123, 0.01369031, 0.01257839, 0.01156954, 0.01065013, 0.00980826, 0.00903553, 0.00832491, 0.00767048, 0.00706621, 0.00650911, 0.00599445, 0.00551956, 0.00508135, 0.00467694, 0.00430403, 0.00390013, 0.00357707, 0.00328108, 0.00300944, 0.00276013, 0.00253142, 0.00232168, 0.00212943, 0.00195327, 0.00179191, 0.00164415, 0.00150884, 0.00138492, 0.00127146, 0.00116758, 0.00107248, 0.00098555, 0.00090590, 0.00083289, 0.00076593, 0.00070451, 0.00064815, 0.00046516, 0.00033458, 0.00024103, 0.00017383, 0.00012558, 0.00009088, 0.00006586, 0.00004778, 0.00003470, 0.00002522, 0.00001835, 0.00001336, 0.00000973, 0.00000710, 0.00000518
-0.00494178, -0.00749478, -0.00818754, -0.00822089, -0.00801431, -0.00768534, -0.00730816, -0.00690815, -0.00650161, -0.00609819, -0.00570350, -0.00532104, -0.00495388, -0.00460291, -0.00426946, -0.00395398, -0.00365631, -0.00337668, -0.00311491, -0.00282650, -0.00259367, -0.00237828, -0.00217922, -0.00199541, -0.00182589, -0.00166980, -0.00152630, -0.00139456, -0.00127376, -0.00116312, -0.00106190, -0.00096936, -0.00088480, -0.00080756, -0.00073706, -0.00067283, -0.00061421, -0.00056071, -0.00051189, -0.00046733, -0.00042667, -0.00029655, -0.00020621, -0.00014345, -0.00009995, -0.00006977, -0.00004877, -0.00003413, -0.00002392, -0.00001678, -0.00001179, -0.00000829, -0.00000583, -0.00000411, -0.00000290, -0.00000205
-0.00307587, -0.00426950, -0.00448324, -0.00440918, -0.00424148, -0.00402904, -0.00380394, -0.00357567, -0.00335027, -0.00313120, -0.00292030, -0.00271862, -0.00252701, -0.00234555, -0.00217445, -0.00201363, -0.00186275, -0.00172167, -0.00159010, -0.00144519, -0.00132874, -0.00122120, -0.00112192, -0.00103029, -0.00094578, -0.00086793, -0.00079630, -0.00073044, -0.00066995, -0.00061443, -0.00056351, -0.00051683, -0.00047404, -0.00043483, -0.00039891, -0.00036607, -0.00033597, -0.00030839, -0.00028311, -0.00025993, -0.00023867, -0.00016984, -0.00012102, -0.00008630, -0.00006160, -0.00004404, -0.00003153, -0.00002261, -0.00001622, -0.00001165, -0.00000838, -0.00000603, -0.00000434, -0.00000313, -0.00000226, -0.00000163
-0.00198645, -0.00333663, -0.00383491, -0.00395894, -0.00392948, -0.00381623, -0.00366356, -0.00348848, -0.00330263, -0.00311302, -0.00292388, -0.00273796, -0.00255789, -0.00238431, -0.00221852, -0.00206094, -0.00191161, -0.00177091, -0.00163887, -0.00149202, -0.00137373, -0.00126402, -0.00116240, -0.00106834, -0.00098135, -0.00090101, -0.00082692, -0.00075869, -0.00069592, -0.00063824, -0.00058528, -0.00053671, -0.00049215, -0.00045130, -0.00041386, -0.00037961, -0.00034822, -0.00031945, -0.00029308, -0.00026891, -0.00024674, -0.00017503, -0.00012426, -0.00008826, -0.00006275, -0.00004468, -0.00003186, -0.00002274, -0.00001625, -0.00001162, -0.00000832, -0.00000596, -0.00000427, -0.00000306, -0.00000220, -0.00000158
-0.00386713, -0.00593031, -0.00653616, -0.00659984, -0.00645881, -0.00621087, -0.00591842, -0.00560351, -0.00528074, -0.00495881, -0.00464280, -0.00433590, -0.00404107, -0.00375897, -0.00349092, -0.00323729, -0.00299791, -0.00277305, -0.00256254, -0.00232969, -0.00214213, -0.00196851, -0.00180794, -0.00165954, -0.00152251, -0.00139614, -0.00127978, -0.00117277, -0.00107446, -0.00098422, -0.00090148, -0.00082567, -0.00075622, -0.00069261, -0.00063439, -0.00058120, -0.00053251, -0.00048794, -0.00044713, -0.00040976, -0.00037555, -0.00026514, -0.00018735, -0.00013247, -0.00009376, -0.00006647, -0.00004719, -0.00003355, -0.00002387, -0.00001700, -0.00001212, -0.00000865, -0.00000618, -0.00000442, -0.00000316, -0.00000226
0.00591044, 0.00638166, 0.00575507, 0.00515290, 0.00464075, 0.00419617, 0.00381176, 0.00347442, 0.00317416, 0.00290445, 0.00266061, 0.00243906, 0.00223626, 0.00205089, 0.00188049, 0.00172398, 0.00158015, 0.00144775, 0.00132592, 0.00119560, 0.00109084, 0.00099511, 0.00090744, 0.00082720, 0.00075384, 0.00068682, 0.00062564, 0.00056983, 0.00051894, 0.00047257, 0.00043033, 0.00039184, 0.00035682, 0.00032495, 0.00029597, 0.00026965, 0.00024570, 0.00022391, 0.00020408, 0.00018603, 0.00016960, 0.00011728, 0.00008121, 0.00005629, 0.00003910, 0.00002722, 0.00001899, 0.00001327, 0.00000929, 0.00000651, 0.00000457, 0.00000321, 0.00000226, 0.00000159, 0.00000112, 0.00000079
-0.00099211, -0.00250973, -0.00330608, -0.00364041, -0.00375943, -0.00375346, -0.00367975, -0.00356285, -0.00342016, -0.00326223, -0.00309566, -0.00292497, -0.00275475, -0.00258614, -0.00242181, -0.00226273, -0.00210946, -0.00196313, -0.00182416, -0.00166690, -0.00153955, -0.00142041, -0.00130928, -0.00120573, -0.00110936, -0.00101987, -0.00093695, -0.00086026, -0.00078945, -0.00072417, -0.00066409, -0.00060888, -0.00055813, -0.00051152, -0.00046875, -0.00042959, -0.00039368, -0.00036075, -0.00033056, -0.00030288, -0.00027752, -0.00019556, -0.00013778, -0.00009706, -0.00006841, -0.00004828, -0.00003411, -0.00002413, -0.00001708, -0.00001211, -0.00000859, -0.00000610, -0.00000433, -0.00000308, -0.00000219, -0.00000156
0.02245972, 0.03149144, 0.03308904, 0.03253467, 0.03129847, 0.02974193, 0.02809780, 0.02643327, 0.02478871, 0.02318727, 0.02164125, 0.02015770, 0.01874227, 0.01739661, 0.01612227, 0.01491976, 0.01378753, 0.01272517, 0.01173145, 0.01063951, 0.00975720, 0.00894135, 0.00818741, 0.00749139, 0.00684973, 0.00625911, 0.00571633, 0.00521824, 0.00476176, 0.00434389, 0.00396175, 0.00361260, 0.00329376, 0.00300277, 0.00273737, 0.00249580, 0.00227553, 0.00207469, 0.00189160, 0.00172469, 0.00157253, 0.00108700, 0.00075160, 0.00051986, 0.00036017, 0.00024998, 0.00017377, 0.00012096, 0.00008431, 0.00005884, 0.00004111, 0.00002876, 0.00002014, 0.00001413, 0.00000992, 0.00000697
-0.00949360, -0.01470234, -0.01623782, -0.01640083, -0.01604798, -0.01542764, -0.01469664, -0.01391062, -0.01310597, -0.01230433, -0.01151832, -0.01075584, -0.01002390, -0.00932426, -0.00865993, -0.00803174, -0.00743923, -0.00688289, -0.00636227, -0.00578617, -0.00532248, -0.00489332, -0.00449642, -0.00412956, -0.00379077, -0.00347831, -0.00319051, -0.00292575, -0.00268243, -0.00245902, -0.00225405, -0.00206616, -0.00189393, -0.00173610, -0.00159155, -0.00145940, -0.00133835, -0.00122745, -0.00112584, -0.00103273, -0.00094740, -0.00067152, -0.00047644, -0.00033826, -0.00024037, -0.00017110, -0.00012196, -0.00008703, -0.00006217, -0.00004446, -0.00003182, -0.00002279, -0.00001634, -0.00001172, -0.00000842, -0.00000605
-0.00358226, -0.00488387, -0.00507938, -0.00496791, -0.00476106, -0.00451014, -0.00424908, -0.00398736, -0.00373091, -0.00348308, -0.00324558, -0.00301930, -0.00280496, -0.00260252, -0.00241203, -0.00223333, -0.00206595, -0.00190965, -0.00176404, -0.00160375, -0.00147508, -0.00135634, -0.00124675, -0.00114563, -0.00105238, -0.00096649, -0.00088744, -0.00081475, -0.00074797, -0.00068665, -0.00063038, -0.00057877, -0.00053143, -0.00048802, -0.00044822, -0.00041181, -0.00037841, -0.00034777, -0.00031966, -0.00029387, -0.00027019, -0.00019330, -0.00013850, -0.00009933, -0.00007130, -0.00005126, -0.00003691, -0.00002660, -0.00001920, -0.00001386, -0.00001002, -0.00000725, -0.00000525, -0.00000380, -0.00000276, -0.00000200
-0.00036794, 0.00036063, 0.00086988, 0.00113026, 0.00126341, 0.00132090, 0.00133409, 0.00131805, 0.00128342, 0.00123680, 0.00118243, 0.00112322, 0.00106205, 0.00099977, 0.00093805, 0.00087755, 0.00081870, 0.00076218, 0.00070831, 0.00064701, 0.00059736, 0.00055087, 0.00050749, 0.00046708, 0.00042948, 0.00039458, 0.00036225, 0.00033238, 0.00030482, 0.00027943, 0.00025608, 0.00023465, 0.00021497, 0.00019691, 0.00018035, 0.00016520, 0.00015131, 0.00013859, 0.00012693, 0.00011625, 0.00010646, 0.00007489, 0.00005267, 0.00003705, 0.00002608, 0.00001839, 0.00001298, 0.00000917, 0.00000648, 0.00000459, 0.00000325, 0.00000230, 0.00000163, 0.00000116, 0.00000082, 0.00000059
-0.00534016, -0.00728317, -0.00760560, -0.00746716, -0.00718030, -0.00682183, -0.00644352, -0.00606014, -0.00568116, -0.00531208, -0.00495583, -0.00461410, -0.00428847, -0.00397914, -0.00368662, -0.00341094, -0.00315168, -0.00290875, -0.00268182, -0.00243251, -0.00223139, -0.00204557, -0.00187400, -0.00171571, -0.00156984, -0.00143560, -0.00131225, -0.00119905, -0.00109529, -0.00100028, -0.00091336, -0.00083391, -0.00076131, -0.00069501, -0.00063448, -0.00057934, -0.00052901, -0.00048307, -0.00044114, -0.00040287, -0.00036793, -0.00025609, -0.00017835, -0.00012427, -0.00008672, -0.00006063, -0.00004245, -0.00002976, -0.00002089, -0.00001468, -0.00001033, -0.00000728, -0.00000513, -0.00000362, -0.00000256, -0.00000181
-0.05003928, -0.06725916, -0.06928036, -0.06736758, -0.06431590, -0.06076394, -0.05713390, -0.05353353, -0.05002605, -0.04664688, -0.04341321, -0.04033360, -0.03741386, -0.03465460, -0.03205495, -0.02961356, -0.02732502, -0.02518610, -0.02319248, -0.02101167, -0.01925330, -0.01763169, -0.01613656, -0.01475916, -0.01349169, -0.01232694, -0.01125804, -0.01027830, -0.00938129, -0.00856081, -0.00781094, -0.00712609, -0.00650091, -0.00593043, -0.00541015, -0.00493656, -0.00450464, -0.00411074, -0.00375149, -0.00342383, -0.00312497, -0.00216974, -0.00150757, -0.00104809, -0.00072994, -0.00050930, -0.00035592, -0.00024907, -0.00017452, -0.00012243, -0.00008599, -0.00006046, -0.00004256, -0.00002999, -0.00002116, -0.00001494
0.00207623, 0.00309379, 0.00336253, 0.00336744, 0.00327627, 0.00313641, 0.00297801, 0.00281142, 0.00264333, 0.00247771, 0.00231676, 0.00216183, 0.00201405, 0.00187362, 0.00174092, 0.00161599, 0.00149859, 0.00138869, 0.00128610, 0.00117231, 0.00108115, 0.00099685, 0.00091891, 0.00084684, 0.00078025, 0.00071877, 0.00066205, 0.00060978, 0.00056163, 0.00051731, 0.00047654, 0.00043904, 0.00040455, 0.00037283, 0.00034366, 0.00031689, 0.00029226, 0.00026960, 0.00024873, 0.00022953, 0.00021183, 0.00015390, 0.00011200, 0.00008161, 0.00005951, 0.00004343, 0.00003174, 0.00002323, 0.00001701, 0.00001247, 0.00000914, 0.00000671, 0.00000493, 0.00000362, 0.00000266, 0.00000196
-0.00488470, -0.00701540, -0.00749625, -0.00744755, -0.00721506, -0.00689049, -0.00653348, -0.00616301, -0.00579135, -0.00542570, -0.00507013, -0.00472710, -0.00439889, -0.00408597, -0.00378925, -0.00350896, -0.00324481, -0.00299691, -0.00276501, -0.00250959, -0.00230350, -0.00211290, -0.00193676, -0.00177413, -0.00162413, -0.00148600, -0.00135898, -0.00124234, -0.00113536, -0.00103734, -0.00094763, -0.00086558, -0.00079058, -0.00072203, -0.00065943, -0.00060237, -0.00055027, -0.00050269, -0.00045924, -0.00041957, -0.00038334, -0.00026722, -0.00018638, -0.00013005, -0.00009089, -0.00006362, -0.00004461, -0.00003131, -0.00002201, -0.00001549, -0.00001091, -0.00000769, -0.00000543, -0.00000384, -0.00000271, -0.00000192
-0.00149956, -0.00196124, -0.00200826, -0.00195164, -0.00186445, -0.00176318, -0.00165955, -0.00155646, -0.00145583, -0.00135873, -0.00126571, -0.00117702, -0.00109297, -0.00101348, -0.00093861, -0.00086830, -0.00080237, -0.00074076, -0.00068334, -0.00062027, -0.00056953, -0.00052270, -0.00047949, -0.00043965, -0.00040294, -0.00036915, -0.00033809, -0.00030957, -0.00028341, -0.00025943, -0.00023746, -0.00021736, -0.00019896, -0.00018212, -0.00016673, -0.00015267, -0.00013982, -0.00012806, -0.00011730, -0.00010746, -0.00009845, -0.00006941, -0.00004899, -0.00003461, -0.00002447, -0.00001734, -0.00001230, -0.00000874, -0.00000622, -0.00000443, -0.00000315, -0.00000225, -0.00000161, -0.00000115, -0.00000082, -0.00000059
-0.00496488, -0.00753976, -0.00821734, -0.00822954, -0.00800279, -0.00765615, -0.00726384, -0.00685126, -0.00643455, -0.00602328, -0.00562295, -0.00523692, -0.00486795, -0.00451685, -0.00418462, -0.00387153, -0.00357721, -0.00330164, -0.00304446, -0.00276183, -0.00253429, -0.00232426, -0.00213049, -0.00195185, -0.00178730, -0.00163594, -0.00149688, -0.00136927, -0.00125230, -0.00114517, -0.00104712, -0.00095745, -0.00087546, -0.00080052, -0.00073205, -0.00066960, -0.00061254, -0.00056040, -0.00051274, -0.00046917, -0.00042934, -0.00030133, -0.00021169, -0.00014882, -0.00010478, -0.00007391, -0.00005221, -0.00003692, -0.00002614, -0.00001853, -0.00001315, -0.00000934, -0.00000664, -0.00000472, -0.00000336, -0.00000240
-0.00823954, -0.01231634, -0.01339076, -0.01344555, -0.01313997, -0.01265182, -0.01209507, -0.01150660, -0.01090924, -0.01031589, -0.00973352, -0.00916634, -0.00861836, -0.00809034, -0.00758416, -0.00710049, -0.00663916, -0.00620089, -0.00578581, -0.00531429, -0.00493404, -0.00457788, -0.00424452, -0.00393273, -0.00364145, -0.00336976, -0.00311675, -0.00288149, -0.00266303, -0.00246041, -0.00227270, -0.00209898, -0.00193828, -0.00178970, -0.00165243, -0.00152591, -0.00140905, -0.00130113, -0.00120148, -0.00110948, -0.00102453, -0.00074511, -0.00054205, -0.00039444, -0.00028707, -0.00020893, -0.00015218, -0.00011097, -0.00008100, -0.00005918, -0.00004327, -0.00003167, -0.00002320, -0.00001700, -0.00001247, -0.00000915
-0.00396561, -0.00624750, -0.00695332, -0.00704898, -0.00691132, -0.00665212, -0.00634169, -0.00600555, -0.00566050, -0.00531653, -0.00497944, -0.00465282, -0.00433982, -0.00404114, -0.00375804, -0.00349079, -0.00323906, -0.00300300, -0.00278230, -0.00253697, -0.00234031, -0.00215827, -0.00198982, -0.00183400, -0.00168990, -0.00155679, -0.00143394, -0.00132068, -0.00121633, -0.00112024, -0.00103182, -0.00095051, -0.00087571, -0.00080691, -0.00074365, -0.00068558, -0.00063217, -0.00058301, -0.00053777, -0.00049611, -0.00045775, -0.00033218, -0.00024145, -0.00017570, -0.00012793, -0.00009325, -0.00006806, -0.00004973, -0.00003637, -0.00002661, -0.00001949, -0.00001428, -0.00001047, -0.00000768, -0.00000564, -0.00000414
0.00795902, 0.01189323, 0.01291619, 0.01294229, 0.01261136, 0.01209832, 0.01151484, 0.01089799, 0.01027149, 0.00964929, 0.00903942, 0.00844696, 0.00787656, 0.00732955, 0.00680813, 0.00631315, 0.00584455, 0.00540294, 0.00498829, 0.00452996, 0.00415903, 0.00381506, 0.00349648, 0.00320175, 0.00292947, 0.00267841, 0.00244731, 0.00223493, 0.00204006, 0.00186148, 0.00169802, 0.00154857, 0.00141200, 0.00128727, 0.00117346, 0.00106982, 0.00097528, 0.00088907, 0.00081045, 0.00073877, 0.00067342, 0.00046490, 0.00032094, 0.00022159, 0.00015323, 0.00010613, 0.00007363, 0.00005114, 0.00003557, 0.00002477, 0.00001727, 0.00001206, 0.00000843, 0.00000590, 0.00000413, 0.00000290
0.00458570, 0.00791535, 0.00916001, 0.00947645, 0.00941302, 0.00914346, 0.00877669, 0.00835489, 0.00790652, 0.00744877, 0.00699201, 0.00654305, 0.00610817, 0.00568907, 0.00528887, 0.00490861, 0.00454845, 0.00420930, 0.00389117, 0.00353830, 0.00325388, 0.00299031, 0.00274639, 0.00252082, 0.00231241, 0.00212016, 0.00194307, 0.00178017, 0.00163050, 0.00149312, 0.00136716, 0.00125178, 0.00114608, 0.00104930, 0.00096072, 0.00087982, 0.00080577, 0.00073801, 0.00067598, 0.00061921, 0.00056724, 0.00039970, 0.00028186, 0.00019886, 0.00014047, 0.00009938, 0.00007041, 0.00004994, 0.00003546, 0.00002520, 0.00001793, 0.00001276, 0.00000910, 0.00000649, 0.00000463, 0.00000331
0.01597094, 0.01934318, 0.01880225, 0.01767347, 0.01648845, 0.01531738, 0.01421681, 0.01318582, 0.01222097, 0.01131909, 0.01047643, 0.00968941, 0.00895415, 0.00826862, 0.00762937, 0.00703443, 0.00648115, 0.00596722, 0.00549067, 0.00497247, 0.00455586, 0.00417285, 0.00382049, 0.00349647, 0.00319879, 0.00292557, 0.00267503, 0.00244550, 0.00223539, 0.00204318, 0.00186745, 0.00170682, 0.00156008, 0.00142605, 0.00130369, 0.00119217, 0.00109033, 0.00099731, 0.00091233, 0.00083469, 0.00076374, 0.00053586, 0.00037645, 0.00026469, 0.00018638, 0.00013149, 0.00009293, 0.00006576, 0.00004660, 0.00003306, 0.00002348, 0.00001669, 0.00001188, 0.00000846, 0.00000603, 0.00000431
-0.01538804, -0.02083326, -0.02160900, -0.02110704, -0.02021101, -0.01913293, -0.01801391, -0.01689283, -0.01579390, -0.01473101, -0.01371132, -0.01273873, -0.01181631, -0.01094432, -0.01012314, -0.00935236, -0.00863025, -0.00795591, -0.00732793, -0.00664070, -0.00608744, -0.00557750, -0.00510760, -0.00467487, -0.00427676, -0.00391095, -0.00357523, -0.00326746, -0.00298560, -0.00272769, -0.00249187, -0.00227638, -0.00207952, -0.00189973, -0.00173562, -0.00158610, -0.00144958, -0.00132494, -0.00121112, -0.00110718, -0.00101225, -0.00070777, -0.00049537, -0.00034697, -0.00024343, -0.00017110, -0.00012044, -0.00008490, -0.00005991, -0.00004233, -0.00002993, -0.00002119, -0.00001502, -0.00001065, -0.00000756, -0.00000538
-0.00189145, -0.00201096, -0.00177746, -0.00156568, -0.00139136, -0.00124423, -0.00111973, -0.00101259, -0.00091883, -0.00083584, -0.00076181, -0.00069536, -0.00063514, -0.00058063, -0.00053092, -0.00048560, -0.00044424, -0.00040637, -0.00037170, -0.00033485, -0.00030530, -0.00027839, -0.00025381, -0.00023136, -0.00021089, -0.00019221, -0.00017518, -0.00015967, -0.00014553, -0.00013266, -0.00012093, -0.00011024, -0.00010052, -0.00009167, -0.00008362, -0.00007630, -0.00006964, -0.00006357, -0.00005804, -0.00005300, -0.00004841, -0.00003375, -0.00002357, -0.00001649, -0.00001155, -0.00000811, -0.00000571, -0.00000403, -0.00000284, -0.00000201, -0.00000143, -0.00000101, -0.00000072, -0.00000051, -0.00000036, -0.00000026
0.00626185, 0.00904023, 0.00968545, 0.00963539, 0.00934179, 0.00892569, 0.00846558, 0.00798676, 0.00750560, 0.00703174, 0.00657063, 0.00612561, 0.00569971, 0.00529361, 0.00490853, 0.00454480, 0.00420206, 0.00388043, 0.00357962, 0.00324841, 0.00298119, 0.00273409, 0.00250580, 0.00229505, 0.00210071, 0.00192178, 0.00175727, 0.00160624, 0.00146774, 0.00134086, 0.00122475, 0.00111858, 0.00102154, 0.00093286, 0.00085190, 0.00077810, 0.00071073, 0.00064921, 0.00059304, 0.00054176, 0.00049493, 0.00034489, 0.00024047, 0.00016774, 0.00011719, 0.00008202, 0.00005749, 0.00004035, 0.00002835, 0.00001994, 0.00001404, 0.00000990, 0.00000699, 0.00000493, 0.00000349, 0.00000247
-0.00118391, -0.00188635, -0.00211250, -0.00214968, -0.00211341, -0.00203833, -0.00194632, -0.00184540, -0.00174091, -0.00163604, -0.00153267, -0.00143201, -0.00133514, -0.00124235, -0.00115411, -0.00107058, -0.00099172, -0.00091763, -0.00084826, -0.00077146, -0.00070964, -0.00065241, -0.00059949, -0.00055056, -0.00050538, -0.00046371, -0.00042533, -0.00039003, -0.00035758, -0.00032779, -0.00030046, -0.00027540, -0.00025244, -0.00023140, -0.00021213, -0.00019451, -0.00017838, -0.00016359, -0.00015005, -0.00013764, -0.00012626, -0.00008949, -0.00006349, -0.00004507, -0.00003203, -0.00002280, -0.00001625, -0.00001160, -0.00000828, -0.00000592, -0.00000424, -0.00000304, -0.00000218, -0.00000156, -0.00000112, -0.00000081
-0.00018208, -0.00048557, -0.00064857, -0.00071898, -0.00074569, -0.00074678, -0.00073381, -0.00071176, -0.00068420, -0.00065334, -0.00062054, -0.00058673, -0.00055292, -0.00051930, -0.00048649, -0.00045466, -0.00042395, -0.00039460, -0.00036672, -0.00033512, -0.00030952, -0.00028557, -0.00026322, -0.00024239, -0.00022300, -0.00020500, -0.00018831, -0.00017288, -0.00015862, -0.00014549, -0.00013340, -0.00012229, -0.00011208, -0.00010270, -0.00009410, -0.00008622, -0.00007900, -0.00007238, -0.00006630, -0.00006074, -0.00005564, -0.00003917, -0.00002757, -0.00001941, -0.00001366, -0.00000963, -0.00000680, -0.00000481, -0.00000340, -0.00000241, -0.00000171, -0.00000121, -0.00000086, -0.00000061, -0.00000043, -0.00000031
-0.01435927, -0.02142333, -0.02327064, -0.02335080, -0.02280189, -0.02192936, -0.02092948, -0.01986581, -0.01877820, -0.01768995, -0.01661458, -0.01556098, -0.01453773, -0.01354806, -0.01259678, -0.01168664, -0.01081877, -0.00999547, -0.00921788, -0.00835783, -0.00765644, -0.00700390, -0.00639802, -0.00583659, -0.00531755, -0.00483893, -0.00439869, -0.00399470, -0.00362477, -0.00328667, -0.00297821, -0.00269725, -0.00244161, -0.00220926, -0.00199835, -0.00180735, -0.00163417, -0.00147725, -0.00133513, -0.00120645, -0.00109000, -0.00072532, -0.00048190, -0.00032027, -0.00021322, -0.00014219, -0.00009499, -0.00006356, -0.00004261, -0.00002861, -0.00001924, -0.00001297, -0.00000875, -0.00000592, -0.00000401, -0.00000272
-0.01334921, -0.01933236, -0.02062064, -0.02042775, -0.01973695, -0.01880462, -0.01779272, -0.01675220, -0.01571427, -0.01469725, -0.01371138, -0.01276283, -0.01185650, -0.01099412, -0.01017732, -0.00940677, -0.00868168, -0.00800196, -0.00736685, -0.00667102, -0.00610886, -0.00558979, -0.00511084, -0.00466940, -0.00426308, -0.00388968, -0.00354709, -0.00323321, -0.00294601, -0.00268353, -0.00244388, -0.00222526, -0.00202594, -0.00184430, -0.00167889, -0.00152855, -0.00139167, -0.00126706, -0.00115363, -0.00105036, -0.00095636, -0.00065743, -0.00045208, -0.00031107, -0.00021446, -0.00014812, -0.00010246, -0.00007098, -0.00004924, -0.00003420, -0.00002378, -0.00001656, -0.00001154, -0.00000806, -0.00000563, -0.00000394
-0.00718961, -0.01081309, -0.01178348, -0.01182178, -0.01152108, -0.01104686, -0.01050425, -0.00992900, -0.00934418, -0.00876351, -0.00819496, -0.00764358, -0.00711384, -0.00660709, -0.00612533, -0.00566928, -0.00523879, -0.00483427, -0.00445554, -0.00403894, -0.00370223, -0.00339084, -0.00310315, -0.00283765, -0.00259296, -0.00236782, -0.00216102, -0.00197134, -0.00179762, -0.00163869, -0.00149346, -0.00136087, -0.00123987, -0.00112952, -0.00102895, -0.00093746, -0.00085410, -0.00077815, -0.00070896, -0.00064593, -0.00058851, -0.00040560, -0.00027961, -0.00019285, -0.00013326, -0.00009224, -0.00006394, -0.00004439, -0.00003085, -0.00002147, -0.00001496, -0.00001044, -0.00000729, -0.00000510, -0.00000357, -0.00000250
-0.00952887, -0.01425311, -0.01545539, -0.01545053, -0.01501758, -0.01437118, -0.01364633, -0.01288828, -0.01212560, -0.01137492, -0.01064555, -0.00994302, -0.00927191, -0.00863323, -0.00802851, -0.00745800, -0.00692081, -0.00641686, -0.00594540, -0.00542159, -0.00500109, -0.00461158, -0.00425086, -0.00391691, -0.00360794, -0.00332240, -0.00305879, -0.00281566, -0.00259162, -0.00238530, -0.00219544, -0.00202082, -0.00186022, -0.00171255, -0.00157681, -0.00145228, -0.00133777, -0.00123246, -0.00113560, -0.00104648, -0.00096447, -0.00069660, -0.00050382, -0.00036474, -0.00026420, -0.00019157, -0.00013911, -0.00010112, -0.00007358, -0.00005358, -0.00003905, -0.00002848, -0.00002078, -0.00001518, -0.00001109, -0.00000811
0.00502263, 0.00742619, 0.00800900, 0.00798190, 0.00774088, 0.00739357, 0.00700784, 0.00660616, 0.00620267, 0.00580572, 0.00542004, 0.00504852, 0.00469351, 0.00435570, 0.00403593, 0.00373442, 0.00345084, 0.00318514, 0.00293700, 0.00266426, 0.00244447, 0.00224148, 0.00205411, 0.00188129, 0.00172207, 0.00157557, 0.00144096, 0.00131743, 0.00120419, 0.00110049, 0.00100560, 0.00091884, 0.00083953, 0.00076707, 0.00070089, 0.00064056, 0.00058547, 0.00053515, 0.00048919, 0.00044720, 0.00040885, 0.00028581, 0.00019995, 0.00013997, 0.00009813, 0.00006892, 0.00004848, 0.00003415, 0.00002408, 0.00001700, 0.00001201, 0.00000849, 0.00000601, 0.00000426, 0.00000302, 0.00000215
-0.00052042, 0.00005609, 0.00046810, 0.00068010, 0.00079153, 0.00084438, 0.00086295, 0.00085920, 0.00084125, 0.00081410, 0.00078097, 0.00074406, 0.00070538, 0.00066568, 0.00062608, 0.00058709, 0.00054904, 0.00051239, 0.00047735, 0.00043719, 0.00040472, 0.00037425, 0.00034576, 0.00031915, 0.00029433, 0.00027125, 0.00024981, 0.00022995, 0.00021158, 0.00019461, 0.00017896, 0.00016455, 0.00015128, 0.00013906, 0.00012782, 0.00011751, 0.00010803, 0.00009931, 0.00009130, 0.00008393, 0.00007716, 0.00005512, 0.00003938, 0.00002814, 0.00002011, 0.00001439, 0.00001031, 0.00000739, 0.00000530, 0.00000381, 0.00000274, 0.00000197, 0.00000142, 0.00000102, 0.00000073, 0.00000053
0.00024569, 0.00027096, 0.00023316, 0.00019705, 0.00016751, 0.00014334, 0.00012356, 0.00010725, 0.00009358, 0.00008200, 0.00007213, 0.00006368, 0.00005630, 0.00004993, 0.00004433, 0.00003942, 0.00003512, 0.00003132, 0.00002794, 0.00002458, 0.00002191, 0.00001956, 0.00001746, 0.00001559, 0.00001394, 0.00001246, 0.00001116, 0.00000999, 0.00000896, 0.00000803, 0.00000721, 0.00000647, 0.00000581, 0.00000522, 0.00000469, 0.00000422, 0.00000380, 0.00000343, 0.00000309, 0.00000279, 0.00000251, 0.00000168, 0.00000112, 0.00000075, 0.00000051, 0.00000035, 0.00000024, 0.00000016, 0.00000011, 0.00000008, 0.00000005, 0.00000004, 0.00000003, 0.00000002, 0.00000001, 0.00000001
-0.00168304, -0.00271904, -0.00304111, -0.00308739, -0.00302923, -0.00291699, -0.00278179, -0.00263494, -0.00248377, -0.00233265, -0.00218414, -0.00203985, -0.00190120, -0.00176857, -0.00164257, -0.00152338, -0.00141094, -0.00130535, -0.00120653, -0.00109718, -0.00100917, -0.00092772, -0.00085240, -0.00078279, -0.00071851, -0.00065923, -0.00060463, -0.00055441, -0.00050827, -0.00046590, -0.00042703, -0.00039141, -0.00035876, -0.00032884, -0.00030144, -0.00027640, -0.00025346, -0.00023244, -0.00021319, -0.00019555, -0.00017938, -0.00012712, -0.00009017, -0.00006401, -0.00004548, -0.00003237, -0.00002307, -0.00001646, -0.00001176, -0.00000840, -0.00000601, -0.00000431, -0.00000309, -0.00000221, -0.00000159, -0.00000114
-0.00232264, -0.00019726, 0.00137430, 0.00220292, 0.00265290, 0.00288075, 0.00297697, 0.00298656, 0.00294038, 0.00285751, 0.00275023, 0.00262702, 0.00249574, 0.00235921, 0.00222190, 0.00208580, 0.00195226, 0.00182313, 0.00169932, 0.00155686, 0.00144152, 0.00133308, 0.00123156, 0.00113667, 0.00104809, 0.00096560, 0.00088898, 0.00081796, 0.00075224, 0.00069154, 0.00063556, 0.00058403, 0.00053657, 0.00049290, 0.00045274, 0.00041590, 0.00038204, 0.00035093, 0.00032234, 0.00029607, 0.00027195, 0.00019355, 0.00013774, 0.00009802, 0.00006978, 0.00004974, 0.00003548, 0.00002534, 0.00001811, 0.00001295, 0.00000927, 0.00000663, 0.00000475, 0.00000341, 0.00000245, 0.00000176
-0.00216334, -0.00274908, -0.00273459, -0.00260071, -0.00244324, -0.00227982, -0.00212230, -0.00197243, -0.00183081, -0.00169765, -0.00157280, -0.00145598, -0.00134677, -0.00124496, -0.00115006, -0.00106181, -0.00097981, -0.00090370, -0.00083317, -0.00075620, -0.00069454, -0.00063784, -0.00058567, -0.00053766, -0.00049351, -0.00045294, -0.00041567, -0.00038148, -0.00035010, -0.00032134, -0.00029497, -0.00027080, -0.00024865, -0.00022835, -0.00020976, -0.00019275, -0.00017716, -0.00016287, -0.00014975, -0.00013772, -0.00012668, -0.00009081, -0.00006522, -0.00004691, -0.00003376, -0.00002435, -0.00001758, -0.00001271, -0.00000920, -0.00000667, -0.00000484, -0.00000351, -0.00000255, -0.00000185, -0.00000135, -0.00000098
0.00001636, -0.00013127, -0.00023023, -0.00028053, -0.00030568, -0.00031553, -0.00031642, -0.00031129, -0.00030236, -0.00029099, -0.00027805, -0.00026413, -0.00024989, -0.00023545, -0.00022121, -0.00020728, -0.00019375, -0.00018077, -0.00016841, -0.00015427, -0.00014284, -0.00013214, -0.00012214, -0.00011281, -0.00010412, -0.00009602, -0.00008851, -0.00008155, -0.00007510, -0.00006915, -0.00006365, -0.00005859, -0.00005393, -0.00004963, -0.00004568, -0.00004205, -0.00003870, -0.00003563, -0.00003279, -0.00003019, -0.00002779, -0.00001996, -0.00001434, -0.00001031, -0.00000741, -0.00000533, -0.00000384, -0.00000277, -0.00000200, -0.00000144, -0.00000104, -0.00000075, -0.00000054, -0.00000039, -0.00000029, -0.00000021
0.00055628, 0.00258079, 0.00372256, 0.00423191, 0.00444139, 0.00447638, 0.00441433, 0.00428961, 0.00412640, 0.00393950, 0.00373834, 0.00352941, 0.00331920, 0.00310962, 0.00290449, 0.00270533, 0.00251316, 0.00232956, 0.00215526, 0.00195982, 0.00180088, 0.00165254, 0.00151459, 0.00138650, 0.00126777, 0.00115801, 0.00105679, 0.00096365, 0.00087813, 0.00079973, 0.00072800, 0.00066249, 0.00060266, 0.00054808, 0.00049833, 0.00045309, 0.00041189, 0.00037439, 0.00034026, 0.00030922, 0.00028098, 0.00019142, 0.00013029, 0.00008872, 0.00006051, 0.00004133, 0.00002827, 0.00001936, 0.00001327, 0.00000911, 0.00000626, 0.00000431, 0.00000297, 0.00000205, 0.00000142, 0.00000098
0.00031923, 0.00072884, 0.00092092, 0.00099040, 0.00100615, 0.00099205, 0.00096266, 0.00092409, 0.00088043, 0.00083417, 0.00078684, 0.00073946, 0.00069296, 0.00064764, 0.00060398, 0.00056219, 0.00052234, 0.00048461, 0.00044903, 0.00040924, 0.00037713, 0.00034726, 0.00031953, 0.00029380, 0.00026996, 0.00024791, 0.00022754, 0.00020876, 0.00019147, 0.00017557, 0.00016096, 0.00014755, 0.00013525, 0.00012397, 0.00011362, 0.00010416, 0.00009549, 0.00008754, 0.00008026, 0.00007359, 0.00006747, 0.00004770, 0.00003374, 0.00002387, 0.00001691, 0.00001199, 0.00000851, 0.00000605, 0.00000431, 0.00000307, 0.00000219, 0.00000156, 0.00000111, 0.00000080, 0.00000057, 0.00000041
0.00111748, 0.00158887, 0.00169451, 0.00168115, 0.00162596, 0.00154991, 0.00146669, 0.00138077, 0.00129505, 0.00121124, 0.00113028, 0.00105272, 0.00097901, 0.00090922, 0.00084346, 0.00078171, 0.00072384, 0.00066979, 0.00061943, 0.00056383, 0.00051930, 0.00047819, 0.00044024, 0.00040522, 0.00037291, 0.00034313, 0.00031569, 0.00029044, 0.00026722, 0.00024587, 0.00022626, 0.00020824, 0.00019169, 0.00017648, 0.00016252, 0.00014972, 0.00013795, 0.00012713, 0.00011719, 0.00010804, 0.00009962, 0.00007212, 0.00005231, 0.00003799, 0.00002761, 0.00002009, 0.00001464, 0.00001068, 0.00000780, 0.00000570, 0.00000417, 0.00000305, 0.00000223, 0.00000164, 0.00000120, 0.00000088
-0.01310183, -0.01934224, -0.02074761, -0.02059112, -0.01990775, -0.01897169, -0.01795279, -0.01690574, -0.01586353, -0.01484530, -0.01386151, -0.01291819, -0.01201966, -0.01116729, -0.01036200, -0.00960394, -0.00889178, -0.00822487, -0.00760206, -0.00691462, -0.00636199, -0.00585114, -0.00537892, -0.00494265, -0.00453994, -0.00416863, -0.00382666, -0.00351203, -0.00322283, -0.00295720, -0.00271338, -0.00248971, -0.00228456, -0.00209645, -0.00192404, -0.00176631, -0.00162171, -0.00148912, -0.00136752, -0.00125599, -0.00115368, -0.00082203, -0.00058643, -0.00041870, -0.00029916, -0.00021410, -0.00015344, -0.00011010, -0.00007909, -0.00005686, -0.00004092, -0.00002947, -0.00002124, -0.00001532, -0.00001106, -0.00000799
-0.00149968, -0.00156962, -0.00137221, -0.00119658, -0.00105313, -0.00093314, -0.00083237, -0.00074643, -0.00067182, -0.00060630, -0.00054830, -0.00049668, -0.00045015, -0.00040838, -0.00037052, -0.00033623, -0.00030516, -0.00027690, -0.00025117, -0.00022434, -0.00020280, -0.00018333, -0.00016566, -0.00014964, -0.00013514, -0.00012203, -0.00011017, -0.00009946, -0.00008979, -0.00008105, -0.00007316, -0.00006603, -0.00005961, -0.00005381, -0.00004859, -0.00004388, -0.00003964, -0.00003582, -0.00003237, -0.00002925, -0.00002644, -0.00001768, -0.00001184, -0.00000794, -0.00000535, -0.00000361, -0.00000245, -0.00000166, -0.00000113, -0.00000077, -0.00000053, -0.00000036, -0.00000025, -0.00000017, -0.00000012, -0.00000008
-0.00062043, -0.00084427, -0.00084786, -0.00080481, -0.00075299, -0.00069958, -0.00064854, -0.00060046, -0.00055541, -0.00051333, -0.00047412, -0.00043765, -0.00040366, -0.00037211, -0.00034279, -0.00031560, -0.00029041, -0.00026709, -0.00024552, -0.00022216, -0.00020342, -0.00018623, -0.00017044, -0.00015595, -0.00014266, -0.00013048, -0.00011933, -0.00010912, -0.00009978, -0.00009125, -0.00008344, -0.00007631, -0.00006980, -0.00006386, -0.00005843, -0.00005348, -0.00004896, -0.00004482, -0.00004105, -0.00003760, -0.00003444, -0.00002429, -0.00001715, -0.00001213, -0.00000859, -0.00000610, -0.00000433, -0.00000308, -0.00000220, -0.00000157, -0.00000112, -0.00000080, -0.00000057, -0.00000041, -0.00000029, -0.00000021
-0.00509794, -0.00791289, -0.00875558, -0.00886372, -0.00869519, -0.00838121, -0.00800527, -0.00759655, -0.00717418, -0.00674954, -0.00632938, -0.00591813, -0.00551998, -0.00513624, -0.00476907, -0.00441942, -0.00408754, -0.00377420, -0.00347960, -0.00315450, -0.00289073, -0.00264611, -0.00241963, -0.00221025, -0.00201701, -0.00183904, -0.00167546, -0.00152540, -0.00138797, -0.00126231, -0.00114756, -0.00104291, -0.00094754, -0.00086068, -0.00078166, -0.00070992, -0.00064468, -0.00058539, -0.00053150, -0.00048254, -0.00043807, -0.00029742, -0.00020183, -0.00013702, -0.00009319, -0.00006349, -0.00004333, -0.00002961, -0.00002026, -0.00001389, -0.00000953, -0.00000655, -0.00000451, -0.00000311, -0.00000214, -0.00000148
-0.00190122, -0.00320004, -0.00368179, -0.00380687, -0.00378610, -0.00368533, -0.00354661, -0.00338585, -0.00321388, -0.00303720, -0.00285972, -0.00268406, -0.00251279, -0.00234656, -0.00218678, -0.00203396, -0.00188829, -0.00175031, -0.00162017, -0.00147500, -0.00135746, -0.00124808, -0.00114648, -0.00105222, -0.00096488, -0.00088412, -0.00080957, -0.00074090, -0.00067772, -0.00061969, -0.00056645, -0.00051768, -0.00047301, -0.00043212, -0.00039472, -0.00036060, -0.00032940, -0.00030089, -0.00027484, -0.00025103, -0.00022929, -0.00015955, -0.00011102, -0.00007724, -0.00005380, -0.00003754, -0.00002622, -0.00001834, -0.00001284, -0.00000901, -0.00000632, -0.00000444, -0.00000312, -0.00000220, -0.00000155, -0.00000109
-0.00405763, -0.00632416, -0.00702378, -0.00712244, -0.00699080, -0.00673803, -0.00643370, -0.00610277, -0.00576180, -0.00542063, -0.00508499, -0.00475847, -0.00444441, -0.00414351, -0.00385728, -0.00358608, -0.00332976, -0.00308862, -0.00286252, -0.00261062, -0.00240811, -0.00222026, -0.00204613, -0.00188479, -0.00173541, -0.00159728, -0.00146970, -0.00135201, -0.00124354, -0.00114366, -0.00105177, -0.00096729, -0.00088961, -0.00081822, -0.00075263, -0.00069248, -0.00063721, -0.00058642, -0.00053973, -0.00049681, -0.00045734, -0.00032873, -0.00023655, -0.00017035, -0.00012274, -0.00008854, -0.00006396, -0.00004625, -0.00003348, -0.00002425, -0.00001758, -0.00001276, -0.00000926, -0.00000673, -0.00000489, -0.00000356
-0.00590275, -0.00202194, 0.00117361, 0.00295290, 0.00397659, 0.00454783, 0.00484355, 0.00495445, 0.00494404, 0.00485181, 0.00470338, 0.00451667, 0.00430869, 0.00408523, 0.00385623, 0.00362594, 0.00339741, 0.00317483, 0.00296027, 0.00271192, 0.00251033, 0.00232033, 0.00214225, 0.00197562, 0.00181993, 0.00167488, 0.00154013, 0.00141525, 0.00129974, 0.00119310, 0.00109484, 0.00100450, 0.00092138, 0.00084497, 0.00077479, 0.00071049, 0.00065147, 0.00059731, 0.00054762, 0.00050205, 0.00046025, 0.00032496, 0.00022936, 0.00016186, 0.00011432, 0.00008083, 0.00005720, 0.00004051, 0.00002871, 0.00002037, 0.00001446, 0.00001027, 0.00000730, 0.00000519, 0.00000370, 0.00000263
-0.00106268, -0.00171611, -0.00191679, -0.00194445, -0.00190721, -0.00183651, -0.00175173, -0.00165983, -0.00156526, -0.00147069, -0.00137765, -0.00128715, -0.00120003, -0.00111656, -0.00103712, -0.00096184, -0.00089070, -0.00082380, -0.00076109, -0.00069173, -0.00063578, -0.00058396, -0.00053601, -0.00049167, -0.00045072, -0.00041296, -0.00037819, -0.00034622, -0.00031686, -0.00028993, -0.00026524, -0.00024263, -0.00022193, -0.00020300, -0.00018567, -0.00016987, -0.00015541, -0.00014219, -0.00013010, -0.00011904, -0.00010893, -0.00007641, -0.00005363, -0.00003766, -0.00002647, -0.00001864, -0.00001315, -0.00000928, -0.00000656, -0.00000464, -0.00000329, -0.00000233, -0.00000165, -0.00000118, -0.00000084, -0.00000059
-0.00741512, -0.00925292, -0.00913722, -0.00866314, -0.00812653, -0.00757735, -0.00705130, -0.00655217, -0.00608101, -0.00563792, -0.00522215, -0.00483264, -0.00446802, -0.00412756, -0.00380980, -0.00351390, -0.00323862, -0.00298289, -0.00274575, -0.00248759, -0.00228024, -0.00208961, -0.00191424, -0.00175298, -0.00160481, -0.00146879, -0.00134403, -0.00122971, -0.00112501, -0.00102920, -0.00094156, -0.00086141, -0.00078815, -0.00072119, -0.00066002, -0.00060422, -0.00055323, -0.00050661, -0.00046398, -0.00042500, -0.00038934, -0.00027453, -0.00019385, -0.00013702, -0.00009698, -0.00006877, -0.00004885, -0.00003474, -0.00002474, -0.00001764, -0.00001259, -0.00000899, -0.00000643, -0.00000460, -0.00000329, -0.00000236
0.00129280, 0.00222044, 0.00258104, 0.00268372, 0.00267847, 0.00261315, 0.00251846, 0.00240623, 0.00228463, 0.00215862, 0.00203125, 0.00190457, 0.00178065, 0.00166004, 0.00154391, 0.00143271, 0.00132665, 0.00122620, 0.00113150, 0.00102653, 0.00094132, 0.00086216, 0.00078879, 0.00072089, 0.00065816, 0.00060033, 0.00054713, 0.00049830, 0.00045355, 0.00041261, 0.00037521, 0.00034109, 0.00030999, 0.00028164, 0.00025585, 0.00023242, 0.00021112, 0.00019174, 0.00017413, 0.00015812, 0.00014358, 0.00009755, 0.00006624, 0.00004500, 0.00003063, 0.00002088, 0.00001425, 0.00000975, 0.00000667, 0.00000457, 0.00000314, 0.00000216, 0.00000149, 0.00000102, 0.00000071, 0.00000049
-0.00196927, -0.00222884, -0.00201578, -0.00178975, -0.00159427, -0.00142546, -0.00128088, -0.00115589, -0.00104625, -0.00094920, -0.00086275, -0.00078538, -0.00071530, -0.00065214, -0.00059465, -0.00054238, -0.00049485, -0.00045144, -0.00041177, -0.00036993, -0.00033638, -0.00030591, -0.00027814, -0.00025283, -0.00022981, -0.00020888, -0.00018985, -0.00017256, -0.00015685, -0.00014259, -0.00012963, -0.00011784, -0.00010714, -0.00009744, -0.00008863, -0.00008065, -0.00007340, -0.00006682, -0.00006084, -0.00005541, -0.00005047, -0.00003480, -0.00002404, -0.00001664, -0.00001154, -0.00000802, -0.00000559, -0.00000391, -0.00000273, -0.00000192, -0.00000134, -0.00000095, -0.00000067, -0.00000047, -0.00000033, -0.00000023
-0.00682342, -0.01020318, -0.01102269, -0.01098239, -0.01064286, -0.01015646, -0.00961776, -0.00905821, -0.00849736, -0.00794672, -0.00741280, -0.00689950, -0.00640987, -0.00594483, -0.00550535, -0.00509164, -0.00470312, -0.00433960, -0.00400053, -0.00362832, -0.00332868, -0.00305220, -0.00279719, -0.00256215, -0.00234572, -0.00214668, -0.00196386, -0.00179615, -0.00164243, -0.00150168, -0.00137288, -0.00125511, -0.00114744, -0.00104904, -0.00095915, -0.00087719, -0.00080231, -0.00073389, -0.00067136, -0.00061422, -0.00056199, -0.00039418, -0.00027675, -0.00019444, -0.00013682, -0.00009645, -0.00006809, -0.00004813, -0.00003406, -0.00002413, -0.00001711, -0.00001215, -0.00000863, -0.00000614, -0.00000437, -0.00000311
-0.01175873, -0.01863994, -0.02065765, -0.02085771, -0.02038534, -0.01957131, -0.01861900, -0.01760101, -0.01656337, -0.01553339, -0.01452689, -0.01355361, -0.01262149, -0.01173294, -0.01089094, -0.01009638, -0.00934843, -0.00864722, -0.00799192, -0.00726777, -0.00668563, -0.00614739, -0.00564994, -0.00519042, -0.00476631, -0.00437532, -0.00401531, -0.00368418, -0.00337988, -0.00310047, -0.00284410, -0.00260901, -0.00239345, -0.00219585, -0.00201479, -0.00184919, -0.00169741, -0.00155828, -0.00143072, -0.00131375, -0.00120647, -0.00085890, -0.00061220, -0.00043672, -0.00031180, -0.00022299, -0.00015969, -0.00011450, -0.00008218, -0.00005903, -0.00004244, -0.00003054, -0.00002199, -0.00001585, -0.00001143, -0.00000825
-0.00061480, -0.00086955, -0.00092626, -0.00091959, -0.00089065, -0.00085043, -0.00080623, -0.00076039, -0.00071445, -0.00066933, -0.00062554, -0.00058338, -0.00054314, -0.00050486, -0.00046864, -0.00043450, -0.00040238, -0.00037228, -0.00034416, -0.00031307, -0.00028808, -0.00026497, -0.00024361, -0.00022388, -0.00020566, -0.00018886, -0.00017338, -0.00015913, -0.00014604, -0.00013402, -0.00012298, -0.00011285, -0.00010356, -0.00009505, -0.00008724, -0.00008010, -0.00007355, -0.00006754, -0.00006203, -0.00005698, -0.00005234, -0.00003731, -0.00002663, -0.00001902, -0.00001360, -0.00000973, -0.00000698, -0.00000501, -0.00000360, -0.00000259, -0.00000186, -0.00000134, -0.00000097, -0.00000070, -0.00000050, -0.00000036
-0.00769170, -0.01160240, -0.01265740, -0.01270510, -0.01238602, -0.01187923, -0.01129835, -0.01068212, -0.01005551, -0.00943337, -0.00882428, -0.00823367, -0.00766635, -0.00712371, -0.00660787, -0.00611957, -0.00565861, -0.00522541, -0.00481974, -0.00437279, -0.00401179, -0.00367778, -0.00336904, -0.00308395, -0.00282102, -0.00257892, -0.00235637, -0.00215208, -0.00196480, -0.00179330, -0.00163643, -0.00149308, -0.00136211, -0.00124254, -0.00113343, -0.00103407, -0.00094343, -0.00086074, -0.00078532, -0.00071652, -0.00065376, -0.00045321, -0.00031430, -0.00021806, -0.00015154, -0.00010549, -0.00007355, -0.00005134, -0.00003589, -0.00002511, -0.00001759, -0.00001234, -0.00000866, -0.00000609, -0.00000429, -0.00000302
-0.00704955, -0.01085724, -0.01193986, -0.01202792, -0.01174825, -0.01127963, -0.01073436, -0.01015171, -0.00955700, -0.00896529, -0.00838540, -0.00782288, -0.00728255, -0.00676588, -0.00627495, -0.00581051, -0.00537235, -0.00496084, -0.00457572, -0.00415152, -0.00380917, -0.00349258, -0.00320006, -0.00293004, -0.00268106, -0.00245187, -0.00224119, -0.00204781, -0.00187053, -0.00170818, -0.00155964, -0.00142387, -0.00129981, -0.00118649, -0.00108306, -0.00098883, -0.00090282, -0.00082432, -0.00075268, -0.00068729, -0.00062760, -0.00043657, -0.00030384, -0.00021157, -0.00014756, -0.00010309, -0.00007213, -0.00005054, -0.00003545, -0.00002489, -0.00001750, -0.00001232, -0.00000868, -0.00000612, -0.00000432, -0.00000305
-0.00900315, -0.01316683, -0.01420506, -0.01419619, -0.01381423, -0.01324161, -0.01259671, -0.01191807, -0.01123061, -0.01054893, -0.00988141, -0.00923334, -0.00860965, -0.00801168, -0.00744175, -0.00690077, -0.00638860, -0.00590594, -0.00545272, -0.00495177, -0.00454628, -0.00417026, -0.00382196, -0.00349972, -0.00320202, -0.00292750, -0.00267480, -0.00244257, -0.00222947, -0.00203419, -0.00185544, -0.00169203, -0.00154269, -0.00140631, -0.00128187, -0.00116855, -0.00106519, -0.00097094, -0.00088499, -0.00080664, -0.00073521, -0.00050734, -0.00035008, -0.00024159, -0.00016698, -0.00011561, -0.00008016, -0.00005566, -0.00003870, -0.00002694, -0.00001877, -0.00001310, -0.00000915, -0.00000640, -0.00000448, -0.00000314
0.00017271, 0.00019300, 0.00016981, 0.00014642, 0.00012674, 0.00011027, 0.00009654, 0.00008503, 0.00007523, 0.00006680, 0.00005951, 0.00005319, 0.00004760, 0.00004271, 0.00003836, 0.00003451, 0.00003110, 0.00002804, 0.00002530, 0.00002250, 0.00002028, 0.00001830, 0.00001652, 0.00001491, 0.00001348, 0.00001218, 0.00001102, 0.00000998, 0.00000904, 0.00000820, 0.00000743, 0.00000674, 0.00000612, 0.00000556, 0.00000505, 0.00000459, 0.00000418, 0.00000380, 0.00000346, 0.00000316, 0.00000288, 0.00000199, 0.00000139, 0.00000097, 0.00000068, 0.00000048, 0.00000034, 0.00000024, 0.00000017, 0.00000012, 0.00000009, 0.00000006, 0.00000004, 0.00000003, 0.00000002, 0.00000002
0.00486662, 0.00813591, 0.00929837, 0.00956780, 0.00947917, 0.00919716, 0.00882559, 0.00840351, 0.00795707, 0.00750198, 0.00704771, 0.00660048, 0.00616621, 0.00574657, 0.00534461, 0.00496151, 0.00459760, 0.00425392, 0.00393069, 0.00357209, 0.00328197, 0.00301269, 0.00276314, 0.00253213, 0.00231856, 0.00212149, 0.00193998, 0.00177307, 0.00161981, 0.00147928, 0.00135057, 0.00123284, 0.00112517, 0.00102676, 0.00093689, 0.00085499, 0.00078023, 0.00071198, 0.00064969, 0.00059285, 0.00054098, 0.00037508, 0.00026007, 0.00018036, 0.00012527, 0.00008715, 0.00006071, 0.00004235, 0.00002958, 0.00002068, 0.00001448, 0.00001014, 0.00000712, 0.00000500, 0.00000351, 0.00000247
-0.00091176, -0.00158155, -0.00186575, -0.00195812, -0.00196603, -0.00192573, -0.00186107, -0.00178155, -0.00169400, -0.00160256, -0.00150979, -0.00141738, -0.00132710, -0.00123930, -0.00115494, -0.00107431, -0.00099752, -0.00092491, -0.00085655, -0.00078021, -0.00071860, -0.00066135, -0.00060824, -0.00055902, -0.00051343, -0.00047129, -0.00043239, -0.00039655, -0.00036356, -0.00033323, -0.00030539, -0.00027985, -0.00025643, -0.00023496, -0.00021528, -0.00019729, -0.00018081, -0.00016571, -0.00015188, -0.00013921, -0.00012760, -0.00009010, -0.00006366, -0.00004499, -0.00003183, -0.00002255, -0.00001600, -0.00001136, -0.00000808, -0.00000575, -0.00000409, -0.00000292, -0.00000208, -0.00000149, -0.00000106, -0.00000076
-0.00000082, 0.00014837, 0.00024993, 0.00030221, 0.00032862, 0.00033916, 0.00034033, 0.00033518, 0.00032596, 0.00031410, 0.00030047, 0.00028571, 0.00027050, 0.00025499, 0.00023960, 0.00022446, 0.00020968, 0.00019545, 0.00018184, 0.00016629, 0.00015365, 0.00014178, 0.00013068, 0.00012032, 0.00011066, 0.00010167, 0.00009333, 0.00008560, 0.00007847, 0.00007190, 0.00006585, 0.00006029, 0.00005519, 0.00005050, 0.00004621, 0.00004228, 0.00003867, 0.00003538, 0.00003236, 0.00002959, 0.00002706, 0.00001891, 0.00001321, 0.00000922, 0.00000645, 0.00000451, 0.00000316, 0.00000221, 0.00000155, 0.00000109, 0.00000077, 0.00000054, 0.00000038, 0.00000027, 0.00000019, 0.00000013
-0.01040687, -0.01618334, -0.01793427, -0.01814208, -0.01775887, -0.01706671, -0.01624426, -0.01535628, -0.01444598, -0.01353929, -0.01265140, -0.01179183, -0.01096902, -0.01018483, -0.00944273, -0.00874340, -0.00808604, -0.00747097, -0.00689731, -0.00626511, -0.00575751, -0.00528903, -0.00485691, -0.00445847, -0.00409129, -0.00375331, -0.00344253, -0.00315705, -0.00289502, -0.00265469, -0.00243441, -0.00223262, -0.00204775, -0.00187840, -0.00172333, -0.00158157, -0.00145171, -0.00133271, -0.00122365, -0.00112367, -0.00103199, -0.00073507, -0.00052434, -0.00037440, -0.00026763, -0.00019164, -0.00013742, -0.00009865, -0.00007088, -0.00005098, -0.00003669, -0.00002643, -0.00001905, -0.00001374, -0.00000992, -0.00000716
-0.00506470, -0.00696666, -0.00721134, -0.00701559, -0.00669384, -0.00631895, -0.00593664, -0.00555897, -0.00519236, -0.00484038, -0.00450466, -0.00418595, -0.00388439, -0.00360013, -0.00333273, -0.00308196, -0.00284719, -0.00262791, -0.00242358, -0.00219955, -0.00201925, -0.00185292, -0.00169943, -0.00155788, -0.00142749, -0.00130752, -0.00119725, -0.00109601, -0.00100316, -0.00091805, -0.00084011, -0.00076875, -0.00070346, -0.00064374, -0.00058913, -0.00053930, -0.00049373, -0.00045205, -0.00041393, -0.00037906, -0.00034716, -0.00024443, -0.00017228, -0.00012151, -0.00008580, -0.00006070, -0.00004300, -0.00003051, -0.00002167, -0.00001541, -0.00001097, -0.00000781, -0.00000557, -0.00000398, -0.00000284, -0.00000203
-0.01057091, -0.01442776, -0.01498052, -0.01462390, -0.01398968, -0.01323006, -0.01244418, -0.01165956, -0.01089293, -0.01015381, -0.00944696, -0.00877484, -0.00813912, -0.00753980, -0.00697673, -0.00644934, -0.00595622, -0.00549642, -0.00506876, -0.00460003, -0.00422367, -0.00387691, -0.00355738, -0.00326304, -0.00299212, -0.00274298, -0.00251410, -0.00230401, -0.00211133, -0.00193473, -0.00177295, -0.00162481, -0.00148918, -0.00136503, -0.00125142, -0.00114764, -0.00105263, -0.00096563, -0.00088595, -0.00081295, -0.00074607, -0.00052984, -0.00037683, -0.00026827, -0.00019120, -0.00013652, -0.00009762, -0.00006989, -0.00005009, -0.00003594, -0.00002580, -0.00001854, -0.00001334, -0.00000960, -0.00000692, -0.00000499
-0.00342238, -0.00544378, -0.00609809, -0.00620912, -0.00610825, -0.00589498, -0.00563244, -0.00534377, -0.00504444, -0.00474370, -0.00444700, -0.00415782, -0.00387938, -0.00361242, -0.00335843, -0.00311781, -0.00289048, -0.00267676, -0.00247654, -0.00225434, -0.00207554, -0.00190990, -0.00175658, -0.00161476, -0.00148366, -0.00136264, -0.00125108, -0.00114835, -0.00105386, -0.00096702, -0.00088729, -0.00081413, -0.00074702, -0.00068545, -0.00062902, -0.00057738, -0.00053003, -0.00048661, -0.00044678, -0.00041026, -0.00037675, -0.00026816, -0.00019106, -0.00013622, -0.00009719, -0.00006946, -0.00004971, -0.00003561, -0.00002554, -0.00001833, -0.00001317, -0.00000947, -0.00000681, -0.00000490, -0.00000353, -0.00000255
-0.01093128, -0.01639584, -0.01780619, -0.01782120, -0.01733809, -0.01660404, -0.01577509, -0.01490363, -0.01402300, -0.01315282, -0.01230424, -0.01148414, -0.01069843, -0.00994865, -0.00923718, -0.00856468, -0.00793054, -0.00733503, -0.00677758, -0.00616146, -0.00566494, -0.00520531, -0.00478011, -0.00438705, -0.00402407, -0.00368934, -0.00338109, -0.00309759, -0.00283714, -0.00259810, -0.00237890, -0.00217807, -0.00199410, -0.00182565, -0.00167149, -0.00153068, -0.00140182, -0.00128389, -0.00117595, -0.00107716, -0.00098672, -0.00069521, -0.00049019, -0.00034581, -0.00024420, -0.00017274, -0.00012237, -0.00008679, -0.00006163, -0.00004380, -0.00003116, -0.00002219, -0.00001582, -0.00001129, -0.00000806, -0.00000576
0.00486759, 0.00778988, 0.00874281, 0.00891129, 0.00877304, 0.00847160, 0.00809804, 0.00768580, 0.00725737, 0.00682617, 0.00640016, 0.00598445, 0.00558382, 0.00519936, 0.00483332, 0.00448635, 0.00415834, 0.00384987, 0.00356080, 0.00324012, 0.00298191, 0.00274268, 0.00252127, 0.00231647, 0.00212719, 0.00195251, 0.00179150, 0.00164330, 0.00150704, 0.00138186, 0.00126698, 0.00116163, 0.00106503, 0.00097648, 0.00089534, 0.00082115, 0.00075317, 0.00069087, 0.00063377, 0.00058145, 0.00053348, 0.00037832, 0.00026852, 0.00019072, 0.00013557, 0.00009653, 0.00006882, 0.00004912, 0.00003510, 0.00002510, 0.00001797, 0.00001287, 0.00000923, 0.00000662, 0.00000476, 0.00000342
0.00450979, 0.00678781, 0.00741395, 0.00745342, 0.00727686, 0.00698844, 0.00665501, 0.00629942, 0.00593665, 0.00557557, 0.00522135, 0.00487725, 0.00454631, 0.00422926, 0.00392752, 0.00364154, 0.00337121, 0.00311688, 0.00287844, 0.00261488, 0.00240205, 0.00220489, 0.00202244, 0.00185376, 0.00169798, 0.00155436, 0.00142216, 0.00130065, 0.00118910, 0.00108683, 0.00099314, 0.00090742, 0.00082900, 0.00075731, 0.00069179, 0.00063206, 0.00057748, 0.00052763, 0.00048209, 0.00044049, 0.00040249, 0.00028065, 0.00019577, 0.00013660, 0.00009545, 0.00006681, 0.00004683, 0.00003287, 0.00002310, 0.00001625, 0.00001144, 0.00000807, 0.00000569, 0.00000402, 0.00000284, 0.00000201
-0.00040519, -0.00048869, -0.00048245, -0.00046017, -0.00043459, -0.00040783, -0.00038176, -0.00035660, -0.00033252, -0.00030959, -0.00028781, -0.00026719, -0.00024773, -0.00022939, -0.00021216, -0.00019600, -0.00018087, -0.00016674, -0.00015359, -0.00013920, -0.00012760, -0.00011690, -0.00010704, -0.00009795, -0.00008959, -0.00008191, -0.00007485, -0.00006838, -0.00006245, -0.00005703, -0.00005207, -0.00004753, -0.00004339, -0.00003961, -0.00003617, -0.00003302, -0.00003016, -0.00002754, -0.00002515, -0.00002297, -0.00002098, -0.00001461, -0.00001019, -0.00000710, -0.00000496, -0.00000347, -0.00000243, -0.00000171, -0.00000120, -0.00000084, -0.00000060, -0.00000042, -0.00000030, -0.00000021, -0.00000015, -0.00000010
-0.00326721, -0.00438979, -0.00455056, -0.00444774, -0.00426203, -0.00403708, -0.00380261, -0.00356687, -0.00333523, -0.00311081, -0.00289525, -0.00268946, -0.00249426, -0.00230966, -0.00213586, -0.00197275, -0.00181998, -0.00167738, -0.00154466, -0.00139947, -0.00128264, -0.00117500, -0.00107587, -0.00098462, -0.00090071, -0.00082363, -0.00075290, -0.00068809, -0.00062875, -0.00057446, -0.00052483, -0.00047949, -0.00043807, -0.00040025, -0.00036573, -0.00033427, -0.00030556, -0.00027933, -0.00025539, -0.00023352, -0.00021354, -0.00014945, -0.00010471, -0.00007342, -0.00005157, -0.00003629, -0.00002557, -0.00001805, -0.00001275, -0.00000902, -0.00000638, -0.00000452, -0.00000321, -0.00000228, -0.00000162, -0.00000115
-0.01051648, -0.01080972, -0.00915361, -0.00775183, -0.00664660, -0.00575361, -0.00502571, -0.00442298, -0.00391419, -0.00347932, -0.00310444, -0.00277914, -0.00249256, -0.00224127, -0.00201802, -0.00181972, -0.00164342, -0.00148549, -0.00134374, -0.00119825, -0.00108261, -0.00097911, -0.00088586, -0.00080186, -0.00072629, -0.00065825, -0.00059694, -0.00054166, -0.00049178, -0.00044676, -0.00040605, -0.00036914, -0.00033578, -0.00030561, -0.00027830, -0.00025361, -0.00023124, -0.00021093, -0.00019250, -0.00017575, -0.00016052, -0.00011211, -0.00007865, -0.00005534, -0.00003905, -0.00002765, -0.00001964, -0.00001398, -0.00000997, -0.00000713, -0.00000510, -0.00000366, -0.00000263, -0.00000189, -0.00000136, -0.00000098
-0.00197662, -0.00372215, -0.00445185, -0.00468242, -0.00470113, -0.00460262, -0.00444599, -0.00425488, -0.00404529, -0.00382691, -0.00360566, -0.00338548, -0.00317012, -0.00296067, -0.00275915, -0.00256631, -0.00238250, -0.00220843, -0.00204432, -0.00186119, -0.00171310, -0.00157536, -0.00144749, -0.00132890, -0.00121905, -0.00111751, -0.00102381, -0.00093748, -0.00085808, -0.00078513, -0.00071821, -0.00065688, -0.00060069, -0.00054924, -0.00050216, -0.00045918, -0.00041987, -0.00038391, -0.00035103, -0.00032097, -0.00029348, -0.00020515, -0.00014342, -0.00010028, -0.00007019, -0.00004921, -0.00003455, -0.00002428, -0.00001708, -0.00001203, -0.00000848, -0.00000599, -0.00000423, -0.00000299, -0.00000212, -0.00000150
0.00238312, 0.00376568, 0.00420492, 0.00427306, 0.00419700, 0.00404464, 0.00385908, 0.00365607, 0.00344621, 0.00323584, 0.00302873, 0.00282727, 0.00263366, 0.00244840, 0.00227248, 0.00210616, 0.00194934, 0.00180222, 0.00166466, 0.00151269, 0.00139043, 0.00127739, 0.00117296, 0.00107655, 0.00098761, 0.00090565, 0.00083024, 0.00076092, 0.00069728, 0.00063889, 0.00058536, 0.00053634, 0.00049143, 0.00045030, 0.00041266, 0.00037827, 0.00034678, 0.00031794, 0.00029153, 0.00026735, 0.00024519, 0.00017362, 0.00012307, 0.00008731, 0.00006201, 0.00004411, 0.00003143, 0.00002241, 0.00001600, 0.00001144, 0.00000818, 0.00000585, 0.00000419, 0.00000301, 0.00000216, 0.00000155
0.00604833, 0.00669668, 0.00613943, 0.00555699, 0.00504411, 0.00458784, 0.00418648, 0.00382917, 0.00350778, 0.00321687, 0.00295234, 0.00271097, 0.00248969, 0.00228701, 0.00210072, 0.00192959, 0.00177232, 0.00162766, 0.00149466, 0.00135156, 0.00123706, 0.00113240, 0.00103655, 0.00094877, 0.00086841, 0.00079487, 0.00072759, 0.00066606, 0.00060982, 0.00055841, 0.00051142, 0.00046847, 0.00042921, 0.00039335, 0.00036057, 0.00033067, 0.00030332, 0.00027830, 0.00025541, 0.00023445, 0.00021525, 0.00015321, 0.00010931, 0.00007810, 0.00005588, 0.00004006, 0.00002877, 0.00002069, 0.00001490, 0.00001074, 0.00000775, 0.00000560, 0.00000405, 0.00000293, 0.00000212, 0.00000154
-0.00081975, -0.00142394, -0.00165574, -0.00171927, -0.00171279, -0.00166774, -0.00160409, -0.00152964, -0.00144976, -0.00136772, -0.00128548, -0.00120435, -0.00112560, -0.00104951, -0.00097675, -0.00090750, -0.00084181, -0.00077988, -0.00072173, -0.00065702, -0.00060489, -0.00055652, -0.00051172, -0.00047025, -0.00043189, -0.00039647, -0.00036380, -0.00033372, -0.00030605, -0.00028062, -0.00025728, -0.00023587, -0.00021624, -0.00019825, -0.00018176, -0.00016668, -0.00015286, -0.00014019, -0.00012859, -0.00011795, -0.00010820, -0.00007667, -0.00005437, -0.00003857, -0.00002739, -0.00001949, -0.00001388, -0.00000989, -0.00000706, -0.00000504, -0.00000361, -0.00000258, -0.00000185, -0.00000132, -0.00000095, -0.00000068
0.00076141, 0.00153124, 0.00187660, 0.00199685, 0.00201849, 0.00198471, 0.00192261, 0.00184332, 0.00175455, 0.00166096, 0.00156546, 0.00146998, 0.00137640, 0.00128521, 0.00119745, 0.00111345, 0.00103340, 0.00095764, 0.00088627, 0.00080666, 0.00074235, 0.00068258, 0.00062714, 0.00057578, 0.00052823, 0.00048429, 0.00044377, 0.00040645, 0.00037214, 0.00034063, 0.00031172, 0.00028523, 0.00026097, 0.00023875, 0.00021841, 0.00019984, 0.00018285, 0.00016731, 0.00015309, 0.00014008, 0.00012818, 0.00008989, 0.00006306, 0.00004425, 0.00003109, 0.00002187, 0.00001541, 0.00001087, 0.00000768, 0.00000543, 0.00000384, 0.00000272, 0.00000193, 0.00000137, 0.00000097, 0.00000069
0.00267163, 0.00513771, 0.00618184, 0.00651440, 0.00654275, 0.00640279, 0.00617912, 0.00590605, 0.00560695, 0.00529604, 0.00498200, 0.00467058, 0.00436719, 0.00407330, 0.00379167, 0.00352327, 0.00326839, 0.00302791, 0.00280197, 0.00255043, 0.00234772, 0.00215963, 0.00198539, 0.00182410, 0.00167491, 0.00153714, 0.00141011, 0.00129315, 0.00118558, 0.00108676, 0.00099606, 0.00091291, 0.00083667, 0.00076679, 0.00070277, 0.00064424, 0.00059063, 0.00054151, 0.00049651, 0.00045528, 0.00041750, 0.00029540, 0.00020917, 0.00014819, 0.00010510, 0.00007465, 0.00005309, 0.00003780, 0.00002694, 0.00001922, 0.00001372, 0.00000980, 0.00000701, 0.00000502, 0.00000359, 0.00000258
-0.00309344, -0.00472980, -0.00518784, -0.00522151, -0.00509916, -0.00489678, -0.00466236, -0.00441250, -0.00415794, -0.00390502, -0.00365739, -0.00341732, -0.00318684, -0.00296645, -0.00275702, -0.00255880, -0.00237164, -0.00219570, -0.00203086, -0.00184815, -0.00170096, -0.00156458, -0.00143831, -0.00132148, -0.00121349, -0.00111380, -0.00102190, -0.00093729, -0.00085949, -0.00078801, -0.00072239, -0.00066221, -0.00060702, -0.00055643, -0.00051008, -0.00046770, -0.00042886, -0.00039328, -0.00036068, -0.00033080, -0.00030342, -0.00021489, -0.00015231, -0.00010802, -0.00007667, -0.00005450, -0.00003880, -0.00002766, -0.00001973, -0.00001409, -0.00001007, -0.00000721, -0.00000516, -0.00000370, -0.00000265, -0.00000191
0.01672770, 0.02399592, 0.02563324, 0.02545328, 0.02464041, 0.02351121, 0.02227120, 0.02098639, 0.01969968, 0.01843630, 0.01721045, 0.01603070, 0.01490466, 0.01383377, 0.01282084, 0.01186630, 0.01096880, 0.01012829, 0.00934359, 0.00848036, 0.00778527, 0.00714330, 0.00655074, 0.00600412, 0.00550034, 0.00503666, 0.00461043, 0.00421909, 0.00386017, 0.00353126, 0.00323011, 0.00295458, 0.00270252, 0.00247201, 0.00226132, 0.00206910, 0.00189338, 0.00173273, 0.00158585, 0.00145153, 0.00132870, 0.00093357, 0.00065656, 0.00046205, 0.00032562, 0.00022987, 0.00016252, 0.00011504, 0.00008153, 0.00005783, 0.00004107, 0.00002919, 0.00002077, 0.00001479, 0.00001054, 0.00000752
-0.00825178, -0.01094407, -0.01124963, -0.01095591, -0.01048839, -0.00994104, -0.00937924, -0.00881867, -0.00826891, -0.00773529, -0.00722047, -0.00672597, -0.00625334, -0.00580285, -0.00537511, -0.00497036, -0.00458824, -0.00422886, -0.00389201, -0.00352273, -0.00322302, -0.00294565, -0.00268925, -0.00245260, -0.00223456, -0.00203407, -0.00185009, -0.00168157, -0.00152748, -0.00138679, -0.00125850, -0.00114168, -0.00103538, -0.00093873, -0.00085095, -0.00077138, -0.00069916, -0.00063363, -0.00057419, -0.00052028, -0.00047140, -0.00031750, -0.00021372, -0.00014394, -0.00009713, -0.00006567, -0.00004447, -0.00003016, -0.00002049, -0.00001394, -0.00000950, -0.00000649, -0.00000443, -0.00000304, -0.00000208, -0.00000143
-0.00857979, -0.01368608, -0.01523682, -0.01544086, -0.01514065, -0.01457938, -0.01390770, -0.01317928, -0.01242830, -0.01167519, -0.01093207, -0.01020685, -0.00950635, -0.00883320, -0.00819066, -0.00758034, -0.00700252, -0.00645821, -0.00594751, -0.00538592, -0.00493078, -0.00450949, -0.00412005, -0.00376060, -0.00342935, -0.00312472, -0.00284510, -0.00258890, -0.00235452, -0.00214042, -0.00194509, -0.00176709, -0.00160499, -0.00145747, -0.00132334, -0.00120163, -0.00109103, -0.00099054, -0.00089925, -0.00081634, -0.00074104, -0.00050306, -0.00034141, -0.00023187, -0.00015778, -0.00010756, -0.00007344, -0.00005021, -0.00003438, -0.00002358, -0.00001619, -0.00001113, -0.00000767, -0.00000529, -0.00000365, -0.00000252
-0.00208085, -0.00246662, -0.00232699, -0.00213382, -0.00195079, -0.00178202, -0.00163050, -0.00149395, -0.00136993, -0.00125677, -0.00115322, -0.00105823, -0.00097058, -0.00089000, -0.00081556, -0.00074693, -0.00068371, -0.00062539, -0.00057165, -0.00051428, -0.00046808, -0.00042589, -0.00038727, -0.00035197, -0.00031976, -0.00029038, -0.00026362, -0.00023926, -0.00021711, -0.00019698, -0.00017870, -0.00016209, -0.00014702, -0.00013335, -0.00012097, -0.00010976, -0.00009959, -0.00009038, -0.00008203, -0.00007445, -0.00006758, -0.00004592, -0.00003123, -0.00002127, -0.00001452, -0.00000994, -0.00000682, -0.00000468, -0.00000322, -0.00000222, -0.00000153, -0.00000106, -0.00000073, -0.00000051, -0.00000035, -0.00000025
-0.01626355, -0.02338933, -0.02495499, -0.02474939, -0.02393838, -0.02283014, -0.02162260, -0.02037856, -0.01913774, -0.01792323, -0.01674770, -0.01561855, -0.01454203, -0.01351926, -0.01255218, -0.01164093, -0.01078394, -0.00998086, -0.00923043, -0.00840056, -0.00773348, -0.00711639, -0.00654571, -0.00601818, -0.00553092, -0.00508137, -0.00466709, -0.00428571, -0.00393494, -0.00361258, -0.00331654, -0.00304484, -0.00279550, -0.00256674, -0.00235695, -0.00216493, -0.00198878, -0.00182717, -0.00167889, -0.00154281, -0.00141791, -0.00101249, -0.00072386, -0.00051794, -0.00037084, -0.00026593, -0.00019097, -0.00013730, -0.00009881, -0.00007118, -0.00005132, -0.00003703, -0.00002674, -0.00001933, -0.00001398, -0.00001012
-0.03755937, -0.05200327, -0.05438550, -0.05333596, -0.05121060, -0.04858607, -0.04583662, -0.04306901, -0.04034786, -0.03770997, -0.03517431, -0.03275120, -0.03044848, -0.02826734, -0.02620885, -0.02427239, -0.02245401, -0.02075181, -0.01916264, -0.01741258, -0.01600392, -0.01470215, -0.01349935, -0.01238869, -0.01136407, -0.01041998, -0.00955115, -0.00875247, -0.00801903, -0.00734605, -0.00672902, -0.00616364, -0.00564575, -0.00517150, -0.00473743, -0.00434089, -0.00397789, -0.00364556, -0.00334130, -0.00306270, -0.00280756, -0.00198407, -0.00140350, -0.00099349, -0.00070391, -0.00049960, -0.00035512, -0.00025275, -0.00018008, -0.00012844, -0.00009170, -0.00006553, -0.00004687, -0.00003355, -0.00002404, -0.00001724
-0.00556427, -0.00840756, -0.00917621, -0.00920877, -0.00897205, -0.00859753, -0.00816844, -0.00771345, -0.00725119, -0.00679278, -0.00634470, -0.00591102, -0.00549531, -0.00509858, -0.00472232, -0.00436701, -0.00403240, -0.00371869, -0.00342562, -0.00310390, -0.00284436, -0.00260472, -0.00238366, -0.00217991, -0.00199234, -0.00181991, -0.00166164, -0.00151657, -0.00138375, -0.00126228, -0.00115129, -0.00104997, -0.00095749, -0.00087313, -0.00079621, -0.00072621, -0.00066239, -0.00060421, -0.00055117, -0.00050281, -0.00045871, -0.00031790, -0.00022044, -0.00015297, -0.00010635, -0.00007407, -0.00005166, -0.00003608, -0.00002523, -0.00001766, -0.00001238, -0.00000869, -0.00000610, -0.00000429, -0.00000302, -0.00000213
-0.00368190, -0.00242721, -0.00110486, -0.00029419, 0.00022017, 0.00055230, 0.00076788, 0.00090307, 0.00098358, 0.00102543, 0.00103920, 0.00103234, 0.00101212, 0.00098096, 0.00094325, 0.00090089, 0.00085536, 0.00080862, 0.00076172, 0.00070410, 0.00065690, 0.00061141, 0.00056806, 0.00052689, 0.00048786, 0.00045106, 0.00041649, 0.00038416, 0.00035400, 0.00032596, 0.00029996, 0.00027594, 0.00025372, 0.00023319, 0.00021425, 0.00019682, 0.00018077, 0.00016599, 0.00015239, 0.00013988, 0.00012838, 0.00009097, 0.00006436, 0.00004549, 0.00003216, 0.00002275, 0.00001610, 0.00001140, 0.00000808, 0.00000572, 0.00000406, 0.00000288, 0.00000205, 0.00000145, 0.00000103, 0.00000074
-0.01119174, -0.01611602, -0.01719888, -0.01705288, -0.01648655, -0.01571461, -0.01487440, -0.01400976, -0.01314838, -0.01230638, -0.01149257, -0.01071207, -0.00996904, -0.00926422, -0.00859875, -0.00797259, -0.00738453, -0.00683415, -0.00632043, -0.00575267, -0.00529686, -0.00487555, -0.00448616, -0.00412640, -0.00379423, -0.00348786, -0.00320557, -0.00294570, -0.00270669, -0.00248700, -0.00228519, -0.00209991, -0.00192981, -0.00177368, -0.00163041, -0.00149919, -0.00137874, -0.00126815, -0.00116659, -0.00107331, -0.00098762, -0.00070879, -0.00050941, -0.00036648, -0.00026383, -0.00019020, -0.00013732, -0.00009925, -0.00007181, -0.00005200, -0.00003769, -0.00002733, -0.00001984, -0.00001441, -0.00001047, -0.00000762
-0.01085704, -0.01638772, -0.01786999, -0.01791944, -0.01744706, -0.01670937, -0.01586836, -0.01497976, -0.01407963, -0.01318936, -0.01232130, -0.01148305, -0.01068114, -0.00991724, -0.00919388, -0.00851169, -0.00786989, -0.00726864, -0.00670719, -0.00608899, -0.00559144, -0.00513187, -0.00470763, -0.00431626, -0.00395552, -0.00362345, -0.00331816, -0.00303781, -0.00278063, -0.00254490, -0.00232901, -0.00213142, -0.00195061, -0.00178521, -0.00163396, -0.00149592, -0.00136968, -0.00125421, -0.00114858, -0.00105195, -0.00096354, -0.00067874, -0.00047861, -0.00033773, -0.00023864, -0.00016891, -0.00011973, -0.00008498, -0.00006037, -0.00004294, -0.00003056, -0.00002178, -0.00001553, -0.00001108, -0.00000792, -0.00000566
-0.00406338, -0.00628199, -0.00694595, -0.00702549, -0.00688356, -0.00662577, -0.00631934, -0.00598813, -0.00564789, -0.00530800, -0.00497392, -0.00464911, -0.00433675, -0.00403757, -0.00375301, -0.00348348, -0.00322885, -0.00298941, -0.00276504, -0.00251623, -0.00231583, -0.00213014, -0.00195824, -0.00179920, -0.00165218, -0.00151648, -0.00139140, -0.00127625, -0.00117035, -0.00107307, -0.00098377, -0.00090187, -0.00082677, -0.00075793, -0.00069486, -0.00063718, -0.00058433, -0.00053591, -0.00049153, -0.00045087, -0.00041359, -0.00029306, -0.00020783, -0.00014747, -0.00010473, -0.00007449, -0.00005306, -0.00003784, -0.00002701, -0.00001930, -0.00001380, -0.00000988, -0.00000708, -0.00000508, -0.00000364, -0.00000262
-0.00495381, -0.00758367, -0.00836691, -0.00845404, -0.00827469, -0.00795482, -0.00757531, -0.00716504, -0.00674350, -0.00632242, -0.00590873, -0.00550689, -0.00512100, -0.00475205, -0.00440191, -0.00407108, -0.00375940, -0.00346723, -0.00319434, -0.00289458, -0.00265295, -0.00242989, -0.00222420, -0.00203467, -0.00186020, -0.00169983, -0.00155264, -0.00141772, -0.00129418, -0.00118119, -0.00107793, -0.00098366, -0.00089759, -0.00081905, -0.00074740, -0.00068218, -0.00062269, -0.00056842, -0.00051892, -0.00047376, -0.00043256, -0.00030078, -0.00020930, -0.00014576, -0.00010170, -0.00007108, -0.00004976, -0.00003487, -0.00002447, -0.00001719, -0.00001208, -0.00000851, -0.00000599, -0.00000423, -0.00000298, -0.00000211
-0.00269010, -0.00314757, -0.00299480, -0.00277812, -0.00256806, -0.00236937, -0.00218746, -0.00202033, -0.00186618, -0.00172372, -0.00159186, -0.00146964, -0.00135616, -0.00125093, -0.00115323, -0.00106264, -0.00097867, -0.00090088, -0.00082890, -0.00075078, -0.00068807, -0.00063048, -0.00057755, -0.00052890, -0.00048423, -0.00044324, -0.00040565, -0.00037122, -0.00033969, -0.00031084, -0.00028444, -0.00026030, -0.00023823, -0.00021806, -0.00019963, -0.00018281, -0.00016744, -0.00015339, -0.00014054, -0.00012878, -0.00011802, -0.00008335, -0.00005896, -0.00004175, -0.00002960, -0.00002103, -0.00001496, -0.00001066, -0.00000761, -0.00000543, -0.00000389, -0.00000278, -0.00000199, -0.00000143, -0.00000103, -0.00000074
-0.00227127, -0.00350519, -0.00386519, -0.00389960, -0.00381194, -0.00366137, -0.00348520, -0.00329668, -0.00310449, -0.00291377, -0.00272748, -0.00254743, -0.00237519, -0.00221109, -0.00205572, -0.00190919, -0.00177129, -0.00164206, -0.00152129, -0.00138712, -0.00127961, -0.00118011, -0.00108806, -0.00100292, -0.00092421, -0.00085150, -0.00078440, -0.00072254, -0.00066555, -0.00061307, -0.00056478, -0.00052036, -0.00047950, -0.00044191, -0.00040735, -0.00037562, -0.00034643, -0.00031956, -0.00029483, -0.00027205, -0.00025107, -0.00018238, -0.00013270, -0.00009666, -0.00007046, -0.00005141, -0.00003756, -0.00002747, -0.00002011, -0.00001473, -0.00001080, -0.00000792, -0.00000582, -0.00000427, -0.00000314, -0.00000231
-0.00431169, -0.00668595, -0.00738545, -0.00745858, -0.00729580, -0.00701067, -0.00667492, -0.00631408, -0.00594501, -0.00557777, -0.00521818, -0.00486988, -0.00453615, -0.00421767, -0.00391582, -0.00363088, -0.00336256, -0.00311102, -0.00287597, -0.00261599, -0.00240711, -0.00221396, -0.00203548, -0.00187062, -0.00171844, -0.00157812, -0.00144890, -0.00133002, -0.00122075, -0.00112039, -0.00102828, -0.00094381, -0.00086632, -0.00079527, -0.00073013, -0.00067053, -0.00061588, -0.00056576, -0.00051978, -0.00047760, -0.00043889, -0.00031330, -0.00022394, -0.00016021, -0.00011471, -0.00008227, -0.00005908, -0.00004247, -0.00003057, -0.00002202, -0.00001587, -0.00001145, -0.00000827, -0.00000597, -0.00000432, -0.00000312
-0.00157282, -0.00406544, -0.00523966, -0.00567037, -0.00577632, -0.00570258, -0.00553619, -0.00531416, -0.00506112, -0.00479210, -0.00451641, -0.00424027, -0.00396923, -0.00370521, -0.00345108, -0.00320802, -0.00297656, -0.00275766, -0.00255160, -0.00232194, -0.00213660, -0.00196448, -0.00180492, -0.00165714, -0.00152043, -0.00139417, -0.00127777, -0.00117062, -0.00107210, -0.00098164, -0.00089866, -0.00082263, -0.00075297, -0.00068917, -0.00063078, -0.00057745, -0.00052865, -0.00048398, -0.00044311, -0.00040571, -0.00037148, -0.00026120, -0.00018376, -0.00012933, -0.00009113, -0.00006431, -0.00004545, -0.00003215, -0.00002277, -0.00001614, -0.00001145, -0.00000813, -0.00000578, -0.00000411, -0.00000293, -0.00000209
0.00120688, 0.00189232, 0.00206975, 0.00207183, 0.00201311, 0.00192485, 0.00182581, 0.00172233, 0.00161821, 0.00151566, 0.00141593, 0.00131979, 0.00122779, 0.00114017, 0.00105711, 0.00097869, 0.00090485, 0.00083557, 0.00077078, 0.00069948, 0.00064196, 0.00058879, 0.00053965, 0.00049429, 0.00045246, 0.00041395, 0.00037855, 0.00034604, 0.00031624, 0.00028893, 0.00026394, 0.00024108, 0.00022018, 0.00020109, 0.00018366, 0.00016776, 0.00015325, 0.00014000, 0.00012791, 0.00011686, 0.00010677, 0.00007444, 0.00005193, 0.00003624, 0.00002533, 0.00001774, 0.00001244, 0.00000873, 0.00000614, 0.00000432, 0.00000305, 0.00000215, 0.00000152, 0.00000107, 0.00000076, 0.00000054
-0.02272173, -0.03353269, -0.03614785, -0.03602872, -0.03495080, -0.03339478, -0.03166489, -0.02986126, -0.02804717, -0.02626002, -0.02452110, -0.02284351, -0.02123827, -0.01970867, -0.01825892, -0.01689043, -0.01560192, -0.01439366, -0.01326441, -0.01202416, -0.01102325, -0.01009862, -0.00924509, -0.00845792, -0.00773282, -0.00706592, -0.00645346, -0.00589178, -0.00537728, -0.00490651, -0.00447616, -0.00408310, -0.00372422, -0.00339670, -0.00309799, -0.00282608, -0.00257811, -0.00235198, -0.00214576, -0.00195770, -0.00178620, -0.00123833, -0.00085896, -0.00059614, -0.00041447, -0.00028868, -0.00020137, -0.00014065, -0.00009837, -0.00006887, -0.00004828, -0.00003388, -0.00002380, -0.00001674, -0.00001178, -0.00000831
-0.01554516, -0.02509157, -0.02823938, -0.02880544, -0.02836116, -0.02738108, -0.02616385, -0.02481996, -0.02342283, -0.02201652, -0.02062722, -0.01927177, -0.01796544, -0.01671233, -0.01551954, -0.01438936, -0.01332161, -0.01231797, -0.01137803, -0.01033860, -0.00950096, -0.00872565, -0.00800877, -0.00734640, -0.00673498, -0.00617142, -0.00565273, -0.00517595, -0.00473821, -0.00433669, -0.00396875, -0.00363188, -0.00332348, -0.00304124, -0.00278310, -0.00254745, -0.00233190, -0.00213473, -0.00195437, -0.00178937, -0.00163840, -0.00115231, -0.00081107, -0.00057119, -0.00040278, -0.00028450, -0.00020123, -0.00014251, -0.00010103, -0.00007169, -0.00005092, -0.00003620, -0.00002576, -0.00001835, -0.00001308, -0.00000933
0.00219425, 0.00309220, 0.00328089, 0.00324947, 0.00314240, 0.00299733, 0.00283927, 0.00267598, 0.00251260, 0.00235214, 0.00219630, 0.00204612, 0.00190258, 0.00176586, 0.00163634, 0.00151412, 0.00139903, 0.00129114, 0.00119031, 0.00107947, 0.00099005, 0.00090743, 0.00083115, 0.00076079, 0.00069595, 0.00063629, 0.00058148, 0.00053119, 0.00048511, 0.00044292, 0.00040433, 0.00036908, 0.00033687, 0.00030746, 0.00028062, 0.00025617, 0.00023386, 0.00021350, 0.00019492, 0.00017797, 0.00016250, 0.00011300, 0.00007862, 0.00005473, 0.00003817, 0.00002666, 0.00001865, 0.00001307, 0.00000916, 0.00000643, 0.00000452, 0.00000318, 0.00000224, 0.00000158, 0.00000112, 0.00000079
-0.00625150, -0.00981742, -0.01094780, -0.01113174, -0.01094990, -0.01057372, -0.01011277, -0.00960645, -0.00908095, -0.00855190, -0.00802848, -0.00751664, -0.00702202, -0.00654600, -0.00609137, -0.00565908, -0.00524918, -0.00486253, -0.00449916, -0.00409522, -0.00376906, -0.00346624, -0.00318544, -0.00292529, -0.00268455, -0.00246212, -0.00225697, -0.00206802, -0.00189422, -0.00173455, -0.00158802, -0.00145370, -0.00133058, -0.00121779, -0.00111454, -0.00102021, -0.00093387, -0.00085485, -0.00078253, -0.00071635, -0.00065578, -0.00046069, -0.00032377, -0.00022760, -0.00016014, -0.00011286, -0.00007965, -0.00005628, -0.00003981, -0.00002819, -0.00001998, -0.00001418, -0.00001007, -0.00000716, -0.00000509, -0.00000363
0.01207456, 0.01847753, 0.02031724, 0.02048509, 0.02002885, 0.01924841, 0.01833447, 0.01735366, 0.01634966, 0.01534850, 0.01436540, 0.01341007, 0.01249131, 0.01161148, 0.01077461, 0.00998203, 0.00923349, 0.00852989, 0.00787090, 0.00714401, 0.00655720, 0.00601416, 0.00551215, 0.00504849, 0.00462074, 0.00422677, 0.00386446, 0.00353176, 0.00322663, 0.00294710, 0.00269127, 0.00245738, 0.00224359, 0.00204826, 0.00186993, 0.00170742, 0.00155907, 0.00142365, 0.00130003, 0.00118718, 0.00108416, 0.00075433, 0.00052508, 0.00036566, 0.00025505, 0.00017820, 0.00012469, 0.00008736, 0.00006128, 0.00004303, 0.00003025, 0.00002129, 0.00001500, 0.00001058, 0.00000747, 0.00000528
-0.00944751, -0.01378150, -0.01478938, -0.01471077, -0.01425514, -0.01361211, -0.01290260, -0.01216568, -0.01142608, -0.01069836, -0.00999074, -0.00930830, -0.00865534, -0.00803308, -0.00744320, -0.00688622, -0.00636164, -0.00586956, -0.00540950, -0.00490409, -0.00449605, -0.00411900, -0.00377084, -0.00344968, -0.00315379, -0.00288159, -0.00263158, -0.00240227, -0.00219221, -0.00200000, -0.00182428, -0.00166378, -0.00151725, -0.00138354, -0.00126159, -0.00115059, -0.00104938, -0.00095710, -0.00087295, -0.00079623, -0.00072628, -0.00050293, -0.00034842, -0.00024150, -0.00016769, -0.00011664, -0.00008126, -0.00005669, -0.00003959, -0.00002769, -0.00001938, -0.00001359, -0.00000953, -0.00000670, -0.00000471, -0.00000332
-0.00750798, -0.01118057, -0.01212944, -0.01212689, -0.01178002, -0.01126004, -0.01067547, -0.01006352, -0.00944844, -0.00884448, -0.00825964, -0.00769860, -0.00716526, -0.00666015, -0.00618441, -0.00573788, -0.00531951, -0.00492895, -0.00456525, -0.00416231, -0.00384043, -0.00354327, -0.00326891, -0.00301554, -0.00278161, -0.00256576, -0.00236672, -0.00218330, -0.00201435, -0.00185877, -0.00171556, -0.00158378, -0.00146247, -0.00135078, -0.00124796, -0.00115348, -0.00106642, -0.00098618, -0.00091219, -0.00084393, -0.00078094, -0.00057363, -0.00042227, -0.00031133, -0.00022975, -0.00016967, -0.00012547, -0.00009287, -0.00006880, -0.00005100, -0.00003783, -0.00002808, -0.00002085, -0.00001549, -0.00001151, -0.00000856
-0.01782123, -0.02516850, -0.02651677, -0.02609131, -0.02509747, -0.02383700, -0.02250200, -0.02114949, -0.01981367, -0.01851430, -0.01726193, -0.01606257, -0.01492068, -0.01383762, -0.01281428, -0.01185084, -0.01094575, -0.01009828, -0.00930710, -0.00843909, -0.00773904, -0.00709265, -0.00649603, -0.00594583, -0.00543903, -0.00497286, -0.00454468, -0.00415188, -0.00379195, -0.00346248, -0.00316114, -0.00288573, -0.00263415, -0.00240441, -0.00219476, -0.00200379, -0.00182952, -0.00167048, -0.00152535, -0.00139289, -0.00127201, -0.00088509, -0.00061627, -0.00042931, -0.00029956, -0.00020940, -0.00014661, -0.00010278, -0.00007214, -0.00005070, -0.00003567, -0.00002512, -0.00001771, -0.00001250, -0.00000883, -0.00000625
-0.00804048, -0.01000331, -0.00990047, -0.00941763, -0.00886371, -0.00829064, -0.00773763, -0.00720909, -0.00670699, -0.00623197, -0.00578365, -0.00536125, -0.00496400, -0.00459117, -0.00424174, -0.00391503, -0.00360989, -0.00332552, -0.00306109, -0.00277266, -0.00254032, -0.00232632, -0.00212920, -0.00194774, -0.00178087, -0.00162760, -0.00148698, -0.00135812, -0.00124015, -0.00113224, -0.00103361, -0.00094351, -0.00086124, -0.00078615, -0.00071765, -0.00065527, -0.00059835, -0.00054642, -0.00049903, -0.00045579, -0.00041632, -0.00028999, -0.00020218, -0.00014104, -0.00009856, -0.00006900, -0.00004839, -0.00003398, -0.00002389, -0.00001682, -0.00001185, -0.00000836, -0.00000591, -0.00000418, -0.00000296, -0.00000210
0.00188159, 0.00258936, 0.00268682, 0.00261728, 0.00249819, 0.00235762, 0.00221326, 0.00207002, 0.00193067, 0.00179680, 0.00166916, 0.00154813, 0.00143386, 0.00132640, 0.00122559, 0.00113133, 0.00104336, 0.00096145, 0.00088536, 0.00080230, 0.00073559, 0.00067421, 0.00061773, 0.00056577, 0.00051801, 0.00047416, 0.00043394, 0.00039707, 0.00036331, 0.00033241, 0.00030414, 0.00027829, 0.00025466, 0.00023307, 0.00021333, 0.00019533, 0.00017888, 0.00016383, 0.00015008, 0.00013749, 0.00012598, 0.00008890, 0.00006283, 0.00004444, 0.00003148, 0.00002235, 0.00001589, 0.00001131, 0.00000806, 0.00000575, 0.00000410, 0.00000293, 0.00000210, 0.00000150, 0.00000108, 0.00000077
0.00694703, 0.01035536, 0.01127486, 0.01132150, 0.01104909, 0.01061189, 0.01010932, 0.00957490, 0.00903039, 0.00848863, 0.00795701, 0.00744021, 0.00694256, 0.00646522, 0.00601019, 0.00557823, 0.00516923, 0.00478376, 0.00442176, 0.00402059, 0.00369632, 0.00339547, 0.00311665, 0.00285849, 0.00261979, 0.00239945, 0.00219640, 0.00200957, 0.00183790, 0.00168036, 0.00153594, 0.00140370, 0.00128265, 0.00117190, 0.00107066, 0.00097830, 0.00089389, 0.00081676, 0.00074628, 0.00068188, 0.00062305, 0.00043433, 0.00030284, 0.00021119, 0.00014745, 0.00010312, 0.00007222, 0.00005064, 0.00003556, 0.00002499, 0.00001759, 0.00001239, 0.00000874, 0.00000617, 0.00000436, 0.00000308
-0.00165846, -0.00038317, 0.00061740, 0.00116217, 0.00146801, 0.00163188, 0.00171041, 0.00173221, 0.00171726, 0.00167790, 0.00162210, 0.00155537, 0.00148291, 0.00140644, 0.00132895, 0.00125167, 0.00117544, 0.00110150, 0.00103042, 0.00094762, 0.00088086, 0.00081793, 0.00075888, 0.00070354, 0.00065171, 0.00060329, 0.00055816, 0.00051617, 0.00047717, 0.00044101, 0.00040752, 0.00037657, 0.00034794, 0.00032147, 0.00029701, 0.00027446, 0.00025364, 0.00023440, 0.00021663, 0.00020021, 0.00018504, 0.00013508, 0.00009865, 0.00007208, 0.00005265, 0.00003849, 0.00002815, 0.00002061, 0.00001509, 0.00001106, 0.00000811, 0.00000595, 0.00000436, 0.00000320, 0.00000235, 0.00000173
-0.00365574, -0.00548320, -0.00595482, -0.00595569, -0.00578821, -0.00553689, -0.00525483, -0.00496010, -0.00466424, -0.00437396, -0.00409295, -0.00382335, -0.00356691, -0.00332382, -0.00309459, -0.00287910, -0.00267686, -0.00248767, -0.00231112, -0.00211403, -0.00195681, -0.00181129, -0.00167656, -0.00155180, -0.00143626, -0.00132933, -0.00123044, -0.00113901, -0.00105454, -0.00097650, -0.00090444, -0.00083792, -0.00077648, -0.00071973, -0.00066732, -0.00061899, -0.00057433, -0.00053301, -0.00049479, -0.00045942, -0.00042666, -0.00031795, -0.00023748, -0.00017766, -0.00013304, -0.00009969, -0.00007474, -0.00005609, -0.00004213, -0.00003166, -0.00002381, -0.00001791, -0.00001348, -0.00001015, -0.00000764, -0.00000576
0.00382055, 0.00544230, 0.00577662, 0.00570901, 0.00550631, 0.00523856, 0.00495058, 0.00465648, 0.00436509, 0.00408155, 0.00380858, 0.00354773, 0.00330019, 0.00306609, 0.00284564, 0.00263872, 0.00244482, 0.00226368, 0.00209488, 0.00190826, 0.00175881, 0.00162078, 0.00149328, 0.00137551, 0.00126679, 0.00116649, 0.00107404, 0.00098889, 0.00091052, 0.00083841, 0.00077210, 0.00071115, 0.00065511, 0.00060359, 0.00055625, 0.00051281, 0.00047286, 0.00043610, 0.00040228, 0.00037115, 0.00034248, 0.00024867, 0.00018088, 0.00013174, 0.00009602, 0.00007006, 0.00005119, 0.00003745, 0.00002742, 0.00002009, 0.00001473, 0.00001081, 0.00000793, 0.00000583, 0.00000428, 0.00000315
-0.01117024, -0.01506261, -0.01541721, -0.01489776, -0.01414766, -0.01330769, -0.01246651, -0.01164508, -0.01085372, -0.01009795, -0.00937999, -0.00870053, -0.00805905, -0.00745568, -0.00688899, -0.00635839, -0.00586245, -0.00539984, -0.00496938, -0.00449986, -0.00412157, -0.00377314, -0.00345214, -0.00315665, -0.00288499, -0.00263553, -0.00240675, -0.00219716, -0.00200536, -0.00182999, -0.00166975, -0.00152341, -0.00138985, -0.00126800, -0.00115689, -0.00105576, -0.00096353, -0.00087943, -0.00080272, -0.00073276, -0.00066894, -0.00046491, -0.00032339, -0.00022509, -0.00015695, -0.00010964, -0.00007672, -0.00005376, -0.00003772, -0.00002650, -0.00001864, -0.00001312, -0.00000925, -0.00000653, -0.00000461, -0.00000326
0.00606389, 0.00902390, 0.00975579, 0.00973127, 0.00943939, 0.00901459, 0.00854134, 0.00804798, 0.00755255, 0.00706569, 0.00659343, 0.00613937, 0.00570647, 0.00529542, 0.00490720, 0.00454194, 0.00419903, 0.00387834, 0.00357932, 0.00325032, 0.00298593, 0.00274193, 0.00251682, 0.00230924, 0.00211796, 0.00194190, 0.00178004, 0.00163138, 0.00149495, 0.00136986, 0.00125523, 0.00115025, 0.00105411, 0.00096609, 0.00088553, 0.00081193, 0.00074455, 0.00068285, 0.00062635, 0.00057459, 0.00052717, 0.00037390, 0.00026554, 0.00018875, 0.00013432, 0.00009575, 0.00006836, 0.00004886, 0.00003496, 0.00002503, 0.00001794, 0.00001287, 0.00000924, 0.00000664, 0.00000478, 0.00000344
-0.00499470, -0.00769938, -0.00848287, -0.00855300, -0.00835630, -0.00802231, -0.00763261, -0.00721615, -0.00679185, -0.00637093, -0.00595985, -0.00556259, -0.00518258, -0.00482057, -0.00447789, -0.00415476, -0.00385077, -0.00356596, -0.00329993, -0.00300518, -0.00276875, -0.00255010, -0.00234798, -0.00216119, -0.00198865, -0.00182944, -0.00168269, -0.00154754, -0.00142318, -0.00130881, -0.00120370, -0.00110715, -0.00101846, -0.00093699, -0.00086218, -0.00079361, -0.00073062, -0.00067274, -0.00061954, -0.00057063, -0.00052565, -0.00037898, -0.00027365, -0.00019781, -0.00014308, -0.00010363, -0.00007516, -0.00005458, -0.00003966, -0.00002885, -0.00002100, -0.00001529, -0.00001115, -0.00000813, -0.00000593, -0.00000433
-0.00249901, -0.00363263, -0.00386952, -0.00382635, -0.00369051, -0.00351058, -0.00331686, -0.00311885, -0.00292229, -0.00273053, -0.00254540, -0.00236797, -0.00219903, -0.00203883, -0.00188754, -0.00174522, -0.00161162, -0.00148663, -0.00137005, -0.00124220, -0.00113921, -0.00104418, -0.00095653, -0.00087574, -0.00080135, -0.00073295, -0.00067014, -0.00061253, -0.00055975, -0.00051143, -0.00046723, -0.00042682, -0.00038991, -0.00035618, -0.00032540, -0.00029734, -0.00027172, -0.00024833, -0.00022697, -0.00020747, -0.00018965, -0.00013251, -0.00009267, -0.00006485, -0.00004545, -0.00003192, -0.00002245, -0.00001581, -0.00001114, -0.00000786, -0.00000556, -0.00000393, -0.00000278, -0.00000197, -0.00000140, -0.00000099
-0.00168218, -0.00326030, -0.00394166, -0.00416686, -0.00419546, -0.00411451, -0.00397843, -0.00380932, -0.00362231, -0.00342658, -0.00322778, -0.00302967, -0.00283587, -0.00264739, -0.00246614, -0.00229283, -0.00212776, -0.00197160, -0.00182453, -0.00166056, -0.00152810, -0.00140501, -0.00129084, -0.00118504, -0.00108712, -0.00099664, -0.00091319, -0.00083635, -0.00076569, -0.00070079, -0.00064126, -0.00058672, -0.00053675, -0.00049100, -0.00044913, -0.00041090, -0.00037592, -0.00034392, -0.00031465, -0.00028788, -0.00026339, -0.00018461, -0.00012944, -0.00009078, -0.00006374, -0.00004482, -0.00003156, -0.00002225, -0.00001570, -0.00001109, -0.00000784, -0.00000555, -0.00000393, -0.00000279, -0.00000198, -0.00000141
-0.00046118, -0.00062987, -0.00065948, -0.00064916, -0.00062579, -0.00059598, -0.00056426, -0.00053191, -0.00049977, -0.00046831, -0.00043780, -0.00040840, -0.00038026, -0.00035340, -0.00032789, -0.00030376, -0.00028097, -0.00025954, -0.00023946, -0.00021732, -0.00019942, -0.00018283, -0.00016748, -0.00015330, -0.00014021, -0.00012814, -0.00011705, -0.00010686, -0.00009751, -0.00008895, -0.00008112, -0.00007396, -0.00006742, -0.00006146, -0.00005601, -0.00005105, -0.00004653, -0.00004241, -0.00003866, -0.00003523, -0.00003211, -0.00002216, -0.00001529, -0.00001055, -0.00000729, -0.00000505, -0.00000350, -0.00000243, -0.00000169, -0.00000118, -0.00000082, -0.00000057, -0.00000040, -0.00000028, -0.00000020, -0.00000014
-0.00694914, -0.01072445, -0.01177040, -0.01183615, -0.01154631, -0.01107650, -0.01053571, -0.00996161, -0.00937775, -0.00879810, -0.00823075, -0.00768078, -0.00715236, -0.00664704, -0.00616654, -0.00571164, -0.00528218, -0.00487844, -0.00450024, -0.00408347, -0.00374677, -0.00343516, -0.00314704, -0.00288090, -0.00263541, -0.00240933, -0.00220147, -0.00201063, -0.00183566, -0.00167543, -0.00152883, -0.00139484, -0.00127243, -0.00116066, -0.00105867, -0.00096580, -0.00088107, -0.00080378, -0.00073328, -0.00066897, -0.00061032, -0.00042291, -0.00029314, -0.00020326, -0.00014117, -0.00009822, -0.00006844, -0.00004775, -0.00003336, -0.00002333, -0.00001634, -0.00001145, -0.00000804, -0.00000565, -0.00000397, -0.00000280
0.00105386, -0.00039922, -0.00140663, -0.00191858, -0.00218211, -0.00230036, -0.00233393, -0.00231224, -0.00225553, -0.00217631, -0.00208260, -0.00197992, -0.00187341, -0.00176484, -0.00165711, -0.00155145, -0.00144868, -0.00134995, -0.00125582, -0.00114846, -0.00106165, -0.00098033, -0.00090442, -0.00083366, -0.00076778, -0.00070657, -0.00064983, -0.00059734, -0.00054886, -0.00050415, -0.00046297, -0.00042511, -0.00039029, -0.00035828, -0.00032888, -0.00030194, -0.00027720, -0.00025449, -0.00023363, -0.00021449, -0.00019692, -0.00013991, -0.00009942, -0.00007066, -0.00005025, -0.00003578, -0.00002550, -0.00001819, -0.00001299, -0.00000928, -0.00000664, -0.00000475, -0.00000340, -0.00000244, -0.00000175, -0.00000125
-0.00584941, -0.00939243, -0.01053291, -0.01072799, -0.01055896, -0.01019789, -0.00975289, -0.00926318, -0.00875443, -0.00824193, -0.00773473, -0.00723868, -0.00675913, -0.00629762, -0.00585679, -0.00543761, -0.00504022, -0.00466540, -0.00431320, -0.00392244, -0.00360666, -0.00331363, -0.00304204, -0.00279057, -0.00255802, -0.00234334, -0.00214549, -0.00196343, -0.00179613, -0.00164259, -0.00150182, -0.00137291, -0.00125488, -0.00114689, -0.00104815, -0.00095805, -0.00087568, -0.00080040, -0.00073159, -0.00066871, -0.00061124, -0.00042675, -0.00029803, -0.00020817, -0.00014558, -0.00010198, -0.00007154, -0.00005025, -0.00003533, -0.00002487, -0.00001753, -0.00001236, -0.00000873, -0.00000617, -0.00000437, -0.00000309
0.00291109, 0.00222945, 0.00134291, 0.00076747, 0.00038509, 0.00012402, -0.00005715, -0.00018227, -0.00026858, -0.00032685, -0.00036422, -0.00038581, -0.00039664, -0.00039835, -0.00039405, -0.00038506, -0.00037247, -0.00035771, -0.00034154, -0.00031936, -0.00030090, -0.00028247, -0.00026445, -0.00024695, -0.00023002, -0.00021379, -0.00019833, -0.00018369, -0.00016989, -0.00015695, -0.00014485, -0.00013362, -0.00012316, -0.00011344, -0.00010442, -0.00009610, -0.00008839, -0.00008128, -0.00007471, -0.00006864, -0.00006306, -0.00004479, -0.00003173, -0.00002243, -0.00001585, -0.00001120, -0.00000792, -0.00000560, -0.00000396, -0.00000280, -0.00000198, -0.00000140, -0.00000099, -0.00000070, -0.00000050, -0.00000035
-0.00758469, -0.00971342, -0.00975750, -0.00936015, -0.00886091, -0.00832513, -0.00779879, -0.00728994, -0.00680264, -0.00633878, -0.00589878, -0.00548241, -0.00508931, -0.00471903, -0.00437080, -0.00404413, -0.00373807, -0.00345196, -0.00318510, -0.00289215, -0.00265609, -0.00243805, -0.00223665, -0.00205074, -0.00187931, -0.00172143, -0.00157621, -0.00144280, -0.00132035, -0.00120808, -0.00110521, -0.00101102, -0.00092481, -0.00084595, -0.00077383, -0.00070802, -0.00064785, -0.00059282, -0.00054251, -0.00049649, -0.00045441, -0.00031904, -0.00022417, -0.00015760, -0.00011091, -0.00007820, -0.00005522, -0.00003904, -0.00002764, -0.00001959, -0.00001390, -0.00000987, -0.00000702, -0.00000500, -0.00000356, -0.00000254
0.00287644, 0.00467271, 0.00527715, 0.00539817, 0.00532958, 0.00515978, 0.00494467, 0.00470477, 0.00445367, 0.00419949, 0.00394702, 0.00369936, 0.00345947, 0.00322809, 0.00300672, 0.00279588, 0.00259565, 0.00240652, 0.00222855, 0.00203020, 0.00187000, 0.00172111, 0.00158290, 0.00145473, 0.00133599, 0.00122619, 0.00112482, 0.00103137, 0.00094534, 0.00086624, 0.00079359, 0.00072694, 0.00066580, 0.00060975, 0.00055841, 0.00051146, 0.00046847, 0.00042909, 0.00039302, 0.00036000, 0.00032976, 0.00023220, 0.00016355, 0.00011523, 0.00008124, 0.00005737, 0.00004057, 0.00002872, 0.00002036, 0.00001444, 0.00001026, 0.00000729, 0.00000519, 0.00000369, 0.00000263, 0.00000188
-0.00402773, -0.00551445, -0.00578311, -0.00569480, -0.00548729, -0.00522074, -0.00493614, -0.00464561, -0.00435730, -0.00407595, -0.00380414, -0.00354335, -0.00329508, -0.00305937, -0.00283675, -0.00262718, -0.00243026, -0.00224595, -0.00207394, -0.00188439, -0.00173193, -0.00159107, -0.00146101, -0.00134096, -0.00123024, -0.00112824, -0.00103439, -0.00094813, -0.00086893, -0.00079626, -0.00072963, -0.00066860, -0.00061269, -0.00056148, -0.00051460, -0.00047176, -0.00043254, -0.00039662, -0.00036372, -0.00033358, -0.00030597, -0.00021676, -0.00015373, -0.00010912, -0.00007753, -0.00005518, -0.00003933, -0.00002806, -0.00002005, -0.00001433, -0.00001026, -0.00000735, -0.00000527, -0.00000378, -0.00000271, -0.00000195
0.00316828, 0.00471994, 0.00510991, 0.00510226, 0.00495327, 0.00473366, 0.00448797, 0.00423117, 0.00397278, 0.00371843, 0.00347132, 0.00323338, 0.00300620, 0.00279021, 0.00258595, 0.00239354, 0.00221271, 0.00204344, 0.00188546, 0.00171165, 0.00157181, 0.00144269, 0.00132353, 0.00121361, 0.00111232, 0.00101908, 0.00093338, 0.00085468, 0.00078248, 0.00071630, 0.00065568, 0.00060020, 0.00054942, 0.00050297, 0.00046048, 0.00042169, 0.00038622, 0.00035376, 0.00032407, 0.00029690, 0.00027203, 0.00019188, 0.00013549, 0.00009574, 0.00006774, 0.00004802, 0.00003408, 0.00002422, 0.00001723, 0.00001227, 0.00000875, 0.00000624, 0.00000446, 0.00000319, 0.00000228, 0.00000163
-0.00361230, -0.00535190, -0.00576167, -0.00573127, -0.00554878, -0.00529186, -0.00500895, -0.00471598, -0.00442286, -0.00413542, -0.00385695, -0.00358939, -0.00333429, -0.00309209, -0.00286326, -0.00264791, -0.00244570, -0.00225654, -0.00208013, -0.00188651, -0.00173064, -0.00158684, -0.00145421, -0.00133198, -0.00121943, -0.00111593, -0.00102087, -0.00093367, -0.00085375, -0.00078057, -0.00071361, -0.00065238, -0.00059641, -0.00054525, -0.00049853, -0.00045592, -0.00041700, -0.00038143, -0.00034893, -0.00031923, -0.00029208, -0.00020486, -0.00014382, -0.00010105, -0.00007110, -0.00005012, -0.00003538, -0.00002501, -0.00001770, -0.00001254, -0.00000889, -0.00000631, -0.00000448, -0.00000319, -0.00000227, -0.00000162
-0.01581830, -0.01981374, -0.01954300, -0.01849569, -0.01732094, -0.01612720, -0.01498945, -0.01391491, -0.01290442, -0.01195726, -0.01107112, -0.01024318, -0.00946970, -0.00874899, -0.00807735, -0.00745278, -0.00687245, -0.00633378, -0.00583457, -0.00529071, -0.00485444, -0.00445341, -0.00408441, -0.00374498, -0.00343299, -0.00314644, -0.00288344, -0.00264224, -0.00242117, -0.00221866, -0.00203320, -0.00186339, -0.00170797, -0.00156574, -0.00143561, -0.00131676, -0.00120796, -0.00110834, -0.00101711, -0.00093354, -0.00085696, -0.00060931, -0.00043396, -0.00030942, -0.00022085, -0.00015793, -0.00011312, -0.00008113, -0.00005825, -0.00004187, -0.00003012, -0.00002169, -0.00001563, -0.00001128, -0.00000814, -0.00000588
-0.00454219, -0.00719005, -0.00801554, -0.00813606, -0.00798694, -0.00769631, -0.00734475, -0.00696134, -0.00656515, -0.00616759, -0.00577545, -0.00539308, -0.00502442, -0.00467066, -0.00433364, -0.00401406, -0.00371194, -0.00342775, -0.00316145, -0.00286784, -0.00263063, -0.00241109, -0.00220817, -0.00202079, -0.00184797, -0.00168887, -0.00154263, -0.00140841, -0.00128539, -0.00117278, -0.00106979, -0.00097571, -0.00088979, -0.00081136, -0.00073983, -0.00067470, -0.00061531, -0.00056116, -0.00051177, -0.00046674, -0.00042568, -0.00029460, -0.00020394, -0.00014125, -0.00009800, -0.00006811, -0.00004741, -0.00003304, -0.00002305, -0.00001611, -0.00001126, -0.00000789, -0.00000553, -0.00000388, -0.00000273, -0.00000192
0.00032179, 0.00035330, 0.00030582, 0.00026054, 0.00022343, 0.00019296, 0.00016792, 0.00014717, 0.00012965, 0.00011471, 0.00010187, 0.00009078, 0.00008102, 0.00007251, 0.00006496, 0.00005829, 0.00005238, 0.00004710, 0.00004237, 0.00003758, 0.00003377, 0.00003037, 0.00002731, 0.00002457, 0.00002211, 0.00001992, 0.00001795, 0.00001618, 0.00001459, 0.00001317, 0.00001189, 0.00001073, 0.00000969, 0.00000876, 0.00000792, 0.00000716, 0.00000649, 0.00000587, 0.00000532, 0.00000482, 0.00000437, 0.00000297, 0.00000202, 0.00000138, 0.00000095, 0.00000065, 0.00000045, 0.00000031, 0.00000022, 0.00000015, 0.00000011, 0.00000007, 0.00000005, 0.00000004, 0.00000003, 0.00000002
0.00902781, 0.01302889, 0.01392050, 0.01381345, 0.01336352, 0.01274478, 0.01206861, 0.01137058, 0.01067316, 0.00998950, 0.00932691, 0.00868977, 0.00808171, 0.00750361, 0.00695668, 0.00644117, 0.00595634, 0.00550207, 0.00507772, 0.00461054, 0.00423426, 0.00388654, 0.00356538, 0.00326895, 0.00299561, 0.00274391, 0.00251243, 0.00229980, 0.00210470, 0.00192584, 0.00176200, 0.00161204, 0.00147480, 0.00134926, 0.00123448, 0.00112973, 0.00103395, 0.00094636, 0.00086626, 0.00079300, 0.00072599, 0.00051033, 0.00035905, 0.00025277, 0.00017817, 0.00012581, 0.00008897, 0.00006299, 0.00004465, 0.00003168, 0.00002251, 0.00001600, 0.00001139, 0.00000811, 0.00000578, 0.00000413
0.00713527, 0.01144117, 0.01286671, 0.01312873, 0.01293285, 0.01249280, 0.01194421, 0.01133723, 0.01070552, 0.01006925, 0.00944038, 0.00882659, 0.00823499, 0.00766729, 0.00712683, 0.00661458, 0.00613041, 0.00567514, 0.00524857, 0.00477547, 0.00439459, 0.00404177, 0.00371527, 0.00341331, 0.00313427, 0.00287677, 0.00263948, 0.00242108, 0.00222029, 0.00203585, 0.00186658, 0.00171139, 0.00156907, 0.00143863, 0.00131912, 0.00120983, 0.00110969, 0.00101793, 0.00093384, 0.00085676, 0.00078611, 0.00055756, 0.00039583, 0.00028119, 0.00019993, 0.00014238, 0.00010154, 0.00007249, 0.00005181, 0.00003706, 0.00002653, 0.00001901, 0.00001363, 0.00000979, 0.00000703, 0.00000505
-0.01299852, -0.01743106, -0.01789719, -0.01735047, -0.01651728, -0.01556279, -0.01459469, -0.01364025, -0.01271512, -0.01182808, -0.01098322, -0.01018241, -0.00942646, -0.00871533, -0.00804813, -0.00742413, -0.00684152, -0.00629898, -0.00579499, -0.00524574, -0.00480404, -0.00439774, -0.00402398, -0.00368033, -0.00336467, -0.00307504, -0.00280958, -0.00256650, -0.00234413, -0.00214085, -0.00195512, -0.00178552, -0.00163070, -0.00148940, -0.00136050, -0.00124310, -0.00113598, -0.00103821, -0.00094896, -0.00086748, -0.00079309, -0.00055459, -0.00038828, -0.00027208, -0.00019100, -0.00013434, -0.00009464, -0.00006676, -0.00004715, -0.00003333, -0.00002359, -0.00001671, -0.00001185, -0.00000841, -0.00000598, -0.00000425
0.00394491, 0.00741754, 0.00888293, 0.00934947, 0.00938798, 0.00918884, 0.00887161, 0.00848455, 0.00806075, 0.00762026, 0.00717531, 0.00673397, 0.00630394, 0.00588715, 0.00548758, 0.00510652, 0.00474436, 0.00440236, 0.00408074, 0.00372117, 0.00343169, 0.00316275, 0.00291327, 0.00268197, 0.00246769, 0.00226947, 0.00208639, 0.00191751, 0.00176191, 0.00161868, 0.00148697, 0.00136599, 0.00125482, 0.00115272, 0.00105899, 0.00097312, 0.00089428, 0.00082190, 0.00075543, 0.00069440, 0.00063834, 0.00045617, 0.00032628, 0.00023352, 0.00016722, 0.00011992, 0.00008610, 0.00006189, 0.00004452, 0.00003206, 0.00002310, 0.00001666, 0.00001202, 0.00000868, 0.00000627, 0.00000454
-0.00953014, -0.01440585, -0.01573447, -0.01580745, -0.01542280, -0.01480394, -0.01409275, -0.01333756, -0.01256950, -0.01180689, -0.01106026, -0.01033619, -0.00964053, -0.00897482, -0.00834160, -0.00774172, -0.00717483, -0.00664145, -0.00614128, -0.00558700, -0.00513992, -0.00472546, -0.00434158, -0.00398629, -0.00365784, -0.00335464, -0.00307518, -0.00281794, -0.00258145, -0.00236427, -0.00216500, -0.00198235, -0.00181496, -0.00166163, -0.00152127, -0.00139303, -0.00127564, -0.00116820, -0.00106985, -0.00097982, -0.00089741, -0.00063176, -0.00044501, -0.00031359, -0.00022117, -0.00015625, -0.00011055, -0.00007831, -0.00005553, -0.00003942, -0.00002801, -0.00001992, -0.00001418, -0.00001011, -0.00000721, -0.00000515
-0.00334653, -0.00496812, -0.00536570, -0.00535506, -0.00520156, -0.00497667, -0.00472559, -0.00446310, -0.00419851, -0.00393729, -0.00368253, -0.00343615, -0.00319982, -0.00297403, -0.00275948, -0.00255643, -0.00236474, -0.00218454, -0.00201572, -0.00182960, -0.00167920, -0.00153997, -0.00141120, -0.00129221, -0.00118241, -0.00108125, -0.00098821, -0.00090276, -0.00082439, -0.00075259, -0.00068689, -0.00062682, -0.00057193, -0.00052179, -0.00047602, -0.00043434, -0.00039630, -0.00036160, -0.00032993, -0.00030104, -0.00027469, -0.00019045, -0.00013208, -0.00009163, -0.00006366, -0.00004431, -0.00003089, -0.00002156, -0.00001507, -0.00001054, -0.00000738, -0.00000518, -0.00000364, -0.00000256, -0.00000180, -0.00000127
-0.00726320, -0.01078760, -0.01168783, -0.01169029, -0.01137170, -0.01089065, -0.01034822, -0.00977814, -0.00920202, -0.00863259, -0.00807711, -0.00754001, -0.00702524, -0.00653378, -0.00606722, -0.00562604, -0.00520984, -0.00481885, -0.00445274, -0.00404799, -0.00372170, -0.00341957, -0.00314003, -0.00288158, -0.00264287, -0.00242272, -0.00221997, -0.00203349, -0.00186217, -0.00170494, -0.00156077, -0.00142869, -0.00130771, -0.00119694, -0.00109559, -0.00100303, -0.00091834, -0.00084084, -0.00076992, -0.00070503, -0.00064564, -0.00045432, -0.00031991, -0.00022538, -0.00015894, -0.00011228, -0.00007943, -0.00005626, -0.00003989, -0.00002832, -0.00002012, -0.00001431, -0.00001019, -0.00000726, -0.00000518, -0.00000370
-0.00869604, -0.01340362, -0.01473426, -0.01483633, -0.01448660, -0.01390566, -0.01323147, -0.01251212, -0.01177828, -0.01104819, -0.01033254, -0.00963809, -0.00897061, -0.00833206, -0.00772492, -0.00715023, -0.00660781, -0.00609816, -0.00562103, -0.00509611, -0.00467199, -0.00427979, -0.00391745, -0.00358305, -0.00327485, -0.00299127, -0.00273076, -0.00249181, -0.00227293, -0.00207265, -0.00188960, -0.00172245, -0.00156988, -0.00143069, -0.00130380, -0.00118835, -0.00108312, -0.00098722, -0.00089982, -0.00082017, -0.00074759, -0.00051617, -0.00035650, -0.00024634, -0.00017053, -0.00011826, -0.00008213, -0.00005712, -0.00003978, -0.00002773, -0.00001936, -0.00001353, -0.00000946, -0.00000663, -0.00000465, -0.00000326
-0.00757776, -0.01071046, -0.01125664, -0.01104046, -0.01058372, -0.01001795, -0.00942524, -0.00883019, -0.00824737, -0.00768514, -0.00714778, -0.00663751, -0.00615556, -0.00570212, -0.00527686, -0.00487931, -0.00450828, -0.00416287, -0.00384206, -0.00349015, -0.00320835, -0.00294891, -0.00270994, -0.00248987, -0.00228729, -0.00210097, -0.00192971, -0.00177242, -0.00162802, -0.00149553, -0.00137400, -0.00126256, -0.00116036, -0.00106664, -0.00098071, -0.00090206, -0.00082991, -0.00076368, -0.00070288, -0.00064704, -0.00059575, -0.00042878, -0.00030921, -0.00022327, -0.00016137, -0.00011682, -0.00008469, -0.00006147, -0.00004466, -0.00003247, -0.00002363, -0.00001721, -0.00001254, -0.00000914, -0.00000667, -0.00000487
-0.00202082, -0.00392151, -0.00467331, -0.00488540, -0.00487660, -0.00474965, -0.00456649, -0.00435187, -0.00412196, -0.00388648, -0.00365130, -0.00342021, -0.00319647, -0.00298109, -0.00277560, -0.00258051, -0.00239590, -0.00222211, -0.00205913, -0.00187744, -0.00173149, -0.00159616, -0.00147077, -0.00135465, -0.00124718, -0.00114786, -0.00105617, -0.00097162, -0.00089373, -0.00082203, -0.00075608, -0.00069547, -0.00063975, -0.00058854, -0.00054150, -0.00049837, -0.00045873, -0.00042230, -0.00038881, -0.00035802, -0.00032971, -0.00023738, -0.00017112, -0.00012347, -0.00008913, -0.00006443, -0.00004663, -0.00003379, -0.00002450, -0.00001778, -0.00001292, -0.00000939, -0.00000683, -0.00000497, -0.00000362, -0.00000264
0.00177694, 0.00306422, 0.00355613, 0.00369146, 0.00367980, 0.00358743, 0.00345638, 0.00330278, 0.00313758, 0.00296732, 0.00279598, 0.00262617, 0.00246047, 0.00229954, 0.00214477, 0.00199668, 0.00185545, 0.00172161, 0.00159531, 0.00145404, 0.00133976, 0.00123334, 0.00113442, 0.00104255, 0.00095735, 0.00087848, 0.00080561, 0.00073839, 0.00067649, 0.00061955, 0.00056724, 0.00051926, 0.00047525, 0.00043491, 0.00039797, 0.00036420, 0.00033328, 0.00030498, 0.00027908, 0.00025537, 0.00023367, 0.00016382, 0.00011485, 0.00008053, 0.00005650, 0.00003971, 0.00002794, 0.00001968, 0.00001388, 0.00000980, 0.00000693, 0.00000490, 0.00000347, 0.00000246, 0.00000175, 0.00000124
-0.00287559, -0.00384353, -0.00391635, -0.00377372, -0.00357660, -0.00335933, -0.00314339, -0.00293360, -0.00273203, -0.00253976, -0.00235720, -0.00218441, -0.00202111, -0.00186742, -0.00172291, -0.00158747, -0.00146080, -0.00134257, -0.00123250, -0.00111301, -0.00101642, -0.00092752, -0.00084569, -0.00077046, -0.00070142, -0.00063815, -0.00058026, -0.00052737, -0.00047911, -0.00043512, -0.00039507, -0.00035861, -0.00032547, -0.00029536, -0.00026802, -0.00024324, -0.00022075, -0.00020034, -0.00018181, -0.00016500, -0.00014974, -0.00010159, -0.00006894, -0.00004682, -0.00003187, -0.00002174, -0.00001485, -0.00001017, -0.00000697, -0.00000478, -0.00000329, -0.00000226, -0.00000156, -0.00000108, -0.00000075, -0.00000052
-0.01180392, -0.01515116, -0.01516015, -0.01447857, -0.01364973, -0.01277573, -0.01192528, -0.01110946, -0.01033254, -0.00959634, -0.00890079, -0.00824510, -0.00762767, -0.00704809, -0.00650448, -0.00599604, -0.00552122, -0.00507863, -0.00466704, -0.00421965, -0.00385867, -0.00352644, -0.00322062, -0.00293937, -0.00268108, -0.00244420, -0.00222723, -0.00202875, -0.00184740, -0.00168185, -0.00153085, -0.00139321, -0.00126782, -0.00115367, -0.00104979, -0.00095545, -0.00086961, -0.00079151, -0.00072045, -0.00065580, -0.00059698, -0.00041009, -0.00028187, -0.00019388, -0.00013363, -0.00009228, -0.00006384, -0.00004423, -0.00003069, -0.00002132, -0.00001483, -0.00001033, -0.00000720, -0.00000503, -0.00000352, -0.00000246
-0.00012282, -0.00063127, -0.00089846, -0.00100876, -0.00104811, -0.00104768, -0.00102593, -0.00099101, -0.00094838, -0.00090138, -0.00085211, -0.00080199, -0.00075227, -0.00070342, -0.00065610, -0.00061062, -0.00056712, -0.00052584, -0.00048688, -0.00044330, -0.00040809, -0.00037534, -0.00034495, -0.00031676, -0.00029066, -0.00026654, -0.00024429, -0.00022379, -0.00020493, -0.00018761, -0.00017172, -0.00015716, -0.00014382, -0.00013160, -0.00012041, -0.00011019, -0.00010085, -0.00009229, -0.00008446, -0.00007730, -0.00007075, -0.00004966, -0.00003487, -0.00002449, -0.00001722, -0.00001213, -0.00000855, -0.00000604, -0.00000427, -0.00000302, -0.00000214, -0.00000151, -0.00000107, -0.00000076, -0.00000054, -0.00000038
0.00660569, 0.00780526, 0.00744174, 0.00689689, 0.00636259, 0.00585593, 0.00539201, 0.00496660, 0.00457545, 0.00421546, 0.00388383, 0.00357815, 0.00329578, 0.00303546, 0.00279505, 0.00257332, 0.00236885, 0.00218028, 0.00200652, 0.00181834, 0.00166800, 0.00153035, 0.00140409, 0.00128825, 0.00118203, 0.00108465, 0.00099540, 0.00091363, 0.00083873, 0.00077014, 0.00070732, 0.00064977, 0.00059706, 0.00054878, 0.00050456, 0.00046412, 0.00042705, 0.00039304, 0.00036183, 0.00033318, 0.00030687, 0.00022125, 0.00015991, 0.00011578, 0.00008392, 0.00006093, 0.00004431, 0.00003227, 0.00002352, 0.00001717, 0.00001254, 0.00000916, 0.00000670, 0.00000491, 0.00000359, 0.00000263
-0.00343403, -0.00697670, -0.00849434, -0.00898902, -0.00904957, -0.00887172, -0.00857531, -0.00820910, -0.00780564, -0.00738463, -0.00695810, -0.00653399, -0.00611961, -0.00571720, -0.00533051, -0.00496101, -0.00460923, -0.00427644, -0.00396297, -0.00361250, -0.00332977, -0.00306686, -0.00282277, -0.00259633, -0.00238648, -0.00219235, -0.00201305, -0.00184769, -0.00169538, -0.00155525, -0.00142647, -0.00130826, -0.00119974, -0.00110016, -0.00100886, -0.00092531, -0.00084870, -0.00077847, -0.00071408, -0.00065504, -0.00060090, -0.00042573, -0.00030178, -0.00021401, -0.00015186, -0.00010792, -0.00007679, -0.00005471, -0.00003901, -0.00002784, -0.00001989, -0.00001422, -0.00001018, -0.00000729, -0.00000522, -0.00000375
0.00117282, 0.00204510, 0.00238190, 0.00247381, 0.00246387, 0.00239810, 0.00230559, 0.00219769, 0.00208218, 0.00196377, 0.00184529, 0.00172860, 0.00161545, 0.00150629, 0.00140198, 0.00130280, 0.00120880, 0.00112023, 0.00103710, 0.00094456, 0.00087006, 0.00080096, 0.00073696, 0.00067770, 0.00062288, 0.00057225, 0.00052554, 0.00048250, 0.00044290, 0.00040650, 0.00037305, 0.00034237, 0.00031420, 0.00028836, 0.00026466, 0.00024297, 0.00022308, 0.00020484, 0.00018810, 0.00017274, 0.00015866, 0.00011297, 0.00008052, 0.00005743, 0.00004099, 0.00002930, 0.00002097, 0.00001503, 0.00001078, 0.00000774, 0.00000556, 0.00000400, 0.00000288, 0.00000207, 0.00000149, 0.00000108
-0.00218859, 0.00042355, 0.00231424, 0.00330410, 0.00383277, 0.00408855, 0.00418329, 0.00417167, 0.00409197, 0.00396774, 0.00381409, 0.00364143, 0.00345982, 0.00327234, 0.00308479, 0.00289948, 0.00271800, 0.00254273, 0.00237479, 0.00218069, 0.00202393, 0.00187641, 0.00173816, 0.00160874, 0.00148769, 0.00137474, 0.00126960, 0.00117190, 0.00108128, 0.00099735, 0.00091973, 0.00084810, 0.00078193, 0.00072086, 0.00066452, 0.00061268, 0.00056487, 0.00052080, 0.00048017, 0.00044271, 0.00040818, 0.00029502, 0.00021327, 0.00015421, 0.00011149, 0.00008067, 0.00005842, 0.00004234, 0.00003071, 0.00002229, 0.00001619, 0.00001176, 0.00000855, 0.00000622, 0.00000453, 0.00000330
-0.00430134, -0.00540776, -0.00535687, -0.00508364, -0.00476957, -0.00444664, -0.00413667, -0.00384237, -0.00356433, -0.00330261, -0.00305683, -0.00282639, -0.00261037, -0.00240854, -0.00221996, -0.00204422, -0.00188068, -0.00172867, -0.00158768, -0.00143487, -0.00131181, -0.00119877, -0.00109486, -0.00099943, -0.00091189, -0.00083168, -0.00075827, -0.00069115, -0.00062984, -0.00057389, -0.00052285, -0.00047631, -0.00043391, -0.00039529, -0.00036013, -0.00032818, -0.00029909, -0.00027260, -0.00024848, -0.00022651, -0.00020650, -0.00014275, -0.00009878, -0.00006841, -0.00004747, -0.00003301, -0.00002299, -0.00001604, -0.00001120, -0.00000784, -0.00000549, -0.00000385, -0.00000270, -0.00000190, -0.00000134, -0.00000094
-0.00989685, -0.01643003, -0.01875223, -0.01930951, -0.01916369, -0.01863763, -0.01793610, -0.01713477, -0.01628375, -0.01541273, -0.01453933, -0.01367516, -0.01283160, -0.01201170, -0.01122170, -0.01046410, -0.00973989, -0.00905164, -0.00840029, -0.00766869, -0.00707581, -0.00652222, -0.00600621, -0.00552583, -0.00507927, -0.00466501, -0.00428147, -0.00392704, -0.00360005, -0.00329883, -0.00302172, -0.00276717, -0.00253342, -0.00231894, -0.00212232, -0.00194247, -0.00177770, -0.00162678, -0.00148858, -0.00136204, -0.00124621, -0.00087307, -0.00061145, -0.00042815, -0.00029989, -0.00021036, -0.00014776, -0.00010391, -0.00007316, -0.00005157, -0.00003639, -0.00002570, -0.00001818, -0.00001287, -0.00000912, -0.00000647
