0.01000000, 0.05000000, 0.10000000, 0.15000000, 0.20000000, 0.25000000, 0.30000000, 0.35000000, 0.40000000, 0.45000000, 0.50000000, 0.55000000, 0.60000000, 0.65000000, 0.70000000, 0.75000000, 0.80000000, 0.85000000, 0.90000000, 0.95000000, 1.00000000, 1.05000000, 1.10000000, 1.15000000, 1.20000000, 1.25000000, 1.30000000, 1.35000000, 1.40000000, 1.45000000, 1.50000000, 1.55000000, 1.60000000, 1.65000000, 1.70000000, 1.75000000, 1.80000000, 1.85000000, 1.90000000, 1.95000000, 2.00000000, 2.20000000, 2.40000000, 2.60000000, 2.80000000, 3.00000000, 3.20000000, 3.40000000, 3.60000000, 3.80000000, 4.00000000, 4.20000000, 4.40000000, 4.60000000, 4.80000000, 5.00000000
0.00448921, 0.01292426, 0.01985868, 0.02495948, 0.02894729, 0.03224011, 0.03496188, 0.03723778, 0.03915129, 0.04075707, 0.04209450, 0.04319349, 0.04408613, 0.04478469, 0.04531337, 0.04568454, 0.04591033, 0.04600654, 0.04598471, 0.04588503, 0.04564498, 0.04531133, 0.04489628, 0.04440774, 0.04385251, 0.04323843, 0.04257284, 0.04186261, 0.04111415, 0.04033342, 0.03952634, 0.03869882, 0.03785397, 0.03699598, 0.03612877, 0.03525642, 0.03438133, 0.03350622, 0.03263351, 0.03176537, 0.03090371, 0.02755284, 0.02440868, 0.02151489, 0.01888722, 0.01652667, 0.01442345, 0.01256113, 0.01091963, 0.00947721, 0.00821184, 0.00710212, 0.00613410, 0.00529399, 0.00456614, 0.00393659
0.00514568, 0.01426073, 0.02150318, 0.02674489, 0.03080486, 0.03414046, 0.03688497, 0.03917280, 0.04109082, 0.04269590, 0.04402907, 0.04512136, 0.04600393, 0.04669086, 0.04720525, 0.04756001, 0.04776772, 0.04784348, 0.04779880, 0.04767677, 0.04741011, 0.04704796, 0.04660217, 0.04608101, 0.04549173, 0.04484229, 0.04414020, 0.04339250, 0.04260577, 0.04178612, 0.04093956, 0.04007197, 0.03918692, 0.03828873, 0.03738146, 0.03646933, 0.03555481, 0.03464071, 0.03372956, 0.03282357, 0.03192473, 0.02843280, 0.02516123, 0.02215428, 0.01942787, 0.01698208, 0.01480584, 0.01288128, 0.01118685, 0.00969936, 0.00839540, 0.00725277, 0.00625826, 0.00539611, 0.00464999, 0.00400538
0.00317354, 0.00922291, 0.01424963, 0.01796760, 0.02088372, 0.02329610, 0.02529347, 0.02696561, 0.02837326, 0.02955617, 0.03054291, 0.03135520, 0.03201704, 0.03253679, 0.03293267, 0.03321351, 0.03338805, 0.03346810, 0.03346211, 0.03339992, 0.03323461, 0.03300086, 0.03270775, 0.03236095, 0.03196527, 0.03152640, 0.03104970, 0.03054015, 0.03000241, 0.02944080, 0.02885968, 0.02826342, 0.02765414, 0.02703490, 0.02640856, 0.02577808, 0.02514523, 0.02451199, 0.02388013, 0.02325125, 0.02262675, 0.02019523, 0.01790972, 0.01580291, 0.01388694, 0.01216331, 0.01062556, 0.00926233, 0.00805951, 0.00700170, 0.00607323, 0.00525875, 0.00454626, 0.00392723, 0.00339034, 0.00292542
0.00567491, 0.01621186, 0.02486776, 0.03124915, 0.03624655, 0.04037660, 0.04379188, 0.04664712, 0.04904584, 0.05105601, 0.05272685, 0.05409598, 0.05520428, 0.05606736, 0.05671636, 0.05716727, 0.05743578, 0.05754235, 0.05750187, 0.05736248, 0.05705095, 0.05662392, 0.05609691, 0.05547984, 0.05478122, 0.05401083, 0.05317780, 0.05229065, 0.05135729, 0.05038501, 0.04938113, 0.04835289, 0.04730397, 0.04623947, 0.04516414, 0.04408293, 0.04299872, 0.04191478, 0.04083404, 0.03975908, 0.03869222, 0.03454289, 0.03064686, 0.02705684, 0.02379196, 0.02085388, 0.01823126, 0.01590479, 0.01385063, 0.01204290, 0.01045525, 0.00906197, 0.00784138, 0.00677962, 0.00585785, 0.00505887
-0.01217297, -0.02626780, -0.03465828, -0.03993385, -0.04368664, -0.04662704, -0.04892896, -0.05077242, -0.05225036, -0.05342416, -0.05433975, -0.05503199, -0.05552080, -0.05583413, -0.05598489, -0.05599056, -0.05586714, -0.05562399, -0.05527237, -0.05486432, -0.05432247, -0.05370025, -0.05300527, -0.05224698, -0.05143453, -0.05057518, -0.04967568, -0.04874233, -0.04778096, -0.04679694, -0.04579482, -0.04477834, -0.04375287, -0.04272207, -0.04168934, -0.04065836, -0.03963100, -0.03860956, -0.03759606, -0.03659230, -0.03559985, -0.03176811, -0.02819871, -0.02492213, -0.02194989, -0.01927755, -0.01689167, -0.01477335, -0.01290077, -0.01125094, -0.00980087, -0.00852837, -0.00741249, -0.00643390, -0.00557947, -0.00483612
0.00368712, 0.01027463, 0.01555769, 0.01940527, 0.02239789, 0.02486304, 0.02689621, 0.02859391, 0.03001927, 0.03121353, 0.03220639, 0.03302036, 0.03367885, 0.03419155, 0.03457603, 0.03484166, 0.03499763, 0.03505547, 0.03502383, 0.03493242, 0.03473529, 0.03446725, 0.03413736, 0.03375170, 0.03331559, 0.03283499, 0.03231552, 0.03176245, 0.03118066, 0.03057474, 0.02994917, 0.02930840, 0.02865496, 0.02799206, 0.02732268, 0.02664998, 0.02597575, 0.02530209, 0.02463083, 0.02396363, 0.02330193, 0.02073353, 0.01833058, 0.01612507, 0.01412786, 0.01233835, 0.01074780, 0.00934255, 0.00810627, 0.00702153, 0.00607077, 0.00523866, 0.00451619, 0.00389050, 0.00334962, 0.00288286
0.00447108, 0.01344956, 0.02111353, 0.02685365, 0.03138697, 0.03514968, 0.03827359, 0.04089241, 0.04309869, 0.04495328, 0.04650011, 0.04777288, 0.04881031, 0.04962487, 0.05024637, 0.05068881, 0.05096608, 0.05109755, 0.05109681, 0.05100793, 0.05076294, 0.05041370, 0.04997472, 0.04945465, 0.04886072, 0.04820169, 0.04748572, 0.04672040, 0.04591276, 0.04506932, 0.04419669, 0.04330155, 0.04238680, 0.04145698, 0.04051632, 0.03956924, 0.03861834, 0.03766654, 0.03671647, 0.03577048, 0.03483064, 0.03116650, 0.02771373, 0.02452190, 0.02160992, 0.01898156, 0.01662883, 0.01453635, 0.01268450, 0.01105157, 0.00961522, 0.00835351, 0.00724550, 0.00627687, 0.00543411, 0.00470189
0.00152467, 0.00470451, 0.00745856, 0.00953130, 0.01117224, 0.01253594, 0.01366959, 0.01462098, 0.01542343, 0.01609886, 0.01666304, 0.01712805, 0.01750795, 0.01780706, 0.01803620, 0.01820037, 0.01830451, 0.01835565, 0.01835870, 0.01832923, 0.01824322, 0.01811919, 0.01796241, 0.01777603, 0.01756266, 0.01732548, 0.01706746, 0.01679140, 0.01649984, 0.01619519, 0.01587985, 0.01555628, 0.01522553, 0.01488927, 0.01454904, 0.01420647, 0.01386250, 0.01351822, 0.01317457, 0.01283243, 0.01249254, 0.01116794, 0.00992077, 0.00876904, 0.00771948, 0.00677329, 0.00592736, 0.00517590, 0.00451159, 0.00392637, 0.00341200, 0.00296036, 0.00256411, 0.00221879, 0.00191870, 0.00165831
0.00457429, 0.01282615, 0.01946348, 0.02430155, 0.02806439, 0.03116179, 0.03371387, 0.03584211, 0.03762581, 0.03911715, 0.04035397, 0.04136515, 0.04218037, 0.04281271, 0.04328450, 0.04360810, 0.04379553, 0.04386146, 0.04381696, 0.04369995, 0.04345261, 0.04311865, 0.04270928, 0.04223210, 0.04169373, 0.04110149, 0.04046223, 0.03978235, 0.03906777, 0.03832401, 0.03755648, 0.03677049, 0.03596910, 0.03515615, 0.03433522, 0.03351007, 0.03268284, 0.03185604, 0.03103185, 0.03021226, 0.02939900, 0.02623731, 0.02327033, 0.02053756, 0.01805355, 0.01581924, 0.01382570, 0.01205801, 0.01049784, 0.00912533, 0.00792032, 0.00686315, 0.00593730, 0.00513219, 0.00443342, 0.00382791
0.00406838, 0.00965674, 0.01334230, 0.01575695, 0.01751605, 0.01891201, 0.02002246, 0.02092548, 0.02166362, 0.02226486, 0.02274971, 0.02313350, 0.02342574, 0.02363753, 0.02377492, 0.02384495, 0.02385407, 0.02380646, 0.02370684, 0.02357903, 0.02338619, 0.02315305, 0.02288326, 0.02258100, 0.02225033, 0.02189470, 0.02151734, 0.02112131, 0.02070951, 0.02028462, 0.01984900, 0.01940471, 0.01895427, 0.01849960, 0.01804248, 0.01758478, 0.01712759, 0.01667212, 0.01621947, 0.01577062, 0.01532642, 0.01360983, 0.01201245, 0.01055138, 0.00923281, 0.00805461, 0.00700981, 0.00608859, 0.00527965, 0.00457118, 0.00395141, 0.00340935, 0.00293842, 0.00253082, 0.00217862, 0.00187477
0.01188421, 0.03037181, 0.04385368, 0.05319059, 0.06023232, 0.06593126, 0.07055357, 0.07436732, 0.07753295, 0.08015583, 0.08231251, 0.08406055, 0.08544732, 0.08650590, 0.08726944, 0.08776257, 0.08800857, 0.08802918, 0.08784347, 0.08754117, 0.08698035, 0.08625672, 0.08538790, 0.08438895, 0.08327371, 0.08205566, 0.08074754, 0.07936135, 0.07790833, 0.07639899, 0.07484321, 0.07325019, 0.07162777, 0.06998347, 0.06832430, 0.06665765, 0.06498783, 0.06331976, 0.06165783, 0.06000597, 0.05836763, 0.05200565, 0.04604617, 0.04056622, 0.03559590, 0.03113510, 0.02716387, 0.02365026, 0.02055574, 0.01783893, 0.01545804, 0.01337257, 0.01155020, 0.00996874, 0.00859868, 0.00741360
-0.01128384, -0.02788937, -0.03962342, -0.04764680, -0.05365890, -0.05851138, -0.06243657, -0.06566926, -0.06834673, -0.07055873, -0.07237050, -0.07383088, -0.07497858, -0.07584289, -0.07645071, -0.07682342, -0.07698124, -0.07694222, -0.07672286, -0.07639482, -0.07584681, -0.07515705, -0.07434065, -0.07341109, -0.07238093, -0.07126216, -0.07006611, -0.06880347, -0.06748428, -0.06611786, -0.06471293, -0.06327753, -0.06181884, -0.06034351, -0.05885773, -0.05736803, -0.05587813, -0.05439233, -0.05291445, -0.05144786, -0.04999557, -0.04437705, -0.03914399, -0.03435782, -0.03003915, -0.02618206, -0.02276380, -0.01975172, -0.01710807, -0.01479316, -0.01276748, -0.01099928, -0.00946778, -0.00814398, -0.00700181, -0.00601799
0.00664759, 0.01922805, 0.02958247, 0.03720110, 0.04315614, 0.04807011, 0.05212823, 0.05551760, 0.05836259, 0.06074506, 0.06272441, 0.06434605, 0.06565806, 0.06668014, 0.06744866, 0.06798297, 0.06830194, 0.06842939, 0.06838293, 0.06822194, 0.06785582, 0.06735324, 0.06673222, 0.06600458, 0.06518049, 0.06427147, 0.06328826, 0.06224088, 0.06113864, 0.05999013, 0.05880390, 0.05758842, 0.05634818, 0.05508922, 0.05381711, 0.05253773, 0.05125447, 0.04997121, 0.04869140, 0.04741813, 0.04615413, 0.04123496, 0.03661136, 0.03234650, 0.02846414, 0.02496710, 0.02184276, 0.01906892, 0.01661797, 0.01445975, 0.01256351, 0.01089914, 0.00943920, 0.00816710, 0.00706183, 0.00610295
0.00256919, 0.00827093, 0.01334617, 0.01720973, 0.02028712, 0.02285237, 0.02499048, 0.02678766, 0.02830569, 0.02958516, 0.03065539, 0.03153892, 0.03226303, 0.03283515, 0.03327648, 0.03359629, 0.03380380, 0.03391275, 0.03393243, 0.03389212, 0.03374654, 0.03353046, 0.03325403, 0.03292294, 0.03254185, 0.03211667, 0.03165287, 0.03115555, 0.03062943, 0.03007888, 0.02950837, 0.02892251, 0.02832301, 0.02771291, 0.02709503, 0.02647232, 0.02584652, 0.02521960, 0.02459331, 0.02396924, 0.02334878, 0.02092571, 0.01863676, 0.01651613, 0.01457713, 0.01282332, 0.01125030, 0.00984869, 0.00860613, 0.00750880, 0.00654234, 0.00569258, 0.00494591, 0.00429085, 0.00371980, 0.00322288
0.00122631, 0.00416201, 0.00687531, 0.00897597, 0.01066595, 0.01208357, 0.01327231, 0.01427642, 0.01512892, 0.01585133, 0.01645895, 0.01696348, 0.01738036, 0.01771236, 0.01797164, 0.01816276, 0.01829040, 0.01836243, 0.01838392, 0.01836921, 0.01829591, 0.01818214, 0.01803385, 0.01785416, 0.01764555, 0.01741140, 0.01715489, 0.01687896, 0.01658634, 0.01627959, 0.01596136, 0.01563442, 0.01529963, 0.01495877, 0.01461350, 0.01426555, 0.01391595, 0.01356583, 0.01321623, 0.01286808, 0.01252217, 0.01117423, 0.00990632, 0.00873763, 0.00767476, 0.00671875, 0.00586606, 0.00511035, 0.00444368, 0.00385737, 0.00334256, 0.00289077, 0.00249697, 0.00215511, 0.00185888, 0.00160264
-0.00475457, -0.00624330, -0.00478184, -0.00295860, -0.00122907, 0.00032309, 0.00170563, 0.00292227, 0.00399758, 0.00494790, 0.00578412, 0.00651494, 0.00716322, 0.00772255, 0.00821196, 0.00863311, 0.00898832, 0.00928926, 0.00954096, 0.00974936, 0.00990392, 0.01001641, 0.01009495, 0.01014120, 0.01015568, 0.01014157, 0.01010178, 0.01003904, 0.00995587, 0.00985463, 0.00973827, 0.00961035, 0.00947002, 0.00931896, 0.00915877, 0.00899105, 0.00881689, 0.00863748, 0.00845387, 0.00826700, 0.00807775, 0.00731122, 0.00655643, 0.00583919, 0.00517021, 0.00455673, 0.00400115, 0.00350266, 0.00305840, 0.00266429, 0.00231560, 0.00200772, 0.00173825, 0.00150331, 0.00129900, 0.00112172
0.01574491, 0.04227106, 0.06267943, 0.07722860, 0.08840047, 0.09753485, 0.10501577, 0.11123015, 0.11641994, 0.12074381, 0.12431684, 0.12722615, 0.12955323, 0.13134244, 0.13265351, 0.13352406, 0.13399032, 0.13409189, 0.13386079, 0.13341265, 0.13257126, 0.13146862, 0.13013609, 0.12859738, 0.12687375, 0.12498736, 0.12295904, 0.12080833, 0.11855347, 0.11621137, 0.11379833, 0.11132998, 0.10881715, 0.10627178, 0.10370493, 0.10112825, 0.09854840, 0.09597304, 0.09340899, 0.09086229, 0.08833829, 0.07855490, 0.06941728, 0.06103980, 0.05346127, 0.04667632, 0.04064956, 0.03532768, 0.03064780, 0.02654313, 0.02294673, 0.01979982, 0.01706787, 0.01470226, 0.01265758, 0.01089326
0.00410617, 0.01190169, 0.01832198, 0.02304930, 0.02674429, 0.02979093, 0.03230385, 0.03439903, 0.03615363, 0.03761886, 0.03883221, 0.03982263, 0.04062057, 0.04123920, 0.04170166, 0.04202064, 0.04220842, 0.04228013, 0.04224697, 0.04214728, 0.04192315, 0.04161785, 0.04124238, 0.04080395, 0.04030870, 0.03976350, 0.03917473, 0.03854830, 0.03788966, 0.03720382, 0.03649578, 0.03577045, 0.03503039, 0.03427906, 0.03351968, 0.03275564, 0.03198888, 0.03122162, 0.03045587, 0.02969338, 0.02893575, 0.02597939, 0.02318678, 0.02059621, 0.01822350, 0.01607265, 0.01413866, 0.01241079, 0.01087489, 0.00951504, 0.00831468, 0.00725739, 0.00632735, 0.00550972, 0.00479144, 0.00416399
0.00190836, 0.00589386, 0.00935129, 0.01195402, 0.01401526, 0.01572948, 0.01715600, 0.01835481, 0.01936791, 0.02022270, 0.02093879, 0.02153104, 0.02201696, 0.02240147, 0.02269801, 0.02291248, 0.02305078, 0.02312163, 0.02313100, 0.02309851, 0.02299329, 0.02283887, 0.02264197, 0.02240651, 0.02213581, 0.02183395, 0.02150478, 0.02115187, 0.02077860, 0.02038806, 0.01998345, 0.01956798, 0.01914305, 0.01871088, 0.01827350, 0.01783306, 0.01739084, 0.01694825, 0.01650659, 0.01606699, 0.01563047, 0.01393143, 0.01233604, 0.01086763, 0.00953442, 0.00833717, 0.00727095, 0.00632736, 0.00549605, 0.00476581, 0.00412525, 0.00356375, 0.00307522, 0.00265162, 0.00228500, 0.00196824
0.00290817, 0.00903260, 0.01437006, 0.01839916, 0.02159474, 0.02425362, 0.02646655, 0.02832552, 0.02989522, 0.03121804, 0.03232444, 0.03323773, 0.03398545, 0.03457550, 0.03502916, 0.03535590, 0.03556518, 0.03567083, 0.03568233, 0.03562978, 0.03546648, 0.03522847, 0.03492617, 0.03456565, 0.03415196, 0.03369134, 0.03318964, 0.03265230, 0.03208439, 0.03149058, 0.03087567, 0.03024453, 0.02959918, 0.02894288, 0.02827872, 0.02760987, 0.02693823, 0.02626590, 0.02559481, 0.02492664, 0.02426289, 0.02167651, 0.01924241, 0.01699606, 0.01495052, 0.01310793, 0.01146197, 0.01000103, 0.00871053, 0.00757444, 0.00657637, 0.00570026, 0.00493262, 0.00426479, 0.00368495, 0.00318232
0.00414781, 0.01185650, 0.01815414, 0.02278042, 0.02639575, 0.02937986, 0.03184486, 0.03390404, 0.03563232, 0.03707894, 0.03827959, 0.03926157, 0.04005390, 0.04066846, 0.04112731, 0.04144225, 0.04162482, 0.04168961, 0.04164747, 0.04153159, 0.04129250, 0.04096979, 0.04057456, 0.04011417, 0.03959494, 0.03902405, 0.03840816, 0.03775350, 0.03706584, 0.03635051, 0.03561279, 0.03485790, 0.03408864, 0.03330872, 0.03252157, 0.03173080, 0.03093847, 0.03014696, 0.02935835, 0.02857453, 0.02779715, 0.02477854, 0.02195100, 0.01935125, 0.01699192, 0.01487291, 0.01298485, 0.01131273, 0.00983842, 0.00854243, 0.00740505, 0.00640720, 0.00553645, 0.00478041, 0.00412507, 0.00355794
0.00485537, 0.01349943, 0.02038809, 0.02535426, 0.02918423, 0.03232132, 0.03489555, 0.03703820, 0.03883602, 0.04034586, 0.04160838, 0.04265395, 0.04351342, 0.04419903, 0.04473301, 0.04512638, 0.04538982, 0.04553687, 0.04557713, 0.04557369, 0.04541836, 0.04517520, 0.04485473, 0.04446358, 0.04400739, 0.04349279, 0.04292606, 0.04231316, 0.04165970, 0.04097099, 0.04025239, 0.03950935, 0.03874477, 0.03796261, 0.03716662, 0.03636065, 0.03554723, 0.03472910, 0.03390875, 0.03308840, 0.03227008, 0.02905065, 0.02597827, 0.02310729, 0.02046402, 0.01805907, 0.01589105, 0.01395079, 0.01222431, 0.01069496, 0.00934495, 0.00815629, 0.00711154, 0.00619415, 0.00538877, 0.00468267
0.00076770, 0.00238867, 0.00381233, 0.00489351, 0.00575403, 0.00647111, 0.00706839, 0.00756999, 0.00799315, 0.00834925, 0.00864652, 0.00889134, 0.00909144, 0.00924895, 0.00936991, 0.00945698, 0.00951280, 0.00954130, 0.00954510, 0.00953257, 0.00949083, 0.00942971, 0.00935206, 0.00925947, 0.00915321, 0.00903491, 0.00890608, 0.00876812, 0.00862232, 0.00846985, 0.00831197, 0.00814991, 0.00798413, 0.00781545, 0.00764462, 0.00747245, 0.00729941, 0.00712603, 0.00695278, 0.00678009, 0.00660833, 0.00593683, 0.00530106, 0.00471048, 0.00416889, 0.00367748, 0.00323532, 0.00284010, 0.00248865, 0.00217740, 0.00190258, 0.00166047, 0.00144745, 0.00126012, 0.00109561, 0.00095197
-0.00102072, -0.00264492, -0.00382628, -0.00463737, -0.00524466, -0.00573360, -0.00612834, -0.00645305, -0.00672175, -0.00694369, -0.00712562, -0.00727261, -0.00738833, -0.00747605, -0.00753821, -0.00757704, -0.00759464, -0.00759263, -0.00757263, -0.00754204, -0.00748946, -0.00742276, -0.00734332, -0.00725253, -0.00715168, -0.00704196, -0.00692448, -0.00680030, -0.00667043, -0.00653578, -0.00639720, -0.00625545, -0.00611133, -0.00596549, -0.00581857, -0.00567119, -0.00552376, -0.00537669, -0.00523037, -0.00508515, -0.00494131, -0.00438471, -0.00386620, -0.00339195, -0.00296416, -0.00258226, -0.00224398, -0.00194605, -0.00168469, -0.00145591, -0.00125578, -0.00108126, -0.00093020, -0.00079972, -0.00068721, -0.00059036
0.00227302, 0.00708625, 0.01128570, 0.01445716, 0.01697325, 0.01906702, 0.02080981, 0.02227387, 0.02350993, 0.02455125, 0.02542175, 0.02613975, 0.02672686, 0.02718940, 0.02754408, 0.02779845, 0.02796001, 0.02803968, 0.02804499, 0.02799870, 0.02786596, 0.02767437, 0.02743217, 0.02714418, 0.02681442, 0.02644787, 0.02604913, 0.02562253, 0.02517207, 0.02470145, 0.02421444, 0.02371488, 0.02320437, 0.02268550, 0.02216067, 0.02163241, 0.02110217, 0.02057163, 0.02004227, 0.01951542, 0.01899226, 0.01695544, 0.01504095, 0.01327609, 0.01167064, 0.01022584, 0.00893632, 0.00779261, 0.00678297, 0.00589458, 0.00511435, 0.00442951, 0.00383047, 0.00330986, 0.00285815, 0.00246688
0.00571892, 0.01564633, 0.02341604, 0.02899785, 0.03330117, 0.03682582, 0.03971672, 0.04212000, 0.04412840, 0.04580295, 0.04718801, 0.04831731, 0.04922316, 0.04992234, 0.05043868, 0.05078671, 0.05098044, 0.05103554, 0.05096441, 0.05081296, 0.05051084, 0.05010976, 0.04962185, 0.04905603, 0.04842016, 0.04772260, 0.04697118, 0.04617319, 0.04533548, 0.04446434, 0.04356590, 0.04264608, 0.04170877, 0.04075843, 0.03979919, 0.03883539, 0.03786953, 0.03690449, 0.03594283, 0.03498681, 0.03403847, 0.03035420, 0.02690045, 0.02372231, 0.02083657, 0.01824360, 0.01593239, 0.01388498, 0.01207953, 0.01049251, 0.00910011, 0.00787914, 0.00681122, 0.00588353, 0.00507904, 0.00438249
0.00915085, 0.02284284, 0.03267545, 0.03947582, 0.04460730, 0.04876236, 0.05213159, 0.05490809, 0.05720600, 0.05910051, 0.06064682, 0.06188686, 0.06285523, 0.06357732, 0.06407793, 0.06437639, 0.06449097, 0.06443854, 0.06423418, 0.06393195, 0.06345229, 0.06285575, 0.06215566, 0.06136361, 0.06049020, 0.05954561, 0.05853937, 0.05748038, 0.05637689, 0.05523658, 0.05406653, 0.05287332, 0.05166259, 0.05043964, 0.04920939, 0.04797707, 0.04674554, 0.04551816, 0.04429793, 0.04308748, 0.04188914, 0.03725396, 0.03293413, 0.02897726, 0.02539919, 0.02219546, 0.01934850, 0.01683303, 0.01461966, 0.01267739, 0.01097530, 0.00948409, 0.00818600, 0.00706052, 0.00608633, 0.00524444
0.00181682, 0.00648740, 0.01082549, 0.01416144, 0.01682913, 0.01905715, 0.02091894, 0.02248831, 0.02381932, 0.02494733, 0.02589750, 0.02668893, 0.02734524, 0.02787172, 0.02828651, 0.02859678, 0.02880977, 0.02893702, 0.02898606, 0.02898434, 0.02888724, 0.02872683, 0.02851189, 0.02824718, 0.02793657, 0.02758519, 0.02719784, 0.02677904, 0.02633300, 0.02586363, 0.02537504, 0.02487145, 0.02435440, 0.02382672, 0.02329103, 0.02275005, 0.02220548, 0.02165915, 0.02111275, 0.02056776, 0.02002552, 0.01790577, 0.01590313, 0.01405036, 0.01236027, 0.01083622, 0.00947393, 0.00826441, 0.00719592, 0.00625537, 0.00542926, 0.00470429, 0.00406913, 0.00351670, 0.00303725, 0.00262182
0.00181588, 0.00561492, 0.00886668, 0.01129162, 0.01320042, 0.01478170, 0.01609304, 0.01719228, 0.01811885, 0.01889858, 0.01955002, 0.02008729, 0.02052599, 0.02087153, 0.02113576, 0.02132443, 0.02144322, 0.02149984, 0.02149980, 0.02146138, 0.02135628, 0.02120613, 0.02101687, 0.02079226, 0.02053548, 0.02025030, 0.01994024, 0.01960863, 0.01925854, 0.01889282, 0.01851436, 0.01812603, 0.01772926, 0.01732608, 0.01691836, 0.01650808, 0.01609638, 0.01568457, 0.01527383, 0.01486520, 0.01445959, 0.01288225, 0.01140279, 0.01004210, 0.00880759, 0.00769962, 0.00671338, 0.00584091, 0.00507251, 0.00439769, 0.00380586, 0.00328721, 0.00283615, 0.00244512, 0.00210676, 0.00181448
0.00093988, 0.00288591, 0.00456833, 0.00583442, 0.00683688, 0.00767006, 0.00836271, 0.00894397, 0.00943417, 0.00984663, 0.01019099, 0.01047463, 0.01070615, 0.01088818, 0.01102737, 0.01112678, 0.01118944, 0.01121969, 0.01122053, 0.01120130, 0.01114770, 0.01107089, 0.01097411, 0.01085930, 0.01072804, 0.01058229, 0.01042388, 0.01025450, 0.01007572, 0.00988900, 0.00969581, 0.00949766, 0.00929518, 0.00908939, 0.00888123, 0.00867168, 0.00846133, 0.00825083, 0.00804075, 0.00783163, 0.00762392, 0.00681470, 0.00605309, 0.00534997, 0.00470936, 0.00413194, 0.00361577, 0.00315727, 0.00275197, 0.00239494, 0.00208112, 0.00180557, 0.00156382, 0.00135319, 0.00117015, 0.00101133
0.00226331, 0.00634668, 0.00962302, 0.01200244, 0.01384858, 0.01536682, 0.01661734, 0.01766083, 0.01853698, 0.01927177, 0.01988385, 0.02038729, 0.02079651, 0.02111751, 0.02136098, 0.02153255, 0.02163773, 0.02168341, 0.02167470, 0.02163275, 0.02152358, 0.02137085, 0.02117997, 0.02095457, 0.02069781, 0.02041325, 0.02010425, 0.01977398, 0.01942540, 0.01906127, 0.01868433, 0.01829731, 0.01790176, 0.01749964, 0.01709283, 0.01668324, 0.01627204, 0.01586052, 0.01544985, 0.01504107, 0.01463511, 0.01305442, 0.01156885, 0.01019991, 0.00895584, 0.00783759, 0.00684087, 0.00595812, 0.00518000, 0.00449633, 0.00389676, 0.00337120, 0.00291201, 0.00251346, 0.00216811, 0.00186936
0.00731720, 0.02054944, 0.03112010, 0.03874308, 0.04463293, 0.04947199, 0.05345987, 0.05679657, 0.05961201, 0.06198988, 0.06398888, 0.06565192, 0.06702214, 0.06811568, 0.06896328, 0.06957977, 0.06997986, 0.07018286, 0.07020286, 0.07011052, 0.06978559, 0.06930792, 0.06869449, 0.06795694, 0.06710578, 0.06615307, 0.06511042, 0.06398901, 0.06279947, 0.06155191, 0.06025634, 0.05892271, 0.05755726, 0.05616755, 0.05476061, 0.05334377, 0.05192159, 0.05049908, 0.04908076, 0.04767062, 0.04627222, 0.04085296, 0.03580926, 0.03121571, 0.02709480, 0.02343955, 0.02022312, 0.01740717, 0.01494753, 0.01280112, 0.01094669, 0.00935168, 0.00798348, 0.00681272, 0.00581294, 0.00496055
0.00100058, 0.00553482, 0.01026966, 0.01404657, 0.01712290, 0.01971639, 0.02190291, 0.02375798, 0.02534090, 0.02669033, 0.02783353, 0.02879126, 0.02959187, 0.03023919, 0.03075546, 0.03114827, 0.03142550, 0.03160140, 0.03168485, 0.03170062, 0.03160948, 0.03144332, 0.03121302, 0.03092404, 0.03058077, 0.03018936, 0.02975561, 0.02928493, 0.02878240, 0.02825272, 0.02770086, 0.02713204, 0.02654782, 0.02595156, 0.02534637, 0.02473549, 0.02412087, 0.02350471, 0.02288896, 0.02227536, 0.02166546, 0.01928787, 0.01705303, 0.01499709, 0.01313223, 0.01146000, 0.00997326, 0.00865964, 0.00750384, 0.00648923, 0.00559911, 0.00482364, 0.00415168, 0.00357068, 0.00306937, 0.00263761
0.00333654, 0.00997323, 0.01560386, 0.01980511, 0.02311738, 0.02586639, 0.02815004, 0.03006729, 0.03168606, 0.03305058, 0.03419243, 0.03513546, 0.03590702, 0.03651543, 0.03698156, 0.03731493, 0.03752504, 0.03762551, 0.03762587, 0.03755678, 0.03737033, 0.03710372, 0.03676765, 0.03636861, 0.03591218, 0.03540505, 0.03485354, 0.03426356, 0.03364065, 0.03298996, 0.03231667, 0.03162603, 0.03092052, 0.03020378, 0.02947920, 0.02875032, 0.02801922, 0.02728825, 0.02655953, 0.02583491, 0.02511604, 0.02232471, 0.01971350, 0.01731892, 0.01515279, 0.01321443, 0.01149392, 0.00997580, 0.00864163, 0.00747173, 0.00644636, 0.00555286, 0.00477894, 0.00410996, 0.00353284, 0.00303584
-0.00008681, 0.00053884, 0.00142390, 0.00220322, 0.00287061, 0.00344866, 0.00394713, 0.00437630, 0.00474759, 0.00506835, 0.00534361, 0.00557723, 0.00577711, 0.00594215, 0.00607889, 0.00618845, 0.00627217, 0.00633418, 0.00637654, 0.00640455, 0.00640896, 0.00639704, 0.00637178, 0.00633408, 0.00628443, 0.00622416, 0.00615447, 0.00607648, 0.00599123, 0.00589968, 0.00580298, 0.00570244, 0.00559792, 0.00549012, 0.00537967, 0.00526723, 0.00515320, 0.00503804, 0.00492217, 0.00480595, 0.00468971, 0.00423003, 0.00378881, 0.00337535, 0.00299324, 0.00264454, 0.00232941, 0.00204678, 0.00179479, 0.00157116, 0.00137337, 0.00119887, 0.00104513, 0.00090977, 0.00079091, 0.00068712
0.00687303, 0.01942920, 0.02961063, 0.03706276, 0.04287425, 0.04766650, 0.05162212, 0.05492571, 0.05769873, 0.06002085, 0.06194966, 0.06352901, 0.06480499, 0.06579667, 0.06653884, 0.06705016, 0.06734887, 0.06745791, 0.06739438, 0.06721396, 0.06683216, 0.06631460, 0.06567897, 0.06493709, 0.06409918, 0.06317678, 0.06218068, 0.06112094, 0.06000694, 0.05884737, 0.05765080, 0.05642570, 0.05517677, 0.05391007, 0.05263127, 0.05134627, 0.05005848, 0.04877181, 0.04748972, 0.04621532, 0.04495131, 0.04004325, 0.03544722, 0.03122378, 0.02739383, 0.02395699, 0.02089755, 0.01819052, 0.01580581, 0.01371111, 0.01187381, 0.01026299, 0.00886024, 0.00764346, 0.00658985, 0.00567905
0.00144447, 0.00469001, 0.00756270, 0.00973650, 0.01146088, 0.01289456, 0.01408697, 0.01508798, 0.01593257, 0.01664378, 0.01723827, 0.01772880, 0.01813014, 0.01844692, 0.01869049, 0.01886613, 0.01897907, 0.01903667, 0.01904406, 0.01901763, 0.01893219, 0.01880710, 0.01864786, 0.01845773, 0.01823944, 0.01799631, 0.01773143, 0.01744768, 0.01714773, 0.01683405, 0.01650915, 0.01617557, 0.01583442, 0.01548742, 0.01513617, 0.01478237, 0.01442699, 0.01407115, 0.01371586, 0.01336201, 0.01301039, 0.01163905, 0.01034647, 0.00915160, 0.00806168, 0.00707820, 0.00619818, 0.00541581, 0.00472368, 0.00411358, 0.00357707, 0.00310586, 0.00269215, 0.00233104, 0.00201701, 0.00174433
0.00710395, 0.01940591, 0.02905057, 0.03599340, 0.04135557, 0.04575397, 0.04936700, 0.05237456, 0.05489117, 0.05699192, 0.05873120, 0.06015026, 0.06128940, 0.06216854, 0.06281757, 0.06325424, 0.06349574, 0.06356186, 0.06346814, 0.06326793, 0.06288032, 0.06236714, 0.06174394, 0.06102196, 0.06021116, 0.05932223, 0.05836517, 0.05734938, 0.05628360, 0.05517593, 0.05403425, 0.05286621, 0.05167670, 0.05047143, 0.04925569, 0.04803503, 0.04681263, 0.04559215, 0.04437685, 0.04316959, 0.04197294, 0.03733324, 0.03299813, 0.02902249, 0.02542477, 0.02220273, 0.01933987, 0.01681110, 0.01458675, 0.01263527, 0.01092500, 0.00942821, 0.00812856, 0.00700298, 0.00602991, 0.00519011
0.00591278, 0.01614425, 0.02416899, 0.02995161, 0.03441947, 0.03808328, 0.04109093, 0.04359178, 0.04568116, 0.04742192, 0.04885985, 0.05002996, 0.05096652, 0.05168680, 0.05221639, 0.05257062, 0.05276430, 0.05281433, 0.05273394, 0.05256887, 0.05225013, 0.05182987, 0.05132095, 0.05073258, 0.05007287, 0.04935046, 0.04857343, 0.04774930, 0.04688507, 0.04598719, 0.04506195, 0.04411542, 0.04315143, 0.04217447, 0.04118874, 0.04019862, 0.03920663, 0.03821564, 0.03722823, 0.03624668, 0.03527302, 0.03148982, 0.02794111, 0.02467240, 0.02170060, 0.01902646, 0.01663930, 0.01452140, 0.01265111, 0.01100499, 0.00955925, 0.00829071, 0.00717842, 0.00620971, 0.00536829, 0.00463852
0.00070859, 0.00377412, 0.00693101, 0.00943309, 0.01146240, 0.01316748, 0.01460000, 0.01581143, 0.01684125, 0.01771551, 0.01845286, 0.01906771, 0.01957854, 0.01998919, 0.02031409, 0.02055892, 0.02072938, 0.02083475, 0.02088105, 0.02088571, 0.02082187, 0.02071093, 0.02055972, 0.02037187, 0.02015028, 0.01989885, 0.01962120, 0.01932071, 0.01900051, 0.01866350, 0.01831271, 0.01795128, 0.01758022, 0.01720159, 0.01681727, 0.01642923, 0.01603865, 0.01564687, 0.01525506, 0.01486429, 0.01447551, 0.01295554, 0.01151895, 0.01018892, 0.00897435, 0.00787769, 0.00689606, 0.00602325, 0.00525107, 0.00457039, 0.00397175, 0.00344580, 0.00298430, 0.00258223, 0.00223280, 0.00192960
0.00222784, 0.00619293, 0.00939459, 0.01174270, 0.01357671, 0.01509009, 0.01633925, 0.01738164, 0.01825550, 0.01898601, 0.01959150, 0.02008607, 0.02048490, 0.02079403, 0.02102505, 0.02118403, 0.02127691, 0.02131126, 0.02129265, 0.02123984, 0.02112414, 0.02096711, 0.02077439, 0.02054958, 0.02029573, 0.02001633, 0.01971466, 0.01939372, 0.01905632, 0.01870504, 0.01834246, 0.01797114, 0.01759236, 0.01720791, 0.01681945, 0.01642873, 0.01603676, 0.01564469, 0.01525354, 0.01486424, 0.01447759, 0.01297079, 0.01155070, 0.01023672, 0.00903641, 0.00795131, 0.00697830, 0.00611134, 0.00534270, 0.00466382, 0.00406585, 0.00354008, 0.00307818, 0.00267256, 0.00231842, 0.00201006
0.00398539, 0.01135972, 0.01737747, 0.02179427, 0.02524248, 0.02808595, 0.03043223, 0.03239020, 0.03403203, 0.03540530, 0.03654459, 0.03747644, 0.03822886, 0.03881349, 0.03925157, 0.03955449, 0.03973333, 0.03980198, 0.03977073, 0.03967471, 0.03946029, 0.03916775, 0.03880750, 0.03838635, 0.03791014, 0.03738547, 0.03681848, 0.03621490, 0.03558003, 0.03491877, 0.03423598, 0.03353648, 0.03282282, 0.03209840, 0.03136640, 0.03063016, 0.02989159, 0.02915290, 0.02841604, 0.02768278, 0.02695466, 0.02411871, 0.02144909, 0.01898226, 0.01673238, 0.01470178, 0.01288398, 0.01126698, 0.00983564, 0.00857325, 0.00746269, 0.00648713, 0.00563053, 0.00488038, 0.00422735, 0.00365967
0.01169408, 0.03069473, 0.04496697, 0.05500949, 0.06266312, 0.06889904, 0.07399185, 0.07821772, 0.08174519, 0.08468410, 0.08711359, 0.08909290, 0.09067413, 0.09188867, 0.09277377, 0.09335453, 0.09365509, 0.09370034, 0.09351130, 0.09316737, 0.09254639, 0.09173954, 0.09076768, 0.08964771, 0.08839514, 0.08702572, 0.08555437, 0.08399518, 0.08236137, 0.08066529, 0.07891868, 0.07713266, 0.07531584, 0.07347701, 0.07162432, 0.06976634, 0.06790801, 0.06605496, 0.06421221, 0.06238419, 0.06057480, 0.05358563, 0.04709713, 0.04118647, 0.03587534, 0.03115190, 0.02698267, 0.02332171, 0.02011686, 0.01731387, 0.01487053, 0.01275904, 0.01093866, 0.00937275, 0.00802843, 0.00687626
0.00161011, 0.00373221, 0.00513419, 0.00606524, 0.00675101, 0.00729919, 0.00773789, 0.00809585, 0.00838913, 0.00862828, 0.00882106, 0.00897336, 0.00908934, 0.00917300, 0.00922719, 0.00925466, 0.00925796, 0.00923907, 0.00919995, 0.00914917, 0.00907375, 0.00898283, 0.00887799, 0.00876087, 0.00863297, 0.00849563, 0.00835013, 0.00819765, 0.00803928, 0.00787607, 0.00770891, 0.00753864, 0.00736612, 0.00719207, 0.00701715, 0.00684206, 0.00666720, 0.00649301, 0.00631990, 0.00614824, 0.00597833, 0.00532127, 0.00470881, 0.00414736, 0.00363924, 0.00318381, 0.00277868, 0.00242035, 0.00210479, 0.00182773, 0.00158490, 0.00137220, 0.00118615, 0.00102455, 0.00088445, 0.00076317
0.00334244, 0.00934441, 0.01416496, 0.01768297, 0.02042075, 0.02267341, 0.02452751, 0.02607075, 0.02736048, 0.02843472, 0.02932141, 0.03004212, 0.03061904, 0.03106250, 0.03138934, 0.03160924, 0.03173152, 0.03176730, 0.03172501, 0.03163200, 0.03144772, 0.03120337, 0.03090707, 0.03056429, 0.03017974, 0.02975857, 0.02930555, 0.02882511, 0.02832131, 0.02779790, 0.02725856, 0.02670691, 0.02614492, 0.02557517, 0.02500003, 0.02442202, 0.02384256, 0.02326328, 0.02268565, 0.02211096, 0.02154037, 0.01931764, 0.01722291, 0.01528345, 0.01351010, 0.01190498, 0.01046362, 0.00917743, 0.00803536, 0.00702515, 0.00613415, 0.00534984, 0.00466025, 0.00405412, 0.00352264, 0.00305906
0.01510367, 0.03378911, 0.04542732, 0.05289440, 0.05827101, 0.06251126, 0.06585703, 0.06855599, 0.07073944, 0.07249397, 0.07388396, 0.07495804, 0.07574529, 0.07628311, 0.07659032, 0.07669055, 0.07660550, 0.07634851, 0.07593508, 0.07543866, 0.07474870, 0.07394087, 0.07302620, 0.07201792, 0.07092877, 0.06976915, 0.06854878, 0.06727677, 0.06596158, 0.06461107, 0.06323197, 0.06182998, 0.06041270, 0.05898556, 0.05755362, 0.05612228, 0.05469443, 0.05327350, 0.05186255, 0.05046429, 0.04908107, 0.04373666, 0.03875691, 0.03418901, 0.03005081, 0.02633664, 0.02302727, 0.02009531, 0.01750904, 0.01523504, 0.01323993, 0.01149150, 0.00995944, 0.00862102, 0.00745813, 0.00644898
-0.00167309, -0.00498448, -0.00772384, -0.00972879, -0.01128954, -0.01257484, -0.01363553, -0.01452236, -0.01526846, -0.01589544, -0.01641880, -0.01685016, -0.01720116, -0.01747690, -0.01768594, -0.01783299, -0.01792265, -0.01796051, -0.01795086, -0.01790878, -0.01781088, -0.01767493, -0.01750550, -0.01730582, -0.01707879, -0.01682758, -0.01655520, -0.01626450, -0.01595812, -0.01563857, -0.01530828, -0.01496961, -0.01462409, -0.01427349, -0.01391947, -0.01356374, -0.01320733, -0.01285138, -0.01249692, -0.01214486, -0.01179599, -0.01044528, -0.00918775, -0.00803998, -0.00700694, -0.00608704, -0.00527426, -0.00455996, -0.00393419, -0.00338652, -0.00290901, -0.00249624, -0.00214028, -0.00183402, -0.00157106, -0.00134567
0.00308387, 0.00850506, 0.01278162, 0.01586806, 0.01825412, 0.02021095, 0.02181752, 0.02315348, 0.02426968, 0.02519967, 0.02596794, 0.02659322, 0.02709374, 0.02747884, 0.02776210, 0.02795178, 0.02805581, 0.02808317, 0.02804095, 0.02795332, 0.02778400, 0.02756056, 0.02728985, 0.02697680, 0.02662575, 0.02624130, 0.02582778, 0.02538919, 0.02492926, 0.02445142, 0.02395902, 0.02345530, 0.02294230, 0.02242242, 0.02189789, 0.02137105, 0.02084322, 0.02031595, 0.01979060, 0.01926839, 0.01875040, 0.01673789, 0.01485037, 0.01311198, 0.01153169, 0.01010985, 0.00884072, 0.00771484, 0.00672068, 0.00584572, 0.00507730, 0.00440306, 0.00381195, 0.00329727, 0.00285025, 0.00246259
0.00148796, 0.00446130, 0.00698419, 0.00886299, 0.01034248, 0.01157019, 0.01259048, 0.01344805, 0.01417364, 0.01478711, 0.01530250, 0.01573030, 0.01608256, 0.01636260, 0.01657952, 0.01673723, 0.01683966, 0.01689268, 0.01690031, 0.01687712, 0.01679944, 0.01668478, 0.01653788, 0.01636163, 0.01615849, 0.01593150, 0.01568353, 0.01541731, 0.01513540, 0.01484019, 0.01453412, 0.01421964, 0.01389795, 0.01357077, 0.01323972, 0.01290647, 0.01257204, 0.01223755, 0.01190402, 0.01157234, 0.01124331, 0.00996646, 0.00877424, 0.00768393, 0.00670089, 0.00582432, 0.00504902, 0.00436714, 0.00376947, 0.00324625, 0.00278952, 0.00239444, 0.00205358, 0.00176018, 0.00150815, 0.00129204
0.00237376, 0.00669247, 0.01018113, 0.01272340, 0.01470017, 0.01632827, 0.01767134, 0.01879361, 0.01973737, 0.02053021, 0.02119187, 0.02173717, 0.02218159, 0.02253119, 0.02279744, 0.02298620, 0.02310321, 0.02315588, 0.02314964, 0.02310652, 0.02299100, 0.02282805, 0.02262359, 0.02238148, 0.02210513, 0.02179842, 0.02146500, 0.02110834, 0.02073168, 0.02033805, 0.01993047, 0.01951192, 0.01908411, 0.01864919, 0.01820921, 0.01776629, 0.01732170, 0.01687687, 0.01643308, 0.01599147, 0.01555306, 0.01384776, 0.01224817, 0.01077741, 0.00944392, 0.00824816, 0.00718483, 0.00624517, 0.00541849, 0.00469326, 0.00405783, 0.00350154, 0.00301831, 0.00259984, 0.00223811, 0.00192597
0.00411882, 0.01176793, 0.01802298, 0.02261480, 0.02619897, 0.02915402, 0.03159212, 0.03362679, 0.03533360, 0.03676238, 0.03794929, 0.03892200, 0.03970980, 0.04032460, 0.04078851, 0.04111317, 0.04130991, 0.04139307, 0.04137316, 0.04128949, 0.04108067, 0.04079081, 0.04043063, 0.04000707, 0.03952604, 0.03899430, 0.03841814, 0.03780343, 0.03715562, 0.03647975, 0.03578086, 0.03506395, 0.03433161, 0.03358737, 0.03283455, 0.03207658, 0.03131550, 0.03055362, 0.02979299, 0.02903545, 0.02828265, 0.02534533, 0.02257310, 0.02000551, 0.01765872, 0.01553646, 0.01363315, 0.01193726, 0.01043384, 0.00910617, 0.00793697, 0.00690920, 0.00600650, 0.00521393, 0.00452200, 0.00391966
0.00230380, 0.00995575, 0.01748868, 0.02339605, 0.02816864, 0.03217412, 0.03553546, 0.03837565, 0.04078730, 0.04283118, 0.04455088, 0.04597994, 0.04716143, 0.04810453, 0.04884301, 0.04939040, 0.04976036, 0.04997484, 0.05004825, 0.05001825, 0.04982832, 0.04952645, 0.04912895, 0.04864467, 0.04808076, 0.04744664, 0.04675108, 0.04600225, 0.04520770, 0.04437443, 0.04350970, 0.04262099, 0.04171085, 0.04078415, 0.03984540, 0.03889934, 0.03794872, 0.03699669, 0.03604604, 0.03509927, 0.03415858, 0.03049240, 0.02704292, 0.02386208, 0.02096809, 0.01836387, 0.01603998, 0.01397936, 0.01216062, 0.01056034, 0.00915459, 0.00792041, 0.00684408, 0.00590930, 0.00509892, 0.00439761
0.00449161, 0.01248504, 0.01885187, 0.02346741, 0.02704584, 0.02998693, 0.03240733, 0.03442472, 0.03611529, 0.03752901, 0.03870205, 0.03966183, 0.04043605, 0.04103726, 0.04148610, 0.04179415, 0.04197268, 0.04203522, 0.04199210, 0.04188044, 0.04164290, 0.04132200, 0.04092827, 0.04046897, 0.03995048, 0.03937980, 0.03876351, 0.03810776, 0.03741828, 0.03670040, 0.03595934, 0.03520023, 0.03442611, 0.03364074, 0.03284761, 0.03205038, 0.03125118, 0.03045243, 0.02965628, 0.02886468, 0.02807932, 0.02502774, 0.02216727, 0.01953620, 0.01714836, 0.01500410, 0.01309411, 0.01140326, 0.00991315, 0.00860398, 0.00745568, 0.00644881, 0.00557020, 0.00480769, 0.00414704, 0.00357556
-0.00067485, -0.00127681, -0.00151578, -0.00161799, -0.00166768, -0.00169615, -0.00170972, -0.00171499, -0.00171419, -0.00170874, -0.00169978, -0.00168810, -0.00167323, -0.00165651, -0.00163739, -0.00161639, -0.00159397, -0.00156984, -0.00154414, -0.00151843, -0.00149045, -0.00146154, -0.00143158, -0.00140081, -0.00136956, -0.00133795, -0.00130607, -0.00127404, -0.00124196, -0.00120990, -0.00117791, -0.00114595, -0.00111427, -0.00108293, -0.00105199, -0.00102150, -0.00099150, -0.00096200, -0.00093304, -0.00090463, -0.00087681, -0.00077155, -0.00067618, -0.00059055, -0.00051445, -0.00044725, -0.00038820, -0.00033652, -0.00029140, -0.00025209, -0.00021787, -0.00018807, -0.00016214, -0.00013971, -0.00012034, -0.00010363
0.00370893, 0.01121141, 0.01760198, 0.02236725, 0.02612184, 0.02923770, 0.03182714, 0.03400326, 0.03584365, 0.03739859, 0.03870368, 0.03978558, 0.04067477, 0.04138004, 0.04192443, 0.04231808, 0.04257122, 0.04269878, 0.04271113, 0.04264371, 0.04243985, 0.04214260, 0.04176400, 0.04131145, 0.04079133, 0.04021135, 0.03957884, 0.03890071, 0.03818344, 0.03743309, 0.03665579, 0.03585772, 0.03504190, 0.03421270, 0.03337416, 0.03253049, 0.03168423, 0.03083818, 0.02999488, 0.02915657, 0.02832524, 0.02510131, 0.02209371, 0.01934494, 0.01686774, 0.01465960, 0.01270699, 0.01098986, 0.00948479, 0.00816703, 0.00701732, 0.00602303, 0.00516529, 0.00442706, 0.00379300, 0.00324936
0.01143162, 0.02979511, 0.04354976, 0.05322227, 0.06058841, 0.06658477, 0.07147579, 0.07552832, 0.07890642, 0.08171751, 0.08403936, 0.08593040, 0.08744272, 0.08860705, 0.08946067, 0.09002819, 0.09033314, 0.09039991, 0.09024871, 0.08996751, 0.08941720, 0.08869407, 0.08781781, 0.08680391, 0.08566639, 0.08441959, 0.08307704, 0.08165150, 0.08015492, 0.07859845, 0.07699277, 0.07534805, 0.07367192, 0.07197233, 0.07025673, 0.06853293, 0.06680550, 0.06507964, 0.06336000, 0.06165071, 0.05995545, 0.05337377, 0.04721249, 0.04155264, 0.03642436, 0.03182683, 0.02773843, 0.02412498, 0.02094545, 0.01815594, 0.01571222, 0.01357182, 0.01170841, 0.01009351, 0.00869632, 0.00748949
0.00587590, 0.01675232, 0.02565483, 0.03220696, 0.03733401, 0.04156980, 0.04507169, 0.04799899, 0.05045770, 0.05251737, 0.05422833, 0.05562909, 0.05676114, 0.05764070, 0.05829943, 0.05875380, 0.05901999, 0.05911890, 0.05906589, 0.05890824, 0.05857495, 0.05812255, 0.05756696, 0.05691853, 0.05618615, 0.05538000, 0.05450957, 0.05358371, 0.05261063, 0.05159791, 0.05055312, 0.04948374, 0.04839365, 0.04728816, 0.04617215, 0.04505078, 0.04392698, 0.04280415, 0.04168528, 0.04057306, 0.03946984, 0.03518500, 0.03117031, 0.02747853, 0.02412779, 0.02111820, 0.01843658, 0.01606165, 0.01396772, 0.01212709, 0.01051177, 0.00909464, 0.00785815, 0.00678462, 0.00585413, 0.00504896
-0.00116625, -0.00187550, -0.00187440, -0.00169729, -0.00148364, -0.00127454, -0.00107596, -0.00089424, -0.00072802, -0.00057649, -0.00043932, -0.00031619, -0.00020286, -0.00010205, -0.00000999, 0.00007293, 0.00014657, 0.00021320, 0.00027353, 0.00032703, 0.00037389, 0.00041490, 0.00045162, 0.00048403, 0.00051186, 0.00053551, 0.00055537, 0.00057177, 0.00058504, 0.00059546, 0.00060352, 0.00060986, 0.00061402, 0.00061622, 0.00061665, 0.00061552, 0.00061297, 0.00060917, 0.00060424, 0.00059833, 0.00059154, 0.00055767, 0.00051706, 0.00047398, 0.00043014, 0.00038731, 0.00034657, 0.00030857, 0.00027362, 0.00024179, 0.00021302, 0.00018715, 0.00016396, 0.00014334, 0.00012513, 0.00010909
0.00106340, 0.00310767, 0.00480809, 0.00606585, 0.00705192, 0.00786689, 0.00854084, 0.00910419, 0.00957743, 0.00997402, 0.01030377, 0.01057417, 0.01079335, 0.01096444, 0.01109362, 0.01118409, 0.01123896, 0.01126225, 0.01125691, 0.01123283, 0.01117486, 0.01109441, 0.01099453, 0.01087714, 0.01074386, 0.01059661, 0.01043713, 0.01026707, 0.01008796, 0.00990119, 0.00970819, 0.00951034, 0.00930834, 0.00910319, 0.00889580, 0.00868711, 0.00847770, 0.00826818, 0.00805913, 0.00785106, 0.00764440, 0.00683923, 0.00608105, 0.00538044, 0.00474148, 0.00416488, 0.00364882, 0.00318988, 0.00278374, 0.00242563, 0.00211064, 0.00183398, 0.00159106, 0.00137856, 0.00119365, 0.00103297
0.00458148, 0.01351585, 0.02101934, 0.02659311, 0.03097607, 0.03460802, 0.03762055, 0.04014665, 0.04227681, 0.04407007, 0.04556867, 0.04680461, 0.04781382, 0.04860805, 0.04921462, 0.04964642, 0.04991624, 0.05004192, 0.05003607, 0.04994064, 0.04969003, 0.04933438, 0.04888760, 0.04835830, 0.04775386, 0.04708305, 0.04635412, 0.04557482, 0.04475237, 0.04389349, 0.04300493, 0.04209350, 0.04116250, 0.04021668, 0.03926048, 0.03829851, 0.03733349, 0.03636850, 0.03540629, 0.03444930, 0.03349969, 0.02980995, 0.02635406, 0.02318047, 0.02030557, 0.01772928, 0.01543942, 0.01341644, 0.01163683, 0.01007534, 0.00870650, 0.00750947, 0.00647097, 0.00557198, 0.00479523, 0.00412527
0.00165697, 0.00479057, 0.00737265, 0.00927372, 0.01076081, 0.01198916, 0.01300484, 0.01385438, 0.01456875, 0.01516822, 0.01566738, 0.01607733, 0.01640993, 0.01666978, 0.01686586, 0.01700278, 0.01708509, 0.01711869, 0.01710790, 0.01706688, 0.01697396, 0.01684591, 0.01668732, 0.01650117, 0.01629007, 0.01605697, 0.01580467, 0.01553575, 0.01525265, 0.01495762, 0.01465288, 0.01434066, 0.01402214, 0.01369891, 0.01337245, 0.01304428, 0.01271531, 0.01238655, 0.01205891, 0.01173320, 0.01141012, 0.01015570, 0.00898153, 0.00790339, 0.00692665, 0.00605111, 0.00527260, 0.00458451, 0.00397894, 0.00344742, 0.00298141, 0.00257342, 0.00221906, 0.00191208, 0.00164663, 0.00141749
0.00458994, 0.01269183, 0.01911893, 0.02376127, 0.02735266, 0.03030254, 0.03273003, 0.03475522, 0.03645566, 0.03788194, 0.03907025, 0.04004774, 0.04084157, 0.04146360, 0.04193374, 0.04226282, 0.04246141, 0.04254244, 0.04251566, 0.04242098, 0.04219442, 0.04188119, 0.04149173, 0.04103330, 0.04051230, 0.03993587, 0.03931075, 0.03864330, 0.03793951, 0.03720496, 0.03644517, 0.03566553, 0.03486938, 0.03406074, 0.03324335, 0.03242115, 0.03159647, 0.03077194, 0.02994991, 0.02913249, 0.02832152, 0.02517218, 0.02222544, 0.01952243, 0.01707754, 0.01489014, 0.01294914, 0.01123714, 0.00973341, 0.00841579, 0.00726200, 0.00625515, 0.00538315, 0.00462944, 0.00397923, 0.00341928
0.00511446, 0.01445554, 0.02202938, 0.02757363, 0.03189598, 0.03545781, 0.03839499, 0.04084502, 0.04289857, 0.04461538, 0.04603889, 0.04720239, 0.04814071, 0.04886871, 0.04941273, 0.04978710, 0.05000577, 0.05008600, 0.05004068, 0.04991367, 0.04963818, 0.04926456, 0.04880578, 0.04827047, 0.04766602, 0.04700074, 0.04628236, 0.04551809, 0.04471462, 0.04387811, 0.04301468, 0.04213036, 0.04122842, 0.04031317, 0.03938859, 0.03845888, 0.03752648, 0.03659413, 0.03566432, 0.03473924, 0.03382085, 0.03024569, 0.02688289, 0.02377787, 0.02094805, 0.01839589, 0.01611277, 0.01408318, 0.01228769, 0.01070498, 0.00931321, 0.00809100, 0.00701796, 0.00607975, 0.00526351, 0.00455437
0.00166865, 0.00293442, 0.00318442, 0.00311962, 0.00296192, 0.00278457, 0.00260118, 0.00242555, 0.00225879, 0.00210179, 0.00195559, 0.00182092, 0.00169266, 0.00157543, 0.00146453, 0.00136107, 0.00126578, 0.00117587, 0.00109075, 0.00101263, 0.00093926, 0.00087106, 0.00080613, 0.00074483, 0.00068785, 0.00063487, 0.00058562, 0.00053983, 0.00049727, 0.00045772, 0.00042067, 0.00038538, 0.00035264, 0.00032229, 0.00029417, 0.00026813, 0.00024403, 0.00022172, 0.00020108, 0.00018200, 0.00016437, 0.00010642, 0.00006447, 0.00003373, 0.00001228, -0.00000235, -0.00001202, -0.00001809, -0.00002158, -0.00002326, -0.00002365, -0.00002317, -0.00002214, -0.00002077, -0.00001922, -0.00001760
0.00386040, 0.01094498, 0.01671824, 0.02095518, 0.02426411, 0.02699466, 0.02924978, 0.03113374, 0.03271572, 0.03404110, 0.03514270, 0.03604557, 0.03677635, 0.03734566, 0.03777367, 0.03807093, 0.03824778, 0.03831743, 0.03828961, 0.03819731, 0.03798985, 0.03770562, 0.03735471, 0.03694372, 0.03647833, 0.03596503, 0.03540985, 0.03481846, 0.03419611, 0.03354767, 0.03287798, 0.03219184, 0.03149179, 0.03078126, 0.03006342, 0.02934160, 0.02861771, 0.02789397, 0.02717235, 0.02645457, 0.02574221, 0.02297181, 0.02037117, 0.01797568, 0.01579823, 0.01383984, 0.01209278, 0.01054392, 0.00917714, 0.00797496, 0.00691959, 0.00599371, 0.00518339, 0.00447910, 0.00386804, 0.00333872
0.00142202, 0.00438422, 0.00694021, 0.00885519, 0.01036686, 0.01162169, 0.01266441, 0.01354011, 0.01428010, 0.01490476, 0.01542866, 0.01586277, 0.01621971, 0.01650316, 0.01672270, 0.01688256, 0.01698697, 0.01704209, 0.01705214, 0.01703262, 0.01695861, 0.01684825, 0.01670632, 0.01653571, 0.01633883, 0.01611865, 0.01587800, 0.01561949, 0.01534561, 0.01505865, 0.01476097, 0.01445492, 0.01414162, 0.01382270, 0.01349971, 0.01317424, 0.01284727, 0.01251988, 0.01219303, 0.01186759, 0.01154433, 0.01028545, 0.00910286, 0.00801437, 0.00702643, 0.00613971, 0.00535057, 0.00465270, 0.00403833, 0.00349901, 0.00302620, 0.00261209, 0.00225226, 0.00194052, 0.00167096, 0.00143827
0.00461567, 0.01335098, 0.02058518, 0.02594240, 0.03014824, 0.03362701, 0.03650474, 0.03890935, 0.04092657, 0.04261305, 0.04401015, 0.04514989, 0.04606708, 0.04677568, 0.04730253, 0.04766188, 0.04786768, 0.04793773, 0.04788514, 0.04774637, 0.04746886, 0.04709664, 0.04664286, 0.04611599, 0.04552324, 0.04487281, 0.04417232, 0.04342881, 0.04264877, 0.04183819, 0.04100298, 0.04014905, 0.03927931, 0.03839785, 0.03750846, 0.03661512, 0.03572007, 0.03482588, 0.03393487, 0.03304907, 0.03217030, 0.02875445, 0.02554757, 0.02259068, 0.01989841, 0.01747190, 0.01530215, 0.01337384, 0.01166813, 0.01016448, 0.00884199, 0.00768020, 0.00665994, 0.00576920, 0.00499428, 0.00432111
0.00426508, 0.01000216, 0.01364507, 0.01596100, 0.01760885, 0.01889434, 0.01989871, 0.02070309, 0.02134911, 0.02186452, 0.02227012, 0.02258163, 0.02280607, 0.02295716, 0.02303872, 0.02305859, 0.02302382, 0.02293725, 0.02280341, 0.02264502, 0.02242893, 0.02217769, 0.02189383, 0.02158161, 0.02124531, 0.02088805, 0.02051272, 0.02012206, 0.01971864, 0.01930482, 0.01888249, 0.01845312, 0.01801949, 0.01758325, 0.01714593, 0.01670917, 0.01627385, 0.01584101, 0.01541156, 0.01498633, 0.01456602, 0.01294542, 0.01144037, 0.01006408, 0.00882165, 0.00771041, 0.00672360, 0.00585213, 0.00508566, 0.00441347, 0.00382493, 0.00330989, 0.00285975, 0.00246903, 0.00213053, 0.00183766
-0.00078892, 0.00483484, 0.01185635, 0.01766181, 0.02245605, 0.02651411, 0.02994792, 0.03286584, 0.03535783, 0.03748361, 0.03928606, 0.04079853, 0.04206662, 0.04309758, 0.04392735, 0.04456903, 0.04503585, 0.04535080, 0.04552830, 0.04560464, 0.04552556, 0.04533713, 0.04505591, 0.04469007, 0.04424594, 0.04373253, 0.04315819, 0.04253068, 0.04185716, 0.04114423, 0.04039893, 0.03962865, 0.03883524, 0.03802332, 0.03719718, 0.03636127, 0.03551827, 0.03467118, 0.03382271, 0.03297525, 0.03213095, 0.02882032, 0.02567854, 0.02275998, 0.02008620, 0.01766491, 0.01549174, 0.01355468, 0.01183711, 0.01032003, 0.00898354, 0.00780780, 0.00677402, 0.00587049, 0.00508379, 0.00439990
0.00414377, 0.01193499, 0.01836869, 0.02311987, 0.02684316, 0.02992073, 0.03246594, 0.03459373, 0.03638136, 0.03787965, 0.03912539, 0.04014676, 0.04097452, 0.04162026, 0.04210740, 0.04244786, 0.04265332, 0.04273910, 0.04271628, 0.04262206, 0.04239933, 0.04209128, 0.04170943, 0.04126106, 0.04075238, 0.04019057, 0.03958234, 0.03893393, 0.03825115, 0.03753935, 0.03680388, 0.03605013, 0.03528071, 0.03449938, 0.03370962, 0.03291507, 0.03211784, 0.03132036, 0.03052478, 0.02973302, 0.02894678, 0.02588464, 0.02300308, 0.02034208, 0.01791684, 0.01572974, 0.01377353, 0.01203492, 0.01049720, 0.00914200, 0.00795049, 0.00690423, 0.00598573, 0.00518357, 0.00448594, 0.00388010
0.00336491, 0.01173195, 0.01932298, 0.02509823, 0.02968912, 0.03350946, 0.03669098, 0.03936548, 0.04162638, 0.04353507, 0.04513565, 0.04646178, 0.04755268, 0.04841989, 0.04909341, 0.04958670, 0.04991312, 0.05009199, 0.05013660, 0.05009147, 0.04988691, 0.04957529, 0.04917123, 0.04868330, 0.04811866, 0.04748615, 0.04679405, 0.04605009, 0.04526148, 0.04443488, 0.04357713, 0.04269515, 0.04179191, 0.04087216, 0.03994028, 0.03900087, 0.03805668, 0.03711077, 0.03616592, 0.03522459, 0.03428896, 0.03063902, 0.02719951, 0.02402272, 0.02112860, 0.01852111, 0.01619176, 0.01412442, 0.01229850, 0.01069135, 0.00927970, 0.00804072, 0.00695555, 0.00601186, 0.00519279, 0.00448304
-0.00024915, -0.00043340, -0.00039624, -0.00029367, -0.00017759, -0.00006402, 0.00004331, 0.00014122, 0.00023045, 0.00031131, 0.00038381, 0.00044794, 0.00050627, 0.00055692, 0.00060222, 0.00064184, 0.00067564, 0.00070505, 0.00073051, 0.00075201, 0.00076882, 0.00078191, 0.00079231, 0.00080001, 0.00080485, 0.00080710, 0.00080702, 0.00080485, 0.00080082, 0.00079513, 0.00078811, 0.00078019, 0.00077108, 0.00076093, 0.00074987, 0.00073804, 0.00072554, 0.00071248, 0.00069895, 0.00068503, 0.00067081, 0.00061212, 0.00055307, 0.00049623, 0.00044240, 0.00039241, 0.00034665, 0.00030521, 0.00026798, 0.00023473, 0.00020517, 0.00017895, 0.00015573, 0.00013534, 0.00011750, 0.00010192
-0.00060907, -0.00080111, -0.00056067, -0.00025844, 0.00003211, 0.00029610, 0.00053317, 0.00074287, 0.00092905, 0.00109411, 0.00123957, 0.00136661, 0.00147953, 0.00157657, 0.00166141, 0.00173411, 0.00179492, 0.00184610, 0.00188854, 0.00192327, 0.00194805, 0.00196517, 0.00197627, 0.00198157, 0.00198107, 0.00197536, 0.00196497, 0.00195041, 0.00193214, 0.00191059, 0.00188633, 0.00186010, 0.00183161, 0.00180120, 0.00176915, 0.00173577, 0.00170125, 0.00166581, 0.00162965, 0.00159295, 0.00155586, 0.00140628, 0.00125973, 0.00112102, 0.00099193, 0.00087375, 0.00076686, 0.00067106, 0.00058577, 0.00051016, 0.00044332, 0.00038433, 0.00033270, 0.00028770, 0.00024858, 0.00021464
0.00060082, 0.00182349, 0.00288601, 0.00368916, 0.00432714, 0.00485886, 0.00530216, 0.00567518, 0.00599084, 0.00625752, 0.00648120, 0.00666642, 0.00681873, 0.00693946, 0.00703291, 0.00710083, 0.00714503, 0.00716826, 0.00717240, 0.00716350, 0.00713191, 0.00708499, 0.00702486, 0.00695272, 0.00686957, 0.00677669, 0.00667526, 0.00656641, 0.00645118, 0.00633054, 0.00620549, 0.00607705, 0.00594562, 0.00581190, 0.00567652, 0.00554015, 0.00540319, 0.00526608, 0.00512922, 0.00499297, 0.00485765, 0.00433071, 0.00383565, 0.00337981, 0.00296577, 0.00259382, 0.00226249, 0.00196918, 0.00171073, 0.00148366, 0.00128446, 0.00110981, 0.00095780, 0.00082598, 0.00071186, 0.00061325
0.00205320, 0.00640043, 0.01017607, 0.01301955, 0.01527167, 0.01714375, 0.01870046, 0.02000715, 0.02110920, 0.02203636, 0.02281013, 0.02344699, 0.02396595, 0.02437311, 0.02468315, 0.02490301, 0.02503960, 0.02510256, 0.02509870, 0.02504728, 0.02491960, 0.02473937, 0.02451386, 0.02424753, 0.02394408, 0.02360801, 0.02324349, 0.02285441, 0.02244437, 0.02201669, 0.02157475, 0.02112193, 0.02065974, 0.02019051, 0.01971638, 0.01923960, 0.01876146, 0.01828344, 0.01780687, 0.01733290, 0.01686259, 0.01503446, 0.01332010, 0.01174292, 0.01031087, 0.00902430, 0.00787775, 0.00686221, 0.00596672, 0.00517942, 0.00448832, 0.00388194, 0.00335341, 0.00289459, 0.00249701, 0.00215307
0.00577016, 0.01544532, 0.02293065, 0.02830010, 0.03243892, 0.03582847, 0.03860678, 0.04091367, 0.04283783, 0.04443782, 0.04575645, 0.04682655, 0.04767995, 0.04833321, 0.04881011, 0.04912519, 0.04929243, 0.04932755, 0.04924291, 0.04908205, 0.04877933, 0.04838383, 0.04790737, 0.04735848, 0.04674464, 0.04607376, 0.04535324, 0.04458992, 0.04379018, 0.04295989, 0.04210474, 0.04123024, 0.04033987, 0.03943771, 0.03852755, 0.03761336, 0.03669742, 0.03578232, 0.03487041, 0.03396374, 0.03306416, 0.02956625, 0.02628021, 0.02324795, 0.02048560, 0.01799470, 0.01576637, 0.01378526, 0.01203237, 0.01048692, 0.00912775, 0.00793411, 0.00688628, 0.00596870, 0.00516999, 0.00447572
0.00737166, 0.01856437, 0.02662306, 0.03218298, 0.03637007, 0.03975725, 0.04250290, 0.04476683, 0.04664375, 0.04819582, 0.04946828, 0.05049522, 0.05130449, 0.05191613, 0.05234976, 0.05262037, 0.05274212, 0.05272812, 0.05259003, 0.05237718, 0.05201338, 0.05155242, 0.05100498, 0.05038026, 0.04968677, 0.04893273, 0.04812588, 0.04727351, 0.04638243, 0.04545897, 0.04450907, 0.04353823, 0.04255119, 0.04155243, 0.04054615, 0.03953673, 0.03852670, 0.03751896, 0.03651608, 0.03552037, 0.03453384, 0.03071204, 0.02714422, 0.02387324, 0.02091439, 0.01826523, 0.01591185, 0.01383356, 0.01200598, 0.01040330, 0.00899969, 0.00777076, 0.00670201, 0.00577614, 0.00497539, 0.00428400
0.00185614, 0.00527132, 0.00809241, 0.01018601, 0.01183334, 0.01319891, 0.01433103, 0.01527897, 0.01607628, 0.01674493, 0.01730085, 0.01775623, 0.01812501, 0.01841189, 0.01862762, 0.01877744, 0.01886651, 0.01890193, 0.01888872, 0.01884179, 0.01873876, 0.01859765, 0.01842380, 0.01822044, 0.01799033, 0.01773671, 0.01746262, 0.01717087, 0.01686408, 0.01654465, 0.01621500, 0.01587759, 0.01553349, 0.01518439, 0.01483182, 0.01447740, 0.01412207, 0.01376689, 0.01341280, 0.01306065, 0.01271118, 0.01135217, 0.01007613, 0.00890016, 0.00783025, 0.00686696, 0.00600662, 0.00524298, 0.00456832, 0.00397426, 0.00345226, 0.00299397, 0.00259219, 0.00224240, 0.00193855, 0.00167501
-0.00347280, -0.00703580, -0.00881961, -0.00979483, -0.01041521, -0.01086610, -0.01118997, -0.01143060, -0.01160666, -0.01173058, -0.01181186, -0.01185765, -0.01186850, -0.01185268, -0.01180964, -0.01174340, -0.01165747, -0.01155184, -0.01142829, -0.01129821, -0.01114519, -0.01097981, -0.01080235, -0.01061485, -0.01041952, -0.01021755, -0.01001008, -0.00979818, -0.00958283, -0.00936495, -0.00914511, -0.00892358, -0.00870191, -0.00848073, -0.00826059, -0.00804213, -0.00782562, -0.00761145, -0.00739992, -0.00719133, -0.00698590, -0.00619968, -0.00547577, -0.00481710, -0.00422464, -0.00369583, -0.00322670, -0.00281252, -0.00244821, -0.00212866, -0.00184889, -0.00160418, -0.00139016, -0.00120318, -0.00104079, -0.00089994
0.00405005, 0.01056863, 0.01541919, 0.01881896, 0.02140154, 0.02349839, 0.02520342, 0.02661112, 0.02777853, 0.02874338, 0.02953340, 0.03016976, 0.03067046, 0.03104797, 0.03131527, 0.03148204, 0.03155741, 0.03155011, 0.03146771, 0.03133785, 0.03111965, 0.03084371, 0.03051675, 0.03014440, 0.02973178, 0.02928387, 0.02880532, 0.02830047, 0.02777334, 0.02722765, 0.02666688, 0.02609427, 0.02551248, 0.02492409, 0.02433149, 0.02373722, 0.02314269, 0.02254955, 0.02195925, 0.02137311, 0.02079226, 0.01854020, 0.01643359, 0.01449711, 0.01273987, 0.01116115, 0.00975377, 0.00850658, 0.00740632, 0.00643876, 0.00558958, 0.00484488, 0.00419249, 0.00362491, 0.00313223, 0.00270519
0.00319847, 0.00929940, 0.01437923, 0.01814393, 0.02110100, 0.02354956, 0.02557856, 0.02727809, 0.02870916, 0.02991171, 0.03091443, 0.03173918, 0.03241030, 0.03293618, 0.03333540, 0.03361695, 0.03378976, 0.03386598, 0.03385427, 0.03378298, 0.03360831, 0.03336393, 0.03305919, 0.03269992, 0.03229107, 0.03183852, 0.03134775, 0.03082390, 0.03027173, 0.02969569, 0.02910023, 0.02848980, 0.02786659, 0.02723370, 0.02659403, 0.02595062, 0.02530522, 0.02465985, 0.02401631, 0.02337618, 0.02274089, 0.02027086, 0.01795400, 0.01582244, 0.01388743, 0.01214957, 0.01060148, 0.00923095, 0.00802306, 0.00696170, 0.00603056, 0.00521394, 0.00450230, 0.00388482, 0.00334999, 0.00288752
0.00114703, 0.00364627, 0.00589433, 0.00762283, 0.00900942, 0.01017113, 0.01114388, 0.01196449, 0.01266013, 0.01324853, 0.01374236, 0.01415130, 0.01448809, 0.01475516, 0.01496254, 0.01511408, 0.01521370, 0.01526794, 0.01528099, 0.01526499, 0.01520102, 0.01510422, 0.01497949, 0.01482936, 0.01465588, 0.01446179, 0.01424967, 0.01402190, 0.01378070, 0.01352813, 0.01326632, 0.01299752, 0.01272240, 0.01244240, 0.01215885, 0.01187314, 0.01158608, 0.01129859, 0.01101152, 0.01072558, 0.01044144, 0.00933341, 0.00828961, 0.00732566, 0.00644715, 0.00565520, 0.00494727, 0.00431852, 0.00376277, 0.00327325, 0.00284297, 0.00246510, 0.00213386, 0.00184556, 0.00159514, 0.00137798
0.00011094, 0.00046096, 0.00078318, 0.00102543, 0.00121594, 0.00137309, 0.00150300, 0.00161162, 0.00170296, 0.00177969, 0.00184376, 0.00189667, 0.00193989, 0.00197412, 0.00200046, 0.00201954, 0.00203196, 0.00203842, 0.00203946, 0.00203701, 0.00202816, 0.00201505, 0.00199821, 0.00197802, 0.00195479, 0.00192888, 0.00190062, 0.00187030, 0.00183823, 0.00180465, 0.00176984, 0.00173404, 0.00169741, 0.00166014, 0.00162240, 0.00158437, 0.00154616, 0.00150789, 0.00146968, 0.00143161, 0.00139378, 0.00124622, 0.00110713, 0.00097857, 0.00086137, 0.00075570, 0.00066123, 0.00057731, 0.00050313, 0.00043780, 0.00038039, 0.00033000, 0.00028579, 0.00024726, 0.00021378, 0.00018474
0.00351499, 0.01190911, 0.01945363, 0.02518516, 0.02974008, 0.03353044, 0.03668625, 0.03933798, 0.04157752, 0.04346531, 0.04504493, 0.04634978, 0.04741856, 0.04826328, 0.04891368, 0.04938357, 0.04968663, 0.04984222, 0.04986388, 0.04979237, 0.04956581, 0.04923339, 0.04880967, 0.04830341, 0.04772194, 0.04707415, 0.04636836, 0.04561229, 0.04481315, 0.04397757, 0.04311230, 0.04222416, 0.04131614, 0.04039292, 0.03945880, 0.03851833, 0.03757412, 0.03662919, 0.03568622, 0.03474760, 0.03381543, 0.03018552, 0.02677303, 0.02362714, 0.02076567, 0.01819094, 0.01589335, 0.01385598, 0.01205777, 0.01047574, 0.00908646, 0.00786702, 0.00680123, 0.00587524, 0.00507207, 0.00437658
0.00156533, 0.00628479, 0.01087641, 0.01445947, 0.01734678, 0.01976991, 0.02180542, 0.02352984, 0.02500102, 0.02625636, 0.02732192, 0.02821712, 0.02896754, 0.02957666, 0.03006407, 0.03043625, 0.03069993, 0.03086749, 0.03094661, 0.03096450, 0.03087535, 0.03071272, 0.03048655, 0.03020196, 0.02986317, 0.02947603, 0.02904613, 0.02857876, 0.02807894, 0.02755135, 0.02700091, 0.02643278, 0.02584880, 0.02525242, 0.02464684, 0.02403538, 0.02342011, 0.02280332, 0.02218704, 0.02157309, 0.02096309, 0.01858870, 0.01636442, 0.01432691, 0.01248794, 0.01084748, 0.00939644, 0.00812035, 0.00700180, 0.00602221, 0.00516918, 0.00443217, 0.00379703, 0.00325101, 0.00278263, 0.00238154
-0.00011568, 0.00049001, 0.00130104, 0.00198761, 0.00256157, 0.00305128, 0.00346880, 0.00382591, 0.00413320, 0.00439755, 0.00462375, 0.00481543, 0.00497827, 0.00511236, 0.00522221, 0.00530899, 0.00537398, 0.00542001, 0.00544872, 0.00546424, 0.00545979, 0.00544101, 0.00541007, 0.00536790, 0.00531520, 0.00525314, 0.00518279, 0.00510517, 0.00502125, 0.00493190, 0.00483812, 0.00474092, 0.00464054, 0.00453760, 0.00443272, 0.00432650, 0.00421933, 0.00411164, 0.00400380, 0.00389615, 0.00378900, 0.00337025, 0.00297580, 0.00261284, 0.00228378, 0.00198903, 0.00172734, 0.00149643, 0.00129344, 0.00111526, 0.00095946, 0.00082446, 0.00070779, 0.00060722, 0.00052072, 0.00044646
0.00530686, 0.01897332, 0.03146186, 0.04097081, 0.04853282, 0.05482973, 0.06007977, 0.06450023, 0.06824473, 0.07141354, 0.07407807, 0.07629231, 0.07811910, 0.07957606, 0.08071098, 0.08154481, 0.08209849, 0.08240293, 0.08247943, 0.08239573, 0.08204571, 0.08151208, 0.08081907, 0.07998125, 0.07901100, 0.07792351, 0.07673309, 0.07545323, 0.07409653, 0.07267474, 0.07119979, 0.06968371, 0.06813214, 0.06655344, 0.06495542, 0.06334618, 0.06173058, 0.06011406, 0.05850149, 0.05689718, 0.05530497, 0.04911863, 0.04332995, 0.03802379, 0.03322776, 0.02894055, 0.02513952, 0.02178922, 0.01884740, 0.01626892, 0.01401112, 0.01205112, 0.01035608, 0.00889345, 0.00763394, 0.00655129
0.00592166, 0.01613468, 0.02410904, 0.02983309, 0.03424260, 0.03785110, 0.04080752, 0.04326218, 0.04531044, 0.04701528, 0.04842273, 0.04956791, 0.05048430, 0.05118979, 0.05170907, 0.05205750, 0.05224976, 0.05230206, 0.05222726, 0.05207431, 0.05176818, 0.05136300, 0.05087108, 0.05030141, 0.04966194, 0.04896100, 0.04820639, 0.04740538, 0.04656471, 0.04569065, 0.04478923, 0.04386627, 0.04292563, 0.04197167, 0.04100848, 0.04004031, 0.03906966, 0.03809933, 0.03713185, 0.03616947, 0.03521419, 0.03149633, 0.02799978, 0.02477075, 0.02182771, 0.01917308, 0.01679787, 0.01468604, 0.01281749, 0.01117019, 0.00972160, 0.00844965, 0.00733328, 0.00635553, 0.00550446, 0.00476477
0.00783105, 0.02263454, 0.03471907, 0.04355160, 0.05042476, 0.05608113, 0.06074187, 0.06462938, 0.06788961, 0.07061861, 0.07288599, 0.07474479, 0.07624903, 0.07742267, 0.07830604, 0.07892145, 0.07929054, 0.07943957, 0.07938835, 0.07920997, 0.07879110, 0.07821437, 0.07749986, 0.07666124, 0.07571039, 0.07466048, 0.07352387, 0.07231206, 0.07103581, 0.06970509, 0.06832970, 0.06691930, 0.06547949, 0.06401730, 0.06253926, 0.06105224, 0.05956024, 0.05806782, 0.05657906, 0.05509759, 0.05362664, 0.04790020, 0.04251629, 0.03754974, 0.03302947, 0.02895912, 0.02532402, 0.02209817, 0.01924920, 0.01674171, 0.01453958, 0.01260751, 0.01091358, 0.00943854, 0.00815759, 0.00704688
0.00372163, 0.01062028, 0.01628065, 0.02045201, 0.02371942, 0.02642138, 0.02865757, 0.03052896, 0.03210283, 0.03342319, 0.03452174, 0.03542260, 0.03615206, 0.03671994, 0.03714630, 0.03744134, 0.03761512, 0.03768091, 0.03764843, 0.03754665, 0.03733207, 0.03704004, 0.03668084, 0.03626115, 0.03578670, 0.03526413, 0.03469964, 0.03409900, 0.03346762, 0.03281047, 0.03213252, 0.03143870, 0.03073157, 0.03001463, 0.02929109, 0.02856435, 0.02783636, 0.02710932, 0.02638522, 0.02566582, 0.02495266, 0.02218725, 0.01960361, 0.01723519, 0.01509254, 0.01317431, 0.01147048, 0.00996591, 0.00864266, 0.00748165, 0.00646375, 0.00557442, 0.00480315, 0.00413559, 0.00355890, 0.00306157
-0.00422295, -0.00707128, -0.00754153, -0.00735555, -0.00699076, -0.00659815, -0.00620066, -0.00582380, -0.00546853, -0.00513541, -0.00482556, -0.00453953, -0.00426765, -0.00401772, -0.00378104, -0.00355931, -0.00335358, -0.00315875, -0.00297367, -0.00280261, -0.00264024, -0.00248792, -0.00234228, -0.00220393, -0.00207400, -0.00195194, -0.00183722, -0.00172936, -0.00162793, -0.00153254, -0.00144231, -0.00135590, -0.00127470, -0.00119840, -0.00112671, -0.00105936, -0.00099606, -0.00093658, -0.00088068, -0.00082815, -0.00077876, -0.00060915, -0.00047632, -0.00037100, -0.00028890, -0.00022488, -0.00017494, -0.00013595, -0.00010551, -0.00008172, -0.00006312, -0.00004857, -0.00003723, -0.00002841, -0.00002157, -0.00001626
0.00323338, 0.00953119, 0.01482507, 0.01876383, 0.02186246, 0.02442830, 0.02655360, 0.02833191, 0.02982715, 0.03108143, 0.03212530, 0.03298223, 0.03367842, 0.03422317, 0.03463654, 0.03492844, 0.03510856, 0.03518997, 0.03518193, 0.03511595, 0.03494347, 0.03470077, 0.03439755, 0.03403974, 0.03363231, 0.03318115, 0.03269175, 0.03216922, 0.03161826, 0.03104324, 0.03044856, 0.02983866, 0.02921555, 0.02858226, 0.02794164, 0.02729664, 0.02664900, 0.02600067, 0.02535342, 0.02470881, 0.02406825, 0.02156904, 0.01921052, 0.01702640, 0.01503006, 0.01322463, 0.01160533, 0.01016237, 0.00888301, 0.00775305, 0.00675778, 0.00588270, 0.00511391, 0.00443891, 0.00384986, 0.00333706
0.00291036, 0.00846517, 0.01308222, 0.01650162, 0.01918597, 0.02140710, 0.02324594, 0.02478444, 0.02607777, 0.02716220, 0.02806395, 0.02880315, 0.02940185, 0.02986829, 0.03021936, 0.03046362, 0.03060954, 0.03066821, 0.03064770, 0.03057276, 0.03040619, 0.03017754, 0.02989522, 0.02956458, 0.02919017, 0.02877730, 0.02833089, 0.02785553, 0.02735548, 0.02683468, 0.02629705, 0.02574651, 0.02518502, 0.02461530, 0.02403990, 0.02346149, 0.02288159, 0.02230195, 0.02172414, 0.02114955, 0.02057940, 0.01836301, 0.01628353, 0.01436882, 0.01262873, 0.01106384, 0.00966783, 0.00843014, 0.00733782, 0.00637687, 0.00553309, 0.00479260, 0.00414479, 0.00358177, 0.00309326, 0.00267008
0.00220792, 0.00651626, 0.01011744, 0.01278346, 0.01487427, 0.01660280, 0.01803297, 0.01922930, 0.02023536, 0.02107974, 0.02178313, 0.02236130, 0.02283141, 0.02319987, 0.02347968, 0.02367740, 0.02379945, 0.02385431, 0.02384807, 0.02380208, 0.02368321, 0.02351607, 0.02330707, 0.02306029, 0.02277919, 0.02246781, 0.02212991, 0.02176902, 0.02138840, 0.02099109, 0.02058013, 0.02015856, 0.01972789, 0.01929027, 0.01884767, 0.01840217, 0.01795500, 0.01750754, 0.01706101, 0.01661654, 0.01617509, 0.01445538, 0.01283709, 0.01134322, 0.00998252, 0.00875640, 0.00766066, 0.00668769, 0.00582791, 0.00507080, 0.00440559, 0.00382174, 0.00330961, 0.00286335, 0.00247564, 0.00213931
0.00257574, 0.00733263, 0.01119687, 0.01402731, 0.01623566, 0.01805687, 0.01956014, 0.02081531, 0.02186806, 0.02274840, 0.02347810, 0.02407383, 0.02455291, 0.02492291, 0.02519698, 0.02538244, 0.02548645, 0.02551778, 0.02548312, 0.02540137, 0.02524513, 0.02503748, 0.02478516, 0.02449278, 0.02416438, 0.02380441, 0.02341702, 0.02300609, 0.02257521, 0.02212770, 0.02166680, 0.02119571, 0.02071626, 0.02023072, 0.01974125, 0.01925005, 0.01875840, 0.01826775, 0.01777938, 0.01729444, 0.01681394, 0.01495234, 0.01321466, 0.01162224, 0.01018174, 0.00889191, 0.00774590, 0.00673352, 0.00584280, 0.00506103, 0.00437549, 0.00377588, 0.00325547, 0.00280473, 0.00241507, 0.00207879
0.00254664, 0.00786397, 0.01245803, 0.01590698, 0.01863271, 0.02089562, 0.02277529, 0.02435214, 0.02568212, 0.02680193, 0.02773801, 0.02851053, 0.02914268, 0.02964170, 0.03002535, 0.03030180, 0.03047917, 0.03056894, 0.03057907, 0.03053705, 0.03039976, 0.03019920, 0.02994404, 0.02963942, 0.02928964, 0.02889997, 0.02847530, 0.02802021, 0.02753897, 0.02703553, 0.02651390, 0.02597816, 0.02543010, 0.02487248, 0.02430792, 0.02373911, 0.02316765, 0.02259538, 0.02202389, 0.02145465, 0.02088895, 0.01868230, 0.01660223, 0.01467959, 0.01292626, 0.01134471, 0.00993009, 0.00867301, 0.00756143, 0.00658204, 0.00572116, 0.00496533, 0.00430199, 0.00372339, 0.00322046, 0.00278397
0.00348398, 0.00989548, 0.01512248, 0.01896148, 0.02195943, 0.02443095, 0.02646906, 0.02816808, 0.02959068, 0.03077835, 0.03176146, 0.03256345, 0.03320908, 0.03370893, 0.03408182, 0.03433803, 0.03448749, 0.03454253, 0.03451227, 0.03442791, 0.03424217, 0.03399035, 0.03368144, 0.03332129, 0.03291489, 0.03246784, 0.03198534, 0.03147220, 0.03093286, 0.03037143, 0.02979196, 0.02919849, 0.02859307, 0.02797853, 0.02735750, 0.02673273, 0.02610582, 0.02547856, 0.02485260, 0.02422937, 0.02361017, 0.02119444, 0.01891319, 0.01679752, 0.01486023, 0.01310445, 0.01152600, 0.01011605, 0.00886296, 0.00775368, 0.00677465, 0.00591240, 0.00515401, 0.00448732, 0.00390177, 0.00339040
0.00386256, 0.01090038, 0.01659378, 0.02075918, 0.02400586, 0.02668068, 0.02888565, 0.03072400, 0.03226355, 0.03354907, 0.03461321, 0.03548108, 0.03617881, 0.03671790, 0.03711818, 0.03739068, 0.03754608, 0.03759746, 0.03755466, 0.03744932, 0.03723416, 0.03694586, 0.03659418, 0.03618564, 0.03572588, 0.03522114, 0.03467724, 0.03409956, 0.03349312, 0.03286252, 0.03221229, 0.03154692, 0.03086885, 0.03018126, 0.02948712, 0.02878953, 0.02809026, 0.02739135, 0.02669461, 0.02600167, 0.02531395, 0.02263840, 0.02012345, 0.01780208, 0.01568676, 0.01377896, 0.01207206, 0.01055441, 0.00921149, 0.00802740, 0.00698589, 0.00607105, 0.00526771, 0.00456493, 0.00395332, 0.00342177
-0.01947378, -0.04513935, -0.06179948, -0.07269400, -0.08062660, -0.08691756, -0.09191266, -0.09596272, -0.09925673, -0.10191958, -0.10404414, -0.10570079, -0.10693267, -0.10779331, -0.10831097, -0.10852008, -0.10845229, -0.10812780, -0.10756968, -0.10687252, -0.10589919, -0.10475000, -0.10344167, -0.10199385, -0.10042553, -0.09875232, -0.09698891, -0.09514899, -0.09324534, -0.09128974, -0.08929238, -0.08726193, -0.08520959, -0.08314350, -0.08107120, -0.07900076, -0.07693643, -0.07488332, -0.07284595, -0.07082829, -0.06883384, -0.06114330, -0.05400315, -0.04747887, -0.04159197, -0.03632954, -0.03165907, -0.02753657, -0.02391224, -0.02073433, -0.01795159, -0.01551509, -0.01339257, -0.01155256, -0.00995990, -0.00858344
0.00369602, 0.01010982, 0.01520450, 0.01890603, 0.02178233, 0.02415108, 0.02610402, 0.02773425, 0.02910259, 0.03024879, 0.03120143, 0.03198217, 0.03261364, 0.03310508, 0.03347348, 0.03372781, 0.03387689, 0.03393185, 0.03390097, 0.03381374, 0.03362417, 0.03336649, 0.03304944, 0.03267883, 0.03225971, 0.03179781, 0.03129850, 0.03076680, 0.03020743, 0.02962473, 0.02902305, 0.02840665, 0.02777791, 0.02713994, 0.02649559, 0.02584788, 0.02519855, 0.02454960, 0.02390281, 0.02325976, 0.02262186, 0.02014425, 0.01782381, 0.01569183, 0.01375916, 0.01202575, 0.01048359, 0.00911993, 0.00791939, 0.00686548, 0.00594154, 0.00513198, 0.00442774, 0.00381731, 0.00328911, 0.00283284
0.00879946, 0.02433322, 0.03667719, 0.04562554, 0.05256641, 0.05827458, 0.06297518, 0.06689555, 0.07018248, 0.07293206, 0.07521365, 0.07707985, 0.07858390, 0.07974972, 0.08061712, 0.08120842, 0.08154535, 0.08165426, 0.08155527, 0.08131581, 0.08083316, 0.08018655, 0.07939665, 0.07847787, 0.07744286, 0.07630555, 0.07507899, 0.07377543, 0.07240629, 0.07098214, 0.06951337, 0.06801013, 0.06647853, 0.06492602, 0.06335950, 0.06178624, 0.06021041, 0.05863678, 0.05706961, 0.05551268, 0.05396931, 0.04798497, 0.04239424, 0.03726899, 0.03263285, 0.02848282, 0.02479725, 0.02154333, 0.01868228, 0.01617285, 0.01397371, 0.01205132, 0.01038395, 0.00894082, 0.00769412, 0.00661895
0.00285342, 0.00857409, 0.01346129, 0.01712498, 0.02002102, 0.02242690, 0.02442630, 0.02610408, 0.02751904, 0.02870968, 0.02970371, 0.03052230, 0.03119004, 0.03171451, 0.03211465, 0.03239924, 0.03257697, 0.03266025, 0.03265772, 0.03259593, 0.03243421, 0.03220462, 0.03191657, 0.03157567, 0.03118663, 0.03075519, 0.03028669, 0.02978613, 0.02925813, 0.02870698, 0.02813703, 0.02755268, 0.02695585, 0.02634955, 0.02573656, 0.02511978, 0.02450093, 0.02388192, 0.02326447, 0.02265013, 0.02204025, 0.01966722, 0.01743857, 0.01538557, 0.01351928, 0.01184078, 0.01034353, 0.00901627, 0.00784513, 0.00681502, 0.00591060, 0.00511689, 0.00442329, 0.00382076, 0.00329820, 0.00284576
0.00151065, 0.00510440, 0.00838840, 0.01091091, 0.01293008, 0.01461869, 0.01603110, 0.01722230, 0.01823237, 0.01908747, 0.01980621, 0.02040278, 0.02089502, 0.02128683, 0.02159209, 0.02181634, 0.02196520, 0.02204768, 0.02206970, 0.02204894, 0.02195776, 0.02181811, 0.02163687, 0.02141780, 0.02116401, 0.02087954, 0.02056817, 0.02023344, 0.01987865, 0.01950685, 0.01912121, 0.01872499, 0.01831939, 0.01790656, 0.01748852, 0.01706735, 0.01664429, 0.01622075, 0.01579797, 0.01537706, 0.01495902, 0.01333138, 0.01180266, 0.01039570, 0.00911833, 0.00797137, 0.00695008, 0.00604636, 0.00525023, 0.00455085, 0.00393722, 0.00339963, 0.00293245, 0.00252752, 0.00217721, 0.00187470
0.00405568, 0.01140654, 0.01733183, 0.02164825, 0.02500350, 0.02776539, 0.03004190, 0.03194205, 0.03353741, 0.03487485, 0.03598810, 0.03690269, 0.03764501, 0.03822599, 0.03866529, 0.03897332, 0.03916025, 0.03923883, 0.03921851, 0.03913615, 0.03893331, 0.03865169, 0.03830122, 0.03788854, 0.03741941, 0.03690035, 0.03633749, 0.03573656, 0.03510294, 0.03444164, 0.03375762, 0.03305577, 0.03233887, 0.03161049, 0.03087395, 0.03013271, 0.02938884, 0.02864466, 0.02790225, 0.02716346, 0.02642994, 0.02357524, 0.02089380, 0.01842361, 0.01617902, 0.01416143, 0.01236293, 0.01076984, 0.00936530, 0.00813098, 0.00704825, 0.00609894, 0.00526938, 0.00454920, 0.00392500, 0.00338488
0.00212634, 0.00588874, 0.00891338, 0.01112440, 0.01284889, 0.01427212, 0.01544789, 0.01643078, 0.01725687, 0.01794968, 0.01852613, 0.01899906, 0.01938223, 0.01968087, 0.01990541, 0.02006116, 0.02015334, 0.02018880, 0.02017257, 0.02012151, 0.02000946, 0.01985640, 0.01966767, 0.01944676, 0.01919666, 0.01892085, 0.01862256, 0.01830483, 0.01797051, 0.01762223, 0.01726260, 0.01689424, 0.01651853, 0.01613731, 0.01575233, 0.01536538, 0.01497751, 0.01458993, 0.01420369, 0.01381974, 0.01343893, 0.01196048, 0.01057683, 0.00930652, 0.00815580, 0.00712442, 0.00620743, 0.00539704, 0.00468391, 0.00405806, 0.00350942, 0.00302909, 0.00261190, 0.00225050, 0.00193801, 0.00166827
0.00522222, 0.01544820, 0.02406781, 0.03048535, 0.03553924, 0.03973088, 0.04321036, 0.04612953, 0.04859220, 0.05066604, 0.05239950, 0.05382927, 0.05499708, 0.05591611, 0.05661821, 0.05711817, 0.05743073, 0.05757671, 0.05757073, 0.05746014, 0.05717119, 0.05676097, 0.05624568, 0.05563527, 0.05493820, 0.05416463, 0.05332411, 0.05242560, 0.05147744, 0.05048738, 0.04946327, 0.04841298, 0.04734025, 0.04625057, 0.04514903, 0.04404096, 0.04292949, 0.04181815, 0.04071012, 0.03960819, 0.03851486, 0.03426751, 0.03029050, 0.02663935, 0.02333253, 0.02036974, 0.01773676, 0.01541094, 0.01336507, 0.01156999, 0.00999631, 0.00862072, 0.00742759, 0.00639490, 0.00550277, 0.00473343
0.00251327, 0.00737569, 0.01146764, 0.01452345, 0.01693320, 0.01893020, 0.02058434, 0.02196688, 0.02312680, 0.02409663, 0.02490025, 0.02555625, 0.02608565, 0.02649616, 0.02680408, 0.02701767, 0.02714498, 0.02719667, 0.02718035, 0.02711927, 0.02697892, 0.02678625, 0.02654886, 0.02627136, 0.02595753, 0.02561186, 0.02523848, 0.02484121, 0.02442352, 0.02398864, 0.02353978, 0.02308023, 0.02261132, 0.02213525, 0.02165403, 0.02116980, 0.02068376, 0.02019731, 0.01971167, 0.01922797, 0.01874718, 0.01686916, 0.01509167, 0.01343906, 0.01192132, 0.01054153, 0.00929717, 0.00818210, 0.00718799, 0.00630532, 0.00552409, 0.00483432, 0.00422635, 0.00369104, 0.00321990, 0.00280566
0.00161889, 0.00475080, 0.00730228, 0.00915729, 0.01059517, 0.01177546, 0.01274601, 0.01355462, 0.01423203, 0.01479848, 0.01526865, 0.01565371, 0.01596439, 0.01620615, 0.01638688, 0.01651135, 0.01658414, 0.01661042, 0.01659431, 0.01655035, 0.01645641, 0.01632911, 0.01617248, 0.01598951, 0.01578283, 0.01555526, 0.01530942, 0.01504778, 0.01477266, 0.01448619, 0.01419044, 0.01388740, 0.01357843, 0.01326502, 0.01294858, 0.01263057, 0.01231187, 0.01199343, 0.01167613, 0.01136074, 0.01104794, 0.00983364, 0.00869719, 0.00765358, 0.00670817, 0.00586074, 0.00510721, 0.00444122, 0.00385513, 0.00334077, 0.00288991, 0.00249506, 0.00215189, 0.00185456, 0.00159739, 0.00137535
0.00239468, 0.00816823, 0.01340974, 0.01740884, 0.02059471, 0.02325046, 0.02546564, 0.02733031, 0.02890887, 0.03024346, 0.03136423, 0.03229410, 0.03306046, 0.03367058, 0.03414549, 0.03449420, 0.03472574, 0.03485367, 0.03488718, 0.03485625, 0.03471370, 0.03449549, 0.03421197, 0.03386913, 0.03347192, 0.03302662, 0.03253907, 0.03201478, 0.03145886, 0.03087607, 0.03027129, 0.02964950, 0.02901275, 0.02836444, 0.02770769, 0.02704578, 0.02638068, 0.02571457, 0.02504944, 0.02438702, 0.02372888, 0.02116431, 0.01875248, 0.01652991, 0.01450983, 0.01269411, 0.01107586, 0.00964275, 0.00837947, 0.00726927, 0.00629512, 0.00544078, 0.00469674, 0.00405129, 0.00349239, 0.00300928
0.00261896, 0.00744952, 0.01139261, 0.01429156, 0.01655822, 0.01842939, 0.01997491, 0.02126546, 0.02234789, 0.02325303, 0.02400332, 0.02461598, 0.02510937, 0.02549109, 0.02577515, 0.02596909, 0.02608028, 0.02611800, 0.02608914, 0.02601439, 0.02586321, 0.02566024, 0.02541245, 0.02512444, 0.02480015, 0.02444404, 0.02406025, 0.02365264, 0.02322475, 0.02277989, 0.02232131, 0.02185221, 0.02137430, 0.02088985, 0.02040097, 0.01990987, 0.01941781, 0.01892623, 0.01843641, 0.01794951, 0.01746653, 0.01559008, 0.01383039, 0.01221018, 0.01073745, 0.00941251, 0.00822996, 0.00718095, 0.00625465, 0.00543935, 0.00472319, 0.00409458, 0.00354383, 0.00306466, 0.00264857, 0.00228783
0.00096440, 0.00325942, 0.00527179, 0.00677183, 0.00794920, 0.00892169, 0.00972649, 0.01040040, 0.01096832, 0.01144660, 0.01184703, 0.01217849, 0.01245029, 0.01266609, 0.01283278, 0.01295390, 0.01303290, 0.01307420, 0.01308101, 0.01306584, 0.01300890, 0.01292433, 0.01281556, 0.01268486, 0.01253421, 0.01236585, 0.01218191, 0.01198439, 0.01177515, 0.01155595, 0.01132850, 0.01109455, 0.01085505, 0.01061127, 0.01036436, 0.01011555, 0.00986557, 0.00961524, 0.00936530, 0.00911641, 0.00886916, 0.00790594, 0.00700052, 0.00616647, 0.00540902, 0.00472877, 0.00412303, 0.00358707, 0.00311505, 0.00270058, 0.00233719, 0.00201873, 0.00174159, 0.00150135, 0.00129347, 0.00111391
0.00316990, 0.00714183, 0.00971699, 0.01142869, 0.01269336, 0.01370710, 0.01451963, 0.01518250, 0.01572488, 0.01616596, 0.01651995, 0.01679768, 0.01700773, 0.01715705, 0.01725184, 0.01729722, 0.01729801, 0.01725844, 0.01718235, 0.01708562, 0.01694422, 0.01677516, 0.01658168, 0.01636664, 0.01613266, 0.01588216, 0.01561742, 0.01534053, 0.01505344, 0.01475794, 0.01445567, 0.01414814, 0.01383670, 0.01352256, 0.01320687, 0.01289084, 0.01257512, 0.01226049, 0.01194765, 0.01163720, 0.01132968, 0.01013758, 0.00902103, 0.00799174, 0.00705422, 0.00620827, 0.00545057, 0.00477590, 0.00417794, 0.00364988, 0.00318480, 0.00277596, 0.00241693, 0.00210174, 0.00182545, 0.00158460
0.00809067, 0.02237080, 0.03371874, 0.04195129, 0.04833024, 0.05356198, 0.05785355, 0.06141490, 0.06438247, 0.06684728, 0.06887659, 0.07052254, 0.07183714, 0.07284650, 0.07358974, 0.07409021, 0.07437019, 0.07445509, 0.07436441, 0.07417284, 0.07376647, 0.07322568, 0.07256858, 0.07180752, 0.07095306, 0.07001659, 0.06900859, 0.06793875, 0.06681597, 0.06564842, 0.06444411, 0.06321088, 0.06195314, 0.06067650, 0.05938617, 0.05808763, 0.05678404, 0.05547900, 0.05417576, 0.05287720, 0.05158589, 0.04653528, 0.04174286, 0.03727354, 0.03315674, 0.02940243, 0.02600577, 0.02295220, 0.02022120, 0.01778886, 0.01562980, 0.01371842, 0.01202981, 0.01054028, 0.00922770, 0.00807167
-0.00033736, -0.00058729, -0.00063829, -0.00062812, -0.00059942, -0.00056644, -0.00053187, -0.00049848, -0.00046656, -0.00043633, -0.00040805, -0.00038190, -0.00035690, -0.00033399, -0.00031226, -0.00029195, -0.00027320, -0.00025548, -0.00023867, -0.00022324, -0.00020869, -0.00019515, -0.00018221, -0.00016998, -0.00015856, -0.00014792, -0.00013798, -0.00012871, -0.00012004, -0.00011196, -0.00010434, -0.00009705, -0.00009024, -0.00008389, -0.00007796, -0.00007244, -0.00006728, -0.00006246, -0.00005797, -0.00005378, -0.00004987, -0.00003668, -0.00002666, -0.00001891, -0.00001311, -0.00000879, -0.00000559, -0.00000325, -0.00000156, -0.00000035, 0.00000049, 0.00000106, 0.00000142, 0.00000164, 0.00000174, 0.00000177
0.01555949, 0.03393739, 0.04473499, 0.05138396, 0.05603744, 0.05964692, 0.06244718, 0.06467797, 0.06645842, 0.06786677, 0.06896127, 0.06978549, 0.07035849, 0.07071841, 0.07087574, 0.07085232, 0.07066796, 0.07033093, 0.06985425, 0.06930293, 0.06858065, 0.06775376, 0.06683021, 0.06582262, 0.06474365, 0.06360271, 0.06240866, 0.06116988, 0.05989418, 0.05858883, 0.05725975, 0.05591160, 0.05455255, 0.05318765, 0.05182157, 0.05045935, 0.04910359, 0.04775744, 0.04642370, 0.04510482, 0.04380293, 0.03879883, 0.03417413, 0.02996500, 0.02618201, 0.02281266, 0.01983244, 0.01721005, 0.01491096, 0.01289982, 0.01114204, 0.00960650, 0.00827492, 0.00712341, 0.00612922, 0.00527215
0.00189865, 0.00562216, 0.00879358, 0.01117498, 0.01305999, 0.01462714, 0.01592991, 0.01702284, 0.01794390, 0.01871801, 0.01936318, 0.01989327, 0.02032454, 0.02066200, 0.02091829, 0.02109925, 0.02121072, 0.02126098, 0.02125580, 0.02121209, 0.02110434, 0.02095308, 0.02076450, 0.02054223, 0.02028932, 0.02000947, 0.01970611, 0.01938247, 0.01904148, 0.01868589, 0.01831847, 0.01794205, 0.01755777, 0.01716755, 0.01677313, 0.01637636, 0.01597829, 0.01558014, 0.01518298, 0.01478779, 0.01439541, 0.01286778, 0.01143112, 0.01010533, 0.00889757, 0.00780889, 0.00683552, 0.00597072, 0.00520605, 0.00453223, 0.00393981, 0.00341952, 0.00296288, 0.00256476, 0.00221867, 0.00191825
0.00160665, 0.00485625, 0.00765348, 0.00976077, 0.01143094, 0.01281976, 0.01397434, 0.01494269, 0.01575853, 0.01644405, 0.01701536, 0.01748489, 0.01786732, 0.01816711, 0.01839568, 0.01855828, 0.01866010, 0.01870859, 0.01870886, 0.01867686, 0.01858826, 0.01846191, 0.01830325, 0.01811542, 0.01790101, 0.01766320, 0.01740497, 0.01712905, 0.01683798, 0.01653409, 0.01621976, 0.01589744, 0.01556806, 0.01523325, 0.01489449, 0.01455337, 0.01421078, 0.01386778, 0.01352530, 0.01318415, 0.01284508, 0.01152151, 0.01027136, 0.00911261, 0.00805226, 0.00709219, 0.00623006, 0.00546089, 0.00477814, 0.00417445, 0.00364219, 0.00317381, 0.00276205, 0.00240015, 0.00208366, 0.00180784
0.00650342, 0.01803346, 0.02718430, 0.03380859, 0.03894050, 0.04315613, 0.04662336, 0.04951150, 0.05192932, 0.05394830, 0.05562029, 0.05698478, 0.05808104, 0.05892784, 0.05955453, 0.05997818, 0.06021534, 0.06028543, 0.06020352, 0.06001984, 0.05965868, 0.05917847, 0.05859424, 0.05791665, 0.05715506, 0.05631962, 0.05541983, 0.05446455, 0.05346205, 0.05241996, 0.05134574, 0.05024664, 0.04912714, 0.04799259, 0.04684796, 0.04569846, 0.04454706, 0.04339720, 0.04225192, 0.04111393, 0.03998562, 0.03560763, 0.03151167, 0.02775006, 0.02434086, 0.02128299, 0.01856194, 0.01615508, 0.01403536, 0.01217386, 0.01054144, 0.00911050, 0.00786458, 0.00678400, 0.00584843, 0.00503976
0.00205980, 0.00628563, 0.00991661, 0.01263890, 0.01478995, 0.01657646, 0.01806119, 0.01930757, 0.02035957, 0.02124596, 0.02198735, 0.02259941, 0.02310028, 0.02349544, 0.02379877, 0.02401660, 0.02415522, 0.02422368, 0.02422822, 0.02418939, 0.02407513, 0.02390994, 0.02370076, 0.02345173, 0.02316632, 0.02284878, 0.02250311, 0.02213302, 0.02174200, 0.02133325, 0.02091005, 0.02047571, 0.02003171, 0.01958032, 0.01912366, 0.01866394, 0.01820245, 0.01774067, 0.01727992, 0.01682138, 0.01636607, 0.01459401, 0.01292979, 0.01139739, 0.01000534, 0.00875449, 0.00763982, 0.00665271, 0.00578255, 0.00501784, 0.00434685, 0.00375833, 0.00324539, 0.00280031, 0.00241478, 0.00208140
0.00288601, 0.00875118, 0.01376769, 0.01751533, 0.02047024, 0.02292264, 0.02496046, 0.02667235, 0.02811972, 0.02934246, 0.03036891, 0.03122032, 0.03192126, 0.03247861, 0.03291095, 0.03322632, 0.03343279, 0.03354226, 0.03356290, 0.03352528, 0.03337969, 0.03316199, 0.03288163, 0.03254421, 0.03215449, 0.03171834, 0.03124133, 0.03072869, 0.03018533, 0.02961586, 0.02902495, 0.02841735, 0.02779525, 0.02716197, 0.02652060, 0.02587434, 0.02522515, 0.02457519, 0.02392641, 0.02328055, 0.02263915, 0.02014304, 0.01780132, 0.01564932, 0.01369946, 0.01195248, 0.01040044, 0.00903014, 0.00782549, 0.00676914, 0.00584355, 0.00503528, 0.00433485, 0.00372914, 0.00320635, 0.00275594
-0.00120382, -0.00192541, -0.00186448, -0.00161233, -0.00132551, -0.00104890, -0.00078922, -0.00055324, -0.00033868, -0.00014417, 0.00003087, 0.00018697, 0.00032967, 0.00045551, 0.00056938, 0.00067081, 0.00075962, 0.00083879, 0.00090923, 0.00097069, 0.00102254, 0.00106631, 0.00110406, 0.00113580, 0.00116123, 0.00118092, 0.00119541, 0.00120519, 0.00121072, 0.00121243, 0.00121097, 0.00120723, 0.00120064, 0.00119153, 0.00118018, 0.00116690, 0.00115190, 0.00113540, 0.00111762, 0.00109872, 0.00107889, 0.00099307, 0.00090245, 0.00081278, 0.00072623, 0.00064488, 0.00056981, 0.00050145, 0.00043979, 0.00038454, 0.00033522, 0.00029141, 0.00025290, 0.00021916, 0.00018972, 0.00016408
0.00153598, 0.00974624, 0.01849359, 0.02551135, 0.03124102, 0.03607323, 0.04014653, 0.04359904, 0.04654018, 0.04904192, 0.05115570, 0.05292120, 0.05439227, 0.05557761, 0.05651967, 0.05723391, 0.05773614, 0.05805364, 0.05820363, 0.05823242, 0.05806891, 0.05777163, 0.05736066, 0.05684605, 0.05623572, 0.05554075, 0.05477146, 0.05393743, 0.05304756, 0.05211007, 0.05113364, 0.05012741, 0.04909384, 0.04803869, 0.04696732, 0.04588528, 0.04479590, 0.04370292, 0.04260969, 0.04151920, 0.04043410, 0.03619082, 0.03217932, 0.02846510, 0.02507279, 0.02200943, 0.01926713, 0.01682856, 0.01467094, 0.01276873, 0.01109548, 0.00962507, 0.00833515, 0.00721171, 0.00623537, 0.00538826
0.00301953, 0.01120309, 0.01886779, 0.02476979, 0.02949205, 0.03343681, 0.03673434, 0.03951503, 0.04187410, 0.04387381, 0.04555844, 0.04696162, 0.04812469, 0.04905710, 0.04979061, 0.05033796, 0.05071197, 0.05093295, 0.05101427, 0.05100162, 0.05082163, 0.05052875, 0.05013855, 0.04965960, 0.04909896, 0.04846584, 0.04776888, 0.04701620, 0.04621538, 0.04537347, 0.04449780, 0.04359589, 0.04267063, 0.04172708, 0.04076994, 0.03980411, 0.03883257, 0.03785862, 0.03688525, 0.03591511, 0.03495056, 0.03118663, 0.02764080, 0.02436954, 0.02139384, 0.01871769, 0.01633170, 0.01421824, 0.01235501, 0.01071751, 0.00928070, 0.00802058, 0.00692304, 0.00597100, 0.00514668, 0.00443420
0.00029498, 0.00468256, 0.00974261, 0.01388557, 0.01729923, 0.02019149, 0.02264065, 0.02472429, 0.02650687, 0.02803058, 0.02932521, 0.03041361, 0.03132855, 0.03207329, 0.03267370, 0.03313806, 0.03347499, 0.03370096, 0.03382595, 0.03387711, 0.03381134, 0.03366361, 0.03344622, 0.03316498, 0.03282434, 0.03243099, 0.03199117, 0.03151073, 0.03099511, 0.03044935, 0.02987887, 0.02928943, 0.02868239, 0.02806134, 0.02742962, 0.02679070, 0.02614668, 0.02549993, 0.02485256, 0.02420643, 0.02356324, 0.02104709, 0.01866967, 0.01647219, 0.01446970, 0.01266624, 0.01105644, 0.00962904, 0.00836943, 0.00726133, 0.00628800, 0.00543404, 0.00469076, 0.00404585, 0.00348738, 0.00300465
0.00484379, 0.01455419, 0.02272363, 0.02876788, 0.03350315, 0.03741564, 0.04065247, 0.04336156, 0.04564286, 0.04756185, 0.04916556, 0.05048957, 0.05157230, 0.05242770, 0.05308455, 0.05355699, 0.05385892, 0.05400883, 0.05401996, 0.05394441, 0.05369874, 0.05334187, 0.05288812, 0.05234653, 0.05172485, 0.05103219, 0.05027707, 0.04946753, 0.04861108, 0.04771470, 0.04678541, 0.04583027, 0.04485287, 0.04385823, 0.04285100, 0.04183607, 0.04081636, 0.03979515, 0.03877540, 0.03775973, 0.03675048, 0.03281575, 0.02911113, 0.02569209, 0.02258023, 0.01977921, 0.01727935, 0.01506274, 0.01310678, 0.01138668, 0.00987708, 0.00855316, 0.00739440, 0.00638744, 0.00551408, 0.00475781
0.00230346, 0.00694094, 0.01091415, 0.01389103, 0.01624236, 0.01819531, 0.01981854, 0.02118169, 0.02233341, 0.02330544, 0.02412043, 0.02479551, 0.02535076, 0.02579170, 0.02613364, 0.02638317, 0.02654688, 0.02663456, 0.02665286, 0.02662707, 0.02651611, 0.02634918, 0.02613383, 0.02587443, 0.02557459, 0.02523888, 0.02487159, 0.02447675, 0.02405811, 0.02361918, 0.02316357, 0.02269495, 0.02221487, 0.02172585, 0.02123023, 0.02073045, 0.02022799, 0.01972450, 0.01922146, 0.01872020, 0.01822190, 0.01627748, 0.01444477, 0.01275217, 0.01121056, 0.00982216, 0.00858247, 0.00748282, 0.00651217, 0.00565832, 0.00490879, 0.00425130, 0.00367573, 0.00317548, 0.00274153, 0.00236571
0.00107491, 0.00379706, 0.00632514, 0.00827584, 0.00983990, 0.01114801, 0.01224196, 0.01316395, 0.01394498, 0.01460537, 0.01515974, 0.01561929, 0.01599804, 0.01629929, 0.01653396, 0.01670656, 0.01682160, 0.01688616, 0.01690490, 0.01689196, 0.01682546, 0.01672255, 0.01658848, 0.01642613, 0.01623783, 0.01602662, 0.01579532, 0.01554656, 0.01528280, 0.01500628, 0.01471935, 0.01442443, 0.01412236, 0.01381473, 0.01350300, 0.01318872, 0.01287279, 0.01255623, 0.01223997, 0.01192483, 0.01161152, 0.01038855, 0.00923472, 0.00816765, 0.00719397, 0.00631525, 0.00552893, 0.00482989, 0.00421151, 0.00366645, 0.00318713, 0.00276610, 0.00239653, 0.00207431, 0.00179420, 0.00155106
0.00374361, 0.01074541, 0.01650625, 0.02075457, 0.02408182, 0.02683141, 0.02910498, 0.03100548, 0.03260168, 0.03393876, 0.03504948, 0.03595893, 0.03669424, 0.03726599, 0.03769487, 0.03799163, 0.03816683, 0.03823410, 0.03820342, 0.03810601, 0.03789490, 0.03760708, 0.03725286, 0.03683891, 0.03637092, 0.03585544, 0.03529854, 0.03470591, 0.03408281, 0.03343410, 0.03276462, 0.03207918, 0.03138025, 0.03067119, 0.02995516, 0.02923545, 0.02851394, 0.02779281, 0.02707397, 0.02635916, 0.02564988, 0.02289259, 0.02030528, 0.01792243, 0.01575634, 0.01380779, 0.01206901, 0.01052697, 0.00916571, 0.00796792, 0.00691604, 0.00599292, 0.00518465, 0.00448183, 0.00387179, 0.00334314
0.00642836, 0.01814025, 0.02762339, 0.03456407, 0.03997693, 0.04443998, 0.04812292, 0.05119739, 0.05377613, 0.05593320, 0.05772231, 0.05918454, 0.06036290, 0.06127564, 0.06195537, 0.06241985, 0.06268641, 0.06277663, 0.06270670, 0.06252713, 0.06216241, 0.06167244, 0.06107368, 0.06037719, 0.05959255, 0.05873048, 0.05780097, 0.05681335, 0.05577628, 0.05469775, 0.05358565, 0.05244776, 0.05128838, 0.05011308, 0.04892702, 0.04773563, 0.04654199, 0.04534966, 0.04416182, 0.04298125, 0.04181047, 0.03726491, 0.03300795, 0.02909463, 0.02554390, 0.02235544, 0.01951500, 0.01699985, 0.01478259, 0.01283379, 0.01112372, 0.00962361, 0.00831482, 0.00717860, 0.00619384, 0.00534176
0.00546087, 0.01361874, 0.01940168, 0.02336172, 0.02632857, 0.02871887, 0.03064747, 0.03223023, 0.03353460, 0.03460529, 0.03547529, 0.03616976, 0.03670827, 0.03710696, 0.03737962, 0.03753793, 0.03759285, 0.03755368, 0.03742908, 0.03725378, 0.03697598, 0.03663294, 0.03623186, 0.03577936, 0.03528157, 0.03474412, 0.03417227, 0.03357092, 0.03294464, 0.03229763, 0.03163374, 0.03095648, 0.03026913, 0.02957463, 0.02887568, 0.02817516, 0.02747467, 0.02677607, 0.02608101, 0.02539096, 0.02470723, 0.02205629, 0.01957526, 0.01729209, 0.01521770, 0.01335141, 0.01168516, 0.01020636, 0.00889994, 0.00774971, 0.00673934, 0.00585293, 0.00507545, 0.00439572, 0.00380467, 0.00329140
0.00138503, 0.00447714, 0.00722839, 0.00931930, 0.01098370, 0.01237172, 0.01352986, 0.01450508, 0.01533081, 0.01602885, 0.01661472, 0.01710021, 0.01749962, 0.01781654, 0.01806202, 0.01824069, 0.01835724, 0.01841886, 0.01843039, 0.01840656, 0.01832439, 0.01820207, 0.01804516, 0.01785684, 0.01763975, 0.01739726, 0.01713252, 0.01684846, 0.01654784, 0.01623321, 0.01590719, 0.01557244, 0.01523007, 0.01488188, 0.01452955, 0.01417482, 0.01381874, 0.01346246, 0.01310703, 0.01275338, 0.01240233, 0.01103734, 0.00975791, 0.00858261, 0.00751762, 0.00656310, 0.00571462, 0.00496498, 0.00430545, 0.00372663, 0.00321903, 0.00277560, 0.00239106, 0.00205827, 0.00177084, 0.00152301
0.00504024, 0.01441819, 0.02209062, 0.02771528, 0.03210308, 0.03572243, 0.03871192, 0.04121148, 0.04331435, 0.04508148, 0.04655656, 0.04777254, 0.04876456, 0.04954572, 0.05014227, 0.05056728, 0.05083359, 0.05095811, 0.05095303, 0.05086732, 0.05062220, 0.05027306, 0.04983313, 0.04931092, 0.04871374, 0.04805010, 0.04732804, 0.04655508, 0.04573830, 0.04488427, 0.04399959, 0.04309086, 0.04216155, 0.04121640, 0.04025981, 0.03929638, 0.03832886, 0.03736037, 0.03639366, 0.03543122, 0.03447526, 0.03075188, 0.02725149, 0.02402555, 0.02109360, 0.01845814, 0.01610910, 0.01402876, 0.01219505, 0.01058393, 0.00917093, 0.00793217, 0.00685056, 0.00591196, 0.00509880, 0.00439547
0.00444958, 0.01220399, 0.01831025, 0.02271610, 0.02612287, 0.02891840, 0.03121518, 0.03312677, 0.03472591, 0.03606038, 0.03716490, 0.03806588, 0.03878938, 0.03934808, 0.03976139, 0.04004069, 0.04019699, 0.04024310, 0.04018893, 0.04006952, 0.03983148, 0.03951486, 0.03912953, 0.03868252, 0.03817999, 0.03762861, 0.03703460, 0.03640378, 0.03574159, 0.03505303, 0.03434301, 0.03361628, 0.03287582, 0.03212513, 0.03136749, 0.03060634, 0.02984366, 0.02908170, 0.02832248, 0.02756780, 0.02681926, 0.02391190, 0.02118744, 0.01868130, 0.01640629, 0.01436256, 0.01254126, 0.01092809, 0.00950572, 0.00825551, 0.00715859, 0.00619661, 0.00535579, 0.00462558, 0.00399245, 0.00344438
0.00346303, 0.01022270, 0.01591529, 0.02015554, 0.02349481, 0.02626264, 0.02855779, 0.03048037, 0.03209889, 0.03345832, 0.03459115, 0.03552223, 0.03627967, 0.03687297, 0.03732367, 0.03764217, 0.03783873, 0.03792741, 0.03791819, 0.03784328, 0.03765317, 0.03738589, 0.03705203, 0.03665806, 0.03620943, 0.03571266, 0.03517379, 0.03459847, 0.03399196, 0.03335910, 0.03270478, 0.03203394, 0.03134882, 0.03065281, 0.02994906, 0.02924088, 0.02853018, 0.02781914, 0.02710971, 0.02640365, 0.02570248, 0.02297171, 0.02040267, 0.01803151, 0.01587164, 0.01392513, 0.01218529, 0.01064004, 0.00927420, 0.00807113, 0.00701380, 0.00608554, 0.00527112, 0.00456134, 0.00394453, 0.00340933
0.00719464, 0.01788070, 0.02547885, 0.03070282, 0.03462950, 0.03780090, 0.04036588, 0.04247497, 0.04421591, 0.04564665, 0.04680991, 0.04773826, 0.04845748, 0.04898830, 0.04934909, 0.04955520, 0.04962106, 0.04955932, 0.04938166, 0.04912842, 0.04874158, 0.04826635, 0.04771268, 0.04708958, 0.04640541, 0.04566794, 0.04488444, 0.04406169, 0.04320599, 0.04232315, 0.04141849, 0.04049687, 0.03956273, 0.03862009, 0.03767265, 0.03672434, 0.03577729, 0.03483403, 0.03389678, 0.03296752, 0.03204797, 0.02849448, 0.02518644, 0.02215846, 0.01942180, 0.01697225, 0.01479592, 0.01287317, 0.01118139, 0.00969680, 0.00839573, 0.00725582, 0.00626349, 0.00540303, 0.00465814, 0.00401434
0.00027733, 0.00257677, 0.00523365, 0.00743320, 0.00925910, 0.01081352, 0.01213430, 0.01325994, 0.01422410, 0.01504876, 0.01574946, 0.01633819, 0.01683362, 0.01723661, 0.01756216, 0.01781459, 0.01799850, 0.01812342, 0.01819490, 0.01822788, 0.01819834, 0.01812554, 0.01801643, 0.01787398, 0.01770033, 0.01749901, 0.01727330, 0.01702625, 0.01676069, 0.01647924, 0.01618476, 0.01588038, 0.01556653, 0.01524503, 0.01491761, 0.01458602, 0.01425138, 0.01391487, 0.01357758, 0.01324048, 0.01290445, 0.01158507, 0.01033078, 0.00916410, 0.00809375, 0.00712327, 0.00625130, 0.00547333, 0.00478296, 0.00417279, 0.00363503, 0.00316185, 0.00274574, 0.00238110, 0.00206339, 0.00178698
-0.00189176, -0.00532931, -0.00804362, -0.00998769, -0.01148087, -0.01269999, -0.01369727, -0.01452493, -0.01521574, -0.01579132, -0.01626743, -0.01665602, -0.01696785, -0.01720929, -0.01738808, -0.01750935, -0.01757800, -0.01759908, -0.01757677, -0.01752799, -0.01742662, -0.01729117, -0.01712560, -0.01693299, -0.01671614, -0.01647788, -0.01622089, -0.01594767, -0.01566054, -0.01536168, -0.01505317, -0.01473697, -0.01441456, -0.01408747, -0.01375715, -0.01342510, -0.01309219, -0.01275943, -0.01242772, -0.01209784, -0.01177051, -0.01049806, -0.00930428, -0.00820509, -0.00720675, -0.00630955, -0.00550981, -0.00480136, -0.00417669, -0.00362769, -0.00314610, -0.00272392, -0.00235458, -0.00203372, -0.00175550, -0.00151462
0.00494531, 0.01353960, 0.02028633, 0.02513906, 0.02888432, 0.03195581, 0.03447909, 0.03658071, 0.03834145, 0.03981414, 0.04103684, 0.04203823, 0.04284636, 0.04347460, 0.04394357, 0.04426515, 0.04445091, 0.04451433, 0.04446589, 0.04434572, 0.04409095, 0.04374727, 0.04332543, 0.04283316, 0.04227731, 0.04166529, 0.04100411, 0.04030034, 0.03956014, 0.03878925, 0.03799327, 0.03717765, 0.03634589, 0.03550206, 0.03464998, 0.03379361, 0.03293531, 0.03207771, 0.03122318, 0.03037382, 0.02953149, 0.02626244, 0.02320502, 0.02040000, 0.01786157, 0.01558880, 0.01357025, 0.01178823, 0.01022165, 0.00884801, 0.00764470, 0.00659248, 0.00567972, 0.00488982, 0.00420749, 0.00361910
0.00362119, 0.01126320, 0.01792045, 0.02293916, 0.02691586, 0.03022327, 0.03297547, 0.03528791, 0.03724177, 0.03889016, 0.04027109, 0.04141346, 0.04235144, 0.04309454, 0.04366895, 0.04408614, 0.04435755, 0.04450009, 0.04452529, 0.04447265, 0.04427956, 0.04399260, 0.04362467, 0.04318324, 0.04267452, 0.04210626, 0.04148574, 0.04081976, 0.04011465, 0.03937631, 0.03861076, 0.03782416, 0.03701905, 0.03619962, 0.03536974, 0.03453347, 0.03369323, 0.03285174, 0.03201143, 0.03117447, 0.03034279, 0.02710024, 0.02404711, 0.02122925, 0.01866380, 0.01635382, 0.01429140, 0.01246191, 0.01084683, 0.00942583, 0.00817810, 0.00708325, 0.00612500, 0.00529215, 0.00456957, 0.00394370
0.01665131, 0.03925467, 0.05421880, 0.06409907, 0.07134176, 0.07711293, 0.08172055, 0.08547614, 0.08855051, 0.09105577, 0.09307438, 0.09466830, 0.09587786, 0.09674744, 0.09730368, 0.09757576, 0.09759075, 0.09736744, 0.09692622, 0.09635223, 0.09551909, 0.09451870, 0.09336721, 0.09208232, 0.09068105, 0.08917805, 0.08758712, 0.08592126, 0.08419262, 0.08241248, 0.08059083, 0.07873639, 0.07685934, 0.07496756, 0.07306837, 0.07116957, 0.06927538, 0.06739080, 0.06552025, 0.06366763, 0.06183636, 0.05477881, 0.04823796, 0.04227740, 0.03691593, 0.03213955, 0.02791519, 0.02419885, 0.02094112, 0.01809095, 0.01559804, 0.01342746, 0.01154969, 0.00992818, 0.00853049, 0.00732768
0.00750399, 0.01933401, 0.02809511, 0.03424813, 0.03893028, 0.04273437, 0.04582732, 0.04837800, 0.05048868, 0.05222741, 0.05364467, 0.05477940, 0.05566549, 0.05632616, 0.05678631, 0.05706435, 0.05717761, 0.05714290, 0.05697463, 0.05672100, 0.05631277, 0.05580355, 0.05520575, 0.05452950, 0.05378391, 0.05297784, 0.05211950, 0.05121647, 0.05027576, 0.04930380, 0.04830660, 0.04728977, 0.04625770, 0.04521477, 0.04416505, 0.04311283, 0.04206046, 0.04101069, 0.03996597, 0.03892849, 0.03790015, 0.03390909, 0.03016650, 0.02671463, 0.02356984, 0.02073235, 0.01819146, 0.01592975, 0.01392594, 0.01215696, 0.01059936, 0.00923017, 0.00802758, 0.00697160, 0.00604935, 0.00524623
0.00048925, 0.00549547, 0.01106969, 0.01557885, 0.01927034, 0.02238457, 0.02501041, 0.02723572, 0.02913098, 0.03074287, 0.03210495, 0.03324329, 0.03419293, 0.03496000, 0.03557210, 0.03603952, 0.03637267, 0.03658919, 0.03670025, 0.03673705, 0.03665177, 0.03648269, 0.03624253, 0.03593761, 0.03557282, 0.03515508, 0.03469077, 0.03418584, 0.03364575, 0.03307557, 0.03248066, 0.03186668, 0.03123505, 0.03058929, 0.02993270, 0.02926868, 0.02859928, 0.02792680, 0.02725331, 0.02658066, 0.02591048, 0.02328149, 0.02078342, 0.01845861, 0.01632431, 0.01438714, 0.01264438, 0.01108732, 0.00970367, 0.00847914, 0.00739869, 0.00644725, 0.00561025, 0.00487434, 0.00423114, 0.00367054
0.00295271, 0.00891940, 0.01401912, 0.01782944, 0.02083350, 0.02332595, 0.02539601, 0.02713386, 0.02860213, 0.02984164, 0.03088145, 0.03174347, 0.03245302, 0.03301728, 0.03345540, 0.03377572, 0.03398655, 0.03410014, 0.03412480, 0.03409344, 0.03395231, 0.03373916, 0.03346354, 0.03313102, 0.03274628, 0.03231517, 0.03184318, 0.03133549, 0.03079696, 0.03023210, 0.02964555, 0.02904203, 0.02842363, 0.02779362, 0.02715504, 0.02651106, 0.02586361, 0.02521485, 0.02456670, 0.02392089, 0.02327895, 0.02077495, 0.01841674, 0.01624099, 0.01426168, 0.01248134, 0.01089374, 0.00948725, 0.00824719, 0.00715744, 0.00620152, 0.00536332, 0.00463161, 0.00399666, 0.00344658, 0.00297085
0.00494078, 0.02391841, 0.04298079, 0.05795163, 0.07004375, 0.08019301, 0.08871876, 0.09593694, 0.10208618, 0.10732182, 0.11175345, 0.11546380, 0.11855949, 0.12105937, 0.12304573, 0.12454873, 0.12559925, 0.12625001, 0.12653481, 0.12655539, 0.12614938, 0.12544525, 0.12448411, 0.12328806, 0.12187529, 0.12027018, 0.11849575, 0.11657368, 0.11452428, 0.11236649, 0.11012004, 0.10780529, 0.10542981, 0.10300718, 0.10055008, 0.09807159, 0.09557973, 0.09308337, 0.09059045, 0.08810805, 0.08564243, 0.07604876, 0.06705946, 0.05881614, 0.05136443, 0.04470468, 0.03880228, 0.03360169, 0.02903608, 0.02503375, 0.02153432, 0.01850275, 0.01588382, 0.01362669, 0.01168552, 0.01001906
0.00336479, 0.00849788, 0.01221553, 0.01479120, 0.01673699, 0.01831464, 0.01959650, 0.02065560, 0.02153547, 0.02226456, 0.02286353, 0.02334787, 0.02373058, 0.02402051, 0.02422688, 0.02435646, 0.02441571, 0.02441083, 0.02434726, 0.02424642, 0.02407547, 0.02385842, 0.02360038, 0.02330569, 0.02297834, 0.02262227, 0.02224117, 0.02183855, 0.02141767, 0.02098156, 0.02053310, 0.02007496, 0.01960935, 0.01913842, 0.01866418, 0.01818874, 0.01771329, 0.01723921, 0.01676774, 0.01629995, 0.01583682, 0.01404608, 0.01237981, 0.01085749, 0.00948524, 0.00826083, 0.00717667, 0.00622206, 0.00538466, 0.00465155, 0.00400992, 0.00345150, 0.00296835, 0.00255116, 0.00219158, 0.00188220
0.00908505, 0.02546349, 0.03864258, 0.04825739, 0.05574172, 0.06190683, 0.06699017, 0.07123179, 0.07478842, 0.07776294, 0.08022990, 0.08224619, 0.08387060, 0.08512873, 0.08606497, 0.08670379, 0.08706908, 0.08719020, 0.08708933, 0.08683744, 0.08632785, 0.08564430, 0.08480936, 0.08383838, 0.08274473, 0.08154327, 0.08024788, 0.07887150, 0.07742617, 0.07592305, 0.07437307, 0.07278702, 0.07117105, 0.06953291, 0.06787984, 0.06621941, 0.06455595, 0.06289443, 0.06123928, 0.05959443, 0.05796336, 0.05163260, 0.04570707, 0.04026324, 0.03532731, 0.03089823, 0.02695547, 0.02346668, 0.02039305, 0.01769301, 0.01532461, 0.01324795, 0.01143902, 0.00986967, 0.00851054, 0.00733541
0.00248599, 0.00787107, 0.01258006, 0.01613487, 0.01895190, 0.02129191, 0.02323540, 0.02486391, 0.02623433, 0.02738439, 0.02834161, 0.02912733, 0.02976597, 0.03026592, 0.03064609, 0.03091571, 0.03108383, 0.03116279, 0.03116129, 0.03110575, 0.03095670, 0.03074514, 0.03048001, 0.03016664, 0.02980948, 0.02941383, 0.02898461, 0.02852635, 0.02804324, 0.02753914, 0.02701793, 0.02648356, 0.02593768, 0.02538294, 0.02482179, 0.02425682, 0.02368951, 0.02312156, 0.02255448, 0.02198962, 0.02142819, 0.01923625, 0.01716476, 0.01524307, 0.01348294, 0.01188756, 0.01045334, 0.00917230, 0.00803391, 0.00702626, 0.00613698, 0.00535379, 0.00466486, 0.00405906, 0.00352767, 0.00306402
-0.00165688, -0.00204617, -0.00128990, -0.00041065, 0.00041311, 0.00115185, 0.00180856, 0.00238560, 0.00289473, 0.00334358, 0.00373715, 0.00407941, 0.00438158, 0.00464019, 0.00486468, 0.00505574, 0.00521443, 0.00534660, 0.00545473, 0.00554245, 0.00560295, 0.00564284, 0.00566625, 0.00567397, 0.00566624, 0.00564461, 0.00561054, 0.00556538, 0.00551038, 0.00544670, 0.00537584, 0.00529958, 0.00521742, 0.00513022, 0.00503874, 0.00494377, 0.00484586, 0.00474558, 0.00464344, 0.00453991, 0.00443542, 0.00401476, 0.00360300, 0.00321279, 0.00284918, 0.00251567, 0.00221336, 0.00194178, 0.00169947, 0.00148433, 0.00129396, 0.00112583, 0.00097756, 0.00084781, 0.00073463, 0.00063609
0.00100909, 0.00302510, 0.00475259, 0.00605123, 0.00707951, 0.00793449, 0.00864543, 0.00924207, 0.00974523, 0.01016857, 0.01052192, 0.01081284, 0.01105024, 0.01123676, 0.01137930, 0.01148100, 0.01154496, 0.01157568, 0.01157627, 0.01155645, 0.01150124, 0.01142224, 0.01132283, 0.01120496, 0.01107024, 0.01092069, 0.01075816, 0.01058439, 0.01040100, 0.01020945, 0.01001129, 0.00980804, 0.00960034, 0.00938923, 0.00917565, 0.00896063, 0.00874476, 0.00852869, 0.00831303, 0.00809831, 0.00788500, 0.00705354, 0.00627033, 0.00554661, 0.00488656, 0.00429101, 0.00375810, 0.00328428, 0.00286506, 0.00249549, 0.00217046, 0.00188497, 0.00163427, 0.00141536, 0.00122495, 0.00105957
-0.00504017, -0.00959904, -0.01135737, -0.01203892, -0.01230874, -0.01241574, -0.01241311, -0.01235527, -0.01225887, -0.01213520, -0.01199348, -0.01184048, -0.01166940, -0.01149341, -0.01130532, -0.01110991, -0.01091093, -0.01070431, -0.01049057, -0.01028247, -0.01006261, -0.00984037, -0.00961319, -0.00938317, -0.00915299, -0.00892313, -0.00869405, -0.00846620, -0.00824000, -0.00801585, -0.00779347, -0.00757197, -0.00735376, -0.00713909, -0.00692818, -0.00672133, -0.00651854, -0.00631995, -0.00612563, -0.00593565, -0.00575006, -0.00505200, -0.00442387, -0.00386166, -0.00336393, -0.00292549, -0.00254084, -0.00220446, -0.00191103, -0.00165551, -0.00143325, -0.00124002, -0.00107196, -0.00092572, -0.00079906, -0.00068958
0.00737702, 0.01677026, 0.02284763, 0.02684843, 0.02978247, 0.03212460, 0.03399637, 0.03552266, 0.03677221, 0.03778994, 0.03860881, 0.03925364, 0.03974155, 0.04008969, 0.04030971, 0.04041326, 0.04041126, 0.04031190, 0.04012361, 0.03988118, 0.03953249, 0.03911547, 0.03863708, 0.03810445, 0.03752440, 0.03690291, 0.03624566, 0.03555795, 0.03484474, 0.03411065, 0.03335979, 0.03259584, 0.03182274, 0.03104370, 0.03026170, 0.02947991, 0.02870004, 0.02792413, 0.02715398, 0.02639115, 0.02563706, 0.02272992, 0.02003376, 0.01757478, 0.01536067, 0.01338605, 0.01163780, 0.01009827, 0.00874761, 0.00756522, 0.00653079, 0.00562784, 0.00484566, 0.00416944, 0.00358585, 0.00308302
0.00386145, 0.01123411, 0.01738356, 0.02192680, 0.02548571, 0.02842916, 0.03086721, 0.03291119, 0.03463741, 0.03609547, 0.03732052, 0.03833875, 0.03917967, 0.03985184, 0.04037719, 0.04076515, 0.04102512, 0.04117084, 0.04121162, 0.04119240, 0.04103723, 0.04079572, 0.04047882, 0.04009296, 0.03964357, 0.03913745, 0.03858103, 0.03798041, 0.03734136, 0.03666927, 0.03596969, 0.03524828, 0.03450769, 0.03375188, 0.03298461, 0.03220974, 0.03142970, 0.03064717, 0.02986456, 0.02908403, 0.02830751, 0.02527311, 0.02240916, 0.01976293, 0.01735346, 0.01518510, 0.01325107, 0.01153768, 0.01002734, 0.00870055, 0.00753730, 0.00651797, 0.00562742, 0.00485478, 0.00418559, 0.00360697
