0.01000000, 0.05000000, 0.10000000, 0.15000000, 0.20000000, 0.25000000, 0.30000000, 0.35000000, 0.40000000, 0.45000000, 0.50000000, 0.55000000, 0.60000000, 0.65000000, 0.70000000, 0.75000000, 0.80000000, 0.85000000, 0.90000000, 0.95000000, 1.00000000, 1.05000000, 1.10000000, 1.15000000, 1.20000000, 1.25000000, 1.30000000, 1.35000000, 1.40000000, 1.45000000, 1.50000000, 1.55000000, 1.60000000, 1.65000000, 1.70000000, 1.75000000, 1.80000000, 1.85000000, 1.90000000, 1.95000000, 2.00000000, 2.20000000, 2.40000000, 2.60000000, 2.80000000, 3.00000000, 3.20000000, 3.40000000, 3.60000000, 3.80000000, 4.00000000, 4.20000000, 4.40000000, 4.60000000, 4.80000000, 5.00000000
0.01774627, 0.03459857, 0.04337846, 0.04856178, 0.05211639, 0.05486229, 0.05697377, 0.05864228, 0.05996014, 0.06098658, 0.06176527, 0.06232866, 0.06269251, 0.06288414, 0.06291315, 0.06279582, 0.06254729, 0.06217518, 0.06168998, 0.06114811, 0.06046173, 0.05968973, 0.05883962, 0.05792149, 0.05694527, 0.05591880, 0.05484948, 0.05374428, 0.05260971, 0.05145182, 0.05027574, 0.04908569, 0.04788786, 0.04668645, 0.04548537, 0.04428882, 0.04309894, 0.04191834, 0.04074934, 0.03959396, 0.03845397, 0.03407553, 0.03003178, 0.02635226, 0.02304405, 0.02009584, 0.01748629, 0.01518843, 0.01317259, 0.01140847, 0.00986644, 0.00851840, 0.00734577, 0.00633059, 0.00545301, 0.00469545
0.01239881, 0.02298231, 0.02811674, 0.03105327, 0.03303048, 0.03454921, 0.03570610, 0.03661310, 0.03732267, 0.03786787, 0.03827293, 0.03855571, 0.03872460, 0.03879469, 0.03877113, 0.03866286, 0.03847834, 0.03822178, 0.03789910, 0.03754511, 0.03710399, 0.03661231, 0.03607453, 0.03549657, 0.03488427, 0.03424228, 0.03357503, 0.03288668, 0.03218114, 0.03146206, 0.03073255, 0.02999520, 0.02925368, 0.02851053, 0.02776812, 0.02702900, 0.02629446, 0.02556608, 0.02484526, 0.02413322, 0.02343103, 0.02073733, 0.01825410, 0.01599852, 0.01397385, 0.01217231, 0.01058006, 0.00917991, 0.00795312, 0.00688067, 0.00594400, 0.00512589, 0.00441586, 0.00380188, 0.00327174, 0.00281465
0.01367538, 0.02666648, 0.03340300, 0.03735938, 0.04006108, 0.04214219, 0.04373758, 0.04499507, 0.04598557, 0.04675457, 0.04733567, 0.04775381, 0.04802070, 0.04815761, 0.04817151, 0.04807492, 0.04787944, 0.04759064, 0.04721645, 0.04680122, 0.04627556, 0.04568532, 0.04503601, 0.04433532, 0.04359081, 0.04280838, 0.04199359, 0.04115170, 0.04028759, 0.03940583, 0.03851026, 0.03760400, 0.03669181, 0.03577686, 0.03486210, 0.03395069, 0.03304427, 0.03214480, 0.03125403, 0.03037350, 0.02950454, 0.02616550, 0.02307903, 0.02026788, 0.01773797, 0.01548118, 0.01348174, 0.01171958, 0.01017250, 0.00881779, 0.00763320, 0.00659754, 0.00569424, 0.00491146, 0.00423412, 0.00364882
0.00811880, 0.01498975, 0.01830393, 0.02020593, 0.02149135, 0.02248073, 0.02323524, 0.02382623, 0.02428726, 0.02463957, 0.02489886, 0.02507684, 0.02517960, 0.02521692, 0.02519279, 0.02511329, 0.02498414, 0.02480856, 0.02459066, 0.02435157, 0.02405819, 0.02373303, 0.02337919, 0.02300049, 0.02260063, 0.02218264, 0.02174932, 0.02130333, 0.02084713, 0.02038299, 0.01991286, 0.01943838, 0.01896176, 0.01848455, 0.01800820, 0.01753428, 0.01706356, 0.01659698, 0.01613539, 0.01567952, 0.01523002, 0.01350553, 0.01191440, 0.01046683, 0.00916465, 0.00800309, 0.00697379, 0.00606628, 0.00526917, 0.00457085, 0.00395996, 0.00342574, 0.00295919, 0.00255445, 0.00220394, 0.00190078
0.01289400, 0.02667020, 0.03415660, 0.03864015, 0.04173757, 0.04412995, 0.04597254, 0.04742846, 0.04857759, 0.04947214, 0.05015114, 0.05064397, 0.05096562, 0.05114098, 0.05117948, 0.05109613, 0.05090471, 0.05061240, 0.05022864, 0.04980035, 0.04925664, 0.04864551, 0.04797313, 0.04724776, 0.04647747, 0.04566849, 0.04482660, 0.04395723, 0.04306536, 0.04215564, 0.04123189, 0.04029723, 0.03935645, 0.03841270, 0.03746890, 0.03652821, 0.03559219, 0.03466279, 0.03374174, 0.03283055, 0.03193054, 0.02846318, 0.02524222, 0.02229178, 0.01961998, 0.01722115, 0.01508195, 0.01318450, 0.01150858, 0.01003307, 0.00873705, 0.00760036, 0.00660407, 0.00573075, 0.00496854, 0.00430566
0.01619255, 0.02912196, 0.03512692, 0.03850884, 0.04076884, 0.04250377, 0.04382066, 0.04484919, 0.04564918, 0.04625788, 0.04670253, 0.04700321, 0.04716972, 0.04721891, 0.04715707, 0.04699447, 0.04674092, 0.04640169, 0.04598386, 0.04552705, 0.04496765, 0.04434820, 0.04367433, 0.04295310, 0.04219144, 0.04139501, 0.04056915, 0.03971891, 0.03884902, 0.03796387, 0.03706725, 0.03616234, 0.03525343, 0.03434356, 0.03343555, 0.03253246, 0.03163580, 0.03074745, 0.02986905, 0.02900204, 0.02814767, 0.02487591, 0.02186741, 0.01914088, 0.01669828, 0.01452872, 0.01261422, 0.01093300, 0.00946160, 0.00817636, 0.00705432, 0.00607576, 0.00522871, 0.00449711, 0.00386622, 0.00332297
0.00997465, 0.01950889, 0.02429785, 0.02701706, 0.02882062, 0.03018051, 0.03119815, 0.03198289, 0.03258450, 0.03303533, 0.03335966, 0.03357567, 0.03368927, 0.03371817, 0.03366518, 0.03354000, 0.03335140, 0.03310207, 0.03279743, 0.03246816, 0.03206794, 0.03162744, 0.03114949, 0.03063952, 0.03010308, 0.02954397, 0.02896577, 0.02837185, 0.02776533, 0.02714909, 0.02652537, 0.02589579, 0.02526394, 0.02463178, 0.02400114, 0.02337400, 0.02275133, 0.02213432, 0.02152403, 0.02092138, 0.02032720, 0.01804750, 0.01594272, 0.01402520, 0.01229818, 0.01075551, 0.00938642, 0.00817754, 0.00711423, 0.00618158, 0.00536501, 0.00465067, 0.00402564, 0.00348101, 0.00300850, 0.00259904
0.02134721, 0.04272590, 0.05409688, 0.06082573, 0.06543123, 0.06897184, 0.07168277, 0.07381569, 0.07549121, 0.07678770, 0.07776367, 0.07846293, 0.07890488, 0.07912838, 0.07914473, 0.07897653, 0.07864448, 0.07815773, 0.07753007, 0.07683239, 0.07595757, 0.07497833, 0.07390331, 0.07274552, 0.07151789, 0.07023009, 0.06889120, 0.06750972, 0.06609358, 0.06465010, 0.06318530, 0.06170389, 0.06021394, 0.05872045, 0.05722809, 0.05574192, 0.05426443, 0.05279873, 0.05134755, 0.04991330, 0.04849807, 0.04306007, 0.03803112, 0.03344612, 0.02931472, 0.02562396, 0.02234894, 0.01945792, 0.01691587, 0.01468684, 0.01273556, 0.01102841, 0.00953537, 0.00823789, 0.00711316, 0.00613944
-0.00064782, 0.00063461, 0.00191243, 0.00281397, 0.00348858, 0.00402316, 0.00445175, 0.00480264, 0.00509188, 0.00533059, 0.00552716, 0.00568796, 0.00581619, 0.00591715, 0.00599262, 0.00604566, 0.00607893, 0.00609363, 0.00609146, 0.00607880, 0.00604762, 0.00600406, 0.00594896, 0.00588376, 0.00580990, 0.00572842, 0.00564027, 0.00554637, 0.00544753, 0.00534455, 0.00523803, 0.00512844, 0.00501670, 0.00490334, 0.00478887, 0.00467380, 0.00455845, 0.00444315, 0.00432821, 0.00421392, 0.00410050, 0.00365956, 0.00324567, 0.00286401, 0.00251723, 0.00220541, 0.00192727, 0.00168069, 0.00146309, 0.00127170, 0.00110369, 0.00095631, 0.00082726, 0.00071504, 0.00061765, 0.00053327
0.02165885, 0.03900106, 0.04768087, 0.05283401, 0.05639639, 0.05917801, 0.06133156, 0.06304276, 0.06440301, 0.06546984, 0.06628523, 0.06688027, 0.06727217, 0.06748498, 0.06752968, 0.06742125, 0.06717394, 0.06679609, 0.06629808, 0.06574404, 0.06502914, 0.06422064, 0.06332708, 0.06235874, 0.06132563, 0.06023612, 0.05909815, 0.05791926, 0.05670653, 0.05546659, 0.05420522, 0.05292739, 0.05163946, 0.05034612, 0.04905175, 0.04776103, 0.04647644, 0.04520094, 0.04393718, 0.04268745, 0.04145379, 0.03671171, 0.03232928, 0.02834195, 0.02475853, 0.02156745, 0.01874563, 0.01626347, 0.01408827, 0.01218656, 0.01052554, 0.00907478, 0.00781591, 0.00672751, 0.00578794, 0.00497803
0.02385669, 0.04688690, 0.05891533, 0.06596405, 0.07076327, 0.07445225, 0.07727636, 0.07950263, 0.08125928, 0.08262852, 0.08367072, 0.08443032, 0.08492676, 0.08519805, 0.08525492, 0.08511893, 0.08481001, 0.08433663, 0.08371198, 0.08302267, 0.08212963, 0.08112035, 0.08000392, 0.07879376, 0.07750329, 0.07614279, 0.07472205, 0.07325031, 0.07173632, 0.07018823, 0.06861286, 0.06701579, 0.06540583, 0.06378877, 0.06217000, 0.06055532, 0.05894780, 0.05735113, 0.05576855, 0.05420295, 0.05265686, 0.04670744, 0.04119880, 0.03617613, 0.03165340, 0.02761796, 0.02404273, 0.02089232, 0.01812728, 0.01570701, 0.01359159, 0.01174296, 0.01013090, 0.00873449, 0.00752671, 0.00648353
0.04676963, 0.08204058, 0.09723065, 0.10538402, 0.11066685, 0.11467659, 0.11767183, 0.11998165, 0.12175167, 0.12307022, 0.12400093, 0.12458972, 0.12485747, 0.12484282, 0.12455889, 0.12402874, 0.12327490, 0.12230904, 0.12114747, 0.11989933, 0.11838196, 0.11671212, 0.11490394, 0.11297494, 0.11094237, 0.10882052, 0.10662300, 0.10436275, 0.10205196, 0.09970201, 0.09732280, 0.09492285, 0.09251305, 0.09010141, 0.08769536, 0.08530295, 0.08292821, 0.08057608, 0.07825092, 0.07595655, 0.07369627, 0.06504718, 0.05710470, 0.04991749, 0.04348873, 0.03778767, 0.03276489, 0.02836089, 0.02451200, 0.02115418, 0.01822550, 0.01567643, 0.01347413, 0.01157476, 0.00993928, 0.00853309
0.01075752, 0.02409582, 0.03185797, 0.03656579, 0.03982018, 0.04231994, 0.04424035, 0.04575688, 0.04695481, 0.04789065, 0.04860686, 0.04913529, 0.04948835, 0.04969545, 0.04976296, 0.04970729, 0.04954315, 0.04927575, 0.04891436, 0.04850550, 0.04798148, 0.04738862, 0.04673176, 0.04601976, 0.04526156, 0.04446343, 0.04363126, 0.04277056, 0.04188649, 0.04098378, 0.04006617, 0.03913642, 0.03820028, 0.03726103, 0.03632167, 0.03538548, 0.03445410, 0.03352956, 0.03261364, 0.03170791, 0.03081375, 0.02737429, 0.02418897, 0.02128116, 0.01865888, 0.01631471, 0.01423342, 0.01239529, 0.01077837, 0.00936006, 0.00811811, 0.00703128, 0.00608049, 0.00525395, 0.00453730, 0.00391675
0.00190295, 0.00435863, 0.00564802, 0.00634466, 0.00677908, 0.00708728, 0.00730368, 0.00746132, 0.00757392, 0.00765077, 0.00769906, 0.00772414, 0.00772572, 0.00771049, 0.00767736, 0.00762940, 0.00756918, 0.00749626, 0.00741179, 0.00732354, 0.00722083, 0.00711049, 0.00699235, 0.00686787, 0.00673864, 0.00660541, 0.00646890, 0.00632977, 0.00618865, 0.00604609, 0.00590240, 0.00575762, 0.00561293, 0.00546872, 0.00532535, 0.00518320, 0.00504245, 0.00490331, 0.00476601, 0.00463069, 0.00449751, 0.00398848, 0.00352057, 0.00309525, 0.00271316, 0.00237247, 0.00207048, 0.00180407, 0.00156989, 0.00136458, 0.00118492, 0.00102785, 0.00089052, 0.00077059, 0.00066646, 0.00057618
-0.00868446, -0.01857964, -0.02441058, -0.02805202, -0.03063278, -0.03265329, -0.03423465, -0.03550237, -0.03652040, -0.03733057, -0.03796394, -0.03844384, -0.03878290, -0.03900003, -0.03910319, -0.03910403, -0.03901326, -0.03883686, -0.03858242, -0.03828356, -0.03789062, -0.03743912, -0.03693435, -0.03638314, -0.03579213, -0.03516664, -0.03451166, -0.03383187, -0.03313162, -0.03241495, -0.03168529, -0.03094549, -0.03019958, -0.02945032, -0.02870030, -0.02795227, -0.02720767, -0.02646822, -0.02573545, -0.02501069, -0.02429511, -0.02154303, -0.01899695, -0.01667720, -0.01458940, -0.01272721, -0.01107773, -0.00962429, -0.00834841, -0.00723110, -0.00625371, -0.00539881, -0.00465578, -0.00401240, -0.00345616, -0.00297600
-0.01178044, -0.00770048, 0.00002586, 0.00614610, 0.01099221, 0.01494049, 0.01819835, 0.02092447, 0.02322437, 0.02517203, 0.02682252, 0.02821792, 0.02938831, 0.03036177, 0.03115760, 0.03179432, 0.03228821, 0.03265134, 0.03289564, 0.03305597, 0.03309063, 0.03303494, 0.03289705, 0.03268570, 0.03240914, 0.03207450, 0.03168840, 0.03125705, 0.03078623, 0.03028129, 0.02974698, 0.02918745, 0.02860757, 0.02801113, 0.02740166, 0.02678279, 0.02615683, 0.02552628, 0.02489340, 0.02426020, 0.02362848, 0.02114603, 0.01878659, 0.01659394, 0.01459051, 0.01278242, 0.01116576, 0.00973030, 0.00846211, 0.00734540, 0.00636371, 0.00550173, 0.00475091, 0.00409908, 0.00353433, 0.00304593
0.02253756, 0.04268679, 0.05262185, 0.05829854, 0.06210735, 0.06501875, 0.06722822, 0.06895517, 0.07030122, 0.07133095, 0.07209191, 0.07261920, 0.07292762, 0.07304829, 0.07298977, 0.07277005, 0.07240593, 0.07190481, 0.07127811, 0.07058868, 0.06973834, 0.06879311, 0.06776102, 0.06665358, 0.06548228, 0.06425598, 0.06298307, 0.06167146, 0.06032857, 0.05896126, 0.05757530, 0.05617536, 0.05476870, 0.05336008, 0.05195394, 0.05055504, 0.04916576, 0.04778903, 0.04642744, 0.04508325, 0.04375841, 0.03868296, 0.03401320, 0.02977866, 0.02598376, 0.02261197, 0.01963577, 0.01702156, 0.01473312, 0.01273384, 0.01098819, 0.00946539, 0.00814692, 0.00700795, 0.00602559, 0.00517955
0.02024211, 0.03720720, 0.04544375, 0.05020013, 0.05342135, 0.05589789, 0.05778208, 0.05925221, 0.06039291, 0.06125846, 0.06188950, 0.06231673, 0.06255642, 0.06263450, 0.06256173, 0.06235419, 0.06202693, 0.06158827, 0.06104874, 0.06046473, 0.05974813, 0.05895716, 0.05809916, 0.05718338, 0.05621875, 0.05521232, 0.05417066, 0.05309986, 0.05200558, 0.05089302, 0.04976656, 0.04862979, 0.04748792, 0.04634447, 0.04520271, 0.04406621, 0.04293669, 0.04181629, 0.04070692, 0.03961026, 0.03852776, 0.03436231, 0.03049719, 0.02695800, 0.02375223, 0.02087216, 0.01830155, 0.01601911, 0.01400093, 0.01222219, 0.01065827, 0.00928555, 0.00808179, 0.00702646, 0.00610169, 0.00529564
0.00857735, 0.01824337, 0.02364263, 0.02686774, 0.02907971, 0.03077626, 0.03207613, 0.03310121, 0.03390994, 0.03454056, 0.03502155, 0.03537414, 0.03560623, 0.03573736, 0.03577145, 0.03571929, 0.03559066, 0.03538889, 0.03512018, 0.03481755, 0.03443170, 0.03399596, 0.03351384, 0.03299157, 0.03243549, 0.03185014, 0.03123980, 0.03060852, 0.02996008, 0.02929800, 0.02862507, 0.02794344, 0.02725728, 0.02656901, 0.02588090, 0.02519540, 0.02451374, 0.02383745, 0.02316786, 0.02250615, 0.02185334, 0.01934716, 0.01703445, 0.01493171, 0.01304345, 0.01136275, 0.00987690, 0.00857001, 0.00742465, 0.00642310, 0.00554806, 0.00478372, 0.00412075, 0.00354747, 0.00305251, 0.00262580
0.02032210, 0.04194364, 0.05367855, 0.06062162, 0.06535866, 0.06898415, 0.07175107, 0.07392338, 0.07562664, 0.07694294, 0.07793372, 0.07864491, 0.07909434, 0.07932442, 0.07934453, 0.07917847, 0.07884783, 0.07836055, 0.07773044, 0.07702959, 0.07615055, 0.07516621, 0.07408437, 0.07291851, 0.07168217, 0.07038510, 0.06903643, 0.06764476, 0.06621809, 0.06476382, 0.06328786, 0.06179470, 0.06029302, 0.05878790, 0.05728408, 0.05578666, 0.05429818, 0.05282178, 0.05136023, 0.04991595, 0.04849108, 0.04301865, 0.03796210, 0.03335581, 0.02920957, 0.02550947, 0.02222959, 0.01933718, 0.01679624, 0.01456996, 0.01262228, 0.01091892, 0.00943131, 0.00814084, 0.00702328, 0.00605676
0.01926096, 0.03554696, 0.04356801, 0.04823587, 0.05141613, 0.05387206, 0.05575205, 0.05722897, 0.05838475, 0.05927152, 0.05992798, 0.06038316, 0.06065186, 0.06075868, 0.06071328, 0.06053087, 0.06022578, 0.05980583, 0.05928127, 0.05870079, 0.05798984, 0.05720080, 0.05634114, 0.05542038, 0.05444782, 0.05343090, 0.05237658, 0.05129140, 0.05018144, 0.04905231, 0.04790877, 0.04675477, 0.04559587, 0.04443586, 0.04327831, 0.04212705, 0.04098393, 0.03985127, 0.03873112, 0.03762526, 0.03653524, 0.03235748, 0.02850888, 0.02501302, 0.02187336, 0.01907719, 0.01660308, 0.01442475, 0.01251370, 0.01084106, 0.00937871, 0.00810008, 0.00698761, 0.00602421, 0.00519107, 0.00447161
0.01846292, 0.03375872, 0.04095751, 0.04496288, 0.04760364, 0.04961127, 0.05112168, 0.05229594, 0.05321035, 0.05391262, 0.05443716, 0.05480873, 0.05503868, 0.05514667, 0.05513882, 0.05502591, 0.05481812, 0.05451969, 0.05413711, 0.05374611, 0.05321468, 0.05261536, 0.05195331, 0.05123560, 0.05046923, 0.04965973, 0.04881239, 0.04793231, 0.04702436, 0.04609313, 0.04514260, 0.04417614, 0.04319867, 0.04221364, 0.04122429, 0.04023409, 0.03924507, 0.03825955, 0.03727961, 0.03630711, 0.03534372, 0.03160826, 0.02810836, 0.02488097, 0.02194277, 0.01929352, 0.01692294, 0.01481451, 0.01294826, 0.01130257, 0.00985557, 0.00858593, 0.00747343, 0.00649924, 0.00564611, 0.00489983
0.01210330, 0.02558704, 0.03342083, 0.03829689, 0.04174502, 0.04443892, 0.04653991, 0.04821656, 0.04955501, 0.05061208, 0.05143039, 0.05204235, 0.05246618, 0.05272819, 0.05284021, 0.05281860, 0.05267840, 0.05242819, 0.05207845, 0.05167853, 0.05115486, 0.05055783, 0.04989440, 0.04917336, 0.04840318, 0.04759054, 0.04674165, 0.04586226, 0.04495771, 0.04403291, 0.04309200, 0.04213834, 0.04117689, 0.04021099, 0.03924374, 0.03827849, 0.03731692, 0.03636112, 0.03541293, 0.03447396, 0.03354566, 0.02996164, 0.02662184, 0.02355384, 0.02076820, 0.01826088, 0.01601967, 0.01402734, 0.01226397, 0.01070856, 0.00934005, 0.00813809, 0.00708344, 0.00615826, 0.00534756, 0.00464107
0.00724853, 0.01713757, 0.02326627, 0.02711546, 0.02984447, 0.03197649, 0.03364710, 0.03499084, 0.03607677, 0.03695015, 0.03764423, 0.03818360, 0.03858038, 0.03885453, 0.03901292, 0.03906712, 0.03902767, 0.03889962, 0.03869007, 0.03843765, 0.03808305, 0.03766573, 0.03719060, 0.03666459, 0.03609462, 0.03548612, 0.03484421, 0.03417379, 0.03347945, 0.03276549, 0.03203554, 0.03129262, 0.03054125, 0.02978447, 0.02902515, 0.02826631, 0.02750960, 0.02675699, 0.02601020, 0.02527078, 0.02454006, 0.02172546, 0.01911894, 0.01674506, 0.01461166, 0.01271278, 0.01103492, 0.00956025, 0.00826887, 0.00714028, 0.00615431, 0.00529553, 0.00455302, 0.00391220, 0.00336011, 0.00288521
-0.01000104, -0.01604411, -0.01804793, -0.01894917, -0.01945728, -0.01982095, -0.02006470, -0.02023176, -0.02033813, -0.02039267, -0.02040172, -0.02036985, -0.02029886, -0.02019308, -0.02005393, -0.01988418, -0.01968668, -0.01946301, -0.01921538, -0.01895886, -0.01866734, -0.01835758, -0.01803166, -0.01769193, -0.01734067, -0.01697981, -0.01661117, -0.01623647, -0.01585730, -0.01547514, -0.01509131, -0.01470690, -0.01432325, -0.01394137, -0.01356217, -0.01318671, -0.01281541, -0.01244885, -0.01208756, -0.01173198, -0.01138247, -0.01005091, -0.00883381, -0.00773500, -0.00675267, -0.00588102, -0.00511211, -0.00443683, -0.00384572, -0.00332938, -0.00287881, -0.00248558, -0.00214334, -0.00184723, -0.00159133, -0.00137046
0.02519957, 0.04878894, 0.06101726, 0.06823958, 0.07319718, 0.07703070, 0.07998002, 0.08231073, 0.08415129, 0.08558406, 0.08666984, 0.08745391, 0.08795900, 0.08822282, 0.08825950, 0.08809176, 0.08774078, 0.08721765, 0.08653715, 0.08577889, 0.08481855, 0.08373918, 0.08255147, 0.08126942, 0.07990675, 0.07847436, 0.07698253, 0.07544092, 0.07385857, 0.07224384, 0.07060386, 0.06894453, 0.06727432, 0.06559903, 0.06392407, 0.06225524, 0.06059552, 0.05894851, 0.05731741, 0.05570502, 0.05411380, 0.04799895, 0.04234583, 0.03719621, 0.03256067, 0.02842449, 0.02475902, 0.02152765, 0.01868995, 0.01620451, 0.01403069, 0.01212983, 0.01047134, 0.00903374, 0.00778948, 0.00671403
0.00397245, 0.01145207, 0.01615053, 0.01904377, 0.02106223, 0.02261610, 0.02381897, 0.02477640, 0.02554046, 0.02614589, 0.02661863, 0.02697803, 0.02723195, 0.02739789, 0.02747996, 0.02748794, 0.02743052, 0.02731102, 0.02713501, 0.02692710, 0.02665289, 0.02633721, 0.02598306, 0.02559564, 0.02518020, 0.02474047, 0.02427999, 0.02380206, 0.02330974, 0.02280588, 0.02229274, 0.02177205, 0.02124712, 0.02071991, 0.02019221, 0.01966598, 0.01914219, 0.01862207, 0.01810668, 0.01759695, 0.01709370, 0.01515839, 0.01336796, 0.01173627, 0.01026779, 0.00895798, 0.00779773, 0.00677531, 0.00587773, 0.00509165, 0.00440398, 0.00380243, 0.00327948, 0.00282662, 0.00243505, 0.00209698
-0.02529864, -0.03574302, -0.03567798, -0.03397088, -0.03208045, -0.03037180, -0.02880622, -0.02740005, -0.02612854, -0.02497009, -0.02390858, -0.02293065, -0.02201508, -0.02116146, -0.02035420, -0.01958957, -0.01886466, -0.01817107, -0.01750507, -0.01688073, -0.01626515, -0.01567186, -0.01509713, -0.01454095, -0.01400397, -0.01348533, -0.01298430, -0.01250024, -0.01203262, -0.01158094, -0.01114431, -0.01072139, -0.01031334, -0.00991972, -0.00954017, -0.00917445, -0.00882197, -0.00848235, -0.00815518, -0.00784006, -0.00753663, -0.00643220, -0.00548546, -0.00467466, -0.00398290, -0.00339346, -0.00289163, -0.00246458, -0.00210115, -0.00179168, -0.00152785, -0.00130251, -0.00110988, -0.00094597, -0.00080652, -0.00068789
0.04944566, 0.09277527, 0.11420922, 0.12659443, 0.13498758, 0.14144966, 0.14638889, 0.15027133, 0.15331693, 0.15566504, 0.15741811, 0.15865198, 0.15940298, 0.15973531, 0.15967145, 0.15924983, 0.15850664, 0.15746027, 0.15613616, 0.15467211, 0.15285121, 0.15081936, 0.14859552, 0.14620462, 0.14367123, 0.14101493, 0.13825425, 0.13540662, 0.13248840, 0.12951476, 0.12649861, 0.12345071, 0.12038629, 0.11731589, 0.11424926, 0.11119696, 0.10816426, 0.10515766, 0.10218290, 0.09924498, 0.09634828, 0.08524134, 0.07500913, 0.06572029, 0.05738663, 0.04997461, 0.04342609, 0.03766927, 0.03262624, 0.02821798, 0.02436756, 0.02100553, 0.01809074, 0.01557099, 0.01339606, 0.01152154
0.00138352, 0.00502116, 0.00793304, 0.00997533, 0.01151775, 0.01275995, 0.01376459, 0.01459104, 0.01527426, 0.01583776, 0.01629901, 0.01667137, 0.01696440, 0.01718725, 0.01734642, 0.01744817, 0.01749826, 0.01750107, 0.01746096, 0.01739399, 0.01727751, 0.01712855, 0.01695043, 0.01674654, 0.01652006, 0.01627376, 0.01601026, 0.01573197, 0.01544114, 0.01513984, 0.01482994, 0.01451305, 0.01419097, 0.01386513, 0.01353688, 0.01320761, 0.01287813, 0.01254934, 0.01222206, 0.01189702, 0.01157485, 0.01032522, 0.00915549, 0.00807933, 0.00710234, 0.00622424, 0.00544110, 0.00474685, 0.00413416, 0.00359520, 0.00312208, 0.00270711, 0.00234340, 0.00202677, 0.00175183, 0.00151343
0.03102341, 0.05688496, 0.06907410, 0.07591216, 0.08045724, 0.08392880, 0.08655458, 0.08860217, 0.09019534, 0.09141149, 0.09230702, 0.09292312, 0.09327837, 0.09340755, 0.09332165, 0.09304086, 0.09258433, 0.09196108, 0.09118430, 0.09034460, 0.08929262, 0.08812179, 0.08684230, 0.08546779, 0.08401179, 0.08248506, 0.08089784, 0.07925985, 0.07758024, 0.07586756, 0.07412913, 0.07237108, 0.07060211, 0.06882828, 0.06705521, 0.06528901, 0.06353279, 0.06179039, 0.06006517, 0.05836009, 0.05667776, 0.05021650, 0.04424951, 0.03882072, 0.03394046, 0.02959215, 0.02574437, 0.02235730, 0.01938719, 0.01678933, 0.01452001, 0.01253773, 0.01081118, 0.00931670, 0.00802487, 0.00690977
-0.01221763, -0.01911665, -0.02117341, -0.02200737, -0.02244086, -0.02275008, -0.02295195, -0.02308944, -0.02317741, -0.02322272, -0.02322948, -0.02319999, -0.02313483, -0.02303550, -0.02290249, -0.02273669, -0.02253952, -0.02231192, -0.02205526, -0.02179031, -0.02147719, -0.02113894, -0.02077803, -0.02039693, -0.01999807, -0.01958381, -0.01915647, -0.01871834, -0.01827158, -0.01781829, -0.01736043, -0.01689979, -0.01643809, -0.01597688, -0.01551759, -0.01506176, -0.01461020, -0.01416387, -0.01372362, -0.01329018, -0.01286418, -0.01124424, -0.00977289, -0.00845732, -0.00729467, -0.00627590, -0.00538850, -0.00461824, -0.00395045, -0.00337149, -0.00287407, -0.00244833, -0.00208472, -0.00177478, -0.00151103, -0.00128686
0.00767942, 0.01428905, 0.01760524, 0.01955725, 0.02090019, 0.02194504, 0.02275260, 0.02339351, 0.02390193, 0.02429936, 0.02460150, 0.02481993, 0.02496094, 0.02503375, 0.02504245, 0.02499279, 0.02489027, 0.02473815, 0.02454047, 0.02431792, 0.02403785, 0.02372277, 0.02337600, 0.02300149, 0.02260313, 0.02218414, 0.02174759, 0.02129639, 0.02083323, 0.02036064, 0.01988084, 0.01939569, 0.01890759, 0.01841829, 0.01792942, 0.01744272, 0.01695910, 0.01647964, 0.01600529, 0.01553689, 0.01507517, 0.01330633, 0.01168001, 0.01020741, 0.00888985, 0.00772137, 0.00669192, 0.00578928, 0.00500025, 0.00431153, 0.00371032, 0.00318882, 0.00273863, 0.00235069, 0.00201698, 0.00173034
0.00120678, 0.00502895, 0.00792326, 0.00985478, 0.01126531, 0.01237686, 0.01325918, 0.01397594, 0.01456146, 0.01503888, 0.01542542, 0.01573403, 0.01597113, 0.01614740, 0.01626648, 0.01633457, 0.01635721, 0.01633700, 0.01627760, 0.01619442, 0.01606620, 0.01590854, 0.01572366, 0.01551491, 0.01528566, 0.01503844, 0.01477566, 0.01449955, 0.01421222, 0.01391564, 0.01361141, 0.01330083, 0.01298605, 0.01266845, 0.01234929, 0.01202992, 0.01171109, 0.01139366, 0.01107841, 0.01076602, 0.01045708, 0.00926534, 0.00815957, 0.00715089, 0.00624333, 0.00543471, 0.00471952, 0.00409035, 0.00353882, 0.00305627, 0.00263415, 0.00226694, 0.00194934, 0.00167517, 0.00143893, 0.00123569
0.03405324, 0.06154010, 0.07445187, 0.08176703, 0.08666336, 0.09041384, 0.09325239, 0.09545970, 0.09716722, 0.09845814, 0.09939407, 0.10002106, 0.10036272, 0.10045758, 0.10032093, 0.09997629, 0.09944586, 0.09874158, 0.09787896, 0.09695412, 0.09581164, 0.09455002, 0.09318061, 0.09171777, 0.09017541, 0.08856462, 0.08689577, 0.08517861, 0.08342220, 0.08163495, 0.07982399, 0.07799526, 0.07615713, 0.07431541, 0.07247549, 0.07064322, 0.06882150, 0.06701394, 0.06522373, 0.06345365, 0.06170618, 0.05498083, 0.04874158, 0.04303226, 0.03786581, 0.03322983, 0.02909757, 0.02543381, 0.02219900, 0.01935210, 0.01685247, 0.01466115, 0.01274156, 0.01105992, 0.00959003, 0.00831166
0.01985115, 0.03867157, 0.04841321, 0.05414251, 0.05806161, 0.06108405, 0.06340350, 0.06523245, 0.06667244, 0.06778869, 0.06862947, 0.06923073, 0.06960962, 0.06979699, 0.06980335, 0.06964714, 0.06934549, 0.06890693, 0.06834335, 0.06771377, 0.06692810, 0.06604867, 0.06508383, 0.06404489, 0.06294299, 0.06178689, 0.06058481, 0.05934448, 0.05807310, 0.05677735, 0.05546285, 0.05413421, 0.05279827, 0.05145963, 0.05012253, 0.04879158, 0.04746906, 0.04615779, 0.04486026, 0.04357864, 0.04231483, 0.03746704, 0.03299764, 0.02893655, 0.02528957, 0.02204265, 0.01917107, 0.01664414, 0.01442848, 0.01249016, 0.01079606, 0.00931548, 0.00802969, 0.00691708, 0.00595578, 0.00512641
0.00588917, 0.01889549, 0.02819150, 0.03430697, 0.03873924, 0.04221902, 0.04496519, 0.04718267, 0.04898042, 0.05043211, 0.05159309, 0.05250536, 0.05318962, 0.05368141, 0.05399263, 0.05414407, 0.05415426, 0.05403171, 0.05378857, 0.05347767, 0.05302547, 0.05248441, 0.05186126, 0.05116667, 0.05041123, 0.04960270, 0.04874835, 0.04785494, 0.04692879, 0.04597571, 0.04500041, 0.04400651, 0.04300066, 0.04198689, 0.04096892, 0.03995073, 0.03893445, 0.03792263, 0.03691751, 0.03592108, 0.03493510, 0.03112362, 0.02757048, 0.02431003, 0.02135704, 0.01870765, 0.01634806, 0.01425852, 0.01241615, 0.01079679, 0.00937634, 0.00813152, 0.00704074, 0.00609031, 0.00526506, 0.00454947
0.03603960, 0.06958081, 0.08693212, 0.09717437, 0.10420431, 0.10964228, 0.11382768, 0.11713706, 0.11975151, 0.12178684, 0.12332847, 0.12443991, 0.12515228, 0.12551904, 0.12555947, 0.12530573, 0.12478790, 0.12402148, 0.12302761, 0.12191267, 0.12051277, 0.11894091, 0.11721247, 0.11534781, 0.11336694, 0.11128579, 0.10911940, 0.10688192, 0.10458657, 0.10224561, 0.09986947, 0.09746678, 0.09504992, 0.09262735, 0.09020694, 0.08779719, 0.08540233, 0.08302762, 0.08067765, 0.07835648, 0.07606760, 0.06728961, 0.05920181, 0.05185969, 0.04527332, 0.03941632, 0.03424257, 0.02969504, 0.02571177, 0.02222987, 0.01918813, 0.01653362, 0.01423442, 0.01224751, 0.01053320, 0.00905632
0.00505103, 0.00848214, 0.00998271, 0.01082733, 0.01139354, 0.01183134, 0.01216340, 0.01242157, 0.01262060, 0.01276960, 0.01287532, 0.01294286, 0.01297507, 0.01297611, 0.01294797, 0.01289338, 0.01281494, 0.01271427, 0.01259333, 0.01246287, 0.01230551, 0.01213282, 0.01194640, 0.01174807, 0.01153961, 0.01132249, 0.01109809, 0.01086770, 0.01063254, 0.01039372, 0.01015221, 0.00990884, 0.00966464, 0.00942038, 0.00917677, 0.00893459, 0.00869419, 0.00845605, 0.00822057, 0.00798812, 0.00775900, 0.00688067, 0.00607093, 0.00533459, 0.00467228, 0.00408148, 0.00355787, 0.00309612, 0.00269045, 0.00233500, 0.00202404, 0.00175214, 0.00151447, 0.00130803, 0.00112916, 0.00097436
-0.00097110, 0.00197285, 0.00488926, 0.00698586, 0.00857638, 0.00985007, 0.01087954, 0.01172697, 0.01242902, 0.01301095, 0.01349173, 0.01388583, 0.01420191, 0.01445106, 0.01463860, 0.01477139, 0.01485547, 0.01489438, 0.01489230, 0.01486420, 0.01479064, 0.01468655, 0.01455447, 0.01439774, 0.01421964, 0.01402271, 0.01380931, 0.01358168, 0.01334186, 0.01309176, 0.01283296, 0.01256676, 0.01229515, 0.01201946, 0.01174091, 0.01146079, 0.01117984, 0.01089892, 0.01061878, 0.01034010, 0.01006347, 0.00898721, 0.00797590, 0.00704266, 0.00619387, 0.00542993, 0.00474792, 0.00414284, 0.00360852, 0.00313825, 0.00272524, 0.00236282, 0.00204516, 0.00176867, 0.00152857, 0.00132040
0.04632417, 0.08710545, 0.10644778, 0.11713994, 0.12410872, 0.12932242, 0.13317588, 0.13611069, 0.13832314, 0.13993980, 0.14105599, 0.14174309, 0.14202400, 0.14196918, 0.14158990, 0.14092491, 0.14000954, 0.13885476, 0.13748249, 0.13602103, 0.13427382, 0.13236930, 0.13031898, 0.12814468, 0.12586841, 0.12350537, 0.12106979, 0.11857496, 0.11603325, 0.11345604, 0.11085216, 0.10822794, 0.10559748, 0.10296846, 0.10034804, 0.09774410, 0.09516024, 0.09260115, 0.09007093, 0.08757318, 0.08511102, 0.07566653, 0.06694416, 0.05899058, 0.05181736, 0.04539933, 0.03969321, 0.03464540, 0.03019739, 0.02628947, 0.02286315, 0.01986279, 0.01723644, 0.01493762, 0.01293636, 0.01119830
0.02461376, 0.04550079, 0.05559685, 0.06137848, 0.06527199, 0.06825796, 0.07052574, 0.07229508, 0.07366897, 0.07471306, 0.07547609, 0.07599457, 0.07628655, 0.07638326, 0.07629627, 0.07604455, 0.07564588, 0.07510953, 0.07444788, 0.07372834, 0.07284513, 0.07186848, 0.07080718, 0.06967271, 0.06847626, 0.06722663, 0.06593209, 0.06460035, 0.06323861, 0.06185350, 0.06045063, 0.05903458, 0.05761208, 0.05618767, 0.05476557, 0.05335037, 0.05194427, 0.05055008, 0.04917026, 0.04780695, 0.04646204, 0.04129570, 0.03651750, 0.03215867, 0.02822669, 0.02470939, 0.02158372, 0.01882042, 0.01638721, 0.01425092, 0.01237900, 0.01074038, 0.00930606, 0.00805348, 0.00696574, 0.00602226
0.02508220, 0.04893562, 0.06129841, 0.06854780, 0.07349944, 0.07732161, 0.08026118, 0.08258897, 0.08443394, 0.08587791, 0.08698055, 0.08778553, 0.08831196, 0.08859708, 0.08865172, 0.08849739, 0.08815423, 0.08763142, 0.08694292, 0.08616411, 0.08517710, 0.08406243, 0.08283058, 0.08149627, 0.08007422, 0.07857610, 0.07701303, 0.07539557, 0.07373368, 0.07203664, 0.07031235, 0.06856737, 0.06681125, 0.06505052, 0.06329121, 0.06153982, 0.05979969, 0.05807488, 0.05636895, 0.05468500, 0.05302575, 0.04667733, 0.04085526, 0.03559880, 0.03091147, 0.02676856, 0.02313049, 0.01994977, 0.01717570, 0.01475738, 0.01265535, 0.01084326, 0.00928440, 0.00794606, 0.00679909, 0.00581761
0.03599899, 0.06934778, 0.08643582, 0.09646033, 0.10331055, 0.10859515, 0.11264909, 0.11584450, 0.11836008, 0.12031029, 0.12177972, 0.12283132, 0.12349612, 0.12382706, 0.12384335, 0.12357674, 0.12305682, 0.12229875, 0.12132307, 0.12024180, 0.11887973, 0.11735339, 0.11567748, 0.11387148, 0.11195452, 0.10994168, 0.10784720, 0.10568443, 0.10346588, 0.10120311, 0.09890595, 0.09658247, 0.09424449, 0.09190002, 0.08955651, 0.08722203, 0.08490061, 0.08259726, 0.08031638, 0.07806184, 0.07583701, 0.06728772, 0.05938340, 0.05218142, 0.04569636, 0.03990774, 0.03477581, 0.03024982, 0.02627374, 0.02279014, 0.01974266, 0.01707768, 0.01475013, 0.01273101, 0.01098254, 0.00947048
0.02803078, 0.05060857, 0.06113144, 0.06707498, 0.07104277, 0.07407331, 0.07635758, 0.07812408, 0.07947838, 0.08048778, 0.08120274, 0.08166145, 0.08188329, 0.08190144, 0.08172879, 0.08138588, 0.08089194, 0.08025734, 0.07949555, 0.07867583, 0.07769061, 0.07661236, 0.07545037, 0.07421659, 0.07292255, 0.07157730, 0.07018924, 0.06876617, 0.06731534, 0.06584336, 0.06435580, 0.06285716, 0.06135413, 0.05985115, 0.05835235, 0.05686226, 0.05538297, 0.05391716, 0.05246719, 0.05103514, 0.04962280, 0.04419851, 0.03917870, 0.03459245, 0.03044630, 0.02672773, 0.02341374, 0.02047525, 0.01788013, 0.01559534, 0.01358835, 0.01182803, 0.01028523, 0.00893307, 0.00775045, 0.00672129
0.00193027, 0.01061156, 0.01706589, 0.02127766, 0.02430596, 0.02666460, 0.02851722, 0.03000920, 0.03121671, 0.03219160, 0.03297284, 0.03358976, 0.03405534, 0.03439527, 0.03461642, 0.03473318, 0.03475821, 0.03469645, 0.03455581, 0.03437244, 0.03409644, 0.03376264, 0.03337496, 0.03294045, 0.03246623, 0.03195727, 0.03141823, 0.03085346, 0.03026701, 0.02966264, 0.02904328, 0.02841112, 0.02777072, 0.02712468, 0.02647541, 0.02582549, 0.02517630, 0.02452951, 0.02388657, 0.02324879, 0.02261732, 0.02017290, 0.01788957, 0.01579037, 0.01388616, 0.01217526, 0.01064950, 0.00929675, 0.00810275, 0.00705234, 0.00613032, 0.00532198, 0.00461340, 0.00399417, 0.00345599, 0.00298885
0.03003345, 0.05887825, 0.07398531, 0.08290330, 0.08902404, 0.09376180, 0.09741762, 0.10032085, 0.10262978, 0.10444483, 0.10583909, 0.10686603, 0.10755020, 0.10793625, 0.10803839, 0.10788270, 0.10749363, 0.10688295, 0.10606785, 0.10514047, 0.10395626, 0.10261399, 0.10112691, 0.09951296, 0.09779004, 0.09597250, 0.09407407, 0.09210775, 0.09008583, 0.08801974, 0.08591932, 0.08379280, 0.08165175, 0.07950421, 0.07735767, 0.07522013, 0.07309577, 0.07098960, 0.06890604, 0.06684894, 0.06482168, 0.05706267, 0.04994444, 0.04351661, 0.03778411, 0.03271724, 0.02826778, 0.02437773, 0.02098498, 0.01802714, 0.01545700, 0.01324177, 0.01133639, 0.00970083, 0.00829940, 0.00710040
0.01739498, 0.03155584, 0.03839912, 0.04236515, 0.04506390, 0.04715031, 0.04874690, 0.05000037, 0.05098049, 0.05173144, 0.05228599, 0.05266870, 0.05289278, 0.05297853, 0.05293472, 0.05277410, 0.05250874, 0.05214557, 0.05169331, 0.05119674, 0.05058561, 0.04990759, 0.04916924, 0.04837857, 0.04754335, 0.04666989, 0.04576412, 0.04483158, 0.04387744, 0.04290646, 0.04192274, 0.04092971, 0.03993199, 0.03893283, 0.03793527, 0.03694259, 0.03595641, 0.03497871, 0.03401127, 0.03305563, 0.03211314, 0.02849551, 0.02515490, 0.02211316, 0.01937464, 0.01692990, 0.01476179, 0.01284882, 0.01116745, 0.00969361, 0.00840376, 0.00727551, 0.00628910, 0.00543231, 0.00468977, 0.00404710
0.03373386, 0.06241362, 0.07630280, 0.08422740, 0.08956197, 0.09366889, 0.09680802, 0.09928190, 0.10123192, 0.10274598, 0.10388753, 0.10470246, 0.10521136, 0.10545229, 0.10543719, 0.10518817, 0.10472636, 0.10406192, 0.10320986, 0.10226320, 0.10106999, 0.09972971, 0.09825480, 0.09666168, 0.09496670, 0.09318322, 0.09132404, 0.08940137, 0.08742674, 0.08541097, 0.08336341, 0.08129203, 0.07920756, 0.07711766, 0.07502947, 0.07295064, 0.07088516, 0.06883783, 0.06681287, 0.06481399, 0.06284440, 0.05530861, 0.04839817, 0.04216049, 0.03659935, 0.03168551, 0.02737195, 0.02360221, 0.02031598, 0.01745274, 0.01496376, 0.01281844, 0.01097338, 0.00938969, 0.00803277, 0.00687187
0.01304334, 0.02534733, 0.03172406, 0.03546800, 0.03802665, 0.04000181, 0.04152023, 0.04272172, 0.04367374, 0.04441921, 0.04498947, 0.04540750, 0.04568409, 0.04583825, 0.04587624, 0.04580909, 0.04564711, 0.04539521, 0.04506046, 0.04468744, 0.04420428, 0.04365695, 0.04305073, 0.04239286, 0.04169052, 0.04094939, 0.04017492, 0.03937224, 0.03854623, 0.03770142, 0.03684169, 0.03597028, 0.03509188, 0.03420969, 0.03332674, 0.03244623, 0.03156989, 0.03069975, 0.02983763, 0.02898512, 0.02814361, 0.02490960, 0.02192221, 0.01920556, 0.01676588, 0.01459498, 0.01267677, 0.01099068, 0.00951409, 0.00822382, 0.00709725, 0.00611402, 0.00526220, 0.00452629, 0.00389153, 0.00334483
0.00666387, 0.01492537, 0.01994324, 0.02310044, 0.02534289, 0.02709608, 0.02846739, 0.02956591, 0.03044799, 0.03115084, 0.03170226, 0.03212319, 0.03242484, 0.03262425, 0.03272834, 0.03274740, 0.03269079, 0.03256349, 0.03237188, 0.03214879, 0.03184461, 0.03149235, 0.03109617, 0.03066167, 0.03019433, 0.02969839, 0.02917782, 0.02863635, 0.02807742, 0.02750424, 0.02691950, 0.02632537, 0.02572521, 0.02512124, 0.02451552, 0.02391027, 0.02330667, 0.02270611, 0.02210984, 0.02151898, 0.02093449, 0.01867579, 0.01656978, 0.01463576, 0.01288152, 0.01130488, 0.00989803, 0.00864981, 0.00754723, 0.00657656, 0.00572406, 0.00497646, 0.00432123, 0.00374703, 0.00324659, 0.00281159
-0.01372865, -0.01557110, -0.01163374, -0.00770893, -0.00429210, -0.00137633, 0.00113219, 0.00329286, 0.00516720, 0.00679882, 0.00821950, 0.00945410, 0.01053342, 0.01146476, 0.01227118, 0.01296206, 0.01354614, 0.01403750, 0.01444501, 0.01478185, 0.01503513, 0.01522201, 0.01535166, 0.01542863, 0.01545642, 0.01544002, 0.01538404, 0.01529275, 0.01517008, 0.01501968, 0.01484540, 0.01465134, 0.01443857, 0.01420967, 0.01396706, 0.01371314, 0.01344958, 0.01317813, 0.01290038, 0.01261776, 0.01233154, 0.01117233, 0.01002989, 0.00894133, 0.00792554, 0.00699323, 0.00614801, 0.00538873, 0.00471126, 0.00410961, 0.00357686, 0.00310584, 0.00269256, 0.00233173, 0.00201744, 0.00174431
0.01001133, 0.01724450, 0.02045405, 0.02224957, 0.02344844, 0.02437289, 0.02507450, 0.02562155, 0.02604559, 0.02636604, 0.02659709, 0.02674927, 0.02682835, 0.02684276, 0.02679643, 0.02669476, 0.02654301, 0.02634435, 0.02610271, 0.02584098, 0.02552163, 0.02516929, 0.02478726, 0.02437937, 0.02394931, 0.02350019, 0.02303496, 0.02255638, 0.02206705, 0.02156938, 0.02106547, 0.02055714, 0.02004662, 0.01953558, 0.01902557, 0.01851829, 0.01801454, 0.01751537, 0.01702167, 0.01653424, 0.01605378, 0.01421221, 0.01251593, 0.01097572, 0.00959297, 0.00836212, 0.00727369, 0.00631599, 0.00547639, 0.00474206, 0.00410052, 0.00353997, 0.00305234, 0.00263030, 0.00226553, 0.00195069
0.02679983, 0.04947605, 0.06048345, 0.06682032, 0.07110836, 0.07440937, 0.07692737, 0.07890026, 0.08044023, 0.08161846, 0.08248759, 0.08308692, 0.08343647, 0.08356928, 0.08349828, 0.08324377, 0.08282486, 0.08225193, 0.08153854, 0.08075649, 0.07979304, 0.07872406, 0.07755956, 0.07631224, 0.07499450, 0.07361624, 0.07218680, 0.07071492, 0.06920873, 0.06767580, 0.06612253, 0.06455427, 0.06297847, 0.06140031, 0.05982459, 0.05825653, 0.05669866, 0.05515417, 0.05362585, 0.05211618, 0.05062727, 0.04491261, 0.03963633, 0.03483309, 0.03050993, 0.02665179, 0.02323139, 0.02021454, 0.01756381, 0.01524096, 0.01320861, 0.01143121, 0.00987795, 0.00852955, 0.00736139, 0.00635069
0.00933833, 0.01915369, 0.02462814, 0.02795475, 0.03027682, 0.03208628, 0.03349525, 0.03462270, 0.03552763, 0.03624787, 0.03681099, 0.03723726, 0.03753653, 0.03772529, 0.03780928, 0.03779820, 0.03770108, 0.03752243, 0.03726861, 0.03697285, 0.03658348, 0.03613589, 0.03563491, 0.03508703, 0.03449869, 0.03387509, 0.03322119, 0.03254171, 0.03184108, 0.03112345, 0.03039239, 0.02965090, 0.02890316, 0.02815210, 0.02740044, 0.02665108, 0.02590557, 0.02516576, 0.02443326, 0.02370950, 0.02299572, 0.02025964, 0.01774448, 0.01546975, 0.01343862, 0.01164157, 0.01006224, 0.00868059, 0.00747495, 0.00642345, 0.00550916, 0.00472077, 0.00404240, 0.00345990, 0.00296062, 0.00253334
0.03316280, 0.06363898, 0.07908833, 0.08805363, 0.09413309, 0.09880753, 0.10238216, 0.10519709, 0.10741423, 0.10913650, 0.11043923, 0.11137776, 0.11197709, 0.11228399, 0.11231281, 0.11209053, 0.11164234, 0.11097975, 0.11011985, 0.10917156, 0.10795938, 0.10659520, 0.10509150, 0.10346574, 0.10173530, 0.09991378, 0.09801415, 0.09604868, 0.09402891, 0.09196565, 0.08986805, 0.08774367, 0.08560379, 0.08345605, 0.08130755, 0.07916594, 0.07703523, 0.07492023, 0.07282522, 0.07075394, 0.06870969, 0.06085453, 0.05359746, 0.04699483, 0.04106120, 0.03577686, 0.03110342, 0.02699190, 0.02338836, 0.02023762, 0.01748572, 0.01508183, 0.01299389, 0.01118813, 0.00962870, 0.00828397
0.01654193, 0.02909145, 0.03487098, 0.03815676, 0.04036889, 0.04207512, 0.04337344, 0.04438728, 0.04517405, 0.04576962, 0.04620052, 0.04648664, 0.04663856, 0.04667284, 0.04659667, 0.04642058, 0.04615463, 0.04580473, 0.04537826, 0.04491210, 0.04434827, 0.04372691, 0.04305378, 0.04233585, 0.04157987, 0.04079136, 0.03997554, 0.03913727, 0.03828111, 0.03741124, 0.03653127, 0.03564426, 0.03475418, 0.03386390, 0.03297606, 0.03209355, 0.03121774, 0.03035036, 0.02949293, 0.02864679, 0.02781307, 0.02462026, 0.02168225, 0.01901604, 0.01662321, 0.01449348, 0.01261006, 0.01095259, 0.00949911, 0.00822743, 0.00711599, 0.00614448, 0.00529952, 0.00456798, 0.00393552, 0.00338949
0.01570298, 0.03231170, 0.04159009, 0.04724402, 0.05119038, 0.05425539, 0.05663010, 0.05851634, 0.06001432, 0.06118959, 0.06209110, 0.06275576, 0.06320241, 0.06346215, 0.06354673, 0.06347495, 0.06326409, 0.06292310, 0.06246387, 0.06194304, 0.06127602, 0.06052136, 0.05968688, 0.05878321, 0.05782075, 0.05680753, 0.05575110, 0.05465848, 0.05353621, 0.05239032, 0.05122583, 0.05004683, 0.04885959, 0.04766823, 0.04647658, 0.04528877, 0.04410688, 0.04293345, 0.04177074, 0.04062074, 0.03948518, 0.03511457, 0.03106275, 0.02736037, 0.02401698, 0.02102401, 0.01836301, 0.01600975, 0.01393710, 0.01211699, 0.01052172, 0.00912478, 0.00790141, 0.00683503, 0.00590929, 0.00510663
0.00823376, 0.01661209, 0.02070709, 0.02289987, 0.02427138, 0.02525730, 0.02595601, 0.02646879, 0.02683800, 0.02709163, 0.02725112, 0.02733245, 0.02733609, 0.02728104, 0.02716541, 0.02699827, 0.02678750, 0.02653270, 0.02623776, 0.02592882, 0.02556801, 0.02517956, 0.02476392, 0.02432574, 0.02387008, 0.02339967, 0.02291706, 0.02242467, 0.02192474, 0.02141936, 0.02090982, 0.02039667, 0.01988355, 0.01937183, 0.01886284, 0.01835800, 0.01785794, 0.01736351, 0.01687543, 0.01639435, 0.01592082, 0.01411047, 0.01244657, 0.01093522, 0.00957808, 0.00836872, 0.00729754, 0.00635325, 0.00552382, 0.00479720, 0.00416171, 0.00360632, 0.00312085, 0.00269786, 0.00233110, 0.00201341
0.02461505, 0.04665106, 0.05773449, 0.06418296, 0.06857002, 0.07195258, 0.07454448, 0.07658711, 0.07819500, 0.07944083, 0.08037797, 0.08104588, 0.08146319, 0.08166328, 0.08165749, 0.08146568, 0.08110650, 0.08058924, 0.07992698, 0.07919010, 0.07826816, 0.07723577, 0.07610265, 0.07488178, 0.07358598, 0.07222544, 0.07080983, 0.06934828, 0.06784933, 0.06632092, 0.06476983, 0.06320167, 0.06162448, 0.06004378, 0.05846471, 0.05689280, 0.05533084, 0.05378224, 0.05225003, 0.05073685, 0.04924498, 0.04352632, 0.03826185, 0.03348734, 0.02920863, 0.02540769, 0.02205359, 0.01910834, 0.01653080, 0.01427933, 0.01231345, 0.01060029, 0.00911851, 0.00783923, 0.00673658, 0.00578761
0.01450159, 0.03032565, 0.03927920, 0.04475453, 0.04858698, 0.05157055, 0.05389087, 0.05574234, 0.05722174, 0.05839197, 0.05929956, 0.05997924, 0.06044847, 0.06073614, 0.06085287, 0.06081599, 0.06064149, 0.06033759, 0.05991542, 0.05942778, 0.05879541, 0.05807384, 0.05727084, 0.05639684, 0.05546213, 0.05447482, 0.05344254, 0.05237250, 0.05127140, 0.05014547, 0.04899998, 0.04783926, 0.04666969, 0.04549558, 0.04432093, 0.04315003, 0.04198510, 0.04082882, 0.03968355, 0.03855137, 0.03743409, 0.03314233, 0.02917963, 0.02557628, 0.02233969, 0.01945851, 0.01691122, 0.01467060, 0.01270676, 0.01098917, 0.00948798, 0.00817733, 0.00704169, 0.00605998, 0.00521270, 0.00448257
0.05212852, 0.09731322, 0.11891844, 0.13100156, 0.13899121, 0.14506153, 0.14963497, 0.15319397, 0.15595847, 0.15806646, 0.15961850, 0.16068765, 0.16130074, 0.16152330, 0.16136891, 0.16087374, 0.16007166, 0.15897514, 0.15760652, 0.15611815, 0.15426221, 0.15219583, 0.14993504, 0.14750463, 0.14492959, 0.14222904, 0.13942128, 0.13652372, 0.13355280, 0.13052391, 0.12744995, 0.12434139, 0.12121495, 0.11808155, 0.11495135, 0.11183529, 0.10873902, 0.10566937, 0.10263239, 0.09963339, 0.09667697, 0.08534884, 0.07492960, 0.06549052, 0.05704360, 0.04955144, 0.04295064, 0.03716365, 0.03210682, 0.02769568, 0.02384829, 0.02050251, 0.01761358, 0.01512327, 0.01298012, 0.01113849
0.01119125, 0.02233340, 0.02831810, 0.03190153, 0.03437713, 0.03629192, 0.03776710, 0.03893327, 0.03985419, 0.04057131, 0.04111553, 0.04151009, 0.04176654, 0.04190464, 0.04193154, 0.04185912, 0.04169830, 0.04145465, 0.04113565, 0.04077909, 0.04032758, 0.03982007, 0.03926158, 0.03865889, 0.03801870, 0.03734615, 0.03664609, 0.03592303, 0.03518118, 0.03442442, 0.03365599, 0.03287852, 0.03209605, 0.03131125, 0.03052658, 0.02974473, 0.02896701, 0.02819509, 0.02743041, 0.02667426, 0.02592775, 0.02305566, 0.02039430, 0.01796321, 0.01576827, 0.01380363, 0.01205703, 0.01051250, 0.00915220, 0.00795772, 0.00691087, 0.00599429, 0.00519171, 0.00449162, 0.00388382, 0.00335675
0.03236764, 0.06172730, 0.07616647, 0.08434046, 0.08977871, 0.09391122, 0.09702918, 0.09945639, 0.10134111, 0.10277751, 0.10383493, 0.10456426, 0.10498371, 0.10514020, 0.10504290, 0.10471774, 0.10418877, 0.10346451, 0.10256062, 0.10157204, 0.10034921, 0.09899007, 0.09750486, 0.09591034, 0.09422339, 0.09245663, 0.09062201, 0.08873090, 0.08679394, 0.08482108, 0.08282047, 0.08079858, 0.07876653, 0.07673128, 0.07469927, 0.07267747, 0.07066940, 0.06867935, 0.06671113, 0.06476804, 0.06285299, 0.05551774, 0.04877221, 0.04265955, 0.03718677, 0.03232932, 0.02804640, 0.02428841, 0.02100196, 0.01813315, 0.01562975, 0.01344940, 0.01156457, 0.00993819, 0.00853707, 0.00733180
0.00555496, 0.01278204, 0.01709978, 0.01977079, 0.02164754, 0.02310564, 0.02424013, 0.02514582, 0.02587035, 0.02644509, 0.02689341, 0.02723281, 0.02747174, 0.02762506, 0.02769774, 0.02769851, 0.02763530, 0.02751190, 0.02733362, 0.02712594, 0.02685130, 0.02653574, 0.02618264, 0.02579690, 0.02538333, 0.02494562, 0.02448723, 0.02401139, 0.02352113, 0.02301923, 0.02250803, 0.02198936, 0.02146625, 0.02094062, 0.02041426, 0.01988910, 0.01936614, 0.01884658, 0.01833149, 0.01782182, 0.01731838, 0.01537998, 0.01358322, 0.01194282, 0.01046362, 0.00914179, 0.00796885, 0.00693360, 0.00602352, 0.00522566, 0.00452725, 0.00391609, 0.00338241, 0.00291948, 0.00251854, 0.00217179
-0.01875202, -0.02385053, -0.02090665, -0.01736475, -0.01413553, -0.01134626, -0.00891399, -0.00679969, -0.00494758, -0.00331681, -0.00187750, -0.00060613, 0.00052826, 0.00153088, 0.00242464, 0.00321758, 0.00391696, 0.00453617, 0.00508294, 0.00556423, 0.00597726, 0.00633194, 0.00663644, 0.00689401, 0.00710691, 0.00727914, 0.00741436, 0.00751601, 0.00758723, 0.00763098, 0.00765054, 0.00764951, 0.00762833, 0.00758916, 0.00753401, 0.00746485, 0.00738322, 0.00729065, 0.00718854, 0.00707817, 0.00696071, 0.00643986, 0.00587559, 0.00530561, 0.00475131, 0.00422728, 0.00374161, 0.00329786, 0.00289655, 0.00253622, 0.00221414, 0.00192728, 0.00167442, 0.00145261, 0.00125868, 0.00108962
0.00547445, 0.01171572, 0.01528586, 0.01746381, 0.01897921, 0.02014945, 0.02105156, 0.02176461, 0.02232724, 0.02276507, 0.02309748, 0.02333921, 0.02349684, 0.02358372, 0.02360373, 0.02356470, 0.02347372, 0.02333389, 0.02314989, 0.02294106, 0.02268053, 0.02238822, 0.02206674, 0.02172029, 0.02135299, 0.02096785, 0.02056767, 0.02015504, 0.01973237, 0.01930185, 0.01886524, 0.01842387, 0.01798024, 0.01753583, 0.01709200, 0.01665023, 0.01621123, 0.01577589, 0.01534499, 0.01491922, 0.01449918, 0.01288557, 0.01139320, 0.01003166, 0.00880370, 0.00770542, 0.00672956, 0.00586690, 0.00510727, 0.00444025, 0.00385559, 0.00334352, 0.00289505, 0.00250444, 0.00216534, 0.00187132
0.02386203, 0.04748392, 0.05993256, 0.06726209, 0.07226677, 0.07611437, 0.07906082, 0.08138129, 0.08320764, 0.08462501, 0.08569646, 0.08646889, 0.08696329, 0.08722047, 0.08725259, 0.08708328, 0.08673431, 0.08621545, 0.08554128, 0.08479298, 0.08384475, 0.08277973, 0.08160757, 0.08034237, 0.07899812, 0.07758545, 0.07611443, 0.07459452, 0.07303454, 0.07144271, 0.06982585, 0.06818942, 0.06654227, 0.06489009, 0.06323817, 0.06159223, 0.05995518, 0.05833056, 0.05672151, 0.05513080, 0.05356083, 0.04752622, 0.04194483, 0.03685778, 0.03227657, 0.02818706, 0.02456140, 0.02136384, 0.01855486, 0.01609389, 0.01394112, 0.01205865, 0.01041458, 0.00898843, 0.00775351, 0.00668564
-0.03222024, -0.04628668, -0.04713134, -0.04571861, -0.04392323, -0.04224963, -0.04066862, -0.03921849, -0.03788068, -0.03663690, -0.03547356, -0.03437925, -0.03333290, -0.03233669, -0.03137524, -0.03044629, -0.02954843, -0.02867376, -0.02781954, -0.02700503, -0.02618847, -0.02538969, -0.02460562, -0.02383727, -0.02308626, -0.02235245, -0.02163575, -0.02093614, -0.02025364, -0.01958825, -0.01893946, -0.01830626, -0.01769029, -0.01709146, -0.01650967, -0.01594502, -0.01539701, -0.01486537, -0.01434984, -0.01385012, -0.01336592, -0.01157782, -0.01001121, -0.00864316, -0.00745419, -0.00642366, -0.00553238, -0.00476277, -0.00409894, -0.00352662, -0.00303315, -0.00260732, -0.00223935, -0.00192269, -0.00165077, -0.00141736
0.00245417, 0.00423014, 0.00500380, 0.00542922, 0.00570926, 0.00592313, 0.00608353, 0.00620713, 0.00630146, 0.00637118, 0.00641975, 0.00644972, 0.00646243, 0.00646005, 0.00644346, 0.00641404, 0.00637310, 0.00632137, 0.00625982, 0.00619391, 0.00611477, 0.00602822, 0.00593501, 0.00583605, 0.00573220, 0.00562419, 0.00551267, 0.00539829, 0.00528162, 0.00516321, 0.00504352, 0.00492294, 0.00480200, 0.00468106, 0.00456046, 0.00444059, 0.00432162, 0.00420377, 0.00408725, 0.00397222, 0.00385885, 0.00342417, 0.00302327, 0.00265849, 0.00233016, 0.00203705, 0.00177706, 0.00154762, 0.00134589, 0.00116903, 0.00101423, 0.00087885, 0.00076043, 0.00065733, 0.00056791, 0.00049046
0.04603433, 0.08494067, 0.10373704, 0.11448510, 0.12171988, 0.12727431, 0.13150001, 0.13480653, 0.13738584, 0.13935933, 0.14081636, 0.14182315, 0.14241158, 0.14263775, 0.14252150, 0.14209645, 0.14139426, 0.14043102, 0.13922887, 0.13791624, 0.13628809, 0.13447862, 0.13250424, 0.13038648, 0.12814648, 0.12580105, 0.12336606, 0.12085646, 0.11828621, 0.11566831, 0.11301379, 0.11033182, 0.10763551, 0.10493385, 0.10223523, 0.09954871, 0.09687882, 0.09423115, 0.09161062, 0.08902157, 0.08646777, 0.07666392, 0.06761209, 0.05937437, 0.05196423, 0.04535594, 0.03950220, 0.03434355, 0.02981477, 0.02584932, 0.02238212, 0.01935134, 0.01670631, 0.01441335, 0.01242878, 0.01071343
0.03650732, 0.06469881, 0.07735853, 0.08437157, 0.08900664, 0.09254526, 0.09520780, 0.09726766, 0.09884921, 0.10002995, 0.10086699, 0.10140280, 0.10165867, 0.10167063, 0.10145283, 0.10102752, 0.10041599, 0.09962995, 0.09868470, 0.09766641, 0.09643655, 0.09508675, 0.09362882, 0.09207731, 0.09044641, 0.08874757, 0.08699161, 0.08518863, 0.08334809, 0.08147871, 0.07958799, 0.07768220, 0.07576982, 0.07385682, 0.07194876, 0.07005170, 0.06816853, 0.06630290, 0.06445803, 0.06263674, 0.06084147, 0.05395838, 0.04761163, 0.04183914, 0.03664653, 0.03201412, 0.02790820, 0.02428720, 0.02110590, 0.01831835, 0.01587973, 0.01374747, 0.01188349, 0.01026419, 0.00886100, 0.00764660
0.03095783, 0.06066665, 0.07645192, 0.08590491, 0.09245664, 0.09755185, 0.10149996, 0.10464109, 0.10714266, 0.10911180, 0.11062708, 0.11174674, 0.11250168, 0.11293854, 0.11307673, 0.11294472, 0.11256920, 0.11196506, 0.11115133, 0.11023027, 0.10904102, 0.10769125, 0.10619552, 0.10457201, 0.10283846, 0.10100936, 0.09909844, 0.09711863, 0.09508204, 0.09299997, 0.09088216, 0.08873686, 0.08657507, 0.08440469, 0.08223304, 0.08006802, 0.07791371, 0.07577505, 0.07365643, 0.07156168, 0.06949417, 0.06154910, 0.05420882, 0.04753102, 0.04152969, 0.03618487, 0.03145764, 0.02729833, 0.02365222, 0.02046331, 0.01767679, 0.01524242, 0.01313045, 0.01130403, 0.00972701, 0.00836739
0.01918741, 0.04660045, 0.06492488, 0.07702966, 0.08590026, 0.09296221, 0.09859780, 0.10318946, 0.10694746, 0.11001027, 0.11247980, 0.11443266, 0.11591903, 0.11699356, 0.11768943, 0.11804243, 0.11808576, 0.11784248, 0.11733741, 0.11667900, 0.11570462, 0.11452944, 0.11317293, 0.11165623, 0.10999959, 0.10822043, 0.10633516, 0.10435919, 0.10230695, 0.10019180, 0.09802562, 0.09581879, 0.09358331, 0.09132858, 0.08906331, 0.08679676, 0.08453400, 0.08228102, 0.08004310, 0.07782494, 0.07563065, 0.06715776, 0.05928059, 0.05207979, 0.04558262, 0.03977714, 0.03462818, 0.03008699, 0.02609786, 0.02260260, 0.01954352, 0.01686712, 0.01454194, 0.01252873, 0.01078853, 0.00928670
0.02657706, 0.05466923, 0.07005207, 0.07926625, 0.08561841, 0.09051485, 0.09427928, 0.09725146, 0.09959500, 0.10141677, 0.10279670, 0.10379484, 0.10443753, 0.10477858, 0.10483333, 0.10463321, 0.10420690, 0.10356709, 0.10273299, 0.10179073, 0.10061552, 0.09929740, 0.09784825, 0.09628612, 0.09462898, 0.09289025, 0.09108251, 0.08921753, 0.08730626, 0.08535879, 0.08338336, 0.08138641, 0.07937906, 0.07736815, 0.07536005, 0.07336162, 0.07137621, 0.06940803, 0.06746073, 0.06553755, 0.06364128, 0.05636854, 0.04966358, 0.04356946, 0.03809527, 0.03321970, 0.02890574, 0.02510765, 0.02177569, 0.01885930, 0.01630922, 0.01407948, 0.01214183, 0.01046427, 0.00901407, 0.00776223
0.01125455, 0.02499042, 0.03351904, 0.03901792, 0.04299828, 0.04615044, 0.04864713, 0.05066632, 0.05230339, 0.05362113, 0.05466614, 0.05547375, 0.05606717, 0.05647234, 0.05670501, 0.05678237, 0.05672037, 0.05653014, 0.05622354, 0.05585199, 0.05533867, 0.05473779, 0.05405836, 0.05331003, 0.05250197, 0.05164199, 0.05073736, 0.04979487, 0.04882083, 0.04782104, 0.04680063, 0.04576402, 0.04471640, 0.04366177, 0.04260384, 0.04154658, 0.04049208, 0.03944285, 0.03840112, 0.03736886, 0.03634780, 0.03240304, 0.02872738, 0.02535522, 0.02229890, 0.01955427, 0.01710726, 0.01493792, 0.01302312, 0.01133844, 0.00985950, 0.00856277, 0.00742607, 0.00643194, 0.00556755, 0.00481696
0.01014887, 0.02394553, 0.03250632, 0.03788397, 0.04169291, 0.04466347, 0.04698592, 0.04884896, 0.05034901, 0.05154962, 0.05249787, 0.05322885, 0.05375942, 0.05411889, 0.05431683, 0.05437024, 0.05429452, 0.05409678, 0.05378729, 0.05341892, 0.05291227, 0.05232097, 0.05165164, 0.05091401, 0.05011780, 0.04927042, 0.04837887, 0.04744976, 0.04648928, 0.04550320, 0.04449632, 0.04347252, 0.04243805, 0.04139695, 0.04035300, 0.03931021, 0.03827076, 0.03723720, 0.03621183, 0.03519664, 0.03419341, 0.03032793, 0.02674407, 0.02347416, 0.02052922, 0.01790184, 0.01557463, 0.01352449, 0.01172545, 0.01015068, 0.00877370, 0.00756980, 0.00652411, 0.00561920, 0.00483736, 0.00416288
0.01532749, 0.02298271, 0.02446066, 0.02466056, 0.02452224, 0.02433118, 0.02409049, 0.02383492, 0.02356905, 0.02329301, 0.02300665, 0.02270943, 0.02239814, 0.02207480, 0.02173751, 0.02138713, 0.02102495, 0.02065071, 0.02026530, 0.01988292, 0.01947624, 0.01906140, 0.01863949, 0.01821223, 0.01778138, 0.01734826, 0.01691411, 0.01648014, 0.01604744, 0.01561704, 0.01518980, 0.01476635, 0.01434778, 0.01393474, 0.01352784, 0.01312783, 0.01273485, 0.01234925, 0.01197130, 0.01160124, 0.01123923, 0.00987403, 0.00864273, 0.00754232, 0.00656639, 0.00570589, 0.00495064, 0.00429012, 0.00371395, 0.00321220, 0.00277559, 0.00239559, 0.00206502, 0.00177918, 0.00153240, 0.00131955
0.01377697, 0.02671695, 0.03354674, 0.03764493, 0.04048773, 0.04269670, 0.04440406, 0.04575653, 0.04682645, 0.04766062, 0.04829388, 0.04875247, 0.04905092, 0.04921059, 0.04924099, 0.04915547, 0.04896646, 0.04868111, 0.04830826, 0.04789211, 0.04736463, 0.04677187, 0.04612011, 0.04541711, 0.04467040, 0.04388598, 0.04306950, 0.04222621, 0.04136100, 0.04047838, 0.03958219, 0.03867564, 0.03776314, 0.03684779, 0.03593245, 0.03502023, 0.03411266, 0.03321167, 0.03231894, 0.03143596, 0.03056402, 0.02720720, 0.02409315, 0.02124523, 0.01867051, 0.01636280, 0.01430845, 0.01248941, 0.01088538, 0.00947533, 0.00823843, 0.00715473, 0.00620550, 0.00537507, 0.00465294, 0.00402596
0.01971050, 0.03635040, 0.04462534, 0.04948116, 0.05280869, 0.05538679, 0.05736718, 0.05892750, 0.06015314, 0.06109856, 0.06180413, 0.06230020, 0.06260304, 0.06273767, 0.06271480, 0.06255009, 0.06225827, 0.06184775, 0.06132910, 0.06075560, 0.06004444, 0.05925217, 0.05838663, 0.05745751, 0.05647424, 0.05544443, 0.05437520, 0.05327325, 0.05214479, 0.05099557, 0.04983052, 0.04865373, 0.04747082, 0.04628572, 0.04510209, 0.04392389, 0.04275306, 0.04159202, 0.04044290, 0.03930757, 0.03818766, 0.03388754, 0.02991506, 0.02629703, 0.02303922, 0.02013069, 0.01755123, 0.01527534, 0.01327502, 0.01152163, 0.00998711, 0.00864477, 0.00747143, 0.00645261, 0.00556979, 0.00480580
-0.00125733, 0.00111975, 0.00366324, 0.00552703, 0.00695563, 0.00810620, 0.00904194, 0.00981612, 0.01046109, 0.01099910, 0.01144674, 0.01181664, 0.01211703, 0.01235701, 0.01254179, 0.01267718, 0.01276836, 0.01281875, 0.01283205, 0.01282090, 0.01276885, 0.01268883, 0.01258331, 0.01245519, 0.01230730, 0.01214193, 0.01196125, 0.01176726, 0.01156186, 0.01134678, 0.01112352, 0.01089337, 0.01065799, 0.01041861, 0.01017637, 0.00993243, 0.00968750, 0.00944237, 0.00919773, 0.00895422, 0.00871240, 0.00777091, 0.00688613, 0.00607037, 0.00532934, 0.00466345, 0.00407002, 0.00354445, 0.00308112, 0.00267388, 0.00231653, 0.00200306, 0.00172984, 0.00149273, 0.00128733, 0.00110970
0.03113756, 0.05249995, 0.06039852, 0.06412427, 0.06627719, 0.06780139, 0.06882923, 0.06954144, 0.07000687, 0.07026669, 0.07035143, 0.07028339, 0.07006627, 0.06972473, 0.06926014, 0.06868577, 0.06801430, 0.06724893, 0.06639772, 0.06551587, 0.06451318, 0.06344765, 0.06232440, 0.06115258, 0.05994145, 0.05869762, 0.05742734, 0.05613646, 0.05483047, 0.05351442, 0.05219232, 0.05086719, 0.04954493, 0.04822894, 0.04692238, 0.04562878, 0.04434957, 0.04308677, 0.04184210, 0.04061706, 0.03941292, 0.03482450, 0.03062831, 0.02683638, 0.02344434, 0.02043246, 0.01777360, 0.01543688, 0.01339005, 0.01160113, 0.01003947, 0.00867631, 0.00748781, 0.00645828, 0.00556782, 0.00479857
0.01551096, 0.02852612, 0.03490747, 0.03860927, 0.04112662, 0.04307044, 0.04455820, 0.04572788, 0.04664535, 0.04735240, 0.04787981, 0.04825050, 0.04847637, 0.04857623, 0.04855771, 0.04843232, 0.04821095, 0.04789955, 0.04750581, 0.04707440, 0.04653387, 0.04593075, 0.04527088, 0.04456156, 0.04380992, 0.04302174, 0.04220242, 0.04135707, 0.04049047, 0.03960705, 0.03871059, 0.03780428, 0.03689250, 0.03597833, 0.03506462, 0.03415448, 0.03324946, 0.03235148, 0.03146224, 0.03058323, 0.02971574, 0.02638147, 0.02329717, 0.02048526, 0.01795142, 0.01568798, 0.01367981, 0.01190748, 0.01034951, 0.00898379, 0.00778866, 0.00674344, 0.00582948, 0.00503522, 0.00434689, 0.00375111
-0.00175893, 0.00271606, 0.00721903, 0.01045317, 0.01290269, 0.01486097, 0.01644203, 0.01774269, 0.01881959, 0.01971187, 0.02044888, 0.02105303, 0.02153724, 0.02191901, 0.02220611, 0.02240921, 0.02253772, 0.02259682, 0.02259290, 0.02254823, 0.02243462, 0.02227425, 0.02207085, 0.02182963, 0.02155570, 0.02125298, 0.02092512, 0.02057554, 0.02020739, 0.01982361, 0.01942662, 0.01901836, 0.01860198, 0.01817952, 0.01775286, 0.01732398, 0.01689402, 0.01646428, 0.01603591, 0.01560997, 0.01518734, 0.01354486, 0.01200420, 0.01058495, 0.00929643, 0.00813878, 0.00710699, 0.00619301, 0.00538702, 0.00467845, 0.00405662, 0.00351112, 0.00303460, 0.00262077, 0.00226197, 0.00195138
0.04126554, 0.07925356, 0.09807810, 0.10872130, 0.11579885, 0.12118464, 0.12526195, 0.12845488, 0.13095794, 0.13289331, 0.13434941, 0.13538976, 0.13603476, 0.13634204, 0.13631999, 0.13599916, 0.13540798, 0.13455492, 0.13345825, 0.13224672, 0.13071094, 0.12898407, 0.12707925, 0.12501843, 0.12282412, 0.12051342, 0.11810278, 0.11560802, 0.11304414, 0.11042526, 0.10776320, 0.10506753, 0.10235396, 0.09963262, 0.09691297, 0.09420508, 0.09151432, 0.08884710, 0.08620903, 0.08360506, 0.08103948, 0.07122731, 0.06223809, 0.05413366, 0.04692002, 0.04055699, 0.03498073, 0.03011500, 0.02587860, 0.02219021, 0.01899462, 0.01624580, 0.01388611, 0.01186457, 0.01013582, 0.00865959
0.03438391, 0.06580016, 0.08169834, 0.09094572, 0.09724005, 0.10209911, 0.10583226, 0.10878561, 0.11112312, 0.11294809, 0.11433562, 0.11534052, 0.11598778, 0.11632337, 0.11636195, 0.11613045, 0.11565432, 0.11494592, 0.11402325, 0.11298422, 0.11167403, 0.11019814, 0.10857070, 0.10681062, 0.10493671, 0.10296418, 0.10090752, 0.09878050, 0.09659607, 0.09436634, 0.09210171, 0.08981092, 0.08750608, 0.08519567, 0.08288760, 0.08059030, 0.07830815, 0.07604640, 0.07380970, 0.07160210, 0.06942710, 0.06110736, 0.05347980, 0.04659518, 0.04045703, 0.03503257, 0.03026967, 0.02610594, 0.02247485, 0.01930964, 0.01655860, 0.01418715, 0.01214720, 0.01039590, 0.00889509, 0.00761087
0.01229249, 0.02594376, 0.03373380, 0.03850103, 0.04183825, 0.04443732, 0.04646136, 0.04808022, 0.04937846, 0.05041078, 0.05121734, 0.05182785, 0.05225666, 0.05252835, 0.05265132, 0.05264002, 0.05250784, 0.05226132, 0.05190973, 0.05149922, 0.05095957, 0.05033954, 0.04964578, 0.04888745, 0.04807368, 0.04721167, 0.04630827, 0.04536998, 0.04440288, 0.04341264, 0.04240408, 0.04138120, 0.04034984, 0.03931396, 0.03827726, 0.03724369, 0.03621533, 0.03519466, 0.03418387, 0.03318490, 0.03219943, 0.02841865, 0.02493716, 0.02178203, 0.01895869, 0.01645522, 0.01425043, 0.01231797, 0.01062926, 0.00915529, 0.00786937, 0.00675659, 0.00579692, 0.00497087, 0.00426113, 0.00365227
0.00797991, 0.01844729, 0.02483644, 0.02883954, 0.03167288, 0.03388162, 0.03560565, 0.03698490, 0.03809088, 0.03897098, 0.03966055, 0.04018622, 0.04056147, 0.04080850, 0.04093540, 0.04095535, 0.04088028, 0.04071612, 0.04047089, 0.04018471, 0.03979777, 0.03935044, 0.03884775, 0.03829685, 0.03770480, 0.03707693, 0.03641827, 0.03573352, 0.03502705, 0.03430291, 0.03356446, 0.03281437, 0.03205701, 0.03129518, 0.03053148, 0.02976870, 0.02900832, 0.02825210, 0.02750160, 0.02675822, 0.02602316, 0.02318557, 0.02054423, 0.01812256, 0.01592970, 0.01396206, 0.01220913, 0.01065621, 0.00928641, 0.00808201, 0.00702535, 0.00609943, 0.00528824, 0.00457894, 0.00396243, 0.00342728
0.02182686, 0.04505980, 0.05800407, 0.06585082, 0.07130788, 0.07553951, 0.07881476, 0.08141712, 0.08348698, 0.08511574, 0.08637119, 0.08730397, 0.08793895, 0.08831862, 0.08845789, 0.08838190, 0.08811374, 0.08766477, 0.08705067, 0.08635548, 0.08545006, 0.08442030, 0.08327673, 0.08203399, 0.08070653, 0.07930553, 0.07784151, 0.07632435, 0.07476330, 0.07316692, 0.07154239, 0.06989556, 0.06823546, 0.06656804, 0.06489885, 0.06323384, 0.06157612, 0.05992942, 0.05829706, 0.05668195, 0.05508666, 0.04894400, 0.04324876, 0.03804714, 0.03335407, 0.02915777, 0.02543187, 0.02214151, 0.01924759, 0.01670965, 0.01448775, 0.01254373, 0.01084354, 0.00936625, 0.00808582, 0.00697749
0.01034106, 0.01919079, 0.02356720, 0.02611634, 0.02785542, 0.02920038, 0.03023237, 0.03104547, 0.03168427, 0.03217699, 0.03254447, 0.03280224, 0.03295818, 0.03302534, 0.03300881, 0.03291668, 0.03275656, 0.03253264, 0.03225043, 0.03193572, 0.03154901, 0.03111842, 0.03064810, 0.03014333, 0.02960924, 0.02905000, 0.02846954, 0.02787155, 0.02725945, 0.02663643, 0.02600521, 0.02536806, 0.02472810, 0.02408749, 0.02344825, 0.02281256, 0.02218148, 0.02155635, 0.02093831, 0.02032840, 0.01972747, 0.01742724, 0.01531350, 0.01339901, 0.01168486, 0.01016306, 0.00882071, 0.00764224, 0.00661096, 0.00571004, 0.00492318, 0.00423801, 0.00364553, 0.00313405, 0.00269322, 0.00231386
-0.00396683, -0.00145202, 0.00208202, 0.00477694, 0.00687819, 0.00858007, 0.00997519, 0.01113679, 0.01211133, 0.01293119, 0.01362049, 0.01419765, 0.01467525, 0.01506610, 0.01537828, 0.01562010, 0.01579892, 0.01591991, 0.01598841, 0.01602036, 0.01599646, 0.01593300, 0.01583354, 0.01570207, 0.01554242, 0.01535777, 0.01515111, 0.01492524, 0.01468272, 0.01442597, 0.01415706, 0.01387780, 0.01359042, 0.01329660, 0.01299790, 0.01269592, 0.01239164, 0.01208617, 0.01178048, 0.01147545, 0.01117184, 0.00998438, 0.00886204, 0.00782291, 0.00687590, 0.00602272, 0.00526079, 0.00458482, 0.00398799, 0.00346271, 0.00300119, 0.00259596, 0.00224266, 0.00193587, 0.00166995, 0.00143988
0.00919153, 0.01598042, 0.01889146, 0.02046933, 0.02149902, 0.02228215, 0.02286682, 0.02331543, 0.02365596, 0.02390571, 0.02407742, 0.02418058, 0.02422028, 0.02420441, 0.02413650, 0.02402155, 0.02386440, 0.02366793, 0.02343566, 0.02318860, 0.02289238, 0.02256922, 0.02222195, 0.02185384, 0.02146804, 0.02106715, 0.02065360, 0.02022966, 0.01979748, 0.01935899, 0.01891591, 0.01846968, 0.01802212, 0.01757458, 0.01712828, 0.01668461, 0.01624419, 0.01580785, 0.01537630, 0.01495017, 0.01453002, 0.01291760, 0.01142780, 0.01006944, 0.00884403, 0.00774751, 0.00677260, 0.00591021, 0.00515038, 0.00448288, 0.00389773, 0.00338537, 0.00293691, 0.00254448, 0.00220301, 0.00190653
0.00734452, 0.01425525, 0.01789445, 0.02006753, 0.02156871, 0.02273207, 0.02362901, 0.02433835, 0.02489835, 0.02533375, 0.02566295, 0.02589980, 0.02605131, 0.02612921, 0.02613794, 0.02608467, 0.02597605, 0.02581558, 0.02560794, 0.02537490, 0.02508370, 0.02475740, 0.02439923, 0.02401345, 0.02360425, 0.02317490, 0.02272849, 0.02226790, 0.02179581, 0.02131469, 0.02082662, 0.02033331, 0.01983728, 0.01934020, 0.01884364, 0.01834930, 0.01785801, 0.01737079, 0.01688858, 0.01641215, 0.01594221, 0.01413812, 0.01247226, 0.01095591, 0.00959157, 0.00837447, 0.00729595, 0.00634507, 0.00550988, 0.00477818, 0.00413800, 0.00357800, 0.00308948, 0.00266595, 0.00229929, 0.00198230
0.00601256, 0.01126204, 0.01395468, 0.01555665, 0.01666304, 0.01752288, 0.01818648, 0.01871176, 0.01912707, 0.01945054, 0.01969560, 0.01987231, 0.01998609, 0.02004511, 0.02005288, 0.02001445, 0.01993457, 0.01981592, 0.01966189, 0.01949066, 0.01927365, 0.01902986, 0.01876180, 0.01847259, 0.01816528, 0.01784232, 0.01750602, 0.01715853, 0.01680189, 0.01643796, 0.01606836, 0.01569443, 0.01531801, 0.01494039, 0.01456280, 0.01418652, 0.01381222, 0.01344071, 0.01307270, 0.01270882, 0.01234961, 0.01096817, 0.00968931, 0.00852264, 0.00747075, 0.00653065, 0.00569620, 0.00495945, 0.00431155, 0.00374341, 0.00324605, 0.00281094, 0.00243038, 0.00209960, 0.00181287, 0.00156464
-0.01080771, -0.01122984, -0.00800953, -0.00522757, -0.00297275, -0.00113692, 0.00038605, 0.00166655, 0.00275323, 0.00368173, 0.00447919, 0.00516655, 0.00575576, 0.00626322, 0.00669555, 0.00706241, 0.00737186, 0.00762786, 0.00783552, 0.00800556, 0.00813150, 0.00822230, 0.00828000, 0.00830840, 0.00831129, 0.00829128, 0.00825079, 0.00819208, 0.00811723, 0.00802814, 0.00792630, 0.00781277, 0.00768999, 0.00755931, 0.00742198, 0.00727925, 0.00713197, 0.00698105, 0.00682731, 0.00667146, 0.00651418, 0.00588164, 0.00526335, 0.00467660, 0.00413270, 0.00363626, 0.00318830, 0.00278748, 0.00243101, 0.00211526, 0.00183615, 0.00159032, 0.00137567, 0.00118878, 0.00102645, 0.00088576
-0.00540979, -0.00343781, 0.00006403, 0.00277099, 0.00488101, 0.00658075, 0.00796973, 0.00912375, 0.01009054, 0.01090386, 0.01158914, 0.01216581, 0.01264540, 0.01304272, 0.01336456, 0.01361983, 0.01381623, 0.01395798, 0.01405020, 0.01410930, 0.01411622, 0.01408643, 0.01402260, 0.01392866, 0.01380845, 0.01366488, 0.01350061, 0.01331817, 0.01311987, 0.01290786, 0.01268390, 0.01244940, 0.01220676, 0.01195749, 0.01170300, 0.01144474, 0.01118362, 0.01092063, 0.01065669, 0.01039258, 0.01012904, 0.00909233, 0.00810439, 0.00718284, 0.00633775, 0.00557208, 0.00488476, 0.00427216, 0.00372909, 0.00324957, 0.00282727, 0.00245590, 0.00212950, 0.00184442, 0.00159635, 0.00138083
0.01716539, 0.03316862, 0.04140263, 0.04624609, 0.04955571, 0.05210213, 0.05404825, 0.05557402, 0.05676602, 0.05768046, 0.05835952, 0.05883508, 0.05912316, 0.05925118, 0.05922929, 0.05907408, 0.05880085, 0.05841744, 0.05793429, 0.05740574, 0.05674857, 0.05601823, 0.05522150, 0.05436758, 0.05346540, 0.05252182, 0.05154321, 0.05053551, 0.04950421, 0.04845439, 0.04739021, 0.04631505, 0.04523420, 0.04415108, 0.04306889, 0.04199107, 0.04091932, 0.03985574, 0.03880220, 0.03776032, 0.03673154, 0.03276991, 0.02909048, 0.02571879, 0.02266327, 0.01991717, 0.01746544, 0.01528808, 0.01336247, 0.01166509, 0.01017253, 0.00886230, 0.00771321, 0.00670569, 0.00582286, 0.00505346
0.02931080, 0.05320353, 0.06460527, 0.07114515, 0.07556028, 0.07895555, 0.08153747, 0.08355209, 0.08511481, 0.08629901, 0.08715936, 0.08773705, 0.08805341, 0.08814345, 0.08802131, 0.08770879, 0.08722636, 0.08658538, 0.08580043, 0.08494502, 0.08390496, 0.08275814, 0.08151505, 0.08018892, 0.07879259, 0.07733626, 0.07582950, 0.07428123, 0.07269971, 0.07109260, 0.06946633, 0.06782625, 0.06617989, 0.06453242, 0.06288864, 0.06125379, 0.05963032, 0.05802140, 0.05642978, 0.05485789, 0.05330783, 0.04735858, 0.04186266, 0.03685376, 0.03233857, 0.02830185, 0.02471624, 0.02154749, 0.01875804, 0.01630949, 0.01416419, 0.01228630, 0.01064238, 0.00920816, 0.00796301, 0.00688323
0.01536442, 0.02987975, 0.03735405, 0.04174611, 0.04475119, 0.04706994, 0.04884985, 0.05025317, 0.05135753, 0.05221275, 0.05285573, 0.05331404, 0.05360125, 0.05374079, 0.05374120, 0.05361664, 0.05338030, 0.05303905, 0.05260214, 0.05211451, 0.05150766, 0.05082924, 0.05008580, 0.04928600, 0.04843832, 0.04754946, 0.04662571, 0.04567297, 0.04469675, 0.04370213, 0.04269341, 0.04167413, 0.04064943, 0.03962279, 0.03859744, 0.03757687, 0.03656282, 0.03555740, 0.03456252, 0.03357982, 0.03261072, 0.02889270, 0.02546328, 0.02234528, 0.01954316, 0.01704646, 0.01483659, 0.01289046, 0.01118284, 0.00968810, 0.00838118, 0.00723838, 0.00624402, 0.00538289, 0.00463822, 0.00399516
0.01966544, 0.03371411, 0.03929848, 0.04210614, 0.04382806, 0.04509414, 0.04599904, 0.04666767, 0.04715110, 0.04748006, 0.04767698, 0.04775810, 0.04772811, 0.04760298, 0.04738521, 0.04708369, 0.04670699, 0.04625816, 0.04574295, 0.04520130, 0.04456706, 0.04388246, 0.04315177, 0.04238150, 0.04157814, 0.04074667, 0.03989181, 0.03901802, 0.03812949, 0.03723012, 0.03632316, 0.03541122, 0.03449847, 0.03358760, 0.03268112, 0.03178176, 0.03089080, 0.03000985, 0.02914034, 0.02828352, 0.02744045, 0.02422188, 0.02127359, 0.01860875, 0.01622629, 0.01411336, 0.01225100, 0.01061710, 0.00918830, 0.00794131, 0.00685371, 0.00590509, 0.00508318, 0.00437325, 0.00376091, 0.00323347
-0.00014259, 0.00106430, 0.00216789, 0.00293955, 0.00351520, 0.00397192, 0.00433775, 0.00463701, 0.00488336, 0.00508621, 0.00525260, 0.00538785, 0.00549469, 0.00557752, 0.00563785, 0.00567826, 0.00570098, 0.00570708, 0.00569803, 0.00567939, 0.00564397, 0.00559727, 0.00554013, 0.00547382, 0.00539963, 0.00531852, 0.00523138, 0.00513904, 0.00504230, 0.00494186, 0.00483833, 0.00473217, 0.00462419, 0.00451490, 0.00440477, 0.00429430, 0.00418376, 0.00407349, 0.00396375, 0.00385482, 0.00374691, 0.00332912, 0.00293944, 0.00258237, 0.00225984, 0.00197147, 0.00171563, 0.00148993, 0.00129162, 0.00111778, 0.00096552, 0.00083249, 0.00071714, 0.00061735, 0.00053116, 0.00045686
0.02022495, 0.04122900, 0.05268063, 0.05956016, 0.06432296, 0.06801031, 0.07085779, 0.07311497, 0.07490372, 0.07630315, 0.07737200, 0.07815423, 0.07867147, 0.07896104, 0.07903627, 0.07891953, 0.07863144, 0.07818250, 0.07758698, 0.07691273, 0.07605793, 0.07509371, 0.07402981, 0.07287940, 0.07165543, 0.07036801, 0.06902661, 0.06764015, 0.06621690, 0.06476452, 0.06328944, 0.06179691, 0.06029483, 0.05878844, 0.05728262, 0.05578264, 0.05429112, 0.05281131, 0.05134606, 0.04989789, 0.04846899, 0.04298016, 0.03790874, 0.03329108, 0.02913616, 0.02543012, 0.02214672, 0.01925273, 0.01671159, 0.01448588, 0.01253894, 0.01083592, 0.00935201, 0.00806619, 0.00695356, 0.00599219
0.02130656, 0.03850210, 0.04500105, 0.04776283, 0.04911885, 0.04992196, 0.05032719, 0.05050812, 0.05052262, 0.05040726, 0.05019030, 0.04989206, 0.04950112, 0.04905031, 0.04852684, 0.04794405, 0.04731342, 0.04662882, 0.04589433, 0.04515291, 0.04434024, 0.04349542, 0.04261622, 0.04171026, 0.04078623, 0.03984791, 0.03889894, 0.03794277, 0.03698265, 0.03602160, 0.03506105, 0.03410093, 0.03314803, 0.03220432, 0.03127167, 0.03035220, 0.02944662, 0.02855604, 0.02768143, 0.02682356, 0.02598311, 0.02280454, 0.01992895, 0.01735330, 0.01507069, 0.01306111, 0.01130085, 0.00976473, 0.00842753, 0.00726500, 0.00625431, 0.00537607, 0.00461825, 0.00396555, 0.00340411, 0.00292176
0.01217944, 0.02474194, 0.03160920, 0.03573657, 0.03859440, 0.04080878, 0.04252086, 0.04388102, 0.04496335, 0.04581569, 0.04647330, 0.04696229, 0.04729542, 0.04749433, 0.04756657, 0.04752486, 0.04738096, 0.04714063, 0.04681188, 0.04644081, 0.04595506, 0.04540183, 0.04478677, 0.04411762, 0.04340205, 0.04264605, 0.04185531, 0.04103520, 0.04019074, 0.03932662, 0.03844681, 0.03755459, 0.03665482, 0.03575080, 0.03484560, 0.03394251, 0.03304327, 0.03214996, 0.03126443, 0.03038829, 0.02952299, 0.02619255, 0.02310800, 0.02029494, 0.01776120, 0.01549984, 0.01349581, 0.01172938, 0.01017853, 0.00882056, 0.00763315, 0.00659498, 0.00569003, 0.00490611, 0.00422800, 0.00364226
0.00754393, 0.01461413, 0.01825455, 0.02040007, 0.02187359, 0.02301508, 0.02389521, 0.02459235, 0.02514433, 0.02557527, 0.02590286, 0.02614021, 0.02629412, 0.02637529, 0.02638806, 0.02633896, 0.02623416, 0.02607707, 0.02587212, 0.02564183, 0.02535106, 0.02502385, 0.02466360, 0.02427450, 0.02386069, 0.02342550, 0.02297213, 0.02250354, 0.02202253, 0.02153170, 0.02103329, 0.02052916, 0.02002185, 0.01951316, 0.01900475, 0.01849841, 0.01799507, 0.01749583, 0.01700168, 0.01651347, 0.01603197, 0.01418458, 0.01248155, 0.01093500, 0.00954719, 0.00831276, 0.00722214, 0.00626338, 0.00542351, 0.00468931, 0.00404791, 0.00348808, 0.00300313, 0.00258401, 0.00222238, 0.00191082
0.00843443, 0.01930840, 0.02604076, 0.03031175, 0.03336396, 0.03576100, 0.03764681, 0.03916648, 0.04039521, 0.04138236, 0.04216440, 0.04276859, 0.04320966, 0.04350938, 0.04367681, 0.04372519, 0.04366669, 0.04350799, 0.04325765, 0.04295452, 0.04254105, 0.04205808, 0.04151166, 0.04090963, 0.04025971, 0.03956808, 0.03884056, 0.03808265, 0.03729948, 0.03649580, 0.03567568, 0.03484252, 0.03400109, 0.03315472, 0.03230650, 0.03145969, 0.03061606, 0.02977769, 0.02894643, 0.02812389, 0.02731149, 0.02418570, 0.02129417, 0.01866195, 0.01629618, 0.01418961, 0.01232705, 0.01068881, 0.00925301, 0.00799719, 0.00689932, 0.00594199, 0.00511340, 0.00439758, 0.00378025, 0.00324868
0.00405938, 0.00946479, 0.01289941, 0.01511610, 0.01671494, 0.01797318, 0.01896357, 0.01975937, 0.02039934, 0.02090953, 0.02130962, 0.02161477, 0.02183395, 0.02197935, 0.02205687, 0.02207426, 0.02203853, 0.02195388, 0.02182523, 0.02167284, 0.02146793, 0.02123112, 0.02096552, 0.02067501, 0.02036329, 0.02003327, 0.01968761, 0.01932880, 0.01895910, 0.01858058, 0.01819499, 0.01780372, 0.01740887, 0.01701183, 0.01661389, 0.01621644, 0.01582018, 0.01542598, 0.01503460, 0.01464671, 0.01426291, 0.01277799, 0.01138939, 0.01010908, 0.00894220, 0.00788788, 0.00694183, 0.00609764, 0.00534771, 0.00468390, 0.00409795, 0.00358180, 0.00312781, 0.00272881, 0.00237823, 0.00207047
-0.00022561, 0.00252790, 0.00518479, 0.00710988, 0.00857821, 0.00976015, 0.01071854, 0.01150935, 0.01216606, 0.01271158, 0.01316299, 0.01353331, 0.01383079, 0.01406497, 0.01424100, 0.01436495, 0.01444223, 0.01447622, 0.01447078, 0.01444016, 0.01436512, 0.01426023, 0.01412805, 0.01397171, 0.01379430, 0.01359830, 0.01338602, 0.01315966, 0.01292125, 0.01267269, 0.01241559, 0.01215131, 0.01188174, 0.01160821, 0.01133195, 0.01105426, 0.01077589, 0.01049770, 0.01022045, 0.00994481, 0.00967141, 0.00860970, 0.00761550, 0.00670164, 0.00587378, 0.00513172, 0.00447191, 0.00388874, 0.00337555, 0.00292516, 0.00253039, 0.00218465, 0.00188417, 0.00162382, 0.00139865, 0.00120423
-0.02061212, -0.02496931, -0.02099691, -0.01675109, -0.01301512, -0.00984054, -0.00710855, -0.00475367, -0.00270688, -0.00091765, 0.00065137, 0.00202940, 0.00324777, 0.00431832, 0.00526323, 0.00609365, 0.00681935, 0.00745335, 0.00800448, 0.00848392, 0.00888556, 0.00922221, 0.00950167, 0.00972839, 0.00990603, 0.01003914, 0.01013192, 0.01018826, 0.01021176, 0.01020578, 0.01017372, 0.01011911, 0.01004342, 0.00994907, 0.00983832, 0.00971339, 0.00957595, 0.00942770, 0.00927017, 0.00910477, 0.00893278, 0.00820053, 0.00743836, 0.00668570, 0.00596569, 0.00529274, 0.00467420, 0.00411257, 0.00360713, 0.00315511, 0.00275247, 0.00239470, 0.00207960, 0.00180356, 0.00156246, 0.00135243
0.00493575, 0.00978642, 0.01239822, 0.01396994, 0.01505965, 0.01590425, 0.01655608, 0.01707186, 0.01747926, 0.01779629, 0.01803640, 0.01820979, 0.01832153, 0.01838036, 0.01838948, 0.01835422, 0.01827946, 0.01816774, 0.01802247, 0.01785874, 0.01765434, 0.01742520, 0.01717360, 0.01690258, 0.01661515, 0.01631364, 0.01600021, 0.01567691, 0.01534560, 0.01500803, 0.01466563, 0.01431958, 0.01397167, 0.01362306, 0.01327486, 0.01292824, 0.01258377, 0.01224216, 0.01190406, 0.01157001, 0.01124050, 0.00997524, 0.00880637, 0.00774165, 0.00678293, 0.00592696, 0.00516777, 0.00449786, 0.00390897, 0.00339266, 0.00294068, 0.00254514, 0.00219953, 0.00189954, 0.00163959, 0.00141465
0.02644179, 0.04819004, 0.05863788, 0.06461716, 0.06865087, 0.07175949, 0.07413354, 0.07599979, 0.07746535, 0.07859725, 0.07944427, 0.08004218, 0.08040855, 0.08057255, 0.08054495, 0.08034317, 0.07998379, 0.07947542, 0.07882980, 0.07812313, 0.07723029, 0.07623083, 0.07513416, 0.07395229, 0.07269704, 0.07137805, 0.07000449, 0.06858506, 0.06712794, 0.06564078, 0.06413022, 0.06260185, 0.06106325, 0.05951983, 0.05797664, 0.05643911, 0.05491005, 0.05339289, 0.05189062, 0.05040592, 0.04894109, 0.04331679, 0.03812672, 0.03340985, 0.02917469, 0.02540606, 0.02207560, 0.01914757, 0.01658281, 0.01434139, 0.01238435, 0.01067556, 0.00919320, 0.00791188, 0.00680600, 0.00585293
0.01381899, 0.02425246, 0.02897408, 0.03164282, 0.03343653, 0.03482011, 0.03587165, 0.03669064, 0.03732386, 0.03780065, 0.03814272, 0.03836644, 0.03848199, 0.03850213, 0.03843415, 0.03828658, 0.03806762, 0.03778285, 0.03743845, 0.03706781, 0.03661702, 0.03612157, 0.03558645, 0.03501697, 0.03441814, 0.03379423, 0.03314921, 0.03248680, 0.03181044, 0.03112328, 0.03042812, 0.02972736, 0.02902378, 0.02831952, 0.02761659, 0.02691716, 0.02622226, 0.02553320, 0.02485116, 0.02417713, 0.02351201, 0.02095445, 0.01858394, 0.01641589, 0.01445388, 0.01269277, 0.01112223, 0.00972888, 0.00849781, 0.00741358, 0.00646091, 0.00562516, 0.00489261, 0.00425056, 0.00368860, 0.00319938
0.01122182, 0.02166847, 0.02714640, 0.03041528, 0.03266797, 0.03440707, 0.03574030, 0.03678712, 0.03760629, 0.03823631, 0.03870626, 0.03903831, 0.03924432, 0.03934295, 0.03934188, 0.03925254, 0.03908543, 0.03884618, 0.03854192, 0.03821230, 0.03779594, 0.03733225, 0.03682575, 0.03628239, 0.03570791, 0.03510669, 0.03448278, 0.03383994, 0.03318162, 0.03251099, 0.03183068, 0.03114278, 0.03045061, 0.02975632, 0.02906190, 0.02836953, 0.02768025, 0.02699542, 0.02631619, 0.02564361, 0.02497860, 0.02240873, 0.02000737, 0.01779257, 0.01577188, 0.01394329, 0.01229936, 0.01082933, 0.00952051, 0.00835934, 0.00733210, 0.00642539, 0.00562646, 0.00492337, 0.00430510, 0.00376161
0.02209460, 0.04178300, 0.05173500, 0.05757550, 0.06156695, 0.06464375, 0.06699669, 0.06884166, 0.07028263, 0.07138680, 0.07220455, 0.07277397, 0.07311514, 0.07326021, 0.07322225, 0.07302109, 0.07267512, 0.07219435, 0.07159155, 0.07093344, 0.07011697, 0.06921068, 0.06822323, 0.06716576, 0.06604907, 0.06488158, 0.06367114, 0.06242505, 0.06115008, 0.05985244, 0.05853734, 0.05720903, 0.05587383, 0.05453595, 0.05319930, 0.05186816, 0.05054457, 0.04923113, 0.04793014, 0.04664359, 0.04537326, 0.04048170, 0.03593873, 0.03177588, 0.02800316, 0.02461224, 0.02158456, 0.01889545, 0.01651705, 0.01442035, 0.01257651, 0.01095779, 0.00953809, 0.00829326, 0.00720230, 0.00625129
-0.01442247, -0.01029397, -0.00262134, 0.00316866, 0.00760453, 0.01112766, 0.01397815, 0.01633170, 0.01829287, 0.01993638, 0.02131876, 0.02248293, 0.02344836, 0.02425189, 0.02490289, 0.02542153, 0.02582479, 0.02611851, 0.02631276, 0.02643970, 0.02646628, 0.02642065, 0.02630625, 0.02613155, 0.02590529, 0.02563309, 0.02532024, 0.02497167, 0.02459195, 0.02418535, 0.02375502, 0.02330308, 0.02283542, 0.02235503, 0.02186470, 0.02136730, 0.02086461, 0.02035861, 0.01985108, 0.01934359, 0.01883757, 0.01685117, 0.01496532, 0.01321274, 0.01161317, 0.01017081, 0.00888203, 0.00773834, 0.00672838, 0.00583940, 0.00505816, 0.00437240, 0.00377522, 0.00325689, 0.00280789, 0.00241965
0.00397785, 0.00899794, 0.01193542, 0.01373779, 0.01499833, 0.01597511, 0.01673243, 0.01733469, 0.01781387, 0.01819108, 0.01848213, 0.01869893, 0.01884723, 0.01893732, 0.01897269, 0.01895944, 0.01890311, 0.01880639, 0.01867303, 0.01851941, 0.01832199, 0.01809767, 0.01784878, 0.01757864, 0.01729053, 0.01698692, 0.01667014, 0.01634233, 0.01600551, 0.01566152, 0.01531186, 0.01495775, 0.01460116, 0.01424335, 0.01388548, 0.01352879, 0.01317393, 0.01282165, 0.01247264, 0.01212749, 0.01178674, 0.01047578, 0.00926131, 0.00815236, 0.00715172, 0.00625664, 0.00546142, 0.00475863, 0.00414001, 0.00359703, 0.00312125, 0.00270466, 0.00234002, 0.00202286, 0.00174771, 0.00150933
0.01737566, 0.03491708, 0.04450210, 0.05031472, 0.05436476, 0.05751029, 0.05994395, 0.06187284, 0.06339974, 0.06459184, 0.06549947, 0.06616078, 0.06659626, 0.06683766, 0.06689822, 0.06679754, 0.06655367, 0.06617656, 0.06567880, 0.06512023, 0.06441099, 0.06361288, 0.06273430, 0.06178608, 0.06077875, 0.05972053, 0.05861909, 0.05748156, 0.05631454, 0.05512412, 0.05391539, 0.05269250, 0.05146163, 0.05022691, 0.04899215, 0.04776152, 0.04653704, 0.04532129, 0.04411649, 0.04292463, 0.04174744, 0.03721261, 0.03300056, 0.02914268, 0.02564936, 0.02251306, 0.01971628, 0.01723560, 0.01504453, 0.01311545, 0.01142097, 0.00993472, 0.00863194, 0.00748992, 0.00649351, 0.00562696
0.01906626, 0.03626092, 0.04507045, 0.05026802, 0.05383533, 0.05659582, 0.05871886, 0.06039525, 0.06171669, 0.06274189, 0.06351427, 0.06406628, 0.06441410, 0.06458509, 0.06458945, 0.06444380, 0.06416370, 0.06375730, 0.06323558, 0.06265281, 0.06192565, 0.06111176, 0.06021906, 0.05925792, 0.05823852, 0.05716895, 0.05605682, 0.05490929, 0.05373302, 0.05253420, 0.05131805, 0.05008892, 0.04885301, 0.04761457, 0.04637755, 0.04514620, 0.04392263, 0.04270946, 0.04150899, 0.04032323, 0.03915393, 0.03466861, 0.03053330, 0.02677580, 0.02340138, 0.02039706, 0.01773999, 0.01540179, 0.01335160, 0.01155800, 0.00999039, 0.00862033, 0.00743052, 0.00640096, 0.00551140, 0.00474393
0.03722098, 0.07745078, 0.10021316, 0.11414346, 0.12389738, 0.13149248, 0.13739937, 0.14211240, 0.14587848, 0.14885816, 0.15117021, 0.15290328, 0.15410268, 0.15484149, 0.15514744, 0.15506448, 0.15463312, 0.15387453, 0.15281687, 0.15159952, 0.15001091, 0.14819642, 0.14617574, 0.14397514, 0.14162044, 0.13913202, 0.13652912, 0.13382981, 0.13105098, 0.12820831, 0.12531506, 0.12238221, 0.11942576, 0.11645656, 0.11348475, 0.11052115, 0.10757140, 0.10464229, 0.10173982, 0.09886929, 0.09603531, 0.08513746, 0.07505758, 0.06587588, 0.05761455, 0.05024820, 0.04372537, 0.03797976, 0.03293788, 0.02852432, 0.02466506, 0.02129044, 0.01835712, 0.01581779, 0.01362286, 0.01172845
-0.00278003, -0.00205022, -0.00044195, 0.00083474, 0.00184105, 0.00265608, 0.00332578, 0.00388471, 0.00435541, 0.00475381, 0.00509179, 0.00537844, 0.00561942, 0.00582128, 0.00598737, 0.00612168, 0.00622765, 0.00630731, 0.00636300, 0.00640225, 0.00641609, 0.00641173, 0.00639053, 0.00635430, 0.00630481, 0.00624346, 0.00617156, 0.00609034, 0.00600095, 0.00590447, 0.00580181, 0.00569371, 0.00558132, 0.00546542, 0.00534671, 0.00522595, 0.00510360, 0.00498019, 0.00485618, 0.00473199, 0.00460799, 0.00412004, 0.00365578, 0.00322425, 0.00283034, 0.00247533, 0.00215841, 0.00187749, 0.00162969, 0.00141177, 0.00122033, 0.00105278, 0.00090732, 0.00078131, 0.00067238, 0.00057841
0.01026308, 0.01787335, 0.02121514, 0.02306171, 0.02428733, 0.02523132, 0.02594780, 0.02650733, 0.02694224, 0.02727219, 0.02751135, 0.02767007, 0.02775419, 0.02777174, 0.02772672, 0.02762432, 0.02746965, 0.02726600, 0.02701730, 0.02674678, 0.02641582, 0.02604982, 0.02565234, 0.02522731, 0.02477853, 0.02430929, 0.02382270, 0.02332174, 0.02280916, 0.02228756, 0.02175922, 0.02122618, 0.02069072, 0.02015465, 0.01961964, 0.01908751, 0.01855916, 0.01803570, 0.01751812, 0.01700727, 0.01650389, 0.01457661, 0.01280528, 0.01120115, 0.00976504, 0.00849040, 0.00736646, 0.00638020, 0.00551761, 0.00476458, 0.00410740, 0.00353494, 0.00303997, 0.00261282, 0.00224476, 0.00192811
0.01108091, 0.02067305, 0.02496493, 0.02719612, 0.02857317, 0.02956575, 0.03026648, 0.03077807, 0.03114268, 0.03138737, 0.03153265, 0.03159372, 0.03157203, 0.03148500, 0.03133200, 0.03112171, 0.03086194, 0.03055327, 0.03020000, 0.02982925, 0.02940030, 0.02893983, 0.02844928, 0.02793359, 0.02739799, 0.02684563, 0.02627953, 0.02570251, 0.02511718, 0.02452597, 0.02393060, 0.02333210, 0.02273402, 0.02213799, 0.02154551, 0.02095827, 0.02037699, 0.01980263, 0.01923603, 0.01867793, 0.01812895, 0.01603371, 0.01411331, 0.01237428, 0.01081665, 0.00943210, 0.00820871, 0.00713267, 0.00618947, 0.00536461, 0.00464416, 0.00401501, 0.00346616, 0.00299047, 0.00257888, 0.00222317
0.02868197, 0.05591559, 0.07010306, 0.07846457, 0.08419231, 0.08861658, 0.09201962, 0.09471166, 0.09684254, 0.09850798, 0.09977823, 0.10070511, 0.10131341, 0.10164631, 0.10171855, 0.10155552, 0.10118089, 0.10060627, 0.09984800, 0.09900152, 0.09791532, 0.09668834, 0.09533257, 0.09386417, 0.09229912, 0.09065010, 0.08892913, 0.08714757, 0.08531609, 0.08344463, 0.08154167, 0.07961425, 0.07767255, 0.07572357, 0.07377381, 0.07183025, 0.06989655, 0.06797710, 0.06607579, 0.06419604, 0.06234083, 0.05521239, 0.04862720, 0.04263636, 0.03725272, 0.03245829, 0.02821809, 0.02448757, 0.02121770, 0.01835831, 0.01586034, 0.01367806, 0.01178375, 0.01014549, 0.00873081, 0.00751102
-0.00861329, -0.00669731, -0.00178949, 0.00224336, 0.00549074, 0.00815926, 0.01037817, 0.01224488, 0.01382796, 0.01517559, 0.01632357, 0.01729937, 0.01812467, 0.01881638, 0.01938891, 0.01985411, 0.02022251, 0.02050303, 0.02070376, 0.02084628, 0.02090526, 0.02090318, 0.02084599, 0.02073931, 0.02058835, 0.02039788, 0.02017234, 0.01991588, 0.01963235, 0.01932533, 0.01899809, 0.01865358, 0.01829472, 0.01792405, 0.01754393, 0.01715678, 0.01676414, 0.01636771, 0.01596899, 0.01556935, 0.01516999, 0.01359539, 0.01209270, 0.01069225, 0.00940962, 0.00824986, 0.00721128, 0.00628791, 0.00547123, 0.00475140, 0.00411806, 0.00356156, 0.00307657, 0.00265530, 0.00229012, 0.00197418
0.01732588, 0.03639366, 0.04710996, 0.05359070, 0.05808569, 0.06156438, 0.06425433, 0.06639244, 0.06809588, 0.06944082, 0.07048342, 0.07126531, 0.07180590, 0.07214018, 0.07227916, 0.07224300, 0.07205013, 0.07170891, 0.07123161, 0.07069118, 0.06997335, 0.06915173, 0.06823454, 0.06723374, 0.06616122, 0.06502611, 0.06383706, 0.06260222, 0.06132928, 0.06002538, 0.05869651, 0.05734753, 0.05598615, 0.05461743, 0.05324606, 0.05187708, 0.05051320, 0.04915761, 0.04781318, 0.04648241, 0.04516753, 0.04010180, 0.03540352, 0.03111348, 0.02724542, 0.02379003, 0.02072536, 0.01802212, 0.01564738, 0.01356701, 0.01174739, 0.01015634, 0.00876746, 0.00756333, 0.00652112, 0.00562031
0.02494582, 0.04123517, 0.04630873, 0.04815892, 0.04891080, 0.04929558, 0.04940442, 0.04936675, 0.04922159, 0.04899093, 0.04869114, 0.04833339, 0.04790940, 0.04743833, 0.04691192, 0.04633782, 0.04572318, 0.04506444, 0.04436445, 0.04366702, 0.04289752, 0.04209843, 0.04126976, 0.04041724, 0.03954720, 0.03866305, 0.03776806, 0.03686537, 0.03595799, 0.03504871, 0.03413932, 0.03323067, 0.03232759, 0.03143199, 0.03054567, 0.02967068, 0.02880778, 0.02795809, 0.02712256, 0.02630202, 0.02549716, 0.02244437, 0.01967063, 0.01717734, 0.01495875, 0.01299824, 0.01127513, 0.00976694, 0.00845083, 0.00730455, 0.00630707, 0.00543888, 0.00468412, 0.00403210, 0.00346959, 0.00298484
-0.00543848, -0.00293348, 0.00110758, 0.00421018, 0.00662242, 0.00856460, 0.01014899, 0.01146315, 0.01256157, 0.01348281, 0.01425599, 0.01490349, 0.01543816, 0.01587751, 0.01622903, 0.01650326, 0.01670924, 0.01685175, 0.01693676, 0.01698307, 0.01696935, 0.01691333, 0.01681806, 0.01668820, 0.01652837, 0.01634194, 0.01613208, 0.01590171, 0.01565354, 0.01539007, 0.01511334, 0.01482488, 0.01452760, 0.01422325, 0.01391344, 0.01359986, 0.01328353, 0.01296559, 0.01264708, 0.01232889, 0.01201186, 0.01076855, 0.00958829, 0.00849040, 0.00748581, 0.00657720, 0.00576267, 0.00503747, 0.00439515, 0.00382838, 0.00332949, 0.00289092, 0.00250566, 0.00216956, 0.00187720, 0.00162331
0.01605774, 0.03146042, 0.03955039, 0.04435312, 0.04765675, 0.05020957, 0.05217266, 0.05372204, 0.05494265, 0.05588937, 0.05660308, 0.05711445, 0.05743858, 0.05760175, 0.05761341, 0.05748942, 0.05724450, 0.05688615, 0.05642458, 0.05590835, 0.05526434, 0.05454366, 0.05375325, 0.05290251, 0.05200063, 0.05105480, 0.05007174, 0.04905775, 0.04801868, 0.04695994, 0.04588606, 0.04480072, 0.04370948, 0.04261602, 0.04152377, 0.04043643, 0.03935582, 0.03828419, 0.03722355, 0.03617562, 0.03514195, 0.03117331, 0.02750798, 0.02417066, 0.02116697, 0.01848661, 0.01611062, 0.01401520, 0.01217422, 0.01056097, 0.00914933, 0.00791444, 0.00683624, 0.00590103, 0.00509108, 0.00439059
0.02571113, 0.04716370, 0.05741506, 0.06326051, 0.06719054, 0.07020630, 0.07249733, 0.07428581, 0.07567479, 0.07672948, 0.07749818, 0.07801693, 0.07830322, 0.07838816, 0.07828305, 0.07800687, 0.07757753, 0.07700444, 0.07630031, 0.07552806, 0.07459035, 0.07355476, 0.07243055, 0.07122980, 0.06996427, 0.06864335, 0.06727585, 0.06587002, 0.06443355, 0.06297354, 0.06149601, 0.06000592, 0.05851036, 0.05701416, 0.05552180, 0.05403816, 0.05256556, 0.05110695, 0.04966490, 0.04824167, 0.04683921, 0.04146710, 0.03652225, 0.03203357, 0.02800451, 0.02441800, 0.02124596, 0.01845419, 0.01600583, 0.01386356, 0.01199113, 0.01035435, 0.00893070, 0.00769810, 0.00663241, 0.00571232
0.00967233, 0.01933577, 0.02444544, 0.02746278, 0.02952679, 0.03111384, 0.03232903, 0.03328499, 0.03403579, 0.03461658, 0.03505353, 0.03536626, 0.03556386, 0.03566344, 0.03567047, 0.03559498, 0.03544620, 0.03522847, 0.03494800, 0.03463742, 0.03424689, 0.03380981, 0.03333019, 0.03281376, 0.03226619, 0.03169178, 0.03109456, 0.03047830, 0.02984652, 0.02920247, 0.02854881, 0.02788770, 0.02722261, 0.02655578, 0.02588926, 0.02522530, 0.02456501, 0.02390976, 0.02326079, 0.02261915, 0.02198577, 0.01954963, 0.01729291, 0.01523177, 0.01337106, 0.01170569, 0.01022517, 0.00891596, 0.00776290, 0.00675041, 0.00586309, 0.00508624, 0.00440611, 0.00381245, 0.00329700, 0.00284996
0.01529028, 0.02923758, 0.03637795, 0.04057554, 0.04345069, 0.04567445, 0.04738510, 0.04873746, 0.04980566, 0.05063693, 0.05126596, 0.05171848, 0.05200703, 0.05215321, 0.05216478, 0.05205473, 0.05183526, 0.05151266, 0.05109556, 0.05062766, 0.05004128, 0.04938314, 0.04865965, 0.04787925, 0.04705026, 0.04617931, 0.04527271, 0.04433638, 0.04337588, 0.04239635, 0.04140220, 0.04039708, 0.03938616, 0.03837300, 0.03736091, 0.03635347, 0.03535246, 0.03436010, 0.03337831, 0.03240880, 0.03145305, 0.02779038, 0.02442013, 0.02136500, 0.01862839, 0.01619842, 0.01405499, 0.01217346, 0.01052723, 0.00908938, 0.00783378, 0.00674095, 0.00579632, 0.00498116, 0.00427889, 0.00367480
-0.00956588, -0.01571120, -0.01793464, -0.01899985, -0.01963420, -0.02010011, -0.02042859, -0.02066801, -0.02083768, -0.02094862, -0.02100865, -0.02102330, -0.02099473, -0.02092781, -0.02082399, -0.02068617, -0.02051732, -0.02031895, -0.02009322, -0.01985896, -0.01958318, -0.01928586, -0.01896911, -0.01863545, -0.01828739, -0.01792699, -0.01755626, -0.01717708, -0.01679124, -0.01640043, -0.01600610, -0.01560953, -0.01521229, -0.01481556, -0.01442044, -0.01402812, -0.01363919, -0.01325437, -0.01287430, -0.01249953, -0.01213055, -0.01071990, -0.00942510, -0.00825288, -0.00720316, -0.00627084, -0.00544806, -0.00472547, -0.00409308, -0.00354090, -0.00305925, -0.00263903, -0.00227369, -0.00195784, -0.00168512, -0.00144996
0.00982992, 0.01655576, 0.01939346, 0.02094623, 0.02197006, 0.02275727, 0.02335036, 0.02380924, 0.02416105, 0.02442225, 0.02460488, 0.02471789, 0.02476637, 0.02475745, 0.02469474, 0.02458293, 0.02442665, 0.02422887, 0.02399310, 0.02373973, 0.02343510, 0.02310141, 0.02274171, 0.02235941, 0.02195777, 0.02153959, 0.02110751, 0.02066401, 0.02021139, 0.01975182, 0.01928717, 0.01881908, 0.01834949, 0.01787988, 0.01741161, 0.01694619, 0.01648433, 0.01602692, 0.01557478, 0.01512858, 0.01468894, 0.01300512, 0.01145543, 0.01004891, 0.00878627, 0.00766221, 0.00666794, 0.00579282, 0.00502535, 0.00435391, 0.00376719, 0.00325453, 0.00280786, 0.00242104, 0.00208650, 0.00179756
0.02709538, 0.05070215, 0.06234631, 0.06907582, 0.07363362, 0.07713760, 0.07980926, 0.08190192, 0.08353514, 0.08478521, 0.08570874, 0.08634803, 0.08672389, 0.08687247, 0.08680695, 0.08654924, 0.08611983, 0.08552933, 0.08479205, 0.08398321, 0.08298572, 0.08187851, 0.08067172, 0.07937874, 0.07801265, 0.07658377, 0.07510178, 0.07357574, 0.07201410, 0.07042469, 0.06881407, 0.06718768, 0.06555342, 0.06391665, 0.06228232, 0.06065585, 0.05903984, 0.05743760, 0.05585201, 0.05428562, 0.05274064, 0.04680920, 0.04133012, 0.03633942, 0.03184506, 0.02783183, 0.02427190, 0.02113026, 0.01836845, 0.01594720, 0.01382801, 0.01197427, 0.01035315, 0.00894434, 0.00772316, 0.00666598
0.03562404, 0.06600196, 0.08030527, 0.08826573, 0.09350355, 0.09746068, 0.10041631, 0.10268985, 0.10442391, 0.10570925, 0.10661366, 0.10718769, 0.10744979, 0.10744822, 0.10719332, 0.10671264, 0.10603173, 0.10516047, 0.10411578, 0.10298253, 0.10163250, 0.10015525, 0.09856132, 0.09686759, 0.09509095, 0.09324384, 0.09133795, 0.08938424, 0.08739289, 0.08537332, 0.08333313, 0.08127820, 0.07921904, 0.07716201, 0.07511299, 0.07307841, 0.07106124, 0.06906529, 0.06709390, 0.06514996, 0.06323599, 0.05591792, 0.04919838, 0.04311017, 0.03765496, 0.03280622, 0.02852331, 0.02475800, 0.02145889, 0.01857438, 0.01605457, 0.01385317, 0.01194157, 0.01028766, 0.00885875, 0.00762594
-0.00095777, 0.00391039, 0.00910251, 0.01306581, 0.01619401, 0.01876889, 0.02089875, 0.02268085, 0.02418098, 0.02544363, 0.02650152, 0.02737978, 0.02810207, 0.02868139, 0.02913494, 0.02947359, 0.02970754, 0.02984785, 0.02990330, 0.02990197, 0.02980387, 0.02964008, 0.02941857, 0.02914522, 0.02882521, 0.02846393, 0.02806643, 0.02763738, 0.02718112, 0.02670166, 0.02620287, 0.02568846, 0.02516093, 0.02462306, 0.02407747, 0.02352688, 0.02297290, 0.02241736, 0.02186189, 0.02130795, 0.02075684, 0.01860184, 0.01656318, 0.01467237, 0.01294335, 0.01137973, 0.00997779, 0.00872918, 0.00762280, 0.00664620, 0.00578642, 0.00503064, 0.00436657, 0.00378508, 0.00327877, 0.00283854
0.03029468, 0.05634120, 0.06913063, 0.07651234, 0.08151484, 0.08537042, 0.08831882, 0.09063746, 0.09245831, 0.09386479, 0.09491801, 0.09566314, 0.09612294, 0.09633446, 0.09631193, 0.09607771, 0.09565288, 0.09504866, 0.09427992, 0.09343685, 0.09237381, 0.09118464, 0.08988078, 0.08847672, 0.08698669, 0.08542217, 0.08379403, 0.08211253, 0.08038728, 0.07862726, 0.07684014, 0.07503243, 0.07321298, 0.07138807, 0.06956354, 0.06774568, 0.06593773, 0.06414361, 0.06236680, 0.06061035, 0.05887695, 0.05221565, 0.04605763, 0.04044886, 0.03540075, 0.03089731, 0.02690732, 0.02339081, 0.02030364, 0.01760058, 0.01523731, 0.01317162, 0.01136912, 0.00980682, 0.00845488, 0.00728657
0.02173568, 0.03917030, 0.04733963, 0.05196083, 0.05505808, 0.05744015, 0.05925304, 0.06067341, 0.06178344, 0.06263423, 0.06326298, 0.06369694, 0.06394942, 0.06404293, 0.06398579, 0.06379158, 0.06347330, 0.06303784, 0.06249452, 0.06190003, 0.06116195, 0.06034050, 0.05944328, 0.05847983, 0.05745954, 0.05639010, 0.05527881, 0.05413261, 0.05295799, 0.05176103, 0.05054698, 0.04932029, 0.04808690, 0.04685105, 0.04561669, 0.04438811, 0.04316746, 0.04195739, 0.04076024, 0.03957806, 0.03841262, 0.03394596, 0.02983506, 0.02610781, 0.02276826, 0.01980225, 0.01718555, 0.01488841, 0.01287868, 0.01112380, 0.00959218, 0.00825721, 0.00710245, 0.00610562, 0.00524649, 0.00450713
0.00300332, 0.00679550, 0.00910512, 0.01055001, 0.01157067, 0.01236558, 0.01298538, 0.01348110, 0.01387867, 0.01419517, 0.01444336, 0.01463278, 0.01476794, 0.01485695, 0.01490239, 0.01490896, 0.01488093, 0.01482022, 0.01472967, 0.01462370, 0.01448075, 0.01431539, 0.01412937, 0.01392535, 0.01370595, 0.01347315, 0.01322883, 0.01297474, 0.01271252, 0.01244370, 0.01216952, 0.01189099, 0.01160980, 0.01132699, 0.01104357, 0.01076059, 0.01047862, 0.01019831, 0.00992027, 0.00964503, 0.00937304, 0.00832487, 0.00735232, 0.00646383, 0.00566240, 0.00494614, 0.00431056, 0.00374966, 0.00325667, 0.00282456, 0.00244639, 0.00211552, 0.00182669, 0.00157623, 0.00135937, 0.00117188
-0.01335153, -0.01316417, -0.00910468, -0.00580265, -0.00320263, -0.00112365, 0.00057777, 0.00199574, 0.00319005, 0.00420447, 0.00507225, 0.00581875, 0.00645549, 0.00700415, 0.00747001, 0.00786478, 0.00819805, 0.00847287, 0.00869472, 0.00887720, 0.00901124, 0.00910727, 0.00916662, 0.00919368, 0.00919305, 0.00916749, 0.00911960, 0.00905179, 0.00896630, 0.00886519, 0.00874994, 0.00862141, 0.00848277, 0.00833551, 0.00818099, 0.00802060, 0.00785527, 0.00768601, 0.00751371, 0.00733920, 0.00716321, 0.00645654, 0.00576737, 0.00511454, 0.00451098, 0.00396149, 0.00346689, 0.00302538, 0.00263356, 0.00228712, 0.00198129, 0.00171287, 0.00147905, 0.00127590, 0.00109982, 0.00094756
0.02408836, 0.04597721, 0.05734050, 0.06412000, 0.06880180, 0.07242797, 0.07521686, 0.07741344, 0.07913687, 0.08046463, 0.08145503, 0.08215247, 0.08258073, 0.08277745, 0.08275835, 0.08254694, 0.08216499, 0.08162461, 0.08094111, 0.08018335, 0.07924890, 0.07821005, 0.07707702, 0.07586296, 0.07458058, 0.07323981, 0.07184989, 0.07041939, 0.06895623, 0.06746767, 0.06595977, 0.06443745, 0.06290805, 0.06137643, 0.05984710, 0.05832498, 0.05681240, 0.05531229, 0.05382728, 0.05235964, 0.05091135, 0.04534274, 0.04018310, 0.03546603, 0.03120070, 0.02737545, 0.02396720, 0.02094618, 0.01827925, 0.01593217, 0.01387111, 0.01206371, 0.01047960, 0.00909127, 0.00788082, 0.00682831
0.00963793, 0.02206135, 0.02960060, 0.03431684, 0.03765090, 0.04024701, 0.04226992, 0.04388472, 0.04517535, 0.04619761, 0.04699338, 0.04759435, 0.04801661, 0.04828696, 0.04841522, 0.04841740, 0.04830802, 0.04809433, 0.04778609, 0.04742876, 0.04695603, 0.04641381, 0.04580808, 0.04514730, 0.04443978, 0.04369181, 0.04290923, 0.04209749, 0.04126164, 0.04040635, 0.03953543, 0.03865192, 0.03776085, 0.03686539, 0.03596850, 0.03507334, 0.03418155, 0.03329511, 0.03241578, 0.03154509, 0.03068441, 0.02736329, 0.02427223, 0.02143691, 0.01886728, 0.01655899, 0.01449990, 0.01267322, 0.01105968, 0.00963908, 0.00839124, 0.00729673, 0.00633725, 0.00549631, 0.00476335, 0.00412610
0.00862483, 0.01951951, 0.02606456, 0.03010993, 0.03294454, 0.03514302, 0.03685091, 0.03821444, 0.03930715, 0.04017735, 0.04086076, 0.04138389, 0.04175841, 0.04200695, 0.04213572, 0.04215741, 0.04208352, 0.04191869, 0.04167032, 0.04138243, 0.04098705, 0.04052795, 0.04000973, 0.03943973, 0.03882533, 0.03817205, 0.03748510, 0.03676944, 0.03602971, 0.03527026, 0.03449468, 0.03370580, 0.03290856, 0.03210604, 0.03130113, 0.03049689, 0.02969500, 0.02889745, 0.02810599, 0.02732218, 0.02654739, 0.02356015, 0.02078772, 0.01825573, 0.01597354, 0.01393597, 0.01213008, 0.01053839, 0.00914117, 0.00791793, 0.00684846, 0.00591344, 0.00509931, 0.00439443, 0.00378502, 0.00325893
0.01896026, 0.03694909, 0.04587190, 0.05093785, 0.05432581, 0.05691291, 0.05887942, 0.06042221, 0.06163200, 0.06256590, 0.06326542, 0.06376063, 0.06406365, 0.06420083, 0.06417881, 0.06401252, 0.06371594, 0.06329509, 0.06275957, 0.06216388, 0.06142175, 0.06059131, 0.05967981, 0.05869757, 0.05765493, 0.05656005, 0.05542070, 0.05424428, 0.05303774, 0.05180758, 0.05055932, 0.04929755, 0.04802896, 0.04675810, 0.04548921, 0.04422683, 0.04297328, 0.04173137, 0.04050360, 0.03929211, 0.03809879, 0.03353602, 0.02935453, 0.02558077, 0.02221620, 0.01924255, 0.01663125, 0.01434822, 0.01235723, 0.01062196, 0.00911242, 0.00781037, 0.00668988, 0.00572750, 0.00490238, 0.00419599
0.02728573, 0.05008333, 0.06056397, 0.06628917, 0.07001132, 0.07281379, 0.07489921, 0.07650283, 0.07772840, 0.07864075, 0.07928744, 0.07970313, 0.07989901, 0.07990794, 0.07973535, 0.07939934, 0.07891682, 0.07829354, 0.07754059, 0.07672661, 0.07574228, 0.07465946, 0.07348573, 0.07223338, 0.07091484, 0.06953942, 0.06811600, 0.06665299, 0.06515829, 0.06363927, 0.06210199, 0.06055129, 0.05899533, 0.05743923, 0.05588774, 0.05434604, 0.05281664, 0.05130270, 0.04980696, 0.04833185, 0.04687943, 0.04132865, 0.03624077, 0.03164371, 0.02753862, 0.02390370, 0.02070552, 0.01790452, 0.01545871, 0.01332606, 0.01146615, 0.00985240, 0.00845997, 0.00726049, 0.00622893, 0.00534308
0.00246834, 0.00773538, 0.01145132, 0.01387786, 0.01562836, 0.01699931, 0.01807876, 0.01894915, 0.01965365, 0.02022140, 0.02067428, 0.02102882, 0.02129270, 0.02148024, 0.02159571, 0.02164738, 0.02164259, 0.02158453, 0.02147799, 0.02134280, 0.02115195, 0.02092539, 0.02066575, 0.02037737, 0.02006460, 0.01973059, 0.01937830, 0.01901051, 0.01862980, 0.01823854, 0.01783866, 0.01743162, 0.01702017, 0.01660596, 0.01619051, 0.01577545, 0.01536163, 0.01495008, 0.01454171, 0.01413732, 0.01373762, 0.01219680, 0.01076686, 0.00946057, 0.00828276, 0.00723064, 0.00629751, 0.00547438, 0.00475113, 0.00411724, 0.00356233, 0.00307664, 0.00265422, 0.00228825, 0.00197169, 0.00169829
-0.01150724, -0.01789268, -0.01978602, -0.02056623, -0.02096915, -0.02124545, -0.02141270, -0.02151147, -0.02155573, -0.02155286, -0.02150822, -0.02142576, -0.02130731, -0.02115667, -0.02097554, -0.02076650, -0.02053234, -0.02027481, -0.01999610, -0.01971200, -0.01939467, -0.01906156, -0.01871477, -0.01835647, -0.01798872, -0.01761329, -0.01723185, -0.01684593, -0.01645697, -0.01606629, -0.01567504, -0.01528424, -0.01489500, -0.01450818, -0.01412461, -0.01374519, -0.01337027, -0.01300034, -0.01263585, -0.01227716, -0.01192459, -0.01058021, -0.00934794, -0.00823076, -0.00722675, -0.00633067, -0.00553533, -0.00483255, -0.00421374, -0.00367033, -0.00319408, -0.00277721, -0.00241250, -0.00209338, -0.00181468, -0.00157247
0.03718108, 0.07231902, 0.09068395, 0.10157088, 0.10905905, 0.11485325, 0.11931534, 0.12284441, 0.12563463, 0.12781076, 0.12946491, 0.13066568, 0.13144798, 0.13186851, 0.13194898, 0.13172355, 0.13122405, 0.13046720, 0.12947517, 0.12837081, 0.12696120, 0.12537346, 0.12362356, 0.12173232, 0.11972010, 0.11760308, 0.11539652, 0.11311477, 0.11077122, 0.10837834, 0.10594669, 0.10348507, 0.10100605, 0.09851827, 0.09602979, 0.09354929, 0.09108119, 0.08863091, 0.08620324, 0.08380239, 0.08143206, 0.07231378, 0.06387040, 0.05616698, 0.04922206, 0.04301628, 0.03750917, 0.03264809, 0.02837444, 0.02462780, 0.02134874, 0.01848052, 0.01597275, 0.01379442, 0.01190679, 0.01027323
0.01449790, 0.03353912, 0.04614979, 0.05455797, 0.06076894, 0.06574142, 0.06972533, 0.07297678, 0.07563955, 0.07780839, 0.07955338, 0.08092778, 0.08197077, 0.08271833, 0.08319785, 0.08343465, 0.08345239, 0.08326997, 0.08290583, 0.08243423, 0.08174465, 0.08091704, 0.07996639, 0.07890717, 0.07775291, 0.07651574, 0.07520700, 0.07383726, 0.07241633, 0.07095328, 0.06945629, 0.06793269, 0.06638987, 0.06483408, 0.06327115, 0.06170725, 0.06014570, 0.05859047, 0.05704506, 0.05551257, 0.05399574, 0.04812858, 0.04265500, 0.03763105, 0.03307688, 0.02898769, 0.02534317, 0.02211363, 0.01926439, 0.01675868, 0.01455968, 0.01263179, 0.01094176, 0.00946813, 0.00818804, 0.00707757
0.00756757, 0.01532769, 0.01955694, 0.02210786, 0.02387968, 0.02525450, 0.02631804, 0.02716199, 0.02783192, 0.02835744, 0.02876051, 0.02905761, 0.02925752, 0.02937368, 0.02941163, 0.02937954, 0.02928495, 0.02913199, 0.02892588, 0.02869527, 0.02839555, 0.02805591, 0.02767999, 0.02727246, 0.02683786, 0.02637979, 0.02590162, 0.02540651, 0.02489740, 0.02437700, 0.02384762, 0.02331119, 0.02277044, 0.02222726, 0.02168341, 0.02114077, 0.02060032, 0.02006324, 0.01953059, 0.01900329, 0.01848216, 0.01647219, 0.01460285, 0.01288962, 0.01133799, 0.00994515, 0.00870357, 0.00760292, 0.00663140, 0.00577666, 0.00502638, 0.00436874, 0.00379261, 0.00328793, 0.00284822, 0.00246614
0.03980972, 0.07527330, 0.09257122, 0.10242630, 0.10904065, 0.11410542, 0.11795551, 0.12096888, 0.12332068, 0.12512159, 0.12645291, 0.12737454, 0.12791344, 0.12812161, 0.12801541, 0.12762551, 0.12698079, 0.12609520, 0.12498889, 0.12376856, 0.12226731, 0.12059894, 0.11877829, 0.11682545, 0.11476027, 0.11259843, 0.11035480, 0.10804338, 0.10567725, 0.10326859, 0.10082770, 0.09836311, 0.09588714, 0.09340820, 0.09093408, 0.08847321, 0.08602975, 0.08360884, 0.08121503, 0.07885228, 0.07652401, 0.06760887, 0.05941293, 0.05198705, 0.04533701, 0.03943256, 0.03422420, 0.02965192, 0.02565124, 0.02215711, 0.01910648, 0.01644840, 0.01414946, 0.01216475, 0.01045408, 0.00898180
0.03061794, 0.05507913, 0.06638809, 0.07269866, 0.07689062, 0.08010554, 0.08254542, 0.08445674, 0.08595496, 0.08711121, 0.08797639, 0.08858707, 0.08896123, 0.08912730, 0.08909591, 0.08888358, 0.08850624, 0.08797210, 0.08729235, 0.08656416, 0.08562028, 0.08455960, 0.08339208, 0.08212995, 0.08078532, 0.07936826, 0.07788848, 0.07635525, 0.07477740, 0.07316327, 0.07152018, 0.06985452, 0.06817441, 0.06648592, 0.06479474, 0.06310697, 0.06142595, 0.05975562, 0.05809948, 0.05646064, 0.05484183, 0.04861020, 0.04283953, 0.03758060, 0.03284803, 0.02862911, 0.02489531, 0.02160905, 0.01872832, 0.01620985, 0.01401111, 0.01209160, 0.01042016, 0.00897421, 0.00772513, 0.00664763
