0.01000000, 0.01500000, 0.02000000, 0.02500000, 0.03000000, 0.03500000, 0.04000000, 0.04500000, 0.05000000, 0.05500000, 0.06000000, 0.06500000, 0.07000000, 0.07500000, 0.08000000, 0.08500000, 0.09000000, 0.09500000, 0.10000000, 0.12000000, 0.14000000, 0.16000000, 0.18000000, 0.20000000, 0.22000000, 0.24000000, 0.26000000, 0.28000000, 0.30000000, 0.32000000, 0.34000000, 0.36000000, 0.38000000, 0.40000000, 0.42000000, 0.44000000, 0.46000000, 0.48000000, 0.50000000, 0.52000000, 0.54000000, 0.56000000, 0.58000000, 0.60000000, 0.62000000, 0.64000000, 0.66000000, 0.68000000, 0.70000000, 0.72000000, 0.74000000, 0.76000000, 0.78000000, 0.80000000, 0.82000000, 0.84000000, 0.86000000, 0.88000000, 0.90000000, 0.92000000, 0.94000000, 0.96000000, 0.98000000, 1.00000000
4.43153492, 2.92586156, 2.17631627, 1.71887026, 1.40855475, 1.18422512, 1.01500011, 0.88333426, 0.77841232, 0.69316173, 0.62274689, 0.56374510, 0.51366574, 0.47065498, 0.43330669, 0.40053721, 0.37149987, 0.34552530, 0.32207878, 0.24731112, 0.19253487, 0.15071057, 0.11807898, 0.09224340, 0.07162181, 0.05512502, 0.04196047, 0.03151914, 0.02331243, 0.01693690, 0.01205397, 0.00837745, 0.00566517, 0.00371289, 0.00234933, 0.00143208, 0.00084401, 0.00049008, 0.00029458, 0.00019862, 0.00015792, 0.00014088, 0.00012689, 0.00010481, 0.00007169, 0.00003161, -0.00000529, -0.00002370, -0.00000389, -0.00000778, -0.00001041, -0.00001192, -0.00001243, -0.00001209, -0.00001106, -0.00000954, -0.00000771, -0.00000577, -0.00000391, -0.00000231, -0.00000110, -0.00000036, -0.00000004, 0.00000000
5.24448489, 3.41765679, 2.49921387, 1.93938294, 1.56272774, 1.29378691, 1.09388679, 0.94084832, 0.82093389, 0.72514872, 0.64735245, 0.58321492, 0.52960228, 0.48419778, 0.44525825, 0.41145237, 0.38175039, 0.35534698, 0.33160636, 0.25671053, 0.20181202, 0.15962443, 0.12641443, 0.09979720, 0.07824779, 0.06075879, 0.04661493, 0.03526486, 0.02625491, 0.01919693, 0.01375312, 0.00962876, 0.00656799, 0.00435078, 0.00279014, 0.00172922, 0.00103844, 0.00061251, 0.00036764, 0.00023881, 0.00017726, 0.00014816, 0.00012862, 0.00010572, 0.00007500, 0.00003894, 0.00000575, -0.00001171, 0.00000313, -0.00000182, -0.00000555, -0.00000812, -0.00000964, -0.00001022, -0.00000998, -0.00000910, -0.00000773, -0.00000608, -0.00000433, -0.00000271, -0.00000138, -0.00000049, -0.00000007, 0.00000000
4.27492368, 2.85346124, 2.13824376, 1.69788072, 1.39683094, 1.17765597, 1.01123449, 0.88096531, 0.77658274, 0.69135219, 0.62065390, 0.56120647, 0.51061322, 0.46708309, 0.42925183, 0.39606329, 0.36668836, 0.34046820, 0.31687369, 0.24210385, 0.18809876, 0.14727286, 0.11557061, 0.09051340, 0.07050914, 0.05447970, 0.04165058, 0.03143374, 0.02336256, 0.01705509, 0.01219248, 0.00850570, 0.00576664, 0.00378185, 0.00238764, 0.00144631, 0.00084292, 0.00048262, 0.00028832, 0.00019876, 0.00016680, 0.00015794, 0.00014912, 0.00012761, 0.00009008, 0.00004182, -0.00000402, -0.00002707, -0.00000035, -0.00000554, -0.00000961, -0.00001252, -0.00001428, -0.00001496, -0.00001464, -0.00001346, -0.00001158, -0.00000923, -0.00000669, -0.00000425, -0.00000221, -0.00000081, -0.00000012, 0.00000000
4.29564837, 2.83830293, 2.07792252, 1.60996110, 1.29565260, 1.07264193, 0.90818899, 0.78329494, 0.68614394, 0.60900491, 0.54661944, 0.49529979, 0.45239490, 0.41595959, 0.38454193, 0.35704234, 0.33261762, 0.31061422, 0.29052087, 0.22576217, 0.17682772, 0.13863414, 0.10852288, 0.08461509, 0.06555744, 0.05036087, 0.03828005, 0.02873341, 0.02125351, 0.01545661, 0.01102361, 0.00768752, 0.00522465, 0.00344798, 0.00220190, 0.00135789, 0.00081083, 0.00047581, 0.00028537, 0.00018714, 0.00014171, 0.00012086, 0.00010594, 0.00008654, 0.00005928, 0.00002679, -0.00000314, -0.00001838, -0.00000308, -0.00000645, -0.00000870, -0.00000996, -0.00001034, -0.00001000, -0.00000909, -0.00000777, -0.00000621, -0.00000459, -0.00000307, -0.00000179, -0.00000084, -0.00000027, -0.00000003, 0.00000000
4.73471975, 3.12198745, 2.31984112, 1.82843884, 1.49342636, 1.25007785, 1.06575963, 0.92191225, 0.80706442, 0.71368649, 0.63660778, 0.57215105, 0.51762722, 0.47102452, 0.43080919, 0.39579304, 0.36504287, 0.33781700, 0.31351978, 0.23753752, 0.18352666, 0.14315548, 0.11211456, 0.08776889, 0.06843558, 0.05299251, 0.04065010, 0.03082099, 0.02304684, 0.01695703, 0.01224474, 0.00865258, 0.00596328, 0.00399324, 0.00258770, 0.00161698, 0.00097325, 0.00056790, 0.00032919, 0.00020020, 0.00013710, 0.00010755, 0.00008938, 0.00006936, 0.00004221, 0.00000964, -0.00002043, -0.00003454, -0.00001436, -0.00001502, -0.00001462, -0.00001342, -0.00001165, -0.00000954, -0.00000731, -0.00000517, -0.00000329, -0.00000179, -0.00000075, -0.00000016, 0.00000008, 0.00000008, 0.00000002, 0.00000000
4.56548534, 3.02940685, 2.24867384, 1.77232997, 1.45161601, 1.22191186, 1.05015897, 0.91752692, 0.81244911, 0.72741386, 0.65732997, 0.59862822, 0.54873689, 0.50576055, 0.46827532, 0.43519403, 0.40567488, 0.37905805, 0.35482076, 0.27596552, 0.21639976, 0.16970137, 0.13260974, 0.10302369, 0.07943582, 0.06069565, 0.04589078, 0.03428112, 0.02525895, 0.01832235, 0.01305609, 0.00911694, 0.00622187, 0.00413843, 0.00267668, 0.00168244, 0.00103167, 0.00062565, 0.00038700, 0.00025628, 0.00018913, 0.00015388, 0.00012954, 0.00010402, 0.00007278, 0.00003753, 0.00000521, -0.00001292, -0.00000201, -0.00000786, -0.00001204, -0.00001467, -0.00001589, -0.00001589, -0.00001487, -0.00001308, -0.00001076, -0.00000819, -0.00000566, -0.00000341, -0.00000167, -0.00000056, -0.00000007, 0.00000000
3.85496564, 2.65811243, 2.03761257, 1.64329592, 1.36633088, 1.16022101, 1.00095218, 0.87452345, 0.77207703, 0.68767571, 0.61716644, 0.55754760, 0.50659288, 0.46261588, 0.42431663, 0.39067817, 0.36089470, 0.33432072, 0.31043405, 0.23525848, 0.18168357, 0.14182121, 0.11124119, 0.08720341, 0.06801312, 0.05258859, 0.04019377, 0.03028778, 0.02244486, 0.01631308, 0.01159312, 0.00802720, 0.00539274, 0.00349831, 0.00218055, 0.00130153, 0.00074634, 0.00042077, 0.00024920, 0.00017250, 0.00014619, 0.00013870, 0.00012974, 0.00010887, 0.00007424, 0.00003135, -0.00000797, -0.00002651, -0.00000256, -0.00000573, -0.00000789, -0.00000915, -0.00000960, -0.00000938, -0.00000861, -0.00000744, -0.00000602, -0.00000451, -0.00000307, -0.00000182, -0.00000088, -0.00000029, -0.00000004, 0.00000000
4.53358822, 2.94816164, 2.16326601, 1.68778128, 1.36791291, 1.13870523, 0.96735448, 0.83524686, 0.73093345, 0.64694811, 0.57820242, 0.52110725, 0.47306048, 0.43213268, 0.39686620, 0.36614225, 0.33909035, 0.31502530, 0.29340213, 0.22535550, 0.17621375, 0.13895075, 0.10984422, 0.08662151, 0.06786977, 0.05267080, 0.04038190, 0.03051524, 0.02267525, 0.01652729, 0.01178202, 0.00818744, 0.00552436, 0.00360326, 0.00226185, 0.00136266, 0.00079088, 0.00045216, 0.00027052, 0.00018643, 0.00015488, 0.00014378, 0.00013235, 0.00010973, 0.00007374, 0.00002968, -0.00001062, -0.00002981, -0.00000577, -0.00000894, -0.00001095, -0.00001194, -0.00001205, -0.00001143, -0.00001026, -0.00000870, -0.00000693, -0.00000512, -0.00000343, -0.00000201, -0.00000095, -0.00000031, -0.00000004, 0.00000000
5.04145356, 3.30807232, 2.44500233, 1.91783276, 1.56021535, 1.30198751, 1.10763788, 0.95692900, 0.83734598, 0.74068006, 0.66130380, 0.59522511, 0.53953375, 0.49206049, 0.45115830, 0.41555699, 0.38426384, 0.35649398, 0.33162057, 0.25365255, 0.19787313, 0.15575875, 0.12284473, 0.09654453, 0.07530016, 0.05810514, 0.04424579, 0.03316926, 0.02441926, 0.01760549, 0.01238900, 0.00847477, 0.00560710, 0.00356624, 0.00216527, 0.00124717, 0.00068188, 0.00036351, 0.00020765, 0.00014888, 0.00013850, 0.00014239, 0.00013918, 0.00011856, 0.00007982, 0.00003051, -0.00001467, -0.00003491, -0.00000413, -0.00000652, -0.00000806, -0.00000884, -0.00000897, -0.00000855, -0.00000771, -0.00000657, -0.00000526, -0.00000391, -0.00000264, -0.00000156, -0.00000075, -0.00000025, -0.00000003, 0.00000000
5.04145356, 3.30807232, 2.44500233, 1.91783276, 1.56021535, 1.30198751, 1.10763788, 0.95692900, 0.83734598, 0.74068006, 0.66130380, 0.59522511, 0.53953375, 0.49206049, 0.45115830, 0.41555699, 0.38426384, 0.35649398, 0.33162057, 0.25365255, 0.19787313, 0.15575875, 0.12284473, 0.09654453, 0.07530016, 0.05810514, 0.04424579, 0.03316926, 0.02441926, 0.01760549, 0.01238900, 0.00847477, 0.00560710, 0.00356624, 0.00216527, 0.00124717, 0.00068188, 0.00036351, 0.00020765, 0.00014888, 0.00013850, 0.00014239, 0.00013918, 0.00011856, 0.00007982, 0.00003051, -0.00001467, -0.00003491, -0.00000413, -0.00000652, -0.00000806, -0.00000884, -0.00000897, -0.00000855, -0.00000771, -0.00000657, -0.00000526, -0.00000391, -0.00000264, -0.00000156, -0.00000075, -0.00000025, -0.00000003, 0.00000000
4.30275969, 2.85055858, 2.09970305, 1.63502535, 1.32008737, 1.09458681, 0.92694793, 0.79877298, 0.69853737, 0.61863644, 0.55385185, 0.50049173, 0.45587942, 0.41803486, 0.38546853, 0.35704389, 0.33188312, 0.30930109, 0.28875822, 0.22316512, 0.17430243, 0.13654782, 0.10695893, 0.08353307, 0.06487142, 0.04997635, 0.03811063, 0.02870740, 0.02131539, 0.01556598, 0.01115299, 0.00781979, 0.00535050, 0.00356365, 0.00230719, 0.00145460, 0.00090148, 0.00056280, 0.00037037, 0.00027076, 0.00022345, 0.00019917, 0.00017854, 0.00015082, 0.00011286, 0.00006815, 0.00002600, 0.00000088, 0.00001171, 0.00000096, -0.00000789, -0.00001475, -0.00001958, -0.00002242, -0.00002338, -0.00002261, -0.00002034, -0.00001692, -0.00001279, -0.00000851, -0.00000467, -0.00000183, -0.00000030, 0.00000000
4.04521364, 2.77387116, 2.09931784, 1.67041792, 1.37217347, 1.15348761, 0.98730641, 0.85764608, 0.75434334, 0.67058961, 0.60164265, 0.54409820, 0.49545273, 0.45382824, 0.41779245, 0.38623749, 0.35829595, 0.33328151, 0.31064608, 0.23860812, 0.18579922, 0.14530993, 0.11355268, 0.08834037, 0.06822745, 0.05218969, 0.03945617, 0.02941934, 0.02158536, 0.01554536, 0.01095755, 0.00753512, 0.00503744, 0.00326318, 0.00204473, 0.00124359, 0.00074638, 0.00046151, 0.00031630, 0.00025446, 0.00023405, 0.00022559, 0.00021053, 0.00017986, 0.00013299, 0.00007670, 0.00002423, -0.00000552, 0.00001125, -0.00000051, -0.00001016, -0.00001758, -0.00002274, -0.00002570, -0.00002657, -0.00002556, -0.00002292, -0.00001903, -0.00001438, -0.00000958, -0.00000529, -0.00000209, -0.00000035, 0.00000000
4.55248450, 3.00590903, 2.23138476, 1.75572735, 1.43181544, 1.19736092, 1.02066531, 0.88356407, 0.77476876, 0.68684429, 0.61467633, 0.55462693, 0.50403835, 0.46092622, 0.42378195, 0.39144098, 0.36299250, 0.33771606, 0.31503610, 0.24385665, 0.19268112, 0.15363562, 0.12262132, 0.09738304, 0.07663418, 0.05957243, 0.04563017, 0.03435567, 0.02536045, 0.01829792, 0.01285566, 0.00875292, 0.00573978, 0.00359639, 0.00213190, 0.00118299, 0.00061208, 0.00030540, 0.00017097, 0.00013662, 0.00014808, 0.00016720, 0.00017030, 0.00014664, 0.00009703, 0.00003257, -0.00002652, -0.00005201, -0.00000869, -0.00001043, -0.00001121, -0.00001119, -0.00001052, -0.00000937, -0.00000789, -0.00000624, -0.00000460, -0.00000311, -0.00000186, -0.00000094, -0.00000036, -0.00000008, 0.00000000, 0.00000000
4.02109280, 2.70165373, 2.04454772, 1.63960056, 1.36098916, 1.15634043, 0.99940360, 0.87530465, 0.77486524, 0.69206011, 0.62274544, 0.56396667, 0.51355573, 0.46988401, 0.43170409, 0.39804467, 0.36813876, 0.34137322, 0.31725267, 0.24066105, 0.18556464, 0.14433414, 0.11265382, 0.08781671, 0.06810064, 0.05236866, 0.03982483, 0.02987546, 0.02205315, 0.01597559, 0.01132281, 0.00782399, 0.00524918, 0.00340356, 0.00212297, 0.00127032, 0.00073236, 0.00041691, 0.00025035, 0.00017536, 0.00014889, 0.00014041, 0.00013031, 0.00010851, 0.00007321, 0.00002986, -0.00000984, -0.00002868, -0.00000473, -0.00000779, -0.00000975, -0.00001074, -0.00001089, -0.00001037, -0.00000932, -0.00000791, -0.00000629, -0.00000464, -0.00000310, -0.00000181, -0.00000085, -0.00000027, -0.00000003, 0.00000000
3.89126200, 2.69177832, 2.04253990, 1.62679423, 1.33718452, 1.12490977, 0.96378388, 0.83822570, 0.73829634, 0.65733214, 0.59069471, 0.53505941, 0.48798631, 0.44764954, 0.41266026, 0.38194719, 0.35467403, 0.33018105, 0.30794298, 0.23662559, 0.18357655, 0.14272347, 0.11091534, 0.08597557, 0.06633536, 0.05084455, 0.03864118, 0.02906348, 0.02159207, 0.01581202, 0.01138759, 0.00804478, 0.00555893, 0.00374548, 0.00245301, 0.00155769, 0.00095885, 0.00057541, 0.00034285, 0.00021077, 0.00014076, 0.00010469, 0.00008318, 0.00006435, 0.00004272, 0.00001828, -0.00000428, -0.00001636, -0.00000597, -0.00000862, -0.00001022, -0.00001090, -0.00001081, -0.00001010, -0.00000893, -0.00000746, -0.00000585, -0.00000426, -0.00000282, -0.00000163, -0.00000077, -0.00000025, -0.00000003, 0.00000000
4.49879660, 2.90620524, 2.15381767, 1.70725949, 1.40789787, 1.19195430, 1.02847547, 0.90040606, 0.79746449, 0.71302947, 0.64261821, 0.58307536, 0.53211010, 0.48801695, 0.44949943, 0.41555468, 0.38539524, 0.35839482, 0.33404970, 0.25590719, 0.19851163, 0.15471972, 0.12066338, 0.09382994, 0.07253641, 0.05561046, 0.04219203, 0.03161802, 0.02335734, 0.01697421, 0.01210641, 0.00845142, 0.00575680, 0.00381274, 0.00244605, 0.00151502, 0.00090497, 0.00052429, 0.00030109, 0.00018012, 0.00012020, 0.00009194, 0.00007578, 0.00006032, 0.00004083, 0.00001807, -0.00000279, -0.00001305, -0.00000124, -0.00000310, -0.00000433, -0.00000500, -0.00000521, -0.00000504, -0.00000457, -0.00000391, -0.00000313, -0.00000232, -0.00000156, -0.00000092, -0.00000044, -0.00000014, -0.00000002, 0.00000000
4.11335212, 2.62340375, 1.90352049, 1.47824229, 1.19792616, 1.00005622, 0.85364120, 0.74146265, 0.65314877, 0.58206567, 0.52376994, 0.47517472, 0.43407121, 0.39883981, 0.36826834, 0.34143357, 0.31762168, 0.29627345, 0.27694572, 0.21479048, 0.16853632, 0.13267257, 0.10437644, 0.08183121, 0.06378244, 0.04932277, 0.03776760, 0.02858146, 0.02133378, 0.01567158, 0.01130178, 0.00797926, 0.00549827, 0.00368600, 0.00239753, 0.00151185, 0.00092850, 0.00056488, 0.00035397, 0.00024240, 0.00018890, 0.00016291, 0.00014351, 0.00011842, 0.00008327, 0.00004090, 0.00000076, -0.00002153, -0.00000475, -0.00001143, -0.00001633, -0.00001949, -0.00002102, -0.00002107, -0.00001983, -0.00001756, -0.00001456, -0.00001117, -0.00000777, -0.00000472, -0.00000233, -0.00000079, -0.00000010, 0.00000000
4.43344438, 2.98420777, 2.20012575, 1.70768139, 1.37355416, 1.13562314, 0.96031110, 0.82769653, 0.72518173, 0.64442150, 0.57968818, 0.52693908, 0.48325537, 0.44648985, 0.41503806, 0.38768513, 0.36350074, 0.34176562, 0.32191908, 0.25767014, 0.20786051, 0.16756011, 0.13451217, 0.10723302, 0.08469770, 0.06615602, 0.05101521, 0.03877579, 0.02900043, 0.02130023, 0.01532892, 0.01078004, 0.00738504, 0.00491118, 0.00315920, 0.00196072, 0.00117544, 0.00068833, 0.00040685, 0.00025842, 0.00018787, 0.00015530, 0.00013402, 0.00010873, 0.00007393, 0.00003245, -0.00000580, -0.00002496, -0.00000420, -0.00000804, -0.00001058, -0.00001195, -0.00001232, -0.00001186, -0.00001074, -0.00000917, -0.00000734, -0.00000544, -0.00000366, -0.00000215, -0.00000102, -0.00000033, -0.00000004, 0.00000000
4.88369349, 3.28119396, 2.44535779, 1.92309164, 1.56489418, 1.30495480, 1.10895979, 0.95695929, 0.83645290, 0.73917158, 0.65941654, 0.59313246, 0.53735821, 0.48988534, 0.44903728, 0.41352190, 0.38233038, 0.35466611, 0.32989387, 0.25243835, 0.19692411, 0.15515109, 0.12279325, 0.09713340, 0.07646958, 0.05971245, 0.04612245, 0.03515688, 0.02638730, 0.01945692, 0.01405925, 0.00992737, 0.00682817, 0.00455895, 0.00294485, 0.00183666, 0.00110870, 0.00065677, 0.00039609, 0.00025939, 0.00019501, 0.00016521, 0.00014452, 0.00011834, 0.00008157, 0.00003742, -0.00000364, -0.00002487, -0.00000407, -0.00000895, -0.00001230, -0.00001424, -0.00001493, -0.00001458, -0.00001337, -0.00001154, -0.00000933, -0.00000698, -0.00000474, -0.00000280, -0.00000135, -0.00000044, -0.00000005, 0.00000000
4.33580422, 2.89785028, 2.17268201, 1.72425082, 1.41631609, 1.19129500, 1.01997307, 0.88564673, 0.77794354, 0.69002671, 0.61718375, 0.55605175, 0.50416375, 0.45966874, 0.42115163, 0.38751331, 0.35788838, 0.33158743, 0.30805549, 0.23434733, 0.18206061, 0.14292020, 0.11253272, 0.08837607, 0.06893610, 0.05323791, 0.04059678, 0.03049071, 0.02249642, 0.01625741, 0.01146755, 0.00786209, 0.00521215, 0.00332075, 0.00201967, 0.00116664, 0.00064279, 0.00035034, 0.00021043, 0.00016115, 0.00015583, 0.00016139, 0.00015694, 0.00013248, 0.00008782, 0.00003147, -0.00002022, -0.00004396, -0.00001035, -0.00001320, -0.00001468, -0.00001498, -0.00001432, -0.00001290, -0.00001097, -0.00000877, -0.00000651, -0.00000442, -0.00000267, -0.00000136, -0.00000052, -0.00000011, 0.00000000, 0.00000000
4.55248450, 3.00590903, 2.23138476, 1.75572735, 1.43181544, 1.19736092, 1.02066531, 0.88356407, 0.77476876, 0.68684429, 0.61467633, 0.55462693, 0.50403835, 0.46092622, 0.42378195, 0.39144098, 0.36299250, 0.33771606, 0.31503610, 0.24385665, 0.19268112, 0.15363562, 0.12262132, 0.09738304, 0.07663418, 0.05957243, 0.04563017, 0.03435567, 0.02536045, 0.01829792, 0.01285566, 0.00875292, 0.00573978, 0.00359639, 0.00213190, 0.00118299, 0.00061208, 0.00030540, 0.00017097, 0.00013662, 0.00014808, 0.00016720, 0.00017030, 0.00014664, 0.00009703, 0.00003257, -0.00002652, -0.00005201, -0.00000869, -0.00001043, -0.00001121, -0.00001119, -0.00001052, -0.00000937, -0.00000789, -0.00000624, -0.00000460, -0.00000311, -0.00000186, -0.00000094, -0.00000036, -0.00000008, 0.00000000, 0.00000000
5.48942575, 3.58398348, 2.63626791, 2.06006252, 1.67069554, 1.39016378, 1.17916585, 1.01546138, 0.88539990, 0.78008991, 0.69347220, 0.62126902, 0.56037332, 0.50847514, 0.46382336, 0.42506845, 0.39115548, 0.36124965, 0.33468318, 0.25234462, 0.19461941, 0.15171151, 0.11858905, 0.09240185, 0.07146217, 0.05468840, 0.04131383, 0.03074365, 0.02248778, 0.01613015, 0.01131395, 0.00773383, 0.00513044, 0.00328589, 0.00201938, 0.00118295, 0.00065736, 0.00034824, 0.00018246, 0.00010490, 0.00007550, 0.00006675, 0.00006138, 0.00005049, 0.00003188, 0.00000860, -0.00001217, -0.00002015, -0.00000280, -0.00000245, -0.00000202, -0.00000156, -0.00000113, -0.00000075, -0.00000043, -0.00000020, -0.00000005, 0.00000002, 0.00000004, 0.00000003, 0.00000000, -0.00000001, -0.00000001, 0.00000000
4.52687129, 2.89237127, 2.11293475, 1.64870741, 1.33819143, 1.11567070, 0.94883240, 0.81965950, 0.71718544, 0.63429713, 0.56615578, 0.50934646, 0.46138782, 0.42043383, 0.38508406, 0.35425860, 0.32711299, 0.30297893, 0.28132195, 0.21326078, 0.16473898, 0.12836876, 0.10019938, 0.07793879, 0.06017701, 0.04597842, 0.03466985, 0.02573225, 0.01874540, 0.01335897, 0.00927655, 0.00624600, 0.00405291, 0.00251574, 0.00148177, 0.00082375, 0.00043687, 0.00023609, 0.00015385, 0.00013798, 0.00014987, 0.00016288, 0.00016097, 0.00013746, 0.00009398, 0.00003954, -0.00001029, -0.00003410, -0.00000530, -0.00000988, -0.00001304, -0.00001487, -0.00001553, -0.00001518, -0.00001400, -0.00001219, -0.00000997, -0.00000757, -0.00000523, -0.00000317, -0.00000157, -0.00000054, -0.00000007, 0.00000000
4.74101013, 3.01127297, 2.18907052, 1.70654084, 1.38836029, 1.16268184, 0.99445402, 0.86443427, 0.76112555, 0.67720979, 0.60779569, 0.54948499, 0.49984157, 0.45707329, 0.41983295, 0.38708895, 0.35803881, 0.33204961, 0.30861611, 0.23377405, 0.17945948, 0.13831243, 0.10644627, 0.08152670, 0.06198997, 0.04670137, 0.03479401, 0.02558517, 0.01852795, 0.01318035, 0.00918354, 0.00624589, 0.00413043, 0.00264513, 0.00163489, 0.00097521, 0.00056693, 0.00033199, 0.00020995, 0.00015509, 0.00013407, 0.00012395, 0.00011063, 0.00008745, 0.00005408, 0.00001554, -0.00001854, -0.00003474, -0.00001640, -0.00001849, -0.00001905, -0.00001836, -0.00001671, -0.00001439, -0.00001170, -0.00000891, -0.00000627, -0.00000399, -0.00000220, -0.00000098, -0.00000029, -0.00000002, 0.00000001, 0.00000000
4.13880627, 2.72806396, 2.05293743, 1.64404783, 1.36445583, 1.15935418, 1.00198842, 0.87743402, 0.77655289, 0.69336161, 0.62374249, 0.56475210, 0.51422291, 0.47052014, 0.43238652, 0.39883917, 0.36909901, 0.34254109, 0.31865891, 0.24267435, 0.18796532, 0.14655811, 0.11419352, 0.08847933, 0.06794148, 0.05156817, 0.03859787, 0.02842078, 0.02053159, 0.01450494, 0.00998111, 0.00665623, 0.00427474, 0.00262311, 0.00152439, 0.00083339, 0.00043243, 0.00022766, 0.00014577, 0.00013121, 0.00014369, 0.00015610, 0.00015269, 0.00012743, 0.00008273, 0.00002816, -0.00002056, -0.00004250, -0.00001238, -0.00001503, -0.00001626, -0.00001628, -0.00001535, -0.00001370, -0.00001159, -0.00000925, -0.00000691, -0.00000476, -0.00000295, -0.00000157, -0.00000067, -0.00000018, -0.00000002, 0.00000000
4.30641832, 2.93368399, 2.22435994, 1.78053121, 1.47382756, 1.24877760, 1.07683535, 0.94154003, 0.83262206, 0.74329767, 0.66888810, 0.60605596, 0.55235548, 0.50595417, 0.46545342, 0.42976880, 0.39804807, 0.36961350, 0.34392055, 0.26155581, 0.20121619, 0.15524694, 0.11962130, 0.09179373, 0.07000255, 0.05295669, 0.03967234, 0.02938014, 0.02146837, 0.01544571, 0.01091539, 0.00755622, 0.00510811, 0.00336091, 0.00214535, 0.00132588, 0.00079474, 0.00046718, 0.00027751, 0.00017580, 0.00012522, 0.00009979, 0.00008251, 0.00006385, 0.00004043, 0.00001393, -0.00000975, -0.00002133, -0.00000870, -0.00001037, -0.00001103, -0.00001087, -0.00001009, -0.00000886, -0.00000738, -0.00000579, -0.00000424, -0.00000287, -0.00000175, -0.00000092, -0.00000039, -0.00000011, -0.00000001, 0.00000000
4.30754142, 2.71228942, 1.95780270, 1.51738532, 1.22921245, 1.02680959, 0.87759542, 0.76360420, 0.67406843, 0.60212504, 0.54318885, 0.49408103, 0.45253113, 0.41687738, 0.38587843, 0.35859081, 0.33428677, 0.31239773, 0.29247444, 0.22765644, 0.17864674, 0.14017894, 0.10958141, 0.08513402, 0.06560662, 0.05006331, 0.03776325, 0.02810538, 0.02059513, 0.01482260, 0.01044708, 0.00718531, 0.00480225, 0.00310349, 0.00192904, 0.00114806, 0.00065451, 0.00036343, 0.00020783, 0.00013610, 0.00010973, 0.00010149, 0.00009384, 0.00007752, 0.00005047, 0.00001678, -0.00001413, -0.00002832, -0.00000802, -0.00000958, -0.00001033, -0.00001038, -0.00000987, -0.00000891, -0.00000764, -0.00000620, -0.00000473, -0.00000334, -0.00000214, -0.00000120, -0.00000055, -0.00000017, -0.00000002, 0.00000000
3.87802068, 2.55317581, 1.89614849, 1.49826377, 1.23023511, 1.03743925, 0.89241725, 0.77968845, 0.68979388, 0.61660170, 0.55595343, 0.50492694, 0.46140929, 0.42383622, 0.39102657, 0.36207337, 0.33627004, 0.31305916, 0.29199605, 0.22406061, 0.17375855, 0.13503543, 0.10470185, 0.08076834, 0.06185826, 0.04695102, 0.03525591, 0.02614372, 0.01910605, 0.01372875, 0.00967310, 0.00666179, 0.00446791, 0.00290627, 0.00182628, 0.00110614, 0.00064815, 0.00037467, 0.00022498, 0.00015254, 0.00012276, 0.00011117, 0.00010186, 0.00008624, 0.00006196, 0.00003199, 0.00000395, -0.00001060, 0.00000338, -0.00000076, -0.00000411, -0.00000663, -0.00000834, -0.00000926, -0.00000945, -0.00000898, -0.00000797, -0.00000655, -0.00000490, -0.00000323, -0.00000176, -0.00000068, -0.00000011, 0.00000000
5.12406774, 3.41187919, 2.57310554, 2.05631448, 1.69883424, 1.43463706, 1.23102379, 1.06951006, 0.93864609, 0.83086019, 0.74089761, 0.66497506, 0.60028916, 0.54471414, 0.49660718, 0.45467844, 0.41790147, 0.38544992, 0.35665174, 0.26746627, 0.20554427, 0.16028265, 0.12595441, 0.09912027, 0.07771472, 0.06046434, 0.04653438, 0.03533099, 0.02639652, 0.01935600, 0.01389040, 0.00972326, 0.00661366, 0.00435225, 0.00275843, 0.00167804, 0.00098125, 0.00056045, 0.00032825, 0.00021550, 0.00016944, 0.00015191, 0.00013774, 0.00011320, 0.00007460, 0.00002708, -0.00001662, -0.00003722, -0.00000983, -0.00001252, -0.00001392, -0.00001422, -0.00001362, -0.00001233, -0.00001055, -0.00000850, -0.00000639, -0.00000441, -0.00000272, -0.00000143, -0.00000058, -0.00000014, -0.00000000, 0.00000000
5.14689765, 3.16669401, 2.23844818, 1.70505257, 1.36239860, 1.12627691, 0.95544738, 0.82727207, 0.72827866, 0.64995513, 0.58667092, 0.53456434, 0.49090845, 0.45373091, 0.42157638, 0.39335267, 0.36822826, 0.34556220, 0.32485504, 0.25706654, 0.20467372, 0.16288493, 0.12925871, 0.10203165, 0.07992766, 0.06200838, 0.04755358, 0.03598411, 0.02681740, 0.01964266, 0.01410691, 0.00990633, 0.00678037, 0.00450697, 0.00289853, 0.00179813, 0.00107610, 0.00062681, 0.00036575, 0.00022680, 0.00015990, 0.00012881, 0.00010924, 0.00008714, 0.00005723, 0.00002168, -0.00001098, -0.00002689, -0.00000766, -0.00000999, -0.00001123, -0.00001153, -0.00001109, -0.00001008, -0.00000867, -0.00000703, -0.00000533, -0.00000373, -0.00000235, -0.00000127, -0.00000054, -0.00000015, -0.00000001, 0.00000000
3.80466117, 2.54103249, 1.92476414, 1.54712623, 1.28706271, 1.09542277, 0.94792741, 0.83091104, 0.73595223, 0.65751184, 0.59176598, 0.53597533, 0.48811953, 0.44667316, 0.41046203, 0.37856758, 0.35026123, 0.32495825, 0.30218440, 0.22968240, 0.17727732, 0.13782512, 0.10741592, 0.08358917, 0.06473434, 0.04975231, 0.03785474, 0.02844796, 0.02106637, 0.01533376, 0.01094012, 0.00762701, 0.00517782, 0.00341081, 0.00217384, 0.00134023, 0.00080534, 0.00048375, 0.00030684, 0.00022071, 0.00018439, 0.00016838, 0.00015322, 0.00012843, 0.00009143, 0.00004670, 0.00000496, -0.00001756, 0.00000024, -0.00000663, -0.00001188, -0.00001552, -0.00001765, -0.00001837, -0.00001786, -0.00001631, -0.00001396, -0.00001108, -0.00000802, -0.00000510, -0.00000268, -0.00000099, -0.00000015, 0.00000000
5.90585138, 3.79435137, 2.72318469, 2.07833117, 1.65231495, 1.35372805, 1.13552271, 0.97089380, 0.84344017, 0.74258291, 0.66121600, 0.59441027, 0.53865619, 0.49140050, 0.45075177, 0.41528713, 0.38392205, 0.35582041, 0.33033125, 0.24945196, 0.19026692, 0.14561773, 0.11153300, 0.08524290, 0.06481874, 0.04890558, 0.03652275, 0.02693385, 0.01956729, 0.01396836, 0.00976967, 0.00667205, 0.00443131, 0.00284862, 0.00176291, 0.00104480, 0.00059145, 0.00032231, 0.00017540, 0.00010424, 0.00007508, 0.00006469, 0.00005842, 0.00004851, 0.00003274, 0.00001325, -0.00000442, -0.00001217, 0.00000001, -0.00000085, -0.00000145, -0.00000180, -0.00000196, -0.00000195, -0.00000181, -0.00000158, -0.00000131, -0.00000101, -0.00000072, -0.00000045, -0.00000024, -0.00000010, -0.00000002, 0.00000000
4.56548534, 3.02940685, 2.24867384, 1.77232997, 1.45161601, 1.22191186, 1.05015897, 0.91752692, 0.81244911, 0.72741386, 0.65732997, 0.59862822, 0.54873689, 0.50576055, 0.46827532, 0.43519403, 0.40567488, 0.37905805, 0.35482076, 0.27596552, 0.21639976, 0.16970137, 0.13260974, 0.10302369, 0.07943582, 0.06069565, 0.04589078, 0.03428112, 0.02525895, 0.01832235, 0.01305609, 0.00911694, 0.00622187, 0.00413843, 0.00267668, 0.00168244, 0.00103167, 0.00062565, 0.00038700, 0.00025628, 0.00018913, 0.00015388, 0.00012954, 0.00010402, 0.00007278, 0.00003753, 0.00000521, -0.00001292, -0.00000201, -0.00000786, -0.00001204, -0.00001467, -0.00001589, -0.00001589, -0.00001487, -0.00001308, -0.00001076, -0.00000819, -0.00000566, -0.00000341, -0.00000167, -0.00000056, -0.00000007, 0.00000000
3.89126200, 2.69177832, 2.04253990, 1.62679423, 1.33718452, 1.12490977, 0.96378388, 0.83822570, 0.73829634, 0.65733214, 0.59069471, 0.53505941, 0.48798631, 0.44764954, 0.41266026, 0.38194719, 0.35467403, 0.33018105, 0.30794298, 0.23662559, 0.18357655, 0.14272347, 0.11091534, 0.08597557, 0.06633536, 0.05084455, 0.03864118, 0.02906348, 0.02159207, 0.01581202, 0.01138759, 0.00804478, 0.00555893, 0.00374548, 0.00245301, 0.00155769, 0.00095885, 0.00057541, 0.00034285, 0.00021077, 0.00014076, 0.00010469, 0.00008318, 0.00006435, 0.00004272, 0.00001828, -0.00000428, -0.00001636, -0.00000597, -0.00000862, -0.00001022, -0.00001090, -0.00001081, -0.00001010, -0.00000893, -0.00000746, -0.00000585, -0.00000426, -0.00000282, -0.00000163, -0.00000077, -0.00000025, -0.00000003, 0.00000000
4.98232067, 3.31998157, 2.47167832, 1.94851584, 1.59188579, 1.33335473, 1.13793583, 0.98563560, 0.86410256, 0.76525634, 0.68357428, 0.61514938, 0.55713949, 0.50742897, 0.46441226, 0.42685063, 0.39377471, 0.36441642, 0.33816054, 0.25565674, 0.19696913, 0.15283462, 0.11859915, 0.09167371, 0.07041332, 0.05364978, 0.04049133, 0.03022985, 0.02229234, 0.01621146, 0.01160534, 0.00816220, 0.00562814, 0.00379718, 0.00250298, 0.00161202, 0.00101792, 0.00063675, 0.00040313, 0.00026702, 0.00019103, 0.00014827, 0.00012048, 0.00009656, 0.00007132, 0.00004441, 0.00001954, 0.00000369, 0.00000657, -0.00000079, -0.00000667, -0.00001106, -0.00001398, -0.00001551, -0.00001577, -0.00001490, -0.00001313, -0.00001069, -0.00000791, -0.00000513, -0.00000274, -0.00000103, -0.00000016, 0.00000000
4.02285006, 2.61219423, 1.92172913, 1.50956164, 1.23540969, 1.04025039, 0.89464974, 0.78217272, 0.69287773, 0.62038327, 0.56040185, 0.50994699, 0.46687674, 0.42961728, 0.39698853, 0.36809020, 0.34222516, 0.31884652, 0.29752034, 0.22831953, 0.17661339, 0.13687673, 0.10601247, 0.08186855, 0.06290237, 0.04798662, 0.03627680, 0.02712389, 0.02001784, 0.01455089, 0.01039311, 0.00727547, 0.00497774, 0.00331946, 0.00215298, 0.00135805, 0.00083731, 0.00051278, 0.00032283, 0.00021972, 0.00016752, 0.00014038, 0.00012102, 0.00009951, 0.00007217, 0.00004072, 0.00001142, -0.00000554, 0.00000336, -0.00000291, -0.00000775, -0.00001119, -0.00001330, -0.00001418, -0.00001398, -0.00001287, -0.00001106, -0.00000880, -0.00000635, -0.00000402, -0.00000209, -0.00000076, -0.00000011, 0.00000000
3.92962025, 2.62141424, 1.97121688, 1.57299055, 1.30117469, 1.10320340, 0.95264776, 0.83452293, 0.73959385, 0.66181436, 0.59704171, 0.54233525, 0.49554783, 0.45507517, 0.41969538, 0.38846258, 0.36063428, 0.33562058, 0.31294780, 0.24012321, 0.18654727, 0.14566845, 0.11386329, 0.08878250, 0.06884894, 0.05296360, 0.04032449, 0.03031918, 0.02246213, 0.01635794, 0.01167891, 0.00815086, 0.00554336, 0.00366277, 0.00234683, 0.00146036, 0.00089169, 0.00054968, 0.00036111, 0.00026854, 0.00022836, 0.00020917, 0.00019037, 0.00016088, 0.00011811, 0.00006696, 0.00001899, -0.00000835, 0.00000754, -0.00000283, -0.00001119, -0.00001749, -0.00002173, -0.00002397, -0.00002437, -0.00002311, -0.00002046, -0.00001678, -0.00001253, -0.00000824, -0.00000448, -0.00000173, -0.00000028, 0.00000000
4.30303436, 2.91497011, 2.20511527, 1.76137962, 1.45444290, 1.22906642, 1.05689700, 0.92155457, 0.81278243, 0.72377760, 0.64983014, 0.58756947, 0.53451917, 0.48882037, 0.44905263, 0.41411406, 0.38313879, 0.35543869, 0.33046157, 0.25153509, 0.19465204, 0.15215829, 0.11958974, 0.09399307, 0.07351752, 0.05700343, 0.04368257, 0.03300001, 0.02451945, 0.01787632, 0.01275586, 0.00888309, 0.00601805, 0.00395300, 0.00251028, 0.00154008, 0.00091809, 0.00054316, 0.00033471, 0.00023039, 0.00018374, 0.00016199, 0.00014411, 0.00011899, 0.00008383, 0.00004272, 0.00000541, -0.00001380, 0.00000300, -0.00000222, -0.00000606, -0.00000862, -0.00001003, -0.00001046, -0.00001007, -0.00000904, -0.00000757, -0.00000586, -0.00000412, -0.00000253, -0.00000127, -0.00000044, -0.00000006, 0.00000000
4.59832812, 3.03373980, 2.24405700, 1.75893264, 1.42921421, 1.19112076, 1.01206933, 0.87338269, 0.76347191, 0.67472291, 0.60191325, 0.54133915, 0.49030268, 0.44679525, 0.40929392, 0.37662613, 0.34787704, 0.32232469, 0.29939361, 0.22768971, 0.17664355, 0.13845623, 0.10890723, 0.08548273, 0.06666041, 0.05147071, 0.03924356, 0.02947358, 0.02175201, 0.01573349, 0.01111998, 0.00765264, 0.00510719, 0.00329071, 0.00203894, 0.00121371, 0.00070051, 0.00040601, 0.00025583, 0.00019233, 0.00017257, 0.00016652, 0.00015537, 0.00013002, 0.00008978, 0.00004119, -0.00000301, -0.00002478, -0.00000160, -0.00000653, -0.00001005, -0.00001226, -0.00001331, -0.00001335, -0.00001255, -0.00001110, -0.00000921, -0.00000709, -0.00000496, -0.00000305, -0.00000153, -0.00000054, -0.00000007, 0.00000000
4.40167905, 2.93018136, 2.17964998, 1.71711317, 1.40245542, 1.17510040, 1.00395787, 0.87118904, 0.76573624, 0.68034828, 0.61006273, 0.55136797, 0.50171126, 0.45919539, 0.42238395, 0.39017214, 0.36169865, 0.33628399, 0.31338659, 0.24031468, 0.18668609, 0.14532968, 0.11275598, 0.08693435, 0.06648204, 0.05035578, 0.03772517, 0.02791362, 0.02036533, 0.01462315, 0.01031177, 0.00712412, 0.00480995, 0.00316637, 0.00202975, 0.00126913, 0.00078059, 0.00048258, 0.00031215, 0.00022168, 0.00017630, 0.00015163, 0.00013203, 0.00010902, 0.00008005, 0.00004745, 0.00001752, -0.00000023, 0.00000632, -0.00000118, -0.00000714, -0.00001155, -0.00001446, -0.00001596, -0.00001618, -0.00001527, -0.00001345, -0.00001097, -0.00000814, -0.00000532, -0.00000287, -0.00000110, -0.00000018, 0.00000000
5.01562885, 3.22306763, 2.34019530, 1.81314079, 1.46446926, 1.21863019, 1.03751062, 0.89962424, 0.79188051, 0.70583711, 0.63580845, 0.57783301, 0.52907396, 0.48745371, 0.45142190, 0.41980309, 0.39169392, 0.36639195, 0.34334541, 0.26851223, 0.21172527, 0.16690636, 0.13102803, 0.10216824, 0.07897141, 0.06040903, 0.04565924, 0.03404411, 0.02499537, 0.01803378, 0.01275521, 0.00881999, 0.00594421, 0.00389213, 0.00246954, 0.00151798, 0.00090953, 0.00054239, 0.00033694, 0.00023238, 0.00018383, 0.00015980, 0.00014010, 0.00011400, 0.00007867, 0.00003789, 0.00000090, -0.00001852, -0.00000287, -0.00000817, -0.00001188, -0.00001413, -0.00001508, -0.00001493, -0.00001388, -0.00001214, -0.00000996, -0.00000758, -0.00000524, -0.00000317, -0.00000157, -0.00000054, -0.00000007, 0.00000000
4.92347424, 3.10201701, 2.25151853, 1.75683246, 1.43197528, 1.20191897, 1.03046897, 0.89790705, 0.79251041, 0.70683959, 0.63593003, 0.57633456, 0.52558175, 0.48185248, 0.44377804, 0.41030928, 0.38062909, 0.35409224, 0.33018305, 0.25391518, 0.19837810, 0.15619039, 0.12327740, 0.09708981, 0.07601099, 0.05897480, 0.04523056, 0.03421048, 0.02545861, 0.01859366, 0.01328952, 0.00926457, 0.00627528, 0.00411194, 0.00259521, 0.00157325, 0.00091901, 0.00052783, 0.00031510, 0.00021417, 0.00017438, 0.00015929, 0.00014505, 0.00011897, 0.00007816, 0.00002835, -0.00001718, -0.00003863, -0.00001056, -0.00001341, -0.00001489, -0.00001522, -0.00001461, -0.00001328, -0.00001146, -0.00000935, -0.00000718, -0.00000511, -0.00000331, -0.00000187, -0.00000087, -0.00000028, -0.00000004, 0.00000000
4.67039660, 3.04766246, 2.25911897, 1.78355467, 1.46232878, 1.23013395, 1.05461039, 0.91762079, 0.80808397, 0.71879112, 0.64482563, 0.58270894, 0.52990709, 0.48452994, 0.44513952, 0.41062365, 0.38010982, 0.35290518, 0.32845359, 0.25050373, 0.19369859, 0.15030728, 0.11643682, 0.08975619, 0.06869497, 0.05210502, 0.03910167, 0.02898169, 0.02117643, 0.01522202, 0.01073873, 0.00741555, 0.00499814, 0.00327916, 0.00209040, 0.00129626, 0.00078840, 0.00048122, 0.00030818, 0.00021868, 0.00017549, 0.00015255, 0.00013319, 0.00010857, 0.00007641, 0.00003986, 0.00000662, -0.00001193, -0.00000141, -0.00000781, -0.00001257, -0.00001575, -0.00001746, -0.00001787, -0.00001716, -0.00001552, -0.00001319, -0.00001043, -0.00000753, -0.00000480, -0.00000253, -0.00000095, -0.00000015, 0.00000000
5.25900587, 3.46593225, 2.56512991, 2.01555223, 1.64385188, 1.37604894, 1.17464379, 1.01834838, 0.89407985, 0.79331583, 0.71025279, 0.64079845, 0.58198496, 0.53160961, 0.48800559, 0.44989072, 0.41626456, 0.38633691, 0.35947676, 0.27476379, 0.21374445, 0.16769684, 0.13197198, 0.10369315, 0.08103901, 0.06280795, 0.04815479, 0.03644274, 0.02716381, 0.01989678, 0.01428473, 0.01002235, 0.00684820, 0.00453922, 0.00290644, 0.00179123, 0.00106203, 0.00061122, 0.00035237, 0.00021765, 0.00015552, 0.00012862, 0.00011192, 0.00009106, 0.00006082, 0.00002391, -0.00001024, -0.00002648, -0.00000476, -0.00000699, -0.00000835, -0.00000893, -0.00000888, -0.00000832, -0.00000739, -0.00000620, -0.00000490, -0.00000361, -0.00000243, -0.00000144, -0.00000071, -0.00000025, -0.00000004, 0.00000000
4.28313315, 2.81299385, 2.10161968, 1.67059421, 1.37717198, 1.16324022, 1.00014841, 0.87185210, 0.76853055, 0.68377215, 0.61318374, 0.55364077, 0.50285434, 0.45910705, 0.42108455, 0.38776404, 0.35833825, 0.33216213, 0.30871470, 0.23491704, 0.18233375, 0.14304823, 0.11273422, 0.08877127, 0.06954592, 0.05402359, 0.04149500, 0.03143564, 0.02343109, 0.01713805, 0.01226413, 0.00855691, 0.00579763, 0.00379721, 0.00239316, 0.00144715, 0.00084272, 0.00048334, 0.00029041, 0.00020162, 0.00016924, 0.00015874, 0.00014737, 0.00012302, 0.00008306, 0.00003334, -0.00001270, -0.00003493, -0.00000730, -0.00001102, -0.00001340, -0.00001455, -0.00001464, -0.00001385, -0.00001237, -0.00001042, -0.00000823, -0.00000600, -0.00000396, -0.00000226, -0.00000103, -0.00000031, -0.00000003, 0.00000000
5.10982533, 3.26153293, 2.37052757, 1.84177907, 1.49096511, 1.24166416, 1.05606773, 0.91313859, 0.80015959, 0.70895872, 0.63403385, 0.57154218, 0.51871942, 0.47352840, 0.43443710, 0.40027346, 0.37012754, 0.34328385, 0.31917342, 0.24310664, 0.18828500, 0.14707945, 0.11532004, 0.09033288, 0.07041033, 0.05443521, 0.04163336, 0.03142943, 0.02336851, 0.01707508, 0.01223149, 0.00856636, 0.00584764, 0.00387783, 0.00249024, 0.00154566, 0.00092939, 0.00054833, 0.00032836, 0.00021192, 0.00015575, 0.00012891, 0.00011093, 0.00009024, 0.00006276, 0.00003066, 0.00000128, -0.00001380, 0.00000045, -0.00000329, -0.00000599, -0.00000774, -0.00000864, -0.00000882, -0.00000838, -0.00000748, -0.00000624, -0.00000483, -0.00000340, -0.00000210, -0.00000106, -0.00000038, -0.00000005, 0.00000000
4.60482284, 3.09315287, 2.33417096, 1.86195290, 1.53499109, 1.29421252, 1.10969886, 0.96427172, 0.84718857, 0.75131191, 0.67168263, 0.60473542, 0.54783710, 0.49900016, 0.45669723, 0.41973666, 0.38717662, 0.35826441, 0.33239253, 0.25164252, 0.19470707, 0.15256491, 0.12021433, 0.09465716, 0.07410742, 0.05746498, 0.04399883, 0.03317474, 0.02456758, 0.01781885, 0.01261695, 0.00868803, 0.00579162, 0.00371803, 0.00228641, 0.00134277, 0.00075804, 0.00042597, 0.00026104, 0.00019641, 0.00018190, 0.00018218, 0.00017497, 0.00014948, 0.00010493, 0.00004928, -0.00000198, -0.00002693, 0.00000190, -0.00000374, -0.00000806, -0.00001111, -0.00001294, -0.00001366, -0.00001340, -0.00001231, -0.00001058, -0.00000843, -0.00000611, -0.00000390, -0.00000204, -0.00000075, -0.00000011, 0.00000000
4.35828558, 2.78085240, 2.01185544, 1.55668063, 1.25721208, 1.04662918, 0.89154803, 0.77333297, 0.68073194, 0.60654400, 0.54594980, 0.49560759, 0.45313260, 0.41678210, 0.38525682, 0.35757157, 0.33296822, 0.31085595, 0.29076912, 0.22607589, 0.17769371, 0.14015017, 0.11054417, 0.08693259, 0.06797737, 0.05273099, 0.04049326, 0.03072280, 0.02298479, 0.01692039, 0.01222846, 0.00865409, 0.00598085, 0.00402523, 0.00263226, 0.00167190, 0.00103608, 0.00063598, 0.00039982, 0.00027077, 0.00020519, 0.00017110, 0.00014673, 0.00011937, 0.00008423, 0.00004355, 0.00000570, -0.00001558, -0.00000189, -0.00000870, -0.00001369, -0.00001692, -0.00001855, -0.00001875, -0.00001773, -0.00001576, -0.00001311, -0.00001011, -0.00000707, -0.00000434, -0.00000217, -0.00000075, -0.00000010, 0.00000000
4.22380100, 2.71076930, 2.00086658, 1.58176981, 1.30180105, 1.10024290, 0.94778604, 0.82837029, 0.73236316, 0.65358793, 0.58787690, 0.53230362, 0.48474679, 0.44362827, 0.40774845, 0.37617878, 0.34818928, 0.32319839, 0.30073730, 0.22928451, 0.17771371, 0.13884631, 0.10875103, 0.08500921, 0.06607905, 0.05092807, 0.03882037, 0.02919849, 0.02161896, 0.01571707, 0.01118687, 0.00776931, 0.00524443, 0.00342579, 0.00215620, 0.00130415, 0.00076074, 0.00043702, 0.00026165, 0.00017878, 0.00014618, 0.00013367, 0.00012160, 0.00009958, 0.00006534, 0.00002373, -0.00001425, -0.00003225, -0.00000931, -0.00001182, -0.00001313, -0.00001340, -0.00001283, -0.00001162, -0.00000995, -0.00000803, -0.00000605, -0.00000419, -0.00000260, -0.00000138, -0.00000057, -0.00000014, -0.00000001, 0.00000000
4.51216368, 2.92018804, 2.12468200, 1.64599355, 1.32802009, 1.10341609, 0.93786590, 0.81188132, 0.71352630, 0.63507431, 0.57130829, 0.51858691, 0.47429975, 0.43653386, 0.40386143, 0.37520000, 0.34971793, 0.32676889, 0.30584551, 0.23788877, 0.18603976, 0.14539341, 0.11350733, 0.08845843, 0.06873296, 0.05317111, 0.04088971, 0.03121120, 0.02360908, 0.01766855, 0.01305883, 0.00951360, 0.00681690, 0.00479286, 0.00329793, 0.00221495, 0.00144849, 0.00092119, 0.00057073, 0.00034743, 0.00021218, 0.00013486, 0.00009285, 0.00006995, 0.00005531, 0.00004269, 0.00002965, 0.00001706, 0.00000850, 0.00000013, -0.00000665, -0.00001179, -0.00001531, -0.00001726, -0.00001777, -0.00001698, -0.00001510, -0.00001241, -0.00000926, -0.00000608, -0.00000328, -0.00000126, -0.00000020, 0.00000000
4.35718523, 2.89193998, 2.14970985, 1.69178796, 1.37907827, 1.15212035, 0.98054697, 0.84695015, 0.74052299, 0.65415794, 0.58297259, 0.52349738, 0.47319887, 0.43018545, 0.39301828, 0.36058546, 0.33201597, 0.30661943, 0.28384288, 0.21301530, 0.16322851, 0.12675077, 0.09923809, 0.07792054, 0.06105828, 0.04755192, 0.03668002, 0.02793986, 0.02095670, 0.01543385, 0.01112555, 0.00782240, 0.00534327, 0.00353062, 0.00224769, 0.00137639, 0.00081576, 0.00048065, 0.00030050, 0.00021825, 0.00018938, 0.00018091, 0.00017066, 0.00014640, 0.00010520, 0.00005278, 0.00000294, -0.00002305, 0.00000308, -0.00000392, -0.00000951, -0.00001364, -0.00001631, -0.00001758, -0.00001755, -0.00001639, -0.00001429, -0.00001153, -0.00000846, -0.00000545, -0.00000288, -0.00000108, -0.00000017, 0.00000000
3.95137376, 2.64305769, 1.93980735, 1.50164574, 1.20676414, 0.99839997, 0.84595294, 0.73134369, 0.64319677, 0.57401782, 0.51869252, 0.47363223, 0.43626149, 0.40469730, 0.37754138, 0.35374181, 0.33249840, 0.31319677, 0.29536144, 0.23620120, 0.18895404, 0.15008089, 0.11816508, 0.09216914, 0.07118284, 0.05439336, 0.04108495, 0.03063754, 0.02252133, 0.01628862, 0.01156447, 0.00803720, 0.00544956, 0.00359056, 0.00228836, 0.00140408, 0.00082648, 0.00046745, 0.00025823, 0.00014615, 0.00009201, 0.00006778, 0.00005477, 0.00004201, 0.00002497, 0.00000447, -0.00001423, -0.00002222, -0.00000751, -0.00000713, -0.00000639, -0.00000540, -0.00000431, -0.00000320, -0.00000216, -0.00000128, -0.00000060, -0.00000014, 0.00000010, 0.00000017, 0.00000013, 0.00000005, 0.00000001, 0.00000000
5.21080650, 3.28958073, 2.37583028, 1.83947449, 1.48657997, 1.23742610, 1.05290349, 0.91141350, 0.79998243, 0.71031744, 0.63685935, 0.57573944, 0.52418303, 0.48015027, 0.44211029, 0.40889388, 0.37959462, 0.35350064, 0.33004644, 0.25465130, 0.19861390, 0.15477135, 0.11994380, 0.09229735, 0.07048218, 0.05339324, 0.04010554, 0.02984976, 0.02199383, 0.01602434, 0.01152810, 0.00817497, 0.00570265, 0.00390381, 0.00261531, 0.00170936, 0.00108645, 0.00066952, 0.00039944, 0.00023127, 0.00013138, 0.00007507, 0.00004472, 0.00002832, 0.00001822, 0.00001027, 0.00000297, -0.00000311, -0.00000581, -0.00000866, -0.00001051, -0.00001144, -0.00001157, -0.00001102, -0.00000994, -0.00000849, -0.00000682, -0.00000509, -0.00000346, -0.00000207, -0.00000102, -0.00000035, -0.00000005, 0.00000000
4.45307954, 2.94233144, 2.19370528, 1.73750011, 1.42766087, 1.20302705, 1.03291614, 0.89998538, 0.79358117, 0.70674985, 0.63473993, 0.57418676, 0.52263882, 0.47826781, 0.43968349, 0.40581124, 0.37580866, 0.34900729, 0.32487101, 0.24824524, 0.19274014, 0.15081687, 0.11833494, 0.09268375, 0.07219198, 0.05575002, 0.04257554, 0.03207963, 0.02379370, 0.01733043, 0.01236258, 0.00861087, 0.00583660, 0.00383638, 0.00243808, 0.00149741, 0.00089485, 0.00053284, 0.00033329, 0.00023526, 0.00019283, 0.00017330, 0.00015542, 0.00012796, 0.00008831, 0.00004135, -0.00000162, -0.00002384, -0.00000384, -0.00000949, -0.00001343, -0.00001581, -0.00001680, -0.00001659, -0.00001540, -0.00001346, -0.00001103, -0.00000839, -0.00000579, -0.00000350, -0.00000172, -0.00000058, -0.00000008, 0.00000000
4.56004573, 3.01039274, 2.22911009, 1.75043909, 1.42619757, 1.19281739, 1.01779136, 0.88250290, 0.77542665, 0.68901322, 0.61810241, 0.55904785, 0.50920320, 0.46660539, 0.42977129, 0.39756287, 0.36909515, 0.34367194, 0.32073998, 0.24809708, 0.19501328, 0.15442580, 0.12254231, 0.09698024, 0.07624418, 0.05936291, 0.04565771, 0.03461205, 0.02580402, 0.01887328, 0.01350534, 0.00942409, 0.00638779, 0.00418646, 0.00263959, 0.00159396, 0.00092134, 0.00051622, 0.00029348, 0.00018625, 0.00014381, 0.00012964, 0.00011967, 0.00010071, 0.00006894, 0.00002869, -0.00000874, -0.00002606, -0.00000090, -0.00000334, -0.00000511, -0.00000623, -0.00000678, -0.00000682, -0.00000643, -0.00000570, -0.00000475, -0.00000367, -0.00000258, -0.00000160, -0.00000081, -0.00000029, -0.00000004, 0.00000000
4.80402662, 3.14333684, 2.29929045, 1.78344563, 1.43685557, 1.19017336, 1.00753989, 0.86828872, 0.75959181, 0.67304785, 0.60292737, 0.54519750, 0.49694659, 0.45602832, 0.42083278, 0.39013458, 0.36298919, 0.33866070, 0.31657030, 0.24530371, 0.19133802, 0.14887096, 0.11527016, 0.08873852, 0.06786841, 0.05152436, 0.03878830, 0.02891998, 0.02132406, 0.01552263, 0.01113250, 0.00784672, 0.00541969, 0.00365517, 0.00239671, 0.00151998, 0.00092663, 0.00053935, 0.00029796, 0.00015614, 0.00007894, 0.00004066, 0.00002316, 0.00001450, 0.00000781, 0.00000041, -0.00000695, -0.00001073, -0.00000504, -0.00000495, -0.00000459, -0.00000404, -0.00000335, -0.00000260, -0.00000185, -0.00000115, -0.00000056, -0.00000012, 0.00000014, 0.00000023, 0.00000020, 0.00000011, 0.00000002, 0.00000000
5.18410467, 3.38185329, 2.48012117, 1.93217971, 1.56359194, 1.29980113, 1.10290071, 0.95131307, 0.83175489, 0.73556896, 0.65686402, 0.59149330, 0.53645769, 0.48953933, 0.44906731, 0.41376286, 0.38263396, 0.35490204, 0.32994975, 0.25122353, 0.19430966, 0.15129283, 0.11796547, 0.09170871, 0.07083621, 0.05420768, 0.04100060, 0.03058361, 0.02244881, 0.01617557, 0.01141042, 0.00785501, 0.00525792, 0.00340852, 0.00213178, 0.00128380, 0.00074776, 0.00043032, 0.00025834, 0.00017599, 0.00014218, 0.00012831, 0.00011623, 0.00009660, 0.00006736, 0.00003245, 0.00000071, -0.00001505, 0.00000114, -0.00000267, -0.00000549, -0.00000737, -0.00000841, -0.00000871, -0.00000837, -0.00000754, -0.00000635, -0.00000495, -0.00000351, -0.00000218, -0.00000111, -0.00000039, -0.00000006, 0.00000000
3.89752866, 2.61441703, 1.95670540, 1.54946713, 1.27132221, 1.06968032, 0.91746572, 0.79909023, 0.70485927, 0.62839601, 0.56532436, 0.51254000, 0.46778132, 0.42936420, 0.39601134, 0.36673881, 0.34077839, 0.31752329, 0.29648926, 0.22892375, 0.17881868, 0.13997391, 0.10931037, 0.08494292, 0.06556139, 0.05018308, 0.03803778, 0.02850700, 0.02108758, 0.01536748, 0.01100828, 0.00773179, 0.00530952, 0.00355414, 0.00231256, 0.00146022, 0.00089646, 0.00054064, 0.00032894, 0.00021177, 0.00015156, 0.00012100, 0.00010147, 0.00008186, 0.00005748, 0.00002923, 0.00000279, -0.00001196, -0.00000151, -0.00000602, -0.00000933, -0.00001150, -0.00001262, -0.00001278, -0.00001213, -0.00001082, -0.00000905, -0.00000701, -0.00000494, -0.00000305, -0.00000154, -0.00000054, -0.00000008, 0.00000000
4.77967533, 3.10773556, 2.28488374, 1.78796230, 1.45422822, 1.21525697, 1.03660388, 0.89877187, 0.78979324, 0.70187809, 0.62972700, 0.56960897, 0.51882429, 0.47537531, 0.43775617, 0.40481380, 0.37565333, 0.34957223, 0.32601336, 0.25076660, 0.19523191, 0.15261569, 0.11931048, 0.09294221, 0.07192034, 0.05514170, 0.04179725, 0.03125923, 0.02301918, 0.01665430, 0.01180865, 0.00818165, 0.00552021, 0.00361265, 0.00228341, 0.00138855, 0.00081151, 0.00045935, 0.00025936, 0.00015605, 0.00010844, 0.00008769, 0.00007508, 0.00006025, 0.00003959, 0.00001503, -0.00000714, -0.00001720, -0.00000278, -0.00000385, -0.00000439, -0.00000452, -0.00000432, -0.00000389, -0.00000331, -0.00000265, -0.00000199, -0.00000138, -0.00000087, -0.00000047, -0.00000021, -0.00000006, -0.00000001, 0.00000000
5.08091972, 3.19601776, 2.27124071, 1.72730315, 1.37416634, 1.13009892, 0.95382971, 0.82219814, 0.72120411, 0.64190646, 0.57834849, 0.52642698, 0.48323795, 0.44667984, 0.41520313, 0.38764720, 0.36313087, 0.34097738, 0.32066169, 0.25408331, 0.20234236, 0.16071516, 0.12697870, 0.09962006, 0.07749235, 0.05968414, 0.04544951, 0.03416678, 0.02531275, 0.01844535, 0.01319091, 0.00923428, 0.00631063, 0.00419848, 0.00271373, 0.00170454, 0.00104679, 0.00064032, 0.00040550, 0.00028044, 0.00021849, 0.00018614, 0.00016120, 0.00013123, 0.00009220, 0.00004728, 0.00000585, -0.00001745, -0.00000350, -0.00001119, -0.00001675, -0.00002029, -0.00002196, -0.00002200, -0.00002065, -0.00001822, -0.00001504, -0.00001150, -0.00000796, -0.00000482, -0.00000237, -0.00000080, -0.00000010, 0.00000000
4.50004488, 2.94444247, 2.18465564, 1.72782083, 1.42063768, 1.19942610, 1.03260076, 0.90252069, 0.79846972, 0.71352217, 0.64298551, 0.58356026, 0.53285635, 0.48909964, 0.45094618, 0.41736013, 0.38753127, 0.36081768, 0.33670500, 0.25952363, 0.20296643, 0.15971640, 0.12581014, 0.09878977, 0.07707297, 0.05958500, 0.04554502, 0.03434854, 0.02550469, 0.01860280, 0.01329395, 0.00927998, 0.00630624, 0.00415624, 0.00264720, 0.00162622, 0.00096687, 0.00056609, 0.00034138, 0.00022827, 0.00017811, 0.00015596, 0.00013887, 0.00011426, 0.00007846, 0.00003552, -0.00000397, -0.00002386, -0.00000333, -0.00000782, -0.00001096, -0.00001286, -0.00001363, -0.00001344, -0.00001246, -0.00001087, -0.00000890, -0.00000675, -0.00000464, -0.00000279, -0.00000137, -0.00000046, -0.00000006, 0.00000000
4.42896571, 2.90882839, 2.16196981, 1.71108477, 1.40714458, 1.18791555, 1.02239102, 0.89319679, 0.78975603, 0.70522410, 0.63496005, 0.57569950, 0.52507755, 0.48133877, 0.44315343, 0.40949669, 0.37956693, 0.35272897, 0.32847377, 0.25076580, 0.19391110, 0.15063731, 0.11703540, 0.09064048, 0.06978998, 0.05330180, 0.04029573, 0.03009141, 0.02214829, 0.01602882, 0.01137461, 0.00789019, 0.00533125, 0.00349583, 0.00221736, 0.00135917, 0.00080993, 0.00047992, 0.00029795, 0.00020871, 0.00017063, 0.00015395, 0.00013923, 0.00011599, 0.00008152, 0.00003995, 0.00000132, -0.00001914, -0.00000174, -0.00000757, -0.00001191, -0.00001480, -0.00001633, -0.00001663, -0.00001586, -0.00001422, -0.00001194, -0.00000928, -0.00000656, -0.00000406, -0.00000205, -0.00000072, -0.00000010, 0.00000000
5.04145356, 3.30807232, 2.44500233, 1.91783276, 1.56021535, 1.30198751, 1.10763788, 0.95692900, 0.83734598, 0.74068006, 0.66130380, 0.59522511, 0.53953375, 0.49206049, 0.45115830, 0.41555699, 0.38426384, 0.35649398, 0.33162057, 0.25365255, 0.19787313, 0.15575875, 0.12284473, 0.09654453, 0.07530016, 0.05810514, 0.04424579, 0.03316926, 0.02441926, 0.01760549, 0.01238900, 0.00847477, 0.00560710, 0.00356624, 0.00216527, 0.00124717, 0.00068188, 0.00036351, 0.00020765, 0.00014888, 0.00013850, 0.00014239, 0.00013918, 0.00011856, 0.00007982, 0.00003051, -0.00001467, -0.00003491, -0.00000413, -0.00000652, -0.00000806, -0.00000884, -0.00000897, -0.00000855, -0.00000771, -0.00000657, -0.00000526, -0.00000391, -0.00000264, -0.00000156, -0.00000075, -0.00000025, -0.00000003, 0.00000000
4.83515331, 3.10962132, 2.24413233, 1.72610881, 1.38434311, 1.14439386, 0.96838623, 0.83493592, 0.73104384, 0.64836101, 0.58129189, 0.52595706, 0.47959156, 0.44017905, 0.40622041, 0.37658253, 0.35039665, 0.32698841, 0.30582862, 0.23815263, 0.18785954, 0.14863570, 0.11738153, 0.09223556, 0.07195331, 0.05562902, 0.04255886, 0.03217168, 0.02399244, 0.01762142, 0.01272101, 0.00900634, 0.00623789, 0.00421536, 0.00277232, 0.00177160, 0.00110119, 0.00067067, 0.00040816, 0.00025756, 0.00017626, 0.00013311, 0.00010672, 0.00008397, 0.00005875, 0.00003086, 0.00000512, -0.00000942, -0.00000017, -0.00000470, -0.00000800, -0.00001016, -0.00001129, -0.00001152, -0.00001100, -0.00000987, -0.00000831, -0.00000650, -0.00000463, -0.00000291, -0.00000151, -0.00000055, -0.00000008, 0.00000000
4.16280390, 2.80385048, 2.11605708, 1.68869300, 1.39373626, 1.17706672, 1.01120528, 0.88042733, 0.77496004, 0.68835619, 0.61616744, 0.55521604, 0.50316792, 0.45826941, 0.41917776, 0.38484830, 0.35445695, 0.32734591, 0.30298450, 0.22610608, 0.17126955, 0.13065227, 0.09999624, 0.07655231, 0.05846174, 0.04443006, 0.03352850, 0.02507101, 0.01853738, 0.01352454, 0.00971480, 0.00685464, 0.00474002, 0.00320587, 0.00211840, 0.00136927, 0.00087109, 0.00055385, 0.00036215, 0.00025287, 0.00019329, 0.00015960, 0.00013558, 0.00011154, 0.00008344, 0.00005209, 0.00002255, 0.00000354, 0.00000690, -0.00000207, -0.00000928, -0.00001467, -0.00001826, -0.00002015, -0.00002045, -0.00001934, -0.00001708, -0.00001396, -0.00001037, -0.00000679, -0.00000366, -0.00000141, -0.00000023, 0.00000000
4.97158615, 3.20099531, 2.34294935, 1.83111369, 1.48991106, 1.24642568, 1.06449382, 0.92393329, 0.81250478, 0.72231790, 0.64804334, 0.58594769, 0.53333755, 0.48822251, 0.44910173, 0.41482416, 0.38449396, 0.35740505, 0.33299471, 0.25523713, 0.19838288, 0.15503345, 0.12130080, 0.09469471, 0.07354485, 0.05668560, 0.04326515, 0.03263252, 0.02427171, 0.01776283, 0.01275853, 0.00896878, 0.00615053, 0.00410017, 0.00264768, 0.00165193, 0.00099672, 0.00058753, 0.00034859, 0.00022048, 0.00015792, 0.00012798, 0.00010845, 0.00008638, 0.00005690, 0.00002209, -0.00000997, -0.00002604, -0.00000855, -0.00001138, -0.00001297, -0.00001350, -0.00001315, -0.00001210, -0.00001054, -0.00000868, -0.00000670, -0.00000478, -0.00000309, -0.00000173, -0.00000078, -0.00000024, -0.00000003, 0.00000000
4.16835353, 2.74011694, 2.04126488, 1.61642331, 1.32740037, 1.11719307, 0.95744550, 0.83219318, 0.73163899, 0.64938267, 0.58104189, 0.52350480, 0.47449673, 0.43231534, 0.39566146, 0.36352710, 0.33511908, 0.30980557, 0.28707786, 0.21510450, 0.16344454, 0.12476807, 0.09525918, 0.07254185, 0.05498696, 0.04141453, 0.03094093, 0.02289020, 0.01673775, 0.01207239, 0.00856959, 0.00597195, 0.00407471, 0.00271476, 0.00176222, 0.00111384, 0.00068793, 0.00042029, 0.00026104, 0.00017202, 0.00012482, 0.00009908, 0.00008117, 0.00006316, 0.00004189, 0.00001829, -0.00000323, -0.00001526, -0.00000781, -0.00001115, -0.00001321, -0.00001412, -0.00001405, -0.00001318, -0.00001168, -0.00000977, -0.00000765, -0.00000554, -0.00000362, -0.00000205, -0.00000093, -0.00000028, -0.00000003, 0.00000000
4.35319091, 2.80382571, 2.05077465, 1.60142696, 1.30203487, 1.08850389, 0.92900485, 0.80578157, 0.70808006, 0.62897924, 0.56381276, 0.50931694, 0.46314054, 0.42354785, 0.38923111, 0.35918769, 0.33263735, 0.30896493, 0.28767985, 0.22020910, 0.17137251, 0.13426365, 0.10528642, 0.08230104, 0.06393321, 0.04923428, 0.03750472, 0.02820086, 0.02088444, 0.01519397, 0.01082743, 0.00753098, 0.00509096, 0.00332781, 0.00209117, 0.00125593, 0.00071884, 0.00039561, 0.00021849, 0.00013419, 0.00010203, 0.00009249, 0.00008585, 0.00007107, 0.00004493, 0.00001111, -0.00002042, -0.00003401, -0.00000887, -0.00000879, -0.00000821, -0.00000727, -0.00000610, -0.00000481, -0.00000351, -0.00000233, -0.00000134, -0.00000060, -0.00000013, 0.00000008, 0.00000012, 0.00000007, 0.00000001, 0.00000000
4.35828558, 2.78085240, 2.01185544, 1.55668063, 1.25721208, 1.04662918, 0.89154803, 0.77333297, 0.68073194, 0.60654400, 0.54594980, 0.49560759, 0.45313260, 0.41678210, 0.38525682, 0.35757157, 0.33296822, 0.31085595, 0.29076912, 0.22607589, 0.17769371, 0.14015017, 0.11054417, 0.08693259, 0.06797737, 0.05273099, 0.04049326, 0.03072280, 0.02298479, 0.01692039, 0.01222846, 0.00865409, 0.00598085, 0.00402523, 0.00263226, 0.00167190, 0.00103608, 0.00063598, 0.00039982, 0.00027077, 0.00020519, 0.00017110, 0.00014673, 0.00011937, 0.00008423, 0.00004355, 0.00000570, -0.00001558, -0.00000189, -0.00000870, -0.00001369, -0.00001692, -0.00001855, -0.00001875, -0.00001773, -0.00001576, -0.00001311, -0.00001011, -0.00000707, -0.00000434, -0.00000217, -0.00000075, -0.00000010, 0.00000000
4.66793608, 3.01801348, 2.22274439, 1.74734005, 1.42935713, 1.20185920, 1.03164063, 0.90008712, 0.79583991, 0.71152865, 0.64214535, 0.58416372, 0.53502937, 0.49284889, 0.45619180, 0.42395991, 0.39529850, 0.36953451, 0.34613244, 0.27067584, 0.21438531, 0.17045954, 0.13525759, 0.10663341, 0.08325093, 0.06419936, 0.04879065, 0.03646088, 0.02672511, 0.01915741, 0.01338197, 0.00906854, 0.00592930, 0.00371599, 0.00221695, 0.00125402, 0.00067951, 0.00037309, 0.00023895, 0.00020301, 0.00021048, 0.00022357, 0.00021937, 0.00018810, 0.00013132, 0.00006054, -0.00000422, -0.00003562, -0.00000017, -0.00000744, -0.00001291, -0.00001665, -0.00001874, -0.00001935, -0.00001867, -0.00001692, -0.00001437, -0.00001132, -0.00000813, -0.00000513, -0.00000267, -0.00000098, -0.00000015, 0.00000000
5.05861749, 3.31667001, 2.42114983, 1.87248881, 1.50444809, 1.24344801, 1.05110905, 0.90520591, 0.79191262, 0.70217020, 0.62980532, 0.57047970, 0.52106829, 0.47927382, 0.44337867, 0.41208014, 0.38437805, 0.35949649, 0.33682802, 0.26452540, 0.21022576, 0.16805867, 0.13473651, 0.10786457, 0.08586514, 0.06773197, 0.05279613, 0.04057173, 0.03067016, 0.02275738, 0.01653485, 0.01173214, 0.00810468, 0.00543339, 0.00352452, 0.00220935, 0.00134340, 0.00080527, 0.00049513, 0.00033309, 0.00025743, 0.00022286, 0.00019873, 0.00016746, 0.00012287, 0.00006881, 0.00001776, -0.00001043, 0.00001035, 0.00000073, -0.00000708, -0.00001299, -0.00001702, -0.00001923, -0.00001978, -0.00001885, -0.00001670, -0.00001366, -0.00001014, -0.00000662, -0.00000356, -0.00000136, -0.00000022, 0.00000000
4.08800537, 2.65152063, 1.93966048, 1.51178007, 1.22689944, 1.02486414, 0.87522604, 0.76075550, 0.67091548, 0.59888519, 0.54005439, 0.49119942, 0.45000374, 0.41476488, 0.38420791, 0.35736276, 0.33348115, 0.31197904, 0.29239582, 0.22878594, 0.18052096, 0.14238269, 0.11181256, 0.08721056, 0.06743915, 0.05162349, 0.03905850, 0.02916156, 0.02144550, 0.01550139, 0.01098601, 0.00761207, 0.00514001, 0.00337111, 0.00214156, 0.00131730, 0.00078972, 0.00047181, 0.00029505, 0.00020664, 0.00016719, 0.00014875, 0.00013317, 0.00011066, 0.00007863, 0.00004061, 0.00000547, -0.00001342, 0.00000124, -0.00000456, -0.00000899, -0.00001208, -0.00001392, -0.00001460, -0.00001427, -0.00001308, -0.00001123, -0.00000895, -0.00000649, -0.00000414, -0.00000217, -0.00000081, -0.00000012, 0.00000000
4.38847554, 2.83445296, 2.09477914, 1.65037271, 1.34959057, 1.13149746, 0.96623933, 0.83712754, 0.73393993, 0.64999091, 0.58069037, 0.52276800, 0.47382517, 0.43206105, 0.39609754, 0.36486305, 0.33751295, 0.31337373, 0.29190287, 0.22459587, 0.17622285, 0.13956336, 0.11098922, 0.08823054, 0.06984518, 0.05489327, 0.04272741, 0.03286921, 0.02494116, 0.01863047, 0.01367014, 0.00982894, 0.00690577, 0.00472608, 0.00313937, 0.00201696, 0.00125002, 0.00074778, 0.00043570, 0.00025385, 0.00015531, 0.00010473, 0.00007702, 0.00005608, 0.00003370, 0.00000855, -0.00001474, -0.00002642, -0.00001240, -0.00001332, -0.00001324, -0.00001240, -0.00001102, -0.00000931, -0.00000745, -0.00000562, -0.00000395, -0.00000256, -0.00000148, -0.00000075, -0.00000030, -0.00000009, -0.00000001, 0.00000000
4.60666116, 2.95426302, 2.14356314, 1.66069433, 1.34120536, 1.11547910, 0.94862758, 0.82109633, 0.72102414, 0.64078374, 0.57524601, 0.52083787, 0.47499824, 0.43584772, 0.40197975, 0.37232391, 0.34605378, 0.32252330, 0.30122190, 0.23284895, 0.18202831, 0.14263461, 0.11156857, 0.08686617, 0.06716894, 0.05148114, 0.03903877, 0.02923547, 0.02157894, 0.01566378, 0.01115369, 0.00776874, 0.00527597, 0.00348189, 0.00222650, 0.00137832, 0.00083017, 0.00049575, 0.00030656, 0.00020945, 0.00016444, 0.00014289, 0.00012595, 0.00010320, 0.00007153, 0.00003411, -0.00000045, -0.00001888, -0.00000392, -0.00000901, -0.00001261, -0.00001481, -0.00001574, -0.00001557, -0.00001448, -0.00001269, -0.00001042, -0.00000794, -0.00000549, -0.00000333, -0.00000165, -0.00000057, -0.00000008, 0.00000000
4.59619500, 3.04303716, 2.26579794, 1.78863390, 1.46327072, 1.22709107, 1.04836945, 0.90900860, 0.79780587, 0.70740454, 0.63275434, 0.57026685, 0.51732123, 0.47195985, 0.43269289, 0.39836840, 0.36808354, 0.34112231, 0.31691097, 0.24056548, 0.18560449, 0.14427069, 0.11247156, 0.08760719, 0.06796101, 0.05236033, 0.03996813, 0.03015885, 0.02244571, 0.01643790, 0.01181497, 0.00831068, 0.00570238, 0.00380352, 0.00245810, 0.00153625, 0.00093074, 0.00055394, 0.00033538, 0.00021952, 0.00016392, 0.00013758, 0.00011957, 0.00009775, 0.00006772, 0.00003181, -0.00000170, -0.00001944, -0.00000357, -0.00000816, -0.00001145, -0.00001350, -0.00001442, -0.00001435, -0.00001343, -0.00001185, -0.00000981, -0.00000754, -0.00000526, -0.00000322, -0.00000161, -0.00000056, -0.00000008, 0.00000000
4.38847554, 2.83445296, 2.09477914, 1.65037271, 1.34959057, 1.13149746, 0.96623933, 0.83712754, 0.73393993, 0.64999091, 0.58069037, 0.52276800, 0.47382517, 0.43206105, 0.39609754, 0.36486305, 0.33751295, 0.31337373, 0.29190287, 0.22459587, 0.17622285, 0.13956336, 0.11098922, 0.08823054, 0.06984518, 0.05489327, 0.04272741, 0.03286921, 0.02494116, 0.01863047, 0.01367014, 0.00982894, 0.00690577, 0.00472608, 0.00313937, 0.00201696, 0.00125002, 0.00074778, 0.00043570, 0.00025385, 0.00015531, 0.00010473, 0.00007702, 0.00005608, 0.00003370, 0.00000855, -0.00001474, -0.00002642, -0.00001240, -0.00001332, -0.00001324, -0.00001240, -0.00001102, -0.00000931, -0.00000745, -0.00000562, -0.00000395, -0.00000256, -0.00000148, -0.00000075, -0.00000030, -0.00000009, -0.00000001, 0.00000000
4.88182208, 3.18270415, 2.33995127, 1.82831316, 1.48346544, 1.23597027, 1.05071490, 0.90774324, 0.79476042, 0.70373604, 0.62918933, 0.56724952, 0.51510720, 0.47067725, 0.43238310, 0.39901383, 0.36962678, 0.34347951, 0.31998133, 0.24597533, 0.19244967, 0.15181444, 0.12004585, 0.09467877, 0.07418073, 0.05755705, 0.04411171, 0.03331567, 0.02473866, 0.01801553, 0.01282964, 0.00890463, 0.00599977, 0.00390683, 0.00244745, 0.00147070, 0.00085065, 0.00048402, 0.00028782, 0.00019718, 0.00016329, 0.00015146, 0.00013935, 0.00011539, 0.00007730, 0.00003080, -0.00001158, -0.00003159, -0.00000623, -0.00000946, -0.00001149, -0.00001245, -0.00001251, -0.00001182, -0.00001057, -0.00000893, -0.00000708, -0.00000521, -0.00000348, -0.00000203, -0.00000096, -0.00000031, -0.00000004, 0.00000000
4.71848096, 3.10688199, 2.29317140, 1.79428659, 1.45602927, 1.21232074, 1.02941304, 0.88798814, 0.77608167, 0.68584833, 0.61191746, 0.55048706, 0.49879237, 0.45477820, 0.41688861, 0.38392720, 0.35496175, 0.32925745, 0.30622926, 0.23451875, 0.18349077, 0.14544627, 0.11605403, 0.09258382, 0.07342814, 0.05764915, 0.04466204, 0.03405426, 0.02549488, 0.01869403, 0.01338744, 0.00933228, 0.00630716, 0.00411332, 0.00257537, 0.00154148, 0.00088273, 0.00049202, 0.00028250, 0.00018586, 0.00015044, 0.00013941, 0.00012900, 0.00010676, 0.00007007, 0.00002468, -0.00001654, -0.00003474, -0.00000612, -0.00000765, -0.00000838, -0.00000849, -0.00000810, -0.00000736, -0.00000637, -0.00000527, -0.00000413, -0.00000305, -0.00000208, -0.00000128, -0.00000066, -0.00000026, -0.00000004, 0.00000000
3.89794967, 2.58402017, 1.91499259, 1.50510197, 1.22824473, 1.02964789, 0.88117146, 0.76669088, 0.67623869, 0.60330230, 0.54344313, 0.49353414, 0.45131247, 0.41510412, 0.38364755, 0.35597692, 0.33134265, 0.30915607, 0.28895005, 0.22362665, 0.17475235, 0.13660636, 0.10630731, 0.08213715, 0.06289504, 0.04765536, 0.03567078, 0.02632694, 0.01911611, 0.01361855, 0.00948778, 0.00643841, 0.00423592, 0.00268816, 0.00163822, 0.00095857, 0.00054627, 0.00031902, 0.00021194, 0.00017500, 0.00017092, 0.00017348, 0.00016622, 0.00014133, 0.00009886, 0.00004601, -0.00000335, -0.00002918, -0.00000560, -0.00001270, -0.00001801, -0.00002153, -0.00002334, -0.00002359, -0.00002244, -0.00002015, -0.00001698, -0.00001330, -0.00000949, -0.00000596, -0.00000308, -0.00000113, -0.00000017, 0.00000000
4.00488550, 2.76859123, 2.13072842, 1.72403575, 1.43660229, 1.22122263, 1.05367103, 0.91984676, 0.81081669, 0.72057388, 0.64489840, 0.58072530, 0.52576929, 0.47828987, 0.43693794, 0.40065216, 0.36858688, 0.34006083, 0.31451980, 0.23461399, 0.17853009, 0.13744771, 0.10644968, 0.08251124, 0.06373324, 0.04888161, 0.03711235, 0.02781412, 0.02052003, 0.01485837, 0.01052456, 0.00726459, 0.00486474, 0.00314472, 0.00195271, 0.00116161, 0.00066598, 0.00037945, 0.00023253, 0.00017070, 0.00015270, 0.00014911, 0.00014098, 0.00011874, 0.00008114, 0.00003436, -0.00000884, -0.00002986, -0.00000494, -0.00000893, -0.00001163, -0.00001313, -0.00001358, -0.00001314, -0.00001198, -0.00001030, -0.00000830, -0.00000620, -0.00000420, -0.00000248, -0.00000119, -0.00000039, -0.00000005, 0.00000000
4.40600354, 2.96921596, 2.25182734, 1.80836677, 1.50241061, 1.27715955, 1.10410298, 0.96705355, 0.85600041, 0.76435755, 0.68758645, 0.62244533, 0.56655160, 0.51811309, 0.47575546, 0.43840758, 0.40522285, 0.37552411, 0.34876386, 0.26380751, 0.20275135, 0.15714554, 0.12219372, 0.09487602, 0.07326721, 0.05609338, 0.04246021, 0.03169883, 0.02328194, 0.01677844, 0.01182843, 0.00812863, 0.00542300, 0.00349612, 0.00216798, 0.00128958, 0.00073908, 0.00041835, 0.00024994, 0.00017430, 0.00014734, 0.00013827, 0.00012764, 0.00010573, 0.00007104, 0.00002902, -0.00000901, -0.00002685, -0.00000422, -0.00000711, -0.00000892, -0.00000981, -0.00000992, -0.00000940, -0.00000840, -0.00000708, -0.00000560, -0.00000410, -0.00000272, -0.00000157, -0.00000074, -0.00000023, -0.00000003, 0.00000000
5.35721310, 3.47080569, 2.54233958, 1.97857265, 1.59755053, 1.32327253, 1.11749259, 0.95848014, 0.83281461, 0.73169633, 0.64909208, 0.58072056, 0.52345970, 0.47498187, 0.43351964, 0.39771019, 0.36648877, 0.33901409, 0.31461484, 0.23915414, 0.18597292, 0.14614057, 0.11514965, 0.09043414, 0.07048277, 0.05434097, 0.04134087, 0.03096579, 0.02278657, 0.01643314, 0.01158217, 0.00795139, 0.00529631, 0.00340757, 0.00210823, 0.00125094, 0.00071493, 0.00040308, 0.00023901, 0.00016440, 0.00013644, 0.00012558, 0.00011346, 0.00009117, 0.00005758, 0.00001802, -0.00001693, -0.00003246, -0.00001042, -0.00001170, -0.00001192, -0.00001132, -0.00001014, -0.00000858, -0.00000685, -0.00000511, -0.00000351, -0.00000218, -0.00000117, -0.00000050, -0.00000013, 0.00000000, 0.00000001, 0.00000000
4.78275986, 3.14063417, 2.28879252, 1.76593334, 1.41560777, 1.16779174, 0.98574023, 0.84811354, 0.74162351, 0.65756471, 0.59000942, 0.53479692, 0.48893434, 0.45022501, 0.41702920, 0.38810539, 0.36250201, 0.33948209, 0.31846966, 0.25051188, 0.19843989, 0.15695499, 0.12360992, 0.09675385, 0.07515113, 0.05783739, 0.04403898, 0.03312311, 0.02456571, 0.01792964, 0.01284918, 0.00901827, 0.00618120, 0.00412508, 0.00267352, 0.00168128, 0.00102983, 0.00062347, 0.00038606, 0.00025827, 0.00019517, 0.00016419, 0.00014341, 0.00012003, 0.00008913, 0.00005250, 0.00001773, -0.00000270, 0.00000787, -0.00000031, -0.00000701, -0.00001214, -0.00001568, -0.00001766, -0.00001819, -0.00001741, -0.00001551, -0.00001277, -0.00000956, -0.00000629, -0.00000342, -0.00000132, -0.00000021, 0.00000000
4.30275969, 2.85055858, 2.09970305, 1.63502535, 1.32008737, 1.09458681, 0.92694793, 0.79877298, 0.69853737, 0.61863644, 0.55385185, 0.50049173, 0.45587942, 0.41803486, 0.38546853, 0.35704389, 0.33188312, 0.30930109, 0.28875822, 0.22316512, 0.17430243, 0.13654782, 0.10695893, 0.08353307, 0.06487142, 0.04997635, 0.03811063, 0.02870740, 0.02131539, 0.01556598, 0.01115299, 0.00781979, 0.00535050, 0.00356365, 0.00230719, 0.00145460, 0.00090148, 0.00056280, 0.00037037, 0.00027076, 0.00022345, 0.00019917, 0.00017854, 0.00015082, 0.00011286, 0.00006815, 0.00002600, 0.00000088, 0.00001171, 0.00000096, -0.00000789, -0.00001475, -0.00001958, -0.00002242, -0.00002338, -0.00002261, -0.00002034, -0.00001692, -0.00001279, -0.00000851, -0.00000467, -0.00000183, -0.00000030, 0.00000000
4.44599407, 2.84198617, 2.06031378, 1.59514709, 1.28741747, 1.07016074, 0.90982043, 0.78754589, 0.69186897, 0.61539393, 0.55313528, 0.50161368, 0.45833225, 0.42145778, 0.38961839, 0.36177078, 0.33711046, 0.31500971, 0.29497358, 0.23077737, 0.18281411, 0.14549398, 0.11585273, 0.09193430, 0.07245646, 0.05655794, 0.04362255, 0.03317494, 0.02482451, 0.01823694, 0.01312019, 0.00921758, 0.00630396, 0.00418322, 0.00268619, 0.00166863, 0.00100927, 0.00060774, 0.00038267, 0.00026970, 0.00021975, 0.00019729, 0.00017876, 0.00015119, 0.00011088, 0.00006219, 0.00001653, -0.00000868, 0.00000916, 0.00000025, -0.00000705, -0.00001268, -0.00001661, -0.00001889, -0.00001961, -0.00001891, -0.00001699, -0.00001413, -0.00001068, -0.00000712, -0.00000393, -0.00000155, -0.00000026, 0.00000000
6.18534590, 4.01721285, 2.93285406, 2.27285371, 1.82824822, 1.50988465, 1.27236593, 1.08976885, 0.94607610, 0.83081139, 0.73682315, 0.65906463, 0.59387878, 0.53855769, 0.49105991, 0.44982295, 0.41363537, 0.38154737, 0.35280706, 0.26294555, 0.19899014, 0.15151091, 0.11552855, 0.08788283, 0.06648100, 0.04987876, 0.03703081, 0.02714694, 0.01960981, 0.01392681, 0.00970040, 0.00660847, 0.00439024, 0.00283552, 0.00177613, 0.00107874, 0.00063894, 0.00037616, 0.00022946, 0.00015389, 0.00011746, 0.00009858, 0.00008399, 0.00006692, 0.00004567, 0.00002239, 0.00000207, -0.00000822, -0.00000003, -0.00000264, -0.00000433, -0.00000527, -0.00000557, -0.00000540, -0.00000487, -0.00000412, -0.00000325, -0.00000238, -0.00000157, -0.00000091, -0.00000043, -0.00000014, -0.00000002, 0.00000000
4.19502991, 2.85254741, 2.17301090, 1.75070691, 1.45845403, 1.24272157, 1.07652354, 0.94452191, 0.83723407, 0.74842597, 0.67380421, 0.61030292, 0.55566848, 0.50820473, 0.46660964, 0.42986697, 0.39717213, 0.36788012, 0.34146826, 0.25711944, 0.19623769, 0.15054066, 0.11551663, 0.08837531, 0.06724126, 0.05077519, 0.03797820, 0.02808250, 0.02048581, 0.01470939, 0.01036941, 0.00715659, 0.00482108, 0.00316099, 0.00201344, 0.00124754, 0.00075874, 0.00046435, 0.00029987, 0.00021605, 0.00017642, 0.00015533, 0.00013628, 0.00011057, 0.00007618, 0.00003675, 0.00000081, -0.00001897, -0.00000642, -0.00001253, -0.00001674, -0.00001918, -0.00002004, -0.00001953, -0.00001791, -0.00001548, -0.00001253, -0.00000939, -0.00000638, -0.00000379, -0.00000182, -0.00000060, -0.00000008, 0.00000000
4.39168949, 2.91080484, 2.16964889, 1.71227071, 1.39850288, 1.16951870, 0.99552344, 0.85946477, 0.75073128, 0.66231214, 0.58936440, 0.52842594, 0.47695366, 0.43303788, 0.39521814, 0.36236022, 0.33357155, 0.30814174, 0.28549969, 0.21542621, 0.16637078, 0.13023932, 0.10267002, 0.08100241, 0.06363298, 0.04957617, 0.03818716, 0.02900528, 0.02167171, 0.01588840, 0.01139844, 0.00797683, 0.00542598, 0.00357335, 0.00226969, 0.00138748, 0.00081938, 0.00047660, 0.00028719, 0.00019445, 0.00015529, 0.00013871, 0.00012439, 0.00010144, 0.00006711, 0.00002584, -0.00001177, -0.00002979, -0.00000771, -0.00001041, -0.00001188, -0.00001231, -0.00001190, -0.00001085, -0.00000935, -0.00000759, -0.00000577, -0.00000404, -0.00000255, -0.00000138, -0.00000059, -0.00000016, -0.00000001, 0.00000000
4.76948483, 3.09173688, 2.25599448, 1.75172272, 1.41497956, 1.17561227, 0.99802506, 0.86203053, 0.75525667, 0.66967826, 0.59985968, 0.54199218, 0.49333291, 0.45186160, 0.41606194, 0.38477746, 0.35711394, 0.33237163, 0.30999723, 0.23854281, 0.18578485, 0.14508492, 0.11311133, 0.08778798, 0.06768277, 0.05174216, 0.03915557, 0.02928025, 0.02159661, 0.01567975, 0.01118008, 0.00780920, 0.00532917, 0.00354404, 0.00229305, 0.00144497, 0.00089353, 0.00055354, 0.00035771, 0.00025391, 0.00020296, 0.00017671, 0.00015650, 0.00013175, 0.00009891, 0.00006044, 0.00002407, 0.00000206, 0.00001062, 0.00000094, -0.00000706, -0.00001327, -0.00001766, -0.00002024, -0.00002111, -0.00002041, -0.00001836, -0.00001525, -0.00001151, -0.00000764, -0.00000418, -0.00000162, -0.00000026, 0.00000000
4.22113659, 2.75849035, 2.02713360, 1.58536489, 1.29021075, 1.08028033, 0.92438216, 0.80482178, 0.71075807, 0.63516297, 0.57328006, 0.52177950, 0.47826573, 0.44097622, 0.40858960, 0.38009932, 0.35472807, 0.33186843, 0.31104078, 0.24346425, 0.19223266, 0.15205488, 0.12015451, 0.09460128, 0.07402904, 0.05745200, 0.04413132, 0.03348938, 0.02505831, 0.01844958, 0.01333580, 0.00943914, 0.00652350, 0.00438869, 0.00286579, 0.00181332, 0.00111393, 0.00067143, 0.00040823, 0.00026306, 0.00018895, 0.00015141, 0.00012690, 0.00010141, 0.00006925, 0.00003196, -0.00000261, -0.00002119, -0.00000577, -0.00001040, -0.00001347, -0.00001513, -0.00001555, -0.00001495, -0.00001353, -0.00001154, -0.00000922, -0.00000681, -0.00000455, -0.00000264, -0.00000124, -0.00000039, -0.00000004, 0.00000000
4.56702111, 3.05441299, 2.28449457, 1.80637637, 1.47813097, 1.23901541, 1.05783773, 0.91659261, 0.80402458, 0.71268479, 0.63742924, 0.57458682, 0.52146797, 0.47605971, 0.43682835, 0.40258769, 0.37240835, 0.34555401, 0.32143556, 0.24548331, 0.19067293, 0.14932304, 0.11734631, 0.09213329, 0.07199986, 0.05583030, 0.04284569, 0.03246698, 0.02423855, 0.01778665, 0.01279671, 0.00900059, 0.00616878, 0.00410528, 0.00264364, 0.00164371, 0.00098880, 0.00058312, 0.00034941, 0.00022681, 0.00016891, 0.00014195, 0.00012332, 0.00010008, 0.00006774, 0.00002913, -0.00000653, -0.00002457, -0.00000553, -0.00000913, -0.00001142, -0.00001255, -0.00001269, -0.00001203, -0.00001075, -0.00000904, -0.00000712, -0.00000519, -0.00000341, -0.00000194, -0.00000088, -0.00000027, -0.00000003, 0.00000000
5.00067392, 3.07917661, 2.16709103, 1.63927753, 1.29883955, 1.06375908, 0.89358984, 0.76601292, 0.66768995, 0.59016330, 0.52782033, 0.47679976, 0.43436671, 0.39853695, 0.36784167, 0.34117490, 0.31769157, 0.29673780, 0.27780200, 0.21718442, 0.17174015, 0.13617088, 0.10790736, 0.08523834, 0.06696130, 0.05220575, 0.04031766, 0.03078642, 0.02320019, 0.01721895, 0.01255768, 0.00897544, 0.00626786, 0.00426163, 0.00281015, 0.00179009, 0.00109843, 0.00064998, 0.00037519, 0.00021837, 0.00013598, 0.00009526, 0.00007301, 0.00005451, 0.00003258, 0.00000675, -0.00001750, -0.00002936, -0.00001333, -0.00001396, -0.00001365, -0.00001262, -0.00001107, -0.00000919, -0.00000717, -0.00000520, -0.00000345, -0.00000202, -0.00000098, -0.00000035, -0.00000005, 0.00000003, 0.00000001, 0.00000000
4.74076003, 3.14365912, 2.36192216, 1.88133081, 1.54973210, 1.30526834, 1.11729548, 0.96850096, 0.84817299, 0.74923800, 0.66679453, 0.59731924, 0.53820552, 0.48747981, 0.44361926, 0.40542996, 0.37196315, 0.34245611, 0.31628939, 0.23546831, 0.17963822, 0.13905372, 0.10845840, 0.08471019, 0.06591704, 0.05090218, 0.03888579, 0.02930897, 0.02174075, 0.01583032, 0.01128261, 0.00784548, 0.00530261, 0.00346891, 0.00218721, 0.00132539, 0.00077388, 0.00044320, 0.00026180, 0.00017389, 0.00013753, 0.00012290, 0.00011063, 0.00009042, 0.00005972, 0.00002264, -0.00001110, -0.00002700, -0.00000656, -0.00000878, -0.00000996, -0.00001027, -0.00000989, -0.00000897, -0.00000768, -0.00000619, -0.00000465, -0.00000321, -0.00000198, -0.00000104, -0.00000042, -0.00000010, -0.00000000, 0.00000000
5.00526795, 3.11563945, 2.21725643, 1.69711106, 1.36089778, 1.12766585, 0.95763548, 0.82896988, 0.72869290, 0.64862112, 0.58334968, 0.52917465, 0.48348014, 0.44437181, 0.41044855, 0.38065510, 0.35418416, 0.33040967, 0.30884017, 0.23893847, 0.18653807, 0.14552285, 0.11293021, 0.08699591, 0.06644889, 0.05027706, 0.03764589, 0.02786301, 0.02035627, 0.01465574, 0.01037795, 0.00721171, 0.00490583, 0.00325860, 0.00210888, 0.00132878, 0.00081752, 0.00049650, 0.00030516, 0.00019772, 0.00014041, 0.00010934, 0.00008867, 0.00006914, 0.00004695, 0.00002276, 0.00000089, -0.00001127, -0.00000379, -0.00000745, -0.00000995, -0.00001139, -0.00001190, -0.00001162, -0.00001070, -0.00000930, -0.00000760, -0.00000576, -0.00000397, -0.00000241, -0.00000119, -0.00000041, -0.00000006, 0.00000000
4.59619500, 3.04303716, 2.26579794, 1.78863390, 1.46327072, 1.22709107, 1.04836945, 0.90900860, 0.79780587, 0.70740454, 0.63275434, 0.57026685, 0.51732123, 0.47195985, 0.43269289, 0.39836840, 0.36808354, 0.34112231, 0.31691097, 0.24056548, 0.18560449, 0.14427069, 0.11247156, 0.08760719, 0.06796101, 0.05236033, 0.03996813, 0.03015885, 0.02244571, 0.01643790, 0.01181497, 0.00831068, 0.00570238, 0.00380352, 0.00245810, 0.00153625, 0.00093074, 0.00055394, 0.00033538, 0.00021952, 0.00016392, 0.00013758, 0.00011957, 0.00009775, 0.00006772, 0.00003181, -0.00000170, -0.00001944, -0.00000357, -0.00000816, -0.00001145, -0.00001350, -0.00001442, -0.00001435, -0.00001343, -0.00001185, -0.00000981, -0.00000754, -0.00000526, -0.00000322, -0.00000161, -0.00000056, -0.00000008, 0.00000000
3.87676482, 2.55331608, 1.88991757, 1.48727803, 1.21657701, 1.02263983, 0.87748577, 0.76525865, 0.67624542, 0.60414507, 0.54468679, 0.49487400, 0.45254450, 0.41610171, 0.38434361, 0.35635014, 0.33140695, 0.30895247, 0.28854039, 0.22213274, 0.17214424, 0.13299438, 0.10205274, 0.07769528, 0.05866908, 0.04393032, 0.03260485, 0.02397080, 0.01744130, 0.01254530, 0.00890845, 0.00623544, 0.00429474, 0.00290572, 0.00192817, 0.00125380, 0.00079948, 0.00050184, 0.00031304, 0.00019745, 0.00012897, 0.00008896, 0.00006467, 0.00004789, 0.00003398, 0.00002103, 0.00000929, 0.00000062, -0.00000194, -0.00000653, -0.00000995, -0.00001223, -0.00001343, -0.00001366, -0.00001304, -0.00001171, -0.00000987, -0.00000772, -0.00000550, -0.00000344, -0.00000176, -0.00000063, -0.00000009, 0.00000000
4.37714720, 2.75556814, 1.98853396, 1.54074166, 1.24771913, 1.04189848, 0.89015873, 0.77423450, 0.68317778, 0.61001007, 0.55006895, 0.50012212, 0.45786110, 0.42159643, 0.39006625, 0.36231168, 0.33759324, 0.31533332, 0.29507570, 0.22920530, 0.17946868, 0.14050143, 0.10957160, 0.08491593, 0.06527144, 0.04967662, 0.03737049, 0.02773629, 0.02026740, 0.01454491, 0.01022155, 0.00700957, 0.00467103, 0.00300995, 0.00186569, 0.00110757, 0.00063020, 0.00034962, 0.00020005, 0.00013114, 0.00010562, 0.00009733, 0.00008960, 0.00007375, 0.00004796, 0.00001617, -0.00001279, -0.00002602, -0.00000722, -0.00000869, -0.00000939, -0.00000944, -0.00000896, -0.00000807, -0.00000691, -0.00000560, -0.00000426, -0.00000300, -0.00000192, -0.00000107, -0.00000049, -0.00000015, -0.00000002, 0.00000000
4.36853950, 2.83767409, 2.06823172, 1.60367830, 1.29443014, 1.07565312, 0.91420604, 0.79122584, 0.69514049, 0.61844936, 0.55608221, 0.50449635, 0.46114929, 0.42417568, 0.39218142, 0.36410810, 0.33914123, 0.31664666, 0.29612559, 0.23007470, 0.18051035, 0.14209466, 0.11192274, 0.08795689, 0.06877054, 0.05335783, 0.04098667, 0.03110105, 0.02326117, 0.01710780, 0.01234097, 0.00870694, 0.00598971, 0.00400526, 0.00259718, 0.00163329, 0.00100286, 0.00061416, 0.00039245, 0.00027815, 0.00022526, 0.00019994, 0.00017930, 0.00015033, 0.00010892, 0.00005899, 0.00001178, -0.00001492, 0.00000264, -0.00000658, -0.00001377, -0.00001893, -0.00002210, -0.00002340, -0.00002301, -0.00002119, -0.00001822, -0.00001451, -0.00001049, -0.00000665, -0.00000346, -0.00000126, -0.00000019, 0.00000000
4.51216368, 2.92018804, 2.12468200, 1.64599355, 1.32802009, 1.10341609, 0.93786590, 0.81188132, 0.71352630, 0.63507431, 0.57130829, 0.51858691, 0.47429975, 0.43653386, 0.40386143, 0.37520000, 0.34971793, 0.32676889, 0.30584551, 0.23788877, 0.18603976, 0.14539341, 0.11350733, 0.08845843, 0.06873296, 0.05317111, 0.04088971, 0.03121120, 0.02360908, 0.01766855, 0.01305883, 0.00951360, 0.00681690, 0.00479286, 0.00329793, 0.00221495, 0.00144849, 0.00092119, 0.00057073, 0.00034743, 0.00021218, 0.00013486, 0.00009285, 0.00006995, 0.00005531, 0.00004269, 0.00002965, 0.00001706, 0.00000850, 0.00000013, -0.00000665, -0.00001179, -0.00001531, -0.00001726, -0.00001777, -0.00001698, -0.00001510, -0.00001241, -0.00000926, -0.00000608, -0.00000328, -0.00000126, -0.00000020, 0.00000000
3.98341598, 2.63626297, 1.97416263, 1.57014785, 1.29471633, 1.09425321, 0.94194683, 0.82262187, 0.72692289, 0.64871635, 0.58379188, 0.52915493, 0.48261487, 0.44253219, 0.40765632, 0.37701806, 0.34985592, 0.32556450, 0.30365753, 0.23379721, 0.18267086, 0.14365848, 0.11318831, 0.08897913, 0.06954649, 0.05389036, 0.04129758, 0.03122689, 0.02324526, 0.01699338, 0.01216660, 0.00850406, 0.00578190, 0.00380850, 0.00242088, 0.00148156, 0.00087591, 0.00050968, 0.00030677, 0.00020722, 0.00016538, 0.00014828, 0.00013411, 0.00011096, 0.00007558, 0.00003236, -0.00000763, -0.00002749, -0.00000528, -0.00000919, -0.00001179, -0.00001320, -0.00001355, -0.00001302, -0.00001180, -0.00001007, -0.00000806, -0.00000596, -0.00000399, -0.00000233, -0.00000109, -0.00000034, -0.00000004, 0.00000000
4.03107003, 2.66075985, 1.97840448, 1.56227390, 1.28062486, 1.07765286, 0.92505607, 0.80671060, 0.71266618, 0.63641754, 0.57352296, 0.52084551, 0.47610907, 0.43762523, 0.40411822, 0.37460891, 0.34833571, 0.32469934, 0.30322342, 0.23378795, 0.18193367, 0.14160090, 0.10971667, 0.08440539, 0.06435174, 0.04854833, 0.03618676, 0.02660465, 0.01925538, 0.01368764, 0.00952974, 0.00647684, 0.00428020, 0.00273804, 0.00168778, 0.00099949, 0.00057041, 0.00032026, 0.00018746, 0.00012582, 0.00010192, 0.00009282, 0.00008425, 0.00006904, 0.00004588, 0.00001818, -0.00000672, -0.00001833, -0.00000363, -0.00000547, -0.00000658, -0.00000706, -0.00000701, -0.00000654, -0.00000576, -0.00000478, -0.00000372, -0.00000267, -0.00000173, -0.00000098, -0.00000044, -0.00000013, -0.00000001, 0.00000000
5.15754307, 3.48393727, 2.63343244, 2.09440430, 1.71538820, 1.43325505, 1.21564212, 1.04363309, 0.90517307, 0.79210925, 0.69868701, 0.62071220, 0.55505090, 0.49931414, 0.45165074, 0.41060633, 0.37502481, 0.34397782, 0.31671323, 0.23509895, 0.18091098, 0.14267738, 0.11409354, 0.09152442, 0.07304685, 0.05767808, 0.04488742, 0.03433629, 0.02575687, 0.01890360, 0.01353913, 0.00943429, 0.00637261, 0.00415509, 0.00260367, 0.00156305, 0.00090114, 0.00050848, 0.00029679, 0.00019725, 0.00015837, 0.00014394, 0.00013096, 0.00010764, 0.00007165, 0.00002842, -0.00001024, -0.00002753, -0.00000269, -0.00000482, -0.00000612, -0.00000674, -0.00000680, -0.00000644, -0.00000577, -0.00000491, -0.00000395, -0.00000298, -0.00000208, -0.00000129, -0.00000067, -0.00000026, -0.00000004, 0.00000000
4.74160942, 3.00071683, 2.15648951, 1.65958703, 1.33399584, 1.10562543, 0.93768334, 0.80975940, 0.70959966, 0.62939904, 0.56395346, 0.50966445, 0.46396896, 0.42499608, 0.39135159, 0.36197802, 0.33606101, 0.31296506, 0.29218844, 0.22600876, 0.17741932, 0.13998141, 0.11042833, 0.08677583, 0.06773234, 0.05239756, 0.04009888, 0.03030445, 0.02257725, 0.01655030, 0.01191242, 0.00839913, 0.00578623, 0.00388463, 0.00253597, 0.00160886, 0.00099542, 0.00060823, 0.00037765, 0.00024935, 0.00018223, 0.00014655, 0.00012227, 0.00009767, 0.00006808, 0.00003483, 0.00000435, -0.00001267, -0.00000195, -0.00000727, -0.00001109, -0.00001350, -0.00001465, -0.00001469, -0.00001381, -0.00001222, -0.00001012, -0.00000778, -0.00000543, -0.00000332, -0.00000165, -0.00000057, -0.00000008, 0.00000000
4.53059598, 2.95694972, 2.15069149, 1.65758128, 1.32689426, 1.09223472, 0.91911696, 0.78763297, 0.68542345, 0.60439937, 0.53905043, 0.48550343, 0.44096641, 0.40338468, 0.37121983, 0.34330304, 0.31873518, 0.29681709, 0.27700008, 0.21428549, 0.16801217, 0.13234272, 0.10427906, 0.08187811, 0.06385438, 0.04932749, 0.03765776, 0.02835003, 0.02100122, 0.01527243, 0.01087406, 0.00755728, 0.00510871, 0.00334640, 0.00211652, 0.00129043, 0.00076194, 0.00044473, 0.00027001, 0.00018435, 0.00014772, 0.00013169, 0.00011786, 0.00009648, 0.00006519, 0.00002791, -0.00000603, -0.00002280, -0.00000471, -0.00000799, -0.00001005, -0.00001103, -0.00001112, -0.00001048, -0.00000930, -0.00000776, -0.00000606, -0.00000436, -0.00000283, -0.00000158, -0.00000070, -0.00000020, -0.00000002, 0.00000000
5.29601178, 3.64293865, 2.74362110, 2.16638693, 1.76402032, 1.46927204, 1.24591093, 1.07230704, 0.93462489, 0.82356666, 0.73264749, 0.65721118, 0.59383539, 0.53995563, 0.49361882, 0.45331684, 0.41787117, 0.38635123, 0.35801557, 0.26946654, 0.20628636, 0.15906377, 0.12286734, 0.09467265, 0.07251657, 0.05505694, 0.04132515, 0.03058725, 0.02226539, 0.01589250, 0.01108486, 0.00752452, 0.00494723, 0.00313367, 0.00190251, 0.00110498, 0.00062022, 0.00035141, 0.00022247, 0.00017521, 0.00016685, 0.00016790, 0.00016032, 0.00013589, 0.00009484, 0.00004459, -0.00000136, -0.00002436, -0.00000149, -0.00000735, -0.00001168, -0.00001452, -0.00001598, -0.00001621, -0.00001541, -0.00001377, -0.00001154, -0.00000897, -0.00000634, -0.00000394, -0.00000201, -0.00000072, -0.00000011, 0.00000000
4.03107003, 2.66075985, 1.97840448, 1.56227390, 1.28062486, 1.07765286, 0.92505607, 0.80671060, 0.71266618, 0.63641754, 0.57352296, 0.52084551, 0.47610907, 0.43762523, 0.40411822, 0.37460891, 0.34833571, 0.32469934, 0.30322342, 0.23378795, 0.18193367, 0.14160090, 0.10971667, 0.08440539, 0.06435174, 0.04854833, 0.03618676, 0.02660465, 0.01925538, 0.01368764, 0.00952974, 0.00647684, 0.00428020, 0.00273804, 0.00168778, 0.00099949, 0.00057041, 0.00032026, 0.00018746, 0.00012582, 0.00010192, 0.00009282, 0.00008425, 0.00006904, 0.00004588, 0.00001818, -0.00000672, -0.00001833, -0.00000363, -0.00000547, -0.00000658, -0.00000706, -0.00000701, -0.00000654, -0.00000576, -0.00000478, -0.00000372, -0.00000267, -0.00000173, -0.00000098, -0.00000044, -0.00000013, -0.00000001, 0.00000000
4.24690677, 2.79929068, 2.04772493, 1.58632993, 1.27670299, 1.05700089, 0.89489808, 0.77169779, 0.67579768, 0.59961621, 0.53799946, 0.48733261, 0.44501529, 0.40913734, 0.37827070, 0.35133164, 0.32748709, 0.30608953, 0.28663070, 0.22387371, 0.17641174, 0.13884290, 0.10867875, 0.08442484, 0.06499892, 0.04953807, 0.03732752, 0.02776870, 0.02036026, 0.01468377, 0.01039154, 0.00719606, 0.00486069, 0.00319160, 0.00203090, 0.00125083, 0.00074884, 0.00044349, 0.00027101, 0.00018250, 0.00014155, 0.00012228, 0.00010773, 0.00008851, 0.00006169, 0.00002987, 0.00000040, -0.00001526, -0.00000215, -0.00000649, -0.00000963, -0.00001162, -0.00001256, -0.00001257, -0.00001180, -0.00001041, -0.00000861, -0.00000659, -0.00000458, -0.00000278, -0.00000137, -0.00000047, -0.00000006, 0.00000000
4.53439112, 3.02539799, 2.26563502, 1.79966587, 1.48313254, 1.25436458, 1.08192135, 0.94783064, 0.84097641, 0.75407933, 0.68216293, 0.62170892, 0.57016211, 0.52562542, 0.48666420, 0.45217639, 0.42130405, 0.39337142, 0.36784077, 0.28401155, 0.22005077, 0.16967412, 0.12985194, 0.09855306, 0.07414918, 0.05527712, 0.04080127, 0.02978928, 0.02148598, 0.01528608, 0.01070817, 0.00737167, 0.00497718, 0.00329020, 0.00212796, 0.00134874, 0.00084342, 0.00052876, 0.00034201, 0.00023674, 0.00017941, 0.00014679, 0.00012378, 0.00010176, 0.00007723, 0.00005073, 0.00002599, 0.00000918, 0.00000835, -0.00000089, -0.00000851, -0.00001440, -0.00001853, -0.00002093, -0.00002168, -0.00002093, -0.00001885, -0.00001574, -0.00001198, -0.00000805, -0.00000449, -0.00000181, -0.00000031, 0.00000000
4.73749246, 3.13529865, 2.33202903, 1.83666479, 1.49725064, 1.24982022, 1.06196625, 0.91516385, 0.79790653, 0.70260690, 0.62403291, 0.55844970, 0.50311672, 0.45597745, 0.41545963, 0.38034209, 0.34966354, 0.32265828, 0.29871014, 0.22537164, 0.17491925, 0.13813440, 0.11004680, 0.08776734, 0.06965458, 0.05476179, 0.04250353, 0.03247443, 0.02435805, 0.01788431, 0.01281122, 0.00891810, 0.00600376, 0.00388638, 0.00240378, 0.00141348, 0.00079244, 0.00043643, 0.00025918, 0.00019133, 0.00017932, 0.00018426, 0.00018074, 0.00015580, 0.00010782, 0.00004557, -0.00001273, -0.00004025, -0.00000241, -0.00000692, -0.00001023, -0.00001238, -0.00001346, -0.00001358, -0.00001286, -0.00001148, -0.00000961, -0.00000746, -0.00000527, -0.00000326, -0.00000165, -0.00000058, -0.00000008, 0.00000000
5.01750613, 3.25625572, 2.36194740, 1.82028290, 1.45991443, 1.20568306, 1.01885354, 0.87725999, 0.76725976, 0.67999544, 0.60947718, 0.55152216, 0.50313280, 0.46211457, 0.42683193, 0.39604740, 0.36881250, 0.34439214, 0.32221108, 0.25089795, 0.19710812, 0.15502713, 0.12175758, 0.09527452, 0.07411582, 0.05720676, 0.04373274, 0.03305522, 0.02465954, 0.01812278, 0.01309345, 0.00927792, 0.00643071, 0.00434714, 0.00285738, 0.00182148, 0.00112516, 0.00067616, 0.00040106, 0.00024258, 0.00015714, 0.00011281, 0.00008755, 0.00006761, 0.00004626, 0.00002262, 0.00000068, -0.00001154, -0.00000269, -0.00000591, -0.00000805, -0.00000924, -0.00000960, -0.00000928, -0.00000844, -0.00000723, -0.00000580, -0.00000431, -0.00000291, -0.00000172, -0.00000082, -0.00000027, -0.00000003, 0.00000000
4.69862247, 3.09480518, 2.29061577, 1.79942268, 1.46694038, 1.22745607, 1.04758285, 0.90828998, 0.79783018, 0.70852010, 0.63510987, 0.57388800, 0.52215788, 0.47791595, 0.43964553, 0.40618017, 0.37661057, 0.35021943, 0.32643512, 0.25125173, 0.19673729, 0.15539351, 0.12311329, 0.09733681, 0.07647356, 0.05950398, 0.04572718, 0.03461860, 0.02575534, 0.01877889, 0.01337709, 0.00927545, 0.00623267, 0.00403789, 0.00250865, 0.00148889, 0.00084707, 0.00047414, 0.00028162, 0.00019969, 0.00017538, 0.00017078, 0.00016151, 0.00013519, 0.00009008, 0.00003381, -0.00001776, -0.00004164, -0.00000871, -0.00001188, -0.00001373, -0.00001444, -0.00001418, -0.00001316, -0.00001158, -0.00000965, -0.00000756, -0.00000551, -0.00000366, -0.00000213, -0.00000102, -0.00000034, -0.00000005, 0.00000000
3.94108797, 2.66273484, 2.00218940, 1.59148462, 1.31034938, 1.10627293, 0.95207044, 0.83203242, 0.73636593, 0.65862089, 0.59436836, 0.54046640, 0.49462682, 0.45514688, 0.42073632, 0.39040229, 0.36337064, 0.33903069, 0.31689585, 0.24540525, 0.19195683, 0.15052410, 0.11790665, 0.09199323, 0.07131655, 0.05481525, 0.04168863, 0.03130954, 0.02317243, 0.01686178, 0.01203212, 0.00839455, 0.00570709, 0.00376739, 0.00240688, 0.00148605, 0.00089043, 0.00052720, 0.00032229, 0.00021790, 0.00017035, 0.00014824, 0.00013084, 0.00010669, 0.00007243, 0.00003171, -0.00000574, -0.00002494, -0.00000646, -0.00001078, -0.00001358, -0.00001502, -0.00001527, -0.00001454, -0.00001305, -0.00001102, -0.00000871, -0.00000636, -0.00000419, -0.00000239, -0.00000109, -0.00000033, -0.00000003, 0.00000000
5.10904010, 3.34621427, 2.47730635, 1.95062289, 1.59472185, 1.33789072, 1.14422287, 0.99347418, 0.87324419, 0.77546298, 0.69463243, 0.62687018, 0.56935511, 0.51998859, 0.47717866, 0.43969756, 0.40658485, 0.37707996, 0.35057400, 0.26700131, 0.20703089, 0.16203839, 0.12730326, 0.09989678, 0.07798090, 0.06035942, 0.04620264, 0.03489213, 0.02593747, 0.01893270, 0.01353344, 0.00944435, 0.00641170, 0.00421832, 0.00267968, 0.00164051, 0.00097179, 0.00056791, 0.00034404, 0.00023378, 0.00018689, 0.00016735, 0.00015150, 0.00012649, 0.00008880, 0.00004297, 0.00000050, -0.00002115, 0.00000055, -0.00000487, -0.00000894, -0.00001172, -0.00001328, -0.00001375, -0.00001327, -0.00001202, -0.00001019, -0.00000800, -0.00000571, -0.00000358, -0.00000183, -0.00000066, -0.00000009, 0.00000000
4.58030402, 3.01783331, 2.23561245, 1.75824756, 1.43493751, 1.20162040, 1.02587477, 0.88929355, 0.78055356, 0.69226844, 0.61940042, 0.55839141, 0.50665685, 0.46227546, 0.42379119, 0.39008228, 0.36027225, 0.33366776, 0.30971439, 0.23394574, 0.17941393, 0.13844438, 0.10696138, 0.08244303, 0.06321318, 0.04809633, 0.03622973, 0.02695640, 0.01976187, 0.01423505, 0.01004292, 0.00691331, 0.00462267, 0.00298701, 0.00185497, 0.00110249, 0.00062842, 0.00035113, 0.00020562, 0.00014127, 0.00011989, 0.00011416, 0.00010635, 0.00008717, 0.00005494, 0.00001476, -0.00002216, -0.00003906, -0.00001422, -0.00001540, -0.00001545, -0.00001458, -0.00001301, -0.00001098, -0.00000871, -0.00000643, -0.00000433, -0.00000258, -0.00000128, -0.00000046, -0.00000005, 0.00000005, 0.00000002, 0.00000000
4.72810747, 3.09243082, 2.27530614, 1.77730529, 1.44114207, 1.19989150, 1.01950540, 0.88053811, 0.77096450, 0.68290885, 0.61098549, 0.55138582, 0.50134332, 0.45880384, 0.42221410, 0.39038122, 0.36237694, 0.33747059, 0.31508123, 0.24462842, 0.19349150, 0.15442490, 0.12359180, 0.09865860, 0.07821435, 0.06137717, 0.04754888, 0.03627956, 0.02719918, 0.01998557, 0.01435058, 0.01003462, 0.00680465, 0.00445342, 0.00279872, 0.00168258, 0.00097013, 0.00054821, 0.00032394, 0.00022310, 0.00018866, 0.00017919, 0.00016744, 0.00013903, 0.00009110, 0.00003117, -0.00002398, -0.00004935, -0.00001276, -0.00001537, -0.00001656, -0.00001656, -0.00001562, -0.00001399, -0.00001189, -0.00000958, -0.00000725, -0.00000510, -0.00000327, -0.00000185, -0.00000086, -0.00000029, -0.00000004, 0.00000000
4.67309957, 3.04472492, 2.21368272, 1.71067573, 1.37683484, 1.14190829, 0.96959303, 0.83912624, 0.73775815, 0.65723711, 0.59200233, 0.53818421, 0.49301883, 0.45448886, 0.42109488, 0.39170497, 0.36545316, 0.34166923, 0.31982916, 0.24837688, 0.19350827, 0.15011528, 0.11571927, 0.08856854, 0.06725555, 0.05062352, 0.03772565, 0.02779292, 0.02020458, 0.01446162, 0.01016397, 0.00699144, 0.00468817, 0.00305000, 0.00191442, 0.00115247, 0.00066236, 0.00036435, 0.00019663, 0.00011215, 0.00007594, 0.00006308, 0.00005701, 0.00004819, 0.00003302, 0.00001290, -0.00000642, -0.00001556, -0.00000195, -0.00000325, -0.00000422, -0.00000484, -0.00000512, -0.00000507, -0.00000474, -0.00000419, -0.00000348, -0.00000269, -0.00000191, -0.00000121, -0.00000065, -0.00000026, -0.00000005, 0.00000000
4.72401353, 3.13997984, 2.34549766, 1.85392446, 1.51590292, 1.26873727, 1.08063063, 0.93335087, 0.81552970, 0.71964177, 0.64047950, 0.57431424, 0.51840330, 0.47068464, 0.42957966, 0.39386123, 0.36256297, 0.33491522, 0.31029889, 0.23408826, 0.18070615, 0.14138231, 0.11138273, 0.08781085, 0.06892077, 0.05364051, 0.04126893, 0.03130440, 0.02335526, 0.01709543, 0.01224338, 0.00855240, 0.00580603, 0.00381544, 0.00241766, 0.00147383, 0.00086740, 0.00050229, 0.00030100, 0.00020265, 0.00016122, 0.00014375, 0.00012879, 0.00010488, 0.00006920, 0.00002641, -0.00001248, -0.00003099, -0.00000810, -0.00001081, -0.00001227, -0.00001267, -0.00001221, -0.00001110, -0.00000955, -0.00000774, -0.00000587, -0.00000410, -0.00000258, -0.00000140, -0.00000060, -0.00000017, -0.00000001, 0.00000000
4.88369349, 3.28119396, 2.44535779, 1.92309164, 1.56489418, 1.30495480, 1.10895979, 0.95695929, 0.83645290, 0.73917158, 0.65941654, 0.59313246, 0.53735821, 0.48988534, 0.44903728, 0.41352190, 0.38233038, 0.35466611, 0.32989387, 0.25243835, 0.19692411, 0.15515109, 0.12279325, 0.09713340, 0.07646958, 0.05971245, 0.04612245, 0.03515688, 0.02638730, 0.01945692, 0.01405925, 0.00992737, 0.00682817, 0.00455895, 0.00294485, 0.00183666, 0.00110870, 0.00065677, 0.00039609, 0.00025939, 0.00019501, 0.00016521, 0.00014452, 0.00011834, 0.00008157, 0.00003742, -0.00000364, -0.00002487, -0.00000407, -0.00000895, -0.00001230, -0.00001424, -0.00001493, -0.00001458, -0.00001337, -0.00001154, -0.00000933, -0.00000698, -0.00000474, -0.00000280, -0.00000135, -0.00000044, -0.00000005, 0.00000000
5.35712534, 3.57709742, 2.66542977, 2.09597848, 1.70291950, 1.41520673, 1.19631598, 1.02513097, 0.88842338, 0.77741513, 0.68602509, 0.60989763, 0.54582914, 0.49141166, 0.44480235, 0.40456914, 0.36958451, 0.33895055, 0.31194510, 0.23004395, 0.17471433, 0.13507090, 0.10538337, 0.08236373, 0.06411791, 0.04951156, 0.03780894, 0.02848333, 0.02112322, 0.01538775, 0.01098600, 0.00766730, 0.00521601, 0.00344822, 0.00220884, 0.00136893, 0.00082290, 0.00048583, 0.00029085, 0.00018666, 0.00013526, 0.00010983, 0.00009294, 0.00007485, 0.00005213, 0.00002639, 0.00000323, -0.00000868, 0.00000165, -0.00000145, -0.00000365, -0.00000505, -0.00000577, -0.00000591, -0.00000559, -0.00000493, -0.00000405, -0.00000308, -0.00000212, -0.00000128, -0.00000063, -0.00000021, -0.00000003, 0.00000000
4.56004573, 3.01039274, 2.22911009, 1.75043909, 1.42619757, 1.19281739, 1.01779136, 0.88250290, 0.77542665, 0.68901322, 0.61810241, 0.55904785, 0.50920320, 0.46660539, 0.42977129, 0.39756287, 0.36909515, 0.34367194, 0.32073998, 0.24809708, 0.19501328, 0.15442580, 0.12254231, 0.09698024, 0.07624418, 0.05936291, 0.04565771, 0.03461205, 0.02580402, 0.01887328, 0.01350534, 0.00942409, 0.00638779, 0.00418646, 0.00263959, 0.00159396, 0.00092134, 0.00051622, 0.00029348, 0.00018625, 0.00014381, 0.00012964, 0.00011967, 0.00010071, 0.00006894, 0.00002869, -0.00000874, -0.00002606, -0.00000090, -0.00000334, -0.00000511, -0.00000623, -0.00000678, -0.00000682, -0.00000643, -0.00000570, -0.00000475, -0.00000367, -0.00000258, -0.00000160, -0.00000081, -0.00000029, -0.00000004, 0.00000000
4.83515331, 3.10962132, 2.24413233, 1.72610881, 1.38434311, 1.14439386, 0.96838623, 0.83493592, 0.73104384, 0.64836101, 0.58129189, 0.52595706, 0.47959156, 0.44017905, 0.40622041, 0.37658253, 0.35039665, 0.32698841, 0.30582862, 0.23815263, 0.18785954, 0.14863570, 0.11738153, 0.09223556, 0.07195331, 0.05562902, 0.04255886, 0.03217168, 0.02399244, 0.01762142, 0.01272101, 0.00900634, 0.00623789, 0.00421536, 0.00277232, 0.00177160, 0.00110119, 0.00067067, 0.00040816, 0.00025756, 0.00017626, 0.00013311, 0.00010672, 0.00008397, 0.00005875, 0.00003086, 0.00000512, -0.00000942, -0.00000017, -0.00000470, -0.00000800, -0.00001016, -0.00001129, -0.00001152, -0.00001100, -0.00000987, -0.00000831, -0.00000650, -0.00000463, -0.00000291, -0.00000151, -0.00000055, -0.00000008, 0.00000000
3.72044139, 2.49912421, 1.87639011, 1.49139742, 1.22827293, 1.03716801, 0.89254666, 0.77975285, 0.68968713, 0.61636835, 0.55569205, 0.50474544, 0.46140497, 0.42408794, 0.39159277, 0.36299290, 0.33756412, 0.31473377, 0.29404434, 0.22752686, 0.17816346, 0.14006690, 0.11010111, 0.08624040, 0.06712066, 0.05178263, 0.03951541, 0.02976557, 0.02208560, 0.01610451, 0.01151040, 0.00803948, 0.00546843, 0.00360870, 0.00230202, 0.00141647, 0.00084324, 0.00049370, 0.00029690, 0.00019729, 0.00015278, 0.00013304, 0.00011797, 0.00009643, 0.00006503, 0.00002723, -0.00000760, -0.00002490, -0.00000560, -0.00000882, -0.00001085, -0.00001182, -0.00001188, -0.00001121, -0.00000998, -0.00000838, -0.00000659, -0.00000479, -0.00000314, -0.00000179, -0.00000081, -0.00000024, -0.00000002, 0.00000000
4.81541665, 3.11475356, 2.27046816, 1.76206525, 1.42300359, 1.18216747, 1.00354421, 0.86675141, 0.75932234, 0.67318527, 0.60288219, 0.54459417, 0.49557436, 0.45380156, 0.41775990, 0.38629392, 0.35851045, 0.33371072, 0.31134214, 0.24046733, 0.18858600, 0.14877695, 0.11745542, 0.09240625, 0.07220482, 0.05588555, 0.04274715, 0.03224508, 0.02393457, 0.01744073, 0.01244257, 0.00866383, 0.00586704, 0.00384914, 0.00243788, 0.00148856, 0.00088114, 0.00051746, 0.00031877, 0.00022346, 0.00018497, 0.00016997, 0.00015665, 0.00013329, 0.00009693, 0.00005221, 0.00001034, -0.00001177, 0.00000763, 0.00000068, -0.00000503, -0.00000943, -0.00001252, -0.00001431, -0.00001487, -0.00001433, -0.00001284, -0.00001063, -0.00000799, -0.00000528, -0.00000288, -0.00000111, -0.00000018, 0.00000000
4.27132041, 2.80852176, 2.07400916, 1.62438573, 1.31985218, 1.10074563, 0.93660016, 0.80995202, 0.70996579, 0.62952459, 0.56374991, 0.50918496, 0.46331466, 0.42426912, 0.39063290, 0.36131814, 0.33547777, 0.31244475, 0.29168861, 0.22582728, 0.17769042, 0.14037664, 0.11050591, 0.08630414, 0.06668732, 0.05087798, 0.03825298, 0.02828450, 0.02051664, 0.01455473, 0.01005880, 0.00673828, 0.00434684, 0.00267754, 0.00155816, 0.00084683, 0.00042810, 0.00020946, 0.00011824, 0.00009888, 0.00011068, 0.00012578, 0.00012744, 0.00010858, 0.00007054, 0.00002199, -0.00002202, -0.00004088, -0.00000919, -0.00001034, -0.00001066, -0.00001029, -0.00000939, -0.00000811, -0.00000660, -0.00000503, -0.00000353, -0.00000223, -0.00000122, -0.00000052, -0.00000014, 0.00000001, 0.00000001, 0.00000000
4.85591793, 3.17560342, 2.33561489, 1.82339802, 1.47751564, 1.22924147, 1.04358834, 0.90056187, 0.78779127, 0.69717131, 0.62315801, 0.56183040, 0.51034034, 0.46657337, 0.42893099, 0.39618604, 0.36738399, 0.34177392, 0.31875922, 0.24639668, 0.19399352, 0.15408405, 0.12270609, 0.09744826, 0.07684639, 0.05997731, 0.04620814, 0.03505924, 0.02613556, 0.01909459, 0.01363245, 0.00947811, 0.00639102, 0.00415970, 0.00260050, 0.00155615, 0.00089405, 0.00050444, 0.00029838, 0.00020582, 0.00017367, 0.00016398, 0.00015223, 0.00012573, 0.00008226, 0.00002870, -0.00002011, -0.00004244, -0.00001059, -0.00001296, -0.00001405, -0.00001409, -0.00001330, -0.00001191, -0.00001013, -0.00000816, -0.00000618, -0.00000435, -0.00000280, -0.00000158, -0.00000074, -0.00000025, -0.00000004, 0.00000000
4.50314257, 2.96015472, 2.19866028, 1.73469391, 1.41942864, 1.19085426, 1.01788792, 0.88293364, 0.77515368, 0.68745282, 0.61496856, 0.55424838, 0.50277093, 0.45865222, 0.42045751, 0.38707657, 0.35763845, 0.33145173, 0.30796188, 0.23403832, 0.18107437, 0.14139286, 0.11083444, 0.08679872, 0.06763850, 0.05227552, 0.03996151, 0.03014113, 0.02237713, 0.01631031, 0.01163797, 0.00810194, 0.00548131, 0.00358748, 0.00226050, 0.00136592, 0.00079203, 0.00044739, 0.00025852, 0.00016783, 0.00013173, 0.00011888, 0.00010873, 0.00009009, 0.00005996, 0.00002245, -0.00001217, -0.00002827, -0.00000558, -0.00000751, -0.00000858, -0.00000891, -0.00000864, -0.00000790, -0.00000683, -0.00000556, -0.00000423, -0.00000296, -0.00000186, -0.00000100, -0.00000042, -0.00000011, -0.00000001, 0.00000000
4.04001721, 2.59860638, 1.91226589, 1.50511264, 1.23346913, 1.03879792, 0.89245215, 0.77858539, 0.68763919, 0.61346848, 0.55192612, 0.50010500, 0.45590417, 0.41776696, 0.38451580, 0.35524406, 0.32924318, 0.30595207, 0.28492135, 0.21752014, 0.16810451, 0.13042139, 0.10117134, 0.07824624, 0.06019475, 0.04596847, 0.03478071, 0.02602329, 0.01921546, 0.01397122, 0.00997740, 0.00697829, 0.00476440, 0.00316397, 0.00203637, 0.00126688, 0.00076246, 0.00044839, 0.00026538, 0.00016729, 0.00011923, 0.00009592, 0.00008035, 0.00006268, 0.00003926, 0.00001184, -0.00001318, -0.00002528, -0.00001046, -0.00001181, -0.00001219, -0.00001177, -0.00001074, -0.00000928, -0.00000758, -0.00000580, -0.00000411, -0.00000265, -0.00000150, -0.00000070, -0.00000023, -0.00000003, 0.00000000, 0.00000000
4.25623623, 2.84839112, 2.14708852, 1.71642973, 1.42178191, 1.20675864, 1.04297164, 0.91429618, 0.81077588, 0.72588030, 0.65512743, 0.59533093, 0.54416123, 0.49987573, 0.46114586, 0.42694228, 0.39645642, 0.36904546, 0.34419299, 0.26427987, 0.20538915, 0.16039999, 0.12536978, 0.09773076, 0.07575608, 0.05824159, 0.04430763, 0.03328122, 0.02462766, 0.01791046, 0.01276722, 0.00889427, 0.00603624, 0.00397852, 0.00254139, 0.00157532, 0.00095704, 0.00058616, 0.00038231, 0.00028266, 0.00023971, 0.00021945, 0.00019967, 0.00016856, 0.00012341, 0.00006950, 0.00001910, -0.00000944, 0.00000745, -0.00000328, -0.00001190, -0.00001837, -0.00002267, -0.00002491, -0.00002525, -0.00002388, -0.00002110, -0.00001727, -0.00001287, -0.00000844, -0.00000458, -0.00000177, -0.00000029, 0.00000000
4.35802756, 2.93452387, 2.19543491, 1.73495492, 1.41995655, 1.19187640, 1.02018029, 0.88712619, 0.78161195, 0.69630797, 0.62617538, 0.56763859, 0.51809486, 0.47560935, 0.43871825, 0.40629736, 0.37747210, 0.35155440, 0.32799759, 0.25237721, 0.19615199, 0.15293304, 0.11929936, 0.09287931, 0.07199118, 0.05542726, 0.04229796, 0.03192745, 0.02378705, 0.01745316, 0.01258044, 0.00888410, 0.00612775, 0.00411469, 0.00268139, 0.00169233, 0.00103598, 0.00062143, 0.00037557, 0.00024071, 0.00017265, 0.00013888, 0.00011715, 0.00009417, 0.00006452, 0.00002967, -0.00000288, -0.00002036, -0.00000543, -0.00000982, -0.00001279, -0.00001444, -0.00001493, -0.00001444, -0.00001315, -0.00001128, -0.00000906, -0.00000674, -0.00000454, -0.00000267, -0.00000127, -0.00000041, -0.00000005, 0.00000000
4.50004488, 2.94444247, 2.18465564, 1.72782083, 1.42063768, 1.19942610, 1.03260076, 0.90252069, 0.79846972, 0.71352217, 0.64298551, 0.58356026, 0.53285635, 0.48909964, 0.45094618, 0.41736013, 0.38753127, 0.36081768, 0.33670500, 0.25952363, 0.20296643, 0.15971640, 0.12581014, 0.09878977, 0.07707297, 0.05958500, 0.04554502, 0.03434854, 0.02550469, 0.01860280, 0.01329395, 0.00927998, 0.00630624, 0.00415624, 0.00264720, 0.00162622, 0.00096687, 0.00056609, 0.00034138, 0.00022827, 0.00017811, 0.00015596, 0.00013887, 0.00011426, 0.00007846, 0.00003552, -0.00000397, -0.00002386, -0.00000333, -0.00000782, -0.00001096, -0.00001286, -0.00001363, -0.00001344, -0.00001246, -0.00001087, -0.00000890, -0.00000675, -0.00000464, -0.00000279, -0.00000137, -0.00000046, -0.00000006, 0.00000000
4.56004573, 3.01039274, 2.22911009, 1.75043909, 1.42619757, 1.19281739, 1.01779136, 0.88250290, 0.77542665, 0.68901322, 0.61810241, 0.55904785, 0.50920320, 0.46660539, 0.42977129, 0.39756287, 0.36909515, 0.34367194, 0.32073998, 0.24809708, 0.19501328, 0.15442580, 0.12254231, 0.09698024, 0.07624418, 0.05936291, 0.04565771, 0.03461205, 0.02580402, 0.01887328, 0.01350534, 0.00942409, 0.00638779, 0.00418646, 0.00263959, 0.00159396, 0.00092134, 0.00051622, 0.00029348, 0.00018625, 0.00014381, 0.00012964, 0.00011967, 0.00010071, 0.00006894, 0.00002869, -0.00000874, -0.00002606, -0.00000090, -0.00000334, -0.00000511, -0.00000623, -0.00000678, -0.00000682, -0.00000643, -0.00000570, -0.00000475, -0.00000367, -0.00000258, -0.00000160, -0.00000081, -0.00000029, -0.00000004, 0.00000000
5.13806853, 3.51217167, 2.65260082, 2.09834938, 1.70656633, 1.41518077, 1.19135059, 1.01546373, 0.87485281, 0.76088349, 0.66743665, 0.59004579, 0.52537411, 0.47088141, 0.42460340, 0.38500094, 0.35085420, 0.32118687, 0.29521070, 0.21803620, 0.16736973, 0.13161934, 0.10482128, 0.08376002, 0.06670510, 0.05269662, 0.04115811, 0.03169905, 0.02401933, 0.01786554, 0.01301236, 0.00925555, 0.00640978, 0.00430824, 0.00280267, 0.00176315, 0.00107766, 0.00065139, 0.00040574, 0.00027727, 0.00021655, 0.00018704, 0.00016392, 0.00013305, 0.00008993, 0.00003878, -0.00000837, -0.00003244, -0.00000815, -0.00001335, -0.00001678, -0.00001858, -0.00001895, -0.00001814, -0.00001638, -0.00001396, -0.00001116, -0.00000827, -0.00000556, -0.00000327, -0.00000156, -0.00000051, -0.00000007, 0.00000000
5.04260839, 3.29773910, 2.45061563, 1.93815564, 1.59065065, 1.33848507, 1.14718840, 0.99742625, 0.87736869, 0.77930538, 0.69796646, 0.62961503, 0.57152248, 0.52164845, 0.47843678, 0.44068075, 0.40743118, 0.37793226, 0.35157564, 0.26862293, 0.20916595, 0.16437605, 0.12962412, 0.10208502, 0.07998846, 0.06217454, 0.04782994, 0.03634175, 0.02721997, 0.02005728, 0.01450781, 0.01027538, 0.00710622, 0.00478390, 0.00312521, 0.00197650, 0.00121045, 0.00072300, 0.00043054, 0.00026736, 0.00018327, 0.00014156, 0.00011708, 0.00009459, 0.00006729, 0.00003556, 0.00000580, -0.00001052, 0.00000227, -0.00000259, -0.00000630, -0.00000891, -0.00001049, -0.00001112, -0.00001092, -0.00001003, -0.00000861, -0.00000684, -0.00000494, -0.00000313, -0.00000163, -0.00000059, -0.00000009, 0.00000000
4.68613490, 3.07479156, 2.28300879, 1.80196384, 1.47603298, 1.24041289, 1.06260477, 0.92420675, 0.81388896, 0.72424140, 0.65019332, 0.58815100, 0.53549546, 0.49027421, 0.45100387, 0.41653931, 0.38598442, 0.35862952, 0.33390678, 0.25511789, 0.19766176, 0.15393722, 0.11988595, 0.09301317, 0.07167403, 0.05471482, 0.04127980, 0.03070490, 0.02245785, 0.01610282, 0.01127838, 0.00768278, 0.00506348, 0.00320925, 0.00194396, 0.00112158, 0.00062204, 0.00034777, 0.00022079, 0.00018034, 0.00018072, 0.00018965, 0.00018675, 0.00016231, 0.00011625, 0.00005716, 0.00000157, -0.00002685, 0.00000210, -0.00000574, -0.00001205, -0.00001676, -0.00001984, -0.00002133, -0.00002134, -0.00002002, -0.00001758, -0.00001431, -0.00001060, -0.00000692, -0.00000373, -0.00000143, -0.00000023, 0.00000000
4.71519973, 3.01823552, 2.21230356, 1.73493088, 1.41669012, 1.18875477, 1.01751826, 0.88441502, 0.77825219, 0.69183326, 0.62029922, 0.56024147, 0.50919463, 0.46533047, 0.42726482, 0.39393127, 0.36449580, 0.33829768, 0.31480753, 0.24045281, 0.18673917, 0.14615985, 0.11468205, 0.08978410, 0.06986840, 0.05388123, 0.04107832, 0.03089403, 0.02287266, 0.01663335, 0.01185199, 0.00825124, 0.00559435, 0.00368057, 0.00234130, 0.00143653, 0.00085162, 0.00049413, 0.00029104, 0.00018604, 0.00013722, 0.00011486, 0.00009962, 0.00008082, 0.00005498, 0.00002459, -0.00000298, -0.00001648, -0.00000151, -0.00000416, -0.00000592, -0.00000692, -0.00000725, -0.00000705, -0.00000643, -0.00000552, -0.00000444, -0.00000330, -0.00000223, -0.00000132, -0.00000063, -0.00000020, -0.00000002, 0.00000000
5.02543199, 3.30500902, 2.44184860, 1.91593390, 1.56065608, 1.30494361, 1.11279689, 0.96379618, 0.84540293, 0.74945605, 0.67040244, 0.60432931, 0.54840098, 0.50051421, 0.45907846, 0.42287093, 0.39093809, 0.36252716, 0.33703736, 0.25674729, 0.19906726, 0.15566665, 0.12209939, 0.09561869, 0.07448281, 0.05753871, 0.04397301, 0.03317246, 0.02464880, 0.01799885, 0.01288276, 0.00901160, 0.00613949, 0.00405793, 0.00259139, 0.00159343, 0.00094330, 0.00054285, 0.00031374, 0.00019485, 0.00014003, 0.00011608, 0.00010090, 0.00008195, 0.00005479, 0.00002193, -0.00000832, -0.00002267, -0.00000376, -0.00000580, -0.00000704, -0.00000759, -0.00000757, -0.00000710, -0.00000630, -0.00000528, -0.00000417, -0.00000307, -0.00000206, -0.00000122, -0.00000060, -0.00000021, -0.00000003, 0.00000000
3.89794967, 2.58402017, 1.91499259, 1.50510197, 1.22824473, 1.02964789, 0.88117146, 0.76669088, 0.67623869, 0.60330230, 0.54344313, 0.49353414, 0.45131247, 0.41510412, 0.38364755, 0.35597692, 0.33134265, 0.30915607, 0.28895005, 0.22362665, 0.17475235, 0.13660636, 0.10630731, 0.08213715, 0.06289504, 0.04765536, 0.03567078, 0.02632694, 0.01911611, 0.01361855, 0.00948778, 0.00643841, 0.00423592, 0.00268816, 0.00163822, 0.00095857, 0.00054627, 0.00031902, 0.00021194, 0.00017500, 0.00017092, 0.00017348, 0.00016622, 0.00014133, 0.00009886, 0.00004601, -0.00000335, -0.00002918, -0.00000560, -0.00001270, -0.00001801, -0.00002153, -0.00002334, -0.00002359, -0.00002244, -0.00002015, -0.00001698, -0.00001330, -0.00000949, -0.00000596, -0.00000308, -0.00000113, -0.00000017, 0.00000000
3.72044139, 2.49912421, 1.87639011, 1.49139742, 1.22827293, 1.03716801, 0.89254666, 0.77975285, 0.68968713, 0.61636835, 0.55569205, 0.50474544, 0.46140497, 0.42408794, 0.39159277, 0.36299290, 0.33756412, 0.31473377, 0.29404434, 0.22752686, 0.17816346, 0.14006690, 0.11010111, 0.08624040, 0.06712066, 0.05178263, 0.03951541, 0.02976557, 0.02208560, 0.01610451, 0.01151040, 0.00803948, 0.00546843, 0.00360870, 0.00230202, 0.00141647, 0.00084324, 0.00049370, 0.00029690, 0.00019729, 0.00015278, 0.00013304, 0.00011797, 0.00009643, 0.00006503, 0.00002723, -0.00000760, -0.00002490, -0.00000560, -0.00000882, -0.00001085, -0.00001182, -0.00001188, -0.00001121, -0.00000998, -0.00000838, -0.00000659, -0.00000479, -0.00000314, -0.00000179, -0.00000081, -0.00000024, -0.00000002, 0.00000000
4.81107539, 3.11977602, 2.28058445, 1.77645521, 1.44087674, 1.20271457, 1.02602126, 0.89051381, 0.78382847, 0.69798788, 0.62761623, 0.56896463, 0.51934539, 0.47678720, 0.43981626, 0.40731273, 0.37841373, 0.35244629, 0.32888000, 0.25290593, 0.19622240, 0.15247686, 0.11830499, 0.09142130, 0.07020655, 0.05347629, 0.04033199, 0.03006947, 0.02212370, 0.01603465, 0.01142512, 0.00798522, 0.00546081, 0.00364435, 0.00236745, 0.00149454, 0.00091761, 0.00055164, 0.00033076, 0.00020495, 0.00013727, 0.00010151, 0.00008014, 0.00006270, 0.00004437, 0.00002476, 0.00000701, -0.00000312, 0.00000215, -0.00000118, -0.00000358, -0.00000513, -0.00000596, -0.00000616, -0.00000587, -0.00000521, -0.00000431, -0.00000329, -0.00000227, -0.00000137, -0.00000068, -0.00000023, -0.00000003, 0.00000000
4.12319074, 2.71535281, 2.01603956, 1.59026822, 1.30203717, 1.09402231, 0.93731426, 0.81551689, 0.71854149, 0.63980159, 0.57480068, 0.52036019, 0.47416969, 0.43451108, 0.40008215, 0.36987995, 0.34312125, 0.31918702, 0.29758290, 0.22871904, 0.17828708, 0.13977069, 0.10969623, 0.08585797, 0.06680291, 0.05153235, 0.03932101, 0.02961273, 0.02196203, 0.01600131, 0.01142196, 0.00796272, 0.00540199, 0.00355224, 0.00225556, 0.00138006, 0.00081666, 0.00047635, 0.00028774, 0.00019491, 0.00015552, 0.00013909, 0.00012555, 0.00010395, 0.00007129, 0.00003154, -0.00000526, -0.00002374, -0.00000392, -0.00000785, -0.00001054, -0.00001209, -0.00001263, -0.00001231, -0.00001129, -0.00000975, -0.00000790, -0.00000592, -0.00000402, -0.00000237, -0.00000113, -0.00000037, -0.00000004, 0.00000000
3.49987969, 2.35843603, 1.78210628, 1.42440980, 1.17828008, 0.99838580, 0.86156560, 0.75446902, 0.66874591, 0.59886163, 0.54098656, 0.49238183, 0.45103672, 0.41544330, 0.38445059, 0.35716681, 0.33289219, 0.31107145, 0.29125972, 0.22722605, 0.17923690, 0.14171647, 0.11181436, 0.08776483, 0.06836938, 0.05275419, 0.04024417, 0.03029575, 0.02245963, 0.01635889, 0.01167513, 0.00813873, 0.00552164, 0.00363151, 0.00230689, 0.00141316, 0.00083905, 0.00049360, 0.00030369, 0.00021173, 0.00017387, 0.00015835, 0.00014412, 0.00011970, 0.00008215, 0.00003616, -0.00000664, -0.00002847, -0.00000597, -0.00001087, -0.00001428, -0.00001627, -0.00001700, -0.00001662, -0.00001533, -0.00001334, -0.00001090, -0.00000826, -0.00000569, -0.00000343, -0.00000169, -0.00000058, -0.00000008, 0.00000000
4.22113659, 2.75849035, 2.02713360, 1.58536489, 1.29021075, 1.08028033, 0.92438216, 0.80482178, 0.71075807, 0.63516297, 0.57328006, 0.52177950, 0.47826573, 0.44097622, 0.40858960, 0.38009932, 0.35472807, 0.33186843, 0.31104078, 0.24346425, 0.19223266, 0.15205488, 0.12015451, 0.09460128, 0.07402904, 0.05745200, 0.04413132, 0.03348938, 0.02505831, 0.01844958, 0.01333580, 0.00943914, 0.00652350, 0.00438869, 0.00286579, 0.00181332, 0.00111393, 0.00067143, 0.00040823, 0.00026306, 0.00018895, 0.00015141, 0.00012690, 0.00010141, 0.00006925, 0.00003196, -0.00000261, -0.00002119, -0.00000577, -0.00001040, -0.00001347, -0.00001513, -0.00001555, -0.00001495, -0.00001353, -0.00001154, -0.00000922, -0.00000681, -0.00000455, -0.00000264, -0.00000124, -0.00000039, -0.00000004, 0.00000000
4.88621266, 3.14933139, 2.32402245, 1.83332339, 1.50462734, 1.26803668, 1.08944097, 0.94997605, 0.83824606, 0.74690570, 0.67098213, 0.60697738, 0.55235467, 0.50522798, 0.46416590, 0.42806302, 0.39605292, 0.36744774, 0.34169525, 0.25997691, 0.20103878, 0.15681466, 0.12274742, 0.09594422, 0.07457658, 0.05745382, 0.04375036, 0.03285021, 0.02426393, 0.01758572, 0.01247121, 0.00862557, 0.00579629, 0.00376837, 0.00236030, 0.00142058, 0.00082446, 0.00047093, 0.00027984, 0.00018929, 0.00015320, 0.00013916, 0.00012644, 0.00010432, 0.00007047, 0.00002971, -0.00000724, -0.00002472, -0.00000307, -0.00000607, -0.00000805, -0.00000914, -0.00000946, -0.00000916, -0.00000836, -0.00000723, -0.00000588, -0.00000445, -0.00000308, -0.00000188, -0.00000095, -0.00000034, -0.00000005, 0.00000000
4.66045044, 3.05146230, 2.27033861, 1.79445572, 1.46911974, 1.23143041, 1.05024849, 0.90801164, 0.79388188, 0.70072608, 0.62362050, 0.55904069, 0.50439083, 0.45771471, 0.41751008, 0.38260493, 0.35207258, 0.32517180, 0.30130372, 0.22780498, 0.17716355, 0.13993562, 0.11109108, 0.08794919, 0.06906128, 0.05358406, 0.04095982, 0.03076509, 0.02264391, 0.01628084, 0.01139133, 0.00771889, 0.00503457, 0.00313667, 0.00185007, 0.00102510, 0.00053608, 0.00027953, 0.00017228, 0.00014958, 0.00016323, 0.00017987, 0.00017929, 0.00015295, 0.00010265, 0.00003925, -0.00001840, -0.00004446, -0.00000704, -0.00001054, -0.00001275, -0.00001379, -0.00001384, -0.00001308, -0.00001168, -0.00000985, -0.00000780, -0.00000572, -0.00000381, -0.00000221, -0.00000104, -0.00000033, -0.00000004, 0.00000000
4.20387162, 2.88770448, 2.19521745, 1.75263015, 1.44228859, 1.21284936, 1.03724350, 0.89942903, 0.78913929, 0.69944264, 0.62547210, 0.56370649, 0.51153720, 0.46699402, 0.42856490, 0.39507351, 0.36559402, 0.33939035, 0.31587208, 0.24173537, 0.18805646, 0.14720282, 0.11530712, 0.09002665, 0.06984422, 0.05371274, 0.04086104, 0.03068900, 0.02271099, 0.01652471, 0.01179282, 0.00823135, 0.00560148, 0.00370319, 0.00237005, 0.00146478, 0.00087531, 0.00051140, 0.00030159, 0.00019058, 0.00013691, 0.00011095, 0.00009313, 0.00007244, 0.00004514, 0.00001356, -0.00001476, -0.00002799, -0.00001069, -0.00001186, -0.00001201, -0.00001136, -0.00001015, -0.00000856, -0.00000680, -0.00000503, -0.00000342, -0.00000207, -0.00000106, -0.00000041, -0.00000007, 0.00000003, 0.00000001, 0.00000000
5.06016450, 3.19804908, 2.30933950, 1.78559242, 1.44053881, 1.19718524, 1.01743964, 0.88009543, 0.77233311, 0.68592257, 0.61533336, 0.55671412, 0.50730495, 0.46508119, 0.42852834, 0.39649461, 0.36809167, 0.34262592, 0.31955010, 0.24601629, 0.19191817, 0.15070112, 0.11867194, 0.09332406, 0.07300977, 0.05663920, 0.04345554, 0.03289632, 0.02451596, 0.01794473, 0.01286756, 0.00901278, 0.00614585, 0.00406520, 0.00259904, 0.00160258, 0.00095539, 0.00055890, 0.00033400, 0.00021880, 0.00016647, 0.00014338, 0.00012726, 0.00010568, 0.00007461, 0.00003716, 0.00000248, -0.00001519, 0.00000257, -0.00000194, -0.00000542, -0.00000789, -0.00000942, -0.00001007, -0.00000997, -0.00000922, -0.00000797, -0.00000638, -0.00000465, -0.00000298, -0.00000157, -0.00000059, -0.00000009, 0.00000000
5.37941946, 3.52693879, 2.61159820, 2.05580168, 1.67958723, 1.40760745, 1.20213123, 1.04188922, 0.91385488, 0.80955073, 0.72319972, 0.65072070, 0.58914616, 0.53626669, 0.49040455, 0.45026428, 0.41483112, 0.38330025, 0.35502635, 0.26628208, 0.20339261, 0.15687146, 0.12149685, 0.09404266, 0.07246129, 0.05539941, 0.04191120, 0.03129620, 0.02300951, 0.01661199, 0.01174186, 0.00809757, 0.00542677, 0.00351849, 0.00219714, 0.00131777, 0.00076192, 0.00043412, 0.00025884, 0.00017776, 0.00014743, 0.00013719, 0.00012735, 0.00010764, 0.00007581, 0.00003648, 0.00000007, -0.00001809, 0.00000153, -0.00000290, -0.00000631, -0.00000872, -0.00001016, -0.00001072, -0.00001050, -0.00000962, -0.00000824, -0.00000653, -0.00000471, -0.00000298, -0.00000154, -0.00000056, -0.00000008, 0.00000000
4.39163754, 2.80106164, 2.04674499, 1.59992773, 1.30234058, 1.08969376, 0.93050190, 0.80730109, 0.70952081, 0.63034183, 0.56514803, 0.51069555, 0.46463595, 0.42522727, 0.39115117, 0.36139291, 0.33516001, 0.31182584, 0.29088945, 0.22470346, 0.17668953, 0.14008606, 0.11133362, 0.08826014, 0.06951835, 0.05423596, 0.04180424, 0.03176121, 0.02373094, 0.01739342, 0.01246976, 0.00871492, 0.00591376, 0.00387850, 0.00244671, 0.00147943, 0.00085935, 0.00048896, 0.00028884, 0.00019587, 0.00016173, 0.00015132, 0.00014144, 0.00011950, 0.00008242, 0.00003554, -0.00000826, -0.00002948, -0.00000277, -0.00000668, -0.00000951, -0.00001132, -0.00001218, -0.00001219, -0.00001149, -0.00001020, -0.00000851, -0.00000659, -0.00000464, -0.00000287, -0.00000145, -0.00000051, -0.00000007, 0.00000000
5.74509535, 3.69102548, 2.69355321, 2.09858043, 1.70259533, 1.42077514, 1.21091410, 1.04939702, 0.92187628, 0.81909197, 0.73478698, 0.66457848, 0.60530668, 0.55463905, 0.51081945, 0.47250354, 0.43864736, 0.40843014, 0.38119962, 0.29416134, 0.23001598, 0.18041201, 0.14118894, 0.10986656, 0.08479650, 0.06478342, 0.04890183, 0.03640410, 0.02667173, 0.01918714, 0.01351569, 0.00929262, 0.00621297, 0.00402309, 0.00251353, 0.00151278, 0.00088199, 0.00051019, 0.00031037, 0.00021593, 0.00017768, 0.00016130, 0.00014505, 0.00011789, 0.00007783, 0.00003046, -0.00001230, -0.00003326, -0.00001096, -0.00001498, -0.00001732, -0.00001819, -0.00001782, -0.00001648, -0.00001442, -0.00001191, -0.00000921, -0.00000659, -0.00000426, -0.00000239, -0.00000107, -0.00000032, -0.00000003, 0.00000000
4.40626369, 2.82807064, 2.06974116, 1.61871294, 1.31797042, 1.10293283, 0.94180474, 0.81693328, 0.71764800, 0.63708158, 0.57059768, 0.51494637, 0.46777970, 0.42735885, 0.39236924, 0.36179946, 0.33485957, 0.31092454, 0.28949415, 0.22180209, 0.17308187, 0.13606986, 0.10705837, 0.08392199, 0.06533377, 0.05038903, 0.03841922, 0.02889905, 0.02139899, 0.01555978, 0.01107768, 0.00769499, 0.00519322, 0.00338783, 0.00212379, 0.00127191, 0.00072551, 0.00039760, 0.00021844, 0.00013331, 0.00010071, 0.00009068, 0.00008341, 0.00006801, 0.00004145, 0.00000762, -0.00002347, -0.00003645, -0.00001125, -0.00001067, -0.00000957, -0.00000812, -0.00000649, -0.00000483, -0.00000325, -0.00000188, -0.00000080, -0.00000007, 0.00000031, 0.00000041, 0.00000031, 0.00000015, 0.00000003, 0.00000000
4.81303713, 3.11695975, 2.27375357, 1.76610459, 1.42744087, 1.18661933, 1.00769004, 0.87036047, 0.76224895, 0.67535391, 0.60427141, 0.54522260, 0.49548938, 0.45307058, 0.41646373, 0.38452176, 0.35635628, 0.33127055, 0.30871208, 0.23695058, 0.18436446, 0.14394099, 0.11228926, 0.08732549, 0.06759411, 0.05200836, 0.03972774, 0.03008930, 0.02256423, 0.01672779, 0.01223739, 0.00881600, 0.00623929, 0.00432561, 0.00292795, 0.00192759, 0.00122894, 0.00075546, 0.00044629, 0.00025349, 0.00013992, 0.00007732, 0.00004493, 0.00002820, 0.00001782, 0.00000889, 0.00000023, -0.00000618, -0.00000566, -0.00000780, -0.00000906, -0.00000956, -0.00000942, -0.00000875, -0.00000769, -0.00000639, -0.00000497, -0.00000359, -0.00000235, -0.00000135, -0.00000063, -0.00000020, -0.00000003, 0.00000000
5.24558299, 3.43568132, 2.53793227, 1.99133543, 1.62086749, 1.35305436, 1.15096643, 0.99370126, 0.86840676, 0.76668981, 0.68281419, 0.61271827, 0.55344374, 0.50278559, 0.45906843, 0.42099854, 0.38756291, 0.35795881, 0.33154337, 0.24931526, 0.19131129, 0.14850126, 0.11595447, 0.09056742, 0.07042011, 0.05430268, 0.04140510, 0.03113929, 0.02304512, 0.01674309, 0.01191095, 0.00827209, 0.00558910, 0.00365952, 0.00231253, 0.00140584, 0.00082266, 0.00046883, 0.00027001, 0.00016906, 0.00012362, 0.00010387, 0.00009056, 0.00007324, 0.00004871, 0.00001969, -0.00000639, -0.00001838, -0.00000223, -0.00000381, -0.00000473, -0.00000513, -0.00000511, -0.00000477, -0.00000423, -0.00000356, -0.00000283, -0.00000211, -0.00000146, -0.00000090, -0.00000047, -0.00000018, -0.00000003, 0.00000000
5.00415001, 3.30668232, 2.45475951, 1.93355843, 1.57980700, 1.32407964, 1.13118525, 0.98110862, 0.86151536, 0.76434614, 0.68409591, 0.61687142, 0.55984136, 0.51089894, 0.46844614, 0.43125096, 0.39835018, 0.36898146, 0.34253502, 0.25881293, 0.19848329, 0.15311839, 0.11824193, 0.09107608, 0.06977135, 0.05302899, 0.03989439, 0.02963935, 0.02169256, 0.01559674, 0.01098099, 0.00754193, 0.00503038, 0.00324137, 0.00200653, 0.00118808, 0.00067405, 0.00037439, 0.00021770, 0.00014867, 0.00012582, 0.00011971, 0.00011140, 0.00009112, 0.00005721, 0.00001514, -0.00002328, -0.00004069, -0.00001479, -0.00001592, -0.00001590, -0.00001494, -0.00001328, -0.00001117, -0.00000883, -0.00000649, -0.00000436, -0.00000259, -0.00000128, -0.00000046, -0.00000005, 0.00000005, 0.00000002, 0.00000000
4.91111254, 3.23191147, 2.39528108, 1.88127705, 1.53018535, 1.27506752, 1.08206139, 0.93180651, 0.81226658, 0.71549701, 0.63601555, 0.56990767, 0.51430165, 0.46704417, 0.42649107, 0.39136767, 0.36067278, 0.33361117, 0.30954495, 0.23539702, 0.18383169, 0.14562689, 0.11589666, 0.09197281, 0.07239301, 0.05630461, 0.04314618, 0.03249238, 0.02398458, 0.01730283, 0.01215626, 0.00828094, 0.00543988, 0.00342342, 0.00204894, 0.00116010, 0.00062546, 0.00033679, 0.00020717, 0.00016897, 0.00017194, 0.00018129, 0.00017589, 0.00014664, 0.00009496, 0.00003140, -0.00002561, -0.00005090, -0.00001354, -0.00001598, -0.00001696, -0.00001673, -0.00001558, -0.00001374, -0.00001148, -0.00000905, -0.00000666, -0.00000451, -0.00000273, -0.00000141, -0.00000057, -0.00000014, -0.00000001, 0.00000000
5.00718970, 3.17802546, 2.28271673, 1.74993082, 1.39833559, 1.15106580, 0.96943194, 0.83164697, 0.72444415, 0.63926941, 0.57036221, 0.51370871, 0.46643451, 0.42643437, 0.39213721, 0.36235191, 0.33616307, 0.31285895, 0.29188052, 0.22542138, 0.17654335, 0.13880888, 0.10900565, 0.08516196, 0.06599268, 0.05060154, 0.03831471, 0.02859313, 0.02098806, 0.01511851, 0.01065899, 0.00733189, 0.00490199, 0.00317170, 0.00197675, 0.00118224, 0.00067888, 0.00037957, 0.00021628, 0.00013723, 0.00010443, 0.00009145, 0.00008155, 0.00006600, 0.00004267, 0.00001476, -0.00001017, -0.00002115, -0.00000451, -0.00000539, -0.00000568, -0.00000552, -0.00000504, -0.00000434, -0.00000352, -0.00000269, -0.00000190, -0.00000123, -0.00000071, -0.00000034, -0.00000012, -0.00000003, -0.00000000, 0.00000000
4.20232522, 2.82560767, 2.11544099, 1.67439123, 1.37334398, 1.15577147, 0.99226436, 0.86575062, 0.76555290, 0.68462518, 0.61812623, 0.56262320, 0.51561966, 0.47526199, 0.44014980, 0.40920935, 0.38160690, 0.35668789, 0.33393346, 0.25991778, 0.20377645, 0.15966256, 0.12461125, 0.09666798, 0.07440808, 0.05673756, 0.04278877, 0.03185961, 0.02337510, 0.01686138, 0.01192683, 0.00824770, 0.00555674, 0.00363397, 0.00229914, 0.00140546, 0.00083435, 0.00049110, 0.00030120, 0.00020729, 0.00016659, 0.00014871, 0.00013392, 0.00011152, 0.00007862, 0.00003903, 0.00000230, -0.00001703, -0.00000016, -0.00000564, -0.00000982, -0.00001272, -0.00001441, -0.00001500, -0.00001460, -0.00001339, -0.00001152, -0.00000921, -0.00000672, -0.00000433, -0.00000230, -0.00000087, -0.00000014, 0.00000000
4.78275986, 3.14063417, 2.28879252, 1.76593334, 1.41560777, 1.16779174, 0.98574023, 0.84811354, 0.74162351, 0.65756471, 0.59000942, 0.53479692, 0.48893434, 0.45022501, 0.41702920, 0.38810539, 0.36250201, 0.33948209, 0.31846966, 0.25051188, 0.19843989, 0.15695499, 0.12360992, 0.09675385, 0.07515113, 0.05783739, 0.04403898, 0.03312311, 0.02456571, 0.01792964, 0.01284918, 0.00901827, 0.00618120, 0.00412508, 0.00267352, 0.00168128, 0.00102983, 0.00062347, 0.00038606, 0.00025827, 0.00019517, 0.00016419, 0.00014341, 0.00012003, 0.00008913, 0.00005250, 0.00001773, -0.00000270, 0.00000787, -0.00000031, -0.00000701, -0.00001214, -0.00001568, -0.00001766, -0.00001819, -0.00001741, -0.00001551, -0.00001277, -0.00000956, -0.00000629, -0.00000342, -0.00000132, -0.00000021, 0.00000000
4.81107539, 3.11977602, 2.28058445, 1.77645521, 1.44087674, 1.20271457, 1.02602126, 0.89051381, 0.78382847, 0.69798788, 0.62761623, 0.56896463, 0.51934539, 0.47678720, 0.43981626, 0.40731273, 0.37841373, 0.35244629, 0.32888000, 0.25290593, 0.19622240, 0.15247686, 0.11830499, 0.09142130, 0.07020655, 0.05347629, 0.04033199, 0.03006947, 0.02212370, 0.01603465, 0.01142512, 0.00798522, 0.00546081, 0.00364435, 0.00236745, 0.00149454, 0.00091761, 0.00055164, 0.00033076, 0.00020495, 0.00013727, 0.00010151, 0.00008014, 0.00006270, 0.00004437, 0.00002476, 0.00000701, -0.00000312, 0.00000215, -0.00000118, -0.00000358, -0.00000513, -0.00000596, -0.00000616, -0.00000587, -0.00000521, -0.00000431, -0.00000329, -0.00000227, -0.00000137, -0.00000068, -0.00000023, -0.00000003, 0.00000000
4.78702699, 3.16465929, 2.34522927, 1.84232279, 1.50120350, 1.25542692, 1.07096695, 0.92830847, 0.81535350, 0.72416832, 0.64932485, 0.58698448, 0.53435976, 0.48938208, 0.45048815, 0.41647830, 0.38641962, 0.35957829, 0.33537130, 0.25871276, 0.20275458, 0.16004734, 0.12658005, 0.09982609, 0.07819546, 0.06065133, 0.04646563, 0.03508214, 0.02604606, 0.01896960, 0.01351568, 0.00938994, 0.00633634, 0.00413406, 0.00259474, 0.00155979, 0.00089762, 0.00050088, 0.00028384, 0.00017974, 0.00013851, 0.00012449, 0.00011448, 0.00009597, 0.00006550, 0.00002733, -0.00000787, -0.00002404, -0.00000065, -0.00000294, -0.00000459, -0.00000562, -0.00000612, -0.00000614, -0.00000577, -0.00000510, -0.00000423, -0.00000326, -0.00000228, -0.00000140, -0.00000071, -0.00000025, -0.00000004, 0.00000000
5.36052851, 3.48478746, 2.55876991, 1.99853281, 1.62161540, 1.35123000, 1.14873841, 0.99228376, 0.86845381, 0.76851595, 0.68652396, 0.61828496, 0.56075844, 0.51168847, 0.46936892, 0.43248843, 0.40002499, 0.37117248, 0.34528830, 0.26390900, 0.20534354, 0.16116753, 0.12692485, 0.09983305, 0.07812202, 0.06062734, 0.04653726, 0.03524681, 0.02627755, 0.01923458, 0.01378335, 0.00963676, 0.00654753, 0.00430310, 0.00272180, 0.00164972, 0.00095793, 0.00053999, 0.00030957, 0.00019842, 0.00015432, 0.00013939, 0.00012844, 0.00010750, 0.00007253, 0.00002822, -0.00001313, -0.00003254, -0.00000536, -0.00000800, -0.00000969, -0.00001050, -0.00001057, -0.00001000, -0.00000895, -0.00000756, -0.00000598, -0.00000438, -0.00000291, -0.00000168, -0.00000078, -0.00000024, -0.00000003, 0.00000000
4.85591793, 3.17560342, 2.33561489, 1.82339802, 1.47751564, 1.22924147, 1.04358834, 0.90056187, 0.78779127, 0.69717131, 0.62315801, 0.56183040, 0.51034034, 0.46657337, 0.42893099, 0.39618604, 0.36738399, 0.34177392, 0.31875922, 0.24639668, 0.19399352, 0.15408405, 0.12270609, 0.09744826, 0.07684639, 0.05997731, 0.04620814, 0.03505924, 0.02613556, 0.01909459, 0.01363245, 0.00947811, 0.00639102, 0.00415970, 0.00260050, 0.00155615, 0.00089405, 0.00050444, 0.00029838, 0.00020582, 0.00017367, 0.00016398, 0.00015223, 0.00012573, 0.00008226, 0.00002870, -0.00002011, -0.00004244, -0.00001059, -0.00001296, -0.00001405, -0.00001409, -0.00001330, -0.00001191, -0.00001013, -0.00000816, -0.00000618, -0.00000435, -0.00000280, -0.00000158, -0.00000074, -0.00000025, -0.00000004, 0.00000000
4.60572835, 2.91848408, 2.08409929, 1.58717913, 1.26105413, 1.03388369, 0.86903589, 0.74569483, 0.65111374, 0.57705105, 0.51795411, 0.46995954, 0.43030903, 0.39699121, 0.36851348, 0.34375173, 0.32184874, 0.30214381, 0.28412308, 0.22612137, 0.18170537, 0.14638037, 0.11780747, 0.09436773, 0.07498729, 0.05894797, 0.04573575, 0.03494784, 0.02624360, 0.01932130, 0.01390843, 0.00975814, 0.00664816, 0.00438050, 0.00278099, 0.00169855, 0.00100419, 0.00058969, 0.00036619, 0.00026270, 0.00022454, 0.00021192, 0.00019851, 0.00017010, 0.00012341, 0.00006489, 0.00000971, -0.00001927, 0.00000760, -0.00000103, -0.00000805, -0.00001340, -0.00001705, -0.00001905, -0.00001950, -0.00001857, -0.00001647, -0.00001351, -0.00001006, -0.00000658, -0.00000354, -0.00000135, -0.00000021, 0.00000000
4.75098725, 3.12260754, 2.30360036, 1.80134652, 1.46049875, 1.21478066, 1.03035328, 0.88781497, 0.77512179, 0.68435746, 0.61009113, 0.54847128, 0.49669321, 0.45266999, 0.41482062, 0.38192912, 0.35304808, 0.32743098, 0.30448390, 0.23287259, 0.18179229, 0.14342110, 0.11354806, 0.08966429, 0.07028810, 0.05450658, 0.04170119, 0.03140321, 0.02322447, 0.01682702, 0.01191091, 0.00820973, 0.00548886, 0.00354431, 0.00220128, 0.00131241, 0.00075558, 0.00043160, 0.00026176, 0.00018542, 0.00015774, 0.00014755, 0.00013534, 0.00011157, 0.00007504, 0.00003151, -0.00000748, -0.00002571, -0.00000319, -0.00000624, -0.00000816, -0.00000913, -0.00000930, -0.00000885, -0.00000795, -0.00000674, -0.00000537, -0.00000399, -0.00000270, -0.00000162, -0.00000080, -0.00000028, -0.00000004, 0.00000000
5.36889261, 3.30377808, 2.32285778, 1.75490971, 1.38847255, 1.13540888, 0.95222351, 0.81489893, 0.70907395, 0.62563922, 0.55854875, 0.50364348, 0.45797848, 0.41941825, 0.38638317, 0.35768497, 0.33241681, 0.30987798, 0.28952118, 0.22445214, 0.17590575, 0.13816572, 0.10841704, 0.08477254, 0.06589902, 0.05082600, 0.03882112, 0.02931179, 0.02183748, 0.01602042, 0.01154708, 0.00815581, 0.00562797, 0.00378122, 0.00246416, 0.00155191, 0.00094232, 0.00055278, 0.00031745, 0.00018485, 0.00011581, 0.00008163, 0.00006260, 0.00004662, 0.00002804, 0.00000674, -0.00001280, -0.00002215, -0.00000963, -0.00001016, -0.00000995, -0.00000917, -0.00000801, -0.00000662, -0.00000515, -0.00000372, -0.00000245, -0.00000143, -0.00000070, -0.00000025, -0.00000003, 0.00000002, 0.00000001, 0.00000000
4.68366311, 3.09115944, 2.30738691, 1.83073253, 1.50677301, 1.27133720, 1.09244153, 0.95210407, 0.83932331, 0.74693837, 0.67006389, 0.60524220, 0.54995286, 0.50231374, 0.46089077, 0.42457251, 0.39248482, 0.36393141, 0.33835145, 0.25766699, 0.19993749, 0.15659231, 0.12307227, 0.09662391, 0.07550967, 0.05857377, 0.04499708, 0.03416230, 0.02558074, 0.01885212, 0.01364183, 0.00966725, 0.00668885, 0.00450384, 0.00294125, 0.00185797, 0.00113524, 0.00067573, 0.00040083, 0.00024843, 0.00017076, 0.00013265, 0.00010989, 0.00008783, 0.00006012, 0.00002758, -0.00000274, -0.00001851, -0.00000289, -0.00000653, -0.00000911, -0.00001070, -0.00001139, -0.00001129, -0.00001053, -0.00000927, -0.00000766, -0.00000588, -0.00000411, -0.00000252, -0.00000127, -0.00000045, -0.00000006, 0.00000000
4.40345234, 2.83859670, 2.07921361, 1.62782392, 1.32830521, 1.11549610, 0.95705725, 0.83497433, 0.73835835, 0.66021742, 0.59584951, 0.54197518, 0.49623899, 0.45690777, 0.42268019, 0.39256223, 0.36578339, 0.34173868, 0.31994778, 0.24946003, 0.19652832, 0.15529091, 0.12266332, 0.09656045, 0.07554647, 0.05860643, 0.04498878, 0.03410852, 0.02549125, 0.01874153, 0.01352465, 0.00955546, 0.00659097, 0.00442483, 0.00288296, 0.00181970, 0.00111452, 0.00066900, 0.00040410, 0.00025778, 0.00018276, 0.00014460, 0.00011998, 0.00009511, 0.00006441, 0.00002927, -0.00000303, -0.00002024, -0.00000603, -0.00001029, -0.00001308, -0.00001454, -0.00001486, -0.00001423, -0.00001285, -0.00001095, -0.00000874, -0.00000646, -0.00000433, -0.00000253, -0.00000119, -0.00000038, -0.00000004, 0.00000000
5.25173169, 3.46921107, 2.58212578, 2.04130169, 1.67442083, 1.40887125, 1.20809977, 1.05141941, 0.92612571, 0.82393702, 0.73920537, 0.66794065, 0.60724313, 0.55495619, 0.50944457, 0.46944792, 0.43398113, 0.40226475, 0.37367550, 0.28295631, 0.21735131, 0.16823437, 0.13068820, 0.10144254, 0.07836774, 0.06005694, 0.04553308, 0.03407309, 0.02511048, 0.01818321, 0.01290577, 0.00895342, 0.00605242, 0.00397320, 0.00252485, 0.00155033, 0.00092223, 0.00053882, 0.00032049, 0.00020651, 0.00015213, 0.00012601, 0.00010797, 0.00008701, 0.00005959, 0.00002817, -0.00000003, -0.00001411, -0.00000040, -0.00000357, -0.00000569, -0.00000691, -0.00000737, -0.00000721, -0.00000658, -0.00000564, -0.00000451, -0.00000334, -0.00000224, -0.00000131, -0.00000062, -0.00000020, -0.00000002, 0.00000000
4.43488663, 2.90470442, 2.11368214, 1.62942596, 1.30556364, 1.07675621, 0.90880983, 0.78191437, 0.68375939, 0.60629342, 0.54404145, 0.49316447, 0.45090320, 0.41523346, 0.38464482, 0.35799375, 0.33440372, 0.31319571, 0.29383879, 0.23127811, 0.18338574, 0.14524224, 0.11457149, 0.08984748, 0.06993375, 0.05394671, 0.04117968, 0.03105597, 0.02309857, 0.01690983, 0.01215691, 0.00856088, 0.00588826, 0.00394405, 0.00256614, 0.00162044, 0.00099700, 0.00060651, 0.00037748, 0.00025378, 0.00019257, 0.00016254, 0.00014239, 0.00011953, 0.00008903, 0.00005259, 0.00001777, -0.00000281, 0.00000789, -0.00000040, -0.00000724, -0.00001252, -0.00001620, -0.00001830, -0.00001890, -0.00001814, -0.00001621, -0.00001338, -0.00001004, -0.00000662, -0.00000360, -0.00000139, -0.00000023, 0.00000000
4.64040501, 3.03951875, 2.24998561, 1.77280142, 1.45107400, 1.21905020, 1.04392009, 0.90729208, 0.79797175, 0.70871730, 0.63462000, 0.57222784, 0.51903997, 0.47319973, 0.43330014, 0.39825619, 0.36721852, 0.33951346, 0.31460053, 0.23585717, 0.17960071, 0.13783945, 0.10617998, 0.08181388, 0.06286837, 0.04805332, 0.03644836, 0.02737366, 0.02031127, 0.01485640, 0.01068647, 0.00754081, 0.00520679, 0.00351004, 0.00230729, 0.00148097, 0.00093498, 0.00059141, 0.00038783, 0.00027516, 0.00021589, 0.00018255, 0.00015654, 0.00012707, 0.00009026, 0.00004844, 0.00000947, -0.00001385, -0.00000431, -0.00001318, -0.00001974, -0.00002405, -0.00002625, -0.00002652, -0.00002512, -0.00002239, -0.00001868, -0.00001443, -0.00001012, -0.00000620, -0.00000310, -0.00000107, -0.00000014, 0.00000000
4.60482284, 3.09315287, 2.33417096, 1.86195290, 1.53499109, 1.29421252, 1.10969886, 0.96427172, 0.84718857, 0.75131191, 0.67168263, 0.60473542, 0.54783710, 0.49900016, 0.45669723, 0.41973666, 0.38717662, 0.35826441, 0.33239253, 0.25164252, 0.19470707, 0.15256491, 0.12021433, 0.09465716, 0.07410742, 0.05746498, 0.04399883, 0.03317474, 0.02456758, 0.01781885, 0.01261695, 0.00868803, 0.00579162, 0.00371803, 0.00228641, 0.00134277, 0.00075804, 0.00042597, 0.00026104, 0.00019641, 0.00018190, 0.00018218, 0.00017497, 0.00014948, 0.00010493, 0.00004928, -0.00000198, -0.00002693, 0.00000190, -0.00000374, -0.00000806, -0.00001111, -0.00001294, -0.00001366, -0.00001340, -0.00001231, -0.00001058, -0.00000843, -0.00000611, -0.00000390, -0.00000204, -0.00000075, -0.00000011, 0.00000000
4.67696175, 3.01536232, 2.20786365, 1.72818454, 1.41017117, 1.18429623, 1.01605603, 0.88626332, 0.78334944, 0.69990713, 0.63096887, 0.57307894, 0.52376076, 0.48119532, 0.44401868, 0.41118998, 0.38190276, 0.35552384, 0.33155028, 0.25390218, 0.19618692, 0.15161734, 0.11668570, 0.08922976, 0.06770411, 0.05091261, 0.03789858, 0.02788891, 0.02025788, 0.01449993, 0.01020764, 0.00705363, 0.00477563, 0.00316424, 0.00205299, 0.00131025, 0.00083266, 0.00053989, 0.00037035, 0.00027773, 0.00022826, 0.00019845, 0.00017322, 0.00014447, 0.00010982, 0.00007163, 0.00003616, 0.00001285, 0.00001373, 0.00000130, -0.00000900, -0.00001700, -0.00002266, -0.00002602, -0.00002718, -0.00002632, -0.00002372, -0.00001975, -0.00001495, -0.00000996, -0.00000549, -0.00000216, -0.00000036, 0.00000000
5.10260312, 3.33532221, 2.47694464, 1.96069628, 1.61245867, 1.36054101, 1.16959922, 1.01996580, 0.89971447, 0.80113894, 0.71901232, 0.64965194, 0.59038268, 0.53921203, 0.49462467, 0.45544761, 0.42075907, 0.38982504, 0.36205433, 0.27412271, 0.21114534, 0.16398866, 0.12770731, 0.09929354, 0.07681866, 0.05897538, 0.04482443, 0.03365495, 0.02490668, 0.01812563, 0.01293745, 0.00903056, 0.00614463, 0.00406218, 0.00260211, 0.00161446, 0.00097616, 0.00058736, 0.00036833, 0.00025682, 0.00020579, 0.00018142, 0.00016141, 0.00013350, 0.00009418, 0.00004757, 0.00000437, -0.00001900, -0.00000124, -0.00000840, -0.00001375, -0.00001736, -0.00001931, -0.00001977, -0.00001893, -0.00001703, -0.00001434, -0.00001118, -0.00000792, -0.00000491, -0.00000249, -0.00000088, -0.00000012, 0.00000000
4.80402662, 3.14333684, 2.29929045, 1.78344563, 1.43685557, 1.19017336, 1.00753989, 0.86828872, 0.75959181, 0.67304785, 0.60292737, 0.54519750, 0.49694659, 0.45602832, 0.42083278, 0.39013458, 0.36298919, 0.33866070, 0.31657030, 0.24530371, 0.19133802, 0.14887096, 0.11527016, 0.08873852, 0.06786841, 0.05152436, 0.03878830, 0.02891998, 0.02132406, 0.01552263, 0.01113250, 0.00784672, 0.00541969, 0.00365517, 0.00239671, 0.00151998, 0.00092663, 0.00053935, 0.00029796, 0.00015614, 0.00007894, 0.00004066, 0.00002316, 0.00001450, 0.00000781, 0.00000041, -0.00000695, -0.00001073, -0.00000504, -0.00000495, -0.00000459, -0.00000404, -0.00000335, -0.00000260, -0.00000185, -0.00000115, -0.00000056, -0.00000012, 0.00000014, 0.00000023, 0.00000020, 0.00000011, 0.00000002, 0.00000000
4.45076712, 2.86596930, 2.08832287, 1.62273305, 1.31322585, 1.09385074, 0.93140017, 0.80713751, 0.70962132, 0.63145023, 0.56762229, 0.51463943, 0.46998705, 0.43181631, 0.39874200, 0.36970957, 0.34390517, 0.32069325, 0.29957231, 0.23140440, 0.18027195, 0.14052270, 0.10925915, 0.08454618, 0.06498659, 0.04953105, 0.03736787, 0.02785481, 0.02047532, 0.01480949, 0.01051363, 0.00730561, 0.00495357, 0.00326729, 0.00209116, 0.00129858, 0.00078732, 0.00047569, 0.00029933, 0.00020861, 0.00016640, 0.00014616, 0.00013045, 0.00010958, 0.00008051, 0.00004592, 0.00001344, -0.00000507, 0.00000599, -0.00000098, -0.00000666, -0.00001099, -0.00001397, -0.00001564, -0.00001608, -0.00001541, -0.00001377, -0.00001141, -0.00000860, -0.00000572, -0.00000314, -0.00000123, -0.00000020, 0.00000000
4.65073074, 2.98935213, 2.18239792, 1.69927859, 1.37662493, 1.14649416, 0.97499221, 0.84306195, 0.73905945, 0.65542757, 0.58703339, 0.53026530, 0.48250948, 0.44183037, 0.40676706, 0.37619908, 0.34925517, 0.32524979, 0.30363794, 0.23480133, 0.18408258, 0.14483359, 0.11378567, 0.08896131, 0.06904135, 0.05307720, 0.04034384, 0.03026210, 0.02235615, 0.01622879, 0.01154606, 0.00802658, 0.00543358, 0.00356863, 0.00226635, 0.00138990, 0.00082723, 0.00048765, 0.00029905, 0.00020534, 0.00016435, 0.00014596, 0.00013048, 0.00010726, 0.00007349, 0.00003313, -0.00000401, -0.00002313, -0.00000519, -0.00000985, -0.00001306, -0.00001495, -0.00001564, -0.00001531, -0.00001413, -0.00001232, -0.00001009, -0.00000767, -0.00000531, -0.00000323, -0.00000160, -0.00000056, -0.00000008, 0.00000000
4.61860164, 2.94111268, 2.14776632, 1.68049544, 1.37055863, 1.14946609, 0.98388250, 0.85546911, 0.75321823, 0.67008194, 0.60131942, 0.54361592, 0.49458057, 0.45244453, 0.41587110, 0.38383195, 0.35552375, 0.33031062, 0.30768331, 0.23576109, 0.18355056, 0.14381149, 0.11278339, 0.08818255, 0.06852955, 0.05280397, 0.04025605, 0.03030446, 0.02248058, 0.01639730, 0.01173050, 0.00820729, 0.00559776, 0.00370876, 0.00237886, 0.00147418, 0.00088473, 0.00052133, 0.00031283, 0.00020372, 0.00015206, 0.00012766, 0.00011044, 0.00008909, 0.00005981, 0.00002524, -0.00000646, -0.00002249, -0.00000616, -0.00000948, -0.00001158, -0.00001259, -0.00001267, -0.00001199, -0.00001071, -0.00000903, -0.00000714, -0.00000522, -0.00000345, -0.00000199, -0.00000092, -0.00000029, -0.00000003, 0.00000000
4.68833243, 3.00381573, 2.18843624, 1.70375177, 1.38212881, 1.15375843, 0.98396486, 0.85338920, 0.75029952, 0.66714476, 0.59883713, 0.54182352, 0.49355014, 0.45213783, 0.41617637, 0.38458985, 0.35654565, 0.33139150, 0.30861091, 0.23588653, 0.18257389, 0.14215781, 0.11091727, 0.08635684, 0.06683751, 0.05126377, 0.03886269, 0.02905188, 0.02136714, 0.01542427, 0.01089889, 0.00751522, 0.00503911, 0.00327300, 0.00205179, 0.00123912, 0.00072396, 0.00041742, 0.00024983, 0.00016803, 0.00013298, 0.00011753, 0.00010455, 0.00008524, 0.00005763, 0.00002533, -0.00000355, -0.00001738, -0.00000176, -0.00000435, -0.00000600, -0.00000686, -0.00000706, -0.00000673, -0.00000603, -0.00000507, -0.00000400, -0.00000291, -0.00000192, -0.00000111, -0.00000052, -0.00000016, -0.00000002, 0.00000000
4.92270385, 3.26991057, 2.43004945, 1.90989664, 1.55410350, 1.29599950, 1.10128576, 0.95015398, 0.83022934, 0.73333355, 0.65382950, 0.58770286, 0.53201952, 0.48458875, 0.44374560, 0.40820553, 0.37696459, 0.34922936, 0.32436657, 0.24693562, 0.19185603, 0.15092430, 0.11959984, 0.09493615, 0.07510255, 0.05896979, 0.04581036, 0.03511634, 0.02649946, 0.01963981, 0.01426095, 0.01011856, 0.00699535, 0.00469883, 0.00306002, 0.00193245, 0.00119103, 0.00073077, 0.00046545, 0.00032603, 0.00025925, 0.00022605, 0.00020014, 0.00016665, 0.00012077, 0.00006660, 0.00001597, -0.00001256, 0.00000530, -0.00000478, -0.00001268, -0.00001840, -0.00002202, -0.00002366, -0.00002353, -0.00002187, -0.00001900, -0.00001529, -0.00001119, -0.00000721, -0.00000382, -0.00000143, -0.00000022, 0.00000000
3.98341598, 2.63626297, 1.97416263, 1.57014785, 1.29471633, 1.09425321, 0.94194683, 0.82262187, 0.72692289, 0.64871635, 0.58379188, 0.52915493, 0.48261487, 0.44253219, 0.40765632, 0.37701806, 0.34985592, 0.32556450, 0.30365753, 0.23379721, 0.18267086, 0.14365848, 0.11318831, 0.08897913, 0.06954649, 0.05389036, 0.04129758, 0.03122689, 0.02324526, 0.01699338, 0.01216660, 0.00850406, 0.00578190, 0.00380850, 0.00242088, 0.00148156, 0.00087591, 0.00050968, 0.00030677, 0.00020722, 0.00016538, 0.00014828, 0.00013411, 0.00011096, 0.00007558, 0.00003236, -0.00000763, -0.00002749, -0.00000528, -0.00000919, -0.00001179, -0.00001320, -0.00001355, -0.00001302, -0.00001180, -0.00001007, -0.00000806, -0.00000596, -0.00000399, -0.00000233, -0.00000109, -0.00000034, -0.00000004, 0.00000000
5.39585016, 3.32173760, 2.33487067, 1.75951101, 1.38619626, 1.12765201, 0.94050981, 0.80058977, 0.69328724, 0.60925130, 0.54222479, 0.48787421, 0.44311469, 0.40570049, 0.37396612, 0.34665709, 0.32281596, 0.30170380, 0.28274478, 0.22395544, 0.18091516, 0.14808516, 0.12217825, 0.10078358, 0.08253445, 0.06677195, 0.05319459, 0.04163787, 0.03196507, 0.02402510, 0.01764413, 0.01263161, 0.00879042, 0.00592675, 0.00385778, 0.00241701, 0.00145742, 0.00085286, 0.00049817, 0.00030844, 0.00021766, 0.00017709, 0.00015348, 0.00012717, 0.00009035, 0.00004536, 0.00000309, -0.00001841, 0.00000477, -0.00000047, -0.00000464, -0.00000773, -0.00000976, -0.00001082, -0.00001098, -0.00001037, -0.00000912, -0.00000743, -0.00000550, -0.00000359, -0.00000193, -0.00000074, -0.00000012, 0.00000000
4.97544946, 3.19361686, 2.33707938, 1.82920456, 1.49210426, 1.25224196, 1.07330884, 0.93512964, 0.82552042, 0.73665810, 0.66327925, 0.60171028, 0.54931049, 0.50413516, 0.46472290, 0.42995661, 0.39896968, 0.37108131, 0.34575060, 0.26394451, 0.20326818, 0.15674844, 0.12062042, 0.09239299, 0.07029887, 0.05303036, 0.03958826, 0.02919068, 0.02121556, 0.01516279, 0.01062788, 0.00728287, 0.00486181, 0.00314952, 0.00197260, 0.00119216, 0.00069789, 0.00040321, 0.00024123, 0.00016140, 0.00012674, 0.00011154, 0.00009944, 0.00008180, 0.00005638, 0.00002622, -0.00000128, -0.00001517, -0.00000160, -0.00000493, -0.00000728, -0.00000872, -0.00000935, -0.00000929, -0.00000867, -0.00000761, -0.00000626, -0.00000478, -0.00000332, -0.00000202, -0.00000101, -0.00000035, -0.00000005, 0.00000000
4.75170423, 2.99129449, 2.16612377, 1.68587361, 1.37115641, 1.14910096, 0.98434385, 0.85754025, 0.75716352, 0.67589425, 0.60885152, 0.55265229, 0.50487739, 0.46375185, 0.42794514, 0.39644146, 0.36845311, 0.34336091, 0.32067230, 0.24783513, 0.19408200, 0.15278778, 0.12036415, 0.09452060, 0.07375226, 0.05702753, 0.04359610, 0.03287891, 0.02440766, 0.01779170, 0.01269958, 0.00884803, 0.00599480, 0.00393343, 0.00248914, 0.00151519, 0.00088985, 0.00051348, 0.00030606, 0.00020489, 0.00016250, 0.00014486, 0.00012971, 0.00010507, 0.00006801, 0.00002337, -0.00001721, -0.00003627, -0.00001144, -0.00001381, -0.00001490, -0.00001491, -0.00001406, -0.00001259, -0.00001070, -0.00000860, -0.00000650, -0.00000455, -0.00000289, -0.00000161, -0.00000073, -0.00000023, -0.00000003, 0.00000000
4.78702699, 3.16465929, 2.34522927, 1.84232279, 1.50120350, 1.25542692, 1.07096695, 0.92830847, 0.81535350, 0.72416832, 0.64932485, 0.58698448, 0.53435976, 0.48938208, 0.45048815, 0.41647830, 0.38641962, 0.35957829, 0.33537130, 0.25871276, 0.20275458, 0.16004734, 0.12658005, 0.09982609, 0.07819546, 0.06065133, 0.04646563, 0.03508214, 0.02604606, 0.01896960, 0.01351568, 0.00938994, 0.00633634, 0.00413406, 0.00259474, 0.00155979, 0.00089762, 0.00050088, 0.00028384, 0.00017974, 0.00013851, 0.00012449, 0.00011448, 0.00009597, 0.00006550, 0.00002733, -0.00000787, -0.00002404, -0.00000065, -0.00000294, -0.00000459, -0.00000562, -0.00000612, -0.00000614, -0.00000577, -0.00000510, -0.00000423, -0.00000326, -0.00000228, -0.00000140, -0.00000071, -0.00000025, -0.00000004, 0.00000000
4.28983424, 2.83776600, 2.09536885, 1.63844253, 1.32876702, 1.10622372, 0.93980090, 0.81163651, 0.71062973, 0.62949052, 0.56322762, 0.50831047, 0.46217561, 0.42292129, 0.38911120, 0.35964384, 0.33366346, 0.31049760, 0.28961259, 0.22358463, 0.17543334, 0.13858715, 0.10960515, 0.08638943, 0.06761590, 0.05240253, 0.04011611, 0.03026702, 0.02245452, 0.01633883, 0.01162678, 0.00806397, 0.00542992, 0.00353467, 0.00221590, 0.00133630, 0.00078125, 0.00045647, 0.00028600, 0.00021017, 0.00018383, 0.00017477, 0.00016222, 0.00013558, 0.00009324, 0.00004156, -0.00000605, -0.00002992, -0.00000488, -0.00001016, -0.00001381, -0.00001595, -0.00001675, -0.00001639, -0.00001510, -0.00001311, -0.00001067, -0.00000805, -0.00000550, -0.00000328, -0.00000159, -0.00000053, -0.00000006, 0.00000000
4.88658725, 3.25984749, 2.42397013, 1.90485316, 1.55004729, 1.29326170, 1.10012088, 0.95068396, 0.83246690, 0.73721447, 0.65923920, 0.59449571, 0.54003226, 0.49364957, 0.45368021, 0.41884112, 0.38813240, 0.36076620, 0.33611580, 0.25834006, 0.20178104, 0.15870612, 0.12505342, 0.09827690, 0.07674532, 0.05937210, 0.04538611, 0.03420089, 0.02534408, 0.01842027, 0.01309136, 0.00906574, 0.00609176, 0.00395320, 0.00246573, 0.00147380, 0.00084779, 0.00048137, 0.00028907, 0.00020395, 0.00017555, 0.00016794, 0.00015799, 0.00013377, 0.00009317, 0.00004258, -0.00000428, -0.00002741, -0.00000150, -0.00000671, -0.00001056, -0.00001311, -0.00001443, -0.00001466, -0.00001395, -0.00001247, -0.00001044, -0.00000810, -0.00000571, -0.00000353, -0.00000178, -0.00000062, -0.00000009, 0.00000000
4.00664849, 2.68937382, 2.03055738, 1.62164913, 1.33880827, 1.13046998, 0.97061809, 0.84437908, 0.74249016, 0.65881897, 0.58911690, 0.53033590, 0.48022792, 0.43709734, 0.39964120, 0.36684248, 0.33789656, 0.31215943, 0.28911032, 0.21657781, 0.16503042, 0.12664839, 0.09734858, 0.07467608, 0.05701506, 0.04323042, 0.03248632, 0.02414630, 0.01771433, 0.01279757, 0.00908153, 0.00631263, 0.00428558, 0.00283378, 0.00182209, 0.00114113, 0.00070276, 0.00043655, 0.00028691, 0.00021072, 0.00017555, 0.00015807, 0.00014288, 0.00012141, 0.00009120, 0.00005510, 0.00002077, 0.00000013, 0.00000893, -0.00000015, -0.00000779, -0.00001386, -0.00001825, -0.00002096, -0.00002202, -0.00002152, -0.00001960, -0.00001652, -0.00001268, -0.00000858, -0.00000482, -0.00000194, -0.00000034, 0.00000000
4.04617321, 2.66848508, 1.98442869, 1.56966447, 1.28996503, 1.08859464, 0.93701159, 0.81911123, 0.72504498, 0.64842328, 0.58490962, 0.53145477, 0.48585254, 0.44646876, 0.41206892, 0.38170467, 0.35463693, 0.33028242, 0.30817575, 0.23680860, 0.18387952, 0.14306842, 0.11105139, 0.08575376, 0.06573884, 0.04994044, 0.03753130, 0.02785191, 0.02036837, 0.01464485, 0.01032420, 0.00711346, 0.00477248, 0.00310496, 0.00195098, 0.00118108, 0.00069117, 0.00039854, 0.00023837, 0.00016091, 0.00012919, 0.00011701, 0.00010732, 0.00009092, 0.00006524, 0.00003347, 0.00000371, -0.00001168, 0.00000333, -0.00000100, -0.00000451, -0.00000716, -0.00000894, -0.00000990, -0.00001008, -0.00000957, -0.00000848, -0.00000697, -0.00000520, -0.00000343, -0.00000186, -0.00000072, -0.00000012, 0.00000000
4.25068502, 2.83038474, 2.13531518, 1.71201655, 1.42297616, 1.21166223, 1.05006249, 0.92245941, 0.81923182, 0.73410474, 0.66278528, 0.60222564, 0.55019720, 0.50503074, 0.46545093, 0.43046684, 0.39929746, 0.37131948, 0.34603006, 0.26504558, 0.20576411, 0.16095806, 0.12642527, 0.09928518, 0.07764580, 0.06026591, 0.04629575, 0.03511453, 0.02623845, 0.01927129, 0.01387851, 0.00977345, 0.00670952, 0.00447530, 0.00289082, 0.00180446, 0.00109012, 0.00064450, 0.00038462, 0.00024536, 0.00017731, 0.00014468, 0.00012351, 0.00009995, 0.00006880, 0.00003223, -0.00000145, -0.00001873, -0.00000183, -0.00000577, -0.00000847, -0.00001008, -0.00001073, -0.00001058, -0.00000978, -0.00000850, -0.00000693, -0.00000524, -0.00000359, -0.00000216, -0.00000105, -0.00000036, -0.00000005, 0.00000000
4.65073074, 2.98935213, 2.18239792, 1.69927859, 1.37662493, 1.14649416, 0.97499221, 0.84306195, 0.73905945, 0.65542757, 0.58703339, 0.53026530, 0.48250948, 0.44183037, 0.40676706, 0.37619908, 0.34925517, 0.32524979, 0.30363794, 0.23480133, 0.18408258, 0.14483359, 0.11378567, 0.08896131, 0.06904135, 0.05307720, 0.04034384, 0.03026210, 0.02235615, 0.01622879, 0.01154606, 0.00802658, 0.00543358, 0.00356863, 0.00226635, 0.00138990, 0.00082723, 0.00048765, 0.00029905, 0.00020534, 0.00016435, 0.00014596, 0.00013048, 0.00010726, 0.00007349, 0.00003313, -0.00000401, -0.00002313, -0.00000519, -0.00000985, -0.00001306, -0.00001495, -0.00001564, -0.00001531, -0.00001413, -0.00001232, -0.00001009, -0.00000767, -0.00000531, -0.00000323, -0.00000160, -0.00000056, -0.00000008, 0.00000000
3.77956704, 2.53174327, 1.89305348, 1.49810340, 1.22862793, 1.03342611, 0.88616348, 0.77169394, 0.68060660, 0.60671642, 0.54578194, 0.49479620, 0.45156964, 0.41447249, 0.38226910, 0.35400790, 0.32894611, 0.30649710, 0.28619278, 0.22099110, 0.17265773, 0.13519525, 0.10562379, 0.08212089, 0.06342158, 0.04857824, 0.03684897, 0.02763851, 0.02046293, 0.01492604, 0.01070247, 0.00752469, 0.00517287, 0.00346661, 0.00225834, 0.00142788, 0.00087791, 0.00053036, 0.00032333, 0.00020860, 0.00014958, 0.00011956, 0.00010034, 0.00008100, 0.00005693, 0.00002900, 0.00000284, -0.00001176, -0.00000145, -0.00000592, -0.00000921, -0.00001137, -0.00001247, -0.00001263, -0.00001198, -0.00001068, -0.00000891, -0.00000690, -0.00000485, -0.00000299, -0.00000150, -0.00000053, -0.00000007, 0.00000000
4.53484383, 3.03177806, 2.25727455, 1.77317190, 1.44038431, 1.19854568, 1.01621998, 0.87504625, 0.76344281, 0.67369524, 0.60045332, 0.53988922, 0.48919566, 0.44627194, 0.40951950, 0.37770456, 0.34986324, 0.32523463, 0.30321252, 0.23428204, 0.18423551, 0.14600221, 0.11608112, 0.09220983, 0.07291807, 0.05723463, 0.04448467, 0.03416630, 0.02588155, 0.01929955, 0.01413724, 0.01014932, 0.00712254, 0.00487208, 0.00323889, 0.00208738, 0.00130329, 0.00079165, 0.00047483, 0.00029068, 0.00019079, 0.00013888, 0.00010933, 0.00008583, 0.00006018, 0.00003119, 0.00000372, -0.00001219, -0.00000205, -0.00000685, -0.00001026, -0.00001238, -0.00001335, -0.00001331, -0.00001245, -0.00001095, -0.00000902, -0.00000688, -0.00000477, -0.00000289, -0.00000142, -0.00000048, -0.00000006, 0.00000000
5.12300977, 3.43740589, 2.57623266, 2.04041236, 1.67207753, 1.40346534, 1.19971950, 1.04069960, 0.91380808, 0.81070473, 0.72562846, 0.65446672, 0.59420578, 0.54258937, 0.49789787, 0.45880075, 0.42425508, 0.39343410, 0.36567596, 0.27778645, 0.21416874, 0.16601361, 0.12872167, 0.09946648, 0.07637626, 0.05813457, 0.04376563, 0.03251530, 0.02378307, 0.01708120, 0.01200898, 0.00823516, 0.00548544, 0.00353291, 0.00219057, 0.00130523, 0.00075249, 0.00043256, 0.00026671, 0.00019431, 0.00017027, 0.00016294, 0.00015222, 0.00012803, 0.00008894, 0.00004102, -0.00000322, -0.00002564, -0.00000337, -0.00000898, -0.00001307, -0.00001570, -0.00001698, -0.00001704, -0.00001607, -0.00001427, -0.00001189, -0.00000918, -0.00000645, -0.00000397, -0.00000200, -0.00000070, -0.00000010, 0.00000000
4.56066268, 2.87979228, 2.04558604, 1.55214318, 1.23105913, 1.00908674, 0.84893538, 0.72955757, 0.63818049, 0.56662577, 0.50943647, 0.46285077, 0.42420594, 0.39157572, 0.36354095, 0.33903986, 0.31726752, 0.29760683, 0.27958006, 0.22093186, 0.17566703, 0.13955884, 0.11050981, 0.08702961, 0.06802254, 0.05266517, 0.04031660, 0.03046005, 0.02266735, 0.01657763, 0.01188411, 0.00832530, 0.00567864, 0.00375546, 0.00239685, 0.00147002, 0.00086511, 0.00049244, 0.00027994, 0.00017096, 0.00012236, 0.00010273, 0.00009094, 0.00007481, 0.00004994, 0.00001874, -0.00001046, -0.00002417, -0.00000440, -0.00000599, -0.00000692, -0.00000726, -0.00000712, -0.00000658, -0.00000575, -0.00000474, -0.00000365, -0.00000260, -0.00000167, -0.00000092, -0.00000041, -0.00000012, -0.00000001, 0.00000000
4.59619500, 3.04303716, 2.26579794, 1.78863390, 1.46327072, 1.22709107, 1.04836945, 0.90900860, 0.79780587, 0.70740454, 0.63275434, 0.57026685, 0.51732123, 0.47195985, 0.43269289, 0.39836840, 0.36808354, 0.34112231, 0.31691097, 0.24056548, 0.18560449, 0.14427069, 0.11247156, 0.08760719, 0.06796101, 0.05236033, 0.03996813, 0.03015885, 0.02244571, 0.01643790, 0.01181497, 0.00831068, 0.00570238, 0.00380352, 0.00245810, 0.00153625, 0.00093074, 0.00055394, 0.00033538, 0.00021952, 0.00016392, 0.00013758, 0.00011957, 0.00009775, 0.00006772, 0.00003181, -0.00000170, -0.00001944, -0.00000357, -0.00000816, -0.00001145, -0.00001350, -0.00001442, -0.00001435, -0.00001343, -0.00001185, -0.00000981, -0.00000754, -0.00000526, -0.00000322, -0.00000161, -0.00000056, -0.00000008, 0.00000000
4.17438084, 2.71436591, 2.01304318, 1.59492589, 1.31469817, 1.11289368, 0.96038137, 0.84105122, 0.74519081, 0.66655784, 0.60093896, 0.54537882, 0.49773925, 0.45643360, 0.42025930, 0.38828837, 0.35979368, 0.33419781, 0.31103685, 0.23642569, 0.18165921, 0.13995063, 0.10765912, 0.08247624, 0.06279473, 0.04743009, 0.03547789, 0.02623202, 0.01913333, 0.01373506, 0.00967827, 0.00667364, 0.00448761, 0.00293175, 0.00185427, 0.00113338, 0.00067194, 0.00039319, 0.00023726, 0.00015840, 0.00012265, 0.00010600, 0.00009282, 0.00007465, 0.00004908, 0.00001891, -0.00000863, -0.00002248, -0.00000841, -0.00001112, -0.00001267, -0.00001319, -0.00001284, -0.00001181, -0.00001026, -0.00000841, -0.00000644, -0.00000454, -0.00000288, -0.00000157, -0.00000068, -0.00000019, -0.00000002, 0.00000000
3.77956704, 2.53174327, 1.89305348, 1.49810340, 1.22862793, 1.03342611, 0.88616348, 0.77169394, 0.68060660, 0.60671642, 0.54578194, 0.49479620, 0.45156964, 0.41447249, 0.38226910, 0.35400790, 0.32894611, 0.30649710, 0.28619278, 0.22099110, 0.17265773, 0.13519525, 0.10562379, 0.08212089, 0.06342158, 0.04857824, 0.03684897, 0.02763851, 0.02046293, 0.01492604, 0.01070247, 0.00752469, 0.00517287, 0.00346661, 0.00225834, 0.00142788, 0.00087791, 0.00053036, 0.00032333, 0.00020860, 0.00014958, 0.00011956, 0.00010034, 0.00008100, 0.00005693, 0.00002900, 0.00000284, -0.00001176, -0.00000145, -0.00000592, -0.00000921, -0.00001137, -0.00001247, -0.00001263, -0.00001198, -0.00001068, -0.00000891, -0.00000690, -0.00000485, -0.00000299, -0.00000150, -0.00000053, -0.00000007, 0.00000000
4.30641832, 2.93368399, 2.22435994, 1.78053121, 1.47382756, 1.24877760, 1.07683535, 0.94154003, 0.83262206, 0.74329767, 0.66888810, 0.60605596, 0.55235548, 0.50595417, 0.46545342, 0.42976880, 0.39804807, 0.36961350, 0.34392055, 0.26155581, 0.20121619, 0.15524694, 0.11962130, 0.09179373, 0.07000255, 0.05295669, 0.03967234, 0.02938014, 0.02146837, 0.01544571, 0.01091539, 0.00755622, 0.00510811, 0.00336091, 0.00214535, 0.00132588, 0.00079474, 0.00046718, 0.00027751, 0.00017580, 0.00012522, 0.00009979, 0.00008251, 0.00006385, 0.00004043, 0.00001393, -0.00000975, -0.00002133, -0.00000870, -0.00001037, -0.00001103, -0.00001087, -0.00001009, -0.00000886, -0.00000738, -0.00000579, -0.00000424, -0.00000287, -0.00000175, -0.00000092, -0.00000039, -0.00000011, -0.00000001, 0.00000000
5.21080650, 3.28958073, 2.37583028, 1.83947449, 1.48657997, 1.23742610, 1.05290349, 0.91141350, 0.79998243, 0.71031744, 0.63685935, 0.57573944, 0.52418303, 0.48015027, 0.44211029, 0.40889388, 0.37959462, 0.35350064, 0.33004644, 0.25465130, 0.19861390, 0.15477135, 0.11994380, 0.09229735, 0.07048218, 0.05339324, 0.04010554, 0.02984976, 0.02199383, 0.01602434, 0.01152810, 0.00817497, 0.00570265, 0.00390381, 0.00261531, 0.00170936, 0.00108645, 0.00066952, 0.00039944, 0.00023127, 0.00013138, 0.00007507, 0.00004472, 0.00002832, 0.00001822, 0.00001027, 0.00000297, -0.00000311, -0.00000581, -0.00000866, -0.00001051, -0.00001144, -0.00001157, -0.00001102, -0.00000994, -0.00000849, -0.00000682, -0.00000509, -0.00000346, -0.00000207, -0.00000102, -0.00000035, -0.00000005, 0.00000000
5.14689765, 3.16669401, 2.23844818, 1.70505257, 1.36239860, 1.12627691, 0.95544738, 0.82727207, 0.72827866, 0.64995513, 0.58667092, 0.53456434, 0.49090845, 0.45373091, 0.42157638, 0.39335267, 0.36822826, 0.34556220, 0.32485504, 0.25706654, 0.20467372, 0.16288493, 0.12925871, 0.10203165, 0.07992766, 0.06200838, 0.04755358, 0.03598411, 0.02681740, 0.01964266, 0.01410691, 0.00990633, 0.00678037, 0.00450697, 0.00289853, 0.00179813, 0.00107610, 0.00062681, 0.00036575, 0.00022680, 0.00015990, 0.00012881, 0.00010924, 0.00008714, 0.00005723, 0.00002168, -0.00001098, -0.00002689, -0.00000766, -0.00000999, -0.00001123, -0.00001153, -0.00001109, -0.00001008, -0.00000867, -0.00000703, -0.00000533, -0.00000373, -0.00000235, -0.00000127, -0.00000054, -0.00000015, -0.00000001, 0.00000000
4.36772873, 2.87797210, 2.12799471, 1.66918427, 1.35878297, 1.13558811, 0.96833381, 0.83913449, 0.73692950, 0.65448116, 0.58684684, 0.53053675, 0.48302000, 0.44242034, 0.40732104, 0.37663555, 0.34951928, 0.32530810, 0.30347440, 0.23436205, 0.18393970, 0.14544741, 0.11525521, 0.09108822, 0.07151749, 0.05561260, 0.04272199, 0.03234966, 0.02409119, 0.01760223, 0.01258329, 0.00877231, 0.00594059, 0.00389004, 0.00245084, 0.00147915, 0.00085486, 0.00047934, 0.00027318, 0.00017409, 0.00013490, 0.00012173, 0.00011232, 0.00009447, 0.00006471, 0.00002713, -0.00000777, -0.00002394, -0.00000064, -0.00000296, -0.00000463, -0.00000570, -0.00000623, -0.00000627, -0.00000592, -0.00000526, -0.00000438, -0.00000338, -0.00000238, -0.00000147, -0.00000075, -0.00000027, -0.00000004, 0.00000000
4.32859337, 2.87872579, 2.16186543, 1.72294240, 1.42267014, 1.20327103, 1.03587528, 0.90416579, 0.79809396, 0.71107433, 0.63858463, 0.57740507, 0.52517637, 0.48012890, 0.44090934, 0.40646568, 0.37596865, 0.34875656, 0.32429588, 0.24666077, 0.19062827, 0.14836862, 0.11568858, 0.09000403, 0.06963745, 0.05344078, 0.04058249, 0.03042859, 0.02247614, 0.01631524, 0.01160632, 0.00806571, 0.00545575, 0.00357758, 0.00226545, 0.00138212, 0.00081502, 0.00047296, 0.00028329, 0.00018948, 0.00014897, 0.00013134, 0.00011675, 0.00009446, 0.00006169, 0.00002249, -0.00001320, -0.00003037, -0.00000977, -0.00001235, -0.00001369, -0.00001396, -0.00001338, -0.00001212, -0.00001040, -0.00000843, -0.00000639, -0.00000447, -0.00000281, -0.00000153, -0.00000065, -0.00000018, -0.00000001, 0.00000000
4.27999298, 2.85519140, 2.13275897, 1.68776260, 1.38472881, 1.16547921, 1.00021028, 0.87181268, 0.76966513, 0.68679083, 0.61840787, 0.56112848, 0.51248814, 0.47065466, 0.43424111, 0.40218138, 0.37364511, 0.34797819, 0.32466016, 0.24964903, 0.19392541, 0.15111384, 0.11773642, 0.09143903, 0.07059252, 0.05404058, 0.04092973, 0.03060345, 0.02253915, 0.01631067, 0.01156534, 0.00800915, 0.00539658, 0.00352293, 0.00221844, 0.00134329, 0.00078349, 0.00044731, 0.00026218, 0.00017202, 0.00013489, 0.00012096, 0.00011079, 0.00009377, 0.00006684, 0.00003332, 0.00000196, -0.00001387, 0.00000302, -0.00000096, -0.00000408, -0.00000637, -0.00000783, -0.00000854, -0.00000855, -0.00000799, -0.00000695, -0.00000560, -0.00000410, -0.00000264, -0.00000140, -0.00000053, -0.00000008, 0.00000000
5.01218243, 3.22326317, 2.32056158, 1.77339694, 1.40904552, 1.15221419, 0.96401909, 0.82208759, 0.71256116, 0.62638606, 0.55740589, 0.50130189, 0.45496797, 0.41612436, 0.38306930, 0.35451445, 0.32947265, 0.30717982, 0.28703936, 0.22358357, 0.17663859, 0.14032251, 0.11158974, 0.08842867, 0.06955423, 0.05413296, 0.04158326, 0.03145863, 0.02338798, 0.01704799, 0.01215153, 0.00844326, 0.00569780, 0.00371863, 0.00233679, 0.00140926, 0.00081704, 0.00046293, 0.00026934, 0.00017605, 0.00013804, 0.00012346, 0.00011183, 0.00009230, 0.00006220, 0.00002563, -0.00000762, -0.00002316, -0.00000288, -0.00000524, -0.00000672, -0.00000742, -0.00000748, -0.00000704, -0.00000623, -0.00000519, -0.00000404, -0.00000290, -0.00000189, -0.00000106, -0.00000048, -0.00000015, -0.00000002, 0.00000000
4.38070933, 2.83823500, 2.08574107, 1.63219920, 1.32727894, 1.10849829, 0.94461191, 0.81798225, 0.71778333, 0.63695588, 0.57068340, 0.51556240, 0.46911993, 0.42951801, 0.39536473, 0.36558917, 0.33935621, 0.31600701, 0.29501647, 0.22828295, 0.17920498, 0.14136888, 0.11156099, 0.08775688, 0.06861215, 0.05319064, 0.04080247, 0.03091132, 0.02308254, 0.01695427, 0.01222070, 0.00862173, 0.00593606, 0.00397595, 0.00258310, 0.00162508, 0.00099222, 0.00059489, 0.00036101, 0.00023389, 0.00017028, 0.00013863, 0.00011761, 0.00009471, 0.00006509, 0.00003054, -0.00000148, -0.00001863, -0.00000447, -0.00000898, -0.00001211, -0.00001395, -0.00001466, -0.00001438, -0.00001329, -0.00001159, -0.00000949, -0.00000722, -0.00000499, -0.00000302, -0.00000150, -0.00000051, -0.00000007, 0.00000000
5.39565593, 3.46122806, 2.56861573, 2.04127955, 1.68534622, 1.42541574, 1.22583747, 1.06730551, 0.93828585, 0.83136534, 0.74150749, 0.66514024, 0.59964268, 0.54303863, 0.49380448, 0.45074358, 0.41290131, 0.37950591, 0.34992624, 0.25851891, 0.19613809, 0.15138208, 0.11790339, 0.09200446, 0.07152211, 0.05514469, 0.04202091, 0.03154931, 0.02326931, 0.01680609, 0.01184299, 0.00810750, 0.00536372, 0.00340793, 0.00206542, 0.00118793, 0.00065138, 0.00035364, 0.00021252, 0.00016375, 0.00015916, 0.00016492, 0.00015999, 0.00013462, 0.00008899, 0.00003204, -0.00001976, -0.00004338, -0.00001022, -0.00001321, -0.00001487, -0.00001536, -0.00001489, -0.00001365, -0.00001187, -0.00000975, -0.00000751, -0.00000534, -0.00000344, -0.00000191, -0.00000085, -0.00000025, -0.00000002, 0.00000000
4.36143037, 2.80649951, 2.04083349, 1.58415555, 1.28220350, 1.06928215, 0.91229142, 0.79260566, 0.69889973, 0.62388333, 0.56265443, 0.51180167, 0.46888435, 0.43211583, 0.40016305, 0.37201505, 0.34689442, 0.32419605, 0.30344393, 0.23568592, 0.18407146, 0.14341350, 0.11113119, 0.08550783, 0.06524374, 0.04930403, 0.03684930, 0.02719451, 0.01977987, 0.01414810, 0.00992625, 0.00681064, 0.00455463, 0.00295852, 0.00186131, 0.00113392, 0.00067368, 0.00039976, 0.00024953, 0.00017543, 0.00014255, 0.00012655, 0.00011195, 0.00009072, 0.00006112, 0.00002671, -0.00000450, -0.00002079, -0.00000733, -0.00001146, -0.00001413, -0.00001548, -0.00001568, -0.00001493, -0.00001343, -0.00001141, -0.00000910, -0.00000673, -0.00000452, -0.00000266, -0.00000128, -0.00000042, -0.00000006, 0.00000000
5.19436342, 3.35837842, 2.44524394, 1.89385888, 1.52530528, 1.26322761, 1.06887015, 0.92021079, 0.80371816, 0.71059162, 0.63485603, 0.57231626, 0.51994673, 0.47551691, 0.43735202, 0.40417500, 0.37499915, 0.34905336, 0.32572908, 0.25200115, 0.19789931, 0.15632684, 0.12361337, 0.09740400, 0.07619745, 0.05900498, 0.04512381, 0.03400960, 0.02521173, 0.01834287, 0.01306511, 0.00908355, 0.00614263, 0.00402331, 0.00254024, 0.00153881, 0.00089208, 0.00049765, 0.00027462, 0.00016077, 0.00010981, 0.00008905, 0.00007715, 0.00006227, 0.00004033, 0.00001360, -0.00001063, -0.00002106, -0.00000332, -0.00000379, -0.00000388, -0.00000368, -0.00000329, -0.00000279, -0.00000225, -0.00000171, -0.00000122, -0.00000082, -0.00000050, -0.00000028, -0.00000014, -0.00000005, -0.00000001, 0.00000000
4.01096124, 2.59232593, 1.90138790, 1.48837620, 1.21327617, 1.01751887, 0.87183537, 0.75978528, 0.67135032, 0.60005199, 0.54150823, 0.49264918, 0.45126296, 0.41571887, 0.38479142, 0.35754466, 0.33325382, 0.31135092, 0.29138616, 0.22665205, 0.17793260, 0.13992978, 0.10980797, 0.08571960, 0.06639329, 0.05090846, 0.03856270, 0.02879620, 0.02114906, 0.01523661, 0.01073430, 0.00736761, 0.00490465, 0.00315041, 0.00194194, 0.00114422, 0.00064656, 0.00035951, 0.00021206, 0.00014928, 0.00013020, 0.00012599, 0.00011835, 0.00009816, 0.00006424, 0.00002233, -0.00001584, -0.00003336, -0.00000886, -0.00001083, -0.00001173, -0.00001174, -0.00001103, -0.00000979, -0.00000820, -0.00000645, -0.00000470, -0.00000312, -0.00000183, -0.00000088, -0.00000031, -0.00000004, 0.00000001, 0.00000000
4.93637300, 3.16528031, 2.28481906, 1.76062928, 1.41578355, 1.17393314, 0.99648447, 0.86176640, 0.75666500, 0.67278840, 0.60452872, 0.54800668, 0.50046197, 0.45988388, 0.42477836, 0.39401634, 0.36673193, 0.34225251, 0.32004971, 0.24827743, 0.19454618, 0.15224116, 0.11830704, 0.09109806, 0.06944697, 0.05238568, 0.03907780, 0.02880465, 0.02095863, 0.01503437, 0.01061704, 0.00736981, 0.00502159, 0.00335588, 0.00220101, 0.00142192, 0.00091328, 0.00059378, 0.00040157, 0.00029048, 0.00022698, 0.00018773, 0.00015760, 0.00012808, 0.00009595, 0.00006230, 0.00003155, 0.00001087, 0.00000948, -0.00000173, -0.00001081, -0.00001769, -0.00002236, -0.00002491, -0.00002548, -0.00002427, -0.00002158, -0.00001775, -0.00001329, -0.00000877, -0.00000478, -0.00000186, -0.00000031, 0.00000000
4.38615923, 2.85792654, 2.07545406, 1.60038942, 1.28432515, 1.06157807, 0.89812894, 0.77446030, 0.67854533, 0.60257309, 0.54126237, 0.49092711, 0.44892756, 0.41333282, 0.38270515, 0.35595779, 0.33225863, 0.31096344, 0.29156864, 0.22858982, 0.18037258, 0.14199220, 0.11121819, 0.08656467, 0.06688616, 0.05125704, 0.03891803, 0.02924366, 0.02171852, 0.01591838, 0.01149481, 0.00816226, 0.00568746, 0.00388047, 0.00258726, 0.00168365, 0.00107013, 0.00066768, 0.00041426, 0.00026193, 0.00017441, 0.00012512, 0.00009550, 0.00007365, 0.00005319, 0.00003227, 0.00001283, -0.00000010, 0.00000103, -0.00000466, -0.00000891, -0.00001178, -0.00001338, -0.00001386, -0.00001338, -0.00001210, -0.00001025, -0.00000805, -0.00000575, -0.00000361, -0.00000186, -0.00000067, -0.00000010, 0.00000000
4.46944442, 2.98701017, 2.20953956, 1.72736837, 1.40073626, 1.16690333, 0.99289381, 0.85953245, 0.75486165, 0.67103334, 0.60269134, 0.54606560, 0.49843530, 0.45779583, 0.42264433, 0.39183739, 0.36449387, 0.33992726, 0.31759750, 0.24612515, 0.19288741, 0.15182760, 0.11965308, 0.09409182, 0.07359900, 0.05711275, 0.04386996, 0.03329031, 0.02490973, 0.01834381, 0.01326762, 0.00940411, 0.00651687, 0.00440500, 0.00289894, 0.00185703, 0.00116224, 0.00071924, 0.00045176, 0.00030011, 0.00021893, 0.00017524, 0.00014661, 0.00011963, 0.00008849, 0.00005378, 0.00002141, 0.00000175, 0.00000875, 0.00000060, -0.00000581, -0.00001050, -0.00001355, -0.00001509, -0.00001528, -0.00001433, -0.00001249, -0.00001005, -0.00000733, -0.00000469, -0.00000246, -0.00000091, -0.00000014, 0.00000000
4.52322380, 2.90738947, 2.13747743, 1.67946373, 1.37317391, 1.15345446, 0.98835403, 0.86012401, 0.75800444, 0.67504233, 0.60652316, 0.54912850, 0.50045214, 0.45870658, 0.42253714, 0.39089969, 0.36297784, 0.33812528, 0.31582482, 0.24489480, 0.19297764, 0.15299407, 0.12130139, 0.09573066, 0.07494080, 0.05804113, 0.04438041, 0.03343927, 0.02477924, 0.01801964, 0.01282730, 0.00891145, 0.00602037, 0.00393850, 0.00248355, 0.00150335, 0.00087280, 0.00049074, 0.00027705, 0.00016987, 0.00012306, 0.00010396, 0.00009134, 0.00007360, 0.00004718, 0.00001522, -0.00001364, -0.00002629, -0.00000601, -0.00000673, -0.00000685, -0.00000651, -0.00000584, -0.00000496, -0.00000399, -0.00000301, -0.00000211, -0.00000135, -0.00000076, -0.00000036, -0.00000013, -0.00000003, -0.00000000, 0.00000000
4.30754142, 2.71228942, 1.95780270, 1.51738532, 1.22921245, 1.02680959, 0.87759542, 0.76360420, 0.67406843, 0.60212504, 0.54318885, 0.49408103, 0.45253113, 0.41687738, 0.38587843, 0.35859081, 0.33428677, 0.31239773, 0.29247444, 0.22765644, 0.17864674, 0.14017894, 0.10958141, 0.08513402, 0.06560662, 0.05006331, 0.03776325, 0.02810538, 0.02059513, 0.01482260, 0.01044708, 0.00718531, 0.00480225, 0.00310349, 0.00192904, 0.00114806, 0.00065451, 0.00036343, 0.00020783, 0.00013610, 0.00010973, 0.00010149, 0.00009384, 0.00007752, 0.00005047, 0.00001678, -0.00001413, -0.00002832, -0.00000802, -0.00000958, -0.00001033, -0.00001038, -0.00000987, -0.00000891, -0.00000764, -0.00000620, -0.00000473, -0.00000334, -0.00000214, -0.00000120, -0.00000055, -0.00000017, -0.00000002, 0.00000000
5.33137009, 3.40209209, 2.45823643, 1.89495820, 1.52183879, 1.25846519, 1.06437712, 0.91674960, 0.80164197, 0.71003291, 0.63582349, 0.57474721, 0.52373671, 0.48053685, 0.44345849, 0.41121642, 0.38281955, 0.35749475, 0.33463284, 0.26196290, 0.20802062, 0.16611737, 0.13278091, 0.10576447, 0.08363692, 0.06546558, 0.05059685, 0.03852875, 0.02884469, 0.02118195, 0.01521779, 0.01066373, 0.00726314, 0.00479000, 0.00304765, 0.00186735, 0.00110656, 0.00064706, 0.00039284, 0.00026806, 0.00021501, 0.00019215, 0.00017225, 0.00014069, 0.00009386, 0.00003772, -0.00001357, -0.00003882, -0.00001098, -0.00001573, -0.00001864, -0.00001991, -0.00001979, -0.00001855, -0.00001645, -0.00001378, -0.00001083, -0.00000788, -0.00000520, -0.00000298, -0.00000138, -0.00000043, -0.00000005, 0.00000000
5.20289667, 3.36244742, 2.44487262, 1.89177551, 1.52289027, 1.26094226, 1.06674345, 0.91810689, 0.80146367, 0.70803045, 0.63186912, 0.56882501, 0.51590949, 0.47092284, 0.43221454, 0.39852569, 0.36888244, 0.34252211, 0.31884095, 0.24408318, 0.18992531, 0.14849616, 0.11593858, 0.09006503, 0.06945252, 0.05307109, 0.04012226, 0.02996301, 0.02206569, 0.01599389, 0.01138585, 0.00794192, 0.00541456, 0.00360006, 0.00233163, 0.00147360, 0.00091653, 0.00057311, 0.00037472, 0.00026853, 0.00021507, 0.00018624, 0.00016352, 0.00013661, 0.00010214, 0.00006265, 0.00002571, 0.00000311, 0.00001018, -0.00000018, -0.00000870, -0.00001525, -0.00001979, -0.00002237, -0.00002309, -0.00002214, -0.00001977, -0.00001631, -0.00001223, -0.00000807, -0.00000439, -0.00000171, -0.00000028, 0.00000000
4.05619249, 2.73525678, 2.05996839, 1.63719948, 1.34446572, 1.12951035, 0.96546398, 0.83675807, 0.73361208, 0.64951777, 0.57995545, 0.52168145, 0.47230624, 0.43003168, 0.39348052, 0.36158193, 0.33349260, 0.30854093, 0.28618680, 0.21638569, 0.16690300, 0.13029079, 0.10243591, 0.08069629, 0.06340204, 0.04949141, 0.03826121, 0.02921511, 0.02197758, 0.01624719, 0.01177158, 0.00833426, 0.00574740, 0.00384763, 0.00249342, 0.00156305, 0.00095303, 0.00057657, 0.00036222, 0.00025257, 0.00020305, 0.00018071, 0.00016320, 0.00013777, 0.00010031, 0.00005453, 0.00001115, -0.00001287, 0.00000497, -0.00000300, -0.00000935, -0.00001403, -0.00001707, -0.00001855, -0.00001859, -0.00001739, -0.00001517, -0.00001224, -0.00000897, -0.00000577, -0.00000305, -0.00000114, -0.00000017, 0.00000000
5.36889261, 3.30377808, 2.32285778, 1.75490971, 1.38847255, 1.13540888, 0.95222351, 0.81489893, 0.70907395, 0.62563922, 0.55854875, 0.50364348, 0.45797848, 0.41941825, 0.38638317, 0.35768497, 0.33241681, 0.30987798, 0.28952118, 0.22445214, 0.17590575, 0.13816572, 0.10841704, 0.08477254, 0.06589902, 0.05082600, 0.03882112, 0.02931179, 0.02183748, 0.01602042, 0.01154708, 0.00815581, 0.00562797, 0.00378122, 0.00246416, 0.00155191, 0.00094232, 0.00055278, 0.00031745, 0.00018485, 0.00011581, 0.00008163, 0.00006260, 0.00004662, 0.00002804, 0.00000674, -0.00001280, -0.00002215, -0.00000963, -0.00001016, -0.00000995, -0.00000917, -0.00000801, -0.00000662, -0.00000515, -0.00000372, -0.00000245, -0.00000143, -0.00000070, -0.00000025, -0.00000003, 0.00000002, 0.00000001, 0.00000000
4.60666116, 2.95426302, 2.14356314, 1.66069433, 1.34120536, 1.11547910, 0.94862758, 0.82109633, 0.72102414, 0.64078374, 0.57524601, 0.52083787, 0.47499824, 0.43584772, 0.40197975, 0.37232391, 0.34605378, 0.32252330, 0.30122190, 0.23284895, 0.18202831, 0.14263461, 0.11156857, 0.08686617, 0.06716894, 0.05148114, 0.03903877, 0.02923547, 0.02157894, 0.01566378, 0.01115369, 0.00776874, 0.00527597, 0.00348189, 0.00222650, 0.00137832, 0.00083017, 0.00049575, 0.00030656, 0.00020945, 0.00016444, 0.00014289, 0.00012595, 0.00010320, 0.00007153, 0.00003411, -0.00000045, -0.00001888, -0.00000392, -0.00000901, -0.00001261, -0.00001481, -0.00001574, -0.00001557, -0.00001448, -0.00001269, -0.00001042, -0.00000794, -0.00000549, -0.00000333, -0.00000165, -0.00000057, -0.00000008, 0.00000000
4.58944563, 3.10494636, 2.35529730, 1.88656674, 1.56053017, 1.31939750, 1.13386047, 0.98706563, 0.86845552, 0.77100214, 0.68981238, 0.62136060, 0.56303696, 0.51286685, 0.46932906, 0.43123372, 0.39763797, 0.36778621, 0.34106696, 0.25752250, 0.19875337, 0.15523229, 0.12173488, 0.09526273, 0.07404283, 0.05695707, 0.04323502, 0.03229674, 0.02367474, 0.01697569, 0.01186145, 0.00803911, 0.00525512, 0.00329126, 0.00196134, 0.00110826, 0.00060127, 0.00033339, 0.00021901, 0.00019162, 0.00020179, 0.00021528, 0.00021131, 0.00018109, 0.00012634, 0.00005812, -0.00000438, -0.00003490, -0.00000108, -0.00000821, -0.00001355, -0.00001717, -0.00001916, -0.00001969, -0.00001894, -0.00001714, -0.00001456, -0.00001148, -0.00000826, -0.00000523, -0.00000273, -0.00000101, -0.00000016, 0.00000000
4.76948483, 3.09173688, 2.25599448, 1.75172272, 1.41497956, 1.17561227, 0.99802506, 0.86203053, 0.75525667, 0.66967826, 0.59985968, 0.54199218, 0.49333291, 0.45186160, 0.41606194, 0.38477746, 0.35711394, 0.33237163, 0.30999723, 0.23854281, 0.18578485, 0.14508492, 0.11311133, 0.08778798, 0.06768277, 0.05174216, 0.03915557, 0.02928025, 0.02159661, 0.01567975, 0.01118008, 0.00780920, 0.00532917, 0.00354404, 0.00229305, 0.00144497, 0.00089353, 0.00055354, 0.00035771, 0.00025391, 0.00020296, 0.00017671, 0.00015650, 0.00013175, 0.00009891, 0.00006044, 0.00002407, 0.00000206, 0.00001062, 0.00000094, -0.00000706, -0.00001327, -0.00001766, -0.00002024, -0.00002111, -0.00002041, -0.00001836, -0.00001525, -0.00001151, -0.00000764, -0.00000418, -0.00000162, -0.00000026, 0.00000000
3.80466117, 2.54103249, 1.92476414, 1.54712623, 1.28706271, 1.09542277, 0.94792741, 0.83091104, 0.73595223, 0.65751184, 0.59176598, 0.53597533, 0.48811953, 0.44667316, 0.41046203, 0.37856758, 0.35026123, 0.32495825, 0.30218440, 0.22968240, 0.17727732, 0.13782512, 0.10741592, 0.08358917, 0.06473434, 0.04975231, 0.03785474, 0.02844796, 0.02106637, 0.01533376, 0.01094012, 0.00762701, 0.00517782, 0.00341081, 0.00217384, 0.00134023, 0.00080534, 0.00048375, 0.00030684, 0.00022071, 0.00018439, 0.00016838, 0.00015322, 0.00012843, 0.00009143, 0.00004670, 0.00000496, -0.00001756, 0.00000024, -0.00000663, -0.00001188, -0.00001552, -0.00001765, -0.00001837, -0.00001786, -0.00001631, -0.00001396, -0.00001108, -0.00000802, -0.00000510, -0.00000268, -0.00000099, -0.00000015, 0.00000000
4.68686688, 3.09464830, 2.31376944, 1.83945184, 1.51730216, 1.28339194, 1.10587877, 0.96683876, 0.85528398, 0.76404713, 0.68822937, 0.62435855, 0.56990152, 0.52296613, 0.48211108, 0.44622021, 0.41441688, 0.38600406, 0.36042156, 0.27888669, 0.21917449, 0.17349265, 0.13764397, 0.10895467, 0.08572210, 0.06683001, 0.05149754, 0.03913436, 0.02926329, 0.02148085, 0.01543758, 0.01082813, 0.00738571, 0.00487858, 0.00310723, 0.00190180, 0.00111959, 0.00064260, 0.00037517, 0.00024166, 0.00018429, 0.00016119, 0.00014449, 0.00011866, 0.00007897, 0.00003012, -0.00001502, -0.00003656, -0.00000859, -0.00001167, -0.00001343, -0.00001405, -0.00001371, -0.00001261, -0.00001096, -0.00000897, -0.00000685, -0.00000482, -0.00000305, -0.00000165, -0.00000070, -0.00000018, -0.00000001, 0.00000000
4.59684391, 3.02480739, 2.26335202, 1.80110832, 1.48582743, 1.25556867, 1.07978080, 0.94133606, 0.82973588, 0.73811581, 0.66176557, 0.59733053, 0.54235022, 0.49497651, 0.45379366, 0.41769910, 0.38582195, 0.35746595, 0.33206849, 0.25213663, 0.19521151, 0.15273391, 0.12001628, 0.09421133, 0.07356298, 0.05694277, 0.04357453, 0.03288223, 0.02440959, 0.01777839, 0.01266694, 0.00879835, 0.00593386, 0.00386821, 0.00242627, 0.00146008, 0.00084614, 0.00048302, 0.00028898, 0.00019987, 0.00016717, 0.00015618, 0.00014441, 0.00012007, 0.00008081, 0.00003248, -0.00001191, -0.00003316, -0.00000677, -0.00001032, -0.00001256, -0.00001363, -0.00001369, -0.00001293, -0.00001154, -0.00000971, -0.00000765, -0.00000558, -0.00000368, -0.00000210, -0.00000096, -0.00000029, -0.00000003, 0.00000000
5.02543199, 3.30500902, 2.44184860, 1.91593390, 1.56065608, 1.30494361, 1.11279689, 0.96379618, 0.84540293, 0.74945605, 0.67040244, 0.60432931, 0.54840098, 0.50051421, 0.45907846, 0.42287093, 0.39093809, 0.36252716, 0.33703736, 0.25674729, 0.19906726, 0.15566665, 0.12209939, 0.09561869, 0.07448281, 0.05753871, 0.04397301, 0.03317246, 0.02464880, 0.01799885, 0.01288276, 0.00901160, 0.00613949, 0.00405793, 0.00259139, 0.00159343, 0.00094330, 0.00054285, 0.00031374, 0.00019485, 0.00014003, 0.00011608, 0.00010090, 0.00008195, 0.00005479, 0.00002193, -0.00000832, -0.00002267, -0.00000376, -0.00000580, -0.00000704, -0.00000759, -0.00000757, -0.00000710, -0.00000630, -0.00000528, -0.00000417, -0.00000307, -0.00000206, -0.00000122, -0.00000060, -0.00000021, -0.00000003, 0.00000000
5.12300977, 3.43740589, 2.57623266, 2.04041236, 1.67207753, 1.40346534, 1.19971950, 1.04069960, 0.91380808, 0.81070473, 0.72562846, 0.65446672, 0.59420578, 0.54258937, 0.49789787, 0.45880075, 0.42425508, 0.39343410, 0.36567596, 0.27778645, 0.21416874, 0.16601361, 0.12872167, 0.09946648, 0.07637626, 0.05813457, 0.04376563, 0.03251530, 0.02378307, 0.01708120, 0.01200898, 0.00823516, 0.00548544, 0.00353291, 0.00219057, 0.00130523, 0.00075249, 0.00043256, 0.00026671, 0.00019431, 0.00017027, 0.00016294, 0.00015222, 0.00012803, 0.00008894, 0.00004102, -0.00000322, -0.00002564, -0.00000337, -0.00000898, -0.00001307, -0.00001570, -0.00001698, -0.00001704, -0.00001607, -0.00001427, -0.00001189, -0.00000918, -0.00000645, -0.00000397, -0.00000200, -0.00000070, -0.00000010, 0.00000000
4.13880627, 2.72806396, 2.05293743, 1.64404783, 1.36445583, 1.15935418, 1.00198842, 0.87743402, 0.77655289, 0.69336161, 0.62374249, 0.56475210, 0.51422291, 0.47052014, 0.43238652, 0.39883917, 0.36909901, 0.34254109, 0.31865891, 0.24267435, 0.18796532, 0.14655811, 0.11419352, 0.08847933, 0.06794148, 0.05156817, 0.03859787, 0.02842078, 0.02053159, 0.01450494, 0.00998111, 0.00665623, 0.00427474, 0.00262311, 0.00152439, 0.00083339, 0.00043243, 0.00022766, 0.00014577, 0.00013121, 0.00014369, 0.00015610, 0.00015269, 0.00012743, 0.00008273, 0.00002816, -0.00002056, -0.00004250, -0.00001238, -0.00001503, -0.00001626, -0.00001628, -0.00001535, -0.00001370, -0.00001159, -0.00000925, -0.00000691, -0.00000476, -0.00000295, -0.00000157, -0.00000067, -0.00000018, -0.00000002, 0.00000000
4.02285006, 2.61219423, 1.92172913, 1.50956164, 1.23540969, 1.04025039, 0.89464974, 0.78217272, 0.69287773, 0.62038327, 0.56040185, 0.50994699, 0.46687674, 0.42961728, 0.39698853, 0.36809020, 0.34222516, 0.31884652, 0.29752034, 0.22831953, 0.17661339, 0.13687673, 0.10601247, 0.08186855, 0.06290237, 0.04798662, 0.03627680, 0.02712389, 0.02001784, 0.01455089, 0.01039311, 0.00727547, 0.00497774, 0.00331946, 0.00215298, 0.00135805, 0.00083731, 0.00051278, 0.00032283, 0.00021972, 0.00016752, 0.00014038, 0.00012102, 0.00009951, 0.00007217, 0.00004072, 0.00001142, -0.00000554, 0.00000336, -0.00000291, -0.00000775, -0.00001119, -0.00001330, -0.00001418, -0.00001398, -0.00001287, -0.00001106, -0.00000880, -0.00000635, -0.00000402, -0.00000209, -0.00000076, -0.00000011, 0.00000000
4.35546267, 3.01298291, 2.29516350, 1.83406607, 1.51055444, 1.27166151, 1.08915414, 0.94620275, 0.83200851, 0.73927575, 0.66288468, 0.59913597, 0.54529381, 0.49929618, 0.45956419, 0.42487249, 0.39425915, 0.36696142, 0.34236921, 0.26490151, 0.20862226, 0.16588422, 0.13244296, 0.10557240, 0.08361402, 0.06555597, 0.05073541, 0.03866685, 0.02895479, 0.02125385, 0.01525272, 0.01066898, 0.00724815, 0.00476377, 0.00301743, 0.00183817, 0.00108132, 0.00062691, 0.00037772, 0.00025721, 0.00020745, 0.00018697, 0.00016884, 0.00013879, 0.00009348, 0.00003900, -0.00001061, -0.00003455, -0.00000640, -0.00001068, -0.00001340, -0.00001474, -0.00001493, -0.00001417, -0.00001271, -0.00001075, -0.00000854, -0.00000630, -0.00000422, -0.00000247, -0.00000118, -0.00000039, -0.00000005, 0.00000000
4.55126299, 2.92781269, 2.14717367, 1.68403327, 1.37610122, 1.15642510, 0.99204891, 0.86471306, 0.76341381, 0.68109397, 0.61300634, 0.55583525, 0.50719369, 0.46531987, 0.42888606, 0.39687385, 0.36849016, 0.34310915, 0.32023127, 0.24682754, 0.19280786, 0.15114228, 0.11825358, 0.09202829, 0.07106947, 0.05436344, 0.04112355, 0.03071379, 0.02260878, 0.01637053, 0.01163314, 0.00809149, 0.00549216, 0.00362582, 0.00232078, 0.00143732, 0.00086290, 0.00050798, 0.00030245, 0.00019258, 0.00013843, 0.00011163, 0.00009354, 0.00007362, 0.00004811, 0.00001891, -0.00000737, -0.00002024, -0.00000599, -0.00000812, -0.00000928, -0.00000963, -0.00000933, -0.00000852, -0.00000738, -0.00000604, -0.00000464, -0.00000331, -0.00000214, -0.00000121, -0.00000056, -0.00000018, -0.00000002, 0.00000000
4.87102702, 3.27435186, 2.46525441, 1.95848598, 1.60601928, 1.34572831, 1.14597194, 0.98848496, 0.86178886, 0.75822310, 0.67244365, 0.60059432, 0.53981742, 0.48794910, 0.44332150, 0.40462962, 0.37083920, 0.34112141, 0.31480556, 0.23447512, 0.18002305, 0.14074611, 0.11088812, 0.08732007, 0.06832003, 0.05288362, 0.04036232, 0.03028464, 0.02227189, 0.01600004, 0.01118340, 0.00756786, 0.00492793, 0.00306531, 0.00180761, 0.00100701, 0.00053885, 0.00029995, 0.00020696, 0.00019467, 0.00021439, 0.00023240, 0.00022848, 0.00019457, 0.00013350, 0.00005786, -0.00001113, -0.00004460, -0.00000700, -0.00001414, -0.00001911, -0.00002203, -0.00002312, -0.00002262, -0.00002084, -0.00001809, -0.00001472, -0.00001110, -0.00000760, -0.00000454, -0.00000221, -0.00000074, -0.00000010, 0.00000000
4.92347424, 3.10201701, 2.25151853, 1.75683246, 1.43197528, 1.20191897, 1.03046897, 0.89790705, 0.79251041, 0.70683959, 0.63593003, 0.57633456, 0.52558175, 0.48185248, 0.44377804, 0.41030928, 0.38062909, 0.35409224, 0.33018305, 0.25391518, 0.19837810, 0.15619039, 0.12327740, 0.09708981, 0.07601099, 0.05897480, 0.04523056, 0.03421048, 0.02545861, 0.01859366, 0.01328952, 0.00926457, 0.00627528, 0.00411194, 0.00259521, 0.00157325, 0.00091901, 0.00052783, 0.00031510, 0.00021417, 0.00017438, 0.00015929, 0.00014505, 0.00011897, 0.00007816, 0.00002835, -0.00001718, -0.00003863, -0.00001056, -0.00001341, -0.00001489, -0.00001522, -0.00001461, -0.00001328, -0.00001146, -0.00000935, -0.00000718, -0.00000511, -0.00000331, -0.00000187, -0.00000087, -0.00000028, -0.00000004, 0.00000000
4.40975577, 2.90170522, 2.14365315, 1.68444678, 1.37702274, 1.15791213, 0.99477908, 0.86926182, 0.77011192, 0.69004316, 0.62412997, 0.56892851, 0.52196431, 0.48141891, 0.44593039, 0.41446216, 0.38621419, 0.36056153, 0.33701075, 0.25989891, 0.20138670, 0.15575532, 0.11991483, 0.09174884, 0.06966571, 0.05242292, 0.03903454, 0.02871203, 0.02082205, 0.01485470, 0.01039899, 0.00712349, 0.00476117, 0.00309717, 0.00195914, 0.00120949, 0.00073908, 0.00046227, 0.00031280, 0.00024048, 0.00020860, 0.00019163, 0.00017354, 0.00014623, 0.00010839, 0.00006442, 0.00002360, -0.00000069, 0.00000840, -0.00000221, -0.00001081, -0.00001729, -0.00002166, -0.00002398, -0.00002441, -0.00002315, -0.00002048, -0.00001676, -0.00001247, -0.00000817, -0.00000442, -0.00000170, -0.00000028, 0.00000000
3.49987969, 2.35843603, 1.78210628, 1.42440980, 1.17828008, 0.99838580, 0.86156560, 0.75446902, 0.66874591, 0.59886163, 0.54098656, 0.49238183, 0.45103672, 0.41544330, 0.38445059, 0.35716681, 0.33289219, 0.31107145, 0.29125972, 0.22722605, 0.17923690, 0.14171647, 0.11181436, 0.08776483, 0.06836938, 0.05275419, 0.04024417, 0.03029575, 0.02245963, 0.01635889, 0.01167513, 0.00813873, 0.00552164, 0.00363151, 0.00230689, 0.00141316, 0.00083905, 0.00049360, 0.00030369, 0.00021173, 0.00017387, 0.00015835, 0.00014412, 0.00011970, 0.00008215, 0.00003616, -0.00000664, -0.00002847, -0.00000597, -0.00001087, -0.00001428, -0.00001627, -0.00001700, -0.00001662, -0.00001533, -0.00001334, -0.00001090, -0.00000826, -0.00000569, -0.00000343, -0.00000169, -0.00000058, -0.00000008, 0.00000000
4.43098519, 2.91371006, 2.17138001, 1.72022757, 1.41357600, 1.19087385, 1.02195029, 0.88978838, 0.78392901, 0.69753193, 0.62591074, 0.56573738, 0.51458004, 0.47062026, 0.43247194, 0.39906130, 0.36954501, 0.34325281, 0.31964637, 0.24502432, 0.19111585, 0.15037607, 0.11869969, 0.09351937, 0.07323546, 0.05681876, 0.04355844, 0.03292052, 0.02447426, 0.01785575, 0.01275039, 0.00888416, 0.00601893, 0.00394930, 0.00249990, 0.00152290, 0.00089548, 0.00051726, 0.00030794, 0.00020494, 0.00016118, 0.00014314, 0.00012898, 0.00010692, 0.00007378, 0.00003367, -0.00000314, -0.00002121, -0.00000083, -0.00000456, -0.00000721, -0.00000886, -0.00000962, -0.00000963, -0.00000902, -0.00000794, -0.00000655, -0.00000500, -0.00000347, -0.00000211, -0.00000104, -0.00000036, -0.00000005, 0.00000000
4.50858972, 3.04251831, 2.27479981, 1.79486797, 1.46637554, 1.22874601, 1.05017529, 0.91209994, 0.80287232, 0.71479174, 0.64256159, 0.58242401, 0.53164536, 0.48819570, 0.45054130, 0.41750616, 0.38817712, 0.36183721, 0.33791808, 0.26132525, 0.20439070, 0.16052754, 0.12621893, 0.09905711, 0.07737686, 0.06000982, 0.04610676, 0.03502307, 0.02624948, 0.01937125, 0.01404367, 0.00997699, 0.00692647, 0.00468538, 0.00307965, 0.00196364, 0.00121653, 0.00073924, 0.00045172, 0.00029062, 0.00020715, 0.00016527, 0.00014002, 0.00011611, 0.00008666, 0.00005201, 0.00001880, -0.00000096, 0.00000931, 0.00000140, -0.00000511, -0.00001015, -0.00001368, -0.00001574, -0.00001640, -0.00001580, -0.00001414, -0.00001166, -0.00000873, -0.00000573, -0.00000310, -0.00000119, -0.00000019, 0.00000000
4.80275442, 3.11907324, 2.30003813, 1.80727769, 1.47607031, 1.23816444, 1.05956449, 0.92115487, 0.81124206, 0.72222205, 0.64891765, 0.58767614, 0.53584622, 0.49145855, 0.45302206, 0.41938943, 0.38966563, 0.36314406, 0.33926109, 0.26360778, 0.20825675, 0.16615890, 0.13329515, 0.10691618, 0.08531347, 0.06745686, 0.05269479, 0.04056904, 0.03071627, 0.02282166, 0.01659975, 0.01178838, 0.00814783, 0.00546167, 0.00353760, 0.00220773, 0.00132814, 0.00077789, 0.00045765, 0.00028799, 0.00020758, 0.00017138, 0.00014878, 0.00012192, 0.00008405, 0.00003810, -0.00000475, -0.00002618, -0.00000191, -0.00000619, -0.00000919, -0.00001103, -0.00001184, -0.00001177, -0.00001099, -0.00000965, -0.00000796, -0.00000609, -0.00000424, -0.00000259, -0.00000129, -0.00000045, -0.00000006, 0.00000000
4.11600636, 2.79143315, 2.12456096, 1.70765231, 1.41742168, 1.20248712, 1.03683333, 0.90551595, 0.79918045, 0.71160331, 0.63845348, 0.57661147, 0.52376869, 0.47817873, 0.43849629, 0.40366913, 0.37286333, 0.34541052, 0.32076964, 0.24319301, 0.18786865, 0.14671174, 0.11518977, 0.09044934, 0.07070819, 0.05482919, 0.04204533, 0.03180018, 0.02366088, 0.01727232, 0.01233349, 0.00858495, 0.00580201, 0.00379043, 0.00238344, 0.00143925, 0.00083883, 0.00048384, 0.00029463, 0.00020840, 0.00017744, 0.00016750, 0.00015629, 0.00013211, 0.00009261, 0.00004363, -0.00000183, -0.00002458, -0.00000009, -0.00000540, -0.00000934, -0.00001198, -0.00001339, -0.00001371, -0.00001310, -0.00001175, -0.00000985, -0.00000765, -0.00000539, -0.00000333, -0.00000168, -0.00000059, -0.00000008, 0.00000000
4.70052497, 3.13966613, 2.33957999, 1.84360176, 1.50480090, 1.25948056, 1.07472866, 0.93151296, 0.81794763, 0.72618761, 0.65083537, 0.58805551, 0.53505143, 0.48974044, 0.45054396, 0.41624754, 0.38590483, 0.35877020, 0.33425047, 0.25626970, 0.19900987, 0.15540178, 0.12164846, 0.09515031, 0.07413146, 0.05736956, 0.04399473, 0.03335906, 0.02495813, 0.01838519, 0.01330428, 0.00943403, 0.00653736, 0.00441438, 0.00289711, 0.00184528, 0.00114285, 0.00069497, 0.00042534, 0.00027381, 0.00019436, 0.00015321, 0.00012719, 0.00010232, 0.00007250, 0.00003844, 0.00000665, -0.00001141, -0.00000008, -0.00000585, -0.00001009, -0.00001289, -0.00001438, -0.00001470, -0.00001404, -0.00001260, -0.00001059, -0.00000826, -0.00000586, -0.00000365, -0.00000186, -0.00000067, -0.00000010, 0.00000000
4.58944563, 3.10494636, 2.35529730, 1.88656674, 1.56053017, 1.31939750, 1.13386047, 0.98706563, 0.86845552, 0.77100214, 0.68981238, 0.62136060, 0.56303696, 0.51286685, 0.46932906, 0.43123372, 0.39763797, 0.36778621, 0.34106696, 0.25752250, 0.19875337, 0.15523229, 0.12173488, 0.09526273, 0.07404283, 0.05695707, 0.04323502, 0.03229674, 0.02367474, 0.01697569, 0.01186145, 0.00803911, 0.00525512, 0.00329126, 0.00196134, 0.00110826, 0.00060127, 0.00033339, 0.00021901, 0.00019162, 0.00020179, 0.00021528, 0.00021131, 0.00018109, 0.00012634, 0.00005812, -0.00000438, -0.00003490, -0.00000108, -0.00000821, -0.00001355, -0.00001717, -0.00001916, -0.00001969, -0.00001894, -0.00001714, -0.00001456, -0.00001148, -0.00000826, -0.00000523, -0.00000273, -0.00000101, -0.00000016, 0.00000000
4.78431525, 3.07175344, 2.24998322, 1.76032511, 1.43315291, 1.19889280, 1.02325716, 0.88715398, 0.77900095, 0.69131677, 0.61903398, 0.55859075, 0.50740831, 0.46357407, 0.42564072, 0.39249441, 0.36326536, 0.33726587, 0.31394619, 0.24011184, 0.18672957, 0.14608804, 0.11425003, 0.08893523, 0.06869783, 0.05253412, 0.03969004, 0.02956617, 0.02166952, 0.01558764, 0.01097315, 0.00753351, 0.00502316, 0.00323719, 0.00200590, 0.00119004, 0.00067663, 0.00037532, 0.00021510, 0.00014160, 0.00011457, 0.00010583, 0.00009747, 0.00008024, 0.00005228, 0.00001791, -0.00001326, -0.00002725, -0.00000638, -0.00000770, -0.00000829, -0.00000826, -0.00000775, -0.00000687, -0.00000577, -0.00000456, -0.00000336, -0.00000227, -0.00000137, -0.00000069, -0.00000027, -0.00000006, -0.00000000, 0.00000000
4.64148908, 2.96175904, 2.14141147, 1.65436074, 1.33322416, 1.10721562, 0.94084918, 0.81422700, 0.71527924, 0.63624809, 0.57192174, 0.51867461, 0.47391261, 0.43573624, 0.40272730, 0.37380941, 0.34815396, 0.32511521, 0.30418453, 0.23694381, 0.18664538, 0.14761770, 0.11683897, 0.09224983, 0.07243964, 0.05642698, 0.04350052, 0.03311787, 0.02484581, 0.01832612, 0.01325600, 0.00937640, 0.00646475, 0.00432993, 0.00280849, 0.00176164, 0.00107259, 0.00064433, 0.00039753, 0.00026878, 0.00020891, 0.00018156, 0.00016189, 0.00013542, 0.00009703, 0.00005004, 0.00000545, -0.00001887, 0.00000124, -0.00000607, -0.00001176, -0.00001583, -0.00001833, -0.00001933, -0.00001899, -0.00001749, -0.00001506, -0.00001201, -0.00000871, -0.00000553, -0.00000288, -0.00000105, -0.00000015, 0.00000000
4.41595007, 2.84161327, 2.07094715, 1.61329916, 1.31113063, 1.09779061, 0.93997841, 0.81910735, 0.72395467, 0.64733585, 0.58443950, 0.53192616, 0.48740975, 0.44914389, 0.41582434, 0.38646009, 0.36028690, 0.33670767, 0.31525062, 0.24521999, 0.19220291, 0.15029932, 0.11672319, 0.08985758, 0.06851129, 0.05169791, 0.03857705, 0.02843598, 0.02067779, 0.01480861, 0.01042409, 0.00719588, 0.00485921, 0.00320192, 0.00205505, 0.00128495, 0.00078673, 0.00047894, 0.00029920, 0.00020064, 0.00014900, 0.00012039, 0.00009930, 0.00007713, 0.00005095, 0.00002242, -0.00000300, -0.00001677, -0.00000788, -0.00001172, -0.00001415, -0.00001532, -0.00001539, -0.00001458, -0.00001307, -0.00001109, -0.00000886, -0.00000658, -0.00000446, -0.00000267, -0.00000131, -0.00000046, -0.00000007, 0.00000000
3.87802068, 2.55317581, 1.89614849, 1.49826377, 1.23023511, 1.03743925, 0.89241725, 0.77968845, 0.68979388, 0.61660170, 0.55595343, 0.50492694, 0.46140929, 0.42383622, 0.39102657, 0.36207337, 0.33627004, 0.31305916, 0.29199605, 0.22406061, 0.17375855, 0.13503543, 0.10470185, 0.08076834, 0.06185826, 0.04695102, 0.03525591, 0.02614372, 0.01910605, 0.01372875, 0.00967310, 0.00666179, 0.00446791, 0.00290627, 0.00182628, 0.00110614, 0.00064815, 0.00037467, 0.00022498, 0.00015254, 0.00012276, 0.00011117, 0.00010186, 0.00008624, 0.00006196, 0.00003199, 0.00000395, -0.00001060, 0.00000338, -0.00000076, -0.00000411, -0.00000663, -0.00000834, -0.00000926, -0.00000945, -0.00000898, -0.00000797, -0.00000655, -0.00000490, -0.00000323, -0.00000176, -0.00000068, -0.00000011, 0.00000000
4.56066268, 2.87979228, 2.04558604, 1.55214318, 1.23105913, 1.00908674, 0.84893538, 0.72955757, 0.63818049, 0.56662577, 0.50943647, 0.46285077, 0.42420594, 0.39157572, 0.36354095, 0.33903986, 0.31726752, 0.29760683, 0.27958006, 0.22093186, 0.17566703, 0.13955884, 0.11050981, 0.08702961, 0.06802254, 0.05266517, 0.04031660, 0.03046005, 0.02266735, 0.01657763, 0.01188411, 0.00832530, 0.00567864, 0.00375546, 0.00239685, 0.00147002, 0.00086511, 0.00049244, 0.00027994, 0.00017096, 0.00012236, 0.00010273, 0.00009094, 0.00007481, 0.00004994, 0.00001874, -0.00001046, -0.00002417, -0.00000440, -0.00000599, -0.00000692, -0.00000726, -0.00000712, -0.00000658, -0.00000575, -0.00000474, -0.00000365, -0.00000260, -0.00000167, -0.00000092, -0.00000041, -0.00000012, -0.00000001, 0.00000000
4.66598862, 3.00318766, 2.19416740, 1.71137788, 1.38974798, 1.16043280, 0.98923519, 0.85706882, 0.75236629, 0.66767730, 0.59797484, 0.53974054, 0.49043825, 0.44819498, 0.41159917, 0.37956859, 0.35126110, 0.32601298, 0.30329517, 0.23127248, 0.17905530, 0.13958506, 0.10910668, 0.08520694, 0.06627777, 0.05121302, 0.03921941, 0.02970232, 0.02219830, 0.01633495, 0.01180673, 0.00835963, 0.00578103, 0.00389253, 0.00254465, 0.00161266, 0.00099321, 0.00060156, 0.00036918, 0.00024175, 0.00017743, 0.00014532, 0.00012420, 0.00010138, 0.00007170, 0.00003666, 0.00000367, -0.00001469, -0.00000127, -0.00000689, -0.00001110, -0.00001393, -0.00001547, -0.00001584, -0.00001518, -0.00001369, -0.00001156, -0.00000906, -0.00000645, -0.00000403, -0.00000206, -0.00000074, -0.00000011, 0.00000000
4.43488663, 2.90470442, 2.11368214, 1.62942596, 1.30556364, 1.07675621, 0.90880983, 0.78191437, 0.68375939, 0.60629342, 0.54404145, 0.49316447, 0.45090320, 0.41523346, 0.38464482, 0.35799375, 0.33440372, 0.31319571, 0.29383879, 0.23127811, 0.18338574, 0.14524224, 0.11457149, 0.08984748, 0.06993375, 0.05394671, 0.04117968, 0.03105597, 0.02309857, 0.01690983, 0.01215691, 0.00856088, 0.00588826, 0.00394405, 0.00256614, 0.00162044, 0.00099700, 0.00060651, 0.00037748, 0.00025378, 0.00019257, 0.00016254, 0.00014239, 0.00011953, 0.00008903, 0.00005259, 0.00001777, -0.00000281, 0.00000789, -0.00000040, -0.00000724, -0.00001252, -0.00001620, -0.00001830, -0.00001890, -0.00001814, -0.00001621, -0.00001338, -0.00001004, -0.00000662, -0.00000360, -0.00000139, -0.00000023, 0.00000000
5.71231579, 3.77693635, 2.81134033, 2.21503732, 1.80534049, 1.50598458, 1.27838632, 1.10043220, 0.95832472, 0.84292001, 0.74788251, 0.66867076, 0.60194102, 0.54517768, 0.49645414, 0.45427268, 0.41745402, 0.38505940, 0.35633435, 0.26831766, 0.20774217, 0.16340089, 0.12926326, 0.10199835, 0.07980596, 0.06166393, 0.04691258, 0.03505337, 0.02566198, 0.01835626, 0.01278750, 0.00864020, 0.00563361, 0.00352268, 0.00209775, 0.00118302, 0.00063415, 0.00033535, 0.00019623, 0.00014854, 0.00014316, 0.00014721, 0.00014136, 0.00011758, 0.00007698, 0.00002805, -0.00001496, -0.00003329, -0.00000492, -0.00000669, -0.00000757, -0.00000772, -0.00000733, -0.00000655, -0.00000552, -0.00000439, -0.00000325, -0.00000222, -0.00000137, -0.00000072, -0.00000030, -0.00000008, -0.00000001, 0.00000000
4.06659036, 2.67183911, 1.99940891, 1.59095726, 1.31172857, 1.10731165, 0.95095257, 0.82765211, 0.72819871, 0.64655188, 0.57855292, 0.52122999, 0.47239635, 0.43040451, 0.39398901, 0.36216190, 0.33414122, 0.30930062, 0.28713320, 0.21771994, 0.16864630, 0.13207002, 0.10378666, 0.08135985, 0.06333877, 0.04880392, 0.03711745, 0.02779478, 0.02044153, 0.01472332, 0.01035135, 0.00707507, 0.00467783, 0.00297385, 0.00180541, 0.00104030, 0.00056932, 0.00030379, 0.00017327, 0.00012335, 0.00011366, 0.00011607, 0.00011303, 0.00009612, 0.00006473, 0.00002499, -0.00001131, -0.00002752, -0.00000296, -0.00000490, -0.00000615, -0.00000680, -0.00000691, -0.00000660, -0.00000594, -0.00000506, -0.00000404, -0.00000299, -0.00000201, -0.00000118, -0.00000057, -0.00000019, -0.00000002, 0.00000000
4.69862247, 3.09480518, 2.29061577, 1.79942268, 1.46694038, 1.22745607, 1.04758285, 0.90828998, 0.79783018, 0.70852010, 0.63510987, 0.57388800, 0.52215788, 0.47791595, 0.43964553, 0.40618017, 0.37661057, 0.35021943, 0.32643512, 0.25125173, 0.19673729, 0.15539351, 0.12311329, 0.09733681, 0.07647356, 0.05950398, 0.04572718, 0.03461860, 0.02575534, 0.01877889, 0.01337709, 0.00927545, 0.00623267, 0.00403789, 0.00250865, 0.00148889, 0.00084707, 0.00047414, 0.00028162, 0.00019969, 0.00017538, 0.00017078, 0.00016151, 0.00013519, 0.00009008, 0.00003381, -0.00001776, -0.00004164, -0.00000871, -0.00001188, -0.00001373, -0.00001444, -0.00001418, -0.00001316, -0.00001158, -0.00000965, -0.00000756, -0.00000551, -0.00000366, -0.00000213, -0.00000102, -0.00000034, -0.00000005, 0.00000000
4.92347424, 3.10201701, 2.25151853, 1.75683246, 1.43197528, 1.20191897, 1.03046897, 0.89790705, 0.79251041, 0.70683959, 0.63593003, 0.57633456, 0.52558175, 0.48185248, 0.44377804, 0.41030928, 0.38062909, 0.35409224, 0.33018305, 0.25391518, 0.19837810, 0.15619039, 0.12327740, 0.09708981, 0.07601099, 0.05897480, 0.04523056, 0.03421048, 0.02545861, 0.01859366, 0.01328952, 0.00926457, 0.00627528, 0.00411194, 0.00259521, 0.00157325, 0.00091901, 0.00052783, 0.00031510, 0.00021417, 0.00017438, 0.00015929, 0.00014505, 0.00011897, 0.00007816, 0.00002835, -0.00001718, -0.00003863, -0.00001056, -0.00001341, -0.00001489, -0.00001522, -0.00001461, -0.00001328, -0.00001146, -0.00000935, -0.00000718, -0.00000511, -0.00000331, -0.00000187, -0.00000087, -0.00000028, -0.00000004, 0.00000000
4.94185365, 3.13742871, 2.26546624, 1.75016037, 1.41060287, 1.17120935, 0.99445374, 0.85944042, 0.75355178, 0.66869864, 0.59945179, 0.54203334, 0.49373680, 0.45257619, 0.41706478, 0.38607046, 0.35871852, 0.33432452, 0.31234692, 0.24229185, 0.19072044, 0.15080398, 0.11910712, 0.09360052, 0.07297916, 0.05632912, 0.04295783, 0.03230835, 0.02391613, 0.01738636, 0.01238114, 0.00861125, 0.00583009, 0.00382867, 0.00243132, 0.00149176, 0.00088956, 0.00052703, 0.00032631, 0.00022687, 0.00018325, 0.00016307, 0.00014532, 0.00011882, 0.00008084, 0.00003595, -0.00000501, -0.00002591, -0.00000613, -0.00001104, -0.00001432, -0.00001611, -0.00001661, -0.00001601, -0.00001454, -0.00001245, -0.00000999, -0.00000742, -0.00000500, -0.00000293, -0.00000139, -0.00000045, -0.00000005, 0.00000000
4.17758483, 2.81469570, 2.13331629, 1.70972957, 1.41594810, 1.19888729, 1.03182512, 0.89949367, 0.79237866, 0.70417269, 0.63049827, 0.56820894, 0.51497965, 0.46905354, 0.42907833, 0.39399689, 0.36297175, 0.33533182, 0.31053393, 0.23250456, 0.17715070, 0.13621247, 0.10512470, 0.08105992, 0.06221002, 0.04736897, 0.03568795, 0.02653653, 0.01942495, 0.01396015, 0.00982018, 0.00673833, 0.00449271, 0.00289883, 0.00180392, 0.00108240, 0.00063210, 0.00037102, 0.00023460, 0.00017329, 0.00015046, 0.00014062, 0.00012783, 0.00010433, 0.00006938, 0.00002823, -0.00000879, -0.00002700, -0.00000806, -0.00001164, -0.00001376, -0.00001462, -0.00001444, -0.00001342, -0.00001180, -0.00000980, -0.00000763, -0.00000550, -0.00000359, -0.00000204, -0.00000094, -0.00000029, -0.00000003, 0.00000000
4.98232067, 3.31998157, 2.47167832, 1.94851584, 1.59188579, 1.33335473, 1.13793583, 0.98563560, 0.86410256, 0.76525634, 0.68357428, 0.61514938, 0.55713949, 0.50742897, 0.46441226, 0.42685063, 0.39377471, 0.36441642, 0.33816054, 0.25565674, 0.19696913, 0.15283462, 0.11859915, 0.09167371, 0.07041332, 0.05364978, 0.04049133, 0.03022985, 0.02229234, 0.01621146, 0.01160534, 0.00816220, 0.00562814, 0.00379718, 0.00250298, 0.00161202, 0.00101792, 0.00063675, 0.00040313, 0.00026702, 0.00019103, 0.00014827, 0.00012048, 0.00009656, 0.00007132, 0.00004441, 0.00001954, 0.00000369, 0.00000657, -0.00000079, -0.00000667, -0.00001106, -0.00001398, -0.00001551, -0.00001577, -0.00001490, -0.00001313, -0.00001069, -0.00000791, -0.00000513, -0.00000274, -0.00000103, -0.00000016, 0.00000000
5.52831960, 3.40126361, 2.40998443, 1.83742114, 1.46573555, 1.20638172, 1.01634632, 0.87207916, 0.75954177, 0.66982127, 0.59697917, 0.53690568, 0.48666838, 0.44412180, 0.40766316, 0.37607376, 0.34841285, 0.32394473, 0.30208744, 0.23311391, 0.18300431, 0.14444526, 0.11391933, 0.08941564, 0.06965449, 0.05373875, 0.04098659, 0.03084974, 0.02287237, 0.01666928, 0.01191307, 0.00832550, 0.00567100, 0.00375131, 0.00240078, 0.00148224, 0.00088334, 0.00051328, 0.00029989, 0.00018714, 0.00013285, 0.00010679, 0.00008895, 0.00006803, 0.00004024, 0.00000805, -0.00002072, -0.00003379, -0.00001523, -0.00001576, -0.00001525, -0.00001395, -0.00001210, -0.00000995, -0.00000769, -0.00000553, -0.00000362, -0.00000209, -0.00000099, -0.00000032, -0.00000001, 0.00000006, 0.00000002, 0.00000000
4.86996287, 3.14486370, 2.28064561, 1.75523090, 1.40254997, 1.15136112, 0.96521473, 0.82322406, 0.71245374, 0.62443134, 0.55336904, 0.49518141, 0.44690828, 0.40635841, 0.37188066, 0.34221201, 0.31637384, 0.29359946, 0.27328239, 0.21095108, 0.16706554, 0.13433576, 0.10881095, 0.08810544, 0.07088337, 0.05641464, 0.04427476, 0.03417661, 0.02588782, 0.01919550, 0.01389455, 0.00978641, 0.00668163, 0.00440322, 0.00278939, 0.00169549, 0.00099495, 0.00057954, 0.00035900, 0.00026033, 0.00022686, 0.00021710, 0.00020359, 0.00017178, 0.00011889, 0.00005283, -0.00000870, -0.00003921, -0.00000416, -0.00001041, -0.00001486, -0.00001761, -0.00001882, -0.00001869, -0.00001744, -0.00001533, -0.00001263, -0.00000965, -0.00000670, -0.00000407, -0.00000201, -0.00000068, -0.00000009, 0.00000000
5.06898064, 3.37135819, 2.50960068, 1.97909218, 1.61788051, 1.35642456, 1.15919057, 1.00583881, 0.88377288, 0.78473172, 0.70305743, 0.63474145, 0.57686541, 0.52725671, 0.48426751, 0.44662800, 0.41334632, 0.38363849, 0.35687840, 0.27224275, 0.21109517, 0.16495312, 0.12920863, 0.10099219, 0.07847179, 0.06042731, 0.04599424, 0.03451922, 0.02548146, 0.01845056, 0.01306330, 0.00901032, 0.00602765, 0.00389074, 0.00240986, 0.00142610, 0.00080796, 0.00044825, 0.00026123, 0.00018010, 0.00015470, 0.00014949, 0.00014167, 0.00011956, 0.00008119, 0.00003294, -0.00001156, -0.00003246, -0.00000463, -0.00000799, -0.00001024, -0.00001147, -0.00001180, -0.00001136, -0.00001032, -0.00000883, -0.00000708, -0.00000525, -0.00000353, -0.00000206, -0.00000097, -0.00000031, -0.00000004, 0.00000000
4.54971420, 3.04515268, 2.28510959, 1.81430510, 1.49054509, 1.25369599, 1.07321505, 0.93161621, 0.81802680, 0.72527164, 0.64839965, 0.58387447, 0.52909990, 0.48212675, 0.44146413, 0.40595360, 0.37468287, 0.34692495, 0.32209466, 0.24435231, 0.18926635, 0.14810422, 0.11622339, 0.09095225, 0.07068248, 0.05437472, 0.04129603, 0.03088595, 0.02268961, 0.01632437, 0.01146269, 0.00782265, 0.00516197, 0.00327355, 0.00198193, 0.00113993, 0.00062575, 0.00034017, 0.00020403, 0.00015592, 0.00015008, 0.00015454, 0.00014945, 0.00012558, 0.00008301, 0.00002993, -0.00001835, -0.00004037, -0.00000932, -0.00001196, -0.00001333, -0.00001361, -0.00001299, -0.00001169, -0.00000993, -0.00000793, -0.00000589, -0.00000400, -0.00000241, -0.00000123, -0.00000047, -0.00000010, 0.00000000, 0.00000000
3.98709648, 2.70883341, 2.05075034, 1.63749540, 1.35060174, 1.13930892, 0.97750764, 0.85008594, 0.74756254, 0.66363502, 0.59392946, 0.53530752, 0.48545687, 0.44263664, 0.40551233, 0.37304534, 0.34441671, 0.31897330, 0.29618905, 0.22514792, 0.17485872, 0.13779494, 0.10958438, 0.08735752, 0.06938546, 0.05465564, 0.04254971, 0.03264982, 0.02463646, 0.01823965, 0.01321817, 0.00935227, 0.00644196, 0.00430726, 0.00278879, 0.00174785, 0.00106604, 0.00064435, 0.00040196, 0.00027475, 0.00021371, 0.00018334, 0.00016008, 0.00013081, 0.00009145, 0.00004569, 0.00000381, -0.00001831, -0.00000019, -0.00000625, -0.00001060, -0.00001337, -0.00001473, -0.00001489, -0.00001405, -0.00001245, -0.00001033, -0.00000795, -0.00000555, -0.00000340, -0.00000171, -0.00000059, -0.00000008, 0.00000000
4.44339390, 3.03407648, 2.30448558, 1.84389947, 1.52278168, 1.28550334, 1.10334386, 0.95961082, 0.84378946, 0.74886529, 0.66995498, 0.60354534, 0.54704210, 0.49848840, 0.45638193, 0.41955200, 0.38707455, 0.35821210, 0.33237025, 0.25180823, 0.19482266, 0.15290424, 0.12108659, 0.09609957, 0.07597261, 0.05954947, 0.04611947, 0.03519762, 0.02640986, 0.01943927, 0.01400360, 0.00984748, 0.00674067, 0.00447820, 0.00288055, 0.00179334, 0.00108640, 0.00065226, 0.00040433, 0.00027485, 0.00021277, 0.00018169, 0.00015788, 0.00012839, 0.00008939, 0.00004465, 0.00000417, -0.00001700, 0.00000020, -0.00000556, -0.00000964, -0.00001219, -0.00001340, -0.00001348, -0.00001264, -0.00001113, -0.00000917, -0.00000699, -0.00000484, -0.00000294, -0.00000146, -0.00000050, -0.00000007, 0.00000000
5.51899040, 3.57392406, 2.60244129, 2.01589355, 1.62417870, 1.34572736, 1.13912396, 0.98089150, 0.85665532, 0.75710063, 0.67592403, 0.60871163, 0.55228596, 0.50430686, 0.46301747, 0.42707715, 0.39544838, 0.36731839, 0.34204355, 0.26219320, 0.20425854, 0.15986795, 0.12492915, 0.09712358, 0.07494342, 0.05729625, 0.04333346, 0.03236986, 0.02384171, 0.01728153, 0.01230095, 0.00857765, 0.00584490, 0.00388292, 0.00251157, 0.00158418, 0.00098240, 0.00061174, 0.00039795, 0.00028387, 0.00022681, 0.00019636, 0.00017254, 0.00014418, 0.00010766, 0.00006570, 0.00002643, 0.00000248, 0.00001029, -0.00000063, -0.00000962, -0.00001652, -0.00002131, -0.00002401, -0.00002475, -0.00002371, -0.00002116, -0.00001745, -0.00001308, -0.00000863, -0.00000470, -0.00000183, -0.00000030, 0.00000000
5.25553529, 3.51696059, 2.62715237, 2.07144000, 1.68773897, 1.40668738, 1.19266998, 1.02511711, 0.89115269, 0.78223662, 0.69245393, 0.61756801, 0.55446206, 0.50079240, 0.45476431, 0.41498204, 0.38034568, 0.34997837, 0.32317400, 0.24159745, 0.18608045, 0.14595000, 0.11557747, 0.09172063, 0.07252413, 0.05689792, 0.04415327, 0.03380750, 0.02548587, 0.01887487, 0.01370121, 0.00972283, 0.00672521, 0.00451952, 0.00294146, 0.00184993, 0.00112562, 0.00066936, 0.00040036, 0.00025443, 0.00018225, 0.00014760, 0.00012586, 0.00010246, 0.00007162, 0.00003507, 0.00000104, -0.00001674, 0.00000013, -0.00000431, -0.00000758, -0.00000973, -0.00001086, -0.00001111, -0.00001059, -0.00000948, -0.00000794, -0.00000616, -0.00000435, -0.00000269, -0.00000137, -0.00000048, -0.00000007, 0.00000000
4.20266946, 2.85340886, 2.14817712, 1.70666940, 1.40322628, 1.18243624, 1.01538008, 0.88524169, 0.78148874, 0.69715962, 0.62746138, 0.56898705, 0.51925169, 0.47640403, 0.43904007, 0.40607873, 0.37667667, 0.35016838, 0.32602347, 0.24814064, 0.19032606, 0.14604690, 0.11180261, 0.08522581, 0.06458653, 0.04858060, 0.03620750, 0.02669025, 0.01941974, 0.01391495, 0.00979386, 0.00675185, 0.00454533, 0.00297932, 0.00189786, 0.00117643, 0.00071619, 0.00043923, 0.00028497, 0.00020714, 0.00017145, 0.00015368, 0.00013810, 0.00011625, 0.00008584, 0.00004993, 0.00001620, -0.00000371, 0.00000525, -0.00000308, -0.00000986, -0.00001501, -0.00001850, -0.00002039, -0.00002075, -0.00001974, -0.00001755, -0.00001447, -0.00001087, -0.00000721, -0.00000396, -0.00000156, -0.00000026, 0.00000000
4.57899930, 2.91552960, 2.10181860, 1.61825177, 1.29942709, 1.07523903, 0.91045363, 0.78527038, 0.68765808, 0.60987512, 0.54671763, 0.49456537, 0.45082924, 0.41361497, 0.38151015, 0.35344451, 0.32859589, 0.30632510, 0.28613009, 0.22150646, 0.17342533, 0.13630895, 0.10718450, 0.08403734, 0.06549649, 0.05061001, 0.03868547, 0.02919126, 0.02170010, 0.01585758, 0.01136448, 0.00796622, 0.00544616, 0.00362062, 0.00233498, 0.00146026, 0.00089017, 0.00053829, 0.00033572, 0.00022872, 0.00017682, 0.00015093, 0.00013184, 0.00010873, 0.00007802, 0.00004226, 0.00000920, -0.00000905, 0.00000334, -0.00000261, -0.00000715, -0.00001033, -0.00001223, -0.00001299, -0.00001276, -0.00001170, -0.00001001, -0.00000793, -0.00000570, -0.00000360, -0.00000186, -0.00000067, -0.00000010, 0.00000000
5.00965216, 3.17976633, 2.26339097, 1.71889989, 1.36336869, 1.11671499, 0.93807245, 0.80436691, 0.70160138, 0.62081861, 0.55604407, 0.50315886, 0.45924590, 0.42219253, 0.39043959, 0.36281779, 0.33843802, 0.31661609, 0.29681997, 0.23320706, 0.18526519, 0.14716849, 0.11627492, 0.09113206, 0.07075013, 0.05434754, 0.04126408, 0.03093088, 0.02285780, 0.01662552, 0.01187845, 0.00831756, 0.00569343, 0.00379964, 0.00246667, 0.00155650, 0.00095781, 0.00058188, 0.00035901, 0.00023559, 0.00017147, 0.00013785, 0.00011547, 0.00009306, 0.00006610, 0.00003571, 0.00000774, -0.00000798, 0.00000170, -0.00000370, -0.00000783, -0.00001073, -0.00001246, -0.00001311, -0.00001280, -0.00001171, -0.00001000, -0.00000791, -0.00000568, -0.00000358, -0.00000185, -0.00000066, -0.00000010, 0.00000000
4.28490776, 2.79085112, 2.04766590, 1.59685469, 1.29350019, 1.07609383, 0.91350974, 0.78808045, 0.68894526, 0.60902840, 0.54351264, 0.48900353, 0.44304218, 0.40380660, 0.36992088, 0.34032916, 0.31420994, 0.29091633, 0.26993358, 0.20384440, 0.15627052, 0.12071846, 0.09366222, 0.07274845, 0.05638510, 0.04348363, 0.03327955, 0.02521614, 0.01887241, 0.01391915, 0.01009200, 0.00717464, 0.00498780, 0.00338201, 0.00223228, 0.00143434, 0.00090160, 0.00056281, 0.00036009, 0.00024730, 0.00018871, 0.00015776, 0.00013608, 0.00011263, 0.00008289, 0.00004824, 0.00001528, -0.00000461, 0.00000410, -0.00000391, -0.00001027, -0.00001494, -0.00001794, -0.00001936, -0.00001934, -0.00001804, -0.00001571, -0.00001267, -0.00000928, -0.00000598, -0.00000316, -0.00000118, -0.00000018, 0.00000000
4.69957434, 3.07567554, 2.26650393, 1.77427984, 1.44229050, 1.20403584, 1.02578141, 0.88830749, 0.77975111, 0.69235387, 0.62081611, 0.56139325, 0.51136713, 0.46872072, 0.43192963, 0.39982379, 0.37149316, 0.34622182, 0.32344091, 0.25127049, 0.19847848, 0.15794775, 0.12586951, 0.09992453, 0.07870246, 0.06130614, 0.04710985, 0.03562952, 0.02645936, 0.01924351, 0.01366423, 0.00943752, 0.00631136, 0.00406456, 0.00250561, 0.00147103, 0.00082356, 0.00045006, 0.00025930, 0.00017985, 0.00015792, 0.00015539, 0.00014798, 0.00012354, 0.00008052, 0.00002661, -0.00002251, -0.00004426, -0.00001014, -0.00001182, -0.00001244, -0.00001218, -0.00001124, -0.00000983, -0.00000814, -0.00000633, -0.00000459, -0.00000305, -0.00000181, -0.00000091, -0.00000035, -0.00000008, -0.00000000, 0.00000000
4.45977262, 2.84646656, 2.09140485, 1.64864044, 1.35507660, 1.14524438, 0.98755292, 0.86472892, 0.76644506, 0.68610402, 0.61927269, 0.56285191, 0.51460527, 0.47287669, 0.43641321, 0.40424961, 0.37563073, 0.34995786, 0.32675077, 0.25208792, 0.19701512, 0.15485317, 0.12189621, 0.09572066, 0.07472818, 0.05783381, 0.04426086, 0.03341905, 0.02483633, 0.01812147, 0.01294332, 0.00901887, 0.00610567, 0.00399662, 0.00251590, 0.00151550, 0.00087227, 0.00048513, 0.00027267, 0.00017086, 0.00013104, 0.00011810, 0.00010886, 0.00009053, 0.00005950, 0.00002009, -0.00001648, -0.00003301, -0.00000723, -0.00000861, -0.00000922, -0.00000916, -0.00000858, -0.00000759, -0.00000635, -0.00000498, -0.00000363, -0.00000241, -0.00000141, -0.00000068, -0.00000024, -0.00000004, 0.00000000, 0.00000000
4.81303713, 3.11695975, 2.27375357, 1.76610459, 1.42744087, 1.18661933, 1.00769004, 0.87036047, 0.76224895, 0.67535391, 0.60427141, 0.54522260, 0.49548938, 0.45307058, 0.41646373, 0.38452176, 0.35635628, 0.33127055, 0.30871208, 0.23695058, 0.18436446, 0.14394099, 0.11228926, 0.08732549, 0.06759411, 0.05200836, 0.03972774, 0.03008930, 0.02256423, 0.01672779, 0.01223739, 0.00881600, 0.00623929, 0.00432561, 0.00292795, 0.00192759, 0.00122894, 0.00075546, 0.00044629, 0.00025349, 0.00013992, 0.00007732, 0.00004493, 0.00002820, 0.00001782, 0.00000889, 0.00000023, -0.00000618, -0.00000566, -0.00000780, -0.00000906, -0.00000956, -0.00000942, -0.00000875, -0.00000769, -0.00000639, -0.00000497, -0.00000359, -0.00000235, -0.00000135, -0.00000063, -0.00000020, -0.00000003, 0.00000000
4.68613061, 3.10411551, 2.31202750, 1.82547198, 1.49354485, 1.25250831, 1.07005737, 0.92775617, 0.81418732, 0.72185009, 0.64559349, 0.58175640, 0.52766423, 0.48131882, 0.44119922, 0.40612931, 0.37518723, 0.34764187, 0.32290739, 0.24491813, 0.18879053, 0.14660075, 0.11416540, 0.08882476, 0.06882183, 0.05295554, 0.04036800, 0.03041766, 0.02260511, 0.01652943, 0.01186205, 0.00833025, 0.00570627, 0.00379963, 0.00245133, 0.00152937, 0.00092500, 0.00054967, 0.00033236, 0.00021732, 0.00016211, 0.00013589, 0.00011791, 0.00009624, 0.00006659, 0.00003132, -0.00000147, -0.00001877, -0.00000334, -0.00000781, -0.00001099, -0.00001297, -0.00001384, -0.00001375, -0.00001285, -0.00001132, -0.00000935, -0.00000717, -0.00000500, -0.00000305, -0.00000152, -0.00000053, -0.00000007, 0.00000000
4.83232038, 3.06632408, 2.21194539, 1.70893430, 1.37922716, 1.14801199, 0.97809713, 0.84880324, 0.74768273, 0.66678855, 0.60081194, 0.54607713, 0.49996409, 0.46055998, 0.42643990, 0.39652413, 0.36998236, 0.34616789, 0.32457134, 0.25472972, 0.20215989, 0.16072138, 0.12737909, 0.10032705, 0.07835806, 0.06058229, 0.04629434, 0.03490956, 0.02593229, 0.01893876, 0.01356626, 0.00950542, 0.00649370, 0.00430984, 0.00276873, 0.00171689, 0.00102837, 0.00060115, 0.00035386, 0.00022302, 0.00016058, 0.00013177, 0.00011326, 0.00009159, 0.00006175, 0.00002608, -0.00000687, -0.00002311, -0.00000409, -0.00000706, -0.00000903, -0.00001011, -0.00001041, -0.00001006, -0.00000918, -0.00000792, -0.00000642, -0.00000484, -0.00000332, -0.00000200, -0.00000099, -0.00000034, -0.00000005, 0.00000000
4.28534239, 2.88458283, 2.18287018, 1.74634053, 1.44373858, 1.22042784, 1.04881936, 0.91311813, 0.80347144, 0.71334564, 0.63820709, 0.57479856, 0.52071460, 0.47413877, 0.43367379, 0.39822797, 0.36693692, 0.33910821, 0.31418157, 0.23566405, 0.17977586, 0.13809743, 0.10623660, 0.08155061, 0.06229864, 0.04725669, 0.03552220, 0.02640675, 0.01937271, 0.01399347, 0.00992682, 0.00689634, 0.00467787, 0.00308929, 0.00198269, 0.00123827, 0.00075947, 0.00046910, 0.00030624, 0.00022369, 0.00018595, 0.00016754, 0.00015163, 0.00012890, 0.00009667, 0.00005805, 0.00002131, -0.00000068, 0.00000902, -0.00000059, -0.00000867, -0.00001508, -0.00001971, -0.00002255, -0.00002364, -0.00002306, -0.00002097, -0.00001766, -0.00001354, -0.00000916, -0.00000514, -0.00000207, -0.00000036, 0.00000000
4.62100444, 3.08406582, 2.29865839, 1.81474233, 1.48606397, 1.24912959, 1.07123830, 0.93358074, 0.82448080, 0.73627780, 0.66373057, 0.60313390, 0.55179845, 0.50772960, 0.46942091, 0.43571710, 0.40572035, 0.37872492, 0.35417048, 0.27484997, 0.21542878, 0.16911182, 0.13238397, 0.10303180, 0.07953345, 0.06076948, 0.04587106, 0.03413807, 0.02499313, 0.01795424, 0.01261694, 0.00864165, 0.00574395, 0.00368666, 0.00227325, 0.00134215, 0.00076193, 0.00042709, 0.00025449, 0.00018016, 0.00015670, 0.00015091, 0.00014184, 0.00011902, 0.00008103, 0.00003412, -0.00000887, -0.00002955, -0.00000490, -0.00000887, -0.00001157, -0.00001310, -0.00001358, -0.00001316, -0.00001203, -0.00001037, -0.00000837, -0.00000627, -0.00000425, -0.00000252, -0.00000121, -0.00000040, -0.00000005, 0.00000000
4.98735650, 3.06637357, 2.15333410, 1.62165955, 1.27703691, 1.03854184, 0.86599942, 0.73703518, 0.63814995, 0.56070934, 0.49894075, 0.44884924, 0.40759263, 0.37310279, 0.34384647, 0.31866901, 0.29668924, 0.27722705, 0.25975238, 0.20559252, 0.16601041, 0.13584566, 0.11205223, 0.09241570, 0.07567944, 0.06123326, 0.04879463, 0.03820819, 0.02934605, 0.02206879, 0.01621732, 0.01161781, 0.00809064, 0.00545913, 0.00355650, 0.00223066, 0.00134709, 0.00079018, 0.00046338, 0.00028858, 0.00020494, 0.00016749, 0.00014544, 0.00012063, 0.00008585, 0.00004335, 0.00000342, -0.00001696, 0.00000480, -0.00000022, -0.00000420, -0.00000716, -0.00000911, -0.00001014, -0.00001031, -0.00000974, -0.00000858, -0.00000699, -0.00000518, -0.00000338, -0.00000182, -0.00000070, -0.00000011, 0.00000000
4.28983424, 2.83776600, 2.09536885, 1.63844253, 1.32876702, 1.10622372, 0.93980090, 0.81163651, 0.71062973, 0.62949052, 0.56322762, 0.50831047, 0.46217561, 0.42292129, 0.38911120, 0.35964384, 0.33366346, 0.31049760, 0.28961259, 0.22358463, 0.17543334, 0.13858715, 0.10960515, 0.08638943, 0.06761590, 0.05240253, 0.04011611, 0.03026702, 0.02245452, 0.01633883, 0.01162678, 0.00806397, 0.00542992, 0.00353467, 0.00221590, 0.00133630, 0.00078125, 0.00045647, 0.00028600, 0.00021017, 0.00018383, 0.00017477, 0.00016222, 0.00013558, 0.00009324, 0.00004156, -0.00000605, -0.00002992, -0.00000488, -0.00001016, -0.00001381, -0.00001595, -0.00001675, -0.00001639, -0.00001510, -0.00001311, -0.00001067, -0.00000805, -0.00000550, -0.00000328, -0.00000159, -0.00000053, -0.00000006, 0.00000000
4.28490776, 2.79085112, 2.04766590, 1.59685469, 1.29350019, 1.07609383, 0.91350974, 0.78808045, 0.68894526, 0.60902840, 0.54351264, 0.48900353, 0.44304218, 0.40380660, 0.36992088, 0.34032916, 0.31420994, 0.29091633, 0.26993358, 0.20384440, 0.15627052, 0.12071846, 0.09366222, 0.07274845, 0.05638510, 0.04348363, 0.03327955, 0.02521614, 0.01887241, 0.01391915, 0.01009200, 0.00717464, 0.00498780, 0.00338201, 0.00223228, 0.00143434, 0.00090160, 0.00056281, 0.00036009, 0.00024730, 0.00018871, 0.00015776, 0.00013608, 0.00011263, 0.00008289, 0.00004824, 0.00001528, -0.00000461, 0.00000410, -0.00000391, -0.00001027, -0.00001494, -0.00001794, -0.00001936, -0.00001934, -0.00001804, -0.00001571, -0.00001267, -0.00000928, -0.00000598, -0.00000316, -0.00000118, -0.00000018, 0.00000000
4.50981706, 2.86320011, 2.06961945, 1.60305707, 1.29710816, 1.08219050, 0.92385199, 0.80299633, 0.70815446, 0.63201464, 0.56969624, 0.51782065, 0.47397903, 0.43641153, 0.40380594, 0.37516659, 0.34972664, 0.32688773, 0.30617762, 0.23890004, 0.18818039, 0.14809986, 0.11586378, 0.08988776, 0.06905957, 0.05248858, 0.03942389, 0.02922566, 0.02135102, 0.01534332, 0.01082184, 0.00747175, 0.00503470, 0.00330019, 0.00209797, 0.00129147, 0.00077214, 0.00045474, 0.00027334, 0.00017798, 0.00013197, 0.00010950, 0.00009383, 0.00007570, 0.00005195, 0.00002457, -0.00000035, -0.00001324, -0.00000179, -0.00000516, -0.00000757, -0.00000910, -0.00000982, -0.00000983, -0.00000924, -0.00000819, -0.00000681, -0.00000526, -0.00000370, -0.00000229, -0.00000116, -0.00000041, -0.00000006, 0.00000000
5.11841947, 3.28065765, 2.39372555, 1.86509341, 1.51267800, 1.26118048, 1.07330675, 0.92823964, 0.81334270, 0.72045976, 0.64407563, 0.58032301, 0.52641013, 0.48027317, 0.44035605, 0.40546574, 0.37467446, 0.34725170, 0.32261612, 0.24494831, 0.18900201, 0.14709700, 0.11496719, 0.08980883, 0.06982441, 0.05384692, 0.04107669, 0.03092473, 0.02292769, 0.01670378, 0.01193027, 0.00833161, 0.00567260, 0.00375364, 0.00240701, 0.00149341, 0.00089883, 0.00053148, 0.00031892, 0.00020545, 0.00014965, 0.00012219, 0.00010392, 0.00008409, 0.00005889, 0.00003011, 0.00000403, -0.00000956, 0.00000187, -0.00000179, -0.00000444, -0.00000617, -0.00000710, -0.00000733, -0.00000701, -0.00000626, -0.00000522, -0.00000402, -0.00000281, -0.00000173, -0.00000087, -0.00000030, -0.00000004, 0.00000000
4.51092937, 2.90563880, 2.13218919, 1.67028004, 1.36168184, 1.14115283, 0.97632430, 0.84905673, 0.74828807, 0.66684676, 0.59986514, 0.54391995, 0.49653485, 0.45587704, 0.42056413, 0.38953667, 0.36197170, 0.33722246, 0.31477548, 0.24272641, 0.18952791, 0.14852364, 0.11611816, 0.09017477, 0.06933580, 0.05265433, 0.03940624, 0.02900023, 0.02093602, 0.01478456, 0.01017764, 0.00680108, 0.00438924, 0.00271993, 0.00160957, 0.00090851, 0.00049663, 0.00027930, 0.00018374, 0.00015567, 0.00015648, 0.00016063, 0.00015349, 0.00012944, 0.00009021, 0.00004353, 0.00000192, -0.00001826, 0.00000227, -0.00000278, -0.00000650, -0.00000900, -0.00001039, -0.00001082, -0.00001044, -0.00000943, -0.00000796, -0.00000623, -0.00000443, -0.00000277, -0.00000142, -0.00000052, -0.00000008, 0.00000000
4.13614492, 2.78211407, 2.06892408, 1.62270698, 1.31779491, 1.09791474, 0.93336867, 0.80676415, 0.70716466, 0.62733015, 0.56227718, 0.50846901, 0.46333293, 0.42495900, 0.39190482, 0.36306512, 0.33758230, 0.31478361, 0.29413626, 0.22833200, 0.17941379, 0.14155119, 0.11179225, 0.08813413, 0.06917945, 0.05393763, 0.04168402, 0.03186746, 0.02405307, 0.01788746, 0.01307741, 0.00937645, 0.00657593, 0.00449880, 0.00299501, 0.00193787, 0.00122114, 0.00075654, 0.00047173, 0.00030846, 0.00022106, 0.00017508, 0.00014614, 0.00011889, 0.00008614, 0.00004809, 0.00001159, -0.00001047, 0.00000027, -0.00000795, -0.00001427, -0.00001867, -0.00002124, -0.00002209, -0.00002142, -0.00001947, -0.00001654, -0.00001300, -0.00000927, -0.00000579, -0.00000295, -0.00000105, -0.00000015, 0.00000000
3.89752866, 2.61441703, 1.95670540, 1.54946713, 1.27132221, 1.06968032, 0.91746572, 0.79909023, 0.70485927, 0.62839601, 0.56532436, 0.51254000, 0.46778132, 0.42936420, 0.39601134, 0.36673881, 0.34077839, 0.31752329, 0.29648926, 0.22892375, 0.17881868, 0.13997391, 0.10931037, 0.08494292, 0.06556139, 0.05018308, 0.03803778, 0.02850700, 0.02108758, 0.01536748, 0.01100828, 0.00773179, 0.00530952, 0.00355414, 0.00231256, 0.00146022, 0.00089646, 0.00054064, 0.00032894, 0.00021177, 0.00015156, 0.00012100, 0.00010147, 0.00008186, 0.00005748, 0.00002923, 0.00000279, -0.00001196, -0.00000151, -0.00000602, -0.00000933, -0.00001150, -0.00001262, -0.00001278, -0.00001213, -0.00001082, -0.00000905, -0.00000701, -0.00000494, -0.00000305, -0.00000154, -0.00000054, -0.00000008, 0.00000000
4.44197666, 2.93997268, 2.19352105, 1.73730994, 1.42689955, 1.20167646, 1.03112411, 0.89792879, 0.79141875, 0.70460883, 0.63271542, 0.57234546, 0.52102378, 0.47690302, 0.43857789, 0.40496206, 0.37520407, 0.34862855, 0.32469419, 0.24840933, 0.19263731, 0.15015311, 0.11717172, 0.09124444, 0.07071119, 0.05440495, 0.04147043, 0.03125495, 0.02324345, 0.01701951, 0.01224110, 0.00862477, 0.00593468, 0.00397464, 0.00258187, 0.00162206, 0.00098525, 0.00058239, 0.00034242, 0.00020975, 0.00014208, 0.00010857, 0.00008822, 0.00006847, 0.00004401, 0.00001574, -0.00001018, -0.00002307, -0.00000848, -0.00001034, -0.00001119, -0.00001122, -0.00001060, -0.00000952, -0.00000812, -0.00000658, -0.00000503, -0.00000358, -0.00000234, -0.00000136, -0.00000066, -0.00000023, -0.00000004, 0.00000000
4.00664849, 2.68937382, 2.03055738, 1.62164913, 1.33880827, 1.13046998, 0.97061809, 0.84437908, 0.74249016, 0.65881897, 0.58911690, 0.53033590, 0.48022792, 0.43709734, 0.39964120, 0.36684248, 0.33789656, 0.31215943, 0.28911032, 0.21657781, 0.16503042, 0.12664839, 0.09734858, 0.07467608, 0.05701506, 0.04323042, 0.03248632, 0.02414630, 0.01771433, 0.01279757, 0.00908153, 0.00631263, 0.00428558, 0.00283378, 0.00182209, 0.00114113, 0.00070276, 0.00043655, 0.00028691, 0.00021072, 0.00017555, 0.00015807, 0.00014288, 0.00012141, 0.00009120, 0.00005510, 0.00002077, 0.00000013, 0.00000893, -0.00000015, -0.00000779, -0.00001386, -0.00001825, -0.00002096, -0.00002202, -0.00002152, -0.00001960, -0.00001652, -0.00001268, -0.00000858, -0.00000482, -0.00000194, -0.00000034, 0.00000000
4.97032525, 3.20856491, 2.33131096, 1.80308687, 1.45108788, 1.20129161, 1.01619149, 0.87457072, 0.76346381, 0.67448388, 0.60196417, 0.54194185, 0.49156744, 0.44874431, 0.41189969, 0.37983419, 0.35162009, 0.32653088, 0.30399142, 0.23284922, 0.18131730, 0.14189266, 0.11089818, 0.08625108, 0.06659871, 0.05096361, 0.03858906, 0.02886628, 0.02129598, 0.01546522, 0.01103153, 0.00771102, 0.00526885, 0.00351143, 0.00227991, 0.00144474, 0.00090113, 0.00056514, 0.00037058, 0.00026624, 0.00021370, 0.00018539, 0.00016307, 0.00013650, 0.00010225, 0.00006282, 0.00002577, 0.00000303, 0.00001020, -0.00000027, -0.00000892, -0.00001561, -0.00002028, -0.00002296, -0.00002375, -0.00002282, -0.00002041, -0.00001688, -0.00001268, -0.00000838, -0.00000457, -0.00000178, -0.00000029, 0.00000000
4.40167905, 2.93018136, 2.17964998, 1.71711317, 1.40245542, 1.17510040, 1.00395787, 0.87118904, 0.76573624, 0.68034828, 0.61006273, 0.55136797, 0.50171126, 0.45919539, 0.42238395, 0.39017214, 0.36169865, 0.33628399, 0.31338659, 0.24031468, 0.18668609, 0.14532968, 0.11275598, 0.08693435, 0.06648204, 0.05035578, 0.03772517, 0.02791362, 0.02036533, 0.01462315, 0.01031177, 0.00712412, 0.00480995, 0.00316637, 0.00202975, 0.00126913, 0.00078059, 0.00048258, 0.00031215, 0.00022168, 0.00017630, 0.00015163, 0.00013203, 0.00010902, 0.00008005, 0.00004745, 0.00001752, -0.00000023, 0.00000632, -0.00000118, -0.00000714, -0.00001155, -0.00001446, -0.00001596, -0.00001618, -0.00001527, -0.00001345, -0.00001097, -0.00000814, -0.00000532, -0.00000287, -0.00000110, -0.00000018, 0.00000000
5.02911988, 3.32300844, 2.46672393, 1.94285582, 1.58729983, 1.33027331, 1.13640327, 0.98557086, 0.86537782, 0.76772315, 0.68707344, 0.61951543, 0.56220333, 0.51301961, 0.47035818, 0.43298082, 0.39991948, 0.37040807, 0.34383378, 0.25971472, 0.19911158, 0.15355259, 0.11853690, 0.09127123, 0.06989566, 0.05310389, 0.03993572, 0.02965873, 0.02169834, 0.01559478, 0.01097527, 0.00753502, 0.00502381, 0.00323591, 0.00200243, 0.00118530, 0.00067236, 0.00037345, 0.00021722, 0.00014837, 0.00012554, 0.00011937, 0.00011101, 0.00009075, 0.00005696, 0.00001512, -0.00002306, -0.00004033, -0.00001464, -0.00001576, -0.00001574, -0.00001478, -0.00001314, -0.00001104, -0.00000873, -0.00000641, -0.00000430, -0.00000256, -0.00000127, -0.00000045, -0.00000005, 0.00000005, 0.00000002, 0.00000000
4.23271786, 2.85620907, 2.13985004, 1.69079482, 1.38195461, 1.15749084, 0.98814446, 0.85679156, 0.75263721, 0.66850666, 0.59943938, 0.54189926, 0.49330330, 0.45172669, 0.41571100, 0.38413554, 0.35612866, 0.33100540, 0.30822250, 0.23584804, 0.18283990, 0.14271407, 0.11175120, 0.08740589, 0.06800921, 0.05246438, 0.04001480, 0.03010106, 0.02228160, 0.01619118, 0.01151970, 0.00800102, 0.00540668, 0.00354175, 0.00224144, 0.00136816, 0.00080867, 0.00047136, 0.00028367, 0.00018966, 0.00014775, 0.00012868, 0.00011364, 0.00009268, 0.00006317, 0.00002861, -0.00000254, -0.00001779, -0.00000147, -0.00000462, -0.00000671, -0.00000788, -0.00000828, -0.00000804, -0.00000733, -0.00000627, -0.00000503, -0.00000374, -0.00000253, -0.00000149, -0.00000072, -0.00000024, -0.00000003, 0.00000000
4.93637300, 3.16528031, 2.28481906, 1.76062928, 1.41578355, 1.17393314, 0.99648447, 0.86176640, 0.75666500, 0.67278840, 0.60452872, 0.54800668, 0.50046197, 0.45988388, 0.42477836, 0.39401634, 0.36673193, 0.34225251, 0.32004971, 0.24827743, 0.19454618, 0.15224116, 0.11830704, 0.09109806, 0.06944697, 0.05238568, 0.03907780, 0.02880465, 0.02095863, 0.01503437, 0.01061704, 0.00736981, 0.00502159, 0.00335588, 0.00220101, 0.00142192, 0.00091328, 0.00059378, 0.00040157, 0.00029048, 0.00022698, 0.00018773, 0.00015760, 0.00012808, 0.00009595, 0.00006230, 0.00003155, 0.00001087, 0.00000948, -0.00000173, -0.00001081, -0.00001769, -0.00002236, -0.00002491, -0.00002548, -0.00002427, -0.00002158, -0.00001775, -0.00001329, -0.00000877, -0.00000478, -0.00000186, -0.00000031, 0.00000000
4.92270385, 3.26991057, 2.43004945, 1.90989664, 1.55410350, 1.29599950, 1.10128576, 0.95015398, 0.83022934, 0.73333355, 0.65382950, 0.58770286, 0.53201952, 0.48458875, 0.44374560, 0.40820553, 0.37696459, 0.34922936, 0.32436657, 0.24693562, 0.19185603, 0.15092430, 0.11959984, 0.09493615, 0.07510255, 0.05896979, 0.04581036, 0.03511634, 0.02649946, 0.01963981, 0.01426095, 0.01011856, 0.00699535, 0.00469883, 0.00306002, 0.00193245, 0.00119103, 0.00073077, 0.00046545, 0.00032603, 0.00025925, 0.00022605, 0.00020014, 0.00016665, 0.00012077, 0.00006660, 0.00001597, -0.00001256, 0.00000530, -0.00000478, -0.00001268, -0.00001840, -0.00002202, -0.00002366, -0.00002353, -0.00002187, -0.00001900, -0.00001529, -0.00001119, -0.00000721, -0.00000382, -0.00000143, -0.00000022, 0.00000000
4.75986450, 3.22806892, 2.42503566, 1.91860685, 1.56833408, 1.31241000, 1.11840596, 0.96730856, 0.84710171, 0.74977381, 0.66976510, 0.60309553, 0.54684420, 0.49882343, 0.45736650, 0.42118515, 0.38927116, 0.36082690, 0.33521536, 0.25465256, 0.19670255, 0.15318420, 0.11967497, 0.09337959, 0.07249551, 0.05582198, 0.04251597, 0.03194957, 0.02363007, 0.01715564, 0.01219050, 0.00845040, 0.00569363, 0.00371477, 0.00234016, 0.00142410, 0.00084571, 0.00050616, 0.00032613, 0.00024365, 0.00021208, 0.00019831, 0.00018117, 0.00015000, 0.00010334, 0.00004781, -0.00000300, -0.00002944, -0.00000672, -0.00001366, -0.00001843, -0.00002120, -0.00002218, -0.00002163, -0.00001986, -0.00001716, -0.00001390, -0.00001043, -0.00000709, -0.00000421, -0.00000203, -0.00000067, -0.00000008, 0.00000000
4.11600636, 2.79143315, 2.12456096, 1.70765231, 1.41742168, 1.20248712, 1.03683333, 0.90551595, 0.79918045, 0.71160331, 0.63845348, 0.57661147, 0.52376869, 0.47817873, 0.43849629, 0.40366913, 0.37286333, 0.34541052, 0.32076964, 0.24319301, 0.18786865, 0.14671174, 0.11518977, 0.09044934, 0.07070819, 0.05482919, 0.04204533, 0.03180018, 0.02366088, 0.01727232, 0.01233349, 0.00858495, 0.00580201, 0.00379043, 0.00238344, 0.00143925, 0.00083883, 0.00048384, 0.00029463, 0.00020840, 0.00017744, 0.00016750, 0.00015629, 0.00013211, 0.00009261, 0.00004363, -0.00000183, -0.00002458, -0.00000009, -0.00000540, -0.00000934, -0.00001198, -0.00001339, -0.00001371, -0.00001310, -0.00001175, -0.00000985, -0.00000765, -0.00000539, -0.00000333, -0.00000168, -0.00000059, -0.00000008, 0.00000000
4.24890641, 2.91281261, 2.22892833, 1.79779230, 1.49621173, 1.27213302, 1.09896202, 0.96133518, 0.84960239, 0.75733020, 0.68003604, 0.61448891, 0.55829661, 0.50964898, 0.46715126, 0.42971224, 0.39646693, 0.36672184, 0.33991537, 0.25498842, 0.19401395, 0.14884174, 0.11483296, 0.08881567, 0.06863707, 0.05283689, 0.04040409, 0.03061496, 0.02293158, 0.01693984, 0.01231151, 0.00878078, 0.00612923, 0.00417591, 0.00277036, 0.00178765, 0.00112448, 0.00069616, 0.00043413, 0.00028387, 0.00020314, 0.00016049, 0.00013388, 0.00010961, 0.00008123, 0.00004871, 0.00001760, -0.00000170, 0.00000544, -0.00000260, -0.00000899, -0.00001369, -0.00001673, -0.00001819, -0.00001822, -0.00001700, -0.00001479, -0.00001188, -0.00000867, -0.00000554, -0.00000291, -0.00000107, -0.00000016, 0.00000000
4.46729196, 2.97676385, 2.23204839, 1.77465157, 1.46202982, 1.23425274, 1.06108346, 0.92532921, 0.81636985, 0.72723946, 0.65315807, 0.59072863, 0.53746848, 0.49152128, 0.45147240, 0.41622632, 0.38492288, 0.35687857, 0.33154456, 0.25123472, 0.19344573, 0.15028146, 0.11721006, 0.09134373, 0.07083679, 0.05447675, 0.04142395, 0.03105968, 0.02290146, 0.01655674, 0.01169736, 0.00804492, 0.00536202, 0.00344629, 0.00212608, 0.00125702, 0.00071904, 0.00041376, 0.00026217, 0.00020253, 0.00018844, 0.00018713, 0.00017795, 0.00015092, 0.00010551, 0.00004951, -0.00000204, -0.00002780, -0.00000099, -0.00000726, -0.00001190, -0.00001497, -0.00001658, -0.00001689, -0.00001609, -0.00001439, -0.00001205, -0.00000936, -0.00000660, -0.00000409, -0.00000207, -0.00000074, -0.00000010, 0.00000000
4.39163754, 2.80106164, 2.04674499, 1.59992773, 1.30234058, 1.08969376, 0.93050190, 0.80730109, 0.70952081, 0.63034183, 0.56514803, 0.51069555, 0.46463595, 0.42522727, 0.39115117, 0.36139291, 0.33516001, 0.31182584, 0.29088945, 0.22470346, 0.17668953, 0.14008606, 0.11133362, 0.08826014, 0.06951835, 0.05423596, 0.04180424, 0.03176121, 0.02373094, 0.01739342, 0.01246976, 0.00871492, 0.00591376, 0.00387850, 0.00244671, 0.00147943, 0.00085935, 0.00048896, 0.00028884, 0.00019587, 0.00016173, 0.00015132, 0.00014144, 0.00011950, 0.00008242, 0.00003554, -0.00000826, -0.00002948, -0.00000277, -0.00000668, -0.00000951, -0.00001132, -0.00001218, -0.00001219, -0.00001149, -0.00001020, -0.00000851, -0.00000659, -0.00000464, -0.00000287, -0.00000145, -0.00000051, -0.00000007, 0.00000000
3.81472322, 2.49687040, 1.83857927, 1.44100984, 1.17543062, 0.98658402, 0.84637874, 0.73886749, 0.65427423, 0.58625977, 0.53053417, 0.48409538, 0.44478518, 0.41101721, 0.38160369, 0.35564121, 0.33243334, 0.31143693, 0.29222410, 0.22913043, 0.18051483, 0.14189223, 0.11103611, 0.08637253, 0.06669577, 0.05105629, 0.03869273, 0.02898654, 0.02143088, 0.01560833, 0.01117451, 0.00784528, 0.00538663, 0.00360650, 0.00234794, 0.00148347, 0.00091042, 0.00054689, 0.00032851, 0.00020556, 0.00014072, 0.00010700, 0.00008615, 0.00006720, 0.00004535, 0.00002090, -0.00000152, -0.00001367, -0.00000432, -0.00000734, -0.00000925, -0.00001019, -0.00001032, -0.00000978, -0.00000873, -0.00000735, -0.00000579, -0.00000422, -0.00000278, -0.00000159, -0.00000073, -0.00000022, -0.00000002, 0.00000000
4.35718523, 2.89193998, 2.14970985, 1.69178796, 1.37907827, 1.15212035, 0.98054697, 0.84695015, 0.74052299, 0.65415794, 0.58297259, 0.52349738, 0.47319887, 0.43018545, 0.39301828, 0.36058546, 0.33201597, 0.30661943, 0.28384288, 0.21301530, 0.16322851, 0.12675077, 0.09923809, 0.07792054, 0.06105828, 0.04755192, 0.03668002, 0.02793986, 0.02095670, 0.01543385, 0.01112555, 0.00782240, 0.00534327, 0.00353062, 0.00224769, 0.00137639, 0.00081576, 0.00048065, 0.00030050, 0.00021825, 0.00018938, 0.00018091, 0.00017066, 0.00014640, 0.00010520, 0.00005278, 0.00000294, -0.00002305, 0.00000308, -0.00000392, -0.00000951, -0.00001364, -0.00001631, -0.00001758, -0.00001755, -0.00001639, -0.00001429, -0.00001153, -0.00000846, -0.00000545, -0.00000288, -0.00000108, -0.00000017, 0.00000000
5.19308929, 3.30620886, 2.40436207, 1.86700012, 1.50747879, 1.24976492, 1.05650202, 0.90688794, 0.78827509, 0.69246537, 0.61388241, 0.54858895, 0.49372141, 0.44714648, 0.40724295, 0.37275806, 0.34270991, 0.31631940, 0.29296171, 0.22147102, 0.17253497, 0.13655090, 0.10851532, 0.08587843, 0.06731316, 0.05206024, 0.03961221, 0.02957257, 0.02159797, 0.01537741, 0.01062651, 0.00708706, 0.00452773, 0.00274449, 0.00156032, 0.00082420, 0.00040969, 0.00021313, 0.00015170, 0.00016152, 0.00019566, 0.00022240, 0.00022349, 0.00019261, 0.00013390, 0.00006068, -0.00000579, -0.00003739, -0.00000022, -0.00000725, -0.00001258, -0.00001626, -0.00001837, -0.00001908, -0.00001856, -0.00001700, -0.00001463, -0.00001173, -0.00000861, -0.00000559, -0.00000302, -0.00000117, -0.00000020, 0.00000000
4.82438582, 3.17514516, 2.34435907, 1.83657434, 1.49316820, 1.24621339, 1.06109853, 0.91806762, 0.80491966, 0.71367471, 0.63888210, 0.57669039, 0.52430312, 0.47964409, 0.44114286, 0.40759269, 0.37805367, 0.35178510, 0.32819724, 0.25279766, 0.19700337, 0.15356811, 0.11926283, 0.09214945, 0.07079816, 0.05406453, 0.04101526, 0.03089095, 0.02307791, 0.01708354, 0.01251449, 0.00905792, 0.00646580, 0.00454195, 0.00313160, 0.00211288, 0.00139014, 0.00088855, 0.00054983, 0.00032884, 0.00019089, 0.00010958, 0.00006511, 0.00004288, 0.00003244, 0.00002660, 0.00002072, 0.00001219, -0.00000006, -0.00000654, -0.00001134, -0.00001453, -0.00001625, -0.00001663, -0.00001589, -0.00001424, -0.00001193, -0.00000926, -0.00000652, -0.00000403, -0.00000203, -0.00000071, -0.00000010, 0.00000000
4.56240299, 2.93144587, 2.13952796, 1.66559338, 1.34918162, 1.12356527, 0.95546430, 0.82617234, 0.72426328, 0.64232343, 0.57531863, 0.51970749, 0.47292751, 0.43308139, 0.39873727, 0.36879704, 0.34240687, 0.31889497, 0.29772723, 0.23030931, 0.18063584, 0.14219016, 0.11176905, 0.08743632, 0.06790135, 0.05223673, 0.03973409, 0.02982780, 0.02205321, 0.01602248, 0.01140936, 0.00793881, 0.00537926, 0.00353642, 0.00224814, 0.00138015, 0.00082227, 0.00048521, 0.00029781, 0.00020464, 0.00016391, 0.00014568, 0.00013034, 0.00010724, 0.00007353, 0.00003315, -0.00000410, -0.00002331, -0.00000527, -0.00000996, -0.00001320, -0.00001511, -0.00001582, -0.00001550, -0.00001432, -0.00001249, -0.00001023, -0.00000779, -0.00000540, -0.00000328, -0.00000163, -0.00000057, -0.00000008, 0.00000000
4.63986494, 3.04844540, 2.28320689, 1.82109521, 1.50672630, 1.27723610, 1.10183504, 0.96338243, 0.85143694, 0.75920647, 0.68204896, 0.61666805, 0.56065092, 0.51218743, 0.46989172, 0.43268445, 0.39971267, 0.37029382, 0.34387563, 0.26022028, 0.20041481, 0.15572661, 0.12132893, 0.09431450, 0.07286449, 0.05577391, 0.04218675, 0.03145375, 0.02305721, 0.01657070, 0.01163671, 0.00795321, 0.00526484, 0.00335646, 0.00204798, 0.00118999, 0.00066000, 0.00035904, 0.00020874, 0.00014863, 0.00013386, 0.00013309, 0.00012671, 0.00010526, 0.00006805, 0.00002190, -0.00001985, -0.00003831, -0.00000983, -0.00001131, -0.00001182, -0.00001155, -0.00001066, -0.00000934, -0.00000777, -0.00000610, -0.00000448, -0.00000303, -0.00000184, -0.00000096, -0.00000040, -0.00000011, -0.00000001, 0.00000000
3.83340610, 2.52701627, 1.86988626, 1.46977992, 1.20040690, 1.00751180, 0.86342728, 0.75237766, 0.66464301, 0.59388654, 0.53579629, 0.48733801, 0.44631823, 0.41111577, 0.38051002, 0.35356745, 0.32956435, 0.30793313, 0.28822402, 0.22429074, 0.17603313, 0.13824784, 0.10826746, 0.08434404, 0.06523071, 0.04999206, 0.03789911, 0.02836793, 0.02092203, 0.01516820, 0.01078002, 0.00748582, 0.00505957, 0.00331357, 0.00209262, 0.00126909, 0.00073891, 0.00041806, 0.00023980, 0.00015216, 0.00011588, 0.00010271, 0.00009392, 0.00007900, 0.00005463, 0.00002374, -0.00000530, -0.00001937, -0.00000122, -0.00000373, -0.00000557, -0.00000676, -0.00000734, -0.00000739, -0.00000698, -0.00000621, -0.00000517, -0.00000399, -0.00000280, -0.00000172, -0.00000087, -0.00000030, -0.00000004, 0.00000000
3.66360483, 2.42716048, 1.83405609, 1.47354822, 1.22624661, 1.04435770, 0.90450720, 0.79362477, 0.70368821, 0.62943323, 0.56723001, 0.51447953, 0.46926509, 0.43013928, 0.39598768, 0.36593820, 0.33929896, 0.31551449, 0.29413423, 0.22592879, 0.17639300, 0.13859508, 0.10887249, 0.08510773, 0.06598399, 0.05060525, 0.03830537, 0.02855429, 0.02091199, 0.01500521, 0.01051470, 0.00716727, 0.00473013, 0.00300618, 0.00183001, 0.00106418, 0.00059596, 0.00033432, 0.00020722, 0.00015924, 0.00014939, 0.00014928, 0.00014143, 0.00011781, 0.00007855, 0.00003078, -0.00001236, -0.00003265, -0.00000763, -0.00001104, -0.00001316, -0.00001413, -0.00001412, -0.00001331, -0.00001190, -0.00001007, -0.00000803, -0.00000595, -0.00000401, -0.00000238, -0.00000115, -0.00000039, -0.00000005, 0.00000000
