0.01000000, 0.01500000, 0.02000000, 0.02500000, 0.03000000, 0.03500000, 0.04000000, 0.04500000, 0.05000000, 0.05500000, 0.06000000, 0.06500000, 0.07000000, 0.07500000, 0.08000000, 0.08500000, 0.09000000, 0.09500000, 0.10000000, 0.12000000, 0.14000000, 0.16000000, 0.18000000, 0.20000000, 0.22000000, 0.24000000, 0.26000000, 0.28000000, 0.30000000, 0.32000000, 0.34000000, 0.36000000, 0.38000000, 0.40000000, 0.42000000, 0.44000000, 0.46000000, 0.48000000, 0.50000000, 0.52000000, 0.54000000, 0.56000000, 0.58000000, 0.60000000, 0.62000000, 0.64000000, 0.66000000, 0.68000000, 0.70000000, 0.72000000, 0.74000000, 0.76000000, 0.78000000, 0.80000000, 0.82000000, 0.84000000, 0.86000000, 0.88000000, 0.90000000, 0.92000000, 0.94000000, 0.96000000, 0.98000000, 1.00000000
2.77083116, 1.76341496, 1.25828296, 0.95024880, 0.74054165, 0.58738953, 0.47002255, 0.37692280, 0.30117890, 0.23838671, 0.18560191, 0.14077592, 0.10243321, 0.06947744, 0.04107037, 0.01655372, -0.00460249, -0.02283492, -0.03851074, -0.08040077, -0.10085627, -0.10931202, -0.11207649, -0.11306698, -0.11409451, -0.11552959, -0.11691385, -0.11746281, -0.11646093, -0.11350625, -0.10857968, -0.10197367, -0.09415416, -0.08562529, -0.07683571, -0.06813433, -0.05976403, -0.05187720, -0.04455902, -0.03784984, -0.03176289, -0.02629640, -0.02144099, -0.01718354, -0.01350898, -0.01040071, -0.00784051, -0.00580824, -0.00428153, -0.00308145, -0.00218993, -0.00154552, -0.00109295, -0.00078184, -0.00056861, -0.00041849, -0.00030657, -0.00021747, -0.00014386, -0.00008419, -0.00003991, -0.00001266, -0.00000140, 0.00000000
2.51425339, 1.59600042, 1.14580759, 0.87860525, 0.70131518, 0.57465108, 0.47924171, 0.40447033, 0.34405148, 0.29403733, 0.25182921, 0.21564979, 0.18424408, 0.15670155, 0.13234596, 0.11066465, 0.09126185, 0.07382699, 0.05811268, 0.00940205, -0.02363879, -0.04607848, -0.06137985, -0.07197956, -0.07935700, -0.08432852, -0.08733388, -0.08863284, -0.08841724, -0.08686471, -0.08415797, -0.08048650, -0.07604102, -0.07100629, -0.06555502, -0.05984391, -0.05401178, -0.04817940, -0.04245059, -0.03691383, -0.03164417, -0.02670485, -0.02214864, -0.01801868, -0.01434904, -0.01116500, -0.00848342, -0.00631312, -0.00465558, -0.00333377, -0.00234197, -0.00162195, -0.00111807, -0.00077750, -0.00055262, -0.00040341, -0.00029925, -0.00021951, -0.00015289, -0.00009577, -0.00004966, -0.00001800, -0.00000264, 0.00000000
3.22771284, 2.16520975, 1.64144162, 1.32512488, 1.11120567, 0.95575513, 0.83703442, 0.74299062, 0.66637168, 0.60253734, 0.54837296, 0.50170644, 0.46097498, 0.42502461, 0.39298438, 0.36418456, 0.33810176, 0.31432114, 0.29250982, 0.22090937, 0.16673596, 0.12416733, 0.08975701, 0.06127274, 0.03729945, 0.01697604, -0.00020560, -0.01454705, -0.02624358, -0.03544863, -0.04231257, -0.04700340, -0.04971529, -0.05066898, -0.05010705, -0.04828616, -0.04546768, -0.04190816, -0.03785040, -0.03351590, -0.02909923, -0.02476465, -0.02064486, -0.01684179, -0.01342904, -0.01045540, -0.00794885, -0.00592054, -0.00436800, -0.00313078, -0.00219891, -0.00151739, -0.00103507, -0.00070409, -0.00048185, -0.00033301, -0.00023068, -0.00015661, -0.00010034, -0.00005735, -0.00002670, -0.00000836, -0.00000094, 0.00000000
2.90178127, 1.85737751, 1.33983393, 1.03209645, 0.82836932, 0.68327797, 0.57421057, 0.48870689, 0.41938706, 0.36163673, 0.31244684, 0.26978836, 0.23225539, 0.19885157, 0.16885711, 0.14174323, 0.11711546, 0.09467521, 0.07419303, 0.00921390, -0.03535514, -0.06477996, -0.08332353, -0.09443936, -0.10056151, -0.10329658, -0.10369108, -0.10243828, -0.10000875, -0.09672307, -0.09278976, -0.08832920, -0.08339780, -0.07801789, -0.07221030, -0.06602186, -0.05954076, -0.05289678, -0.04624876, -0.03976495, -0.03360283, -0.02789344, -0.02273255, -0.01817869, -0.01425638, -0.01096251, -0.00827359, -0.00615274, -0.00455538, -0.00332212, -0.00241088, -0.00175205, -0.00128511, -0.00095694, -0.00072303, -0.00054902, -0.00041119, -0.00029584, -0.00019755, -0.00011659, -0.00005599, -0.00001824, -0.00000219, 0.00000000
3.13853346, 2.10179462, 1.58421916, 1.26799662, 1.05186912, 0.89326767, 0.77102403, 0.67335275, 0.59313773, 0.52581204, 0.46830245, 0.41846101, 0.37473935, 0.33599221, 0.30135391, 0.27015783, 0.24188228, 0.21611322, 0.19251789, 0.11605560, 0.05996775, 0.01832896, -0.01276109, -0.03616286, -0.05377637, -0.06679306, -0.07597157, -0.08184651, -0.08485719, -0.08541300, -0.08391698, -0.08076592, -0.07634020, -0.07099172, -0.06503425, -0.05873794, -0.05232802, -0.04598675, -0.03985753, -0.03405010, -0.02864588, -0.02370290, -0.01925997, -0.01533998, -0.01195237, -0.00909506, -0.00675592, -0.00491416, -0.00354157, -0.00248451, -0.00171536, -0.00117336, -0.00080475, -0.00056115, -0.00040148, -0.00029370, -0.00021554, -0.00015373, -0.00010229, -0.00006018, -0.00002872, -0.00000927, -0.00000110, 0.00000000
2.61935257, 1.65045651, 1.17624920, 0.89533815, 0.70927283, 0.57651572, 0.47659608, 0.39830302, 0.33500726, 0.28255254, 0.23820980, 0.20011859, 0.16697031, 0.13781978, 0.11196840, 0.08888916, 0.06817713, 0.04951583, 0.03265397, -0.01942122, -0.05406141, -0.07609843, -0.08928851, -0.09669267, -0.10036503, -0.10155281, -0.10099618, -0.09915545, -0.09634579, -0.09280405, -0.08871495, -0.08421755, -0.07940638, -0.07433592, -0.06903191, -0.06350855, -0.05778737, -0.05191283, -0.04596034, -0.04003508, -0.03426247, -0.02877353, -0.02368911, -0.01910680, -0.01509268, -0.01167864, -0.00886449, -0.00662334, -0.00490865, -0.00358939, -0.00261091, -0.00190000, -0.00139243, -0.00103205, -0.00077241, -0.00057819, -0.00042530, -0.00029985, -0.00019596, -0.00011310, -0.00005301, -0.00001676, -0.00000191, 0.00000000
2.51037347, 1.61232213, 1.16100497, 0.88754617, 0.70347631, 0.57087614, 0.47068801, 0.39225267, 0.32913152, 0.27720302, 0.23370649, 0.19672410, 0.16488302, 0.13717555, 0.11284599, 0.09131701, 0.07214033, 0.05496276, 0.03950239, -0.00846904, -0.04136400, -0.06409586, -0.07967676, -0.09016662, -0.09686175, -0.10058054, -0.10189511, -0.10126688, -0.09910842, -0.09580253, -0.09170067, -0.08711254, -0.08229283, -0.07742866, -0.07263113, -0.06793440, -0.06330462, -0.05865932, -0.05389569, -0.04892413, -0.04370169, -0.03825808, -0.03270559, -0.02722629, -0.02203660, -0.01733950, -0.01328132, -0.00992747, -0.00726132, -0.00521128, -0.00368689, -0.00258442, -0.00180575, -0.00126370, -0.00088659, -0.00062004, -0.00042629, -0.00028163, -0.00017296, -0.00009389, -0.00004128, -0.00001210, -0.00000122, 0.00000000
2.71770384, 1.75156702, 1.26998605, 0.97980232, 0.78473576, 0.64386262, 0.53683966, 0.45241890, 0.38388025, 0.32696431, 0.27884223, 0.23756268, 0.20173660, 0.17034855, 0.14263903, 0.11802853, 0.09606699, 0.07639929, 0.05874110, 0.00443607, -0.03193852, -0.05611104, -0.07196099, -0.08234795, -0.08906158, -0.09311279, -0.09506322, -0.09525977, -0.09396685, -0.09142614, -0.08787440, -0.08354115, -0.07863908, -0.07335390, -0.06783718, -0.06220386, -0.05653518, -0.05088660, -0.04529916, -0.03981181, -0.03447165, -0.02933981, -0.02449128, -0.02000911, -0.01597437, -0.01245468, -0.00949429, -0.00710786, -0.00527907, -0.00385334, -0.00279601, -0.00203202, -0.00149180, -0.00111213, -0.00083994, -0.00063517, -0.00047134, -0.00033417, -0.00021872, -0.00012586, -0.00005852, -0.00001822, -0.00000201, 0.00000000
2.97739358, 1.94230787, 1.43093722, 1.12388090, 0.91808353, 0.77000779, 0.65800849, 0.57007886, 0.49901276, 0.44022069, 0.39064105, 0.34815414, 0.31124704, 0.27881209, 0.25002072, 0.22424152, 0.20098559, 0.17986896, 0.16058630, 0.09841497, 0.05286271, 0.01857865, -0.00764865, -0.02795757, -0.04372360, -0.05581242, -0.06478379, -0.07103355, -0.07488147, -0.07661908, -0.07653114, -0.07490127, -0.07200910, -0.06812399, -0.06349820, -0.05836131, -0.05291664, -0.04733964, -0.04177820, -0.03635433, -0.03116670, -0.02629369, -0.02179649, -0.01772206, -0.01410564, -0.01097283, -0.00834117, -0.00622127, -0.00461764, -0.00333082, -0.00236376, -0.00165906, -0.00116245, -0.00082263, -0.00059355, -0.00043691, -0.00032379, -0.00023514, -0.00016098, -0.00009854, -0.00004958, -0.00001720, -0.00000231, 0.00000000
2.97739358, 1.94230787, 1.43093722, 1.12388090, 0.91808353, 0.77000779, 0.65800849, 0.57007886, 0.49901276, 0.44022069, 0.39064105, 0.34815414, 0.31124704, 0.27881209, 0.25002072, 0.22424152, 0.20098559, 0.17986896, 0.16058630, 0.09841497, 0.05286271, 0.01857865, -0.00764865, -0.02795757, -0.04372360, -0.05581242, -0.06478379, -0.07103355, -0.07488147, -0.07661908, -0.07653114, -0.07490127, -0.07200910, -0.06812399, -0.06349820, -0.05836131, -0.05291664, -0.04733964, -0.04177820, -0.03635433, -0.03116670, -0.02629369, -0.02179649, -0.01772206, -0.01410564, -0.01097283, -0.00834117, -0.00622127, -0.00461764, -0.00333082, -0.00236376, -0.00165906, -0.00116245, -0.00082263, -0.00059355, -0.00043691, -0.00032379, -0.00023514, -0.00016098, -0.00009854, -0.00004958, -0.00001720, -0.00000231, 0.00000000
2.91538962, 1.90932532, 1.41631941, 1.12276875, 0.92741123, 0.78753934, 0.68201259, 0.59917930, 0.53210152, 0.47639984, 0.42918075, 0.38846105, 0.35283986, 0.32130230, 0.29309726, 0.26765841, 0.24455188, 0.22344046, 0.20405874, 0.14102339, 0.09440329, 0.05917641, 0.03199791, 0.01054377, -0.00664520, -0.02042769, -0.03130819, -0.03961187, -0.04559059, -0.04947839, -0.05151481, -0.05194984, -0.05103958, -0.04903847, -0.04619116, -0.04272573, -0.03884876, -0.03474239, -0.03056309, -0.02644171, -0.02248447, -0.01877466, -0.01537458, -0.01232772, -0.00966099, -0.00738685, -0.00550540, -0.00400633, -0.00287083, -0.00198706, -0.00133519, -0.00087000, -0.00055041, -0.00033931, -0.00020493, -0.00012190, -0.00007146, -0.00004083, -0.00002203, -0.00001054, -0.00000394, -0.00000082, 0.00000001, 0.00000000
3.01444941, 1.96530625, 1.43300708, 1.10812835, 0.88820631, 0.72897218, 0.60801962, 0.51275266, 0.43554295, 0.37150764, 0.31738510, 0.27092194, 0.23051813, 0.19501148, 0.16354138, 0.13545969, 0.11027069, 0.08758971, 0.06711402, 0.00386562, -0.03803090, -0.06471102, -0.08083331, -0.09018352, -0.09533781, -0.09785374, -0.09860806, -0.09807453, -0.09650168, -0.09401326, -0.09066667, -0.08649491, -0.08154176, -0.07588783, -0.06966204, -0.06303659, -0.05620958, -0.04938238, -0.04273910, -0.03643256, -0.03057800, -0.02525348, -0.02050438, -0.01634985, -0.01278933, -0.00980816, -0.00738185, -0.00547917, -0.00406412, -0.00296074, -0.00214315, -0.00154889, -0.00112438, -0.00082272, -0.00060523, -0.00044286, -0.00031634, -0.00021487, -0.00013397, -0.00007274, -0.00003131, -0.00000858, -0.00000066, 0.00000000
3.20211799, 2.10118792, 1.55023385, 1.21732237, 0.99366810, 0.83273156, 0.71115188, 0.61587880, 0.53904084, 0.47560831, 0.42221969, 0.37654606, 0.33692571, 0.30214355, 0.27129243, 0.24368300, 0.21878327, 0.19617711, 0.17553514, 0.10876833, 0.05938673, 0.02184810, -0.00709214, -0.02963332, -0.04718633, -0.06062373, -0.07050429, -0.07723451, -0.08116614, -0.08264473, -0.08202550, -0.07967068, -0.07593815, -0.07116822, -0.06567224, -0.05972495, -0.05356080, -0.04737381, -0.04132010, -0.03552200, -0.03007300, -0.02504275, -0.02048163, -0.01642453, -0.01289386, -0.00990153, -0.00745035, -0.00553495, -0.00414254, -0.00304762, -0.00224461, -0.00166809, -0.00126092, -0.00097228, -0.00076000, -0.00059284, -0.00045117, -0.00032590, -0.00021599, -0.00012514, -0.00005826, -0.00001802, -0.00000192, 0.00000000
3.13190187, 2.09904520, 1.58515873, 1.27232071, 1.05940722, 0.90395094, 0.78483092, 0.69027450, 0.61316020, 0.54890736, 0.49442585, 0.44755035, 0.40671588, 0.37076197, 0.33880927, 0.31017903, 0.28433895, 0.26086573, 0.23941859, 0.16969421, 0.11787008, 0.07786907, 0.04616460, 0.02057834, -0.00023891, -0.01712645, -0.03062408, -0.04110783, -0.04887417, -0.05418918, -0.05731472, -0.05851961, -0.05808139, -0.05628241, -0.05340282, -0.04971251, -0.04546326, -0.04088212, -0.03616672, -0.03148274, -0.02696361, -0.02271207, -0.01880315, -0.01528809, -0.01219861, -0.00955111, -0.00735048, -0.00559274, -0.00426589, -0.00320935, -0.00241311, -0.00182488, -0.00139698, -0.00108512, -0.00085053, -0.00066289, -0.00050267, -0.00036119, -0.00023818, -0.00013781, -0.00006467, -0.00002063, -0.00000248, 0.00000000
2.62832047, 1.70148760, 1.23391141, 0.94965314, 0.75719969, 0.61731212, 0.51035339, 0.42541894, 0.35598188, 0.29790769, 0.24845831, 0.20575422, 0.16846615, 0.13562970, 0.10652933, 0.08062314, 0.05749280, 0.03680926, 0.01830885, -0.03698489, -0.07060493, -0.08917928, -0.09807046, -0.10146904, -0.10213531, -0.10172397, -0.10121526, -0.10122906, -0.10217138, -0.10424273, -0.10737612, -0.11117986, -0.11494185, -0.11772282, -0.11853665, -0.11658599, -0.11148567, -0.10338392, -0.09291822, -0.08102232, -0.06867883, -0.05672158, -0.04573922, -0.03606979, -0.02784660, -0.02105856, -0.01560380, -0.01132922, -0.00805660, -0.00561625, -0.00384196, -0.00258668, -0.00172410, -0.00114742, -0.00076948, -0.00052268, -0.00035782, -0.00024216, -0.00015642, -0.00009141, -0.00004431, -0.00001489, -0.00000196, 0.00000000
2.56901148, 1.65168822, 1.19794074, 0.92256034, 0.73520888, 0.59823841, 0.49307947, 0.40945984, 0.34120463, 0.28436066, 0.23626908, 0.19506909, 0.15941508, 0.12830681, 0.10098311, 0.07685268, 0.05544787, 0.03639276, 0.01938076, -0.03139800, -0.06313899, -0.08203165, -0.09250371, -0.09784756, -0.10014925, -0.10059144, -0.09979912, -0.09809134, -0.09563238, -0.09251199, -0.08878550, -0.08449494, -0.07968294, -0.07440362, -0.06873027, -0.06275831, -0.05660274, -0.05039084, -0.04425233, -0.03830945, -0.03266899, -0.02741746, -0.02261952, -0.01831899, -0.01454164, -0.01129864, -0.00859010, -0.00640810, -0.00473908, -0.00341770, -0.00242638, -0.00170467, -0.00119614, -0.00084821, -0.00061399, -0.00045432, -0.00033940, -0.00024923, -0.00017312, -0.00010797, -0.00005573, -0.00002013, -0.00000294, 0.00000000
3.36471387, 2.20918914, 1.65196497, 1.32336106, 1.10575095, 0.95029060, 0.83311664, 0.74120482, 0.66684940, 0.60520195, 0.55306013, 0.50822404, 0.46913252, 0.43464707, 0.40391784, 0.37629765, 0.35128496, 0.32848509, 0.30758324, 0.23913932, 0.18757210, 0.14735080, 0.11503223, 0.08821703, 0.06534313, 0.04548044, 0.02812523, 0.01303205, 0.00009234, -0.01074615, -0.01952900, -0.02632286, -0.03122836, -0.03438335, -0.03595996, -0.03615806, -0.03519659, -0.03330420, -0.03070990, -0.02763436, -0.02428241, -0.02083701, -0.01745493, -0.01426417, -0.01136315, -0.00882150, -0.00668207, -0.00496387, -0.00366551, -0.00264733, -0.00189266, -0.00134726, -0.00096213, -0.00069244, -0.00050057, -0.00035859, -0.00024868, -0.00016162, -0.00009413, -0.00004574, -0.00001598, -0.00000236, 0.00000041, 0.00000000
2.30879531, 1.39263515, 0.94736614, 0.68788188, 0.51888741, 0.39999056, 0.31143366, 0.24256299, 0.18720810, 0.14159123, 0.10329228, 0.07069949, 0.04270123, 0.01850512, -0.00247198, -0.02067306, -0.03644521, -0.05006872, -0.06177628, -0.09319203, -0.10859111, -0.11491771, -0.11730247, -0.11925536, -0.12262704, -0.12795172, -0.13477257, -0.14195260, -0.14803586, -0.15163864, -0.15178325, -0.14808515, -0.14075721, -0.13046538, -0.11811560, -0.10465210, -0.09091498, -0.07756722, -0.06507723, -0.05373588, -0.04368946, -0.03497620, -0.02755992, -0.02135763, -0.01626075, -0.01215024, -0.00890676, -0.00641690, -0.00457655, -0.00319823, -0.00220520, -0.00150727, -0.00102974, -0.00070995, -0.00049716, -0.00035285, -0.00025015, -0.00017247, -0.00011128, -0.00006363, -0.00002946, -0.00000906, -0.00000094, 0.00000000
2.76226941, 1.79720137, 1.31714630, 1.02624562, 0.82900274, 0.68521926, 0.57500086, 0.48735551, 0.41570335, 0.35585773, 0.30502355, 0.26126072, 0.22317859, 0.18975299, 0.16021200, 0.13396202, 0.11053839, 0.08957165, 0.07076379, 0.01296957, -0.02554975, -0.05106858, -0.06786595, -0.07900474, -0.08634799, -0.09091811, -0.09327110, -0.09375453, -0.09264829, -0.09022424, -0.08676021, -0.08253266, -0.07780157, -0.07279399, -0.06768937, -0.06260923, -0.05761379, -0.05270753, -0.04785443, -0.04300107, -0.03810412, -0.03315666, -0.02820675, -0.02336113, -0.01877008, -0.01459488, -0.01096813, -0.00796095, -0.00556819, -0.00375228, -0.00243306, -0.00151617, -0.00090802, -0.00052297, -0.00028954, -0.00015318, -0.00007574, -0.00003278, -0.00000996, 0.00000070, 0.00000382, 0.00000280, 0.00000071, 0.00000000
3.15690735, 2.04470769, 1.48126326, 1.13320228, 0.89327810, 0.71614407, 0.57916731, 0.46971807, 0.38016027, 0.30558872, 0.24269814, 0.18917184, 0.14333009, 0.10391746, 0.06996884, 0.04072218, 0.01556019, -0.00602938, -0.02448123, -0.07312634, -0.09614713, -0.10525197, -0.10847393, -0.11121430, -0.11639255, -0.12498867, -0.13635328, -0.14854841, -0.15901218, -0.16542108, -0.16638265, -0.16168655, -0.15211205, -0.13899926, -0.12382033, -0.10788557, -0.09220575, -0.07746985, -0.06408589, -0.05224553, -0.04198913, -0.03326057, -0.02594891, -0.01991722, -0.01502128, -0.01112047, -0.00808339, -0.00579014, -0.00413256, -0.00289979, -0.00202042, -0.00140478, -0.00098129, -0.00069135, -0.00048946, -0.00034344, -0.00023326, -0.00014838, -0.00008447, -0.00004001, -0.00001353, -0.00000188, 0.00000035, 0.00000000
3.20211799, 2.10118792, 1.55023385, 1.21732237, 0.99366810, 0.83273156, 0.71115188, 0.61587880, 0.53904084, 0.47560831, 0.42221969, 0.37654606, 0.33692571, 0.30214355, 0.27129243, 0.24368300, 0.21878327, 0.19617711, 0.17553514, 0.10876833, 0.05938673, 0.02184810, -0.00709214, -0.02963332, -0.04718633, -0.06062373, -0.07050429, -0.07723451, -0.08116614, -0.08264473, -0.08202550, -0.07967068, -0.07593815, -0.07116822, -0.06567224, -0.05972495, -0.05356080, -0.04737381, -0.04132010, -0.03552200, -0.03007300, -0.02504275, -0.02048163, -0.01642453, -0.01289386, -0.00990153, -0.00745035, -0.00553495, -0.00414254, -0.00304762, -0.00224461, -0.00166809, -0.00126092, -0.00097228, -0.00076000, -0.00059284, -0.00045117, -0.00032590, -0.00021599, -0.00012514, -0.00005826, -0.00001802, -0.00000192, 0.00000000
2.73016697, 1.74153399, 1.25160005, 0.95610395, 0.75704704, 0.61314210, 0.50390693, 0.41798967, 0.34857243, 0.29130289, 0.24326626, 0.20243348, 0.16734625, 0.13692797, 0.11036539, 0.08703184, 0.06643593, 0.04818628, 0.03196678, -0.01684232, -0.04861532, -0.06895205, -0.08160021, -0.08946549, -0.09437039, -0.09730116, -0.09875495, -0.09899851, -0.09821577, -0.09657302, -0.09423408, -0.09134966, -0.08803764, -0.08436655, -0.08035010, -0.07595655, -0.07113170, -0.06582995, -0.06004537, -0.05383438, -0.04732349, -0.04069981, -0.03418668, -0.02801142, -0.02237359, -0.01742134, -0.01323942, -0.00984889, -0.00721542, -0.00517818, -0.00366636, -0.00257533, -0.00180809, -0.00127765, -0.00091118, -0.00065253, -0.00046238, -0.00031642, -0.00020204, -0.00011449, -0.00005287, -0.00001653, -0.00000188, 0.00000000
3.26978914, 2.13188687, 1.57825841, 1.24795822, 1.02737368, 0.86912574, 0.74978936, 0.65638700, 0.58112274, 0.51902246, 0.46676177, 0.42203572, 0.38319796, 0.34904340, 0.31867163, 0.29139806, 0.26669433, 0.24414727, 0.22343009, 0.15564943, 0.10480740, 0.06565545, 0.03515974, 0.01134552, -0.00712584, -0.02120163, -0.03159487, -0.03888083, -0.04355148, -0.04604356, -0.04675112, -0.04603031, -0.04420072, -0.04154573, -0.03831300, -0.03471552, -0.03093318, -0.02711488, -0.02338084, -0.01982511, -0.01651828, -0.01351005, -0.01083195, -0.00849997, -0.00651719, -0.00487633, -0.00356215, -0.00255377, -0.00182677, -0.00127252, -0.00087592, -0.00059971, -0.00041239, -0.00028763, -0.00020449, -0.00014744, -0.00010600, -0.00007395, -0.00004829, -0.00002807, -0.00001340, -0.00000441, -0.00000056, 0.00000000
2.59745070, 1.44816995, 0.87815917, 0.54198685, 0.32890646, 0.19031304, 0.09958012, 0.03981929, -0.00052959, -0.02968076, -0.05372841, -0.07752739, -0.10521408, -0.14032329, -0.18558306, -0.24257406, -0.31144930, -0.39084528, -0.47803037, -0.82521136, -1.02249331, -1.03821420, -0.95205102, -0.83074826, -0.70733737, -0.59494519, -0.49750871, -0.41504102, -0.34604097, -0.28858155, -0.24077763, -0.20096100, -0.16772243, -0.13989861, -0.11654028, -0.09687716, -0.08028568, -0.06626138, -0.05439588, -0.04435798, -0.03587824, -0.02873643, -0.02275133, -0.01777253, -0.01367380, -0.01034772, -0.00770150, -0.00565357, -0.00413097, -0.00296808, -0.00211501, -0.00150154, -0.00106908, -0.00076766, -0.00055633, -0.00040396, -0.00028913, -0.00019898, -0.00012725, -0.00007199, -0.00003314, -0.00001033, -0.00000118, 0.00000000
2.44256175, 1.41604602, 0.88091479, 0.55337242, 0.34018450, 0.19842852, 0.10350679, 0.03941924, -0.00486896, -0.03716697, -0.06313110, -0.08697622, -0.11187519, -0.14009563, -0.17298207, -0.21091443, -0.25334121, -0.29892722, -0.34580037, -0.50467071, -0.56509989, -0.53433865, -0.45971444, -0.37774343, -0.30556437, -0.24789577, -0.20383171, -0.17068122, -0.14565323, -0.12642629, -0.11124279, -0.09883777, -0.08833071, -0.07912546, -0.07083021, -0.06319720, -0.05607840, -0.04939369, -0.04310791, -0.03721467, -0.03172483, -0.02665853, -0.02203966, -0.01789209, -0.01423731, -0.01109283, -0.00847138, -0.00638051, -0.00482247, -0.00357415, -0.00264043, -0.00195948, -0.00147393, -0.00113075, -0.00088358, -0.00069531, -0.00053977, -0.00040216, -0.00027781, -0.00016964, -0.00008453, -0.00002889, -0.00000380, 0.00000000
2.48824601, 1.57988539, 1.12303336, 0.84440585, 0.65500067, 0.51702462, 0.41162292, 0.32830460, 0.26075177, 0.20492310, 0.15810664, 0.11840940, 0.08446513, 0.05525860, 0.03001551, 0.00813125, -0.01087656, -0.02740044, -0.04176557, -0.08107849, -0.10123584, -0.10980853, -0.11219572, -0.11211513, -0.11164386, -0.11166538, -0.11228403, -0.11312192, -0.11355754, -0.11294273, -0.11078216, -0.10684145, -0.10116784, -0.09403741, -0.08586323, -0.07710012, -0.06817055, -0.05942088, -0.05110542, -0.04339046, -0.03636908, -0.03007983, -0.02452445, -0.01968252, -0.01552214, -0.01200709, -0.00910105, -0.00676978, -0.00498187, -0.00357035, -0.00250963, -0.00173627, -0.00119159, -0.00082135, -0.00057679, -0.00041631, -0.00030705, -0.00022580, -0.00015895, -0.00010125, -0.00005362, -0.00001994, -0.00000300, 0.00000000
2.91593255, 1.89898703, 1.40540008, 1.11220867, 0.91659431, 0.77579369, 0.66887842, 0.58440880, 0.51560840, 0.45820977, 0.40939270, 0.36721919, 0.33031379, 0.29767339, 0.26854925, 0.24237107, 0.21869672, 0.19717800, 0.17753677, 0.11456922, 0.06901480, 0.03566349, 0.01090558, -0.00798661, -0.02275443, -0.03438221, -0.04339312, -0.05007822, -0.05463906, -0.05726259, -0.05815226, -0.05753413, -0.05565086, -0.05275134, -0.04907999, -0.04486782, -0.04032582, -0.03564067, -0.03097248, -0.02645405, -0.02219139, -0.01826498, -0.01473168, -0.01162699, -0.00896756, -0.00675388, -0.00497300, -0.00360129, -0.00260719, -0.00185073, -0.00130795, -0.00092739, -0.00066561, -0.00048602, -0.00035979, -0.00026637, -0.00019297, -0.00013304, -0.00008429, -0.00004671, -0.00002077, -0.00000611, -0.00000061, 0.00000000
3.20871129, 2.14181083, 1.61469034, 1.29546573, 1.07833474, 0.91912953, 0.79611581, 0.69733590, 0.61565736, 0.54655760, 0.48702828, 0.43498998, 0.38895931, 0.34784985, 0.31084784, 0.27733188, 0.24681920, 0.21892900, 0.19335663, 0.11055505, 0.05071274, 0.00771983, -0.02284413, -0.04456437, -0.05998784, -0.07076856, -0.07795105, -0.08221979, -0.08406680, -0.08388684, -0.08202444, -0.07879373, -0.07448503, -0.06936581, -0.06367989, -0.05764643, -0.05145925, -0.04528664, -0.03927170, -0.03353301, -0.02816559, -0.02324216, -0.01881452, -0.01491512, -0.01155885, -0.00874497, -0.00645922, -0.00467601, -0.00336075, -0.00235048, -0.00161751, -0.00110054, -0.00074639, -0.00050884, -0.00035013, -0.00024195, -0.00016511, -0.00010818, -0.00006538, -0.00003435, -0.00001412, -0.00000351, -0.00000016, 0.00000000
2.51898113, 1.61433807, 1.15784222, 0.87936425, 0.69094553, 0.55490356, 0.45219507, 0.37207459, 0.30798318, 0.25567526, 0.21227493, 0.17576224, 0.14467594, 0.11793271, 0.09471257, 0.07438377, 0.05645205, 0.04052542, 0.02628933, -0.01684793, -0.04556955, -0.06486469, -0.07777908, -0.08637514, -0.09187891, -0.09497784, -0.09608035, -0.09547710, -0.09342099, -0.09015673, -0.08592471, -0.08095468, -0.07545740, -0.06961828, -0.06359424, -0.05751394, -0.05148081, -0.04557800, -0.03987400, -0.03442789, -0.02929309, -0.02451923, -0.02015181, -0.01623037, -0.01278569, -0.00983704, -0.00739036, -0.00543762, -0.00395778, -0.00280681, -0.00195805, -0.00135095, -0.00093054, -0.00064685, -0.00045714, -0.00032779, -0.00023492, -0.00016373, -0.00010678, -0.00006177, -0.00002902, -0.00000916, -0.00000103, 0.00000000
2.89416907, 1.84064665, 1.33269697, 1.03314140, 0.83428885, 0.69149489, 0.58306196, 0.49723550, 0.42712107, 0.36842084, 0.31832295, 0.27491376, 0.23684742, 0.20315066, 0.17310243, 0.14615717, 0.12189417, 0.09998345, 0.08016202, 0.01849262, -0.02300748, -0.05024168, -0.06763048, -0.07859236, -0.08535947, -0.08924243, -0.09098303, -0.09102483, -0.08967730, -0.08719842, -0.08382703, -0.07978879, -0.07529037, -0.07050955, -0.06558610, -0.06061620, -0.05565309, -0.05071494, -0.04579915, -0.04090055, -0.03602921, -0.03122343, -0.02655421, -0.02211956, -0.01802981, -0.01438797, -0.01127047, -0.00871350, -0.00670767, -0.00513152, -0.00393973, -0.00305282, -0.00239571, -0.00190047, -0.00151120, -0.00118744, -0.00090486, -0.00065350, -0.00043418, -0.00025394, -0.00012092, -0.00003939, -0.00000490, 0.00000000
3.00647623, 2.00555537, 1.50985333, 1.20778296, 1.00144541, 0.85007380, 0.73349577, 0.64049559, 0.56429320, 0.50052492, 0.44624272, 0.39937676, 0.35842768, 0.32228091, 0.29008981, 0.26119928, 0.23509432, 0.21136447, 0.18967856, 0.11953329, 0.06772751, 0.02849994, -0.00174108, -0.02549631, -0.04429763, -0.05898953, -0.07002994, -0.07771735, -0.08232915, -0.08418667, -0.08366954, -0.08120051, -0.07721730, -0.07214323, -0.06636359, -0.06021036, -0.05395480, -0.04780629, -0.04191533, -0.03637966, -0.03125310, -0.02655676, -0.02229184, -0.01845207, -0.01503324, -0.01203711, -0.00946780, -0.00732107, -0.00556967, -0.00415216, -0.00304589, -0.00220650, -0.00158618, -0.00113492, -0.00080671, -0.00056456, -0.00038253, -0.00024470, -0.00014252, -0.00007139, -0.00002763, -0.00000631, -0.00000019, 0.00000000
2.55709973, 1.52657382, 1.01964517, 0.71400019, 0.50867352, 0.36199050, 0.25326546, 0.17072357, 0.10696726, 0.05704193, 0.01750511, -0.01408154, -0.03946352, -0.05990081, -0.07631193, -0.08937551, -0.09960147, -0.10738064, -0.11301904, -0.12032476, -0.11316415, -0.09819579, -0.08021636, -0.06244298, -0.04641753, -0.03262608, -0.02106536, -0.01156728, -0.00393603, 0.00201423, 0.00646017, 0.00957781, 0.01154759, 0.01255380, 0.01278017, 0.01240372, 0.01158879, 0.01048215, 0.00920985, 0.00787565, 0.00656099, 0.00532603, 0.00421155, 0.00324129, 0.00242461, 0.00175907, 0.00123302, 0.00082787, 0.00052024, 0.00030729, 0.00016391, 0.00007318, 0.00002041, -0.00000654, -0.00001718, -0.00001854, -0.00001544, -0.00001092, -0.00000669, -0.00000347, -0.00000143, -0.00000039, -0.00000004, 0.00000000
2.61935257, 1.65045651, 1.17624920, 0.89533815, 0.70927283, 0.57651572, 0.47659608, 0.39830302, 0.33500726, 0.28255254, 0.23820980, 0.20011859, 0.16697031, 0.13781978, 0.11196840, 0.08888916, 0.06817713, 0.04951583, 0.03265397, -0.01942122, -0.05406141, -0.07609843, -0.08928851, -0.09669267, -0.10036503, -0.10155281, -0.10099618, -0.09915545, -0.09634579, -0.09280405, -0.08871495, -0.08421755, -0.07940638, -0.07433592, -0.06903191, -0.06350855, -0.05778737, -0.05191283, -0.04596034, -0.04003508, -0.03426247, -0.02877353, -0.02368911, -0.01910680, -0.01509268, -0.01167864, -0.00886449, -0.00662334, -0.00490865, -0.00358939, -0.00261091, -0.00190000, -0.00139243, -0.00103205, -0.00077241, -0.00057819, -0.00042530, -0.00029985, -0.00019596, -0.00011310, -0.00005301, -0.00001676, -0.00000191, 0.00000000
2.62832047, 1.70148760, 1.23391141, 0.94965314, 0.75719969, 0.61731212, 0.51035339, 0.42541894, 0.35598188, 0.29790769, 0.24845831, 0.20575422, 0.16846615, 0.13562970, 0.10652933, 0.08062314, 0.05749280, 0.03680926, 0.01830885, -0.03698489, -0.07060493, -0.08917928, -0.09807046, -0.10146904, -0.10213531, -0.10172397, -0.10121526, -0.10122906, -0.10217138, -0.10424273, -0.10737612, -0.11117986, -0.11494185, -0.11772282, -0.11853665, -0.11658599, -0.11148567, -0.10338392, -0.09291822, -0.08102232, -0.06867883, -0.05672158, -0.04573922, -0.03606979, -0.02784660, -0.02105856, -0.01560380, -0.01132922, -0.00805660, -0.00561625, -0.00384196, -0.00258668, -0.00172410, -0.00114742, -0.00076948, -0.00052268, -0.00035782, -0.00024216, -0.00015642, -0.00009141, -0.00004431, -0.00001489, -0.00000196, 0.00000000
2.94977857, 1.85810890, 1.31048548, 0.97562643, 0.74697498, 0.57971549, 0.45164754, 0.35047451, 0.26880213, 0.20188870, 0.14652761, 0.10044858, 0.06197716, 0.02983206, 0.00300012, -0.01934287, -0.03788340, -0.05320371, -0.06580416, -0.09577561, -0.10835653, -0.11392326, -0.11853646, -0.12540377, -0.13471830, -0.14452044, -0.15214294, -0.15553262, -0.15390246, -0.14765964, -0.13793113, -0.12605138, -0.11321287, -0.10031088, -0.08792790, -0.07638897, -0.06583754, -0.05630423, -0.04775863, -0.04014318, -0.03339296, -0.02744556, -0.02224491, -0.01774174, -0.01389240, -0.01065722, -0.00799886, -0.00588088, -0.00426673, -0.00300423, -0.00206310, -0.00138217, -0.00090645, -0.00058576, -0.00037627, -0.00024208, -0.00015603, -0.00009932, -0.00006037, -0.00003305, -0.00001473, -0.00000429, -0.00000038, 0.00000000
2.89299770, 1.87514455, 1.37864131, 1.08207631, 0.88291452, 0.73848076, 0.62788930, 0.53972988, 0.46725123, 0.40620957, 0.35380758, 0.30812959, 0.26782179, 0.23190185, 0.19964078, 0.17048680, 0.14401495, 0.11989268, 0.09785585, 0.02750275, -0.02165287, -0.05514321, -0.07711651, -0.09087003, -0.09878001, -0.10251077, -0.10325693, -0.10191663, -0.09919575, -0.09566579, -0.09178983, -0.08792304, -0.08429543, -0.08099038, -0.07793575, -0.07492071, -0.07164296, -0.06778237, -0.06308863, -0.05746221, -0.05100137, -0.04399186, -0.03683729, -0.02995743, -0.02369654, -0.01827232, -0.01376964, -0.01016408, -0.00735590, -0.00524782, -0.00370024, -0.00259000, -0.00180965, -0.00126828, -0.00089282, -0.00062821, -0.00043602, -0.00029198, -0.00018258, -0.00010151, -0.00004612, -0.00001423, -0.00000162, 0.00000000
3.06296568, 2.03008715, 1.51173249, 1.19446135, 0.97743533, 0.81807799, 0.69518778, 0.59696470, 0.51629381, 0.44861832, 0.39087935, 0.34094463, 0.29728113, 0.25875770, 0.22452101, 0.19391478, 0.16642554, 0.14164529, 0.11924516, 0.04937253, 0.00177857, -0.03036620, -0.05186471, -0.06634919, -0.07616912, -0.08268825, -0.08666339, -0.08853256, -0.08859001, -0.08707687, -0.08422070, -0.08024821, -0.07538554, -0.06985381, -0.06386370, -0.05761051, -0.05127054, -0.04499876, -0.03892767, -0.03316708, -0.02780463, -0.02290669, -0.01851968, -0.01467150, -0.01137324, -0.00862099, -0.00639782, -0.00467578, -0.00341805, -0.00245321, -0.00175342, -0.00125638, -0.00090921, -0.00066675, -0.00049309, -0.00036255, -0.00025924, -0.00017521, -0.00010787, -0.00005727, -0.00002373, -0.00000601, -0.00000032, 0.00000000
2.25655202, 1.36504334, 0.91312370, 0.63834110, 0.45383767, 0.32220210, 0.22451635, 0.15009992, 0.09240869, 0.04716692, 0.01143123, -0.01691398, -0.03944455, -0.05736912, -0.07163694, -0.08300795, -0.09210036, -0.09942416, -0.10540576, -0.12198557, -0.13978312, -0.17025932, -0.21911991, -0.28436561, -0.35599978, -0.41932339, -0.46108184, -0.47510709, -0.46354975, -0.43361200, -0.39330055, -0.34894097, -0.30463235, -0.26267165, -0.22417062, -0.18954768, -0.15884532, -0.13191411, -0.10851284, -0.08836118, -0.07116685, -0.05663950, -0.04449778, -0.03447294, -0.02631044, -0.01977062, -0.01462874, -0.01067469, -0.00771253, -0.00550147, -0.00389540, -0.00275121, -0.00195033, -0.00139517, -0.00100831, -0.00073177, -0.00052547, -0.00036465, -0.00023661, -0.00013681, -0.00006500, -0.00002131, -0.00000273, 0.00000000
2.71003578, 1.68380061, 1.15721448, 0.83026030, 0.60565229, 0.44192131, 0.31817535, 0.22258777, 0.14783366, 0.08902564, 0.04268991, 0.00622462, -0.02239974, -0.04481191, -0.06234214, -0.07608694, -0.08695404, -0.09569695, -0.10294345, -0.12575449, -0.15506132, -0.19943863, -0.25306721, -0.30147676, -0.33187205, -0.33967669, -0.32790007, -0.30298050, -0.27131219, -0.23771048, -0.20521763, -0.17545700, -0.14908724, -0.12618487, -0.10651726, -0.08971798, -0.07538925, -0.06315576, -0.05268847, -0.04371142, -0.03599964, -0.02937325, -0.02369025, -0.01883952, -0.01473448, -0.01130777, -0.00850681, -0.00629023, -0.00462505, -0.00331254, -0.00233512, -0.00162825, -0.00113374, -0.00079887, -0.00057710, -0.00042941, -0.00032554, -0.00024467, -0.00017516, -0.00011335, -0.00006128, -0.00002362, -0.00000386, 0.00000000
2.60078021, 1.61588493, 1.12314083, 0.82570851, 0.62590024, 0.48207616, 0.37347932, 0.28860580, 0.22056851, 0.16499222, 0.11896111, 0.08045200, 0.04801069, 0.02055807, -0.00273042, -0.02250219, -0.03927840, -0.05348807, -0.06549141, -0.09576989, -0.10955723, -0.11521093, -0.11912501, -0.12639725, -0.14020506, -0.16154841, -0.18904030, -0.21905265, -0.24651141, -0.26632000, -0.27496162, -0.27151049, -0.25751926, -0.23600139, -0.21024142, -0.18300567, -0.15626244, -0.13123490, -0.10858132, -0.08857937, -0.07126881, -0.05654821, -0.04423584, -0.03410671, -0.02591472, -0.01940587, -0.01432637, -0.01042756, -0.00746898, -0.00530288, -0.00373551, -0.00262097, -0.00184062, -0.00129846, -0.00091971, -0.00064952, -0.00045068, -0.00030030, -0.00018604, -0.00010210, -0.00004566, -0.00001386, -0.00000156, 0.00000000
2.69149753, 1.65189452, 1.13948600, 0.83430161, 0.63138259, 0.48626658, 0.37699786, 0.29155834, 0.22285975, 0.16647367, 0.11949955, 0.07995764, 0.04644424, 0.01792699, -0.00638090, -0.02709992, -0.04473508, -0.05970894, -0.07238310, -0.10473116, -0.12029338, -0.12914097, -0.13855065, -0.15331654, -0.17493252, -0.20143272, -0.22825553, -0.25001975, -0.26249603, -0.26387312, -0.25483720, -0.23772354, -0.21542732, -0.19060801, -0.16532568, -0.14099173, -0.11846981, -0.09821505, -0.08040041, -0.06501490, -0.05193463, -0.04097216, -0.03190971, -0.02452081, -0.01858383, -0.01388988, -0.01024685, -0.00748109, -0.00543742, -0.00392695, -0.00283770, -0.00206312, -0.00151780, -0.00113268, -0.00085399, -0.00064285, -0.00047407, -0.00033396, -0.00021743, -0.00012473, -0.00005801, -0.00001817, -0.00000205, 0.00000000
2.80316356, 1.80064483, 1.31675654, 1.02613702, 0.82851813, 0.68322661, 0.57068312, 0.48027534, 0.40572434, 0.34305535, 0.28961328, 0.24354515, 0.20350985, 0.16850643, 0.13776787, 0.11069281, 0.08680023, 0.06569850, 0.04706364, -0.00775567, -0.04150997, -0.06170901, -0.07353633, -0.08073842, -0.08545336, -0.08865315, -0.09066131, -0.09152060, -0.09120003, -0.08969009, -0.08703486, -0.08333327, -0.07872792, -0.07339036, -0.06750668, -0.06126501, -0.05484560, -0.04841370, -0.04211501, -0.03607347, -0.03039068, -0.02514658, -0.02040070, -0.01619382, -0.01254967, -0.00947666, -0.00696954, -0.00501101, -0.00357336, -0.00246028, -0.00165203, -0.00108297, -0.00069597, -0.00044070, -0.00027560, -0.00016926, -0.00010016, -0.00005496, -0.00002609, -0.00000920, -0.00000124, 0.00000086, 0.00000034, 0.00000000
2.48278458, 1.59652981, 1.15894159, 0.89684608, 0.72179002, 0.59633100, 0.50183695, 0.42797028, 0.36852802, 0.31956150, 0.27843819, 0.24333666, 0.21295767, 0.18635050, 0.16280425, 0.14177730, 0.12285030, 0.10569383, 0.09004584, 0.04028500, 0.00446720, -0.02150414, -0.04041591, -0.05438567, -0.06476426, -0.07232908, -0.07752029, -0.08061511, -0.08183165, -0.08138050, -0.07948381, -0.07637651, -0.07229916, -0.06748824, -0.06216709, -0.05653883, -0.05078185, -0.04504775, -0.03946124, -0.03412164, -0.02910527, -0.02446858, -0.02025130, -0.01647957, -0.01316854, -0.01032441, -0.00794568, -0.00602365, -0.00454227, -0.00336259, -0.00246809, -0.00180633, -0.00132840, -0.00098869, -0.00074658, -0.00056861, -0.00042997, -0.00031496, -0.00021617, -0.00013270, -0.00006749, -0.00002417, -0.00000356, 0.00000000
2.61461387, 1.63450793, 1.14216944, 0.84159945, 0.63697911, 0.48783265, 0.37404867, 0.28446108, 0.21234186, 0.15337014, 0.10462294, 0.06403431, 0.03008785, 0.00163329, -0.02222724, -0.04221196, -0.05890733, -0.07280028, -0.08430044, -0.11207456, -0.12306132, -0.12579104, -0.12513318, -0.12365449, -0.12211611, -0.12032076, -0.11781162, -0.11426409, -0.10960424, -0.10396215, -0.09757029, -0.09067669, -0.08349704, -0.07620077, -0.06891653, -0.06174397, -0.05476454, -0.04804857, -0.04165869, -0.03565073, -0.03007325, -0.02496663, -0.02036223, -0.01628191, -0.01273791, -0.00973314, -0.00726171, -0.00530979, -0.00385643, -0.00272549, -0.00189730, -0.00130946, -0.00090588, -0.00063595, -0.00045656, -0.00033395, -0.00024443, -0.00017370, -0.00011517, -0.00006750, -0.00003205, -0.00001021, -0.00000116, 0.00000000
3.12442611, 2.07448399, 1.55274168, 1.23467636, 1.01765279, 0.85873091, 0.73660463, 0.63941294, 0.55998381, 0.49370291, 0.43745496, 0.38905447, 0.34691950, 0.30987491, 0.27702844, 0.24768988, 0.22131655, 0.19747578, 0.17581820, 0.10672011, 0.05706512, 0.02048538, -0.00690954, -0.02775174, -0.04371002, -0.05579512, -0.06462909, -0.07063624, -0.07415829, -0.07551266, -0.07501456, -0.07297882, -0.06971282, -0.06550720, -0.06062797, -0.05531146, -0.04976221, -0.04415316, -0.03862753, -0.03330154, -0.02826753, -0.02359702, -0.01934348, -0.01554487, -0.01222577, -0.00939927, -0.00706857, -0.00522840, -0.00386622, -0.00279731, -0.00201057, -0.00144674, -0.00105278, -0.00078073, -0.00058991, -0.00044902, -0.00033695, -0.00024214, -0.00016066, -0.00009356, -0.00004388, -0.00001370, -0.00000149, 0.00000000
2.61002043, 1.67200219, 1.21835712, 0.94994405, 0.77175562, 0.64430560, 0.54825815, 0.47302800, 0.41233128, 0.36220031, 0.32000532, 0.28393351, 0.25269416, 0.22534286, 0.20117245, 0.17964265, 0.16033342, 0.14291313, 0.12711632, 0.07699602, 0.04126835, 0.01504729, -0.00465632, -0.01974986, -0.03138600, -0.04025375, -0.04678790, -0.05129693, -0.05403276, -0.05522442, -0.05509153, -0.05384742, -0.05169760, -0.04883663, -0.04544507, -0.04168711, -0.03770911, -0.03363896, -0.02958622, -0.02564274, -0.02188370, -0.01836888, -0.01514403, -0.01224227, -0.00968551, -0.00748581, -0.00564661, -0.00416402, -0.00302785, -0.00213276, -0.00146474, -0.00098253, -0.00064735, -0.00042328, -0.00027860, -0.00018698, -0.00012825, -0.00008841, -0.00005901, -0.00003602, -0.00001845, -0.00000670, -0.00000101, 0.00000000
2.58957363, 1.65914448, 1.19225283, 0.90898171, 0.71800393, 0.58028394, 0.47619411, 0.39473327, 0.32923758, 0.27542881, 0.23043330, 0.19224993, 0.15944331, 0.13095812, 0.10600195, 0.08396886, 0.06438795, 0.04688796, 0.03117230, -0.01705477, -0.04935261, -0.07106651, -0.08545861, -0.09473232, -0.10030173, -0.10307918, -0.10369134, -0.10260554, -0.10019197, -0.09674960, -0.09251562, -0.08767082, -0.08234731, -0.07664121, -0.07062890, -0.06438348, -0.05798745, -0.05153890, -0.04515037, -0.03894197, -0.03303126, -0.02752318, -0.02250223, -0.01802812, -0.01413527, -0.01083509, -0.00812022, -0.00596942, -0.00435238, -0.00309004, -0.00215529, -0.00148155, -0.00101001, -0.00068829, -0.00047191, -0.00032562, -0.00022382, -0.00014980, -0.00009413, -0.00005257, -0.00002377, -0.00000709, -0.00000068, 0.00000000
3.06765507, 1.97633113, 1.44870993, 1.13838203, 0.93368360, 0.78797884, 0.67846009, 0.59270476, 0.52339262, 0.46594195, 0.41734465, 0.37554739, 0.33910252, 0.30696116, 0.27834530, 0.25266608, 0.22946975, 0.20840113, 0.18917830, 0.12712578, 0.08127240, 0.04650581, 0.01943172, -0.00241069, -0.02047483, -0.03547102, -0.04768511, -0.05721976, -0.06414297, -0.06856381, -0.07066022, -0.07067796, -0.06891482, -0.06569891, -0.06136670, -0.05624389, -0.05063077, -0.04479238, -0.03895317, -0.03329543, -0.02796055, -0.02305224, -0.01864082, -0.01476782, -0.01145066, -0.00868671, -0.00645693, -0.00472884, -0.00345889, -0.00249255, -0.00179192, -0.00129303, -0.00094253, -0.00069473, -0.00051351, -0.00037383, -0.00026124, -0.00016962, -0.00009794, -0.00004686, -0.00001601, -0.00000229, 0.00000038, 0.00000000
2.87632537, 1.88103853, 1.39153319, 1.09472572, 0.89238863, 0.74388714, 0.62929479, 0.53763728, 0.46233855, 0.39919745, 0.34539186, 0.29894797, 0.25843874, 0.22280347, 0.19123496, 0.16310638, 0.13792226, 0.11528482, 0.09487021, 0.03137453, -0.01190911, -0.04131841, -0.06109887, -0.07438628, -0.08320707, -0.08876805, -0.09178222, -0.09270522, -0.09187340, -0.08957166, -0.08606037, -0.08158272, -0.07636450, -0.07061241, -0.06451315, -0.05823350, -0.05192106, -0.04570493, -0.03969630, -0.03398867, -0.02865822, -0.02376416, -0.01934964, -0.01544290, -0.01205880, -0.00920044, -0.00686086, -0.00502456, -0.00366889, -0.00261517, -0.00184503, -0.00129755, -0.00091914, -0.00066193, -0.00048570, -0.00035975, -0.00026340, -0.00018504, -0.00012005, -0.00006822, -0.00003105, -0.00000927, -0.00000091, 0.00000000
2.54112164, 1.57312720, 1.10090106, 0.81987133, 0.63215201, 0.49689685, 0.39414790, 0.31305482, 0.24724140, 0.19272823, 0.14690650, 0.10799190, 0.07471638, 0.04614605, 0.02156943, 0.00042696, -0.01773445, -0.03329122, -0.04656285, -0.08095732, -0.09673884, -0.10228071, -0.10325841, -0.10298511, -0.10264759, -0.10220528, -0.10119163, -0.09919736, -0.09605368, -0.09182012, -0.08669239, -0.08091092, -0.07470342, -0.06826180, -0.06174075, -0.05526494, -0.04893714, -0.04284393, -0.03705863, -0.03164226, -0.02664356, -0.02209872, -0.01803126, -0.01445226, -0.01136101, -0.00874589, -0.00658555, -0.00485020, -0.00350292, -0.00246426, -0.00169174, -0.00113433, -0.00074573, -0.00048389, -0.00031242, -0.00020190, -0.00013037, -0.00008281, -0.00005006, -0.00002723, -0.00001210, -0.00000357, -0.00000035, 0.00000000
3.25184549, 2.17323663, 1.64512985, 1.32672523, 1.11106401, 0.95380861, 0.83317524, 0.73715486, 0.65855300, 0.59278030, 0.53676232, 0.48835715, 0.44602403, 0.40862467, 0.37529901, 0.34538463, 0.31836274, 0.29382115, 0.27142807, 0.19905520, 0.14589366, 0.10539528, 0.07352273, 0.04765923, 0.02622297, 0.00832423, -0.00651799, -0.01857706, -0.02804521, -0.03510349, -0.03995377, -0.04282714, -0.04397943, -0.04368078, -0.04220376, -0.03981252, -0.03675403, -0.03325205, -0.02950337, -0.02567620, -0.02191010, -0.01831707, -0.01498342, -0.01197201, -0.00932479, -0.00706543, -0.00520190, -0.00372900, -0.00263086, -0.00178010, -0.00116057, -0.00072543, -0.00043258, -0.00024438, -0.00012910, -0.00006196, -0.00002502, -0.00000623, 0.00000202, 0.00000435, 0.00000365, 0.00000187, 0.00000038, 0.00000000
3.05318389, 2.05422475, 1.55218052, 1.25069490, 1.04975589, 0.90605869, 0.79784132, 0.71301381, 0.64435291, 0.58729712, 0.53883691, 0.49691479, 0.46008201, 0.42729267, 0.39777541, 0.37095073, 0.34637610, 0.32370877, 0.30267984, 0.23275469, 0.17936465, 0.13793695, 0.10535538, 0.07927157, 0.05798784, 0.04033580, 0.02553915, 0.01309153, 0.00266160, -0.00597505, -0.01298201, -0.01849206, -0.02262557, -0.02550113, -0.02724088, -0.02797244, -0.02782869, -0.02694615, -0.02546271, -0.02351495, -0.02123545, -0.01875017, -0.01617618, -0.01361971, -0.01117470, -0.00892181, -0.00692799, -0.00524652, -0.00391753, -0.00282631, -0.00198771, -0.00136757, -0.00092826, -0.00063021, -0.00043504, -0.00030884, -0.00022454, -0.00016305, -0.00011331, -0.00007104, -0.00003678, -0.00001318, -0.00000184, 0.00000000
2.53318890, 1.57222924, 1.09994809, 0.81706111, 0.62764169, 0.49141580, 0.38847635, 0.30784018, 0.24294746, 0.18963675, 0.14513849, 0.10753494, 0.07545225, 0.04787607, 0.02403678, 0.00333553, -0.01470449, -0.03047102, -0.04428534, -0.08222709, -0.10251397, -0.11177068, -0.11524171, -0.11687736, -0.11876031, -0.12142688, -0.12438861, -0.12665832, -0.12722477, -0.12539775, -0.12096247, -0.11415091, -0.10549757, -0.09566415, -0.08529483, -0.07492770, -0.06496008, -0.05565161, -0.04714761, -0.03950891, -0.03273990, -0.02681100, -0.02167470, -0.01727594, -0.01355811, -0.01046608, -0.00794731, -0.00595191, -0.00443226, -0.00325777, -0.00238564, -0.00175317, -0.00130474, -0.00099041, -0.00076714, -0.00060041, -0.00046551, -0.00034782, -0.00024183, -0.00014916, -0.00007540, -0.00002633, -0.00000360, 0.00000000
2.37703330, 1.42266449, 0.93568672, 0.63583496, 0.43291033, 0.28854046, 0.18312597, 0.10519582, 0.04729295, 0.00417846, -0.02802752, -0.05229692, -0.07096055, -0.08588919, -0.09862963, -0.11050834, -0.12270393, -0.13628706, -0.15222899, -0.25395912, -0.42870337, -0.63717463, -0.80410949, -0.88083846, -0.87385314, -0.81672707, -0.73860177, -0.65600138, -0.57639619, -0.50261125, -0.43544195, -0.37488228, -0.32063770, -0.27232326, -0.22953474, -0.19187192, -0.15894485, -0.13037471, -0.10579334, -0.08484272, -0.06717477, -0.05245150, -0.04034539, -0.03054001, -0.02273061, -0.01662481, -0.01194316, -0.00841963, -0.00580196, -0.00393446, -0.00262200, -0.00172043, -0.00111555, -0.00071686, -0.00045573, -0.00028351, -0.00016842, -0.00009143, -0.00004179, -0.00001305, -0.00000009, 0.00000257, 0.00000088, 0.00000000
2.65229075, 1.68597513, 1.20440910, 0.91284539, 0.71550657, 0.57191730, 0.46203155, 0.37479744, 0.30362925, 0.24436283, 0.19423824, 0.15135373, 0.11435462, 0.08224719, 0.05428266, 0.02988242, 0.00858846, -0.00997022, -0.02610087, -0.07107674, -0.09487484, -0.10586841, -0.11009362, -0.11183494, -0.11377459, -0.11752280, -0.12396146, -0.13328410, -0.14490333, -0.15744142, -0.16893021, -0.17722963, -0.18056672, -0.17801030, -0.16968077, -0.15660753, -0.14033373, -0.12247827, -0.10442471, -0.08718659, -0.07140757, -0.05742897, -0.04537330, -0.03521762, -0.02684865, -0.02010091, -0.01478167, -0.01068687, -0.00761112, -0.00533664, -0.00369752, -0.00254275, -0.00174709, -0.00120742, -0.00084217, -0.00059053, -0.00041062, -0.00027642, -0.00017395, -0.00009721, -0.00004421, -0.00001353, -0.00000148, 0.00000000
3.18006399, 2.10452268, 1.57732630, 1.26341160, 1.05474211, 0.90571475, 0.79370354, 0.70619821, 0.63572178, 0.57753547, 0.52849486, 0.48643516, 0.44982008, 0.41753138, 0.38873735, 0.36280780, 0.33925748, 0.31770738, 0.29785774, 0.23266421, 0.18348349, 0.14543440, 0.11536924, 0.09099992, 0.07073415, 0.05352597, 0.03872013, 0.02591962, 0.01488631, 0.00547212, -0.00242588, -0.00889325, -0.01401414, -0.01787954, -0.02059055, -0.02225860, -0.02300393, -0.02295306, -0.02223588, -0.02098269, -0.01932133, -0.01737468, -0.01525843, -0.01307931, -0.01093369, -0.00890661, -0.00707121, -0.00548851, -0.00420752, -0.00313683, -0.00229715, -0.00166263, -0.00120148, -0.00087794, -0.00065548, -0.00050045, -0.00038535, -0.00029092, -0.00020700, -0.00013169, -0.00006898, -0.00002509, -0.00000363, 0.00000000
2.62183648, 1.70241492, 1.25023339, 0.97648325, 0.78983704, 0.65254976, 0.54622376, 0.46081226, 0.39034934, 0.33105593, 0.28041172, 0.23666368, 0.19854890, 0.16513014, 0.13569377, 0.10968422, 0.08666036, 0.06626573, 0.04820777, -0.00543139, -0.03896437, -0.05939379, -0.07161137, -0.07913720, -0.08400177, -0.08716640, -0.08899540, -0.08959000, -0.08897716, -0.08719686, -0.08433053, -0.08050070, -0.07585962, -0.07057589, -0.06482301, -0.05877079, -0.05257932, -0.04639493, -0.04034750, -0.03454884, -0.02909194, -0.02405087, -0.01948143, -0.01542232, -0.01189664, -0.00891363, -0.00647039, -0.00455360, -0.00314101, -0.00204915, -0.00126083, -0.00071451, -0.00035561, -0.00013483, -0.00001018, 0.00005132, 0.00007367, 0.00007312, 0.00006028, 0.00004221, 0.00002400, 0.00000960, 0.00000160, 0.00000000
3.08333607, 1.98108142, 1.40413001, 1.03780531, 0.77986649, 0.58687655, 0.43712089, 0.31844249, 0.22339617, 0.14704316, 0.08585056, 0.03710973, -0.00137869, -0.03147380, -0.05478186, -0.07269966, -0.08643723, -0.09703390, -0.10537544, -0.12795761, -0.15858033, -0.21290611, -0.28644279, -0.35834285, -0.40726347, -0.42446829, -0.41385288, -0.38472927, -0.34603394, -0.30420665, -0.26320781, -0.22517043, -0.19104212, -0.16106179, -0.13507861, -0.11275243, -0.09367306, -0.07742640, -0.06362763, -0.05193509, -0.04205333, -0.03373085, -0.02675536, -0.02094834, -0.01615971, -0.01226297, -0.00915098, -0.00673232, -0.00492825, -0.00354855, -0.00253705, -0.00181238, -0.00130517, -0.00095529, -0.00071245, -0.00053746, -0.00040273, -0.00029163, -0.00019683, -0.00011777, -0.00005748, -0.00001912, -0.00000237, 0.00000000
2.89566587, 1.89245800, 1.39673402, 1.09921773, 0.89980879, 0.75621972, 0.64746386, 0.56192916, 0.49266506, 0.43525582, 0.38676182, 0.34515094, 0.30897412, 0.27717078, 0.24894727, 0.22369824, 0.20095414, 0.18034540, 0.16157729, 0.10167006, 0.05867172, 0.02713854, 0.00354459, -0.01454318, -0.02866910, -0.03975323, -0.04833191, -0.05473155, -0.05917868, -0.06186245, -0.06296588, -0.06267795, -0.06119512, -0.05871765, -0.05544400, -0.05156520, -0.04726016, -0.04269233, -0.03800760, -0.03333345, -0.02877905, -0.02443600, -0.02037953, -0.01666994, -0.01335412, -0.01046711, -0.00803349, -0.00606868, -0.00458015, -0.00339063, -0.00249817, -0.00184684, -0.00138338, -0.00105760, -0.00082494, -0.00064932, -0.00050505, -0.00037739, -0.00026151, -0.00016013, -0.00007997, -0.00002737, -0.00000360, 0.00000000
2.80632901, 1.76855300, 1.27506427, 0.98992111, 0.80473901, 0.67446478, 0.57725968, 0.50137069, 0.43997082, 0.38885563, 0.34531283, 0.30752530, 0.27423668, 0.24455477, 0.21783118, 0.19358511, 0.17145354, 0.15115788, 0.13248117, 0.07168466, 0.02720294, -0.00532150, -0.02907818, -0.04650384, -0.05924767, -0.06836043, -0.07451653, -0.07818268, -0.07972319, -0.07945627, -0.07767890, -0.07467382, -0.07070793, -0.06602802, -0.06085659, -0.05538923, -0.04979389, -0.04421166, -0.03875877, -0.03352910, -0.02859707, -0.02402029, -0.01984200, -0.01609320, -0.01279429, -0.00995657, -0.00758343, -0.00567138, -0.00421101, -0.00305245, -0.00218273, -0.00154857, -0.00110018, -0.00079102, -0.00057968, -0.00043198, -0.00032245, -0.00023461, -0.00016022, -0.00009751, -0.00004863, -0.00001665, -0.00000218, 0.00000000
2.58981952, 1.67298663, 1.22050943, 0.94869921, 0.76601054, 0.63397343, 0.53358490, 0.45436426, 0.39004791, 0.33665633, 0.29153630, 0.25284848, 0.21927600, 0.18985021, 0.16384194, 0.14069127, 0.11996064, 0.10130287, 0.08443866, 0.03162892, -0.00522872, -0.03123917, -0.04971772, -0.06302647, -0.07262837, -0.07935681, -0.08368665, -0.08592242, -0.08630624, -0.08506929, -0.08244960, -0.07869221, -0.07404184, -0.06873388, -0.06298651, -0.05699530, -0.05093020, -0.04493486, -0.03912751, -0.03360296, -0.02843514, -0.02367980, -0.01937712, -0.01555395, -0.01222570, -0.00939789, -0.00706733, -0.00522322, -0.00384810, -0.00277294, -0.00198086, -0.00141314, -0.00101730, -0.00074566, -0.00055748, -0.00042106, -0.00031466, -0.00022589, -0.00015006, -0.00008759, -0.00004117, -0.00001284, -0.00000137, 0.00000000
2.87431902, 1.85065960, 1.34721346, 1.04050352, 0.82951929, 0.67284754, 0.55040830, 0.45127981, 0.36900024, 0.29949070, 0.24003896, 0.18876111, 0.14429768, 0.10563320, 0.07198417, 0.04272729, 0.01735210, -0.00457094, -0.02341219, -0.07352953, -0.09680610, -0.10492602, -0.10657090, -0.10798388, -0.11323743, -0.12485333, -0.14379312, -0.16901622, -0.19728017, -0.22367349, -0.24297878, -0.25143553, -0.24797982, -0.23421142, -0.21327242, -0.18852149, -0.16269507, -0.13765674, -0.11450061, -0.09376756, -0.07564497, -0.06011104, -0.04702685, -0.03619119, -0.02737190, -0.02032360, -0.01479772, -0.01054834, -0.00733554, -0.00498380, -0.00329946, -0.00212679, -0.00133635, -0.00082124, -0.00049607, -0.00029594, -0.00017437, -0.00010032, -0.00005464, -0.00002653, -0.00001021, -0.00000233, -0.00000006, 0.00000000
2.97739358, 1.94230787, 1.43093722, 1.12388090, 0.91808353, 0.77000779, 0.65800849, 0.57007886, 0.49901276, 0.44022069, 0.39064105, 0.34815414, 0.31124704, 0.27881209, 0.25002072, 0.22424152, 0.20098559, 0.17986896, 0.16058630, 0.09841497, 0.05286271, 0.01857865, -0.00764865, -0.02795757, -0.04372360, -0.05581242, -0.06478379, -0.07103355, -0.07488147, -0.07661908, -0.07653114, -0.07490127, -0.07200910, -0.06812399, -0.06349820, -0.05836131, -0.05291664, -0.04733964, -0.04177820, -0.03635433, -0.03116670, -0.02629369, -0.02179649, -0.01772206, -0.01410564, -0.01097283, -0.00834117, -0.00622127, -0.00461764, -0.00333082, -0.00236376, -0.00165906, -0.00116245, -0.00082263, -0.00059355, -0.00043691, -0.00032379, -0.00023514, -0.00016098, -0.00009854, -0.00004958, -0.00001720, -0.00000231, 0.00000000
3.03065249, 1.92854112, 1.39366731, 1.07666368, 0.86516992, 0.71243705, 0.59571024, 0.50266626, 0.42609290, 0.36151243, 0.30601251, 0.25762607, 0.21498194, 0.17709797, 0.14325338, 0.11290701, 0.08564362, 0.06113737, 0.03912673, -0.02762874, -0.06886417, -0.09179456, -0.10254500, -0.10627992, -0.10665241, -0.10599517, -0.10576421, -0.10688134, -0.10985400, -0.11472442, -0.12098629, -0.12759633, -0.13314380, -0.13616674, -0.13553530, -0.13076627, -0.12213154, -0.11051410, -0.09710001, -0.08306336, -0.06935916, -0.05664809, -0.04531459, -0.03552683, -0.02730233, -0.02056237, -0.01517142, -0.01096335, -0.00775821, -0.00537146, -0.00364257, -0.00242553, -0.00159515, -0.00104564, -0.00069069, -0.00046332, -0.00031483, -0.00021272, -0.00013787, -0.00008111, -0.00003966, -0.00001348, -0.00000181, 0.00000000
3.09490162, 2.05881821, 1.53882243, 1.22026057, 1.00229277, 0.84234026, 0.71915293, 0.62086351, 0.54028824, 0.47280740, 0.41530736, 0.36560960, 0.32214265, 0.28374388, 0.24953458, 0.21883837, 0.19112630, 0.16597889, 0.14305931, 0.06975055, 0.01720363, -0.02053185, -0.04748427, -0.06669058, -0.08014865, -0.08910094, -0.09436393, -0.09655912, -0.09623291, -0.09389846, -0.09003688, -0.08508391, -0.07941582, -0.07333970, -0.06708957, -0.06082898, -0.05466055, -0.04864194, -0.04280578, -0.03717932, -0.03179935, -0.02671912, -0.02200607, -0.01773223, -0.01396087, -0.01073371, -0.00806227, -0.00592492, -0.00426953, -0.00301643, -0.00209743, -0.00144120, -0.00098453, -0.00067192, -0.00045804, -0.00030915, -0.00020265, -0.00012509, -0.00006942, -0.00003203, -0.00001034, -0.00000109, 0.00000042, 0.00000000
2.76597666, 1.78294093, 1.30320587, 1.01746184, 0.82665049, 0.68939296, 0.58536219, 0.50340826, 0.43690420, 0.38166299, 0.33490871, 0.29472776, 0.25975776, 0.22900209, 0.20171457, 0.17732514, 0.15539056, 0.13556073, 0.11755519, 0.06061522, 0.02052506, -0.00795917, -0.02835015, -0.04315540, -0.05397221, -0.06175465, -0.06707381, -0.07030057, -0.07171383, -0.07155626, -0.07005848, -0.06744601, -0.06393833, -0.05974503, -0.05506166, -0.05006654, -0.04491862, -0.03975658, -0.03469866, -0.02984332, -0.02527021, -0.02104142, -0.01720292, -0.01378599, -0.01080878, -0.00827772, -0.00618912, -0.00453056, -0.00328241, -0.00231217, -0.00159932, -0.00109213, -0.00074350, -0.00051101, -0.00035838, -0.00025686, -0.00018566, -0.00013162, -0.00008792, -0.00005243, -0.00002561, -0.00000857, -0.00000109, 0.00000000
3.18655725, 2.14371018, 1.63101200, 1.31951568, 1.10677969, 0.95045352, 0.82971208, 0.73303866, 0.65350235, 0.58665849, 0.52951273, 0.47996708, 0.43650386, 0.39799578, 0.36358669, 0.33261394, 0.30455620, 0.27899742, 0.25560140, 0.17969366, 0.12385676, 0.08191397, 0.04986226, 0.02480131, 0.00478412, -0.01139669, -0.02445140, -0.03479701, -0.04270185, -0.04837600, -0.05202056, -0.05384913, -0.05409218, -0.05299239, -0.05079607, -0.04774418, -0.04406443, -0.03996558, -0.03563367, -0.03123028, -0.02689222, -0.02273226, -0.01884062, -0.01528680, -0.01212158, -0.00937908, -0.00707869, -0.00522698, -0.00381939, -0.00270965, -0.00188582, -0.00129467, -0.00088579, -0.00061213, -0.00043224, -0.00031246, -0.00022810, -0.00016333, -0.00011009, -0.00006610, -0.00003240, -0.00001081, -0.00000135, 0.00000000
3.45634298, 2.30261455, 1.73797089, 1.40006003, 1.17367513, 1.01062268, 0.88709220, 0.78992380, 0.71123281, 0.64599906, 0.59087098, 0.54352438, 0.50229663, 0.46596709, 0.43361975, 0.40455414, 0.37822586, 0.35420568, 0.33215092, 0.25945829, 0.20417372, 0.16056772, 0.12533793, 0.09635989, 0.07221592, 0.05195379, 0.03492858, 0.02069203, 0.00891611, -0.00065767, -0.00825034, -0.01406457, -0.01829478, -0.02113169, -0.02276317, -0.02337319, -0.02313967, -0.02223208, -0.02080913, -0.01901682, -0.01698700, -0.01483643, -0.01266642, -0.01056285, -0.00859665, -0.00682451, -0.00528988, -0.00402408, -0.00304749, -0.00225602, -0.00165541, -0.00121336, -0.00089721, -0.00067496, -0.00051744, -0.00040063, -0.00030715, -0.00022671, -0.00015545, -0.00009431, -0.00004673, -0.00001591, -0.00000210, 0.00000000
3.06765507, 1.97633113, 1.44870993, 1.13838203, 0.93368360, 0.78797884, 0.67846009, 0.59270476, 0.52339262, 0.46594195, 0.41734465, 0.37554739, 0.33910252, 0.30696116, 0.27834530, 0.25266608, 0.22946975, 0.20840113, 0.18917830, 0.12712578, 0.08127240, 0.04650581, 0.01943172, -0.00241069, -0.02047483, -0.03547102, -0.04768511, -0.05721976, -0.06414297, -0.06856381, -0.07066022, -0.07067796, -0.06891482, -0.06569891, -0.06136670, -0.05624389, -0.05063077, -0.04479238, -0.03895317, -0.03329543, -0.02796055, -0.02305224, -0.01864082, -0.01476782, -0.01145066, -0.00868671, -0.00645693, -0.00472884, -0.00345889, -0.00249255, -0.00179192, -0.00129303, -0.00094253, -0.00069473, -0.00051351, -0.00037383, -0.00026124, -0.00016962, -0.00009794, -0.00004686, -0.00001601, -0.00000229, 0.00000038, 0.00000000
2.61063577, 1.63591826, 1.15636645, 0.86951536, 0.67771899, 0.53983485, 0.43551195, 0.35353863, 0.28724067, 0.23240550, 0.18624916, 0.14686169, 0.11289077, 0.08335227, 0.05751210, 0.03480997, 0.01480880, -0.00283963, -0.01841845, -0.06328689, -0.08902570, -0.10260739, -0.10890856, -0.11135483, -0.11203251, -0.11205917, -0.11191429, -0.11165019, -0.11103545, -0.10968937, -0.10722238, -0.10335985, -0.09801816, -0.09131844, -0.08354616, -0.07508090, -0.06632285, -0.05763514, -0.04930970, -0.04155545, -0.03450263, -0.02821629, -0.02271297, -0.01797667, -0.01397209, -0.01065444, -0.00797600, -0.00589004, -0.00435285, -0.00315589, -0.00227374, -0.00163741, -0.00118784, -0.00087356, -0.00065160, -0.00048880, -0.00036215, -0.00025810, -0.00017085, -0.00009996, -0.00004751, -0.00001526, -0.00000178, 0.00000000
2.12134095, 1.29985273, 0.90177913, 0.66811243, 0.51403557, 0.40403270, 0.32085309, 0.25522210, 0.20176467, 0.15717788, 0.11933297, 0.08680157, 0.05859092, 0.03398883, 0.01246917, -0.00636760, -0.02283306, -0.03717638, -0.04960177, -0.08413157, -0.10233949, -0.11057105, -0.11335828, -0.11371803, -0.11329081, -0.11286782, -0.11282013, -0.11332295, -0.11442269, -0.11602267, -0.11785157, -0.11945680, -0.12024305, -0.11955918, -0.11682346, -0.11166302, -0.10402845, -0.09423752, -0.08291991, -0.07087658, -0.05890841, -0.04767704, -0.03763390, -0.02901535, -0.02187947, -0.01615735, -0.01170075, -0.00831848, -0.00580092, -0.00399433, -0.00272082, -0.00184169, -0.00124608, -0.00084591, -0.00057475, -0.00038621, -0.00025092, -0.00015235, -0.00008219, -0.00003610, -0.00001048, -0.00000044, 0.00000062, 0.00000000
3.11440268, 2.04700158, 1.52001889, 1.20332389, 0.99015362, 0.83554054, 0.71726396, 0.62309357, 0.54575301, 0.48065101, 0.42475436, 0.37598400, 0.33287132, 0.29435256, 0.25964077, 0.22814305, 0.19940559, 0.17307612, 0.14887761, 0.07037618, 0.01373638, -0.02640191, -0.05407556, -0.07267050, -0.08469307, -0.09188136, -0.09544106, -0.09624883, -0.09498257, -0.09219068, -0.08832457, -0.08375273, -0.07876608, -0.07357943, -0.06833261, -0.06309575, -0.05788239, -0.05267113, -0.04743271, -0.04215644, -0.03686916, -0.03164191, -0.02658293, -0.02181999, -0.01747793, -0.01365801, -0.01042405, -0.00779730, -0.00575919, -0.00417457, -0.00299567, -0.00214209, -0.00153881, -0.00111789, -0.00082206, -0.00060718, -0.00044274, -0.00031061, -0.00020251, -0.00011673, -0.00005462, -0.00001720, -0.00000194, 0.00000000
2.39492375, 1.55533082, 1.13412659, 0.87681380, 0.70158794, 0.57383788, 0.47625752, 0.39916184, 0.33667349, 0.28500165, 0.24158245, 0.20461478, 0.17279350, 0.14514809, 0.12094089, 0.09960065, 0.08067772, 0.06381304, 0.04871630, 0.00298962, -0.02729085, -0.04727249, -0.06050603, -0.06958039, -0.07600113, -0.08049638, -0.08336670, -0.08473311, -0.08467754, -0.08330626, -0.08076759, -0.07724599, -0.07294695, -0.06808028, -0.06284574, -0.05742217, -0.05196040, -0.04657966, -0.04136733, -0.03638182, -0.03165824, -0.02721627, -0.02306894, -0.01923069, -0.01572280, -0.01257414, -0.00981590, -0.00747040, -0.00553647, -0.00397514, -0.00277136, -0.00188266, -0.00125616, -0.00083270, -0.00055495, -0.00037415, -0.00025369, -0.00016929, -0.00010713, -0.00006087, -0.00002845, -0.00000912, -0.00000112, 0.00000000
2.94568228, 1.84578733, 1.30564718, 0.98388877, 0.76946089, 0.61556183, 0.49911996, 0.40749408, 0.33320983, 0.27158595, 0.21955454, 0.17502903, 0.13654451, 0.10304292, 0.07373944, 0.04803654, 0.02546724, 0.00565685, -0.01170330, -0.06052372, -0.08710864, -0.09984178, -0.10529188, -0.10834789, -0.11188510, -0.11722731, -0.12452822, -0.13298442, -0.14111062, -0.14718315, -0.14974950, -0.14801376, -0.14196633, -0.13225783, -0.11992606, -0.10611012, -0.09184028, -0.07792832, -0.06493989, -0.05321685, -0.04292181, -0.03408692, -0.02665724, -0.02052538, -0.01555688, -0.01160740, -0.00853363, -0.00619941, -0.00447872, -0.00320878, -0.00229554, -0.00164811, -0.00119409, -0.00087467, -0.00064436, -0.00047097, -0.00033445, -0.00022448, -0.00013730, -0.00007244, -0.00002982, -0.00000749, -0.00000038, 0.00000000
2.57192467, 1.54292929, 1.01544559, 0.69052326, 0.47154963, 0.31701820, 0.20549562, 0.12429780, 0.06508521, 0.02193554, -0.00957264, -0.03283635, -0.05051299, -0.06472396, -0.07721944, -0.08951121, -0.10296586, -0.11885017, -0.13832772, -0.26773272, -0.48450419, -0.72254645, -0.88605723, -0.93732992, -0.90417056, -0.82895148, -0.73997973, -0.65103460, -0.56768903, -0.49178301, -0.42362171, -0.36291700, -0.30916869, -0.26181630, -0.22029937, -0.18408090, -0.15265563, -0.12555182, -0.10233027, -0.08258245, -0.06592836, -0.05201459, -0.04051252, -0.03111688, -0.02354446, -0.01753293, -0.01283990, -0.00924186, -0.00653334, -0.00454009, -0.00310368, -0.00209226, -0.00139763, -0.00093111, -0.00062222, -0.00041758, -0.00027932, -0.00018262, -0.00011286, -0.00006258, -0.00002849, -0.00000881, -0.00000098, 0.00000000
2.39492375, 1.55533082, 1.13412659, 0.87681380, 0.70158794, 0.57383788, 0.47625752, 0.39916184, 0.33667349, 0.28500165, 0.24158245, 0.20461478, 0.17279350, 0.14514809, 0.12094089, 0.09960065, 0.08067772, 0.06381304, 0.04871630, 0.00298962, -0.02729085, -0.04727249, -0.06050603, -0.06958039, -0.07600113, -0.08049638, -0.08336670, -0.08473311, -0.08467754, -0.08330626, -0.08076759, -0.07724599, -0.07294695, -0.06808028, -0.06284574, -0.05742217, -0.05196040, -0.04657966, -0.04136733, -0.03638182, -0.03165824, -0.02721627, -0.02306894, -0.01923069, -0.01572280, -0.01257414, -0.00981590, -0.00747040, -0.00553647, -0.00397514, -0.00277136, -0.00188266, -0.00125616, -0.00083270, -0.00055495, -0.00037415, -0.00025369, -0.00016929, -0.00010713, -0.00006087, -0.00002845, -0.00000912, -0.00000112, 0.00000000
2.40363526, 1.52661345, 1.09097684, 0.83112784, 0.65856797, 0.53549331, 0.44311609, 0.37108014, 0.31322583, 0.26566855, 0.22584125, 0.19198149, 0.16283991, 0.13750648, 0.11530258, 0.09571175, 0.07833371, 0.06285324, 0.04901848, 0.00685017, -0.02151261, -0.04083582, -0.05424572, -0.06394676, -0.07119155, -0.07657270, -0.08032668, -0.08254234, -0.08327753, -0.08261279, -0.08066808, -0.07760025, -0.07359227, -0.06884024, -0.06354145, -0.05788479, -0.05204395, -0.04617321, -0.04040547, -0.03485195, -0.02960310, -0.02473032, -0.02028800, -0.01631573, -0.01284031, -0.00987750, -0.00743335, -0.00550520, -0.00408231, -0.00296532, -0.00214491, -0.00155842, -0.00114969, -0.00086755, -0.00066837, -0.00051862, -0.00039603, -0.00028893, -0.00019426, -0.00011453, -0.00005442, -0.00001728, -0.00000193, 0.00000000
2.11113453, 1.34374535, 0.95686025, 0.72114851, 0.56119020, 0.44484805, 0.35608819, 0.28600057, 0.22922683, 0.18234291, 0.14305262, 0.10975422, 0.08129310, 0.05681339, 0.03566527, 0.01734488, 0.00145428, -0.01232610, -0.02425670, -0.05781475, -0.07658963, -0.08661326, -0.09158685, -0.09379164, -0.09444169, -0.09410324, -0.09301577, -0.09128537, -0.08898259, -0.08618173, -0.08296867, -0.07943391, -0.07566042, -0.07171207, -0.06762598, -0.06341093, -0.05905241, -0.05452363, -0.04980065, -0.04487871, -0.03978633, -0.03459370, -0.02941245, -0.02438573, -0.01966971, -0.01541070, -0.01172336, -0.00867539, -0.00628161, -0.00440682, -0.00301574, -0.00202314, -0.00134277, -0.00089299, -0.00060274, -0.00041539, -0.00028990, -0.00019978, -0.00013059, -0.00007651, -0.00003676, -0.00001205, -0.00000149, 0.00000000
3.38225227, 2.28452799, 1.73553174, 1.40320044, 1.17925039, 1.01750212, 0.89480665, 0.79823255, 0.71997337, 0.65503371, 0.60006879, 0.55275637, 0.51143571, 0.47488957, 0.44220702, 0.41269423, 0.38581463, 0.36114773, 0.33836024, 0.26261375, 0.20433701, 0.15804832, 0.12047926, 0.08942685, 0.06336608, 0.04126802, 0.02246369, 0.00653046, -0.00679905, -0.01770559, -0.02633196, -0.03281538, -0.03730692, -0.03998118, -0.04103847, -0.04070170, -0.03920966, -0.03680807, -0.03373970, -0.03023496, -0.02650364, -0.02272881, -0.01906316, -0.01562789, -0.01251398, -0.00978507, -0.00748153, -0.00562468, -0.00422051, -0.00309916, -0.00225820, -0.00164422, -0.00120746, -0.00090143, -0.00068508, -0.00052523, -0.00039814, -0.00028994, -0.00019553, -0.00011616, -0.00005597, -0.00001829, -0.00000223, 0.00000000
2.95233880, 1.97160979, 1.47865071, 1.17585784, 0.96874872, 0.81733133, 0.70147620, 0.60981862, 0.53540135, 0.47370320, 0.42164879, 0.37706967, 0.33839196, 0.30444580, 0.27434418, 0.24740315, 0.22308763, 0.20097379, 0.18072221, 0.11462474, 0.06508453, 0.02666628, -0.00360972, -0.02750952, -0.04613245, -0.06022209, -0.07035106, -0.07702300, -0.08071966, -0.08191387, -0.08106420, -0.07860228, -0.07492003, -0.07036059, -0.06521420, -0.05971886, -0.05406450, -0.04839933, -0.04283723, -0.03746517, -0.03235005, -0.02754446, -0.02309102, -0.01902526, -0.01537714, -0.01217147, -0.00942778, -0.00716002, -0.00537642, -0.00392531, -0.00280675, -0.00197094, -0.00136749, -0.00094704, -0.00066300, -0.00047386, -0.00034527, -0.00025168, -0.00017692, -0.00011362, -0.00006138, -0.00002370, -0.00000385, 0.00000000
2.86679781, 1.88092567, 1.38813759, 1.08845488, 0.88520628, 0.73746938, 0.62480539, 0.53580372, 0.46356339, 0.40365191, 0.35308574, 0.30978000, 0.27223248, 0.23933282, 0.21024242, 0.18431611, 0.16104949, 0.14004263, 0.12097446, 0.06037243, 0.01720341, -0.01428324, -0.03750951, -0.05466277, -0.06712260, -0.07577991, -0.08125859, -0.08404981, -0.08458259, -0.08325391, -0.08043620, -0.07647434, -0.07167961, -0.06632457, -0.06064057, -0.05481804, -0.04900921, -0.04333240, -0.03787728, -0.03271043, -0.02788067, -0.02342387, -0.01936677, -0.01572959, -0.01252750, -0.00977096, -0.00746539, -0.00561051, -0.00419986, -0.00307642, -0.00223160, -0.00161292, -0.00117158, -0.00086212, -0.00064453, -0.00048644, -0.00036439, -0.00026390, -0.00017837, -0.00010708, -0.00005259, -0.00001770, -0.00000226, 0.00000000
2.44736316, 1.55658543, 1.11574363, 0.85359070, 0.68030941, 0.55750067, 0.46601426, 0.39525020, 0.33887940, 0.29289795, 0.25465452, 0.22232704, 0.19462415, 0.17060648, 0.14957529, 0.13100065, 0.11447372, 0.09967433, 0.08634826, 0.04495536, 0.01578829, -0.00522212, -0.02073058, -0.03266657, -0.04212115, -0.04960143, -0.05530990, -0.05933290, -0.06174187, -0.06263650, -0.06215534, -0.06047053, -0.05777641, -0.05427727, -0.05017635, -0.04566735, -0.04092826, -0.03611742, -0.03137141, -0.02680428, -0.02250787, -0.01855279, -0.01498992, -0.01185219, -0.00915650, -0.00690571, -0.00509063, -0.00369200, -0.00268232, -0.00191121, -0.00135809, -0.00097047, -0.00070388, -0.00052044, -0.00039016, -0.00029187, -0.00021274, -0.00014680, -0.00009256, -0.00005074, -0.00002218, -0.00000636, -0.00000061, 0.00000000
2.72490918, 1.69774724, 1.18791465, 0.88292718, 0.67911761, 0.53237660, 0.42092775, 0.33289223, 0.26130460, 0.20184630, 0.15171419, 0.10901399, 0.07241634, 0.04095307, 0.01389241, -0.00933934, -0.02920786, -0.04610305, -0.06035994, -0.09650397, -0.11236305, -0.11752437, -0.11839204, -0.11870656, -0.11961614, -0.12068503, -0.12093611, -0.11956303, -0.11623140, -0.11105795, -0.10443419, -0.09683833, -0.08870873, -0.08038885, -0.07212262, -0.06407409, -0.05635229, -0.04903212, -0.04216823, -0.03580278, -0.02996891, -0.02469162, -0.01998769, -0.01586515, -0.01232299, -0.00935109, -0.00693055, -0.00503423, -0.00362756, -0.00254545, -0.00175798, -0.00120128, -0.00081969, -0.00056383, -0.00039260, -0.00027488, -0.00018974, -0.00012509, -0.00007538, -0.00003888, -0.00001520, -0.00000324, 0.00000004, 0.00000000
2.91538962, 1.90932532, 1.41631941, 1.12276875, 0.92741123, 0.78753934, 0.68201259, 0.59917930, 0.53210152, 0.47639984, 0.42918075, 0.38846105, 0.35283986, 0.32130230, 0.29309726, 0.26765841, 0.24455188, 0.22344046, 0.20405874, 0.14102339, 0.09440329, 0.05917641, 0.03199791, 0.01054377, -0.00664520, -0.02042769, -0.03130819, -0.03961187, -0.04559059, -0.04947839, -0.05151481, -0.05194984, -0.05103958, -0.04903847, -0.04619116, -0.04272573, -0.03884876, -0.03474239, -0.03056309, -0.02644171, -0.02248447, -0.01877466, -0.01537458, -0.01232772, -0.00966099, -0.00738685, -0.00550540, -0.00400633, -0.00287083, -0.00198706, -0.00133519, -0.00087000, -0.00055041, -0.00033931, -0.00020493, -0.00012190, -0.00007146, -0.00004083, -0.00002203, -0.00001054, -0.00000394, -0.00000082, 0.00000001, 0.00000000
2.38344579, 1.46937521, 1.01578757, 0.74108768, 0.55477315, 0.41907371, 0.31549529, 0.23392320, 0.16834306, 0.11492703, 0.07109205, 0.03500168, 0.00528768, -0.01911235, -0.03905260, -0.05523930, -0.06826881, -0.07865237, -0.08683294, -0.10505173, -0.11565530, -0.13128901, -0.16153858, -0.21124821, -0.27737150, -0.34874803, -0.40977271, -0.44719146, -0.45594935, -0.43968141, -0.40652684, -0.36464308, -0.32003140, -0.27635271, -0.23554192, -0.19847110, -0.16542238, -0.13637114, -0.11114022, -0.08947908, -0.07110318, -0.05571334, -0.04300555, -0.03267627, -0.02442553, -0.01795912, -0.01299006, -0.00923978, -0.00643907, -0.00443734, -0.00302277, -0.00204234, -0.00137477, -0.00092407, -0.00061793, -0.00040581, -0.00025552, -0.00014854, -0.00007501, -0.00002912, -0.00000569, 0.00000172, 0.00000101, 0.00000000
2.16768028, 1.23005960, 0.75974159, 0.47923027, 0.29736079, 0.17414543, 0.08849423, 0.02779183, -0.01617554, -0.04907101, -0.07497837, -0.09697874, -0.11751115, -0.13858388, -0.16186933, -0.18871293, -0.22009077, -0.25655137, -0.29817100, -0.50181483, -0.70237350, -0.82041092, -0.83972648, -0.79119410, -0.71038763, -0.62049594, -0.53339243, -0.45420753, -0.38459419, -0.32452990, -0.27324782, -0.22971062, -0.19284592, -0.16165526, -0.13525670, -0.11289364, -0.09392787, -0.07782644, -0.06414704, -0.05252404, -0.04265601, -0.03429499, -0.02723735, -0.02131597, -0.01639382, -0.01235842, -0.00911723, -0.00659387, -0.00472487, -0.00328995, -0.00224718, -0.00151406, -0.00101842, -0.00069628, -0.00049271, -0.00036330, -0.00027511, -0.00020672, -0.00014712, -0.00009361, -0.00004892, -0.00001768, -0.00000252, 0.00000000
2.89948070, 1.90825701, 1.41059281, 1.10339153, 0.89059405, 0.73221618, 0.60855784, 0.50872288, 0.42615302, 0.35663746, 0.29733062, 0.24622762, 0.20186563, 0.16314499, 0.12921716, 0.09941211, 0.07318973, 0.05010646, 0.02979187, -0.02880938, -0.06314954, -0.08181122, -0.09100790, -0.09533926, -0.09740554, -0.09832737, -0.09840648, -0.09760195, -0.09579868, -0.09292971, -0.08901352, -0.08414854, -0.07849099, -0.07222987, -0.06556588, -0.05869612, -0.05180392, -0.04505271, -0.03858246, -0.03250790, -0.02691803, -0.02187650, -0.01742277, -0.01357391, -0.01032687, -0.00766114, -0.00554156, -0.00392124, -0.00274443, -0.00186544, -0.00124211, -0.00081222, -0.00052440, -0.00033575, -0.00021272, -0.00013147, -0.00007678, -0.00003998, -0.00001645, -0.00000340, 0.00000172, 0.00000194, 0.00000051, 0.00000000
2.85202725, 1.85159471, 1.34616959, 1.03666927, 0.82594873, 0.67250824, 0.55544898, 0.46302624, 0.38810318, 0.32608219, 0.27386436, 0.22928412, 0.19078266, 0.15720971, 0.12769824, 0.10158237, 0.07834216, 0.05756536, 0.03892046, -0.01793132, -0.05477024, -0.07809367, -0.09223794, -0.10024979, -0.10413927, -0.10518598, -0.10419975, -0.10170255, -0.09804455, -0.09347615, -0.08819246, -0.08236026, -0.07613296, -0.06965673, -0.06307055, -0.05650319, -0.05006943, -0.04386727, -0.03797679, -0.03246066, -0.02736567, -0.02272488, -0.01855973, -0.01488194, -0.01169503, -0.00899562, -0.00677431, -0.00501654, -0.00370323, -0.00267700, -0.00192018, -0.00137706, -0.00099763, -0.00073674, -0.00055576, -0.00042438, -0.00032145, -0.00023466, -0.00015918, -0.00009548, -0.00004665, -0.00001554, -0.00000196, 0.00000000
2.87631349, 1.69121982, 1.08451631, 0.71125704, 0.46220168, 0.29062605, 0.17155495, 0.08909712, 0.03196925, -0.00820643, -0.03769143, -0.06117597, -0.08223603, -0.10365813, -0.12757782, -0.15545578, -0.18798394, -0.22502721, -0.26566865, -0.42969999, -0.52373494, -0.52183418, -0.46229344, -0.38583770, -0.31461609, -0.25627936, -0.21121771, -0.17717334, -0.15142243, -0.13159154, -0.11585525, -0.10289984, -0.09182111, -0.08202006, -0.07311609, -0.06488020, -0.05718576, -0.04997300, -0.04322375, -0.03694379, -0.03115074, -0.02586585, -0.02110872, -0.01689398, -0.01322937, -0.01011493, -0.00754275, -0.00549719, -0.00395551, -0.00274988, -0.00185964, -0.00122372, -0.00078674, -0.00049805, -0.00031374, -0.00019846, -0.00012610, -0.00007915, -0.00004724, -0.00002515, -0.00001069, -0.00000283, -0.00000018, 0.00000000
2.85928179, 1.85899878, 1.37123030, 1.08140528, 0.88818379, 0.74919891, 0.64368508, 0.56029795, 0.49232900, 0.43556323, 0.38722222, 0.34540172, 0.30875375, 0.27629778, 0.24730371, 0.22121684, 0.19760820, 0.17614081, 0.15654622, 0.09370634, 0.04838858, 0.01525856, -0.00937143, -0.02818056, -0.04284286, -0.05429085, -0.06301285, -0.06927826, -0.07327877, -0.07520338, -0.07526913, -0.07372528, -0.07084386, -0.06690486, -0.06218141, -0.05692763, -0.05137025, -0.04570412, -0.04009103, -0.03466100, -0.02951518, -0.02472977, -0.02036000, -0.01644410, -0.01300644, -0.01006002, -0.00760810, -0.00564497, -0.00415648, -0.00298342, -0.00210916, -0.00147616, -0.00103171, -0.00072693, -0.00051918, -0.00037447, -0.00026853, -0.00018633, -0.00012045, -0.00006873, -0.00003161, -0.00000960, -0.00000096, 0.00000000
3.02572299, 1.98885930, 1.47247164, 1.16099236, 0.95176955, 0.80114154, 0.68728063, 0.59802348, 0.52604207, 0.46665409, 0.41672711, 0.37408694, 0.33717814, 0.30485952, 0.27627565, 0.25077342, 0.22784620, 0.20709536, 0.18820342, 0.12767683, 0.08353873, 0.05029939, 0.02455126, 0.00401741, -0.01268305, -0.02632449, -0.03732726, -0.04593376, -0.05231610, -0.05663466, -0.05906517, -0.05980687, -0.05908029, -0.05711986, -0.05416474, -0.05044976, -0.04619754, -0.04161236, -0.03687591, -0.03214492, -0.02755029, -0.02319772, -0.01916913, -0.01552491, -0.01230640, -0.00953860, -0.00723267, -0.00538835, -0.00399594, -0.00289851, -0.00208129, -0.00148873, -0.00107033, -0.00077968, -0.00057669, -0.00042975, -0.00031676, -0.00022466, -0.00014785, -0.00008577, -0.00004023, -0.00001262, -0.00000139, 0.00000000
3.18459884, 2.06837824, 1.53432128, 1.22083968, 1.01365410, 0.86559882, 0.75376780, 0.66573284, 0.59418314, 0.53454432, 0.48381106, 0.43992919, 0.40144785, 0.36731363, 0.33674344, 0.30914318, 0.28405402, 0.26111603, 0.24004294, 0.17127475, 0.12022199, 0.08153299, 0.05164060, 0.02796914, 0.00879726, -0.00694708, -0.01989983, -0.03043215, -0.03877100, -0.04507719, -0.04949214, -0.05216312, -0.05325443, -0.05294971, -0.05144879, -0.04896176, -0.04570172, -0.04187736, -0.03768628, -0.03330947, -0.02890721, -0.02461665, -0.02055093, -0.01679962, -0.01343033, -0.01049109, -0.00801305, -0.00601322, -0.00449667, -0.00329589, -0.00240316, -0.00176062, -0.00131312, -0.00100806, -0.00079779, -0.00064271, -0.00051387, -0.00039450, -0.00027972, -0.00017426, -0.00008803, -0.00003038, -0.00000407, 0.00000000
2.72143188, 1.76618261, 1.28743807, 0.99536772, 0.79707271, 0.65317866, 0.54391936, 0.45818145, 0.38919068, 0.33256109, 0.28531753, 0.24536572, 0.21118641, 0.18164962, 0.15589705, 0.13326497, 0.11323202, 0.09538316, 0.07938394, 0.03028273, -0.00306148, -0.02618897, -0.04243955, -0.05401612, -0.06223110, -0.06782751, -0.07124249, -0.07277325, -0.07266498, -0.07114956, -0.06845780, -0.06481904, -0.06045621, -0.05558015, -0.05038478, -0.04504372, -0.03970827, -0.03450658, -0.02954361, -0.02490189, -0.02064271, -0.01680773, -0.01342085, -0.01049035, -0.00801119, -0.00596734, -0.00433417, -0.00308079, -0.00217226, -0.00148746, -0.00100073, -0.00066522, -0.00044135, -0.00029582, -0.00020207, -0.00014048, -0.00009786, -0.00006638, -0.00004214, -0.00002371, -0.00001082, -0.00000331, -0.00000036, 0.00000000
3.75333509, 2.43261069, 1.79682232, 1.42349744, 1.17723914, 1.00174324, 0.86956350, 0.76578770, 0.68164470, 0.61165213, 0.55221409, 0.50087781, 0.45591501, 0.41607404, 0.38042704, 0.34827211, 0.31906889, 0.29239489, 0.26791526, 0.18780749, 0.12780279, 0.08196515, 0.04638227, 0.01800177, -0.00524006, -0.02453090, -0.04044356, -0.05320142, -0.06288646, -0.06957703, -0.07342304, -0.07467247, -0.07366409, -0.07080028, -0.06651147, -0.06122145, -0.05531938, -0.04914136, -0.04296150, -0.03699082, -0.03138156, -0.02623500, -0.02161120, -0.01753962, -0.01402910, -0.01107490, -0.00866054, -0.00675256, -0.00528854, -0.00413612, -0.00325454, -0.00258079, -0.00206088, -0.00164774, -0.00130456, -0.00100747, -0.00074527, -0.00051671, -0.00032623, -0.00017950, -0.00007948, -0.00002364, -0.00000258, 0.00000000
2.57192467, 1.54292929, 1.01544559, 0.69052326, 0.47154963, 0.31701820, 0.20549562, 0.12429780, 0.06508521, 0.02193554, -0.00957264, -0.03283635, -0.05051299, -0.06472396, -0.07721944, -0.08951121, -0.10296586, -0.11885017, -0.13832772, -0.26773272, -0.48450419, -0.72254645, -0.88605723, -0.93732992, -0.90417056, -0.82895148, -0.73997973, -0.65103460, -0.56768903, -0.49178301, -0.42362171, -0.36291700, -0.30916869, -0.26181630, -0.22029937, -0.18408090, -0.15265563, -0.12555182, -0.10233027, -0.08258245, -0.06592836, -0.05201459, -0.04051252, -0.03111688, -0.02354446, -0.01753293, -0.01283990, -0.00924186, -0.00653334, -0.00454009, -0.00310368, -0.00209226, -0.00139763, -0.00093111, -0.00062222, -0.00041758, -0.00027932, -0.00018262, -0.00011286, -0.00006258, -0.00002849, -0.00000881, -0.00000098, 0.00000000
3.13369852, 2.06151008, 1.54008438, 1.23100715, 1.02591464, 0.87943323, 0.76920123, 0.68291551, 0.61324769, 0.55556291, 0.50678937, 0.46481333, 0.42813492, 0.39566225, 0.36658311, 0.34028205, 0.31628524, 0.29422283, 0.27380256, 0.20552203, 0.15234489, 0.10997929, 0.07573967, 0.04759691, 0.02413667, 0.00446053, -0.01196420, -0.02544743, -0.03618673, -0.04434253, -0.05008319, -0.05360719, -0.05514915, -0.05497520, -0.05337221, -0.05063431, -0.04704927, -0.04288653, -0.03838810, -0.03376260, -0.02918272, -0.02478535, -0.02067388, -0.01692195, -0.01357777, -0.01066858, -0.00820481, -0.00618354, -0.00459127, -0.00332110, -0.00235054, -0.00163032, -0.00111320, -0.00075402, -0.00051149, -0.00035009, -0.00024156, -0.00016547, -0.00010890, -0.00006532, -0.00003275, -0.00001151, -0.00000160, 0.00000000
2.71614380, 1.74859723, 1.27673770, 0.99538575, 0.80696567, 0.67080011, 0.56696333, 0.48456466, 0.41715823, 0.36069039, 0.31248711, 0.27071483, 0.23407540, 0.20162456, 0.17265933, 0.14664563, 0.12317038, 0.10190876, 0.08260160, 0.02196059, -0.02002575, -0.04850417, -0.06739910, -0.07993269, -0.08821258, -0.09344672, -0.09630399, -0.09719323, -0.09642504, -0.09428516, -0.09105535, -0.08700810, -0.08239101, -0.07740984, -0.07221603, -0.06690270, -0.06151144, -0.05604916, -0.05051163, -0.04490805, -0.03928050, -0.03371267, -0.02832545, -0.02326031, -0.01865520, -0.01461984, -0.01121715, -0.00845459, -0.00628562, -0.00461890, -0.00337638, -0.00246931, -0.00181682, -0.00134739, -0.00100279, -0.00074027, -0.00053218, -0.00036358, -0.00022849, -0.00012587, -0.00005581, -0.00001643, -0.00000166, 0.00000000
3.20617292, 2.08349950, 1.53105998, 1.20219455, 0.98376193, 0.82775924, 0.71034805, 0.61837389, 0.54400798, 0.48231874, 0.43005920, 0.38501452, 0.34562938, 0.31078465, 0.27965808, 0.25163433, 0.22624522, 0.20312907, 0.18200234, 0.11428939, 0.06618777, 0.03196205, 0.00762900, -0.00964995, -0.02176130, -0.02993603, -0.03501063, -0.03760331, -0.03821533, -0.03728174, -0.03519216, -0.03229599, -0.02890059, -0.02526778, -0.02161118, -0.01809572, -0.01483966, -0.01191880, -0.00937241, -0.00721012, -0.00541908, -0.00397078, -0.00282725, -0.00194620, -0.00128512, -0.00080429, -0.00046882, -0.00024982, -0.00012497, -0.00004391, 0.00000079, 0.00002238, 0.00002991, 0.00002951, 0.00002519, 0.00001942, 0.00001365, 0.00000864, 0.00000477, 0.00000214, 0.00000065, 0.00000006, -0.00000002, 0.00000000
2.54112164, 1.57312720, 1.10090106, 0.81987133, 0.63215201, 0.49689685, 0.39414790, 0.31305482, 0.24724140, 0.19272823, 0.14690650, 0.10799190, 0.07471638, 0.04614605, 0.02156943, 0.00042696, -0.01773445, -0.03329122, -0.04656285, -0.08095732, -0.09673884, -0.10228071, -0.10325841, -0.10298511, -0.10264759, -0.10220528, -0.10119163, -0.09919736, -0.09605368, -0.09182012, -0.08669239, -0.08091092, -0.07470342, -0.06826180, -0.06174075, -0.05526494, -0.04893714, -0.04284393, -0.03705863, -0.03164226, -0.02664356, -0.02209872, -0.01803126, -0.01445226, -0.01136101, -0.00874589, -0.00658555, -0.00485020, -0.00350292, -0.00246426, -0.00169174, -0.00113433, -0.00074573, -0.00048389, -0.00031242, -0.00020190, -0.00013037, -0.00008281, -0.00005006, -0.00002723, -0.00001210, -0.00000357, -0.00000035, 0.00000000
2.81390623, 1.84961891, 1.37224343, 1.08230330, 0.88481452, 0.74012968, 0.62868126, 0.53965098, 0.46654636, 0.40522169, 0.35289834, 0.30764013, 0.26805412, 0.23311118, 0.20203351, 0.17422164, 0.14920558, 0.12661119, 0.10613650, 0.04174258, -0.00289188, -0.03379305, -0.05508291, -0.06979637, -0.07989469, -0.08655448, -0.09048506, -0.09215611, -0.09192818, -0.09011411, -0.08700099, -0.08285388, -0.07791356, -0.07239436, -0.06648405, -0.06034597, -0.05412235, -0.04793782, -0.04190205, -0.03611118, -0.03064806, -0.02558177, -0.02096702, -0.01684384, -0.01323805, -0.01016228, -0.00761761, -0.00559541, -0.00407920, -0.00288890, -0.00200855, -0.00137672, -0.00093805, -0.00064199, -0.00044492, -0.00031220, -0.00021892, -0.00014935, -0.00009527, -0.00005367, -0.00002427, -0.00000713, -0.00000065, 0.00000000
2.94530520, 1.94433741, 1.44583455, 1.14364164, 0.93866102, 0.78906695, 0.67413026, 0.58239774, 0.50702270, 0.44365998, 0.38941930, 0.34230381, 0.30089016, 0.26413678, 0.23126426, 0.20167793, 0.17491631, 0.15061579, 0.12848590, 0.05811058, 0.00838050, -0.02640401, -0.05040135, -0.06701012, -0.07852457, -0.08631341, -0.09116128, -0.09355467, -0.09386058, -0.09241373, -0.08954515, -0.08558049, -0.08082675, -0.07555715, -0.06999838, -0.06432242, -0.05864465, -0.05302975, -0.04750513, -0.04208017, -0.03676687, -0.03159707, -0.02663137, -0.02195708, -0.01767547, -0.01388197, -0.01064525, -0.00799120, -0.00589588, -0.00426796, -0.00305187, -0.00216867, -0.00154269, -0.00110426, -0.00079482, -0.00057008, -0.00040026, -0.00026810, -0.00016542, -0.00008928, -0.00003850, -0.00001079, -0.00000094, 0.00000000
1.97710274, 1.21909679, 0.82384563, 0.58224126, 0.42093942, 0.30698135, 0.22322535, 0.15984467, 0.11079801, 0.07216970, 0.04131414, 0.01638283, -0.00395220, -0.02066757, -0.03449608, -0.04599725, -0.05560489, -0.06365994, -0.07043361, -0.08790408, -0.09639997, -0.10046590, -0.10236023, -0.10323136, -0.10364774, -0.10391439, -0.10422969, -0.10473676, -0.10551712, -0.10656188, -0.10774486, -0.10881316, -0.10940288, -0.10908167, -0.10741492, -0.10404749, -0.09878626, -0.09166175, -0.08294584, -0.07311221, -0.06274822, -0.05244706, -0.04271554, -0.03392039, -0.02627665, -0.01986611, -0.01466985, -0.01060204, -0.00753786, -0.00523434, -0.00356968, -0.00240145, -0.00160635, -0.00107990, -0.00073717, -0.00051290, -0.00036053, -0.00024996, -0.00016455, -0.00009742, -0.00004759, -0.00001606, -0.00000212, 0.00000000
2.56860201, 1.58466676, 1.10378257, 0.81595234, 0.62238945, 0.48214503, 0.37527600, 0.29093271, 0.22270827, 0.16656714, 0.11982756, 0.08062244, 0.04759628, 0.01972650, -0.00378574, -0.02358439, -0.04020270, -0.05409217, -0.06564171, -0.09394521, -0.10648839, -0.11332104, -0.12176355, -0.13725253, -0.16244774, -0.19645219, -0.23475272, -0.27040080, -0.29634200, -0.30797622, -0.30453203, -0.28853460, -0.26408094, -0.23521186, -0.20506223, -0.17570801, -0.14835737, -0.12361717, -0.10171590, -0.08265798, -0.06632069, -0.05251212, -0.04100516, -0.03155731, -0.02392243, -0.01785773, -0.01312801, -0.00950814, -0.00678443, -0.00478823, -0.00335084, -0.00233563, -0.00163124, -0.00114715, -0.00081269, -0.00057600, -0.00040204, -0.00026966, -0.00016788, -0.00009216, -0.00004080, -0.00001194, -0.00000116, 0.00000000
3.04889297, 1.99162720, 1.46435521, 1.14744300, 0.93528795, 0.78273069, 0.66722534, 0.57628094, 0.50243771, 0.44098027, 0.38879231, 0.34373912, 0.30431453, 0.26942914, 0.23827803, 0.21025539, 0.18489767, 0.16184494, 0.14081382, 0.07369935, 0.02639576, -0.00694419, -0.03034337, -0.04669632, -0.05796782, -0.06545361, -0.07001743, -0.07226193, -0.07263655, -0.07149974, -0.06915263, -0.06585614, -0.06183961, -0.05730521, -0.05243053, -0.04737052, -0.04225906, -0.03721054, -0.03232124, -0.02767073, -0.02332315, -0.01932834, -0.01572301, -0.01253186, -0.00976862, -0.00743722, -0.00553298, -0.00404384, -0.00295163, -0.00210732, -0.00149556, -0.00106503, -0.00077016, -0.00057093, -0.00043416, -0.00033468, -0.00025558, -0.00018758, -0.00012757, -0.00007655, -0.00003739, -0.00001248, -0.00000159, 0.00000000
2.55567741, 1.65435813, 1.20860786, 0.94148288, 0.76260819, 0.63376311, 0.53603709, 0.45901967, 0.39651503, 0.34460858, 0.30070683, 0.26302381, 0.23028931, 0.20157500, 0.17618630, 0.15359282, 0.13338226, 0.11522892, 0.09887189, 0.04783652, 0.01236285, -0.01281417, -0.03115735, -0.04502826, -0.05577437, -0.06406538, -0.07020769, -0.07435442, -0.07662235, -0.07714660, -0.07609843, -0.07368370, -0.07013237, -0.06568534, -0.06058174, -0.05504833, -0.04929167, -0.04349303, -0.03780576, -0.03235479, -0.02723762, -0.02252652, -0.01827135, -0.01450264, -0.01123478, -0.00846881, -0.00619484, -0.00439373, -0.00303805, -0.00198485, -0.00121280, -0.00066882, -0.00030558, -0.00007974, 0.00004666, 0.00010489, 0.00011921, 0.00010757, 0.00008291, 0.00005450, 0.00002895, 0.00001068, 0.00000159, 0.00000000
2.94530520, 1.94433741, 1.44583455, 1.14364164, 0.93866102, 0.78906695, 0.67413026, 0.58239774, 0.50702270, 0.44365998, 0.38941930, 0.34230381, 0.30089016, 0.26413678, 0.23126426, 0.20167793, 0.17491631, 0.15061579, 0.12848590, 0.05811058, 0.00838050, -0.02640401, -0.05040135, -0.06701012, -0.07852457, -0.08631341, -0.09116128, -0.09355467, -0.09386058, -0.09241373, -0.08954515, -0.08558049, -0.08082675, -0.07555715, -0.06999838, -0.06432242, -0.05864465, -0.05302975, -0.04750513, -0.04208017, -0.03676687, -0.03159707, -0.02663137, -0.02195708, -0.01767547, -0.01388197, -0.01064525, -0.00799120, -0.00589588, -0.00426796, -0.00305187, -0.00216867, -0.00154269, -0.00110426, -0.00079482, -0.00057008, -0.00040026, -0.00026810, -0.00016542, -0.00008928, -0.00003850, -0.00001079, -0.00000094, 0.00000000
3.18404075, 2.02454435, 1.42969956, 1.06314674, 0.81237634, 0.62878324, 0.48795593, 0.37635926, 0.28593870, 0.21162557, 0.15006566, 0.09892240, 0.05647527, 0.02138152, -0.00746574, -0.03101999, -0.05012678, -0.06554672, -0.07796617, -0.10799549, -0.13040034, -0.16802584, -0.23586458, -0.33187730, -0.43400804, -0.51254593, -0.54911807, -0.54467341, -0.51187302, -0.46434131, -0.41170424, -0.35944684, -0.31027725, -0.26534933, -0.22502187, -0.18926576, -0.15786849, -0.13053458, -0.10693508, -0.08673262, -0.06959422, -0.05519799, -0.04323646, -0.03341815, -0.02546812, -0.01912795, -0.01415546, -0.01032427, -0.00742335, -0.00527301, -0.00370920, -0.00259417, -0.00181425, -0.00127610, -0.00090542, -0.00064593, -0.00045785, -0.00031557, -0.00020484, -0.00011944, -0.00005781, -0.00001964, -0.00000272, 0.00000000
2.71799064, 1.75192026, 1.27776436, 0.99626008, 0.80970117, 0.67671834, 0.57682155, 0.49872856, 0.43573241, 0.38360725, 0.33956597, 0.30170123, 0.26866737, 0.23949043, 0.21344990, 0.19000263, 0.16873237, 0.14931539, 0.13149665, 0.07398870, 0.03175141, 0.00068447, -0.02229998, -0.03971660, -0.05317866, -0.06357043, -0.07133640, -0.07671253, -0.07987018, -0.08098979, -0.08028814, -0.07801896, -0.07446064, -0.06989965, -0.06461465, -0.05886393, -0.05287683, -0.04684925, -0.04094245, -0.03528424, -0.02997199, -0.02507639, -0.02064550, -0.01670865, -0.01327970, -0.01035959, -0.00793812, -0.00599501, -0.00450062, -0.00332460, -0.00243727, -0.00178173, -0.00130684, -0.00096601, -0.00071919, -0.00053484, -0.00039082, -0.00027389, -0.00017808, -0.00010231, -0.00004776, -0.00001504, -0.00000170, 0.00000000
3.28972305, 2.19146225, 1.64404456, 1.31140976, 1.08601781, 0.92243124, 0.79794101, 0.69984583, 0.62044680, 0.55478771, 0.49952557, 0.45232013, 0.41148269, 0.37576367, 0.34421859, 0.31612054, 0.29090118, 0.26811007, 0.24738582, 0.18055420, 0.13118733, 0.09302349, 0.06254415, 0.03762150, 0.01697986, -0.00013978, -0.01420126, -0.02551387, -0.03431654, -0.04082482, -0.04525425, -0.04782932, -0.04878417, -0.04835887, -0.04679366, -0.04432284, -0.04116902, -0.03753844, -0.03361747, -0.02957038, -0.02553830, -0.02163928, -0.01796914, -0.01460298, -0.01159713, -0.00899130, -0.00681079, -0.00506861, -0.00376752, -0.00273561, -0.00197016, -0.00141832, -0.00103140, -0.00076455, -0.00057882, -0.00044346, -0.00033694, -0.00024677, -0.00016811, -0.00010152, -0.00005021, -0.00001718, -0.00000233, 0.00000000
2.67022187, 1.69176405, 1.21717297, 0.93708925, 0.75130411, 0.61801851, 0.51688481, 0.43689050, 0.37159165, 0.31698335, 0.27045353, 0.23022955, 0.19506757, 0.16406948, 0.13657029, 0.11206659, 0.09016954, 0.07057322, 0.05303277, -0.00020669, -0.03483602, -0.05659128, -0.06995697, -0.07844160, -0.08411993, -0.08797234, -0.09036496, -0.09140453, -0.09113930, -0.08964720, -0.08705775, -0.08354139, -0.07928713, -0.07447956, -0.06928123, -0.06382319, -0.05820421, -0.05249784, -0.04676436, -0.04106408, -0.03546789, -0.03006206, -0.02494590, -0.02022270, -0.01598659, -0.01230880, -0.00922682, -0.00673887, -0.00480427, -0.00332793, -0.00224523, -0.00147762, -0.00095257, -0.00060455, -0.00037869, -0.00023305, -0.00013849, -0.00007666, -0.00003696, -0.00001341, -0.00000193, 0.00000132, 0.00000060, 0.00000000
2.03338413, 1.04613894, 0.57637007, 0.32345866, 0.18011777, 0.09420800, 0.03591725, -0.01454376, -0.07297480, -0.15323298, -0.26631096, -0.41811753, -0.60761480, -0.82631065, -1.05948596, -1.28906777, -1.49748724, -1.67128600, -1.80320085, -1.95345655, -1.78683667, -1.55796533, -1.34291706, -1.15511825, -0.99351254, -0.85452154, -0.73463929, -0.63090989, -0.54093016, -0.46275366, -0.39478916, -0.33571669, -0.28442383, -0.23995917, -0.20149887, -0.16832265, -0.13979623, -0.11535837, -0.09451098, -0.07681128, -0.06186557, -0.04932399, -0.03887603, -0.03024665, -0.02319280, -0.01750033, -0.01298117, -0.00947072, -0.00682556, -0.00481244, -0.00333266, -0.00227129, -0.00153072, -0.00102848, -0.00069610, -0.00047863, -0.00033416, -0.00023316, -0.00015721, -0.00009718, -0.00005065, -0.00001885, -0.00000293, 0.00000000
2.89991830, 1.88583116, 1.37761903, 1.07059540, 0.86413967, 0.71515762, 0.60206758, 0.51286489, 0.44034919, 0.37994980, 0.32863444, 0.28431921, 0.24553011, 0.21119918, 0.18053670, 0.15294819, 0.12797911, 0.10527679, 0.08456394, 0.01875803, -0.02707066, -0.05816922, -0.07848541, -0.09120923, -0.09861681, -0.10225185, -0.10316871, -0.10211440, -0.09963957, -0.09615835, -0.09197690, -0.08730674, -0.08227554, -0.07694417, -0.07133258, -0.06545071, -0.05932683, -0.05302590, -0.04665385, -0.04034859, -0.03426212, -0.02854033, -0.02330564, -0.01864611, -0.01461165, -0.01121623, -0.00844398, -0.00625699, -0.00460313, -0.00333454, -0.00239880, -0.00172272, -0.00124333, -0.00090615, -0.00066644, -0.00049026, -0.00035453, -0.00024569, -0.00015766, -0.00008908, -0.00004062, -0.00001229, -0.00000125, 0.00000000
2.71000653, 1.73719610, 1.25582692, 0.96439763, 0.76678180, 0.62273984, 0.51239158, 0.42474972, 0.35322894, 0.29363244, 0.24315365, 0.19984142, 0.16229497, 0.12948096, 0.10061900, 0.07510745, 0.05247377, 0.03234048, 0.01440125, -0.03920602, -0.07223965, -0.09154199, -0.10180335, -0.10638059, -0.10752042, -0.10666665, -0.10474000, -0.10233747, -0.09984945, -0.09751166, -0.09541657, -0.09351269, -0.09161546, -0.08944329, -0.08667787, -0.08303739, -0.07834436, -0.07257021, -0.06584475, -0.05842944, -0.05066491, -0.04290998, -0.03548917, -0.02865870, -0.02259282, -0.01738631, -0.01306678, -0.00961082, -0.00696020, -0.00492124, -0.00341893, -0.00234505, -0.00160128, -0.00110075, -0.00077003, -0.00055048, -0.00039864, -0.00028547, -0.00019462, -0.00011977, -0.00006121, -0.00002192, -0.00000317, 0.00000000
3.36297642, 2.23884457, 1.68134730, 1.34321937, 1.11370966, 0.94629624, 0.81788872, 0.71566711, 0.63191848, 0.56171470, 0.50175668, 0.44975240, 0.40406078, 0.36347703, 0.32709795, 0.29423411, 0.26435107, 0.23702877, 0.21193300, 0.13008931, 0.07006487, 0.02578087, -0.00676401, -0.03050609, -0.04756468, -0.05945388, -0.06727359, -0.07185260, -0.07384223, -0.07377252, -0.07208465, -0.06915006, -0.06528275, -0.06074820, -0.05577056, -0.05053855, -0.04521050, -0.03991851, -0.03477178, -0.02985939, -0.02525246, -0.02100602, -0.01716047, -0.01374297, -0.01076875, -0.00824237, -0.00615908, -0.00450619, -0.00326451, -0.00229686, -0.00158550, -0.00107934, -0.00073171, -0.00050068, -0.00035031, -0.00025173, -0.00018370, -0.00013241, -0.00009048, -0.00005550, -0.00002811, -0.00000990, -0.00000139, 0.00000000
2.97002824, 1.91891511, 1.39115394, 1.06888655, 0.84908014, 0.68808081, 0.56415714, 0.46525404, 0.38414316, 0.31622864, 0.25845115, 0.20869714, 0.16546042, 0.12763842, 0.09440433, 0.06512414, 0.03930106, 0.01653752, -0.00349142, -0.06087165, -0.09240508, -0.10725756, -0.11227808, -0.11249535, -0.11118058, -0.11036594, -0.11135161, -0.11494100, -0.12140575, -0.13033768, -0.14056877, -0.15028155, -0.15735549, -0.15990726, -0.15685763, -0.14825944, -0.13519761, -0.11933198, -0.10236220, -0.08566248, -0.07015407, -0.05634467, -0.04443551, -0.03442973, -0.02621548, -0.01962094, -0.01444717, -0.01048660, -0.00753268, -0.00535097, -0.00378189, -0.00267555, -0.00190852, -0.00138004, -0.00101125, -0.00074436, -0.00054080, -0.00037808, -0.00024591, -0.00014183, -0.00006689, -0.00002164, -0.00000270, 0.00000000
3.15398418, 2.08208967, 1.55650296, 1.24508396, 1.03898813, 0.89211278, 0.78166681, 0.69514136, 0.62512885, 0.56698069, 0.51764269, 0.47503202, 0.43768352, 0.40453928, 0.37481801, 0.34793141, 0.32342882, 0.30095975, 0.28024793, 0.21220607, 0.16099613, 0.12165970, 0.09080641, 0.06590015, 0.04524088, 0.02779309, 0.01296996, 0.00045185, -0.00994194, -0.01833477, -0.02483956, -0.02958240, -0.03271129, -0.03439618, -0.03482414, -0.03419254, -0.03270156, -0.03054734, -0.02791603, -0.02497916, -0.02189028, -0.01878290, -0.01576942, -0.01294105, -0.01036850, -0.00810306, -0.00617820, -0.00461133, -0.00340568, -0.00244709, -0.00172697, -0.00120244, -0.00083254, -0.00057835, -0.00040547, -0.00028621, -0.00020057, -0.00013595, -0.00008580, -0.00004771, -0.00002128, -0.00000618, -0.00000056, 0.00000000
2.53921834, 1.56599721, 1.06702111, 0.75999601, 0.55180139, 0.40210887, 0.29034164, 0.20477061, 0.13814567, 0.08569445, 0.04411170, 0.01100991, -0.01539669, -0.03648234, -0.05332858, -0.06680122, -0.07760188, -0.08630385, -0.09337808, -0.11072433, -0.12222250, -0.13555287, -0.15311952, -0.17306280, -0.19097595, -0.20255852, -0.20554549, -0.20009530, -0.18802990, -0.17177569, -0.15357997, -0.13514237, -0.11755673, -0.10141150, -0.08693759, -0.07414495, -0.06292596, -0.05312403, -0.04457416, -0.03712372, -0.03064098, -0.02501656, -0.02016140, -0.01600340, -0.01248378, -0.00955373, -0.00717167, -0.00530103, -0.00390859, -0.00282577, -0.00202847, -0.00145648, -0.00105680, -0.00078203, -0.00059163, -0.00045363, -0.00034549, -0.00025393, -0.00017363, -0.00010511, -0.00005190, -0.00001752, -0.00000224, 0.00000000
2.76226941, 1.79720137, 1.31714630, 1.02624562, 0.82900274, 0.68521926, 0.57500086, 0.48735551, 0.41570335, 0.35585773, 0.30502355, 0.26126072, 0.22317859, 0.18975299, 0.16021200, 0.13396202, 0.11053839, 0.08957165, 0.07076379, 0.01296957, -0.02554975, -0.05106858, -0.06786595, -0.07900474, -0.08634799, -0.09091811, -0.09327110, -0.09375453, -0.09264829, -0.09022424, -0.08676021, -0.08253266, -0.07780157, -0.07279399, -0.06768937, -0.06260923, -0.05761379, -0.05270753, -0.04785443, -0.04300107, -0.03810412, -0.03315666, -0.02820675, -0.02336113, -0.01877008, -0.01459488, -0.01096813, -0.00796095, -0.00556819, -0.00375228, -0.00243306, -0.00151617, -0.00090802, -0.00052297, -0.00028954, -0.00015318, -0.00007574, -0.00003278, -0.00000996, 0.00000070, 0.00000382, 0.00000280, 0.00000071, 0.00000000
2.53997672, 1.61915932, 1.14908417, 0.85896101, 0.66027811, 0.51508141, 0.40420129, 0.31682941, 0.24636943, 0.18854705, 0.14045914, 0.10005719, 0.06584902, 0.03671781, 0.01180778, -0.00955066, -0.02789129, -0.04364684, -0.05717350, -0.09357803, -0.11176846, -0.11921716, -0.12087883, -0.12021525, -0.11936322, -0.11957433, -0.12155558, -0.12559579, -0.13154700, -0.13878075, -0.14621547, -0.15246054, -0.15607480, -0.15589086, -0.15131041, -0.14245473, -0.13009881, -0.11542197, -0.09969541, -0.08403215, -0.06925890, -0.05589789, -0.04421346, -0.03428033, -0.02604743, -0.01938746, -0.01413112, -0.01008917, -0.00706590, -0.00484554, -0.00326461, -0.00217158, -0.00143933, -0.00096222, -0.00065595, -0.00045715, -0.00032181, -0.00022261, -0.00014527, -0.00008454, -0.00004011, -0.00001286, -0.00000151, 0.00000000
2.65229075, 1.68597513, 1.20440910, 0.91284539, 0.71550657, 0.57191730, 0.46203155, 0.37479744, 0.30362925, 0.24436283, 0.19423824, 0.15135373, 0.11435462, 0.08224719, 0.05428266, 0.02988242, 0.00858846, -0.00997022, -0.02610087, -0.07107674, -0.09487484, -0.10586841, -0.11009362, -0.11183494, -0.11377459, -0.11752280, -0.12396146, -0.13328410, -0.14490333, -0.15744142, -0.16893021, -0.17722963, -0.18056672, -0.17801030, -0.16968077, -0.15660753, -0.14033373, -0.12247827, -0.10442471, -0.08718659, -0.07140757, -0.05742897, -0.04537330, -0.03521762, -0.02684865, -0.02010091, -0.01478167, -0.01068687, -0.00761112, -0.00533664, -0.00369752, -0.00254275, -0.00174709, -0.00120742, -0.00084217, -0.00059053, -0.00041062, -0.00027642, -0.00017395, -0.00009721, -0.00004421, -0.00001353, -0.00000148, 0.00000000
3.03065249, 1.92854112, 1.39366731, 1.07666368, 0.86516992, 0.71243705, 0.59571024, 0.50266626, 0.42609290, 0.36151243, 0.30601251, 0.25762607, 0.21498194, 0.17709797, 0.14325338, 0.11290701, 0.08564362, 0.06113737, 0.03912673, -0.02762874, -0.06886417, -0.09179456, -0.10254500, -0.10627992, -0.10665241, -0.10599517, -0.10576421, -0.10688134, -0.10985400, -0.11472442, -0.12098629, -0.12759633, -0.13314380, -0.13616674, -0.13553530, -0.13076627, -0.12213154, -0.11051410, -0.09710001, -0.08306336, -0.06935916, -0.05664809, -0.04531459, -0.03552683, -0.02730233, -0.02056237, -0.01517142, -0.01096335, -0.00775821, -0.00537146, -0.00364257, -0.00242553, -0.00159515, -0.00104564, -0.00069069, -0.00046332, -0.00031483, -0.00021272, -0.00013787, -0.00008111, -0.00003966, -0.00001348, -0.00000181, 0.00000000
2.96962172, 1.96352061, 1.46417414, 1.16221912, 0.95809157, 0.80980671, 0.69650210, 0.60659941, 0.53314193, 0.47169313, 0.41928969, 0.37387799, 0.33399151, 0.29855670, 0.26677107, 0.23802403, 0.21184378, 0.18786085, 0.16578245, 0.09347198, 0.03994267, 0.00011426, -0.02935446, -0.05089065, -0.06621458, -0.07656236, -0.08287470, -0.08591927, -0.08635414, -0.08475305, -0.08161224, -0.07735183, -0.07231839, -0.06679090, -0.06098942, -0.05508533, -0.04921168, -0.04347256, -0.03795062, -0.03271262, -0.02781277, -0.02329457, -0.01919150, -0.01552739, -0.01231669, -0.00956517, -0.00727088, -0.00542526, -0.00401448, -0.00289796, -0.00205967, -0.00144797, -0.00101513, -0.00071700, -0.00051448, -0.00037529, -0.00027506, -0.00019760, -0.00013408, -0.00008161, -0.00004102, -0.00001433, -0.00000197, 0.00000000
2.67975628, 1.63073249, 1.11114132, 0.79893348, 0.58963118, 0.43928568, 0.32624705, 0.23862324, 0.16932109, 0.11381505, 0.06904406, 0.03282680, 0.00353515, -0.02009522, -0.03907793, -0.05424517, -0.06629132, -0.07580172, -0.08327269, -0.10086216, -0.11355633, -0.13121591, -0.15767543, -0.19059985, -0.22293273, -0.24713676, -0.25875128, -0.25733427, -0.24529087, -0.22613049, -0.20319792, -0.17909066, -0.15555563, -0.13361597, -0.11376549, -0.09615171, -0.08071885, -0.06730742, -0.05571735, -0.04574429, -0.03719814, -0.02991045, -0.02373569, -0.01854935, -0.01424478, -0.01072976, -0.00792328, -0.00575280, -0.00415205, -0.00292706, -0.00203332, -0.00139608, -0.00095276, -0.00064956, -0.00044257, -0.00029889, -0.00019630, -0.00012153, -0.00006766, -0.00003129, -0.00001009, -0.00000103, 0.00000041, 0.00000000
3.24073664, 2.14124022, 1.59137960, 1.25872181, 1.03474016, 0.87309300, 0.75053681, 0.65409065, 0.57592649, 0.51104428, 0.45610468, 0.40879677, 0.36747444, 0.33093672, 0.29828958, 0.26885606, 0.24211591, 0.21766423, 0.19518228, 0.12156318, 0.06642765, 0.02457261, -0.00723527, -0.03144934, -0.04980651, -0.06346973, -0.07322271, -0.07963639, -0.08317974, -0.08427905, -0.08334088, -0.08075395, -0.07688214, -0.07205613, -0.06656748, -0.06066646, -0.05456315, -0.04843090, -0.04241093, -0.03661717, -0.03114071, -0.02605350, -0.02141114, -0.01725508, -0.01361424, -0.01050640, -0.00793940, -0.00591244, -0.00441716, -0.00323325, -0.00235701, -0.00172410, -0.00127691, -0.00096324, -0.00073865, -0.00056883, -0.00043070, -0.00031180, -0.00020835, -0.00012232, -0.00005798, -0.00001839, -0.00000206, 0.00000000
2.83359387, 1.83097202, 1.33186001, 1.03063237, 0.82770633, 0.68085162, 0.56907304, 0.48074901, 0.40892630, 0.34919170, 0.29861092, 0.25515829, 0.21739124, 0.18425512, 0.15496129, 0.12890829, 0.10562927, 0.08475613, 0.06599432, 0.00824353, -0.03007692, -0.05527838, -0.07156128, -0.08188653, -0.08816044, -0.09154776, -0.09276143, -0.09226393, -0.09038619, -0.08738988, -0.08349673, -0.07890095, -0.07377440, -0.06826936, -0.06252077, -0.05664865, -0.05076029, -0.04495202, -0.03931018, -0.03391147, -0.02882265, -0.02410022, -0.01979012, -0.01592785, -0.01253897, -0.00963998, -0.00723939, -0.00533891, -0.00393454, -0.00282526, -0.00200850, -0.00142521, -0.00102162, -0.00074847, -0.00056310, -0.00043158, -0.00032993, -0.00024397, -0.00016799, -0.00010243, -0.00005098, -0.00001740, -0.00000229, 0.00000000
3.11273977, 2.07422071, 1.55885863, 1.24569926, 1.03273578, 0.87721252, 0.75791854, 0.66306415, 0.58553833, 0.52078046, 0.46572272, 0.41822136, 0.37673118, 0.34010929, 0.30749183, 0.27821361, 0.25175409, 0.22770025, 0.20572026, 0.13475020, 0.08287113, 0.04395094, 0.01418975, -0.00894789, -0.02709281, -0.04126420, -0.05210514, -0.06004987, -0.06543080, -0.06854030, -0.06966133, -0.06907853, -0.06707774, -0.06394003, -0.05993380, -0.05530752, -0.05028419, -0.04505816, -0.03979412, -0.03462801, -0.02966924, -0.02500372, -0.02069726, -0.01679889, -0.01334393, -0.01035652, -0.00785171, -0.00583695, -0.00431326, -0.00310036, -0.00219472, -0.00153993, -0.00108282, -0.00077318, -0.00056607, -0.00042433, -0.00032033, -0.00023632, -0.00016368, -0.00010093, -0.00005094, -0.00001764, -0.00000234, 0.00000000
3.03808363, 1.98187915, 1.47173178, 1.16842034, 0.96557332, 0.81926041, 0.70801579, 0.62008302, 0.54846936, 0.48874778, 0.43797547, 0.39411828, 0.35572443, 0.32172983, 0.29133682, 0.26393585, 0.23905331, 0.21631588, 0.19542547, 0.12691751, 0.07534317, 0.03572250, 0.00488543, -0.01946360, -0.03879841, -0.05397983, -0.06550478, -0.07370496, -0.07887376, -0.08133021, -0.08143760, -0.07959424, -0.07621113, -0.07168690, -0.06638682, -0.06062869, -0.05467580, -0.04873574, -0.04296332, -0.03746629, -0.03231322, -0.02754297, -0.02317497, -0.01921896, -0.01568252, -0.01257465, -0.00990448, -0.00767539, -0.00587648, -0.00441181, -0.00326765, -0.00239770, -0.00175324, -0.00128414, -0.00094335, -0.00069133, -0.00049863, -0.00034626, -0.00022433, -0.00012939, -0.00006133, -0.00002006, -0.00000255, 0.00000000
2.74783704, 1.72136546, 1.19397237, 0.86533034, 0.63817755, 0.47121447, 0.34374389, 0.24412974, 0.16522940, 0.10232839, 0.05211295, 0.01212244, -0.01955680, -0.04446818, -0.06388932, -0.07889546, -0.09039973, -0.09918128, -0.10590722, -0.12188010, -0.14228269, -0.18661507, -0.26538155, -0.37237484, -0.48303652, -0.56635424, -0.60350809, -0.59612660, -0.55834404, -0.50518869, -0.44713526, -0.38999914, -0.33652224, -0.28777920, -0.24403638, -0.20519757, -0.17101437, -0.14117934, -0.11536502, -0.09323962, -0.07447330, -0.05874082, -0.04572294, -0.03510743, -0.02658991, -0.01987469, -0.01467544, -0.01071580, -0.00772987, -0.00555549, -0.00398427, -0.00286185, -0.00206539, -0.00149744, -0.00108433, -0.00077459, -0.00053572, -0.00034974, -0.00020816, -0.00010706, -0.00004312, -0.00001072, -0.00000061, 0.00000000
2.94798358, 1.94297281, 1.44589352, 1.14840915, 0.94994071, 0.80778872, 0.70070748, 0.61693159, 0.54942125, 0.49370934, 0.44682719, 0.40672686, 0.37195135, 0.34143678, 0.31438894, 0.29020347, 0.26841267, 0.24864927, 0.23062099, 0.17267338, 0.13030724, 0.09835190, 0.07351811, 0.05358510, 0.03716984, 0.02345804, 0.01197809, 0.00244595, -0.00532997, -0.01150238, -0.01621269, -0.01960317, -0.02182061, -0.02301557, -0.02333969, -0.02294231, -0.02196725, -0.02055004, -0.01881573, -0.01687733, -0.01483487, -0.01277492, -0.01077055, -0.00888165, -0.00715554, -0.00562772, -0.00432284, -0.00325570, -0.00243237, -0.00177333, -0.00127540, -0.00091015, -0.00065003, -0.00046866, -0.00034250, -0.00025243, -0.00018462, -0.00013050, -0.00008598, -0.00005019, -0.00002386, -0.00000770, -0.00000092, 0.00000000
2.58981952, 1.67298663, 1.22050943, 0.94869921, 0.76601054, 0.63397343, 0.53358490, 0.45436426, 0.39004791, 0.33665633, 0.29153630, 0.25284848, 0.21927600, 0.18985021, 0.16384194, 0.14069127, 0.11996064, 0.10130287, 0.08443866, 0.03162892, -0.00522872, -0.03123917, -0.04971772, -0.06302647, -0.07262837, -0.07935681, -0.08368665, -0.08592242, -0.08630624, -0.08506929, -0.08244960, -0.07869221, -0.07404184, -0.06873388, -0.06298651, -0.05699530, -0.05093020, -0.04493486, -0.03912751, -0.03360296, -0.02843514, -0.02367980, -0.01937712, -0.01555395, -0.01222570, -0.00939789, -0.00706733, -0.00522322, -0.00384810, -0.00277294, -0.00198086, -0.00141314, -0.00101730, -0.00074566, -0.00055748, -0.00042106, -0.00031466, -0.00022589, -0.00015006, -0.00008759, -0.00004117, -0.00001284, -0.00000137, 0.00000000
2.65229075, 1.68597513, 1.20440910, 0.91284539, 0.71550657, 0.57191730, 0.46203155, 0.37479744, 0.30362925, 0.24436283, 0.19423824, 0.15135373, 0.11435462, 0.08224719, 0.05428266, 0.02988242, 0.00858846, -0.00997022, -0.02610087, -0.07107674, -0.09487484, -0.10586841, -0.11009362, -0.11183494, -0.11377459, -0.11752280, -0.12396146, -0.13328410, -0.14490333, -0.15744142, -0.16893021, -0.17722963, -0.18056672, -0.17801030, -0.16968077, -0.15660753, -0.14033373, -0.12247827, -0.10442471, -0.08718659, -0.07140757, -0.05742897, -0.04537330, -0.03521762, -0.02684865, -0.02010091, -0.01478167, -0.01068687, -0.00761112, -0.00533664, -0.00369752, -0.00254275, -0.00174709, -0.00120742, -0.00084217, -0.00059053, -0.00041062, -0.00027642, -0.00017395, -0.00009721, -0.00004421, -0.00001353, -0.00000148, 0.00000000
3.09073464, 2.07803289, 1.55387647, 1.22568295, 0.99823922, 0.83036311, 0.70097577, 0.59802765, 0.51407505, 0.44424873, 0.38522070, 0.33463620, 0.29078170, 0.25238108, 0.21846525, 0.18828596, 0.16125707, 0.13691361, 0.11488258, 0.04568136, -0.00256790, -0.03648674, -0.06010580, -0.07626651, -0.08689651, -0.09328645, -0.09633684, -0.09672994, -0.09502868, -0.09172295, -0.08724566, -0.08197484, -0.07623185, -0.07027972, -0.06432245, -0.05850538, -0.05291715, -0.04759483, -0.04253375, -0.03770232, -0.03306079, -0.02858099, -0.02426285, -0.02014334, -0.01629423, -0.01280761, -0.00977239, -0.00724899, -0.00525102, -0.00370083, -0.00256162, -0.00175926, -0.00121649, -0.00085946, -0.00062486, -0.00046411, -0.00034441, -0.00024716, -0.00016478, -0.00009686, -0.00004612, -0.00001482, -0.00000177, 0.00000000
2.57674369, 1.67000212, 1.22190901, 0.95359733, 0.77455030, 0.64644777, 0.55022265, 0.47529163, 0.41529707, 0.36618415, 0.32524251, 0.29059076, 0.26088169, 0.23512527, 0.21257762, 0.19266917, 0.17495650, 0.15908937, 0.14478758, 0.10002026, 0.06817507, 0.04473707, 0.02688612, 0.01269234, 0.00103839, -0.00865000, -0.01665062, -0.02310596, -0.02811230, -0.03176233, -0.03416163, -0.03543168, -0.03570686, -0.03512924, -0.03384322, -0.03199075, -0.02970759, -0.02712047, -0.02434517, -0.02148532, -0.01863178, -0.01586246, -0.01324253, -0.01082482, -0.00865045, -0.00674951, -0.00514191, -0.00383819, -0.00284037, -0.00204700, -0.00145151, -0.00101777, -0.00071165, -0.00050065, -0.00035598, -0.00025457, -0.00018001, -0.00012232, -0.00007671, -0.00004185, -0.00001789, -0.00000467, -0.00000025, 0.00000000
3.19924551, 2.11771112, 1.58746584, 1.26840664, 1.05323510, 0.89717416, 0.77809375, 0.68374347, 0.60676959, 0.54248202, 0.48774593, 0.44038649, 0.39884857, 0.36199199, 0.32896311, 0.29911131, 0.27193303, 0.24703334, 0.22409883, 0.14868413, 0.09200559, 0.04857938, 0.01497724, -0.01119275, -0.03154733, -0.04715874, -0.05876138, -0.06690469, -0.07204933, -0.07461772, -0.07501393, -0.07362588, -0.07081950, -0.06693116, -0.06226171, -0.05707330, -0.05158913, -0.04599543, -0.04044479, -0.03506021, -0.02993916, -0.02515735, -0.02077213, -0.01682524, -0.01334527, -0.01034957, -0.00784587, -0.00583374, -0.00430564, -0.00308928, -0.00217692, -0.00151277, -0.00104478, -0.00072454, -0.00050915, -0.00036336, -0.00026066, -0.00018343, -0.00012195, -0.00007258, -0.00003546, -0.00001186, -0.00000150, 0.00000000
2.70118135, 1.73970696, 1.26560967, 0.98109166, 0.79028827, 0.65285182, 0.54878960, 0.46703703, 0.40096096, 0.34633672, 0.30034298, 0.26102238, 0.22697372, 0.19716731, 0.17082939, 0.14736730, 0.12631942, 0.10732089, 0.09007952, 0.03553716, -0.00308749, -0.03079835, -0.05077294, -0.06522998, -0.07558038, -0.08268469, -0.08708893, -0.08918472, -0.08929971, -0.08773935, -0.08480005, -0.08076790, -0.07591193, -0.07047705, -0.06467890, -0.05870134, -0.05269652, -0.04678685, -0.04106850, -0.03561568, -0.03048530, -0.02572137, -0.02135867, -0.01742539, -0.01394441, -0.01093335, -0.00840372, -0.00635957, -0.00479632, -0.00355179, -0.00261442, -0.00192636, -0.00143311, -0.00108346, -0.00083224, -0.00064323, -0.00049079, -0.00035998, -0.00024526, -0.00014796, -0.00007290, -0.00002461, -0.00000317, 0.00000000
2.86065303, 1.85486256, 1.35474393, 1.05166545, 0.84613240, 0.69627459, 0.58136754, 0.48995819, 0.41518994, 0.35270044, 0.29957809, 0.25380287, 0.21392768, 0.17888752, 0.14788017, 0.12028902, 0.09563153, 0.07352393, 0.05365646, -0.00739648, -0.04769021, -0.07358728, -0.08953606, -0.09889481, -0.10389145, -0.10590683, -0.10579624, -0.10412199, -0.10129029, -0.09762027, -0.09337187, -0.08875131, -0.08390710, -0.07892600, -0.07383596, -0.06861946, -0.06323628, -0.05765125, -0.05186011, -0.04590680, -0.03988787, -0.03394308, -0.02823539, -0.02292618, -0.01815225, -0.01400968, -0.01054665, -0.00776476, -0.00562624, -0.00398753, -0.00278503, -0.00192878, -0.00133678, -0.00093611, -0.00066588, -0.00047928, -0.00034364, -0.00023899, -0.00015537, -0.00008963, -0.00004209, -0.00001335, -0.00000153, 0.00000000
3.38225227, 2.28452799, 1.73553174, 1.40320044, 1.17925039, 1.01750212, 0.89480665, 0.79823255, 0.71997337, 0.65503371, 0.60006879, 0.55275637, 0.51143571, 0.47488957, 0.44220702, 0.41269423, 0.38581463, 0.36114773, 0.33836024, 0.26261375, 0.20433701, 0.15804832, 0.12047926, 0.08942685, 0.06336608, 0.04126802, 0.02246369, 0.00653046, -0.00679905, -0.01770559, -0.02633196, -0.03281538, -0.03730692, -0.03998118, -0.04103847, -0.04070170, -0.03920966, -0.03680807, -0.03373970, -0.03023496, -0.02650364, -0.02272881, -0.01906316, -0.01562789, -0.01251398, -0.00978507, -0.00748153, -0.00562468, -0.00422051, -0.00309916, -0.00225820, -0.00164422, -0.00120746, -0.00090143, -0.00068508, -0.00052523, -0.00039814, -0.00028994, -0.00019553, -0.00011616, -0.00005597, -0.00001829, -0.00000223, 0.00000000
2.96962172, 1.96352061, 1.46417414, 1.16221912, 0.95809157, 0.80980671, 0.69650210, 0.60659941, 0.53314193, 0.47169313, 0.41928969, 0.37387799, 0.33399151, 0.29855670, 0.26677107, 0.23802403, 0.21184378, 0.18786085, 0.16578245, 0.09347198, 0.03994267, 0.00011426, -0.02935446, -0.05089065, -0.06621458, -0.07656236, -0.08287470, -0.08591927, -0.08635414, -0.08475305, -0.08161224, -0.07735183, -0.07231839, -0.06679090, -0.06098942, -0.05508533, -0.04921168, -0.04347256, -0.03795062, -0.03271262, -0.02781277, -0.02329457, -0.01919150, -0.01552739, -0.01231669, -0.00956517, -0.00727088, -0.00542526, -0.00401448, -0.00289796, -0.00205967, -0.00144797, -0.00101513, -0.00071700, -0.00051448, -0.00037529, -0.00027506, -0.00019760, -0.00013408, -0.00008161, -0.00004102, -0.00001433, -0.00000197, 0.00000000
2.73879665, 1.74672645, 1.26514607, 0.98022656, 0.79098197, 0.65528163, 0.55253081, 0.47151183, 0.40561147, 0.35068730, 0.30401671, 0.26373875, 0.22853934, 0.19746449, 0.16980504, 0.14502271, 0.12270137, 0.10251395, 0.08419954, 0.02653689, -0.01352148, -0.04111774, -0.05996901, -0.07289063, -0.08167741, -0.08736915, -0.09056545, -0.09165323, -0.09093697, -0.08869892, -0.08521751, -0.08076559, -0.07560124, -0.06995827, -0.06403938, -0.05801290, -0.05201300, -0.04614291, -0.04048032, -0.03508397, -0.03000028, -0.02526878, -0.02092539, -0.01700319, -0.01353084, -0.01052934, -0.00800846, -0.00596373, -0.00437507, -0.00313202, -0.00220196, -0.00152668, -0.00105150, -0.00072546, -0.00050416, -0.00035226, -0.00024429, -0.00016404, -0.00010276, -0.00005682, -0.00002521, -0.00000724, -0.00000062, 0.00000000
3.00603823, 1.97884316, 1.47098357, 1.16484336, 0.95840239, 0.80874190, 0.69459403, 0.60418780, 0.53046781, 0.46894290, 0.41661664, 0.37141317, 0.33184936, 0.29683795, 0.26556444, 0.23740713, 0.21188383, 0.18861518, 0.16729899, 0.09811707, 0.04719814, 0.00913450, -0.01955511, -0.04134104, -0.05782896, -0.07001407, -0.07853655, -0.08386865, -0.08642554, -0.08661620, -0.08485510, -0.08155302, -0.07710035, -0.07185128, -0.06611271, -0.06013876, -0.05412999, -0.04823622, -0.04256189, -0.03717376, -0.03211040, -0.02739280, -0.02303477, -0.01905118, -0.01546242, -0.01229406, -0.00957174, -0.00731286, -0.00551764, -0.00406920, -0.00295629, -0.00212633, -0.00152496, -0.00109771, -0.00079493, -0.00057606, -0.00041164, -0.00028318, -0.00018126, -0.00010268, -0.00004722, -0.00001457, -0.00000158, 0.00000000
3.06625421, 2.07394332, 1.57646350, 1.27209102, 1.06417885, 0.91186925, 0.79473713, 0.70135940, 0.62481479, 0.56065115, 0.50586903, 0.45837205, 0.41665069, 0.37959091, 0.34635336, 0.31629455, 0.28891363, 0.26381575, 0.24068605, 0.16450882, 0.10700333, 0.06269985, 0.02812302, 0.00077519, -0.02101985, -0.03830745, -0.05171988, -0.06166390, -0.06845565, -0.07240279, -0.07384337, -0.07315320, -0.07073348, -0.06698889, -0.06230448, -0.05702675, -0.05145154, -0.04581902, -0.04031399, -0.03506979, -0.03017436, -0.02567785, -0.02160176, -0.01794921, -0.01471495, -0.01189303, -0.00947935, -0.00746742, -0.00583782, -0.00448258, -0.00340145, -0.00255916, -0.00191783, -0.00143563, -0.00107156, -0.00079090, -0.00056848, -0.00038910, -0.00024575, -0.00013654, -0.00006133, -0.00001842, -0.00000195, 0.00000000
2.85928179, 1.85899878, 1.37123030, 1.08140528, 0.88818379, 0.74919891, 0.64368508, 0.56029795, 0.49232900, 0.43556323, 0.38722222, 0.34540172, 0.30875375, 0.27629778, 0.24730371, 0.22121684, 0.19760820, 0.17614081, 0.15654622, 0.09370634, 0.04838858, 0.01525856, -0.00937143, -0.02818056, -0.04284286, -0.05429085, -0.06301285, -0.06927826, -0.07327877, -0.07520338, -0.07526913, -0.07372528, -0.07084386, -0.06690486, -0.06218141, -0.05692763, -0.05137025, -0.04570412, -0.04009103, -0.03466100, -0.02951518, -0.02472977, -0.02036000, -0.01644410, -0.01300644, -0.01006002, -0.00760810, -0.00564497, -0.00415648, -0.00298342, -0.00210916, -0.00147616, -0.00103171, -0.00072693, -0.00051918, -0.00037447, -0.00026853, -0.00018633, -0.00012045, -0.00006873, -0.00003161, -0.00000960, -0.00000096, 0.00000000
2.51682932, 1.64338622, 1.21473111, 0.95638739, 0.78163738, 0.65446548, 0.55717739, 0.48002357, 0.41716429, 0.36487246, 0.32064771, 0.28274398, 0.24990108, 0.22118411, 0.19588313, 0.17344820, 0.15344586, 0.13552927, 0.11941719, 0.06921755, 0.03427254, 0.00906040, -0.00980972, -0.02452395, -0.03632723, -0.04585610, -0.05341279, -0.05914513, -0.06314963, -0.06552356, -0.06638650, -0.06588489, -0.06418816, -0.06148116, -0.05795579, -0.05380310, -0.04920670, -0.04433774, -0.03935126, -0.03438406, -0.02955376, -0.02495873, -0.02067891, -0.01677707, -0.01330044, -0.01028246, -0.00774464, -0.00569821, -0.00414569, -0.00290787, -0.00198248, -0.00131420, -0.00085086, -0.00054307, -0.00034652, -0.00022427, -0.00014803, -0.00009823, -0.00006309, -0.00003685, -0.00001776, -0.00000580, -0.00000068, 0.00000000
3.01720301, 1.96265067, 1.43181597, 1.10698123, 0.88609938, 0.72567919, 0.60376386, 0.50795449, 0.43067421, 0.36701467, 0.31365096, 0.26824988, 0.22912681, 0.19503639, 0.16503948, 0.13841572, 0.11460424, 0.09316252, 0.07373723, 0.01275232, -0.02949884, -0.05882021, -0.07861385, -0.09131766, -0.09875010, -0.10226928, -0.10288604, -0.10135163, -0.09822562, -0.09392830, -0.08878039, -0.08303235, -0.07688500, -0.07050342, -0.06402580, -0.05756892, -0.05123176, -0.04509792, -0.03923764, -0.03370938, -0.02856121, -0.02383193, -0.01955189, -0.01574374, -0.01242290, -0.00959808, -0.00727173, -0.00544058, -0.00409617, -0.00303273, -0.00224758, -0.00168107, -0.00127956, -0.00099512, -0.00078725, -0.00062473, -0.00048665, -0.00036219, -0.00024910, -0.00015115, -0.00007480, -0.00002543, -0.00000335, 0.00000000
2.91130443, 1.90848409, 1.40138376, 1.09290361, 0.88475611, 0.73457641, 0.62096899, 0.53192042, 0.46015283, 0.40099800, 0.35132526, 0.30895884, 0.27234176, 0.24033237, 0.21207610, 0.18692184, 0.16436576, 0.14401275, 0.12554915, 0.06721212, 0.02555579, -0.00465247, -0.02689088, -0.04373864, -0.05675749, -0.06675362, -0.07410680, -0.07901726, -0.08165109, -0.08220726, -0.08093480, -0.07812336, -0.07408284, -0.06912189, -0.06353019, -0.05756634, -0.05145146, -0.04536747, -0.03945888, -0.03383675, -0.02858392, -0.02376028, -0.01940752, -0.01555268, -0.01221040, -0.00938373, -0.00706414, -0.00523123, -0.00385261, -0.00278219, -0.00199053, -0.00141790, -0.00101221, -0.00072734, -0.00052515, -0.00037716, -0.00026451, -0.00017654, -0.00010837, -0.00005826, -0.00002522, -0.00000733, -0.00000079, 0.00000000
2.32247414, 1.46379428, 1.04693871, 0.80062354, 0.63720196, 0.52009212, 0.43144717, 0.36157759, 0.30479172, 0.25753644, 0.21748289, 0.18304216, 0.15309297, 0.12682084, 0.10361908, 0.08302564, 0.06468157, 0.04830297, 0.03366165, -0.01110485, -0.04115338, -0.06142888, -0.07531628, -0.08517858, -0.09227975, -0.09716705, -0.10005028, -0.10104029, -0.10026348, -0.09789802, -0.09417019, -0.08933490, -0.08365371, -0.07737643, -0.07072859, -0.06390480, -0.05706721, -0.05034778, -0.04385293, -0.03766905, -0.03186757, -0.02650853, -0.02164214, -0.01730834, -0.01353477, -0.01033415, -0.00770192, -0.00561505, -0.00403252, -0.00281763, -0.00192686, -0.00129226, -0.00085386, -0.00055838, -0.00036156, -0.00022993, -0.00014062, -0.00007963, -0.00003906, -0.00001441, -0.00000222, 0.00000129, 0.00000060, 0.00000000
2.92446404, 1.94607698, 1.46185521, 1.16789982, 0.96787099, 0.82156796, 0.70914548, 0.61962094, 0.54639126, 0.48522902, 0.43329122, 0.38858871, 0.34968388, 0.31550918, 0.28525355, 0.25828852, 0.23411878, 0.21234814, 0.19265549, 0.13044743, 0.08643381, 0.05428280, 0.03006216, 0.01115818, -0.00404616, -0.01648674, -0.02668090, -0.03491237, -0.04134906, -0.04611245, -0.04931529, -0.05107949, -0.05154238, -0.05085639, -0.04918537, -0.04669948, -0.04356989, -0.03996371, -0.03603981, -0.03194542, -0.02781377, -0.02376250, -0.01989297, -0.01629026, -0.01302368, -0.01014777, -0.00770352, -0.00571984, -0.00421501, -0.00300803, -0.00210546, -0.00145427, -0.00100283, -0.00070125, -0.00050418, -0.00037368, -0.00028120, -0.00020816, -0.00014519, -0.00009024, -0.00004589, -0.00001600, -0.00000214, 0.00000000
2.99356956, 1.93605036, 1.41455814, 1.09883112, 0.88445074, 0.72787197, 0.60760891, 0.51178824, 0.43329282, 0.36758787, 0.31164360, 0.26335744, 0.22122404, 0.18413705, 0.15126470, 0.12196900, 0.09575155, 0.07221633, 0.05104349, -0.01366977, -0.05522669, -0.08055847, -0.09484506, -0.10214139, -0.10523885, -0.10589234, -0.10514263, -0.10357538, -0.10148326, -0.09895611, -0.09594196, -0.09230989, -0.08792096, -0.08269386, -0.07664711, -0.06990765, -0.06268902, -0.05525154, -0.04785964, -0.04074778, -0.03410018, -0.02804431, -0.02265441, -0.01796090, -0.01396180, -0.01063351, -0.00793965, -0.00583752, -0.00428238, -0.00308336, -0.00220614, -0.00157951, -0.00114222, -0.00084066, -0.00063015, -0.00047639, -0.00035597, -0.00025557, -0.00017000, -0.00009960, -0.00004718, -0.00001497, -0.00000167, 0.00000000
2.28844097, 1.38527592, 0.94133670, 0.67781678, 0.50349573, 0.37974656, 0.28745278, 0.21609758, 0.15943017, 0.11350714, 0.07571832, 0.04426516, 0.01786454, -0.00442755, -0.02332525, -0.03938261, -0.05303948, -0.06465239, -0.07451564, -0.09962394, -0.11137729, -0.11617058, -0.11872074, -0.12252588, -0.12947800, -0.14000025, -0.15326117, -0.16747031, -0.18033005, -0.18960316, -0.19364951, -0.19176120, -0.18419861, -0.17196168, -0.15643365, -0.13904681, -0.12105731, -0.10344152, -0.08688223, -0.07180402, -0.05842686, -0.04681995, -0.03694803, -0.02870812, -0.02195725, -0.01653248, -0.01226486, -0.00898869, -0.00654729, -0.00472531, -0.00340335, -0.00246034, -0.00179691, -0.00133122, -0.00099838, -0.00075035, -0.00055497, -0.00039386, -0.00025941, -0.00015112, -0.00007171, -0.00002312, -0.00000276, 0.00000000
3.19120574, 2.10618576, 1.57648688, 1.25902424, 1.04550122, 0.89089344, 0.77305749, 0.67979136, 0.60379607, 0.54042655, 0.48658035, 0.44010359, 0.39945286, 0.36349273, 0.33136907, 0.30242706, 0.27615635, 0.25215344, 0.23009526, 0.15748544, 0.10245888, 0.05968018, 0.02596075, -0.00091389, -0.02241728, -0.03948860, -0.05272989, -0.06256070, -0.06932229, -0.07333833, -0.07494299, -0.07448730, -0.07233242, -0.06883682, -0.06434222, -0.05916137, -0.05356950, -0.04779987, -0.04204314, -0.03644971, -0.03113401, -0.02617998, -0.02164679, -0.01757425, -0.01398761, -0.01090111, -0.00832049, -0.00624411, -0.00466321, -0.00340487, -0.00245912, -0.00176793, -0.00127711, -0.00093566, -0.00069819, -0.00052761, -0.00039686, -0.00028913, -0.00019676, -0.00011897, -0.00005888, -0.00002000, -0.00000259, 0.00000000
3.22360983, 2.12103932, 1.58756327, 1.27073881, 1.05893112, 0.90596808, 0.78936674, 0.69688592, 0.62129287, 0.55803766, 0.50411221, 0.45744573, 0.41656405, 0.38038759, 0.34810639, 0.31909984, 0.29288369, 0.26907388, 0.24736141, 0.17754658, 0.12677083, 0.08918468, 0.06078383, 0.03851253, 0.02038490, 0.00528074, -0.00735749, -0.01778052, -0.02610664, -0.03242413, -0.03684239, -0.03951031, -0.04061595, -0.04037687, -0.03902716, -0.03680450, -0.03393903, -0.03064473, -0.02711338, -0.02351088, -0.01997552, -0.01661778, -0.01352138, -0.01074512, -0.00832527, -0.00627848, -0.00460475, -0.00329065, -0.00231240, -0.00156714, -0.00102999, -0.00065610, -0.00040600, -0.00024521, -0.00014539, -0.00008498, -0.00004882, -0.00002716, -0.00001416, -0.00000655, -0.00000245, -0.00000062, -0.00000007, 0.00000000
2.38155089, 1.49124428, 1.04897486, 0.78228994, 0.60294694, 0.47363895, 0.37582099, 0.29920493, 0.23761012, 0.18709166, 0.14500843, 0.10952229, 0.07931198, 0.05340136, 0.03105195, 0.01169317, -0.00512410, -0.01975951, -0.03250551, -0.06832967, -0.08839122, -0.09873785, -0.10347386, -0.10543787, -0.10626184, -0.10679912, -0.10751219, -0.10868971, -0.11051000, -0.11301122, -0.11603198, -0.11917300, -0.12181142, -0.12317940, -0.12250279, -0.11917795, -0.11294202, -0.10397334, -0.09286940, -0.08050096, -0.06780319, -0.05558990, -0.04444748, -0.03471448, -0.02651786, -0.01983115, -0.01453031, -0.01043691, -0.00734722, -0.00507863, -0.00345142, -0.00231299, -0.00153674, -0.00101876, -0.00067714, -0.00045090, -0.00029778, -0.00019083, -0.00011461, -0.00006115, -0.00002647, -0.00000763, -0.00000076, 0.00000000
3.25665873, 2.16112230, 1.62077962, 1.29568884, 1.07702304, 0.91902574, 0.79900476, 0.70438230, 0.62760574, 0.56385786, 0.50991806, 0.46355036, 0.42315367, 0.38755158, 0.35586061, 0.32740481, 0.30165851, 0.27820709, 0.25671941, 0.18666759, 0.13448043, 0.09437386, 0.06283748, 0.03755301, 0.01699885, 0.00018964, -0.01351396, -0.02453882, -0.03318876, -0.03970168, -0.04428445, -0.04713294, -0.04844219, -0.04841035, -0.04723865, -0.04512906, -0.04228062, -0.03888529, -0.03512380, -0.03116196, -0.02714771, -0.02320905, -0.01945310, -0.01596612, -0.01281447, -0.01004641, -0.00769431, -0.00577707, -0.00430237, -0.00312165, -0.00223170, -0.00158289, -0.00112709, -0.00081794, -0.00061248, -0.00047321, -0.00037017, -0.00028283, -0.00020134, -0.00012604, -0.00006382, -0.00002208, -0.00000300, 0.00000000
2.64274265, 1.68636742, 1.20829309, 0.92153540, 0.73097478, 0.59559516, 0.49471037, 0.41673993, 0.35469896, 0.30413198, 0.26207045, 0.22646640, 0.19586606, 0.16921261, 0.14572220, 0.12480326, 0.10600258, 0.08896832, 0.07342407, 0.02359252, -0.01247268, -0.03910564, -0.05863484, -0.07252877, -0.08184955, -0.08744037, -0.09000753, -0.09015736, -0.08841301, -0.08522290, -0.08096645, -0.07595968, -0.07046148, -0.06468062, -0.05878319, -0.05289985, -0.04713261, -0.04156089, -0.03624653, -0.03123785, -0.02657275, -0.02228095, -0.01838561, -0.01490436, -0.01185013, -0.00923170, -0.00705425, -0.00531985, -0.00402786, -0.00299552, -0.00222425, -0.00166219, -0.00126159, -0.00097846, -0.00077415, -0.00061745, -0.00048610, -0.00036743, -0.00025767, -0.00015995, -0.00008127, -0.00002854, -0.00000393, 0.00000000
3.31453441, 2.14563163, 1.57422091, 1.23560482, 1.01126517, 0.85125543, 0.73094061, 0.63680200, 0.56082274, 0.49795907, 0.44488610, 0.39932754, 0.35967540, 0.32476346, 0.29372658, 0.26591040, 0.24081142, 0.21803639, 0.19727401, 0.13052817, 0.08173147, 0.04524785, 0.01734165, -0.00473575, -0.02269286, -0.03743943, -0.04939637, -0.05874429, -0.06558542, -0.07003332, -0.07225183, -0.07246238, -0.07093396, -0.06796523, -0.06386521, -0.05893598, -0.05345925, -0.04768727, -0.04183785, -0.03609263, -0.03059803, -0.02546762, -0.02078560, -0.01661042, -0.01297847, -0.00990740, -0.00739904, -0.00544194, -0.00401353, -0.00290634, -0.00210106, -0.00152866, -0.00112947, -0.00085088, -0.00064987, -0.00049521, -0.00036767, -0.00025839, -0.00016589, -0.00009252, -0.00004104, -0.00001185, -0.00000111, 0.00000000
3.05589533, 2.01660639, 1.49292762, 1.17333116, 0.95546770, 0.79575532, 0.67249035, 0.57365858, 0.49208082, 0.42321119, 0.36403746, 0.31248930, 0.26710011, 0.22680421, 0.19080997, 0.15851775, 0.12946516, 0.10328955, 0.07970178, 0.00739058, -0.03937367, -0.06774207, -0.08357957, -0.09180796, -0.09573368, -0.09726874, -0.09741640, -0.09668362, -0.09534295, -0.09356313, -0.09144968, -0.08903907, -0.08628534, -0.08306663, -0.07922102, -0.07460308, -0.06914209, -0.06288126, -0.05598524, -0.04871544, -0.04138349, -0.03429907, -0.02772649, -0.02185812, -0.01680583, -0.01260630, -0.00923473, -0.00662170, -0.00466946, -0.00322505, -0.00219279, -0.00147360, -0.00098501, -0.00065835, -0.00043973, -0.00029039, -0.00018526, -0.00010995, -0.00005720, -0.00002329, -0.00000522, 0.00000098, 0.00000074, 0.00000000
2.72490918, 1.69774724, 1.18791465, 0.88292718, 0.67911761, 0.53237660, 0.42092775, 0.33289223, 0.26130460, 0.20184630, 0.15171419, 0.10901399, 0.07241634, 0.04095307, 0.01389241, -0.00933934, -0.02920786, -0.04610305, -0.06035994, -0.09650397, -0.11236305, -0.11752437, -0.11839204, -0.11870656, -0.11961614, -0.12068503, -0.12093611, -0.11956303, -0.11623140, -0.11105795, -0.10443419, -0.09683833, -0.08870873, -0.08038885, -0.07212262, -0.06407409, -0.05635229, -0.04903212, -0.04216823, -0.03580278, -0.02996891, -0.02469162, -0.01998769, -0.01586515, -0.01232299, -0.00935109, -0.00693055, -0.00503423, -0.00362756, -0.00254545, -0.00175798, -0.00120128, -0.00081969, -0.00056383, -0.00039260, -0.00027488, -0.00018974, -0.00012509, -0.00007538, -0.00003888, -0.00001520, -0.00000324, 0.00000004, 0.00000000
2.73879665, 1.74672645, 1.26514607, 0.98022656, 0.79098197, 0.65528163, 0.55253081, 0.47151183, 0.40561147, 0.35068730, 0.30401671, 0.26373875, 0.22853934, 0.19746449, 0.16980504, 0.14502271, 0.12270137, 0.10251395, 0.08419954, 0.02653689, -0.01352148, -0.04111774, -0.05996901, -0.07289063, -0.08167741, -0.08736915, -0.09056545, -0.09165323, -0.09093697, -0.08869892, -0.08521751, -0.08076559, -0.07560124, -0.06995827, -0.06403938, -0.05801290, -0.05201300, -0.04614291, -0.04048032, -0.03508397, -0.03000028, -0.02526878, -0.02092539, -0.01700319, -0.01353084, -0.01052934, -0.00800846, -0.00596373, -0.00437507, -0.00313202, -0.00220196, -0.00152668, -0.00105150, -0.00072546, -0.00050416, -0.00035226, -0.00024429, -0.00016404, -0.00010276, -0.00005682, -0.00002521, -0.00000724, -0.00000062, 0.00000000
2.41929730, 1.50526006, 1.05028460, 0.77661749, 0.59317704, 0.46129004, 0.36175277, 0.28395597, 0.22156112, 0.17054439, 0.12822308, 0.09273394, 0.06273678, 0.03723787, 0.01548043, -0.00312550, -0.01904934, -0.03267129, -0.04430396, -0.07561122, -0.09183507, -0.09949796, -0.10253323, -0.10329924, -0.10288506, -0.10164093, -0.09959038, -0.09666695, -0.09282644, -0.08808852, -0.08254180, -0.07633184, -0.06964200, -0.06267324, -0.05562574, -0.04868440, -0.04200865, -0.03572672, -0.02993360, -0.02469200, -0.02003542, -0.01597244, -0.01249151, -0.00956588, -0.00715814, -0.00522430, -0.00371717, -0.00258920, -0.00179458, -0.00120488, -0.00079388, -0.00051588, -0.00033383, -0.00021790, -0.00014506, -0.00009869, -0.00006777, -0.00004568, -0.00002905, -0.00001649, -0.00000766, -0.00000242, -0.00000028, 0.00000000
2.92666174, 1.89440214, 1.38674443, 1.08256459, 0.87873900, 0.73192646, 0.62068713, 0.53318049, 0.46232553, 0.40362434, 0.35408148, 0.31162468, 0.27477469, 0.24244753, 0.21383095, 0.18830449, 0.16538624, 0.14469629, 0.12593124, 0.06655287, 0.02452273, -0.00584210, -0.02816537, -0.04491598, -0.05761926, -0.06715214, -0.07401248, -0.07851056, -0.08088562, -0.08136675, -0.08019734, -0.07763804, -0.07395874, -0.06942661, -0.06429443, -0.05879131, -0.05311674, -0.04743770, -0.04188822, -0.03657091, -0.03155995, -0.02690528, -0.02263795, -0.01877608, -0.01533092, -0.01231142, -0.00972607, -0.00758027, -0.00586882, -0.00445318, -0.00333782, -0.00248169, -0.00184181, -0.00137204, -0.00102705, -0.00076754, -0.00056408, -0.00039825, -0.00026146, -0.00015221, -0.00007241, -0.00002356, -0.00000292, 0.00000000
2.83359387, 1.83097202, 1.33186001, 1.03063237, 0.82770633, 0.68085162, 0.56907304, 0.48074901, 0.40892630, 0.34919170, 0.29861092, 0.25515829, 0.21739124, 0.18425512, 0.15496129, 0.12890829, 0.10562927, 0.08475613, 0.06599432, 0.00824353, -0.03007692, -0.05527838, -0.07156128, -0.08188653, -0.08816044, -0.09154776, -0.09276143, -0.09226393, -0.09038619, -0.08738988, -0.08349673, -0.07890095, -0.07377440, -0.06826936, -0.06252077, -0.05664865, -0.05076029, -0.04495202, -0.03931018, -0.03391147, -0.02882265, -0.02410022, -0.01979012, -0.01592785, -0.01253897, -0.00963998, -0.00723939, -0.00533891, -0.00393454, -0.00282526, -0.00200850, -0.00142521, -0.00102162, -0.00074847, -0.00056310, -0.00043158, -0.00032993, -0.00024397, -0.00016799, -0.00010243, -0.00005098, -0.00001740, -0.00000229, 0.00000000
2.90598957, 1.87479452, 1.37717308, 1.08479429, 0.89183553, 0.75413042, 0.65013103, 0.56814982, 0.50133887, 0.44544187, 0.39768662, 0.35619736, 0.31966397, 0.28714636, 0.25795411, 0.23156967, 0.20759800, 0.18573257, 0.16573193, 0.10132743, 0.05487554, 0.02093346, -0.00424941, -0.02331240, -0.03791811, -0.04904796, -0.05728251, -0.06299864, -0.06648678, -0.06801091, -0.06783302, -0.06621804, -0.06342982, -0.05972392, -0.05534075, -0.05050018, -0.04539816, -0.04020511, -0.03506578, -0.03010012, -0.02540475, -0.02105491, -0.01710642, -0.01359781, -0.01055224, -0.00797945, -0.00587749, -0.00423444, -0.00302999, -0.00210008, -0.00142789, -0.00095747, -0.00063956, -0.00043057, -0.00029439, -0.00020372, -0.00014014, -0.00009283, -0.00005665, -0.00002988, -0.00001217, -0.00000289, -0.00000008, 0.00000000
2.61269992, 1.63440173, 1.14577428, 0.85152107, 0.65449956, 0.51314941, 0.40666843, 0.32349307, 0.25669284, 0.20187075, 0.15610894, 0.11739836, 0.08431153, 0.05580561, 0.03109924, 0.00959293, -0.00918364, -0.02560745, -0.03998673, -0.08073004, -0.10341654, -0.11542030, -0.12140246, -0.12417488, -0.12522803, -0.12518730, -0.12414746, -0.12193415, -0.11832296, -0.11319938, -0.10663501, -0.09887993, -0.09029963, -0.08129507, -0.07223580, -0.06341994, -0.05506097, -0.04729349, -0.04018868, -0.03377235, -0.02804108, -0.02297453, -0.01854395, -0.01471727, -0.01146187, -0.00874579, -0.00653804, -0.00480848, -0.00352752, -0.00253226, -0.00180176, -0.00127943, -0.00091587, -0.00066719, -0.00049621, -0.00037388, -0.00027993, -0.00020238, -0.00013617, -0.00008108, -0.00003933, -0.00001299, -0.00000161, 0.00000000
2.47476218, 1.39889017, 0.87211142, 0.56194310, 0.36225496, 0.22789133, 0.13546813, 0.07096380, 0.02507186, -0.00878974, -0.03550597, -0.05893340, -0.08238603, -0.10894372, -0.14155488, -0.18294103, -0.23536055, -0.30031592, -0.37828601, -0.78839203, -1.18092921, -1.35263390, -1.31972849, -1.19520500, -1.05194422, -0.91735750, -0.79806357, -0.69382035, -0.60272005, -0.52278543, -0.45235630, -0.39011649, -0.33503266, -0.28628467, -0.24320750, -0.20524716, -0.17192865, -0.14283323, -0.11758267, -0.09582846, -0.07724459, -0.06152287, -0.04836989, -0.03750522, -0.02866026, -0.02157770, -0.01601117, -0.01172514, -0.00849483, -0.00610429, -0.00437377, -0.00314487, -0.00228582, -0.00168787, -0.00126482, -0.00095270, -0.00070834, -0.00050676, -0.00033737, -0.00019931, -0.00009646, -0.00003215, -0.00000418, 0.00000000
2.68599789, 1.76207939, 1.30552195, 1.02974254, 0.84324423, 0.70773617, 0.60430228, 0.52247921, 0.45598327, 0.40079759, 0.35422525, 0.31438264, 0.27991073, 0.24980210, 0.22329255, 0.19979087, 0.17883180, 0.16004369, 0.14312572, 0.09006309, 0.05250604, 0.02507976, 0.00439892, -0.01189810, -0.02520184, -0.03621425, -0.04523971, -0.05239361, -0.05772858, -0.06130122, -0.06320119, -0.06355872, -0.06254055, -0.06034055, -0.05716866, -0.05324007, -0.04876577, -0.04394487, -0.03895895, -0.03396820, -0.02910933, -0.02449495, -0.02021408, -0.01633361, -0.01290029, -0.00994314, -0.00747586, -0.00549920, -0.00400295, -0.00282550, -0.00195127, -0.00132239, -0.00088586, -0.00059248, -0.00039927, -0.00027170, -0.00018473, -0.00012224, -0.00007552, -0.00004093, -0.00001749, -0.00000460, -0.00000025, 0.00000000
1.57517961, 0.84318184, 0.49796168, 0.30337606, 0.17675210, 0.07629422, -0.02699320, -0.15714292, -0.33262367, -0.56263805, -0.84403414, -1.16082695, -1.48707309, -1.79288462, -2.05195214, -2.24764740, -2.37521346, -2.43983967, -2.45254341, -2.22177092, -1.88087744, -1.58098991, -1.33720785, -1.14024354, -0.97933958, -0.84582946, -0.73324594, -0.63688964, -0.55338289, -0.48030311, -0.41590332, -0.35890722, -0.30836249, -0.26353788, -0.22385182, -0.18882361, -0.15804052, -0.13113582, -0.10777448, -0.08764398, -0.07044861, -0.05590617, -0.04374605, -0.03370837, -0.02554365, -0.01901284, -0.01388750, -0.00995003, -0.00699390, -0.00481778, -0.00325844, -0.00217117, -0.00143523, -0.00095039, -0.00063646, -0.00043263, -0.00029605, -0.00019927, -0.00012700, -0.00007246, -0.00003378, -0.00001061, -0.00000119, 0.00000000
2.58889368, 1.65194207, 1.18976806, 0.91285163, 0.72751442, 0.59425856, 0.49352464, 0.41450978, 0.35075518, 0.29815910, 0.25398982, 0.21635670, 0.18390892, 0.15565516, 0.13085106, 0.10892652, 0.08943721, 0.07203149, 0.05642715, 0.00861756, -0.02340677, -0.04514804, -0.06012421, -0.07064681, -0.07804934, -0.08304206, -0.08600680, -0.08718336, -0.08676803, -0.08495620, -0.08195385, -0.07797467, -0.07323185, -0.06792974, -0.06225733, -0.05638409, -0.05045813, -0.04460598, -0.03893358, -0.03352779, -0.02845830, -0.02377940, -0.01953172, -0.01574377, -0.01243330, -0.00960858, -0.00726956, -0.00540902, -0.00401359, -0.00291698, -0.00210387, -0.00151668, -0.00110338, -0.00081651, -0.00061523, -0.00046750, -0.00035114, -0.00025342, -0.00016946, -0.00009983, -0.00004760, -0.00001524, -0.00000174, 0.00000000
3.08645918, 2.02771455, 1.50494728, 1.19371907, 0.98696009, 0.83910703, 0.72756119, 0.63989056, 0.56872194, 0.50942457, 0.45895562, 0.41524116, 0.37682417, 0.34265462, 0.31195924, 0.28415775, 0.25880757, 0.23556627, 0.21416552, 0.14412585, 0.09183560, 0.05229988, 0.02196116, -0.00191487, -0.02111306, -0.03665624, -0.04907836, -0.05865435, -0.06555718, -0.06995052, -0.07203404, -0.07205711, -0.07031326, -0.06712471, -0.06282308, -0.05773076, -0.05214559, -0.04632995, -0.04050470, -0.03484745, -0.02949411, -0.02454291, -0.02005968, -0.01608380, -0.01263390, -0.00971275, -0.00731076, -0.00540733, -0.00396991, -0.00284808, -0.00201540, -0.00141314, -0.00098926, -0.00069611, -0.00049291, -0.00034814, -0.00024043, -0.00015751, -0.00009388, -0.00004779, -0.00001844, -0.00000391, 0.00000003, 0.00000000
3.28006841, 2.17355460, 1.63294277, 1.30943790, 1.09244733, 0.93588735, 0.81706738, 0.72347633, 0.64762731, 0.58475380, 0.53167059, 0.48616478, 0.44664917, 0.41195462, 0.38120033, 0.35370980, 0.32895460, 0.30651594, 0.28605753, 0.21981547, 0.17078907, 0.13311116, 0.10328003, 0.07902376, 0.05890194, 0.04201798, 0.02781029, 0.01591268, 0.00606675, -0.00193025, -0.00825500, -0.01307361, -0.01654883, -0.01884243, -0.02011492, -0.02052393, -0.02022210, -0.01935488, -0.01805846, -0.01645809, -0.01466676, -0.01278424, -0.01089658, -0.00907589, -0.00738058, -0.00585569, -0.00453369, -0.00343526, -0.00257034, -0.00187311, -0.00134026, -0.00094555, -0.00066267, -0.00046538, -0.00032952, -0.00023491, -0.00016648, -0.00011440, -0.00007344, -0.00004170, -0.00001911, -0.00000578, -0.00000058, 0.00000000
2.58957363, 1.65914448, 1.19225283, 0.90898171, 0.71800393, 0.58028394, 0.47619411, 0.39473327, 0.32923758, 0.27542881, 0.23043330, 0.19224993, 0.15944331, 0.13095812, 0.10600195, 0.08396886, 0.06438795, 0.04688796, 0.03117230, -0.01705477, -0.04935261, -0.07106651, -0.08545861, -0.09473232, -0.10030173, -0.10307918, -0.10369134, -0.10260554, -0.10019197, -0.09674960, -0.09251562, -0.08767082, -0.08234731, -0.07664121, -0.07062890, -0.06438348, -0.05798745, -0.05153890, -0.04515037, -0.03894197, -0.03303126, -0.02752318, -0.02250223, -0.01802812, -0.01413527, -0.01083509, -0.00812022, -0.00596942, -0.00435238, -0.00309004, -0.00215529, -0.00148155, -0.00101001, -0.00068829, -0.00047191, -0.00032562, -0.00022382, -0.00014980, -0.00009413, -0.00005257, -0.00002377, -0.00000709, -0.00000068, 0.00000000
3.06113089, 1.99183854, 1.47632826, 1.17184689, 0.96958993, 0.82452069, 0.71470290, 0.62819346, 0.55793813, 0.49950214, 0.44995636, 0.40728698, 0.37006273, 0.33723747, 0.30802812, 0.28183627, 0.25819636, 0.23674037, 0.21717336, 0.15415511, 0.10791176, 0.07310878, 0.04625233, 0.02479352, 0.00711499, -0.00769327, -0.02009421, -0.03030742, -0.03844390, -0.04458587, -0.04882891, -0.05130008, -0.05216165, -0.05160676, -0.04985100, -0.04712233, -0.04365104, -0.03966051, -0.03535945, -0.03093581, -0.02655255, -0.02234524, -0.01842125, -0.01486051, -0.01171729, -0.00902290, -0.00678869, -0.00500928, -0.00366538, -0.00261535, -0.00183642, -0.00127319, -0.00087659, -0.00060235, -0.00041312, -0.00028030, -0.00018437, -0.00011370, -0.00006244, -0.00002788, -0.00000810, -0.00000016, 0.00000058, 0.00000000
2.52836413, 1.45017999, 0.90236027, 0.57042446, 0.35415425, 0.20945575, 0.11198494, 0.04608236, 0.00078568, -0.03192620, -0.05819131, -0.08305915, -0.11104256, -0.14635281, -0.19280885, -0.25351092, -0.33042312, -0.42400154, -0.53296511, -1.04037681, -1.40756382, -1.48468590, -1.38261961, -1.22496485, -1.06662845, -0.92354672, -0.79799151, -0.68851540, -0.59302595, -0.50959134, -0.43658733, -0.37267468, -0.31674457, -0.26786744, -0.22525196, -0.18821397, -0.15615333, -0.12853686, -0.10488582, -0.08476666, -0.06778409, -0.05357591, -0.04180905, -0.03217642, -0.02439445, -0.01820104, -0.01335386, -0.00962885, -0.00681900, -0.00474388, -0.00324470, -0.00218696, -0.00145952, -0.00097096, -0.00064824, -0.00043561, -0.00029298, -0.00019372, -0.00012191, -0.00006940, -0.00003284, -0.00001082, -0.00000141, 0.00000000
3.18006399, 2.10452268, 1.57732630, 1.26341160, 1.05474211, 0.90571475, 0.79370354, 0.70619821, 0.63572178, 0.57753547, 0.52849486, 0.48643516, 0.44982008, 0.41753138, 0.38873735, 0.36280780, 0.33925748, 0.31770738, 0.29785774, 0.23266421, 0.18348349, 0.14543440, 0.11536924, 0.09099992, 0.07073415, 0.05352597, 0.03872013, 0.02591962, 0.01488631, 0.00547212, -0.00242588, -0.00889325, -0.01401414, -0.01787954, -0.02059055, -0.02225860, -0.02300393, -0.02295306, -0.02223588, -0.02098269, -0.01932133, -0.01737468, -0.01525843, -0.01307931, -0.01093369, -0.00890661, -0.00707121, -0.00548851, -0.00420752, -0.00313683, -0.00229715, -0.00166263, -0.00120148, -0.00087794, -0.00065548, -0.00050045, -0.00038535, -0.00029092, -0.00020700, -0.00013169, -0.00006898, -0.00002509, -0.00000363, 0.00000000
3.25278137, 2.14959246, 1.60966407, 1.28808271, 1.07386507, 0.92035693, 0.80451157, 0.71363380, 0.64015714, 0.57929395, 0.52786906, 0.48369521, 0.44521766, 0.41130181, 0.38110085, 0.35397041, 0.32941178, 0.30703321, 0.28652290, 0.21983035, 0.17032498, 0.13247838, 0.10277463, 0.07876588, 0.05882632, 0.04193140, 0.02746085, 0.01504737, 0.00447121, -0.00440880, -0.01169792, -0.01749060, -0.02188410, -0.02498476, -0.02690999, -0.02778756, -0.02775342, -0.02694881, -0.02551715, -0.02360078, -0.02133798, -0.01886020, -0.01628967, -0.01373730, -0.01130117, -0.00906532, -0.00709913, -0.00545715, -0.00417943, -0.00313215, -0.00233014, -0.00173443, -0.00130423, -0.00099787, -0.00077658, -0.00060825, -0.00046993, -0.00034848, -0.00023959, -0.00014551, -0.00007190, -0.00002410, -0.00000298, 0.00000000
2.90369862, 1.88400162, 1.38273472, 1.08303321, 0.88281251, 0.73905910, 0.63045740, 0.54522495, 0.47631550, 0.41925730, 0.37107759, 0.32972504, 0.29374016, 0.26205770, 0.23388307, 0.20861244, 0.18577941, 0.16501857, 0.14603995, 0.08511034, 0.04103447, 0.00877364, -0.01501324, -0.03277353, -0.04614370, -0.05614896, -0.06342100, -0.06836799, -0.07128640, -0.07242581, -0.07202103, -0.07030401, -0.06750473, -0.06384693, -0.05954251, -0.05478654, -0.04975385, -0.04459740, -0.03944814, -0.03441603, -0.02959187, -0.02504943, -0.02084762, -0.01703262, -0.01363963, -0.01069442, -0.00821456, -0.00621047, -0.00468628, -0.00346538, -0.00254627, -0.00187375, -0.00139508, -0.00106042, -0.00082489, -0.00065112, -0.00051130, -0.00038827, -0.00027513, -0.00017342, -0.00008999, -0.00003260, -0.00000478, 0.00000000
2.70553072, 1.74493186, 1.27212954, 0.98744564, 0.79534892, 0.65593050, 0.54951805, 0.46525942, 0.39665872, 0.33957908, 0.29125464, 0.24976228, 0.21372103, 0.18211202, 0.15416603, 0.12929063, 0.10702154, 0.08698927, 0.06889564, 0.01262656, -0.02584938, -0.05190400, -0.06924090, -0.08067387, -0.08803089, -0.09240067, -0.09442780, -0.09452754, -0.09301095, -0.09014595, -0.08618087, -0.08134981, -0.07587073, -0.06994244, -0.06374256, -0.05742710, -0.05113138, -0.04497148, -0.03904579, -0.03343637, -0.02820984, -0.02341812, -0.01909906, -0.01527719, -0.01196472, -0.00916279, -0.00686293, -0.00504851, -0.00369627, -0.00264635, -0.00187649, -0.00132768, -0.00094755, -0.00068889, -0.00051160, -0.00038457, -0.00028651, -0.00020527, -0.00013612, -0.00007928, -0.00003714, -0.00001152, -0.00000121, 0.00000000
2.73698585, 1.77678640, 1.30911411, 1.02974535, 0.84200596, 0.70585002, 0.60175258, 0.51906587, 0.45148496, 0.39503233, 0.34706911, 0.30577110, 0.26983336, 0.23829508, 0.21043101, 0.18568179, 0.16360784, 0.14385784, 0.12614680, 0.07166676, 0.03503168, 0.00992145, -0.00779727, -0.02089928, -0.03099895, -0.03892563, -0.04506468, -0.04959070, -0.05260335, -0.05419584, -0.05448272, -0.05360566, -0.05172849, -0.04902850, -0.04568713, -0.04188192, -0.03778017, -0.03353439, -0.02927934, -0.02513042, -0.02118309, -0.01751312, -0.01417744, -0.01121552, -0.00865102, -0.00649375, -0.00474178, -0.00338362, -0.00240041, -0.00164486, -0.00110398, -0.00072964, -0.00047980, -0.00031815, -0.00021512, -0.00014851, -0.00010322, -0.00007014, -0.00004470, -0.00002525, -0.00001153, -0.00000350, -0.00000036, 0.00000000
2.30292700, 1.41959373, 0.97273536, 0.70045080, 0.51623584, 0.38308530, 0.28248198, 0.20411060, 0.14174926, 0.09140277, 0.05036982, 0.01674162, -0.01088349, -0.03357011, -0.05215099, -0.06729414, -0.07954684, -0.08936520, -0.09713459, -0.11405502, -0.12081448, -0.12664098, -0.13777630, -0.15794160, -0.18746920, -0.22322817, -0.25948804, -0.28967122, -0.30846788, -0.31339503, -0.30506920, -0.28627620, -0.26061101, -0.23142302, -0.20131620, -0.17207638, -0.14480484, -0.12010160, -0.09822633, -0.07921815, -0.06297816, -0.04932423, -0.03802714, -0.02883421, -0.02148495, -0.01572115, -0.01129333, -0.00796475, -0.00551355, -0.00375647, -0.00252426, -0.00168018, -0.00111561, -0.00074394, -0.00049905, -0.00033405, -0.00021862, -0.00013532, -0.00007544, -0.00003495, -0.00001131, -0.00000117, 0.00000046, 0.00000000
2.81390623, 1.84961891, 1.37224343, 1.08230330, 0.88481452, 0.74012968, 0.62868126, 0.53965098, 0.46654636, 0.40522169, 0.35289834, 0.30764013, 0.26805412, 0.23311118, 0.20203351, 0.17422164, 0.14920558, 0.12661119, 0.10613650, 0.04174258, -0.00289188, -0.03379305, -0.05508291, -0.06979637, -0.07989469, -0.08655448, -0.09048506, -0.09215611, -0.09192818, -0.09011411, -0.08700099, -0.08285388, -0.07791356, -0.07239436, -0.06648405, -0.06034597, -0.05412235, -0.04793782, -0.04190205, -0.03611118, -0.03064806, -0.02558177, -0.02096702, -0.01684384, -0.01323805, -0.01016228, -0.00761761, -0.00559541, -0.00407920, -0.00288890, -0.00200855, -0.00137672, -0.00093805, -0.00064199, -0.00044492, -0.00031220, -0.00021892, -0.00014935, -0.00009527, -0.00005367, -0.00002427, -0.00000713, -0.00000065, 0.00000000
-28.44292806, -17.83607594, -13.01258703, -10.28228270, -8.52744197, -7.30158198, -6.39343465, -5.69074946, -5.12860416, -4.66692494, -4.27966553, -3.94917068, -3.66304803, -3.41233934, -3.19040361, -2.99220919, -2.81387044, -2.65233603, -2.50517382, -2.03077175, -1.68513911, -1.42391407, -1.22042934, -1.05734343, -0.92294472, -0.80928856, -0.71102538, -0.62458529, -0.54760043, -0.47850008, -0.41623148, -0.36007067, -0.30949650, -0.26410816, -0.22357242, -0.18759077, -0.15587978, -0.12816015, -0.10415116, -0.08356872, -0.06612534, -0.05153137, -0.03949675, -0.02973292, -0.02195481, -0.01588256, -0.01124312, -0.00777148, -0.00521176, -0.00341121, -0.00216835, -0.00133548, -0.00079562, -0.00045627, -0.00024780, -0.00012149, -0.00004608, -0.00000317, 0.00001759, 0.00002271, 0.00001780, 0.00000887, 0.00000179, 0.00000000
3.02471732, 1.94597295, 1.41899694, 1.10301033, 0.88981418, 0.73450001, 0.61512375, 0.51970586, 0.44115889, 0.37502558, 0.31836480, 0.26915888, 0.22597823, 0.18778171, 0.15379259, 0.12341878, 0.09619984, 0.07177091, 0.04983751, -0.01660040, -0.05866580, -0.08346843, -0.09675067, -0.10324199, -0.10606667, -0.10700391, -0.10697310, -0.10642535, -0.10557274, -0.10448496, -0.10311290, -0.10129723, -0.09879930, -0.09536274, -0.09079008, -0.08500820, -0.07810067, -0.07029863, -0.06193748, -0.05339646, -0.04504013, -0.03717499, -0.03002620, -0.02373285, -0.01835625, -0.01389525, -0.01030362, -0.00750631, -0.00541277, -0.00383418, -0.00268814, -0.00187513, -0.00131127, -0.00092543, -0.00066018, -0.00047259, -0.00033362, -0.00022611, -0.00014181, -0.00007800, -0.00003429, -0.00000976, -0.00000084, 0.00000000
2.67390864, 1.70982311, 1.24635031, 0.97324345, 0.79231832, 0.66296348, 0.56539275, 0.48882727, 0.42689688, 0.37559550, 0.33227703, 0.29512272, 0.26284071, 0.23448756, 0.20935778, 0.18691289, 0.16673445, 0.14849209, 0.13192127, 0.07913590, 0.04121301, 0.01335194, -0.00749816, -0.02342507, -0.03570698, -0.04508203, -0.05198748, -0.05671816, -0.05951506, -0.06060713, -0.06022597, -0.05860669, -0.05598287, -0.05258001, -0.04860958, -0.04426457, -0.03971659, -0.03511448, -0.03058405, -0.02622869, -0.02213054, -0.01835205, -0.01493778, -0.01191621, -0.00930173, -0.00709651, -0.00529235, -0.00387258, -0.00281378, -0.00199367, -0.00139216, -0.00096278, -0.00066455, -0.00046160, -0.00032416, -0.00022938, -0.00016126, -0.00010990, -0.00007011, -0.00003981, -0.00001851, -0.00000590, -0.00000071, 0.00000000
2.41929730, 1.50526006, 1.05028460, 0.77661749, 0.59317704, 0.46129004, 0.36175277, 0.28395597, 0.22156112, 0.17054439, 0.12822308, 0.09273394, 0.06273678, 0.03723787, 0.01548043, -0.00312550, -0.01904934, -0.03267129, -0.04430396, -0.07561122, -0.09183507, -0.09949796, -0.10253323, -0.10329924, -0.10288506, -0.10164093, -0.09959038, -0.09666695, -0.09282644, -0.08808852, -0.08254180, -0.07633184, -0.06964200, -0.06267324, -0.05562574, -0.04868440, -0.04200865, -0.03572672, -0.02993360, -0.02469200, -0.02003542, -0.01597244, -0.01249151, -0.00956588, -0.00715814, -0.00522430, -0.00371717, -0.00258920, -0.00179458, -0.00120488, -0.00079388, -0.00051588, -0.00033383, -0.00021790, -0.00014506, -0.00009869, -0.00006777, -0.00004568, -0.00002905, -0.00001649, -0.00000766, -0.00000242, -0.00000028, 0.00000000
3.12952394, 2.05896846, 1.52723402, 1.20748069, 0.99306398, 0.83866950, 0.72171122, 0.62965502, 0.55498606, 0.49292848, 0.44030597, 0.39492781, 0.35523743, 0.32010121, 0.28867615, 0.26032421, 0.23455500, 0.21098661, 0.18931812, 0.11829412, 0.06508711, 0.02442536, -0.00695643, -0.03129425, -0.05003913, -0.06411354, -0.07414169, -0.08061416, -0.08398441, -0.08471128, -0.08326536, -0.08011538, -0.07570746, -0.07044598, -0.06468023, -0.05869807, -0.05272509, -0.04692730, -0.04141604, -0.03625472, -0.03146799, -0.02705333, -0.02299465, -0.01927588, -0.01589179, -0.01285289, -0.01018228, -0.00790415, -0.00602728, -0.00447993, -0.00326531, -0.00234516, -0.00167120, -0.00118908, -0.00084655, -0.00060000, -0.00041750, -0.00027868, -0.00017253, -0.00009415, -0.00004144, -0.00001206, -0.00000118, 0.00000000
2.40598510, 1.54337444, 1.11453096, 0.85529729, 0.67996635, 0.55240750, 0.45476364, 0.37719989, 0.31385418, 0.26101429, 0.21621351, 0.17774698, 0.14439681, 0.11526808, 0.08968672, 0.06713372, 0.04720151, 0.02956415, 0.01395658, -0.03209679, -0.06025617, -0.07680836, -0.08611318, -0.09121346, -0.09388145, -0.09500850, -0.09498904, -0.09398138, -0.09205497, -0.08926271, -0.08567072, -0.08136678, -0.07645897, -0.07107026, -0.06533185, -0.05937641, -0.05333215, -0.04731819, -0.04144126, -0.03579404, -0.03045453, -0.02548644, -0.02094008, -0.01685350, -0.01325366, -0.01015756, -0.00757326, -0.00550079, -0.00393299, -0.00269252, -0.00177205, -0.00111448, -0.00066615, -0.00037675, -0.00020135, -0.00010242, -0.00005081, -0.00002574, -0.00001378, -0.00000749, -0.00000355, -0.00000110, -0.00000009, 0.00000000
2.46864442, 1.17503300, 0.55393040, 0.25004823, 0.08231457, -0.07304577, -0.32919311, -0.77780751, -1.43196040, -2.19737156, -2.91337468, -3.44372390, -3.74178021, -3.84073542, -3.80433982, -3.69029049, -3.53840550, -3.37242086, -3.20518562, -2.60999831, -2.15301659, -1.80084641, -1.52317033, -1.29944343, -1.11552502, -0.96153410, -0.83053043, -0.71762447, -0.61935186, -0.53323104, -0.45745255, -0.39066313, -0.33181729, -0.28007644, -0.23474110, -0.19520599, -0.16093064, -0.13142060, -0.10621563, -0.08488260, -0.06701128, -0.05221210, -0.04011505, -0.03036916, -0.02264240, -0.01662166, -0.01201274, -0.00854029, -0.00594766, -0.00409714, -0.00278876, -0.00188123, -0.00126328, -0.00084701, -0.00056586, -0.00037276, -0.00023714, -0.00014095, -0.00007435, -0.00003173, -0.00000867, -0.00000000, 0.00000064, 0.00000000
3.16278944, 2.10043016, 1.57489085, 1.25635371, 1.03953588, 0.88045574, 0.75746470, 0.65865238, 0.57691609, 0.50775366, 0.44817173, 0.39610224, 0.35007075, 0.30899796, 0.27207583, 0.23868753, 0.20835393, 0.18069704, 0.15541426, 0.07434102, 0.01689598, -0.02313166, -0.05037606, -0.06868361, -0.08080158, -0.08851512, -0.09294805, -0.09482643, -0.09465396, -0.09281237, -0.08961382, -0.08532714, -0.08019115, -0.07442201, -0.06821723, -0.06175757, -0.05520706, -0.04871217, -0.04240043, -0.03637953, -0.03073711, -0.02554127, -0.02084188, -0.01667216, -0.01305050, -0.00998211, -0.00746070, -0.00546992, -0.00398467, -0.00282647, -0.00197390, -0.00136361, -0.00093939, -0.00065077, -0.00045517, -0.00031977, -0.00022185, -0.00014777, -0.00009077, -0.00004846, -0.00002023, -0.00000511, -0.00000024, 0.00000000
2.55491281, 1.65959410, 1.21837460, 0.95251768, 0.77318590, 0.64322264, 0.54427501, 0.46619265, 0.40288184, 0.35044954, 0.30628438, 0.26856473, 0.23597829, 0.20755393, 0.18255647, 0.16041836, 0.14069398, 0.12302820, 0.10713429, 0.05765098, 0.02327626, -0.00142754, -0.01983831, -0.03411400, -0.04545701, -0.05446263, -0.06140456, -0.06641968, -0.06961121, -0.07109765, -0.07102995, -0.06959115, -0.06698789, -0.06343910, -0.05916465, -0.05437577, -0.04926767, -0.04401460, -0.03876715, -0.03365143, -0.02876967, -0.02420198, -0.02000862, -0.01623270, -0.01290289, -0.01003588, -0.00763852, -0.00570930, -0.00423928, -0.00307151, -0.00219384, -0.00155218, -0.00109656, -0.00078029, -0.00056211, -0.00040857, -0.00029525, -0.00020669, -0.00013512, -0.00007829, -0.00003685, -0.00001166, -0.00000131, 0.00000000
2.90369862, 1.88400162, 1.38273472, 1.08303321, 0.88281251, 0.73905910, 0.63045740, 0.54522495, 0.47631550, 0.41925730, 0.37107759, 0.32972504, 0.29374016, 0.26205770, 0.23388307, 0.20861244, 0.18577941, 0.16501857, 0.14603995, 0.08511034, 0.04103447, 0.00877364, -0.01501324, -0.03277353, -0.04614370, -0.05614896, -0.06342100, -0.06836799, -0.07128640, -0.07242581, -0.07202103, -0.07030401, -0.06750473, -0.06384693, -0.05954251, -0.05478654, -0.04975385, -0.04459740, -0.03944814, -0.03441603, -0.02959187, -0.02504943, -0.02084762, -0.01703262, -0.01363963, -0.01069442, -0.00821456, -0.00621047, -0.00468628, -0.00346538, -0.00254627, -0.00187375, -0.00139508, -0.00106042, -0.00082489, -0.00065112, -0.00051130, -0.00038827, -0.00027513, -0.00017342, -0.00008999, -0.00003260, -0.00000478, 0.00000000
3.22643177, 2.17654685, 1.64970268, 1.32899707, 1.11143822, 0.95321325, 0.83238686, 0.73670562, 0.65876421, 0.59381425, 0.53866735, 0.49110207, 0.44952327, 0.41275637, 0.37991793, 0.35033127, 0.32346995, 0.29891871, 0.27634608, 0.20220197, 0.14625456, 0.10291636, 0.06869578, 0.04110027, 0.01844016, -0.00035301, -0.01591786, -0.02862709, -0.03871006, -0.04633604, -0.05166584, -0.05487979, -0.05618901, -0.05583531, -0.05408394, -0.05121242, -0.04749795, -0.04320535, -0.03857688, -0.03382490, -0.02912760, -0.02462785, -0.02043457, -0.01662598, -0.01325400, -0.01034900, -0.00792428, -0.00597961, -0.00450303, -0.00333444, -0.00245824, -0.00181712, -0.00135840, -0.00103307, -0.00079798, -0.00061867, -0.00047130, -0.00034296, -0.00023017, -0.00013573, -0.00006482, -0.00002096, -0.00000252, 0.00000000
2.23043143, 1.24376004, 0.74561691, 0.45501071, 0.27405601, 0.15766358, 0.08128990, 0.03011898, -0.00538723, -0.03166427, -0.05327533, -0.07365698, -0.09554610, -0.12116763, -0.15225342, -0.18996879, -0.23481954, -0.28659443, -0.34437482, -0.59850502, -0.79458737, -0.86714022, -0.83889053, -0.75796197, -0.65922227, -0.56115564, -0.47194610, -0.39435597, -0.32851102, -0.27337599, -0.22751339, -0.18945412, -0.15786037, -0.13158143, -0.10965825, -0.09130585, -0.07588862, -0.06289508, -0.05191505, -0.04262016, -0.03474741, -0.02808588, -0.02246578, -0.01774972, -0.01382563, -0.01060116, -0.00799921, -0.00595438, -0.00441025, -0.00322146, -0.00234278, -0.00170832, -0.00126058, -0.00094868, -0.00072917, -0.00056736, -0.00043834, -0.00032710, -0.00022761, -0.00014075, -0.00007150, -0.00002520, -0.00000352, 0.00000000
2.77504522, 1.76309042, 1.25872753, 0.95343765, 0.74750401, 0.59866050, 0.48581491, 0.39722428, 0.32581690, 0.26707447, 0.21797294, 0.17641058, 0.14087977, 0.11026929, 0.08374011, 0.06064491, 0.04047429, 0.02282005, 0.00734956, -0.03662268, -0.06178306, -0.07538496, -0.08229170, -0.08574941, -0.08749413, -0.08825556, -0.08823504, -0.08741835, -0.08574349, -0.08317592, -0.07973378, -0.07548883, -0.07055707, -0.06508561, -0.05923902, -0.05318662, -0.04709172, -0.04110318, -0.03534948, -0.02993534, -0.02494051, -0.02042036, -0.01640789, -0.01291651, -0.00994341, -0.00747299, -0.00548017, -0.00393350, -0.00279778, -0.00192607, -0.00129564, -0.00085369, -0.00055433, -0.00035837, -0.00023361, -0.00015509, -0.00010473, -0.00007061, -0.00004579, -0.00002701, -0.00001328, -0.00000457, -0.00000062, 0.00000000
3.08530105, 1.99883358, 1.47433188, 1.16620427, 0.96251429, 0.81659667, 0.70577189, 0.61780074, 0.54555140, 0.48461575, 0.43213826, 0.38619692, 0.34545602, 0.30896174, 0.27601687, 0.24610114, 0.21881922, 0.19386567, 0.17100093, 0.09716662, 0.04400456, 0.00583652, -0.02164027, -0.04180965, -0.05689540, -0.06818347, -0.07637033, -0.08185121, -0.08490540, -0.08579319, -0.08479272, -0.08220275, -0.07833027, -0.07347468, -0.06791456, -0.06189918, -0.05564477, -0.04933453, -0.04312093, -0.03712911, -0.03146047, -0.02619566, -0.02139699, -0.01711009, -0.01336521, -0.01017840, -0.00755267, -0.00547948, -0.00394036, -0.00274234, -0.00186716, -0.00124852, -0.00082719, -0.00054939, -0.00036929, -0.00025124, -0.00017043, -0.00011173, -0.00006760, -0.00003524, -0.00001400, -0.00000306, 0.00000003, 0.00000000
2.57192467, 1.54292929, 1.01544559, 0.69052326, 0.47154963, 0.31701820, 0.20549562, 0.12429780, 0.06508521, 0.02193554, -0.00957264, -0.03283635, -0.05051299, -0.06472396, -0.07721944, -0.08951121, -0.10296586, -0.11885017, -0.13832772, -0.26773272, -0.48450419, -0.72254645, -0.88605723, -0.93732992, -0.90417056, -0.82895148, -0.73997973, -0.65103460, -0.56768903, -0.49178301, -0.42362171, -0.36291700, -0.30916869, -0.26181630, -0.22029937, -0.18408090, -0.15265563, -0.12555182, -0.10233027, -0.08258245, -0.06592836, -0.05201459, -0.04051252, -0.03111688, -0.02354446, -0.01753293, -0.01283990, -0.00924186, -0.00653334, -0.00454009, -0.00310368, -0.00209226, -0.00139763, -0.00093111, -0.00062222, -0.00041758, -0.00027932, -0.00018262, -0.00011286, -0.00006258, -0.00002849, -0.00000881, -0.00000098, 0.00000000
2.97826345, 1.92828549, 1.40960189, 1.09325093, 0.87612736, 0.71568186, 0.59111717, 0.49102111, 0.40857842, 0.33944531, 0.28070465, 0.23031033, 0.18677265, 0.14897095, 0.11603738, 0.08728227, 0.06214495, 0.04016046, 0.02093665, -0.03329539, -0.06373515, -0.07955905, -0.08698806, -0.09019346, -0.09134831, -0.09131370, -0.09029421, -0.08825643, -0.08514495, -0.08097194, -0.07583800, -0.06991961, -0.06344267, -0.05665346, -0.04979279, -0.04307651, -0.03668308, -0.03074779, -0.02536235, -0.02057832, -0.01641282, -0.01285548, -0.00987543, -0.00742789, -0.00545998, -0.00391547, -0.00273861, -0.00187697, -0.00128342, -0.00085151, -0.00055598, -0.00035913, -0.00023173, -0.00015109, -0.00010038, -0.00006788, -0.00004606, -0.00003053, -0.00001904, -0.00001061, -0.00000485, -0.00000152, -0.00000017, 0.00000000
3.22643177, 2.17654685, 1.64970268, 1.32899707, 1.11143822, 0.95321325, 0.83238686, 0.73670562, 0.65876421, 0.59381425, 0.53866735, 0.49110207, 0.44952327, 0.41275637, 0.37991793, 0.35033127, 0.32346995, 0.29891871, 0.27634608, 0.20220197, 0.14625456, 0.10291636, 0.06869578, 0.04110027, 0.01844016, -0.00035301, -0.01591786, -0.02862709, -0.03871006, -0.04633604, -0.05166584, -0.05487979, -0.05618901, -0.05583531, -0.05408394, -0.05121242, -0.04749795, -0.04320535, -0.03857688, -0.03382490, -0.02912760, -0.02462785, -0.02043457, -0.01662598, -0.01325400, -0.01034900, -0.00792428, -0.00597961, -0.00450303, -0.00333444, -0.00245824, -0.00181712, -0.00135840, -0.00103307, -0.00079798, -0.00061867, -0.00047130, -0.00034296, -0.00023017, -0.00013573, -0.00006482, -0.00002096, -0.00000252, 0.00000000
2.48824601, 1.57988539, 1.12303336, 0.84440585, 0.65500067, 0.51702462, 0.41162292, 0.32830460, 0.26075177, 0.20492310, 0.15810664, 0.11840940, 0.08446513, 0.05525860, 0.03001551, 0.00813125, -0.01087656, -0.02740044, -0.04176557, -0.08107849, -0.10123584, -0.10980853, -0.11219572, -0.11211513, -0.11164386, -0.11166538, -0.11228403, -0.11312192, -0.11355754, -0.11294273, -0.11078216, -0.10684145, -0.10116784, -0.09403741, -0.08586323, -0.07710012, -0.06817055, -0.05942088, -0.05110542, -0.04339046, -0.03636908, -0.03007983, -0.02452445, -0.01968252, -0.01552214, -0.01200709, -0.00910105, -0.00676978, -0.00498187, -0.00357035, -0.00250963, -0.00173627, -0.00119159, -0.00082135, -0.00057679, -0.00041631, -0.00030705, -0.00022580, -0.00015895, -0.00010125, -0.00005362, -0.00001994, -0.00000300, 0.00000000
2.53318890, 1.57222924, 1.09994809, 0.81706111, 0.62764169, 0.49141580, 0.38847635, 0.30784018, 0.24294746, 0.18963675, 0.14513849, 0.10753494, 0.07545225, 0.04787607, 0.02403678, 0.00333553, -0.01470449, -0.03047102, -0.04428534, -0.08222709, -0.10251397, -0.11177068, -0.11524171, -0.11687736, -0.11876031, -0.12142688, -0.12438861, -0.12665832, -0.12722477, -0.12539775, -0.12096247, -0.11415091, -0.10549757, -0.09566415, -0.08529483, -0.07492770, -0.06496008, -0.05565161, -0.04714761, -0.03950891, -0.03273990, -0.02681100, -0.02167470, -0.01727594, -0.01355811, -0.01046608, -0.00794731, -0.00595191, -0.00443226, -0.00325777, -0.00238564, -0.00175317, -0.00130474, -0.00099041, -0.00076714, -0.00060041, -0.00046551, -0.00034782, -0.00024183, -0.00014916, -0.00007540, -0.00002633, -0.00000360, 0.00000000
2.89416907, 1.84064665, 1.33269697, 1.03314140, 0.83428885, 0.69149489, 0.58306196, 0.49723550, 0.42712107, 0.36842084, 0.31832295, 0.27491376, 0.23684742, 0.20315066, 0.17310243, 0.14615717, 0.12189417, 0.09998345, 0.08016202, 0.01849262, -0.02300748, -0.05024168, -0.06763048, -0.07859236, -0.08535947, -0.08924243, -0.09098303, -0.09102483, -0.08967730, -0.08719842, -0.08382703, -0.07978879, -0.07529037, -0.07050955, -0.06558610, -0.06061620, -0.05565309, -0.05071494, -0.04579915, -0.04090055, -0.03602921, -0.03122343, -0.02655421, -0.02211956, -0.01802981, -0.01438797, -0.01127047, -0.00871350, -0.00670767, -0.00513152, -0.00393973, -0.00305282, -0.00239571, -0.00190047, -0.00151120, -0.00118744, -0.00090486, -0.00065350, -0.00043418, -0.00025394, -0.00012092, -0.00003939, -0.00000490, 0.00000000
2.82520970, 1.84313712, 1.35869278, 1.06802002, 0.87292608, 0.73205550, 0.62496121, 0.54037393, 0.47157334, 0.41430415, 0.36574151, 0.32393695, 0.28750322, 0.25542583, 0.22694570, 0.20148337, 0.17858868, 0.15790635, 0.13915198, 0.07963749, 0.03746065, 0.00701391, -0.01530512, -0.03196830, -0.04451682, -0.05386039, -0.06054409, -0.06492979, -0.06730084, -0.06791393, -0.06701965, -0.06486665, -0.06169856, -0.05774869, -0.05323499, -0.04835614, -0.04328915, -0.03818808, -0.03318391, -0.02838494, -0.02387789, -0.01972914, -0.01598641, -0.01268043, -0.00982683, -0.00742809, -0.00547559, -0.00395161, -0.00283139, -0.00196929, -0.00134558, -0.00090807, -0.00061097, -0.00041448, -0.00028588, -0.00020029, -0.00014052, -0.00009605, -0.00006152, -0.00003499, -0.00001617, -0.00000502, -0.00000056, 0.00000000
2.77005182, 1.80598128, 1.32699596, 1.03650335, 0.83958463, 0.69630761, 0.58682728, 0.50010788, 0.42949591, 0.37072868, 0.32094311, 0.27814228, 0.24088978, 0.20812557, 0.17905021, 0.15304946, 0.12964364, 0.10845277, 0.08917192, 0.02803590, -0.01494332, -0.04508667, -0.06588405, -0.07987151, -0.08879163, -0.09383722, -0.09586608, -0.09553996, -0.09339895, -0.08989562, -0.08540908, -0.08025115, -0.07467074, -0.06885902, -0.06295646, -0.05706219, -0.05124522, -0.04555639, -0.04003916, -0.03473759, -0.02970026, -0.02498003, -0.02063039, -0.01670012, -0.01322788, -0.01023821, -0.00773973, -0.00572552, -0.00417539, -0.00296223, -0.00205748, -0.00140315, -0.00094570, -0.00063609, -0.00043154, -0.00029716, -0.00020669, -0.00014229, -0.00009348, -0.00005550, -0.00002729, -0.00000928, -0.00000121, 0.00000000
2.57598487, 1.55180824, 1.02168703, 0.69184253, 0.46769031, 0.30873333, 0.19390398, 0.11044110, 0.04966892, 0.00522796, -0.02773798, -0.05302535, -0.07368256, -0.09226518, -0.11103360, -0.13206799, -0.15728610, -0.18837381, -0.22665983, -0.45927344, -0.76615555, -1.00496839, -1.09412408, -1.06442478, -0.97784367, -0.87459916, -0.77249293, -0.67772967, -0.59182639, -0.51465697, -0.44560803, -0.38397988, -0.32911098, -0.28040639, -0.23733501, -0.19941842, -0.16621931, -0.13733181, -0.11237448, -0.09098556, -0.07282014, -0.05754864, -0.04485629, -0.03444311, -0.02602417, -0.01933003, -0.01410709, -0.01011785, -0.00714108, -0.00495400, -0.00338757, -0.00229181, -0.00154391, -0.00104322, -0.00071034, -0.00048625, -0.00033035, -0.00021734, -0.00013344, -0.00007233, -0.00003146, -0.00000886, -0.00000075, 0.00000000
2.68692648, 1.70891356, 1.23244250, 0.95308281, 0.77035903, 0.64162630, 0.54583876, 0.47149459, 0.41182352, 0.36260747, 0.32109738, 0.28543460, 0.25432342, 0.22683680, 0.20229647, 0.18019640, 0.16015246, 0.14186853, 0.12511313, 0.07097961, 0.03150921, 0.00217676, -0.01995269, -0.03683363, -0.04970313, -0.05933670, -0.06624260, -0.07078739, -0.07326889, -0.07395465, -0.07309963, -0.07095194, -0.06775257, -0.06373217, -0.05910719, -0.05407623, -0.04881726, -0.04348600, -0.03821530, -0.03311561, -0.02827622, -0.02376714, -0.01964133, -0.01593710, -0.01268058, -0.00988796, -0.00756741, -0.00572056, -0.00434329, -0.00325577, -0.00245021, -0.00186847, -0.00145686, -0.00116552, -0.00095066, -0.00077750, -0.00062257, -0.00047451, -0.00033289, -0.00020536, -0.00010310, -0.00003555, -0.00000478, 0.00000000
1.98288415, 1.06202728, 0.61067212, 0.35700454, 0.20531150, 0.10871743, 0.03956372, -0.02141368, -0.09023371, -0.18120602, -0.30576800, -0.47015957, -0.67347086, -0.90700935, -1.15539458, -1.39939372, -1.61995389, -1.80220132, -1.93796527, -2.06284918, -1.85123836, -1.59066899, -1.35982988, -1.16737399, -1.00758114, -0.87349465, -0.75939442, -0.66098276, -0.57512981, -0.49957979, -0.43270377, -0.37331050, -0.32050839, -0.27360780, -0.23205334, -0.19537803, -0.16317272, -0.13506633, -0.11071320, -0.08978553, -0.07196893, -0.05696023, -0.04446641, -0.03420456, -0.02590206, -0.01929713, -0.01413934, -0.01019015, -0.00722331, -0.00504867, -0.00348768, -0.00239190, -0.00163951, -0.00113085, -0.00078743, -0.00055116, -0.00038228, -0.00025633, -0.00016033, -0.00008876, -0.00003978, -0.00001185, -0.00000120, 0.00000000
2.78012438, 1.81151239, 1.33202816, 1.04253991, 0.84793348, 0.70808105, 0.60289192, 0.52109169, 0.45582061, 0.40264707, 0.35857313, 0.32149561, 0.28989490, 0.26264603, 0.23889907, 0.21800063, 0.19944086, 0.18281676, 0.16780610, 0.12020482, 0.08554638, 0.05901907, 0.03807636, 0.02120955, 0.00753209, -0.00349313, -0.01222384, -0.01893336, -0.02385833, -0.02721987, -0.02923078, -0.03009631, -0.03001224, -0.02916236, -0.02771619, -0.02582735, -0.02363263, -0.02125167, -0.01878717, -0.01632557, -0.01393789, -0.01168095, -0.00959853, -0.00772275, -0.00607539, -0.00466920, -0.00350917, -0.00259384, -0.00191641, -0.00138502, -0.00099359, -0.00071228, -0.00051462, -0.00037709, -0.00028008, -0.00020872, -0.00015305, -0.00010749, -0.00006983, -0.00003996, -0.00001854, -0.00000581, -0.00000066, 0.00000000
2.97514830, 1.92517697, 1.41153527, 1.10710438, 0.90521139, 0.76087730, 0.65194306, 0.56627651, 0.49670534, 0.43873389, 0.38941114, 0.34672614, 0.30926548, 0.27600954, 0.24620620, 0.21928986, 0.19482797, 0.17248468, 0.15199573, 0.08569509, 0.03713600, 0.00150118, -0.02472886, -0.04435209, -0.05918682, -0.07027100, -0.07817278, -0.08323904, -0.08574923, -0.08599109, -0.08428445, -0.08097589, -0.07642064, -0.07096233, -0.06491601, -0.05855696, -0.05211518, -0.04577479, -0.03967705, -0.03392572, -0.02859369, -0.02372989, -0.01936543, -0.01551838, -0.01219642, -0.00939748, -0.00710869, -0.00530459, -0.00394546, -0.00289636, -0.00212152, -0.00155989, -0.00115850, -0.00087059, -0.00065798, -0.00049300, -0.00035855, -0.00024646, -0.00015472, -0.00008434, -0.00003649, -0.00001016, -0.00000085, 0.00000000
2.33231269, 1.33890817, 0.84656274, 0.55533895, 0.36636254, 0.23707012, 0.14580812, 0.08017029, 0.03238160, -0.00277279, -0.02897069, -0.04890540, -0.06461385, -0.07769083, -0.08943821, -0.10096898, -0.11327356, -0.12725215, -0.14371747, -0.24595152, -0.41476715, -0.61342845, -0.77528518, -0.85619456, -0.85879947, -0.81108422, -0.73965289, -0.66096519, -0.58326784, -0.51017056, -0.44303689, -0.38221683, -0.32761646, -0.27894991, -0.23585036, -0.19792030, -0.16475540, -0.13595617, -0.11113404, -0.08991444, -0.07193841, -0.05686354, -0.04436439, -0.03413280, -0.02587811, -0.01932714, -0.01422426, -0.01033122, -0.00742695, -0.00528732, -0.00374484, -0.00265156, -0.00188771, -0.00135628, -0.00098191, -0.00070984, -0.00050375, -0.00034243, -0.00021562, -0.00011975, -0.00005386, -0.00001624, -0.00000173, 0.00000000
2.97702891, 1.93334414, 1.42470917, 1.12218730, 0.92039142, 0.77527308, 0.66519488, 0.57829962, 0.50755396, 0.44852761, 0.39829519, 0.35485030, 0.31677310, 0.28303216, 0.25286130, 0.22568026, 0.20104210, 0.17859732, 0.15806888, 0.09196981, 0.04408075, 0.00903617, -0.01681344, -0.03615239, -0.05072215, -0.06156877, -0.06932068, -0.07439516, -0.07712224, -0.07780608, -0.07674744, -0.07424582, -0.07059309, -0.06606540, -0.06091652, -0.05537356, -0.04963497, -0.04387044, -0.03822191, -0.03280540, -0.02771319, -0.02301602, -0.01876543, -0.01499583, -0.01172650, -0.00896347, -0.00670117, -0.00492408, -0.00360817, -0.00258390, -0.00183213, -0.00129411, -0.00091825, -0.00065900, -0.00047863, -0.00034861, -0.00024984, -0.00017140, -0.00010855, -0.00006025, -0.00002679, -0.00000780, -0.00000074, 0.00000000
3.08479131, 1.96667761, 1.42218291, 1.10062715, 0.88781186, 0.73577688, 0.62100661, 0.53068786, 0.45728000, 0.39607619, 0.34399830, 0.29895563, 0.25948282, 0.22452512, 0.19330569, 0.16524078, 0.13988377, 0.11688730, 0.09597707, 0.02978774, -0.01659926, -0.04807954, -0.06852293, -0.08148780, -0.08949652, -0.09409742, -0.09619417, -0.09633992, -0.09492363, -0.09226435, -0.08864664, -0.08432440, -0.07951123, -0.07436944, -0.06900578, -0.06347832, -0.05781418, -0.05203346, -0.04617263, -0.04030016, -0.03452018, -0.02896353, -0.02376965, -0.01906509, -0.01494475, -0.01145992, -0.00861485, -0.00637055, -0.00465355, -0.00336732, -0.00242862, -0.00175575, -0.00127934, -0.00094072, -0.00069376, -0.00050585, -0.00035700, -0.00023719, -0.00014298, -0.00007389, -0.00002945, -0.00000691, -0.00000021, 0.00000000
2.80199701, 1.77060165, 1.26594563, 0.96776242, 0.77058159, 0.62983938, 0.52363211, 0.44002888, 0.37202649, 0.31527303, 0.26693951, 0.22511820, 0.18848254, 0.15608540, 0.12723455, 0.10141317, 0.07822748, 0.05737158, 0.03860308, -0.01846039, -0.05502294, -0.07671104, -0.08841475, -0.09428461, -0.09697851, -0.09789931, -0.09767060, -0.09651706, -0.09449630, -0.09161871, -0.08790188, -0.08339263, -0.07817431, -0.07236651, -0.06611885, -0.05960025, -0.05298553, -0.04644199, -0.04011843, -0.03413804, -0.02859539, -0.02355687, -0.01906330, -0.01513369, -0.01176912, -0.00895633, -0.00667064, -0.00487822, -0.00353793, -0.00251269, -0.00176423, -0.00123153, -0.00086195, -0.00060918, -0.00043492, -0.00031053, -0.00021715, -0.00014424, -0.00008734, -0.00004535, -0.00001802, -0.00000408, -0.00000006, 0.00000000
2.24776881, 1.38341361, 0.96646225, 0.72216901, 0.56141086, 0.44702534, 0.36095469, 0.29345325, 0.23883747, 0.19358708, 0.15541304, 0.12276527, 0.09455703, 0.07000284, 0.04851928, 0.02966219, 0.01308563, -0.00148558, -0.01427464, -0.05132245, -0.07339950, -0.08588570, -0.09261164, -0.09623771, -0.09816526, -0.09895896, -0.09876469, -0.09757687, -0.09537541, -0.09218102, -0.08806755, -0.08315445, -0.07759241, -0.07154812, -0.06519125, -0.05868458, -0.05217732, -0.04580113, -0.03966832, -0.03387143, -0.02848376, -0.02356040, -0.01913951, -0.01524372, -0.01188164, -0.00904930, -0.00673168, -0.00490427, -0.00353459, -0.00247887, -0.00170603, -0.00115656, -0.00077794, -0.00052354, -0.00035438, -0.00024054, -0.00016129, -0.00010388, -0.00006160, -0.00003152, -0.00001233, -0.00000267, 0.00000002, 0.00000000
2.50853830, 1.59049758, 1.13342301, 0.85838891, 0.67412828, 0.54179825, 0.44201292, 0.36399759, 0.30127893, 0.24973150, 0.20660154, 0.16998081, 0.13850549, 0.11117516, 0.08723936, 0.06612408, 0.04738264, 0.03066206, 0.01567943, -0.02971845, -0.05951066, -0.07852304, -0.09014356, -0.09701014, -0.10079920, -0.10245726, -0.10250060, -0.10122989, -0.09885097, -0.09553079, -0.09141764, -0.08664572, -0.08133571, -0.07559666, -0.06953050, -0.06323783, -0.05682279, -0.05039522, -0.04406910, -0.03795801, -0.03216861, -0.02679415, -0.02190920, -0.01756683, -0.01379813, -0.01061399, -0.00800820, -0.00596136, -0.00444468, -0.00326829, -0.00240445, -0.00178328, -0.00134394, -0.00103280, -0.00080535, -0.00062820, -0.00047969, -0.00034903, -0.00023399, -0.00013784, -0.00006574, -0.00002117, -0.00000249, 0.00000000
2.91593255, 1.89898703, 1.40540008, 1.11220867, 0.91659431, 0.77579369, 0.66887842, 0.58440880, 0.51560840, 0.45820977, 0.40939270, 0.36721919, 0.33031379, 0.29767339, 0.26854925, 0.24237107, 0.21869672, 0.19717800, 0.17753677, 0.11456922, 0.06901480, 0.03566349, 0.01090558, -0.00798661, -0.02275443, -0.03438221, -0.04339312, -0.05007822, -0.05463906, -0.05726259, -0.05815226, -0.05753413, -0.05565086, -0.05275134, -0.04907999, -0.04486782, -0.04032582, -0.03564067, -0.03097248, -0.02645405, -0.02219139, -0.01826498, -0.01473168, -0.01162699, -0.00896756, -0.00675388, -0.00497300, -0.00360129, -0.00260719, -0.00185073, -0.00130795, -0.00092739, -0.00066561, -0.00048602, -0.00035979, -0.00026637, -0.00019297, -0.00013304, -0.00008429, -0.00004671, -0.00002077, -0.00000611, -0.00000061, 0.00000000
2.09911490, 1.29447130, 0.89611019, 0.65741229, 0.49749749, 0.38222750, 0.29479897, 0.22602049, 0.17045598, 0.12468809, 0.08645894, 0.05421256, 0.02683665, 0.00350965, -0.01639352, -0.03336150, -0.04778578, -0.05998705, -0.07023331, -0.09591223, -0.10655940, -0.10930539, -0.10902874, -0.10895876, -0.11079917, -0.11515973, -0.12186624, -0.13013791, -0.13875216, -0.14627181, -0.15132861, -0.15289953, -0.15049537, -0.14420704, -0.13460923, -0.12257457, -0.10907190, -0.09500638, -0.08112497, -0.06798188, -0.05594497, -0.04522360, -0.03590346, -0.02798037, -0.02138923, -0.01602712, -0.01177078, -0.00848926, -0.00605260, -0.00422818, -0.00291452, -0.00199310, -0.00136440, -0.00094483, -0.00066677, -0.00047875, -0.00034473, -0.00024226, -0.00015989, -0.00009394, -0.00004503, -0.00001461, -0.00000173, 0.00000000
2.48624569, 1.35845424, 0.79619436, 0.47104704, 0.27163873, 0.14639280, 0.06625832, 0.01297088, -0.02567960, -0.05841258, -0.09207358, -0.13246407, -0.18443246, -0.25146264, -0.33512465, -0.43471028, -0.54723228, -0.66781784, -0.79041852, -1.18818250, -1.32126249, -1.25392266, -1.10533857, -0.94215239, -0.79080916, -0.65936665, -0.54850459, -0.45621288, -0.37975008, -0.31643193, -0.26390689, -0.22021261, -0.18374724, -0.15321536, -0.12757247, -0.10597636, -0.08774708, -0.07233469, -0.05929347, -0.04826129, -0.03894299, -0.03109704, -0.02452470, -0.01906127, -0.01456899, -0.01093133, -0.00804838, -0.00583312, -0.00420853, -0.00298027, -0.00209473, -0.00147191, -0.00104484, -0.00075605, -0.00055848, -0.00041681, -0.00030748, -0.00021746, -0.00014185, -0.00008088, -0.00003676, -0.00001082, -0.00000098, 0.00000000
2.88819092, 1.93238784, 1.44973981, 1.15138978, 0.94526848, 0.79257053, 0.67392430, 0.57849579, 0.49971242, 0.43333650, 0.37650375, 0.32720413, 0.28398325, 0.24576166, 0.21172081, 0.18122840, 0.15378803, 0.12900429, 0.10655813, 0.03613644, -0.01205400, -0.04476552, -0.06659083, -0.08086000, -0.08979797, -0.09485182, -0.09700168, -0.09696959, -0.09533396, -0.09258350, -0.08913819, -0.08535094, -0.08149576, -0.07774830, -0.07416841, -0.07069625, -0.06717027, -0.06336896, -0.05907127, -0.05412414, -0.04850019, -0.04232565, -0.03586387, -0.02945615, -0.02344165, -0.01808751, -0.01355115, -0.00987740, -0.00701892, -0.00486202, -0.00329346, -0.00219029, -0.00144019, -0.00094508, -0.00062447, -0.00041685, -0.00027884, -0.00018273, -0.00011293, -0.00006215, -0.00002768, -0.00000811, -0.00000078, 0.00000000
2.47476218, 1.39889017, 0.87211142, 0.56194310, 0.36225496, 0.22789133, 0.13546813, 0.07096380, 0.02507186, -0.00878974, -0.03550597, -0.05893340, -0.08238603, -0.10894372, -0.14155488, -0.18294103, -0.23536055, -0.30031592, -0.37828601, -0.78839203, -1.18092921, -1.35263390, -1.31972849, -1.19520500, -1.05194422, -0.91735750, -0.79806357, -0.69382035, -0.60272005, -0.52278543, -0.45235630, -0.39011649, -0.33503266, -0.28628467, -0.24320750, -0.20524716, -0.17192865, -0.14283323, -0.11758267, -0.09582846, -0.07724459, -0.06152287, -0.04836989, -0.03750522, -0.02866026, -0.02157770, -0.01601117, -0.01172514, -0.00849483, -0.00610429, -0.00437377, -0.00314487, -0.00228582, -0.00168787, -0.00126482, -0.00095270, -0.00070834, -0.00050676, -0.00033737, -0.00019931, -0.00009646, -0.00003215, -0.00000418, 0.00000000
2.94568228, 1.84578733, 1.30564718, 0.98388877, 0.76946089, 0.61556183, 0.49911996, 0.40749408, 0.33320983, 0.27158595, 0.21955454, 0.17502903, 0.13654451, 0.10304292, 0.07373944, 0.04803654, 0.02546724, 0.00565685, -0.01170330, -0.06052372, -0.08710864, -0.09984178, -0.10529188, -0.10834789, -0.11188510, -0.11722731, -0.12452822, -0.13298442, -0.14111062, -0.14718315, -0.14974950, -0.14801376, -0.14196633, -0.13225783, -0.11992606, -0.10611012, -0.09184028, -0.07792832, -0.06493989, -0.05321685, -0.04292181, -0.03408692, -0.02665724, -0.02052538, -0.01555688, -0.01160740, -0.00853363, -0.00619941, -0.00447872, -0.00320878, -0.00229554, -0.00164811, -0.00119409, -0.00087467, -0.00064436, -0.00047097, -0.00033445, -0.00022448, -0.00013730, -0.00007244, -0.00002982, -0.00000749, -0.00000038, 0.00000000
2.70095849, 1.64990796, 1.10144061, 0.75956789, 0.52712118, 0.36157372, 0.24066667, 0.15120710, 0.08463271, 0.03500800, -0.00197281, -0.02952319, -0.05007738, -0.06548860, -0.07716504, -0.08616971, -0.09329662, -0.09913015, -0.10409129, -0.11807816, -0.12743712, -0.13179199, -0.13120503, -0.12748271, -0.12250721, -0.11731709, -0.11217726, -0.10697069, -0.10150109, -0.09563393, -0.08933061, -0.08263497, -0.07564645, -0.06849442, -0.06131821, -0.05425316, -0.04742161, -0.04092771, -0.03485502, -0.02926606, -0.02420315, -0.01969023, -0.01573501, -0.01233157, -0.00946288, -0.00710329, -0.00522089, -0.00377961, -0.00274105, -0.00194723, -0.00137628, -0.00097496, -0.00069854, -0.00050962, -0.00037843, -0.00028310, -0.00020915, -0.00014851, -0.00009789, -0.00005710, -0.00002719, -0.00000887, -0.00000111, 0.00000000
2.87631349, 1.69121982, 1.08451631, 0.71125704, 0.46220168, 0.29062605, 0.17155495, 0.08909712, 0.03196925, -0.00820643, -0.03769143, -0.06117597, -0.08223603, -0.10365813, -0.12757782, -0.15545578, -0.18798394, -0.22502721, -0.26566865, -0.42969999, -0.52373494, -0.52183418, -0.46229344, -0.38583770, -0.31461609, -0.25627936, -0.21121771, -0.17717334, -0.15142243, -0.13159154, -0.11585525, -0.10289984, -0.09182111, -0.08202006, -0.07311609, -0.06488020, -0.05718576, -0.04997300, -0.04322375, -0.03694379, -0.03115074, -0.02586585, -0.02110872, -0.01689398, -0.01322937, -0.01011493, -0.00754275, -0.00549719, -0.00395551, -0.00274988, -0.00185964, -0.00122372, -0.00078674, -0.00049805, -0.00031374, -0.00019846, -0.00012610, -0.00007915, -0.00004724, -0.00002515, -0.00001069, -0.00000283, -0.00000018, 0.00000000
3.00647623, 2.00555537, 1.50985333, 1.20778296, 1.00144541, 0.85007380, 0.73349577, 0.64049559, 0.56429320, 0.50052492, 0.44624272, 0.39937676, 0.35842768, 0.32228091, 0.29008981, 0.26119928, 0.23509432, 0.21136447, 0.18967856, 0.11953329, 0.06772751, 0.02849994, -0.00174108, -0.02549631, -0.04429763, -0.05898953, -0.07002994, -0.07771735, -0.08232915, -0.08418667, -0.08366954, -0.08120051, -0.07721730, -0.07214323, -0.06636359, -0.06021036, -0.05395480, -0.04780629, -0.04191533, -0.03637966, -0.03125310, -0.02655676, -0.02229184, -0.01845207, -0.01503324, -0.01203711, -0.00946780, -0.00732107, -0.00556967, -0.00415216, -0.00304589, -0.00220650, -0.00158618, -0.00113492, -0.00080671, -0.00056456, -0.00038253, -0.00024470, -0.00014252, -0.00007139, -0.00002763, -0.00000631, -0.00000019, 0.00000000
2.61714921, 1.66374887, 1.19355324, 0.91321254, 0.72704564, 0.59444826, 0.49521434, 0.41814747, 0.35654249, 0.30614061, 0.26410912, 0.22849249, 0.19789874, 0.17131121, 0.14797091, 0.12730040, 0.10885302, 0.09227816, 0.07729698, 0.03030263, -0.00285366, -0.02667032, -0.04399808, -0.05680044, -0.06623662, -0.07294246, -0.07728548, -0.07952627, -0.07990029, -0.07864971, -0.07602857, -0.07229636, -0.06770823, -0.06250589, -0.05691077, -0.05111969, -0.04530271, -0.03960280, -0.03413661, -0.02899608, -0.02425047, -0.01994860, -0.01612112, -0.01278276, -0.00993441, -0.00756514, -0.00565404, -0.00417195, -0.00308312, -0.00225065, -0.00164482, -0.00121134, -0.00090448, -0.00068529, -0.00052295, -0.00039570, -0.00029050, -0.00020149, -0.00012766, -0.00007033, -0.00003086, -0.00000881, -0.00000080, 0.00000000
2.83460505, 1.83760650, 1.33609590, 1.02870850, 0.81861920, 0.66486434, 0.54696283, 0.45345534, 0.37739059, 0.31428763, 0.26111785, 0.21575511, 0.17665952, 0.14268632, 0.11296521, 0.08682160, 0.06372351, 0.04324490, 0.02503971, -0.02913211, -0.06293181, -0.08320500, -0.09457119, -0.10041470, -0.10290865, -0.10333053, -0.10240310, -0.10053881, -0.09798235, -0.09488071, -0.09131291, -0.08730502, -0.08284651, -0.07791339, -0.07249524, -0.06661874, -0.06036069, -0.05384735, -0.04724148, -0.04072191, -0.03446190, -0.02861134, -0.02328554, -0.01856133, -0.01447891, -0.01104761, -0.00825334, -0.00606612, -0.00444657, -0.00319834, -0.00228676, -0.00163717, -0.00118497, -0.00087364, -0.00065622, -0.00049695, -0.00037167, -0.00026680, -0.00017727, -0.00010365, -0.00004895, -0.00001545, -0.00000171, 0.00000000
2.86065303, 1.85486256, 1.35474393, 1.05166545, 0.84613240, 0.69627459, 0.58136754, 0.48995819, 0.41518994, 0.35270044, 0.29957809, 0.25380287, 0.21392768, 0.17888752, 0.14788017, 0.12028902, 0.09563153, 0.07352393, 0.05365646, -0.00739648, -0.04769021, -0.07358728, -0.08953606, -0.09889481, -0.10389145, -0.10590683, -0.10579624, -0.10412199, -0.10129029, -0.09762027, -0.09337187, -0.08875131, -0.08390710, -0.07892600, -0.07383596, -0.06861946, -0.06323628, -0.05765125, -0.05186011, -0.04590680, -0.03988787, -0.03394308, -0.02823539, -0.02292618, -0.01815225, -0.01400968, -0.01054665, -0.00776476, -0.00562624, -0.00398753, -0.00278503, -0.00192878, -0.00133678, -0.00093611, -0.00066588, -0.00047928, -0.00034364, -0.00023899, -0.00015537, -0.00008963, -0.00004209, -0.00001335, -0.00000153, 0.00000000
2.77504522, 1.76309042, 1.25872753, 0.95343765, 0.74750401, 0.59866050, 0.48581491, 0.39722428, 0.32581690, 0.26707447, 0.21797294, 0.17641058, 0.14087977, 0.11026929, 0.08374011, 0.06064491, 0.04047429, 0.02282005, 0.00734956, -0.03662268, -0.06178306, -0.07538496, -0.08229170, -0.08574941, -0.08749413, -0.08825556, -0.08823504, -0.08741835, -0.08574349, -0.08317592, -0.07973378, -0.07548883, -0.07055707, -0.06508561, -0.05923902, -0.05318662, -0.04709172, -0.04110318, -0.03534948, -0.02993534, -0.02494051, -0.02042036, -0.01640789, -0.01291651, -0.00994341, -0.00747299, -0.00548017, -0.00393350, -0.00279778, -0.00192607, -0.00129564, -0.00085369, -0.00055433, -0.00035837, -0.00023361, -0.00015509, -0.00010473, -0.00007061, -0.00004579, -0.00002701, -0.00001328, -0.00000457, -0.00000062, 0.00000000
2.44256175, 1.41604602, 0.88091479, 0.55337242, 0.34018450, 0.19842852, 0.10350679, 0.03941924, -0.00486896, -0.03716697, -0.06313110, -0.08697622, -0.11187519, -0.14009563, -0.17298207, -0.21091443, -0.25334121, -0.29892722, -0.34580037, -0.50467071, -0.56509989, -0.53433865, -0.45971444, -0.37774343, -0.30556437, -0.24789577, -0.20383171, -0.17068122, -0.14565323, -0.12642629, -0.11124279, -0.09883777, -0.08833071, -0.07912546, -0.07083021, -0.06319720, -0.05607840, -0.04939369, -0.04310791, -0.03721467, -0.03172483, -0.02665853, -0.02203966, -0.01789209, -0.01423731, -0.01109283, -0.00847138, -0.00638051, -0.00482247, -0.00357415, -0.00264043, -0.00195948, -0.00147393, -0.00113075, -0.00088358, -0.00069531, -0.00053977, -0.00040216, -0.00027781, -0.00016964, -0.00008453, -0.00002889, -0.00000380, 0.00000000
2.89299770, 1.87514455, 1.37864131, 1.08207631, 0.88291452, 0.73848076, 0.62788930, 0.53972988, 0.46725123, 0.40620957, 0.35380758, 0.30812959, 0.26782179, 0.23190185, 0.19964078, 0.17048680, 0.14401495, 0.11989268, 0.09785585, 0.02750275, -0.02165287, -0.05514321, -0.07711651, -0.09087003, -0.09878001, -0.10251077, -0.10325693, -0.10191663, -0.09919575, -0.09566579, -0.09178983, -0.08792304, -0.08429543, -0.08099038, -0.07793575, -0.07492071, -0.07164296, -0.06778237, -0.06308863, -0.05746221, -0.05100137, -0.04399186, -0.03683729, -0.02995743, -0.02369654, -0.01827232, -0.01376964, -0.01016408, -0.00735590, -0.00524782, -0.00370024, -0.00259000, -0.00180965, -0.00126828, -0.00089282, -0.00062821, -0.00043602, -0.00029198, -0.00018258, -0.00010151, -0.00004612, -0.00001423, -0.00000162, 0.00000000
1.64884103, 0.86849437, 0.49440842, 0.28613830, 0.15613179, 0.06183843, -0.02258556, -0.11573324, -0.23152085, -0.37889622, -0.56080694, -0.77359548, -1.00735763, -1.24746195, -1.47715970, -1.68080105, -1.84674660, -1.96902977, -2.04735901, -2.03454568, -1.79644976, -1.54220223, -1.32217650, -1.13873146, -0.98525124, -0.85515232, -0.74334703, -0.64613415, -0.56085672, -0.48559734, -0.41894871, -0.35985039, -0.30747579, -0.26115531, -0.22032501, -0.18449276, -0.15321618, -0.12608863, -0.10273041, -0.08278343, -0.06590805, -0.05178127, -0.04009586, -0.03055986, -0.02289642, -0.01684364, -0.01215456, -0.00859704, -0.00595357, -0.00403310, -0.00267160, -0.00173132, -0.00110068, -0.00068946, -0.00042734, -0.00026230, -0.00015830, -0.00009213, -0.00004987, -0.00002366, -0.00000885, -0.00000206, -0.00000013, 0.00000000
3.19399569, 2.08389081, 1.54136213, 1.21669015, 0.99858895, 0.84072607, 0.72036120, 0.62500916, 0.54723307, 0.48231988, 0.42713364, 0.37950425, 0.33788069, 0.30112398, 0.26837835, 0.23898794, 0.21244142, 0.18833403, 0.16634108, 0.09565726, 0.04435806, 0.00678356, -0.02081275, -0.04131911, -0.05667361, -0.06805133, -0.07614367, -0.08139076, -0.08413178, -0.08468361, -0.08336999, -0.08052227, -0.07646783, -0.07151587, -0.06594612, -0.06000212, -0.05388908, -0.04777545, -0.04179677, -0.03606069, -0.03065207, -0.02563745, -0.02106832, -0.01698315, -0.01340844, -0.01035905, -0.00783847, -0.00583931, -0.00434430, -0.00317235, -0.00230510, -0.00167875, -0.00123628, -0.00092613, -0.00070459, -0.00053810, -0.00040412, -0.00029036, -0.00019275, -0.00011257, -0.00005320, -0.00001692, -0.00000194, 0.00000000
2.73886213, 1.62711070, 1.04152369, 0.67711346, 0.43357874, 0.26589730, 0.14937269, 0.06849654, 0.01266928, -0.02568358, -0.05206291, -0.07046113, -0.08375121, -0.09397504, -0.10255638, -0.11045186, -0.11825485, -0.12626971, -0.13457217, -0.16574385, -0.18342217, -0.18246058, -0.16977345, -0.15393069, -0.13958328, -0.12790786, -0.11846511, -0.11043550, -0.10312691, -0.09608974, -0.08908595, -0.08202602, -0.07491290, -0.06780144, -0.06077125, -0.05390966, -0.04730122, -0.04102160, -0.03513444, -0.02968987, -0.02472441, -0.02026149, -0.01631261, -0.01287863, -0.00995136, -0.00751509, -0.00554812, -0.00402427, -0.00291414, -0.00205574, -0.00143305, -0.00099356, -0.00069187, -0.00048894, -0.00035267, -0.00025850, -0.00018934, -0.00013480, -0.00008991, -0.00005343, -0.00002608, -0.00000881, -0.00000117, 0.00000000
2.80316356, 1.80064483, 1.31675654, 1.02613702, 0.82851813, 0.68322661, 0.57068312, 0.48027534, 0.40572434, 0.34305535, 0.28961328, 0.24354515, 0.20350985, 0.16850643, 0.13776787, 0.11069281, 0.08680023, 0.06569850, 0.04706364, -0.00775567, -0.04150997, -0.06170901, -0.07353633, -0.08073842, -0.08545336, -0.08865315, -0.09066131, -0.09152060, -0.09120003, -0.08969009, -0.08703486, -0.08333327, -0.07872792, -0.07339036, -0.06750668, -0.06126501, -0.05484560, -0.04841370, -0.04211501, -0.03607347, -0.03039068, -0.02514658, -0.02040070, -0.01619382, -0.01254967, -0.00947666, -0.00696954, -0.00501101, -0.00357336, -0.00246028, -0.00165203, -0.00108297, -0.00069597, -0.00044070, -0.00027560, -0.00016926, -0.00010016, -0.00005496, -0.00002609, -0.00000920, -0.00000124, 0.00000086, 0.00000034, 0.00000000
2.97350856, 1.88689056, 1.34788787, 1.02429010, 0.80730627, 0.65075100, 0.53172452, 0.43763256, 0.36101466, 0.29719627, 0.24311479, 0.19668756, 0.15645110, 0.12134534, 0.09057977, 0.06354784, 0.03977101, 0.01886153, 0.00049739, -0.05175977, -0.08114502, -0.09633819, -0.10332889, -0.10600651, -0.10639000, -0.10533535, -0.10313219, -0.09985903, -0.09555749, -0.09030333, -0.08422514, -0.07749866, -0.07033050, -0.06293896, -0.05553609, -0.04831338, -0.04143200, -0.03501761, -0.02915913, -0.02391062, -0.01929515, -0.01530990, -0.01193169, -0.00912232, -0.00683364, -0.00501179, -0.00360086, -0.00254574, -0.00179440, -0.00123979, -0.00084953, -0.00058056, -0.00039870, -0.00027687, -0.00019453, -0.00013719, -0.00009545, -0.00006386, -0.00003971, -0.00002184, -0.00000976, -0.00000294, -0.00000032, 0.00000000
3.06625421, 2.07394332, 1.57646350, 1.27209102, 1.06417885, 0.91186925, 0.79473713, 0.70135940, 0.62481479, 0.56065115, 0.50586903, 0.45837205, 0.41665069, 0.37959091, 0.34635336, 0.31629455, 0.28891363, 0.26381575, 0.24068605, 0.16450882, 0.10700333, 0.06269985, 0.02812302, 0.00077519, -0.02101985, -0.03830745, -0.05171988, -0.06166390, -0.06845565, -0.07240279, -0.07384337, -0.07315320, -0.07073348, -0.06698889, -0.06230448, -0.05702675, -0.05145154, -0.04581902, -0.04031399, -0.03506979, -0.03017436, -0.02567785, -0.02160176, -0.01794921, -0.01471495, -0.01189303, -0.00947935, -0.00746742, -0.00583782, -0.00448258, -0.00340145, -0.00255916, -0.00191783, -0.00143563, -0.00107156, -0.00079090, -0.00056848, -0.00038910, -0.00024575, -0.00013654, -0.00006133, -0.00001842, -0.00000195, 0.00000000
2.71085034, 1.74972561, 1.27115885, 0.98171437, 0.78646297, 0.64520487, 0.53789970, 0.45339570, 0.38497590, 0.32834561, 0.28062781, 0.23982176, 0.20449273, 0.17358517, 0.14630539, 0.12204526, 0.10033113, 0.08078864, 0.06311808, 0.00790233, -0.02997345, -0.05598217, -0.07361024, -0.08525615, -0.09249964, -0.09638729, -0.09765694, -0.09687716, -0.09452004, -0.09099318, -0.08665097, -0.08179680, -0.07668172, -0.07150156, -0.06639400, -0.06143747, -0.05665420, -0.05201933, -0.04747651, -0.04295891, -0.03841256, -0.03381804, -0.02920535, -0.02465726, -0.02029826, -0.01627036, -0.01270269, -0.00968444, -0.00724957, -0.00531291, -0.00384076, -0.00275597, -0.00197736, -0.00142709, -0.00103751, -0.00075527, -0.00054250, -0.00037562, -0.00024256, -0.00013919, -0.00006535, -0.00002099, -0.00000256, 0.00000000
2.54666909, 1.62081557, 1.16089533, 0.88293656, 0.69480755, 0.55771283, 0.45252343, 0.36874150, 0.30013868, 0.24279226, 0.19411103, 0.15231457, 0.11613764, 0.08465389, 0.05716648, 0.03313776, 0.01214282, -0.00616203, -0.02206094, -0.06611201, -0.08891797, -0.09863274, -0.10130911, -0.10120095, -0.10074085, -0.10110977, -0.10276352, -0.10571580, -0.10963924, -0.11391224, -0.11770487, -0.12012978, -0.12042718, -0.11812626, -0.11313084, -0.10570747, -0.09639191, -0.08585633, -0.07478231, -0.06376894, -0.05328447, -0.04365432, -0.03507302, -0.02762776, -0.02132514, -0.01611608, -0.01191674, -0.00862469, -0.00613062, -0.00424405, -0.00286858, -0.00189512, -0.00122934, -0.00079019, -0.00051016, -0.00033550, -0.00022599, -0.00015390, -0.00010223, -0.00006254, -0.00003225, -0.00001181, -0.00000180, 0.00000000
2.37545113, 1.51288343, 1.08614423, 0.83042395, 0.65942980, 0.53662722, 0.44389077, 0.37120693, 0.31259343, 0.26425639, 0.22367349, 0.18910222, 0.15929980, 0.13335571, 0.11058719, 0.09047186, 0.07260290, 0.05665841, 0.04238004, -0.00117386, -0.03000135, -0.04937224, -0.06259175, -0.07172156, -0.07793218, -0.08186571, -0.08389522, -0.08427578, -0.08322025, -0.08093114, -0.07760993, -0.07345618, -0.06866312, -0.06341296, -0.05787321, -0.05219424, -0.04650813, -0.04092849, -0.03555088, -0.03045384, -0.02569996, -0.02133733, -0.01740077, -0.01391320, -0.01088694, -0.00832488, -0.00622163, -0.00456469, -0.00333549, -0.00238183, -0.00168510, -0.00119052, -0.00084915, -0.00061739, -0.00045868, -0.00034498, -0.00025724, -0.00018464, -0.00012290, -0.00007212, -0.00003430, -0.00001101, -0.00000129, 0.00000000
2.68092826, 1.72765082, 1.24185072, 0.94064617, 0.73282588, 0.57961994, 0.46155031, 0.36766817, 0.29130192, 0.22813069, 0.17521833, 0.13048966, 0.09242851, 0.05989453, 0.03200763, 0.00807247, -0.01247226, -0.03008858, -0.04516357, -0.08500824, -0.10393506, -0.11150520, -0.11409011, -0.11590049, -0.11944860, -0.12604422, -0.13596224, -0.14843007, -0.16173238, -0.17358486, -0.18172188, -0.18450030, -0.18128702, -0.17249205, -0.15928647, -0.14318340, -0.12566889, -0.10797807, -0.09101525, -0.07536838, -0.06136648, -0.04914611, -0.03871051, -0.02997626, -0.02280783, -0.01704207, -0.01250500, -0.00902301, -0.00642982, -0.00450230, -0.00311352, -0.00213567, -0.00146329, -0.00100926, -0.00070417, -0.00049579, -0.00034771, -0.00023708, -0.00015163, -0.00008634, -0.00004011, -0.00001258, -0.00000142, 0.00000000
2.50903312, 1.60935176, 1.16668174, 0.90035924, 0.72062845, 0.58996201, 0.48989660, 0.41028957, 0.34510577, 0.29052956, 0.24403064, 0.20386509, 0.16879184, 0.13790343, 0.11052052, 0.08612388, 0.06430914, 0.04475586, 0.02720597, -0.02605159, -0.05993252, -0.08054453, -0.09238849, -0.09870858, -0.10156701, -0.10220861, -0.10140214, -0.09966749, -0.09740057, -0.09492498, -0.09249530, -0.09027320, -0.08829711, -0.08646397, -0.08453613, -0.08217886, -0.07902674, -0.07477017, -0.06924509, -0.06249912, -0.05480507, -0.04660746, -0.03841843, -0.03070515, -0.02381046, -0.01792458, -0.01309883, -0.00928075, -0.00635193, -0.00418698, -0.00263827, -0.00157246, -0.00087264, -0.00043909, -0.00018994, -0.00006100, -0.00000450, 0.00001294, 0.00001285, 0.00000758, 0.00000295, 0.00000060, 0.00000000, 0.00000000
2.70095849, 1.64990796, 1.10144061, 0.75956789, 0.52712118, 0.36157372, 0.24066667, 0.15120710, 0.08463271, 0.03500800, -0.00197281, -0.02952319, -0.05007738, -0.06548860, -0.07716504, -0.08616971, -0.09329662, -0.09913015, -0.10409129, -0.11807816, -0.12743712, -0.13179199, -0.13120503, -0.12748271, -0.12250721, -0.11731709, -0.11217726, -0.10697069, -0.10150109, -0.09563393, -0.08933061, -0.08263497, -0.07564645, -0.06849442, -0.06131821, -0.05425316, -0.04742161, -0.04092771, -0.03485502, -0.02926606, -0.02420315, -0.01969023, -0.01573501, -0.01233157, -0.00946288, -0.00710329, -0.00522089, -0.00377961, -0.00274105, -0.00194723, -0.00137628, -0.00097496, -0.00069854, -0.00050962, -0.00037843, -0.00028310, -0.00020915, -0.00014851, -0.00009789, -0.00005710, -0.00002719, -0.00000887, -0.00000111, 0.00000000
3.05869015, 1.98855468, 1.45829733, 1.13819438, 0.92217431, 0.76554973, 0.64614797, 0.55168312, 0.47478332, 0.41075119, 0.35644961, 0.30970303, 0.26895538, 0.23306459, 0.20117381, 0.17262799, 0.14691798, 0.12364218, 0.10247967, 0.03546688, -0.01169460, -0.04458040, -0.06701348, -0.08205417, -0.09183235, -0.09772218, -0.10061513, -0.10113746, -0.09978207, -0.09697308, -0.09309001, -0.08847149, -0.08340995, -0.07814266, -0.07284238, -0.06761152, -0.06248351, -0.05743434, -0.05240445, -0.04732799, -0.04216383, -0.03692113, -0.03167217, -0.02654716, -0.02171087, -0.01732721, -0.01352322, -0.01036365, -0.00784217, -0.00587112, -0.00438314, -0.00328383, -0.00248179, -0.00189387, -0.00145127, -0.00110309, -0.00081662, -0.00057505, -0.00037339, -0.00021354, -0.00009923, -0.00003132, -0.00000369, 0.00000000
3.19796897, 2.08195072, 1.54786485, 1.23335345, 1.02439932, 0.87411688, 0.75979831, 0.66914639, 0.59493627, 0.53265062, 0.47932277, 0.43292531, 0.39202647, 0.35558686, 0.32283404, 0.29318228, 0.26617957, 0.24147170, 0.21877732, 0.14468793, 0.08984971, 0.04851652, 0.01679947, -0.00807195, -0.02785793, -0.04357307, -0.05577558, -0.06479599, -0.07088793, -0.07431170, -0.07536851, -0.07440254, -0.07178515, -0.06789220, -0.06308192, -0.05767759, -0.05195689, -0.04614753, -0.04042799, -0.03493182, -0.02975406, -0.02495895, -0.02058774, -0.01666608, -0.01320985, -0.01022859, -0.00772630, -0.00569965, -0.00413459, -0.00289276, -0.00196002, -0.00128376, -0.00081345, -0.00050002, -0.00029918, -0.00017440, -0.00009825, -0.00005209, -0.00002439, -0.00000861, -0.00000098, 0.00000118, 0.00000053, 0.00000000
2.36559167, 1.19973877, 0.64291094, 0.34679329, 0.18451604, 0.09230139, 0.03331564, -0.01586373, -0.07251409, -0.15024048, -0.25768054, -0.39626555, -0.55957558, -0.73509243, -0.90765259, -1.06322048, -1.19166640, -1.28786299, -1.35123561, -1.35024694, -1.15220240, -0.92429897, -0.72507139, -0.56683775, -0.44602353, -0.35512354, -0.28685873, -0.23529159, -0.19589090, -0.16530293, -0.14108636, -0.12148407, -0.10524385, -0.09148237, -0.07958368, -0.06912384, -0.05981541, -0.05146660, -0.04395140, -0.03718796, -0.03112296, -0.02572046, -0.02095414, -0.01680188, -0.01324224, -0.01025210, -0.00780536, -0.00587218, -0.00441880, -0.00328513, -0.00244234, -0.00182792, -0.00138681, -0.00106994, -0.00083594, -0.00065300, -0.00049986, -0.00036537, -0.00024674, -0.00014692, -0.00007117, -0.00002349, -0.00000291, 0.00000000
3.20871129, 2.14181083, 1.61469034, 1.29546573, 1.07833474, 0.91912953, 0.79611581, 0.69733590, 0.61565736, 0.54655760, 0.48702828, 0.43498998, 0.38895931, 0.34784985, 0.31084784, 0.27733188, 0.24681920, 0.21892900, 0.19335663, 0.11055505, 0.05071274, 0.00771983, -0.02284413, -0.04456437, -0.05998784, -0.07076856, -0.07795105, -0.08221979, -0.08406680, -0.08388684, -0.08202444, -0.07879373, -0.07448503, -0.06936581, -0.06367989, -0.05764643, -0.05145925, -0.04528664, -0.03927170, -0.03353301, -0.02816559, -0.02324216, -0.01881452, -0.01491512, -0.01155885, -0.00874497, -0.00645922, -0.00467601, -0.00336075, -0.00235048, -0.00161751, -0.00110054, -0.00074639, -0.00050884, -0.00035013, -0.00024195, -0.00016511, -0.00010818, -0.00006538, -0.00003435, -0.00001412, -0.00000351, -0.00000016, 0.00000000
3.08530105, 1.99883358, 1.47433188, 1.16620427, 0.96251429, 0.81659667, 0.70577189, 0.61780074, 0.54555140, 0.48461575, 0.43213826, 0.38619692, 0.34545602, 0.30896174, 0.27601687, 0.24610114, 0.21881922, 0.19386567, 0.17100093, 0.09716662, 0.04400456, 0.00583652, -0.02164027, -0.04180965, -0.05689540, -0.06818347, -0.07637033, -0.08185121, -0.08490540, -0.08579319, -0.08479272, -0.08220275, -0.07833027, -0.07347468, -0.06791456, -0.06189918, -0.05564477, -0.04933453, -0.04312093, -0.03712911, -0.03146047, -0.02619566, -0.02139699, -0.01711009, -0.01336521, -0.01017840, -0.00755267, -0.00547948, -0.00394036, -0.00274234, -0.00186716, -0.00124852, -0.00082719, -0.00054939, -0.00036929, -0.00025124, -0.00017043, -0.00011173, -0.00006760, -0.00003524, -0.00001400, -0.00000306, 0.00000003, 0.00000000
2.94510652, 1.93193540, 1.45042857, 1.16551289, 0.97444786, 0.83567105, 0.72921562, 0.64428492, 0.57451249, 0.51588733, 0.46574714, 0.42224893, 0.38407191, 0.35024182, 0.32002215, 0.29284433, 0.26826138, 0.24591627, 0.22551975, 0.15976812, 0.11205557, 0.07664443, 0.04982877, 0.02908629, 0.01279352, -0.00006226, -0.01012049, -0.01781122, -0.02345597, -0.02732401, -0.02966042, -0.03069768, -0.03065836, -0.02975376, -0.02818103, -0.02612034, -0.02373260, -0.02115812, -0.01851609, -0.01590485, -0.01340274, -0.01106944, -0.00894769, -0.00706523, -0.00543682, -0.00406650, -0.00294963, -0.00207509, -0.00142716, -0.00093450, -0.00058229, -0.00034101, -0.00018429, -0.00008908, -0.00003609, -0.00001009, 0.00000022, 0.00000261, 0.00000188, 0.00000062, -0.00000014, -0.00000026, -0.00000009, 0.00000000
3.08645918, 2.02771455, 1.50494728, 1.19371907, 0.98696009, 0.83910703, 0.72756119, 0.63989056, 0.56872194, 0.50942457, 0.45895562, 0.41524116, 0.37682417, 0.34265462, 0.31195924, 0.28415775, 0.25880757, 0.23556627, 0.21416552, 0.14412585, 0.09183560, 0.05229988, 0.02196116, -0.00191487, -0.02111306, -0.03665624, -0.04907836, -0.05865435, -0.06555718, -0.06995052, -0.07203404, -0.07205711, -0.07031326, -0.06712471, -0.06282308, -0.05773076, -0.05214559, -0.04632995, -0.04050470, -0.03484745, -0.02949411, -0.02454291, -0.02005968, -0.01608380, -0.01263390, -0.00971275, -0.00731076, -0.00540733, -0.00396991, -0.00284808, -0.00201540, -0.00141314, -0.00098926, -0.00069611, -0.00049291, -0.00034814, -0.00024043, -0.00015751, -0.00009388, -0.00004779, -0.00001844, -0.00000391, 0.00000003, 0.00000000
1.97787863, 1.13560360, 0.70504706, 0.44792635, 0.28138559, 0.16822334, 0.08897827, 0.03236972, -0.00863817, -0.03867752, -0.06092418, -0.07762401, -0.09040421, -0.10046732, -0.10871707, -0.11584204, -0.12237185, -0.12871459, -0.13518124, -0.16478889, -0.20317549, -0.24387866, -0.27616533, -0.29250377, -0.29150588, -0.27656053, -0.25290560, -0.22539936, -0.19755556, -0.17146378, -0.14809984, -0.12771168, -0.11014162, -0.09504976, -0.08204896, -0.07077588, -0.06092158, -0.05223901, -0.04453904, -0.03768171, -0.03156645, -0.02612289, -0.02130308, -0.01707519, -0.01341857, -0.01031999, -0.00777084, -0.00576508, -0.00429774, -0.00313262, -0.00227336, -0.00165682, -0.00122602, -0.00092898, -0.00072078, -0.00056588, -0.00043959, -0.00032802, -0.00022675, -0.00013828, -0.00006858, -0.00002318, -0.00000296, 0.00000000
2.74965802, 1.81920513, 1.34782975, 1.05525762, 0.85241769, 0.70184037, 0.58481695, 0.49085981, 0.41357988, 0.34883397, 0.29380158, 0.24648660, 0.20543075, 0.16953992, 0.13797447, 0.11007722, 0.08532486, 0.06329422, 0.04363832, -0.01548132, -0.05311581, -0.07635443, -0.08999178, -0.09757966, -0.10141527, -0.10284178, -0.10259895, -0.10108755, -0.09853461, -0.09508610, -0.09085556, -0.08594868, -0.08047527, -0.07455392, -0.06831178, -0.06188085, -0.05539237, -0.04897077, -0.04272856, -0.03676304, -0.03115482, -0.02596804, -0.02125163, -0.01704102, -0.01336004, -0.01022255, -0.00763385, -0.00559180, -0.00408774, -0.00290515, -0.00203863, -0.00142342, -0.00100099, -0.00071788, -0.00052819, -0.00039587, -0.00029589, -0.00021364, -0.00014313, -0.00008431, -0.00003996, -0.00001255, -0.00000135, 0.00000000
2.03338413, 1.04613894, 0.57637007, 0.32345866, 0.18011777, 0.09420800, 0.03591725, -0.01454376, -0.07297480, -0.15323298, -0.26631096, -0.41811753, -0.60761480, -0.82631065, -1.05948596, -1.28906777, -1.49748724, -1.67128600, -1.80320085, -1.95345655, -1.78683667, -1.55796533, -1.34291706, -1.15511825, -0.99351254, -0.85452154, -0.73463929, -0.63090989, -0.54093016, -0.46275366, -0.39478916, -0.33571669, -0.28442383, -0.23995917, -0.20149887, -0.16832265, -0.13979623, -0.11535837, -0.09451098, -0.07681128, -0.06186557, -0.04932399, -0.03887603, -0.03024665, -0.02319280, -0.01750033, -0.01298117, -0.00947072, -0.00682556, -0.00481244, -0.00333266, -0.00227129, -0.00153072, -0.00102848, -0.00069610, -0.00047863, -0.00033416, -0.00023316, -0.00015721, -0.00009718, -0.00005065, -0.00001885, -0.00000293, 0.00000000
2.80316356, 1.80064483, 1.31675654, 1.02613702, 0.82851813, 0.68322661, 0.57068312, 0.48027534, 0.40572434, 0.34305535, 0.28961328, 0.24354515, 0.20350985, 0.16850643, 0.13776787, 0.11069281, 0.08680023, 0.06569850, 0.04706364, -0.00775567, -0.04150997, -0.06170901, -0.07353633, -0.08073842, -0.08545336, -0.08865315, -0.09066131, -0.09152060, -0.09120003, -0.08969009, -0.08703486, -0.08333327, -0.07872792, -0.07339036, -0.06750668, -0.06126501, -0.05484560, -0.04841370, -0.04211501, -0.03607347, -0.03039068, -0.02514658, -0.02040070, -0.01619382, -0.01254967, -0.00947666, -0.00696954, -0.00501101, -0.00357336, -0.00246028, -0.00165203, -0.00108297, -0.00069597, -0.00044070, -0.00027560, -0.00016926, -0.00010016, -0.00005496, -0.00002609, -0.00000920, -0.00000124, 0.00000086, 0.00000034, 0.00000000
2.71073000, 1.68840296, 1.19162627, 0.89798880, 0.70365210, 0.56509058, 0.46090806, 0.37939382, 0.31362189, 0.25924890, 0.21342288, 0.17419997, 0.14021334, 0.11047570, 0.08425673, 0.06100416, 0.04029172, 0.02178369, 0.00521055, -0.04444964, -0.07527918, -0.09318659, -0.10265356, -0.10712271, -0.10881611, -0.10899323, -0.10827861, -0.10690522, -0.10487463, -0.10207286, -0.09836580, -0.09367422, -0.08801806, -0.08152468, -0.07440661, -0.06692239, -0.05933551, -0.05188219, -0.04475257, -0.03808476, -0.03196818, -0.02645200, -0.02155530, -0.01727643, -0.01360069, -0.01050575, -0.00796528, -0.00595108, -0.00443415, -0.00324336, -0.00235572, -0.00170968, -0.00125039, -0.00092837, -0.00070091, -0.00053396, -0.00040312, -0.00029366, -0.00019927, -0.00011991, -0.00005895, -0.00001983, -0.00000253, 0.00000000
2.71422977, 1.70359617, 1.18543562, 0.86478547, 0.64525416, 0.48546171, 0.36444828, 0.27033724, 0.19582342, 0.13611835, 0.08791691, 0.04883709, 0.01709820, -0.00867280, -0.02956200, -0.04644624, -0.06004446, -0.07095257, -0.07966792, -0.09881528, -0.10652176, -0.11071856, -0.11494892, -0.12013006, -0.12520760, -0.12853197, -0.12895957, -0.12623913, -0.12082791, -0.11350330, -0.10504198, -0.09605735, -0.08696699, -0.07802792, -0.06939005, -0.06114204, -0.05334183, -0.04603329, -0.03925314, -0.03303251, -0.02739605, -0.02236040, -0.01793275, -0.01411016, -0.01087930, -0.00821685, -0.00609016, -0.00445831, -0.00327317, -0.00237477, -0.00172719, -0.00126778, -0.00094493, -0.00071521, -0.00054476, -0.00041030, -0.00029853, -0.00020407, -0.00012659, -0.00006772, -0.00002852, -0.00000765, -0.00000060, 0.00000000
2.94977857, 1.85810890, 1.31048548, 0.97562643, 0.74697498, 0.57971549, 0.45164754, 0.35047451, 0.26880213, 0.20188870, 0.14652761, 0.10044858, 0.06197716, 0.02983206, 0.00300012, -0.01934287, -0.03788340, -0.05320371, -0.06580416, -0.09577561, -0.10835653, -0.11392326, -0.11853646, -0.12540377, -0.13471830, -0.14452044, -0.15214294, -0.15553262, -0.15390246, -0.14765964, -0.13793113, -0.12605138, -0.11321287, -0.10031088, -0.08792790, -0.07638897, -0.06583754, -0.05630423, -0.04775863, -0.04014318, -0.03339296, -0.02744556, -0.02224491, -0.01774174, -0.01389240, -0.01065722, -0.00799886, -0.00588088, -0.00426673, -0.00300423, -0.00206310, -0.00138217, -0.00090645, -0.00058576, -0.00037627, -0.00024208, -0.00015603, -0.00009932, -0.00006037, -0.00003305, -0.00001473, -0.00000429, -0.00000038, 0.00000000
2.49030314, 1.58809723, 1.14874834, 0.88888930, 0.71694035, 0.59446535, 0.50255385, 0.43083923, 0.37317218, 0.32567842, 0.28579773, 0.25177143, 0.22235192, 0.19662977, 0.17392648, 0.15372550, 0.13562655, 0.11931454, 0.10453797, 0.05821067, 0.02548013, 0.00211430, -0.01479641, -0.02745715, -0.03722231, -0.04481368, -0.05058580, -0.05471816, -0.05732815, -0.05852774, -0.05844608, -0.05723372, -0.05505817, -0.05209617, -0.04852569, -0.04451898, -0.04023719, -0.03582653, -0.03141597, -0.02711604, -0.02301865, -0.01919755, -0.01570927, -0.01259440, -0.00987899, -0.00757615, -0.00568754, -0.00420491, -0.00311161, -0.00226547, -0.00164941, -0.00121215, -0.00090820, -0.00069719, -0.00054563, -0.00042851, -0.00032982, -0.00024182, -0.00016323, -0.00009680, -0.00004657, -0.00001525, -0.00000190, 0.00000000
3.34139326, 2.20198967, 1.63741089, 1.29842894, 1.07179140, 0.90933039, 0.78695715, 0.69125218, 0.61414125, 0.55047789, 0.49683156, 0.45083240, 0.41079488, 0.37549086, 0.34400710, 0.31565264, 0.28989685, 0.26632698, 0.24461832, 0.17292138, 0.11817959, 0.07488474, 0.03992645, 0.01147474, -0.01158224, -0.02996556, -0.04419773, -0.05471191, -0.06191011, -0.06619047, -0.06795578, -0.06761135, -0.06555704, -0.06217696, -0.05782912, -0.05283649, -0.04748063, -0.04199825, -0.03658076, -0.03137645, -0.02649460, -0.02201090, -0.01797336, -0.01440830, -0.01132582, -0.00872457, -0.00659546, -0.00492387, -0.00369019, -0.00272382, -0.00201119, -0.00149705, -0.00113272, -0.00087415, -0.00068401, -0.00053410, -0.00040660, -0.00029342, -0.00019397, -0.00011199, -0.00005197, -0.00001609, -0.00000176, 0.00000000
2.72095527, 1.73888266, 1.24934205, 0.95454779, 0.75672672, 0.61423583, 0.50631913, 0.42147238, 0.35281010, 0.29596392, 0.24803236, 0.20701549, 0.17149174, 0.14042402, 0.11303850, 0.08874627, 0.06709109, 0.04771369, 0.03032692, -0.02275028, -0.05753818, -0.07979597, -0.09348253, -0.10150414, -0.10572464, -0.10726298, -0.10679561, -0.10476170, -0.10147794, -0.09719459, -0.09211999, -0.08643136, -0.08028135, -0.07380446, -0.06712374, -0.06035640, -0.05361707, -0.04701785, -0.04066545, -0.03465671, -0.02907398, -0.02398154, -0.01942386, -0.01542592, -0.01199495, -0.00912334, -0.00679183, -0.00497257, -0.00363173, -0.00259850, -0.00184550, -0.00131008, -0.00093840, -0.00068317, -0.00050529, -0.00037538, -0.00027408, -0.00019094, -0.00012216, -0.00006799, -0.00002993, -0.00000836, -0.00000064, 0.00000000
3.00999869, 1.94176257, 1.40627019, 1.08015221, 0.85884289, 0.69800725, 0.57548929, 0.47891925, 0.40081739, 0.33638001, 0.28237306, 0.23653480, 0.19723281, 0.16325706, 0.13368971, 0.10782030, 0.08508891, 0.06504701, 0.04732998, -0.00499363, -0.03790514, -0.05841730, -0.07106701, -0.07903637, -0.08411962, -0.08715174, -0.08846149, -0.08817717, -0.08639031, -0.08322536, -0.07885766, -0.07350671, -0.06741981, -0.06085359, -0.05405723, -0.04725874, -0.04065511, -0.03440628, -0.02863274, -0.02341620, -0.01880262, -0.01480694, -0.01141872, -0.00860808, -0.00633150, -0.00453711, -0.00316919, -0.00217195, -0.00149241, -0.00099709, -0.00065901, -0.00043357, -0.00028651, -0.00019142, -0.00012907, -0.00008668, -0.00005659, -0.00003473, -0.00001914, -0.00000882, -0.00000292, -0.00000039, 0.00000008, 0.00000000
2.12621683, 1.33239179, 0.93531369, 0.69545830, 0.53445941, 0.41887370, 0.33194127, 0.26430165, 0.21030151, 0.16631806, 0.12991917, 0.09940957, 0.07357028, 0.05150155, 0.03252408, 0.01611487, 0.00186416, -0.01055409, -0.02140303, -0.05260991, -0.07101166, -0.08188622, -0.08831381, -0.09205625, -0.09407712, -0.09493621, -0.09501949, -0.09464229, -0.09407308, -0.09351444, -0.09306857, -0.09270829, -0.09226794, -0.09146171, -0.08993008, -0.08730999, -0.08331885, -0.07783494, -0.07095033, -0.06297250, -0.05436720, -0.04566003, -0.03733398, -0.02975681, -0.02315292, -0.01761274, -0.01312265, -0.00959942, -0.00691977, -0.00491164, -0.00344939, -0.00240859, -0.00168322, -0.00118477, -0.00084245, -0.00060280, -0.00042839, -0.00029555, -0.00019153, -0.00011110, -0.00005324, -0.00001777, -0.00000238, 0.00000000
1.55095611, 0.92821472, 0.61332966, 0.42526400, 0.30179786, 0.21559251, 0.15273038, 0.10538673, 0.06883372, 0.04005341, 0.01703378, -0.00161483, -0.01688085, -0.02948505, -0.03996442, -0.04872654, -0.05608591, -0.06228876, -0.06753041, -0.08130062, -0.08842278, -0.09234678, -0.09485619, -0.09676383, -0.09833823, -0.09962462, -0.10061085, -0.10128481, -0.10163629, -0.10163933, -0.10123449, -0.10032060, -0.09875911, -0.09639048, -0.09306062, -0.08865329, -0.08312350, -0.07652492, -0.06902323, -0.06088865, -0.05246557, -0.04412512, -0.03621277, -0.02900521, -0.02268604, -0.01734205, -0.01297545, -0.00952425, -0.00688400, -0.00489559, -0.00344269, -0.00240604, -0.00168237, -0.00118457, -0.00084246, -0.00060286, -0.00042844, -0.00029559, -0.00019155, -0.00011111, -0.00005325, -0.00001777, -0.00000238, 0.00000000
2.92105788, 1.89479459, 1.39199742, 1.09279429, 0.89352347, 0.75058147, 0.64248600, 0.55745273, 0.48849041, 0.43119524, 0.38265850, 0.34088332, 0.30445416, 0.27234002, 0.24377231, 0.21816639, 0.19506959, 0.17412590, 0.15505139, 0.09396925, 0.04964208, 0.01704424, -0.00721972, -0.02574395, -0.04019963, -0.05153993, -0.06027252, -0.06667351, -0.07092451, -0.07318884, -0.07364699, -0.07250730, -0.07000305, -0.06638310, -0.06190037, -0.05680086, -0.05131448, -0.04564826, -0.03998213, -0.03446696, -0.02922458, -0.02434915, -0.01990968, -0.01595294, -0.01250669, -0.00958271, -0.00717951, -0.00528455, -0.00387586, -0.00278074, -0.00197815, -0.00140606, -0.00100943, -0.00073852, -0.00055114, -0.00041489, -0.00030808, -0.00021885, -0.00014312, -0.00008169, -0.00003714, -0.00001093, -0.00000099, 0.00000000
2.62348269, 1.65137409, 1.14916649, 0.83524730, 0.61817242, 0.45877355, 0.33719536, 0.24214789, 0.16664482, 0.10606779, 0.05719523, 0.01767690, -0.01426740, -0.04002869, -0.06072140, -0.07725593, -0.09038659, -0.10074458, -0.10886143, -0.12612789, -0.13353634, -0.14137148, -0.15511324, -0.17622049, -0.20202437, -0.22719839, -0.24620215, -0.25539247, -0.25385566, -0.24294633, -0.22521144, -0.20339933, -0.17986745, -0.15636482, -0.13404294, -0.11356516, -0.09523770, -0.07912725, -0.06515354, -0.05315637, -0.04294078, -0.03430551, -0.02705927, -0.02102894, -0.01606258, -0.01202939, -0.00881811, -0.00633464, -0.00449948, -0.00310573, -0.00209876, -0.00139410, -0.00091945, -0.00061182, -0.00041810, -0.00029616, -0.00021529, -0.00015568, -0.00010687, -0.00006556, -0.00003281, -0.00001112, -0.00000139, 0.00000000
2.42498009, 1.22392880, 0.62675285, 0.31085345, 0.14276831, 0.04651901, -0.02676327, -0.11568821, -0.25647882, -0.47833117, -0.79235533, -1.18340940, -1.61062706, -2.01873128, -2.35695222, -2.59564462, -2.73104734, -2.77820220, -2.75982317, -2.40721292, -2.00799178, -1.68281141, -1.42502954, -1.21790040, -1.04826819, -0.90671033, -0.78656233, -0.68311582, -0.59303499, -0.51393915, -0.44410695, -0.38226902, -0.32746375, -0.27893815, -0.23608010, -0.19837254, -0.16536281, -0.13664236, -0.11183349, -0.09058096, -0.07254668, -0.05740654, -0.04484865, -0.03457239, -0.02628797, -0.01971633, -0.01458918, -0.01064907, -0.00764951, -0.00544959, -0.00385191, -0.00271056, -0.00190690, -0.00134490, -0.00094976, -0.00066661, -0.00045817, -0.00030139, -0.00018361, -0.00009853, -0.00004262, -0.00001218, -0.00000116, 0.00000000
2.99753663, 1.93428407, 1.41912401, 1.11343051, 0.90931498, 0.76200037, 0.64966291, 0.56043836, 0.48734315, 0.42600944, 0.37357103, 0.32807213, 0.28813392, 0.25275681, 0.22119830, 0.19289475, 0.16740974, 0.14439913, 0.12358684, 0.05860039, 0.01454810, -0.01505956, -0.03489860, -0.04838992, -0.05768298, -0.06399426, -0.06798175, -0.07001803, -0.07035393, -0.06920305, -0.06677792, -0.06330015, -0.05899810, -0.05409951, -0.04882319, -0.04337132, -0.03792339, -0.03263194, -0.02762027, -0.02298186, -0.01878139, -0.01505713, -0.01182418, -0.00907844, -0.00680075, -0.00496106, -0.00352234, -0.00244396, -0.00168471, -0.00112264, -0.00073244, -0.00047002, -0.00029953, -0.00019203, -0.00012527, -0.00008335, -0.00005583, -0.00003659, -0.00002249, -0.00001221, -0.00000530, -0.00000147, -0.00000011, 0.00000000
2.99081138, 1.87793176, 1.34011031, 1.02337611, 0.81322745, 0.66201995, 0.54665918, 0.45472910, 0.37903310, 0.31515381, 0.26025382, 0.21244120, 0.17041327, 0.13324664, 0.10026835, 0.07097407, 0.04497460, 0.02196016, 0.00167612, -0.05666060, -0.08876774, -0.10329500, -0.10758669, -0.10758913, -0.10721307, -0.10881657, -0.11376242, -0.12259289, -0.13492000, -0.14932463, -0.16349722, -0.17470721, -0.18052678, -0.17955554, -0.17179673, -0.15848892, -0.14153634, -0.12288972, -0.10414381, -0.08640113, -0.07031250, -0.05618694, -0.04410350, -0.03399857, -0.02572542, -0.01909194, -0.01388345, -0.00987629, -0.00684578, -0.00463506, -0.00305703, -0.00196315, -0.00122983, -0.00075488, -0.00045688, -0.00027424, -0.00016323, -0.00009507, -0.00005236, -0.00002557, -0.00000979, -0.00000216, -0.00000002, 0.00000000
2.59484038, 1.40784573, 0.80811414, 0.46501430, 0.26262867, 0.14213637, 0.06847235, 0.02030546, -0.01492281, -0.04415397, -0.07061904, -0.09507732, -0.11687970, -0.13493748, -0.14843083, -0.15714052, -0.16144692, -0.16213869, -0.16017484, -0.14119271, -0.12556356, -0.11713152, -0.11267579, -0.10979773, -0.10711719, -0.10384273, -0.09956267, -0.09414744, -0.08767524, -0.08036055, -0.07248922, -0.06436588, -0.05627646, -0.04846494, -0.04112209, -0.03438287, -0.02832989, -0.02300019, -0.01839372, -0.01448211, -0.01121700, -0.00853732, -0.00637545, -0.00466215, -0.00333029, -0.00231757, -0.00156831, -0.00103452, -0.00067639, -0.00042475, -0.00025854, -0.00015234, -0.00008716, -0.00004886, -0.00002726, -0.00001545, -0.00000902, -0.00000539, -0.00000319, -0.00000174, -0.00000079, -0.00000024, -0.00000002, 0.00000000
2.71095267, 1.70747183, 1.21231245, 0.91798731, 0.72344778, 0.58551182, 0.48260072, 0.40274860, 0.33880942, 0.28627249, 0.24216582, 0.20446308, 0.17174348, 0.14298716, 0.11744707, 0.09456608, 0.07392182, 0.05518904, 0.03811346, -0.01580709, -0.05281691, -0.07782254, -0.09413858, -0.10413039, -0.10947849, -0.11138213, -0.11070662, -0.10808585, -0.10399424, -0.09879791, -0.09279070, -0.08621787, -0.07928996, -0.07218957, -0.06507374, -0.05807485, -0.05130134, -0.04483937, -0.03875516, -0.03309782, -0.02790211, -0.02319096, -0.01897753, -0.01526682, -0.01205691, -0.00933994, -0.00710289, -0.00532834, -0.00399507, -0.00294499, -0.00216083, -0.00158765, -0.00117649, -0.00088361, -0.00067189, -0.00051234, -0.00038476, -0.00027744, -0.00018577, -0.00011015, -0.00005335, -0.00001770, -0.00000224, 0.00000000
2.71885197, 1.78941113, 1.33372879, 1.05833002, 0.87131053, 0.73465130, 0.62969035, 0.54613591, 0.47781256, 0.42077056, 0.37235451, 0.33070642, 0.29448300, 0.26268627, 0.23455755, 0.20950858, 0.18707541, 0.16688658, 0.14864077, 0.09152173, 0.05194207, 0.02394781, 0.00373857, -0.01124277, -0.02259249, -0.03125421, -0.03777740, -0.04249586, -0.04563708, -0.04738309, -0.04790075, -0.04735433, -0.04590850, -0.04372683, -0.04096858, -0.03778527, -0.03431770, -0.03069377, -0.02702706, -0.02341607, -0.01994406, -0.01667931, -0.01367575, -0.01097382, -0.00860158, -0.00657593, -0.00490390, -0.00358410, -0.00260815, -0.00184572, -0.00128888, -0.00089487, -0.00062484, -0.00044422, -0.00032391, -0.00024121, -0.00018011, -0.00013093, -0.00008919, -0.00005416, -0.00002709, -0.00000945, -0.00000133, 0.00000000
3.22360983, 2.12103932, 1.58756327, 1.27073881, 1.05893112, 0.90596808, 0.78936674, 0.69688592, 0.62129287, 0.55803766, 0.50411221, 0.45744573, 0.41656405, 0.38038759, 0.34810639, 0.31909984, 0.29288369, 0.26907388, 0.24736141, 0.17754658, 0.12677083, 0.08918468, 0.06078383, 0.03851253, 0.02038490, 0.00528074, -0.00735749, -0.01778052, -0.02610664, -0.03242413, -0.03684239, -0.03951031, -0.04061595, -0.04037687, -0.03902716, -0.03680450, -0.03393903, -0.03064473, -0.02711338, -0.02351088, -0.01997552, -0.01661778, -0.01352138, -0.01074512, -0.00832527, -0.00627848, -0.00460475, -0.00329065, -0.00231240, -0.00156714, -0.00102999, -0.00065610, -0.00040600, -0.00024521, -0.00014539, -0.00008498, -0.00004882, -0.00002716, -0.00001416, -0.00000655, -0.00000245, -0.00000062, -0.00000007, 0.00000000
2.65380778, 1.69158704, 1.21169486, 0.92105062, 0.72476705, 0.58261731, 0.47453765, 0.38936783, 0.32039467, 0.26333493, 0.21532680, 0.17438571, 0.13909218, 0.10840368, 0.08153656, 0.05788923, 0.03699096, 0.01846663, 0.00201213, -0.04637721, -0.07547091, -0.09183962, -0.10027108, -0.10420687, -0.10571442, -0.10586754, -0.10513899, -0.10367077, -0.10143847, -0.09835605, -0.09435007, -0.08941001, -0.08361160, -0.07711272, -0.07012873, -0.06289857, -0.05565293, -0.04859143, -0.04187095, -0.03560368, -0.02986167, -0.02468438, -0.02008690, -0.01606709, -0.01261125, -0.00969801, -0.00730095, -0.00539016, -0.00393315, -0.00279523, -0.00194718, -0.00133294, -0.00090222, -0.00060930, -0.00041434, -0.00028492, -0.00019681, -0.00013368, -0.00008608, -0.00004974, -0.00002356, -0.00000756, -0.00000087, 0.00000000
3.04225068, 1.96968431, 1.45845984, 1.15783232, 0.95774413, 0.81328221, 0.70288272, 0.61495926, 0.54274514, 0.48202457, 0.43003141, 0.38487191, 0.34520268, 0.31004163, 0.27865195, 0.25046837, 0.22504864, 0.20204071, 0.18116008, 0.11488719, 0.06782871, 0.03391780, 0.00895605, -0.01023288, -0.02565609, -0.03838194, -0.04887686, -0.05728911, -0.06364290, -0.06795344, -0.07028415, -0.07076576, -0.06959256, -0.06700681, -0.06327845, -0.05868523, -0.05349574, -0.04795678, -0.04228533, -0.03666465, -0.03124375, -0.02613923, -0.02143875, -0.01720513, -0.01348056, -0.01029025, -0.00764520, -0.00554376, -0.00397197, -0.00273561, -0.00182390, -0.00117439, -0.00073042, -0.00043946, -0.00025587, -0.00014332, -0.00007552, -0.00003525, -0.00001221, -0.00000056, 0.00000339, 0.00000277, 0.00000072, 0.00000000
2.88952444, 1.70946989, 1.06666651, 0.65827334, 0.38760388, 0.20886456, 0.09307330, 0.01906712, -0.02895582, -0.06253878, -0.09006112, -0.11771545, -0.14999884, -0.18969557, -0.23767537, -0.29287385, -0.35262676, -0.41330296, -0.47105066, -0.61752515, -0.61127598, -0.52173210, -0.41703664, -0.32764533, -0.26011866, -0.21168499, -0.17744112, -0.15294276, -0.13481913, -0.12071411, -0.10906310, -0.09887268, -0.08954472, -0.08074648, -0.07231795, -0.06420718, -0.05642574, -0.04901860, -0.04204414, -0.03556125, -0.02962139, -0.02426404, -0.01951445, -0.01538303, -0.01186564, -0.00894466, -0.00659037, -0.00476259, -0.00341237, -0.00238595, -0.00164350, -0.00112009, -0.00076067, -0.00051781, -0.00035322, -0.00023887, -0.00015654, -0.00009595, -0.00005216, -0.00002292, -0.00000644, 0.00000001, 0.00000050, 0.00000000
2.24407436, 1.22587888, 0.72457152, 0.43913871, 0.26619499, 0.15814898, 0.08885428, 0.04237175, 0.00828521, -0.02078448, -0.05067269, -0.08644529, -0.13255363, -0.19254751, -0.26860104, -0.36109260, -0.46840175, -0.58699820, -0.71182802, -1.15928911, -1.36025579, -1.33848282, -1.21612663, -1.06775015, -0.92309819, -0.79182451, -0.67608523, -0.57536897, -0.48828258, -0.41323301, -0.34868899, -0.29327072, -0.24576767, -0.20512814, -0.17044015, -0.14091163, -0.11585308, -0.09466307, -0.07681632, -0.06185394, -0.04937520, -0.03903053, -0.03051538, -0.02356489, -0.01794907, -0.01346852, -0.00995063, -0.00724608, -0.00522588, -0.00370529, -0.00259497, -0.00180049, -0.00124425, -0.00086169, -0.00060055, -0.00042057, -0.00029283, -0.00019845, -0.00012660, -0.00007231, -0.00003397, -0.00001093, -0.00000131, 0.00000000
0.52223774, 0.33514570, 0.21217925, 0.12180643, 0.04919367, -0.01317730, -0.06947360, -0.12216958, -0.17279379, -0.22229256, -0.27122123, -0.31985343, -0.36824964, -0.41630515, -0.46378731, -0.51036713, -0.55564795, -0.59919216, -0.64054642, -0.77867215, -0.86193303, -0.88746250, -0.86653882, -0.81546183, -0.74836813, -0.67497140, -0.60110285, -0.52998527, -0.46329884, -0.40185750, -0.34598649, -0.29572318, -0.25092616, -0.21133968, -0.17663604, -0.14644581, -0.12038005, -0.09804665, -0.07906176, -0.06305762, -0.04968742, -0.03862812, -0.02958164, -0.02227507, -0.01646011, -0.01191201, -0.00842826, -0.00582706, -0.00394573, -0.00259599, -0.00166006, -0.00102983, -0.00061984, -0.00036143, -0.00020196, -0.00010419, -0.00004426, -0.00000845, 0.00001053, 0.00001695, 0.00001456, 0.00000781, 0.00000170, 0.00000000
3.12952394, 2.05896846, 1.52723402, 1.20748069, 0.99306398, 0.83866950, 0.72171122, 0.62965502, 0.55498606, 0.49292848, 0.44030597, 0.39492781, 0.35523743, 0.32010121, 0.28867615, 0.26032421, 0.23455500, 0.21098661, 0.18931812, 0.11829412, 0.06508711, 0.02442536, -0.00695643, -0.03129425, -0.05003913, -0.06411354, -0.07414169, -0.08061416, -0.08398441, -0.08471128, -0.08326536, -0.08011538, -0.07570746, -0.07044598, -0.06468023, -0.05869807, -0.05272509, -0.04692730, -0.04141604, -0.03625472, -0.03146799, -0.02705333, -0.02299465, -0.01927588, -0.01589179, -0.01285289, -0.01018228, -0.00790415, -0.00602728, -0.00447993, -0.00326531, -0.00234516, -0.00167120, -0.00118908, -0.00084655, -0.00060000, -0.00041750, -0.00027868, -0.00017253, -0.00009415, -0.00004144, -0.00001206, -0.00000118, 0.00000000
2.59484038, 1.40784573, 0.80811414, 0.46501430, 0.26262867, 0.14213637, 0.06847235, 0.02030546, -0.01492281, -0.04415397, -0.07061904, -0.09507732, -0.11687970, -0.13493748, -0.14843083, -0.15714052, -0.16144692, -0.16213869, -0.16017484, -0.14119271, -0.12556356, -0.11713152, -0.11267579, -0.10979773, -0.10711719, -0.10384273, -0.09956267, -0.09414744, -0.08767524, -0.08036055, -0.07248922, -0.06436588, -0.05627646, -0.04846494, -0.04112209, -0.03438287, -0.02832989, -0.02300019, -0.01839372, -0.01448211, -0.01121700, -0.00853732, -0.00637545, -0.00466215, -0.00333029, -0.00231757, -0.00156831, -0.00103452, -0.00067639, -0.00042475, -0.00025854, -0.00015234, -0.00008716, -0.00004886, -0.00002726, -0.00001545, -0.00000902, -0.00000539, -0.00000319, -0.00000174, -0.00000079, -0.00000024, -0.00000002, 0.00000000
2.88126087, 1.86499130, 1.37436782, 1.08483223, 0.89280505, 0.75527983, 0.65127780, 0.56937452, 0.50282763, 0.44740563, 0.40032048, 0.35966128, 0.32407474, 0.29257571, 0.26442991, 0.23907883, 0.21608998, 0.19512313, 0.17590691, 0.11354835, 0.06749157, 0.03305925, 0.00708985, -0.01286515, -0.02846172, -0.04071486, -0.05021723, -0.05732195, -0.06226715, -0.06525015, -0.06646579, -0.06612167, -0.06443986, -0.06165157, -0.05798901, -0.05367707, -0.04892612, -0.04392672, -0.03884626, -0.03382757, -0.02898893, -0.02442528, -0.02021019, -0.01639815, -0.01302708, -0.01012066, -0.00769054, -0.00573823, -0.00425670, -0.00308201, -0.00220317, -0.00156425, -0.00111345, -0.00080245, -0.00058871, -0.00043774, -0.00032446, -0.00023322, -0.00015658, -0.00009321, -0.00004516, -0.00001481, -0.00000177, 0.00000000
2.14962842, 1.33291846, 0.92926571, 0.68779452, 0.52667287, 0.41126432, 0.32439534, 0.25658519, 0.20217412, 0.15757517, 0.12040442, 0.08901460, 0.06222962, 0.03918576, 0.01923290, 0.00187075, -0.01329337, -0.02657331, -0.03822406, -0.07141118, -0.09031679, -0.10051369, -0.10563422, -0.10795051, -0.10869195, -0.10844085, -0.10742247, -0.10567781, -0.10316295, -0.09981281, -0.09558659, -0.09049821, -0.08462948, -0.07812584, -0.07117844, -0.06399939, -0.05679706, -0.04975690, -0.04302978, -0.03672805, -0.03092736, -0.02567202, -0.02098188, -0.01685906, -0.01329375, -0.01026865, -0.00776206, -0.00574994, -0.00420700, -0.00299280, -0.00208292, -0.00142156, -0.00095747, -0.00064333, -0.00043699, -0.00030312, -0.00021430, -0.00015134, -0.00010274, -0.00006337, -0.00003257, -0.00001173, -0.00000170, 0.00000000
2.52056231, 1.54130958, 1.05578493, 0.76399718, 0.56882026, 0.42915007, 0.32453815, 0.24363472, 0.17961407, 0.12810662, 0.08616835, 0.05172801, 0.02327298, -0.00033740, -0.01998690, -0.03637560, -0.05006777, -0.06152403, -0.07112374, -0.09543608, -0.10749484, -0.11364648, -0.11666813, -0.11765571, -0.11691769, -0.11462450, -0.11103713, -0.10647202, -0.10121168, -0.09546110, -0.08935435, -0.08298297, -0.07642278, -0.06974993, -0.06304663, -0.05640020, -0.04989895, -0.04362755, -0.03766298, -0.03207162, -0.02690750, -0.02221162, -0.01801202, -0.01432449, -0.01115362, -0.00849413, -0.00633233, -0.00464758, -0.00341378, -0.00245212, -0.00174783, -0.00124404, -0.00089141, -0.00064711, -0.00047603, -0.00035167, -0.00025613, -0.00017910, -0.00011610, -0.00006639, -0.00003077, -0.00000959, -0.00000108, 0.00000000
3.14320149, 2.08744023, 1.55407612, 1.22972270, 1.01059241, 0.85198050, 0.73135950, 0.63612475, 0.55867569, 0.49416479, 0.43936263, 0.39204161, 0.35062082, 0.31395140, 0.28118148, 0.25166826, 0.22491921, 0.20055158, 0.17826412, 0.10667940, 0.05554501, 0.01904984, -0.00694868, -0.02556613, -0.03891310, -0.04833296, -0.05467571, -0.05850847, -0.06024931, -0.06024209, -0.05879337, -0.05618770, -0.05269185, -0.04855387, -0.04400028, -0.03923315, -0.03442756, -0.02973014, -0.02525851, -0.02110189, -0.01732264, -0.01395877, -0.01102699, -0.00852630, -0.00644174, -0.00474809, -0.00341338, -0.00240203, -0.00167748, -0.00113871, -0.00076034, -0.00050243, -0.00033202, -0.00022227, -0.00015224, -0.00010668, -0.00007537, -0.00005217, -0.00003403, -0.00001984, -0.00000951, -0.00000315, -0.00000040, 0.00000000
3.08333607, 1.98108142, 1.40413001, 1.03780531, 0.77986649, 0.58687655, 0.43712089, 0.31844249, 0.22339617, 0.14704316, 0.08585056, 0.03710973, -0.00137869, -0.03147380, -0.05478186, -0.07269966, -0.08643723, -0.09703390, -0.10537544, -0.12795761, -0.15858033, -0.21290611, -0.28644279, -0.35834285, -0.40726347, -0.42446829, -0.41385288, -0.38472927, -0.34603394, -0.30420665, -0.26320781, -0.22517043, -0.19104212, -0.16106179, -0.13507861, -0.11275243, -0.09367306, -0.07742640, -0.06362763, -0.05193509, -0.04205333, -0.03373085, -0.02675536, -0.02094834, -0.01615971, -0.01226297, -0.00915098, -0.00673232, -0.00492825, -0.00354855, -0.00253705, -0.00181238, -0.00130517, -0.00095529, -0.00071245, -0.00053746, -0.00040273, -0.00029163, -0.00019683, -0.00011777, -0.00005748, -0.00001912, -0.00000237, 0.00000000
2.22942177, 1.28047947, 0.80180684, 0.51591514, 0.33198623, 0.20947536, 0.12623553, 0.06850290, 0.02704097, -0.00468442, -0.03156448, -0.05751316, -0.08582742, -0.11928237, -0.16003590, -0.20944839, -0.26792115, -0.33482649, -0.40856271, -0.71724064, -0.92640319, -0.97929700, -0.92507408, -0.82364585, -0.71077006, -0.60305387, -0.50695091, -0.42409384, -0.35395826, -0.29516440, -0.24610448, -0.20522877, -0.17115929, -0.14271991, -0.11892889, -0.09897707, -0.08220236, -0.06806545, -0.05612820, -0.04603521, -0.03749838, -0.03028406, -0.02420253, -0.01909927, -0.01484791, -0.01134442, -0.00850247, -0.00624960, -0.00452426, -0.00318585, -0.00218797, -0.00146551, -0.00096065, -0.00062162, -0.00040291, -0.00026623, -0.00018122, -0.00012583, -0.00008593, -0.00005432, -0.00002901, -0.00001100, -0.00000171, 0.00000000
2.46864442, 1.17503300, 0.55393040, 0.25004823, 0.08231457, -0.07304577, -0.32919311, -0.77780751, -1.43196040, -2.19737156, -2.91337468, -3.44372390, -3.74178021, -3.84073542, -3.80433982, -3.69029049, -3.53840550, -3.37242086, -3.20518562, -2.60999831, -2.15301659, -1.80084641, -1.52317033, -1.29944343, -1.11552502, -0.96153410, -0.83053043, -0.71762447, -0.61935186, -0.53323104, -0.45745255, -0.39066313, -0.33181729, -0.28007644, -0.23474110, -0.19520599, -0.16093064, -0.13142060, -0.10621563, -0.08488260, -0.06701128, -0.05221210, -0.04011505, -0.03036916, -0.02264240, -0.01662166, -0.01201274, -0.00854029, -0.00594766, -0.00409714, -0.00278876, -0.00188123, -0.00126328, -0.00084701, -0.00056586, -0.00037276, -0.00023714, -0.00014095, -0.00007435, -0.00003173, -0.00000867, -0.00000000, 0.00000064, 0.00000000
2.84262029, 1.67309046, 1.07440752, 0.70841468, 0.46487170, 0.29617932, 0.17744928, 0.09358311, 0.03435307, -0.00765790, -0.03800736, -0.06092466, -0.07969237, -0.09695324, -0.11493220, -0.13554769, -0.16041024, -0.19073948, -0.22725041, -0.42837004, -0.64993090, -0.78793388, -0.81499611, -0.76586246, -0.68161204, -0.58849834, -0.49962677, -0.42036067, -0.35209656, -0.29438040, -0.24601700, -0.20562285, -0.17187962, -0.14363239, -0.11991217, -0.09992486, -0.08302793, -0.06870494, -0.05654184, -0.04620664, -0.03743252, -0.03000404, -0.02374598, -0.01851448, -0.01418988, -0.01067112, -0.00787125, -0.00571392, -0.00413069, -0.00292898, -0.00206097, -0.00144966, -0.00103014, -0.00074634, -0.00055211, -0.00041270, -0.00030490, -0.00021593, -0.00014100, -0.00008045, -0.00003659, -0.00001077, -0.00000097, 0.00000000
2.60078021, 1.61588493, 1.12314083, 0.82570851, 0.62590024, 0.48207616, 0.37347932, 0.28860580, 0.22056851, 0.16499222, 0.11896111, 0.08045200, 0.04801069, 0.02055807, -0.00273042, -0.02250219, -0.03927840, -0.05348807, -0.06549141, -0.09576989, -0.10955723, -0.11521093, -0.11912501, -0.12639725, -0.14020506, -0.16154841, -0.18904030, -0.21905265, -0.24651141, -0.26632000, -0.27496162, -0.27151049, -0.25751926, -0.23600139, -0.21024142, -0.18300567, -0.15626244, -0.13123490, -0.10858132, -0.08857937, -0.07126881, -0.05654821, -0.04423584, -0.03410671, -0.02591472, -0.01940587, -0.01432637, -0.01042756, -0.00746898, -0.00530288, -0.00373551, -0.00262097, -0.00184062, -0.00129846, -0.00091971, -0.00064952, -0.00045068, -0.00030030, -0.00018604, -0.00010210, -0.00004566, -0.00001386, -0.00000156, 0.00000000
2.12145458, 0.94291523, 0.43771318, 0.20033803, 0.06741054, -0.03261991, -0.12449423, -0.20570530, -0.26478284, -0.29543994, -0.30023566, -0.28703094, -0.26439755, -0.23899149, -0.21492589, -0.19420204, -0.17742410, -0.16442049, -0.15466931, -0.13502276, -0.12870397, -0.12394508, -0.11780894, -0.11015804, -0.10137325, -0.09184628, -0.08192564, -0.07192858, -0.06214247, -0.05281536, -0.04414511, -0.03627314, -0.02928412, -0.02321076, -0.01804200, -0.01373261, -0.01021309, -0.00739866, -0.00519711, -0.00351496, -0.00226229, -0.00135604, -0.00072218, -0.00029693, -0.00002712, 0.00012994, 0.00020707, 0.00022801, 0.00020851, 0.00018303, 0.00015288, 0.00012354, 0.00009756, 0.00007566, 0.00005763, 0.00004284, 0.00003070, 0.00002077, 0.00001283, 0.00000686, 0.00000286, 0.00000072, 0.00000004, 0.00000000
2.42412363, 1.52833194, 1.08281113, 0.81548724, 0.63661008, 0.50798685, 0.41066453, 0.33420309, 0.27239660, 0.22133406, 0.17843330, 0.14192305, 0.11054840, 0.08339509, 0.05978040, 0.03918292, 0.02119621, 0.00549726, -0.00817534, -0.04691065, -0.06916529, -0.08126906, -0.08761443, -0.09120856, -0.09356789, -0.09522146, -0.09621331, -0.09641956, -0.09570377, -0.09397553, -0.09120379, -0.08741510, -0.08268868, -0.07715103, -0.07096804, -0.06433346, -0.05745408, -0.05053390, -0.04375980, -0.03729108, -0.03125368, -0.02573891, -0.02080576, -0.01648520, -0.01278548, -0.00969720, -0.00719773, -0.00525475, -0.00382887, -0.00273199, -0.00193369, -0.00136572, -0.00097019, -0.00069685, -0.00050493, -0.00036455, -0.00025663, -0.00017103, -0.00010384, -0.00005430, -0.00002214, -0.00000555, -0.00000033, 0.00000000
3.08479131, 1.96667761, 1.42218291, 1.10062715, 0.88781186, 0.73577688, 0.62100661, 0.53068786, 0.45728000, 0.39607619, 0.34399830, 0.29895563, 0.25948282, 0.22452512, 0.19330569, 0.16524078, 0.13988377, 0.11688730, 0.09597707, 0.02978774, -0.01659926, -0.04807954, -0.06852293, -0.08148780, -0.08949652, -0.09409742, -0.09619417, -0.09633992, -0.09492363, -0.09226435, -0.08864664, -0.08432440, -0.07951123, -0.07436944, -0.06900578, -0.06347832, -0.05781418, -0.05203346, -0.04617263, -0.04030016, -0.03452018, -0.02896353, -0.02376965, -0.01906509, -0.01494475, -0.01145992, -0.00861485, -0.00637055, -0.00465355, -0.00336732, -0.00242862, -0.00175575, -0.00127934, -0.00094072, -0.00069376, -0.00050585, -0.00035700, -0.00023719, -0.00014298, -0.00007389, -0.00002945, -0.00000691, -0.00000021, 0.00000000
2.30292700, 1.41959373, 0.97273536, 0.70045080, 0.51623584, 0.38308530, 0.28248198, 0.20411060, 0.14174926, 0.09140277, 0.05036982, 0.01674162, -0.01088349, -0.03357011, -0.05215099, -0.06729414, -0.07954684, -0.08936520, -0.09713459, -0.11405502, -0.12081448, -0.12664098, -0.13777630, -0.15794160, -0.18746920, -0.22322817, -0.25948804, -0.28967122, -0.30846788, -0.31339503, -0.30506920, -0.28627620, -0.26061101, -0.23142302, -0.20131620, -0.17207638, -0.14480484, -0.12010160, -0.09822633, -0.07921815, -0.06297816, -0.04932423, -0.03802714, -0.02883421, -0.02148495, -0.01572115, -0.01129333, -0.00796475, -0.00551355, -0.00375647, -0.00252426, -0.00168018, -0.00111561, -0.00074394, -0.00049905, -0.00033405, -0.00021862, -0.00013532, -0.00007544, -0.00003495, -0.00001131, -0.00000117, 0.00000046, 0.00000000
2.72307601, 1.75425108, 1.26780925, 0.97369316, 0.77594130, 0.63338085, 0.52536901, 0.44041524, 0.37162320, 0.31461145, 0.26646934, 0.22519252, 0.18935914, 0.15793502, 0.13015151, 0.10542643, 0.08331128, 0.06345508, 0.04557919, -0.00939434, -0.04575744, -0.06934485, -0.08418436, -0.09319756, -0.09827839, -0.10058909, -0.10084907, -0.09953237, -0.09698025, -0.09345772, -0.08917867, -0.08431659, -0.07901047, -0.07337112, -0.06748951, -0.06144638, -0.05532113, -0.04919783, -0.04316705, -0.03732354, -0.03176098, -0.02656543, -0.02180949, -0.01754832, -0.01381808, -0.01063665, -0.00800601, -0.00591562, -0.00434583, -0.00311636, -0.00220694, -0.00155312, -0.00109687, -0.00078562, -0.00057408, -0.00042616, -0.00031594, -0.00022738, -0.00015291, -0.00009118, -0.00004424, -0.00001451, -0.00000173, 0.00000000
2.68092826, 1.72765082, 1.24185072, 0.94064617, 0.73282588, 0.57961994, 0.46155031, 0.36766817, 0.29130192, 0.22813069, 0.17521833, 0.13048966, 0.09242851, 0.05989453, 0.03200763, 0.00807247, -0.01247226, -0.03008858, -0.04516357, -0.08500824, -0.10393506, -0.11150520, -0.11409011, -0.11590049, -0.11944860, -0.12604422, -0.13596224, -0.14843007, -0.16173238, -0.17358486, -0.18172188, -0.18450030, -0.18128702, -0.17249205, -0.15928647, -0.14318340, -0.12566889, -0.10797807, -0.09101525, -0.07536838, -0.06136648, -0.04914611, -0.03871051, -0.02997626, -0.02280783, -0.01704207, -0.01250500, -0.00902301, -0.00642982, -0.00450230, -0.00311352, -0.00213567, -0.00146329, -0.00100926, -0.00070417, -0.00049579, -0.00034771, -0.00023708, -0.00015163, -0.00008634, -0.00004011, -0.00001258, -0.00000142, 0.00000000
2.58313724, 1.66691536, 1.20324767, 0.91502306, 0.71484365, 0.56611663, 0.45062941, 0.35819617, 0.28262089, 0.21988652, 0.16725352, 0.12277368, 0.08501076, 0.05287162, 0.02549999, 0.00220738, -0.01757302, -0.03431762, -0.04843401, -0.08387568, -0.09870991, -0.10399119, -0.10729189, -0.11389220, -0.12734637, -0.14945953, -0.17969859, -0.21476646, -0.24899387, -0.27582627, -0.29006788, -0.28975010, -0.27642017, -0.25382695, -0.22615045, -0.19682367, -0.16816443, -0.14150706, -0.11749222, -0.09633198, -0.07799712, -0.06233292, -0.04912512, -0.03813543, -0.02911982, -0.02183768, -0.01605622, -0.01155250, -0.00811429, -0.00555112, -0.00368967, -0.00237823, -0.00148674, -0.00090496, -0.00054181, -0.00032483, -0.00019922, -0.00012620, -0.00008082, -0.00004931, -0.00002595, -0.00000984, -0.00000158, 0.00000000
2.62248947, 1.61388703, 1.09990365, 0.78044944, 0.56036156, 0.39971477, 0.27853770, 0.18548852, 0.11344558, 0.05755172, 0.01426580, -0.01912680, -0.04477903, -0.06443339, -0.07951532, -0.09119808, -0.10045331, -0.10809346, -0.11480715, -0.14283155, -0.19192003, -0.26876623, -0.35809469, -0.43390699, -0.47716494, -0.48447761, -0.46378039, -0.42604729, -0.38038068, -0.33285755, -0.28704557, -0.24481067, -0.20696106, -0.17368061, -0.14480427, -0.11998905, -0.09881749, -0.08085809, -0.06569826, -0.05296055, -0.04230880, -0.03344875, -0.02612558, -0.02012029, -0.01524550, -0.01134139, -0.00827182, -0.00592093, -0.00419004, -0.00288548, -0.00194358, -0.00128156, -0.00083086, -0.00053368, -0.00034276, -0.00022151, -0.00014358, -0.00009160, -0.00005539, -0.00002986, -0.00001291, -0.00000353, -0.00000024, 0.00000000
2.99356956, 1.93605036, 1.41455814, 1.09883112, 0.88445074, 0.72787197, 0.60760891, 0.51178824, 0.43329282, 0.36758787, 0.31164360, 0.26335744, 0.22122404, 0.18413705, 0.15126470, 0.12196900, 0.09575155, 0.07221633, 0.05104349, -0.01366977, -0.05522669, -0.08055847, -0.09484506, -0.10214139, -0.10523885, -0.10589234, -0.10514263, -0.10357538, -0.10148326, -0.09895611, -0.09594196, -0.09230989, -0.08792096, -0.08269386, -0.07664711, -0.06990765, -0.06268902, -0.05525154, -0.04785964, -0.04074778, -0.03410018, -0.02804431, -0.02265441, -0.01796090, -0.01396180, -0.01063351, -0.00793965, -0.00583752, -0.00428238, -0.00308336, -0.00220614, -0.00157951, -0.00114222, -0.00084066, -0.00063015, -0.00047639, -0.00035597, -0.00025557, -0.00017000, -0.00009960, -0.00004718, -0.00001497, -0.00000167, 0.00000000
2.98794917, 1.95928019, 1.45142902, 1.14623123, 0.94063272, 0.79126656, 0.67674146, 0.58530893, 0.50999552, 0.44641184, 0.39166554, 0.34377951, 0.30136117, 0.26340491, 0.22916901, 0.19809637, 0.16976169, 0.14383547, 0.12005888, 0.04375375, -0.00979476, -0.04596714, -0.06923419, -0.08350250, -0.09167115, -0.09571524, -0.09694846, -0.09625924, -0.09427235, -0.09144552, -0.08811885, -0.08453136, -0.08081990, -0.07701745, -0.07306545, -0.06884650, -0.06423279, -0.05913731, -0.05355294, -0.04756801, -0.04135510, -0.03513902, -0.02915554, -0.02361369, -0.01867012, -0.01441833, -0.01089044, -0.00806727, -0.00589182, -0.00423231, -0.00300975, -0.00213129, -0.00151434, -0.00108676, -0.00078907, -0.00057582, -0.00041556, -0.00028919, -0.00018742, -0.00010756, -0.00005017, -0.00001576, -0.00000176, 0.00000000
3.25184549, 2.17323663, 1.64512985, 1.32672523, 1.11106401, 0.95380861, 0.83317524, 0.73715486, 0.65855300, 0.59278030, 0.53676232, 0.48835715, 0.44602403, 0.40862467, 0.37529901, 0.34538463, 0.31836274, 0.29382115, 0.27142807, 0.19905520, 0.14589366, 0.10539528, 0.07352273, 0.04765923, 0.02622297, 0.00832423, -0.00651799, -0.01857706, -0.02804521, -0.03510349, -0.03995377, -0.04282714, -0.04397943, -0.04368078, -0.04220376, -0.03981252, -0.03675403, -0.03325205, -0.02950337, -0.02567620, -0.02191010, -0.01831707, -0.01498342, -0.01197201, -0.00932479, -0.00706543, -0.00520190, -0.00372900, -0.00263086, -0.00178010, -0.00116057, -0.00072543, -0.00043258, -0.00024438, -0.00012910, -0.00006196, -0.00002502, -0.00000623, 0.00000202, 0.00000435, 0.00000365, 0.00000187, 0.00000038, 0.00000000
2.84789919, 1.80326761, 1.28471855, 0.97261453, 0.76355183, 0.61362107, 0.50086161, 0.41301956, 0.34270056, 0.28517307, 0.23726824, 0.19678516, 0.16214892, 0.13220418, 0.10608521, 0.08313127, 0.06282978, 0.04477728, 0.02865189, -0.02039711, -0.05324942, -0.07504690, -0.08897851, -0.09758709, -0.10257663, -0.10499160, -0.10547609, -0.10446145, -0.10226696, -0.09913948, -0.09526206, -0.09075530, -0.08568599, -0.08008782, -0.07399024, -0.06744678, -0.06055403, -0.05345602, -0.04633390, -0.03938547, -0.03280121, -0.02674331, -0.02133162, -0.01663817, -0.01268892, -0.00947072, -0.00694075, -0.00503632, -0.00368363, -0.00267882, -0.00196827, -0.00147083, -0.00112225, -0.00087063, -0.00067726, -0.00051724, -0.00037817, -0.00025709, -0.00015655, -0.00008057, -0.00003127, -0.00000670, 0.00000003, 0.00000000
2.38630467, 1.52825030, 1.10803235, 0.85572398, 0.68564737, 0.56219067, 0.46788815, 0.39314848, 0.33225168, 0.28156498, 0.23866372, 0.20186324, 0.16995353, 0.14204086, 0.11744919, 0.09565649, 0.07625234, 0.05890885, 0.04336033, -0.00360977, -0.03435592, -0.05365368, -0.06533861, -0.07258940, -0.07734352, -0.08053811, -0.08252244, -0.08337623, -0.08309940, -0.08170468, -0.07925101, -0.07584558, -0.07163232, -0.06677675, -0.06145197, -0.05582764, -0.05006238, -0.04429897, -0.03866184, -0.03325603, -0.02816719, -0.02346219, -0.01919010, -0.01538348, -0.01205975, -0.00922276, -0.00686437, -0.00496607, -0.00350049, -0.00236463, -0.00152473, -0.00092738, -0.00052298, -0.00026522, -0.00011284, -0.00003148, 0.00000557, 0.00001755, 0.00001723, 0.00001231, 0.00000687, 0.00000274, 0.00000048, 0.00000000
2.96212571, 1.92679114, 1.41768667, 1.11284470, 0.90879861, 0.76199941, 0.65086928, 0.56347583, 0.49267813, 0.43394050, 0.38424509, 0.34150785, 0.30424503, 0.27137312, 0.24208370, 0.21576239, 0.19193475, 0.17022923, 0.15035124, 0.08621865, 0.03951346, 0.00515118, -0.02023731, -0.03914064, -0.05324369, -0.06361877, -0.07094276, -0.07567037, -0.07814917, -0.07868489, -0.07757161, -0.07509992, -0.07155338, -0.06720045, -0.06228627, -0.05702660, -0.05160466, -0.04617062, -0.04084332, -0.03571349, -0.03084824, -0.02629615, -0.02209270, -0.01826535, -0.01483746, -0.01183042, -0.00926347, -0.00715143, -0.00550080, -0.00415698, -0.00312156, -0.00234418, -0.00177398, -0.00136058, -0.00105742, -0.00082545, -0.00063595, -0.00047163, -0.00032590, -0.00020044, -0.00010166, -0.00003607, -0.00000519, 0.00000000
2.79461986, 1.84334281, 1.37459787, 1.09073963, 0.89799914, 0.75736633, 0.64959849, 0.56404043, 0.49427806, 0.43619900, 0.38703374, 0.34484235, 0.30822154, 0.27612876, 0.24777173, 0.22253668, 0.19994009, 0.17959544, 0.16118976, 0.10306383, 0.06195514, 0.03202524, 0.00973860, -0.00722987, -0.02033335, -0.03044979, -0.03811551, -0.04368230, -0.04741177, -0.04952670, -0.05023555, -0.04974169, -0.04824468, -0.04593802, -0.04300582, -0.03961957, -0.03593567, -0.03209378, -0.02821600, -0.02440667, -0.02075278, -0.01732468, -0.01417713, -0.01135051, -0.00887214, -0.00675774, -0.00501283, -0.00363432, -0.00261196, -0.00181279, -0.00122860, -0.00081595, -0.00053535, -0.00035141, -0.00023408, -0.00015961, -0.00011074, -0.00007631, -0.00005013, -0.00002965, -0.00001446, -0.00000486, -0.00000063, 0.00000000
2.89514358, 1.94038685, 1.47701297, 1.19792806, 1.00746329, 0.86658627, 0.75647724, 0.66695418, 0.59202091, 0.52790858, 0.47212282, 0.42294214, 0.37913664, 0.33980179, 0.30425574, 0.27197347, 0.24254320, 0.21563670, 0.19098849, 0.11152003, 0.05466222, 0.01409047, -0.01485874, -0.03580827, -0.05120820, -0.06254291, -0.07065790, -0.07604654, -0.07904746, -0.07995586, -0.07907118, -0.07670525, -0.07317133, -0.06876768, -0.06376339, -0.05838920, -0.05283386, -0.04724516, -0.04173466, -0.03638532, -0.03126060, -0.02641330, -0.02189248, -0.01774693, -0.01402468, -0.01076928, -0.00801426, -0.00577789, -0.00405976, -0.00270988, -0.00171471, -0.00101361, -0.00054686, -0.00025687, -0.00009192, -0.00000918, 0.00002408, 0.00003081, 0.00002570, 0.00001712, 0.00000922, 0.00000361, 0.00000063, 0.00000000
2.55361776, 1.68071311, 1.24475590, 0.97853594, 0.79689496, 0.66402528, 0.56209481, 0.48114900, 0.41515569, 0.36022738, 0.31373606, 0.27383615, 0.23919068, 0.20880585, 0.18192671, 0.15796900, 0.13647326, 0.11707301, 0.09947231, 0.04383014, 0.00442179, -0.02386130, -0.04421163, -0.05890741, -0.06943122, -0.07669795, -0.08128523, -0.08360010, -0.08397723, -0.08272587, -0.08014501, -0.07652213, -0.07212574, -0.06719745, -0.06194615, -0.05654491, -0.05113050, -0.04580539, -0.04064193, -0.03568862, -0.03097784, -0.02653411, -0.02238156, -0.01854889, -0.01507099, -0.01198638, -0.00933123, -0.00713143, -0.00539479, -0.00398874, -0.00291010, -0.00210709, -0.00152611, -0.00111372, -0.00082117, -0.00060837, -0.00044603, -0.00031580, -0.00020876, -0.00012275, -0.00005917, -0.00001960, -0.00000250, 0.00000000
