0.01000000, 0.01500000, 0.02000000, 0.02500000, 0.03000000, 0.03500000, 0.04000000, 0.04500000, 0.05000000, 0.05500000, 0.06000000, 0.06500000, 0.07000000, 0.07500000, 0.08000000, 0.08500000, 0.09000000, 0.09500000, 0.10000000, 0.12000000, 0.14000000, 0.16000000, 0.18000000, 0.20000000, 0.22000000, 0.24000000, 0.26000000, 0.28000000, 0.30000000, 0.32000000, 0.34000000, 0.36000000, 0.38000000, 0.40000000, 0.42000000, 0.44000000, 0.46000000, 0.48000000, 0.50000000, 0.52000000, 0.54000000, 0.56000000, 0.58000000, 0.60000000, 0.62000000, 0.64000000, 0.66000000, 0.68000000, 0.70000000, 0.72000000, 0.74000000, 0.76000000, 0.78000000, 0.80000000, 0.82000000, 0.84000000, 0.86000000, 0.88000000, 0.90000000, 0.92000000, 0.94000000, 0.96000000, 0.98000000, 1.00000000
0.55959516, 0.33715909, 0.23911642, 0.18465793, 0.14960972, 0.12467117, 0.10567173, 0.09052189, 0.07807431, 0.06764496, 0.05879403, 0.05121878, 0.04469834, 0.03906373, 0.03418091, 0.02994073, 0.02625257, 0.02304023, 0.02023904, 0.01219326, 0.00748598, 0.00469295, 0.00300483, 0.00196097, 0.00130018, 0.00087276, 0.00059116, 0.00040284, 0.00027547, 0.00018859, 0.00012902, 0.00008805, 0.00005985, 0.00004047, 0.00002719, 0.00001814, 0.00001201, 0.00000790, 0.00000516, 0.00000336, 0.00000219, 0.00000143, 0.00000094, 0.00000063, 0.00000042, 0.00000028, 0.00000019, 0.00000012, 0.00000007, 0.00000004, 0.00000002, 0.00000001, 0.00000000, 0.00000000, -0.00000000, -0.00000000, -0.00000000, -0.00000000, -0.00000000, -0.00000000, -0.00000000, -0.00000000, -0.00000000, 0.00000000
0.54727836, 0.32649840, 0.23131003, 0.17928085, 0.14605102, 0.12241246, 0.10432490, 0.08981026, 0.07780473, 0.06768358, 0.05904795, 0.05162306, 0.04520697, 0.03964355, 0.03480758, 0.03059597, 0.02692235, 0.02371360, 0.02090730, 0.01279369, 0.00798574, 0.00509291, 0.00331842, 0.00220399, 0.00148705, 0.00101555, 0.00069961, 0.00048471, 0.00033685, 0.00023429, 0.00016277, 0.00011275, 0.00007775, 0.00005329, 0.00003626, 0.00002447, 0.00001636, 0.00001083, 0.00000710, 0.00000462, 0.00000300, 0.00000194, 0.00000127, 0.00000085, 0.00000057, 0.00000040, 0.00000028, 0.00000019, 0.00000011, 0.00000007, 0.00000004, 0.00000002, 0.00000001, 0.00000000, -0.00000000, -0.00000000, -0.00000000, -0.00000000, -0.00000000, -0.00000000, -0.00000000, -0.00000000, -0.00000000, 0.00000000
0.47467728, 0.27398984, 0.18936764, 0.14522378, 0.11869019, 0.10088320, 0.08782844, 0.07758108, 0.06912674, 0.06190820, 0.05560409, 0.05001929, 0.04502825, 0.04054486, 0.03650604, 0.03286257, 0.02957401, 0.02660578, 0.02392748, 0.01565285, 0.01026591, 0.00678326, 0.00452827, 0.00305440, 0.00207870, 0.00142436, 0.00098046, 0.00067654, 0.00046705, 0.00032201, 0.00022137, 0.00015153, 0.00010315, 0.00006975, 0.00004681, 0.00003117, 0.00002059, 0.00001350, 0.00000881, 0.00000573, 0.00000374, 0.00000246, 0.00000164, 0.00000111, 0.00000076, 0.00000052, 0.00000036, 0.00000023, 0.00000015, 0.00000009, 0.00000005, 0.00000003, 0.00000001, 0.00000000, -0.00000000, -0.00000000, -0.00000000, -0.00000000, -0.00000000, -0.00000000, -0.00000000, -0.00000000, -0.00000000, 0.00000000
0.50203034, 0.30655612, 0.22385734, 0.17762091, 0.14662123, 0.12340358, 0.10490352, 0.08966840, 0.07690244, 0.06610548, 0.05692568, 0.04909536, 0.04240080, 0.03666664, 0.03174688, 0.02751905, 0.02388001, 0.02074272, 0.01803362, 0.01045771, 0.00620593, 0.00377701, 0.00235805, 0.00150665, 0.00098165, 0.00064963, 0.00043501, 0.00029375, 0.00019943, 0.00013578, 0.00009250, 0.00006292, 0.00004266, 0.00002879, 0.00001931, 0.00001286, 0.00000850, 0.00000557, 0.00000362, 0.00000234, 0.00000151, 0.00000098, 0.00000063, 0.00000042, 0.00000028, 0.00000019, 0.00000012, 0.00000008, 0.00000005, 0.00000003, 0.00000002, 0.00000001, 0.00000000, 0.00000000, -0.00000000, -0.00000000, -0.00000000, -0.00000000, -0.00000000, -0.00000000, -0.00000000, -0.00000000, -0.00000000, 0.00000000
0.54606380, 0.31695753, 0.21754446, 0.16390020, 0.13073475, 0.10816137, 0.09166433, 0.07895042, 0.06875843, 0.06034808, 0.05325957, 0.04719230, 0.04194025, 0.03735601, 0.03332989, 0.02977745, 0.02663173, 0.02383839, 0.02135241, 0.01385119, 0.00908004, 0.00602401, 0.00404956, 0.00275693, 0.00189757, 0.00131745, 0.00092040, 0.00064547, 0.00045338, 0.00031829, 0.00022289, 0.00015541, 0.00010768, 0.00007401, 0.00005036, 0.00003387, 0.00002245, 0.00001465, 0.00000939, 0.00000590, 0.00000363, 0.00000220, 0.00000131, 0.00000078, 0.00000047, 0.00000029, 0.00000018, 0.00000011, 0.00000005, 0.00000002, 0.00000000, -0.00000000, -0.00000001, -0.00000001, -0.00000000, -0.00000000, -0.00000000, -0.00000000, -0.00000000, -0.00000000, 0.00000000, 0.00000000, 0.00000000, 0.00000000
0.51140352, 0.30308823, 0.21396824, 0.16584132, 0.13563338, 0.11453317, 0.09861777, 0.08594580, 0.07547406, 0.06660067, 0.05895481, 0.05229320, 0.04644643, 0.04128998, 0.03672786, 0.03268316, 0.02909234, 0.02590170, 0.02306508, 0.01456604, 0.00927419, 0.00597444, 0.00390256, 0.00258506, 0.00173425, 0.00117607, 0.00080442, 0.00055373, 0.00038280, 0.00026526, 0.00018391, 0.00012736, 0.00008798, 0.00006053, 0.00004143, 0.00002818, 0.00001903, 0.00001276, 0.00000850, 0.00000562, 0.00000371, 0.00000245, 0.00000163, 0.00000109, 0.00000075, 0.00000051, 0.00000035, 0.00000024, 0.00000014, 0.00000009, 0.00000005, 0.00000002, 0.00000001, 0.00000000, -0.00000000, -0.00000000, -0.00000000, -0.00000000, -0.00000000, -0.00000000, -0.00000000, -0.00000000, -0.00000000, 0.00000000
0.51301232, 0.30326708, 0.21505293, 0.16789999, 0.13807016, 0.11674986, 0.10020646, 0.08669820, 0.07533524, 0.06561655, 0.05722893, 0.04995569, 0.04363350, 0.03813142, 0.03334017, 0.02916647, 0.02552970, 0.02235980, 0.01959577, 0.01168962, 0.00710994, 0.00442195, 0.00281222, 0.00182397, 0.00120192, 0.00080158, 0.00053912, 0.00036455, 0.00024719, 0.00016770, 0.00011361, 0.00007673, 0.00005159, 0.00003448, 0.00002290, 0.00001509, 0.00000987, 0.00000641, 0.00000415, 0.00000267, 0.00000173, 0.00000112, 0.00000074, 0.00000049, 0.00000032, 0.00000021, 0.00000014, 0.00000009, 0.00000005, 0.00000003, 0.00000002, 0.00000001, 0.00000000, 0.00000000, -0.00000000, -0.00000000, -0.00000000, -0.00000000, -0.00000000, -0.00000000, -0.00000000, -0.00000000, -0.00000000, 0.00000000
0.54314792, 0.32754389, 0.23259009, 0.17967878, 0.14538145, 0.12077527, 0.10190481, 0.08680327, 0.07438995, 0.06401360, 0.05524729, 0.04779008, 0.04141712, 0.03595302, 0.03125672, 0.02721240, 0.02372364, 0.02070951, 0.01810164, 0.01073290, 0.00652091, 0.00406228, 0.00259156, 0.00168746, 0.00111686, 0.00074834, 0.00050578, 0.00034375, 0.00023433, 0.00015986, 0.00010893, 0.00007403, 0.00005010, 0.00003373, 0.00002257, 0.00001500, 0.00000990, 0.00000649, 0.00000424, 0.00000276, 0.00000180, 0.00000118, 0.00000078, 0.00000052, 0.00000034, 0.00000023, 0.00000015, 0.00000009, 0.00000006, 0.00000003, 0.00000002, 0.00000001, 0.00000000, -0.00000000, -0.00000000, -0.00000000, -0.00000000, -0.00000000, -0.00000000, -0.00000000, -0.00000000, -0.00000000, -0.00000000, 0.00000000
0.50726881, 0.29960882, 0.21122914, 0.16405221, 0.13465078, 0.11408339, 0.09843689, 0.08583200, 0.07529504, 0.06628332, 0.05847002, 0.05164159, 0.04564678, 0.04037060, 0.03572067, 0.03161974, 0.02800161, 0.02480866, 0.02199030, 0.01368535, 0.00863910, 0.00554609, 0.00362145, 0.00239973, 0.00160841, 0.00108671, 0.00073788, 0.00050217, 0.00034175, 0.00023213, 0.00015708, 0.00010575, 0.00007072, 0.00004692, 0.00003087, 0.00002012, 0.00001300, 0.00000834, 0.00000532, 0.00000338, 0.00000216, 0.00000140, 0.00000091, 0.00000060, 0.00000040, 0.00000026, 0.00000016, 0.00000010, 0.00000006, 0.00000004, 0.00000002, 0.00000001, 0.00000000, -0.00000000, -0.00000000, -0.00000000, -0.00000000, -0.00000000, -0.00000000, -0.00000000, -0.00000000, -0.00000000, -0.00000000, 0.00000000
0.50726881, 0.29960882, 0.21122914, 0.16405221, 0.13465078, 0.11408339, 0.09843689, 0.08583200, 0.07529504, 0.06628332, 0.05847002, 0.05164159, 0.04564678, 0.04037060, 0.03572067, 0.03161974, 0.02800161, 0.02480866, 0.02199030, 0.01368535, 0.00863910, 0.00554609, 0.00362145, 0.00239973, 0.00160841, 0.00108671, 0.00073788, 0.00050217, 0.00034175, 0.00023213, 0.00015708, 0.00010575, 0.00007072, 0.00004692, 0.00003087, 0.00002012, 0.00001300, 0.00000834, 0.00000532, 0.00000338, 0.00000216, 0.00000140, 0.00000091, 0.00000060, 0.00000040, 0.00000026, 0.00000016, 0.00000010, 0.00000006, 0.00000004, 0.00000002, 0.00000001, 0.00000000, -0.00000000, -0.00000000, -0.00000000, -0.00000000, -0.00000000, -0.00000000, -0.00000000, -0.00000000, -0.00000000, -0.00000000, 0.00000000
0.49267491, 0.29527065, 0.21367894, 0.16977056, 0.14128644, 0.12030841, 0.10361999, 0.08976316, 0.07799563, 0.06788698, 0.05915292, 0.05158405, 0.04501419, 0.03930544, 0.03434067, 0.03001930, 0.02625458, 0.02297160, 0.02010569, 0.01192637, 0.00720032, 0.00444089, 0.00280166, 0.00180518, 0.00118437, 0.00078856, 0.00053103, 0.00036064, 0.00024637, 0.00016896, 0.00011611, 0.00007986, 0.00005492, 0.00003774, 0.00002591, 0.00001777, 0.00001219, 0.00000838, 0.00000578, 0.00000400, 0.00000280, 0.00000197, 0.00000140, 0.00000100, 0.00000072, 0.00000051, 0.00000036, 0.00000024, 0.00000016, 0.00000010, 0.00000006, 0.00000004, 0.00000002, 0.00000001, -0.00000000, -0.00000000, -0.00000000, -0.00000000, -0.00000000, -0.00000000, -0.00000000, -0.00000000, -0.00000000, 0.00000000
0.54707903, 0.31876579, 0.22092806, 0.16845297, 0.13594275, 0.11362225, 0.09710744, 0.08421026, 0.07374306, 0.06501324, 0.05759013, 0.05118976, 0.04561480, 0.04072170, 0.03640189, 0.03257057, 0.02915981, 0.02611407, 0.02338719, 0.01513091, 0.00985560, 0.00648096, 0.00431062, 0.00289870, 0.00196738, 0.00134477, 0.00092374, 0.00063642, 0.00043906, 0.00030289, 0.00020874, 0.00014359, 0.00009857, 0.00006752, 0.00004618, 0.00003157, 0.00002162, 0.00001486, 0.00001029, 0.00000719, 0.00000509, 0.00000364, 0.00000263, 0.00000191, 0.00000138, 0.00000098, 0.00000068, 0.00000046, 0.00000032, 0.00000020, 0.00000012, 0.00000007, 0.00000003, 0.00000001, -0.00000000, -0.00000001, -0.00000001, -0.00000001, -0.00000001, -0.00000000, -0.00000000, -0.00000000, -0.00000000, 0.00000000
0.48050650, 0.26876097, 0.18079739, 0.13600590, 0.10986858, 0.09284809, 0.08069504, 0.07134880, 0.06374802, 0.05731803, 0.05173222, 0.04679507, 0.04238255, 0.03841083, 0.03481956, 0.03156260, 0.02860295, 0.02590972, 0.02345645, 0.01575871, 0.01059209, 0.00715325, 0.00486449, 0.00332921, 0.00228871, 0.00157693, 0.00108660, 0.00074736, 0.00051221, 0.00034928, 0.00023664, 0.00015909, 0.00010600, 0.00006993, 0.00004564, 0.00002947, 0.00001883, 0.00001193, 0.00000752, 0.00000474, 0.00000300, 0.00000193, 0.00000125, 0.00000082, 0.00000052, 0.00000032, 0.00000018, 0.00000009, 0.00000007, 0.00000003, 0.00000002, 0.00000001, -0.00000000, -0.00000000, -0.00000000, -0.00000000, -0.00000000, -0.00000000, -0.00000000, -0.00000000, -0.00000000, -0.00000000, -0.00000000, 0.00000000
0.50356070, 0.32685019, 0.25111921, 0.20507668, 0.17088345, 0.14316893, 0.12001454, 0.10053115, 0.08415234, 0.07042634, 0.05895908, 0.04940130, 0.04144648, 0.03482970, 0.02932520, 0.02474277, 0.02092359, 0.01773580, 0.01507043, 0.00807094, 0.00450674, 0.00261831, 0.00157592, 0.00097690, 0.00061992, 0.00040048, 0.00026215, 0.00017318, 0.00011509, 0.00007673, 0.00005120, 0.00003413, 0.00002270, 0.00001504, 0.00000992, 0.00000651, 0.00000425, 0.00000276, 0.00000180, 0.00000117, 0.00000076, 0.00000050, 0.00000033, 0.00000022, 0.00000015, 0.00000010, 0.00000006, 0.00000004, 0.00000002, 0.00000001, 0.00000001, 0.00000000, 0.00000000, 0.00000000, -0.00000000, -0.00000000, -0.00000000, -0.00000000, -0.00000000, -0.00000000, -0.00000000, -0.00000000, -0.00000000, 0.00000000
0.54255465, 0.32648680, 0.23390271, 0.18290561, 0.14972571, 0.12562428, 0.10686720, 0.09165188, 0.07900310, 0.06833251, 0.05924878, 0.05147023, 0.04478192, 0.03901329, 0.03402542, 0.02970331, 0.02595081, 0.02268693, 0.01984318, 0.01174428, 0.00707130, 0.00434551, 0.00273011, 0.00175199, 0.00114554, 0.00076073, 0.00051138, 0.00034685, 0.00023667, 0.00016202, 0.00011102, 0.00007598, 0.00005182, 0.00003516, 0.00002368, 0.00001581, 0.00001045, 0.00000682, 0.00000440, 0.00000280, 0.00000177, 0.00000111, 0.00000069, 0.00000044, 0.00000028, 0.00000019, 0.00000013, 0.00000008, 0.00000005, 0.00000003, 0.00000001, 0.00000001, 0.00000000, -0.00000000, -0.00000000, -0.00000000, -0.00000000, -0.00000000, -0.00000000, -0.00000000, -0.00000000, -0.00000000, -0.00000000, 0.00000000
0.60525555, 0.36839892, 0.26154779, 0.20133452, 0.16233718, 0.13456595, 0.11345132, 0.09666767, 0.08292524, 0.07145201, 0.06175175, 0.05348377, 0.04640000, 0.04031086, 0.03506574, 0.03054167, 0.02663616, 0.02326270, 0.02034761, 0.01208102, 0.00735001, 0.00458568, 0.00293143, 0.00191508, 0.00127413, 0.00086008, 0.00058694, 0.00040361, 0.00027883, 0.00019302, 0.00013357, 0.00009218, 0.00006332, 0.00004320, 0.00002921, 0.00001953, 0.00001289, 0.00000838, 0.00000535, 0.00000336, 0.00000207, 0.00000126, 0.00000077, 0.00000047, 0.00000030, 0.00000020, 0.00000014, 0.00000009, 0.00000005, 0.00000003, 0.00000002, 0.00000001, 0.00000000, 0.00000000, -0.00000000, -0.00000000, -0.00000000, -0.00000000, -0.00000000, -0.00000000, -0.00000000, -0.00000000, -0.00000000, 0.00000000
0.61791220, 0.36974253, 0.25904885, 0.19747035, 0.15832241, 0.13108067, 0.11086401, 0.09514164, 0.08248701, 0.07204027, 0.06325309, 0.05575822, 0.04929875, 0.04368792, 0.03878526, 0.03448192, 0.03069145, 0.02734362, 0.02438044, 0.01554653, 0.01003657, 0.00656967, 0.00436473, 0.00294052, 0.00200457, 0.00137919, 0.00095519, 0.00066428, 0.00046286, 0.00032249, 0.00022429, 0.00015547, 0.00010725, 0.00007354, 0.00005007, 0.00003382, 0.00002265, 0.00001504, 0.00000991, 0.00000650, 0.00000425, 0.00000279, 0.00000184, 0.00000123, 0.00000084, 0.00000057, 0.00000039, 0.00000025, 0.00000016, 0.00000009, 0.00000005, 0.00000002, 0.00000001, 0.00000000, -0.00000000, -0.00000000, -0.00000000, -0.00000000, -0.00000000, -0.00000000, -0.00000000, -0.00000000, -0.00000000, 0.00000000
0.48877471, 0.28051501, 0.19618701, 0.15256351, 0.12561465, 0.10663989, 0.09204663, 0.08019373, 0.07025380, 0.06176283, 0.05443041, 0.04805567, 0.04248834, 0.03760972, 0.03332285, 0.02954685, 0.02621349, 0.02326478, 0.02065120, 0.01293019, 0.00819334, 0.00527001, 0.00344621, 0.00228926, 0.00154141, 0.00104912, 0.00071980, 0.00049652, 0.00034355, 0.00023791, 0.00016458, 0.00011353, 0.00007797, 0.00005321, 0.00003604, 0.00002419, 0.00001607, 0.00001056, 0.00000686, 0.00000441, 0.00000281, 0.00000178, 0.00000113, 0.00000073, 0.00000048, 0.00000032, 0.00000022, 0.00000014, 0.00000008, 0.00000005, 0.00000003, 0.00000001, 0.00000000, -0.00000000, -0.00000000, -0.00000000, -0.00000000, -0.00000000, -0.00000000, -0.00000000, -0.00000000, -0.00000000, -0.00000000, 0.00000000
0.49474119, 0.28846366, 0.20319841, 0.15871498, 0.13136499, 0.11228602, 0.09768667, 0.08579803, 0.07573514, 0.06702318, 0.05938612, 0.05264784, 0.04668448, 0.04140090, 0.03671892, 0.03257144, 0.02889934, 0.02564983, 0.02277559, 0.01425976, 0.00905311, 0.00584923, 0.00385052, 0.00257848, 0.00175120, 0.00120221, 0.00083158, 0.00057790, 0.00040249, 0.00028032, 0.00019487, 0.00013498, 0.00009301, 0.00006366, 0.00004323, 0.00002909, 0.00001937, 0.00001276, 0.00000832, 0.00000537, 0.00000345, 0.00000221, 0.00000142, 0.00000093, 0.00000062, 0.00000042, 0.00000028, 0.00000018, 0.00000011, 0.00000006, 0.00000003, 0.00000002, 0.00000001, -0.00000000, -0.00000000, -0.00000000, -0.00000000, -0.00000000, -0.00000000, -0.00000000, -0.00000000, -0.00000000, -0.00000000, 0.00000000
0.56788782, 0.34284915, 0.24412513, 0.18944781, 0.15427014, 0.12918263, 0.10999098, 0.09461060, 0.08190704, 0.07120947, 0.06208887, 0.05425048, 0.04747873, 0.04160787, 0.03650551, 0.03206300, 0.02818948, 0.02480799, 0.02185287, 0.01331418, 0.00826422, 0.00523271, 0.00337780, 0.00221669, 0.00147350, 0.00098853, 0.00066714, 0.00045166, 0.00030602, 0.00020709, 0.00013973, 0.00009385, 0.00006268, 0.00004157, 0.00002737, 0.00001788, 0.00001160, 0.00000748, 0.00000481, 0.00000309, 0.00000200, 0.00000130, 0.00000086, 0.00000057, 0.00000037, 0.00000023, 0.00000014, 0.00000008, 0.00000005, 0.00000003, 0.00000001, 0.00000001, 0.00000000, -0.00000000, -0.00000000, -0.00000000, -0.00000000, -0.00000000, -0.00000000, -0.00000000, -0.00000000, -0.00000000, -0.00000000, 0.00000000
0.48050650, 0.26876097, 0.18079739, 0.13600590, 0.10986858, 0.09284809, 0.08069504, 0.07134880, 0.06374802, 0.05731803, 0.05173222, 0.04679507, 0.04238255, 0.03841083, 0.03481956, 0.03156260, 0.02860295, 0.02590972, 0.02345645, 0.01575871, 0.01059209, 0.00715325, 0.00486449, 0.00332921, 0.00228871, 0.00157693, 0.00108660, 0.00074736, 0.00051221, 0.00034928, 0.00023664, 0.00015909, 0.00010600, 0.00006993, 0.00004564, 0.00002947, 0.00001883, 0.00001193, 0.00000752, 0.00000474, 0.00000300, 0.00000193, 0.00000125, 0.00000082, 0.00000052, 0.00000032, 0.00000018, 0.00000009, 0.00000007, 0.00000003, 0.00000002, 0.00000001, -0.00000000, -0.00000000, -0.00000000, -0.00000000, -0.00000000, -0.00000000, -0.00000000, -0.00000000, -0.00000000, -0.00000000, -0.00000000, 0.00000000
0.66036443, 0.42602075, 0.30995721, 0.23698411, 0.18558324, 0.14731205, 0.11799113, 0.09516350, 0.07720888, 0.06298175, 0.05163928, 0.04254710, 0.03522128, 0.02928942, 0.02446311, 0.02051786, 0.01727804, 0.01460567, 0.01239185, 0.00664926, 0.00374462, 0.00219775, 0.00133564, 0.00083495, 0.00053356, 0.00034664, 0.00022788, 0.00015099, 0.00010049, 0.00006698, 0.00004459, 0.00002958, 0.00001950, 0.00001274, 0.00000824, 0.00000525, 0.00000329, 0.00000202, 0.00000121, 0.00000071, 0.00000040, 0.00000022, 0.00000012, 0.00000006, 0.00000003, 0.00000002, 0.00000001, 0.00000000, 0.00000000, 0.00000000, -0.00000000, -0.00000000, -0.00000000, -0.00000000, -0.00000000, -0.00000000, 0.00000000, 0.00000000, 0.00000000, 0.00000000, -0.00000000, -0.00000000, -0.00000000, 0.00000000
0.53235598, 0.32722953, 0.23851582, 0.18955054, 0.15746266, 0.13373682, 0.11479407, 0.09899213, 0.08550750, 0.07387925, 0.06381313, 0.05509508, 0.04755289, 0.04103921, 0.03542415, 0.03059202, 0.02643976, 0.02287588, 0.01981970, 0.01133320, 0.00666102, 0.00402985, 0.00250418, 0.00159116, 0.00102853, 0.00067317, 0.00044431, 0.00029476, 0.00019603, 0.00013042, 0.00008666, 0.00005744, 0.00003796, 0.00002500, 0.00001643, 0.00001079, 0.00000710, 0.00000470, 0.00000314, 0.00000213, 0.00000148, 0.00000104, 0.00000073, 0.00000052, 0.00000036, 0.00000024, 0.00000015, 0.00000009, 0.00000006, 0.00000004, 0.00000002, 0.00000001, 0.00000000, 0.00000000, -0.00000000, -0.00000000, -0.00000000, -0.00000000, -0.00000000, -0.00000000, -0.00000000, -0.00000000, -0.00000000, 0.00000000
0.59615634, 0.35213391, 0.24312230, 0.18288498, 0.14509173, 0.11922992, 0.10036941, 0.08593413, 0.07446812, 0.06509695, 0.05726863, 0.05061943, 0.04490027, 0.03993444, 0.03559235, 0.03177601, 0.02840916, 0.02543096, 0.02279175, 0.01482633, 0.00975842, 0.00649758, 0.00437659, 0.00297843, 0.00204382, 0.00141104, 0.00097799, 0.00067915, 0.00047171, 0.00032717, 0.00022630, 0.00015592, 0.00010689, 0.00007286, 0.00004936, 0.00003321, 0.00002221, 0.00001477, 0.00000978, 0.00000646, 0.00000427, 0.00000283, 0.00000188, 0.00000124, 0.00000081, 0.00000052, 0.00000032, 0.00000018, 0.00000011, 0.00000005, 0.00000002, 0.00000000, -0.00000001, -0.00000001, -0.00000001, -0.00000001, -0.00000000, -0.00000000, -0.00000000, -0.00000000, -0.00000000, 0.00000000, 0.00000000, 0.00000000
0.61071615, 0.35987183, 0.24771997, 0.18593045, 0.14727789, 0.12087324, 0.10162592, 0.08689082, 0.07518188, 0.06561091, 0.05761865, 0.05083651, 0.04501126, 0.03996223, 0.03555597, 0.03169074, 0.02828685, 0.02528028, 0.02261861, 0.01463915, 0.00960387, 0.00638247, 0.00429250, 0.00291475, 0.00199258, 0.00136751, 0.00093986, 0.00064550, 0.00044225, 0.00030182, 0.00020493, 0.00013832, 0.00009276, 0.00006179, 0.00004091, 0.00002695, 0.00001772, 0.00001166, 0.00000773, 0.00000518, 0.00000352, 0.00000243, 0.00000169, 0.00000116, 0.00000078, 0.00000050, 0.00000030, 0.00000016, 0.00000011, 0.00000006, 0.00000003, 0.00000001, -0.00000000, -0.00000000, -0.00000001, -0.00000001, -0.00000000, -0.00000000, -0.00000000, -0.00000000, -0.00000000, -0.00000000, -0.00000000, 0.00000000
0.53637003, 0.32347647, 0.23165031, 0.18130255, 0.14893590, 0.12568589, 0.10768557, 0.09306210, 0.08082331, 0.07039580, 0.06141790, 0.05364136, 0.04688268, 0.04099793, 0.03586932, 0.03139771, 0.02749817, 0.02409724, 0.02113099, 0.01260420, 0.00764021, 0.00472023, 0.00297540, 0.00191148, 0.00124857, 0.00082685, 0.00055352, 0.00037350, 0.00025339, 0.00017241, 0.00011741, 0.00007986, 0.00005415, 0.00003654, 0.00002450, 0.00001629, 0.00001074, 0.00000700, 0.00000452, 0.00000288, 0.00000182, 0.00000115, 0.00000072, 0.00000046, 0.00000029, 0.00000019, 0.00000012, 0.00000007, 0.00000004, 0.00000002, 0.00000001, 0.00000000, 0.00000000, -0.00000000, -0.00000000, -0.00000000, -0.00000000, -0.00000000, -0.00000000, -0.00000000, -0.00000000, -0.00000000, -0.00000000, 0.00000000
0.49789865, 0.29541714, 0.20620474, 0.15739045, 0.12684709, 0.10583499, 0.09032291, 0.07824840, 0.06847264, 0.06032693, 0.05339711, 0.04741375, 0.04219314, 0.03760435, 0.03355006, 0.02995514, 0.02675961, 0.02391430, 0.02137790, 0.01371028, 0.00885367, 0.00577274, 0.00380706, 0.00253887, 0.00170952, 0.00115981, 0.00079106, 0.00054124, 0.00037072, 0.00025372, 0.00017320, 0.00011775, 0.00007959, 0.00005342, 0.00003556, 0.00002345, 0.00001531, 0.00000990, 0.00000634, 0.00000403, 0.00000256, 0.00000162, 0.00000104, 0.00000067, 0.00000044, 0.00000029, 0.00000018, 0.00000011, 0.00000007, 0.00000004, 0.00000002, 0.00000001, 0.00000000, -0.00000000, -0.00000000, -0.00000000, -0.00000000, -0.00000000, -0.00000000, -0.00000000, -0.00000000, -0.00000000, -0.00000000, 0.00000000
0.49012495, 0.30535716, 0.22937759, 0.18664708, 0.15686778, 0.13344738, 0.11396033, 0.09737870, 0.08317055, 0.07098888, 0.06056245, 0.05165838, 0.04406999, 0.03761320, 0.03212519, 0.02746337, 0.02350400, 0.02014061, 0.01728213, 0.00953214, 0.00541187, 0.00316549, 0.00190470, 0.00117510, 0.00074036, 0.00047444, 0.00030808, 0.00020204, 0.00013342, 0.00008850, 0.00005883, 0.00003912, 0.00002598, 0.00001720, 0.00001135, 0.00000746, 0.00000488, 0.00000319, 0.00000208, 0.00000136, 0.00000089, 0.00000059, 0.00000040, 0.00000027, 0.00000019, 0.00000013, 0.00000009, 0.00000006, 0.00000004, 0.00000002, 0.00000001, 0.00000001, 0.00000000, 0.00000000, -0.00000000, -0.00000000, -0.00000000, -0.00000000, -0.00000000, -0.00000000, -0.00000000, -0.00000000, -0.00000000, 0.00000000
0.60977894, 0.35992249, 0.24841589, 0.18697851, 0.14848179, 0.12211026, 0.10282398, 0.08801158, 0.07620881, 0.06654105, 0.05845701, 0.05159227, 0.04569536, 0.04058577, 0.03612929, 0.03222294, 0.02878551, 0.02575147, 0.02306691, 0.01502638, 0.00994666, 0.00668802, 0.00456531, 0.00315675, 0.00220443, 0.00154980, 0.00109378, 0.00077296, 0.00054577, 0.00038430, 0.00026940, 0.00018773, 0.00012984, 0.00008902, 0.00006041, 0.00004053, 0.00002686, 0.00001757, 0.00001134, 0.00000723, 0.00000457, 0.00000287, 0.00000181, 0.00000115, 0.00000074, 0.00000048, 0.00000031, 0.00000019, 0.00000011, 0.00000006, 0.00000003, 0.00000001, 0.00000000, -0.00000000, -0.00000001, -0.00000000, -0.00000000, -0.00000000, -0.00000000, -0.00000000, -0.00000000, -0.00000000, -0.00000000, 0.00000000
0.55050775, 0.32046610, 0.21919274, 0.16403466, 0.12987974, 0.10676916, 0.09006809, 0.07737399, 0.06733974, 0.05916258, 0.05233966, 0.04654218, 0.04154679, 0.03719634, 0.03337661, 0.03000204, 0.02700669, 0.02433848, 0.02195528, 0.01466365, 0.00990314, 0.00676695, 0.00468157, 0.00327602, 0.00231411, 0.00164604, 0.00117606, 0.00084204, 0.00060286, 0.00043076, 0.00030662, 0.00021706, 0.00015256, 0.00010629, 0.00007327, 0.00004990, 0.00003351, 0.00002216, 0.00001440, 0.00000920, 0.00000578, 0.00000358, 0.00000221, 0.00000138, 0.00000088, 0.00000059, 0.00000040, 0.00000026, 0.00000013, 0.00000007, 0.00000003, 0.00000001, 0.00000000, -0.00000001, -0.00000001, -0.00000001, -0.00000000, -0.00000000, -0.00000000, -0.00000000, -0.00000000, -0.00000000, -0.00000000, 0.00000000
0.57557469, 0.34780513, 0.24655686, 0.19024560, 0.15409048, 0.12843455, 0.10891494, 0.09334450, 0.08052980, 0.06976746, 0.06061118, 0.05275726, 0.04598561, 0.04012811, 0.03505089, 0.03064418, 0.02681600, 0.02348829, 0.02059414, 0.01231047, 0.00750463, 0.00467553, 0.00297740, 0.00193378, 0.00127678, 0.00085395, 0.00057666, 0.00039201, 0.00026759, 0.00018304, 0.00012523, 0.00008558, 0.00005834, 0.00003965, 0.00002685, 0.00001811, 0.00001218, 0.00000818, 0.00000549, 0.00000370, 0.00000251, 0.00000172, 0.00000119, 0.00000083, 0.00000058, 0.00000040, 0.00000027, 0.00000018, 0.00000012, 0.00000007, 0.00000004, 0.00000002, 0.00000001, 0.00000000, -0.00000000, -0.00000000, -0.00000000, -0.00000000, -0.00000000, -0.00000000, -0.00000000, -0.00000000, -0.00000000, 0.00000000
0.83123523, 0.49080435, 0.32476406, 0.22737726, 0.16474312, 0.12224273, 0.09237254, 0.07083964, 0.05500809, 0.04317918, 0.03421920, 0.02735106, 0.02203063, 0.01787004, 0.01458857, 0.01198030, 0.00989240, 0.00821015, 0.00684662, 0.00346068, 0.00185727, 0.00104834, 0.00061749, 0.00037661, 0.00023613, 0.00015122, 0.00009837, 0.00006470, 0.00004286, 0.00002849, 0.00001895, 0.00001259, 0.00000832, 0.00000547, 0.00000356, 0.00000229, 0.00000146, 0.00000092, 0.00000057, 0.00000035, 0.00000021, 0.00000013, 0.00000008, 0.00000005, 0.00000003, 0.00000002, 0.00000001, 0.00000001, 0.00000000, 0.00000000, 0.00000000, 0.00000000, 0.00000000, 0.00000000, -0.00000000, -0.00000000, -0.00000000, -0.00000000, -0.00000000, -0.00000000, -0.00000000, -0.00000000, -0.00000000, 0.00000000
0.51140352, 0.30308823, 0.21396824, 0.16584132, 0.13563338, 0.11453317, 0.09861777, 0.08594580, 0.07547406, 0.06660067, 0.05895481, 0.05229320, 0.04644643, 0.04128998, 0.03672786, 0.03268316, 0.02909234, 0.02590170, 0.02306508, 0.01456604, 0.00927419, 0.00597444, 0.00390256, 0.00258506, 0.00173425, 0.00117607, 0.00080442, 0.00055373, 0.00038280, 0.00026526, 0.00018391, 0.00012736, 0.00008798, 0.00006053, 0.00004143, 0.00002818, 0.00001903, 0.00001276, 0.00000850, 0.00000562, 0.00000371, 0.00000245, 0.00000163, 0.00000109, 0.00000075, 0.00000051, 0.00000035, 0.00000024, 0.00000014, 0.00000009, 0.00000005, 0.00000002, 0.00000001, 0.00000000, -0.00000000, -0.00000000, -0.00000000, -0.00000000, -0.00000000, -0.00000000, -0.00000000, -0.00000000, -0.00000000, 0.00000000
0.54255465, 0.32648680, 0.23390271, 0.18290561, 0.14972571, 0.12562428, 0.10686720, 0.09165188, 0.07900310, 0.06833251, 0.05924878, 0.05147023, 0.04478192, 0.03901329, 0.03402542, 0.02970331, 0.02595081, 0.02268693, 0.01984318, 0.01174428, 0.00707130, 0.00434551, 0.00273011, 0.00175199, 0.00114554, 0.00076073, 0.00051138, 0.00034685, 0.00023667, 0.00016202, 0.00011102, 0.00007598, 0.00005182, 0.00003516, 0.00002368, 0.00001581, 0.00001045, 0.00000682, 0.00000440, 0.00000280, 0.00000177, 0.00000111, 0.00000069, 0.00000044, 0.00000028, 0.00000019, 0.00000013, 0.00000008, 0.00000005, 0.00000003, 0.00000001, 0.00000001, 0.00000000, -0.00000000, -0.00000000, -0.00000000, -0.00000000, -0.00000000, -0.00000000, -0.00000000, -0.00000000, -0.00000000, -0.00000000, 0.00000000
0.58085266, 0.36144024, 0.26344098, 0.20690616, 0.16880832, 0.14056969, 0.11841110, 0.10042976, 0.08554749, 0.07308539, 0.06257607, 0.05367461, 0.04611344, 0.03967795, 0.03419226, 0.02951031, 0.02550979, 0.02208784, 0.01915764, 0.01102648, 0.00652285, 0.00396185, 0.00246577, 0.00156854, 0.00101699, 0.00067020, 0.00044770, 0.00030238, 0.00020601, 0.00014127, 0.00009731, 0.00006721, 0.00004647, 0.00003211, 0.00002214, 0.00001522, 0.00001042, 0.00000710, 0.00000482, 0.00000325, 0.00000219, 0.00000148, 0.00000100, 0.00000069, 0.00000048, 0.00000034, 0.00000024, 0.00000016, 0.00000010, 0.00000006, 0.00000004, 0.00000002, 0.00000001, 0.00000000, -0.00000000, -0.00000000, -0.00000000, -0.00000000, -0.00000000, -0.00000000, -0.00000000, -0.00000000, -0.00000000, 0.00000000
0.51835321, 0.32812563, 0.24494756, 0.19598907, 0.16156933, 0.13493581, 0.11333149, 0.09542172, 0.08043559, 0.06785136, 0.05727361, 0.04838241, 0.04091072, 0.03463295, 0.02935805, 0.02492450, 0.02119609, 0.01805836, 0.01541536, 0.00836316, 0.00470006, 0.00273639, 0.00164697, 0.00102078, 0.00064848, 0.00042030, 0.00027673, 0.00018441, 0.00012396, 0.00008383, 0.00005689, 0.00003868, 0.00002629, 0.00001785, 0.00001209, 0.00000816, 0.00000549, 0.00000369, 0.00000247, 0.00000165, 0.00000111, 0.00000075, 0.00000051, 0.00000035, 0.00000024, 0.00000017, 0.00000012, 0.00000008, 0.00000005, 0.00000003, 0.00000002, 0.00000001, 0.00000000, 0.00000000, -0.00000000, -0.00000000, -0.00000000, -0.00000000, -0.00000000, -0.00000000, -0.00000000, -0.00000000, -0.00000000, 0.00000000
0.52596593, 0.31535725, 0.22346036, 0.17316119, 0.14128918, 0.11887483, 0.10188852, 0.08832579, 0.07710667, 0.06760676, 0.05943987, 0.05235075, 0.04615960, 0.04073228, 0.03596369, 0.03176830, 0.02807450, 0.02482111, 0.02195520, 0.01353630, 0.00845922, 0.00537691, 0.00348059, 0.00229166, 0.00153078, 0.00103435, 0.00070497, 0.00048342, 0.00033280, 0.00022961, 0.00015852, 0.00010940, 0.00007541, 0.00005189, 0.00003565, 0.00002447, 0.00001678, 0.00001153, 0.00000795, 0.00000551, 0.00000385, 0.00000272, 0.00000194, 0.00000139, 0.00000099, 0.00000070, 0.00000049, 0.00000033, 0.00000022, 0.00000014, 0.00000008, 0.00000005, 0.00000002, 0.00000001, -0.00000000, -0.00000001, -0.00000001, -0.00000000, -0.00000000, -0.00000000, -0.00000000, -0.00000000, -0.00000000, 0.00000000
0.56268046, 0.35990346, 0.26744947, 0.21101588, 0.17065769, 0.13949333, 0.11458968, 0.09439828, 0.07793054, 0.06446719, 0.05344665, 0.04441657, 0.03700862, 0.03092226, 0.02591259, 0.02178048, 0.01836428, 0.01553292, 0.01318018, 0.00705914, 0.00397047, 0.00233551, 0.00142844, 0.00090200, 0.00058394, 0.00038517, 0.00025753, 0.00017381, 0.00011802, 0.00008040, 0.00005483, 0.00003737, 0.00002541, 0.00001722, 0.00001162, 0.00000781, 0.00000522, 0.00000347, 0.00000231, 0.00000153, 0.00000102, 0.00000068, 0.00000046, 0.00000031, 0.00000021, 0.00000015, 0.00000010, 0.00000006, 0.00000004, 0.00000003, 0.00000001, 0.00000001, 0.00000000, 0.00000000, -0.00000000, -0.00000000, -0.00000000, -0.00000000, -0.00000000, -0.00000000, -0.00000000, -0.00000000, -0.00000000, 0.00000000
0.62061272, 0.38247073, 0.27344471, 0.21020998, 0.16801646, 0.13732541, 0.11377965, 0.09510912, 0.07999350, 0.06759050, 0.05732112, 0.04876413, 0.04160005, 0.03557955, 0.03050406, 0.02621329, 0.02257666, 0.01948701, 0.01685602, 0.00965432, 0.00572086, 0.00350030, 0.00220340, 0.00141976, 0.00093149, 0.00061932, 0.00041563, 0.00028062, 0.00019012, 0.00012897, 0.00008745, 0.00005919, 0.00003995, 0.00002687, 0.00001801, 0.00001202, 0.00000801, 0.00000533, 0.00000355, 0.00000238, 0.00000160, 0.00000109, 0.00000075, 0.00000052, 0.00000035, 0.00000024, 0.00000015, 0.00000010, 0.00000007, 0.00000004, 0.00000002, 0.00000001, 0.00000000, 0.00000000, -0.00000000, -0.00000000, -0.00000000, -0.00000000, -0.00000000, -0.00000000, -0.00000000, -0.00000000, -0.00000000, 0.00000000
0.53396990, 0.32276502, 0.23216613, 0.18217544, 0.14960964, 0.12591639, 0.10742904, 0.09237878, 0.07981478, 0.06916949, 0.06006953, 0.05224808, 0.04550192, 0.03966923, 0.03461728, 0.03023520, 0.02642927, 0.02311977, 0.02023861, 0.01201271, 0.00725297, 0.00446350, 0.00280151, 0.00179111, 0.00116378, 0.00076643, 0.00051024, 0.00034251, 0.00023132, 0.00015687, 0.00010663, 0.00007255, 0.00004934, 0.00003352, 0.00002273, 0.00001539, 0.00001040, 0.00000702, 0.00000475, 0.00000322, 0.00000220, 0.00000151, 0.00000105, 0.00000074, 0.00000052, 0.00000037, 0.00000026, 0.00000017, 0.00000011, 0.00000007, 0.00000004, 0.00000002, 0.00000001, 0.00000000, -0.00000000, -0.00000000, -0.00000000, -0.00000000, -0.00000000, -0.00000000, -0.00000000, -0.00000000, -0.00000000, 0.00000000
0.53293791, 0.31165156, 0.21556026, 0.16363076, 0.13145364, 0.10948089, 0.09334894, 0.08084311, 0.07074864, 0.06235615, 0.05522826, 0.04908154, 0.04372341, 0.03901709, 0.03486118, 0.03117766, 0.02790443, 0.02499064, 0.02239375, 0.01452341, 0.00950715, 0.00629404, 0.00421889, 0.00286141, 0.00196037, 0.00135379, 0.00094031, 0.00065556, 0.00045789, 0.00031989, 0.00022320, 0.00015533, 0.00010769, 0.00007431, 0.00005099, 0.00003477, 0.00002356, 0.00001587, 0.00001064, 0.00000710, 0.00000474, 0.00000318, 0.00000214, 0.00000146, 0.00000100, 0.00000069, 0.00000047, 0.00000031, 0.00000019, 0.00000011, 0.00000006, 0.00000003, 0.00000001, -0.00000000, -0.00000001, -0.00000001, -0.00000001, -0.00000000, -0.00000000, -0.00000000, -0.00000000, -0.00000000, -0.00000000, 0.00000000
0.53345229, 0.32261323, 0.22908990, 0.17746506, 0.14472465, 0.12177024, 0.10443362, 0.09061476, 0.07917909, 0.06947613, 0.06111075, 0.05382776, 0.04745138, 0.04185246, 0.03693035, 0.03260274, 0.02879989, 0.02546127, 0.02253352, 0.01394215, 0.00878027, 0.00564187, 0.00369827, 0.00246664, 0.00166797, 0.00113936, 0.00078357, 0.00054102, 0.00037411, 0.00025855, 0.00017827, 0.00012243, 0.00008363, 0.00005674, 0.00003820, 0.00002549, 0.00001685, 0.00001103, 0.00000716, 0.00000461, 0.00000296, 0.00000190, 0.00000122, 0.00000079, 0.00000052, 0.00000034, 0.00000022, 0.00000013, 0.00000008, 0.00000004, 0.00000002, 0.00000001, 0.00000000, -0.00000000, -0.00000000, -0.00000000, -0.00000000, -0.00000000, -0.00000000, -0.00000000, -0.00000000, -0.00000000, -0.00000000, 0.00000000
0.58385367, 0.33733003, 0.22777891, 0.16782429, 0.13073440, 0.10581473, 0.08803313, 0.07474660, 0.06445124, 0.05623708, 0.04952585, 0.04393488, 0.03920206, 0.03514247, 0.03162209, 0.02854152, 0.02582542, 0.02341555, 0.02126609, 0.01466188, 0.01024688, 0.00723205, 0.00514727, 0.00368875, 0.00265714, 0.00192048, 0.00139034, 0.00100661, 0.00072781, 0.00052486, 0.00037708, 0.00026964, 0.00019173, 0.00013547, 0.00009507, 0.00006625, 0.00004584, 0.00003152, 0.00002157, 0.00001472, 0.00001005, 0.00000689, 0.00000477, 0.00000333, 0.00000235, 0.00000166, 0.00000116, 0.00000078, 0.00000050, 0.00000030, 0.00000017, 0.00000008, 0.00000003, -0.00000000, -0.00000002, -0.00000002, -0.00000002, -0.00000002, -0.00000001, -0.00000001, -0.00000000, -0.00000000, -0.00000000, 0.00000000
0.53781878, 0.31710042, 0.22142638, 0.16963935, 0.13740444, 0.11523226, 0.09880261, 0.08593497, 0.07544198, 0.06663598, 0.05909626, 0.05255169, 0.04681833, 0.04176496, 0.03729340, 0.03332696, 0.02980347, 0.02667108, 0.02388550, 0.01546597, 0.01013353, 0.00673300, 0.00453983, 0.00310235, 0.00214350, 0.00149327, 0.00104606, 0.00073500, 0.00051683, 0.00036295, 0.00025407, 0.00017698, 0.00012245, 0.00008400, 0.00005704, 0.00003827, 0.00002532, 0.00001649, 0.00001055, 0.00000664, 0.00000410, 0.00000250, 0.00000152, 0.00000094, 0.00000059, 0.00000039, 0.00000026, 0.00000017, 0.00000009, 0.00000005, 0.00000003, 0.00000001, 0.00000000, -0.00000000, -0.00000000, -0.00000000, -0.00000000, -0.00000000, -0.00000000, -0.00000000, -0.00000000, -0.00000000, -0.00000000, 0.00000000
0.59868789, 0.35643124, 0.24827710, 0.18838717, 0.15049180, 0.12418805, 0.10466882, 0.08946487, 0.07720138, 0.06705995, 0.05852373, 0.05124828, 0.04499237, 0.03957937, 0.03487483, 0.03077294, 0.02718824, 0.02405019, 0.02129965, 0.01325775, 0.00840592, 0.00543338, 0.00357827, 0.00239496, 0.00162360, 0.00111100, 0.00076497, 0.00052855, 0.00036563, 0.00025273, 0.00017425, 0.00011967, 0.00008175, 0.00005550, 0.00003740, 0.00002501, 0.00001659, 0.00001093, 0.00000715, 0.00000467, 0.00000304, 0.00000199, 0.00000131, 0.00000087, 0.00000058, 0.00000039, 0.00000025, 0.00000016, 0.00000010, 0.00000006, 0.00000003, 0.00000001, 0.00000000, -0.00000000, -0.00000000, -0.00000000, -0.00000000, -0.00000000, -0.00000000, -0.00000000, -0.00000000, -0.00000000, -0.00000000, 0.00000000
0.59536353, 0.38930943, 0.29010767, 0.22790546, 0.18327273, 0.14905036, 0.12195742, 0.10017433, 0.08252495, 0.06816532, 0.05645156, 0.04687657, 0.03903479, 0.03259975, 0.02730794, 0.02294647, 0.01934327, 0.01635920, 0.01388166, 0.00742930, 0.00417105, 0.00244541, 0.00148888, 0.00093533, 0.00060241, 0.00039548, 0.00026334, 0.00017712, 0.00011992, 0.00008149, 0.00005545, 0.00003770, 0.00002556, 0.00001726, 0.00001158, 0.00000772, 0.00000511, 0.00000335, 0.00000218, 0.00000141, 0.00000091, 0.00000059, 0.00000038, 0.00000025, 0.00000017, 0.00000011, 0.00000008, 0.00000005, 0.00000003, 0.00000002, 0.00000001, 0.00000001, 0.00000000, 0.00000000, -0.00000000, -0.00000000, -0.00000000, -0.00000000, -0.00000000, -0.00000000, -0.00000000, -0.00000000, -0.00000000, 0.00000000
0.58574557, 0.35435233, 0.25050755, 0.19230924, 0.15479906, 0.12820505, 0.10807233, 0.09213604, 0.07913801, 0.06832243, 0.05920177, 0.05144080, 0.04479590, 0.03908186, 0.03415279, 0.02989072, 0.02619837, 0.02299448, 0.02021050, 0.01224844, 0.00760270, 0.00483385, 0.00314241, 0.00208066, 0.00139695, 0.00094708, 0.00064608, 0.00044219, 0.00030292, 0.00020731, 0.00014152, 0.00009625, 0.00006515, 0.00004387, 0.00002938, 0.00001958, 0.00001300, 0.00000862, 0.00000573, 0.00000383, 0.00000258, 0.00000177, 0.00000122, 0.00000085, 0.00000059, 0.00000041, 0.00000027, 0.00000018, 0.00000012, 0.00000007, 0.00000004, 0.00000002, 0.00000001, 0.00000000, -0.00000000, -0.00000000, -0.00000000, -0.00000000, -0.00000000, -0.00000000, -0.00000000, -0.00000000, -0.00000000, 0.00000000
0.56682347, 0.33714305, 0.23602860, 0.18018830, 0.14473231, 0.11997079, 0.10147504, 0.08698278, 0.07523547, 0.06548183, 0.05724487, 0.05020459, 0.04413545, 0.03887135, 0.03428529, 0.03027707, 0.02676557, 0.02368383, 0.02097565, 0.01303586, 0.00823239, 0.00529343, 0.00346809, 0.00231196, 0.00156415, 0.00107072, 0.00073941, 0.00051372, 0.00035822, 0.00025018, 0.00017467, 0.00012171, 0.00008453, 0.00005844, 0.00004017, 0.00002743, 0.00001860, 0.00001252, 0.00000838, 0.00000557, 0.00000370, 0.00000246, 0.00000164, 0.00000111, 0.00000076, 0.00000052, 0.00000036, 0.00000024, 0.00000015, 0.00000009, 0.00000005, 0.00000003, 0.00000001, 0.00000000, -0.00000000, -0.00000000, -0.00000000, -0.00000000, -0.00000000, -0.00000000, -0.00000000, -0.00000000, -0.00000000, 0.00000000
0.53278958, 0.32174812, 0.22945016, 0.17858865, 0.14596056, 0.12265522, 0.10472437, 0.09023494, 0.07815821, 0.06790102, 0.05909202, 0.05147895, 0.04487703, 0.03914230, 0.03415738, 0.02982354, 0.02605620, 0.02278206, 0.01993727, 0.01181907, 0.00714780, 0.00442157, 0.00279748, 0.00180581, 0.00118510, 0.00078778, 0.00052860, 0.00035695, 0.00024193, 0.00016422, 0.00011141, 0.00007541, 0.00005086, 0.00003413, 0.00002277, 0.00001509, 0.00000993, 0.00000650, 0.00000423, 0.00000274, 0.00000178, 0.00000115, 0.00000075, 0.00000050, 0.00000032, 0.00000021, 0.00000013, 0.00000008, 0.00000005, 0.00000003, 0.00000001, 0.00000001, 0.00000000, -0.00000000, -0.00000000, -0.00000000, -0.00000000, -0.00000000, -0.00000000, -0.00000000, -0.00000000, -0.00000000, -0.00000000, 0.00000000
0.51626815, 0.31015577, 0.22046271, 0.17086717, 0.13894578, 0.11618217, 0.09879039, 0.08488292, 0.07342520, 0.06380021, 0.05561067, 0.04858273, 0.04251642, 0.03725874, 0.03268841, 0.02870667, 0.02523162, 0.02219437, 0.01953644, 0.01184602, 0.00730300, 0.00459175, 0.00295117, 0.00193965, 0.00130201, 0.00089040, 0.00061840, 0.00043469, 0.00030822, 0.00021975, 0.00015708, 0.00011227, 0.00008005, 0.00005681, 0.00004005, 0.00002798, 0.00001935, 0.00001322, 0.00000892, 0.00000594, 0.00000391, 0.00000256, 0.00000169, 0.00000113, 0.00000078, 0.00000057, 0.00000042, 0.00000030, 0.00000018, 0.00000011, 0.00000007, 0.00000004, 0.00000002, 0.00000001, -0.00000000, -0.00000000, -0.00000000, -0.00000000, -0.00000000, -0.00000000, -0.00000000, -0.00000000, -0.00000000, 0.00000000
0.53848524, 0.32866039, 0.23874712, 0.18918328, 0.15680904, 0.13307867, 0.11435956, 0.09893206, 0.08589568, 0.07472676, 0.06508658, 0.05673364, 0.04948195, 0.04318038, 0.03770196, 0.03293793, 0.02879429, 0.02518936, 0.02205212, 0.01310884, 0.00795528, 0.00494442, 0.00314802, 0.00204730, 0.00135440, 0.00090755, 0.00061358, 0.00041717, 0.00028444, 0.00019404, 0.00013219, 0.00008978, 0.00006070, 0.00004082, 0.00002728, 0.00001812, 0.00001196, 0.00000785, 0.00000514, 0.00000337, 0.00000222, 0.00000148, 0.00000099, 0.00000068, 0.00000046, 0.00000032, 0.00000021, 0.00000014, 0.00000009, 0.00000006, 0.00000003, 0.00000002, 0.00000001, 0.00000000, -0.00000000, -0.00000000, -0.00000000, -0.00000000, -0.00000000, -0.00000000, -0.00000000, -0.00000000, -0.00000000, 0.00000000
0.44185365, 0.25180245, 0.18137869, 0.14735228, 0.12615396, 0.11016151, 0.09680460, 0.08518408, 0.07494804, 0.06591558, 0.05795564, 0.05095208, 0.04479631, 0.03938739, 0.03463327, 0.03045160, 0.02676969, 0.02352395, 0.02065914, 0.01236052, 0.00746234, 0.00457147, 0.00285107, 0.00181068, 0.00116912, 0.00076553, 0.00050687, 0.00033839, 0.00022714, 0.00015289, 0.00010294, 0.00006915, 0.00004624, 0.00003070, 0.00002019, 0.00001311, 0.00000839, 0.00000526, 0.00000323, 0.00000194, 0.00000113, 0.00000064, 0.00000035, 0.00000019, 0.00000011, 0.00000006, 0.00000004, 0.00000002, 0.00000001, 0.00000000, -0.00000000, -0.00000000, -0.00000000, -0.00000000, -0.00000000, -0.00000000, -0.00000000, -0.00000000, 0.00000000, 0.00000000, 0.00000000, 0.00000000, -0.00000000, 0.00000000
0.54715271, 0.31987174, 0.21890412, 0.16345689, 0.12893584, 0.10553258, 0.08864442, 0.07586137, 0.06581713, 0.05768839, 0.05095403, 0.04527033, 0.04040229, 0.03618400, 0.03249491, 0.02924500, 0.02636538, 0.02380212, 0.02151214, 0.01447031, 0.00981454, 0.00670131, 0.00460787, 0.00319231, 0.00222869, 0.00156750, 0.00110977, 0.00078997, 0.00056452, 0.00040428, 0.00028959, 0.00020706, 0.00014748, 0.00010439, 0.00007327, 0.00005087, 0.00003484, 0.00002347, 0.00001552, 0.00001005, 0.00000636, 0.00000395, 0.00000243, 0.00000151, 0.00000098, 0.00000068, 0.00000050, 0.00000035, 0.00000017, 0.00000010, 0.00000005, 0.00000002, 0.00000001, -0.00000000, -0.00000001, -0.00000001, -0.00000001, -0.00000000, -0.00000000, -0.00000000, -0.00000000, -0.00000000, -0.00000000, 0.00000000
0.54833779, 0.32673264, 0.22889700, 0.17509895, 0.14114138, 0.11752473, 0.09990258, 0.08606747, 0.07480544, 0.06540271, 0.05741350, 0.05054321, 0.04458646, 0.03939293, 0.03484769, 0.03085968, 0.02735456, 0.02427032, 0.02155430, 0.01353812, 0.00864137, 0.00561499, 0.00371459, 0.00249690, 0.00170022, 0.00116903, 0.00080923, 0.00056249, 0.00039173, 0.00027283, 0.00018973, 0.00013157, 0.00009088, 0.00006247, 0.00004271, 0.00002903, 0.00001963, 0.00001320, 0.00000885, 0.00000593, 0.00000398, 0.00000268, 0.00000182, 0.00000124, 0.00000086, 0.00000059, 0.00000039, 0.00000026, 0.00000016, 0.00000010, 0.00000005, 0.00000003, 0.00000001, 0.00000000, -0.00000000, -0.00000001, -0.00000000, -0.00000000, -0.00000000, -0.00000000, -0.00000000, -0.00000000, -0.00000000, 0.00000000
0.58179838, 0.34960242, 0.24681608, 0.18947198, 0.15254508, 0.12638434, 0.10661835, 0.09102000, 0.07834141, 0.06782442, 0.05897515, 0.05145229, 0.04500819, 0.03945599, 0.03465027, 0.03047514, 0.02683658, 0.02365717, 0.02087253, 0.01281195, 0.00801088, 0.00510891, 0.00332283, 0.00219896, 0.00147572, 0.00100079, 0.00068361, 0.00046895, 0.00032226, 0.00022133, 0.00015163, 0.00010343, 0.00007011, 0.00004716, 0.00003142, 0.00002071, 0.00001348, 0.00000866, 0.00000549, 0.00000344, 0.00000214, 0.00000132, 0.00000082, 0.00000052, 0.00000033, 0.00000022, 0.00000014, 0.00000009, 0.00000006, 0.00000003, 0.00000002, 0.00000001, 0.00000000, 0.00000000, -0.00000000, -0.00000000, -0.00000000, -0.00000000, -0.00000000, -0.00000000, -0.00000000, -0.00000000, -0.00000000, 0.00000000
0.44896873, 0.24727010, 0.16487269, 0.12345570, 0.09958790, 0.08424181, 0.07341355, 0.06516457, 0.05849688, 0.05287075, 0.04798065, 0.04364518, 0.03975087, 0.03622262, 0.03300771, 0.03006695, 0.02736976, 0.02489124, 0.02261049, 0.01531508, 0.01028739, 0.00689494, 0.00463645, 0.00313825, 0.00214104, 0.00147224, 0.00101933, 0.00070949, 0.00049546, 0.00034639, 0.00024189, 0.00016832, 0.00011641, 0.00007981, 0.00005408, 0.00003609, 0.00002363, 0.00001511, 0.00000938, 0.00000561, 0.00000321, 0.00000175, 0.00000090, 0.00000045, 0.00000023, 0.00000014, 0.00000011, 0.00000008, 0.00000002, 0.00000000, -0.00000000, -0.00000000, -0.00000000, -0.00000000, -0.00000000, -0.00000000, -0.00000000, -0.00000000, 0.00000000, 0.00000000, 0.00000000, 0.00000000, 0.00000000, 0.00000000
0.59998984, 0.36941360, 0.26498982, 0.20498560, 0.16517506, 0.13625087, 0.11399374, 0.09623497, 0.08173604, 0.06972221, 0.05967002, 0.05120313, 0.04403781, 0.03795256, 0.03277019, 0.02834650, 0.02456277, 0.02132044, 0.01853724, 0.01078961, 0.00645920, 0.00397549, 0.00251083, 0.00162134, 0.00106587, 0.00071036, 0.00047817, 0.00032404, 0.00022047, 0.00015025, 0.00010237, 0.00006960, 0.00004716, 0.00003180, 0.00002133, 0.00001421, 0.00000941, 0.00000620, 0.00000407, 0.00000266, 0.00000175, 0.00000116, 0.00000077, 0.00000052, 0.00000036, 0.00000024, 0.00000016, 0.00000011, 0.00000007, 0.00000004, 0.00000002, 0.00000001, 0.00000001, 0.00000000, -0.00000000, -0.00000000, -0.00000000, -0.00000000, -0.00000000, -0.00000000, -0.00000000, -0.00000000, -0.00000000, 0.00000000
0.60081676, 0.38694818, 0.28685523, 0.22502850, 0.18089095, 0.14708384, 0.12032251, 0.09881046, 0.08138878, 0.06722298, 0.05567410, 0.04623791, 0.03851115, 0.03216962, 0.02695218, 0.02264840, 0.01908861, 0.01613597, 0.01367995, 0.00727387, 0.00403540, 0.00232639, 0.00138780, 0.00085262, 0.00053688, 0.00034491, 0.00022513, 0.00014876, 0.00009918, 0.00006654, 0.00004481, 0.00003022, 0.00002037, 0.00001371, 0.00000919, 0.00000613, 0.00000407, 0.00000268, 0.00000176, 0.00000115, 0.00000075, 0.00000049, 0.00000032, 0.00000021, 0.00000014, 0.00000010, 0.00000007, 0.00000004, 0.00000003, 0.00000002, 0.00000001, 0.00000000, 0.00000000, 0.00000000, -0.00000000, -0.00000000, -0.00000000, -0.00000000, -0.00000000, -0.00000000, -0.00000000, -0.00000000, -0.00000000, 0.00000000
0.61348641, 0.39716290, 0.29067183, 0.22357877, 0.17596230, 0.14019065, 0.11255890, 0.09090089, 0.07377781, 0.06015854, 0.04927303, 0.04053373, 0.03348725, 0.02778141, 0.02314148, 0.01935234, 0.01624503, 0.01368635, 0.01157095, 0.00612086, 0.00340128, 0.00197404, 0.00118983, 0.00074011, 0.00047214, 0.00030715, 0.00020275, 0.00013523, 0.00009081, 0.00006120, 0.00004128, 0.00002781, 0.00001866, 0.00001245, 0.00000824, 0.00000540, 0.00000350, 0.00000224, 0.00000141, 0.00000088, 0.00000054, 0.00000033, 0.00000020, 0.00000012, 0.00000008, 0.00000005, 0.00000003, 0.00000002, 0.00000001, 0.00000001, 0.00000000, 0.00000000, 0.00000000, -0.00000000, -0.00000000, -0.00000000, -0.00000000, -0.00000000, -0.00000000, -0.00000000, -0.00000000, -0.00000000, -0.00000000, 0.00000000
0.59926169, 0.34637454, 0.23492834, 0.17414843, 0.13652429, 0.11114992, 0.09293423, 0.07922102, 0.06850712, 0.05988691, 0.05278671, 0.04682761, 0.04175025, 0.03737145, 0.03355816, 0.03021128, 0.02725526, 0.02463127, 0.02229261, 0.01513310, 0.01041117, 0.00724479, 0.00509611, 0.00361875, 0.00258921, 0.00186275, 0.00134471, 0.00097221, 0.00070276, 0.00050710, 0.00036478, 0.00026126, 0.00018610, 0.00013170, 0.00009253, 0.00006449, 0.00004457, 0.00003055, 0.00002077, 0.00001404, 0.00000946, 0.00000638, 0.00000432, 0.00000296, 0.00000205, 0.00000144, 0.00000100, 0.00000067, 0.00000041, 0.00000024, 0.00000013, 0.00000006, 0.00000002, -0.00000001, -0.00000002, -0.00000002, -0.00000002, -0.00000001, -0.00000001, -0.00000000, -0.00000000, -0.00000000, -0.00000000, 0.00000000
0.54555820, 0.32421122, 0.22668420, 0.17326996, 0.13971563, 0.11646874, 0.09915306, 0.08555166, 0.07445409, 0.06515682, 0.05722678, 0.05038200, 0.04442835, 0.03922479, 0.03466367, 0.03065929, 0.02714107, 0.02404941, 0.02133303, 0.01332817, 0.00846796, 0.00548001, 0.00361161, 0.00241897, 0.00164166, 0.00112537, 0.00077694, 0.00053881, 0.00037449, 0.00026034, 0.00018071, 0.00012505, 0.00008614, 0.00005900, 0.00004014, 0.00002709, 0.00001813, 0.00001203, 0.00000792, 0.00000518, 0.00000338, 0.00000221, 0.00000145, 0.00000096, 0.00000065, 0.00000044, 0.00000030, 0.00000020, 0.00000012, 0.00000007, 0.00000004, 0.00000002, 0.00000001, 0.00000000, -0.00000000, -0.00000000, -0.00000000, -0.00000000, -0.00000000, -0.00000000, -0.00000000, -0.00000000, -0.00000000, 0.00000000
0.59480008, 0.35480950, 0.24804112, 0.18892599, 0.15150372, 0.12552911, 0.10626367, 0.09126428, 0.07916425, 0.06914694, 0.06069597, 0.05346801, 0.04722411, 0.04179097, 0.03703817, 0.03286433, 0.02918847, 0.02594438, 0.02307695, 0.01455680, 0.00929079, 0.00601131, 0.00394710, 0.00262786, 0.00177035, 0.00120385, 0.00082423, 0.00056684, 0.00039075, 0.00026948, 0.00018564, 0.00012755, 0.00008731, 0.00005947, 0.00004029, 0.00002714, 0.00001818, 0.00001211, 0.00000805, 0.00000535, 0.00000356, 0.00000239, 0.00000162, 0.00000111, 0.00000077, 0.00000053, 0.00000036, 0.00000024, 0.00000015, 0.00000009, 0.00000005, 0.00000003, 0.00000001, 0.00000000, -0.00000000, -0.00000000, -0.00000000, -0.00000000, -0.00000000, -0.00000000, -0.00000000, -0.00000000, -0.00000000, 0.00000000
0.50726881, 0.29960882, 0.21122914, 0.16405221, 0.13465078, 0.11408339, 0.09843689, 0.08583200, 0.07529504, 0.06628332, 0.05847002, 0.05164159, 0.04564678, 0.04037060, 0.03572067, 0.03161974, 0.02800161, 0.02480866, 0.02199030, 0.01368535, 0.00863910, 0.00554609, 0.00362145, 0.00239973, 0.00160841, 0.00108671, 0.00073788, 0.00050217, 0.00034175, 0.00023213, 0.00015708, 0.00010575, 0.00007072, 0.00004692, 0.00003087, 0.00002012, 0.00001300, 0.00000834, 0.00000532, 0.00000338, 0.00000216, 0.00000140, 0.00000091, 0.00000060, 0.00000040, 0.00000026, 0.00000016, 0.00000010, 0.00000006, 0.00000004, 0.00000002, 0.00000001, 0.00000000, -0.00000000, -0.00000000, -0.00000000, -0.00000000, -0.00000000, -0.00000000, -0.00000000, -0.00000000, -0.00000000, -0.00000000, 0.00000000
0.52820986, 0.32784106, 0.24079122, 0.19108331, 0.15744826, 0.13222835, 0.11216806, 0.09567874, 0.08187845, 0.07021490, 0.06030454, 0.05185926, 0.04465067, 0.03849155, 0.03322545, 0.02872025, 0.02486376, 0.02156050, 0.01872918, 0.01085204, 0.00647124, 0.00396935, 0.00249969, 0.00161127, 0.00105929, 0.00070769, 0.00047881, 0.00032704, 0.00022486, 0.00015525, 0.00010738, 0.00007424, 0.00005122, 0.00003519, 0.00002403, 0.00001629, 0.00001094, 0.00000727, 0.00000478, 0.00000310, 0.00000199, 0.00000128, 0.00000082, 0.00000053, 0.00000035, 0.00000024, 0.00000017, 0.00000011, 0.00000007, 0.00000004, 0.00000002, 0.00000001, 0.00000001, 0.00000000, -0.00000000, -0.00000000, -0.00000000, -0.00000000, -0.00000000, -0.00000000, -0.00000000, -0.00000000, -0.00000000, 0.00000000
0.54175655, 0.33175304, 0.24080666, 0.18993312, 0.15627777, 0.13143838, 0.11183303, 0.09574389, 0.08224925, 0.07079518, 0.06101102, 0.05262533, 0.04542577, 0.03923889, 0.03391940, 0.02934388, 0.02540680, 0.02201762, 0.01909865, 0.01095386, 0.00642518, 0.00386519, 0.00238621, 0.00150922, 0.00097496, 0.00064103, 0.00042749, 0.00028821, 0.00019589, 0.00013390, 0.00009184, 0.00006311, 0.00004338, 0.00002980, 0.00002043, 0.00001398, 0.00000955, 0.00000652, 0.00000444, 0.00000304, 0.00000208, 0.00000144, 0.00000100, 0.00000070, 0.00000050, 0.00000035, 0.00000025, 0.00000017, 0.00000011, 0.00000007, 0.00000004, 0.00000002, 0.00000001, 0.00000000, -0.00000000, -0.00000000, -0.00000000, -0.00000000, -0.00000000, -0.00000000, -0.00000000, -0.00000000, -0.00000000, 0.00000000
0.54547885, 0.31570665, 0.21508905, 0.16076700, 0.12742698, 0.10502339, 0.08889655, 0.07664777, 0.06694557, 0.05900641, 0.05234631, 0.04665339, 0.04171862, 0.03739660, 0.03358251, 0.03019813, 0.02718321, 0.02448988, 0.02207916, 0.01467300, 0.00983110, 0.00665127, 0.00455014, 0.00314641, 0.00219595, 0.00154364, 0.00109048, 0.00077247, 0.00054759, 0.00038771, 0.00027370, 0.00019233, 0.00013431, 0.00009306, 0.00006388, 0.00004338, 0.00002909, 0.00001925, 0.00001255, 0.00000807, 0.00000512, 0.00000323, 0.00000203, 0.00000129, 0.00000084, 0.00000056, 0.00000037, 0.00000024, 0.00000013, 0.00000007, 0.00000004, 0.00000001, 0.00000000, -0.00000000, -0.00000001, -0.00000001, -0.00000000, -0.00000000, -0.00000000, -0.00000000, -0.00000000, -0.00000000, -0.00000000, 0.00000000
0.46590151, 0.26755409, 0.18788210, 0.14817297, 0.12467048, 0.10845929, 0.09584856, 0.08523914, 0.07592219, 0.06757664, 0.06004925, 0.05325677, 0.04714280, 0.04165951, 0.03676078, 0.03240023, 0.02853141, 0.02510855, 0.02208747, 0.01323675, 0.00799416, 0.00489819, 0.00305516, 0.00194057, 0.00125345, 0.00082143, 0.00054473, 0.00036457, 0.00024564, 0.00016623, 0.00011275, 0.00007651, 0.00005184, 0.00003503, 0.00002357, 0.00001578, 0.00001050, 0.00000694, 0.00000456, 0.00000299, 0.00000195, 0.00000127, 0.00000084, 0.00000055, 0.00000037, 0.00000025, 0.00000016, 0.00000010, 0.00000006, 0.00000003, 0.00000002, 0.00000001, 0.00000000, -0.00000000, -0.00000000, -0.00000000, -0.00000000, -0.00000000, -0.00000000, -0.00000000, -0.00000000, -0.00000000, -0.00000000, 0.00000000
0.55199603, 0.33366496, 0.23727144, 0.18371043, 0.14931872, 0.12493283, 0.10640740, 0.09165115, 0.07951381, 0.06931340, 0.06061680, 0.05313093, 0.04664581, 0.04100334, 0.03607962, 0.03177440, 0.02800465, 0.02470037, 0.02180188, 0.01335247, 0.00830214, 0.00525148, 0.00338091, 0.00221183, 0.00146647, 0.00098242, 0.00066303, 0.00044957, 0.00030549, 0.00020755, 0.00014068, 0.00009495, 0.00006367, 0.00004234, 0.00002787, 0.00001811, 0.00001160, 0.00000730, 0.00000451, 0.00000273, 0.00000162, 0.00000095, 0.00000054, 0.00000031, 0.00000018, 0.00000010, 0.00000006, 0.00000003, 0.00000001, 0.00000000, 0.00000000, -0.00000000, -0.00000000, -0.00000000, -0.00000000, -0.00000000, -0.00000000, -0.00000000, -0.00000000, 0.00000000, 0.00000000, 0.00000000, -0.00000000, 0.00000000
0.56682347, 0.33714305, 0.23602860, 0.18018830, 0.14473231, 0.11997079, 0.10147504, 0.08698278, 0.07523547, 0.06548183, 0.05724487, 0.05020459, 0.04413545, 0.03887135, 0.03428529, 0.03027707, 0.02676557, 0.02368383, 0.02097565, 0.01303586, 0.00823239, 0.00529343, 0.00346809, 0.00231196, 0.00156415, 0.00107072, 0.00073941, 0.00051372, 0.00035822, 0.00025018, 0.00017467, 0.00012171, 0.00008453, 0.00005844, 0.00004017, 0.00002743, 0.00001860, 0.00001252, 0.00000838, 0.00000557, 0.00000370, 0.00000246, 0.00000164, 0.00000111, 0.00000076, 0.00000052, 0.00000036, 0.00000024, 0.00000015, 0.00000009, 0.00000005, 0.00000003, 0.00000001, 0.00000000, -0.00000000, -0.00000000, -0.00000000, -0.00000000, -0.00000000, -0.00000000, -0.00000000, -0.00000000, -0.00000000, 0.00000000
0.57049872, 0.33285322, 0.22812911, 0.17122958, 0.13609127, 0.11234869, 0.09518355, 0.08210849, 0.07173718, 0.06324917, 0.05613400, 0.05005995, 0.04480268, 0.04020476, 0.03615185, 0.03255815, 0.02935734, 0.02649678, 0.02393370, 0.01605624, 0.01087888, 0.00744569, 0.00514603, 0.00358460, 0.00250988, 0.00176175, 0.00123679, 0.00086669, 0.00060528, 0.00042076, 0.00029085, 0.00019977, 0.00013630, 0.00009236, 0.00006221, 0.00004170, 0.00002788, 0.00001866, 0.00001256, 0.00000854, 0.00000590, 0.00000414, 0.00000294, 0.00000210, 0.00000148, 0.00000102, 0.00000067, 0.00000043, 0.00000030, 0.00000019, 0.00000011, 0.00000005, 0.00000002, 0.00000000, -0.00000001, -0.00000001, -0.00000001, -0.00000001, -0.00000001, -0.00000000, -0.00000000, -0.00000000, -0.00000000, 0.00000000
0.42840968, 0.22790910, 0.14629627, 0.10638510, 0.08463618, 0.07162879, 0.06304673, 0.05678087, 0.05177162, 0.04748256, 0.04364352, 0.04012031, 0.03684747, 0.03379344, 0.03094253, 0.02828579, 0.02581652, 0.02352821, 0.02141378, 0.01459057, 0.00989581, 0.00674202, 0.00463731, 0.00322305, 0.00226047, 0.00159618, 0.00113204, 0.00080458, 0.00057195, 0.00040596, 0.00028728, 0.00020243, 0.00014187, 0.00009879, 0.00006829, 0.00004684, 0.00003187, 0.00002151, 0.00001442, 0.00000962, 0.00000642, 0.00000430, 0.00000291, 0.00000200, 0.00000140, 0.00000099, 0.00000070, 0.00000048, 0.00000031, 0.00000020, 0.00000012, 0.00000006, 0.00000003, 0.00000001, -0.00000000, -0.00000001, -0.00000001, -0.00000001, -0.00000000, -0.00000000, -0.00000000, -0.00000000, -0.00000000, 0.00000000
0.47791502, 0.29098981, 0.21610599, 0.17510218, 0.14696168, 0.12497153, 0.10672660, 0.09123299, 0.07798205, 0.06664068, 0.05694694, 0.04867580, 0.04162851, 0.03562943, 0.03052453, 0.02618002, 0.02248072, 0.01932815, 0.01663857, 0.00930010, 0.00534643, 0.00316401, 0.00192530, 0.00120082, 0.00076466, 0.00049514, 0.00032484, 0.00021521, 0.00014359, 0.00009624, 0.00006468, 0.00004350, 0.00002925, 0.00001963, 0.00001315, 0.00000878, 0.00000586, 0.00000390, 0.00000260, 0.00000174, 0.00000117, 0.00000079, 0.00000054, 0.00000038, 0.00000026, 0.00000018, 0.00000012, 0.00000008, 0.00000005, 0.00000003, 0.00000002, 0.00000001, 0.00000000, 0.00000000, -0.00000000, -0.00000000, -0.00000000, -0.00000000, -0.00000000, -0.00000000, -0.00000000, -0.00000000, -0.00000000, 0.00000000
0.56277746, 0.33599455, 0.23512299, 0.17924726, 0.14367945, 0.11874161, 0.10002632, 0.08530248, 0.07334017, 0.06340828, 0.05504094, 0.04792169, 0.04182309, 0.03657377, 0.03203963, 0.02811272, 0.02470429, 0.02174035, 0.01915853, 0.01172167, 0.00733016, 0.00468662, 0.00306244, 0.00204123, 0.00138370, 0.00095074, 0.00065992, 0.00046126, 0.00032373, 0.00022755, 0.00015980, 0.00011187, 0.00007791, 0.00005386, 0.00003687, 0.00002495, 0.00001664, 0.00001091, 0.00000701, 0.00000441, 0.00000271, 0.00000163, 0.00000097, 0.00000058, 0.00000035, 0.00000023, 0.00000015, 0.00000010, 0.00000004, 0.00000002, 0.00000001, 0.00000000, -0.00000000, -0.00000000, -0.00000000, -0.00000000, -0.00000000, -0.00000000, -0.00000000, -0.00000000, -0.00000000, -0.00000000, -0.00000000, 0.00000000
0.62303047, 0.37002065, 0.25656074, 0.19333938, 0.15321204, 0.12541340, 0.10492256, 0.08912086, 0.07652306, 0.06622838, 0.05765904, 0.05042614, 0.04425663, 0.03895163, 0.03436155, 0.03037074, 0.02688762, 0.02383829, 0.02116209, 0.01330292, 0.00850293, 0.00552542, 0.00365000, 0.00244726, 0.00166139, 0.00113890, 0.00078624, 0.00054527, 0.00037905, 0.00026362, 0.00018310, 0.00012681, 0.00008746, 0.00006000, 0.00004090, 0.00002768, 0.00001860, 0.00001240, 0.00000822, 0.00000543, 0.00000358, 0.00000237, 0.00000158, 0.00000107, 0.00000073, 0.00000050, 0.00000034, 0.00000022, 0.00000014, 0.00000008, 0.00000005, 0.00000002, 0.00000001, 0.00000000, -0.00000000, -0.00000000, -0.00000000, -0.00000000, -0.00000000, -0.00000000, -0.00000000, -0.00000000, -0.00000000, 0.00000000
0.64606385, 0.38597168, 0.26833164, 0.20230414, 0.16013520, 0.13078726, 0.10909828, 0.09236400, 0.07904012, 0.06818145, 0.05917529, 0.05160471, 0.04517413, 0.03966657, 0.03491804, 0.03080153, 0.02721664, 0.02408265, 0.02133375, 0.01331162, 0.00844902, 0.00545580, 0.00358489, 0.00239354, 0.00161986, 0.00110801, 0.00076383, 0.00052928, 0.00036777, 0.00025571, 0.00017757, 0.00012294, 0.00008474, 0.00005807, 0.00003951, 0.00002667, 0.00001784, 0.00001183, 0.00000778, 0.00000509, 0.00000331, 0.00000216, 0.00000142, 0.00000094, 0.00000064, 0.00000044, 0.00000030, 0.00000020, 0.00000012, 0.00000007, 0.00000004, 0.00000002, 0.00000001, 0.00000000, -0.00000000, -0.00000000, -0.00000000, -0.00000000, -0.00000000, -0.00000000, -0.00000000, -0.00000000, -0.00000000, 0.00000000
0.56277746, 0.33599455, 0.23512299, 0.17924726, 0.14367945, 0.11874161, 0.10002632, 0.08530248, 0.07334017, 0.06340828, 0.05504094, 0.04792169, 0.04182309, 0.03657377, 0.03203963, 0.02811272, 0.02470429, 0.02174035, 0.01915853, 0.01172167, 0.00733016, 0.00468662, 0.00306244, 0.00204123, 0.00138370, 0.00095074, 0.00065992, 0.00046126, 0.00032373, 0.00022755, 0.00015980, 0.00011187, 0.00007791, 0.00005386, 0.00003687, 0.00002495, 0.00001664, 0.00001091, 0.00000701, 0.00000441, 0.00000271, 0.00000163, 0.00000097, 0.00000058, 0.00000035, 0.00000023, 0.00000015, 0.00000010, 0.00000004, 0.00000002, 0.00000001, 0.00000000, -0.00000000, -0.00000000, -0.00000000, -0.00000000, -0.00000000, -0.00000000, -0.00000000, -0.00000000, -0.00000000, -0.00000000, -0.00000000, 0.00000000
0.60263701, 0.35361349, 0.24245778, 0.18117203, 0.14275187, 0.11645585, 0.09728029, 0.08262566, 0.07102591, 0.06159809, 0.05378024, 0.04719735, 0.04158850, 0.03676544, 0.03258792, 0.02894852, 0.02576302, 0.02296404, 0.02049673, 0.01318632, 0.00863529, 0.00575114, 0.00389152, 0.00266867, 0.00184889, 0.00128998, 0.00090379, 0.00063430, 0.00044499, 0.00031150, 0.00021724, 0.00015074, 0.00010393, 0.00007113, 0.00004828, 0.00003248, 0.00002165, 0.00001430, 0.00000938, 0.00000611, 0.00000398, 0.00000259, 0.00000170, 0.00000113, 0.00000075, 0.00000050, 0.00000033, 0.00000021, 0.00000013, 0.00000007, 0.00000004, 0.00000002, 0.00000000, -0.00000000, -0.00000000, -0.00000000, -0.00000000, -0.00000000, -0.00000000, -0.00000000, -0.00000000, -0.00000000, -0.00000000, 0.00000000
0.54479100, 0.35230162, 0.26270853, 0.20785420, 0.16883277, 0.13885372, 0.11493836, 0.09551206, 0.07959325, 0.06649025, 0.05567707, 0.04673691, 0.03933288, 0.03319029, 0.02808451, 0.02383167, 0.02028130, 0.01731026, 0.01481780, 0.00819744, 0.00474051, 0.00285409, 0.00177900, 0.00114015, 0.00074626, 0.00049592, 0.00033299, 0.00022504, 0.00015259, 0.00010354, 0.00007015, 0.00004736, 0.00003182, 0.00002123, 0.00001405, 0.00000922, 0.00000598, 0.00000385, 0.00000245, 0.00000155, 0.00000097, 0.00000061, 0.00000039, 0.00000025, 0.00000016, 0.00000010, 0.00000006, 0.00000004, 0.00000002, 0.00000001, 0.00000001, 0.00000000, 0.00000000, 0.00000000, -0.00000000, -0.00000000, -0.00000000, -0.00000000, -0.00000000, -0.00000000, -0.00000000, -0.00000000, -0.00000000, 0.00000000
0.47334305, 0.27198681, 0.18773028, 0.14378331, 0.11730526, 0.09951869, 0.08651049, 0.07635701, 0.06804224, 0.06099710, 0.05488551, 0.04949844, 0.04469888, 0.04039217, 0.03650938, 0.03299787, 0.02981566, 0.02692810, 0.02430578, 0.01610594, 0.01065083, 0.00706063, 0.00470684, 0.00315786, 0.00213082, 0.00144413, 0.00098149, 0.00066792, 0.00045446, 0.00030880, 0.00020933, 0.00014146, 0.00009526, 0.00006394, 0.00004280, 0.00002861, 0.00001914, 0.00001286, 0.00000872, 0.00000598, 0.00000416, 0.00000293, 0.00000209, 0.00000148, 0.00000104, 0.00000071, 0.00000047, 0.00000030, 0.00000020, 0.00000012, 0.00000007, 0.00000003, 0.00000001, 0.00000000, -0.00000001, -0.00000001, -0.00000001, -0.00000000, -0.00000000, -0.00000000, -0.00000000, -0.00000000, -0.00000000, 0.00000000
0.48129723, 0.27711743, 0.19601241, 0.15581472, 0.13183106, 0.11497250, 0.10159628, 0.09018764, 0.08010395, 0.07106347, 0.06293050, 0.05562479, 0.04908436, 0.04325161, 0.03806908, 0.03347920, 0.02942526, 0.02585259, 0.02270951, 0.01358577, 0.00823242, 0.00508352, 0.00320510, 0.00206003, 0.00134542, 0.00088962, 0.00059348, 0.00039822, 0.00026803, 0.00018056, 0.00012151, 0.00008154, 0.00005450, 0.00003624, 0.00002396, 0.00001575, 0.00001030, 0.00000670, 0.00000436, 0.00000284, 0.00000187, 0.00000124, 0.00000083, 0.00000056, 0.00000038, 0.00000025, 0.00000016, 0.00000010, 0.00000006, 0.00000004, 0.00000002, 0.00000001, 0.00000000, 0.00000000, -0.00000000, -0.00000000, -0.00000000, -0.00000000, -0.00000000, -0.00000000, -0.00000000, -0.00000000, -0.00000000, 0.00000000
0.58542905, 0.37369561, 0.27574651, 0.21694535, 0.17596422, 0.14493231, 0.12036472, 0.10045141, 0.08410679, 0.07059848, 0.05938900, 0.05006239, 0.04228668, 0.03579250, 0.03035938, 0.02580613, 0.02198349, 0.01876837, 0.01605919, 0.00882033, 0.00502965, 0.00297310, 0.00181536, 0.00113901, 0.00073026, 0.00047597, 0.00031397, 0.00020883, 0.00013961, 0.00009357, 0.00006274, 0.00004200, 0.00002803, 0.00001863, 0.00001232, 0.00000811, 0.00000530, 0.00000346, 0.00000225, 0.00000146, 0.00000095, 0.00000063, 0.00000042, 0.00000028, 0.00000018, 0.00000012, 0.00000008, 0.00000005, 0.00000003, 0.00000002, 0.00000001, 0.00000000, 0.00000000, 0.00000000, -0.00000000, -0.00000000, -0.00000000, -0.00000000, -0.00000000, -0.00000000, -0.00000000, -0.00000000, -0.00000000, 0.00000000
0.48332386, 0.28136672, 0.19561864, 0.15013868, 0.12213235, 0.10285624, 0.08844903, 0.07703348, 0.06762365, 0.05966340, 0.05281581, 0.04686152, 0.04164748, 0.03706012, 0.03301083, 0.02942780, 0.02625121, 0.02343034, 0.02092164, 0.01340669, 0.00869129, 0.00571151, 0.00380716, 0.00257010, 0.00175246, 0.00120352, 0.00083025, 0.00057396, 0.00039683, 0.00027389, 0.00018842, 0.00012901, 0.00008780, 0.00005932, 0.00003975, 0.00002639, 0.00001736, 0.00001131, 0.00000730, 0.00000468, 0.00000298, 0.00000190, 0.00000121, 0.00000077, 0.00000049, 0.00000031, 0.00000019, 0.00000011, 0.00000006, 0.00000003, 0.00000001, 0.00000000, -0.00000000, -0.00000000, -0.00000000, -0.00000000, -0.00000000, -0.00000000, -0.00000000, -0.00000000, -0.00000000, 0.00000000, 0.00000000, 0.00000000
0.53677870, 0.30755623, 0.20901844, 0.15632340, 0.12404606, 0.10230261, 0.08659159, 0.07462549, 0.06514141, 0.05739382, 0.05091701, 0.04540536, 0.04064955, 0.03650065, 0.03284920, 0.02961240, 0.02672609, 0.02413952, 0.02181181, 0.01463673, 0.00987898, 0.00671333, 0.00460151, 0.00318240, 0.00221897, 0.00155760, 0.00109877, 0.00077753, 0.00055096, 0.00039030, 0.00027598, 0.00019453, 0.00013650, 0.00009524, 0.00006602, 0.00004544, 0.00003103, 0.00002104, 0.00001417, 0.00000951, 0.00000638, 0.00000430, 0.00000293, 0.00000204, 0.00000145, 0.00000104, 0.00000075, 0.00000052, 0.00000033, 0.00000021, 0.00000013, 0.00000007, 0.00000003, 0.00000001, -0.00000000, -0.00000001, -0.00000001, -0.00000001, -0.00000001, -0.00000000, -0.00000000, -0.00000000, -0.00000000, 0.00000000
0.49267491, 0.29527065, 0.21367894, 0.16977056, 0.14128644, 0.12030841, 0.10361999, 0.08976316, 0.07799563, 0.06788698, 0.05915292, 0.05158405, 0.04501419, 0.03930544, 0.03434067, 0.03001930, 0.02625458, 0.02297160, 0.02010569, 0.01192637, 0.00720032, 0.00444089, 0.00280166, 0.00180518, 0.00118437, 0.00078856, 0.00053103, 0.00036064, 0.00024637, 0.00016896, 0.00011611, 0.00007986, 0.00005492, 0.00003774, 0.00002591, 0.00001777, 0.00001219, 0.00000838, 0.00000578, 0.00000400, 0.00000280, 0.00000197, 0.00000140, 0.00000100, 0.00000072, 0.00000051, 0.00000036, 0.00000024, 0.00000016, 0.00000010, 0.00000006, 0.00000004, 0.00000002, 0.00000001, -0.00000000, -0.00000000, -0.00000000, -0.00000000, -0.00000000, -0.00000000, -0.00000000, -0.00000000, -0.00000000, 0.00000000
0.59362774, 0.35355189, 0.24549579, 0.18504805, 0.14654437, 0.11980406, 0.10007334, 0.08486539, 0.07276247, 0.06289873, 0.05471430, 0.04782927, 0.04197507, 0.03695509, 0.03262107, 0.02885840, 0.02557663, 0.02270311, 0.02017862, 0.01277497, 0.00824198, 0.00541596, 0.00362230, 0.00246019, 0.00169162, 0.00117386, 0.00081970, 0.00057455, 0.00040340, 0.00028320, 0.00019851, 0.00013877, 0.00009664, 0.00006701, 0.00004624, 0.00003176, 0.00002171, 0.00001480, 0.00001007, 0.00000687, 0.00000471, 0.00000325, 0.00000227, 0.00000161, 0.00000115, 0.00000082, 0.00000058, 0.00000040, 0.00000026, 0.00000017, 0.00000010, 0.00000006, 0.00000003, 0.00000001, -0.00000000, -0.00000001, -0.00000001, -0.00000001, -0.00000000, -0.00000000, -0.00000000, -0.00000000, -0.00000000, 0.00000000
0.77681270, 0.46900008, 0.32418525, 0.23972215, 0.18423458, 0.14505753, 0.11609227, 0.09400895, 0.07680991, 0.06320747, 0.05232488, 0.04353984, 0.03639651, 0.03055293, 0.02574776, 0.02177845, 0.01848618, 0.01574529, 0.01345560, 0.00739733, 0.00424857, 0.00253690, 0.00156742, 0.00099651, 0.00064826, 0.00042927, 0.00028804, 0.00019510, 0.00013295, 0.00009092, 0.00006224, 0.00004258, 0.00002905, 0.00001974, 0.00001335, 0.00000898, 0.00000600, 0.00000398, 0.00000263, 0.00000173, 0.00000114, 0.00000075, 0.00000050, 0.00000033, 0.00000022, 0.00000015, 0.00000010, 0.00000007, 0.00000004, 0.00000002, 0.00000001, 0.00000001, 0.00000000, 0.00000000, -0.00000000, -0.00000000, -0.00000000, -0.00000000, -0.00000000, -0.00000000, -0.00000000, -0.00000000, -0.00000000, 0.00000000
0.60495894, 0.35588090, 0.24525393, 0.18442712, 0.14639906, 0.12043038, 0.10150705, 0.08702118, 0.07550540, 0.06608195, 0.05819867, 0.05149275, 0.04571625, 0.04069349, 0.03629573, 0.03242560, 0.02900731, 0.02598030, 0.02329511, 0.01517662, 0.01000072, 0.00666641, 0.00449648, 0.00306615, 0.00211029, 0.00146304, 0.00101969, 0.00071308, 0.00049950, 0.00034992, 0.00024484, 0.00017090, 0.00011890, 0.00008238, 0.00005681, 0.00003899, 0.00002664, 0.00001813, 0.00001231, 0.00000835, 0.00000568, 0.00000388, 0.00000267, 0.00000184, 0.00000127, 0.00000088, 0.00000059, 0.00000039, 0.00000024, 0.00000014, 0.00000008, 0.00000003, 0.00000001, -0.00000000, -0.00000001, -0.00000001, -0.00000001, -0.00000001, -0.00000000, -0.00000000, -0.00000000, -0.00000000, -0.00000000, 0.00000000
0.59364296, 0.37172054, 0.26981305, 0.20959316, 0.16836321, 0.13764569, 0.11365794, 0.09443359, 0.07880182, 0.06598346, 0.05541621, 0.04667229, 0.03941572, 0.03337772, 0.02834111, 0.02412933, 0.02059841, 0.01763065, 0.01512971, 0.00842912, 0.00488604, 0.00293830, 0.00182570, 0.00116554, 0.00076007, 0.00050360, 0.00033747, 0.00022787, 0.00015454, 0.00010501, 0.00007132, 0.00004834, 0.00003263, 0.00002191, 0.00001462, 0.00000968, 0.00000636, 0.00000415, 0.00000269, 0.00000173, 0.00000111, 0.00000072, 0.00000046, 0.00000030, 0.00000020, 0.00000013, 0.00000008, 0.00000005, 0.00000003, 0.00000002, 0.00000001, 0.00000000, 0.00000000, -0.00000000, -0.00000000, -0.00000000, -0.00000000, -0.00000000, -0.00000000, -0.00000000, -0.00000000, -0.00000000, -0.00000000, 0.00000000
0.63454327, 0.38832892, 0.27701288, 0.21349032, 0.17178108, 0.14179649, 0.11891754, 0.10076031, 0.08596973, 0.07370959, 0.06342602, 0.05472951, 0.04733244, 0.04101403, 0.03559980, 0.03094880, 0.02694535, 0.02349340, 0.02051254, 0.01209918, 0.00730334, 0.00451342, 0.00285393, 0.00184232, 0.00121040, 0.00080669, 0.00054366, 0.00036946, 0.00025255, 0.00017328, 0.00011911, 0.00008191, 0.00005629, 0.00003861, 0.00002642, 0.00001804, 0.00001229, 0.00000836, 0.00000569, 0.00000388, 0.00000267, 0.00000185, 0.00000129, 0.00000092, 0.00000065, 0.00000047, 0.00000033, 0.00000023, 0.00000015, 0.00000010, 0.00000006, 0.00000003, 0.00000002, 0.00000001, -0.00000000, -0.00000000, -0.00000000, -0.00000000, -0.00000000, -0.00000000, -0.00000000, -0.00000000, -0.00000000, 0.00000000
0.55112082, 0.34288064, 0.24975546, 0.19569297, 0.15897431, 0.13160212, 0.11007961, 0.09264143, 0.07827212, 0.06631681, 0.05631293, 0.04791175, 0.04083897, 0.03487314, 0.02983274, 0.02556768, 0.02195326, 0.01888559, 0.01627797, 0.00917344, 0.00534172, 0.00321292, 0.00199238, 0.00126910, 0.00082664, 0.00054812, 0.00036842, 0.00025010, 0.00017093, 0.00011728, 0.00008061, 0.00005537, 0.00003795, 0.00002591, 0.00001759, 0.00001186, 0.00000794, 0.00000527, 0.00000347, 0.00000226, 0.00000147, 0.00000095, 0.00000062, 0.00000041, 0.00000027, 0.00000018, 0.00000012, 0.00000008, 0.00000005, 0.00000003, 0.00000002, 0.00000001, 0.00000000, 0.00000000, -0.00000000, -0.00000000, -0.00000000, -0.00000000, -0.00000000, -0.00000000, -0.00000000, -0.00000000, -0.00000000, 0.00000000
0.53446742, 0.31868539, 0.22593748, 0.17546658, 0.14334095, 0.12051073, 0.10301805, 0.08893880, 0.07724850, 0.06735215, 0.05887357, 0.05155525, 0.04520836, 0.03968675, 0.03487269, 0.03066872, 0.02699274, 0.02377475, 0.02095470, 0.01278312, 0.00793595, 0.00502713, 0.00325180, 0.00214404, 0.00143647, 0.00097453, 0.00066721, 0.00045959, 0.00031766, 0.00021980, 0.00015193, 0.00010473, 0.00007187, 0.00004902, 0.00003319, 0.00002228, 0.00001481, 0.00000974, 0.00000635, 0.00000409, 0.00000262, 0.00000168, 0.00000108, 0.00000070, 0.00000046, 0.00000031, 0.00000020, 0.00000013, 0.00000008, 0.00000004, 0.00000002, 0.00000001, 0.00000000, -0.00000000, -0.00000000, -0.00000000, -0.00000000, -0.00000000, -0.00000000, -0.00000000, -0.00000000, -0.00000000, -0.00000000, 0.00000000
0.50506816, 0.29582730, 0.20412227, 0.15417083, 0.12313679, 0.10200312, 0.08659032, 0.07474401, 0.06526552, 0.05744732, 0.05085060, 0.04519107, 0.04027674, 0.03597272, 0.03218053, 0.02882553, 0.02584922, 0.02320434, 0.02085167, 0.01369777, 0.00910637, 0.00613385, 0.00418946, 0.00289940, 0.00202962, 0.00143372, 0.00101944, 0.00072780, 0.00052045, 0.00037194, 0.00026508, 0.00018802, 0.00013244, 0.00009246, 0.00006383, 0.00004347, 0.00002912, 0.00001914, 0.00001230, 0.00000771, 0.00000470, 0.00000278, 0.00000162, 0.00000093, 0.00000056, 0.00000036, 0.00000024, 0.00000016, 0.00000006, 0.00000003, 0.00000001, -0.00000000, -0.00000001, -0.00000001, -0.00000000, -0.00000000, -0.00000000, -0.00000000, -0.00000000, -0.00000000, 0.00000000, 0.00000000, 0.00000000, 0.00000000
0.51989832, 0.30917984, 0.21846414, 0.16966737, 0.13913315, 0.11773902, 0.10145661, 0.08833892, 0.07737403, 0.06799797, 0.05987197, 0.05277526, 0.04655173, 0.04108252, 0.03627178, 0.03203895, 0.02831459, 0.02503791, 0.02215534, 0.01370308, 0.00861181, 0.00551474, 0.00360023, 0.00239117, 0.00161040, 0.00109588, 0.00075105, 0.00051687, 0.00035630, 0.00024547, 0.00016871, 0.00011546, 0.00007856, 0.00005307, 0.00003554, 0.00002357, 0.00001547, 0.00001004, 0.00000644, 0.00000410, 0.00000259, 0.00000163, 0.00000103, 0.00000066, 0.00000043, 0.00000028, 0.00000018, 0.00000011, 0.00000006, 0.00000003, 0.00000002, 0.00000001, 0.00000000, -0.00000000, -0.00000000, -0.00000000, -0.00000000, -0.00000000, -0.00000000, -0.00000000, -0.00000000, -0.00000000, -0.00000000, 0.00000000
0.53906624, 0.34465851, 0.25798646, 0.20640389, 0.17011062, 0.14213528, 0.11953611, 0.10085207, 0.08523354, 0.07211230, 0.06106627, 0.05176034, 0.04391862, 0.03731000, 0.03173955, 0.02704262, 0.02308027, 0.01973543, 0.01690964, 0.00929721, 0.00528254, 0.00309856, 0.00187172, 0.00116030, 0.00073532, 0.00047458, 0.00031084, 0.00020595, 0.00013764, 0.00009254, 0.00006246, 0.00004223, 0.00002854, 0.00001926, 0.00001295, 0.00000866, 0.00000576, 0.00000381, 0.00000250, 0.00000163, 0.00000106, 0.00000069, 0.00000045, 0.00000029, 0.00000020, 0.00000013, 0.00000009, 0.00000006, 0.00000003, 0.00000002, 0.00000001, 0.00000001, 0.00000000, 0.00000000, -0.00000000, -0.00000000, -0.00000000, -0.00000000, -0.00000000, -0.00000000, -0.00000000, -0.00000000, -0.00000000, 0.00000000
0.64606385, 0.38597168, 0.26833164, 0.20230414, 0.16013520, 0.13078726, 0.10909828, 0.09236400, 0.07904012, 0.06818145, 0.05917529, 0.05160471, 0.04517413, 0.03966657, 0.03491804, 0.03080153, 0.02721664, 0.02408265, 0.02133375, 0.01331162, 0.00844902, 0.00545580, 0.00358489, 0.00239354, 0.00161986, 0.00110801, 0.00076383, 0.00052928, 0.00036777, 0.00025571, 0.00017757, 0.00012294, 0.00008474, 0.00005807, 0.00003951, 0.00002667, 0.00001784, 0.00001183, 0.00000778, 0.00000509, 0.00000331, 0.00000216, 0.00000142, 0.00000094, 0.00000064, 0.00000044, 0.00000030, 0.00000020, 0.00000012, 0.00000007, 0.00000004, 0.00000002, 0.00000001, 0.00000000, -0.00000000, -0.00000000, -0.00000000, -0.00000000, -0.00000000, -0.00000000, -0.00000000, -0.00000000, -0.00000000, 0.00000000
0.48464890, 0.29872341, 0.22232401, 0.17997890, 0.15106744, 0.12871694, 0.11031995, 0.09474573, 0.08141243, 0.06995622, 0.06010845, 0.05164921, 0.04438953, 0.03816421, 0.03282856, 0.02825628, 0.02433773, 0.02097821, 0.01809633, 0.01014294, 0.00580407, 0.00339787, 0.00203639, 0.00124830, 0.00078128, 0.00049811, 0.00032269, 0.00021188, 0.00014064, 0.00009415, 0.00006342, 0.00004290, 0.00002907, 0.00001971, 0.00001334, 0.00000900, 0.00000604, 0.00000403, 0.00000268, 0.00000177, 0.00000116, 0.00000077, 0.00000051, 0.00000034, 0.00000023, 0.00000016, 0.00000011, 0.00000008, 0.00000005, 0.00000003, 0.00000002, 0.00000001, 0.00000000, 0.00000000, -0.00000000, -0.00000000, -0.00000000, -0.00000000, -0.00000000, -0.00000000, -0.00000000, -0.00000000, -0.00000000, 0.00000000
0.54481526, 0.32986270, 0.23313298, 0.17877876, 0.14380442, 0.11914049, 0.10059515, 0.08600552, 0.07415674, 0.06431637, 0.05601446, 0.04893233, 0.04284287, 0.03757720, 0.03300505, 0.02902297, 0.02554684, 0.02250703, 0.01984506, 0.01211054, 0.00750173, 0.00472447, 0.00302671, 0.00196979, 0.00129912, 0.00086583, 0.00058152, 0.00039256, 0.00026573, 0.00017998, 0.00012173, 0.00008208, 0.00005509, 0.00003674, 0.00002433, 0.00001597, 0.00001040, 0.00000671, 0.00000429, 0.00000273, 0.00000174, 0.00000111, 0.00000071, 0.00000046, 0.00000030, 0.00000020, 0.00000012, 0.00000008, 0.00000005, 0.00000003, 0.00000001, 0.00000001, 0.00000000, -0.00000000, -0.00000000, -0.00000000, -0.00000000, -0.00000000, -0.00000000, -0.00000000, -0.00000000, -0.00000000, -0.00000000, 0.00000000
0.46691116, 0.27506171, 0.19528298, 0.15311767, 0.12683110, 0.10831500, 0.09408957, 0.08251095, 0.07273866, 0.06430861, 0.05694287, 0.05046001, 0.04473129, 0.03965835, 0.03516165, 0.03117424, 0.02763828, 0.02450302, 0.02172358, 0.01348943, 0.00846785, 0.00540137, 0.00350930, 0.00232053, 0.00155786, 0.00105853, 0.00072573, 0.00050065, 0.00034668, 0.00024047, 0.00016679, 0.00011552, 0.00007980, 0.00005493, 0.00003765, 0.00002570, 0.00001747, 0.00001183, 0.00000800, 0.00000541, 0.00000367, 0.00000251, 0.00000173, 0.00000121, 0.00000084, 0.00000059, 0.00000041, 0.00000027, 0.00000018, 0.00000011, 0.00000006, 0.00000003, 0.00000001, 0.00000000, -0.00000000, -0.00000000, -0.00000000, -0.00000000, -0.00000000, -0.00000000, -0.00000000, -0.00000000, -0.00000000, 0.00000000
0.51626815, 0.31015577, 0.22046271, 0.17086717, 0.13894578, 0.11618217, 0.09879039, 0.08488292, 0.07342520, 0.06380021, 0.05561067, 0.04858273, 0.04251642, 0.03725874, 0.03268841, 0.02870667, 0.02523162, 0.02219437, 0.01953644, 0.01184602, 0.00730300, 0.00459175, 0.00295117, 0.00193965, 0.00130201, 0.00089040, 0.00061840, 0.00043469, 0.00030822, 0.00021975, 0.00015708, 0.00011227, 0.00008005, 0.00005681, 0.00004005, 0.00002798, 0.00001935, 0.00001322, 0.00000892, 0.00000594, 0.00000391, 0.00000256, 0.00000169, 0.00000113, 0.00000078, 0.00000057, 0.00000042, 0.00000030, 0.00000018, 0.00000011, 0.00000007, 0.00000004, 0.00000002, 0.00000001, -0.00000000, -0.00000000, -0.00000000, -0.00000000, -0.00000000, -0.00000000, -0.00000000, -0.00000000, -0.00000000, 0.00000000
0.55930175, 0.33001125, 0.22998141, 0.17561167, 0.14157755, 0.11801055, 0.10044608, 0.08664572, 0.07539342, 0.06598114, 0.05796939, 0.05106832, 0.04507560, 0.03984261, 0.03525527, 0.03122283, 0.02767104, 0.02453789, 0.02177079, 0.01360167, 0.00861109, 0.00554014, 0.00362656, 0.00241210, 0.00162576, 0.00110695, 0.00075910, 0.00052286, 0.00036087, 0.00024905, 0.00017155, 0.00011775, 0.00008042, 0.00005458, 0.00003677, 0.00002456, 0.00001627, 0.00001068, 0.00000696, 0.00000451, 0.00000292, 0.00000189, 0.00000124, 0.00000082, 0.00000055, 0.00000036, 0.00000024, 0.00000015, 0.00000009, 0.00000005, 0.00000003, 0.00000001, 0.00000000, -0.00000000, -0.00000000, -0.00000000, -0.00000000, -0.00000000, -0.00000000, -0.00000000, -0.00000000, -0.00000000, -0.00000000, 0.00000000
0.51051385, 0.31113646, 0.22767631, 0.18145399, 0.15041452, 0.12694012, 0.10800997, 0.09225315, 0.07894309, 0.06762647, 0.05797853, 0.04974424, 0.04271296, 0.03670663, 0.03157338, 0.02718348, 0.02342618, 0.02020715, 0.01744620, 0.00983936, 0.00568311, 0.00336673, 0.00204433, 0.00126906, 0.00080261, 0.00051530, 0.00033471, 0.00021928, 0.00014449, 0.00009553, 0.00006324, 0.00004184, 0.00002761, 0.00001816, 0.00001188, 0.00000773, 0.00000500, 0.00000322, 0.00000207, 0.00000132, 0.00000085, 0.00000055, 0.00000036, 0.00000024, 0.00000016, 0.00000010, 0.00000006, 0.00000004, 0.00000002, 0.00000001, 0.00000001, 0.00000000, 0.00000000, -0.00000000, -0.00000000, -0.00000000, -0.00000000, -0.00000000, -0.00000000, -0.00000000, -0.00000000, -0.00000000, -0.00000000, 0.00000000
0.58377072, 0.35731834, 0.25563461, 0.19747592, 0.15885661, 0.13070247, 0.10897641, 0.09162990, 0.07749378, 0.06582773, 0.05612136, 0.04799964, 0.04117461, 0.03541871, 0.03054883, 0.02641597, 0.02289799, 0.01989435, 0.01732203, 0.01020663, 0.00623023, 0.00392820, 0.00254712, 0.00168867, 0.00113805, 0.00077573, 0.00053262, 0.00036716, 0.00025345, 0.00017482, 0.00012026, 0.00008238, 0.00005611, 0.00003795, 0.00002546, 0.00001692, 0.00001114, 0.00000726, 0.00000468, 0.00000300, 0.00000191, 0.00000121, 0.00000078, 0.00000050, 0.00000032, 0.00000021, 0.00000013, 0.00000008, 0.00000005, 0.00000003, 0.00000002, 0.00000001, 0.00000000, 0.00000000, -0.00000000, -0.00000000, -0.00000000, -0.00000000, -0.00000000, -0.00000000, -0.00000000, -0.00000000, -0.00000000, 0.00000000
0.63586889, 0.39691622, 0.28416088, 0.21711925, 0.17181590, 0.13879969, 0.11360250, 0.09380761, 0.07796248, 0.06511852, 0.05461540, 0.04597108, 0.03882133, 0.03288405, 0.02793690, 0.02380246, 0.02033785, 0.01742723, 0.01497619, 0.00838319, 0.00487970, 0.00294206, 0.00182964, 0.00116812, 0.00076202, 0.00050571, 0.00034010, 0.00023100, 0.00015801, 0.00010857, 0.00007478, 0.00005154, 0.00003548, 0.00002436, 0.00001666, 0.00001134, 0.00000767, 0.00000516, 0.00000345, 0.00000230, 0.00000153, 0.00000101, 0.00000068, 0.00000046, 0.00000031, 0.00000021, 0.00000015, 0.00000010, 0.00000006, 0.00000004, 0.00000002, 0.00000001, 0.00000000, 0.00000000, -0.00000000, -0.00000000, -0.00000000, -0.00000000, -0.00000000, -0.00000000, -0.00000000, -0.00000000, -0.00000000, 0.00000000
0.57240587, 0.36040436, 0.26314123, 0.20465874, 0.16391654, 0.13327563, 0.10931494, 0.09019287, 0.07475815, 0.06221147, 0.05196070, 0.04355087, 0.03662530, 0.03090131, 0.02615345, 0.02220118, 0.01889948, 0.01613152, 0.01380294, 0.00760793, 0.00436196, 0.00259388, 0.00159390, 0.00100688, 0.00065027, 0.00042715, 0.00028412, 0.00019063, 0.00012862, 0.00008704, 0.00005894, 0.00003986, 0.00002689, 0.00001806, 0.00001207, 0.00000802, 0.00000530, 0.00000348, 0.00000228, 0.00000148, 0.00000097, 0.00000063, 0.00000042, 0.00000028, 0.00000018, 0.00000012, 0.00000008, 0.00000005, 0.00000003, 0.00000002, 0.00000001, 0.00000000, 0.00000000, -0.00000000, -0.00000000, -0.00000000, -0.00000000, -0.00000000, -0.00000000, -0.00000000, -0.00000000, -0.00000000, -0.00000000, 0.00000000
0.54367405, 0.30247357, 0.19935500, 0.14507392, 0.11265795, 0.09151384, 0.07676794, 0.06592409, 0.05759961, 0.05098070, 0.04556430, 0.04102628, 0.03715015, 0.03378668, 0.03082991, 0.02820270, 0.02584746, 0.02372030, 0.02178707, 0.01563160, 0.01127462, 0.00816058, 0.00592855, 0.00432000, 0.00315267, 0.00230012, 0.00167463, 0.00121473, 0.00087663, 0.00062863, 0.00044746, 0.00031587, 0.00022096, 0.00015309, 0.00010503, 0.00007137, 0.00004808, 0.00003217, 0.00002144, 0.00001430, 0.00000960, 0.00000651, 0.00000448, 0.00000312, 0.00000217, 0.00000150, 0.00000100, 0.00000065, 0.00000043, 0.00000026, 0.00000014, 0.00000007, 0.00000002, -0.00000001, -0.00000002, -0.00000002, -0.00000002, -0.00000001, -0.00000001, -0.00000001, -0.00000000, -0.00000000, -0.00000000, 0.00000000
0.51051385, 0.31113646, 0.22767631, 0.18145399, 0.15041452, 0.12694012, 0.10800997, 0.09225315, 0.07894309, 0.06762647, 0.05797853, 0.04974424, 0.04271296, 0.03670663, 0.03157338, 0.02718348, 0.02342618, 0.02020715, 0.01744620, 0.00983936, 0.00568311, 0.00336673, 0.00204433, 0.00126906, 0.00080261, 0.00051530, 0.00033471, 0.00021928, 0.00014449, 0.00009553, 0.00006324, 0.00004184, 0.00002761, 0.00001816, 0.00001188, 0.00000773, 0.00000500, 0.00000322, 0.00000207, 0.00000132, 0.00000085, 0.00000055, 0.00000036, 0.00000024, 0.00000016, 0.00000010, 0.00000006, 0.00000004, 0.00000002, 0.00000001, 0.00000001, 0.00000000, 0.00000000, -0.00000000, -0.00000000, -0.00000000, -0.00000000, -0.00000000, -0.00000000, -0.00000000, -0.00000000, -0.00000000, -0.00000000, 0.00000000
0.56395191, 0.33927977, 0.24156975, 0.18732155, 0.15219530, 0.12702298, 0.10774580, 0.09233485, 0.07966701, 0.06906220, 0.06007507, 0.05239402, 0.04578918, 0.04008386, 0.03513805, 0.03083831, 0.02709119, 0.02381883, 0.02095574, 0.01268578, 0.00779600, 0.00487165, 0.00309796, 0.00200280, 0.00131361, 0.00087190, 0.00058414, 0.00039403, 0.00026700, 0.00018137, 0.00012327, 0.00008369, 0.00005666, 0.00003821, 0.00002563, 0.00001709, 0.00001132, 0.00000745, 0.00000487, 0.00000318, 0.00000207, 0.00000136, 0.00000090, 0.00000060, 0.00000041, 0.00000028, 0.00000019, 0.00000012, 0.00000008, 0.00000005, 0.00000003, 0.00000001, 0.00000000, 0.00000000, -0.00000000, -0.00000000, -0.00000000, -0.00000000, -0.00000000, -0.00000000, -0.00000000, -0.00000000, -0.00000000, 0.00000000
0.49857987, 0.27602028, 0.18028703, 0.12964570, 0.09935400, 0.07965065, 0.06601262, 0.05610170, 0.04860853, 0.04275352, 0.03804927, 0.03417861, 0.03092803, 0.02814966, 0.02573842, 0.02361802, 0.02173196, 0.02003765, 0.01850251, 0.01359016, 0.01003219, 0.00740764, 0.00546805, 0.00403549, 0.00297767, 0.00219622, 0.00161847, 0.00119096, 0.00087445, 0.00064015, 0.00046685, 0.00033889, 0.00024468, 0.00017560, 0.00012519, 0.00008864, 0.00006233, 0.00004357, 0.00003031, 0.00002104, 0.00001462, 0.00001023, 0.00000723, 0.00000519, 0.00000378, 0.00000278, 0.00000204, 0.00000144, 0.00000094, 0.00000060, 0.00000036, 0.00000019, 0.00000008, 0.00000001, -0.00000003, -0.00000005, -0.00000005, -0.00000004, -0.00000003, -0.00000002, -0.00000001, -0.00000000, -0.00000000, 0.00000000
0.54116798, 0.31971757, 0.22436377, 0.17311000, 0.14121225, 0.11911183, 0.10254261, 0.08940242, 0.07857109, 0.06940861, 0.06152394, 0.05466182, 0.04864479, 0.04334214, 0.03865285, 0.03449571, 0.03080356, 0.02751965, 0.02459533, 0.01581201, 0.01028339, 0.00678362, 0.00454227, 0.00308092, 0.00211002, 0.00145428, 0.00100570, 0.00069605, 0.00048110, 0.00033148, 0.00022730, 0.00015490, 0.00010477, 0.00007025, 0.00004666, 0.00003068, 0.00001997, 0.00001288, 0.00000824, 0.00000526, 0.00000336, 0.00000217, 0.00000142, 0.00000094, 0.00000062, 0.00000041, 0.00000026, 0.00000016, 0.00000011, 0.00000007, 0.00000004, 0.00000002, 0.00000001, 0.00000000, -0.00000000, -0.00000000, -0.00000000, -0.00000000, -0.00000000, -0.00000000, -0.00000000, -0.00000000, -0.00000000, 0.00000000
0.55118329, 0.33048003, 0.23423920, 0.18108680, 0.14699455, 0.12279163, 0.10438116, 0.08971270, 0.07766051, 0.06755411, 0.05896358, 0.05159454, 0.04523359, 0.03971863, 0.03492196, 0.03074012, 0.02708758, 0.02389256, 0.02109422, 0.01296010, 0.00810532, 0.00516980, 0.00336567, 0.00223376, 0.00150758, 0.00103147, 0.00071312, 0.00049667, 0.00034749, 0.00024360, 0.00017071, 0.00011932, 0.00008302, 0.00005738, 0.00003932, 0.00002666, 0.00001785, 0.00001178, 0.00000765, 0.00000488, 0.00000307, 0.00000191, 0.00000118, 0.00000074, 0.00000048, 0.00000033, 0.00000023, 0.00000015, 0.00000008, 0.00000005, 0.00000003, 0.00000001, 0.00000000, 0.00000000, -0.00000000, -0.00000000, -0.00000000, -0.00000000, -0.00000000, -0.00000000, -0.00000000, -0.00000000, -0.00000000, 0.00000000
0.55049058, 0.31812202, 0.21619766, 0.16105086, 0.12716042, 0.10440275, 0.08807459, 0.07574430, 0.06605232, 0.05819070, 0.05165466, 0.04611502, 0.04134879, 0.03719962, 0.03355437, 0.03032875, 0.02745826, 0.02489232, 0.02259042, 0.01547335, 0.01072030, 0.00750717, 0.00531115, 0.00378874, 0.00271778, 0.00195496, 0.00140664, 0.00101024, 0.00072292, 0.00051467, 0.00036406, 0.00025558, 0.00017787, 0.00012261, 0.00008365, 0.00005645, 0.00003767, 0.00002487, 0.00001627, 0.00001057, 0.00000685, 0.00000444, 0.00000290, 0.00000191, 0.00000127, 0.00000083, 0.00000053, 0.00000033, 0.00000020, 0.00000011, 0.00000006, 0.00000002, 0.00000000, -0.00000001, -0.00000001, -0.00000001, -0.00000001, -0.00000001, -0.00000000, -0.00000000, -0.00000000, -0.00000000, -0.00000000, 0.00000000
0.47310684, 0.27236189, 0.18967511, 0.14706564, 0.12133687, 0.10372467, 0.09045407, 0.07975547, 0.07074284, 0.06294378, 0.05608833, 0.05000934, 0.04459380, 0.03975838, 0.03543702, 0.03157444, 0.02812270, 0.02503930, 0.02228620, 0.01401177, 0.00886198, 0.00567037, 0.00368199, 0.00242651, 0.00162027, 0.00109358, 0.00074411, 0.00050918, 0.00034959, 0.00024033, 0.00016514, 0.00011323, 0.00007736, 0.00005260, 0.00003555, 0.00002387, 0.00001592, 0.00001054, 0.00000693, 0.00000454, 0.00000297, 0.00000195, 0.00000129, 0.00000086, 0.00000058, 0.00000039, 0.00000026, 0.00000016, 0.00000010, 0.00000006, 0.00000003, 0.00000001, 0.00000000, -0.00000000, -0.00000000, -0.00000000, -0.00000000, -0.00000000, -0.00000000, -0.00000000, -0.00000000, -0.00000000, -0.00000000, 0.00000000
0.55363250, 0.32382495, 0.22373396, 0.16963926, 0.13617336, 0.11336039, 0.09662673, 0.08365104, 0.07316425, 0.06442997, 0.05699796, 0.05057903, 0.04497820, 0.04005761, 0.03571512, 0.03187184, 0.02846448, 0.02544073, 0.02275627, 0.01467254, 0.00958265, 0.00635270, 0.00427695, 0.00291943, 0.00201498, 0.00140207, 0.00098080, 0.00068807, 0.00048305, 0.00033874, 0.00023690, 0.00016498, 0.00011428, 0.00007864, 0.00005371, 0.00003638, 0.00002443, 0.00001627, 0.00001075, 0.00000707, 0.00000464, 0.00000305, 0.00000203, 0.00000136, 0.00000093, 0.00000064, 0.00000044, 0.00000029, 0.00000018, 0.00000011, 0.00000006, 0.00000003, 0.00000001, 0.00000000, -0.00000000, -0.00000001, -0.00000001, -0.00000000, -0.00000000, -0.00000000, -0.00000000, -0.00000000, -0.00000000, 0.00000000
0.51108228, 0.29241972, 0.19901725, 0.14965534, 0.11985559, 0.10003478, 0.08581516, 0.07498246, 0.06633185, 0.05916963, 0.05307714, 0.04779083, 0.04313800, 0.03900092, 0.03529608, 0.03196183, 0.02895095, 0.02622591, 0.02375598, 0.01600143, 0.01078413, 0.00729645, 0.00496958, 0.00340909, 0.00235317, 0.00163169, 0.00113436, 0.00078916, 0.00054837, 0.00037997, 0.00026212, 0.00017975, 0.00012236, 0.00008258, 0.00005519, 0.00003648, 0.00002384, 0.00001540, 0.00000984, 0.00000623, 0.00000392, 0.00000247, 0.00000155, 0.00000098, 0.00000062, 0.00000038, 0.00000022, 0.00000012, 0.00000007, 0.00000003, 0.00000001, -0.00000000, -0.00000001, -0.00000001, -0.00000001, -0.00000000, -0.00000000, -0.00000000, -0.00000000, -0.00000000, 0.00000000, 0.00000000, 0.00000000, 0.00000000
0.56059011, 0.32205623, 0.21787427, 0.16172172, 0.12731163, 0.10424784, 0.08771838, 0.07524511, 0.06544742, 0.05750715, 0.05091396, 0.04533515, 0.04054508, 0.03638514, 0.03274015, 0.02952391, 0.02667016, 0.02412673, 0.02185166, 0.01486722, 0.01025072, 0.00715481, 0.00505113, 0.00359865, 0.00257976, 0.00185543, 0.00133544, 0.00095979, 0.00068758, 0.00049023, 0.00034740, 0.00024439, 0.00017048, 0.00011781, 0.00008056, 0.00005448, 0.00003641, 0.00002405, 0.00001570, 0.00001016, 0.00000653, 0.00000418, 0.00000269, 0.00000174, 0.00000113, 0.00000073, 0.00000046, 0.00000028, 0.00000016, 0.00000009, 0.00000004, 0.00000001, -0.00000000, -0.00000001, -0.00000001, -0.00000001, -0.00000001, -0.00000000, -0.00000000, -0.00000000, -0.00000000, -0.00000000, -0.00000000, 0.00000000
0.44247592, 0.24868145, 0.16682762, 0.12366119, 0.09764618, 0.08045698, 0.06829430, 0.05921775, 0.05215119, 0.04645861, 0.04174431, 0.03775132, 0.03430654, 0.03128961, 0.02861448, 0.02621806, 0.02405310, 0.02208350, 0.02028118, 0.01446227, 0.01028471, 0.00729231, 0.00516585, 0.00366130, 0.00259758, 0.00184435, 0.00130961, 0.00092898, 0.00065747, 0.00046359, 0.00032517, 0.00022651, 0.00015642, 0.00010688, 0.00007212, 0.00004794, 0.00003133, 0.00002007, 0.00001258, 0.00000771, 0.00000462, 0.00000272, 0.00000160, 0.00000096, 0.00000061, 0.00000041, 0.00000029, 0.00000020, 0.00000010, 0.00000006, 0.00000003, 0.00000001, 0.00000000, -0.00000000, -0.00000000, -0.00000000, -0.00000000, -0.00000000, -0.00000000, -0.00000000, -0.00000000, -0.00000000, -0.00000000, 0.00000000
0.59771920, 0.35934781, 0.25280454, 0.19323344, 0.15495920, 0.12794690, 0.10761064, 0.09160677, 0.07862533, 0.06787537, 0.05884552, 0.05118465, 0.04463888, 0.03901667, 0.03416863, 0.02997511, 0.02633849, 0.02317791, 0.02042574, 0.01251090, 0.00784009, 0.00502733, 0.00329501, 0.00220036, 0.00149105, 0.00102122, 0.00070441, 0.00048786, 0.00033840, 0.00023457, 0.00016219, 0.00011168, 0.00007647, 0.00005200, 0.00003507, 0.00002344, 0.00001551, 0.00001016, 0.00000659, 0.00000424, 0.00000272, 0.00000174, 0.00000112, 0.00000072, 0.00000047, 0.00000031, 0.00000020, 0.00000012, 0.00000007, 0.00000004, 0.00000002, 0.00000001, 0.00000000, -0.00000000, -0.00000000, -0.00000000, -0.00000000, -0.00000000, -0.00000000, -0.00000000, -0.00000000, -0.00000000, -0.00000000, 0.00000000
0.49474119, 0.28846366, 0.20319841, 0.15871498, 0.13136499, 0.11228602, 0.09768667, 0.08579803, 0.07573514, 0.06702318, 0.05938612, 0.05264784, 0.04668448, 0.04140090, 0.03671892, 0.03257144, 0.02889934, 0.02564983, 0.02277559, 0.01425976, 0.00905311, 0.00584923, 0.00385052, 0.00257848, 0.00175120, 0.00120221, 0.00083158, 0.00057790, 0.00040249, 0.00028032, 0.00019487, 0.00013498, 0.00009301, 0.00006366, 0.00004323, 0.00002909, 0.00001937, 0.00001276, 0.00000832, 0.00000537, 0.00000345, 0.00000221, 0.00000142, 0.00000093, 0.00000062, 0.00000042, 0.00000028, 0.00000018, 0.00000011, 0.00000006, 0.00000003, 0.00000002, 0.00000001, -0.00000000, -0.00000000, -0.00000000, -0.00000000, -0.00000000, -0.00000000, -0.00000000, -0.00000000, -0.00000000, -0.00000000, 0.00000000
0.64600202, 0.40792645, 0.29503480, 0.22649197, 0.17904315, 0.14380643, 0.11662406, 0.09520456, 0.07811346, 0.06436693, 0.05324840, 0.04421609, 0.03685101, 0.03082473, 0.02587755, 0.02180304, 0.01843640, 0.01564564, 0.01332477, 0.00724866, 0.00414077, 0.00246839, 0.00152570, 0.00097139, 0.00063316, 0.00042022, 0.00028268, 0.00019199, 0.00013124, 0.00009005, 0.00006187, 0.00004248, 0.00002909, 0.00001984, 0.00001346, 0.00000906, 0.00000605, 0.00000401, 0.00000263, 0.00000171, 0.00000111, 0.00000071, 0.00000046, 0.00000030, 0.00000020, 0.00000014, 0.00000009, 0.00000006, 0.00000004, 0.00000002, 0.00000001, 0.00000001, 0.00000000, 0.00000000, -0.00000000, -0.00000000, -0.00000000, -0.00000000, -0.00000000, -0.00000000, -0.00000000, -0.00000000, -0.00000000, 0.00000000
0.58179838, 0.34960242, 0.24681608, 0.18947198, 0.15254508, 0.12638434, 0.10661835, 0.09102000, 0.07834141, 0.06782442, 0.05897515, 0.05145229, 0.04500819, 0.03945599, 0.03465027, 0.03047514, 0.02683658, 0.02365717, 0.02087253, 0.01281195, 0.00801088, 0.00510891, 0.00332283, 0.00219896, 0.00147572, 0.00100079, 0.00068361, 0.00046895, 0.00032226, 0.00022133, 0.00015163, 0.00010343, 0.00007011, 0.00004716, 0.00003142, 0.00002071, 0.00001348, 0.00000866, 0.00000549, 0.00000344, 0.00000214, 0.00000132, 0.00000082, 0.00000052, 0.00000033, 0.00000022, 0.00000014, 0.00000009, 0.00000006, 0.00000003, 0.00000002, 0.00000001, 0.00000000, 0.00000000, -0.00000000, -0.00000000, -0.00000000, -0.00000000, -0.00000000, -0.00000000, -0.00000000, -0.00000000, -0.00000000, 0.00000000
0.52820986, 0.32784106, 0.24079122, 0.19108331, 0.15744826, 0.13222835, 0.11216806, 0.09567874, 0.08187845, 0.07021490, 0.06030454, 0.05185926, 0.04465067, 0.03849155, 0.03322545, 0.02872025, 0.02486376, 0.02156050, 0.01872918, 0.01085204, 0.00647124, 0.00396935, 0.00249969, 0.00161127, 0.00105929, 0.00070769, 0.00047881, 0.00032704, 0.00022486, 0.00015525, 0.00010738, 0.00007424, 0.00005122, 0.00003519, 0.00002403, 0.00001629, 0.00001094, 0.00000727, 0.00000478, 0.00000310, 0.00000199, 0.00000128, 0.00000082, 0.00000053, 0.00000035, 0.00000024, 0.00000017, 0.00000011, 0.00000007, 0.00000004, 0.00000002, 0.00000001, 0.00000001, 0.00000000, -0.00000000, -0.00000000, -0.00000000, -0.00000000, -0.00000000, -0.00000000, -0.00000000, -0.00000000, -0.00000000, 0.00000000
0.64666130, 0.40665933, 0.29302421, 0.22455515, 0.17753354, 0.14282057, 0.11613512, 0.09513434, 0.07836910, 0.06485879, 0.05389791, 0.04495835, 0.03763472, 0.03161090, 0.02663771, 0.02251736, 0.01909193, 0.01623483, 0.01384414, 0.00753328, 0.00427236, 0.00251623, 0.00153263, 0.00096040, 0.00061576, 0.00040190, 0.00026583, 0.00017751, 0.00011927, 0.00008043, 0.00005429, 0.00003662, 0.00002464, 0.00001650, 0.00001100, 0.00000728, 0.00000479, 0.00000312, 0.00000203, 0.00000131, 0.00000084, 0.00000055, 0.00000036, 0.00000023, 0.00000015, 0.00000010, 0.00000007, 0.00000004, 0.00000002, 0.00000001, 0.00000001, 0.00000000, 0.00000000, -0.00000000, -0.00000000, -0.00000000, -0.00000000, -0.00000000, -0.00000000, -0.00000000, -0.00000000, -0.00000000, -0.00000000, 0.00000000
0.61458546, 0.36961470, 0.25992807, 0.19851173, 0.15913039, 0.13149948, 0.11087026, 0.09477870, 0.08182559, 0.07115621, 0.06221592, 0.05462619, 0.04811756, 0.04249134, 0.03759669, 0.03331624, 0.02955682, 0.02624315, 0.02331359, 0.01466905, 0.00935085, 0.00605015, 0.00397709, 0.00265258, 0.00179045, 0.00121951, 0.00083582, 0.00057498, 0.00039613, 0.00027278, 0.00018744, 0.00012833, 0.00008742, 0.00005920, 0.00003982, 0.00002658, 0.00001762, 0.00001161, 0.00000761, 0.00000499, 0.00000328, 0.00000218, 0.00000146, 0.00000100, 0.00000069, 0.00000048, 0.00000033, 0.00000022, 0.00000015, 0.00000009, 0.00000006, 0.00000003, 0.00000001, 0.00000000, -0.00000000, -0.00000000, -0.00000000, -0.00000000, -0.00000000, -0.00000000, -0.00000000, -0.00000000, -0.00000000, 0.00000000
0.60652340, 0.36152663, 0.25216816, 0.19135640, 0.15263093, 0.12560381, 0.10549799, 0.08985373, 0.07728662, 0.06695756, 0.05832477, 0.05101902, 0.04477697, 0.03940354, 0.03474978, 0.03069904, 0.02715819, 0.02405169, 0.02131744, 0.01330920, 0.00843104, 0.00541755, 0.00352839, 0.00232405, 0.00154382, 0.00103135, 0.00069111, 0.00046348, 0.00031043, 0.00020729, 0.00013777, 0.00009101, 0.00005968, 0.00003881, 0.00002502, 0.00001600, 0.00001016, 0.00000642, 0.00000406, 0.00000258, 0.00000166, 0.00000109, 0.00000072, 0.00000048, 0.00000031, 0.00000019, 0.00000010, 0.00000005, 0.00000004, 0.00000002, 0.00000001, 0.00000000, -0.00000000, -0.00000000, -0.00000000, -0.00000000, -0.00000000, -0.00000000, -0.00000000, -0.00000000, -0.00000000, 0.00000000, 0.00000000, 0.00000000
0.57867578, 0.34209851, 0.23789670, 0.18064051, 0.14452279, 0.11945862, 0.10084204, 0.08632715, 0.07461336, 0.06492637, 0.05677529, 0.04983092, 0.04386115, 0.03869510, 0.03420222, 0.03027975, 0.02684483, 0.02382940, 0.02117670, 0.01337825, 0.00860978, 0.00564662, 0.00377063, 0.00255643, 0.00175335, 0.00121217, 0.00084208, 0.00058624, 0.00040810, 0.00028353, 0.00019628, 0.00013520, 0.00009254, 0.00006287, 0.00004236, 0.00002828, 0.00001870, 0.00001225, 0.00000796, 0.00000514, 0.00000331, 0.00000213, 0.00000138, 0.00000089, 0.00000058, 0.00000038, 0.00000024, 0.00000014, 0.00000008, 0.00000005, 0.00000002, 0.00000001, 0.00000000, -0.00000000, -0.00000000, -0.00000000, -0.00000000, -0.00000000, -0.00000000, -0.00000000, -0.00000000, -0.00000000, -0.00000000, 0.00000000
0.50779254, 0.31520540, 0.23328860, 0.18744221, 0.15639698, 0.13268420, 0.11333888, 0.09704658, 0.08313912, 0.07121393, 0.06098432, 0.05222005, 0.04472397, 0.03832289, 0.03286386, 0.02821234, 0.02425077, 0.02087712, 0.01800347, 0.01014688, 0.00590508, 0.00355025, 0.00220026, 0.00139943, 0.00090876, 0.00059954, 0.00040007, 0.00026901, 0.00018169, 0.00012293, 0.00008312, 0.00005605, 0.00003762, 0.00002510, 0.00001661, 0.00001089, 0.00000707, 0.00000454, 0.00000289, 0.00000182, 0.00000114, 0.00000071, 0.00000045, 0.00000029, 0.00000018, 0.00000012, 0.00000007, 0.00000004, 0.00000003, 0.00000001, 0.00000001, 0.00000000, 0.00000000, -0.00000000, -0.00000000, -0.00000000, -0.00000000, -0.00000000, -0.00000000, -0.00000000, -0.00000000, -0.00000000, -0.00000000, 0.00000000
0.58442808, 0.34783500, 0.24328364, 0.18579962, 0.14954288, 0.12436039, 0.10560247, 0.09090389, 0.07896093, 0.06900507, 0.06055536, 0.05329358, 0.04699810, 0.04150706, 0.03669729, 0.03247171, 0.02875154, 0.02547146, 0.02257631, 0.01402560, 0.00880987, 0.00561163, 0.00363121, 0.00238602, 0.00158918, 0.00107025, 0.00072687, 0.00049657, 0.00034040, 0.00023363, 0.00016021, 0.00010955, 0.00007457, 0.00005043, 0.00003384, 0.00002248, 0.00001477, 0.00000959, 0.00000614, 0.00000388, 0.00000242, 0.00000150, 0.00000093, 0.00000058, 0.00000036, 0.00000023, 0.00000014, 0.00000009, 0.00000004, 0.00000002, 0.00000001, 0.00000000, -0.00000000, -0.00000000, -0.00000000, -0.00000000, -0.00000000, -0.00000000, -0.00000000, -0.00000000, -0.00000000, -0.00000000, -0.00000000, 0.00000000
0.55778833, 0.33167349, 0.23174204, 0.17680788, 0.14223575, 0.11832102, 0.10059539, 0.08677161, 0.07558217, 0.06627774, 0.05838971, 0.05160960, 0.04572438, 0.04058032, 0.03606191, 0.03207923, 0.02856016, 0.02544540, 0.02268521, 0.01443738, 0.00929882, 0.00607491, 0.00402967, 0.00271113, 0.00184590, 0.00126853, 0.00087764, 0.00060990, 0.00042489, 0.00029625, 0.00020646, 0.00014367, 0.00009975, 0.00006908, 0.00004771, 0.00003288, 0.00002263, 0.00001558, 0.00001075, 0.00000746, 0.00000521, 0.00000368, 0.00000262, 0.00000188, 0.00000135, 0.00000096, 0.00000067, 0.00000046, 0.00000031, 0.00000019, 0.00000012, 0.00000006, 0.00000003, 0.00000001, -0.00000000, -0.00000001, -0.00000001, -0.00000001, -0.00000000, -0.00000000, -0.00000000, -0.00000000, -0.00000000, 0.00000000
0.49141857, 0.28400739, 0.19695456, 0.15118753, 0.12325812, 0.10421993, 0.09011669, 0.07901437, 0.06989124, 0.06216998, 0.05550311, 0.04966824, 0.04451431, 0.03993292, 0.03584234, 0.03217837, 0.02888888, 0.02593048, 0.02326630, 0.01510659, 0.00983881, 0.00646011, 0.00429173, 0.00288745, 0.00196553, 0.00135114, 0.00093578, 0.00065144, 0.00045481, 0.00031778, 0.00022179, 0.00015434, 0.00010692, 0.00007362, 0.00005032, 0.00003409, 0.00002286, 0.00001518, 0.00000996, 0.00000648, 0.00000418, 0.00000269, 0.00000174, 0.00000114, 0.00000076, 0.00000051, 0.00000035, 0.00000023, 0.00000013, 0.00000008, 0.00000004, 0.00000002, 0.00000001, -0.00000000, -0.00000000, -0.00000000, -0.00000000, -0.00000000, -0.00000000, -0.00000000, -0.00000000, -0.00000000, -0.00000000, 0.00000000
0.54555820, 0.32421122, 0.22668420, 0.17326996, 0.13971563, 0.11646874, 0.09915306, 0.08555166, 0.07445409, 0.06515682, 0.05722678, 0.05038200, 0.04442835, 0.03922479, 0.03466367, 0.03065929, 0.02714107, 0.02404941, 0.02133303, 0.01332817, 0.00846796, 0.00548001, 0.00361161, 0.00241897, 0.00164166, 0.00112537, 0.00077694, 0.00053881, 0.00037449, 0.00026034, 0.00018071, 0.00012505, 0.00008614, 0.00005900, 0.00004014, 0.00002709, 0.00001813, 0.00001203, 0.00000792, 0.00000518, 0.00000338, 0.00000221, 0.00000145, 0.00000096, 0.00000065, 0.00000044, 0.00000030, 0.00000020, 0.00000012, 0.00000007, 0.00000004, 0.00000002, 0.00000001, 0.00000000, -0.00000000, -0.00000000, -0.00000000, -0.00000000, -0.00000000, -0.00000000, -0.00000000, -0.00000000, -0.00000000, 0.00000000
0.58179838, 0.34960242, 0.24681608, 0.18947198, 0.15254508, 0.12638434, 0.10661835, 0.09102000, 0.07834141, 0.06782442, 0.05897515, 0.05145229, 0.04500819, 0.03945599, 0.03465027, 0.03047514, 0.02683658, 0.02365717, 0.02087253, 0.01281195, 0.00801088, 0.00510891, 0.00332283, 0.00219896, 0.00147572, 0.00100079, 0.00068361, 0.00046895, 0.00032226, 0.00022133, 0.00015163, 0.00010343, 0.00007011, 0.00004716, 0.00003142, 0.00002071, 0.00001348, 0.00000866, 0.00000549, 0.00000344, 0.00000214, 0.00000132, 0.00000082, 0.00000052, 0.00000033, 0.00000022, 0.00000014, 0.00000009, 0.00000006, 0.00000003, 0.00000002, 0.00000001, 0.00000000, 0.00000000, -0.00000000, -0.00000000, -0.00000000, -0.00000000, -0.00000000, -0.00000000, -0.00000000, -0.00000000, -0.00000000, 0.00000000
0.48361476, 0.26617670, 0.17612986, 0.13020981, 0.10336400, 0.08590825, 0.07352768, 0.06411642, 0.05657700, 0.05030552, 0.04495211, 0.04030273, 0.03621845, 0.03260330, 0.02938682, 0.02651437, 0.02394172, 0.02163189, 0.01955327, 0.01316909, 0.00897824, 0.00619828, 0.00432949, 0.00305353, 0.00216915, 0.00154827, 0.00110802, 0.00079359, 0.00056797, 0.00040565, 0.00028879, 0.00020471, 0.00014435, 0.00010116, 0.00007040, 0.00004861, 0.00003329, 0.00002260, 0.00001522, 0.00001016, 0.00000674, 0.00000446, 0.00000294, 0.00000195, 0.00000130, 0.00000086, 0.00000057, 0.00000037, 0.00000022, 0.00000012, 0.00000006, 0.00000003, 0.00000001, -0.00000000, -0.00000001, -0.00000001, -0.00000001, -0.00000001, -0.00000000, -0.00000000, -0.00000000, -0.00000000, -0.00000000, 0.00000000
0.53286483, 0.31629353, 0.22214265, 0.17094682, 0.13875494, 0.11628696, 0.09937615, 0.08595312, 0.07490534, 0.06559111, 0.05761441, 0.05071407, 0.04470648, 0.03945493, 0.03485262, 0.03081285, 0.02726328, 0.02414237, 0.02139706, 0.01332682, 0.00843756, 0.00544063, 0.00357434, 0.00238927, 0.00162113, 0.00111335, 0.00077172, 0.00053841, 0.00037715, 0.00026465, 0.00018565, 0.00012993, 0.00009057, 0.00006277, 0.00004317, 0.00002943, 0.00001985, 0.00001323, 0.00000871, 0.00000566, 0.00000365, 0.00000234, 0.00000150, 0.00000098, 0.00000066, 0.00000046, 0.00000033, 0.00000023, 0.00000013, 0.00000008, 0.00000005, 0.00000003, 0.00000001, 0.00000000, -0.00000000, -0.00000000, -0.00000000, -0.00000000, -0.00000000, -0.00000000, -0.00000000, -0.00000000, -0.00000000, 0.00000000
0.51725433, 0.29462399, 0.19837554, 0.14728095, 0.11649970, 0.09618735, 0.08179465, 0.07099418, 0.06250528, 0.05558289, 0.04977334, 0.04478923, 0.04044175, 0.03660242, 0.03318078, 0.03011093, 0.02734323, 0.02483912, 0.02256771, 0.01541061, 0.01054171, 0.00723864, 0.00499861, 0.00347105, 0.00242062, 0.00169221, 0.00118363, 0.00082690, 0.00057609, 0.00039973, 0.00027595, 0.00018938, 0.00012915, 0.00008751, 0.00005896, 0.00003955, 0.00002648, 0.00001776, 0.00001199, 0.00000820, 0.00000569, 0.00000403, 0.00000289, 0.00000209, 0.00000150, 0.00000105, 0.00000072, 0.00000047, 0.00000033, 0.00000021, 0.00000012, 0.00000006, 0.00000003, 0.00000000, -0.00000001, -0.00000001, -0.00000001, -0.00000001, -0.00000001, -0.00000000, -0.00000000, -0.00000000, -0.00000000, 0.00000000
0.58799029, 0.37890725, 0.27804485, 0.21539707, 0.17110917, 0.13769415, 0.11164532, 0.09099418, 0.07447036, 0.06117380, 0.05043066, 0.04172108, 0.03463770, 0.02885876, 0.02412903, 0.02024548, 0.01704626, 0.01440210, 0.01220951, 0.00651816, 0.00365086, 0.00213412, 0.00129463, 0.00080988, 0.00051919, 0.00033917, 0.00022470, 0.00015036, 0.00010127, 0.00006846, 0.00004633, 0.00003133, 0.00002112, 0.00001418, 0.00000946, 0.00000626, 0.00000411, 0.00000268, 0.00000173, 0.00000111, 0.00000071, 0.00000045, 0.00000029, 0.00000019, 0.00000012, 0.00000008, 0.00000005, 0.00000003, 0.00000002, 0.00000001, 0.00000001, 0.00000000, 0.00000000, 0.00000000, -0.00000000, -0.00000000, -0.00000000, -0.00000000, -0.00000000, -0.00000000, -0.00000000, -0.00000000, -0.00000000, 0.00000000
0.52857417, 0.32219070, 0.23335218, 0.18427629, 0.15230245, 0.12898743, 0.11069271, 0.09567481, 0.08301577, 0.07218404, 0.06284013, 0.05474594, 0.04772073, 0.04161895, 0.03631879, 0.03171589, 0.02771974, 0.02425134, 0.02124166, 0.01265926, 0.00771563, 0.00481785, 0.00308038, 0.00201107, 0.00133569, 0.00089899, 0.00061096, 0.00041790, 0.00028689, 0.00019718, 0.00013538, 0.00009266, 0.00006310, 0.00004267, 0.00002861, 0.00001898, 0.00001244, 0.00000804, 0.00000512, 0.00000321, 0.00000199, 0.00000122, 0.00000075, 0.00000046, 0.00000029, 0.00000019, 0.00000013, 0.00000008, 0.00000005, 0.00000003, 0.00000001, 0.00000001, 0.00000000, -0.00000000, -0.00000000, -0.00000000, -0.00000000, -0.00000000, -0.00000000, -0.00000000, -0.00000000, -0.00000000, -0.00000000, 0.00000000
0.47334305, 0.27198681, 0.18773028, 0.14378331, 0.11730526, 0.09951869, 0.08651049, 0.07635701, 0.06804224, 0.06099710, 0.05488551, 0.04949844, 0.04469888, 0.04039217, 0.03650938, 0.03299787, 0.02981566, 0.02692810, 0.02430578, 0.01610594, 0.01065083, 0.00706063, 0.00470684, 0.00315786, 0.00213082, 0.00144413, 0.00098149, 0.00066792, 0.00045446, 0.00030880, 0.00020933, 0.00014146, 0.00009526, 0.00006394, 0.00004280, 0.00002861, 0.00001914, 0.00001286, 0.00000872, 0.00000598, 0.00000416, 0.00000293, 0.00000209, 0.00000148, 0.00000104, 0.00000071, 0.00000047, 0.00000030, 0.00000020, 0.00000012, 0.00000007, 0.00000003, 0.00000001, 0.00000000, -0.00000001, -0.00000001, -0.00000001, -0.00000000, -0.00000000, -0.00000000, -0.00000000, -0.00000000, -0.00000000, 0.00000000
0.64666130, 0.40665933, 0.29302421, 0.22455515, 0.17753354, 0.14282057, 0.11613512, 0.09513434, 0.07836910, 0.06485879, 0.05389791, 0.04495835, 0.03763472, 0.03161090, 0.02663771, 0.02251736, 0.01909193, 0.01623483, 0.01384414, 0.00753328, 0.00427236, 0.00251623, 0.00153263, 0.00096040, 0.00061576, 0.00040190, 0.00026583, 0.00017751, 0.00011927, 0.00008043, 0.00005429, 0.00003662, 0.00002464, 0.00001650, 0.00001100, 0.00000728, 0.00000479, 0.00000312, 0.00000203, 0.00000131, 0.00000084, 0.00000055, 0.00000036, 0.00000023, 0.00000015, 0.00000010, 0.00000007, 0.00000004, 0.00000002, 0.00000001, 0.00000001, 0.00000000, 0.00000000, -0.00000000, -0.00000000, -0.00000000, -0.00000000, -0.00000000, -0.00000000, -0.00000000, -0.00000000, -0.00000000, -0.00000000, 0.00000000
0.62559722, 0.40164044, 0.29300300, 0.22523122, 0.17743964, 0.14165256, 0.11402682, 0.09234659, 0.07516326, 0.06145211, 0.05045428, 0.04159304, 0.03442362, 0.02859991, 0.02385100, 0.01996387, 0.01677036, 0.01413726, 0.01195863, 0.00632944, 0.00351591, 0.00203908, 0.00122842, 0.00076450, 0.00048880, 0.00031938, 0.00021226, 0.00014289, 0.00009709, 0.00006636, 0.00004551, 0.00003124, 0.00002142, 0.00001463, 0.00000994, 0.00000671, 0.00000449, 0.00000297, 0.00000195, 0.00000126, 0.00000081, 0.00000052, 0.00000033, 0.00000022, 0.00000015, 0.00000010, 0.00000007, 0.00000005, 0.00000003, 0.00000002, 0.00000001, 0.00000000, 0.00000000, 0.00000000, -0.00000000, -0.00000000, -0.00000000, -0.00000000, -0.00000000, -0.00000000, -0.00000000, -0.00000000, -0.00000000, 0.00000000
0.52809462, 0.32329583, 0.23453806, 0.18482433, 0.15186687, 0.12750296, 0.10826725, 0.09249896, 0.07930224, 0.06813299, 0.05862252, 0.05049807, 0.04354498, 0.03758766, 0.03247929, 0.02809566, 0.02433111, 0.02109554, 0.01831211, 0.01056039, 0.00624636, 0.00379516, 0.00236688, 0.00151061, 0.00098268, 0.00064888, 0.00043326, 0.00029155, 0.00019716, 0.00013366, 0.00009064, 0.00006137, 0.00004143, 0.00002784, 0.00001861, 0.00001236, 0.00000816, 0.00000535, 0.00000349, 0.00000227, 0.00000148, 0.00000097, 0.00000064, 0.00000043, 0.00000029, 0.00000019, 0.00000013, 0.00000008, 0.00000005, 0.00000003, 0.00000002, 0.00000001, 0.00000000, 0.00000000, -0.00000000, -0.00000000, -0.00000000, -0.00000000, -0.00000000, -0.00000000, -0.00000000, -0.00000000, -0.00000000, 0.00000000
0.45292488, 0.24077307, 0.15406934, 0.11216901, 0.08980979, 0.07669936, 0.06811435, 0.06178403, 0.05660617, 0.05205258, 0.04787844, 0.04397689, 0.04030591, 0.03685191, 0.03361191, 0.03058532, 0.02777040, 0.02516314, 0.02275719, 0.01506780, 0.00988616, 0.00649211, 0.00429218, 0.00286277, 0.00192580, 0.00130488, 0.00088900, 0.00060785, 0.00041638, 0.00028527, 0.00019519, 0.00013320, 0.00009055, 0.00006126, 0.00004122, 0.00002757, 0.00001833, 0.00001212, 0.00000799, 0.00000526, 0.00000347, 0.00000230, 0.00000154, 0.00000104, 0.00000070, 0.00000048, 0.00000032, 0.00000020, 0.00000013, 0.00000008, 0.00000004, 0.00000002, 0.00000001, -0.00000000, -0.00000000, -0.00000000, -0.00000000, -0.00000000, -0.00000000, -0.00000000, -0.00000000, -0.00000000, -0.00000000, 0.00000000
0.55112082, 0.34288064, 0.24975546, 0.19569297, 0.15897431, 0.13160212, 0.11007961, 0.09264143, 0.07827212, 0.06631681, 0.05631293, 0.04791175, 0.04083897, 0.03487314, 0.02983274, 0.02556768, 0.02195326, 0.01888559, 0.01627797, 0.00917344, 0.00534172, 0.00321292, 0.00199238, 0.00126910, 0.00082664, 0.00054812, 0.00036842, 0.00025010, 0.00017093, 0.00011728, 0.00008061, 0.00005537, 0.00003795, 0.00002591, 0.00001759, 0.00001186, 0.00000794, 0.00000527, 0.00000347, 0.00000226, 0.00000147, 0.00000095, 0.00000062, 0.00000041, 0.00000027, 0.00000018, 0.00000012, 0.00000008, 0.00000005, 0.00000003, 0.00000002, 0.00000001, 0.00000000, 0.00000000, -0.00000000, -0.00000000, -0.00000000, -0.00000000, -0.00000000, -0.00000000, -0.00000000, -0.00000000, -0.00000000, 0.00000000
0.55569798, 0.34025109, 0.24445945, 0.19083983, 0.15600108, 0.13090552, 0.11151561, 0.09583235, 0.08277669, 0.07171603, 0.06224762, 0.05409372, 0.04704877, 0.04095173, 0.03567107, 0.03109640, 0.02713343, 0.02370086, 0.02072819, 0.01228906, 0.00746232, 0.00464982, 0.00297012, 0.00193821, 0.00128658, 0.00086501, 0.00058681, 0.00040037, 0.00027397, 0.00018760, 0.00012829, 0.00008746, 0.00005936, 0.00004005, 0.00002683, 0.00001784, 0.00001177, 0.00000770, 0.00000500, 0.00000323, 0.00000209, 0.00000135, 0.00000088, 0.00000058, 0.00000039, 0.00000026, 0.00000017, 0.00000011, 0.00000007, 0.00000004, 0.00000002, 0.00000001, 0.00000000, 0.00000000, -0.00000000, -0.00000000, -0.00000000, -0.00000000, -0.00000000, -0.00000000, -0.00000000, -0.00000000, -0.00000000, 0.00000000
0.55369637, 0.33078525, 0.23213503, 0.17769954, 0.14313582, 0.11892046, 0.10072781, 0.08637710, 0.07467314, 0.06491068, 0.05664385, 0.04957205, 0.04348054, 0.03820809, 0.03362873, 0.02964096, 0.02616115, 0.02311928, 0.02045606, 0.01271172, 0.00806458, 0.00521985, 0.00343861, 0.00229636, 0.00154818, 0.00104987, 0.00071397, 0.00048573, 0.00032996, 0.00022345, 0.00015067, 0.00010106, 0.00006738, 0.00004466, 0.00002942, 0.00001930, 0.00001263, 0.00000827, 0.00000545, 0.00000363, 0.00000245, 0.00000168, 0.00000116, 0.00000080, 0.00000054, 0.00000035, 0.00000021, 0.00000013, 0.00000009, 0.00000005, 0.00000003, 0.00000001, 0.00000000, -0.00000000, -0.00000000, -0.00000000, -0.00000000, -0.00000000, -0.00000000, -0.00000000, -0.00000000, -0.00000000, -0.00000000, 0.00000000
0.55367554, 0.32984919, 0.23330685, 0.18046393, 0.14659205, 0.12240673, 0.10386848, 0.08900703, 0.07675696, 0.06648276, 0.05776963, 0.05032527, 0.04393112, 0.03841667, 0.03364494, 0.02950381, 0.02590031, 0.02275674, 0.02000781, 0.01210509, 0.00745403, 0.00467928, 0.00299601, 0.00195352, 0.00129373, 0.00086756, 0.00058731, 0.00040025, 0.00027389, 0.00018777, 0.00012869, 0.00008801, 0.00005995, 0.00004060, 0.00002730, 0.00001819, 0.00001200, 0.00000782, 0.00000504, 0.00000320, 0.00000201, 0.00000125, 0.00000078, 0.00000048, 0.00000030, 0.00000019, 0.00000012, 0.00000007, 0.00000004, 0.00000002, 0.00000001, 0.00000000, -0.00000000, -0.00000000, -0.00000000, -0.00000000, -0.00000000, -0.00000000, -0.00000000, -0.00000000, -0.00000000, 0.00000000, 0.00000000, 0.00000000
0.54926938, 0.33526775, 0.24069414, 0.18725870, 0.15202259, 0.12635361, 0.10644569, 0.09040093, 0.07716445, 0.06608866, 0.05673948, 0.04880410, 0.04204432, 0.03627161, 0.03133271, 0.02710098, 0.02347059, 0.02035252, 0.01767157, 0.01021352, 0.00606733, 0.00371021, 0.00233299, 0.00150325, 0.00098815, 0.00065969, 0.00044547, 0.00030319, 0.00020738, 0.00014218, 0.00009750, 0.00006676, 0.00004556, 0.00003095, 0.00002090, 0.00001402, 0.00000934, 0.00000617, 0.00000406, 0.00000265, 0.00000174, 0.00000114, 0.00000075, 0.00000050, 0.00000034, 0.00000024, 0.00000016, 0.00000011, 0.00000007, 0.00000004, 0.00000002, 0.00000001, 0.00000001, 0.00000000, -0.00000000, -0.00000000, -0.00000000, -0.00000000, -0.00000000, -0.00000000, -0.00000000, -0.00000000, -0.00000000, 0.00000000
0.53365147, 0.31801429, 0.22309482, 0.17103898, 0.13831674, 0.11567137, 0.09884717, 0.08567283, 0.07495206, 0.06598349, 0.05833286, 0.05171719, 0.04594285, 0.04087089, 0.03639711, 0.03244022, 0.02893456, 0.02582564, 0.02306721, 0.01478077, 0.00958575, 0.00630540, 0.00420944, 0.00284795, 0.00194778, 0.00134280, 0.00093059, 0.00064673, 0.00044975, 0.00031238, 0.00021635, 0.00014919, 0.00010231, 0.00006970, 0.00004713, 0.00003161, 0.00002103, 0.00001389, 0.00000912, 0.00000597, 0.00000391, 0.00000258, 0.00000172, 0.00000117, 0.00000080, 0.00000055, 0.00000038, 0.00000025, 0.00000016, 0.00000010, 0.00000006, 0.00000003, 0.00000001, 0.00000000, -0.00000000, -0.00000000, -0.00000000, -0.00000000, -0.00000000, -0.00000000, -0.00000000, -0.00000000, -0.00000000, 0.00000000
0.55394963, 0.33370592, 0.23532371, 0.18060284, 0.14565182, 0.12108370, 0.10260713, 0.08803916, 0.07617087, 0.06628166, 0.05791247, 0.05075265, 0.04458044, 0.03923018, 0.03457334, 0.03050731, 0.02694823, 0.02382646, 0.02108341, 0.01307062, 0.00823807, 0.00528709, 0.00345568, 0.00229544, 0.00154469, 0.00104955, 0.00071778, 0.00049275, 0.00033874, 0.00023271, 0.00015947, 0.00010884, 0.00007388, 0.00004981, 0.00003332, 0.00002210, 0.00001453, 0.00000947, 0.00000613, 0.00000395, 0.00000255, 0.00000165, 0.00000108, 0.00000072, 0.00000048, 0.00000033, 0.00000022, 0.00000014, 0.00000009, 0.00000005, 0.00000003, 0.00000002, 0.00000001, 0.00000000, -0.00000000, -0.00000000, -0.00000000, -0.00000000, -0.00000000, -0.00000000, -0.00000000, -0.00000000, -0.00000000, 0.00000000
0.52921230, 0.29855861, 0.19793094, 0.14393591, 0.11120790, 0.08965984, 0.07457558, 0.06349580, 0.05503282, 0.04835544, 0.04294178, 0.03845135, 0.03465471, 0.03139292, 0.02855310, 0.02605326, 0.02383262, 0.02184522, 0.02005567, 0.01441038, 0.01045722, 0.00763441, 0.00560041, 0.00412255, 0.00304028, 0.00224250, 0.00165168, 0.00121299, 0.00088707, 0.00064523, 0.00046628, 0.00033445, 0.00023786, 0.00016760, 0.00011690, 0.00008066, 0.00005504, 0.00003715, 0.00002481, 0.00001643, 0.00001082, 0.00000712, 0.00000470, 0.00000313, 0.00000211, 0.00000142, 0.00000094, 0.00000060, 0.00000035, 0.00000019, 0.00000009, 0.00000003, -0.00000001, -0.00000002, -0.00000003, -0.00000002, -0.00000002, -0.00000001, -0.00000001, -0.00000000, -0.00000000, -0.00000000, -0.00000000, 0.00000000
0.60358054, 0.35927775, 0.24954708, 0.18842400, 0.14965318, 0.12279571, 0.10298224, 0.08767783, 0.07544927, 0.06543066, 0.05706870, 0.04999212, 0.04394078, 0.03872535, 0.03420332, 0.03026430, 0.02682069, 0.02380152, 0.02114834, 0.01333454, 0.00854379, 0.00556009, 0.00367284, 0.00245818, 0.00166277, 0.00113369, 0.00077710, 0.00053424, 0.00036755, 0.00025254, 0.00017295, 0.00011784, 0.00007973, 0.00005347, 0.00003547, 0.00002322, 0.00001497, 0.00000949, 0.00000589, 0.00000358, 0.00000213, 0.00000124, 0.00000071, 0.00000040, 0.00000022, 0.00000012, 0.00000007, 0.00000003, 0.00000001, -0.00000000, -0.00000000, -0.00000001, -0.00000000, -0.00000000, -0.00000000, -0.00000000, -0.00000000, 0.00000000, 0.00000000, 0.00000000, 0.00000000, 0.00000000, 0.00000000, 0.00000000
0.51906333, 0.29787267, 0.20340355, 0.15295629, 0.12203025, 0.10113888, 0.08596871, 0.07433334, 0.06503218, 0.05736271, 0.05089123, 0.04533695, 0.04050993, 0.03627632, 0.03253817, 0.02922124, 0.02626744, 0.02363009, 0.02127076, 0.01403789, 0.00933178, 0.00625547, 0.00423524, 0.00289917, 0.00200709, 0.00140451, 0.00099222, 0.00070638, 0.00050570, 0.00036320, 0.00026106, 0.00018731, 0.00013383, 0.00009495, 0.00006673, 0.00004630, 0.00003163, 0.00002119, 0.00001388, 0.00000885, 0.00000548, 0.00000329, 0.00000193, 0.00000114, 0.00000070, 0.00000048, 0.00000035, 0.00000025, 0.00000011, 0.00000006, 0.00000003, 0.00000001, 0.00000000, -0.00000000, -0.00000000, -0.00000000, -0.00000000, -0.00000000, -0.00000000, -0.00000000, -0.00000000, -0.00000000, -0.00000000, 0.00000000
0.59614727, 0.38508746, 0.28541520, 0.22389426, 0.18010725, 0.14662720, 0.12012779, 0.09880608, 0.08151368, 0.06743114, 0.05593336, 0.04652702, 0.03881669, 0.03248344, 0.02726959, 0.02296679, 0.01940664, 0.01645298, 0.01399564, 0.00756627, 0.00428825, 0.00253587, 0.00155606, 0.00098422, 0.00063744, 0.00042022, 0.00028055, 0.00018889, 0.00012780, 0.00008665, 0.00005872, 0.00003968, 0.00002669, 0.00001783, 0.00001181, 0.00000775, 0.00000502, 0.00000321, 0.00000203, 0.00000127, 0.00000078, 0.00000048, 0.00000030, 0.00000019, 0.00000012, 0.00000008, 0.00000005, 0.00000003, 0.00000002, 0.00000001, 0.00000001, 0.00000000, 0.00000000, 0.00000000, -0.00000000, -0.00000000, -0.00000000, -0.00000000, -0.00000000, -0.00000000, -0.00000000, -0.00000000, -0.00000000, 0.00000000
0.55187173, 0.32273523, 0.22320944, 0.16945440, 0.13619018, 0.11351862, 0.09691039, 0.08406284, 0.07371037, 0.06511251, 0.05781217, 0.05151319, 0.04601479, 0.04117491, 0.03688899, 0.03307717, 0.02967647, 0.02663579, 0.02391274, 0.01559399, 0.01022544, 0.00676070, 0.00451606, 0.00304740, 0.00207418, 0.00142097, 0.00097759, 0.00067391, 0.00046455, 0.00031962, 0.00021911, 0.00014943, 0.00010122, 0.00006802, 0.00004529, 0.00002985, 0.00001946, 0.00001255, 0.00000802, 0.00000508, 0.00000320, 0.00000202, 0.00000128, 0.00000081, 0.00000051, 0.00000031, 0.00000018, 0.00000010, 0.00000006, 0.00000002, 0.00000001, -0.00000000, -0.00000000, -0.00000001, -0.00000000, -0.00000000, -0.00000000, -0.00000000, -0.00000000, -0.00000000, 0.00000000, 0.00000000, 0.00000000, 0.00000000
0.52923894, 0.30858980, 0.21218589, 0.16015890, 0.12806851, 0.10627268, 0.09035350, 0.07807182, 0.06820339, 0.06003547, 0.05312928, 0.04720012, 0.04205385, 0.03755181, 0.03359060, 0.03009027, 0.02698700, 0.02422859, 0.02177148, 0.01433735, 0.00957254, 0.00647867, 0.00443938, 0.00307112, 0.00213778, 0.00149274, 0.00104291, 0.00072755, 0.00050596, 0.00035028, 0.00024115, 0.00016494, 0.00011201, 0.00007548, 0.00005048, 0.00003351, 0.00002211, 0.00001453, 0.00000954, 0.00000628, 0.00000416, 0.00000278, 0.00000187, 0.00000125, 0.00000082, 0.00000052, 0.00000031, 0.00000017, 0.00000011, 0.00000006, 0.00000003, 0.00000001, -0.00000000, -0.00000001, -0.00000001, -0.00000001, -0.00000000, -0.00000000, -0.00000000, -0.00000000, -0.00000000, -0.00000000, -0.00000000, 0.00000000
0.53863546, 0.35353880, 0.26809522, 0.21318640, 0.17218723, 0.13984265, 0.11387822, 0.09294053, 0.07604145, 0.06239608, 0.05136706, 0.04243703, 0.03518871, 0.02928762, 0.02446693, 0.02051432, 0.01726103, 0.01457288, 0.01234302, 0.00656871, 0.00366393, 0.00213061, 0.00128461, 0.00079802, 0.00050761, 0.00032876, 0.00021577, 0.00014291, 0.00009520, 0.00006359, 0.00004249, 0.00002833, 0.00001881, 0.00001241, 0.00000813, 0.00000527, 0.00000338, 0.00000214, 0.00000134, 0.00000083, 0.00000051, 0.00000031, 0.00000019, 0.00000012, 0.00000007, 0.00000005, 0.00000003, 0.00000002, 0.00000001, 0.00000000, 0.00000000, 0.00000000, 0.00000000, -0.00000000, -0.00000000, -0.00000000, -0.00000000, -0.00000000, -0.00000000, -0.00000000, -0.00000000, -0.00000000, -0.00000000, 0.00000000
0.49385899, 0.28316282, 0.19532136, 0.14983510, 0.12249986, 0.10405074, 0.09041945, 0.07964998, 0.07073411, 0.06311908, 0.05648263, 0.05062444, 0.04541129, 0.04074854, 0.03656476, 0.03280324, 0.02941710, 0.02636652, 0.02361693, 0.01519665, 0.00978697, 0.00634413, 0.00415474, 0.00275158, 0.00184135, 0.00124302, 0.00084475, 0.00057676, 0.00039486, 0.00027057, 0.00018528, 0.00012661, 0.00008623, 0.00005848, 0.00003946, 0.00002649, 0.00001769, 0.00001177, 0.00000781, 0.00000519, 0.00000346, 0.00000233, 0.00000159, 0.00000109, 0.00000076, 0.00000053, 0.00000036, 0.00000024, 0.00000016, 0.00000010, 0.00000006, 0.00000003, 0.00000001, 0.00000000, -0.00000000, -0.00000000, -0.00000000, -0.00000000, -0.00000000, -0.00000000, -0.00000000, -0.00000000, -0.00000000, 0.00000000
0.53677870, 0.30755623, 0.20901844, 0.15632340, 0.12404606, 0.10230261, 0.08659159, 0.07462549, 0.06514141, 0.05739382, 0.05091701, 0.04540536, 0.04064955, 0.03650065, 0.03284920, 0.02961240, 0.02672609, 0.02413952, 0.02181181, 0.01463673, 0.00987898, 0.00671333, 0.00460151, 0.00318240, 0.00221897, 0.00155760, 0.00109877, 0.00077753, 0.00055096, 0.00039030, 0.00027598, 0.00019453, 0.00013650, 0.00009524, 0.00006602, 0.00004544, 0.00003103, 0.00002104, 0.00001417, 0.00000951, 0.00000638, 0.00000430, 0.00000293, 0.00000204, 0.00000145, 0.00000104, 0.00000075, 0.00000052, 0.00000033, 0.00000021, 0.00000013, 0.00000007, 0.00000003, 0.00000001, -0.00000000, -0.00000001, -0.00000001, -0.00000001, -0.00000001, -0.00000000, -0.00000000, -0.00000000, -0.00000000, 0.00000000
0.62559722, 0.40164044, 0.29300300, 0.22523122, 0.17743964, 0.14165256, 0.11402682, 0.09234659, 0.07516326, 0.06145211, 0.05045428, 0.04159304, 0.03442362, 0.02859991, 0.02385100, 0.01996387, 0.01677036, 0.01413726, 0.01195863, 0.00632944, 0.00351591, 0.00203908, 0.00122842, 0.00076450, 0.00048880, 0.00031938, 0.00021226, 0.00014289, 0.00009709, 0.00006636, 0.00004551, 0.00003124, 0.00002142, 0.00001463, 0.00000994, 0.00000671, 0.00000449, 0.00000297, 0.00000195, 0.00000126, 0.00000081, 0.00000052, 0.00000033, 0.00000022, 0.00000015, 0.00000010, 0.00000007, 0.00000005, 0.00000003, 0.00000002, 0.00000001, 0.00000000, 0.00000000, 0.00000000, -0.00000000, -0.00000000, -0.00000000, -0.00000000, -0.00000000, -0.00000000, -0.00000000, -0.00000000, -0.00000000, 0.00000000
0.52503975, 0.31140602, 0.22003013, 0.17054638, 0.13923837, 0.11714351, 0.10032979, 0.08687429, 0.07574662, 0.06634613, 0.05829390, 0.05133292, 0.04527760, 0.03998691, 0.03534943, 0.03127449, 0.02768684, 0.02452305, 0.02172911, 0.01351469, 0.00852402, 0.00546777, 0.00357019, 0.00236901, 0.00159281, 0.00108160, 0.00073948, 0.00050761, 0.00034898, 0.00023976, 0.00016429, 0.00011207, 0.00007598, 0.00005110, 0.00003405, 0.00002244, 0.00001460, 0.00000938, 0.00000595, 0.00000372, 0.00000231, 0.00000142, 0.00000088, 0.00000056, 0.00000036, 0.00000024, 0.00000015, 0.00000010, 0.00000006, 0.00000004, 0.00000002, 0.00000001, 0.00000000, 0.00000000, -0.00000000, -0.00000000, -0.00000000, -0.00000000, -0.00000000, -0.00000000, -0.00000000, -0.00000000, -0.00000000, 0.00000000
0.54989283, 0.32347547, 0.22441953, 0.17048767, 0.13683410, 0.11372155, 0.09669113, 0.08347221, 0.07281215, 0.06397306, 0.05649475, 0.05007490, 0.04450526, 0.03963590, 0.03535461, 0.03157445, 0.02822611, 0.02525295, 0.02260785, 0.01464003, 0.00958986, 0.00636521, 0.00428467, 0.00292140, 0.00201272, 0.00139725, 0.00097468, 0.00068149, 0.00047652, 0.00033256, 0.00023122, 0.00015989, 0.00010980, 0.00007476, 0.00005039, 0.00003359, 0.00002211, 0.00001436, 0.00000920, 0.00000583, 0.00000366, 0.00000229, 0.00000144, 0.00000091, 0.00000060, 0.00000039, 0.00000026, 0.00000017, 0.00000010, 0.00000006, 0.00000003, 0.00000001, 0.00000000, -0.00000000, -0.00000000, -0.00000000, -0.00000000, -0.00000000, -0.00000000, -0.00000000, -0.00000000, -0.00000000, -0.00000000, 0.00000000
0.57867578, 0.34209851, 0.23789670, 0.18064051, 0.14452279, 0.11945862, 0.10084204, 0.08632715, 0.07461336, 0.06492637, 0.05677529, 0.04983092, 0.04386115, 0.03869510, 0.03420222, 0.03027975, 0.02684483, 0.02382940, 0.02117670, 0.01337825, 0.00860978, 0.00564662, 0.00377063, 0.00255643, 0.00175335, 0.00121217, 0.00084208, 0.00058624, 0.00040810, 0.00028353, 0.00019628, 0.00013520, 0.00009254, 0.00006287, 0.00004236, 0.00002828, 0.00001870, 0.00001225, 0.00000796, 0.00000514, 0.00000331, 0.00000213, 0.00000138, 0.00000089, 0.00000058, 0.00000038, 0.00000024, 0.00000014, 0.00000008, 0.00000005, 0.00000002, 0.00000001, 0.00000000, -0.00000000, -0.00000000, -0.00000000, -0.00000000, -0.00000000, -0.00000000, -0.00000000, -0.00000000, -0.00000000, -0.00000000, 0.00000000
0.53851046, 0.32322880, 0.23009900, 0.17877541, 0.14565859, 0.12188226, 0.10357135, 0.08882751, 0.07662292, 0.06634624, 0.05760050, 0.05010731, 0.04365887, 0.03809267, 0.03327735, 0.02910435, 0.02548269, 0.02233538, 0.01959690, 0.01178179, 0.00724637, 0.00456711, 0.00294754, 0.00194152, 0.00129966, 0.00088042, 0.00060133, 0.00041280, 0.00028411, 0.00019563, 0.00013454, 0.00009229, 0.00006307, 0.00004291, 0.00002905, 0.00001958, 0.00001313, 0.00000879, 0.00000588, 0.00000395, 0.00000267, 0.00000182, 0.00000126, 0.00000088, 0.00000062, 0.00000043, 0.00000030, 0.00000020, 0.00000013, 0.00000009, 0.00000005, 0.00000003, 0.00000001, 0.00000000, -0.00000000, -0.00000000, -0.00000000, -0.00000000, -0.00000000, -0.00000000, -0.00000000, -0.00000000, -0.00000000, 0.00000000
0.58545892, 0.37171990, 0.27354663, 0.21423045, 0.17251241, 0.14077352, 0.11567731, 0.09546124, 0.07902761, 0.06560512, 0.05461038, 0.04558449, 0.03815975, 0.03203915, 0.02698209, 0.02279351, 0.01931519, 0.01641881, 0.01400020, 0.00763748, 0.00436326, 0.00259786, 0.00160227, 0.00101656, 0.00065906, 0.00043413, 0.00028920, 0.00019409, 0.00013083, 0.00008836, 0.00005967, 0.00004022, 0.00002702, 0.00001807, 0.00001202, 0.00000795, 0.00000523, 0.00000343, 0.00000224, 0.00000146, 0.00000096, 0.00000063, 0.00000042, 0.00000028, 0.00000018, 0.00000012, 0.00000008, 0.00000005, 0.00000003, 0.00000002, 0.00000001, 0.00000000, 0.00000000, 0.00000000, -0.00000000, -0.00000000, -0.00000000, -0.00000000, -0.00000000, -0.00000000, -0.00000000, -0.00000000, -0.00000000, 0.00000000
0.67310115, 0.41180771, 0.28948374, 0.21792623, 0.17047127, 0.13649502, 0.11095581, 0.09113835, 0.07542936, 0.06279260, 0.05252023, 0.04410511, 0.03717056, 0.03142908, 0.02665687, 0.02267703, 0.01934824, 0.01655658, 0.01420962, 0.00791385, 0.00458429, 0.00275252, 0.00170686, 0.00108828, 0.00071002, 0.00047178, 0.00031788, 0.00021635, 0.00014822, 0.00010192, 0.00007014, 0.00004820, 0.00003299, 0.00002244, 0.00001513, 0.00001010, 0.00000665, 0.00000431, 0.00000274, 0.00000171, 0.00000104, 0.00000063, 0.00000037, 0.00000022, 0.00000013, 0.00000008, 0.00000005, 0.00000003, 0.00000001, 0.00000001, 0.00000000, 0.00000000, -0.00000000, -0.00000000, -0.00000000, -0.00000000, -0.00000000, -0.00000000, -0.00000000, -0.00000000, 0.00000000, 0.00000000, -0.00000000, 0.00000000
0.57270266, 0.34008961, 0.23705557, 0.18027176, 0.14448467, 0.11974389, 0.10145555, 0.08725549, 0.07582370, 0.06637291, 0.05840637, 0.05159459, 0.04570891, 0.04058402, 0.03609599, 0.03214887, 0.02866632, 0.02558620, 0.02285693, 0.01468384, 0.00955480, 0.00630321, 0.00421752, 0.00285957, 0.00196108, 0.00135726, 0.00094579, 0.00066205, 0.00046455, 0.00032611, 0.00022859, 0.00015972, 0.00011105, 0.00007671, 0.00005255, 0.00003564, 0.00002390, 0.00001582, 0.00001032, 0.00000664, 0.00000422, 0.00000266, 0.00000167, 0.00000107, 0.00000070, 0.00000047, 0.00000032, 0.00000022, 0.00000012, 0.00000007, 0.00000004, 0.00000002, 0.00000001, 0.00000000, -0.00000000, -0.00000000, -0.00000000, -0.00000000, -0.00000000, -0.00000000, -0.00000000, -0.00000000, -0.00000000, 0.00000000
0.62447102, 0.37156305, 0.25749254, 0.19363473, 0.15299850, 0.12483347, 0.10409824, 0.08814765, 0.07547245, 0.06515233, 0.05659433, 0.04939804, 0.04328186, 0.03804058, 0.03352001, 0.02960119, 0.02619022, 0.02321157, 0.02060349, 0.01297253, 0.00833014, 0.00545146, 0.00363365, 0.00246216, 0.00169142, 0.00117451, 0.00082198, 0.00057823, 0.00040788, 0.00028789, 0.00020294, 0.00014261, 0.00009975, 0.00006934, 0.00004784, 0.00003271, 0.00002214, 0.00001482, 0.00000981, 0.00000643, 0.00000417, 0.00000270, 0.00000175, 0.00000115, 0.00000077, 0.00000052, 0.00000036, 0.00000024, 0.00000014, 0.00000008, 0.00000004, 0.00000002, 0.00000001, -0.00000000, -0.00000000, -0.00000000, -0.00000000, -0.00000000, -0.00000000, -0.00000000, -0.00000000, -0.00000000, -0.00000000, 0.00000000
0.51412561, 0.31626453, 0.23152590, 0.18441973, 0.15323463, 0.13005120, 0.11154525, 0.09616297, 0.08309778, 0.07188003, 0.06220130, 0.05383578, 0.04660403, 0.04035586, 0.03496192, 0.03030935, 0.02629923, 0.02284488, 0.01987052, 0.01154294, 0.00688950, 0.00423413, 0.00267704, 0.00173526, 0.00114798, 0.00077156, 0.00052464, 0.00035960, 0.00024769, 0.00017100, 0.00011805, 0.00008134, 0.00005584, 0.00003813, 0.00002586, 0.00001739, 0.00001160, 0.00000766, 0.00000501, 0.00000325, 0.00000209, 0.00000135, 0.00000087, 0.00000057, 0.00000038, 0.00000026, 0.00000017, 0.00000011, 0.00000007, 0.00000004, 0.00000002, 0.00000001, 0.00000000, 0.00000000, -0.00000000, -0.00000000, -0.00000000, -0.00000000, -0.00000000, -0.00000000, -0.00000000, -0.00000000, -0.00000000, 0.00000000
0.55470615, 0.32228941, 0.22152814, 0.16698266, 0.13308104, 0.10989841, 0.09291771, 0.07984010, 0.06939056, 0.06081029, 0.05361981, 0.04750001, 0.04222884, 0.03764567, 0.03363051, 0.03009121, 0.02695536, 0.02416498, 0.02167288, 0.01413257, 0.00929214, 0.00616872, 0.00414203, 0.00281331, 0.00193073, 0.00133646, 0.00093118, 0.00065172, 0.00045729, 0.00032110, 0.00022527, 0.00015766, 0.00010994, 0.00007629, 0.00005263, 0.00003607, 0.00002456, 0.00001661, 0.00001118, 0.00000750, 0.00000503, 0.00000340, 0.00000233, 0.00000162, 0.00000115, 0.00000082, 0.00000059, 0.00000041, 0.00000026, 0.00000017, 0.00000010, 0.00000005, 0.00000003, 0.00000001, -0.00000000, -0.00000001, -0.00000001, -0.00000001, -0.00000000, -0.00000000, -0.00000000, -0.00000000, -0.00000000, 0.00000000
0.58353785, 0.34598453, 0.24053737, 0.18230298, 0.14562819, 0.12036263, 0.10178321, 0.08743804, 0.07594801, 0.06648716, 0.05853429, 0.05174518, 0.04588296, 0.04077833, 0.03630599, 0.03237016, 0.02889548, 0.02582116, 0.02309707, 0.01490492, 0.00973690, 0.00644704, 0.00433043, 0.00294865, 0.00203173, 0.00141346, 0.00099050, 0.00069761, 0.00049282, 0.00034859, 0.00024650, 0.00017403, 0.00012253, 0.00008596, 0.00006004, 0.00004175, 0.00002889, 0.00001990, 0.00001366, 0.00000936, 0.00000641, 0.00000441, 0.00000304, 0.00000212, 0.00000148, 0.00000103, 0.00000071, 0.00000047, 0.00000030, 0.00000018, 0.00000010, 0.00000005, 0.00000002, -0.00000000, -0.00000001, -0.00000001, -0.00000001, -0.00000001, -0.00000000, -0.00000000, -0.00000000, -0.00000000, -0.00000000, 0.00000000
0.58574557, 0.35435233, 0.25050755, 0.19230924, 0.15479906, 0.12820505, 0.10807233, 0.09213604, 0.07913801, 0.06832243, 0.05920177, 0.05144080, 0.04479590, 0.03908186, 0.03415279, 0.02989072, 0.02619837, 0.02299448, 0.02021050, 0.01224844, 0.00760270, 0.00483385, 0.00314241, 0.00208066, 0.00139695, 0.00094708, 0.00064608, 0.00044219, 0.00030292, 0.00020731, 0.00014152, 0.00009625, 0.00006515, 0.00004387, 0.00002938, 0.00001958, 0.00001300, 0.00000862, 0.00000573, 0.00000383, 0.00000258, 0.00000177, 0.00000122, 0.00000085, 0.00000059, 0.00000041, 0.00000027, 0.00000018, 0.00000012, 0.00000007, 0.00000004, 0.00000002, 0.00000001, 0.00000000, -0.00000000, -0.00000000, -0.00000000, -0.00000000, -0.00000000, -0.00000000, -0.00000000, -0.00000000, -0.00000000, 0.00000000
0.59799543, 0.36055514, 0.25453374, 0.19521451, 0.15711691, 0.13025159, 0.11002397, 0.09407502, 0.08108721, 0.07027120, 0.06112368, 0.05330499, 0.04657372, 0.04075023, 0.03569552, 0.03129855, 0.02746833, 0.02412886, 0.02121580, 0.01279615, 0.00784241, 0.00489181, 0.00310679, 0.00200695, 0.00131630, 0.00087469, 0.00058762, 0.00039832, 0.00027194, 0.00018670, 0.00012874, 0.00008907, 0.00006179, 0.00004295, 0.00002992, 0.00002089, 0.00001462, 0.00001027, 0.00000725, 0.00000514, 0.00000368, 0.00000264, 0.00000191, 0.00000139, 0.00000101, 0.00000073, 0.00000052, 0.00000036, 0.00000024, 0.00000015, 0.00000009, 0.00000005, 0.00000003, 0.00000001, -0.00000000, -0.00000000, -0.00000001, -0.00000001, -0.00000000, -0.00000000, -0.00000000, -0.00000000, -0.00000000, 0.00000000
0.66606117, 0.39526472, 0.27311953, 0.20494515, 0.16180151, 0.13210134, 0.11038227, 0.09376800, 0.08061636, 0.06992907, 0.06106737, 0.05360441, 0.04724390, 0.04177306, 0.03703435, 0.03290781, 0.02929986, 0.02613584, 0.02335501, 0.01509050, 0.00993521, 0.00665368, 0.00452637, 0.00312062, 0.00217437, 0.00152693, 0.00107788, 0.00076313, 0.00054081, 0.00038297, 0.00027058, 0.00019050, 0.00013349, 0.00009302, 0.00006440, 0.00004428, 0.00003023, 0.00002050, 0.00001383, 0.00000929, 0.00000624, 0.00000421, 0.00000286, 0.00000196, 0.00000136, 0.00000095, 0.00000066, 0.00000044, 0.00000028, 0.00000017, 0.00000010, 0.00000005, 0.00000002, 0.00000000, -0.00000001, -0.00000001, -0.00000001, -0.00000001, -0.00000000, -0.00000000, -0.00000000, -0.00000000, -0.00000000, 0.00000000
0.44896873, 0.24727010, 0.16487269, 0.12345570, 0.09958790, 0.08424181, 0.07341355, 0.06516457, 0.05849688, 0.05287075, 0.04798065, 0.04364518, 0.03975087, 0.03622262, 0.03300771, 0.03006695, 0.02736976, 0.02489124, 0.02261049, 0.01531508, 0.01028739, 0.00689494, 0.00463645, 0.00313825, 0.00214104, 0.00147224, 0.00101933, 0.00070949, 0.00049546, 0.00034639, 0.00024189, 0.00016832, 0.00011641, 0.00007981, 0.00005408, 0.00003609, 0.00002363, 0.00001511, 0.00000938, 0.00000561, 0.00000321, 0.00000175, 0.00000090, 0.00000045, 0.00000023, 0.00000014, 0.00000011, 0.00000008, 0.00000002, 0.00000000, -0.00000000, -0.00000000, -0.00000000, -0.00000000, -0.00000000, -0.00000000, -0.00000000, -0.00000000, 0.00000000, 0.00000000, 0.00000000, 0.00000000, 0.00000000, 0.00000000
0.49587698, 0.29200169, 0.20698810, 0.16217922, 0.13431597, 0.11468852, 0.09957367, 0.08722969, 0.07677771, 0.06773895, 0.05982942, 0.05286419, 0.04671122, 0.04126838, 0.03645186, 0.03219007, 0.02842044, 0.02508753, 0.02214201, 0.01348931, 0.00829621, 0.00517908, 0.00329081, 0.00212777, 0.00139725, 0.00092936, 0.00062435, 0.00042252, 0.00028733, 0.00019593, 0.00013372, 0.00009120, 0.00006207, 0.00004212, 0.00002847, 0.00001917, 0.00001286, 0.00000860, 0.00000575, 0.00000385, 0.00000260, 0.00000177, 0.00000122, 0.00000085, 0.00000060, 0.00000042, 0.00000029, 0.00000020, 0.00000013, 0.00000008, 0.00000005, 0.00000003, 0.00000001, 0.00000000, -0.00000000, -0.00000000, -0.00000000, -0.00000000, -0.00000000, -0.00000000, -0.00000000, -0.00000000, -0.00000000, 0.00000000
0.58033196, 0.33781679, 0.23048728, 0.17188928, 0.13554645, 0.11092991, 0.09313771, 0.07962865, 0.06897612, 0.06032722, 0.05314471, 0.04707454, 0.04187397, 0.03737052, 0.03343763, 0.02997980, 0.02692305, 0.02420885, 0.02178992, 0.01444312, 0.00968046, 0.00655736, 0.00449005, 0.00310477, 0.00216409, 0.00151727, 0.00106773, 0.00075267, 0.00053053, 0.00037332, 0.00026186, 0.00018286, 0.00012697, 0.00008758, 0.00005995, 0.00004070, 0.00002741, 0.00001830, 0.00001214, 0.00000801, 0.00000528, 0.00000349, 0.00000233, 0.00000157, 0.00000108, 0.00000074, 0.00000050, 0.00000033, 0.00000020, 0.00000012, 0.00000007, 0.00000003, 0.00000001, -0.00000000, -0.00000001, -0.00000001, -0.00000001, -0.00000001, -0.00000000, -0.00000000, -0.00000000, -0.00000000, -0.00000000, 0.00000000
0.54338456, 0.32791150, 0.23220566, 0.17889543, 0.14462298, 0.12029811, 0.10180715, 0.08708079, 0.07498508, 0.06484884, 0.05624468, 0.04888103, 0.04254636, 0.03707903, 0.03235049, 0.02825543, 0.02470577, 0.02162689, 0.01895496, 0.01132366, 0.00690788, 0.00430851, 0.00274649, 0.00178543, 0.00117999, 0.00079020, 0.00053449, 0.00036410, 0.00024916, 0.00017088, 0.00011723, 0.00008029, 0.00005482, 0.00003725, 0.00002516, 0.00001687, 0.00001122, 0.00000740, 0.00000484, 0.00000314, 0.00000203, 0.00000131, 0.00000085, 0.00000056, 0.00000037, 0.00000025, 0.00000017, 0.00000011, 0.00000006, 0.00000004, 0.00000002, 0.00000001, 0.00000000, -0.00000000, -0.00000000, -0.00000000, -0.00000000, -0.00000000, -0.00000000, -0.00000000, -0.00000000, -0.00000000, -0.00000000, 0.00000000
0.60229512, 0.38417342, 0.28058022, 0.21729289, 0.17300865, 0.13970628, 0.11370349, 0.09299845, 0.07633844, 0.06285370, 0.05189843, 0.04297397, 0.03568707, 0.02972426, 0.02483421, 0.02081492, 0.01750372, 0.01476942, 0.01250614, 0.00664436, 0.00371142, 0.00216935, 0.00131879, 0.00082789, 0.00053292, 0.00034958, 0.00023246, 0.00015604, 0.00010537, 0.00007137, 0.00004837, 0.00003274, 0.00002210, 0.00001484, 0.00000992, 0.00000658, 0.00000434, 0.00000284, 0.00000185, 0.00000120, 0.00000078, 0.00000050, 0.00000033, 0.00000022, 0.00000014, 0.00000009, 0.00000006, 0.00000004, 0.00000002, 0.00000001, 0.00000001, 0.00000000, 0.00000000, 0.00000000, -0.00000000, -0.00000000, -0.00000000, -0.00000000, -0.00000000, -0.00000000, -0.00000000, -0.00000000, -0.00000000, 0.00000000
0.54521082, 0.31520728, 0.21499253, 0.16074221, 0.12717918, 0.10440196, 0.08786485, 0.07523934, 0.06522985, 0.05706584, 0.05026241, 0.04449911, 0.03955479, 0.03527092, 0.03153001, 0.02824244, 0.02533818, 0.02276132, 0.02046647, 0.01353553, 0.00908275, 0.00618537, 0.00427512, 0.00299382, 0.00211851, 0.00151039, 0.00108196, 0.00077692, 0.00055810, 0.00040041, 0.00028654, 0.00020429, 0.00014498, 0.00010235, 0.00007184, 0.00005012, 0.00003477, 0.00002400, 0.00001651, 0.00001133, 0.00000779, 0.00000538, 0.00000374, 0.00000262, 0.00000186, 0.00000132, 0.00000092, 0.00000063, 0.00000041, 0.00000025, 0.00000015, 0.00000008, 0.00000003, 0.00000001, -0.00000001, -0.00000001, -0.00000001, -0.00000001, -0.00000001, -0.00000000, -0.00000000, -0.00000000, -0.00000000, 0.00000000
0.55930175, 0.33001125, 0.22998141, 0.17561167, 0.14157755, 0.11801055, 0.10044608, 0.08664572, 0.07539342, 0.06598114, 0.05796939, 0.05106832, 0.04507560, 0.03984261, 0.03525527, 0.03122283, 0.02767104, 0.02453789, 0.02177079, 0.01360167, 0.00861109, 0.00554014, 0.00362656, 0.00241210, 0.00162576, 0.00110695, 0.00075910, 0.00052286, 0.00036087, 0.00024905, 0.00017155, 0.00011775, 0.00008042, 0.00005458, 0.00003677, 0.00002456, 0.00001627, 0.00001068, 0.00000696, 0.00000451, 0.00000292, 0.00000189, 0.00000124, 0.00000082, 0.00000055, 0.00000036, 0.00000024, 0.00000015, 0.00000009, 0.00000005, 0.00000003, 0.00000001, 0.00000000, -0.00000000, -0.00000000, -0.00000000, -0.00000000, -0.00000000, -0.00000000, -0.00000000, -0.00000000, -0.00000000, -0.00000000, 0.00000000
0.57271604, 0.34294540, 0.23914387, 0.18048826, 0.14265923, 0.11607647, 0.09628084, 0.08093596, 0.06870037, 0.05874437, 0.05052221, 0.04365606, 0.03787308, 0.03296937, 0.02878837, 0.02520715, 0.02212754, 0.01947004, 0.01716960, 0.01062222, 0.00678653, 0.00446612, 0.00301639, 0.00207992, 0.00145619, 0.00103003, 0.00073311, 0.00052330, 0.00037364, 0.00026630, 0.00018910, 0.00013357, 0.00009371, 0.00006521, 0.00004495, 0.00003064, 0.00002064, 0.00001372, 0.00000900, 0.00000583, 0.00000374, 0.00000239, 0.00000153, 0.00000100, 0.00000067, 0.00000047, 0.00000033, 0.00000023, 0.00000014, 0.00000009, 0.00000005, 0.00000003, 0.00000001, 0.00000000, -0.00000000, -0.00000000, -0.00000000, -0.00000000, -0.00000000, -0.00000000, -0.00000000, -0.00000000, -0.00000000, 0.00000000
0.50725455, 0.29768188, 0.20765317, 0.15954707, 0.12994162, 0.10969574, 0.09467605, 0.08282810, 0.07305921, 0.06475539, 0.05755354, 0.05122724, 0.04562694, 0.04064750, 0.03621027, 0.03225299, 0.02872397, 0.02557877, 0.02277824, 0.01434519, 0.00909135, 0.00582702, 0.00378730, 0.00249632, 0.00166607, 0.00112337, 0.00076334, 0.00052146, 0.00035732, 0.00024510, 0.00016798, 0.00011485, 0.00007821, 0.00005298, 0.00003566, 0.00002383, 0.00001581, 0.00001041, 0.00000681, 0.00000444, 0.00000289, 0.00000190, 0.00000125, 0.00000084, 0.00000057, 0.00000039, 0.00000026, 0.00000017, 0.00000011, 0.00000006, 0.00000004, 0.00000002, 0.00000001, 0.00000000, -0.00000000, -0.00000000, -0.00000000, -0.00000000, -0.00000000, -0.00000000, -0.00000000, -0.00000000, -0.00000000, 0.00000000
0.58555663, 0.35073185, 0.24565684, 0.18727914, 0.15025646, 0.12453367, 0.10544141, 0.09056664, 0.07855859, 0.06861069, 0.06021364, 0.05302935, 0.04682276, 0.04142336, 0.03670269, 0.03256069, 0.02891714, 0.02570624, 0.02287298, 0.01446896, 0.00928541, 0.00605463, 0.00401301, 0.00269909, 0.00183712, 0.00126158, 0.00087155, 0.00060416, 0.00041928, 0.00029073, 0.00020106, 0.00013847, 0.00009482, 0.00006448, 0.00004348, 0.00002906, 0.00001922, 0.00001259, 0.00000816, 0.00000524, 0.00000335, 0.00000214, 0.00000137, 0.00000088, 0.00000057, 0.00000037, 0.00000023, 0.00000014, 0.00000008, 0.00000005, 0.00000002, 0.00000001, 0.00000000, -0.00000000, -0.00000000, -0.00000000, -0.00000000, -0.00000000, -0.00000000, -0.00000000, -0.00000000, -0.00000000, -0.00000000, 0.00000000
0.52503975, 0.31140602, 0.22003013, 0.17054638, 0.13923837, 0.11714351, 0.10032979, 0.08687429, 0.07574662, 0.06634613, 0.05829390, 0.05133292, 0.04527760, 0.03998691, 0.03534943, 0.03127449, 0.02768684, 0.02452305, 0.02172911, 0.01351469, 0.00852402, 0.00546777, 0.00357019, 0.00236901, 0.00159281, 0.00108160, 0.00073948, 0.00050761, 0.00034898, 0.00023976, 0.00016429, 0.00011207, 0.00007598, 0.00005110, 0.00003405, 0.00002244, 0.00001460, 0.00000938, 0.00000595, 0.00000372, 0.00000231, 0.00000142, 0.00000088, 0.00000056, 0.00000036, 0.00000024, 0.00000015, 0.00000010, 0.00000006, 0.00000004, 0.00000002, 0.00000001, 0.00000000, 0.00000000, -0.00000000, -0.00000000, -0.00000000, -0.00000000, -0.00000000, -0.00000000, -0.00000000, -0.00000000, -0.00000000, 0.00000000
0.61330061, 0.37064849, 0.26138706, 0.19941654, 0.15900554, 0.13017717, 0.10836870, 0.09122116, 0.07738703, 0.06602918, 0.05658974, 0.04867509, 0.04199475, 0.03632687, 0.03149758, 0.02736801, 0.02382568, 0.02077847, 0.01815036, 0.01076496, 0.00655643, 0.00409750, 0.00262272, 0.00171309, 0.00113699, 0.00076368, 0.00051724, 0.00035221, 0.00024052, 0.00016439, 0.00011226, 0.00007649, 0.00005195, 0.00003514, 0.00002366, 0.00001586, 0.00001059, 0.00000706, 0.00000470, 0.00000314, 0.00000211, 0.00000143, 0.00000097, 0.00000067, 0.00000046, 0.00000031, 0.00000020, 0.00000013, 0.00000008, 0.00000005, 0.00000003, 0.00000001, 0.00000000, 0.00000000, -0.00000000, -0.00000000, -0.00000000, -0.00000000, -0.00000000, -0.00000000, -0.00000000, -0.00000000, -0.00000000, 0.00000000
0.54276057, 0.31193643, 0.21134902, 0.15721049, 0.12404455, 0.10180601, 0.08585916, 0.07382132, 0.06436544, 0.05670389, 0.05034374, 0.04496215, 0.04033903, 0.03631896, 0.03278870, 0.02966339, 0.02687793, 0.02438126, 0.02213265, 0.01516407, 0.01047621, 0.00729507, 0.00512250, 0.00362349, 0.00257703, 0.00183859, 0.00131303, 0.00093677, 0.00066654, 0.00047227, 0.00033278, 0.00023293, 0.00016179, 0.00011142, 0.00007602, 0.00005137, 0.00003439, 0.00002283, 0.00001505, 0.00000989, 0.00000651, 0.00000432, 0.00000290, 0.00000197, 0.00000136, 0.00000093, 0.00000063, 0.00000041, 0.00000026, 0.00000016, 0.00000009, 0.00000004, 0.00000002, -0.00000000, -0.00000001, -0.00000001, -0.00000001, -0.00000001, -0.00000000, -0.00000000, -0.00000000, -0.00000000, -0.00000000, 0.00000000
0.60623749, 0.36031838, 0.25049088, 0.18958344, 0.15103966, 0.12435125, 0.10464392, 0.08939370, 0.07717981, 0.06714654, 0.05874805, 0.05161839, 0.04550117, 0.04020978, 0.03560377, 0.03157438, 0.02803539, 0.02491702, 0.02216192, 0.01399264, 0.00893596, 0.00577673, 0.00378362, 0.00250959, 0.00168320, 0.00113942, 0.00077690, 0.00053252, 0.00036630, 0.00025246, 0.00017412, 0.00012005, 0.00008268, 0.00005686, 0.00003905, 0.00002679, 0.00001838, 0.00001264, 0.00000873, 0.00000607, 0.00000427, 0.00000303, 0.00000218, 0.00000158, 0.00000114, 0.00000083, 0.00000059, 0.00000040, 0.00000027, 0.00000018, 0.00000011, 0.00000006, 0.00000003, 0.00000001, -0.00000000, -0.00000001, -0.00000001, -0.00000001, -0.00000000, -0.00000000, -0.00000000, -0.00000000, -0.00000000, 0.00000000
0.53765560, 0.32363040, 0.23048656, 0.17931627, 0.14664079, 0.12345868, 0.10575674, 0.09154658, 0.07975586, 0.06976054, 0.06117018, 0.05372281, 0.04723101, 0.04155292, 0.03657618, 0.03220868, 0.02837302, 0.02500304, 0.02204153, 0.01339836, 0.00824479, 0.00515272, 0.00327489, 0.00211492, 0.00138495, 0.00091730, 0.00061289, 0.00041206, 0.00027814, 0.00018809, 0.00012720, 0.00008588, 0.00005780, 0.00003873, 0.00002581, 0.00001710, 0.00001126, 0.00000738, 0.00000481, 0.00000314, 0.00000206, 0.00000136, 0.00000091, 0.00000062, 0.00000043, 0.00000030, 0.00000021, 0.00000014, 0.00000009, 0.00000006, 0.00000003, 0.00000002, 0.00000001, 0.00000000, -0.00000000, -0.00000000, -0.00000000, -0.00000000, -0.00000000, -0.00000000, -0.00000000, -0.00000000, -0.00000000, 0.00000000
0.65311843, 0.39519798, 0.27748937, 0.21031146, 0.16653692, 0.13546432, 0.11211424, 0.09387792, 0.07925482, 0.06731243, 0.05743241, 0.04918202, 0.04224476, 0.03638097, 0.03140411, 0.02716600, 0.02354700, 0.02044936, 0.01779248, 0.01039825, 0.00626111, 0.00388312, 0.00247642, 0.00161814, 0.00107849, 0.00072990, 0.00049955, 0.00034452, 0.00023869, 0.00016570, 0.00011500, 0.00007964, 0.00005493, 0.00003768, 0.00002566, 0.00001733, 0.00001160, 0.00000768, 0.00000504, 0.00000327, 0.00000211, 0.00000136, 0.00000088, 0.00000058, 0.00000038, 0.00000026, 0.00000018, 0.00000012, 0.00000007, 0.00000004, 0.00000002, 0.00000001, 0.00000000, 0.00000000, -0.00000000, -0.00000000, -0.00000000, -0.00000000, -0.00000000, -0.00000000, -0.00000000, -0.00000000, -0.00000000, 0.00000000
0.58033196, 0.33781679, 0.23048728, 0.17188928, 0.13554645, 0.11092991, 0.09313771, 0.07962865, 0.06897612, 0.06032722, 0.05314471, 0.04707454, 0.04187397, 0.03737052, 0.03343763, 0.02997980, 0.02692305, 0.02420885, 0.02178992, 0.01444312, 0.00968046, 0.00655736, 0.00449005, 0.00310477, 0.00216409, 0.00151727, 0.00106773, 0.00075267, 0.00053053, 0.00037332, 0.00026186, 0.00018286, 0.00012697, 0.00008758, 0.00005995, 0.00004070, 0.00002741, 0.00001830, 0.00001214, 0.00000801, 0.00000528, 0.00000349, 0.00000233, 0.00000157, 0.00000108, 0.00000074, 0.00000050, 0.00000033, 0.00000020, 0.00000012, 0.00000007, 0.00000003, 0.00000001, -0.00000000, -0.00000001, -0.00000001, -0.00000001, -0.00000001, -0.00000000, -0.00000000, -0.00000000, -0.00000000, -0.00000000, 0.00000000
0.51759252, 0.33243068, 0.25415200, 0.20694374, 0.17197450, 0.14366446, 0.12005415, 0.10023914, 0.08363582, 0.06977220, 0.05823390, 0.04865354, 0.04070966, 0.03412559, 0.02866680, 0.02413675, 0.02037215, 0.01723820, 0.01462400, 0.00777885, 0.00430913, 0.00247880, 0.00147526, 0.00090429, 0.00056820, 0.00036431, 0.00023738, 0.00015660, 0.00010426, 0.00006985, 0.00004698, 0.00003165, 0.00002132, 0.00001433, 0.00000960, 0.00000640, 0.00000424, 0.00000279, 0.00000183, 0.00000119, 0.00000078, 0.00000051, 0.00000033, 0.00000022, 0.00000015, 0.00000010, 0.00000007, 0.00000005, 0.00000003, 0.00000002, 0.00000001, 0.00000000, 0.00000000, 0.00000000, -0.00000000, -0.00000000, -0.00000000, -0.00000000, -0.00000000, -0.00000000, -0.00000000, -0.00000000, -0.00000000, 0.00000000
0.56986912, 0.33225997, 0.22849889, 0.17195880, 0.13657400, 0.11220935, 0.09425584, 0.08037153, 0.06925778, 0.06013943, 0.05252315, 0.04607683, 0.04056583, 0.03581749, 0.03170046, 0.02811213, 0.02497060, 0.02220944, 0.01977404, 0.01258977, 0.00815080, 0.00536763, 0.00359754, 0.00245141, 0.00169454, 0.00118495, 0.00083577, 0.00059291, 0.00042195, 0.00030053, 0.00021376, 0.00015153, 0.00010686, 0.00007483, 0.00005193, 0.00003566, 0.00002419, 0.00001618, 0.00001066, 0.00000691, 0.00000442, 0.00000280, 0.00000178, 0.00000114, 0.00000076, 0.00000053, 0.00000037, 0.00000026, 0.00000014, 0.00000009, 0.00000005, 0.00000002, 0.00000001, 0.00000000, -0.00000000, -0.00000000, -0.00000000, -0.00000000, -0.00000000, -0.00000000, -0.00000000, -0.00000000, -0.00000000, 0.00000000
0.54854703, 0.32212866, 0.22326741, 0.16967533, 0.13640222, 0.11366070, 0.09697047, 0.08405229, 0.07365055, 0.06502718, 0.05772323, 0.05143849, 0.04596735, 0.04116286, 0.03691598, 0.03314304, 0.02977796, 0.02676731, 0.02406698, 0.01581218, 0.01045329, 0.00696801, 0.00469113, 0.00318874, 0.00218500, 0.00150616, 0.00104216, 0.00072236, 0.00050065, 0.00034640, 0.00023892, 0.00016407, 0.00011207, 0.00007608, 0.00005131, 0.00003437, 0.00002289, 0.00001518, 0.00001005, 0.00000666, 0.00000444, 0.00000300, 0.00000204, 0.00000141, 0.00000097, 0.00000066, 0.00000044, 0.00000029, 0.00000019, 0.00000011, 0.00000006, 0.00000003, 0.00000001, 0.00000000, -0.00000000, -0.00000001, -0.00000001, -0.00000000, -0.00000000, -0.00000000, -0.00000000, -0.00000000, -0.00000000, 0.00000000
0.44547589, 0.26562205, 0.19692823, 0.16122745, 0.13733231, 0.11858959, 0.10275664, 0.08901428, 0.07700737, 0.06652796, 0.05741275, 0.04951297, 0.04268800, 0.03680595, 0.03174534, 0.02739629, 0.02366096, 0.02045326, 0.01769819, 0.01007261, 0.00588292, 0.00353423, 0.00218302, 0.00138221, 0.00089339, 0.00058690, 0.00039027, 0.00026173, 0.00017646, 0.00011927, 0.00008061, 0.00005435, 0.00003648, 0.00002433, 0.00001608, 0.00001052, 0.00000680, 0.00000434, 0.00000272, 0.00000169, 0.00000103, 0.00000062, 0.00000038, 0.00000023, 0.00000014, 0.00000009, 0.00000006, 0.00000004, 0.00000002, 0.00000001, 0.00000001, 0.00000000, 0.00000000, -0.00000000, -0.00000000, -0.00000000, -0.00000000, -0.00000000, -0.00000000, -0.00000000, -0.00000000, -0.00000000, -0.00000000, 0.00000000
0.64606385, 0.38597168, 0.26833164, 0.20230414, 0.16013520, 0.13078726, 0.10909828, 0.09236400, 0.07904012, 0.06818145, 0.05917529, 0.05160471, 0.04517413, 0.03966657, 0.03491804, 0.03080153, 0.02721664, 0.02408265, 0.02133375, 0.01331162, 0.00844902, 0.00545580, 0.00358489, 0.00239354, 0.00161986, 0.00110801, 0.00076383, 0.00052928, 0.00036777, 0.00025571, 0.00017757, 0.00012294, 0.00008474, 0.00005807, 0.00003951, 0.00002667, 0.00001784, 0.00001183, 0.00000778, 0.00000509, 0.00000331, 0.00000216, 0.00000142, 0.00000094, 0.00000064, 0.00000044, 0.00000030, 0.00000020, 0.00000012, 0.00000007, 0.00000004, 0.00000002, 0.00000001, 0.00000000, -0.00000000, -0.00000000, -0.00000000, -0.00000000, -0.00000000, -0.00000000, -0.00000000, -0.00000000, -0.00000000, 0.00000000
0.49552926, 0.29008150, 0.20063686, 0.15248545, 0.12292536, 0.10295979, 0.08842950, 0.07721174, 0.06814601, 0.06056392, 0.05406342, 0.04839266, 0.04338730, 0.03893531, 0.03495662, 0.03139122, 0.02819194, 0.02532015, 0.02274306, 0.01480584, 0.00966613, 0.00635311, 0.00421473, 0.00282391, 0.00190936, 0.00130083, 0.00089138, 0.00061318, 0.00042267, 0.00029144, 0.00020069, 0.00013781, 0.00009423, 0.00006408, 0.00004329, 0.00002903, 0.00001931, 0.00001274, 0.00000834, 0.00000543, 0.00000352, 0.00000229, 0.00000149, 0.00000098, 0.00000065, 0.00000043, 0.00000028, 0.00000018, 0.00000010, 0.00000006, 0.00000003, 0.00000001, 0.00000000, -0.00000000, -0.00000000, -0.00000000, -0.00000000, -0.00000000, -0.00000000, -0.00000000, -0.00000000, -0.00000000, -0.00000000, 0.00000000
0.51759252, 0.33243068, 0.25415200, 0.20694374, 0.17197450, 0.14366446, 0.12005415, 0.10023914, 0.08363582, 0.06977220, 0.05823390, 0.04865354, 0.04070966, 0.03412559, 0.02866680, 0.02413675, 0.02037215, 0.01723820, 0.01462400, 0.00777885, 0.00430913, 0.00247880, 0.00147526, 0.00090429, 0.00056820, 0.00036431, 0.00023738, 0.00015660, 0.00010426, 0.00006985, 0.00004698, 0.00003165, 0.00002132, 0.00001433, 0.00000960, 0.00000640, 0.00000424, 0.00000279, 0.00000183, 0.00000119, 0.00000078, 0.00000051, 0.00000033, 0.00000022, 0.00000015, 0.00000010, 0.00000007, 0.00000005, 0.00000003, 0.00000002, 0.00000001, 0.00000000, 0.00000000, 0.00000000, -0.00000000, -0.00000000, -0.00000000, -0.00000000, -0.00000000, -0.00000000, -0.00000000, -0.00000000, -0.00000000, 0.00000000
0.53637003, 0.32347647, 0.23165031, 0.18130255, 0.14893590, 0.12568589, 0.10768557, 0.09306210, 0.08082331, 0.07039580, 0.06141790, 0.05364136, 0.04688268, 0.04099793, 0.03586932, 0.03139771, 0.02749817, 0.02409724, 0.02113099, 0.01260420, 0.00764021, 0.00472023, 0.00297540, 0.00191148, 0.00124857, 0.00082685, 0.00055352, 0.00037350, 0.00025339, 0.00017241, 0.00011741, 0.00007986, 0.00005415, 0.00003654, 0.00002450, 0.00001629, 0.00001074, 0.00000700, 0.00000452, 0.00000288, 0.00000182, 0.00000115, 0.00000072, 0.00000046, 0.00000029, 0.00000019, 0.00000012, 0.00000007, 0.00000004, 0.00000002, 0.00000001, 0.00000000, 0.00000000, -0.00000000, -0.00000000, -0.00000000, -0.00000000, -0.00000000, -0.00000000, -0.00000000, -0.00000000, -0.00000000, -0.00000000, 0.00000000
0.54715271, 0.31987174, 0.21890412, 0.16345689, 0.12893584, 0.10553258, 0.08864442, 0.07586137, 0.06581713, 0.05768839, 0.05095403, 0.04527033, 0.04040229, 0.03618400, 0.03249491, 0.02924500, 0.02636538, 0.02380212, 0.02151214, 0.01447031, 0.00981454, 0.00670131, 0.00460787, 0.00319231, 0.00222869, 0.00156750, 0.00110977, 0.00078997, 0.00056452, 0.00040428, 0.00028959, 0.00020706, 0.00014748, 0.00010439, 0.00007327, 0.00005087, 0.00003484, 0.00002347, 0.00001552, 0.00001005, 0.00000636, 0.00000395, 0.00000243, 0.00000151, 0.00000098, 0.00000068, 0.00000050, 0.00000035, 0.00000017, 0.00000010, 0.00000005, 0.00000002, 0.00000001, -0.00000000, -0.00000001, -0.00000001, -0.00000001, -0.00000000, -0.00000000, -0.00000000, -0.00000000, -0.00000000, -0.00000000, 0.00000000
0.55050775, 0.32046610, 0.21919274, 0.16403466, 0.12987974, 0.10676916, 0.09006809, 0.07737399, 0.06733974, 0.05916258, 0.05233966, 0.04654218, 0.04154679, 0.03719634, 0.03337661, 0.03000204, 0.02700669, 0.02433848, 0.02195528, 0.01466365, 0.00990314, 0.00676695, 0.00468157, 0.00327602, 0.00231411, 0.00164604, 0.00117606, 0.00084204, 0.00060286, 0.00043076, 0.00030662, 0.00021706, 0.00015256, 0.00010629, 0.00007327, 0.00004990, 0.00003351, 0.00002216, 0.00001440, 0.00000920, 0.00000578, 0.00000358, 0.00000221, 0.00000138, 0.00000088, 0.00000059, 0.00000040, 0.00000026, 0.00000013, 0.00000007, 0.00000003, 0.00000001, 0.00000000, -0.00000001, -0.00000001, -0.00000001, -0.00000000, -0.00000000, -0.00000000, -0.00000000, -0.00000000, -0.00000000, -0.00000000, 0.00000000
0.52643167, 0.31572549, 0.22547712, 0.17607063, 0.14426019, 0.12139045, 0.10371810, 0.08942773, 0.07754419, 0.06749037, 0.05889241, 0.05148835, 0.04508268, 0.03952249, 0.03468422, 0.03046579, 0.02678160, 0.02355920, 0.02073684, 0.01258908, 0.00777963, 0.00490580, 0.00315777, 0.00207020, 0.00137763, 0.00092722, 0.00062905, 0.00042888, 0.00029308, 0.00020028, 0.00013658, 0.00009276, 0.00006264, 0.00004199, 0.00002789, 0.00001833, 0.00001190, 0.00000763, 0.00000483, 0.00000302, 0.00000188, 0.00000116, 0.00000072, 0.00000046, 0.00000029, 0.00000019, 0.00000013, 0.00000008, 0.00000005, 0.00000003, 0.00000002, 0.00000001, 0.00000000, 0.00000000, -0.00000000, -0.00000000, -0.00000000, -0.00000000, -0.00000000, -0.00000000, -0.00000000, -0.00000000, -0.00000000, 0.00000000
0.59544259, 0.35397932, 0.24606198, 0.18643237, 0.14887211, 0.12294874, 0.10381922, 0.08898679, 0.07705914, 0.06720859, 0.05891505, 0.05183479, 0.04572978, 0.04042799, 0.03580012, 0.03174566, 0.02818418, 0.02504979, 0.02228745, 0.01410022, 0.00905237, 0.00590316, 0.00391099, 0.00262844, 0.00178742, 0.00122645, 0.00084680, 0.00058686, 0.00040733, 0.00028260, 0.00019563, 0.00013491, 0.00009255, 0.00006307, 0.00004265, 0.00002859, 0.00001899, 0.00001249, 0.00000813, 0.00000526, 0.00000338, 0.00000217, 0.00000140, 0.00000091, 0.00000060, 0.00000039, 0.00000025, 0.00000016, 0.00000009, 0.00000005, 0.00000002, 0.00000001, 0.00000000, -0.00000000, -0.00000000, -0.00000000, -0.00000000, -0.00000000, -0.00000000, -0.00000000, -0.00000000, -0.00000000, -0.00000000, 0.00000000
0.53505303, 0.32100431, 0.22867825, 0.17827162, 0.14614537, 0.12330865, 0.10579811, 0.09167544, 0.07990805, 0.06990027, 0.06128049, 0.05379848, 0.04727355, 0.04156723, 0.03656849, 0.03218523, 0.02833940, 0.02496384, 0.02200029, 0.01337786, 0.00825461, 0.00518742, 0.00332472, 0.00217027, 0.00143880, 0.00096553, 0.00065371, 0.00044518, 0.00030413, 0.00020794, 0.00014199, 0.00009665, 0.00006547, 0.00004406, 0.00002943, 0.00001949, 0.00001278, 0.00000831, 0.00000536, 0.00000344, 0.00000220, 0.00000142, 0.00000093, 0.00000062, 0.00000042, 0.00000029, 0.00000020, 0.00000013, 0.00000009, 0.00000005, 0.00000003, 0.00000002, 0.00000001, 0.00000000, -0.00000000, -0.00000000, -0.00000000, -0.00000000, -0.00000000, -0.00000000, -0.00000000, -0.00000000, -0.00000000, 0.00000000
0.47202878, 0.27653760, 0.19837893, 0.15755612, 0.13140342, 0.11207568, 0.09654033, 0.08350755, 0.07235841, 0.06274429, 0.05443160, 0.04724078, 0.04102204, 0.03564578, 0.03099842, 0.02698040, 0.02350477, 0.02049594, 0.01788852, 0.01054056, 0.00636464, 0.00394618, 0.00251060, 0.00163344, 0.00108195, 0.00072635, 0.00049224, 0.00033560, 0.00022952, 0.00015707, 0.00010734, 0.00007311, 0.00004954, 0.00003336, 0.00002228, 0.00001475, 0.00000966, 0.00000627, 0.00000402, 0.00000256, 0.00000162, 0.00000103, 0.00000065, 0.00000042, 0.00000027, 0.00000018, 0.00000012, 0.00000007, 0.00000004, 0.00000002, 0.00000001, 0.00000001, 0.00000000, -0.00000000, -0.00000000, -0.00000000, -0.00000000, -0.00000000, -0.00000000, -0.00000000, -0.00000000, -0.00000000, -0.00000000, 0.00000000
0.54524826, 0.32795161, 0.23124805, 0.17732449, 0.14270899, 0.11825714, 0.09980747, 0.08524383, 0.07338945, 0.06353705, 0.05523086, 0.04815845, 0.04209398, 0.03686693, 0.03234399, 0.02841817, 0.02500192, 0.02202252, 0.01941899, 0.01188960, 0.00741666, 0.00471732, 0.00305960, 0.00202030, 0.00135461, 0.00091954, 0.00063009, 0.00043463, 0.00030106, 0.00020896, 0.00014504, 0.00010051, 0.00006942, 0.00004772, 0.00003261, 0.00002213, 0.00001490, 0.00000995, 0.00000660, 0.00000434, 0.00000285, 0.00000187, 0.00000123, 0.00000082, 0.00000056, 0.00000038, 0.00000026, 0.00000017, 0.00000010, 0.00000006, 0.00000003, 0.00000002, 0.00000001, 0.00000000, -0.00000000, -0.00000000, -0.00000000, -0.00000000, -0.00000000, -0.00000000, -0.00000000, -0.00000000, -0.00000000, 0.00000000
0.62173621, 0.37067461, 0.25696952, 0.19355957, 0.15354014, 0.12606170, 0.10599411, 0.09063787, 0.07845750, 0.06852514, 0.06025155, 0.05324617, 0.04724007, 0.04204147, 0.03750920, 0.03353621, 0.03003909, 0.02695134, 0.02421874, 0.01598374, 0.01072401, 0.00730476, 0.00504436, 0.00352134, 0.00247643, 0.00174877, 0.00123650, 0.00087334, 0.00061497, 0.00043101, 0.00030025, 0.00020763, 0.00014238, 0.00009674, 0.00006508, 0.00004333, 0.00002857, 0.00001867, 0.00001212, 0.00000785, 0.00000509, 0.00000333, 0.00000219, 0.00000146, 0.00000097, 0.00000063, 0.00000039, 0.00000023, 0.00000015, 0.00000008, 0.00000004, 0.00000002, 0.00000000, -0.00000000, -0.00000001, -0.00000001, -0.00000001, -0.00000000, -0.00000000, -0.00000000, -0.00000000, -0.00000000, -0.00000000, 0.00000000
0.46400981, 0.26270893, 0.17803149, 0.13393720, 0.10763129, 0.09025563, 0.07780828, 0.06829480, 0.06064884, 0.05426782, 0.04879465, 0.04400813, 0.03976507, 0.03596859, 0.03255012, 0.02945890, 0.02665574, 0.02410924, 0.02179335, 0.01451548, 0.00963613, 0.00640767, 0.00428524, 0.00288692, 0.00195907, 0.00133775, 0.00091785, 0.00063176, 0.00043552, 0.00030026, 0.00020673, 0.00014197, 0.00009714, 0.00006617, 0.00004484, 0.00003022, 0.00002027, 0.00001353, 0.00000901, 0.00000600, 0.00000400, 0.00000269, 0.00000182, 0.00000124, 0.00000085, 0.00000058, 0.00000038, 0.00000025, 0.00000015, 0.00000009, 0.00000005, 0.00000002, 0.00000001, -0.00000000, -0.00000001, -0.00000001, -0.00000000, -0.00000000, -0.00000000, -0.00000000, -0.00000000, -0.00000000, -0.00000000, 0.00000000
0.63539848, 0.39678880, 0.28556948, 0.21965676, 0.17491619, 0.14205299, 0.11676902, 0.09676886, 0.08067379, 0.06757536, 0.05683238, 0.04796999, 0.04062490, 0.03451307, 0.02940922, 0.02513294, 0.02153869, 0.01850846, 0.01594616, 0.00902062, 0.00529994, 0.00322383, 0.00202265, 0.00130231, 0.00085585, 0.00057116, 0.00038534, 0.00026183, 0.00017859, 0.00012193, 0.00008313, 0.00005645, 0.00003810, 0.00002551, 0.00001689, 0.00001105, 0.00000711, 0.00000450, 0.00000279, 0.00000169, 0.00000100, 0.00000058, 0.00000033, 0.00000019, 0.00000011, 0.00000007, 0.00000004, 0.00000003, 0.00000001, 0.00000001, 0.00000000, 0.00000000, 0.00000000, -0.00000000, -0.00000000, -0.00000000, -0.00000000, -0.00000000, -0.00000000, -0.00000000, -0.00000000, -0.00000000, -0.00000000, 0.00000000
0.56073314, 0.33296100, 0.23346666, 0.17910187, 0.14479645, 0.12082158, 0.10279310, 0.08852037, 0.07681590, 0.06698823, 0.05860662, 0.05138484, 0.04512084, 0.03966404, 0.03489708, 0.03072518, 0.02706972, 0.02386427, 0.02105196, 0.01286115, 0.00797833, 0.00503988, 0.00324412, 0.00212387, 0.00140982, 0.00094565, 0.00063889, 0.00043353, 0.00029473, 0.00020030, 0.00013583, 0.00009176, 0.00006166, 0.00004116, 0.00002727, 0.00001792, 0.00001168, 0.00000756, 0.00000486, 0.00000312, 0.00000200, 0.00000129, 0.00000084, 0.00000055, 0.00000035, 0.00000023, 0.00000014, 0.00000008, 0.00000005, 0.00000003, 0.00000001, 0.00000000, -0.00000000, -0.00000000, -0.00000000, -0.00000000, -0.00000000, -0.00000000, -0.00000000, -0.00000000, -0.00000000, -0.00000000, 0.00000000, 0.00000000
0.59557988, 0.36075992, 0.25564315, 0.19635377, 0.15795028, 0.13071093, 0.11015767, 0.09397100, 0.08083609, 0.06995055, 0.06079306, 0.05300611, 0.04633281, 0.04058116, 0.03560280, 0.03128001, 0.02751733, 0.02423604, 0.02137033, 0.01305562, 0.00810732, 0.00511649, 0.00328019, 0.00213414, 0.00140716, 0.00093882, 0.00063276, 0.00043016, 0.00029452, 0.00020281, 0.00014029, 0.00009737, 0.00006775, 0.00004722, 0.00003295, 0.00002300, 0.00001607, 0.00001123, 0.00000786, 0.00000551, 0.00000388, 0.00000274, 0.00000194, 0.00000138, 0.00000099, 0.00000071, 0.00000050, 0.00000035, 0.00000023, 0.00000014, 0.00000009, 0.00000005, 0.00000002, 0.00000001, -0.00000000, -0.00000000, -0.00000001, -0.00000000, -0.00000000, -0.00000000, -0.00000000, -0.00000000, -0.00000000, 0.00000000
0.51320113, 0.31582462, 0.23171519, 0.18385472, 0.15112740, 0.12626283, 0.10631263, 0.08987326, 0.07615484, 0.06463924, 0.05494549, 0.04677319, 0.03987658, 0.03405106, 0.02912522, 0.02495515, 0.02142008, 0.01841879, 0.01586649, 0.00891134, 0.00516133, 0.00308105, 0.00189321, 0.00119453, 0.00077144, 0.00050812, 0.00034013, 0.00023060, 0.00015785, 0.00010878, 0.00007527, 0.00005218, 0.00003616, 0.00002501, 0.00001722, 0.00001179, 0.00000801, 0.00000540, 0.00000361, 0.00000239, 0.00000158, 0.00000104, 0.00000068, 0.00000046, 0.00000031, 0.00000022, 0.00000015, 0.00000011, 0.00000006, 0.00000004, 0.00000002, 0.00000001, 0.00000001, 0.00000000, -0.00000000, -0.00000000, -0.00000000, -0.00000000, -0.00000000, -0.00000000, -0.00000000, -0.00000000, -0.00000000, 0.00000000
0.58614713, 0.36759778, 0.26694125, 0.20645900, 0.16457089, 0.13331203, 0.10904521, 0.08979153, 0.07431716, 0.06177556, 0.05154904, 0.04316972, 0.03627503, 0.03058011, 0.02585914, 0.02193195, 0.01865412, 0.01590941, 0.01360389, 0.00747985, 0.00428484, 0.00254988, 0.00157061, 0.00099658, 0.00064807, 0.00042981, 0.00028943, 0.00019714, 0.00013538, 0.00009348, 0.00006474, 0.00004489, 0.00003111, 0.00002151, 0.00001483, 0.00001018, 0.00000695, 0.00000473, 0.00000320, 0.00000216, 0.00000146, 0.00000098, 0.00000067, 0.00000046, 0.00000032, 0.00000023, 0.00000016, 0.00000011, 0.00000007, 0.00000004, 0.00000003, 0.00000001, 0.00000001, 0.00000000, -0.00000000, -0.00000000, -0.00000000, -0.00000000, -0.00000000, -0.00000000, -0.00000000, -0.00000000, -0.00000000, 0.00000000
0.55346122, 0.35040624, 0.25744065, 0.20188501, 0.16319110, 0.13389044, 0.11071811, 0.09198439, 0.07666866, 0.06407329, 0.05367967, 0.04508282, 0.03795816, 0.03204229, 0.02712028, 0.02301639, 0.01958681, 0.01671387, 0.01430121, 0.00787875, 0.00452005, 0.00269039, 0.00165394, 0.00104450, 0.00067392, 0.00044203, 0.00029346, 0.00019646, 0.00013222, 0.00008920, 0.00006018, 0.00004051, 0.00002715, 0.00001808, 0.00001195, 0.00000781, 0.00000505, 0.00000322, 0.00000202, 0.00000125, 0.00000076, 0.00000046, 0.00000028, 0.00000017, 0.00000010, 0.00000006, 0.00000004, 0.00000002, 0.00000001, 0.00000001, 0.00000000, 0.00000000, 0.00000000, -0.00000000, -0.00000000, -0.00000000, -0.00000000, -0.00000000, -0.00000000, -0.00000000, -0.00000000, -0.00000000, -0.00000000, 0.00000000
0.49789865, 0.29541714, 0.20620474, 0.15739045, 0.12684709, 0.10583499, 0.09032291, 0.07824840, 0.06847264, 0.06032693, 0.05339711, 0.04741375, 0.04219314, 0.03760435, 0.03355006, 0.02995514, 0.02675961, 0.02391430, 0.02137790, 0.01371028, 0.00885367, 0.00577274, 0.00380706, 0.00253887, 0.00170952, 0.00115981, 0.00079106, 0.00054124, 0.00037072, 0.00025372, 0.00017320, 0.00011775, 0.00007959, 0.00005342, 0.00003556, 0.00002345, 0.00001531, 0.00000990, 0.00000634, 0.00000403, 0.00000256, 0.00000162, 0.00000104, 0.00000067, 0.00000044, 0.00000029, 0.00000018, 0.00000011, 0.00000007, 0.00000004, 0.00000002, 0.00000001, 0.00000000, -0.00000000, -0.00000000, -0.00000000, -0.00000000, -0.00000000, -0.00000000, -0.00000000, -0.00000000, -0.00000000, -0.00000000, 0.00000000
0.53547732, 0.30657710, 0.20592279, 0.15143782, 0.11803998, 0.09575034, 0.07991118, 0.06809879, 0.05894723, 0.05163758, 0.04565366, 0.04065618, 0.03641393, 0.03276429, 0.02958963, 0.02680268, 0.02433724, 0.02214204, 0.02017665, 0.01410723, 0.01001029, 0.00718652, 0.00521206, 0.00381011, 0.00279983, 0.00206268, 0.00151987, 0.00111784, 0.00081926, 0.00059746, 0.00043302, 0.00031156, 0.00022232, 0.00015719, 0.00011003, 0.00007620, 0.00005219, 0.00003535, 0.00002369, 0.00001574, 0.00001039, 0.00000684, 0.00000452, 0.00000301, 0.00000203, 0.00000137, 0.00000092, 0.00000059, 0.00000035, 0.00000019, 0.00000010, 0.00000004, 0.00000000, -0.00000001, -0.00000002, -0.00000002, -0.00000002, -0.00000001, -0.00000001, -0.00000000, -0.00000000, -0.00000000, -0.00000000, 0.00000000
0.58014369, 0.33650146, 0.22976065, 0.17157568, 0.13542240, 0.11087405, 0.09310018, 0.07959649, 0.06895212, 0.06031889, 0.05315915, 0.04711662, 0.04194589, 0.03747219, 0.03356728, 0.03013453, 0.02709940, 0.02440319, 0.02199879, 0.01467012, 0.00988942, 0.00672998, 0.00462223, 0.00320153, 0.00223363, 0.00156746, 0.00110477, 0.00078092, 0.00055288, 0.00039157, 0.00027711, 0.00019578, 0.00013798, 0.00009694, 0.00006786, 0.00004733, 0.00003290, 0.00002281, 0.00001579, 0.00001094, 0.00000760, 0.00000531, 0.00000375, 0.00000267, 0.00000192, 0.00000138, 0.00000098, 0.00000068, 0.00000045, 0.00000029, 0.00000017, 0.00000009, 0.00000004, 0.00000001, -0.00000001, -0.00000001, -0.00000001, -0.00000001, -0.00000001, -0.00000000, -0.00000000, -0.00000000, -0.00000000, 0.00000000
0.43970473, 0.24011907, 0.16088913, 0.12300072, 0.10212985, 0.08885222, 0.07914450, 0.07122842, 0.06431683, 0.05806825, 0.05233943, 0.04707137, 0.04223747, 0.03782061, 0.03380393, 0.03016788, 0.02688991, 0.02394521, 0.02130779, 0.01335466, 0.00842437, 0.00539086, 0.00351141, 0.00232714, 0.00156538, 0.00106539, 0.00073134, 0.00050491, 0.00034973, 0.00024253, 0.00016810, 0.00011628, 0.00008018, 0.00005505, 0.00003762, 0.00002558, 0.00001731, 0.00001167, 0.00000785, 0.00000528, 0.00000356, 0.00000243, 0.00000167, 0.00000116, 0.00000081, 0.00000057, 0.00000040, 0.00000027, 0.00000017, 0.00000011, 0.00000006, 0.00000003, 0.00000002, 0.00000000, -0.00000000, -0.00000000, -0.00000000, -0.00000000, -0.00000000, -0.00000000, -0.00000000, -0.00000000, -0.00000000, 0.00000000
0.67310115, 0.41180771, 0.28948374, 0.21792623, 0.17047127, 0.13649502, 0.11095581, 0.09113835, 0.07542936, 0.06279260, 0.05252023, 0.04410511, 0.03717056, 0.03142908, 0.02665687, 0.02267703, 0.01934824, 0.01655658, 0.01420962, 0.00791385, 0.00458429, 0.00275252, 0.00170686, 0.00108828, 0.00071002, 0.00047178, 0.00031788, 0.00021635, 0.00014822, 0.00010192, 0.00007014, 0.00004820, 0.00003299, 0.00002244, 0.00001513, 0.00001010, 0.00000665, 0.00000431, 0.00000274, 0.00000171, 0.00000104, 0.00000063, 0.00000037, 0.00000022, 0.00000013, 0.00000008, 0.00000005, 0.00000003, 0.00000001, 0.00000001, 0.00000000, 0.00000000, -0.00000000, -0.00000000, -0.00000000, -0.00000000, -0.00000000, -0.00000000, -0.00000000, -0.00000000, 0.00000000, 0.00000000, -0.00000000, 0.00000000
0.62303047, 0.37002065, 0.25656074, 0.19333938, 0.15321204, 0.12541340, 0.10492256, 0.08912086, 0.07652306, 0.06622838, 0.05765904, 0.05042614, 0.04425663, 0.03895163, 0.03436155, 0.03037074, 0.02688762, 0.02383829, 0.02116209, 0.01330292, 0.00850293, 0.00552542, 0.00365000, 0.00244726, 0.00166139, 0.00113890, 0.00078624, 0.00054527, 0.00037905, 0.00026362, 0.00018310, 0.00012681, 0.00008746, 0.00006000, 0.00004090, 0.00002768, 0.00001860, 0.00001240, 0.00000822, 0.00000543, 0.00000358, 0.00000237, 0.00000158, 0.00000107, 0.00000073, 0.00000050, 0.00000034, 0.00000022, 0.00000014, 0.00000008, 0.00000005, 0.00000002, 0.00000001, 0.00000000, -0.00000000, -0.00000000, -0.00000000, -0.00000000, -0.00000000, -0.00000000, -0.00000000, -0.00000000, -0.00000000, 0.00000000
0.63750544, 0.37307332, 0.25484711, 0.18965876, 0.14891564, 0.12118839, 0.10111606, 0.08589408, 0.07393200, 0.06426902, 0.05629377, 0.04959974, 0.04390607, 0.03901203, 0.03476982, 0.03106764, 0.02781891, 0.02495519, 0.02242137, 0.01482016, 0.00997119, 0.00681124, 0.00471316, 0.00329304, 0.00231500, 0.00163222, 0.00115110, 0.00081026, 0.00056833, 0.00039671, 0.00027533, 0.00018988, 0.00013009, 0.00008857, 0.00005997, 0.00004047, 0.00002728, 0.00001845, 0.00001258, 0.00000868, 0.00000609, 0.00000434, 0.00000312, 0.00000225, 0.00000160, 0.00000110, 0.00000073, 0.00000047, 0.00000033, 0.00000020, 0.00000012, 0.00000006, 0.00000002, 0.00000000, -0.00000001, -0.00000001, -0.00000001, -0.00000001, -0.00000001, -0.00000000, -0.00000000, -0.00000000, -0.00000000, 0.00000000
0.63454327, 0.38832892, 0.27701288, 0.21349032, 0.17178108, 0.14179649, 0.11891754, 0.10076031, 0.08596973, 0.07370959, 0.06342602, 0.05472951, 0.04733244, 0.04101403, 0.03559980, 0.03094880, 0.02694535, 0.02349340, 0.02051254, 0.01209918, 0.00730334, 0.00451342, 0.00285393, 0.00184232, 0.00121040, 0.00080669, 0.00054366, 0.00036946, 0.00025255, 0.00017328, 0.00011911, 0.00008191, 0.00005629, 0.00003861, 0.00002642, 0.00001804, 0.00001229, 0.00000836, 0.00000569, 0.00000388, 0.00000267, 0.00000185, 0.00000129, 0.00000092, 0.00000065, 0.00000047, 0.00000033, 0.00000023, 0.00000015, 0.00000010, 0.00000006, 0.00000003, 0.00000002, 0.00000001, -0.00000000, -0.00000000, -0.00000000, -0.00000000, -0.00000000, -0.00000000, -0.00000000, -0.00000000, -0.00000000, 0.00000000
0.57557469, 0.34780513, 0.24655686, 0.19024560, 0.15409048, 0.12843455, 0.10891494, 0.09334450, 0.08052980, 0.06976746, 0.06061118, 0.05275726, 0.04598561, 0.04012811, 0.03505089, 0.03064418, 0.02681600, 0.02348829, 0.02059414, 0.01231047, 0.00750463, 0.00467553, 0.00297740, 0.00193378, 0.00127678, 0.00085395, 0.00057666, 0.00039201, 0.00026759, 0.00018304, 0.00012523, 0.00008558, 0.00005834, 0.00003965, 0.00002685, 0.00001811, 0.00001218, 0.00000818, 0.00000549, 0.00000370, 0.00000251, 0.00000172, 0.00000119, 0.00000083, 0.00000058, 0.00000040, 0.00000027, 0.00000018, 0.00000012, 0.00000007, 0.00000004, 0.00000002, 0.00000001, 0.00000000, -0.00000000, -0.00000000, -0.00000000, -0.00000000, -0.00000000, -0.00000000, -0.00000000, -0.00000000, -0.00000000, 0.00000000
0.55443026, 0.32692717, 0.22734008, 0.17317293, 0.13941134, 0.11623531, 0.09914847, 0.08586487, 0.07512697, 0.06619682, 0.05861619, 0.05208542, 0.04639897, 0.04140941, 0.03700671, 0.03310575, 0.02963867, 0.02655003, 0.02379357, 0.01544986, 0.01012774, 0.00671955, 0.00451907, 0.00307772, 0.00211783, 0.00146841, 0.00102313, 0.00071461, 0.00049924, 0.00034818, 0.00024197, 0.00016730, 0.00011489, 0.00007825, 0.00005277, 0.00003520, 0.00002319, 0.00001507, 0.00000967, 0.00000612, 0.00000383, 0.00000239, 0.00000149, 0.00000094, 0.00000060, 0.00000039, 0.00000026, 0.00000016, 0.00000009, 0.00000005, 0.00000002, 0.00000001, 0.00000000, -0.00000000, -0.00000000, -0.00000000, -0.00000000, -0.00000000, -0.00000000, -0.00000000, -0.00000000, -0.00000000, -0.00000000, 0.00000000
0.53910667, 0.31458245, 0.21659727, 0.16383651, 0.13138533, 0.10938636, 0.09331406, 0.08087736, 0.07083078, 0.06245717, 0.05532190, 0.04914822, 0.04375093, 0.03899980, 0.03479869, 0.03107334, 0.02776416, 0.02482176, 0.02220420, 0.01430624, 0.00932066, 0.00615598, 0.00412500, 0.00280017, 0.00192060, 0.00132716, 0.00092140, 0.00064116, 0.00044624, 0.00031007, 0.00021477, 0.00014808, 0.00010150, 0.00006910, 0.00004668, 0.00003127, 0.00002077, 0.00001368, 0.00000895, 0.00000583, 0.00000380, 0.00000248, 0.00000163, 0.00000108, 0.00000072, 0.00000048, 0.00000031, 0.00000020, 0.00000012, 0.00000007, 0.00000004, 0.00000002, 0.00000000, -0.00000000, -0.00000000, -0.00000000, -0.00000000, -0.00000000, -0.00000000, -0.00000000, -0.00000000, -0.00000000, -0.00000000, 0.00000000
0.52857417, 0.32219070, 0.23335218, 0.18427629, 0.15230245, 0.12898743, 0.11069271, 0.09567481, 0.08301577, 0.07218404, 0.06284013, 0.05474594, 0.04772073, 0.04161895, 0.03631879, 0.03171589, 0.02771974, 0.02425134, 0.02124166, 0.01265926, 0.00771563, 0.00481785, 0.00308038, 0.00201107, 0.00133569, 0.00089899, 0.00061096, 0.00041790, 0.00028689, 0.00019718, 0.00013538, 0.00009266, 0.00006310, 0.00004267, 0.00002861, 0.00001898, 0.00001244, 0.00000804, 0.00000512, 0.00000321, 0.00000199, 0.00000122, 0.00000075, 0.00000046, 0.00000029, 0.00000019, 0.00000013, 0.00000008, 0.00000005, 0.00000003, 0.00000001, 0.00000001, 0.00000000, -0.00000000, -0.00000000, -0.00000000, -0.00000000, -0.00000000, -0.00000000, -0.00000000, -0.00000000, -0.00000000, -0.00000000, 0.00000000
0.54854703, 0.32212866, 0.22326741, 0.16967533, 0.13640222, 0.11366070, 0.09697047, 0.08405229, 0.07365055, 0.06502718, 0.05772323, 0.05143849, 0.04596735, 0.04116286, 0.03691598, 0.03314304, 0.02977796, 0.02676731, 0.02406698, 0.01581218, 0.01045329, 0.00696801, 0.00469113, 0.00318874, 0.00218500, 0.00150616, 0.00104216, 0.00072236, 0.00050065, 0.00034640, 0.00023892, 0.00016407, 0.00011207, 0.00007608, 0.00005131, 0.00003437, 0.00002289, 0.00001518, 0.00001005, 0.00000666, 0.00000444, 0.00000300, 0.00000204, 0.00000141, 0.00000097, 0.00000066, 0.00000044, 0.00000029, 0.00000019, 0.00000011, 0.00000006, 0.00000003, 0.00000001, 0.00000000, -0.00000000, -0.00000001, -0.00000001, -0.00000000, -0.00000000, -0.00000000, -0.00000000, -0.00000000, -0.00000000, 0.00000000
0.61071615, 0.35987183, 0.24771997, 0.18593045, 0.14727789, 0.12087324, 0.10162592, 0.08689082, 0.07518188, 0.06561091, 0.05761865, 0.05083651, 0.04501126, 0.03996223, 0.03555597, 0.03169074, 0.02828685, 0.02528028, 0.02261861, 0.01463915, 0.00960387, 0.00638247, 0.00429250, 0.00291475, 0.00199258, 0.00136751, 0.00093986, 0.00064550, 0.00044225, 0.00030182, 0.00020493, 0.00013832, 0.00009276, 0.00006179, 0.00004091, 0.00002695, 0.00001772, 0.00001166, 0.00000773, 0.00000518, 0.00000352, 0.00000243, 0.00000169, 0.00000116, 0.00000078, 0.00000050, 0.00000030, 0.00000016, 0.00000011, 0.00000006, 0.00000003, 0.00000001, -0.00000000, -0.00000000, -0.00000001, -0.00000001, -0.00000000, -0.00000000, -0.00000000, -0.00000000, -0.00000000, -0.00000000, -0.00000000, 0.00000000
0.51835321, 0.32812563, 0.24494756, 0.19598907, 0.16156933, 0.13493581, 0.11333149, 0.09542172, 0.08043559, 0.06785136, 0.05727361, 0.04838241, 0.04091072, 0.03463295, 0.02935805, 0.02492450, 0.02119609, 0.01805836, 0.01541536, 0.00836316, 0.00470006, 0.00273639, 0.00164697, 0.00102078, 0.00064848, 0.00042030, 0.00027673, 0.00018441, 0.00012396, 0.00008383, 0.00005689, 0.00003868, 0.00002629, 0.00001785, 0.00001209, 0.00000816, 0.00000549, 0.00000369, 0.00000247, 0.00000165, 0.00000111, 0.00000075, 0.00000051, 0.00000035, 0.00000024, 0.00000017, 0.00000012, 0.00000008, 0.00000005, 0.00000003, 0.00000002, 0.00000001, 0.00000000, 0.00000000, -0.00000000, -0.00000000, -0.00000000, -0.00000000, -0.00000000, -0.00000000, -0.00000000, -0.00000000, -0.00000000, 0.00000000
0.48876135, 0.27765297, 0.18926496, 0.14335970, 0.11579838, 0.09729818, 0.08375460, 0.07317740, 0.06453058, 0.05723956, 0.05096496, 0.04549274, 0.04067860, 0.03641890, 0.03263485, 0.02926384, 0.02625437, 0.02356302, 0.02115264, 0.01383349, 0.00914369, 0.00612600, 0.00416411, 0.00286714, 0.00199396, 0.00139633, 0.00098184, 0.00069155, 0.00048692, 0.00034214, 0.00023956, 0.00016693, 0.00011563, 0.00007954, 0.00005429, 0.00003674, 0.00002464, 0.00001639, 0.00001082, 0.00000709, 0.00000464, 0.00000304, 0.00000200, 0.00000132, 0.00000088, 0.00000059, 0.00000039, 0.00000025, 0.00000015, 0.00000009, 0.00000005, 0.00000002, 0.00000001, -0.00000000, -0.00000000, -0.00000001, -0.00000000, -0.00000000, -0.00000000, -0.00000000, -0.00000000, -0.00000000, -0.00000000, 0.00000000
0.61557928, 0.38864469, 0.28240902, 0.21882842, 0.17513225, 0.14263110, 0.11734454, 0.09715924, 0.08080382, 0.06743213, 0.05643731, 0.04736125, 0.03984678, 0.03360976, 0.02842143, 0.02409633, 0.02048335, 0.01745906, 0.01492237, 0.00817091, 0.00465324, 0.00274645, 0.00167310, 0.00104700, 0.00066985, 0.00043621, 0.00028799, 0.00019211, 0.00012908, 0.00008713, 0.00005895, 0.00003989, 0.00002695, 0.00001814, 0.00001214, 0.00000808, 0.00000533, 0.00000348, 0.00000226, 0.00000145, 0.00000092, 0.00000058, 0.00000037, 0.00000024, 0.00000015, 0.00000010, 0.00000007, 0.00000004, 0.00000002, 0.00000001, 0.00000001, 0.00000000, 0.00000000, -0.00000000, -0.00000000, -0.00000000, -0.00000000, -0.00000000, -0.00000000, -0.00000000, -0.00000000, -0.00000000, -0.00000000, 0.00000000
0.63316878, 0.37205770, 0.25553333, 0.19120716, 0.15083341, 0.12318097, 0.10301267, 0.08760313, 0.07541229, 0.06551067, 0.05730555, 0.05040068, 0.04451997, 0.03946401, 0.03508419, 0.03126668, 0.02792231, 0.02497978, 0.02238120, 0.01464120, 0.00975926, 0.00661141, 0.00454056, 0.00314990, 0.00219895, 0.00153963, 0.00107827, 0.00075378, 0.00052514, 0.00036417, 0.00025117, 0.00017221, 0.00011736, 0.00007953, 0.00005365, 0.00003609, 0.00002429, 0.00001642, 0.00001120, 0.00000773, 0.00000542, 0.00000386, 0.00000276, 0.00000197, 0.00000138, 0.00000093, 0.00000059, 0.00000037, 0.00000025, 0.00000015, 0.00000008, 0.00000004, 0.00000001, -0.00000000, -0.00000001, -0.00000001, -0.00000001, -0.00000001, -0.00000000, -0.00000000, -0.00000000, -0.00000000, -0.00000000, 0.00000000
0.53345229, 0.32261323, 0.22908990, 0.17746506, 0.14472465, 0.12177024, 0.10443362, 0.09061476, 0.07917909, 0.06947613, 0.06111075, 0.05382776, 0.04745138, 0.04185246, 0.03693035, 0.03260274, 0.02879989, 0.02546127, 0.02253352, 0.01394215, 0.00878027, 0.00564187, 0.00369827, 0.00246664, 0.00166797, 0.00113936, 0.00078357, 0.00054102, 0.00037411, 0.00025855, 0.00017827, 0.00012243, 0.00008363, 0.00005674, 0.00003820, 0.00002549, 0.00001685, 0.00001103, 0.00000716, 0.00000461, 0.00000296, 0.00000190, 0.00000122, 0.00000079, 0.00000052, 0.00000034, 0.00000022, 0.00000013, 0.00000008, 0.00000004, 0.00000002, 0.00000001, 0.00000000, -0.00000000, -0.00000000, -0.00000000, -0.00000000, -0.00000000, -0.00000000, -0.00000000, -0.00000000, -0.00000000, -0.00000000, 0.00000000
0.59141108, 0.34852664, 0.24159782, 0.18303443, 0.14641702, 0.12133459, 0.10296540, 0.08881789, 0.07749688, 0.06817053, 0.06031646, 0.05359166, 0.04776164, 0.04266012, 0.03816508, 0.03418417, 0.03064539, 0.02749119, 0.02467447, 0.01609505, 0.01057420, 0.00701000, 0.00469645, 0.00317940, 0.00217220, 0.00149506, 0.00103465, 0.00071866, 0.00050019, 0.00034836, 0.00024250, 0.00016859, 0.00011699, 0.00008101, 0.00005600, 0.00003867, 0.00002671, 0.00001849, 0.00001285, 0.00000900, 0.00000636, 0.00000454, 0.00000327, 0.00000237, 0.00000171, 0.00000122, 0.00000086, 0.00000059, 0.00000039, 0.00000025, 0.00000015, 0.00000008, 0.00000004, 0.00000001, -0.00000001, -0.00000001, -0.00000001, -0.00000001, -0.00000001, -0.00000000, -0.00000000, -0.00000000, -0.00000000, 0.00000000
0.45292488, 0.24077307, 0.15406934, 0.11216901, 0.08980979, 0.07669936, 0.06811435, 0.06178403, 0.05660617, 0.05205258, 0.04787844, 0.04397689, 0.04030591, 0.03685191, 0.03361191, 0.03058532, 0.02777040, 0.02516314, 0.02275719, 0.01506780, 0.00988616, 0.00649211, 0.00429218, 0.00286277, 0.00192580, 0.00130488, 0.00088900, 0.00060785, 0.00041638, 0.00028527, 0.00019519, 0.00013320, 0.00009055, 0.00006126, 0.00004122, 0.00002757, 0.00001833, 0.00001212, 0.00000799, 0.00000526, 0.00000347, 0.00000230, 0.00000154, 0.00000104, 0.00000070, 0.00000048, 0.00000032, 0.00000020, 0.00000013, 0.00000008, 0.00000004, 0.00000002, 0.00000001, -0.00000000, -0.00000000, -0.00000000, -0.00000000, -0.00000000, -0.00000000, -0.00000000, -0.00000000, -0.00000000, -0.00000000, 0.00000000
0.58960622, 0.36757873, 0.26585079, 0.20609048, 0.16543591, 0.13529449, 0.11182345, 0.09303320, 0.07775059, 0.06520434, 0.05484407, 0.04625446, 0.03911095, 0.03315448, 0.02817580, 0.02400461, 0.02050178, 0.01755328, 0.01506550, 0.00838820, 0.00485341, 0.00291114, 0.00180334, 0.00114764, 0.00074615, 0.00049307, 0.00032971, 0.00022226, 0.00015057, 0.00010225, 0.00006945, 0.00004709, 0.00003182, 0.00002140, 0.00001431, 0.00000950, 0.00000626, 0.00000410, 0.00000267, 0.00000173, 0.00000112, 0.00000073, 0.00000048, 0.00000032, 0.00000021, 0.00000014, 0.00000010, 0.00000006, 0.00000004, 0.00000002, 0.00000001, 0.00000001, 0.00000000, 0.00000000, -0.00000000, -0.00000000, -0.00000000, -0.00000000, -0.00000000, -0.00000000, -0.00000000, -0.00000000, -0.00000000, 0.00000000
0.51916494, 0.29846439, 0.20514984, 0.15580228, 0.12565406, 0.10519678, 0.09017871, 0.07849093, 0.06900153, 0.06106159, 0.05427622, 0.04839135, 0.04323460, 0.03868302, 0.03464495, 0.03104925, 0.02783895, 0.02496713, 0.02239438, 0.01455894, 0.00953243, 0.00630849, 0.00423028, 0.00287501, 0.00197781, 0.00137439, 0.00096248, 0.00067763, 0.00047857, 0.00033834, 0.00023900, 0.00016840, 0.00011817, 0.00008246, 0.00005714, 0.00003928, 0.00002676, 0.00001806, 0.00001208, 0.00000802, 0.00000529, 0.00000350, 0.00000233, 0.00000159, 0.00000111, 0.00000079, 0.00000057, 0.00000040, 0.00000025, 0.00000016, 0.00000009, 0.00000005, 0.00000002, 0.00000001, -0.00000000, -0.00000001, -0.00000001, -0.00000001, -0.00000000, -0.00000000, -0.00000000, -0.00000000, -0.00000000, 0.00000000
0.53924195, 0.32300652, 0.22868400, 0.17687035, 0.14382414, 0.12041779, 0.10258197, 0.08830434, 0.07650180, 0.06654392, 0.05803464, 0.05070597, 0.04436399, 0.03886010, 0.03407540, 0.02991163, 0.02628591, 0.02312733, 0.02037474, 0.01244702, 0.00778866, 0.00500016, 0.00329025, 0.00221149, 0.00151146, 0.00104570, 0.00072944, 0.00051131, 0.00035913, 0.00025216, 0.00017664, 0.00012321, 0.00008545, 0.00005882, 0.00004012, 0.00002709, 0.00001808, 0.00001191, 0.00000775, 0.00000497, 0.00000316, 0.00000200, 0.00000127, 0.00000082, 0.00000054, 0.00000036, 0.00000025, 0.00000017, 0.00000010, 0.00000006, 0.00000003, 0.00000002, 0.00000001, 0.00000000, -0.00000000, -0.00000000, -0.00000000, -0.00000000, -0.00000000, -0.00000000, -0.00000000, -0.00000000, -0.00000000, 0.00000000
0.53729999, 0.31530100, 0.22056262, 0.17001247, 0.13866637, 0.11692329, 0.10053954, 0.08745464, 0.07659102, 0.06734518, 0.05935447, 0.05238433, 0.04627131, 0.04089349, 0.03615455, 0.03197511, 0.02828778, 0.02503422, 0.02216339, 0.01371602, 0.00860758, 0.00549868, 0.00357968, 0.00237060, 0.00159189, 0.00108014, 0.00073813, 0.00050655, 0.00034825, 0.00023935, 0.00016417, 0.00011221, 0.00007632, 0.00005162, 0.00003468, 0.00002315, 0.00001535, 0.00001013, 0.00000666, 0.00000438, 0.00000289, 0.00000193, 0.00000130, 0.00000088, 0.00000061, 0.00000041, 0.00000028, 0.00000018, 0.00000012, 0.00000007, 0.00000004, 0.00000002, 0.00000001, 0.00000000, -0.00000000, -0.00000000, -0.00000000, -0.00000000, -0.00000000, -0.00000000, -0.00000000, -0.00000000, -0.00000000, 0.00000000
0.43731626, 0.23708675, 0.16211757, 0.12942980, 0.11224954, 0.10064200, 0.09097969, 0.08207166, 0.07362864, 0.06565724, 0.05823058, 0.05140994, 0.04522497, 0.03967495, 0.03473627, 0.03037032, 0.02653018, 0.02316545, 0.02022567, 0.01182825, 0.00704007, 0.00429279, 0.00268712, 0.00172404, 0.00112994, 0.00075349, 0.00050922, 0.00034751, 0.00023872, 0.00016463, 0.00011370, 0.00007847, 0.00005403, 0.00003705, 0.00002526, 0.00001711, 0.00001150, 0.00000766, 0.00000507, 0.00000333, 0.00000217, 0.00000142, 0.00000093, 0.00000062, 0.00000042, 0.00000029, 0.00000020, 0.00000014, 0.00000008, 0.00000005, 0.00000003, 0.00000001, 0.00000001, 0.00000000, -0.00000000, -0.00000000, -0.00000000, -0.00000000, -0.00000000, -0.00000000, -0.00000000, -0.00000000, -0.00000000, 0.00000000
0.63750544, 0.37307332, 0.25484711, 0.18965876, 0.14891564, 0.12118839, 0.10111606, 0.08589408, 0.07393200, 0.06426902, 0.05629377, 0.04959974, 0.04390607, 0.03901203, 0.03476982, 0.03106764, 0.02781891, 0.02495519, 0.02242137, 0.01482016, 0.00997119, 0.00681124, 0.00471316, 0.00329304, 0.00231500, 0.00163222, 0.00115110, 0.00081026, 0.00056833, 0.00039671, 0.00027533, 0.00018988, 0.00013009, 0.00008857, 0.00005997, 0.00004047, 0.00002728, 0.00001845, 0.00001258, 0.00000868, 0.00000609, 0.00000434, 0.00000312, 0.00000225, 0.00000160, 0.00000110, 0.00000073, 0.00000047, 0.00000033, 0.00000020, 0.00000012, 0.00000006, 0.00000002, 0.00000000, -0.00000001, -0.00000001, -0.00000001, -0.00000001, -0.00000001, -0.00000000, -0.00000000, -0.00000000, -0.00000000, 0.00000000
0.55588866, 0.33123816, 0.23257085, 0.17852271, 0.14439398, 0.12054679, 0.10262081, 0.08843243, 0.07679731, 0.06702631, 0.05869089, 0.05150678, 0.04527358, 0.03984208, 0.03509595, 0.03094117, 0.02729970, 0.02410549, 0.02130194, 0.01310814, 0.00819011, 0.00520526, 0.00336572, 0.00221017, 0.00146993, 0.00098720, 0.00066759, 0.00045339, 0.00030853, 0.00020992, 0.00014253, 0.00009641, 0.00006486, 0.00004333, 0.00002870, 0.00001883, 0.00001222, 0.00000784, 0.00000498, 0.00000313, 0.00000195, 0.00000122, 0.00000076, 0.00000048, 0.00000031, 0.00000019, 0.00000012, 0.00000007, 0.00000004, 0.00000002, 0.00000001, 0.00000000, 0.00000000, -0.00000000, -0.00000000, -0.00000000, -0.00000000, -0.00000000, -0.00000000, -0.00000000, -0.00000000, -0.00000000, -0.00000000, 0.00000000
0.46173240, 0.26330083, 0.18182165, 0.14051635, 0.11628058, 0.10020471, 0.08837080, 0.07892160, 0.07093486, 0.06393727, 0.05767821, 0.05201934, 0.04687913, 0.04220456, 0.03795662, 0.03410311, 0.03061509, 0.02746525, 0.02462737, 0.01589894, 0.01030215, 0.00674690, 0.00448146, 0.00301914, 0.00205909, 0.00141787, 0.00098304, 0.00068447, 0.00047751, 0.00033312, 0.00023196, 0.00016097, 0.00011117, 0.00007632, 0.00005202, 0.00003518, 0.00002359, 0.00001569, 0.00001036, 0.00000681, 0.00000446, 0.00000294, 0.00000195, 0.00000132, 0.00000090, 0.00000063, 0.00000043, 0.00000029, 0.00000018, 0.00000011, 0.00000006, 0.00000003, 0.00000001, 0.00000000, -0.00000000, -0.00000000, -0.00000000, -0.00000000, -0.00000000, -0.00000000, -0.00000000, -0.00000000, -0.00000000, 0.00000000
0.59070941, 0.35007762, 0.24324790, 0.18414258, 0.14682273, 0.12105288, 0.10207732, 0.08742590, 0.07570526, 0.06607662, 0.05800699, 0.05114153, 0.04523403, 0.04010718, 0.03562896, 0.03169810, 0.02823487, 0.02517500, 0.02246576, 0.01435283, 0.00926181, 0.00603830, 0.00397967, 0.00265076, 0.00178266, 0.00120880, 0.00082520, 0.00056622, 0.00038990, 0.00026903, 0.00018574, 0.00012813, 0.00008821, 0.00006053, 0.00004135, 0.00002810, 0.00001898, 0.00001274, 0.00000850, 0.00000564, 0.00000373, 0.00000246, 0.00000163, 0.00000108, 0.00000073, 0.00000049, 0.00000033, 0.00000021, 0.00000013, 0.00000007, 0.00000004, 0.00000002, 0.00000001, -0.00000000, -0.00000000, -0.00000000, -0.00000000, -0.00000000, -0.00000000, -0.00000000, -0.00000000, -0.00000000, -0.00000000, 0.00000000
0.49012495, 0.30535716, 0.22937759, 0.18664708, 0.15686778, 0.13344738, 0.11396033, 0.09737870, 0.08317055, 0.07098888, 0.06056245, 0.05165838, 0.04406999, 0.03761320, 0.03212519, 0.02746337, 0.02350400, 0.02014061, 0.01728213, 0.00953214, 0.00541187, 0.00316549, 0.00190470, 0.00117510, 0.00074036, 0.00047444, 0.00030808, 0.00020204, 0.00013342, 0.00008850, 0.00005883, 0.00003912, 0.00002598, 0.00001720, 0.00001135, 0.00000746, 0.00000488, 0.00000319, 0.00000208, 0.00000136, 0.00000089, 0.00000059, 0.00000040, 0.00000027, 0.00000019, 0.00000013, 0.00000009, 0.00000006, 0.00000004, 0.00000002, 0.00000001, 0.00000001, 0.00000000, 0.00000000, -0.00000000, -0.00000000, -0.00000000, -0.00000000, -0.00000000, -0.00000000, -0.00000000, -0.00000000, -0.00000000, 0.00000000
0.44547589, 0.26562205, 0.19692823, 0.16122745, 0.13733231, 0.11858959, 0.10275664, 0.08901428, 0.07700737, 0.06652796, 0.05741275, 0.04951297, 0.04268800, 0.03680595, 0.03174534, 0.02739629, 0.02366096, 0.02045326, 0.01769819, 0.01007261, 0.00588292, 0.00353423, 0.00218302, 0.00138221, 0.00089339, 0.00058690, 0.00039027, 0.00026173, 0.00017646, 0.00011927, 0.00008061, 0.00005435, 0.00003648, 0.00002433, 0.00001608, 0.00001052, 0.00000680, 0.00000434, 0.00000272, 0.00000169, 0.00000103, 0.00000062, 0.00000038, 0.00000023, 0.00000014, 0.00000009, 0.00000006, 0.00000004, 0.00000002, 0.00000001, 0.00000001, 0.00000000, 0.00000000, -0.00000000, -0.00000000, -0.00000000, -0.00000000, -0.00000000, -0.00000000, -0.00000000, -0.00000000, -0.00000000, -0.00000000, 0.00000000
0.59506721, 0.36340521, 0.25897503, 0.19986759, 0.16138004, 0.13385252, 0.11286614, 0.09616297, 0.08248241, 0.07106388, 0.06141478, 0.05319489, 0.04615560, 0.04010663, 0.03489695, 0.03040341, 0.02652364, 0.02317141, 0.02027344, 0.01204787, 0.00733156, 0.00457320, 0.00292241, 0.00190842, 0.00126912, 0.00085625, 0.00058401, 0.00040139, 0.00027722, 0.00019192, 0.00013291, 0.00009189, 0.00006332, 0.00004342, 0.00002960, 0.00002003, 0.00001344, 0.00000895, 0.00000591, 0.00000387, 0.00000253, 0.00000166, 0.00000109, 0.00000073, 0.00000050, 0.00000034, 0.00000024, 0.00000016, 0.00000010, 0.00000006, 0.00000003, 0.00000002, 0.00000001, 0.00000000, -0.00000000, -0.00000000, -0.00000000, -0.00000000, -0.00000000, -0.00000000, -0.00000000, -0.00000000, -0.00000000, 0.00000000
0.55470615, 0.32228941, 0.22152814, 0.16698266, 0.13308104, 0.10989841, 0.09291771, 0.07984010, 0.06939056, 0.06081029, 0.05361981, 0.04750001, 0.04222884, 0.03764567, 0.03363051, 0.03009121, 0.02695536, 0.02416498, 0.02167288, 0.01413257, 0.00929214, 0.00616872, 0.00414203, 0.00281331, 0.00193073, 0.00133646, 0.00093118, 0.00065172, 0.00045729, 0.00032110, 0.00022527, 0.00015766, 0.00010994, 0.00007629, 0.00005263, 0.00003607, 0.00002456, 0.00001661, 0.00001118, 0.00000750, 0.00000503, 0.00000340, 0.00000233, 0.00000162, 0.00000115, 0.00000082, 0.00000059, 0.00000041, 0.00000026, 0.00000017, 0.00000010, 0.00000005, 0.00000003, 0.00000001, -0.00000000, -0.00000001, -0.00000001, -0.00000001, -0.00000000, -0.00000000, -0.00000000, -0.00000000, -0.00000000, 0.00000000
0.50676914, 0.31425082, 0.23275839, 0.18691255, 0.15555058, 0.13141343, 0.11168035, 0.09510601, 0.08104001, 0.06906956, 0.05888563, 0.05023285, 0.04289091, 0.03666743, 0.03139470, 0.02692749, 0.02314101, 0.01992870, 0.01720016, 0.00977745, 0.00576977, 0.00352528, 0.00221878, 0.00142925, 0.00093645, 0.00062083, 0.00041472, 0.00027822, 0.00018694, 0.00012553, 0.00008409, 0.00005611, 0.00003724, 0.00002457, 0.00001610, 0.00001047, 0.00000677, 0.00000436, 0.00000280, 0.00000180, 0.00000117, 0.00000076, 0.00000050, 0.00000033, 0.00000022, 0.00000014, 0.00000008, 0.00000004, 0.00000003, 0.00000002, 0.00000001, 0.00000000, 0.00000000, -0.00000000, -0.00000000, -0.00000000, -0.00000000, -0.00000000, -0.00000000, -0.00000000, -0.00000000, -0.00000000, -0.00000000, 0.00000000
0.52350652, 0.32147195, 0.23302603, 0.18337502, 0.15048164, 0.12618236, 0.10699983, 0.09127326, 0.07811281, 0.06698078, 0.05751295, 0.04943865, 0.04254336, 0.03665039, 0.03161112, 0.02729930, 0.02360727, 0.02044321, 0.01772879, 0.01020447, 0.00603889, 0.00367473, 0.00229436, 0.00146377, 0.00094979, 0.00062403, 0.00041354, 0.00027551, 0.00018401, 0.00012292, 0.00008195, 0.00005443, 0.00003596, 0.00002361, 0.00001538, 0.00000994, 0.00000637, 0.00000406, 0.00000258, 0.00000164, 0.00000105, 0.00000068, 0.00000044, 0.00000029, 0.00000019, 0.00000012, 0.00000008, 0.00000005, 0.00000003, 0.00000002, 0.00000001, 0.00000000, 0.00000000, 0.00000000, -0.00000000, -0.00000000, -0.00000000, -0.00000000, -0.00000000, -0.00000000, -0.00000000, -0.00000000, -0.00000000, 0.00000000
0.55049058, 0.31812202, 0.21619766, 0.16105086, 0.12716042, 0.10440275, 0.08807459, 0.07574430, 0.06605232, 0.05819070, 0.05165466, 0.04611502, 0.04134879, 0.03719962, 0.03355437, 0.03032875, 0.02745826, 0.02489232, 0.02259042, 0.01547335, 0.01072030, 0.00750717, 0.00531115, 0.00378874, 0.00271778, 0.00195496, 0.00140664, 0.00101024, 0.00072292, 0.00051467, 0.00036406, 0.00025558, 0.00017787, 0.00012261, 0.00008365, 0.00005645, 0.00003767, 0.00002487, 0.00001627, 0.00001057, 0.00000685, 0.00000444, 0.00000290, 0.00000191, 0.00000127, 0.00000083, 0.00000053, 0.00000033, 0.00000020, 0.00000011, 0.00000006, 0.00000002, 0.00000000, -0.00000001, -0.00000001, -0.00000001, -0.00000001, -0.00000001, -0.00000000, -0.00000000, -0.00000000, -0.00000000, -0.00000000, 0.00000000
0.53345229, 0.32261323, 0.22908990, 0.17746506, 0.14472465, 0.12177024, 0.10443362, 0.09061476, 0.07917909, 0.06947613, 0.06111075, 0.05382776, 0.04745138, 0.04185246, 0.03693035, 0.03260274, 0.02879989, 0.02546127, 0.02253352, 0.01394215, 0.00878027, 0.00564187, 0.00369827, 0.00246664, 0.00166797, 0.00113936, 0.00078357, 0.00054102, 0.00037411, 0.00025855, 0.00017827, 0.00012243, 0.00008363, 0.00005674, 0.00003820, 0.00002549, 0.00001685, 0.00001103, 0.00000716, 0.00000461, 0.00000296, 0.00000190, 0.00000122, 0.00000079, 0.00000052, 0.00000034, 0.00000022, 0.00000013, 0.00000008, 0.00000004, 0.00000002, 0.00000001, 0.00000000, -0.00000000, -0.00000000, -0.00000000, -0.00000000, -0.00000000, -0.00000000, -0.00000000, -0.00000000, -0.00000000, -0.00000000, 0.00000000
0.55305079, 0.33320477, 0.23583227, 0.18170640, 0.14702994, 0.12253661, 0.10401183, 0.08932045, 0.07728534, 0.06720834, 0.05864660, 0.05130118, 0.04495842, 0.03945786, 0.03467398, 0.03050532, 0.02686796, 0.02369120, 0.02091480, 0.01284896, 0.00804348, 0.00513494, 0.00334119, 0.00221083, 0.00148315, 0.00100560, 0.00068709, 0.00047188, 0.00032503, 0.00022410, 0.00015441, 0.00010616, 0.00007274, 0.00004962, 0.00003367, 0.00002271, 0.00001522, 0.00001015, 0.00000673, 0.00000445, 0.00000295, 0.00000196, 0.00000131, 0.00000088, 0.00000060, 0.00000040, 0.00000027, 0.00000017, 0.00000011, 0.00000006, 0.00000003, 0.00000002, 0.00000001, -0.00000000, -0.00000000, -0.00000000, -0.00000000, -0.00000000, -0.00000000, -0.00000000, -0.00000000, -0.00000000, -0.00000000, 0.00000000
0.55769073, 0.33102922, 0.23133747, 0.17662119, 0.14204726, 0.11793340, 0.09988798, 0.08569659, 0.07414502, 0.06451730, 0.05636221, 0.04937745, 0.04334892, 0.03811752, 0.03356021, 0.02957877, 0.02609287, 0.02303559, 0.02035048, 0.01251608, 0.00781537, 0.00496606, 0.00321326, 0.00211360, 0.00140926, 0.00094946, 0.00064442, 0.00043946, 0.00030042, 0.00020549, 0.00014041, 0.00009572, 0.00006504, 0.00004401, 0.00002965, 0.00001990, 0.00001330, 0.00000888, 0.00000592, 0.00000396, 0.00000267, 0.00000181, 0.00000123, 0.00000084, 0.00000057, 0.00000038, 0.00000024, 0.00000015, 0.00000009, 0.00000005, 0.00000003, 0.00000001, 0.00000000, -0.00000000, -0.00000000, -0.00000000, -0.00000000, -0.00000000, -0.00000000, -0.00000000, -0.00000000, -0.00000000, -0.00000000, 0.00000000
0.58085266, 0.36144024, 0.26344098, 0.20690616, 0.16880832, 0.14056969, 0.11841110, 0.10042976, 0.08554749, 0.07308539, 0.06257607, 0.05367461, 0.04611344, 0.03967795, 0.03419226, 0.02951031, 0.02550979, 0.02208784, 0.01915764, 0.01102648, 0.00652285, 0.00396185, 0.00246577, 0.00156854, 0.00101699, 0.00067020, 0.00044770, 0.00030238, 0.00020601, 0.00014127, 0.00009731, 0.00006721, 0.00004647, 0.00003211, 0.00002214, 0.00001522, 0.00001042, 0.00000710, 0.00000482, 0.00000325, 0.00000219, 0.00000148, 0.00000100, 0.00000069, 0.00000048, 0.00000034, 0.00000024, 0.00000016, 0.00000010, 0.00000006, 0.00000004, 0.00000002, 0.00000001, 0.00000000, -0.00000000, -0.00000000, -0.00000000, -0.00000000, -0.00000000, -0.00000000, -0.00000000, -0.00000000, -0.00000000, 0.00000000
0.56675011, 0.33451896, 0.23057535, 0.17314394, 0.13712860, 0.11248861, 0.09451657, 0.08075750, 0.06982751, 0.06089747, 0.05344473, 0.04712486, 0.04170148, 0.03700616, 0.03291465, 0.02933228, 0.02618484, 0.02341266, 0.02096671, 0.01363937, 0.00901998, 0.00605597, 0.00412333, 0.00284161, 0.00197743, 0.00138606, 0.00097629, 0.00068950, 0.00048728, 0.00034397, 0.00024212, 0.00016966, 0.00011816, 0.00008166, 0.00005591, 0.00003787, 0.00002532, 0.00001669, 0.00001083, 0.00000691, 0.00000434, 0.00000269, 0.00000165, 0.00000101, 0.00000062, 0.00000039, 0.00000025, 0.00000015, 0.00000007, 0.00000003, 0.00000001, -0.00000000, -0.00000001, -0.00000001, -0.00000001, -0.00000000, -0.00000000, -0.00000000, -0.00000000, -0.00000000, 0.00000000, 0.00000000, 0.00000000, 0.00000000
0.51541798, 0.30227299, 0.21151835, 0.16287987, 0.13253623, 0.11140238, 0.09546712, 0.08277228, 0.07228200, 0.06340648, 0.05578456, 0.04917829, 0.04341957, 0.03838205, 0.03396589, 0.03008916, 0.02668287, 0.02368790, 0.02105305, 0.01331216, 0.00860431, 0.00569004, 0.00384294, 0.00263955, 0.00183495, 0.00128544, 0.00090420, 0.00063688, 0.00044822, 0.00031465, 0.00022003, 0.00015309, 0.00010589, 0.00007277, 0.00004965, 0.00003364, 0.00002264, 0.00001515, 0.00001009, 0.00000672, 0.00000448, 0.00000300, 0.00000203, 0.00000138, 0.00000094, 0.00000063, 0.00000042, 0.00000027, 0.00000017, 0.00000010, 0.00000006, 0.00000003, 0.00000001, -0.00000000, -0.00000000, -0.00000001, -0.00000000, -0.00000000, -0.00000000, -0.00000000, -0.00000000, -0.00000000, -0.00000000, 0.00000000
0.56291809, 0.33189666, 0.23009181, 0.17436700, 0.13951905, 0.11560812, 0.09804418, 0.08446849, 0.07356882, 0.06456732, 0.05697727, 0.05047902, 0.04485315, 0.03994270, 0.03563112, 0.03182884, 0.02846497, 0.02548200, 0.02283222, 0.01484395, 0.00977279, 0.00652180, 0.00441237, 0.00302122, 0.00208796, 0.00145220, 0.00101368, 0.00070844, 0.00049467, 0.00034446, 0.00023883, 0.00016463, 0.00011268, 0.00007649, 0.00005144, 0.00003425, 0.00002257, 0.00001473, 0.00000952, 0.00000612, 0.00000393, 0.00000253, 0.00000165, 0.00000109, 0.00000073, 0.00000048, 0.00000031, 0.00000020, 0.00000012, 0.00000007, 0.00000004, 0.00000002, 0.00000000, -0.00000000, -0.00000000, -0.00000000, -0.00000000, -0.00000000, -0.00000000, -0.00000000, -0.00000000, -0.00000000, -0.00000000, 0.00000000
0.48661588, 0.28567697, 0.20337114, 0.16071941, 0.13436862, 0.11567785, 0.10105587, 0.08889530, 0.07842908, 0.06926229, 0.06116949, 0.05400422, 0.04765800, 0.04204183, 0.03707794, 0.03269632, 0.02883320, 0.02543048, 0.02243543, 0.01368782, 0.00847056, 0.00533694, 0.00342571, 0.00223527, 0.00147762, 0.00098611, 0.00066226, 0.00044633, 0.00030116, 0.00020302, 0.00013649, 0.00009138, 0.00006085, 0.00004025, 0.00002643, 0.00001723, 0.00001115, 0.00000718, 0.00000461, 0.00000296, 0.00000191, 0.00000125, 0.00000082, 0.00000054, 0.00000035, 0.00000022, 0.00000013, 0.00000008, 0.00000005, 0.00000003, 0.00000001, 0.00000000, 0.00000000, -0.00000000, -0.00000000, -0.00000000, -0.00000000, -0.00000000, -0.00000000, -0.00000000, -0.00000000, -0.00000000, -0.00000000, 0.00000000
0.61312177, 0.38750503, 0.27957937, 0.21393092, 0.16861298, 0.13512704, 0.10943817, 0.08929931, 0.07329843, 0.06046971, 0.05011483, 0.04171082, 0.03485740, 0.02924385, 0.02462669, 0.02081383, 0.01765294, 0.01502263, 0.01282579, 0.00704231, 0.00405252, 0.00243216, 0.00151389, 0.00097078, 0.00063709, 0.00042538, 0.00028758, 0.00019608, 0.00013441, 0.00009239, 0.00006356, 0.00004368, 0.00002994, 0.00002045, 0.00001391, 0.00000941, 0.00000633, 0.00000424, 0.00000283, 0.00000189, 0.00000126, 0.00000084, 0.00000057, 0.00000038, 0.00000026, 0.00000018, 0.00000012, 0.00000008, 0.00000005, 0.00000003, 0.00000002, 0.00000001, 0.00000000, 0.00000000, -0.00000000, -0.00000000, -0.00000000, -0.00000000, -0.00000000, -0.00000000, -0.00000000, -0.00000000, -0.00000000, 0.00000000
0.63998942, 0.39132503, 0.27626841, 0.20946379, 0.16525937, 0.13355857, 0.10963384, 0.09096802, 0.07607779, 0.06401518, 0.05413432, 0.04597293, 0.03918762, 0.03351617, 0.02875418, 0.02473987, 0.02134370, 0.01846102, 0.01600668, 0.00927867, 0.00557829, 0.00346925, 0.00222398, 0.00146191, 0.00097991, 0.00066637, 0.00045775, 0.00031651, 0.00021967, 0.00015268, 0.00010606, 0.00007352, 0.00005079, 0.00003493, 0.00002389, 0.00001624, 0.00001097, 0.00000737, 0.00000492, 0.00000328, 0.00000218, 0.00000146, 0.00000098, 0.00000066, 0.00000045, 0.00000031, 0.00000021, 0.00000014, 0.00000009, 0.00000005, 0.00000003, 0.00000002, 0.00000001, 0.00000000, -0.00000000, -0.00000000, -0.00000000, -0.00000000, -0.00000000, -0.00000000, -0.00000000, -0.00000000, -0.00000000, 0.00000000
0.50304240, 0.27881888, 0.18288094, 0.13207858, 0.10156662, 0.08161048, 0.06771292, 0.05755042, 0.04982079, 0.04374758, 0.03884451, 0.03479459, 0.03138411, 0.02846481, 0.02593118, 0.02370645, 0.02173362, 0.01996954, 0.01838104, 0.01335904, 0.00981134, 0.00724491, 0.00536920, 0.00398875, 0.00296717, 0.00220784, 0.00164160, 0.00121848, 0.00090204, 0.00066545, 0.00048881, 0.00035726, 0.00025963, 0.00018751, 0.00013453, 0.00009586, 0.00006784, 0.00004772, 0.00003340, 0.00002331, 0.00001626, 0.00001139, 0.00000803, 0.00000573, 0.00000413, 0.00000300, 0.00000217, 0.00000152, 0.00000098, 0.00000062, 0.00000037, 0.00000019, 0.00000007, 0.00000000, -0.00000003, -0.00000005, -0.00000005, -0.00000004, -0.00000003, -0.00000002, -0.00000001, -0.00000000, -0.00000000, 0.00000000
0.57336573, 0.34242648, 0.24084603, 0.18451789, 0.14844677, 0.12298824, 0.10377950, 0.08861091, 0.07625772, 0.06598607, 0.05732439, 0.04995015, 0.04363041, 0.03818920, 0.03348866, 0.02941781, 0.02588540, 0.02281530, 0.02014333, 0.01243637, 0.00787148, 0.00510249, 0.00338042, 0.00228142, 0.00156275, 0.00108257, 0.00075596, 0.00053061, 0.00037344, 0.00026297, 0.00018492, 0.00012963, 0.00009044, 0.00006270, 0.00004313, 0.00002940, 0.00001983, 0.00001322, 0.00000871, 0.00000567, 0.00000365, 0.00000234, 0.00000151, 0.00000098, 0.00000065, 0.00000045, 0.00000031, 0.00000021, 0.00000012, 0.00000007, 0.00000004, 0.00000002, 0.00000001, 0.00000000, -0.00000000, -0.00000000, -0.00000000, -0.00000000, -0.00000000, -0.00000000, -0.00000000, -0.00000000, -0.00000000, 0.00000000
0.60457706, 0.35490417, 0.24410359, 0.18313984, 0.14499611, 0.11895806, 0.10002630, 0.08559387, 0.07418510, 0.06490950, 0.05720087, 0.05068309, 0.04509662, 0.04025631, 0.03602614, 0.03230347, 0.02900907, 0.02608043, 0.02346736, 0.01551302, 0.01034737, 0.00696325, 0.00473160, 0.00324570, 0.00224496, 0.00156310, 0.00109358, 0.00076737, 0.00053918, 0.00037877, 0.00026569, 0.00018589, 0.00012963, 0.00009004, 0.00006228, 0.00004292, 0.00002950, 0.00002024, 0.00001391, 0.00000960, 0.00000667, 0.00000469, 0.00000333, 0.00000239, 0.00000173, 0.00000124, 0.00000088, 0.00000060, 0.00000040, 0.00000026, 0.00000015, 0.00000008, 0.00000004, 0.00000001, -0.00000001, -0.00000001, -0.00000001, -0.00000001, -0.00000001, -0.00000000, -0.00000000, -0.00000000, -0.00000000, 0.00000000
0.48754925, 0.30323288, 0.22729179, 0.18427937, 0.15413973, 0.13041925, 0.11074672, 0.09410105, 0.07993474, 0.06787709, 0.05763259, 0.04894686, 0.04159582, 0.03538214, 0.03013346, 0.02570070, 0.02195602, 0.01879066, 0.01611253, 0.00890462, 0.00510023, 0.00302737, 0.00185770, 0.00117314, 0.00075842, 0.00049941, 0.00033345, 0.00022488, 0.00015270, 0.00010411, 0.00007112, 0.00004858, 0.00003313, 0.00002253, 0.00001526, 0.00001030, 0.00000691, 0.00000462, 0.00000308, 0.00000205, 0.00000137, 0.00000092, 0.00000062, 0.00000043, 0.00000029, 0.00000020, 0.00000014, 0.00000009, 0.00000006, 0.00000004, 0.00000002, 0.00000001, 0.00000001, 0.00000000, -0.00000000, -0.00000000, -0.00000000, -0.00000000, -0.00000000, -0.00000000, -0.00000000, -0.00000000, -0.00000000, 0.00000000
0.51010663, 0.32206851, 0.24064943, 0.19315155, 0.16003606, 0.13458710, 0.11403459, 0.09702131, 0.08276229, 0.07073483, 0.06055377, 0.05191691, 0.04457854, 0.03833519, 0.03301674, 0.02848038, 0.02460595, 0.02129231, 0.01845424, 0.01059846, 0.00625624, 0.00379266, 0.00235674, 0.00149681, 0.00096848, 0.00063631, 0.00042321, 0.00028414, 0.00019210, 0.00013047, 0.00008885, 0.00006055, 0.00004122, 0.00002800, 0.00001894, 0.00001275, 0.00000853, 0.00000566, 0.00000374, 0.00000245, 0.00000160, 0.00000105, 0.00000069, 0.00000046, 0.00000031, 0.00000021, 0.00000015, 0.00000010, 0.00000006, 0.00000004, 0.00000002, 0.00000001, 0.00000000, 0.00000000, -0.00000000, -0.00000000, -0.00000000, -0.00000000, -0.00000000, -0.00000000, -0.00000000, -0.00000000, -0.00000000, 0.00000000
0.58316753, 0.35754040, 0.25595049, 0.19795340, 0.15969662, 0.13200904, 0.11073884, 0.09376254, 0.07987778, 0.06834059, 0.05865388, 0.05046370, 0.04350501, 0.03757170, 0.03249907, 0.02815293, 0.02442248, 0.02121538, 0.01845419, 0.01073226, 0.00639949, 0.00391817, 0.00246291, 0.00158575, 0.00104213, 0.00069634, 0.00047133, 0.00032208, 0.00022155, 0.00015302, 0.00010591, 0.00007331, 0.00005069, 0.00003496, 0.00002403, 0.00001646, 0.00001123, 0.00000763, 0.00000517, 0.00000351, 0.00000238, 0.00000163, 0.00000112, 0.00000078, 0.00000055, 0.00000038, 0.00000027, 0.00000018, 0.00000012, 0.00000007, 0.00000004, 0.00000002, 0.00000001, 0.00000000, -0.00000000, -0.00000000, -0.00000000, -0.00000000, -0.00000000, -0.00000000, -0.00000000, -0.00000000, -0.00000000, 0.00000000
0.53513309, 0.31929143, 0.22520134, 0.17369181, 0.14105356, 0.11813365, 0.10082302, 0.08707211, 0.07576891, 0.06626343, 0.05814820, 0.05115038, 0.04507583, 0.03977905, 0.03514614, 0.03108501, 0.02751930, 0.02438461, 0.02162596, 0.01352544, 0.00860662, 0.00558013, 0.00368437, 0.00247044, 0.00167603, 0.00114632, 0.00078788, 0.00054269, 0.00037376, 0.00025688, 0.00017588, 0.00011978, 0.00008103, 0.00005437, 0.00003616, 0.00002381, 0.00001551, 0.00001001, 0.00000639, 0.00000406, 0.00000257, 0.00000163, 0.00000103, 0.00000066, 0.00000042, 0.00000026, 0.00000016, 0.00000009, 0.00000005, 0.00000003, 0.00000001, 0.00000000, -0.00000000, -0.00000000, -0.00000000, -0.00000000, -0.00000000, -0.00000000, -0.00000000, -0.00000000, -0.00000000, -0.00000000, -0.00000000, 0.00000000
0.51475474, 0.30728337, 0.21575157, 0.16574757, 0.13450043, 0.11296021, 0.09695285, 0.08436128, 0.07403666, 0.06532062, 0.05781649, 0.05127272, 0.04552081, 0.04044120, 0.03594407, 0.03195835, 0.02842530, 0.02529483, 0.02252315, 0.01423645, 0.00910897, 0.00591949, 0.00391125, 0.00262379, 0.00178207, 0.00122161, 0.00084262, 0.00058318, 0.00040401, 0.00027953, 0.00019278, 0.00013227, 0.00009013, 0.00006088, 0.00004070, 0.00002688, 0.00001751, 0.00001124, 0.00000709, 0.00000441, 0.00000270, 0.00000164, 0.00000099, 0.00000061, 0.00000038, 0.00000024, 0.00000015, 0.00000009, 0.00000005, 0.00000003, 0.00000001, 0.00000000, -0.00000000, -0.00000000, -0.00000000, -0.00000000, -0.00000000, -0.00000000, -0.00000000, -0.00000000, -0.00000000, -0.00000000, 0.00000000, 0.00000000
0.51906333, 0.29787267, 0.20340355, 0.15295629, 0.12203025, 0.10113888, 0.08596871, 0.07433334, 0.06503218, 0.05736271, 0.05089123, 0.04533695, 0.04050993, 0.03627632, 0.03253817, 0.02922124, 0.02626744, 0.02363009, 0.02127076, 0.01403789, 0.00933178, 0.00625547, 0.00423524, 0.00289917, 0.00200709, 0.00140451, 0.00099222, 0.00070638, 0.00050570, 0.00036320, 0.00026106, 0.00018731, 0.00013383, 0.00009495, 0.00006673, 0.00004630, 0.00003163, 0.00002119, 0.00001388, 0.00000885, 0.00000548, 0.00000329, 0.00000193, 0.00000114, 0.00000070, 0.00000048, 0.00000035, 0.00000025, 0.00000011, 0.00000006, 0.00000003, 0.00000001, 0.00000000, -0.00000000, -0.00000000, -0.00000000, -0.00000000, -0.00000000, -0.00000000, -0.00000000, -0.00000000, -0.00000000, -0.00000000, 0.00000000
0.57982577, 0.34640884, 0.24240769, 0.18467952, 0.14798678, 0.12240574, 0.10336698, 0.08852013, 0.07654811, 0.06665859, 0.05834491, 0.05126534, 0.04517838, 0.03990642, 0.03531432, 0.03129637, 0.02776792, 0.02466000, 0.02191549, 0.01380418, 0.00881004, 0.00570611, 0.00375477, 0.00250806, 0.00169705, 0.00116015, 0.00079913, 0.00055322, 0.00038401, 0.00026672, 0.00018502, 0.00012797, 0.00008811, 0.00006032, 0.00004100, 0.00002764, 0.00001848, 0.00001224, 0.00000804, 0.00000525, 0.00000341, 0.00000222, 0.00000146, 0.00000097, 0.00000066, 0.00000045, 0.00000030, 0.00000020, 0.00000012, 0.00000007, 0.00000004, 0.00000002, 0.00000001, 0.00000000, -0.00000000, -0.00000000, -0.00000000, -0.00000000, -0.00000000, -0.00000000, -0.00000000, -0.00000000, -0.00000000, 0.00000000
0.56247858, 0.34252956, 0.24617006, 0.19253239, 0.15768603, 0.13252386, 0.11302106, 0.09719953, 0.08399629, 0.07278940, 0.06318270, 0.05490223, 0.04774433, 0.04154857, 0.03618322, 0.03153716, 0.02751508, 0.02403445, 0.02102354, 0.01246620, 0.00756632, 0.00470460, 0.00299321, 0.00194330, 0.00128310, 0.00085860, 0.00058039, 0.00039517, 0.00027029, 0.00018529, 0.00012703, 0.00008693, 0.00005926, 0.00004018, 0.00002705, 0.00001805, 0.00001192, 0.00000778, 0.00000502, 0.00000319, 0.00000201, 0.00000126, 0.00000079, 0.00000050, 0.00000033, 0.00000022, 0.00000015, 0.00000010, 0.00000005, 0.00000003, 0.00000002, 0.00000001, 0.00000000, 0.00000000, -0.00000000, -0.00000000, -0.00000000, -0.00000000, -0.00000000, -0.00000000, -0.00000000, -0.00000000, -0.00000000, 0.00000000
0.57545878, 0.33588471, 0.23004539, 0.17227662, 0.13641907, 0.11209083, 0.09446569, 0.08104475, 0.07042673, 0.06177482, 0.05456254, 0.04844344, 0.04318031, 0.03860482, 0.03459365, 0.03105378, 0.02791324, 0.02511505, 0.02261317, 0.01497119, 0.00998842, 0.00671621, 0.00455542, 0.00311634, 0.00214803, 0.00148966, 0.00103773, 0.00072501, 0.00050725, 0.00035494, 0.00024811, 0.00017310, 0.00012046, 0.00008358, 0.00005783, 0.00003991, 0.00002751, 0.00001896, 0.00001311, 0.00000912, 0.00000640, 0.00000454, 0.00000326, 0.00000236, 0.00000172, 0.00000125, 0.00000089, 0.00000062, 0.00000042, 0.00000027, 0.00000016, 0.00000009, 0.00000004, 0.00000001, -0.00000000, -0.00000001, -0.00000001, -0.00000001, -0.00000001, -0.00000000, -0.00000000, -0.00000000, -0.00000000, 0.00000000
0.68334806, 0.39787660, 0.26976917, 0.19899308, 0.15480112, 0.12486034, 0.10335127, 0.08720459, 0.07466325, 0.06465567, 0.05649425, 0.04971901, 0.04401122, 0.03914331, 0.03494856, 0.03130203, 0.02810821, 0.02529281, 0.02279715, 0.01528299, 0.01041856, 0.00719658, 0.00502806, 0.00354530, 0.00251628, 0.00179306, 0.00127977, 0.00091298, 0.00064981, 0.00046070, 0.00032489, 0.00022763, 0.00015827, 0.00010910, 0.00007451, 0.00005040, 0.00003376, 0.00002243, 0.00001479, 0.00000973, 0.00000640, 0.00000424, 0.00000284, 0.00000193, 0.00000132, 0.00000089, 0.00000059, 0.00000038, 0.00000024, 0.00000014, 0.00000007, 0.00000003, 0.00000001, -0.00000001, -0.00000001, -0.00000001, -0.00000001, -0.00000001, -0.00000000, -0.00000000, -0.00000000, -0.00000000, -0.00000000, 0.00000000
0.53613005, 0.34016012, 0.24825767, 0.19227746, 0.15315489, 0.12380404, 0.10096279, 0.08283643, 0.06829045, 0.05653534, 0.04698780, 0.03920155, 0.03282836, 0.02759349, 0.02327866, 0.01970977, 0.01674749, 0.01428004, 0.01221746, 0.00677748, 0.00395217, 0.00240887, 0.00152438, 0.00099391, 0.00066281, 0.00044924, 0.00030790, 0.00021253, 0.00014726, 0.00010217, 0.00007081, 0.00004894, 0.00003367, 0.00002302, 0.00001562, 0.00001051, 0.00000700, 0.00000462, 0.00000301, 0.00000195, 0.00000125, 0.00000081, 0.00000052, 0.00000034, 0.00000023, 0.00000016, 0.00000011, 0.00000007, 0.00000005, 0.00000003, 0.00000002, 0.00000001, 0.00000000, 0.00000000, 0.00000000, -0.00000000, -0.00000000, -0.00000000, -0.00000000, -0.00000000, -0.00000000, -0.00000000, -0.00000000, 0.00000000
0.61330061, 0.37064849, 0.26138706, 0.19941654, 0.15900554, 0.13017717, 0.10836870, 0.09122116, 0.07738703, 0.06602918, 0.05658974, 0.04867509, 0.04199475, 0.03632687, 0.03149758, 0.02736801, 0.02382568, 0.02077847, 0.01815036, 0.01076496, 0.00655643, 0.00409750, 0.00262272, 0.00171309, 0.00113699, 0.00076368, 0.00051724, 0.00035221, 0.00024052, 0.00016439, 0.00011226, 0.00007649, 0.00005195, 0.00003514, 0.00002366, 0.00001586, 0.00001059, 0.00000706, 0.00000470, 0.00000314, 0.00000211, 0.00000143, 0.00000097, 0.00000067, 0.00000046, 0.00000031, 0.00000020, 0.00000013, 0.00000008, 0.00000005, 0.00000003, 0.00000001, 0.00000000, 0.00000000, -0.00000000, -0.00000000, -0.00000000, -0.00000000, -0.00000000, -0.00000000, -0.00000000, -0.00000000, -0.00000000, 0.00000000
0.58316753, 0.35754040, 0.25595049, 0.19795340, 0.15969662, 0.13200904, 0.11073884, 0.09376254, 0.07987778, 0.06834059, 0.05865388, 0.05046370, 0.04350501, 0.03757170, 0.03249907, 0.02815293, 0.02442248, 0.02121538, 0.01845419, 0.01073226, 0.00639949, 0.00391817, 0.00246291, 0.00158575, 0.00104213, 0.00069634, 0.00047133, 0.00032208, 0.00022155, 0.00015302, 0.00010591, 0.00007331, 0.00005069, 0.00003496, 0.00002403, 0.00001646, 0.00001123, 0.00000763, 0.00000517, 0.00000351, 0.00000238, 0.00000163, 0.00000112, 0.00000078, 0.00000055, 0.00000038, 0.00000027, 0.00000018, 0.00000012, 0.00000007, 0.00000004, 0.00000002, 0.00000001, 0.00000000, -0.00000000, -0.00000000, -0.00000000, -0.00000000, -0.00000000, -0.00000000, -0.00000000, -0.00000000, -0.00000000, 0.00000000
0.54950710, 0.33989539, 0.24604987, 0.19250507, 0.15701476, 0.13109578, 0.11095345, 0.09467634, 0.08119945, 0.06987248, 0.06026389, 0.05206597, 0.04504627, 0.03902143, 0.03384234, 0.02938527, 0.02554621, 0.02223698, 0.01938247, 0.01133905, 0.00678280, 0.00414915, 0.00259278, 0.00165150, 0.00106932, 0.00070181, 0.00046560, 0.00031145, 0.00020956, 0.00014153, 0.00009576, 0.00006479, 0.00004377, 0.00002947, 0.00001976, 0.00001317, 0.00000873, 0.00000574, 0.00000375, 0.00000244, 0.00000158, 0.00000103, 0.00000067, 0.00000044, 0.00000030, 0.00000020, 0.00000014, 0.00000009, 0.00000005, 0.00000003, 0.00000002, 0.00000001, 0.00000000, 0.00000000, -0.00000000, -0.00000000, -0.00000000, -0.00000000, -0.00000000, -0.00000000, -0.00000000, -0.00000000, -0.00000000, 0.00000000
0.53797018, 0.34920781, 0.26228143, 0.20863088, 0.16986569, 0.13965085, 0.11529945, 0.09540167, 0.07905882, 0.06561336, 0.05454646, 0.04543484, 0.03792937, 0.03174167, 0.02663418, 0.02241177, 0.01891470, 0.01601246, 0.01359856, 0.00729672, 0.00410565, 0.00241305, 0.00147371, 0.00092925, 0.00060104, 0.00039643, 0.00026528, 0.00017934, 0.00012206, 0.00008339, 0.00005704, 0.00003899, 0.00002658, 0.00001804, 0.00001218, 0.00000816, 0.00000543, 0.00000358, 0.00000234, 0.00000152, 0.00000099, 0.00000064, 0.00000042, 0.00000028, 0.00000019, 0.00000013, 0.00000009, 0.00000006, 0.00000004, 0.00000002, 0.00000001, 0.00000001, 0.00000000, 0.00000000, -0.00000000, -0.00000000, -0.00000000, -0.00000000, -0.00000000, -0.00000000, -0.00000000, -0.00000000, -0.00000000, 0.00000000
0.56650985, 0.35515626, 0.26018704, 0.20501294, 0.16743261, 0.13925537, 0.11693779, 0.09872210, 0.08361278, 0.07097196, 0.06034716, 0.05139332, 0.04383504, 0.03744681, 0.03204137, 0.02746227, 0.02357842, 0.02027990, 0.01747450, 0.00983727, 0.00572172, 0.00343500, 0.00212138, 0.00134092, 0.00086295, 0.00056274, 0.00037037, 0.00024523, 0.00016293, 0.00010839, 0.00007209, 0.00004788, 0.00003174, 0.00002100, 0.00001387, 0.00000916, 0.00000607, 0.00000404, 0.00000272, 0.00000186, 0.00000129, 0.00000091, 0.00000065, 0.00000046, 0.00000032, 0.00000022, 0.00000014, 0.00000009, 0.00000006, 0.00000004, 0.00000002, 0.00000001, 0.00000001, 0.00000000, -0.00000000, -0.00000000, -0.00000000, -0.00000000, -0.00000000, -0.00000000, -0.00000000, -0.00000000, -0.00000000, 0.00000000
0.47309635, 0.26583728, 0.18129209, 0.13826407, 0.11276253, 0.09572103, 0.08320476, 0.07334495, 0.06519089, 0.05822822, 0.05216052, 0.04680498, 0.04204038, 0.03778042, 0.03395957, 0.03052545, 0.02743452, 0.02464962, 0.02213845, 0.01442699, 0.00943348, 0.00622189, 0.00415463, 0.00281135, 0.00192606, 0.00133341, 0.00093065, 0.00065327, 0.00046015, 0.00032457, 0.00022881, 0.00016094, 0.00011276, 0.00007859, 0.00005441, 0.00003738, 0.00002546, 0.00001719, 0.00001150, 0.00000763, 0.00000504, 0.00000333, 0.00000221, 0.00000149, 0.00000103, 0.00000072, 0.00000051, 0.00000034, 0.00000021, 0.00000013, 0.00000007, 0.00000004, 0.00000001, 0.00000000, -0.00000000, -0.00000001, -0.00000001, -0.00000000, -0.00000000, -0.00000000, -0.00000000, -0.00000000, -0.00000000, 0.00000000
0.60081676, 0.38694818, 0.28685523, 0.22502850, 0.18089095, 0.14708384, 0.12032251, 0.09881046, 0.08138878, 0.06722298, 0.05567410, 0.04623791, 0.03851115, 0.03216962, 0.02695218, 0.02264840, 0.01908861, 0.01613597, 0.01367995, 0.00727387, 0.00403540, 0.00232639, 0.00138780, 0.00085262, 0.00053688, 0.00034491, 0.00022513, 0.00014876, 0.00009918, 0.00006654, 0.00004481, 0.00003022, 0.00002037, 0.00001371, 0.00000919, 0.00000613, 0.00000407, 0.00000268, 0.00000176, 0.00000115, 0.00000075, 0.00000049, 0.00000032, 0.00000021, 0.00000014, 0.00000010, 0.00000007, 0.00000004, 0.00000003, 0.00000002, 0.00000001, 0.00000000, 0.00000000, 0.00000000, -0.00000000, -0.00000000, -0.00000000, -0.00000000, -0.00000000, -0.00000000, -0.00000000, -0.00000000, -0.00000000, 0.00000000
0.59207690, 0.34970974, 0.24232988, 0.18327421, 0.14618380, 0.12064842, 0.10185573, 0.08732778, 0.07568081, 0.06608967, 0.05803387, 0.05116835, 0.04525385, 0.04011757, 0.03563020, 0.03169182, 0.02822316, 0.02515987, 0.02244877, 0.01435641, 0.00929846, 0.00610680, 0.00407089, 0.00275258, 0.00188436, 0.00130292, 0.00090756, 0.00063525, 0.00044575, 0.00031288, 0.00021924, 0.00015306, 0.00010627, 0.00007324, 0.00005002, 0.00003379, 0.00002253, 0.00001481, 0.00000958, 0.00000610, 0.00000382, 0.00000236, 0.00000146, 0.00000090, 0.00000058, 0.00000038, 0.00000026, 0.00000016, 0.00000009, 0.00000005, 0.00000002, 0.00000001, 0.00000000, -0.00000000, -0.00000000, -0.00000000, -0.00000000, -0.00000000, -0.00000000, -0.00000000, -0.00000000, -0.00000000, -0.00000000, 0.00000000
0.60623749, 0.36031838, 0.25049088, 0.18958344, 0.15103966, 0.12435125, 0.10464392, 0.08939370, 0.07717981, 0.06714654, 0.05874805, 0.05161839, 0.04550117, 0.04020978, 0.03560377, 0.03157438, 0.02803539, 0.02491702, 0.02216192, 0.01399264, 0.00893596, 0.00577673, 0.00378362, 0.00250959, 0.00168320, 0.00113942, 0.00077690, 0.00053252, 0.00036630, 0.00025246, 0.00017412, 0.00012005, 0.00008268, 0.00005686, 0.00003905, 0.00002679, 0.00001838, 0.00001264, 0.00000873, 0.00000607, 0.00000427, 0.00000303, 0.00000218, 0.00000158, 0.00000114, 0.00000083, 0.00000059, 0.00000040, 0.00000027, 0.00000018, 0.00000011, 0.00000006, 0.00000003, 0.00000001, -0.00000000, -0.00000001, -0.00000001, -0.00000001, -0.00000000, -0.00000000, -0.00000000, -0.00000000, -0.00000000, 0.00000000
0.52492391, 0.30014774, 0.20353489, 0.15183041, 0.12021719, 0.09901771, 0.08379250, 0.07226756, 0.06317991, 0.05578242, 0.04960965, 0.04435857, 0.03982405, 0.03586232, 0.03236933, 0.02926757, 0.02649771, 0.02401327, 0.02177699, 0.01482182, 0.01015114, 0.00699374, 0.00484998, 0.00338498, 0.00237600, 0.00167551, 0.00118558, 0.00084074, 0.00059678, 0.00042356, 0.00030028, 0.00021245, 0.00014988, 0.00010538, 0.00007382, 0.00005150, 0.00003580, 0.00002481, 0.00001717, 0.00001188, 0.00000825, 0.00000576, 0.00000406, 0.00000289, 0.00000207, 0.00000149, 0.00000106, 0.00000074, 0.00000048, 0.00000031, 0.00000018, 0.00000010, 0.00000004, 0.00000001, -0.00000001, -0.00000002, -0.00000002, -0.00000001, -0.00000001, -0.00000001, -0.00000000, -0.00000000, -0.00000000, 0.00000000
0.53396990, 0.32276502, 0.23216613, 0.18217544, 0.14960964, 0.12591639, 0.10742904, 0.09237878, 0.07981478, 0.06916949, 0.06006953, 0.05224808, 0.04550192, 0.03966923, 0.03461728, 0.03023520, 0.02642927, 0.02311977, 0.02023861, 0.01201271, 0.00725297, 0.00446350, 0.00280151, 0.00179111, 0.00116378, 0.00076643, 0.00051024, 0.00034251, 0.00023132, 0.00015687, 0.00010663, 0.00007255, 0.00004934, 0.00003352, 0.00002273, 0.00001539, 0.00001040, 0.00000702, 0.00000475, 0.00000322, 0.00000220, 0.00000151, 0.00000105, 0.00000074, 0.00000052, 0.00000037, 0.00000026, 0.00000017, 0.00000011, 0.00000007, 0.00000004, 0.00000002, 0.00000001, 0.00000000, -0.00000000, -0.00000000, -0.00000000, -0.00000000, -0.00000000, -0.00000000, -0.00000000, -0.00000000, -0.00000000, 0.00000000
0.70046700, 0.41015949, 0.27982635, 0.20761797, 0.16234564, 0.13151976, 0.10925122, 0.09243531, 0.07929537, 0.06874819, 0.06009892, 0.05288265, 0.04677705, 0.04155168, 0.03703730, 0.03310668, 0.02966211, 0.02662715, 0.02394099, 0.01586780, 0.01068658, 0.00729413, 0.00503974, 0.00351794, 0.00247471, 0.00174970, 0.00124025, 0.00087936, 0.00062237, 0.00043889, 0.00030787, 0.00021450, 0.00014822, 0.00010145, 0.00006869, 0.00004596, 0.00003036, 0.00001980, 0.00001275, 0.00000813, 0.00000514, 0.00000324, 0.00000204, 0.00000129, 0.00000081, 0.00000050, 0.00000030, 0.00000016, 0.00000009, 0.00000004, 0.00000001, -0.00000001, -0.00000001, -0.00000001, -0.00000001, -0.00000001, -0.00000000, -0.00000000, -0.00000000, -0.00000000, 0.00000000, 0.00000000, 0.00000000, 0.00000000
0.58223845, 0.36688417, 0.26644843, 0.20581176, 0.16375744, 0.13237743, 0.10804101, 0.08876434, 0.07330468, 0.06080548, 0.05063967, 0.04233133, 0.03551165, 0.02989120, 0.02524107, 0.02137916, 0.01816002, 0.01546700, 0.01320623, 0.00722559, 0.00412127, 0.00244371, 0.00150031, 0.00094843, 0.00061371, 0.00040428, 0.00026985, 0.00018179, 0.00012320, 0.00008377, 0.00005702, 0.00003877, 0.00002630, 0.00001777, 0.00001195, 0.00000799, 0.00000531, 0.00000351, 0.00000231, 0.00000151, 0.00000099, 0.00000065, 0.00000043, 0.00000029, 0.00000019, 0.00000013, 0.00000008, 0.00000005, 0.00000003, 0.00000002, 0.00000001, 0.00000001, 0.00000000, 0.00000000, -0.00000000, -0.00000000, -0.00000000, -0.00000000, -0.00000000, -0.00000000, -0.00000000, -0.00000000, -0.00000000, 0.00000000
0.59557988, 0.36075992, 0.25564315, 0.19635377, 0.15795028, 0.13071093, 0.11015767, 0.09397100, 0.08083609, 0.06995055, 0.06079306, 0.05300611, 0.04633281, 0.04058116, 0.03560280, 0.03128001, 0.02751733, 0.02423604, 0.02137033, 0.01305562, 0.00810732, 0.00511649, 0.00328019, 0.00213414, 0.00140716, 0.00093882, 0.00063276, 0.00043016, 0.00029452, 0.00020281, 0.00014029, 0.00009737, 0.00006775, 0.00004722, 0.00003295, 0.00002300, 0.00001607, 0.00001123, 0.00000786, 0.00000551, 0.00000388, 0.00000274, 0.00000194, 0.00000138, 0.00000099, 0.00000071, 0.00000050, 0.00000035, 0.00000023, 0.00000014, 0.00000009, 0.00000005, 0.00000002, 0.00000001, -0.00000000, -0.00000000, -0.00000001, -0.00000000, -0.00000000, -0.00000000, -0.00000000, -0.00000000, -0.00000000, 0.00000000
0.54521082, 0.31520728, 0.21499253, 0.16074221, 0.12717918, 0.10440196, 0.08786485, 0.07523934, 0.06522985, 0.05706584, 0.05026241, 0.04449911, 0.03955479, 0.03527092, 0.03153001, 0.02824244, 0.02533818, 0.02276132, 0.02046647, 0.01353553, 0.00908275, 0.00618537, 0.00427512, 0.00299382, 0.00211851, 0.00151039, 0.00108196, 0.00077692, 0.00055810, 0.00040041, 0.00028654, 0.00020429, 0.00014498, 0.00010235, 0.00007184, 0.00005012, 0.00003477, 0.00002400, 0.00001651, 0.00001133, 0.00000779, 0.00000538, 0.00000374, 0.00000262, 0.00000186, 0.00000132, 0.00000092, 0.00000063, 0.00000041, 0.00000025, 0.00000015, 0.00000008, 0.00000003, 0.00000001, -0.00000001, -0.00000001, -0.00000001, -0.00000001, -0.00000001, -0.00000000, -0.00000000, -0.00000000, -0.00000000, 0.00000000
0.48865202, 0.27270406, 0.18185247, 0.13476531, 0.10693090, 0.08878395, 0.07598375, 0.06635680, 0.05873597, 0.05245981, 0.04713598, 0.04252187, 0.03846116, 0.03484881, 0.03161114, 0.02869418, 0.02605672, 0.02366605, 0.02149535, 0.01465975, 0.01002724, 0.00690047, 0.00478830, 0.00334992, 0.00235920, 0.00166902, 0.00118361, 0.00083979, 0.00059516, 0.00042073, 0.00029634, 0.00020778, 0.00014493, 0.00010052, 0.00006932, 0.00004754, 0.00003245, 0.00002208, 0.00001501, 0.00001022, 0.00000698, 0.00000481, 0.00000333, 0.00000232, 0.00000161, 0.00000110, 0.00000074, 0.00000047, 0.00000030, 0.00000018, 0.00000010, 0.00000004, 0.00000001, -0.00000000, -0.00000001, -0.00000001, -0.00000001, -0.00000001, -0.00000000, -0.00000000, -0.00000000, -0.00000000, -0.00000000, 0.00000000
0.53729999, 0.31530100, 0.22056262, 0.17001247, 0.13866637, 0.11692329, 0.10053954, 0.08745464, 0.07659102, 0.06734518, 0.05935447, 0.05238433, 0.04627131, 0.04089349, 0.03615455, 0.03197511, 0.02828778, 0.02503422, 0.02216339, 0.01371602, 0.00860758, 0.00549868, 0.00357968, 0.00237060, 0.00159189, 0.00108014, 0.00073813, 0.00050655, 0.00034825, 0.00023935, 0.00016417, 0.00011221, 0.00007632, 0.00005162, 0.00003468, 0.00002315, 0.00001535, 0.00001013, 0.00000666, 0.00000438, 0.00000289, 0.00000193, 0.00000130, 0.00000088, 0.00000061, 0.00000041, 0.00000028, 0.00000018, 0.00000012, 0.00000007, 0.00000004, 0.00000002, 0.00000001, 0.00000000, -0.00000000, -0.00000000, -0.00000000, -0.00000000, -0.00000000, -0.00000000, -0.00000000, -0.00000000, -0.00000000, 0.00000000
0.61727965, 0.36537543, 0.25298494, 0.19083654, 0.15170327, 0.12476989, 0.10499792, 0.08977075, 0.07761531, 0.06764742, 0.05930700, 0.05222224, 0.04613565, 0.04086207, 0.03626365, 0.03223463, 0.02869165, 0.02556748, 0.02280686, 0.01458347, 0.00946099, 0.00623642, 0.00418167, 0.00285009, 0.00197045, 0.00137813, 0.00097225, 0.00068996, 0.00049127, 0.00035017, 0.00024936, 0.00017709, 0.00012522, 0.00008804, 0.00006146, 0.00004256, 0.00002920, 0.00001986, 0.00001338, 0.00000895, 0.00000596, 0.00000397, 0.00000266, 0.00000182, 0.00000127, 0.00000090, 0.00000064, 0.00000045, 0.00000028, 0.00000017, 0.00000010, 0.00000005, 0.00000002, 0.00000000, -0.00000000, -0.00000001, -0.00000001, -0.00000001, -0.00000000, -0.00000000, -0.00000000, -0.00000000, -0.00000000, 0.00000000
0.59424281, 0.35365619, 0.24708101, 0.18807999, 0.15061609, 0.12449039, 0.10502071, 0.08980724, 0.07751136, 0.06733205, 0.05875976, 0.05145211, 0.04516758, 0.03972834, 0.03499859, 0.03087140, 0.02726049, 0.02409487, 0.02131521, 0.01319668, 0.00830959, 0.00533103, 0.00348459, 0.00231510, 0.00155804, 0.00105837, 0.00072338, 0.00049612, 0.00034067, 0.00023378, 0.00016009, 0.00010929, 0.00007431, 0.00005030, 0.00003391, 0.00002277, 0.00001526, 0.00001023, 0.00000688, 0.00000466, 0.00000318, 0.00000220, 0.00000154, 0.00000108, 0.00000075, 0.00000051, 0.00000034, 0.00000022, 0.00000015, 0.00000009, 0.00000005, 0.00000003, 0.00000001, 0.00000000, -0.00000000, -0.00000000, -0.00000000, -0.00000000, -0.00000000, -0.00000000, -0.00000000, -0.00000000, -0.00000000, 0.00000000
0.55394963, 0.33370592, 0.23532371, 0.18060284, 0.14565182, 0.12108370, 0.10260713, 0.08803916, 0.07617087, 0.06628166, 0.05791247, 0.05075265, 0.04458044, 0.03923018, 0.03457334, 0.03050731, 0.02694823, 0.02382646, 0.02108341, 0.01307062, 0.00823807, 0.00528709, 0.00345568, 0.00229544, 0.00154469, 0.00104955, 0.00071778, 0.00049275, 0.00033874, 0.00023271, 0.00015947, 0.00010884, 0.00007388, 0.00004981, 0.00003332, 0.00002210, 0.00001453, 0.00000947, 0.00000613, 0.00000395, 0.00000255, 0.00000165, 0.00000108, 0.00000072, 0.00000048, 0.00000033, 0.00000022, 0.00000014, 0.00000009, 0.00000005, 0.00000003, 0.00000002, 0.00000001, 0.00000000, -0.00000000, -0.00000000, -0.00000000, -0.00000000, -0.00000000, -0.00000000, -0.00000000, -0.00000000, -0.00000000, 0.00000000
0.47433497, 0.28936487, 0.21686388, 0.17695981, 0.14886445, 0.12636816, 0.10742775, 0.09125005, 0.07741852, 0.06562990, 0.05562002, 0.04714720, 0.03999139, 0.03395579, 0.02886765, 0.02457763, 0.02095817, 0.01790125, 0.01531597, 0.00838109, 0.00474064, 0.00277220, 0.00167342, 0.00103928, 0.00066129, 0.00042923, 0.00028302, 0.00018885, 0.00012710, 0.00008603, 0.00005840, 0.00003967, 0.00002690, 0.00001818, 0.00001223, 0.00000816, 0.00000540, 0.00000355, 0.00000230, 0.00000148, 0.00000095, 0.00000060, 0.00000038, 0.00000025, 0.00000016, 0.00000011, 0.00000007, 0.00000005, 0.00000003, 0.00000002, 0.00000001, 0.00000000, 0.00000000, 0.00000000, -0.00000000, -0.00000000, -0.00000000, -0.00000000, -0.00000000, -0.00000000, -0.00000000, -0.00000000, -0.00000000, 0.00000000
0.53848524, 0.32866039, 0.23874712, 0.18918328, 0.15680904, 0.13307867, 0.11435956, 0.09893206, 0.08589568, 0.07472676, 0.06508658, 0.05673364, 0.04948195, 0.04318038, 0.03770196, 0.03293793, 0.02879429, 0.02518936, 0.02205212, 0.01310884, 0.00795528, 0.00494442, 0.00314802, 0.00204730, 0.00135440, 0.00090755, 0.00061358, 0.00041717, 0.00028444, 0.00019404, 0.00013219, 0.00008978, 0.00006070, 0.00004082, 0.00002728, 0.00001812, 0.00001196, 0.00000785, 0.00000514, 0.00000337, 0.00000222, 0.00000148, 0.00000099, 0.00000068, 0.00000046, 0.00000032, 0.00000021, 0.00000014, 0.00000009, 0.00000006, 0.00000003, 0.00000002, 0.00000001, 0.00000000, -0.00000000, -0.00000000, -0.00000000, -0.00000000, -0.00000000, -0.00000000, -0.00000000, -0.00000000, -0.00000000, 0.00000000
0.53809033, 0.32283972, 0.22712061, 0.17409187, 0.14040145, 0.11686141, 0.09925614, 0.08543479, 0.07420557, 0.06486016, 0.05695020, 0.05017505, 0.04432239, 0.03923524, 0.03479297, 0.03090000, 0.02747865, 0.02446465, 0.02180403, 0.01392087, 0.00903505, 0.00595712, 0.00398282, 0.00269118, 0.00183116, 0.00125069, 0.00085524, 0.00058430, 0.00039820, 0.00027037, 0.00018272, 0.00012284, 0.00008215, 0.00005467, 0.00003625, 0.00002401, 0.00001594, 0.00001065, 0.00000721, 0.00000497, 0.00000349, 0.00000249, 0.00000180, 0.00000130, 0.00000091, 0.00000062, 0.00000040, 0.00000025, 0.00000018, 0.00000011, 0.00000007, 0.00000004, 0.00000002, 0.00000000, -0.00000000, -0.00000000, -0.00000000, -0.00000000, -0.00000000, -0.00000000, -0.00000000, -0.00000000, -0.00000000, 0.00000000
0.55459587, 0.32037371, 0.21861246, 0.16372095, 0.12990532, 0.10703786, 0.09046033, 0.07778928, 0.06770591, 0.05943388, 0.05249155, 0.04656588, 0.04144445, 0.03697716, 0.03305395, 0.02959121, 0.02652351, 0.02379818, 0.02137191, 0.01399704, 0.00925253, 0.00617482, 0.00416577, 0.00284426, 0.00196634, 0.00137600, 0.00097356, 0.00069522, 0.00050000, 0.00036128, 0.00026162, 0.00018940, 0.00013673, 0.00009819, 0.00006998, 0.00004938, 0.00003441, 0.00002363, 0.00001596, 0.00001059, 0.00000690, 0.00000444, 0.00000285, 0.00000185, 0.00000125, 0.00000089, 0.00000066, 0.00000047, 0.00000026, 0.00000015, 0.00000009, 0.00000004, 0.00000002, 0.00000000, -0.00000001, -0.00000001, -0.00000001, -0.00000001, -0.00000000, -0.00000000, -0.00000000, -0.00000000, -0.00000000, 0.00000000
0.50354562, 0.28703614, 0.19373038, 0.14428668, 0.11448309, 0.09474993, 0.08068776, 0.07006136, 0.06165021, 0.05474922, 0.04893116, 0.04392578, 0.03955496, 0.03569650, 0.03226320, 0.02919043, 0.02642856, 0.02393824, 0.02168742, 0.01466129, 0.00994646, 0.00678549, 0.00466384, 0.00323010, 0.00225181, 0.00157755, 0.00110863, 0.00078013, 0.00054879, 0.00038535, 0.00026971, 0.00018793, 0.00013020, 0.00008961, 0.00006121, 0.00004148, 0.00002787, 0.00001858, 0.00001230, 0.00000810, 0.00000533, 0.00000352, 0.00000235, 0.00000158, 0.00000108, 0.00000074, 0.00000050, 0.00000033, 0.00000020, 0.00000012, 0.00000007, 0.00000003, 0.00000001, -0.00000000, -0.00000001, -0.00000001, -0.00000001, -0.00000001, -0.00000000, -0.00000000, -0.00000000, -0.00000000, -0.00000000, 0.00000000
0.59935172, 0.37348186, 0.27010622, 0.21009734, 0.16983009, 0.14023788, 0.11723651, 0.09874026, 0.08355958, 0.07094522, 0.06038341, 0.05149748, 0.04399746, 0.03765265, 0.03227554, 0.02771164, 0.02383267, 0.02053151, 0.01771850, 0.01001787, 0.00583931, 0.00350782, 0.00216631, 0.00136943, 0.00088186, 0.00057587, 0.00037981, 0.00025216, 0.00016802, 0.00011210, 0.00007473, 0.00004969, 0.00003290, 0.00002167, 0.00001419, 0.00000923, 0.00000597, 0.00000384, 0.00000246, 0.00000158, 0.00000102, 0.00000066, 0.00000043, 0.00000028, 0.00000018, 0.00000011, 0.00000007, 0.00000004, 0.00000002, 0.00000001, 0.00000001, 0.00000000, 0.00000000, -0.00000000, -0.00000000, -0.00000000, -0.00000000, -0.00000000, -0.00000000, -0.00000000, -0.00000000, -0.00000000, -0.00000000, 0.00000000
0.48839376, 0.28671337, 0.20735293, 0.16705142, 0.14155881, 0.12249792, 0.10676592, 0.09316480, 0.08120239, 0.07064453, 0.06134614, 0.05318972, 0.04606532, 0.03986609, 0.03448894, 0.02983643, 0.02581829, 0.02235247, 0.01936545, 0.01103787, 0.00643277, 0.00384600, 0.00235946, 0.00148174, 0.00094909, 0.00061761, 0.00040677, 0.00027022, 0.00018050, 0.00012091, 0.00008102, 0.00005419, 0.00003611, 0.00002392, 0.00001573, 0.00001025, 0.00000661, 0.00000422, 0.00000267, 0.00000167, 0.00000104, 0.00000065, 0.00000041, 0.00000027, 0.00000018, 0.00000012, 0.00000008, 0.00000005, 0.00000003, 0.00000002, 0.00000001, 0.00000001, 0.00000000, 0.00000000, -0.00000000, -0.00000000, -0.00000000, -0.00000000, -0.00000000, -0.00000000, -0.00000000, -0.00000000, -0.00000000, 0.00000000
0.54444923, 0.32384532, 0.22568655, 0.17170706, 0.13776605, 0.11430083, 0.09691373, 0.08336270, 0.07240958, 0.06332284, 0.05564333, 0.04906646, 0.04337968, 0.03842788, 0.03409334, 0.03028383, 0.02692512, 0.02395628, 0.02132644, 0.01350679, 0.00865349, 0.00561626, 0.00369410, 0.00245884, 0.00165217, 0.00111772, 0.00075943, 0.00051709, 0.00035216, 0.00023950, 0.00016244, 0.00010975, 0.00007381, 0.00004938, 0.00003286, 0.00002177, 0.00001438, 0.00000949, 0.00000628, 0.00000418, 0.00000281, 0.00000191, 0.00000131, 0.00000090, 0.00000062, 0.00000041, 0.00000026, 0.00000016, 0.00000011, 0.00000006, 0.00000003, 0.00000002, 0.00000000, -0.00000000, -0.00000000, -0.00000000, -0.00000000, -0.00000000, -0.00000000, -0.00000000, -0.00000000, -0.00000000, -0.00000000, 0.00000000
