0.01000000, 0.01500000, 0.02000000, 0.02500000, 0.03000000, 0.03500000, 0.04000000, 0.04500000, 0.05000000, 0.05500000, 0.06000000, 0.06500000, 0.07000000, 0.07500000, 0.08000000, 0.08500000, 0.09000000, 0.09500000, 0.10000000, 0.12000000, 0.14000000, 0.16000000, 0.18000000, 0.20000000, 0.22000000, 0.24000000, 0.26000000, 0.28000000, 0.30000000, 0.32000000, 0.34000000, 0.36000000, 0.38000000, 0.40000000, 0.42000000, 0.44000000, 0.46000000, 0.48000000, 0.50000000, 0.52000000, 0.54000000, 0.56000000, 0.58000000, 0.60000000, 0.62000000, 0.64000000, 0.66000000, 0.68000000, 0.70000000, 0.72000000, 0.74000000, 0.76000000, 0.78000000, 0.80000000, 0.82000000, 0.84000000, 0.86000000, 0.88000000, 0.90000000, 0.92000000, 0.94000000, 0.96000000, 0.98000000, 1.00000000
-0.00070376, -0.00032833, -0.00015317, -0.00005123, 0.00001575, 0.00006363, 0.00010039, 0.00012967, 0.00015362, 0.00017378, 0.00019121, 0.00020665, 0.00022054, 0.00023318, 0.00024477, 0.00025548, 0.00026545, 0.00027481, 0.00028366, 0.00031533, 0.00034247, 0.00036527, 0.00038322, 0.00039555, 0.00040146, 0.00040020, 0.00039133, 0.00037491, 0.00035153, 0.00032231, 0.00028875, 0.00025257, 0.00021555, 0.00017931, 0.00014526, 0.00011445, 0.00008758, 0.00006496, 0.00004662, 0.00003230, 0.00002155, 0.00001383, 0.00000852, 0.00000506, 0.00000291, 0.00000165, 0.00000092, 0.00000050, 0.00000025, 0.00000007, -0.00000005, -0.00000012, -0.00000013, -0.00000010, -0.00000003, 0.00000005, 0.00000010, 0.00000011, 0.00000006, -0.00000002, -0.00000007, -0.00000006, 0.00000001, 0.00000000
-0.00083657, -0.00043007, -0.00024683, -0.00014465, -0.00008081, -0.00003762, -0.00000635, 0.00001702, 0.00003484, 0.00004879, 0.00006006, 0.00006937, 0.00007718, 0.00008379, 0.00008942, 0.00009425, 0.00009844, 0.00010211, 0.00010538, 0.00011587, 0.00012390, 0.00013036, 0.00013557, 0.00013957, 0.00014214, 0.00014293, 0.00014158, 0.00013787, 0.00013175, 0.00012340, 0.00011313, 0.00010142, 0.00008882, 0.00007588, 0.00006318, 0.00005118, 0.00004028, 0.00003074, 0.00002270, 0.00001617, 0.00001109, 0.00000731, 0.00000461, 0.00000279, 0.00000162, 0.00000092, 0.00000051, 0.00000028, 0.00000014, 0.00000005, -0.00000001, -0.00000005, -0.00000006, -0.00000005, -0.00000002, 0.00000002, 0.00000005, 0.00000005, 0.00000003, -0.00000000, -0.00000004, -0.00000003, 0.00000000, 0.00000000
0.00206604, 0.00133669, 0.00100332, 0.00081483, 0.00069607, 0.00061517, 0.00055587, 0.00051136, 0.00047745, 0.00045089, 0.00042936, 0.00041143, 0.00039629, 0.00038344, 0.00037250, 0.00036311, 0.00035497, 0.00034778, 0.00034129, 0.00031918, 0.00029948, 0.00028002, 0.00025934, 0.00023660, 0.00021184, 0.00018578, 0.00015942, 0.00013372, 0.00010948, 0.00008732, 0.00006768, 0.00005081, 0.00003682, 0.00002565, 0.00001708, 0.00001081, 0.00000646, 0.00000360, 0.00000186, 0.00000087, 0.00000036, 0.00000011, -0.00000001, -0.00000008, -0.00000013, -0.00000016, -0.00000017, -0.00000014, -0.00000009, -0.00000002, 0.00000005, 0.00000010, 0.00000011, 0.00000009, 0.00000003, -0.00000003, -0.00000008, -0.00000009, -0.00000005, 0.00000001, 0.00000006, 0.00000005, -0.00000001, 0.00000000
0.00104814, 0.00066958, 0.00050361, 0.00041452, 0.00036185, 0.00032853, 0.00030608, 0.00029097, 0.00028101, 0.00027452, 0.00027033, 0.00026775, 0.00026643, 0.00026615, 0.00026675, 0.00026808, 0.00026998, 0.00027232, 0.00027500, 0.00028767, 0.00030216, 0.00031747, 0.00033215, 0.00034459, 0.00035345, 0.00035772, 0.00035658, 0.00034946, 0.00033610, 0.00031672, 0.00029200, 0.00026308, 0.00023139, 0.00019851, 0.00016596, 0.00013507, 0.00010691, 0.00008217, 0.00006122, 0.00004414, 0.00003071, 0.00002056, 0.00001321, 0.00000811, 0.00000475, 0.00000265, 0.00000141, 0.00000072, 0.00000036, 0.00000017, 0.00000007, 0.00000002, -0.00000001, -0.00000002, -0.00000002, 0.00000000, 0.00000002, 0.00000003, 0.00000002, -0.00000000, -0.00000002, -0.00000002, 0.00000000, 0.00000000
-0.00177315, -0.00097280, -0.00060848, -0.00040255, -0.00027183, -0.00018169, -0.00011478, -0.00006344, -0.00002311, 0.00000957, 0.00003696, 0.00006053, 0.00008115, 0.00009936, 0.00011558, 0.00013013, 0.00014332, 0.00015541, 0.00016660, 0.00020521, 0.00023664, 0.00026177, 0.00028079, 0.00029375, 0.00030041, 0.00030042, 0.00029368, 0.00028052, 0.00026177, 0.00023859, 0.00021239, 0.00018461, 0.00015660, 0.00012956, 0.00010443, 0.00008190, 0.00006239, 0.00004608, 0.00003292, 0.00002270, 0.00001507, 0.00000963, 0.00000593, 0.00000353, 0.00000207, 0.00000121, 0.00000071, 0.00000041, 0.00000021, 0.00000005, -0.00000006, -0.00000013, -0.00000014, -0.00000011, -0.00000003, 0.00000005, 0.00000011, 0.00000011, 0.00000006, -0.00000002, -0.00000008, -0.00000007, 0.00000001, 0.00000000
-0.00236840, -0.00131453, -0.00083571, -0.00056561, -0.00039453, -0.00027682, -0.00018963, -0.00012285, -0.00007049, -0.00002813, 0.00000730, 0.00003772, 0.00006427, 0.00008766, 0.00010840, 0.00012694, 0.00014367, 0.00015892, 0.00017297, 0.00022071, 0.00025852, 0.00028774, 0.00030901, 0.00032280, 0.00032915, 0.00032790, 0.00031909, 0.00030325, 0.00028141, 0.00025498, 0.00022555, 0.00019473, 0.00016401, 0.00013465, 0.00010763, 0.00008364, 0.00006306, 0.00004602, 0.00003244, 0.00002201, 0.00001436, 0.00000900, 0.00000543, 0.00000319, 0.00000187, 0.00000111, 0.00000069, 0.00000042, 0.00000021, 0.00000004, -0.00000009, -0.00000018, -0.00000019, -0.00000014, -0.00000004, 0.00000007, 0.00000014, 0.00000015, 0.00000008, -0.00000002, -0.00000010, -0.00000009, 0.00000001, 0.00000000
0.00103269, 0.00079717, 0.00069424, 0.00063963, 0.00060854, 0.00058993, 0.00057826, 0.00057155, 0.00056844, 0.00056772, 0.00056856, 0.00057054, 0.00057348, 0.00057729, 0.00058187, 0.00058711, 0.00059291, 0.00059914, 0.00060571, 0.00063432, 0.00066524, 0.00069642, 0.00072469, 0.00074670, 0.00075954, 0.00076095, 0.00074934, 0.00072396, 0.00068511, 0.00063418, 0.00057355, 0.00050630, 0.00043584, 0.00036556, 0.00029844, 0.00023690, 0.00018259, 0.00013643, 0.00009864, 0.00006885, 0.00004629, 0.00002989, 0.00001851, 0.00001097, 0.00000624, 0.00000342, 0.00000181, 0.00000093, 0.00000044, 0.00000015, -0.00000003, -0.00000013, -0.00000015, -0.00000011, -0.00000003, 0.00000006, 0.00000012, 0.00000013, 0.00000007, -0.00000002, -0.00000009, -0.00000008, 0.00000002, 0.00000000
0.00356169, 0.00224478, 0.00163867, 0.00129300, 0.00107277, 0.00092067, 0.00080771, 0.00072159, 0.00065478, 0.00060142, 0.00055740, 0.00052020, 0.00048837, 0.00046098, 0.00043736, 0.00041688, 0.00039900, 0.00038320, 0.00036906, 0.00032369, 0.00029004, 0.00026431, 0.00024343, 0.00022489, 0.00020735, 0.00019035, 0.00017374, 0.00015736, 0.00014105, 0.00012471, 0.00010841, 0.00009237, 0.00007697, 0.00006263, 0.00004970, 0.00003844, 0.00002896, 0.00002123, 0.00001514, 0.00001048, 0.00000701, 0.00000449, 0.00000272, 0.00000151, 0.00000072, 0.00000024, -0.00000001, -0.00000010, -0.00000008, -0.00000001, 0.00000007, 0.00000013, 0.00000014, 0.00000010, 0.00000003, -0.00000004, -0.00000010, -0.00000011, -0.00000007, 0.00000001, 0.00000007, 0.00000007, -0.00000000, 0.00000000
0.00096698, 0.00068174, 0.00055420, 0.00048430, 0.00044224, 0.00041514, 0.00039649, 0.00038373, 0.00037522, 0.00036959, 0.00036591, 0.00036363, 0.00036246, 0.00036224, 0.00036285, 0.00036414, 0.00036600, 0.00036829, 0.00037092, 0.00038343, 0.00039756, 0.00041180, 0.00042425, 0.00043302, 0.00043666, 0.00043416, 0.00042495, 0.00040883, 0.00038604, 0.00035730, 0.00032378, 0.00028698, 0.00024857, 0.00021023, 0.00017345, 0.00013948, 0.00010920, 0.00008312, 0.00006141, 0.00004395, 0.00003041, 0.00002028, 0.00001300, 0.00000798, 0.00000468, 0.00000261, 0.00000139, 0.00000071, 0.00000035, 0.00000016, 0.00000006, 0.00000001, -0.00000001, -0.00000002, -0.00000001, 0.00000000, 0.00000002, 0.00000002, 0.00000001, -0.00000000, -0.00000002, -0.00000001, 0.00000000, 0.00000000
-0.00038044, -0.00021349, -0.00013846, -0.00009667, -0.00007068, -0.00005317, -0.00004051, -0.00003112, -0.00002408, -0.00001866, -0.00001437, -0.00001091, -0.00000813, -0.00000592, -0.00000421, -0.00000291, -0.00000197, -0.00000133, -0.00000095, -0.00000137, -0.00000434, -0.00000942, -0.00001604, -0.00002349, -0.00003118, -0.00003852, -0.00004501, -0.00005015, -0.00005357, -0.00005504, -0.00005452, -0.00005216, -0.00004825, -0.00004321, -0.00003747, -0.00003147, -0.00002560, -0.00002014, -0.00001531, -0.00001123, -0.00000791, -0.00000535, -0.00000344, -0.00000210, -0.00000121, -0.00000065, -0.00000033, -0.00000015, -0.00000007, -0.00000004, -0.00000002, -0.00000001, -0.00000001, 0.00000000, 0.00000000, 0.00000001, 0.00000000, 0.00000000, -0.00000000, -0.00000000, -0.00000000, 0.00000000, -0.00000000, 0.00000000
0.00090394, 0.00062558, 0.00050439, 0.00043991, 0.00040233, 0.00037891, 0.00036341, 0.00035326, 0.00034683, 0.00034285, 0.00034047, 0.00033921, 0.00033882, 0.00033917, 0.00034013, 0.00034158, 0.00034343, 0.00034556, 0.00034791, 0.00035849, 0.00037005, 0.00038160, 0.00039160, 0.00039845, 0.00040082, 0.00039768, 0.00038829, 0.00037230, 0.00034985, 0.00032163, 0.00028888, 0.00025316, 0.00021624, 0.00017983, 0.00014544, 0.00011425, 0.00008705, 0.00006421, 0.00004576, 0.00003143, 0.00002076, 0.00001315, 0.00000798, 0.00000463, 0.00000259, 0.00000140, 0.00000075, 0.00000039, 0.00000018, 0.00000005, -0.00000004, -0.00000008, -0.00000009, -0.00000006, -0.00000001, 0.00000004, 0.00000007, 0.00000007, 0.00000003, -0.00000002, -0.00000005, -0.00000004, 0.00000001, 0.00000000
0.00059714, 0.00044503, 0.00037684, 0.00033944, 0.00031704, 0.00030276, 0.00029306, 0.00028656, 0.00028239, 0.00027979, 0.00027826, 0.00027746, 0.00027725, 0.00027751, 0.00027816, 0.00027913, 0.00028033, 0.00028168, 0.00028311, 0.00028880, 0.00029309, 0.00029480, 0.00029292, 0.00028675, 0.00027607, 0.00026107, 0.00024228, 0.00022047, 0.00019656, 0.00017154, 0.00014644, 0.00012219, 0.00009957, 0.00007918, 0.00006138, 0.00004635, 0.00003404, 0.00002429, 0.00001682, 0.00001128, 0.00000731, 0.00000457, 0.00000275, 0.00000159, 0.00000088, 0.00000047, 0.00000023, 0.00000011, 0.00000004, 0.00000001, -0.00000000, -0.00000000, 0.00000000, 0.00000000, 0.00000001, 0.00000001, 0.00000000, -0.00000000, -0.00000000, -0.00000000, -0.00000000, 0.00000000, 0.00000000, 0.00000000
0.00034461, 0.00025553, 0.00022332, 0.00021099, 0.00020761, 0.00020864, 0.00021188, 0.00021644, 0.00022177, 0.00022747, 0.00023327, 0.00023903, 0.00024467, 0.00025018, 0.00025552, 0.00026068, 0.00026563, 0.00027036, 0.00027484, 0.00029011, 0.00030105, 0.00030758, 0.00030954, 0.00030679, 0.00029940, 0.00028759, 0.00027179, 0.00025258, 0.00023066, 0.00020687, 0.00018208, 0.00015716, 0.00013295, 0.00011014, 0.00008929, 0.00007078, 0.00005480, 0.00004141, 0.00003049, 0.00002185, 0.00001522, 0.00001029, 0.00000674, 0.00000427, 0.00000262, 0.00000155, 0.00000089, 0.00000049, 0.00000026, 0.00000012, 0.00000005, 0.00000001, -0.00000000, -0.00000001, -0.00000000, 0.00000001, 0.00000001, 0.00000001, 0.00000001, -0.00000000, -0.00000001, -0.00000001, 0.00000000, 0.00000000
-0.00215775, -0.00129989, -0.00090173, -0.00067211, -0.00052364, -0.00041942, -0.00034084, -0.00027983, -0.00023148, -0.00019206, -0.00015896, -0.00013054, -0.00010584, -0.00008423, -0.00006523, -0.00004843, -0.00003345, -0.00001997, -0.00000771, 0.00003274, 0.00006390, 0.00008858, 0.00010861, 0.00012515, 0.00013859, 0.00014875, 0.00015530, 0.00015801, 0.00015690, 0.00015216, 0.00014417, 0.00013347, 0.00012070, 0.00010653, 0.00009171, 0.00007691, 0.00006276, 0.00004976, 0.00003828, 0.00002853, 0.00002058, 0.00001434, 0.00000966, 0.00000630, 0.00000398, 0.00000245, 0.00000148, 0.00000086, 0.00000047, 0.00000021, 0.00000005, -0.00000006, -0.00000010, -0.00000009, -0.00000004, 0.00000003, 0.00000008, 0.00000010, 0.00000006, -0.00000000, -0.00000006, -0.00000006, 0.00000001, 0.00000000
0.00002314, 0.00011001, 0.00015889, 0.00019333, 0.00022078, 0.00024415, 0.00026505, 0.00028432, 0.00030236, 0.00031945, 0.00033583, 0.00035167, 0.00036711, 0.00038223, 0.00039707, 0.00041165, 0.00042598, 0.00044007, 0.00045392, 0.00050683, 0.00055489, 0.00059599, 0.00062765, 0.00064772, 0.00065464, 0.00064756, 0.00062652, 0.00059246, 0.00054725, 0.00049350, 0.00043425, 0.00037265, 0.00031168, 0.00025388, 0.00020122, 0.00015498, 0.00011583, 0.00008386, 0.00005869, 0.00003961, 0.00002574, 0.00001607, 0.00000964, 0.00000558, 0.00000314, 0.00000174, 0.00000096, 0.00000051, 0.00000023, 0.00000004, -0.00000008, -0.00000015, -0.00000015, -0.00000010, -0.00000001, 0.00000007, 0.00000012, 0.00000011, 0.00000006, -0.00000003, -0.00000008, -0.00000006, 0.00000001, 0.00000000
-0.00027947, -0.00005671, 0.00004419, 0.00010143, 0.00013845, 0.00016470, 0.00018481, 0.00020100, 0.00021453, 0.00022623, 0.00023665, 0.00024617, 0.00025504, 0.00026340, 0.00027137, 0.00027900, 0.00028636, 0.00029349, 0.00030042, 0.00032648, 0.00034989, 0.00036984, 0.00038516, 0.00039476, 0.00039778, 0.00039368, 0.00038229, 0.00036391, 0.00033929, 0.00030962, 0.00027634, 0.00024106, 0.00020540, 0.00017080, 0.00013848, 0.00010935, 0.00008399, 0.00006265, 0.00004529, 0.00003167, 0.00002138, 0.00001390, 0.00000869, 0.00000522, 0.00000302, 0.00000170, 0.00000093, 0.00000049, 0.00000024, 0.00000008, -0.00000001, -0.00000006, -0.00000008, -0.00000006, -0.00000002, 0.00000003, 0.00000006, 0.00000007, 0.00000004, -0.00000001, -0.00000005, -0.00000004, 0.00000001, 0.00000000
-0.00092848, -0.00056163, -0.00038828, -0.00028631, -0.00021912, -0.00017108, -0.00013423, -0.00010518, -0.00008185, -0.00006262, -0.00004633, -0.00003226, -0.00001998, -0.00000922, 0.00000023, 0.00000857, 0.00001597, 0.00002257, 0.00002851, 0.00004742, 0.00006066, 0.00006963, 0.00007536, 0.00007862, 0.00007985, 0.00007924, 0.00007693, 0.00007311, 0.00006806, 0.00006211, 0.00005560, 0.00004883, 0.00004208, 0.00003556, 0.00002945, 0.00002389, 0.00001894, 0.00001468, 0.00001110, 0.00000820, 0.00000590, 0.00000416, 0.00000287, 0.00000195, 0.00000132, 0.00000088, 0.00000058, 0.00000036, 0.00000021, 0.00000010, 0.00000002, -0.00000003, -0.00000005, -0.00000004, -0.00000001, 0.00000002, 0.00000004, 0.00000005, 0.00000003, -0.00000001, -0.00000003, -0.00000003, 0.00000000, 0.00000000
-0.00371952, -0.00224118, -0.00155621, -0.00116184, -0.00090717, -0.00072859, -0.00059397, -0.00048935, -0.00040632, -0.00033846, -0.00028126, -0.00023193, -0.00018880, -0.00015081, -0.00011717, -0.00008719, -0.00006025, -0.00003580, -0.00001338, 0.00006198, 0.00012129, 0.00016840, 0.00020571, 0.00023488, 0.00025641, 0.00027010, 0.00027571, 0.00027340, 0.00026387, 0.00024819, 0.00022773, 0.00020394, 0.00017825, 0.00015199, 0.00012632, 0.00010222, 0.00008042, 0.00006141, 0.00004544, 0.00003252, 0.00002249, 0.00001502, 0.00000972, 0.00000612, 0.00000380, 0.00000234, 0.00000144, 0.00000087, 0.00000046, 0.00000016, -0.00000005, -0.00000019, -0.00000023, -0.00000018, -0.00000006, 0.00000008, 0.00000017, 0.00000019, 0.00000011, -0.00000002, -0.00000012, -0.00000011, 0.00000001, 0.00000000
-0.00351759, -0.00205742, -0.00137942, -0.00098739, -0.00073264, -0.00055257, -0.00041550, -0.00030771, -0.00022097, -0.00014899, -0.00008736, -0.00003331, 0.00001476, 0.00005785, 0.00009673, 0.00013202, 0.00016430, 0.00019410, 0.00022182, 0.00031743, 0.00039401, 0.00045363, 0.00049742, 0.00052631, 0.00054063, 0.00054053, 0.00052655, 0.00050006, 0.00046321, 0.00041870, 0.00036943, 0.00031818, 0.00026745, 0.00021928, 0.00017520, 0.00013624, 0.00010294, 0.00007543, 0.00005349, 0.00003663, 0.00002419, 0.00001540, 0.00000948, 0.00000569, 0.00000339, 0.00000204, 0.00000124, 0.00000074, 0.00000038, 0.00000009, -0.00000013, -0.00000025, -0.00000028, -0.00000020, -0.00000006, 0.00000010, 0.00000021, 0.00000022, 0.00000012, -0.00000003, -0.00000014, -0.00000013, 0.00000002, 0.00000000
-0.00182781, -0.00108763, -0.00074279, -0.00054318, -0.00041361, -0.00032234, -0.00025332, -0.00019956, -0.00015681, -0.00012185, -0.00009244, -0.00006713, -0.00004507, -0.00002571, -0.00000862, 0.00000656, 0.00002015, 0.00003243, 0.00004364, 0.00008099, 0.00011030, 0.00013397, 0.00015340, 0.00016937, 0.00018198, 0.00019087, 0.00019559, 0.00019583, 0.00019155, 0.00018303, 0.00017078, 0.00015555, 0.00013821, 0.00011971, 0.00010097, 0.00008283, 0.00006600, 0.00005099, 0.00003813, 0.00002754, 0.00001918, 0.00001287, 0.00000831, 0.00000518, 0.00000313, 0.00000186, 0.00000109, 0.00000063, 0.00000034, 0.00000014, -0.00000000, -0.00000009, -0.00000012, -0.00000010, -0.00000004, 0.00000004, 0.00000010, 0.00000011, 0.00000007, -0.00000001, -0.00000007, -0.00000007, 0.00000001, 0.00000000
-0.00126095, -0.00067546, -0.00040270, -0.00024462, -0.00014154, -0.00006862, -0.00001327, 0.00003017, 0.00006504, 0.00009378, 0.00011813, 0.00013924, 0.00015780, 0.00017427, 0.00018900, 0.00020225, 0.00021429, 0.00022531, 0.00023550, 0.00027044, 0.00029925, 0.00032350, 0.00034359, 0.00035934, 0.00037010, 0.00037492, 0.00037291, 0.00036355, 0.00034685, 0.00032345, 0.00029451, 0.00026158, 0.00022643, 0.00019083, 0.00015640, 0.00012449, 0.00009608, 0.00007176, 0.00005176, 0.00003596, 0.00002402, 0.00001539, 0.00000946, 0.00000561, 0.00000323, 0.00000185, 0.00000106, 0.00000060, 0.00000030, 0.00000009, -0.00000007, -0.00000017, -0.00000019, -0.00000014, -0.00000004, 0.00000007, 0.00000015, 0.00000015, 0.00000009, -0.00000002, -0.00000010, -0.00000009, 0.00000001, 0.00000000
0.00050545, 0.00038066, 0.00032882, 0.00030341, 0.00029064, 0.00028455, 0.00028212, 0.00028222, 0.00028413, 0.00028719, 0.00029098, 0.00029527, 0.00029994, 0.00030492, 0.00031016, 0.00031560, 0.00032117, 0.00032683, 0.00033250, 0.00035473, 0.00037520, 0.00039270, 0.00040582, 0.00041329, 0.00041419, 0.00040808, 0.00039492, 0.00037507, 0.00034929, 0.00031868, 0.00028464, 0.00024872, 0.00021245, 0.00017727, 0.00014438, 0.00011466, 0.00008870, 0.00006675, 0.00004878, 0.00003456, 0.00002369, 0.00001568, 0.00000999, 0.00000612, 0.00000360, 0.00000203, 0.00000110, 0.00000057, 0.00000028, 0.00000012, 0.00000003, -0.00000001, -0.00000003, -0.00000002, -0.00000001, 0.00000001, 0.00000003, 0.00000003, 0.00000002, -0.00000001, -0.00000002, -0.00000002, 0.00000000, 0.00000000
0.00334622, 0.00215225, 0.00160909, 0.00130360, 0.00111227, 0.00098274, 0.00088859, 0.00081866, 0.00076608, 0.00072554, 0.00069332, 0.00066717, 0.00064580, 0.00062842, 0.00061442, 0.00060323, 0.00059433, 0.00058727, 0.00058164, 0.00056842, 0.00056380, 0.00056301, 0.00056168, 0.00055617, 0.00054430, 0.00052513, 0.00049856, 0.00046501, 0.00042540, 0.00038109, 0.00033385, 0.00028564, 0.00023843, 0.00019398, 0.00015367, 0.00011842, 0.00008868, 0.00006444, 0.00004537, 0.00003090, 0.00002029, 0.00001281, 0.00000774, 0.00000444, 0.00000240, 0.00000120, 0.00000053, 0.00000020, 0.00000006, 0.00000003, 0.00000003, 0.00000005, 0.00000006, 0.00000005, 0.00000003, -0.00000000, -0.00000003, -0.00000005, -0.00000004, -0.00000001, 0.00000002, 0.00000003, 0.00000000, 0.00000000
-0.00120938, -0.00063778, -0.00037393, -0.00022323, -0.00012690, -0.00006032, -0.00001102, 0.00002653, 0.00005564, 0.00007876, 0.00009765, 0.00011346, 0.00012690, 0.00013842, 0.00014836, 0.00015697, 0.00016452, 0.00017120, 0.00017720, 0.00019693, 0.00021293, 0.00022665, 0.00023839, 0.00024799, 0.00025478, 0.00025778, 0.00025604, 0.00024894, 0.00023639, 0.00021887, 0.00019732, 0.00017300, 0.00014734, 0.00012171, 0.00009735, 0.00007523, 0.00005600, 0.00004001, 0.00002731, 0.00001770, 0.00001081, 0.00000618, 0.00000328, 0.00000163, 0.00000079, 0.00000041, 0.00000026, 0.00000017, 0.00000007, -0.00000004, -0.00000014, -0.00000020, -0.00000020, -0.00000014, -0.00000003, 0.00000008, 0.00000016, 0.00000016, 0.00000008, -0.00000003, -0.00000011, -0.00000009, 0.00000002, 0.00000000
-0.00247715, -0.00142903, -0.00094383, -0.00066437, -0.00048351, -0.00035631, -0.00025999, -0.00018465, -0.00012435, -0.00007461, -0.00003227, 0.00000467, 0.00003738, 0.00006662, 0.00009291, 0.00011673, 0.00013849, 0.00015856, 0.00017724, 0.00024216, 0.00029549, 0.00033877, 0.00037251, 0.00039689, 0.00041159, 0.00041607, 0.00041007, 0.00039403, 0.00036911, 0.00033709, 0.00030011, 0.00026040, 0.00022013, 0.00018115, 0.00014496, 0.00011265, 0.00008485, 0.00006181, 0.00004344, 0.00002938, 0.00001908, 0.00001190, 0.00000714, 0.00000417, 0.00000243, 0.00000144, 0.00000088, 0.00000053, 0.00000027, 0.00000005, -0.00000013, -0.00000023, -0.00000024, -0.00000017, -0.00000004, 0.00000009, 0.00000018, 0.00000019, 0.00000010, -0.00000003, -0.00000013, -0.00000011, 0.00000002, 0.00000000
-0.00033557, -0.00017052, -0.00008899, -0.00003855, -0.00000327, 0.00002349, 0.00004512, 0.00006325, 0.00007881, 0.00009245, 0.00010466, 0.00011577, 0.00012600, 0.00013551, 0.00014442, 0.00015281, 0.00016076, 0.00016833, 0.00017557, 0.00020206, 0.00022565, 0.00024685, 0.00026545, 0.00028088, 0.00029242, 0.00029932, 0.00030092, 0.00029677, 0.00028677, 0.00027119, 0.00025073, 0.00022643, 0.00019957, 0.00017151, 0.00014359, 0.00011698, 0.00009262, 0.00007116, 0.00005296, 0.00003810, 0.00002643, 0.00001764, 0.00001131, 0.00000694, 0.00000409, 0.00000232, 0.00000127, 0.00000068, 0.00000035, 0.00000015, 0.00000003, -0.00000004, -0.00000007, -0.00000006, -0.00000003, 0.00000002, 0.00000006, 0.00000007, 0.00000004, -0.00000001, -0.00000005, -0.00000004, 0.00000001, 0.00000000
0.00121678, 0.00079779, 0.00060876, 0.00050348, 0.00043833, 0.00039465, 0.00036317, 0.00034000, 0.00032273, 0.00030946, 0.00029889, 0.00029026, 0.00028314, 0.00027727, 0.00027245, 0.00026849, 0.00026522, 0.00026248, 0.00026015, 0.00025346, 0.00024952, 0.00024736, 0.00024583, 0.00024382, 0.00024046, 0.00023510, 0.00022718, 0.00021628, 0.00020220, 0.00018512, 0.00016558, 0.00014440, 0.00012258, 0.00010114, 0.00008101, 0.00006288, 0.00004721, 0.00003423, 0.00002391, 0.00001604, 0.00001030, 0.00000632, 0.00000370, 0.00000207, 0.00000111, 0.00000058, 0.00000029, 0.00000014, 0.00000005, -0.00000001, -0.00000005, -0.00000007, -0.00000006, -0.00000003, -0.00000000, 0.00000003, 0.00000004, 0.00000004, 0.00000001, -0.00000001, -0.00000003, -0.00000002, 0.00000001, 0.00000000
0.00097951, 0.00073872, 0.00063373, 0.00057801, 0.00054610, 0.00052684, 0.00051465, 0.00050745, 0.00050384, 0.00050264, 0.00050305, 0.00050465, 0.00050722, 0.00051065, 0.00051485, 0.00051971, 0.00052509, 0.00053089, 0.00053702, 0.00056351, 0.00059148, 0.00061867, 0.00064212, 0.00065888, 0.00066661, 0.00066366, 0.00064909, 0.00062273, 0.00058525, 0.00053817, 0.00048373, 0.00042462, 0.00036370, 0.00030373, 0.00024706, 0.00019554, 0.00015039, 0.00011222, 0.00008110, 0.00005663, 0.00003812, 0.00002467, 0.00001531, 0.00000910, 0.00000517, 0.00000282, 0.00000148, 0.00000075, 0.00000035, 0.00000012, -0.00000001, -0.00000008, -0.00000010, -0.00000007, -0.00000002, 0.00000004, 0.00000008, 0.00000008, 0.00000004, -0.00000002, -0.00000006, -0.00000005, 0.00000001, 0.00000000
-0.00202111, -0.00114708, -0.00074190, -0.00050840, -0.00035731, -0.00025115, -0.00017109, -0.00010875, -0.00005914, -0.00001852, 0.00001574, 0.00004528, 0.00007112, 0.00009390, 0.00011411, 0.00013217, 0.00014844, 0.00016325, 0.00017685, 0.00022277, 0.00025929, 0.00028870, 0.00031209, 0.00032992, 0.00034201, 0.00034781, 0.00034683, 0.00033891, 0.00032434, 0.00030387, 0.00027856, 0.00024975, 0.00021885, 0.00018730, 0.00015640, 0.00012728, 0.00010083, 0.00007763, 0.00005799, 0.00004195, 0.00002935, 0.00001982, 0.00001292, 0.00000813, 0.00000496, 0.00000294, 0.00000171, 0.00000097, 0.00000051, 0.00000021, 0.00000002, -0.00000009, -0.00000013, -0.00000011, -0.00000004, 0.00000004, 0.00000011, 0.00000012, 0.00000008, -0.00000001, -0.00000008, -0.00000007, 0.00000001, 0.00000000
0.00002511, 0.00010252, 0.00014516, 0.00017403, 0.00019602, 0.00021372, 0.00022858, 0.00024152, 0.00025295, 0.00026313, 0.00027227, 0.00028058, 0.00028823, 0.00029536, 0.00030207, 0.00030841, 0.00031442, 0.00032013, 0.00032558, 0.00034543, 0.00036358, 0.00038074, 0.00039647, 0.00040977, 0.00041949, 0.00042436, 0.00042310, 0.00041464, 0.00039845, 0.00037463, 0.00034403, 0.00030813, 0.00026882, 0.00022818, 0.00018822, 0.00015066, 0.00011685, 0.00008764, 0.00006342, 0.00004417, 0.00002952, 0.00001889, 0.00001155, 0.00000675, 0.00000380, 0.00000209, 0.00000114, 0.00000062, 0.00000031, 0.00000010, -0.00000005, -0.00000014, -0.00000017, -0.00000013, -0.00000004, 0.00000006, 0.00000013, 0.00000014, 0.00000008, -0.00000002, -0.00000010, -0.00000008, 0.00000002, 0.00000000
0.00117085, 0.00072147, 0.00052739, 0.00042501, 0.00036564, 0.00032897, 0.00030504, 0.00028954, 0.00027983, 0.00027400, 0.00027072, 0.00026925, 0.00026913, 0.00027011, 0.00027199, 0.00027458, 0.00027771, 0.00028125, 0.00028507, 0.00030169, 0.00031868, 0.00033449, 0.00034743, 0.00035591, 0.00035879, 0.00035544, 0.00034560, 0.00032943, 0.00030748, 0.00028071, 0.00025042, 0.00021811, 0.00018531, 0.00015346, 0.00012377, 0.00009712, 0.00007405, 0.00005479, 0.00003927, 0.00002721, 0.00001819, 0.00001170, 0.00000723, 0.00000428, 0.00000243, 0.00000132, 0.00000069, 0.00000034, 0.00000016, 0.00000006, 0.00000000, -0.00000002, -0.00000003, -0.00000002, -0.00000000, 0.00000002, 0.00000003, 0.00000003, 0.00000001, -0.00000001, -0.00000002, -0.00000001, 0.00000001, 0.00000000
-0.00154486, -0.00088384, -0.00057611, -0.00039784, -0.00028177, -0.00019967, -0.00013737, -0.00008855, -0.00004939, -0.00001711, 0.00001027, 0.00003400, 0.00005484, 0.00007330, 0.00008978, 0.00010460, 0.00011804, 0.00013035, 0.00014172, 0.00018065, 0.00021270, 0.00024016, 0.00026411, 0.00028489, 0.00030214, 0.00031512, 0.00032296, 0.00032490, 0.00032045, 0.00030954, 0.00029252, 0.00027018, 0.00024368, 0.00021440, 0.00018385, 0.00015347, 0.00012456, 0.00009815, 0.00007495, 0.00005536, 0.00003946, 0.00002708, 0.00001785, 0.00001128, 0.00000683, 0.00000397, 0.00000223, 0.00000121, 0.00000064, 0.00000031, 0.00000011, -0.00000001, -0.00000008, -0.00000009, -0.00000005, 0.00000001, 0.00000006, 0.00000009, 0.00000007, 0.00000001, -0.00000005, -0.00000006, 0.00000000, 0.00000000
-0.00204174, -0.00114811, -0.00072886, -0.00048365, -0.00032223, -0.00020666, -0.00011765, -0.00004676, 0.00001105, 0.00005960, 0.00010160, 0.00013877, 0.00017214, 0.00020236, 0.00022990, 0.00025516, 0.00027850, 0.00030025, 0.00032065, 0.00039231, 0.00045141, 0.00049887, 0.00053463, 0.00055843, 0.00056974, 0.00056806, 0.00055338, 0.00052650, 0.00048909, 0.00044348, 0.00039243, 0.00033875, 0.00028510, 0.00023378, 0.00018657, 0.00014472, 0.00010894, 0.00007941, 0.00005594, 0.00003799, 0.00002482, 0.00001559, 0.00000944, 0.00000554, 0.00000321, 0.00000187, 0.00000110, 0.00000064, 0.00000031, 0.00000006, -0.00000012, -0.00000023, -0.00000024, -0.00000017, -0.00000004, 0.00000009, 0.00000018, 0.00000019, 0.00000010, -0.00000003, -0.00000013, -0.00000011, 0.00000002, 0.00000000
-0.00118283, -0.00066725, -0.00042898, -0.00029194, -0.00020331, -0.00014101, -0.00009389, -0.00005706, -0.00002759, -0.00000329, 0.00001737, 0.00003534, 0.00005120, 0.00006532, 0.00007797, 0.00008937, 0.00009972, 0.00010922, 0.00011800, 0.00014786, 0.00017131, 0.00018921, 0.00020194, 0.00020979, 0.00021282, 0.00021099, 0.00020443, 0.00019354, 0.00017902, 0.00016179, 0.00014284, 0.00012319, 0.00010372, 0.00008522, 0.00006825, 0.00005322, 0.00004034, 0.00002967, 0.00002114, 0.00001455, 0.00000967, 0.00000621, 0.00000385, 0.00000233, 0.00000140, 0.00000084, 0.00000051, 0.00000030, 0.00000015, 0.00000004, -0.00000004, -0.00000009, -0.00000010, -0.00000007, -0.00000002, 0.00000004, 0.00000007, 0.00000008, 0.00000004, -0.00000001, -0.00000005, -0.00000004, 0.00000001, 0.00000000
-0.00047189, -0.00022670, -0.00011204, -0.00004502, -0.00000076, 0.00003107, 0.00005570, 0.00007544, 0.00009169, 0.00010544, 0.00011741, 0.00012804, 0.00013761, 0.00014631, 0.00015425, 0.00016154, 0.00016827, 0.00017452, 0.00018035, 0.00020034, 0.00021581, 0.00022692, 0.00023364, 0.00023593, 0.00023379, 0.00022724, 0.00021651, 0.00020206, 0.00018457, 0.00016492, 0.00014406, 0.00012295, 0.00010243, 0.00008324, 0.00006591, 0.00005077, 0.00003799, 0.00002756, 0.00001934, 0.00001310, 0.00000854, 0.00000536, 0.00000324, 0.00000190, 0.00000109, 0.00000062, 0.00000036, 0.00000020, 0.00000010, 0.00000002, -0.00000003, -0.00000006, -0.00000007, -0.00000005, -0.00000001, 0.00000003, 0.00000005, 0.00000005, 0.00000003, -0.00000001, -0.00000004, -0.00000003, 0.00000001, 0.00000000
-0.00000744, -0.00000157, 0.00001363, 0.00003077, 0.00004788, 0.00006437, 0.00008019, 0.00009530, 0.00010968, 0.00012337, 0.00013644, 0.00014897, 0.00016102, 0.00017264, 0.00018387, 0.00019473, 0.00020526, 0.00021546, 0.00022537, 0.00026226, 0.00029510, 0.00032371, 0.00034738, 0.00036524, 0.00037647, 0.00038046, 0.00037686, 0.00036572, 0.00034750, 0.00032312, 0.00029384, 0.00026119, 0.00022679, 0.00019223, 0.00015892, 0.00012804, 0.00010040, 0.00007654, 0.00005662, 0.00004058, 0.00002811, 0.00001879, 0.00001210, 0.00000749, 0.00000446, 0.00000256, 0.00000142, 0.00000076, 0.00000038, 0.00000016, 0.00000004, -0.00000003, -0.00000006, -0.00000005, -0.00000002, 0.00000002, 0.00000005, 0.00000006, 0.00000004, -0.00000001, -0.00000004, -0.00000004, 0.00000001, 0.00000000
-0.00178624, -0.00095691, -0.00057008, -0.00034441, -0.00019562, -0.00008848, -0.00000522, 0.00006195, 0.00011763, 0.00016526, 0.00020727, 0.00024516, 0.00027981, 0.00031176, 0.00034139, 0.00036902, 0.00039493, 0.00041936, 0.00044252, 0.00052470, 0.00059169, 0.00064279, 0.00067716, 0.00069450, 0.00069481, 0.00067859, 0.00064710, 0.00060250, 0.00054771, 0.00048613, 0.00042121, 0.00035619, 0.00029385, 0.00023634, 0.00018514, 0.00014107, 0.00010438, 0.00007486, 0.00005193, 0.00003475, 0.00002240, 0.00001389, 0.00000831, 0.00000482, 0.00000276, 0.00000159, 0.00000092, 0.00000052, 0.00000025, 0.00000004, -0.00000011, -0.00000019, -0.00000020, -0.00000014, -0.00000003, 0.00000008, 0.00000015, 0.00000015, 0.00000008, -0.00000003, -0.00000010, -0.00000009, 0.00000001, 0.00000000
-0.00593652, -0.00346221, -0.00233049, -0.00168985, -0.00128449, -0.00100677, -0.00080261, -0.00064836, -0.00052974, -0.00043603, -0.00035966, -0.00029593, -0.00024202, -0.00019618, -0.00015705, -0.00012352, -0.00009455, -0.00006923, -0.00004683, 0.00002358, 0.00007453, 0.00011219, 0.00014052, 0.00016226, 0.00017828, 0.00018819, 0.00019143, 0.00018799, 0.00017853, 0.00016427, 0.00014662, 0.00012706, 0.00010688, 0.00008718, 0.00006881, 0.00005238, 0.00003828, 0.00002669, 0.00001762, 0.00001090, 0.00000624, 0.00000328, 0.00000160, 0.00000080, 0.00000053, 0.00000049, 0.00000048, 0.00000041, 0.00000024, 0.00000001, -0.00000021, -0.00000035, -0.00000037, -0.00000027, -0.00000007, 0.00000014, 0.00000028, 0.00000030, 0.00000017, -0.00000004, -0.00000019, -0.00000017, 0.00000002, 0.00000000
0.00043823, 0.00039394, 0.00038225, 0.00038142, 0.00038527, 0.00039109, 0.00039762, 0.00040454, 0.00041157, 0.00041847, 0.00042512, 0.00043150, 0.00043761, 0.00044351, 0.00044920, 0.00045468, 0.00045996, 0.00046503, 0.00046989, 0.00048724, 0.00050134, 0.00051158, 0.00051683, 0.00051591, 0.00050785, 0.00049204, 0.00046834, 0.00043720, 0.00039969, 0.00035738, 0.00031220, 0.00026621, 0.00022137, 0.00017934, 0.00014139, 0.00010835, 0.00008059, 0.00005807, 0.00004047, 0.00002722, 0.00001764, 0.00001100, 0.00000660, 0.00000383, 0.00000216, 0.00000120, 0.00000065, 0.00000034, 0.00000014, 0.00000001, -0.00000007, -0.00000011, -0.00000010, -0.00000006, -0.00000000, 0.00000005, 0.00000008, 0.00000007, 0.00000003, -0.00000002, -0.00000005, -0.00000004, 0.00000001, 0.00000000
0.00012344, 0.00019866, 0.00023879, 0.00026569, 0.00028632, 0.00030319, 0.00031765, 0.00033058, 0.00034241, 0.00035332, 0.00036347, 0.00037302, 0.00038213, 0.00039092, 0.00039947, 0.00040781, 0.00041597, 0.00042396, 0.00043180, 0.00046191, 0.00049060, 0.00051747, 0.00054106, 0.00055953, 0.00057108, 0.00057414, 0.00056745, 0.00055034, 0.00052286, 0.00048592, 0.00044121, 0.00039098, 0.00033780, 0.00028429, 0.00023281, 0.00018527, 0.00014309, 0.00010706, 0.00007744, 0.00005403, 0.00003628, 0.00002338, 0.00001444, 0.00000855, 0.00000488, 0.00000270, 0.00000147, 0.00000078, 0.00000038, 0.00000012, -0.00000004, -0.00000014, -0.00000017, -0.00000013, -0.00000004, 0.00000006, 0.00000013, 0.00000014, 0.00000008, -0.00000002, -0.00000010, -0.00000008, 0.00000002, 0.00000000
-0.00119993, -0.00062722, -0.00036332, -0.00021206, -0.00011443, -0.00004589, 0.00000587, 0.00004639, 0.00007893, 0.00010588, 0.00012891, 0.00014910, 0.00016710, 0.00018332, 0.00019806, 0.00021156, 0.00022405, 0.00023569, 0.00024665, 0.00028554, 0.00031841, 0.00034556, 0.00036658, 0.00038095, 0.00038802, 0.00038722, 0.00037830, 0.00036155, 0.00033782, 0.00030842, 0.00027500, 0.00023935, 0.00020322, 0.00016818, 0.00013552, 0.00010620, 0.00008079, 0.00005956, 0.00004245, 0.00002918, 0.00001931, 0.00001227, 0.00000749, 0.00000441, 0.00000253, 0.00000144, 0.00000081, 0.00000045, 0.00000022, 0.00000005, -0.00000006, -0.00000013, -0.00000015, -0.00000011, -0.00000003, 0.00000006, 0.00000011, 0.00000012, 0.00000006, -0.00000002, -0.00000008, -0.00000007, 0.00000001, 0.00000000
-0.00009786, -0.00000736, 0.00004307, 0.00007807, 0.00010521, 0.00012762, 0.00014706, 0.00016437, 0.00018004, 0.00019439, 0.00020769, 0.00022016, 0.00023193, 0.00024312, 0.00025380, 0.00026402, 0.00027384, 0.00028328, 0.00029238, 0.00032589, 0.00035538, 0.00038076, 0.00040126, 0.00041594, 0.00042388, 0.00042432, 0.00041680, 0.00040130, 0.00037831, 0.00034886, 0.00031441, 0.00027674, 0.00023768, 0.00019904, 0.00016235, 0.00012885, 0.00009936, 0.00007433, 0.00005385, 0.00003770, 0.00002546, 0.00001654, 0.00001034, 0.00000622, 0.00000361, 0.00000204, 0.00000113, 0.00000061, 0.00000030, 0.00000011, -0.00000002, -0.00000009, -0.00000011, -0.00000008, -0.00000002, 0.00000004, 0.00000009, 0.00000009, 0.00000005, -0.00000001, -0.00000006, -0.00000005, 0.00000001, 0.00000000
-0.00166959, -0.00089605, -0.00054244, -0.00034177, -0.00021382, -0.00012518, -0.00005933, -0.00000875, 0.00003109, 0.00006340, 0.00009042, 0.00011355, 0.00013365, 0.00015131, 0.00016696, 0.00018096, 0.00019362, 0.00020519, 0.00021590, 0.00025285, 0.00028375, 0.00031053, 0.00033390, 0.00035387, 0.00036983, 0.00038085, 0.00038605, 0.00038478, 0.00037675, 0.00036205, 0.00034120, 0.00031508, 0.00028487, 0.00025196, 0.00021780, 0.00018384, 0.00015134, 0.00012136, 0.00009466, 0.00007170, 0.00005263, 0.00003736, 0.00002559, 0.00001686, 0.00001067, 0.00000647, 0.00000375, 0.00000208, 0.00000110, 0.00000054, 0.00000024, 0.00000007, -0.00000001, -0.00000004, -0.00000004, -0.00000001, 0.00000003, 0.00000005, 0.00000004, 0.00000001, -0.00000003, -0.00000003, -0.00000000, 0.00000000
-0.00309756, -0.00182221, -0.00122489, -0.00087637, -0.00064760, -0.00048440, -0.00035916, -0.00025980, -0.00017913, -0.00011170, -0.00005364, -0.00000246, 0.00004332, 0.00008466, 0.00012225, 0.00015669, 0.00018851, 0.00021817, 0.00024607, 0.00034527, 0.00043060, 0.00050452, 0.00056744, 0.00061886, 0.00065738, 0.00068120, 0.00068878, 0.00067952, 0.00065398, 0.00061388, 0.00056189, 0.00050134, 0.00043583, 0.00036891, 0.00030377, 0.00024305, 0.00018869, 0.00014188, 0.00010313, 0.00007230, 0.00004878, 0.00003163, 0.00001970, 0.00001183, 0.00000690, 0.00000397, 0.00000227, 0.00000128, 0.00000065, 0.00000021, -0.00000011, -0.00000031, -0.00000036, -0.00000027, -0.00000009, 0.00000013, 0.00000028, 0.00000029, 0.00000017, -0.00000004, -0.00000020, -0.00000017, 0.00000003, 0.00000000
0.00027638, 0.00031522, 0.00033323, 0.00034382, 0.00035140, 0.00035726, 0.00036197, 0.00036617, 0.00037007, 0.00037372, 0.00037712, 0.00038035, 0.00038350, 0.00038664, 0.00038982, 0.00039304, 0.00039630, 0.00039959, 0.00040289, 0.00041630, 0.00042988, 0.00044283, 0.00045361, 0.00046052, 0.00046207, 0.00045708, 0.00044476, 0.00042482, 0.00039761, 0.00036409, 0.00032575, 0.00028445, 0.00024218, 0.00020081, 0.00016197, 0.00012692, 0.00009646, 0.00007097, 0.00005042, 0.00003450, 0.00002267, 0.00001426, 0.00000856, 0.00000491, 0.00000269, 0.00000142, 0.00000074, 0.00000037, 0.00000016, 0.00000003, -0.00000006, -0.00000011, -0.00000012, -0.00000008, -0.00000002, 0.00000005, 0.00000009, 0.00000009, 0.00000005, -0.00000002, -0.00000006, -0.00000005, 0.00000001, 0.00000000
0.00069659, 0.00059103, 0.00054121, 0.00051242, 0.00049454, 0.00048270, 0.00047423, 0.00046840, 0.00046464, 0.00046234, 0.00046102, 0.00046043, 0.00046049, 0.00046116, 0.00046240, 0.00046414, 0.00046631, 0.00046883, 0.00047163, 0.00048463, 0.00049925, 0.00051385, 0.00052631, 0.00053446, 0.00053658, 0.00053149, 0.00051852, 0.00049748, 0.00046871, 0.00043314, 0.00039214, 0.00034749, 0.00030112, 0.00025497, 0.00021075, 0.00016990, 0.00013342, 0.00010193, 0.00007563, 0.00005440, 0.00003784, 0.00002539, 0.00001638, 0.00001013, 0.00000598, 0.00000337, 0.00000181, 0.00000092, 0.00000045, 0.00000021, 0.00000008, 0.00000001, -0.00000002, -0.00000002, -0.00000002, 0.00000000, 0.00000002, 0.00000003, 0.00000002, -0.00000000, -0.00000002, -0.00000002, 0.00000000, 0.00000000
-0.00173939, -0.00096672, -0.00061280, -0.00041062, -0.00028040, -0.00018900, -0.00011983, -0.00006550, -0.00002169, 0.00001478, 0.00004612, 0.00007373, 0.00009842, 0.00012072, 0.00014101, 0.00015962, 0.00017681, 0.00019283, 0.00020788, 0.00026091, 0.00030512, 0.00034137, 0.00036982, 0.00039040, 0.00040275, 0.00040644, 0.00040125, 0.00038747, 0.00036590, 0.00033781, 0.00030484, 0.00026875, 0.00023137, 0.00019435, 0.00015915, 0.00012690, 0.00009837, 0.00007402, 0.00005396, 0.00003803, 0.00002586, 0.00001694, 0.00001068, 0.00000650, 0.00000383, 0.00000222, 0.00000126, 0.00000070, 0.00000036, 0.00000012, -0.00000003, -0.00000013, -0.00000016, -0.00000012, -0.00000004, 0.00000005, 0.00000012, 0.00000013, 0.00000008, -0.00000002, -0.00000009, -0.00000008, 0.00000001, 0.00000000
-0.00072635, -0.00029954, -0.00010005, 0.00001608, 0.00009241, 0.00014686, 0.00018851, 0.00022158, 0.00024851, 0.00027103, 0.00029038, 0.00030741, 0.00032264, 0.00033645, 0.00034907, 0.00036070, 0.00037152, 0.00038166, 0.00039125, 0.00042577, 0.00045608, 0.00048248, 0.00050410, 0.00051969, 0.00052784, 0.00052723, 0.00051690, 0.00049656, 0.00046673, 0.00042871, 0.00038446, 0.00033631, 0.00028671, 0.00023799, 0.00019214, 0.00015066, 0.00011456, 0.00008431, 0.00005992, 0.00004102, 0.00002698, 0.00001702, 0.00001029, 0.00000599, 0.00000338, 0.00000189, 0.00000105, 0.00000057, 0.00000027, 0.00000006, -0.00000009, -0.00000018, -0.00000020, -0.00000014, -0.00000003, 0.00000008, 0.00000015, 0.00000015, 0.00000008, -0.00000003, -0.00000011, -0.00000009, 0.00000002, 0.00000000
-0.00056795, -0.00024855, -0.00009827, -0.00001035, 0.00004752, 0.00008882, 0.00012037, 0.00014529, 0.00016540, 0.00018208, 0.00019629, 0.00020867, 0.00021961, 0.00022937, 0.00023814, 0.00024607, 0.00025330, 0.00025994, 0.00026609, 0.00028709, 0.00030359, 0.00031581, 0.00032343, 0.00032605, 0.00032321, 0.00031458, 0.00030011, 0.00028025, 0.00025586, 0.00022817, 0.00019859, 0.00016856, 0.00013941, 0.00011224, 0.00008785, 0.00006673, 0.00004909, 0.00003490, 0.00002389, 0.00001571, 0.00000988, 0.00000593, 0.00000340, 0.00000187, 0.00000101, 0.00000055, 0.00000030, 0.00000016, 0.00000006, -0.00000002, -0.00000008, -0.00000011, -0.00000011, -0.00000007, -0.00000001, 0.00000004, 0.00000008, 0.00000008, 0.00000004, -0.00000002, -0.00000005, -0.00000004, 0.00000001, 0.00000000
-0.00191166, -0.00104329, -0.00064648, -0.00042166, -0.00027878, -0.00018029, -0.00010745, -0.00005182, -0.00000842, 0.00002643, 0.00005528, 0.00007977, 0.00010087, 0.00011924, 0.00013532, 0.00014953, 0.00016219, 0.00017362, 0.00018405, 0.00021908, 0.00024715, 0.00027005, 0.00028844, 0.00030246, 0.00031169, 0.00031543, 0.00031306, 0.00030435, 0.00028954, 0.00026936, 0.00024486, 0.00021737, 0.00018830, 0.00015902, 0.00013077, 0.00010458, 0.00008119, 0.00006107, 0.00004441, 0.00003114, 0.00002101, 0.00001360, 0.00000845, 0.00000505, 0.00000293, 0.00000167, 0.00000095, 0.00000053, 0.00000027, 0.00000008, -0.00000006, -0.00000014, -0.00000016, -0.00000013, -0.00000004, 0.00000005, 0.00000012, 0.00000014, 0.00000008, -0.00000001, -0.00000009, -0.00000008, 0.00000001, 0.00000000
0.00065600, 0.00049335, 0.00042117, 0.00038217, 0.00035937, 0.00034526, 0.00033603, 0.00033029, 0.00032707, 0.00032555, 0.00032516, 0.00032559, 0.00032668, 0.00032835, 0.00033052, 0.00033310, 0.00033602, 0.00033919, 0.00034254, 0.00035694, 0.00037177, 0.00038570, 0.00039702, 0.00040407, 0.00040560, 0.00040078, 0.00038921, 0.00037089, 0.00034633, 0.00031649, 0.00028276, 0.00024672, 0.00021008, 0.00017439, 0.00014101, 0.00011092, 0.00008479, 0.00006287, 0.00004515, 0.00003133, 0.00002095, 0.00001348, 0.00000832, 0.00000492, 0.00000279, 0.00000152, 0.00000080, 0.00000040, 0.00000019, 0.00000006, -0.00000001, -0.00000004, -0.00000005, -0.00000004, -0.00000001, 0.00000002, 0.00000005, 0.00000004, 0.00000002, -0.00000001, -0.00000003, -0.00000003, 0.00000001, 0.00000000
-0.00006069, 0.00007592, 0.00014008, 0.00017775, 0.00020303, 0.00022151, 0.00023594, 0.00024777, 0.00025780, 0.00026652, 0.00027428, 0.00028135, 0.00028790, 0.00029407, 0.00029993, 0.00030555, 0.00031097, 0.00031621, 0.00032130, 0.00034043, 0.00035777, 0.00037276, 0.00038433, 0.00039133, 0.00039279, 0.00038804, 0.00037672, 0.00035894, 0.00033524, 0.00030659, 0.00027432, 0.00023991, 0.00020493, 0.00017081, 0.00013878, 0.00010979, 0.00008446, 0.00006306, 0.00004562, 0.00003189, 0.00002150, 0.00001394, 0.00000866, 0.00000516, 0.00000294, 0.00000161, 0.00000085, 0.00000044, 0.00000020, 0.00000007, -0.00000001, -0.00000006, -0.00000007, -0.00000005, -0.00000002, 0.00000003, 0.00000006, 0.00000006, 0.00000003, -0.00000001, -0.00000004, -0.00000004, 0.00000001, 0.00000000
-0.00195671, -0.00108555, -0.00068530, -0.00045655, -0.00030950, -0.00020667, -0.00012928, -0.00006900, -0.00002088, 0.00001876, 0.00005245, 0.00008182, 0.00010781, 0.00013103, 0.00015194, 0.00017091, 0.00018826, 0.00020430, 0.00021924, 0.00027113, 0.00031346, 0.00034734, 0.00037310, 0.00039086, 0.00040038, 0.00040135, 0.00039375, 0.00037802, 0.00035512, 0.00032641, 0.00029351, 0.00025814, 0.00022196, 0.00018646, 0.00015290, 0.00012225, 0.00009519, 0.00007206, 0.00005294, 0.00003768, 0.00002593, 0.00001723, 0.00001105, 0.00000686, 0.00000413, 0.00000243, 0.00000140, 0.00000078, 0.00000040, 0.00000015, -0.00000001, -0.00000011, -0.00000014, -0.00000011, -0.00000004, 0.00000005, 0.00000011, 0.00000012, 0.00000007, -0.00000001, -0.00000008, -0.00000007, 0.00000001, 0.00000000
0.00093775, 0.00071979, 0.00061627, 0.00055521, 0.00051546, 0.00048719, 0.00046540, 0.00044840, 0.00043499, 0.00042401, 0.00041463, 0.00040643, 0.00039921, 0.00039289, 0.00038736, 0.00038251, 0.00037823, 0.00037439, 0.00037089, 0.00035935, 0.00035109, 0.00034577, 0.00034237, 0.00033970, 0.00033676, 0.00033262, 0.00032626, 0.00031655, 0.00030258, 0.00028386, 0.00026052, 0.00023330, 0.00020340, 0.00017231, 0.00014159, 0.00011261, 0.00008650, 0.00006398, 0.00004540, 0.00003077, 0.00001978, 0.00001198, 0.00000675, 0.00000349, 0.00000162, 0.00000066, 0.00000022, 0.00000004, -0.00000003, -0.00000009, -0.00000013, -0.00000016, -0.00000016, -0.00000012, -0.00000004, 0.00000004, 0.00000010, 0.00000011, 0.00000006, -0.00000002, -0.00000008, -0.00000006, 0.00000001, 0.00000000
-0.00014370, 0.00000094, 0.00008905, 0.00015460, 0.00020825, 0.00025458, 0.00029637, 0.00033483, 0.00037060, 0.00040424, 0.00043623, 0.00046697, 0.00049670, 0.00052556, 0.00055363, 0.00058098, 0.00060765, 0.00063369, 0.00065914, 0.00075547, 0.00084236, 0.00091685, 0.00097524, 0.00101423, 0.00103129, 0.00102492, 0.00099498, 0.00094300, 0.00087207, 0.00078655, 0.00069161, 0.00059257, 0.00049444, 0.00040149, 0.00031696, 0.00024297, 0.00018058, 0.00012989, 0.00009022, 0.00006039, 0.00003886, 0.00002403, 0.00001428, 0.00000821, 0.00000462, 0.00000259, 0.00000146, 0.00000079, 0.00000035, 0.00000004, -0.00000017, -0.00000028, -0.00000028, -0.00000018, -0.00000002, 0.00000013, 0.00000022, 0.00000021, 0.00000010, -0.00000005, -0.00000015, -0.00000012, 0.00000003, 0.00000000
0.00009039, 0.00009768, 0.00010013, 0.00010091, 0.00010104, 0.00010080, 0.00010029, 0.00009965, 0.00009896, 0.00009820, 0.00009738, 0.00009651, 0.00009560, 0.00009467, 0.00009372, 0.00009278, 0.00009183, 0.00009088, 0.00008991, 0.00008599, 0.00008203, 0.00007811, 0.00007418, 0.00007020, 0.00006611, 0.00006187, 0.00005744, 0.00005280, 0.00004792, 0.00004284, 0.00003761, 0.00003236, 0.00002721, 0.00002231, 0.00001778, 0.00001373, 0.00001024, 0.00000733, 0.00000500, 0.00000320, 0.00000189, 0.00000098, 0.00000039, 0.00000004, -0.00000013, -0.00000019, -0.00000019, -0.00000016, -0.00000012, -0.00000008, -0.00000006, -0.00000004, -0.00000002, -0.00000001, -0.00000000, 0.00000000, 0.00000000, 0.00000001, 0.00000000, -0.00000000, -0.00000000, -0.00000000, 0.00000000, 0.00000000
0.00136030, 0.00086395, 0.00064141, 0.00051845, 0.00044306, 0.00039321, 0.00035796, 0.00033263, 0.00031434, 0.00030087, 0.00029071, 0.00028295, 0.00027709, 0.00027281, 0.00026985, 0.00026798, 0.00026701, 0.00026674, 0.00026701, 0.00027167, 0.00027970, 0.00028914, 0.00029795, 0.00030426, 0.00030673, 0.00030449, 0.00029703, 0.00028418, 0.00026618, 0.00024368, 0.00021774, 0.00018967, 0.00016090, 0.00013279, 0.00010651, 0.00008292, 0.00006258, 0.00004570, 0.00003223, 0.00002190, 0.00001430, 0.00000895, 0.00000536, 0.00000307, 0.00000168, 0.00000088, 0.00000045, 0.00000022, 0.00000009, 0.00000002, -0.00000002, -0.00000004, -0.00000004, -0.00000002, 0.00000000, 0.00000002, 0.00000004, 0.00000003, 0.00000001, -0.00000001, -0.00000002, -0.00000002, 0.00000001, 0.00000000
0.00078148, 0.00060163, 0.00051950, 0.00047340, 0.00044504, 0.00042628, 0.00041291, 0.00040341, 0.00039678, 0.00039209, 0.00038869, 0.00038624, 0.00038456, 0.00038357, 0.00038317, 0.00038328, 0.00038380, 0.00038465, 0.00038575, 0.00039164, 0.00039874, 0.00040576, 0.00041101, 0.00041288, 0.00041013, 0.00040195, 0.00038794, 0.00036804, 0.00034267, 0.00031264, 0.00027917, 0.00024370, 0.00020775, 0.00017279, 0.00014007, 0.00011054, 0.00008481, 0.00006316, 0.00004557, 0.00003178, 0.00002137, 0.00001382, 0.00000856, 0.00000507, 0.00000286, 0.00000154, 0.00000079, 0.00000039, 0.00000017, 0.00000006, -0.00000000, -0.00000003, -0.00000004, -0.00000003, -0.00000001, 0.00000002, 0.00000003, 0.00000003, 0.00000002, -0.00000001, -0.00000003, -0.00000002, 0.00000001, 0.00000000
0.00064462, 0.00051477, 0.00045401, 0.00041886, 0.00039652, 0.00038108, 0.00036950, 0.00036079, 0.00035420, 0.00034905, 0.00034484, 0.00034131, 0.00033837, 0.00033596, 0.00033402, 0.00033249, 0.00033130, 0.00033037, 0.00032966, 0.00032831, 0.00032886, 0.00033065, 0.00033253, 0.00033323, 0.00033163, 0.00032682, 0.00031803, 0.00030472, 0.00028672, 0.00026431, 0.00023825, 0.00020965, 0.00017983, 0.00015018, 0.00012193, 0.00009611, 0.00007342, 0.00005424, 0.00003867, 0.00002653, 0.00001746, 0.00001098, 0.00000659, 0.00000376, 0.00000205, 0.00000108, 0.00000055, 0.00000028, 0.00000012, 0.00000002, -0.00000005, -0.00000008, -0.00000009, -0.00000006, -0.00000002, 0.00000003, 0.00000007, 0.00000007, 0.00000003, -0.00000001, -0.00000005, -0.00000004, 0.00000001, 0.00000000
-0.00286716, -0.00173160, -0.00120734, -0.00090659, -0.00071321, -0.00057819, -0.00047674, -0.00039821, -0.00033616, -0.00028566, -0.00024322, -0.00020669, -0.00017483, -0.00014684, -0.00012214, -0.00010021, -0.00008059, -0.00006286, -0.00004667, 0.00000712, 0.00004831, 0.00007954, 0.00010275, 0.00011951, 0.00013062, 0.00013634, 0.00013692, 0.00013287, 0.00012500, 0.00011428, 0.00010174, 0.00008829, 0.00007473, 0.00006166, 0.00004955, 0.00003871, 0.00002934, 0.00002150, 0.00001521, 0.00001035, 0.00000677, 0.00000427, 0.00000262, 0.00000161, 0.00000103, 0.00000069, 0.00000049, 0.00000033, 0.00000018, 0.00000004, -0.00000009, -0.00000016, -0.00000018, -0.00000013, -0.00000004, 0.00000006, 0.00000013, 0.00000014, 0.00000008, -0.00000002, -0.00000009, -0.00000008, 0.00000001, 0.00000000
-0.00032057, -0.00009198, 0.00001320, 0.00007399, 0.00011408, 0.00014314, 0.00016586, 0.00018448, 0.00020024, 0.00021402, 0.00022640, 0.00023774, 0.00024828, 0.00025814, 0.00026743, 0.00027620, 0.00028450, 0.00029239, 0.00029989, 0.00032621, 0.00034647, 0.00035989, 0.00036584, 0.00036412, 0.00035487, 0.00033860, 0.00031621, 0.00028892, 0.00025822, 0.00022566, 0.00019277, 0.00016091, 0.00013117, 0.00010435, 0.00008095, 0.00006115, 0.00004492, 0.00003204, 0.00002215, 0.00001481, 0.00000956, 0.00000595, 0.00000357, 0.00000208, 0.00000118, 0.00000066, 0.00000037, 0.00000019, 0.00000009, 0.00000002, -0.00000003, -0.00000005, -0.00000005, -0.00000003, -0.00000000, 0.00000002, 0.00000004, 0.00000004, 0.00000002, -0.00000001, -0.00000003, -0.00000002, 0.00000000, 0.00000000
-0.00078169, -0.00039402, -0.00021403, -0.00010983, -0.00004180, 0.00000657, 0.00004353, 0.00007281, 0.00009662, 0.00011658, 0.00013380, 0.00014900, 0.00016262, 0.00017495, 0.00018618, 0.00019648, 0.00020601, 0.00021489, 0.00022322, 0.00025227, 0.00027578, 0.00029404, 0.00030692, 0.00031423, 0.00031576, 0.00031136, 0.00030113, 0.00028552, 0.00026527, 0.00024140, 0.00021509, 0.00018756, 0.00015997, 0.00013336, 0.00010857, 0.00008622, 0.00006671, 0.00005021, 0.00003670, 0.00002600, 0.00001783, 0.00001181, 0.00000755, 0.00000466, 0.00000278, 0.00000162, 0.00000092, 0.00000050, 0.00000025, 0.00000010, -0.00000000, -0.00000006, -0.00000007, -0.00000006, -0.00000002, 0.00000003, 0.00000006, 0.00000006, 0.00000004, -0.00000001, -0.00000004, -0.00000004, 0.00000001, 0.00000000
0.00107150, 0.00077034, 0.00063661, 0.00056395, 0.00052083, 0.00049356, 0.00047524, 0.00046318, 0.00045564, 0.00045117, 0.00044876, 0.00044787, 0.00044821, 0.00044962, 0.00045195, 0.00045506, 0.00045880, 0.00046305, 0.00046769, 0.00048869, 0.00051175, 0.00053469, 0.00055479, 0.00056938, 0.00057633, 0.00057418, 0.00056207, 0.00053979, 0.00050785, 0.00046751, 0.00042067, 0.00036965, 0.00031693, 0.00026492, 0.00021569, 0.00017088, 0.00013156, 0.00009829, 0.00007113, 0.00004975, 0.00003356, 0.00002178, 0.00001356, 0.00000809, 0.00000462, 0.00000253, 0.00000133, 0.00000068, 0.00000032, 0.00000012, 0.00000000, -0.00000006, -0.00000007, -0.00000006, -0.00000001, 0.00000003, 0.00000006, 0.00000007, 0.00000003, -0.00000001, -0.00000005, -0.00000004, 0.00000001, 0.00000000
-0.00285970, -0.00171950, -0.00118745, -0.00087860, -0.00067742, -0.00053507, -0.00042678, -0.00034187, -0.00027386, -0.00021779, -0.00017015, -0.00012876, -0.00009233, -0.00006006, -0.00003131, -0.00000556, 0.00001767, 0.00003882, 0.00005825, 0.00012337, 0.00017373, 0.00021233, 0.00024122, 0.00026189, 0.00027501, 0.00028075, 0.00027925, 0.00027099, 0.00025684, 0.00023793, 0.00021554, 0.00019099, 0.00016549, 0.00014015, 0.00011591, 0.00009349, 0.00007345, 0.00005611, 0.00004161, 0.00002991, 0.00002081, 0.00001402, 0.00000915, 0.00000582, 0.00000363, 0.00000224, 0.00000137, 0.00000082, 0.00000044, 0.00000017, -0.00000002, -0.00000013, -0.00000017, -0.00000013, -0.00000005, 0.00000006, 0.00000013, 0.00000015, 0.00000009, -0.00000001, -0.00000010, -0.00000009, 0.00000001, 0.00000000
-0.00071928, -0.00038465, -0.00023086, -0.00014297, -0.00008650, -0.00004708, -0.00001752, 0.00000540, 0.00002360, 0.00003848, 0.00005100, 0.00006180, 0.00007123, 0.00007956, 0.00008696, 0.00009357, 0.00009954, 0.00010497, 0.00010996, 0.00012674, 0.00013980, 0.00014979, 0.00015701, 0.00016155, 0.00016336, 0.00016231, 0.00015834, 0.00015155, 0.00014221, 0.00013078, 0.00011779, 0.00010386, 0.00008959, 0.00007554, 0.00006221, 0.00004997, 0.00003910, 0.00002976, 0.00002200, 0.00001576, 0.00001093, 0.00000732, 0.00000474, 0.00000297, 0.00000180, 0.00000107, 0.00000062, 0.00000035, 0.00000018, 0.00000007, 0.00000000, -0.00000004, -0.00000005, -0.00000004, -0.00000001, 0.00000002, 0.00000004, 0.00000005, 0.00000003, -0.00000000, -0.00000003, -0.00000003, 0.00000000, 0.00000000
0.00182710, 0.00122976, 0.00096249, 0.00081535, 0.00072582, 0.00066724, 0.00062621, 0.00059724, 0.00057688, 0.00056241, 0.00055194, 0.00054437, 0.00053909, 0.00053575, 0.00053406, 0.00053374, 0.00053453, 0.00053620, 0.00053854, 0.00055206, 0.00056908, 0.00058670, 0.00060168, 0.00061101, 0.00061251, 0.00060485, 0.00058737, 0.00056006, 0.00052358, 0.00047927, 0.00042906, 0.00037529, 0.00032043, 0.00026684, 0.00021652, 0.00017102, 0.00013133, 0.00009791, 0.00007074, 0.00004944, 0.00003333, 0.00002163, 0.00001346, 0.00000802, 0.00000456, 0.00000247, 0.00000128, 0.00000063, 0.00000029, 0.00000012, 0.00000002, -0.00000002, -0.00000003, -0.00000003, -0.00000000, 0.00000002, 0.00000004, 0.00000003, 0.00000002, -0.00000001, -0.00000003, -0.00000002, 0.00000001, 0.00000000
0.00056876, 0.00040815, 0.00033330, 0.00028993, 0.00026180, 0.00024196, 0.00022684, 0.00021502, 0.00020559, 0.00019782, 0.00019121, 0.00018547, 0.00018042, 0.00017596, 0.00017202, 0.00016852, 0.00016539, 0.00016256, 0.00015999, 0.00015145, 0.00014486, 0.00013945, 0.00013445, 0.00012918, 0.00012318, 0.00011621, 0.00010818, 0.00009911, 0.00008916, 0.00007858, 0.00006773, 0.00005699, 0.00004675, 0.00003732, 0.00002895, 0.00002178, 0.00001587, 0.00001117, 0.00000757, 0.00000492, 0.00000306, 0.00000180, 0.00000100, 0.00000052, 0.00000024, 0.00000010, 0.00000003, 0.00000000, -0.00000001, -0.00000001, -0.00000001, -0.00000001, -0.00000000, 0.00000000, 0.00000000, 0.00000000, 0.00000000, -0.00000000, -0.00000000, -0.00000000, -0.00000000, 0.00000000, 0.00000000, 0.00000000
-0.00306837, -0.00173398, -0.00112802, -0.00078649, -0.00057059, -0.00042239, -0.00031293, -0.00022947, -0.00016442, -0.00011215, -0.00006872, -0.00003168, 0.00000038, 0.00002838, 0.00005298, 0.00007475, 0.00009419, 0.00011173, 0.00012776, 0.00018131, 0.00022287, 0.00025460, 0.00027777, 0.00029336, 0.00030165, 0.00030256, 0.00029611, 0.00028281, 0.00026365, 0.00024000, 0.00021336, 0.00018525, 0.00015702, 0.00012985, 0.00010465, 0.00008206, 0.00006250, 0.00004612, 0.00003290, 0.00002263, 0.00001498, 0.00000954, 0.00000586, 0.00000351, 0.00000209, 0.00000127, 0.00000079, 0.00000048, 0.00000025, 0.00000006, -0.00000009, -0.00000019, -0.00000021, -0.00000015, -0.00000005, 0.00000007, 0.00000015, 0.00000016, 0.00000009, -0.00000002, -0.00000011, -0.00000010, 0.00000001, 0.00000000
0.00394357, 0.00252436, 0.00188221, 0.00152317, 0.00129975, 0.00114944, 0.00104082, 0.00096066, 0.00090084, 0.00085504, 0.00081886, 0.00078967, 0.00076597, 0.00074686, 0.00073164, 0.00071966, 0.00071035, 0.00070315, 0.00069762, 0.00068652, 0.00068647, 0.00069268, 0.00070027, 0.00070472, 0.00070289, 0.00069295, 0.00067378, 0.00064487, 0.00060632, 0.00055899, 0.00050454, 0.00044523, 0.00038371, 0.00032265, 0.00026448, 0.00021114, 0.00016399, 0.00012375, 0.00009058, 0.00006419, 0.00004392, 0.00002892, 0.00001825, 0.00001098, 0.00000626, 0.00000336, 0.00000168, 0.00000079, 0.00000036, 0.00000018, 0.00000011, 0.00000009, 0.00000007, 0.00000004, 0.00000001, -0.00000002, -0.00000003, -0.00000004, -0.00000002, -0.00000000, 0.00000002, 0.00000002, 0.00000000, 0.00000000
-0.00071200, -0.00038642, -0.00023122, -0.00013860, -0.00007619, -0.00003035, 0.00000587, 0.00003550, 0.00006035, 0.00008179, 0.00010080, 0.00011801, 0.00013378, 0.00014835, 0.00016187, 0.00017449, 0.00018633, 0.00019748, 0.00020806, 0.00024558, 0.00027630, 0.00030003, 0.00031642, 0.00032524, 0.00032638, 0.00031991, 0.00030626, 0.00028629, 0.00026128, 0.00023274, 0.00020231, 0.00017155, 0.00014183, 0.00011424, 0.00008956, 0.00006824, 0.00005045, 0.00003612, 0.00002499, 0.00001666, 0.00001069, 0.00000659, 0.00000392, 0.00000227, 0.00000130, 0.00000075, 0.00000044, 0.00000025, 0.00000012, 0.00000002, -0.00000006, -0.00000010, -0.00000010, -0.00000007, -0.00000001, 0.00000004, 0.00000008, 0.00000008, 0.00000004, -0.00000001, -0.00000005, -0.00000004, 0.00000001, 0.00000000
-0.00133682, -0.00075381, -0.00048354, -0.00032832, -0.00022867, -0.00015940, -0.00010781, -0.00006838, -0.00003769, -0.00001320, 0.00000693, 0.00002381, 0.00003813, 0.00005032, 0.00006071, 0.00006960, 0.00007722, 0.00008381, 0.00008955, 0.00010643, 0.00011642, 0.00012118, 0.00012194, 0.00011968, 0.00011498, 0.00010819, 0.00009961, 0.00008969, 0.00007895, 0.00006796, 0.00005722, 0.00004713, 0.00003798, 0.00002991, 0.00002300, 0.00001722, 0.00001252, 0.00000881, 0.00000598, 0.00000390, 0.00000243, 0.00000146, 0.00000085, 0.00000050, 0.00000032, 0.00000022, 0.00000017, 0.00000012, 0.00000006, 0.00000001, -0.00000004, -0.00000007, -0.00000007, -0.00000005, -0.00000001, 0.00000003, 0.00000006, 0.00000006, 0.00000004, -0.00000001, -0.00000004, -0.00000004, 0.00000000, 0.00000000
0.00124396, 0.00084182, 0.00066103, 0.00056099, 0.00049972, 0.00045933, 0.00043074, 0.00041023, 0.00039547, 0.00038465, 0.00037647, 0.00037017, 0.00036534, 0.00036171, 0.00035909, 0.00035728, 0.00035613, 0.00035547, 0.00035516, 0.00035573, 0.00035707, 0.00035754, 0.00035560, 0.00034995, 0.00033989, 0.00032528, 0.00030633, 0.00028355, 0.00025765, 0.00022956, 0.00020032, 0.00017105, 0.00014277, 0.00011639, 0.00009259, 0.00007181, 0.00005424, 0.00003985, 0.00002844, 0.00001967, 0.00001317, 0.00000850, 0.00000528, 0.00000314, 0.00000178, 0.00000095, 0.00000047, 0.00000022, 0.00000009, 0.00000004, 0.00000002, 0.00000002, 0.00000002, 0.00000001, 0.00000001, -0.00000000, -0.00000001, -0.00000001, -0.00000001, -0.00000000, 0.00000001, 0.00000001, 0.00000000, 0.00000000
0.00097227, 0.00067792, 0.00054150, 0.00046308, 0.00041289, 0.00037803, 0.00035191, 0.00033190, 0.00031639, 0.00030400, 0.00029376, 0.00028510, 0.00027772, 0.00027144, 0.00026613, 0.00026166, 0.00025788, 0.00025469, 0.00025196, 0.00024442, 0.00024083, 0.00024020, 0.00024123, 0.00024254, 0.00024303, 0.00024189, 0.00023845, 0.00023214, 0.00022260, 0.00020970, 0.00019369, 0.00017508, 0.00015468, 0.00013339, 0.00011218, 0.00009188, 0.00007321, 0.00005666, 0.00004251, 0.00003085, 0.00002159, 0.00001451, 0.00000933, 0.00000570, 0.00000329, 0.00000177, 0.00000089, 0.00000042, 0.00000019, 0.00000010, 0.00000006, 0.00000004, 0.00000002, 0.00000000, -0.00000001, -0.00000002, -0.00000001, -0.00000001, -0.00000000, 0.00000000, 0.00000001, 0.00000000, -0.00000000, 0.00000000
0.00073031, 0.00052646, 0.00043495, 0.00038453, 0.00035400, 0.00033412, 0.00032025, 0.00031057, 0.00030390, 0.00029924, 0.00029593, 0.00029357, 0.00029197, 0.00029102, 0.00029060, 0.00029064, 0.00029103, 0.00029168, 0.00029254, 0.00029706, 0.00030233, 0.00030730, 0.00031070, 0.00031132, 0.00030825, 0.00030091, 0.00028899, 0.00027252, 0.00025188, 0.00022781, 0.00020134, 0.00017368, 0.00014608, 0.00011966, 0.00009536, 0.00007384, 0.00005548, 0.00004038, 0.00002841, 0.00001928, 0.00001260, 0.00000791, 0.00000476, 0.00000275, 0.00000153, 0.00000083, 0.00000044, 0.00000022, 0.00000009, 0.00000002, -0.00000003, -0.00000005, -0.00000005, -0.00000003, -0.00000000, 0.00000003, 0.00000004, 0.00000003, 0.00000001, -0.00000001, -0.00000003, -0.00000002, 0.00000001, 0.00000000
-0.00028068, -0.00008546, 0.00001170, 0.00007193, 0.00011398, 0.00014564, 0.00017097, 0.00019187, 0.00020946, 0.00022454, 0.00023773, 0.00024946, 0.00026000, 0.00026956, 0.00027828, 0.00028627, 0.00029364, 0.00030046, 0.00030681, 0.00032863, 0.00034617, 0.00036005, 0.00037007, 0.00037575, 0.00037644, 0.00037152, 0.00036054, 0.00034344, 0.00032059, 0.00029287, 0.00026153, 0.00022805, 0.00019399, 0.00016081, 0.00012977, 0.00010181, 0.00007753, 0.00005721, 0.00004083, 0.00002812, 0.00001865, 0.00001190, 0.00000730, 0.00000433, 0.00000250, 0.00000142, 0.00000080, 0.00000044, 0.00000021, 0.00000005, -0.00000005, -0.00000011, -0.00000012, -0.00000009, -0.00000002, 0.00000005, 0.00000010, 0.00000010, 0.00000005, -0.00000002, -0.00000007, -0.00000006, 0.00000001, 0.00000000
-0.00197818, -0.00113460, -0.00073634, -0.00050180, -0.00034625, -0.00023404, -0.00014698, -0.00007711, -0.00001969, 0.00002890, 0.00007122, 0.00010892, 0.00014298, 0.00017402, 0.00020249, 0.00022879, 0.00025325, 0.00027618, 0.00029784, 0.00037490, 0.00044000, 0.00049402, 0.00053673, 0.00056764, 0.00058594, 0.00059087, 0.00058214, 0.00056027, 0.00052666, 0.00048344, 0.00043326, 0.00037896, 0.00032336, 0.00026898, 0.00021792, 0.00017175, 0.00013149, 0.00009761, 0.00007013, 0.00004865, 0.00003253, 0.00002094, 0.00001297, 0.00000777, 0.00000453, 0.00000261, 0.00000150, 0.00000084, 0.00000042, 0.00000012, -0.00000009, -0.00000021, -0.00000023, -0.00000017, -0.00000005, 0.00000009, 0.00000018, 0.00000019, 0.00000011, -0.00000003, -0.00000013, -0.00000011, 0.00000002, 0.00000000
-0.00243361, -0.00140267, -0.00092243, -0.00064476, -0.00046486, -0.00033849, -0.00024328, -0.00016941, -0.00011096, -0.00006344, -0.00002366, 0.00001039, 0.00003993, 0.00006573, 0.00008839, 0.00010839, 0.00012620, 0.00014220, 0.00015672, 0.00020449, 0.00024098, 0.00026897, 0.00028998, 0.00030483, 0.00031358, 0.00031581, 0.00031115, 0.00029967, 0.00028195, 0.00025907, 0.00023239, 0.00020342, 0.00017364, 0.00014443, 0.00011692, 0.00009198, 0.00007019, 0.00005185, 0.00003699, 0.00002542, 0.00001681, 0.00001069, 0.00000656, 0.00000393, 0.00000234, 0.00000141, 0.00000088, 0.00000054, 0.00000028, 0.00000007, -0.00000009, -0.00000019, -0.00000021, -0.00000015, -0.00000004, 0.00000008, 0.00000016, 0.00000017, 0.00000010, -0.00000002, -0.00000011, -0.00000010, 0.00000001, 0.00000000
0.00142134, 0.00092208, 0.00069943, 0.00057734, 0.00050322, 0.00045484, 0.00042102, 0.00039708, 0.00038018, 0.00036807, 0.00035921, 0.00035265, 0.00034790, 0.00034464, 0.00034265, 0.00034171, 0.00034163, 0.00034221, 0.00034331, 0.00035081, 0.00036108, 0.00037253, 0.00038335, 0.00039169, 0.00039617, 0.00039588, 0.00039025, 0.00037891, 0.00036182, 0.00033927, 0.00031199, 0.00028104, 0.00024774, 0.00021354, 0.00017982, 0.00014780, 0.00011847, 0.00009248, 0.00007021, 0.00005174, 0.00003693, 0.00002545, 0.00001689, 0.00001074, 0.00000651, 0.00000375, 0.00000205, 0.00000106, 0.00000054, 0.00000028, 0.00000016, 0.00000010, 0.00000006, 0.00000003, -0.00000000, -0.00000002, -0.00000003, -0.00000002, -0.00000001, 0.00000001, 0.00000002, 0.00000001, -0.00000000, 0.00000000
0.00082644, 0.00060145, 0.00049916, 0.00044178, 0.00040626, 0.00038249, 0.00036536, 0.00035291, 0.00034384, 0.00033707, 0.00033185, 0.00032776, 0.00032456, 0.00032214, 0.00032038, 0.00031919, 0.00031846, 0.00031807, 0.00031796, 0.00031921, 0.00032196, 0.00032504, 0.00032699, 0.00032643, 0.00032235, 0.00031413, 0.00030143, 0.00028425, 0.00026292, 0.00023814, 0.00021091, 0.00018242, 0.00015391, 0.00012653, 0.00010125, 0.00007876, 0.00005946, 0.00004350, 0.00003077, 0.00002100, 0.00001378, 0.00000867, 0.00000522, 0.00000299, 0.00000164, 0.00000085, 0.00000043, 0.00000020, 0.00000008, 0.00000002, -0.00000001, -0.00000003, -0.00000003, -0.00000002, 0.00000000, 0.00000002, 0.00000003, 0.00000002, 0.00000001, -0.00000001, -0.00000002, -0.00000001, 0.00000001, 0.00000000
-0.00265629, -0.00154484, -0.00103362, -0.00074158, -0.00055439, -0.00042409, -0.00032662, -0.00025141, -0.00019208, -0.00014388, -0.00010348, -0.00006883, -0.00003868, -0.00001223, 0.00001110, 0.00003183, 0.00005042, 0.00006725, 0.00008266, 0.00013432, 0.00017496, 0.00020736, 0.00023317, 0.00025340, 0.00026823, 0.00027736, 0.00028045, 0.00027744, 0.00026863, 0.00025463, 0.00023630, 0.00021466, 0.00019079, 0.00016580, 0.00014074, 0.00011658, 0.00009411, 0.00007393, 0.00005642, 0.00004178, 0.00002996, 0.00002077, 0.00001392, 0.00000902, 0.00000566, 0.00000345, 0.00000204, 0.00000117, 0.00000062, 0.00000028, 0.00000006, -0.00000007, -0.00000012, -0.00000011, -0.00000005, 0.00000004, 0.00000010, 0.00000012, 0.00000007, -0.00000001, -0.00000007, -0.00000007, 0.00000001, 0.00000000
-0.00017353, -0.00000455, 0.00007565, 0.00012333, 0.00015572, 0.00017965, 0.00019855, 0.00021419, 0.00022756, 0.00023928, 0.00024976, 0.00025933, 0.00026822, 0.00027661, 0.00028460, 0.00029230, 0.00029974, 0.00030699, 0.00031406, 0.00034126, 0.00036749, 0.00039273, 0.00041595, 0.00043569, 0.00045041, 0.00045869, 0.00045932, 0.00045152, 0.00043505, 0.00041031, 0.00037836, 0.00034081, 0.00029961, 0.00025684, 0.00021450, 0.00017434, 0.00013773, 0.00010561, 0.00007846, 0.00005635, 0.00003904, 0.00002603, 0.00001665, 0.00001021, 0.00000599, 0.00000337, 0.00000183, 0.00000097, 0.00000048, 0.00000021, 0.00000005, -0.00000005, -0.00000009, -0.00000008, -0.00000004, 0.00000003, 0.00000008, 0.00000009, 0.00000006, -0.00000001, -0.00000006, -0.00000006, 0.00000001, 0.00000000
-0.00267624, -0.00158191, -0.00107785, -0.00078950, -0.00060454, -0.00047572, -0.00037930, -0.00030492, -0.00024630, -0.00019873, -0.00015893, -0.00012484, -0.00009523, -0.00006933, -0.00004653, -0.00002634, -0.00000830, 0.00000798, 0.00002284, 0.00007239, 0.00011121, 0.00014221, 0.00016720, 0.00018731, 0.00020281, 0.00021341, 0.00021874, 0.00021866, 0.00021339, 0.00020342, 0.00018950, 0.00017251, 0.00015342, 0.00013321, 0.00011282, 0.00009310, 0.00007475, 0.00005830, 0.00004410, 0.00003230, 0.00002287, 0.00001564, 0.00001033, 0.00000660, 0.00000410, 0.00000249, 0.00000148, 0.00000086, 0.00000046, 0.00000019, 0.00000001, -0.00000010, -0.00000014, -0.00000012, -0.00000005, 0.00000004, 0.00000011, 0.00000013, 0.00000008, -0.00000001, -0.00000008, -0.00000008, 0.00000001, 0.00000000
-0.00132528, -0.00074683, -0.00048274, -0.00033320, -0.00023828, -0.00017292, -0.00012460, -0.00008777, -0.00005912, -0.00003618, -0.00001725, -0.00000124, 0.00001248, 0.00002431, 0.00003456, 0.00004348, 0.00005130, 0.00005822, 0.00006441, 0.00008398, 0.00009764, 0.00010664, 0.00011187, 0.00011404, 0.00011351, 0.00011045, 0.00010504, 0.00009760, 0.00008862, 0.00007864, 0.00006822, 0.00005786, 0.00004795, 0.00003881, 0.00003064, 0.00002354, 0.00001757, 0.00001270, 0.00000887, 0.00000596, 0.00000386, 0.00000240, 0.00000145, 0.00000087, 0.00000053, 0.00000034, 0.00000023, 0.00000015, 0.00000008, 0.00000001, -0.00000004, -0.00000007, -0.00000008, -0.00000006, -0.00000002, 0.00000003, 0.00000006, 0.00000006, 0.00000004, -0.00000001, -0.00000004, -0.00000004, 0.00000000, 0.00000000
-0.00027845, -0.00005874, 0.00004904, 0.00011581, 0.00016298, 0.00019939, 0.00022947, 0.00025532, 0.00027811, 0.00029868, 0.00031763, 0.00033537, 0.00035212, 0.00036806, 0.00038328, 0.00039785, 0.00041184, 0.00042528, 0.00043821, 0.00048518, 0.00052421, 0.00055395, 0.00057299, 0.00058035, 0.00057558, 0.00055880, 0.00053084, 0.00049319, 0.00044794, 0.00039756, 0.00034464, 0.00029168, 0.00024086, 0.00019391, 0.00015206, 0.00011601, 0.00008597, 0.00006179, 0.00004297, 0.00002886, 0.00001869, 0.00001164, 0.00000699, 0.00000405, 0.00000229, 0.00000127, 0.00000070, 0.00000037, 0.00000017, 0.00000003, -0.00000006, -0.00000011, -0.00000011, -0.00000007, -0.00000001, 0.00000005, 0.00000008, 0.00000008, 0.00000004, -0.00000002, -0.00000006, -0.00000004, 0.00000001, 0.00000000
-0.00173569, -0.00098907, -0.00063934, -0.00043513, -0.00030085, -0.00020470, -0.00013056, -0.00007140, -0.00002299, 0.00001784, 0.00005337, 0.00008499, 0.00011355, 0.00013957, 0.00016344, 0.00018547, 0.00020595, 0.00022513, 0.00024322, 0.00030721, 0.00036007, 0.00040209, 0.00043310, 0.00045296, 0.00046151, 0.00045871, 0.00044502, 0.00042151, 0.00038989, 0.00035223, 0.00031082, 0.00026787, 0.00022541, 0.00018509, 0.00014818, 0.00011554, 0.00008760, 0.00006449, 0.00004600, 0.00003173, 0.00002114, 0.00001358, 0.00000842, 0.00000507, 0.00000298, 0.00000174, 0.00000101, 0.00000057, 0.00000028, 0.00000008, -0.00000006, -0.00000015, -0.00000016, -0.00000012, -0.00000003, 0.00000006, 0.00000012, 0.00000013, 0.00000007, -0.00000002, -0.00000009, -0.00000007, 0.00000001, 0.00000000
-0.00214359, -0.00125862, -0.00084570, -0.00060576, -0.00044901, -0.00033775, -0.00025280, -0.00018584, -0.00013187, -0.00008711, -0.00004886, -0.00001542, 0.00001421, 0.00004069, 0.00006449, 0.00008603, 0.00010568, 0.00012375, 0.00014053, 0.00019838, 0.00024557, 0.00028414, 0.00031499, 0.00033853, 0.00035450, 0.00036234, 0.00036158, 0.00035222, 0.00033487, 0.00031069, 0.00028124, 0.00024830, 0.00021370, 0.00017917, 0.00014618, 0.00011592, 0.00008919, 0.00006647, 0.00004788, 0.00003325, 0.00002223, 0.00001429, 0.00000884, 0.00000530, 0.00000312, 0.00000183, 0.00000108, 0.00000063, 0.00000032, 0.00000009, -0.00000008, -0.00000019, -0.00000021, -0.00000016, -0.00000005, 0.00000008, 0.00000016, 0.00000017, 0.00000010, -0.00000002, -0.00000011, -0.00000010, 0.00000001, 0.00000000
-0.00169031, -0.00105287, -0.00075714, -0.00058679, -0.00047705, -0.00040036, -0.00034275, -0.00029831, -0.00026344, -0.00023529, -0.00021187, -0.00019196, -0.00017483, -0.00016007, -0.00014731, -0.00013626, -0.00012664, -0.00011819, -0.00011070, -0.00008755, -0.00007211, -0.00006236, -0.00005657, -0.00005324, -0.00005141, -0.00005054, -0.00005023, -0.00005001, -0.00004944, -0.00004811, -0.00004580, -0.00004249, -0.00003829, -0.00003348, -0.00002838, -0.00002329, -0.00001848, -0.00001416, -0.00001043, -0.00000735, -0.00000491, -0.00000306, -0.00000172, -0.00000081, -0.00000024, 0.00000006, 0.00000019, 0.00000020, 0.00000014, 0.00000007, -0.00000001, -0.00000005, -0.00000006, -0.00000005, -0.00000001, 0.00000003, 0.00000006, 0.00000006, 0.00000003, -0.00000001, -0.00000004, -0.00000003, 0.00000000, 0.00000000
0.00101952, 0.00077814, 0.00066244, 0.00059359, 0.00054823, 0.00051573, 0.00049056, 0.00047076, 0.00045503, 0.00044211, 0.00043112, 0.00042155, 0.00041317, 0.00040585, 0.00039949, 0.00039396, 0.00038912, 0.00038485, 0.00038105, 0.00036925, 0.00036173, 0.00035758, 0.00035533, 0.00035339, 0.00035042, 0.00034534, 0.00033719, 0.00032513, 0.00030864, 0.00028760, 0.00026245, 0.00023406, 0.00020366, 0.00017266, 0.00014240, 0.00011409, 0.00008866, 0.00006667, 0.00004841, 0.00003383, 0.00002266, 0.00001449, 0.00000878, 0.00000502, 0.00000268, 0.00000132, 0.00000060, 0.00000025, 0.00000009, 0.00000002, -0.00000002, -0.00000005, -0.00000006, -0.00000005, -0.00000002, 0.00000001, 0.00000004, 0.00000004, 0.00000003, -0.00000001, -0.00000003, -0.00000003, 0.00000001, 0.00000000
-0.00350457, -0.00206137, -0.00139839, -0.00102064, -0.00077961, -0.00061284, -0.00048891, -0.00039411, -0.00032017, -0.00026084, -0.00021177, -0.00017021, -0.00013455, -0.00010375, -0.00007702, -0.00005370, -0.00003318, -0.00001494, 0.00000146, 0.00005457, 0.00009457, 0.00012549, 0.00014992, 0.00016955, 0.00018490, 0.00019567, 0.00020141, 0.00020188, 0.00019723, 0.00018795, 0.00017478, 0.00015862, 0.00014042, 0.00012118, 0.00010182, 0.00008318, 0.00006595, 0.00005066, 0.00003761, 0.00002694, 0.00001858, 0.00001234, 0.00000790, 0.00000491, 0.00000300, 0.00000183, 0.00000113, 0.00000069, 0.00000038, 0.00000014, -0.00000005, -0.00000017, -0.00000020, -0.00000016, -0.00000006, 0.00000007, 0.00000016, 0.00000018, 0.00000011, -0.00000001, -0.00000011, -0.00000011, 0.00000001, 0.00000000
0.00012694, 0.00002211, -0.00001785, -0.00003520, -0.00004263, -0.00004509, -0.00004485, -0.00004312, -0.00004052, -0.00003745, -0.00003412, -0.00003069, -0.00002725, -0.00002388, -0.00002061, -0.00001746, -0.00001445, -0.00001157, -0.00000885, 0.00000048, 0.00000726, 0.00001163, 0.00001388, 0.00001435, 0.00001340, 0.00001142, 0.00000881, 0.00000598, 0.00000329, 0.00000103, -0.00000064, -0.00000167, -0.00000209, -0.00000202, -0.00000161, -0.00000100, -0.00000034, 0.00000025, 0.00000072, 0.00000103, 0.00000116, 0.00000116, 0.00000104, 0.00000086, 0.00000066, 0.00000047, 0.00000030, 0.00000018, 0.00000010, 0.00000006, 0.00000004, 0.00000003, 0.00000003, 0.00000002, 0.00000001, -0.00000001, -0.00000002, -0.00000002, -0.00000001, 0.00000000, 0.00000001, 0.00000001, -0.00000000, 0.00000000
0.00182234, 0.00118502, 0.00089606, 0.00073423, 0.00063341, 0.00056551, 0.00051633, 0.00047998, 0.00045281, 0.00043197, 0.00041544, 0.00040202, 0.00039105, 0.00038210, 0.00037487, 0.00036908, 0.00036445, 0.00036075, 0.00035775, 0.00035033, 0.00034724, 0.00034644, 0.00034593, 0.00034386, 0.00033900, 0.00033072, 0.00031869, 0.00030279, 0.00028313, 0.00026009, 0.00023433, 0.00020679, 0.00017853, 0.00015066, 0.00012415, 0.00009981, 0.00007822, 0.00005967, 0.00004425, 0.00003183, 0.00002217, 0.00001489, 0.00000961, 0.00000592, 0.00000347, 0.00000191, 0.00000099, 0.00000048, 0.00000023, 0.00000012, 0.00000008, 0.00000007, 0.00000006, 0.00000003, 0.00000001, -0.00000002, -0.00000003, -0.00000003, -0.00000002, 0.00000000, 0.00000002, 0.00000002, -0.00000000, 0.00000000
-0.00035446, -0.00008246, 0.00004262, 0.00011416, 0.00016058, 0.00019328, 0.00021789, 0.00023726, 0.00025298, 0.00026608, 0.00027727, 0.00028706, 0.00029580, 0.00030375, 0.00031107, 0.00031790, 0.00032434, 0.00033045, 0.00033631, 0.00035813, 0.00037878, 0.00039876, 0.00041739, 0.00043344, 0.00044550, 0.00045215, 0.00045211, 0.00044440, 0.00042856, 0.00040476, 0.00037387, 0.00033731, 0.00029694, 0.00025480, 0.00021288, 0.00017296, 0.00013647, 0.00010440, 0.00007728, 0.00005521, 0.00003798, 0.00002507, 0.00001584, 0.00000955, 0.00000550, 0.00000303, 0.00000161, 0.00000083, 0.00000041, 0.00000017, 0.00000002, -0.00000007, -0.00000011, -0.00000010, -0.00000004, 0.00000003, 0.00000009, 0.00000010, 0.00000007, -0.00000001, -0.00000007, -0.00000006, 0.00000001, 0.00000000
0.00165427, 0.00110442, 0.00084696, 0.00069718, 0.00059977, 0.00053098, 0.00047868, 0.00043786, 0.00040542, 0.00037888, 0.00035646, 0.00033711, 0.00032020, 0.00030537, 0.00029233, 0.00028082, 0.00027057, 0.00026138, 0.00025304, 0.00022574, 0.00020523, 0.00018955, 0.00017693, 0.00016585, 0.00015538, 0.00014502, 0.00013450, 0.00012361, 0.00011222, 0.00010030, 0.00008800, 0.00007558, 0.00006340, 0.00005186, 0.00004128, 0.00003193, 0.00002395, 0.00001738, 0.00001216, 0.00000815, 0.00000520, 0.00000311, 0.00000170, 0.00000079, 0.00000026, -0.00000003, -0.00000014, -0.00000016, -0.00000012, -0.00000006, -0.00000001, 0.00000003, 0.00000004, 0.00000003, 0.00000001, -0.00000002, -0.00000004, -0.00000004, -0.00000003, 0.00000000, 0.00000003, 0.00000003, -0.00000000, 0.00000000
-0.00236756, -0.00133720, -0.00086563, -0.00059770, -0.00042702, -0.00030905, -0.00022139, -0.00015423, -0.00010169, -0.00005940, -0.00002425, 0.00000569, 0.00003156, 0.00005411, 0.00007386, 0.00009128, 0.00010678, 0.00012072, 0.00013340, 0.00017546, 0.00020807, 0.00023334, 0.00025239, 0.00026589, 0.00027387, 0.00027597, 0.00027190, 0.00026178, 0.00024618, 0.00022607, 0.00020268, 0.00017735, 0.00015136, 0.00012589, 0.00010193, 0.00008020, 0.00006121, 0.00004521, 0.00003224, 0.00002213, 0.00001460, 0.00000924, 0.00000563, 0.00000333, 0.00000195, 0.00000116, 0.00000071, 0.00000043, 0.00000022, 0.00000005, -0.00000008, -0.00000017, -0.00000018, -0.00000014, -0.00000004, 0.00000007, 0.00000014, 0.00000015, 0.00000008, -0.00000002, -0.00000010, -0.00000009, 0.00000001, 0.00000000
-0.00112998, -0.00057677, -0.00032086, -0.00017342, -0.00007759, -0.00000990, 0.00004146, 0.00008187, 0.00011451, 0.00014163, 0.00016481, 0.00018508, 0.00020310, 0.00021930, 0.00023401, 0.00024748, 0.00025992, 0.00027151, 0.00028242, 0.00032126, 0.00035515, 0.00038533, 0.00041175, 0.00043373, 0.00045019, 0.00045988, 0.00046165, 0.00045469, 0.00043878, 0.00041434, 0.00038246, 0.00034477, 0.00030324, 0.00025999, 0.00021708, 0.00017630, 0.00013908, 0.00010640, 0.00007879, 0.00005635, 0.00003883, 0.00002572, 0.00001634, 0.00000996, 0.00000583, 0.00000329, 0.00000182, 0.00000098, 0.00000050, 0.00000021, 0.00000002, -0.00000010, -0.00000015, -0.00000013, -0.00000005, 0.00000004, 0.00000012, 0.00000013, 0.00000008, -0.00000001, -0.00000009, -0.00000008, 0.00000001, 0.00000000
0.00040518, 0.00038829, 0.00038021, 0.00037522, 0.00037215, 0.00036984, 0.00036778, 0.00036611, 0.00036474, 0.00036343, 0.00036209, 0.00036069, 0.00035932, 0.00035801, 0.00035680, 0.00035566, 0.00035457, 0.00035351, 0.00035248, 0.00034865, 0.00034602, 0.00034493, 0.00034476, 0.00034460, 0.00034347, 0.00034028, 0.00033380, 0.00032287, 0.00030675, 0.00028528, 0.00025899, 0.00022900, 0.00019683, 0.00016416, 0.00013260, 0.00010353, 0.00007792, 0.00005636, 0.00003902, 0.00002574, 0.00001607, 0.00000944, 0.00000519, 0.00000266, 0.00000130, 0.00000064, 0.00000034, 0.00000019, 0.00000007, -0.00000004, -0.00000014, -0.00000020, -0.00000020, -0.00000013, -0.00000003, 0.00000008, 0.00000015, 0.00000015, 0.00000008, -0.00000003, -0.00000011, -0.00000009, 0.00000002, 0.00000000
0.00107932, 0.00078051, 0.00064682, 0.00057320, 0.00052862, 0.00049962, 0.00047940, 0.00046530, 0.00045561, 0.00044894, 0.00044431, 0.00044116, 0.00043924, 0.00043836, 0.00043840, 0.00043922, 0.00044068, 0.00044264, 0.00044501, 0.00045713, 0.00047163, 0.00048642, 0.00049895, 0.00050677, 0.00050801, 0.00050139, 0.00048625, 0.00046257, 0.00043097, 0.00039272, 0.00034962, 0.00030379, 0.00025739, 0.00021245, 0.00017066, 0.00013326, 0.00010101, 0.00007420, 0.00005271, 0.00003614, 0.00002384, 0.00001510, 0.00000916, 0.00000531, 0.00000295, 0.00000158, 0.00000081, 0.00000040, 0.00000017, 0.00000004, -0.00000003, -0.00000007, -0.00000008, -0.00000005, -0.00000001, 0.00000004, 0.00000006, 0.00000006, 0.00000003, -0.00000002, -0.00000004, -0.00000003, 0.00000001, 0.00000000
-0.00137046, -0.00076294, -0.00047738, -0.00030968, -0.00019859, -0.00011839, -0.00005605, -0.00000585, 0.00003562, 0.00007091, 0.00010185, 0.00012957, 0.00015476, 0.00017784, 0.00019913, 0.00021889, 0.00023734, 0.00025470, 0.00027113, 0.00032955, 0.00037824, 0.00041746, 0.00044699, 0.00046656, 0.00047585, 0.00047467, 0.00046323, 0.00044231, 0.00041321, 0.00037766, 0.00033765, 0.00029523, 0.00025235, 0.00021073, 0.00017179, 0.00013657, 0.00010574, 0.00007962, 0.00005821, 0.00004124, 0.00002826, 0.00001871, 0.00001196, 0.00000738, 0.00000442, 0.00000257, 0.00000147, 0.00000081, 0.00000041, 0.00000016, -0.00000001, -0.00000010, -0.00000013, -0.00000010, -0.00000003, 0.00000004, 0.00000010, 0.00000011, 0.00000006, -0.00000001, -0.00000007, -0.00000006, 0.00000001, 0.00000000
-0.00060184, -0.00022247, -0.00003850, 0.00007352, 0.00015104, 0.00020951, 0.00025685, 0.00029675, 0.00033129, 0.00036198, 0.00038992, 0.00041587, 0.00044030, 0.00046353, 0.00048576, 0.00050715, 0.00052783, 0.00054790, 0.00056744, 0.00064146, 0.00070925, 0.00076904, 0.00081802, 0.00085339, 0.00087271, 0.00087424, 0.00085717, 0.00082196, 0.00077035, 0.00070520, 0.00063023, 0.00054955, 0.00046729, 0.00038719, 0.00031233, 0.00024500, 0.00018663, 0.00013783, 0.00009849, 0.00006795, 0.00004517, 0.00002887, 0.00001774, 0.00001049, 0.00000600, 0.00000336, 0.00000185, 0.00000099, 0.00000047, 0.00000013, -0.00000009, -0.00000022, -0.00000024, -0.00000017, -0.00000004, 0.00000010, 0.00000019, 0.00000019, 0.00000010, -0.00000003, -0.00000013, -0.00000011, 0.00000002, 0.00000000
-0.00116390, -0.00059156, -0.00032805, -0.00017681, -0.00007889, -0.00000985, 0.00004253, 0.00008381, 0.00011722, 0.00014512, 0.00016914, 0.00019033, 0.00020934, 0.00022657, 0.00024234, 0.00025689, 0.00027042, 0.00028311, 0.00029511, 0.00033809, 0.00037499, 0.00040618, 0.00043118, 0.00044928, 0.00045964, 0.00046144, 0.00045423, 0.00043805, 0.00041357, 0.00038200, 0.00034499, 0.00030445, 0.00026237, 0.00022062, 0.00018085, 0.00014435, 0.00011204, 0.00008442, 0.00006163, 0.00004351, 0.00002965, 0.00001945, 0.00001228, 0.00000746, 0.00000438, 0.00000250, 0.00000140, 0.00000076, 0.00000038, 0.00000014, -0.00000002, -0.00000011, -0.00000014, -0.00000011, -0.00000004, 0.00000005, 0.00000011, 0.00000012, 0.00000007, -0.00000001, -0.00000008, -0.00000007, 0.00000001, 0.00000000
-0.00297247, -0.00170334, -0.00111852, -0.00078365, -0.00056838, -0.00041807, -0.00030515, -0.00021753, -0.00014801, -0.00009116, -0.00004314, -0.00000155, 0.00003502, 0.00006748, 0.00009649, 0.00012260, 0.00014632, 0.00016809, 0.00018828, 0.00025800, 0.00031505, 0.00036129, 0.00039739, 0.00042361, 0.00043957, 0.00044461, 0.00043839, 0.00042132, 0.00039465, 0.00036032, 0.00032063, 0.00027803, 0.00023484, 0.00019307, 0.00015433, 0.00011976, 0.00009005, 0.00006546, 0.00004589, 0.00003093, 0.00002000, 0.00001241, 0.00000741, 0.00000431, 0.00000250, 0.00000150, 0.00000093, 0.00000056, 0.00000028, 0.00000004, -0.00000015, -0.00000026, -0.00000028, -0.00000020, -0.00000005, 0.00000011, 0.00000021, 0.00000021, 0.00000012, -0.00000003, -0.00000014, -0.00000012, 0.00000002, 0.00000000
-0.00119209, -0.00066676, -0.00042277, -0.00028181, -0.00019028, -0.00012572, -0.00007683, -0.00003856, -0.00000794, 0.00001726, 0.00003863, 0.00005716, 0.00007347, 0.00008794, 0.00010087, 0.00011250, 0.00012305, 0.00013270, 0.00014162, 0.00017207, 0.00019661, 0.00021635, 0.00023171, 0.00024277, 0.00024928, 0.00025084, 0.00024714, 0.00023821, 0.00022443, 0.00020657, 0.00018565, 0.00016283, 0.00013928, 0.00011609, 0.00009418, 0.00007428, 0.00005685, 0.00004215, 0.00003021, 0.00002088, 0.00001390, 0.00000889, 0.00000548, 0.00000327, 0.00000192, 0.00000112, 0.00000066, 0.00000038, 0.00000019, 0.00000005, -0.00000005, -0.00000012, -0.00000013, -0.00000009, -0.00000003, 0.00000005, 0.00000010, 0.00000010, 0.00000006, -0.00000001, -0.00000007, -0.00000006, 0.00000001, 0.00000000
-0.00069373, -0.00036080, -0.00020974, -0.00012462, -0.00007073, -0.00003368, -0.00000633, 0.00001455, 0.00003087, 0.00004400, 0.00005489, 0.00006414, 0.00007210, 0.00007902, 0.00008506, 0.00009037, 0.00009507, 0.00009927, 0.00010306, 0.00011521, 0.00012381, 0.00012948, 0.00013253, 0.00013318, 0.00013155, 0.00012764, 0.00012156, 0.00011352, 0.00010388, 0.00009310, 0.00008168, 0.00007011, 0.00005885, 0.00004826, 0.00003862, 0.00003012, 0.00002286, 0.00001684, 0.00001203, 0.00000831, 0.00000554, 0.00000357, 0.00000222, 0.00000134, 0.00000080, 0.00000048, 0.00000028, 0.00000017, 0.00000008, 0.00000002, -0.00000002, -0.00000004, -0.00000005, -0.00000004, -0.00000001, 0.00000002, 0.00000004, 0.00000004, 0.00000002, -0.00000001, -0.00000003, -0.00000002, 0.00000000, 0.00000000
0.00287736, 0.00184971, 0.00139062, 0.00113813, 0.00098430, 0.00088349, 0.00081283, 0.00076267, 0.00072709, 0.00070151, 0.00068276, 0.00066895, 0.00065903, 0.00065235, 0.00064840, 0.00064670, 0.00064684, 0.00064840, 0.00065108, 0.00066856, 0.00069156, 0.00071551, 0.00073577, 0.00074819, 0.00074999, 0.00073966, 0.00071668, 0.00068135, 0.00063477, 0.00057884, 0.00051611, 0.00044954, 0.00038218, 0.00031689, 0.00025604, 0.00020141, 0.00015407, 0.00011445, 0.00008244, 0.00005746, 0.00003866, 0.00002504, 0.00001556, 0.00000925, 0.00000523, 0.00000281, 0.00000143, 0.00000068, 0.00000031, 0.00000013, 0.00000004, 0.00000001, -0.00000000, -0.00000000, 0.00000001, 0.00000001, 0.00000002, 0.00000001, -0.00000000, -0.00000001, -0.00000001, -0.00000000, 0.00000001, 0.00000000
-0.00142089, -0.00063973, -0.00028841, -0.00009171, 0.00003265, 0.00011844, 0.00018238, 0.00023204, 0.00027184, 0.00030487, 0.00033329, 0.00035845, 0.00038115, 0.00040188, 0.00042098, 0.00043873, 0.00045536, 0.00047105, 0.00048596, 0.00053961, 0.00058445, 0.00061919, 0.00064227, 0.00065258, 0.00064941, 0.00063258, 0.00060270, 0.00056128, 0.00051066, 0.00045369, 0.00039346, 0.00033294, 0.00027471, 0.00022084, 0.00017279, 0.00013141, 0.00009696, 0.00006928, 0.00004781, 0.00003180, 0.00002033, 0.00001248, 0.00000737, 0.00000422, 0.00000238, 0.00000135, 0.00000078, 0.00000043, 0.00000020, 0.00000002, -0.00000011, -0.00000018, -0.00000018, -0.00000012, -0.00000002, 0.00000008, 0.00000014, 0.00000014, 0.00000007, -0.00000003, -0.00000009, -0.00000008, 0.00000001, 0.00000000
-0.00140926, -0.00070035, -0.00037401, -0.00018655, -0.00006495, 0.00002100, 0.00008650, 0.00013838, 0.00018061, 0.00021611, 0.00024689, 0.00027428, 0.00029905, 0.00032171, 0.00034262, 0.00036205, 0.00038027, 0.00039748, 0.00041386, 0.00047330, 0.00052492, 0.00056839, 0.00060248, 0.00062589, 0.00063731, 0.00063570, 0.00062066, 0.00059268, 0.00055317, 0.00050436, 0.00044903, 0.00039015, 0.00033064, 0.00027310, 0.00021963, 0.00017178, 0.00013047, 0.00009605, 0.00006841, 0.00004702, 0.00003113, 0.00001982, 0.00001214, 0.00000718, 0.00000413, 0.00000234, 0.00000132, 0.00000073, 0.00000035, 0.00000009, -0.00000009, -0.00000019, -0.00000021, -0.00000015, -0.00000004, 0.00000008, 0.00000016, 0.00000017, 0.00000009, -0.00000003, -0.00000012, -0.00000010, 0.00000002, 0.00000000
-0.00067651, -0.00028943, -0.00011082, -0.00000822, 0.00005834, 0.00010528, 0.00014084, 0.00016886, 0.00019153, 0.00021041, 0.00022662, 0.00024090, 0.00025371, 0.00026537, 0.00027607, 0.00028598, 0.00029525, 0.00030400, 0.00031232, 0.00034271, 0.00036986, 0.00039371, 0.00041331, 0.00042751, 0.00043508, 0.00043492, 0.00042629, 0.00040903, 0.00038371, 0.00035155, 0.00031427, 0.00027391, 0.00023256, 0.00019217, 0.00015436, 0.00012037, 0.00009096, 0.00006647, 0.00004686, 0.00003179, 0.00002069, 0.00001289, 0.00000769, 0.00000441, 0.00000246, 0.00000136, 0.00000076, 0.00000042, 0.00000020, 0.00000003, -0.00000009, -0.00000016, -0.00000017, -0.00000012, -0.00000003, 0.00000007, 0.00000013, 0.00000013, 0.00000007, -0.00000002, -0.00000009, -0.00000008, 0.00000001, 0.00000000
-0.00098876, -0.00054319, -0.00032923, -0.00020057, -0.00011331, -0.00004884, 0.00000233, 0.00004430, 0.00007955, 0.00010996, 0.00013690, 0.00016122, 0.00018343, 0.00020383, 0.00022265, 0.00024010, 0.00025633, 0.00027152, 0.00028578, 0.00033521, 0.00037387, 0.00040196, 0.00041948, 0.00042664, 0.00042370, 0.00041111, 0.00038975, 0.00036094, 0.00032647, 0.00028835, 0.00024863, 0.00020923, 0.00017174, 0.00013740, 0.00010703, 0.00008106, 0.00005959, 0.00004244, 0.00002921, 0.00001939, 0.00001239, 0.00000761, 0.00000452, 0.00000261, 0.00000150, 0.00000087, 0.00000052, 0.00000030, 0.00000014, 0.00000002, -0.00000007, -0.00000012, -0.00000012, -0.00000008, -0.00000001, 0.00000005, 0.00000009, 0.00000009, 0.00000005, -0.00000002, -0.00000006, -0.00000005, 0.00000001, 0.00000000
0.00033056, 0.00024617, 0.00021243, 0.00019650, 0.00018872, 0.00018501, 0.00018341, 0.00018313, 0.00018370, 0.00018474, 0.00018599, 0.00018735, 0.00018874, 0.00019015, 0.00019156, 0.00019293, 0.00019426, 0.00019552, 0.00019671, 0.00020053, 0.00020290, 0.00020376, 0.00020286, 0.00019988, 0.00019459, 0.00018685, 0.00017665, 0.00016414, 0.00014965, 0.00013367, 0.00011684, 0.00009981, 0.00008325, 0.00006774, 0.00005371, 0.00004145, 0.00003110, 0.00002266, 0.00001601, 0.00001096, 0.00000725, 0.00000464, 0.00000287, 0.00000173, 0.00000101, 0.00000058, 0.00000032, 0.00000017, 0.00000008, 0.00000002, -0.00000002, -0.00000003, -0.00000003, -0.00000002, -0.00000000, 0.00000001, 0.00000002, 0.00000002, 0.00000001, -0.00000001, -0.00000002, -0.00000001, 0.00000000, 0.00000000
-0.00370564, -0.00214914, -0.00142833, -0.00101350, -0.00074545, -0.00055738, -0.00041567, -0.00030546, -0.00021781, -0.00014608, -0.00008560, -0.00003342, 0.00001223, 0.00005253, 0.00008833, 0.00012038, 0.00014933, 0.00017574, 0.00020007, 0.00028305, 0.00035062, 0.00040708, 0.00045449, 0.00049368, 0.00052419, 0.00054479, 0.00055422, 0.00055168, 0.00053714, 0.00051135, 0.00047576, 0.00043240, 0.00038365, 0.00033205, 0.00028008, 0.00022999, 0.00018360, 0.00014227, 0.00010683, 0.00007758, 0.00005438, 0.00003672, 0.00002387, 0.00001493, 0.00000902, 0.00000529, 0.00000303, 0.00000169, 0.00000088, 0.00000037, 0.00000004, -0.00000016, -0.00000025, -0.00000021, -0.00000009, 0.00000007, 0.00000019, 0.00000023, 0.00000014, -0.00000001, -0.00000015, -0.00000014, 0.00000002, 0.00000000
-0.00033757, -0.00016880, -0.00009028, -0.00004479, -0.00001513, 0.00000588, 0.00002185, 0.00003439, 0.00004447, 0.00005279, 0.00005985, 0.00006598, 0.00007136, 0.00007612, 0.00008036, 0.00008416, 0.00008759, 0.00009070, 0.00009355, 0.00010295, 0.00010982, 0.00011447, 0.00011700, 0.00011748, 0.00011591, 0.00011233, 0.00010682, 0.00009960, 0.00009100, 0.00008145, 0.00007137, 0.00006122, 0.00005136, 0.00004213, 0.00003375, 0.00002638, 0.00002010, 0.00001490, 0.00001074, 0.00000751, 0.00000509, 0.00000334, 0.00000213, 0.00000132, 0.00000080, 0.00000048, 0.00000028, 0.00000016, 0.00000008, 0.00000003, -0.00000001, -0.00000003, -0.00000003, -0.00000002, -0.00000001, 0.00000001, 0.00000002, 0.00000003, 0.00000001, -0.00000000, -0.00000002, -0.00000001, 0.00000000, 0.00000000
-0.00112306, -0.00052379, -0.00025200, -0.00009955, -0.00000365, 0.00006167, 0.00010923, 0.00014499, 0.00017248, 0.00019417, 0.00021178, 0.00022642, 0.00023880, 0.00024938, 0.00025850, 0.00026645, 0.00027345, 0.00027968, 0.00028533, 0.00030408, 0.00031929, 0.00033208, 0.00034246, 0.00034996, 0.00035378, 0.00035299, 0.00034682, 0.00033486, 0.00031716, 0.00029425, 0.00026708, 0.00023690, 0.00020513, 0.00017319, 0.00014239, 0.00011384, 0.00008833, 0.00006638, 0.00004818, 0.00003368, 0.00002259, 0.00001448, 0.00000884, 0.00000511, 0.00000280, 0.00000146, 0.00000073, 0.00000035, 0.00000014, 0.00000001, -0.00000007, -0.00000012, -0.00000013, -0.00000010, -0.00000004, 0.00000004, 0.00000010, 0.00000011, 0.00000006, -0.00000001, -0.00000007, -0.00000006, 0.00000001, 0.00000000
-0.00061413, -0.00020868, -0.00001763, 0.00009462, 0.00016940, 0.00022346, 0.00026540, 0.00029933, 0.00032753, 0.00035156, 0.00037260, 0.00039148, 0.00040876, 0.00042480, 0.00043986, 0.00045411, 0.00046770, 0.00048076, 0.00049341, 0.00054153, 0.00058784, 0.00063229, 0.00067295, 0.00070726, 0.00073244, 0.00074572, 0.00074475, 0.00072811, 0.00069565, 0.00064864, 0.00058960, 0.00052196, 0.00044965, 0.00037658, 0.00030627, 0.00024157, 0.00018448, 0.00013614, 0.00009685, 0.00006625, 0.00004345, 0.00002727, 0.00001637, 0.00000944, 0.00000528, 0.00000293, 0.00000165, 0.00000091, 0.00000044, 0.00000009, -0.00000017, -0.00000032, -0.00000034, -0.00000024, -0.00000006, 0.00000014, 0.00000027, 0.00000027, 0.00000014, -0.00000005, -0.00000019, -0.00000016, 0.00000003, 0.00000000
-0.00140303, -0.00076913, -0.00047098, -0.00029637, -0.00018142, -0.00009925, -0.00003626, 0.00001360, 0.00005395, 0.00008749, 0.00011616, 0.00014120, 0.00016337, 0.00018315, 0.00020093, 0.00021700, 0.00023165, 0.00024510, 0.00025757, 0.00030022, 0.00033453, 0.00036203, 0.00038318, 0.00039802, 0.00040612, 0.00040694, 0.00040008, 0.00038557, 0.00036396, 0.00033628, 0.00030393, 0.00026853, 0.00023178, 0.00019527, 0.00016043, 0.00012838, 0.00009993, 0.00007554, 0.00005536, 0.00003925, 0.00002688, 0.00001775, 0.00001130, 0.00000695, 0.00000414, 0.00000242, 0.00000139, 0.00000078, 0.00000040, 0.00000015, -0.00000001, -0.00000011, -0.00000014, -0.00000011, -0.00000004, 0.00000005, 0.00000011, 0.00000012, 0.00000007, -0.00000001, -0.00000008, -0.00000007, 0.00000001, 0.00000000
0.00061264, 0.00044991, 0.00038688, 0.00035881, 0.00034680, 0.00034282, 0.00034305, 0.00034600, 0.00035070, 0.00035640, 0.00036262, 0.00036913, 0.00037584, 0.00038270, 0.00038968, 0.00039672, 0.00040378, 0.00041080, 0.00041776, 0.00044456, 0.00046938, 0.00049141, 0.00050908, 0.00052072, 0.00052491, 0.00052058, 0.00050713, 0.00048451, 0.00045333, 0.00041490, 0.00037103, 0.00032389, 0.00027578, 0.00022881, 0.00018482, 0.00014516, 0.00011072, 0.00008187, 0.00005859, 0.00004049, 0.00002697, 0.00001727, 0.00001063, 0.00000629, 0.00000359, 0.00000199, 0.00000108, 0.00000057, 0.00000027, 0.00000008, -0.00000004, -0.00000010, -0.00000011, -0.00000008, -0.00000002, 0.00000005, 0.00000009, 0.00000009, 0.00000004, -0.00000002, -0.00000006, -0.00000005, 0.00000001, 0.00000000
-0.00018954, -0.00006362, 0.00000019, 0.00004061, 0.00006945, 0.00009162, 0.00010972, 0.00012497, 0.00013806, 0.00014952, 0.00015971, 0.00016893, 0.00017736, 0.00018513, 0.00019233, 0.00019903, 0.00020529, 0.00021118, 0.00021672, 0.00023631, 0.00025271, 0.00026630, 0.00027686, 0.00028396, 0.00028708, 0.00028569, 0.00027941, 0.00026813, 0.00025209, 0.00023191, 0.00020851, 0.00018305, 0.00015677, 0.00013084, 0.00010631, 0.00008399, 0.00006442, 0.00004789, 0.00003443, 0.00002390, 0.00001598, 0.00001027, 0.00000634, 0.00000377, 0.00000217, 0.00000123, 0.00000068, 0.00000037, 0.00000018, 0.00000006, -0.00000003, -0.00000008, -0.00000009, -0.00000006, -0.00000002, 0.00000003, 0.00000007, 0.00000007, 0.00000004, -0.00000001, -0.00000005, -0.00000004, 0.00000001, 0.00000000
0.00045538, 0.00037452, 0.00034597, 0.00033540, 0.00033306, 0.00033454, 0.00033778, 0.00034219, 0.00034731, 0.00035266, 0.00035799, 0.00036319, 0.00036828, 0.00037329, 0.00037824, 0.00038310, 0.00038787, 0.00039251, 0.00039702, 0.00041379, 0.00042931, 0.00044399, 0.00045710, 0.00046747, 0.00047384, 0.00047497, 0.00046965, 0.00045691, 0.00043629, 0.00040799, 0.00037298, 0.00033282, 0.00028952, 0.00024522, 0.00020200, 0.00016161, 0.00012538, 0.00009417, 0.00006833, 0.00004778, 0.00003212, 0.00002070, 0.00001277, 0.00000754, 0.00000428, 0.00000236, 0.00000127, 0.00000067, 0.00000033, 0.00000011, -0.00000004, -0.00000013, -0.00000015, -0.00000012, -0.00000004, 0.00000006, 0.00000012, 0.00000013, 0.00000007, -0.00000002, -0.00000009, -0.00000007, 0.00000001, 0.00000000
-0.00001111, 0.00007016, 0.00010536, 0.00012392, 0.00013481, 0.00014155, 0.00014587, 0.00014866, 0.00015041, 0.00015144, 0.00015194, 0.00015207, 0.00015195, 0.00015164, 0.00015120, 0.00015067, 0.00015006, 0.00014941, 0.00014872, 0.00014592, 0.00014342, 0.00014126, 0.00013919, 0.00013682, 0.00013376, 0.00012962, 0.00012407, 0.00011690, 0.00010811, 0.00009787, 0.00008656, 0.00007465, 0.00006267, 0.00005112, 0.00004045, 0.00003097, 0.00002289, 0.00001626, 0.00001107, 0.00000717, 0.00000439, 0.00000252, 0.00000134, 0.00000065, 0.00000029, 0.00000013, 0.00000006, 0.00000002, 0.00000000, -0.00000002, -0.00000004, -0.00000006, -0.00000005, -0.00000003, -0.00000001, 0.00000002, 0.00000004, 0.00000004, 0.00000002, -0.00000001, -0.00000003, -0.00000002, 0.00000000, 0.00000000
-0.00023071, 0.00003446, 0.00015544, 0.00022442, 0.00026929, 0.00030119, 0.00032554, 0.00034508, 0.00036135, 0.00037531, 0.00038763, 0.00039876, 0.00040901, 0.00041858, 0.00042762, 0.00043623, 0.00044447, 0.00045240, 0.00046005, 0.00048838, 0.00051319, 0.00053355, 0.00054799, 0.00055505, 0.00055361, 0.00054297, 0.00052297, 0.00049407, 0.00045737, 0.00041449, 0.00036742, 0.00031834, 0.00026937, 0.00022241, 0.00017901, 0.00014028, 0.00010687, 0.00007903, 0.00005660, 0.00003918, 0.00002615, 0.00001678, 0.00001034, 0.00000611, 0.00000347, 0.00000190, 0.00000101, 0.00000052, 0.00000024, 0.00000007, -0.00000004, -0.00000009, -0.00000011, -0.00000008, -0.00000002, 0.00000004, 0.00000008, 0.00000008, 0.00000005, -0.00000001, -0.00000006, -0.00000005, 0.00000001, 0.00000000
-0.00553763, -0.00335084, -0.00234316, -0.00176657, -0.00139696, -0.00113980, -0.00094734, -0.00079902, -0.00068239, -0.00058794, -0.00050899, -0.00044141, -0.00038278, -0.00033160, -0.00028671, -0.00024714, -0.00021197, -0.00018040, -0.00015177, -0.00005794, 0.00001257, 0.00006533, 0.00010449, 0.00013340, 0.00015379, 0.00016623, 0.00017109, 0.00016907, 0.00016133, 0.00014927, 0.00013432, 0.00011776, 0.00010068, 0.00008390, 0.00006806, 0.00005365, 0.00004097, 0.00003022, 0.00002146, 0.00001463, 0.00000957, 0.00000603, 0.00000372, 0.00000231, 0.00000151, 0.00000107, 0.00000079, 0.00000055, 0.00000031, 0.00000006, -0.00000016, -0.00000029, -0.00000032, -0.00000024, -0.00000007, 0.00000011, 0.00000023, 0.00000025, 0.00000015, -0.00000003, -0.00000016, -0.00000015, 0.00000002, 0.00000000
0.00114813, 0.00081636, 0.00066685, 0.00058382, 0.00053300, 0.00049951, 0.00047575, 0.00045883, 0.00044689, 0.00043836, 0.00043212, 0.00042753, 0.00042429, 0.00042224, 0.00042124, 0.00042114, 0.00042179, 0.00042306, 0.00042482, 0.00043526, 0.00044965, 0.00046659, 0.00048388, 0.00049905, 0.00050999, 0.00051502, 0.00051280, 0.00050234, 0.00048321, 0.00045561, 0.00042046, 0.00037931, 0.00033418, 0.00028724, 0.00024067, 0.00019636, 0.00015582, 0.00012011, 0.00008976, 0.00006491, 0.00004530, 0.00003042, 0.00001959, 0.00001205, 0.00000705, 0.00000392, 0.00000207, 0.00000105, 0.00000052, 0.00000025, 0.00000011, 0.00000003, -0.00000001, -0.00000003, -0.00000002, -0.00000001, 0.00000002, 0.00000003, 0.00000002, 0.00000000, -0.00000002, -0.00000002, 0.00000000, 0.00000000
0.00027297, 0.00020149, 0.00017418, 0.00016249, 0.00015804, 0.00015724, 0.00015835, 0.00016072, 0.00016393, 0.00016762, 0.00017155, 0.00017562, 0.00017977, 0.00018398, 0.00018824, 0.00019253, 0.00019682, 0.00020109, 0.00020532, 0.00022156, 0.00023651, 0.00024983, 0.00026084, 0.00026876, 0.00027293, 0.00027288, 0.00026831, 0.00025917, 0.00024565, 0.00022823, 0.00020764, 0.00018482, 0.00016082, 0.00013669, 0.00011338, 0.00009170, 0.00007222, 0.00005532, 0.00004115, 0.00002967, 0.00002069, 0.00001392, 0.00000901, 0.00000560, 0.00000334, 0.00000191, 0.00000105, 0.00000055, 0.00000028, 0.00000013, 0.00000005, 0.00000000, -0.00000002, -0.00000002, -0.00000001, 0.00000001, 0.00000002, 0.00000003, 0.00000002, -0.00000000, -0.00000002, -0.00000002, 0.00000000, 0.00000000
0.00186221, 0.00119393, 0.00088626, 0.00071139, 0.00060075, 0.00052517, 0.00046976, 0.00042823, 0.00039669, 0.00037210, 0.00035231, 0.00033599, 0.00032238, 0.00031100, 0.00030148, 0.00029349, 0.00028673, 0.00028092, 0.00027583, 0.00025975, 0.00024696, 0.00023531, 0.00022325, 0.00020970, 0.00019435, 0.00017746, 0.00015956, 0.00014118, 0.00012280, 0.00010486, 0.00008776, 0.00007188, 0.00005755, 0.00004498, 0.00003429, 0.00002549, 0.00001847, 0.00001305, 0.00000898, 0.00000602, 0.00000392, 0.00000246, 0.00000147, 0.00000082, 0.00000040, 0.00000015, 0.00000001, -0.00000004, -0.00000004, -0.00000000, 0.00000004, 0.00000007, 0.00000008, 0.00000006, 0.00000002, -0.00000002, -0.00000006, -0.00000006, -0.00000004, 0.00000000, 0.00000004, 0.00000004, -0.00000000, 0.00000000
0.00146137, 0.00094962, 0.00072556, 0.00060535, 0.00053432, 0.00048945, 0.00045927, 0.00043899, 0.00042566, 0.00041702, 0.00041151, 0.00040822, 0.00040665, 0.00040649, 0.00040753, 0.00040955, 0.00041235, 0.00041574, 0.00041956, 0.00043724, 0.00045639, 0.00047494, 0.00049054, 0.00050093, 0.00050448, 0.00050023, 0.00048773, 0.00046703, 0.00043869, 0.00040375, 0.00036373, 0.00032046, 0.00027591, 0.00023196, 0.00019027, 0.00015215, 0.00011848, 0.00008973, 0.00006600, 0.00004705, 0.00003245, 0.00002158, 0.00001381, 0.00000847, 0.00000497, 0.00000278, 0.00000148, 0.00000075, 0.00000036, 0.00000017, 0.00000007, 0.00000002, 0.00000000, -0.00000001, -0.00000000, 0.00000000, 0.00000001, 0.00000001, 0.00000001, -0.00000000, -0.00000001, -0.00000001, 0.00000000, 0.00000000
-0.00107449, -0.00048058, -0.00020607, -0.00004858, 0.00005299, 0.00012396, 0.00017707, 0.00021820, 0.00025074, 0.00027717, 0.00029925, 0.00031813, 0.00033457, 0.00034904, 0.00036187, 0.00037334, 0.00038370, 0.00039315, 0.00040186, 0.00043182, 0.00045683, 0.00047783, 0.00049439, 0.00050563, 0.00051031, 0.00050707, 0.00049485, 0.00047324, 0.00044270, 0.00040448, 0.00036053, 0.00031316, 0.00026480, 0.00021771, 0.00017380, 0.00013449, 0.00010067, 0.00007270, 0.00005049, 0.00003362, 0.00002137, 0.00001293, 0.00000745, 0.00000411, 0.00000222, 0.00000121, 0.00000069, 0.00000039, 0.00000017, -0.00000001, -0.00000016, -0.00000024, -0.00000024, -0.00000016, -0.00000003, 0.00000010, 0.00000019, 0.00000019, 0.00000010, -0.00000003, -0.00000013, -0.00000011, 0.00000002, 0.00000000
0.00003362, 0.00003314, 0.00003373, 0.00003489, 0.00003631, 0.00003785, 0.00003941, 0.00004096, 0.00004247, 0.00004391, 0.00004526, 0.00004650, 0.00004760, 0.00004858, 0.00004941, 0.00005011, 0.00005066, 0.00005108, 0.00005136, 0.00005104, 0.00004847, 0.00004390, 0.00003776, 0.00003056, 0.00002286, 0.00001519, 0.00000804, 0.00000183, -0.00000317, -0.00000682, -0.00000912, -0.00001021, -0.00001029, -0.00000960, -0.00000840, -0.00000695, -0.00000543, -0.00000401, -0.00000277, -0.00000178, -0.00000104, -0.00000052, -0.00000020, -0.00000003, 0.00000005, 0.00000006, 0.00000005, 0.00000004, 0.00000002, 0.00000002, 0.00000002, 0.00000002, 0.00000002, 0.00000002, 0.00000000, -0.00000001, -0.00000002, -0.00000002, -0.00000001, 0.00000000, 0.00000001, 0.00000001, -0.00000000, 0.00000000
0.00054213, 0.00039310, 0.00033471, 0.00030838, 0.00029693, 0.00029308, 0.00029322, 0.00029600, 0.00030060, 0.00030630, 0.00031262, 0.00031931, 0.00032627, 0.00033346, 0.00034086, 0.00034841, 0.00035607, 0.00036380, 0.00037154, 0.00040209, 0.00043159, 0.00045937, 0.00048406, 0.00050395, 0.00051753, 0.00052359, 0.00052128, 0.00051009, 0.00049004, 0.00046167, 0.00042612, 0.00038497, 0.00034016, 0.00029374, 0.00024769, 0.00020377, 0.00016339, 0.00012752, 0.00009673, 0.00007119, 0.00005072, 0.00003489, 0.00002311, 0.00001469, 0.00000894, 0.00000519, 0.00000288, 0.00000153, 0.00000078, 0.00000039, 0.00000018, 0.00000007, 0.00000001, -0.00000002, -0.00000002, -0.00000001, 0.00000001, 0.00000002, 0.00000002, 0.00000001, -0.00000001, -0.00000002, 0.00000000, 0.00000000
-0.00077914, -0.00034348, -0.00013855, -0.00001869, 0.00006031, 0.00011669, 0.00015974, 0.00019380, 0.00022136, 0.00024420, 0.00026361, 0.00028046, 0.00029533, 0.00030860, 0.00032056, 0.00033141, 0.00034134, 0.00035050, 0.00035902, 0.00038883, 0.00041451, 0.00043730, 0.00045702, 0.00047281, 0.00048345, 0.00048751, 0.00048364, 0.00047090, 0.00044906, 0.00041869, 0.00038113, 0.00033830, 0.00029250, 0.00024605, 0.00020114, 0.00015955, 0.00012260, 0.00009108, 0.00006526, 0.00004498, 0.00002974, 0.00001882, 0.00001140, 0.00000663, 0.00000374, 0.00000209, 0.00000118, 0.00000066, 0.00000033, 0.00000009, -0.00000010, -0.00000021, -0.00000023, -0.00000017, -0.00000005, 0.00000009, 0.00000018, 0.00000019, 0.00000010, -0.00000003, -0.00000013, -0.00000011, 0.00000002, 0.00000000
-0.00144719, -0.00078044, -0.00047179, -0.00029398, -0.00017871, -0.00009749, -0.00003597, 0.00001225, 0.00005099, 0.00008304, 0.00011038, 0.00013427, 0.00015548, 0.00017449, 0.00019167, 0.00020732, 0.00022170, 0.00023505, 0.00024754, 0.00029146, 0.00032835, 0.00035908, 0.00038359, 0.00040148, 0.00041208, 0.00041466, 0.00040876, 0.00039445, 0.00037241, 0.00034381, 0.00031025, 0.00027352, 0.00023544, 0.00019774, 0.00016189, 0.00012905, 0.00010003, 0.00007528, 0.00005489, 0.00003871, 0.00002635, 0.00001729, 0.00001093, 0.00000666, 0.00000394, 0.00000228, 0.00000130, 0.00000072, 0.00000036, 0.00000013, -0.00000003, -0.00000012, -0.00000015, -0.00000011, -0.00000004, 0.00000005, 0.00000011, 0.00000012, 0.00000007, -0.00000002, -0.00000008, -0.00000007, 0.00000001, 0.00000000
-0.00346264, -0.00192993, -0.00123012, -0.00083267, -0.00057887, -0.00040258, -0.00027065, -0.00016845, -0.00008730, -0.00002081, 0.00003552, 0.00008446, 0.00012765, 0.00016613, 0.00020065, 0.00023185, 0.00026028, 0.00028644, 0.00031074, 0.00039442, 0.00046160, 0.00051398, 0.00055230, 0.00057707, 0.00058828, 0.00058574, 0.00056970, 0.00054122, 0.00050220, 0.00045515, 0.00040289, 0.00034825, 0.00029382, 0.00024180, 0.00019389, 0.00015129, 0.00011468, 0.00008428, 0.00005992, 0.00004111, 0.00002717, 0.00001729, 0.00001061, 0.00000632, 0.00000371, 0.00000219, 0.00000130, 0.00000076, 0.00000038, 0.00000009, -0.00000013, -0.00000025, -0.00000028, -0.00000020, -0.00000006, 0.00000010, 0.00000021, 0.00000022, 0.00000012, -0.00000003, -0.00000015, -0.00000013, 0.00000002, 0.00000000
-0.00059134, -0.00019856, -0.00001280, 0.00009663, 0.00016951, 0.00022213, 0.00026273, 0.00029526, 0.00032200, 0.00034451, 0.00036391, 0.00038100, 0.00039630, 0.00041018, 0.00042288, 0.00043462, 0.00044553, 0.00045577, 0.00046544, 0.00050019, 0.00053098, 0.00055857, 0.00058217, 0.00060038, 0.00061154, 0.00061396, 0.00060622, 0.00058749, 0.00055778, 0.00051804, 0.00047005, 0.00041624, 0.00035935, 0.00030215, 0.00024716, 0.00019643, 0.00015145, 0.00011307, 0.00008157, 0.00005673, 0.00003794, 0.00002435, 0.00001498, 0.00000884, 0.00000505, 0.00000281, 0.00000156, 0.00000085, 0.00000042, 0.00000013, -0.00000007, -0.00000019, -0.00000022, -0.00000016, -0.00000005, 0.00000008, 0.00000017, 0.00000018, 0.00000010, -0.00000003, -0.00000012, -0.00000011, 0.00000002, 0.00000000
0.00074146, 0.00063148, 0.00058811, 0.00056812, 0.00055940, 0.00055616, 0.00055560, 0.00055699, 0.00055973, 0.00056314, 0.00056683, 0.00057064, 0.00057459, 0.00057870, 0.00058299, 0.00058741, 0.00059193, 0.00059649, 0.00060106, 0.00061936, 0.00063811, 0.00065699, 0.00067420, 0.00068743, 0.00069441, 0.00069308, 0.00068166, 0.00065895, 0.00062464, 0.00057946, 0.00052518, 0.00046438, 0.00040014, 0.00033558, 0.00027358, 0.00021651, 0.00016606, 0.00012318, 0.00008816, 0.00006070, 0.00004007, 0.00002527, 0.00001518, 0.00000866, 0.00000471, 0.00000245, 0.00000124, 0.00000060, 0.00000025, 0.00000003, -0.00000012, -0.00000020, -0.00000021, -0.00000015, -0.00000004, 0.00000008, 0.00000016, 0.00000016, 0.00000009, -0.00000003, -0.00000012, -0.00000010, 0.00000002, 0.00000000
0.00054427, 0.00046962, 0.00043918, 0.00042488, 0.00041870, 0.00041682, 0.00041726, 0.00041951, 0.00042314, 0.00042765, 0.00043274, 0.00043827, 0.00044423, 0.00045059, 0.00045733, 0.00046441, 0.00047177, 0.00047935, 0.00048710, 0.00051915, 0.00055177, 0.00058293, 0.00060985, 0.00062977, 0.00064038, 0.00064002, 0.00062772, 0.00060332, 0.00056755, 0.00052201, 0.00046902, 0.00041132, 0.00035183, 0.00029327, 0.00023802, 0.00018787, 0.00014403, 0.00010708, 0.00007704, 0.00005354, 0.00003584, 0.00002306, 0.00001424, 0.00000842, 0.00000479, 0.00000263, 0.00000140, 0.00000072, 0.00000034, 0.00000011, -0.00000003, -0.00000011, -0.00000013, -0.00000009, -0.00000002, 0.00000005, 0.00000010, 0.00000010, 0.00000006, -0.00000002, -0.00000007, -0.00000006, 0.00000001, 0.00000000
-0.00048415, -0.00023377, -0.00012042, -0.00005679, -0.00001672, 0.00001063, 0.00003062, 0.00004570, 0.00005732, 0.00006651, 0.00007398, 0.00008020, 0.00008544, 0.00008989, 0.00009369, 0.00009695, 0.00009976, 0.00010221, 0.00010436, 0.00011095, 0.00011543, 0.00011838, 0.00012001, 0.00012040, 0.00011946, 0.00011704, 0.00011298, 0.00010725, 0.00009995, 0.00009129, 0.00008163, 0.00007137, 0.00006093, 0.00005073, 0.00004113, 0.00003241, 0.00002477, 0.00001832, 0.00001307, 0.00000897, 0.00000589, 0.00000370, 0.00000221, 0.00000126, 0.00000069, 0.00000037, 0.00000020, 0.00000011, 0.00000006, 0.00000001, -0.00000002, -0.00000004, -0.00000005, -0.00000004, -0.00000001, 0.00000002, 0.00000004, 0.00000004, 0.00000002, -0.00000000, -0.00000003, -0.00000002, 0.00000000, 0.00000000
-0.00030182, -0.00002981, 0.00010598, 0.00019175, 0.00025355, 0.00030218, 0.00034309, 0.00037881, 0.00041079, 0.00044005, 0.00046732, 0.00049309, 0.00051765, 0.00054116, 0.00056372, 0.00058541, 0.00060629, 0.00062640, 0.00064576, 0.00071586, 0.00077306, 0.00081497, 0.00083953, 0.00084557, 0.00083289, 0.00080231, 0.00075564, 0.00069564, 0.00062580, 0.00054998, 0.00047204, 0.00039549, 0.00032330, 0.00025767, 0.00020002, 0.00015107, 0.00011083, 0.00007885, 0.00005430, 0.00003610, 0.00002314, 0.00001428, 0.00000848, 0.00000487, 0.00000273, 0.00000151, 0.00000083, 0.00000043, 0.00000019, 0.00000003, -0.00000008, -0.00000013, -0.00000013, -0.00000008, -0.00000001, 0.00000006, 0.00000010, 0.00000009, 0.00000004, -0.00000002, -0.00000007, -0.00000005, 0.00000001, 0.00000000
-0.00090055, -0.00050498, -0.00031698, -0.00020542, -0.00013076, -0.00007645, -0.00003398, 0.00000040, 0.00002891, 0.00005322, 0.00007453, 0.00009363, 0.00011100, 0.00012695, 0.00014170, 0.00015545, 0.00016834, 0.00018054, 0.00019215, 0.00023441, 0.00027180, 0.00030476, 0.00033286, 0.00035532, 0.00037118, 0.00037944, 0.00037934, 0.00037064, 0.00035367, 0.00032940, 0.00029928, 0.00026512, 0.00022885, 0.00019234, 0.00015725, 0.00012491, 0.00009626, 0.00007184, 0.00005182, 0.00003604, 0.00002412, 0.00001550, 0.00000957, 0.00000568, 0.00000327, 0.00000186, 0.00000105, 0.00000058, 0.00000029, 0.00000009, -0.00000006, -0.00000014, -0.00000016, -0.00000012, -0.00000003, 0.00000006, 0.00000013, 0.00000013, 0.00000007, -0.00000002, -0.00000009, -0.00000008, 0.00000001, 0.00000000
0.00156509, 0.00104928, 0.00081304, 0.00067908, 0.00059456, 0.00053677, 0.00049426, 0.00046233, 0.00043801, 0.00041895, 0.00040351, 0.00039070, 0.00038001, 0.00037107, 0.00036364, 0.00035747, 0.00035232, 0.00034799, 0.00034432, 0.00033403, 0.00032825, 0.00032494, 0.00032202, 0.00031759, 0.00031035, 0.00029949, 0.00028461, 0.00026563, 0.00024288, 0.00021711, 0.00018938, 0.00016093, 0.00013304, 0.00010686, 0.00008328, 0.00006288, 0.00004591, 0.00003235, 0.00002194, 0.00001429, 0.00000890, 0.00000529, 0.00000299, 0.00000160, 0.00000080, 0.00000038, 0.00000016, 0.00000005, -0.00000001, -0.00000003, -0.00000004, -0.00000003, -0.00000002, 0.00000000, 0.00000002, 0.00000002, 0.00000002, 0.00000000, -0.00000001, -0.00000001, -0.00000001, -0.00000000, 0.00000001, 0.00000000
0.00212840, 0.00141798, 0.00108559, 0.00089266, 0.00076772, 0.00067995, 0.00061362, 0.00056225, 0.00052181, 0.00048903, 0.00046161, 0.00043813, 0.00041781, 0.00040014, 0.00038475, 0.00037128, 0.00035942, 0.00034885, 0.00033934, 0.00030859, 0.00028575, 0.00026824, 0.00025377, 0.00024037, 0.00022682, 0.00021252, 0.00019714, 0.00018054, 0.00016270, 0.00014386, 0.00012445, 0.00010507, 0.00008638, 0.00006902, 0.00005349, 0.00004013, 0.00002907, 0.00002027, 0.00001353, 0.00000860, 0.00000513, 0.00000282, 0.00000135, 0.00000049, 0.00000002, -0.00000019, -0.00000026, -0.00000024, -0.00000018, -0.00000011, -0.00000004, 0.00000001, 0.00000003, 0.00000003, 0.00000001, -0.00000001, -0.00000004, -0.00000005, -0.00000003, -0.00000000, 0.00000003, 0.00000003, 0.00000000, 0.00000000
-0.00039070, -0.00010674, 0.00001866, 0.00008754, 0.00013050, 0.00015976, 0.00018134, 0.00019808, 0.00021155, 0.00022281, 0.00023258, 0.00024134, 0.00024937, 0.00025686, 0.00026394, 0.00027067, 0.00027713, 0.00028337, 0.00028944, 0.00031244, 0.00033350, 0.00035166, 0.00036561, 0.00037419, 0.00037642, 0.00037160, 0.00035944, 0.00034020, 0.00031469, 0.00028421, 0.00025042, 0.00021509, 0.00017994, 0.00014647, 0.00011588, 0.00008897, 0.00006617, 0.00004757, 0.00003298, 0.00002198, 0.00001406, 0.00000861, 0.00000505, 0.00000286, 0.00000159, 0.00000089, 0.00000051, 0.00000028, 0.00000013, 0.00000001, -0.00000008, -0.00000012, -0.00000012, -0.00000008, -0.00000001, 0.00000005, 0.00000010, 0.00000009, 0.00000005, -0.00000002, -0.00000007, -0.00000005, 0.00000001, 0.00000000
-0.00251930, -0.00148926, -0.00101223, -0.00073761, -0.00056020, -0.00043573, -0.00034189, -0.00026892, -0.00021093, -0.00016351, -0.00012353, -0.00008905, -0.00005892, -0.00003239, -0.00000888, 0.00001207, 0.00003092, 0.00004802, 0.00006371, 0.00011643, 0.00015804, 0.00019137, 0.00021815, 0.00023939, 0.00025530, 0.00026556, 0.00026980, 0.00026788, 0.00026006, 0.00024692, 0.00022930, 0.00020824, 0.00018485, 0.00016029, 0.00013565, 0.00011192, 0.00008991, 0.00007023, 0.00005325, 0.00003913, 0.00002783, 0.00001913, 0.00001270, 0.00000816, 0.00000508, 0.00000309, 0.00000183, 0.00000105, 0.00000057, 0.00000025, 0.00000004, -0.00000008, -0.00000013, -0.00000011, -0.00000005, 0.00000004, 0.00000011, 0.00000012, 0.00000008, -0.00000001, -0.00000008, -0.00000008, 0.00000001, 0.00000000
0.00015566, 0.00013740, 0.00013756, 0.00014349, 0.00015153, 0.00016028, 0.00016921, 0.00017810, 0.00018682, 0.00019529, 0.00020348, 0.00021141, 0.00021911, 0.00022659, 0.00023388, 0.00024098, 0.00024789, 0.00025461, 0.00026115, 0.00028550, 0.00030699, 0.00032513, 0.00033906, 0.00034791, 0.00035097, 0.00034775, 0.00033809, 0.00032220, 0.00030070, 0.00027460, 0.00024517, 0.00021386, 0.00018213, 0.00015130, 0.00012250, 0.00009656, 0.00007401, 0.00005507, 0.00003971, 0.00002770, 0.00001865, 0.00001210, 0.00000755, 0.00000453, 0.00000263, 0.00000148, 0.00000081, 0.00000043, 0.00000021, 0.00000007, -0.00000001, -0.00000005, -0.00000007, -0.00000005, -0.00000001, 0.00000003, 0.00000005, 0.00000006, 0.00000003, -0.00000001, -0.00000004, -0.00000003, 0.00000001, 0.00000000
0.00269199, 0.00173707, 0.00129982, 0.00105210, 0.00089565, 0.00078877, 0.00071026, 0.00065120, 0.00060612, 0.00057073, 0.00054205, 0.00051824, 0.00049825, 0.00048143, 0.00046728, 0.00045536, 0.00044524, 0.00043655, 0.00042897, 0.00040570, 0.00038877, 0.00037483, 0.00036114, 0.00034555, 0.00032702, 0.00030542, 0.00028112, 0.00025465, 0.00022667, 0.00019795, 0.00016932, 0.00014164, 0.00011574, 0.00009227, 0.00007171, 0.00005428, 0.00003998, 0.00002864, 0.00001993, 0.00001344, 0.00000877, 0.00000551, 0.00000330, 0.00000186, 0.00000095, 0.00000041, 0.00000013, -0.00000000, -0.00000003, -0.00000000, 0.00000005, 0.00000008, 0.00000009, 0.00000007, 0.00000003, -0.00000002, -0.00000006, -0.00000007, -0.00000005, 0.00000000, 0.00000005, 0.00000005, -0.00000000, 0.00000000
-0.00038855, -0.00008225, 0.00005798, 0.00013819, 0.00019033, 0.00022731, 0.00025550, 0.00027799, 0.00029655, 0.00031233, 0.00032614, 0.00033852, 0.00034983, 0.00036032, 0.00037014, 0.00037943, 0.00038828, 0.00039675, 0.00040492, 0.00043529, 0.00046262, 0.00048643, 0.00050550, 0.00051841, 0.00052389, 0.00052093, 0.00050894, 0.00048789, 0.00045840, 0.00042168, 0.00037945, 0.00033372, 0.00028663, 0.00024022, 0.00019623, 0.00015607, 0.00012069, 0.00009060, 0.00006588, 0.00004632, 0.00003140, 0.00002048, 0.00001283, 0.00000771, 0.00000445, 0.00000248, 0.00000134, 0.00000070, 0.00000034, 0.00000012, -0.00000001, -0.00000009, -0.00000011, -0.00000009, -0.00000003, 0.00000004, 0.00000009, 0.00000010, 0.00000006, -0.00000001, -0.00000007, -0.00000006, 0.00000001, 0.00000000
0.00003089, 0.00005460, 0.00008465, 0.00011473, 0.00014350, 0.00017063, 0.00019629, 0.00022065, 0.00024376, 0.00026571, 0.00028665, 0.00030672, 0.00032604, 0.00034473, 0.00036284, 0.00038044, 0.00039755, 0.00041421, 0.00043043, 0.00049152, 0.00054692, 0.00059605, 0.00063723, 0.00066856, 0.00068824, 0.00069490, 0.00068771, 0.00066661, 0.00063242, 0.00058683, 0.00053224, 0.00047155, 0.00040784, 0.00034411, 0.00028301, 0.00022666, 0.00017656, 0.00013358, 0.00009800, 0.00006958, 0.00004771, 0.00003153, 0.00002005, 0.00001225, 0.00000720, 0.00000409, 0.00000225, 0.00000119, 0.00000059, 0.00000024, 0.00000003, -0.00000009, -0.00000013, -0.00000011, -0.00000004, 0.00000005, 0.00000011, 0.00000012, 0.00000007, -0.00000002, -0.00000008, -0.00000007, 0.00000001, 0.00000000
-0.00085762, -0.00038261, -0.00015920, -0.00002816, 0.00005868, 0.00012120, 0.00016946, 0.00020814, 0.00023997, 0.00026689, 0.00029027, 0.00031102, 0.00032977, 0.00034690, 0.00036271, 0.00037743, 0.00039124, 0.00040431, 0.00041677, 0.00046237, 0.00050345, 0.00054060, 0.00057297, 0.00059906, 0.00061715, 0.00062555, 0.00062286, 0.00060832, 0.00058200, 0.00054482, 0.00049855, 0.00044556, 0.00038859, 0.00033043, 0.00027369, 0.00022055, 0.00017269, 0.00013117, 0.00009646, 0.00006853, 0.00004693, 0.00003089, 0.00001951, 0.00001181, 0.00000687, 0.00000385, 0.00000210, 0.00000111, 0.00000055, 0.00000021, -0.00000000, -0.00000013, -0.00000017, -0.00000014, -0.00000005, 0.00000005, 0.00000014, 0.00000015, 0.00000009, -0.00000002, -0.00000010, -0.00000009, 0.00000001, 0.00000000
-0.00097839, -0.00044774, -0.00020164, -0.00005928, 0.00003392, 0.00010040, 0.00015139, 0.00019213, 0.00022564, 0.00025406, 0.00027888, 0.00030109, 0.00032131, 0.00033997, 0.00035734, 0.00037366, 0.00038912, 0.00040387, 0.00041803, 0.00047057, 0.00051808, 0.00056025, 0.00059565, 0.00062252, 0.00063909, 0.00064386, 0.00063587, 0.00061498, 0.00058194, 0.00053839, 0.00048666, 0.00042953, 0.00036991, 0.00031061, 0.00025406, 0.00020220, 0.00015637, 0.00011732, 0.00008523, 0.00005982, 0.00004048, 0.00002636, 0.00001649, 0.00000991, 0.00000575, 0.00000324, 0.00000179, 0.00000096, 0.00000047, 0.00000016, -0.00000004, -0.00000015, -0.00000019, -0.00000014, -0.00000004, 0.00000007, 0.00000015, 0.00000016, 0.00000009, -0.00000002, -0.00000011, -0.00000009, 0.00000002, 0.00000000
-0.00051554, -0.00025434, -0.00012813, -0.00005213, -0.00000063, 0.00003712, 0.00006669, 0.00009059, 0.00011032, 0.00012696, 0.00014132, 0.00015395, 0.00016520, 0.00017530, 0.00018442, 0.00019270, 0.00020026, 0.00020721, 0.00021365, 0.00023559, 0.00025328, 0.00026770, 0.00027901, 0.00028705, 0.00029135, 0.00029136, 0.00028655, 0.00027665, 0.00026174, 0.00024233, 0.00021929, 0.00019374, 0.00016694, 0.00014016, 0.00011453, 0.00009096, 0.00007011, 0.00005236, 0.00003780, 0.00002633, 0.00001767, 0.00001140, 0.00000707, 0.00000423, 0.00000247, 0.00000142, 0.00000081, 0.00000046, 0.00000023, 0.00000007, -0.00000004, -0.00000010, -0.00000012, -0.00000009, -0.00000002, 0.00000004, 0.00000009, 0.00000010, 0.00000005, -0.00000002, -0.00000007, -0.00000006, 0.00000001, 0.00000000
-0.00380251, -0.00223717, -0.00151918, -0.00111018, -0.00084885, -0.00066746, -0.00053193, -0.00042743, -0.00034508, -0.00027815, -0.00022192, -0.00017350, -0.00013117, -0.00009387, -0.00006081, -0.00003131, -0.00000475, 0.00001939, 0.00004158, 0.00011642, 0.00017496, 0.00021995, 0.00025322, 0.00027631, 0.00028992, 0.00029427, 0.00028972, 0.00027716, 0.00025799, 0.00023394, 0.00020685, 0.00017843, 0.00015015, 0.00012321, 0.00009848, 0.00007655, 0.00005775, 0.00004219, 0.00002976, 0.00002022, 0.00001321, 0.00000831, 0.00000506, 0.00000304, 0.00000185, 0.00000117, 0.00000077, 0.00000049, 0.00000026, 0.00000005, -0.00000012, -0.00000023, -0.00000025, -0.00000018, -0.00000005, 0.00000009, 0.00000018, 0.00000019, 0.00000011, -0.00000002, -0.00000013, -0.00000011, 0.00000001, 0.00000000
-0.00085510, -0.00040432, -0.00018948, -0.00006160, 0.00002434, 0.00008711, 0.00013631, 0.00017628, 0.00020957, 0.00023804, 0.00026306, 0.00028554, 0.00030603, 0.00032491, 0.00034243, 0.00035880, 0.00037420, 0.00038878, 0.00040269, 0.00045330, 0.00049762, 0.00053549, 0.00056572, 0.00058692, 0.00059764, 0.00059669, 0.00058341, 0.00055798, 0.00052153, 0.00047600, 0.00042396, 0.00036826, 0.00031173, 0.00025695, 0.00020601, 0.00016046, 0.00012123, 0.00008866, 0.00006264, 0.00004264, 0.00002792, 0.00001754, 0.00001059, 0.00000616, 0.00000350, 0.00000197, 0.00000111, 0.00000062, 0.00000029, 0.00000006, -0.00000011, -0.00000020, -0.00000021, -0.00000015, -0.00000003, 0.00000009, 0.00000016, 0.00000016, 0.00000009, -0.00000003, -0.00000011, -0.00000009, 0.00000002, 0.00000000
-0.00133433, -0.00077130, -0.00051021, -0.00035958, -0.00026201, -0.00019334, -0.00014135, -0.00010077, -0.00006842, -0.00004187, -0.00001942, -0.00000004, 0.00001691, 0.00003180, 0.00004491, 0.00005651, 0.00006682, 0.00007604, 0.00008433, 0.00011050, 0.00012797, 0.00013831, 0.00014287, 0.00014287, 0.00013920, 0.00013243, 0.00012314, 0.00011192, 0.00009947, 0.00008649, 0.00007358, 0.00006126, 0.00004989, 0.00003971, 0.00003086, 0.00002335, 0.00001717, 0.00001223, 0.00000841, 0.00000557, 0.00000354, 0.00000216, 0.00000129, 0.00000076, 0.00000047, 0.00000031, 0.00000022, 0.00000015, 0.00000008, 0.00000001, -0.00000005, -0.00000008, -0.00000009, -0.00000006, -0.00000002, 0.00000003, 0.00000006, 0.00000007, 0.00000004, -0.00000001, -0.00000004, -0.00000004, 0.00000000, 0.00000000
0.00125247, 0.00091043, 0.00075148, 0.00065988, 0.00060137, 0.00056084, 0.00053061, 0.00050774, 0.00049026, 0.00047651, 0.00046537, 0.00045618, 0.00044861, 0.00044247, 0.00043756, 0.00043373, 0.00043080, 0.00042860, 0.00042701, 0.00042518, 0.00042863, 0.00043521, 0.00044227, 0.00044719, 0.00044788, 0.00044275, 0.00043067, 0.00041109, 0.00038417, 0.00035079, 0.00031247, 0.00027116, 0.00022897, 0.00018793, 0.00014973, 0.00011564, 0.00008642, 0.00006237, 0.00004335, 0.00002894, 0.00001849, 0.00001127, 0.00000654, 0.00000362, 0.00000192, 0.00000099, 0.00000050, 0.00000025, 0.00000009, -0.00000001, -0.00000008, -0.00000011, -0.00000010, -0.00000006, -0.00000000, 0.00000005, 0.00000008, 0.00000007, 0.00000003, -0.00000002, -0.00000006, -0.00000004, 0.00000001, 0.00000000
-0.00372514, -0.00221616, -0.00152390, -0.00112985, -0.00087857, -0.00070472, -0.00057543, -0.00047639, -0.00039897, -0.00033666, -0.00028491, -0.00024088, -0.00020290, -0.00016992, -0.00014115, -0.00011589, -0.00009353, -0.00007353, -0.00005543, 0.00000384, 0.00004881, 0.00008328, 0.00010985, 0.00013043, 0.00014582, 0.00015602, 0.00016094, 0.00016073, 0.00015591, 0.00014726, 0.00013565, 0.00012198, 0.00010709, 0.00009176, 0.00007666, 0.00006234, 0.00004926, 0.00003775, 0.00002800, 0.00002006, 0.00001387, 0.00000926, 0.00000600, 0.00000380, 0.00000239, 0.00000151, 0.00000096, 0.00000060, 0.00000033, 0.00000011, -0.00000007, -0.00000017, -0.00000020, -0.00000016, -0.00000005, 0.00000007, 0.00000015, 0.00000017, 0.00000010, -0.00000002, -0.00000011, -0.00000010, 0.00000001, 0.00000000
-0.00071433, -0.00032327, -0.00014289, -0.00003936, 0.00002761, 0.00007466, 0.00011025, 0.00013815, 0.00016058, 0.00017913, 0.00019498, 0.00020889, 0.00022131, 0.00023255, 0.00024280, 0.00025222, 0.00026097, 0.00026916, 0.00027691, 0.00030499, 0.00032968, 0.00035077, 0.00036735, 0.00037842, 0.00038288, 0.00037974, 0.00036843, 0.00034904, 0.00032243, 0.00029014, 0.00025409, 0.00021640, 0.00017906, 0.00014380, 0.00011193, 0.00008427, 0.00006124, 0.00004282, 0.00002872, 0.00001840, 0.00001122, 0.00000651, 0.00000361, 0.00000195, 0.00000107, 0.00000063, 0.00000039, 0.00000023, 0.00000009, -0.00000004, -0.00000014, -0.00000019, -0.00000017, -0.00000011, -0.00000001, 0.00000008, 0.00000013, 0.00000012, 0.00000006, -0.00000003, -0.00000009, -0.00000007, 0.00000002, 0.00000000
-0.00181869, -0.00103059, -0.00066415, -0.00045145, -0.00031236, -0.00021319, -0.00013696, -0.00007633, -0.00002689, 0.00001468, 0.00005071, 0.00008264, 0.00011129, 0.00013717, 0.00016065, 0.00018205, 0.00020166, 0.00021973, 0.00023647, 0.00029267, 0.00033402, 0.00036140, 0.00037576, 0.00037839, 0.00037050, 0.00035335, 0.00032846, 0.00029771, 0.00026319, 0.00022701, 0.00019108, 0.00015696, 0.00012579, 0.00009830, 0.00007481, 0.00005538, 0.00003978, 0.00002767, 0.00001858, 0.00001201, 0.00000747, 0.00000446, 0.00000259, 0.00000149, 0.00000088, 0.00000055, 0.00000036, 0.00000022, 0.00000011, 0.00000001, -0.00000008, -0.00000012, -0.00000012, -0.00000009, -0.00000002, 0.00000005, 0.00000009, 0.00000009, 0.00000005, -0.00000001, -0.00000006, -0.00000005, 0.00000001, 0.00000000
-0.00016433, -0.00000234, 0.00006870, 0.00010699, 0.00013008, 0.00014504, 0.00015527, 0.00016246, 0.00016758, 0.00017126, 0.00017391, 0.00017582, 0.00017718, 0.00017811, 0.00017872, 0.00017907, 0.00017921, 0.00017920, 0.00017905, 0.00017769, 0.00017565, 0.00017317, 0.00017012, 0.00016627, 0.00016135, 0.00015509, 0.00014731, 0.00013794, 0.00012708, 0.00011496, 0.00010194, 0.00008848, 0.00007506, 0.00006213, 0.00005012, 0.00003931, 0.00002992, 0.00002205, 0.00001567, 0.00001069, 0.00000697, 0.00000431, 0.00000250, 0.00000135, 0.00000066, 0.00000028, 0.00000009, 0.00000001, -0.00000003, -0.00000004, -0.00000005, -0.00000005, -0.00000004, -0.00000003, -0.00000001, 0.00000001, 0.00000003, 0.00000003, 0.00000002, -0.00000000, -0.00000002, -0.00000002, 0.00000000, 0.00000000
-0.00228044, -0.00122227, -0.00073029, -0.00044516, -0.00025883, -0.00012625, -0.00002474, 0.00005585, 0.00012152, 0.00017669, 0.00022449, 0.00026688, 0.00030507, 0.00033984, 0.00037175, 0.00040124, 0.00042874, 0.00045457, 0.00047903, 0.00056670, 0.00064160, 0.00070425, 0.00075381, 0.00078913, 0.00080888, 0.00081191, 0.00079777, 0.00076704, 0.00072140, 0.00066346, 0.00059646, 0.00052399, 0.00044958, 0.00037648, 0.00030745, 0.00024458, 0.00018929, 0.00014231, 0.00010373, 0.00007318, 0.00004986, 0.00003276, 0.00002074, 0.00001267, 0.00000749, 0.00000432, 0.00000244, 0.00000134, 0.00000067, 0.00000024, -0.00000003, -0.00000019, -0.00000024, -0.00000019, -0.00000006, 0.00000009, 0.00000019, 0.00000020, 0.00000012, -0.00000003, -0.00000014, -0.00000012, 0.00000002, 0.00000000
-0.00106213, -0.00054310, -0.00030622, -0.00017216, -0.00008692, -0.00002815, 0.00001532, 0.00004857, 0.00007463, 0.00009562, 0.00011306, 0.00012791, 0.00014077, 0.00015205, 0.00016203, 0.00017095, 0.00017901, 0.00018638, 0.00019320, 0.00021694, 0.00023734, 0.00025545, 0.00027131, 0.00028451, 0.00029429, 0.00029972, 0.00029995, 0.00029442, 0.00028302, 0.00026608, 0.00024441, 0.00021914, 0.00019161, 0.00016323, 0.00013533, 0.00010905, 0.00008528, 0.00006461, 0.00004731, 0.00003341, 0.00002270, 0.00001479, 0.00000924, 0.00000553, 0.00000318, 0.00000178, 0.00000098, 0.00000053, 0.00000027, 0.00000009, -0.00000003, -0.00000010, -0.00000013, -0.00000010, -0.00000004, 0.00000004, 0.00000010, 0.00000011, 0.00000006, -0.00000001, -0.00000007, -0.00000007, 0.00000001, 0.00000000
0.00187252, 0.00124183, 0.00095941, 0.00080414, 0.00070985, 0.00064849, 0.00060583, 0.00057589, 0.00055501, 0.00054032, 0.00052979, 0.00052221, 0.00051687, 0.00051334, 0.00051127, 0.00051036, 0.00051032, 0.00051089, 0.00051185, 0.00051660, 0.00051909, 0.00051670, 0.00050751, 0.00049043, 0.00046542, 0.00043338, 0.00039575, 0.00035422, 0.00031056, 0.00026651, 0.00022368, 0.00018346, 0.00014693, 0.00011480, 0.00008743, 0.00006486, 0.00004682, 0.00003287, 0.00002241, 0.00001482, 0.00000949, 0.00000588, 0.00000350, 0.00000198, 0.00000105, 0.00000051, 0.00000020, 0.00000006, 0.00000000, 0.00000000, 0.00000003, 0.00000005, 0.00000006, 0.00000005, 0.00000002, -0.00000001, -0.00000004, -0.00000005, -0.00000003, -0.00000000, 0.00000003, 0.00000003, -0.00000000, 0.00000000
-0.00185599, -0.00105325, -0.00067915, -0.00046253, -0.00032164, -0.00022223, -0.00014692, -0.00008802, -0.00004093, -0.00000224, 0.00003050, 0.00005886, 0.00008379, 0.00010591, 0.00012569, 0.00014351, 0.00015970, 0.00017456, 0.00018834, 0.00023606, 0.00027612, 0.00031053, 0.00033986, 0.00036398, 0.00038212, 0.00039311, 0.00039587, 0.00038976, 0.00037480, 0.00035172, 0.00032186, 0.00028703, 0.00024925, 0.00021058, 0.00017290, 0.00013778, 0.00010638, 0.00007942, 0.00005721, 0.00003966, 0.00002639, 0.00001684, 0.00001030, 0.00000607, 0.00000350, 0.00000201, 0.00000117, 0.00000067, 0.00000034, 0.00000009, -0.00000010, -0.00000021, -0.00000024, -0.00000018, -0.00000005, 0.00000009, 0.00000019, 0.00000020, 0.00000011, -0.00000003, -0.00000013, -0.00000012, 0.00000002, 0.00000000
-0.00084393, -0.00050200, -0.00033669, -0.00023698, -0.00016938, -0.00011959, -0.00008043, -0.00004866, -0.00002231, 0.00000012, 0.00001967, 0.00003700, 0.00005254, 0.00006656, 0.00007930, 0.00009095, 0.00010168, 0.00011163, 0.00012093, 0.00015319, 0.00017981, 0.00020244, 0.00022199, 0.00023872, 0.00025248, 0.00026283, 0.00026929, 0.00027140, 0.00026887, 0.00026160, 0.00024975, 0.00023375, 0.00021428, 0.00019222, 0.00016859, 0.00014442, 0.00012071, 0.00009832, 0.00007795, 0.00006004, 0.00004486, 0.00003243, 0.00002263, 0.00001521, 0.00000981, 0.00000606, 0.00000358, 0.00000202, 0.00000110, 0.00000058, 0.00000029, 0.00000014, 0.00000005, 0.00000000, -0.00000002, -0.00000002, -0.00000001, 0.00000001, 0.00000002, 0.00000001, 0.00000000, -0.00000001, -0.00000000, 0.00000000
-0.00149406, -0.00076551, -0.00043235, -0.00024319, -0.00012249, -0.00003888, 0.00002334, 0.00007124, 0.00010900, 0.00013967, 0.00016537, 0.00018746, 0.00020677, 0.00022385, 0.00023907, 0.00025275, 0.00026518, 0.00027659, 0.00028719, 0.00032396, 0.00035450, 0.00037962, 0.00039913, 0.00041253, 0.00041903, 0.00041781, 0.00040836, 0.00039073, 0.00036564, 0.00033439, 0.00029865, 0.00026033, 0.00022132, 0.00018334, 0.00014784, 0.00011588, 0.00008814, 0.00006493, 0.00004622, 0.00003171, 0.00002092, 0.00001325, 0.00000806, 0.00000473, 0.00000271, 0.00000154, 0.00000088, 0.00000049, 0.00000024, 0.00000005, -0.00000008, -0.00000016, -0.00000018, -0.00000013, -0.00000003, 0.00000007, 0.00000013, 0.00000014, 0.00000008, -0.00000002, -0.00000009, -0.00000008, 0.00000001, 0.00000000
0.00056456, 0.00051101, 0.00048712, 0.00047440, 0.00046764, 0.00046411, 0.00046231, 0.00046196, 0.00046276, 0.00046432, 0.00046637, 0.00046880, 0.00047157, 0.00047469, 0.00047813, 0.00048185, 0.00048580, 0.00048992, 0.00049417, 0.00051174, 0.00052905, 0.00054428, 0.00055520, 0.00055970, 0.00055625, 0.00054391, 0.00052239, 0.00049206, 0.00045399, 0.00040980, 0.00036154, 0.00031148, 0.00026182, 0.00021452, 0.00017116, 0.00013280, 0.00010007, 0.00007310, 0.00005166, 0.00003523, 0.00002313, 0.00001458, 0.00000881, 0.00000510, 0.00000283, 0.00000152, 0.00000079, 0.00000039, 0.00000017, 0.00000004, -0.00000004, -0.00000008, -0.00000009, -0.00000006, -0.00000001, 0.00000004, 0.00000007, 0.00000007, 0.00000003, -0.00000002, -0.00000005, -0.00000004, 0.00000001, 0.00000000
-0.00062276, -0.00026118, -0.00008136, 0.00003084, 0.00011014, 0.00017105, 0.00022105, 0.00026360, 0.00030073, 0.00033390, 0.00036419, 0.00039232, 0.00041876, 0.00044383, 0.00046776, 0.00049070, 0.00051281, 0.00053418, 0.00055492, 0.00063269, 0.00070290, 0.00076445, 0.00081509, 0.00085239, 0.00087420, 0.00087892, 0.00086582, 0.00083519, 0.00078847, 0.00072811, 0.00065738, 0.00057997, 0.00049974, 0.00042027, 0.00034468, 0.00027541, 0.00021415, 0.00016181, 0.00011862, 0.00008420, 0.00005775, 0.00003821, 0.00002434, 0.00001492, 0.00000881, 0.00000503, 0.00000278, 0.00000148, 0.00000074, 0.00000029, 0.00000003, -0.00000012, -0.00000017, -0.00000014, -0.00000005, 0.00000006, 0.00000014, 0.00000016, 0.00000009, -0.00000002, -0.00000011, -0.00000009, 0.00000002, 0.00000000
-0.00126783, -0.00062411, -0.00032485, -0.00015130, -0.00003766, 0.00004339, 0.00010560, 0.00015518, 0.00019576, 0.00022999, 0.00025976, 0.00028629, 0.00031031, 0.00033231, 0.00035260, 0.00037147, 0.00038914, 0.00040582, 0.00042169, 0.00047905, 0.00052849, 0.00056965, 0.00060128, 0.00062206, 0.00063076, 0.00062642, 0.00060878, 0.00057846, 0.00053705, 0.00048689, 0.00043083, 0.00037190, 0.00031298, 0.00025659, 0.00020472, 0.00015874, 0.00011945, 0.00008705, 0.00006131, 0.00004163, 0.00002720, 0.00001707, 0.00001029, 0.00000600, 0.00000341, 0.00000193, 0.00000109, 0.00000061, 0.00000029, 0.00000006, -0.00000011, -0.00000020, -0.00000021, -0.00000015, -0.00000003, 0.00000009, 0.00000016, 0.00000016, 0.00000009, -0.00000003, -0.00000011, -0.00000009, 0.00000002, 0.00000000
0.00094444, 0.00066779, 0.00054750, 0.00048347, 0.00044620, 0.00042290, 0.00040723, 0.00039677, 0.00038996, 0.00038550, 0.00038249, 0.00038044, 0.00037913, 0.00037846, 0.00037834, 0.00037866, 0.00037931, 0.00038021, 0.00038127, 0.00038626, 0.00039224, 0.00039917, 0.00040619, 0.00041201, 0.00041548, 0.00041554, 0.00041112, 0.00040123, 0.00038520, 0.00036285, 0.00033462, 0.00030156, 0.00026519, 0.00022726, 0.00018956, 0.00015370, 0.00012096, 0.00009226, 0.00006805, 0.00004842, 0.00003315, 0.00002176, 0.00001365, 0.00000816, 0.00000464, 0.00000252, 0.00000131, 0.00000066, 0.00000032, 0.00000014, 0.00000003, -0.00000004, -0.00000007, -0.00000007, -0.00000003, 0.00000002, 0.00000006, 0.00000007, 0.00000004, -0.00000001, -0.00000005, -0.00000004, 0.00000001, 0.00000000
-0.00470950, -0.00274249, -0.00184178, -0.00132962, -0.00100293, -0.00077658, -0.00060777, -0.00047781, -0.00037551, -0.00029246, -0.00022278, -0.00016283, -0.00011047, -0.00006437, -0.00002353, 0.00001289, 0.00004566, 0.00007544, 0.00010280, 0.00019500, 0.00026709, 0.00032247, 0.00036335, 0.00039152, 0.00040772, 0.00041211, 0.00040503, 0.00038747, 0.00036115, 0.00032823, 0.00029106, 0.00025189, 0.00021272, 0.00017519, 0.00014055, 0.00010968, 0.00008309, 0.00006096, 0.00004320, 0.00002951, 0.00001938, 0.00001225, 0.00000749, 0.00000448, 0.00000270, 0.00000167, 0.00000107, 0.00000067, 0.00000035, 0.00000007, -0.00000015, -0.00000029, -0.00000031, -0.00000023, -0.00000007, 0.00000011, 0.00000023, 0.00000025, 0.00000014, -0.00000003, -0.00000016, -0.00000014, 0.00000002, 0.00000000
0.00173896, 0.00124102, 0.00101102, 0.00087993, 0.00079735, 0.00074122, 0.00070022, 0.00066993, 0.00064753, 0.00063060, 0.00061743, 0.00060702, 0.00059887, 0.00059265, 0.00058813, 0.00058504, 0.00058314, 0.00058220, 0.00058202, 0.00058639, 0.00059584, 0.00060759, 0.00061842, 0.00062520, 0.00062560, 0.00061808, 0.00060170, 0.00057608, 0.00054148, 0.00049888, 0.00044991, 0.00039669, 0.00034160, 0.00028704, 0.00023511, 0.00018752, 0.00014545, 0.00010957, 0.00008000, 0.00005650, 0.00003850, 0.00002522, 0.00001584, 0.00000949, 0.00000541, 0.00000292, 0.00000149, 0.00000072, 0.00000033, 0.00000014, 0.00000005, -0.00000000, -0.00000002, -0.00000002, -0.00000001, 0.00000001, 0.00000003, 0.00000003, 0.00000002, -0.00000001, -0.00000002, -0.00000002, 0.00000001, 0.00000000
0.00013858, 0.00019267, 0.00022166, 0.00024080, 0.00025522, 0.00026660, 0.00027598, 0.00028407, 0.00029116, 0.00029735, 0.00030279, 0.00030763, 0.00031204, 0.00031612, 0.00031993, 0.00032350, 0.00032686, 0.00033001, 0.00033298, 0.00034372, 0.00035384, 0.00036392, 0.00037339, 0.00038134, 0.00038664, 0.00038801, 0.00038408, 0.00037371, 0.00035629, 0.00033197, 0.00030164, 0.00026682, 0.00022944, 0.00019152, 0.00015495, 0.00012130, 0.00009168, 0.00006675, 0.00004666, 0.00003121, 0.00001991, 0.00001208, 0.00000697, 0.00000386, 0.00000209, 0.00000116, 0.00000067, 0.00000039, 0.00000018, 0.00000000, -0.00000014, -0.00000023, -0.00000023, -0.00000016, -0.00000003, 0.00000010, 0.00000018, 0.00000017, 0.00000009, -0.00000004, -0.00000012, -0.00000010, 0.00000002, 0.00000000
-0.00043752, -0.00023194, -0.00013596, -0.00008000, -0.00004319, -0.00001684, 0.00000344, 0.00001960, 0.00003282, 0.00004395, 0.00005359, 0.00006211, 0.00006977, 0.00007671, 0.00008306, 0.00008891, 0.00009434, 0.00009943, 0.00010422, 0.00012131, 0.00013594, 0.00014848, 0.00015891, 0.00016702, 0.00017250, 0.00017500, 0.00017425, 0.00017014, 0.00016279, 0.00015250, 0.00013978, 0.00012528, 0.00010972, 0.00009383, 0.00007827, 0.00006363, 0.00005034, 0.00003871, 0.00002889, 0.00002088, 0.00001458, 0.00000982, 0.00000637, 0.00000398, 0.00000239, 0.00000139, 0.00000078, 0.00000043, 0.00000022, 0.00000010, 0.00000002, -0.00000002, -0.00000004, -0.00000004, -0.00000002, 0.00000001, 0.00000003, 0.00000004, 0.00000003, -0.00000000, -0.00000003, -0.00000002, 0.00000000, 0.00000000
0.00050711, 0.00040308, 0.00036310, 0.00034597, 0.00033968, 0.00033887, 0.00034096, 0.00034508, 0.00035060, 0.00035696, 0.00036378, 0.00037089, 0.00037824, 0.00038584, 0.00039364, 0.00040163, 0.00040975, 0.00041795, 0.00042619, 0.00045920, 0.00049187, 0.00052324, 0.00055136, 0.00057400, 0.00058913, 0.00059508, 0.00059060, 0.00057503, 0.00054845, 0.00051176, 0.00046668, 0.00041551, 0.00036090, 0.00030552, 0.00025186, 0.00020197, 0.00015734, 0.00011889, 0.00008699, 0.00006149, 0.00004190, 0.00002745, 0.00001725, 0.00001038, 0.00000599, 0.00000333, 0.00000179, 0.00000093, 0.00000046, 0.00000018, 0.00000001, -0.00000008, -0.00000012, -0.00000010, -0.00000003, 0.00000004, 0.00000010, 0.00000011, 0.00000006, -0.00000002, -0.00000007, -0.00000006, 0.00000001, 0.00000000
-0.00068834, -0.00033392, -0.00016559, -0.00006599, 0.00000039, 0.00004846, 0.00008573, 0.00011561, 0.00014016, 0.00016086, 0.00017879, 0.00019464, 0.00020885, 0.00022170, 0.00023340, 0.00024413, 0.00025403, 0.00026323, 0.00027184, 0.00030169, 0.00032574, 0.00034443, 0.00035763, 0.00036502, 0.00036623, 0.00036096, 0.00034919, 0.00033125, 0.00030791, 0.00028025, 0.00024960, 0.00021739, 0.00018501, 0.00015374, 0.00012460, 0.00009838, 0.00007555, 0.00005634, 0.00004072, 0.00002845, 0.00001918, 0.00001244, 0.00000776, 0.00000465, 0.00000269, 0.00000150, 0.00000082, 0.00000043, 0.00000020, 0.00000006, -0.00000003, -0.00000008, -0.00000010, -0.00000007, -0.00000002, 0.00000003, 0.00000007, 0.00000008, 0.00000004, -0.00000001, -0.00000005, -0.00000005, 0.00000001, 0.00000000
-0.00116067, -0.00062234, -0.00037185, -0.00022668, -0.00013196, -0.00006481, -0.00001371, 0.00002655, 0.00005904, 0.00008600, 0.00010901, 0.00012911, 0.00014692, 0.00016286, 0.00017724, 0.00019031, 0.00020229, 0.00021338, 0.00022372, 0.00025985, 0.00029020, 0.00031604, 0.00033757, 0.00035453, 0.00036628, 0.00037200, 0.00037098, 0.00036283, 0.00034765, 0.00032601, 0.00029895, 0.00026786, 0.00023431, 0.00019993, 0.00016625, 0.00013455, 0.00010586, 0.00008082, 0.00005978, 0.00004275, 0.00002949, 0.00001958, 0.00001251, 0.00000768, 0.00000455, 0.00000262, 0.00000147, 0.00000081, 0.00000042, 0.00000017, 0.00000001, -0.00000009, -0.00000012, -0.00000010, -0.00000004, 0.00000004, 0.00000010, 0.00000011, 0.00000007, -0.00000001, -0.00000007, -0.00000007, 0.00000001, 0.00000000
-0.00128833, -0.00077131, -0.00053396, -0.00039861, -0.00031220, -0.00025238, -0.00020785, -0.00017381, -0.00014737, -0.00012626, -0.00010890, -0.00009433, -0.00008198, -0.00007152, -0.00006267, -0.00005521, -0.00004891, -0.00004359, -0.00003907, -0.00002688, -0.00002164, -0.00002173, -0.00002563, -0.00003188, -0.00003939, -0.00004741, -0.00005523, -0.00006219, -0.00006760, -0.00007094, -0.00007189, -0.00007043, -0.00006676, -0.00006128, -0.00005451, -0.00004701, -0.00003931, -0.00003185, -0.00002498, -0.00001892, -0.00001381, -0.00000966, -0.00000645, -0.00000407, -0.00000241, -0.00000132, -0.00000066, -0.00000031, -0.00000015, -0.00000010, -0.00000010, -0.00000010, -0.00000008, -0.00000005, -0.00000000, 0.00000004, 0.00000006, 0.00000005, 0.00000002, -0.00000001, -0.00000004, -0.00000003, 0.00000000, 0.00000000
0.00030326, 0.00027877, 0.00027184, 0.00027123, 0.00027374, 0.00027780, 0.00028257, 0.00028791, 0.00029366, 0.00029962, 0.00030564, 0.00031167, 0.00031771, 0.00032377, 0.00032985, 0.00033593, 0.00034200, 0.00034802, 0.00035398, 0.00037678, 0.00039741, 0.00041493, 0.00042808, 0.00043561, 0.00043661, 0.00043055, 0.00041728, 0.00039708, 0.00037067, 0.00033911, 0.00030381, 0.00026634, 0.00022831, 0.00019122, 0.00015635, 0.00012467, 0.00009684, 0.00007318, 0.00005371, 0.00003821, 0.00002630, 0.00001747, 0.00001117, 0.00000686, 0.00000404, 0.00000229, 0.00000124, 0.00000064, 0.00000032, 0.00000014, 0.00000004, -0.00000001, -0.00000003, -0.00000003, -0.00000001, 0.00000001, 0.00000003, 0.00000004, 0.00000002, -0.00000001, -0.00000003, -0.00000002, 0.00000000, 0.00000000
0.00134826, 0.00101985, 0.00085846, 0.00075985, 0.00069295, 0.00064362, 0.00060452, 0.00057296, 0.00054713, 0.00052535, 0.00050642, 0.00048968, 0.00047476, 0.00046146, 0.00044961, 0.00043901, 0.00042949, 0.00042085, 0.00041297, 0.00038711, 0.00036835, 0.00035506, 0.00034522, 0.00033687, 0.00032847, 0.00031883, 0.00030692, 0.00029187, 0.00027318, 0.00025081, 0.00022523, 0.00019738, 0.00016847, 0.00013982, 0.00011263, 0.00008791, 0.00006634, 0.00004828, 0.00003378, 0.00002263, 0.00001444, 0.00000873, 0.00000496, 0.00000262, 0.00000129, 0.00000058, 0.00000024, 0.00000009, 0.00000002, -0.00000002, -0.00000005, -0.00000007, -0.00000007, -0.00000004, -0.00000001, 0.00000003, 0.00000005, 0.00000005, 0.00000002, -0.00000001, -0.00000004, -0.00000003, 0.00000001, 0.00000000
-0.00132518, -0.00064481, -0.00032397, -0.00013504, -0.00000924, 0.00008198, 0.00015307, 0.00021066, 0.00025861, 0.00029972, 0.00033598, 0.00036870, 0.00039873, 0.00042659, 0.00045267, 0.00047728, 0.00050067, 0.00052305, 0.00054462, 0.00062500, 0.00069806, 0.00076322, 0.00081829, 0.00086068, 0.00088781, 0.00089749, 0.00088841, 0.00086041, 0.00081472, 0.00075381, 0.00068116, 0.00060079, 0.00051695, 0.00043363, 0.00035429, 0.00028165, 0.00021757, 0.00016305, 0.00011834, 0.00008300, 0.00005614, 0.00003655, 0.00002287, 0.00001377, 0.00000801, 0.00000453, 0.00000251, 0.00000135, 0.00000066, 0.00000023, -0.00000006, -0.00000022, -0.00000026, -0.00000020, -0.00000006, 0.00000010, 0.00000021, 0.00000022, 0.00000012, -0.00000003, -0.00000015, -0.00000013, 0.00000002, 0.00000000
-0.00184866, -0.00106375, -0.00069625, -0.00048176, -0.00034092, -0.00024036, -0.00016322, -0.00010208, -0.00005245, -0.00001101, 0.00002459, 0.00005585, 0.00008365, 0.00010859, 0.00013110, 0.00015155, 0.00017027, 0.00018755, 0.00020363, 0.00025905, 0.00030391, 0.00034018, 0.00036878, 0.00039010, 0.00040398, 0.00041001, 0.00040792, 0.00039776, 0.00038006, 0.00035576, 0.00032614, 0.00029268, 0.00025698, 0.00022060, 0.00018500, 0.00015140, 0.00012077, 0.00009377, 0.00007076, 0.00005182, 0.00003675, 0.00002521, 0.00001670, 0.00001069, 0.00000660, 0.00000395, 0.00000229, 0.00000128, 0.00000068, 0.00000031, 0.00000008, -0.00000005, -0.00000011, -0.00000010, -0.00000004, 0.00000003, 0.00000009, 0.00000011, 0.00000007, -0.00000001, -0.00000007, -0.00000007, 0.00000001, 0.00000000
-0.00299357, -0.00180638, -0.00125372, -0.00093394, -0.00072651, -0.00058046, -0.00046995, -0.00038383, -0.00031534, -0.00025928, -0.00021201, -0.00017123, -0.00013560, -0.00010425, -0.00007653, -0.00005187, -0.00002976, -0.00000974, 0.00000855, 0.00006961, 0.00011713, 0.00015454, 0.00018397, 0.00020690, 0.00022377, 0.00023441, 0.00023856, 0.00023628, 0.00022803, 0.00021463, 0.00019716, 0.00017678, 0.00015469, 0.00013204, 0.00010982, 0.00008891, 0.00006996, 0.00005340, 0.00003948, 0.00002822, 0.00001948, 0.00001298, 0.00000837, 0.00000526, 0.00000325, 0.00000200, 0.00000123, 0.00000074, 0.00000040, 0.00000015, -0.00000004, -0.00000016, -0.00000019, -0.00000015, -0.00000005, 0.00000007, 0.00000015, 0.00000016, 0.00000010, -0.00000002, -0.00000011, -0.00000010, 0.00000001, 0.00000000
-0.00005128, 0.00005784, 0.00010907, 0.00013908, 0.00015900, 0.00017332, 0.00018425, 0.00019293, 0.00020000, 0.00020588, 0.00021085, 0.00021512, 0.00021884, 0.00022212, 0.00022503, 0.00022762, 0.00022993, 0.00023201, 0.00023389, 0.00023974, 0.00024353, 0.00024538, 0.00024506, 0.00024226, 0.00023665, 0.00022798, 0.00021618, 0.00020137, 0.00018395, 0.00016454, 0.00014392, 0.00012296, 0.00010250, 0.00008326, 0.00006583, 0.00005058, 0.00003771, 0.00002721, 0.00001897, 0.00001275, 0.00000823, 0.00000511, 0.00000304, 0.00000174, 0.00000098, 0.00000054, 0.00000030, 0.00000016, 0.00000007, 0.00000000, -0.00000004, -0.00000006, -0.00000006, -0.00000004, -0.00000001, 0.00000003, 0.00000005, 0.00000004, 0.00000002, -0.00000001, -0.00000003, -0.00000002, 0.00000001, 0.00000000
-0.00037034, -0.00018766, -0.00010520, -0.00005887, -0.00002958, -0.00000946, 0.00000539, 0.00001673, 0.00002560, 0.00003274, 0.00003865, 0.00004365, 0.00004791, 0.00005156, 0.00005469, 0.00005738, 0.00005969, 0.00006167, 0.00006338, 0.00006804, 0.00006988, 0.00006937, 0.00006695, 0.00006306, 0.00005807, 0.00005231, 0.00004610, 0.00003974, 0.00003352, 0.00002769, 0.00002242, 0.00001782, 0.00001393, 0.00001072, 0.00000813, 0.00000609, 0.00000450, 0.00000329, 0.00000238, 0.00000170, 0.00000121, 0.00000085, 0.00000059, 0.00000041, 0.00000028, 0.00000019, 0.00000013, 0.00000008, 0.00000004, 0.00000002, 0.00000000, -0.00000001, -0.00000001, -0.00000001, -0.00000000, 0.00000000, 0.00000001, 0.00000001, 0.00000001, -0.00000000, -0.00000001, -0.00000001, 0.00000000, 0.00000000
-0.00112967, -0.00062630, -0.00039397, -0.00026135, -0.00017665, -0.00011819, -0.00007498, -0.00004216, -0.00001685, 0.00000314, 0.00001935, 0.00003276, 0.00004401, 0.00005348, 0.00006147, 0.00006821, 0.00007393, 0.00007881, 0.00008303, 0.00009551, 0.00010397, 0.00011020, 0.00011514, 0.00011928, 0.00012260, 0.00012468, 0.00012494, 0.00012289, 0.00011826, 0.00011107, 0.00010162, 0.00009043, 0.00007816, 0.00006550, 0.00005313, 0.00004163, 0.00003141, 0.00002275, 0.00001576, 0.00001039, 0.00000649, 0.00000383, 0.00000215, 0.00000118, 0.00000067, 0.00000043, 0.00000030, 0.00000021, 0.00000012, 0.00000001, -0.00000008, -0.00000014, -0.00000015, -0.00000010, -0.00000003, 0.00000006, 0.00000011, 0.00000012, 0.00000006, -0.00000002, -0.00000008, -0.00000007, 0.00000001, 0.00000000
-0.00092097, -0.00041587, -0.00018027, -0.00004242, 0.00004913, 0.00011569, 0.00016789, 0.00021055, 0.00024647, 0.00027766, 0.00030553, 0.00033098, 0.00035454, 0.00037655, 0.00039723, 0.00041676, 0.00043530, 0.00045296, 0.00046986, 0.00053090, 0.00058179, 0.00062125, 0.00064786, 0.00066067, 0.00065918, 0.00064347, 0.00061439, 0.00057361, 0.00052348, 0.00046685, 0.00040674, 0.00034607, 0.00028739, 0.00023279, 0.00018375, 0.00014117, 0.00010541, 0.00007636, 0.00005357, 0.00003631, 0.00002374, 0.00001495, 0.00000907, 0.00000532, 0.00000304, 0.00000172, 0.00000096, 0.00000052, 0.00000024, 0.00000006, -0.00000007, -0.00000014, -0.00000015, -0.00000010, -0.00000002, 0.00000006, 0.00000011, 0.00000011, 0.00000006, -0.00000002, -0.00000008, -0.00000006, 0.00000001, 0.00000000
-0.00076399, -0.00033990, -0.00014675, -0.00003697, 0.00003365, 0.00008322, 0.00012073, 0.00015033, 0.00017443, 0.00019470, 0.00021228, 0.00022794, 0.00024213, 0.00025516, 0.00026725, 0.00027855, 0.00028920, 0.00029931, 0.00030898, 0.00034442, 0.00037566, 0.00040243, 0.00042380, 0.00043875, 0.00044630, 0.00044564, 0.00043636, 0.00041858, 0.00039299, 0.00036087, 0.00032388, 0.00028391, 0.00024291, 0.00020269, 0.00016477, 0.00013035, 0.00010020, 0.00007472, 0.00005395, 0.00003764, 0.00002531, 0.00001637, 0.00001018, 0.00000609, 0.00000352, 0.00000198, 0.00000110, 0.00000059, 0.00000029, 0.00000010, -0.00000003, -0.00000011, -0.00000013, -0.00000010, -0.00000003, 0.00000005, 0.00000010, 0.00000011, 0.00000006, -0.00000002, -0.00000007, -0.00000006, 0.00000001, 0.00000000
0.00140407, 0.00084939, 0.00060690, 0.00047688, 0.00039975, 0.00035065, 0.00031730, 0.00029440, 0.00027872, 0.00026788, 0.00026025, 0.00025486, 0.00025115, 0.00024879, 0.00024753, 0.00024715, 0.00024745, 0.00024826, 0.00024942, 0.00025588, 0.00026345, 0.00027097, 0.00027719, 0.00028087, 0.00028118, 0.00027764, 0.00026999, 0.00025816, 0.00024233, 0.00022295, 0.00020076, 0.00017673, 0.00015194, 0.00012746, 0.00010424, 0.00008304, 0.00006437, 0.00004850, 0.00003546, 0.00002513, 0.00001721, 0.00001138, 0.00000723, 0.00000441, 0.00000257, 0.00000143, 0.00000076, 0.00000038, 0.00000019, 0.00000009, 0.00000004, 0.00000002, 0.00000001, 0.00000000, 0.00000000, 0.00000000, 0.00000000, 0.00000000, -0.00000000, -0.00000000, -0.00000000, -0.00000000, 0.00000000, 0.00000000
-0.00219620, -0.00119704, -0.00073533, -0.00047088, -0.00030116, -0.00018325, -0.00009540, -0.00002799, 0.00002472, 0.00006699, 0.00010188, 0.00013136, 0.00015664, 0.00017847, 0.00019744, 0.00021400, 0.00022859, 0.00024158, 0.00025327, 0.00029155, 0.00032155, 0.00034601, 0.00036595, 0.00038158, 0.00039226, 0.00039673, 0.00039373, 0.00038250, 0.00036302, 0.00033610, 0.00030321, 0.00026626, 0.00022735, 0.00018855, 0.00015164, 0.00011806, 0.00008878, 0.00006430, 0.00004471, 0.00002974, 0.00001887, 0.00001140, 0.00000658, 0.00000369, 0.00000209, 0.00000125, 0.00000081, 0.00000052, 0.00000027, 0.00000003, -0.00000017, -0.00000029, -0.00000031, -0.00000021, -0.00000005, 0.00000013, 0.00000024, 0.00000024, 0.00000013, -0.00000004, -0.00000016, -0.00000014, 0.00000002, 0.00000000
-0.00531120, -0.00320324, -0.00223610, -0.00168506, -0.00133323, -0.00108938, -0.00090752, -0.00076784, -0.00065833, -0.00056990, -0.00049618, -0.00043320, -0.00037869, -0.00033118, -0.00028959, -0.00025297, -0.00022047, -0.00019132, -0.00016488, -0.00007806, -0.00001222, 0.00003790, 0.00007617, 0.00010561, 0.00012766, 0.00014265, 0.00015070, 0.00015227, 0.00014824, 0.00013978, 0.00012812, 0.00011439, 0.00009958, 0.00008452, 0.00006986, 0.00005614, 0.00004376, 0.00003300, 0.00002402, 0.00001683, 0.00001135, 0.00000739, 0.00000469, 0.00000296, 0.00000192, 0.00000129, 0.00000090, 0.00000060, 0.00000033, 0.00000008, -0.00000013, -0.00000026, -0.00000029, -0.00000022, -0.00000007, 0.00000010, 0.00000022, 0.00000023, 0.00000014, -0.00000002, -0.00000015, -0.00000014, 0.00000002, 0.00000000
0.00017745, 0.00010404, 0.00008032, 0.00007349, 0.00007400, 0.00007797, 0.00008361, 0.00009020, 0.00009729, 0.00010458, 0.00011187, 0.00011905, 0.00012611, 0.00013305, 0.00013986, 0.00014655, 0.00015312, 0.00015954, 0.00016582, 0.00018952, 0.00021128, 0.00023133, 0.00024935, 0.00026467, 0.00027658, 0.00028440, 0.00028755, 0.00028554, 0.00027815, 0.00026549, 0.00024800, 0.00022652, 0.00020212, 0.00017604, 0.00014953, 0.00012375, 0.00009968, 0.00007805, 0.00005930, 0.00004364, 0.00003104, 0.00002128, 0.00001402, 0.00000886, 0.00000535, 0.00000308, 0.00000170, 0.00000091, 0.00000047, 0.00000023, 0.00000011, 0.00000003, -0.00000001, -0.00000002, -0.00000002, -0.00000001, 0.00000001, 0.00000003, 0.00000002, 0.00000000, -0.00000002, -0.00000002, 0.00000000, 0.00000000
-0.00013242, -0.00003514, 0.00001003, 0.00003622, 0.00005345, 0.00006579, 0.00007523, 0.00008275, 0.00008893, 0.00009414, 0.00009864, 0.00010260, 0.00010614, 0.00010935, 0.00011228, 0.00011499, 0.00011751, 0.00011987, 0.00012210, 0.00013002, 0.00013678, 0.00014258, 0.00014733, 0.00015079, 0.00015266, 0.00015266, 0.00015057, 0.00014626, 0.00013973, 0.00013112, 0.00012071, 0.00010893, 0.00009624, 0.00008319, 0.00007028, 0.00005797, 0.00004664, 0.00003655, 0.00002785, 0.00002061, 0.00001478, 0.00001024, 0.00000685, 0.00000441, 0.00000272, 0.00000161, 0.00000092, 0.00000050, 0.00000026, 0.00000013, 0.00000006, 0.00000002, -0.00000000, -0.00000001, -0.00000001, -0.00000000, 0.00000001, 0.00000001, 0.00000001, 0.00000000, -0.00000001, -0.00000001, 0.00000000, 0.00000000
-0.00238672, -0.00136894, -0.00090680, -0.00064660, -0.00048244, -0.00037008, -0.00028740, -0.00022469, -0.00017613, -0.00013741, -0.00010551, -0.00007858, -0.00005553, -0.00003567, -0.00001849, -0.00000356, 0.00000952, 0.00002109, 0.00003144, 0.00006420, 0.00008711, 0.00010229, 0.00011138, 0.00011578, 0.00011632, 0.00011342, 0.00010749, 0.00009906, 0.00008888, 0.00007773, 0.00006634, 0.00005529, 0.00004501, 0.00003576, 0.00002769, 0.00002084, 0.00001520, 0.00001069, 0.00000722, 0.00000466, 0.00000286, 0.00000168, 0.00000097, 0.00000058, 0.00000039, 0.00000030, 0.00000024, 0.00000018, 0.00000010, 0.00000001, -0.00000007, -0.00000012, -0.00000013, -0.00000009, -0.00000003, 0.00000004, 0.00000009, 0.00000010, 0.00000006, -0.00000001, -0.00000007, -0.00000006, 0.00000001, 0.00000000
-0.00043202, -0.00019660, -0.00008113, -0.00001008, 0.00003944, 0.00007696, 0.00010736, 0.00013288, 0.00015483, 0.00017416, 0.00019158, 0.00020752, 0.00022229, 0.00023607, 0.00024901, 0.00026122, 0.00027278, 0.00028378, 0.00029427, 0.00033209, 0.00036397, 0.00038976, 0.00040885, 0.00042059, 0.00042444, 0.00042008, 0.00040757, 0.00038743, 0.00036064, 0.00032856, 0.00029282, 0.00025516, 0.00021726, 0.00018063, 0.00014652, 0.00011583, 0.00008913, 0.00006666, 0.00004838, 0.00003400, 0.00002310, 0.00001515, 0.00000957, 0.00000584, 0.00000344, 0.00000197, 0.00000110, 0.00000059, 0.00000029, 0.00000011, -0.00000000, -0.00000007, -0.00000009, -0.00000007, -0.00000002, 0.00000003, 0.00000007, 0.00000007, 0.00000004, -0.00000001, -0.00000005, -0.00000004, 0.00000001, 0.00000000
0.00012459, 0.00021645, 0.00025822, 0.00028222, 0.00029829, 0.00031008, 0.00031941, 0.00032729, 0.00033422, 0.00034045, 0.00034620, 0.00035162, 0.00035684, 0.00036194, 0.00036695, 0.00037190, 0.00037680, 0.00038165, 0.00038647, 0.00040537, 0.00042336, 0.00043913, 0.00045093, 0.00045710, 0.00045627, 0.00044747, 0.00043024, 0.00040485, 0.00037224, 0.00033402, 0.00029221, 0.00024899, 0.00020645, 0.00016639, 0.00013018, 0.00009872, 0.00007242, 0.00005128, 0.00003495, 0.00002286, 0.00001432, 0.00000857, 0.00000491, 0.00000272, 0.00000149, 0.00000082, 0.00000047, 0.00000026, 0.00000010, -0.00000001, -0.00000010, -0.00000014, -0.00000013, -0.00000008, -0.00000001, 0.00000006, 0.00000010, 0.00000009, 0.00000004, -0.00000003, -0.00000007, -0.00000005, 0.00000001, 0.00000000
-0.00123792, -0.00064209, -0.00037218, -0.00022089, -0.00012600, -0.00006161, -0.00001480, 0.00002022, 0.00004689, 0.00006772, 0.00008447, 0.00009825, 0.00010973, 0.00011936, 0.00012744, 0.00013425, 0.00014002, 0.00014496, 0.00014923, 0.00016198, 0.00017037, 0.00017570, 0.00017860, 0.00017937, 0.00017792, 0.00017396, 0.00016722, 0.00015767, 0.00014558, 0.00013145, 0.00011594, 0.00009981, 0.00008376, 0.00006844, 0.00005436, 0.00004189, 0.00003123, 0.00002247, 0.00001554, 0.00001029, 0.00000650, 0.00000391, 0.00000225, 0.00000125, 0.00000070, 0.00000041, 0.00000026, 0.00000016, 0.00000008, 0.00000000, -0.00000007, -0.00000011, -0.00000011, -0.00000008, -0.00000002, 0.00000004, 0.00000008, 0.00000009, 0.00000005, -0.00000001, -0.00000006, -0.00000005, 0.00000001, 0.00000000
0.00026214, 0.00029841, 0.00032122, 0.00033832, 0.00035262, 0.00036498, 0.00037574, 0.00038551, 0.00039460, 0.00040303, 0.00041083, 0.00041808, 0.00042492, 0.00043148, 0.00043785, 0.00044409, 0.00045021, 0.00045623, 0.00046215, 0.00048508, 0.00050775, 0.00053065, 0.00055283, 0.00057256, 0.00058800, 0.00059735, 0.00059895, 0.00059140, 0.00057382, 0.00054607, 0.00050885, 0.00046366, 0.00041265, 0.00035832, 0.00030326, 0.00024987, 0.00020018, 0.00015568, 0.00011733, 0.00008548, 0.00006005, 0.00004054, 0.00002620, 0.00001614, 0.00000944, 0.00000523, 0.00000274, 0.00000137, 0.00000065, 0.00000029, 0.00000011, -0.00000000, -0.00000006, -0.00000008, -0.00000005, -0.00000001, 0.00000004, 0.00000007, 0.00000005, 0.00000001, -0.00000004, -0.00000005, 0.00000000, 0.00000000
-0.00012564, 0.00003330, 0.00011010, 0.00015656, 0.00018848, 0.00021232, 0.00023137, 0.00024721, 0.00026073, 0.00027255, 0.00028314, 0.00029284, 0.00030186, 0.00031032, 0.00031833, 0.00032595, 0.00033323, 0.00034022, 0.00034696, 0.00037197, 0.00039394, 0.00041190, 0.00042444, 0.00043031, 0.00042843, 0.00041816, 0.00039939, 0.00037273, 0.00033948, 0.00030146, 0.00026079, 0.00021961, 0.00017987, 0.00014314, 0.00011054, 0.00008269, 0.00005982, 0.00004173, 0.00002801, 0.00001802, 0.00001110, 0.00000653, 0.00000369, 0.00000203, 0.00000112, 0.00000063, 0.00000037, 0.00000020, 0.00000008, -0.00000003, -0.00000010, -0.00000013, -0.00000012, -0.00000007, -0.00000000, 0.00000006, 0.00000009, 0.00000008, 0.00000003, -0.00000002, -0.00000006, -0.00000004, 0.00000001, 0.00000000
0.00039927, 0.00032013, 0.00028439, 0.00026452, 0.00025248, 0.00024452, 0.00023878, 0.00023465, 0.00023167, 0.00022941, 0.00022759, 0.00022606, 0.00022476, 0.00022368, 0.00022277, 0.00022201, 0.00022135, 0.00022076, 0.00022022, 0.00021828, 0.00021666, 0.00021527, 0.00021364, 0.00021124, 0.00020756, 0.00020210, 0.00019442, 0.00018419, 0.00017132, 0.00015604, 0.00013885, 0.00012050, 0.00010182, 0.00008365, 0.00006671, 0.00005155, 0.00003853, 0.00002780, 0.00001930, 0.00001286, 0.00000820, 0.00000500, 0.00000291, 0.00000163, 0.00000089, 0.00000049, 0.00000027, 0.00000014, 0.00000006, -0.00000001, -0.00000005, -0.00000008, -0.00000007, -0.00000005, -0.00000001, 0.00000003, 0.00000006, 0.00000005, 0.00000002, -0.00000001, -0.00000004, -0.00000003, 0.00000001, 0.00000000
0.00067178, 0.00059726, 0.00056964, 0.00055923, 0.00055741, 0.00056025, 0.00056554, 0.00057262, 0.00058104, 0.00059030, 0.00060004, 0.00061005, 0.00062022, 0.00063049, 0.00064078, 0.00065102, 0.00066113, 0.00067101, 0.00068058, 0.00071445, 0.00073868, 0.00075052, 0.00074801, 0.00073031, 0.00069780, 0.00065200, 0.00059535, 0.00053095, 0.00046224, 0.00039262, 0.00032519, 0.00026247, 0.00020629, 0.00015773, 0.00011721, 0.00008453, 0.00005908, 0.00003994, 0.00002608, 0.00001641, 0.00000995, 0.00000580, 0.00000326, 0.00000177, 0.00000093, 0.00000047, 0.00000022, 0.00000008, 0.00000001, -0.00000002, -0.00000003, -0.00000002, -0.00000000, 0.00000001, 0.00000002, 0.00000002, 0.00000001, -0.00000001, -0.00000001, -0.00000001, 0.00000000, 0.00000001, 0.00000000, 0.00000000
0.00064140, 0.00046994, 0.00039978, 0.00036598, 0.00034926, 0.00034141, 0.00033827, 0.00033822, 0.00034022, 0.00034347, 0.00034739, 0.00035166, 0.00035612, 0.00036067, 0.00036525, 0.00036977, 0.00037418, 0.00037842, 0.00038242, 0.00039543, 0.00040295, 0.00040451, 0.00039976, 0.00038858, 0.00037124, 0.00034842, 0.00032109, 0.00029040, 0.00025761, 0.00022402, 0.00019086, 0.00015923, 0.00013001, 0.00010384, 0.00008109, 0.00006188, 0.00004612, 0.00003356, 0.00002383, 0.00001650, 0.00001115, 0.00000735, 0.00000472, 0.00000296, 0.00000181, 0.00000108, 0.00000063, 0.00000035, 0.00000018, 0.00000009, 0.00000004, 0.00000002, 0.00000001, 0.00000001, 0.00000001, 0.00000001, 0.00000000, -0.00000000, -0.00000001, -0.00000000, 0.00000000, 0.00000000, 0.00000000, 0.00000000
-0.00154297, -0.00076168, -0.00041253, -0.00022017, -0.00010190, -0.00002354, 0.00003183, 0.00007198, 0.00010147, 0.00012354, 0.00014048, 0.00015372, 0.00016414, 0.00017234, 0.00017872, 0.00018366, 0.00018743, 0.00019032, 0.00019252, 0.00019749, 0.00019988, 0.00020160, 0.00020337, 0.00020524, 0.00020667, 0.00020666, 0.00020416, 0.00019837, 0.00018893, 0.00017589, 0.00015975, 0.00014129, 0.00012149, 0.00010136, 0.00008187, 0.00006382, 0.00004784, 0.00003429, 0.00002331, 0.00001486, 0.00000871, 0.00000451, 0.00000188, 0.00000041, -0.00000027, -0.00000049, -0.00000046, -0.00000037, -0.00000029, -0.00000025, -0.00000024, -0.00000023, -0.00000020, -0.00000013, -0.00000004, 0.00000005, 0.00000012, 0.00000013, 0.00000007, -0.00000002, -0.00000008, -0.00000007, 0.00000001, 0.00000000
0.00136178, 0.00107421, 0.00094761, 0.00088039, 0.00084242, 0.00082048, 0.00080735, 0.00080044, 0.00079809, 0.00079876, 0.00080132, 0.00080508, 0.00080966, 0.00081485, 0.00082044, 0.00082624, 0.00083207, 0.00083773, 0.00084306, 0.00085860, 0.00086157, 0.00084966, 0.00082186, 0.00077852, 0.00072143, 0.00065355, 0.00057853, 0.00050018, 0.00042214, 0.00034758, 0.00027899, 0.00021813, 0.00016594, 0.00012270, 0.00008807, 0.00006127, 0.00004126, 0.00002686, 0.00001688, 0.00001023, 0.00000598, 0.00000336, 0.00000180, 0.00000091, 0.00000040, 0.00000012, -0.00000002, -0.00000007, -0.00000007, -0.00000003, 0.00000002, 0.00000006, 0.00000008, 0.00000007, 0.00000003, -0.00000002, -0.00000006, -0.00000007, -0.00000005, 0.00000000, 0.00000004, 0.00000004, -0.00000000, 0.00000000
0.00046864, 0.00035945, 0.00030006, 0.00026033, 0.00023103, 0.00020789, 0.00018847, 0.00017189, 0.00015754, 0.00014488, 0.00013348, 0.00012305, 0.00011342, 0.00010449, 0.00009617, 0.00008838, 0.00008105, 0.00007411, 0.00006750, 0.00004343, 0.00002186, 0.00000187, -0.00001693, -0.00003458, -0.00005084, -0.00006526, -0.00007727, -0.00008634, -0.00009207, -0.00009428, -0.00009305, -0.00008871, -0.00008180, -0.00007302, -0.00006311, -0.00005280, -0.00004273, -0.00003342, -0.00002522, -0.00001834, -0.00001282, -0.00000860, -0.00000553, -0.00000342, -0.00000204, -0.00000118, -0.00000068, -0.00000039, -0.00000021, -0.00000010, -0.00000002, 0.00000004, 0.00000006, 0.00000005, 0.00000002, -0.00000002, -0.00000005, -0.00000006, -0.00000004, 0.00000000, 0.00000004, 0.00000004, -0.00000000, 0.00000000
0.00017823, 0.00017674, 0.00017613, 0.00017577, 0.00017564, 0.00017555, 0.00017534, 0.00017512, 0.00017491, 0.00017465, 0.00017430, 0.00017388, 0.00017340, 0.00017289, 0.00017237, 0.00017183, 0.00017128, 0.00017072, 0.00017015, 0.00016769, 0.00016511, 0.00016248, 0.00015958, 0.00015609, 0.00015174, 0.00014626, 0.00013949, 0.00013131, 0.00012174, 0.00011091, 0.00009911, 0.00008673, 0.00007421, 0.00006199, 0.00005050, 0.00004004, 0.00003086, 0.00002307, 0.00001670, 0.00001166, 0.00000784, 0.00000505, 0.00000310, 0.00000182, 0.00000101, 0.00000053, 0.00000026, 0.00000012, 0.00000005, 0.00000001, -0.00000001, -0.00000002, -0.00000002, -0.00000002, -0.00000001, 0.00000001, 0.00000002, 0.00000002, 0.00000001, -0.00000000, -0.00000001, -0.00000001, 0.00000000, 0.00000000
-0.00212227, -0.00119754, -0.00076986, -0.00052452, -0.00036682, -0.00025696, -0.00017481, -0.00011153, -0.00006182, -0.00002168, 0.00001172, 0.00004020, 0.00006484, 0.00008632, 0.00010516, 0.00012179, 0.00013659, 0.00014992, 0.00016205, 0.00020252, 0.00023446, 0.00025988, 0.00027962, 0.00029399, 0.00030265, 0.00030490, 0.00030015, 0.00028835, 0.00027009, 0.00024649, 0.00021909, 0.00018954, 0.00015949, 0.00013041, 0.00010347, 0.00007951, 0.00005904, 0.00004224, 0.00002902, 0.00001908, 0.00001197, 0.00000716, 0.00000411, 0.00000231, 0.00000133, 0.00000083, 0.00000055, 0.00000036, 0.00000018, 0.00000001, -0.00000013, -0.00000022, -0.00000023, -0.00000015, -0.00000003, 0.00000009, 0.00000017, 0.00000017, 0.00000009, -0.00000003, -0.00000012, -0.00000010, 0.00000002, 0.00000000
-0.00118052, -0.00059003, -0.00031692, -0.00016013, -0.00005897, 0.00001173, 0.00006469, 0.00010568, 0.00013811, 0.00016443, 0.00018640, 0.00020516, 0.00022145, 0.00023572, 0.00024832, 0.00025953, 0.00026958, 0.00027870, 0.00028705, 0.00031535, 0.00033854, 0.00035807, 0.00037409, 0.00038620, 0.00039356, 0.00039507, 0.00038972, 0.00037695, 0.00035680, 0.00033000, 0.00029786, 0.00026207, 0.00022455, 0.00018713, 0.00015149, 0.00011894, 0.00009039, 0.00006634, 0.00004689, 0.00003182, 0.00002067, 0.00001282, 0.00000760, 0.00000432, 0.00000240, 0.00000134, 0.00000077, 0.00000044, 0.00000021, 0.00000003, -0.00000012, -0.00000020, -0.00000022, -0.00000015, -0.00000004, 0.00000008, 0.00000016, 0.00000017, 0.00000009, -0.00000003, -0.00000011, -0.00000010, 0.00000002, 0.00000000
-0.00361782, -0.00213412, -0.00144576, -0.00104811, -0.00078993, -0.00060745, -0.00046867, -0.00035962, -0.00027179, -0.00019881, -0.00013623, -0.00008129, -0.00003236, 0.00001161, 0.00005143, 0.00008777, 0.00012126, 0.00015242, 0.00018168, 0.00028531, 0.00037352, 0.00044932, 0.00051424, 0.00056882, 0.00061250, 0.00064412, 0.00066267, 0.00066770, 0.00065938, 0.00063854, 0.00060648, 0.00056496, 0.00051602, 0.00046194, 0.00040505, 0.00034763, 0.00029177, 0.00023926, 0.00019148, 0.00014937, 0.00011342, 0.00008369, 0.00005991, 0.00004152, 0.00002780, 0.00001794, 0.00001112, 0.00000659, 0.00000371, 0.00000196, 0.00000093, 0.00000037, 0.00000009, -0.00000002, -0.00000003, 0.00000001, 0.00000006, 0.00000008, 0.00000006, 0.00000001, -0.00000005, -0.00000005, -0.00000000, 0.00000000
0.00011970, 0.00012790, 0.00012903, 0.00012812, 0.00012663, 0.00012494, 0.00012314, 0.00012141, 0.00011980, 0.00011828, 0.00011684, 0.00011544, 0.00011410, 0.00011281, 0.00011159, 0.00011042, 0.00010930, 0.00010822, 0.00010716, 0.00010309, 0.00009904, 0.00009484, 0.00009030, 0.00008527, 0.00007970, 0.00007359, 0.00006703, 0.00006015, 0.00005308, 0.00004602, 0.00003914, 0.00003263, 0.00002663, 0.00002125, 0.00001658, 0.00001262, 0.00000937, 0.00000677, 0.00000476, 0.00000325, 0.00000215, 0.00000137, 0.00000085, 0.00000050, 0.00000029, 0.00000015, 0.00000008, 0.00000004, 0.00000001, 0.00000000, 0.00000000, 0.00000000, 0.00000000, 0.00000000, 0.00000000, 0.00000000, -0.00000000, -0.00000000, -0.00000000, -0.00000000, 0.00000000, 0.00000000, 0.00000000, 0.00000000
-0.00157889, -0.00085452, -0.00052026, -0.00032862, -0.00020522, -0.00011893, -0.00005411, -0.00000380, 0.00003615, 0.00006881, 0.00009636, 0.00012016, 0.00014104, 0.00015952, 0.00017600, 0.00019081, 0.00020421, 0.00021648, 0.00022781, 0.00026642, 0.00029719, 0.00032122, 0.00033883, 0.00035008, 0.00035472, 0.00035239, 0.00034299, 0.00032683, 0.00030471, 0.00027784, 0.00024766, 0.00021571, 0.00018348, 0.00015228, 0.00012320, 0.00009704, 0.00007430, 0.00005521, 0.00003973, 0.00002763, 0.00001855, 0.00001201, 0.00000750, 0.00000455, 0.00000271, 0.00000160, 0.00000095, 0.00000055, 0.00000028, 0.00000009, -0.00000005, -0.00000013, -0.00000015, -0.00000011, -0.00000003, 0.00000005, 0.00000011, 0.00000012, 0.00000007, -0.00000002, -0.00000008, -0.00000007, 0.00000001, 0.00000000
0.00115798, 0.00081298, 0.00065966, 0.00057608, 0.00052600, 0.00049381, 0.00047168, 0.00045648, 0.00044620, 0.00043923, 0.00043447, 0.00043128, 0.00042934, 0.00042844, 0.00042842, 0.00042913, 0.00043041, 0.00043214, 0.00043419, 0.00044425, 0.00045562, 0.00046658, 0.00047506, 0.00047906, 0.00047708, 0.00046814, 0.00045174, 0.00042786, 0.00039709, 0.00036058, 0.00031993, 0.00027705, 0.00023392, 0.00019237, 0.00015391, 0.00011966, 0.00009027, 0.00006596, 0.00004659, 0.00003174, 0.00002080, 0.00001308, 0.00000788, 0.00000455, 0.00000252, 0.00000134, 0.00000070, 0.00000034, 0.00000015, 0.00000003, -0.00000004, -0.00000008, -0.00000008, -0.00000005, -0.00000000, 0.00000004, 0.00000006, 0.00000006, 0.00000002, -0.00000002, -0.00000004, -0.00000003, 0.00000001, 0.00000000
-0.00096647, -0.00045527, -0.00021996, -0.00008569, 0.00000029, 0.00005987, 0.00010403, 0.00013780, 0.00016414, 0.00018518, 0.00020245, 0.00021693, 0.00022924, 0.00023979, 0.00024888, 0.00025674, 0.00026359, 0.00026962, 0.00027498, 0.00029185, 0.00030408, 0.00031294, 0.00031876, 0.00032142, 0.00032045, 0.00031520, 0.00030507, 0.00028984, 0.00026976, 0.00024555, 0.00021830, 0.00018932, 0.00015997, 0.00013154, 0.00010509, 0.00008144, 0.00006109, 0.00004424, 0.00003084, 0.00002063, 0.00001320, 0.00000806, 0.00000470, 0.00000265, 0.00000147, 0.00000083, 0.00000049, 0.00000029, 0.00000013, 0.00000001, -0.00000010, -0.00000016, -0.00000016, -0.00000011, -0.00000002, 0.00000006, 0.00000012, 0.00000012, 0.00000006, -0.00000002, -0.00000008, -0.00000007, 0.00000001, 0.00000000
0.00315096, 0.00199885, 0.00146751, 0.00116365, 0.00096956, 0.00083525, 0.00073532, 0.00065905, 0.00059986, 0.00055262, 0.00051373, 0.00048096, 0.00045304, 0.00042916, 0.00040871, 0.00039114, 0.00037594, 0.00036265, 0.00035091, 0.00031419, 0.00028781, 0.00026758, 0.00025017, 0.00023302, 0.00021484, 0.00019539, 0.00017493, 0.00015389, 0.00013274, 0.00011197, 0.00009212, 0.00007371, 0.00005722, 0.00004299, 0.00003118, 0.00002178, 0.00001462, 0.00000941, 0.00000578, 0.00000338, 0.00000186, 0.00000093, 0.00000037, 0.00000004, -0.00000014, -0.00000024, -0.00000026, -0.00000023, -0.00000015, -0.00000006, 0.00000004, 0.00000011, 0.00000013, 0.00000010, 0.00000004, -0.00000004, -0.00000010, -0.00000011, -0.00000007, 0.00000001, 0.00000007, 0.00000007, -0.00000001, 0.00000000
-0.00073816, -0.00033601, -0.00015053, -0.00004384, 0.00002547, 0.00007452, 0.00011185, 0.00014136, 0.00016533, 0.00018539, 0.00020268, 0.00021793, 0.00023160, 0.00024397, 0.00025523, 0.00026556, 0.00027510, 0.00028396, 0.00029226, 0.00032095, 0.00034360, 0.00036021, 0.00037044, 0.00037398, 0.00037060, 0.00036020, 0.00034304, 0.00031980, 0.00029162, 0.00025994, 0.00022633, 0.00019240, 0.00015955, 0.00012895, 0.00010147, 0.00007762, 0.00005762, 0.00004143, 0.00002879, 0.00001928, 0.00001242, 0.00000768, 0.00000457, 0.00000264, 0.00000150, 0.00000085, 0.00000049, 0.00000027, 0.00000013, 0.00000002, -0.00000006, -0.00000011, -0.00000011, -0.00000007, -0.00000001, 0.00000005, 0.00000008, 0.00000008, 0.00000004, -0.00000002, -0.00000006, -0.00000005, 0.00000001, 0.00000000
-0.00321767, -0.00188906, -0.00126824, -0.00090740, -0.00067190, -0.00050500, -0.00037784, -0.00027788, -0.00019758, -0.00013118, -0.00007459, -0.00002523, 0.00001843, 0.00005738, 0.00009233, 0.00012391, 0.00015267, 0.00017911, 0.00020364, 0.00028817, 0.00035687, 0.00041227, 0.00045541, 0.00048675, 0.00050597, 0.00051235, 0.00050555, 0.00048609, 0.00045542, 0.00041581, 0.00036995, 0.00032070, 0.00027076, 0.00022248, 0.00017773, 0.00013784, 0.00010359, 0.00007528, 0.00005276, 0.00003558, 0.00002304, 0.00001433, 0.00000859, 0.00000503, 0.00000294, 0.00000177, 0.00000110, 0.00000067, 0.00000034, 0.00000005, -0.00000017, -0.00000030, -0.00000032, -0.00000022, -0.00000006, 0.00000012, 0.00000024, 0.00000024, 0.00000013, -0.00000004, -0.00000016, -0.00000014, 0.00000002, 0.00000000
0.00142889, 0.00105080, 0.00087747, 0.00077930, 0.00071797, 0.00067643, 0.00064602, 0.00062357, 0.00060695, 0.00059426, 0.00058420, 0.00057604, 0.00056944, 0.00056422, 0.00056021, 0.00055725, 0.00055516, 0.00055375, 0.00055289, 0.00055333, 0.00055869, 0.00056788, 0.00057868, 0.00058848, 0.00059501, 0.00059624, 0.00059036, 0.00057585, 0.00055178, 0.00051809, 0.00047571, 0.00042642, 0.00037265, 0.00031710, 0.00026242, 0.00021094, 0.00016444, 0.00012410, 0.00009048, 0.00006355, 0.00004288, 0.00002770, 0.00001706, 0.00001000, 0.00000556, 0.00000295, 0.00000150, 0.00000074, 0.00000034, 0.00000012, -0.00000002, -0.00000010, -0.00000013, -0.00000011, -0.00000004, 0.00000004, 0.00000010, 0.00000011, 0.00000007, -0.00000002, -0.00000008, -0.00000007, 0.00000001, 0.00000000
0.00016484, 0.00023511, 0.00027802, 0.00031002, 0.00033650, 0.00035958, 0.00038037, 0.00039957, 0.00041755, 0.00043451, 0.00045061, 0.00046601, 0.00048082, 0.00049513, 0.00050898, 0.00052238, 0.00053536, 0.00054791, 0.00056003, 0.00060413, 0.00064050, 0.00066752, 0.00068341, 0.00068684, 0.00067712, 0.00065431, 0.00061925, 0.00057357, 0.00051957, 0.00046000, 0.00039780, 0.00033582, 0.00027654, 0.00022196, 0.00017347, 0.00013185, 0.00009732, 0.00006964, 0.00004821, 0.00003223, 0.00002077, 0.00001288, 0.00000770, 0.00000445, 0.00000250, 0.00000139, 0.00000076, 0.00000040, 0.00000017, 0.00000003, -0.00000007, -0.00000011, -0.00000011, -0.00000007, -0.00000001, 0.00000005, 0.00000009, 0.00000008, 0.00000004, -0.00000002, -0.00000006, -0.00000004, 0.00000001, 0.00000000
-0.00099504, -0.00050141, -0.00027217, -0.00014005, -0.00005462, 0.00000518, 0.00004997, 0.00008455, 0.00011178, 0.00013374, 0.00015191, 0.00016725, 0.00018038, 0.00019168, 0.00020146, 0.00020995, 0.00021736, 0.00022388, 0.00022968, 0.00024776, 0.00026053, 0.00026959, 0.00027558, 0.00027871, 0.00027873, 0.00027515, 0.00026744, 0.00025537, 0.00023906, 0.00021903, 0.00019614, 0.00017146, 0.00014614, 0.00012130, 0.00009791, 0.00007674, 0.00005828, 0.00004280, 0.00003032, 0.00002066, 0.00001351, 0.00000847, 0.00000510, 0.00000297, 0.00000170, 0.00000099, 0.00000059, 0.00000034, 0.00000017, 0.00000003, -0.00000007, -0.00000013, -0.00000014, -0.00000010, -0.00000002, 0.00000006, 0.00000011, 0.00000011, 0.00000006, -0.00000002, -0.00000008, -0.00000007, 0.00000001, 0.00000000
-0.00323209, -0.00182729, -0.00118012, -0.00080981, -0.00057186, -0.00040571, -0.00028091, -0.00018399, -0.00010692, -0.00004370, 0.00000990, 0.00005652, 0.00009775, 0.00013462, 0.00016787, 0.00019812, 0.00022594, 0.00025179, 0.00027608, 0.00036268, 0.00043772, 0.00050298, 0.00055847, 0.00060347, 0.00063654, 0.00065597, 0.00066052, 0.00064982, 0.00062457, 0.00058643, 0.00053785, 0.00048173, 0.00042121, 0.00035932, 0.00029883, 0.00024205, 0.00019072, 0.00014597, 0.00010835, 0.00007787, 0.00005409, 0.00003626, 0.00002346, 0.00001466, 0.00000889, 0.00000526, 0.00000305, 0.00000173, 0.00000091, 0.00000038, 0.00000003, -0.00000018, -0.00000025, -0.00000021, -0.00000007, 0.00000009, 0.00000021, 0.00000023, 0.00000014, -0.00000002, -0.00000015, -0.00000014, 0.00000002, 0.00000000
0.00014094, 0.00015681, 0.00016841, 0.00017753, 0.00018517, 0.00019161, 0.00019700, 0.00020165, 0.00020568, 0.00020911, 0.00021199, 0.00021439, 0.00021640, 0.00021810, 0.00021955, 0.00022078, 0.00022181, 0.00022265, 0.00022332, 0.00022463, 0.00022482, 0.00022481, 0.00022478, 0.00022450, 0.00022366, 0.00022181, 0.00021833, 0.00021257, 0.00020397, 0.00019221, 0.00017734, 0.00015981, 0.00014035, 0.00011990, 0.00009945, 0.00007993, 0.00006211, 0.00004653, 0.00003349, 0.00002306, 0.00001509, 0.00000932, 0.00000538, 0.00000286, 0.00000138, 0.00000059, 0.00000021, 0.00000006, -0.00000001, -0.00000004, -0.00000007, -0.00000010, -0.00000010, -0.00000008, -0.00000003, 0.00000003, 0.00000007, 0.00000008, 0.00000005, -0.00000001, -0.00000005, -0.00000005, 0.00000001, 0.00000000
0.00050321, 0.00040984, 0.00039099, 0.00039686, 0.00041314, 0.00043414, 0.00045710, 0.00048094, 0.00050502, 0.00052887, 0.00055219, 0.00057481, 0.00059667, 0.00061773, 0.00063795, 0.00065729, 0.00067570, 0.00069315, 0.00070960, 0.00076480, 0.00080230, 0.00082154, 0.00082249, 0.00080589, 0.00077328, 0.00072692, 0.00066960, 0.00060442, 0.00053462, 0.00046331, 0.00039330, 0.00032697, 0.00026611, 0.00021195, 0.00016513, 0.00012576, 0.00009359, 0.00006800, 0.00004822, 0.00003335, 0.00002250, 0.00001481, 0.00000952, 0.00000599, 0.00000369, 0.00000223, 0.00000132, 0.00000075, 0.00000041, 0.00000020, 0.00000007, 0.00000001, -0.00000001, -0.00000001, 0.00000001, 0.00000002, 0.00000003, 0.00000002, 0.00000001, -0.00000001, -0.00000002, -0.00000001, 0.00000000, 0.00000000
-0.00020150, -0.00009033, -0.00003987, -0.00001152, 0.00000631, 0.00001834, 0.00002705, 0.00003354, 0.00003840, 0.00004208, 0.00004492, 0.00004713, 0.00004887, 0.00005019, 0.00005115, 0.00005179, 0.00005215, 0.00005227, 0.00005219, 0.00005040, 0.00004684, 0.00004168, 0.00003508, 0.00002733, 0.00001871, 0.00000943, -0.00000026, -0.00001005, -0.00001949, -0.00002807, -0.00003528, -0.00004070, -0.00004407, -0.00004531, -0.00004453, -0.00004200, -0.00003810, -0.00003326, -0.00002796, -0.00002259, -0.00001751, -0.00001297, -0.00000914, -0.00000609, -0.00000380, -0.00000220, -0.00000118, -0.00000059, -0.00000030, -0.00000019, -0.00000016, -0.00000015, -0.00000012, -0.00000007, 0.00000000, 0.00000006, 0.00000009, 0.00000007, 0.00000003, -0.00000002, -0.00000006, -0.00000004, 0.00000001, 0.00000000
0.00022403, 0.00022626, 0.00022752, 0.00022829, 0.00022902, 0.00022953, 0.00022974, 0.00022984, 0.00022985, 0.00022973, 0.00022942, 0.00022895, 0.00022834, 0.00022764, 0.00022689, 0.00022607, 0.00022520, 0.00022427, 0.00022329, 0.00021884, 0.00021403, 0.00020918, 0.00020419, 0.00019883, 0.00019280, 0.00018580, 0.00017750, 0.00016760, 0.00015592, 0.00014251, 0.00012764, 0.00011178, 0.00009554, 0.00007956, 0.00006444, 0.00005067, 0.00003862, 0.00002845, 0.00002022, 0.00001382, 0.00000905, 0.00000566, 0.00000338, 0.00000192, 0.00000105, 0.00000055, 0.00000029, 0.00000015, 0.00000006, 0.00000000, -0.00000004, -0.00000006, -0.00000006, -0.00000004, -0.00000001, 0.00000002, 0.00000004, 0.00000005, 0.00000002, -0.00000001, -0.00000003, -0.00000003, 0.00000001, 0.00000000
-0.00105825, -0.00060892, -0.00039905, -0.00027751, -0.00019877, -0.00014356, -0.00010210, -0.00007011, -0.00004502, -0.00002484, -0.00000819, 0.00000583, 0.00001776, 0.00002796, 0.00003668, 0.00004416, 0.00005059, 0.00005618, 0.00006105, 0.00007563, 0.00008500, 0.00009090, 0.00009443, 0.00009633, 0.00009692, 0.00009617, 0.00009395, 0.00009018, 0.00008490, 0.00007829, 0.00007061, 0.00006221, 0.00005349, 0.00004480, 0.00003650, 0.00002887, 0.00002211, 0.00001636, 0.00001166, 0.00000798, 0.00000525, 0.00000331, 0.00000202, 0.00000121, 0.00000074, 0.00000047, 0.00000031, 0.00000020, 0.00000011, 0.00000003, -0.00000004, -0.00000008, -0.00000009, -0.00000007, -0.00000002, 0.00000003, 0.00000007, 0.00000007, 0.00000004, -0.00000001, -0.00000005, -0.00000004, 0.00000001, 0.00000000
0.00186339, 0.00121985, 0.00093918, 0.00078951, 0.00070192, 0.00064732, 0.00061126, 0.00058766, 0.00057281, 0.00056384, 0.00055878, 0.00055648, 0.00055631, 0.00055789, 0.00056093, 0.00056513, 0.00057025, 0.00057604, 0.00058230, 0.00060956, 0.00063708, 0.00066187, 0.00068076, 0.00069088, 0.00069034, 0.00067822, 0.00065440, 0.00061946, 0.00057471, 0.00052205, 0.00046389, 0.00040292, 0.00034181, 0.00028300, 0.00022849, 0.00017972, 0.00013758, 0.00010235, 0.00007389, 0.00005166, 0.00003491, 0.00002274, 0.00001425, 0.00000856, 0.00000492, 0.00000270, 0.00000141, 0.00000070, 0.00000033, 0.00000013, 0.00000004, -0.00000001, -0.00000002, -0.00000002, 0.00000000, 0.00000002, 0.00000003, 0.00000003, 0.00000001, -0.00000001, -0.00000002, -0.00000001, 0.00000001, 0.00000000
0.00043263, 0.00027727, 0.00020910, 0.00017236, 0.00015047, 0.00013647, 0.00012684, 0.00012016, 0.00011553, 0.00011227, 0.00010989, 0.00010813, 0.00010683, 0.00010590, 0.00010527, 0.00010489, 0.00010469, 0.00010463, 0.00010466, 0.00010515, 0.00010571, 0.00010605, 0.00010579, 0.00010461, 0.00010232, 0.00009887, 0.00009425, 0.00008853, 0.00008180, 0.00007424, 0.00006607, 0.00005757, 0.00004907, 0.00004086, 0.00003320, 0.00002629, 0.00002028, 0.00001521, 0.00001108, 0.00000783, 0.00000535, 0.00000353, 0.00000224, 0.00000137, 0.00000080, 0.00000045, 0.00000024, 0.00000012, 0.00000006, 0.00000003, 0.00000001, 0.00000000, 0.00000000, -0.00000000, 0.00000000, 0.00000000, 0.00000000, 0.00000000, -0.00000000, -0.00000000, -0.00000000, -0.00000000, 0.00000000, 0.00000000
-0.00008799, 0.00007922, 0.00015507, 0.00019780, 0.00022512, 0.00024411, 0.00025817, 0.00026910, 0.00027791, 0.00028520, 0.00029141, 0.00029683, 0.00030169, 0.00030613, 0.00031027, 0.00031418, 0.00031791, 0.00032150, 0.00032497, 0.00033814, 0.00035053, 0.00036184, 0.00037114, 0.00037730, 0.00037926, 0.00037616, 0.00036743, 0.00035282, 0.00033255, 0.00030724, 0.00027791, 0.00024587, 0.00021253, 0.00017933, 0.00014754, 0.00011822, 0.00009212, 0.00006969, 0.00005109, 0.00003621, 0.00002474, 0.00001625, 0.00001023, 0.00000616, 0.00000354, 0.00000195, 0.00000103, 0.00000052, 0.00000024, 0.00000009, 0.00000000, -0.00000005, -0.00000007, -0.00000006, -0.00000002, 0.00000002, 0.00000005, 0.00000006, 0.00000004, -0.00000001, -0.00000004, -0.00000004, 0.00000001, 0.00000000
0.00088302, 0.00067395, 0.00059596, 0.00056373, 0.00055245, 0.00055155, 0.00055607, 0.00056409, 0.00057435, 0.00058584, 0.00059800, 0.00061054, 0.00062337, 0.00063643, 0.00064968, 0.00066304, 0.00067644, 0.00068982, 0.00070312, 0.00075510, 0.00080414, 0.00084801, 0.00088340, 0.00090698, 0.00091600, 0.00090847, 0.00088343, 0.00084111, 0.00078309, 0.00071218, 0.00063211, 0.00054709, 0.00046136, 0.00037875, 0.00030238, 0.00023448, 0.00017634, 0.00012839, 0.00009030, 0.00006122, 0.00003991, 0.00002497, 0.00001499, 0.00000865, 0.00000484, 0.00000265, 0.00000144, 0.00000075, 0.00000033, 0.00000006, -0.00000013, -0.00000022, -0.00000023, -0.00000015, -0.00000002, 0.00000010, 0.00000018, 0.00000017, 0.00000008, -0.00000004, -0.00000012, -0.00000009, 0.00000002, 0.00000000
-0.00110932, -0.00057973, -0.00033518, -0.00019520, -0.00010541, -0.00004306, 0.00000333, 0.00003891, 0.00006671, 0.00008900, 0.00010739, 0.00012293, 0.00013624, 0.00014774, 0.00015773, 0.00016645, 0.00017414, 0.00018098, 0.00018714, 0.00020724, 0.00022265, 0.00023452, 0.00024319, 0.00024864, 0.00025049, 0.00024816, 0.00024120, 0.00022953, 0.00021348, 0.00019382, 0.00017160, 0.00014800, 0.00012423, 0.00010136, 0.00008026, 0.00006156, 0.00004563, 0.00003258, 0.00002233, 0.00001464, 0.00000913, 0.00000541, 0.00000305, 0.00000166, 0.00000090, 0.00000052, 0.00000032, 0.00000020, 0.00000009, -0.00000001, -0.00000010, -0.00000015, -0.00000015, -0.00000010, -0.00000002, 0.00000006, 0.00000011, 0.00000011, 0.00000006, -0.00000002, -0.00000008, -0.00000006, 0.00000001, 0.00000000
-0.00030228, -0.00015416, -0.00008195, -0.00003840, -0.00000914, 0.00001205, 0.00002834, 0.00004114, 0.00005132, 0.00005956, 0.00006635, 0.00007201, 0.00007675, 0.00008070, 0.00008397, 0.00008667, 0.00008886, 0.00009064, 0.00009207, 0.00009514, 0.00009528, 0.00009347, 0.00009038, 0.00008644, 0.00008187, 0.00007676, 0.00007117, 0.00006515, 0.00005880, 0.00005227, 0.00004570, 0.00003927, 0.00003312, 0.00002739, 0.00002217, 0.00001755, 0.00001357, 0.00001022, 0.00000750, 0.00000535, 0.00000370, 0.00000249, 0.00000163, 0.00000104, 0.00000065, 0.00000041, 0.00000025, 0.00000015, 0.00000008, 0.00000003, 0.00000000, -0.00000002, -0.00000002, -0.00000002, -0.00000001, 0.00000001, 0.00000002, 0.00000002, 0.00000001, -0.00000000, -0.00000001, -0.00000001, 0.00000000, 0.00000000
-0.00012807, -0.00001833, 0.00007730, 0.00016119, 0.00023568, 0.00030276, 0.00036367, 0.00041903, 0.00046936, 0.00051518, 0.00055689, 0.00059477, 0.00062904, 0.00065987, 0.00068740, 0.00071177, 0.00073313, 0.00075160, 0.00076729, 0.00080432, 0.00080467, 0.00077453, 0.00072058, 0.00064955, 0.00056788, 0.00048147, 0.00039546, 0.00031412, 0.00024061, 0.00017701, 0.00012426, 0.00008240, 0.00005071, 0.00002794, 0.00001260, 0.00000308, -0.00000213, -0.00000438, -0.00000477, -0.00000415, -0.00000311, -0.00000204, -0.00000113, -0.00000049, -0.00000009, 0.00000011, 0.00000017, 0.00000016, 0.00000012, 0.00000009, 0.00000006, 0.00000005, 0.00000004, 0.00000003, 0.00000001, -0.00000001, -0.00000002, -0.00000003, -0.00000002, 0.00000000, 0.00000002, 0.00000002, -0.00000000, 0.00000000
-0.00056321, -0.00022913, -0.00007339, 0.00001680, 0.00007553, 0.00011702, 0.00014846, 0.00017312, 0.00019294, 0.00020931, 0.00022326, 0.00023545, 0.00024628, 0.00025602, 0.00026486, 0.00027294, 0.00028041, 0.00028737, 0.00029392, 0.00031718, 0.00033687, 0.00035281, 0.00036423, 0.00037033, 0.00037029, 0.00036347, 0.00034962, 0.00032904, 0.00030262, 0.00027171, 0.00023797, 0.00020315, 0.00016888, 0.00013658, 0.00010732, 0.00008179, 0.00006034, 0.00004299, 0.00002949, 0.00001941, 0.00001222, 0.00000734, 0.00000421, 0.00000233, 0.00000127, 0.00000070, 0.00000040, 0.00000022, 0.00000010, -0.00000001, -0.00000009, -0.00000013, -0.00000013, -0.00000009, -0.00000001, 0.00000006, 0.00000010, 0.00000010, 0.00000005, -0.00000002, -0.00000007, -0.00000005, 0.00000001, 0.00000000
0.00007583, 0.00012342, 0.00018279, 0.00024148, 0.00029703, 0.00034910, 0.00039780, 0.00044325, 0.00048561, 0.00052508, 0.00056184, 0.00059603, 0.00062777, 0.00065717, 0.00068430, 0.00070923, 0.00073204, 0.00075276, 0.00077146, 0.00082698, 0.00085371, 0.00085460, 0.00083300, 0.00079265, 0.00073752, 0.00067167, 0.00059907, 0.00052348, 0.00044820, 0.00037602, 0.00030908, 0.00024886, 0.00019620, 0.00015140, 0.00011428, 0.00008432, 0.00006076, 0.00004273, 0.00002930, 0.00001959, 0.00001275, 0.00000810, 0.00000502, 0.00000304, 0.00000181, 0.00000106, 0.00000061, 0.00000034, 0.00000017, 0.00000008, 0.00000002, -0.00000001, -0.00000001, -0.00000001, 0.00000000, 0.00000001, 0.00000002, 0.00000001, 0.00000001, -0.00000001, -0.00000001, -0.00000001, 0.00000000, 0.00000000
-0.00151664, -0.00082557, -0.00050421, -0.00031857, -0.00019819, -0.00011355, -0.00004967, 0.00000009, 0.00003966, 0.00007198, 0.00009917, 0.00012258, 0.00014305, 0.00016112, 0.00017717, 0.00019152, 0.00020447, 0.00021627, 0.00022714, 0.00026429, 0.00029483, 0.00032028, 0.00034097, 0.00035671, 0.00036681, 0.00037029, 0.00036628, 0.00035443, 0.00033503, 0.00030903, 0.00027791, 0.00024348, 0.00020764, 0.00017218, 0.00013868, 0.00010831, 0.00008187, 0.00005977, 0.00004203, 0.00002839, 0.00001838, 0.00001140, 0.00000678, 0.00000392, 0.00000225, 0.00000132, 0.00000080, 0.00000048, 0.00000024, 0.00000004, -0.00000012, -0.00000021, -0.00000022, -0.00000016, -0.00000004, 0.00000009, 0.00000017, 0.00000018, 0.00000009, -0.00000003, -0.00000012, -0.00000010, 0.00000002, 0.00000000
-0.00175540, -0.00098415, -0.00062471, -0.00041638, -0.00028073, -0.00018485, -0.00011216, -0.00005526, -0.00000971, 0.00002776, 0.00005946, 0.00008687, 0.00011089, 0.00013213, 0.00015102, 0.00016794, 0.00018322, 0.00019713, 0.00020993, 0.00025317, 0.00028767, 0.00031569, 0.00033822, 0.00035558, 0.00036744, 0.00037315, 0.00037206, 0.00036383, 0.00034860, 0.00032697, 0.00030000, 0.00026905, 0.00023565, 0.00020141, 0.00016779, 0.00013611, 0.00010734, 0.00008217, 0.00006096, 0.00004373, 0.00003028, 0.00002020, 0.00001298, 0.00000804, 0.00000482, 0.00000281, 0.00000161, 0.00000090, 0.00000047, 0.00000019, 0.00000000, -0.00000011, -0.00000015, -0.00000012, -0.00000005, 0.00000005, 0.00000012, 0.00000013, 0.00000008, -0.00000001, -0.00000009, -0.00000008, 0.00000001, 0.00000000
-0.00128222, -0.00061892, -0.00030434, -0.00011743, 0.00000843, 0.00010105, 0.00017440, 0.00023479, 0.00028592, 0.00033050, 0.00037042, 0.00040688, 0.00044062, 0.00047208, 0.00050159, 0.00052940, 0.00055574, 0.00058077, 0.00060466, 0.00069030, 0.00076110, 0.00081617, 0.00085430, 0.00087464, 0.00087682, 0.00086105, 0.00082837, 0.00078064, 0.00072055, 0.00065130, 0.00057636, 0.00049920, 0.00042297, 0.00035038, 0.00028354, 0.00022395, 0.00017242, 0.00012923, 0.00009414, 0.00006654, 0.00004556, 0.00003016, 0.00001929, 0.00001192, 0.00000713, 0.00000414, 0.00000234, 0.00000128, 0.00000065, 0.00000026, 0.00000003, -0.00000010, -0.00000014, -0.00000011, -0.00000004, 0.00000006, 0.00000012, 0.00000013, 0.00000007, -0.00000002, -0.00000009, -0.00000008, 0.00000001, 0.00000000
0.00010613, 0.00013590, 0.00016020, 0.00018128, 0.00020002, 0.00021699, 0.00023260, 0.00024712, 0.00026071, 0.00027352, 0.00028564, 0.00029721, 0.00030831, 0.00031902, 0.00032940, 0.00033947, 0.00034928, 0.00035882, 0.00036813, 0.00040315, 0.00043476, 0.00046249, 0.00048523, 0.00050171, 0.00051076, 0.00051155, 0.00050360, 0.00048689, 0.00046192, 0.00042967, 0.00039158, 0.00034940, 0.00030503, 0.00026035, 0.00021708, 0.00017667, 0.00014018, 0.00010830, 0.00008135, 0.00005931, 0.00004188, 0.00002858, 0.00001880, 0.00001190, 0.00000723, 0.00000421, 0.00000235, 0.00000126, 0.00000065, 0.00000031, 0.00000012, 0.00000002, -0.00000003, -0.00000004, -0.00000002, 0.00000001, 0.00000003, 0.00000005, 0.00000003, -0.00000000, -0.00000003, -0.00000003, 0.00000000, 0.00000000
-0.00408883, -0.00223203, -0.00135073, -0.00083090, -0.00048735, -0.00024096, -0.00005153, 0.00009811, 0.00021851, 0.00031779, 0.00040168, 0.00047370, 0.00053589, 0.00058955, 0.00063569, 0.00067518, 0.00070886, 0.00073746, 0.00076163, 0.00082244, 0.00083741, 0.00081638, 0.00076874, 0.00070330, 0.00062711, 0.00054562, 0.00046325, 0.00038373, 0.00031007, 0.00024444, 0.00018804, 0.00014119, 0.00010347, 0.00007398, 0.00005153, 0.00003489, 0.00002287, 0.00001442, 0.00000866, 0.00000491, 0.00000259, 0.00000127, 0.00000061, 0.00000035, 0.00000030, 0.00000031, 0.00000032, 0.00000026, 0.00000015, 0.00000001, -0.00000012, -0.00000021, -0.00000022, -0.00000016, -0.00000005, 0.00000007, 0.00000016, 0.00000017, 0.00000010, -0.00000002, -0.00000011, -0.00000010, 0.00000001, 0.00000000
-0.00247677, -0.00136780, -0.00086385, -0.00058018, -0.00040125, -0.00027891, -0.00018918, -0.00012131, -0.00006891, -0.00002728, 0.00000683, 0.00003547, 0.00005988, 0.00008086, 0.00009900, 0.00011481, 0.00012871, 0.00014108, 0.00015224, 0.00018881, 0.00021723, 0.00023991, 0.00025805, 0.00027215, 0.00028200, 0.00028697, 0.00028641, 0.00028006, 0.00026805, 0.00025100, 0.00022980, 0.00020559, 0.00017961, 0.00015308, 0.00012713, 0.00010274, 0.00008066, 0.00006140, 0.00004522, 0.00003214, 0.00002200, 0.00001446, 0.00000913, 0.00000555, 0.00000326, 0.00000187, 0.00000107, 0.00000059, 0.00000030, 0.00000009, -0.00000005, -0.00000014, -0.00000017, -0.00000013, -0.00000005, 0.00000005, 0.00000012, 0.00000014, 0.00000008, -0.00000001, -0.00000009, -0.00000008, 0.00000001, 0.00000000
0.00315420, 0.00203059, 0.00151436, 0.00122087, 0.00103485, 0.00090725, 0.00081307, 0.00074179, 0.00068696, 0.00064351, 0.00060787, 0.00057784, 0.00055217, 0.00053008, 0.00051096, 0.00049428, 0.00047955, 0.00046632, 0.00045424, 0.00041245, 0.00037570, 0.00034098, 0.00030629, 0.00027047, 0.00023356, 0.00019653, 0.00016062, 0.00012698, 0.00009647, 0.00006970, 0.00004702, 0.00002856, 0.00001425, 0.00000383, -0.00000313, -0.00000720, -0.00000900, -0.00000917, -0.00000831, -0.00000692, -0.00000539, -0.00000396, -0.00000278, -0.00000189, -0.00000127, -0.00000085, -0.00000058, -0.00000038, -0.00000021, -0.00000007, 0.00000005, 0.00000013, 0.00000015, 0.00000012, 0.00000005, -0.00000004, -0.00000011, -0.00000013, -0.00000008, 0.00000001, 0.00000008, 0.00000008, -0.00000001, 0.00000000
0.00269027, 0.00182215, 0.00144374, 0.00124306, 0.00112733, 0.00105721, 0.00101268, 0.00098549, 0.00097053, 0.00096379, 0.00096244, 0.00096477, 0.00096983, 0.00097702, 0.00098584, 0.00099587, 0.00100668, 0.00101789, 0.00102916, 0.00107044, 0.00109983, 0.00111306, 0.00110714, 0.00108069, 0.00103435, 0.00097043, 0.00089231, 0.00080392, 0.00070940, 0.00061283, 0.00051798, 0.00042810, 0.00034574, 0.00027267, 0.00020983, 0.00015744, 0.00011508, 0.00008186, 0.00005661, 0.00003801, 0.00002475, 0.00001560, 0.00000950, 0.00000557, 0.00000312, 0.00000166, 0.00000082, 0.00000037, 0.00000014, 0.00000006, 0.00000004, 0.00000005, 0.00000006, 0.00000005, 0.00000003, -0.00000000, -0.00000004, -0.00000005, -0.00000004, -0.00000001, 0.00000003, 0.00000003, 0.00000000, 0.00000000
0.00147942, 0.00105751, 0.00086527, 0.00075722, 0.00069004, 0.00064490, 0.00061223, 0.00058827, 0.00057062, 0.00055727, 0.00054683, 0.00053850, 0.00053186, 0.00052667, 0.00052272, 0.00051982, 0.00051777, 0.00051641, 0.00051558, 0.00051574, 0.00051940, 0.00052465, 0.00052910, 0.00053038, 0.00052665, 0.00051662, 0.00049948, 0.00047491, 0.00044315, 0.00040510, 0.00036221, 0.00031636, 0.00026959, 0.00022391, 0.00018104, 0.00014232, 0.00010863, 0.00008036, 0.00005750, 0.00003969, 0.00002636, 0.00001678, 0.00001021, 0.00000591, 0.00000325, 0.00000169, 0.00000083, 0.00000038, 0.00000015, 0.00000003, -0.00000003, -0.00000006, -0.00000007, -0.00000005, -0.00000001, 0.00000003, 0.00000005, 0.00000005, 0.00000002, -0.00000001, -0.00000004, -0.00000003, 0.00000001, 0.00000000
0.00180056, 0.00115093, 0.00086486, 0.00071008, 0.00061736, 0.00055767, 0.00051658, 0.00048793, 0.00046794, 0.00045379, 0.00044356, 0.00043610, 0.00043075, 0.00042711, 0.00042487, 0.00042376, 0.00042352, 0.00042395, 0.00042485, 0.00043093, 0.00043811, 0.00044397, 0.00044621, 0.00044288, 0.00043278, 0.00041547, 0.00039113, 0.00036049, 0.00032480, 0.00028570, 0.00024504, 0.00020470, 0.00016638, 0.00013143, 0.00010078, 0.00007492, 0.00005391, 0.00003748, 0.00002514, 0.00001623, 0.00001007, 0.00000600, 0.00000343, 0.00000189, 0.00000100, 0.00000051, 0.00000024, 0.00000009, 0.00000001, -0.00000003, -0.00000004, -0.00000003, -0.00000001, 0.00000001, 0.00000002, 0.00000002, 0.00000001, -0.00000000, -0.00000001, -0.00000001, -0.00000001, 0.00000001, 0.00000001, 0.00000000
-0.00003029, 0.00004466, 0.00008262, 0.00010680, 0.00012426, 0.00013791, 0.00014920, 0.00015887, 0.00016735, 0.00017490, 0.00018174, 0.00018801, 0.00019381, 0.00019922, 0.00020429, 0.00020905, 0.00021353, 0.00021775, 0.00022174, 0.00023558, 0.00024624, 0.00025355, 0.00025715, 0.00025676, 0.00025217, 0.00024337, 0.00023056, 0.00021416, 0.00019487, 0.00017353, 0.00015112, 0.00012859, 0.00010682, 0.00008655, 0.00006833, 0.00005248, 0.00003917, 0.00002835, 0.00001986, 0.00001344, 0.00000877, 0.00000550, 0.00000333, 0.00000194, 0.00000111, 0.00000062, 0.00000034, 0.00000018, 0.00000008, 0.00000002, -0.00000003, -0.00000005, -0.00000005, -0.00000003, -0.00000001, 0.00000002, 0.00000004, 0.00000004, 0.00000002, -0.00000001, -0.00000003, -0.00000002, 0.00000000, 0.00000000
-0.00177566, -0.00090249, -0.00049337, -0.00025441, -0.00009719, 0.00001545, 0.00010229, 0.00017156, 0.00022823, 0.00027601, 0.00031760, 0.00035465, 0.00038816, 0.00041875, 0.00044685, 0.00047283, 0.00049704, 0.00051976, 0.00054124, 0.00061756, 0.00068031, 0.00072819, 0.00075955, 0.00077317, 0.00076816, 0.00074436, 0.00070286, 0.00064619, 0.00057812, 0.00050312, 0.00042578, 0.00035024, 0.00027985, 0.00021701, 0.00016308, 0.00011856, 0.00008319, 0.00005617, 0.00003638, 0.00002252, 0.00001330, 0.00000751, 0.00000409, 0.00000223, 0.00000127, 0.00000079, 0.00000052, 0.00000031, 0.00000012, -0.00000006, -0.00000018, -0.00000024, -0.00000021, -0.00000012, -0.00000000, 0.00000011, 0.00000016, 0.00000014, 0.00000006, -0.00000004, -0.00000010, -0.00000008, 0.00000002, 0.00000000
-0.00139687, -0.00073978, -0.00042529, -0.00023736, -0.00011084, -0.00001823, 0.00005455, 0.00011368, 0.00016285, 0.00020486, 0.00024177, 0.00027489, 0.00030500, 0.00033260, 0.00035805, 0.00038163, 0.00040363, 0.00042429, 0.00044380, 0.00051293, 0.00057003, 0.00061499, 0.00064696, 0.00066512, 0.00066874, 0.00065739, 0.00063142, 0.00059217, 0.00054198, 0.00048388, 0.00042125, 0.00035744, 0.00029543, 0.00023766, 0.00018589, 0.00014115, 0.00010388, 0.00007393, 0.00005077, 0.00003355, 0.00002129, 0.00001298, 0.00000762, 0.00000436, 0.00000248, 0.00000144, 0.00000086, 0.00000049, 0.00000022, 0.00000001, -0.00000015, -0.00000023, -0.00000023, -0.00000015, -0.00000002, 0.00000010, 0.00000017, 0.00000017, 0.00000008, -0.00000004, -0.00000012, -0.00000010, 0.00000002, 0.00000000
-0.00237234, -0.00127046, -0.00077308, -0.00049475, -0.00032013, -0.00020126, -0.00011429, -0.00004860, 0.00000211, 0.00004247, 0.00007565, 0.00010365, 0.00012765, 0.00014838, 0.00016640, 0.00018216, 0.00019606, 0.00020846, 0.00021963, 0.00025574, 0.00028181, 0.00029935, 0.00030929, 0.00031242, 0.00030911, 0.00029955, 0.00028409, 0.00026351, 0.00023895, 0.00021178, 0.00018344, 0.00015523, 0.00012827, 0.00010341, 0.00008123, 0.00006206, 0.00004602, 0.00003302, 0.00002287, 0.00001523, 0.00000973, 0.00000596, 0.00000351, 0.00000202, 0.00000117, 0.00000071, 0.00000045, 0.00000028, 0.00000014, 0.00000001, -0.00000009, -0.00000015, -0.00000016, -0.00000011, -0.00000003, 0.00000006, 0.00000012, 0.00000012, 0.00000007, -0.00000002, -0.00000008, -0.00000007, 0.00000001, 0.00000000
-0.00186717, -0.00104294, -0.00065942, -0.00043681, -0.00029108, -0.00018711, -0.00010713, -0.00004338, 0.00000878, 0.00005284, 0.00009122, 0.00012548, 0.00015651, 0.00018489, 0.00021103, 0.00023528, 0.00025793, 0.00027927, 0.00029949, 0.00037204, 0.00043350, 0.00048385, 0.00052244, 0.00054865, 0.00056186, 0.00056162, 0.00054813, 0.00052239, 0.00048619, 0.00044192, 0.00039229, 0.00034004, 0.00028773, 0.00023753, 0.00019116, 0.00014981, 0.00011419, 0.00008451, 0.00006063, 0.00004208, 0.00002822, 0.00001827, 0.00001143, 0.00000693, 0.00000411, 0.00000241, 0.00000140, 0.00000080, 0.00000040, 0.00000013, -0.00000006, -0.00000017, -0.00000019, -0.00000014, -0.00000004, 0.00000007, 0.00000015, 0.00000015, 0.00000009, -0.00000002, -0.00000010, -0.00000009, 0.00000001, 0.00000000
0.00075985, 0.00063328, 0.00057768, 0.00054793, 0.00053093, 0.00052066, 0.00051407, 0.00051020, 0.00050831, 0.00050770, 0.00050795, 0.00050882, 0.00051026, 0.00051221, 0.00051463, 0.00051745, 0.00052059, 0.00052399, 0.00052761, 0.00054348, 0.00056056, 0.00057690, 0.00058988, 0.00059694, 0.00059597, 0.00058542, 0.00056449, 0.00053318, 0.00049248, 0.00044419, 0.00039076, 0.00033492, 0.00027942, 0.00022665, 0.00017854, 0.00013638, 0.00010083, 0.00007199, 0.00004952, 0.00003271, 0.00002069, 0.00001250, 0.00000721, 0.00000398, 0.00000213, 0.00000112, 0.00000059, 0.00000030, 0.00000011, -0.00000002, -0.00000012, -0.00000016, -0.00000015, -0.00000009, -0.00000000, 0.00000007, 0.00000011, 0.00000010, 0.00000004, -0.00000003, -0.00000008, -0.00000006, 0.00000002, 0.00000000
0.00094784, 0.00067196, 0.00056033, 0.00050775, 0.00048300, 0.00047297, 0.00047103, 0.00047445, 0.00048154, 0.00049097, 0.00050181, 0.00051353, 0.00052580, 0.00053843, 0.00055124, 0.00056408, 0.00057681, 0.00058928, 0.00060138, 0.00064433, 0.00067599, 0.00069417, 0.00069750, 0.00068559, 0.00065916, 0.00061994, 0.00057033, 0.00051319, 0.00045156, 0.00038843, 0.00032654, 0.00026815, 0.00021500, 0.00016821, 0.00012833, 0.00009539, 0.00006903, 0.00004858, 0.00003322, 0.00002205, 0.00001420, 0.00000887, 0.00000537, 0.00000315, 0.00000180, 0.00000099, 0.00000052, 0.00000025, 0.00000011, 0.00000003, 0.00000000, -0.00000000, 0.00000000, 0.00000001, 0.00000002, 0.00000001, 0.00000000, -0.00000001, -0.00000001, -0.00000001, 0.00000000, 0.00000001, 0.00000000, 0.00000000
-0.00069414, -0.00023038, -0.00001947, 0.00009910, 0.00017407, 0.00022526, 0.00026252, 0.00029065, 0.00031237, 0.00032952, 0.00034339, 0.00035487, 0.00036457, 0.00037289, 0.00038013, 0.00038649, 0.00039216, 0.00039728, 0.00040197, 0.00041827, 0.00043332, 0.00044840, 0.00046312, 0.00047636, 0.00048656, 0.00049197, 0.00049080, 0.00048160, 0.00046356, 0.00043669, 0.00040185, 0.00036068, 0.00031534, 0.00026820, 0.00022162, 0.00017765, 0.00013789, 0.00010342, 0.00007475, 0.00005191, 0.00003451, 0.00002188, 0.00001319, 0.00000755, 0.00000412, 0.00000218, 0.00000114, 0.00000059, 0.00000028, 0.00000007, -0.00000009, -0.00000020, -0.00000023, -0.00000017, -0.00000006, 0.00000008, 0.00000017, 0.00000019, 0.00000011, -0.00000002, -0.00000013, -0.00000011, 0.00000002, 0.00000000
0.00272111, 0.00180542, 0.00137936, 0.00113366, 0.00097562, 0.00086547, 0.00078289, 0.00071948, 0.00067001, 0.00063032, 0.00059742, 0.00056952, 0.00054561, 0.00052504, 0.00050734, 0.00049206, 0.00047879, 0.00046714, 0.00045679, 0.00042428, 0.00040111, 0.00038391, 0.00036965, 0.00035574, 0.00034058, 0.00032346, 0.00030406, 0.00028228, 0.00025823, 0.00023222, 0.00020486, 0.00017698, 0.00014949, 0.00012332, 0.00009926, 0.00007787, 0.00005948, 0.00004419, 0.00003188, 0.00002228, 0.00001504, 0.00000976, 0.00000605, 0.00000354, 0.00000193, 0.00000094, 0.00000040, 0.00000013, 0.00000004, 0.00000003, 0.00000006, 0.00000008, 0.00000009, 0.00000007, 0.00000002, -0.00000003, -0.00000006, -0.00000007, -0.00000004, 0.00000000, 0.00000004, 0.00000004, -0.00000000, 0.00000000
-0.00252276, -0.00130446, -0.00074515, -0.00042516, -0.00021889, -0.00007394, 0.00003580, 0.00012188, 0.00019117, 0.00024871, 0.00029798, 0.00034115, 0.00037947, 0.00041371, 0.00044446, 0.00047219, 0.00049731, 0.00052020, 0.00054116, 0.00060930, 0.00065592, 0.00068249, 0.00069049, 0.00068182, 0.00065834, 0.00062193, 0.00057485, 0.00051978, 0.00045972, 0.00039771, 0.00033649, 0.00027838, 0.00022509, 0.00017775, 0.00013694, 0.00010278, 0.00007501, 0.00005313, 0.00003642, 0.00002411, 0.00001539, 0.00000947, 0.00000564, 0.00000329, 0.00000192, 0.00000115, 0.00000071, 0.00000042, 0.00000021, 0.00000004, -0.00000010, -0.00000017, -0.00000018, -0.00000013, -0.00000003, 0.00000007, 0.00000014, 0.00000014, 0.00000008, -0.00000002, -0.00000009, -0.00000008, 0.00000001, 0.00000000
0.00088643, 0.00063682, 0.00052923, 0.00047314, 0.00044163, 0.00042314, 0.00041191, 0.00040563, 0.00040280, 0.00040226, 0.00040319, 0.00040513, 0.00040783, 0.00041115, 0.00041497, 0.00041918, 0.00042365, 0.00042829, 0.00043301, 0.00045157, 0.00046809, 0.00048103, 0.00048869, 0.00048966, 0.00048303, 0.00046849, 0.00044622, 0.00041692, 0.00038172, 0.00034214, 0.00029995, 0.00025700, 0.00021504, 0.00017558, 0.00013978, 0.00010839, 0.00008179, 0.00005998, 0.00004269, 0.00002946, 0.00001968, 0.00001272, 0.00000795, 0.00000481, 0.00000283, 0.00000163, 0.00000091, 0.00000050, 0.00000025, 0.00000010, 0.00000002, -0.00000003, -0.00000004, -0.00000002, 0.00000000, 0.00000003, 0.00000004, 0.00000003, 0.00000001, -0.00000001, -0.00000003, -0.00000002, 0.00000001, 0.00000000
-0.00130788, -0.00067359, -0.00037243, -0.00019440, -0.00007584, 0.00000976, 0.00007602, 0.00012909, 0.00017257, 0.00020912, 0.00024069, 0.00026857, 0.00029357, 0.00031624, 0.00033696, 0.00035606, 0.00037379, 0.00039040, 0.00040609, 0.00046261, 0.00051267, 0.00055750, 0.00059646, 0.00062815, 0.00065067, 0.00066197, 0.00066029, 0.00064468, 0.00061526, 0.00057331, 0.00052112, 0.00046168, 0.00039834, 0.00033440, 0.00027284, 0.00021609, 0.00016586, 0.00012313, 0.00008822, 0.00006085, 0.00004030, 0.00002558, 0.00001555, 0.00000909, 0.00000516, 0.00000289, 0.00000163, 0.00000090, 0.00000044, 0.00000011, -0.00000014, -0.00000028, -0.00000031, -0.00000023, -0.00000006, 0.00000012, 0.00000024, 0.00000025, 0.00000014, -0.00000004, -0.00000017, -0.00000014, 0.00000002, 0.00000000
0.00081795, 0.00066862, 0.00059822, 0.00055812, 0.00053357, 0.00051771, 0.00050672, 0.00049936, 0.00049472, 0.00049193, 0.00049032, 0.00048952, 0.00048934, 0.00048966, 0.00049041, 0.00049148, 0.00049276, 0.00049415, 0.00049556, 0.00050022, 0.00050184, 0.00049920, 0.00049121, 0.00047714, 0.00045682, 0.00043065, 0.00039941, 0.00036413, 0.00032602, 0.00028642, 0.00024669, 0.00020811, 0.00017182, 0.00013872, 0.00010943, 0.00008425, 0.00006325, 0.00004625, 0.00003289, 0.00002271, 0.00001520, 0.00000984, 0.00000615, 0.00000370, 0.00000214, 0.00000119, 0.00000063, 0.00000032, 0.00000015, 0.00000007, 0.00000003, 0.00000001, 0.00000001, 0.00000001, 0.00000001, 0.00000000, 0.00000000, -0.00000000, -0.00000000, -0.00000000, -0.00000000, 0.00000000, 0.00000000, 0.00000000
-0.00022327, -0.00008277, -0.00001133, 0.00003341, 0.00006469, 0.00008810, 0.00010657, 0.00012151, 0.00013376, 0.00014395, 0.00015250, 0.00015977, 0.00016597, 0.00017129, 0.00017586, 0.00017979, 0.00018314, 0.00018600, 0.00018843, 0.00019486, 0.00019791, 0.00019910, 0.00019915, 0.00019834, 0.00019673, 0.00019415, 0.00019024, 0.00018453, 0.00017661, 0.00016624, 0.00015343, 0.00013849, 0.00012201, 0.00010469, 0.00008734, 0.00007073, 0.00005548, 0.00004206, 0.00003075, 0.00002162, 0.00001457, 0.00000939, 0.00000578, 0.00000341, 0.00000194, 0.00000109, 0.00000062, 0.00000036, 0.00000020, 0.00000008, -0.00000001, -0.00000007, -0.00000009, -0.00000007, -0.00000003, 0.00000003, 0.00000008, 0.00000009, 0.00000005, -0.00000001, -0.00000006, -0.00000005, 0.00000001, 0.00000000
-0.00158645, -0.00071290, -0.00028092, -0.00001449, 0.00017012, 0.00030872, 0.00041932, 0.00050994, 0.00058550, 0.00064972, 0.00070518, 0.00075352, 0.00079572, 0.00083245, 0.00086424, 0.00089153, 0.00091473, 0.00093423, 0.00095032, 0.00098527, 0.00098043, 0.00094342, 0.00088182, 0.00080301, 0.00071356, 0.00061916, 0.00052469, 0.00043421, 0.00035086, 0.00027678, 0.00021312, 0.00016013, 0.00011735, 0.00008382, 0.00005829, 0.00003941, 0.00002585, 0.00001640, 0.00001004, 0.00000591, 0.00000334, 0.00000181, 0.00000096, 0.00000052, 0.00000030, 0.00000020, 0.00000015, 0.00000010, 0.00000005, 0.00000000, -0.00000004, -0.00000006, -0.00000007, -0.00000005, -0.00000002, 0.00000002, 0.00000004, 0.00000005, 0.00000003, -0.00000000, -0.00000003, -0.00000003, 0.00000000, 0.00000000
0.00088839, 0.00055624, 0.00041495, 0.00034224, 0.00030167, 0.00027807, 0.00026394, 0.00025598, 0.00025219, 0.00025111, 0.00025174, 0.00025349, 0.00025597, 0.00025896, 0.00026227, 0.00026573, 0.00026922, 0.00027260, 0.00027578, 0.00028511, 0.00028736, 0.00028157, 0.00026755, 0.00024585, 0.00021772, 0.00018489, 0.00014937, 0.00011321, 0.00007840, 0.00004663, 0.00001920, -0.00000305, -0.00001976, -0.00003104, -0.00003739, -0.00003957, -0.00003849, -0.00003511, -0.00003034, -0.00002496, -0.00001959, -0.00001467, -0.00001048, -0.00000712, -0.00000458, -0.00000279, -0.00000161, -0.00000088, -0.00000047, -0.00000025, -0.00000013, -0.00000007, -0.00000002, 0.00000001, 0.00000002, 0.00000003, 0.00000002, 0.00000000, -0.00000001, -0.00000001, -0.00000001, 0.00000000, 0.00000000, 0.00000000
-0.00128683, -0.00074181, -0.00048592, -0.00033621, -0.00023782, -0.00016735, -0.00011310, -0.00007004, -0.00003507, -0.00000581, 0.00001939, 0.00004154, 0.00006122, 0.00007877, 0.00009444, 0.00010848, 0.00012109, 0.00013247, 0.00014276, 0.00017480, 0.00019363, 0.00019986, 0.00019469, 0.00017990, 0.00015741, 0.00012937, 0.00009817, 0.00006638, 0.00003641, 0.00001029, -0.00001064, -0.00002577, -0.00003517, -0.00003945, -0.00003958, -0.00003669, -0.00003189, -0.00002618, -0.00002035, -0.00001497, -0.00001039, -0.00000675, -0.00000406, -0.00000222, -0.00000106, -0.00000041, -0.00000011, 0.00000000, 0.00000001, -0.00000001, -0.00000002, -0.00000002, -0.00000001, 0.00000000, 0.00000001, 0.00000001, -0.00000000, -0.00000001, -0.00000001, -0.00000000, 0.00000000, 0.00000001, -0.00000000, 0.00000000
0.00192063, 0.00147552, 0.00128233, 0.00118274, 0.00112871, 0.00109921, 0.00108288, 0.00107538, 0.00107395, 0.00107622, 0.00108045, 0.00108559, 0.00109110, 0.00109664, 0.00110197, 0.00110685, 0.00111105, 0.00111436, 0.00111659, 0.00111266, 0.00108693, 0.00104067, 0.00097619, 0.00089669, 0.00080632, 0.00070972, 0.00061146, 0.00051557, 0.00042530, 0.00034304, 0.00027034, 0.00020796, 0.00015599, 0.00011395, 0.00008098, 0.00005591, 0.00003747, 0.00002436, 0.00001535, 0.00000938, 0.00000555, 0.00000317, 0.00000172, 0.00000086, 0.00000036, 0.00000008, -0.00000006, -0.00000010, -0.00000008, -0.00000002, 0.00000005, 0.00000010, 0.00000012, 0.00000009, 0.00000004, -0.00000003, -0.00000008, -0.00000010, -0.00000006, 0.00000001, 0.00000006, 0.00000006, -0.00000001, 0.00000000
0.00158289, 0.00107320, 0.00089165, 0.00082268, 0.00080357, 0.00080856, 0.00082469, 0.00084687, 0.00087218, 0.00089831, 0.00092366, 0.00094737, 0.00096903, 0.00098848, 0.00100564, 0.00102042, 0.00103276, 0.00104257, 0.00104982, 0.00105352, 0.00102085, 0.00095937, 0.00087661, 0.00077975, 0.00067571, 0.00057082, 0.00047033, 0.00037810, 0.00029656, 0.00022686, 0.00016914, 0.00012280, 0.00008670, 0.00005945, 0.00003955, 0.00002551, 0.00001596, 0.00000971, 0.00000577, 0.00000338, 0.00000195, 0.00000111, 0.00000059, 0.00000027, 0.00000005, -0.00000008, -0.00000014, -0.00000013, -0.00000008, -0.00000000, 0.00000007, 0.00000012, 0.00000013, 0.00000009, 0.00000003, -0.00000005, -0.00000009, -0.00000010, -0.00000006, 0.00000001, 0.00000007, 0.00000006, -0.00000001, 0.00000000
-0.00102827, -0.00057132, -0.00036214, -0.00024307, -0.00016693, -0.00011401, -0.00007448, -0.00004397, -0.00001984, -0.00000021, 0.00001628, 0.00003043, 0.00004276, 0.00005359, 0.00006316, 0.00007166, 0.00007929, 0.00008619, 0.00009250, 0.00011338, 0.00012922, 0.00014103, 0.00014942, 0.00015478, 0.00015726, 0.00015684, 0.00015354, 0.00014748, 0.00013898, 0.00012847, 0.00011644, 0.00010345, 0.00009004, 0.00007671, 0.00006392, 0.00005202, 0.00004131, 0.00003195, 0.00002404, 0.00001756, 0.00001244, 0.00000853, 0.00000567, 0.00000365, 0.00000228, 0.00000139, 0.00000083, 0.00000048, 0.00000025, 0.00000011, 0.00000002, -0.00000003, -0.00000005, -0.00000004, -0.00000002, 0.00000002, 0.00000004, 0.00000005, 0.00000003, -0.00000000, -0.00000003, -0.00000003, 0.00000000, 0.00000000
-0.00054193, -0.00028338, -0.00016250, -0.00009220, -0.00004628, -0.00001376, 0.00001091, 0.00003022, 0.00004564, 0.00005826, 0.00006888, 0.00007797, 0.00008587, 0.00009277, 0.00009883, 0.00010417, 0.00010891, 0.00011313, 0.00011694, 0.00012905, 0.00013765, 0.00014357, 0.00014722, 0.00014879, 0.00014829, 0.00014562, 0.00014067, 0.00013344, 0.00012412, 0.00011304, 0.00010070, 0.00008765, 0.00007446, 0.00006167, 0.00004972, 0.00003897, 0.00002964, 0.00002183, 0.00001554, 0.00001067, 0.00000705, 0.00000448, 0.00000275, 0.00000164, 0.00000097, 0.00000058, 0.00000035, 0.00000020, 0.00000010, 0.00000003, -0.00000003, -0.00000007, -0.00000007, -0.00000005, -0.00000001, 0.00000003, 0.00000005, 0.00000006, 0.00000003, -0.00000001, -0.00000004, -0.00000003, 0.00000001, 0.00000000
-0.00531031, -0.00324378, -0.00229043, -0.00174400, -0.00139295, -0.00114806, -0.00096430, -0.00082229, -0.00071027, -0.00061927, -0.00054302, -0.00047760, -0.00042075, -0.00037101, -0.00032729, -0.00028865, -0.00025420, -0.00022319, -0.00019497, -0.00010159, -0.00002965, 0.00002668, 0.00007157, 0.00010808, 0.00013753, 0.00016001, 0.00017530, 0.00018348, 0.00018502, 0.00018076, 0.00017167, 0.00015882, 0.00014324, 0.00012594, 0.00010788, 0.00008991, 0.00007283, 0.00005723, 0.00004357, 0.00003208, 0.00002284, 0.00001573, 0.00001050, 0.00000684, 0.00000439, 0.00000280, 0.00000177, 0.00000109, 0.00000060, 0.00000023, -0.00000005, -0.00000021, -0.00000027, -0.00000021, -0.00000008, 0.00000008, 0.00000020, 0.00000023, 0.00000014, -0.00000002, -0.00000015, -0.00000014, 0.00000001, 0.00000000
0.00096567, 0.00070031, 0.00058428, 0.00052232, 0.00048627, 0.00046398, 0.00044945, 0.00044027, 0.00043489, 0.00043206, 0.00043096, 0.00043112, 0.00043230, 0.00043436, 0.00043717, 0.00044060, 0.00044453, 0.00044884, 0.00045345, 0.00047360, 0.00049469, 0.00051442, 0.00053012, 0.00053936, 0.00054029, 0.00053177, 0.00051333, 0.00048527, 0.00044863, 0.00040515, 0.00035705, 0.00030681, 0.00025683, 0.00020925, 0.00016576, 0.00012751, 0.00009511, 0.00006866, 0.00004788, 0.00003217, 0.00002078, 0.00001288, 0.00000765, 0.00000436, 0.00000240, 0.00000129, 0.00000068, 0.00000034, 0.00000014, 0.00000002, -0.00000006, -0.00000010, -0.00000009, -0.00000006, 0.00000000, 0.00000005, 0.00000008, 0.00000007, 0.00000003, -0.00000002, -0.00000005, -0.00000004, 0.00000001, 0.00000000
-0.00002877, 0.00004765, 0.00008661, 0.00011187, 0.00013057, 0.00014562, 0.00015848, 0.00016984, 0.00018011, 0.00018954, 0.00019833, 0.00020660, 0.00021442, 0.00022184, 0.00022890, 0.00023562, 0.00024201, 0.00024808, 0.00025384, 0.00027376, 0.00028842, 0.00029728, 0.00029996, 0.00029639, 0.00028680, 0.00027172, 0.00025197, 0.00022861, 0.00020288, 0.00017603, 0.00014928, 0.00012367, 0.00010004, 0.00007895, 0.00006074, 0.00004550, 0.00003315, 0.00002345, 0.00001608, 0.00001067, 0.00000685, 0.00000424, 0.00000254, 0.00000148, 0.00000084, 0.00000047, 0.00000026, 0.00000014, 0.00000006, 0.00000001, -0.00000002, -0.00000003, -0.00000003, -0.00000002, 0.00000000, 0.00000002, 0.00000002, 0.00000002, 0.00000001, -0.00000001, -0.00000002, -0.00000001, 0.00000000, 0.00000000
-0.00156966, -0.00087973, -0.00055572, -0.00036562, -0.00023986, -0.00014919, -0.00007883, -0.00002231, 0.00002424, 0.00006374, 0.00009824, 0.00012900, 0.00015681, 0.00018213, 0.00020531, 0.00022666, 0.00024644, 0.00026487, 0.00028215, 0.00034211, 0.00038972, 0.00042570, 0.00045032, 0.00046394, 0.00046678, 0.00045917, 0.00044179, 0.00041581, 0.00038286, 0.00034486, 0.00030387, 0.00026186, 0.00022060, 0.00018157, 0.00014587, 0.00011426, 0.00008714, 0.00006460, 0.00004647, 0.00003237, 0.00002179, 0.00001417, 0.00000890, 0.00000541, 0.00000321, 0.00000187, 0.00000108, 0.00000060, 0.00000030, 0.00000010, -0.00000004, -0.00000012, -0.00000014, -0.00000010, -0.00000003, 0.00000005, 0.00000011, 0.00000011, 0.00000006, -0.00000001, -0.00000007, -0.00000007, 0.00000001, 0.00000000
0.00078382, 0.00057964, 0.00048581, 0.00043250, 0.00039904, 0.00037629, 0.00035951, 0.00034699, 0.00033761, 0.00033037, 0.00032454, 0.00031972, 0.00031572, 0.00031243, 0.00030979, 0.00030770, 0.00030606, 0.00030480, 0.00030382, 0.00030184, 0.00030220, 0.00030436, 0.00030733, 0.00030987, 0.00031093, 0.00030966, 0.00030532, 0.00029726, 0.00028506, 0.00026862, 0.00024822, 0.00022455, 0.00019858, 0.00017148, 0.00014443, 0.00011850, 0.00009459, 0.00007336, 0.00005516, 0.00004013, 0.00002817, 0.00001901, 0.00001229, 0.00000757, 0.00000442, 0.00000244, 0.00000127, 0.00000063, 0.00000030, 0.00000015, 0.00000008, 0.00000004, 0.00000001, -0.00000001, -0.00000002, -0.00000001, -0.00000000, 0.00000001, 0.00000001, 0.00000001, -0.00000000, -0.00000001, 0.00000000, 0.00000000
-0.00213128, -0.00123995, -0.00081689, -0.00056648, -0.00039970, -0.00027900, -0.00018527, -0.00011008, -0.00004837, 0.00000368, 0.00004880, 0.00008872, 0.00012452, 0.00015689, 0.00018636, 0.00021337, 0.00023833, 0.00026155, 0.00028334, 0.00036001, 0.00042453, 0.00047928, 0.00052494, 0.00056134, 0.00058760, 0.00060253, 0.00060515, 0.00059503, 0.00057253, 0.00053881, 0.00049573, 0.00044565, 0.00039122, 0.00033513, 0.00027989, 0.00022767, 0.00018014, 0.00013844, 0.00010316, 0.00007440, 0.00005183, 0.00003482, 0.00002252, 0.00001402, 0.00000842, 0.00000490, 0.00000278, 0.00000153, 0.00000079, 0.00000033, 0.00000004, -0.00000013, -0.00000020, -0.00000017, -0.00000007, 0.00000006, 0.00000016, 0.00000018, 0.00000011, -0.00000001, -0.00000012, -0.00000011, 0.00000001, 0.00000000
-0.00269101, -0.00145796, -0.00088677, -0.00055689, -0.00034208, -0.00018964, -0.00007308, 0.00001933, 0.00009456, 0.00015776, 0.00021255, 0.00026119, 0.00030502, 0.00034490, 0.00038143, 0.00041512, 0.00044641, 0.00047569, 0.00050328, 0.00060051, 0.00068014, 0.00074241, 0.00078683, 0.00081307, 0.00082080, 0.00081001, 0.00078148, 0.00073702, 0.00067942, 0.00061216, 0.00053901, 0.00046368, 0.00038953, 0.00031936, 0.00025529, 0.00019875, 0.00015046, 0.00011057, 0.00007871, 0.00005418, 0.00003598, 0.00002303, 0.00001421, 0.00000849, 0.00000496, 0.00000286, 0.00000164, 0.00000092, 0.00000045, 0.00000012, -0.00000010, -0.00000024, -0.00000026, -0.00000019, -0.00000005, 0.00000010, 0.00000020, 0.00000021, 0.00000011, -0.00000003, -0.00000014, -0.00000012, 0.00000002, 0.00000000
0.00294009, 0.00183258, 0.00133093, 0.00104978, 0.00087397, 0.00075493, 0.00066824, 0.00060355, 0.00055454, 0.00051635, 0.00048560, 0.00046022, 0.00043905, 0.00042136, 0.00040661, 0.00039431, 0.00038401, 0.00037530, 0.00036785, 0.00034632, 0.00033320, 0.00032544, 0.00032025, 0.00031513, 0.00030856, 0.00029975, 0.00028832, 0.00027399, 0.00025663, 0.00023637, 0.00021363, 0.00018913, 0.00016380, 0.00013864, 0.00011458, 0.00009239, 0.00007263, 0.00005560, 0.00004139, 0.00002990, 0.00002091, 0.00001410, 0.00000911, 0.00000560, 0.00000324, 0.00000174, 0.00000085, 0.00000038, 0.00000017, 0.00000011, 0.00000011, 0.00000012, 0.00000012, 0.00000008, 0.00000002, -0.00000004, -0.00000008, -0.00000008, -0.00000005, 0.00000001, 0.00000005, 0.00000005, -0.00000000, 0.00000000
0.00021612, 0.00029930, 0.00033407, 0.00035223, 0.00036342, 0.00037106, 0.00037663, 0.00038116, 0.00038514, 0.00038874, 0.00039205, 0.00039518, 0.00039822, 0.00040123, 0.00040425, 0.00040730, 0.00041036, 0.00041343, 0.00041648, 0.00042825, 0.00043873, 0.00044675, 0.00045089, 0.00044984, 0.00044270, 0.00042901, 0.00040876, 0.00038240, 0.00035081, 0.00031526, 0.00027726, 0.00023842, 0.00020027, 0.00016419, 0.00013123, 0.00010214, 0.00007730, 0.00005679, 0.00004043, 0.00002781, 0.00001845, 0.00001177, 0.00000720, 0.00000422, 0.00000237, 0.00000128, 0.00000066, 0.00000033, 0.00000014, 0.00000004, -0.00000002, -0.00000005, -0.00000006, -0.00000004, -0.00000001, 0.00000002, 0.00000004, 0.00000004, 0.00000002, -0.00000001, -0.00000003, -0.00000003, 0.00000001, 0.00000000
-0.00169121, -0.00089309, -0.00052704, -0.00031828, -0.00018426, -0.00009075, -0.00002062, 0.00003388, 0.00007731, 0.00011297, 0.00014319, 0.00016942, 0.00019257, 0.00021324, 0.00023186, 0.00024876, 0.00026426, 0.00027861, 0.00029203, 0.00033926, 0.00037929, 0.00041327, 0.00044116, 0.00046242, 0.00047615, 0.00048132, 0.00047717, 0.00046345, 0.00044062, 0.00040976, 0.00037248, 0.00033076, 0.00028671, 0.00024240, 0.00019968, 0.00016009, 0.00012472, 0.00009427, 0.00006899, 0.00004878, 0.00003324, 0.00002179, 0.00001373, 0.00000831, 0.00000486, 0.00000276, 0.00000154, 0.00000084, 0.00000042, 0.00000015, -0.00000003, -0.00000014, -0.00000017, -0.00000014, -0.00000005, 0.00000006, 0.00000013, 0.00000015, 0.00000009, -0.00000002, -0.00000010, -0.00000009, 0.00000001, 0.00000000
-0.00034487, -0.00005927, 0.00007551, 0.00015458, 0.00020696, 0.00024443, 0.00027312, 0.00029589, 0.00031435, 0.00032963, 0.00034261, 0.00035390, 0.00036390, 0.00037289, 0.00038102, 0.00038844, 0.00039527, 0.00040160, 0.00040754, 0.00042884, 0.00044801, 0.00046527, 0.00047964, 0.00048978, 0.00049412, 0.00049099, 0.00047906, 0.00045768, 0.00042717, 0.00038880, 0.00034459, 0.00029705, 0.00024875, 0.00020211, 0.00015908, 0.00012106, 0.00008887, 0.00006274, 0.00004245, 0.00002742, 0.00001683, 0.00000980, 0.00000542, 0.00000290, 0.00000155, 0.00000088, 0.00000054, 0.00000032, 0.00000013, -0.00000005, -0.00000019, -0.00000026, -0.00000025, -0.00000015, -0.00000001, 0.00000012, 0.00000019, 0.00000018, 0.00000008, -0.00000005, -0.00000013, -0.00000010, 0.00000002, 0.00000000
-0.00048310, -0.00016831, -0.00002915, 0.00004668, 0.00009294, 0.00012338, 0.00014472, 0.00016017, 0.00017156, 0.00018014, 0.00018678, 0.00019205, 0.00019628, 0.00019973, 0.00020254, 0.00020486, 0.00020679, 0.00020841, 0.00020979, 0.00021398, 0.00021700, 0.00021901, 0.00021971, 0.00021867, 0.00021538, 0.00020937, 0.00020032, 0.00018817, 0.00017321, 0.00015598, 0.00013724, 0.00011782, 0.00009859, 0.00008030, 0.00006356, 0.00004881, 0.00003627, 0.00002602, 0.00001795, 0.00001186, 0.00000747, 0.00000446, 0.00000252, 0.00000135, 0.00000069, 0.00000035, 0.00000018, 0.00000009, 0.00000003, -0.00000002, -0.00000006, -0.00000008, -0.00000008, -0.00000005, -0.00000001, 0.00000003, 0.00000006, 0.00000006, 0.00000003, -0.00000001, -0.00000004, -0.00000003, 0.00000001, 0.00000000
0.00245865, 0.00161596, 0.00123372, 0.00101996, 0.00088736, 0.00079874, 0.00073536, 0.00068933, 0.00065574, 0.00063079, 0.00061181, 0.00059722, 0.00058613, 0.00057795, 0.00057226, 0.00056863, 0.00056669, 0.00056611, 0.00056658, 0.00057534, 0.00059011, 0.00060651, 0.00062024, 0.00062759, 0.00062606, 0.00061429, 0.00059182, 0.00055898, 0.00051687, 0.00046728, 0.00041258, 0.00035542, 0.00029845, 0.00024407, 0.00019420, 0.00015018, 0.00011273, 0.00008200, 0.00005770, 0.00003920, 0.00002564, 0.00001611, 0.00000970, 0.00000559, 0.00000307, 0.00000161, 0.00000081, 0.00000038, 0.00000016, 0.00000004, -0.00000002, -0.00000004, -0.00000004, -0.00000002, 0.00000001, 0.00000003, 0.00000004, 0.00000003, 0.00000000, -0.00000002, -0.00000002, -0.00000001, 0.00000001, 0.00000000
-0.00012406, -0.00002759, 0.00001448, 0.00003719, 0.00005099, 0.00006006, 0.00006643, 0.00007109, 0.00007457, 0.00007724, 0.00007933, 0.00008101, 0.00008237, 0.00008347, 0.00008435, 0.00008506, 0.00008561, 0.00008604, 0.00008636, 0.00008678, 0.00008606, 0.00008422, 0.00008125, 0.00007717, 0.00007203, 0.00006594, 0.00005903, 0.00005152, 0.00004372, 0.00003595, 0.00002852, 0.00002171, 0.00001574, 0.00001072, 0.00000670, 0.00000364, 0.00000147, 0.00000004, -0.00000079, -0.00000116, -0.00000122, -0.00000110, -0.00000088, -0.00000064, -0.00000042, -0.00000025, -0.00000013, -0.00000007, -0.00000004, -0.00000003, -0.00000003, -0.00000003, -0.00000003, -0.00000001, 0.00000000, 0.00000001, 0.00000002, 0.00000002, 0.00000001, -0.00000001, -0.00000001, -0.00000001, 0.00000000, 0.00000000
-0.00026321, 0.00001683, 0.00014469, 0.00021802, 0.00026617, 0.00030094, 0.00032806, 0.00035032, 0.00036927, 0.00038592, 0.00040099, 0.00041492, 0.00042801, 0.00044042, 0.00045226, 0.00046361, 0.00047452, 0.00048503, 0.00049517, 0.00053219, 0.00056272, 0.00058484, 0.00059672, 0.00059713, 0.00058550, 0.00056201, 0.00052764, 0.00048413, 0.00043383, 0.00037947, 0.00032381, 0.00026941, 0.00021840, 0.00017235, 0.00013225, 0.00009855, 0.00007118, 0.00004974, 0.00003354, 0.00002178, 0.00001359, 0.00000814, 0.00000469, 0.00000262, 0.00000144, 0.00000080, 0.00000044, 0.00000023, 0.00000009, -0.00000001, -0.00000008, -0.00000011, -0.00000010, -0.00000006, 0.00000000, 0.00000005, 0.00000008, 0.00000007, 0.00000003, -0.00000002, -0.00000005, -0.00000004, 0.00000001, 0.00000000
-0.00176481, -0.00100807, -0.00065187, -0.00044262, -0.00030421, -0.00020449, -0.00012712, -0.00006502, -0.00001397, 0.00002929, 0.00006707, 0.00010083, 0.00013141, 0.00015933, 0.00018496, 0.00020863, 0.00023064, 0.00025125, 0.00027066, 0.00033907, 0.00039490, 0.00043819, 0.00046868, 0.00048630, 0.00049096, 0.00048282, 0.00046262, 0.00043188, 0.00039283, 0.00034816, 0.00030065, 0.00025291, 0.00020716, 0.00016511, 0.00012790, 0.00009615, 0.00007000, 0.00004925, 0.00003339, 0.00002175, 0.00001359, 0.00000814, 0.00000471, 0.00000267, 0.00000154, 0.00000092, 0.00000058, 0.00000035, 0.00000016, 0.00000000, -0.00000012, -0.00000019, -0.00000019, -0.00000013, -0.00000002, 0.00000008, 0.00000014, 0.00000014, 0.00000007, -0.00000003, -0.00000010, -0.00000008, 0.00000001, 0.00000000
-0.00015213, 0.00007391, 0.00018204, 0.00024764, 0.00029342, 0.00032850, 0.00035734, 0.00038214, 0.00040413, 0.00042410, 0.00044258, 0.00045993, 0.00047641, 0.00049214, 0.00050724, 0.00052175, 0.00053572, 0.00054918, 0.00056214, 0.00060906, 0.00064744, 0.00067561, 0.00069192, 0.00069523, 0.00068507, 0.00066171, 0.00062614, 0.00058009, 0.00052591, 0.00046632, 0.00040421, 0.00034231, 0.00028304, 0.00022833, 0.00017953, 0.00013742, 0.00010225, 0.00007384, 0.00005165, 0.00003492, 0.00002277, 0.00001430, 0.00000864, 0.00000503, 0.00000284, 0.00000157, 0.00000085, 0.00000044, 0.00000020, 0.00000005, -0.00000005, -0.00000010, -0.00000011, -0.00000007, -0.00000001, 0.00000005, 0.00000008, 0.00000008, 0.00000004, -0.00000002, -0.00000006, -0.00000004, 0.00000001, 0.00000000
0.00039931, 0.00034754, 0.00033050, 0.00032543, 0.00032579, 0.00032863, 0.00033257, 0.00033719, 0.00034218, 0.00034725, 0.00035222, 0.00035706, 0.00036175, 0.00036632, 0.00037076, 0.00037508, 0.00037927, 0.00038330, 0.00038718, 0.00040125, 0.00041314, 0.00042253, 0.00042850, 0.00043001, 0.00042611, 0.00041606, 0.00039942, 0.00037625, 0.00034715, 0.00031325, 0.00027610, 0.00023744, 0.00019905, 0.00016249, 0.00012903, 0.00009954, 0.00007450, 0.00005400, 0.00003785, 0.00002559, 0.00001668, 0.00001046, 0.00000633, 0.00000371, 0.00000212, 0.00000120, 0.00000067, 0.00000035, 0.00000015, 0.00000002, -0.00000007, -0.00000011, -0.00000011, -0.00000007, -0.00000001, 0.00000005, 0.00000008, 0.00000008, 0.00000003, -0.00000002, -0.00000006, -0.00000004, 0.00000001, 0.00000000
-0.00006376, 0.00006815, 0.00013298, 0.00017285, 0.00020076, 0.00022184, 0.00023878, 0.00025299, 0.00026519, 0.00027585, 0.00028534, 0.00029394, 0.00030189, 0.00030932, 0.00031634, 0.00032300, 0.00032936, 0.00033546, 0.00034133, 0.00036334, 0.00038393, 0.00040311, 0.00041991, 0.00043300, 0.00044102, 0.00044261, 0.00043665, 0.00042250, 0.00040016, 0.00037037, 0.00033455, 0.00029458, 0.00025259, 0.00021069, 0.00017076, 0.00013429, 0.00010230, 0.00007534, 0.00005351, 0.00003657, 0.00002398, 0.00001505, 0.00000904, 0.00000521, 0.00000291, 0.00000161, 0.00000089, 0.00000048, 0.00000023, 0.00000005, -0.00000009, -0.00000016, -0.00000017, -0.00000012, -0.00000003, 0.00000007, 0.00000014, 0.00000014, 0.00000007, -0.00000003, -0.00000010, -0.00000008, 0.00000002, 0.00000000
-0.00060877, -0.00021233, -0.00003041, 0.00007428, 0.00014285, 0.00019203, 0.00023005, 0.00026082, 0.00028653, 0.00030869, 0.00032834, 0.00034616, 0.00036259, 0.00037788, 0.00039224, 0.00040579, 0.00041866, 0.00043094, 0.00044269, 0.00048541, 0.00052171, 0.00055079, 0.00057142, 0.00058247, 0.00058311, 0.00057290, 0.00055197, 0.00052109, 0.00048171, 0.00043575, 0.00038549, 0.00033332, 0.00028150, 0.00023202, 0.00018646, 0.00014595, 0.00011110, 0.00008212, 0.00005883, 0.00004076, 0.00002725, 0.00001756, 0.00001089, 0.00000650, 0.00000376, 0.00000211, 0.00000116, 0.00000062, 0.00000030, 0.00000010, -0.00000003, -0.00000011, -0.00000012, -0.00000009, -0.00000002, 0.00000005, 0.00000010, 0.00000010, 0.00000005, -0.00000002, -0.00000007, -0.00000006, 0.00000001, 0.00000000
-0.00027530, -0.00004093, 0.00007665, 0.00015104, 0.00020469, 0.00024674, 0.00028186, 0.00031231, 0.00033939, 0.00036396, 0.00038666, 0.00040793, 0.00042806, 0.00044726, 0.00046566, 0.00048336, 0.00050043, 0.00051692, 0.00053289, 0.00059197, 0.00064346, 0.00068614, 0.00071818, 0.00073787, 0.00074390, 0.00073560, 0.00071304, 0.00067711, 0.00062954, 0.00057276, 0.00050965, 0.00044329, 0.00037667, 0.00031245, 0.00025281, 0.00019932, 0.00015294, 0.00011404, 0.00008250, 0.00005780, 0.00003913, 0.00002555, 0.00001608, 0.00000974, 0.00000570, 0.00000323, 0.00000178, 0.00000094, 0.00000046, 0.00000017, -0.00000001, -0.00000010, -0.00000013, -0.00000010, -0.00000003, 0.00000005, 0.00000010, 0.00000011, 0.00000006, -0.00000002, -0.00000008, -0.00000006, 0.00000001, 0.00000000
-0.00149490, -0.00084096, -0.00053633, -0.00035979, -0.00024487, -0.00016367, -0.00010206, -0.00005381, -0.00001522, 0.00001653, 0.00004341, 0.00006668, 0.00008711, 0.00010518, 0.00012126, 0.00013566, 0.00014865, 0.00016047, 0.00017133, 0.00020788, 0.00023656, 0.00025892, 0.00027563, 0.00028700, 0.00029290, 0.00029296, 0.00028694, 0.00027496, 0.00025760, 0.00023581, 0.00021082, 0.00018398, 0.00015662, 0.00012995, 0.00010498, 0.00008245, 0.00006286, 0.00004644, 0.00003316, 0.00002284, 0.00001515, 0.00000967, 0.00000596, 0.00000356, 0.00000210, 0.00000124, 0.00000074, 0.00000043, 0.00000022, 0.00000006, -0.00000006, -0.00000014, -0.00000015, -0.00000011, -0.00000003, 0.00000006, 0.00000011, 0.00000012, 0.00000007, -0.00000002, -0.00000008, -0.00000007, 0.00000001, 0.00000000
-0.00055946, -0.00032284, -0.00020404, -0.00012961, -0.00007723, -0.00003735, -0.00000494, 0.00002217, 0.00004532, 0.00006553, 0.00008358, 0.00009998, 0.00011503, 0.00012896, 0.00014192, 0.00015404, 0.00016544, 0.00017623, 0.00018648, 0.00022337, 0.00025504, 0.00028194, 0.00030385, 0.00032032, 0.00033075, 0.00033457, 0.00033145, 0.00032144, 0.00030500, 0.00028301, 0.00025670, 0.00022748, 0.00019684, 0.00016620, 0.00013681, 0.00010970, 0.00008556, 0.00006482, 0.00004762, 0.00003387, 0.00002327, 0.00001542, 0.00000984, 0.00000605, 0.00000359, 0.00000207, 0.00000117, 0.00000064, 0.00000032, 0.00000013, 0.00000000, -0.00000007, -0.00000009, -0.00000007, -0.00000002, 0.00000003, 0.00000007, 0.00000008, 0.00000005, -0.00000001, -0.00000005, -0.00000005, 0.00000001, 0.00000000
0.00153824, 0.00115208, 0.00097544, 0.00087613, 0.00081493, 0.00077444, 0.00074575, 0.00072555, 0.00071160, 0.00070196, 0.00069529, 0.00069084, 0.00068821, 0.00068720, 0.00068761, 0.00068925, 0.00069190, 0.00069537, 0.00069949, 0.00072044, 0.00074567, 0.00077188, 0.00079500, 0.00081105, 0.00081691, 0.00081041, 0.00079025, 0.00075609, 0.00070869, 0.00064985, 0.00058228, 0.00050932, 0.00043449, 0.00036115, 0.00029221, 0.00022987, 0.00017558, 0.00012999, 0.00009311, 0.00006436, 0.00004283, 0.00002735, 0.00001673, 0.00000978, 0.00000546, 0.00000293, 0.00000151, 0.00000075, 0.00000033, 0.00000010, -0.00000004, -0.00000011, -0.00000013, -0.00000009, -0.00000002, 0.00000006, 0.00000010, 0.00000010, 0.00000005, -0.00000002, -0.00000008, -0.00000006, 0.00000001, 0.00000000
-0.00133380, -0.00073874, -0.00046462, -0.00030760, -0.00020662, -0.00013612, -0.00008324, -0.00004230, -0.00000991, 0.00001645, 0.00003855, 0.00005753, 0.00007405, 0.00008855, 0.00010133, 0.00011268, 0.00012282, 0.00013198, 0.00014032, 0.00016792, 0.00018888, 0.00020447, 0.00021535, 0.00022190, 0.00022417, 0.00022201, 0.00021537, 0.00020447, 0.00018986, 0.00017234, 0.00015286, 0.00013244, 0.00011200, 0.00009238, 0.00007422, 0.00005802, 0.00004404, 0.00003240, 0.00002305, 0.00001582, 0.00001046, 0.00000665, 0.00000408, 0.00000244, 0.00000144, 0.00000086, 0.00000052, 0.00000031, 0.00000016, 0.00000004, -0.00000005, -0.00000010, -0.00000011, -0.00000008, -0.00000002, 0.00000004, 0.00000009, 0.00000009, 0.00000005, -0.00000001, -0.00000006, -0.00000005, 0.00000001, 0.00000000
0.00000695, 0.00000200, 0.00000585, 0.00001243, 0.00001990, 0.00002760, 0.00003528, 0.00004280, 0.00005008, 0.00005709, 0.00006381, 0.00007024, 0.00007638, 0.00008223, 0.00008780, 0.00009309, 0.00009812, 0.00010288, 0.00010737, 0.00012279, 0.00013426, 0.00014199, 0.00014617, 0.00014704, 0.00014487, 0.00014000, 0.00013281, 0.00012373, 0.00011321, 0.00010171, 0.00008971, 0.00007765, 0.00006590, 0.00005482, 0.00004465, 0.00003558, 0.00002770, 0.00002105, 0.00001559, 0.00001123, 0.00000785, 0.00000533, 0.00000349, 0.00000221, 0.00000135, 0.00000080, 0.00000045, 0.00000025, 0.00000013, 0.00000006, 0.00000002, 0.00000000, -0.00000001, -0.00000001, -0.00000000, 0.00000000, 0.00000001, 0.00000001, 0.00000001, -0.00000000, -0.00000001, -0.00000001, 0.00000000, 0.00000000
0.00166987, 0.00100866, 0.00072102, 0.00056790, 0.00047797, 0.00042160, 0.00038408, 0.00035901, 0.00034255, 0.00033187, 0.00032501, 0.00032080, 0.00031857, 0.00031789, 0.00031844, 0.00031996, 0.00032219, 0.00032491, 0.00032794, 0.00034075, 0.00035189, 0.00035953, 0.00036219, 0.00035882, 0.00034912, 0.00033343, 0.00031251, 0.00028733, 0.00025900, 0.00022873, 0.00019775, 0.00016724, 0.00013826, 0.00011165, 0.00008801, 0.00006767, 0.00005070, 0.00003699, 0.00002624, 0.00001807, 0.00001206, 0.00000778, 0.00000483, 0.00000287, 0.00000162, 0.00000086, 0.00000042, 0.00000018, 0.00000008, 0.00000004, 0.00000003, 0.00000004, 0.00000004, 0.00000003, 0.00000001, -0.00000001, -0.00000002, -0.00000003, -0.00000002, -0.00000000, 0.00000002, 0.00000002, 0.00000000, 0.00000000
0.00119505, 0.00076990, 0.00057731, 0.00046982, 0.00040318, 0.00035869, 0.00032684, 0.00030360, 0.00028650, 0.00027364, 0.00026367, 0.00025576, 0.00024943, 0.00024439, 0.00024041, 0.00023728, 0.00023482, 0.00023286, 0.00023126, 0.00022653, 0.00022222, 0.00021690, 0.00020954, 0.00019954, 0.00018683, 0.00017182, 0.00015510, 0.00013737, 0.00011928, 0.00010146, 0.00008445, 0.00006872, 0.00005462, 0.00004236, 0.00003205, 0.00002363, 0.00001699, 0.00001190, 0.00000812, 0.00000541, 0.00000350, 0.00000220, 0.00000133, 0.00000076, 0.00000040, 0.00000018, 0.00000006, 0.00000000, -0.00000001, 0.00000000, 0.00000003, 0.00000004, 0.00000005, 0.00000004, 0.00000002, -0.00000001, -0.00000003, -0.00000004, -0.00000003, 0.00000000, 0.00000002, 0.00000002, -0.00000000, 0.00000000
-0.00120185, -0.00072833, -0.00051154, -0.00038861, -0.00031079, -0.00025743, -0.00021816, -0.00018854, -0.00016586, -0.00014802, -0.00013356, -0.00012160, -0.00011161, -0.00010328, -0.00009636, -0.00009064, -0.00008592, -0.00008201, -0.00007877, -0.00007057, -0.00006788, -0.00006935, -0.00007358, -0.00007923, -0.00008529, -0.00009102, -0.00009574, -0.00009884, -0.00009978, -0.00009823, -0.00009414, -0.00008772, -0.00007941, -0.00006983, -0.00005962, -0.00004940, -0.00003969, -0.00003090, -0.00002326, -0.00001690, -0.00001181, -0.00000791, -0.00000504, -0.00000304, -0.00000171, -0.00000089, -0.00000042, -0.00000018, -0.00000008, -0.00000005, -0.00000004, -0.00000004, -0.00000003, -0.00000002, -0.00000000, 0.00000002, 0.00000002, 0.00000002, 0.00000001, -0.00000000, -0.00000001, -0.00000001, 0.00000000, 0.00000000
-0.00565272, -0.00329909, -0.00221797, -0.00160124, -0.00120649, -0.00093211, -0.00072685, -0.00056836, -0.00044320, -0.00034131, -0.00025560, -0.00018166, -0.00011688, -0.00005961, -0.00000864, 0.00003706, 0.00007843, 0.00011628, 0.00015129, 0.00027168, 0.00036992, 0.00044996, 0.00051374, 0.00056238, 0.00059567, 0.00061269, 0.00061286, 0.00059668, 0.00056580, 0.00052284, 0.00047101, 0.00041371, 0.00035420, 0.00029542, 0.00023980, 0.00018918, 0.00014480, 0.00010731, 0.00007682, 0.00005299, 0.00003516, 0.00002242, 0.00001378, 0.00000824, 0.00000487, 0.00000291, 0.00000178, 0.00000107, 0.00000055, 0.00000013, -0.00000020, -0.00000040, -0.00000044, -0.00000032, -0.00000010, 0.00000015, 0.00000032, 0.00000034, 0.00000020, -0.00000004, -0.00000023, -0.00000020, 0.00000003, 0.00000000
0.00017340, 0.00018949, 0.00019683, 0.00020146, 0.00020519, 0.00020848, 0.00021147, 0.00021445, 0.00021748, 0.00022055, 0.00022361, 0.00022667, 0.00022976, 0.00023290, 0.00023611, 0.00023939, 0.00024272, 0.00024609, 0.00024948, 0.00026311, 0.00027649, 0.00028901, 0.00029970, 0.00030751, 0.00031152, 0.00031108, 0.00030574, 0.00029532, 0.00027999, 0.00026024, 0.00023687, 0.00021093, 0.00018361, 0.00015610, 0.00012950, 0.00010472, 0.00008245, 0.00006311, 0.00004689, 0.00003375, 0.00002348, 0.00001575, 0.00001015, 0.00000628, 0.00000372, 0.00000211, 0.00000114, 0.00000060, 0.00000030, 0.00000014, 0.00000005, -0.00000000, -0.00000003, -0.00000003, -0.00000001, 0.00000001, 0.00000003, 0.00000003, 0.00000002, -0.00000000, -0.00000002, -0.00000002, 0.00000000, 0.00000000
-0.00005751, 0.00004535, 0.00009313, 0.00012061, 0.00013845, 0.00015094, 0.00016015, 0.00016719, 0.00017270, 0.00017707, 0.00018057, 0.00018339, 0.00018568, 0.00018755, 0.00018908, 0.00019034, 0.00019137, 0.00019220, 0.00019286, 0.00019430, 0.00019465, 0.00019453, 0.00019402, 0.00019296, 0.00019105, 0.00018794, 0.00018328, 0.00017671, 0.00016802, 0.00015716, 0.00014429, 0.00012979, 0.00011419, 0.00009812, 0.00008222, 0.00006710, 0.00005324, 0.00004101, 0.00003059, 0.00002205, 0.00001531, 0.00001021, 0.00000652, 0.00000397, 0.00000230, 0.00000127, 0.00000067, 0.00000034, 0.00000016, 0.00000007, 0.00000002, -0.00000002, -0.00000003, -0.00000003, -0.00000002, 0.00000000, 0.00000002, 0.00000003, 0.00000002, -0.00000000, -0.00000002, -0.00000002, 0.00000000, 0.00000000
-0.00263083, -0.00149702, -0.00097531, -0.00067702, -0.00048552, -0.00035199, -0.00025169, -0.00017386, -0.00011209, -0.00006153, -0.00001873, 0.00001845, 0.00005131, 0.00008061, 0.00010693, 0.00013076, 0.00015255, 0.00017268, 0.00019149, 0.00025770, 0.00031359, 0.00036007, 0.00039704, 0.00042416, 0.00044059, 0.00044529, 0.00043774, 0.00041840, 0.00038873, 0.00035106, 0.00030813, 0.00026282, 0.00021773, 0.00017505, 0.00013641, 0.00010284, 0.00007483, 0.00005240, 0.00003519, 0.00002259, 0.00001381, 0.00000806, 0.00000453, 0.00000253, 0.00000148, 0.00000095, 0.00000066, 0.00000043, 0.00000020, -0.00000002, -0.00000020, -0.00000030, -0.00000029, -0.00000019, -0.00000003, 0.00000012, 0.00000022, 0.00000022, 0.00000011, -0.00000004, -0.00000015, -0.00000012, 0.00000002, 0.00000000
0.00111353, 0.00074354, 0.00058109, 0.00049391, 0.00044266, 0.00041067, 0.00038963, 0.00037605, 0.00036774, 0.00036303, 0.00036077, 0.00036031, 0.00036125, 0.00036336, 0.00036644, 0.00037032, 0.00037481, 0.00037977, 0.00038508, 0.00040799, 0.00043102, 0.00045143, 0.00046659, 0.00047431, 0.00047319, 0.00046265, 0.00044280, 0.00041446, 0.00037902, 0.00033836, 0.00029464, 0.00025009, 0.00020675, 0.00016634, 0.00013010, 0.00009881, 0.00007277, 0.00005187, 0.00003572, 0.00002372, 0.00001515, 0.00000929, 0.00000547, 0.00000309, 0.00000169, 0.00000090, 0.00000046, 0.00000022, 0.00000008, 0.00000000, -0.00000004, -0.00000006, -0.00000005, -0.00000002, 0.00000001, 0.00000004, 0.00000005, 0.00000003, 0.00000001, -0.00000002, -0.00000003, -0.00000002, 0.00000001, 0.00000000
-0.00148157, -0.00083405, -0.00053022, -0.00035284, -0.00023642, -0.00015357, -0.00009026, -0.00004033, -0.00000011, 0.00003314, 0.00006140, 0.00008597, 0.00010764, 0.00012691, 0.00014415, 0.00015968, 0.00017377, 0.00018667, 0.00019859, 0.00023944, 0.00027305, 0.00030129, 0.00032471, 0.00034333, 0.00035655, 0.00036342, 0.00036300, 0.00035472, 0.00033865, 0.00031551, 0.00028660, 0.00025361, 0.00021843, 0.00018292, 0.00014877, 0.00011734, 0.00008959, 0.00006608, 0.00004696, 0.00003207, 0.00002100, 0.00001316, 0.00000791, 0.00000460, 0.00000263, 0.00000153, 0.00000091, 0.00000054, 0.00000027, 0.00000006, -0.00000011, -0.00000021, -0.00000023, -0.00000017, -0.00000004, 0.00000009, 0.00000018, 0.00000018, 0.00000010, -0.00000003, -0.00000013, -0.00000011, 0.00000002, 0.00000000
-0.00144034, -0.00082223, -0.00052959, -0.00035629, -0.00024051, -0.00015615, -0.00008989, -0.00003604, 0.00000883, 0.00004737, 0.00008144, 0.00011223, 0.00014040, 0.00016635, 0.00019039, 0.00021276, 0.00023369, 0.00025339, 0.00027203, 0.00033789, 0.00039124, 0.00043167, 0.00045881, 0.00047266, 0.00047339, 0.00046153, 0.00043823, 0.00040531, 0.00036519, 0.00032059, 0.00027422, 0.00022850, 0.00018542, 0.00014642, 0.00011240, 0.00008375, 0.00006045, 0.00004218, 0.00002837, 0.00001834, 0.00001138, 0.00000678, 0.00000390, 0.00000220, 0.00000126, 0.00000075, 0.00000047, 0.00000028, 0.00000013, -0.00000000, -0.00000010, -0.00000015, -0.00000015, -0.00000010, -0.00000002, 0.00000006, 0.00000011, 0.00000011, 0.00000006, -0.00000002, -0.00000008, -0.00000006, 0.00000001, 0.00000000
0.00056769, 0.00037211, 0.00029433, 0.00025814, 0.00024112, 0.00023386, 0.00023179, 0.00023309, 0.00023662, 0.00024151, 0.00024716, 0.00025325, 0.00025966, 0.00026633, 0.00027320, 0.00028024, 0.00028738, 0.00029456, 0.00030174, 0.00033007, 0.00035768, 0.00038449, 0.00040949, 0.00043122, 0.00044823, 0.00045921, 0.00046301, 0.00045871, 0.00044581, 0.00042442, 0.00039527, 0.00035974, 0.00031963, 0.00027700, 0.00023395, 0.00019238, 0.00015383, 0.00011946, 0.00008995, 0.00006553, 0.00004608, 0.00003119, 0.00002027, 0.00001260, 0.00000748, 0.00000424, 0.00000230, 0.00000120, 0.00000061, 0.00000029, 0.00000012, 0.00000002, -0.00000003, -0.00000005, -0.00000003, 0.00000000, 0.00000004, 0.00000005, 0.00000004, 0.00000000, -0.00000004, -0.00000004, 0.00000000, 0.00000000
-0.00152109, -0.00079303, -0.00046000, -0.00027122, -0.00015122, -0.00006858, -0.00000756, 0.00003893, 0.00007508, 0.00010397, 0.00012774, 0.00014779, 0.00016496, 0.00017981, 0.00019273, 0.00020406, 0.00021409, 0.00022307, 0.00023122, 0.00025828, 0.00027990, 0.00029770, 0.00031210, 0.00032299, 0.00032975, 0.00033150, 0.00032742, 0.00031706, 0.00030053, 0.00027846, 0.00025193, 0.00022234, 0.00019122, 0.00016009, 0.00013029, 0.00010291, 0.00007875, 0.00005824, 0.00004151, 0.00002843, 0.00001865, 0.00001169, 0.00000699, 0.00000401, 0.00000224, 0.00000125, 0.00000071, 0.00000040, 0.00000020, 0.00000004, -0.00000009, -0.00000017, -0.00000018, -0.00000013, -0.00000004, 0.00000007, 0.00000014, 0.00000015, 0.00000008, -0.00000002, -0.00000010, -0.00000009, 0.00000001, 0.00000000
-0.00018877, -0.00004060, 0.00003366, 0.00008037, 0.00011367, 0.00013939, 0.00016062, 0.00017878, 0.00019466, 0.00020884, 0.00022180, 0.00023385, 0.00024520, 0.00025598, 0.00026628, 0.00027616, 0.00028567, 0.00029487, 0.00030381, 0.00033743, 0.00036794, 0.00039447, 0.00041558, 0.00042986, 0.00043608, 0.00043329, 0.00042109, 0.00039977, 0.00037039, 0.00033463, 0.00029459, 0.00025255, 0.00021069, 0.00017089, 0.00013461, 0.00010284, 0.00007606, 0.00005435, 0.00003742, 0.00002478, 0.00001573, 0.00000957, 0.00000559, 0.00000317, 0.00000177, 0.00000100, 0.00000058, 0.00000032, 0.00000014, 0.00000000, -0.00000010, -0.00000015, -0.00000015, -0.00000009, -0.00000001, 0.00000007, 0.00000011, 0.00000011, 0.00000005, -0.00000003, -0.00000008, -0.00000006, 0.00000001, 0.00000000
-0.00369310, -0.00208814, -0.00135081, -0.00092953, -0.00065892, -0.00046982, -0.00032748, -0.00021661, -0.00012812, -0.00005521, 0.00000687, 0.00006107, 0.00010917, 0.00015224, 0.00019110, 0.00022641, 0.00025879, 0.00028876, 0.00031675, 0.00041439, 0.00049448, 0.00055861, 0.00060723, 0.00064059, 0.00065841, 0.00066029, 0.00064634, 0.00061765, 0.00057627, 0.00052499, 0.00046701, 0.00040559, 0.00034376, 0.00028415, 0.00022884, 0.00017933, 0.00013652, 0.00010077, 0.00007197, 0.00004961, 0.00003295, 0.00002107, 0.00001298, 0.00000776, 0.00000455, 0.00000267, 0.00000157, 0.00000091, 0.00000046, 0.00000012, -0.00000013, -0.00000028, -0.00000031, -0.00000023, -0.00000007, 0.00000011, 0.00000024, 0.00000025, 0.00000014, -0.00000003, -0.00000017, -0.00000015, 0.00000002, 0.00000000
0.00130773, 0.00082942, 0.00061560, 0.00049811, 0.00042653, 0.00037968, 0.00034691, 0.00032364, 0.00030708, 0.00029512, 0.00028628, 0.00027968, 0.00027477, 0.00027123, 0.00026882, 0.00026730, 0.00026648, 0.00026618, 0.00026624, 0.00026810, 0.00026993, 0.00026987, 0.00026652, 0.00025894, 0.00024690, 0.00023073, 0.00021116, 0.00018911, 0.00016560, 0.00014167, 0.00011829, 0.00009631, 0.00007640, 0.00005898, 0.00004429, 0.00003230, 0.00002288, 0.00001571, 0.00001046, 0.00000675, 0.00000421, 0.00000254, 0.00000147, 0.00000081, 0.00000041, 0.00000018, 0.00000005, -0.00000000, -0.00000002, -0.00000001, 0.00000001, 0.00000003, 0.00000004, 0.00000004, 0.00000002, -0.00000001, -0.00000003, -0.00000004, -0.00000003, -0.00000000, 0.00000002, 0.00000002, -0.00000000, 0.00000000
