0.01000000, 0.01500000, 0.02000000, 0.02500000, 0.03000000, 0.03500000, 0.04000000, 0.04500000, 0.05000000, 0.05500000, 0.06000000, 0.06500000, 0.07000000, 0.07500000, 0.08000000, 0.08500000, 0.09000000, 0.09500000, 0.10000000, 0.12000000, 0.14000000, 0.16000000, 0.18000000, 0.20000000, 0.22000000, 0.24000000, 0.26000000, 0.28000000, 0.30000000, 0.32000000, 0.34000000, 0.36000000, 0.38000000, 0.40000000, 0.42000000, 0.44000000, 0.46000000, 0.48000000, 0.50000000, 0.52000000, 0.54000000, 0.56000000, 0.58000000, 0.60000000, 0.62000000, 0.64000000, 0.66000000, 0.68000000, 0.70000000, 0.72000000, 0.74000000, 0.76000000, 0.78000000, 0.80000000, 0.82000000, 0.84000000, 0.86000000, 0.88000000, 0.90000000, 0.92000000, 0.94000000, 0.96000000, 0.98000000, 1.00000000
-0.00105231, -0.00068740, -0.00052379, -0.00043296, -0.00037693, -0.00033954, -0.00031265, -0.00029293, -0.00027831, -0.00026719, -0.00025845, -0.00025140, -0.00024571, -0.00024115, -0.00023756, -0.00023479, -0.00023267, -0.00023109, -0.00022992, -0.00022797, -0.00022870, -0.00023080, -0.00023278, -0.00023326, -0.00023127, -0.00022627, -0.00021799, -0.00020640, -0.00019173, -0.00017444, -0.00015523, -0.00013494, -0.00011448, -0.00009468, -0.00007626, -0.00005977, -0.00004552, -0.00003364, -0.00002408, -0.00001665, -0.00001111, -0.00000711, -0.00000436, -0.00000255, -0.00000141, -0.00000073, -0.00000035, -0.00000016, -0.00000007, -0.00000002, -0.00000001, -0.00000000, -0.00000000, -0.00000000, -0.00000000, -0.00000000, -0.00000000, 0.00000000, 0.00000000, 0.00000000, 0.00000000, -0.00000000, -0.00000000, 0.00000000
-0.00116199, -0.00074232, -0.00055030, -0.00044124, -0.00037201, -0.00032434, -0.00028895, -0.00026198, -0.00024105, -0.00022433, -0.00021050, -0.00019879, -0.00018874, -0.00018010, -0.00017266, -0.00016623, -0.00016063, -0.00015571, -0.00015133, -0.00013761, -0.00012805, -0.00012145, -0.00011666, -0.00011263, -0.00010866, -0.00010439, -0.00009957, -0.00009402, -0.00008761, -0.00008033, -0.00007226, -0.00006364, -0.00005478, -0.00004603, -0.00003771, -0.00003010, -0.00002337, -0.00001764, -0.00001291, -0.00000914, -0.00000624, -0.00000409, -0.00000255, -0.00000149, -0.00000080, -0.00000038, -0.00000015, -0.00000004, -0.00000001, -0.00000001, -0.00000003, -0.00000004, -0.00000004, -0.00000003, -0.00000001, 0.00000001, 0.00000003, 0.00000003, 0.00000002, -0.00000000, -0.00000002, -0.00000002, 0.00000000, 0.00000000
0.00179626, 0.00105879, 0.00071606, 0.00051824, 0.00039012, 0.00029998, 0.00023179, 0.00017859, 0.00013618, 0.00010135, 0.00007184, 0.00004625, 0.00002376, 0.00000387, -0.00001382, -0.00002962, -0.00004384, -0.00005674, -0.00006853, -0.00010745, -0.00013609, -0.00015595, -0.00016826, -0.00017416, -0.00017448, -0.00016981, -0.00016081, -0.00014832, -0.00013337, -0.00011702, -0.00010026, -0.00008391, -0.00006860, -0.00005475, -0.00004261, -0.00003228, -0.00002375, -0.00001693, -0.00001165, -0.00000771, -0.00000491, -0.00000300, -0.00000179, -0.00000106, -0.00000065, -0.00000042, -0.00000029, -0.00000019, -0.00000010, -0.00000001, 0.00000006, 0.00000011, 0.00000011, 0.00000008, 0.00000002, -0.00000004, -0.00000008, -0.00000009, -0.00000005, 0.00000001, 0.00000006, 0.00000005, -0.00000001, 0.00000000
0.00089062, 0.00048920, 0.00030266, 0.00019513, 0.00012542, 0.00007636, 0.00003937, 0.00001053, -0.00001249, -0.00003139, -0.00004735, -0.00006116, -0.00007328, -0.00008403, -0.00009366, -0.00010236, -0.00011029, -0.00011760, -0.00012441, -0.00014819, -0.00016838, -0.00018589, -0.00020083, -0.00021297, -0.00022179, -0.00022670, -0.00022718, -0.00022298, -0.00021418, -0.00020118, -0.00018467, -0.00016555, -0.00014485, -0.00012359, -0.00010273, -0.00008311, -0.00006533, -0.00004983, -0.00003681, -0.00002628, -0.00001809, -0.00001198, -0.00000763, -0.00000467, -0.00000275, -0.00000158, -0.00000088, -0.00000048, -0.00000025, -0.00000010, 0.00000000, 0.00000006, 0.00000008, 0.00000007, 0.00000003, -0.00000003, -0.00000007, -0.00000007, -0.00000004, 0.00000001, 0.00000005, 0.00000004, -0.00000001, 0.00000000
-0.00211566, -0.00131399, -0.00095146, -0.00074835, -0.00062138, -0.00053540, -0.00047270, -0.00042582, -0.00039022, -0.00036238, -0.00033987, -0.00032119, -0.00030551, -0.00029231, -0.00028121, -0.00027185, -0.00026392, -0.00025712, -0.00025121, -0.00023336, -0.00022127, -0.00021276, -0.00020584, -0.00019883, -0.00019076, -0.00018131, -0.00017041, -0.00015812, -0.00014454, -0.00012989, -0.00011450, -0.00009885, -0.00008346, -0.00006884, -0.00005543, -0.00004354, -0.00003334, -0.00002487, -0.00001805, -0.00001272, -0.00000868, -0.00000571, -0.00000359, -0.00000213, -0.00000117, -0.00000057, -0.00000023, -0.00000007, -0.00000002, -0.00000003, -0.00000006, -0.00000008, -0.00000009, -0.00000006, -0.00000002, 0.00000003, 0.00000006, 0.00000006, 0.00000004, -0.00000000, -0.00000004, -0.00000004, 0.00000000, 0.00000000
-0.00292142, -0.00185443, -0.00136948, -0.00109635, -0.00092471, -0.00080796, -0.00072252, -0.00065845, -0.00060969, -0.00057155, -0.00054074, -0.00051529, -0.00049406, -0.00047634, -0.00046159, -0.00044932, -0.00043910, -0.00043050, -0.00042319, -0.00040231, -0.00038931, -0.00038021, -0.00037155, -0.00036061, -0.00034590, -0.00032703, -0.00030426, -0.00027815, -0.00024948, -0.00021919, -0.00018836, -0.00015812, -0.00012950, -0.00010338, -0.00008037, -0.00006080, -0.00004473, -0.00003197, -0.00002217, -0.00001490, -0.00000968, -0.00000606, -0.00000362, -0.00000203, -0.00000104, -0.00000046, -0.00000015, -0.00000001, 0.00000003, 0.00000000, -0.00000005, -0.00000008, -0.00000010, -0.00000008, -0.00000003, 0.00000002, 0.00000007, 0.00000008, 0.00000005, -0.00000000, -0.00000005, -0.00000005, 0.00000000, 0.00000000
0.00042433, 0.00018589, 0.00007553, 0.00001235, -0.00002852, -0.00005722, -0.00007875, -0.00009555, -0.00010906, -0.00012023, -0.00012973, -0.00013802, -0.00014539, -0.00015207, -0.00015819, -0.00016386, -0.00016919, -0.00017423, -0.00017906, -0.00019698, -0.00021363, -0.00022910, -0.00024278, -0.00025382, -0.00026129, -0.00026438, -0.00026249, -0.00025534, -0.00024306, -0.00022618, -0.00020557, -0.00018233, -0.00015771, -0.00013290, -0.00010902, -0.00008694, -0.00006730, -0.00005049, -0.00003664, -0.00002565, -0.00001728, -0.00001117, -0.00000692, -0.00000411, -0.00000234, -0.00000130, -0.00000070, -0.00000037, -0.00000018, -0.00000006, 0.00000002, 0.00000007, 0.00000008, 0.00000006, 0.00000002, -0.00000003, -0.00000006, -0.00000007, -0.00000004, 0.00000001, 0.00000005, 0.00000004, -0.00000001, 0.00000000
0.00324258, 0.00191947, 0.00130614, 0.00095368, 0.00072686, 0.00056864, 0.00045018, 0.00035890, 0.00028718, 0.00022925, 0.00018100, 0.00013987, 0.00010432, 0.00007337, 0.00004628, 0.00002243, 0.00000125, -0.00001777, -0.00003504, -0.00009218, -0.00013655, -0.00017150, -0.00019891, -0.00021994, -0.00023476, -0.00024292, -0.00024404, -0.00023820, -0.00022605, -0.00020872, -0.00018759, -0.00016415, -0.00013982, -0.00011584, -0.00009324, -0.00007278, -0.00005498, -0.00004009, -0.00002813, -0.00001893, -0.00001220, -0.00000753, -0.00000448, -0.00000263, -0.00000157, -0.00000100, -0.00000067, -0.00000044, -0.00000023, -0.00000004, 0.00000013, 0.00000023, 0.00000025, 0.00000018, 0.00000005, -0.00000009, -0.00000018, -0.00000019, -0.00000011, 0.00000003, 0.00000013, 0.00000011, -0.00000002, 0.00000000
0.00067067, 0.00037234, 0.00023126, 0.00014848, 0.00009382, 0.00005461, 0.00002450, 0.00000058, -0.00001887, -0.00003515, -0.00004917, -0.00006151, -0.00007254, -0.00008250, -0.00009157, -0.00009988, -0.00010757, -0.00011475, -0.00012150, -0.00014539, -0.00016547, -0.00018209, -0.00019510, -0.00020426, -0.00020922, -0.00020971, -0.00020565, -0.00019724, -0.00018498, -0.00016960, -0.00015198, -0.00013308, -0.00011380, -0.00009499, -0.00007731, -0.00006130, -0.00004729, -0.00003543, -0.00002574, -0.00001809, -0.00001228, -0.00000804, -0.00000507, -0.00000309, -0.00000182, -0.00000105, -0.00000059, -0.00000033, -0.00000016, -0.00000006, 0.00000001, 0.00000006, 0.00000007, 0.00000005, 0.00000002, -0.00000002, -0.00000005, -0.00000005, -0.00000003, 0.00000001, 0.00000004, 0.00000003, -0.00000000, 0.00000000
-0.00048608, -0.00032392, -0.00025338, -0.00021549, -0.00019291, -0.00017840, -0.00016833, -0.00016122, -0.00015618, -0.00015250, -0.00014973, -0.00014760, -0.00014596, -0.00014474, -0.00014386, -0.00014327, -0.00014291, -0.00014273, -0.00014268, -0.00014328, -0.00014447, -0.00014565, -0.00014613, -0.00014525, -0.00014258, -0.00013790, -0.00013117, -0.00012252, -0.00011222, -0.00010065, -0.00008831, -0.00007571, -0.00006336, -0.00005172, -0.00004114, -0.00003185, -0.00002397, -0.00001751, -0.00001239, -0.00000848, -0.00000559, -0.00000355, -0.00000216, -0.00000125, -0.00000069, -0.00000036, -0.00000018, -0.00000008, -0.00000003, -0.00000001, 0.00000000, 0.00000000, 0.00000000, 0.00000000, -0.00000000, -0.00000000, -0.00000000, -0.00000000, 0.00000000, 0.00000000, 0.00000000, 0.00000000, -0.00000000, 0.00000000
0.00073338, 0.00043351, 0.00029318, 0.00021183, 0.00015895, 0.00012168, 0.00009355, 0.00007168, 0.00005433, 0.00004019, 0.00002832, 0.00001815, 0.00000930, 0.00000156, -0.00000526, -0.00001130, -0.00001670, -0.00002158, -0.00002602, -0.00004079, -0.00005224, -0.00006111, -0.00006780, -0.00007250, -0.00007522, -0.00007588, -0.00007445, -0.00007108, -0.00006605, -0.00005975, -0.00005265, -0.00004519, -0.00003778, -0.00003074, -0.00002431, -0.00001867, -0.00001389, -0.00000999, -0.00000692, -0.00000461, -0.00000295, -0.00000181, -0.00000108, -0.00000063, -0.00000038, -0.00000024, -0.00000016, -0.00000010, -0.00000005, -0.00000001, 0.00000003, 0.00000005, 0.00000005, 0.00000004, 0.00000001, -0.00000002, -0.00000004, -0.00000004, -0.00000002, 0.00000001, 0.00000003, 0.00000002, -0.00000000, 0.00000000
0.00037402, 0.00020859, 0.00012727, 0.00007757, 0.00004339, 0.00001790, -0.00000241, -0.00001911, -0.00003315, -0.00004527, -0.00005598, -0.00006562, -0.00007441, -0.00008248, -0.00008995, -0.00009689, -0.00010338, -0.00010949, -0.00011526, -0.00013570, -0.00015262, -0.00016623, -0.00017645, -0.00018311, -0.00018605, -0.00018519, -0.00018056, -0.00017241, -0.00016118, -0.00014749, -0.00013204, -0.00011562, -0.00009895, -0.00008272, -0.00006749, -0.00005368, -0.00004156, -0.00003128, -0.00002285, -0.00001616, -0.00001105, -0.00000729, -0.00000463, -0.00000284, -0.00000168, -0.00000096, -0.00000054, -0.00000029, -0.00000015, -0.00000006, 0.00000000, 0.00000003, 0.00000004, 0.00000003, 0.00000001, -0.00000002, -0.00000003, -0.00000004, -0.00000002, 0.00000000, 0.00000003, 0.00000002, -0.00000000, 0.00000000
-0.00006608, -0.00017333, -0.00022370, -0.00025284, -0.00027214, -0.00028605, -0.00029660, -0.00030504, -0.00031210, -0.00031813, -0.00032338, -0.00032805, -0.00033227, -0.00033616, -0.00033979, -0.00034321, -0.00034643, -0.00034948, -0.00035234, -0.00036206, -0.00036881, -0.00037203, -0.00037096, -0.00036497, -0.00035376, -0.00033742, -0.00031635, -0.00029127, -0.00026313, -0.00023303, -0.00020216, -0.00017164, -0.00014251, -0.00011559, -0.00009149, -0.00007057, -0.00005295, -0.00003858, -0.00002723, -0.00001856, -0.00001217, -0.00000764, -0.00000457, -0.00000259, -0.00000137, -0.00000067, -0.00000029, -0.00000011, -0.00000002, 0.00000002, 0.00000004, 0.00000004, 0.00000004, 0.00000002, 0.00000001, -0.00000001, -0.00000002, -0.00000002, -0.00000001, 0.00000000, 0.00000002, 0.00000001, -0.00000000, 0.00000000
-0.00213522, -0.00129764, -0.00091617, -0.00070077, -0.00056473, -0.00047154, -0.00040288, -0.00035085, -0.00031069, -0.00027877, -0.00025257, -0.00023052, -0.00021173, -0.00019562, -0.00018178, -0.00016983, -0.00015943, -0.00015027, -0.00014211, -0.00011616, -0.00009718, -0.00008294, -0.00007168, -0.00006203, -0.00005330, -0.00004532, -0.00003809, -0.00003160, -0.00002578, -0.00002054, -0.00001583, -0.00001166, -0.00000807, -0.00000511, -0.00000281, -0.00000113, -0.00000003, 0.00000060, 0.00000088, 0.00000093, 0.00000084, 0.00000071, 0.00000058, 0.00000047, 0.00000039, 0.00000033, 0.00000026, 0.00000019, 0.00000012, 0.00000004, -0.00000003, -0.00000008, -0.00000009, -0.00000007, -0.00000002, 0.00000003, 0.00000007, 0.00000007, 0.00000005, -0.00000001, -0.00000005, -0.00000004, 0.00000000, 0.00000000
-0.00032843, -0.00026927, -0.00024759, -0.00023908, -0.00023685, -0.00023787, -0.00024063, -0.00024462, -0.00024949, -0.00025491, -0.00026067, -0.00026668, -0.00027288, -0.00027926, -0.00028578, -0.00029240, -0.00029908, -0.00030578, -0.00031246, -0.00033837, -0.00036176, -0.00038096, -0.00039424, -0.00040028, -0.00039827, -0.00038801, -0.00036986, -0.00034471, -0.00031394, -0.00027922, -0.00024240, -0.00020527, -0.00016946, -0.00013628, -0.00010665, -0.00008113, -0.00005990, -0.00004286, -0.00002966, -0.00001980, -0.00001274, -0.00000788, -0.00000468, -0.00000268, -0.00000149, -0.00000081, -0.00000043, -0.00000022, -0.00000009, -0.00000001, 0.00000004, 0.00000006, 0.00000006, 0.00000003, 0.00000000, -0.00000003, -0.00000004, -0.00000004, -0.00000002, 0.00000001, 0.00000003, 0.00000002, -0.00000001, 0.00000000
-0.00055421, -0.00033205, -0.00023424, -0.00018096, -0.00014866, -0.00012752, -0.00011263, -0.00010187, -0.00009402, -0.00008814, -0.00008357, -0.00007992, -0.00007698, -0.00007460, -0.00007268, -0.00007115, -0.00006990, -0.00006887, -0.00006800, -0.00006525, -0.00006274, -0.00005993, -0.00005644, -0.00005202, -0.00004672, -0.00004076, -0.00003445, -0.00002813, -0.00002209, -0.00001657, -0.00001174, -0.00000771, -0.00000450, -0.00000210, -0.00000044, 0.00000059, 0.00000113, 0.00000131, 0.00000126, 0.00000107, 0.00000084, 0.00000061, 0.00000043, 0.00000029, 0.00000019, 0.00000013, 0.00000009, 0.00000006, 0.00000004, 0.00000001, -0.00000001, -0.00000002, -0.00000003, -0.00000002, -0.00000001, 0.00000001, 0.00000002, 0.00000002, 0.00000002, -0.00000000, -0.00000002, -0.00000001, 0.00000000, 0.00000000
-0.00100432, -0.00065712, -0.00050031, -0.00041243, -0.00035753, -0.00032031, -0.00029303, -0.00027256, -0.00025695, -0.00024467, -0.00023464, -0.00022622, -0.00021909, -0.00021303, -0.00020790, -0.00020356, -0.00019986, -0.00019667, -0.00019389, -0.00018558, -0.00018050, -0.00017784, -0.00017657, -0.00017557, -0.00017402, -0.00017135, -0.00016707, -0.00016081, -0.00015233, -0.00014160, -0.00012888, -0.00011461, -0.00009944, -0.00008406, -0.00006915, -0.00005529, -0.00004289, -0.00003224, -0.00002342, -0.00001640, -0.00001102, -0.00000708, -0.00000431, -0.00000247, -0.00000132, -0.00000064, -0.00000028, -0.00000011, -0.00000004, -0.00000001, -0.00000001, -0.00000001, -0.00000000, 0.00000000, 0.00000000, 0.00000000, 0.00000000, 0.00000000, 0.00000000, 0.00000000, 0.00000000, -0.00000000, -0.00000000, 0.00000000
-0.00386554, -0.00241220, -0.00174938, -0.00137474, -0.00113810, -0.00097610, -0.00085678, -0.00076652, -0.00069705, -0.00064202, -0.00059698, -0.00055923, -0.00052720, -0.00049993, -0.00047669, -0.00045683, -0.00043974, -0.00042491, -0.00041186, -0.00037187, -0.00034470, -0.00032609, -0.00031232, -0.00030021, -0.00028784, -0.00027437, -0.00025942, -0.00024275, -0.00022422, -0.00020388, -0.00018207, -0.00015935, -0.00013649, -0.00011429, -0.00009349, -0.00007466, -0.00005818, -0.00004420, -0.00003269, -0.00002350, -0.00001637, -0.00001099, -0.00000706, -0.00000428, -0.00000241, -0.00000122, -0.00000053, -0.00000018, -0.00000006, -0.00000007, -0.00000012, -0.00000016, -0.00000016, -0.00000011, -0.00000004, 0.00000005, 0.00000011, 0.00000012, 0.00000007, -0.00000001, -0.00000008, -0.00000007, 0.00000001, 0.00000000
-0.00373822, -0.00231723, -0.00167458, -0.00131474, -0.00109000, -0.00093808, -0.00082761, -0.00074527, -0.00068299, -0.00063456, -0.00059563, -0.00056358, -0.00053692, -0.00051471, -0.00049627, -0.00048096, -0.00046821, -0.00045751, -0.00044841, -0.00042249, -0.00040689, -0.00039732, -0.00038994, -0.00038147, -0.00037002, -0.00035486, -0.00033589, -0.00031326, -0.00028732, -0.00025867, -0.00022818, -0.00019693, -0.00016609, -0.00013676, -0.00010986, -0.00008604, -0.00006566, -0.00004877, -0.00003523, -0.00002470, -0.00001676, -0.00001096, -0.00000686, -0.00000406, -0.00000224, -0.00000111, -0.00000047, -0.00000016, -0.00000005, -0.00000005, -0.00000009, -0.00000013, -0.00000014, -0.00000010, -0.00000004, 0.00000004, 0.00000009, 0.00000010, 0.00000006, -0.00000001, -0.00000006, -0.00000006, 0.00000000, 0.00000000
-0.00193633, -0.00121198, -0.00088107, -0.00069365, -0.00057508, -0.00049375, -0.00043369, -0.00038817, -0.00035307, -0.00032520, -0.00030232, -0.00028308, -0.00026670, -0.00025269, -0.00024070, -0.00023040, -0.00022148, -0.00021368, -0.00020677, -0.00018517, -0.00016995, -0.00015912, -0.00015095, -0.00014393, -0.00013716, -0.00013024, -0.00012294, -0.00011509, -0.00010653, -0.00009718, -0.00008710, -0.00007653, -0.00006578, -0.00005525, -0.00004529, -0.00003621, -0.00002821, -0.00002140, -0.00001577, -0.00001127, -0.00000778, -0.00000516, -0.00000325, -0.00000192, -0.00000104, -0.00000049, -0.00000018, -0.00000004, 0.00000000, -0.00000001, -0.00000005, -0.00000007, -0.00000008, -0.00000005, -0.00000001, 0.00000003, 0.00000006, 0.00000006, 0.00000003, -0.00000001, -0.00000004, -0.00000003, 0.00000000, 0.00000000
-0.00142280, -0.00086293, -0.00061278, -0.00047459, -0.00038958, -0.00033303, -0.00029257, -0.00026297, -0.00024103, -0.00022432, -0.00021117, -0.00020057, -0.00019194, -0.00018497, -0.00017937, -0.00017492, -0.00017141, -0.00016864, -0.00016646, -0.00016158, -0.00016090, -0.00016322, -0.00016716, -0.00017133, -0.00017469, -0.00017652, -0.00017624, -0.00017332, -0.00016740, -0.00015836, -0.00014641, -0.00013207, -0.00011608, -0.00009931, -0.00008261, -0.00006676, -0.00005235, -0.00003978, -0.00002923, -0.00002072, -0.00001413, -0.00000924, -0.00000576, -0.00000340, -0.00000189, -0.00000099, -0.00000048, -0.00000022, -0.00000010, -0.00000005, -0.00000003, -0.00000002, -0.00000001, -0.00000000, 0.00000000, 0.00000000, 0.00000000, 0.00000000, 0.00000000, 0.00000000, -0.00000000, -0.00000000, -0.00000000, 0.00000000
0.00024954, 0.00010505, 0.00003441, -0.00000838, -0.00003763, -0.00005930, -0.00007638, -0.00009032, -0.00010198, -0.00011197, -0.00012072, -0.00012855, -0.00013564, -0.00014211, -0.00014808, -0.00015361, -0.00015876, -0.00016358, -0.00016813, -0.00018401, -0.00019673, -0.00020631, -0.00021248, -0.00021498, -0.00021359, -0.00020826, -0.00019914, -0.00018661, -0.00017126, -0.00015386, -0.00013525, -0.00011626, -0.00009767, -0.00008013, -0.00006415, -0.00005005, -0.00003801, -0.00002806, -0.00002009, -0.00001394, -0.00000934, -0.00000604, -0.00000377, -0.00000227, -0.00000133, -0.00000076, -0.00000042, -0.00000023, -0.00000011, -0.00000004, 0.00000001, 0.00000003, 0.00000004, 0.00000003, 0.00000001, -0.00000002, -0.00000003, -0.00000003, -0.00000002, 0.00000001, 0.00000002, 0.00000002, -0.00000000, 0.00000000
0.00301071, 0.00181533, 0.00126800, 0.00095752, 0.00076049, 0.00062495, 0.00052478, 0.00044870, 0.00038982, 0.00034293, 0.00030442, 0.00027204, 0.00024452, 0.00022102, 0.00020093, 0.00018372, 0.00016889, 0.00015602, 0.00014474, 0.00011102, 0.00009025, 0.00007896, 0.00007409, 0.00007290, 0.00007354, 0.00007486, 0.00007603, 0.00007634, 0.00007520, 0.00007226, 0.00006748, 0.00006111, 0.00005362, 0.00004558, 0.00003753, 0.00002995, 0.00002318, 0.00001739, 0.00001264, 0.00000890, 0.00000604, 0.00000392, 0.00000241, 0.00000137, 0.00000069, 0.00000027, 0.00000005, -0.00000004, -0.00000004, 0.00000000, 0.00000006, 0.00000010, 0.00000011, 0.00000008, 0.00000003, -0.00000003, -0.00000007, -0.00000008, -0.00000005, 0.00000000, 0.00000005, 0.00000005, -0.00000000, 0.00000000
-0.00160177, -0.00101924, -0.00074912, -0.00059396, -0.00049472, -0.00042592, -0.00037469, -0.00033567, -0.00030552, -0.00028157, -0.00026192, -0.00024543, -0.00023144, -0.00021955, -0.00020943, -0.00020081, -0.00019341, -0.00018700, -0.00018138, -0.00016418, -0.00015267, -0.00014515, -0.00014007, -0.00013610, -0.00013243, -0.00012859, -0.00012420, -0.00011886, -0.00011222, -0.00010408, -0.00009449, -0.00008372, -0.00007224, -0.00006061, -0.00004936, -0.00003898, -0.00002980, -0.00002201, -0.00001567, -0.00001072, -0.00000701, -0.00000436, -0.00000254, -0.00000137, -0.00000066, -0.00000026, -0.00000006, 0.00000002, 0.00000004, 0.00000003, 0.00000001, -0.00000000, -0.00000001, -0.00000001, -0.00000000, 0.00000001, 0.00000002, 0.00000002, 0.00000001, 0.00000000, -0.00000001, -0.00000001, -0.00000000, 0.00000000
-0.00272937, -0.00170026, -0.00123326, -0.00097071, -0.00080592, -0.00069390, -0.00061198, -0.00055051, -0.00050363, -0.00046685, -0.00043704, -0.00041229, -0.00039149, -0.00037397, -0.00035921, -0.00034675, -0.00033617, -0.00032710, -0.00031921, -0.00029542, -0.00027915, -0.00026707, -0.00025636, -0.00024478, -0.00023113, -0.00021514, -0.00019702, -0.00017719, -0.00015623, -0.00013477, -0.00011353, -0.00009323, -0.00007453, -0.00005793, -0.00004373, -0.00003205, -0.00002279, -0.00001572, -0.00001053, -0.00000684, -0.00000430, -0.00000261, -0.00000151, -0.00000080, -0.00000036, -0.00000009, 0.00000004, 0.00000009, 0.00000007, 0.00000002, -0.00000004, -0.00000009, -0.00000011, -0.00000009, -0.00000004, 0.00000003, 0.00000008, 0.00000009, 0.00000006, -0.00000000, -0.00000005, -0.00000005, 0.00000000, 0.00000000
-0.00052851, -0.00038177, -0.00031729, -0.00028234, -0.00026161, -0.00024841, -0.00023933, -0.00023315, -0.00022906, -0.00022635, -0.00022455, -0.00022340, -0.00022278, -0.00022265, -0.00022294, -0.00022362, -0.00022461, -0.00022586, -0.00022732, -0.00023465, -0.00024390, -0.00025448, -0.00026525, -0.00027483, -0.00028198, -0.00028569, -0.00028512, -0.00027966, -0.00026903, -0.00025341, -0.00023336, -0.00020985, -0.00018409, -0.00015739, -0.00013102, -0.00010609, -0.00008345, -0.00006367, -0.00004703, -0.00003356, -0.00002308, -0.00001524, -0.00000964, -0.00000583, -0.00000335, -0.00000184, -0.00000097, -0.00000049, -0.00000024, -0.00000011, -0.00000003, 0.00000002, 0.00000004, 0.00000004, 0.00000002, -0.00000001, -0.00000003, -0.00000004, -0.00000002, 0.00000000, 0.00000003, 0.00000002, -0.00000000, 0.00000000
0.00102456, 0.00059257, 0.00039170, 0.00027608, 0.00020163, 0.00014974, 0.00011102, 0.00008132, 0.00005814, 0.00003960, 0.00002435, 0.00001153, 0.00000063, -0.00000868, -0.00001668, -0.00002356, -0.00002952, -0.00003473, -0.00003934, -0.00005369, -0.00006395, -0.00007156, -0.00007731, -0.00008166, -0.00008465, -0.00008604, -0.00008557, -0.00008310, -0.00007869, -0.00007260, -0.00006520, -0.00005698, -0.00004840, -0.00003992, -0.00003191, -0.00002468, -0.00001842, -0.00001322, -0.00000909, -0.00000597, -0.00000373, -0.00000223, -0.00000128, -0.00000074, -0.00000045, -0.00000030, -0.00000022, -0.00000016, -0.00000009, -0.00000002, 0.00000005, 0.00000009, 0.00000009, 0.00000006, 0.00000001, -0.00000004, -0.00000007, -0.00000007, -0.00000004, 0.00000001, 0.00000005, 0.00000004, -0.00000001, 0.00000000
0.00045995, 0.00021878, 0.00010906, 0.00004729, 0.00000807, -0.00001897, -0.00003892, -0.00005420, -0.00006623, -0.00007599, -0.00008413, -0.00009108, -0.00009713, -0.00010245, -0.00010719, -0.00011145, -0.00011532, -0.00011886, -0.00012214, -0.00013338, -0.00014246, -0.00014964, -0.00015484, -0.00015784, -0.00015841, -0.00015633, -0.00015152, -0.00014406, -0.00013422, -0.00012245, -0.00010929, -0.00009536, -0.00008128, -0.00006761, -0.00005483, -0.00004329, -0.00003322, -0.00002474, -0.00001784, -0.00001242, -0.00000834, -0.00000538, -0.00000333, -0.00000198, -0.00000114, -0.00000063, -0.00000035, -0.00000019, -0.00000009, -0.00000003, 0.00000001, 0.00000004, 0.00000004, 0.00000003, 0.00000001, -0.00000002, -0.00000003, -0.00000004, -0.00000002, 0.00000000, 0.00000002, 0.00000002, -0.00000000, 0.00000000
-0.00238397, -0.00152063, -0.00112688, -0.00090412, -0.00076339, -0.00066698, -0.00059581, -0.00054190, -0.00050036, -0.00046740, -0.00044036, -0.00041761, -0.00039825, -0.00038172, -0.00036760, -0.00035552, -0.00034511, -0.00033605, -0.00032808, -0.00030351, -0.00028676, -0.00027526, -0.00026662, -0.00025866, -0.00025001, -0.00023998, -0.00022823, -0.00021454, -0.00019886, -0.00018130, -0.00016222, -0.00014220, -0.00012194, -0.00010218, -0.00008360, -0.00006671, -0.00005189, -0.00003928, -0.00002891, -0.00002063, -0.00001423, -0.00000944, -0.00000598, -0.00000358, -0.00000198, -0.00000099, -0.00000042, -0.00000014, -0.00000004, -0.00000003, -0.00000006, -0.00000008, -0.00000009, -0.00000006, -0.00000002, 0.00000003, 0.00000006, 0.00000007, 0.00000004, -0.00000001, -0.00000004, -0.00000004, 0.00000000, 0.00000000
-0.00030084, -0.00022835, -0.00019213, -0.00016946, -0.00015377, -0.00014197, -0.00013239, -0.00012450, -0.00011793, -0.00011230, -0.00010732, -0.00010283, -0.00009877, -0.00009509, -0.00009176, -0.00008874, -0.00008599, -0.00008347, -0.00008114, -0.00007331, -0.00006744, -0.00006324, -0.00006028, -0.00005812, -0.00005639, -0.00005483, -0.00005319, -0.00005126, -0.00004882, -0.00004574, -0.00004201, -0.00003770, -0.00003298, -0.00002807, -0.00002321, -0.00001860, -0.00001441, -0.00001078, -0.00000776, -0.00000534, -0.00000350, -0.00000216, -0.00000125, -0.00000065, -0.00000030, -0.00000011, -0.00000003, 0.00000000, 0.00000001, 0.00000000, -0.00000000, -0.00000000, -0.00000000, 0.00000000, 0.00000000, 0.00000000, 0.00000000, -0.00000000, -0.00000000, -0.00000000, 0.00000000, 0.00000000, -0.00000000, 0.00000000
0.00108863, 0.00060850, 0.00038784, 0.00026198, 0.00018134, 0.00012523, 0.00008330, 0.00005092, 0.00002534, 0.00000453, -0.00001295, -0.00002797, -0.00004110, -0.00005266, -0.00006292, -0.00007208, -0.00008035, -0.00008787, -0.00009480, -0.00011820, -0.00013659, -0.00015078, -0.00016107, -0.00016766, -0.00017052, -0.00016954, -0.00016475, -0.00015643, -0.00014508, -0.00013142, -0.00011626, -0.00010042, -0.00008465, -0.00006958, -0.00005571, -0.00004339, -0.00003281, -0.00002405, -0.00001704, -0.00001164, -0.00000766, -0.00000485, -0.00000296, -0.00000176, -0.00000103, -0.00000061, -0.00000037, -0.00000022, -0.00000011, -0.00000003, 0.00000004, 0.00000008, 0.00000009, 0.00000006, 0.00000002, -0.00000003, -0.00000006, -0.00000007, -0.00000004, 0.00000001, 0.00000004, 0.00000004, -0.00000001, 0.00000000
-0.00165151, -0.00100769, -0.00071511, -0.00055017, -0.00044623, -0.00037517, -0.00032288, -0.00028333, -0.00025286, -0.00022868, -0.00020884, -0.00019217, -0.00017797, -0.00016581, -0.00015537, -0.00014638, -0.00013856, -0.00013169, -0.00012557, -0.00010618, -0.00009212, -0.00008165, -0.00007335, -0.00006606, -0.00005917, -0.00005246, -0.00004592, -0.00003954, -0.00003333, -0.00002733, -0.00002164, -0.00001639, -0.00001172, -0.00000777, -0.00000461, -0.00000224, -0.00000060, 0.00000040, 0.00000092, 0.00000108, 0.00000104, 0.00000089, 0.00000071, 0.00000054, 0.00000041, 0.00000031, 0.00000023, 0.00000016, 0.00000010, 0.00000004, -0.00000001, -0.00000005, -0.00000006, -0.00000005, -0.00000002, 0.00000001, 0.00000004, 0.00000005, 0.00000003, -0.00000000, -0.00000003, -0.00000003, 0.00000000, 0.00000000
-0.00235724, -0.00149228, -0.00109990, -0.00087943, -0.00074129, -0.00064762, -0.00057928, -0.00052819, -0.00048944, -0.00045923, -0.00043490, -0.00041483, -0.00039811, -0.00038417, -0.00037257, -0.00036293, -0.00035489, -0.00034813, -0.00034237, -0.00032575, -0.00031513, -0.00030747, -0.00030009, -0.00029084, -0.00027856, -0.00026294, -0.00024420, -0.00022279, -0.00019936, -0.00017470, -0.00014968, -0.00012522, -0.00010217, -0.00008122, -0.00006285, -0.00004730, -0.00003460, -0.00002458, -0.00001694, -0.00001131, -0.00000730, -0.00000454, -0.00000269, -0.00000150, -0.00000076, -0.00000032, -0.00000009, 0.00000001, 0.00000003, 0.00000001, -0.00000003, -0.00000007, -0.00000008, -0.00000006, -0.00000003, 0.00000002, 0.00000005, 0.00000006, 0.00000004, -0.00000000, -0.00000004, -0.00000004, 0.00000000, 0.00000000
-0.00134198, -0.00084086, -0.00061599, -0.00049112, -0.00041382, -0.00036206, -0.00032479, -0.00029730, -0.00027674, -0.00026096, -0.00024845, -0.00023831, -0.00023002, -0.00022328, -0.00021783, -0.00021346, -0.00020997, -0.00020720, -0.00020497, -0.00019969, -0.00019784, -0.00019768, -0.00019758, -0.00019612, -0.00019242, -0.00018611, -0.00017711, -0.00016556, -0.00015180, -0.00013631, -0.00011972, -0.00010272, -0.00008602, -0.00007025, -0.00005590, -0.00004331, -0.00003264, -0.00002390, -0.00001698, -0.00001169, -0.00000778, -0.00000498, -0.00000306, -0.00000179, -0.00000098, -0.00000050, -0.00000023, -0.00000009, -0.00000003, -0.00000001, -0.00000002, -0.00000003, -0.00000003, -0.00000002, -0.00000001, 0.00000001, 0.00000002, 0.00000002, 0.00000002, 0.00000000, -0.00000001, -0.00000001, -0.00000000, 0.00000000
-0.00071271, -0.00047877, -0.00037538, -0.00031886, -0.00028460, -0.00026219, -0.00024639, -0.00023504, -0.00022686, -0.00022082, -0.00021620, -0.00021260, -0.00020978, -0.00020760, -0.00020598, -0.00020480, -0.00020398, -0.00020342, -0.00020305, -0.00020253, -0.00020230, -0.00020136, -0.00019878, -0.00019384, -0.00018619, -0.00017586, -0.00016310, -0.00014838, -0.00013225, -0.00011536, -0.00009838, -0.00008193, -0.00006656, -0.00005271, -0.00004063, -0.00003046, -0.00002217, -0.00001565, -0.00001069, -0.00000705, -0.00000448, -0.00000274, -0.00000160, -0.00000088, -0.00000046, -0.00000022, -0.00000009, -0.00000003, -0.00000000, 0.00000000, 0.00000000, -0.00000001, -0.00000001, -0.00000001, -0.00000001, -0.00000000, 0.00000001, 0.00000001, 0.00000001, 0.00000000, -0.00000001, -0.00000001, -0.00000000, 0.00000000
-0.00008015, -0.00010977, -0.00012521, -0.00013512, -0.00014253, -0.00014849, -0.00015346, -0.00015784, -0.00016184, -0.00016553, -0.00016895, -0.00017217, -0.00017524, -0.00017821, -0.00018111, -0.00018397, -0.00018678, -0.00018956, -0.00019229, -0.00020276, -0.00021244, -0.00022099, -0.00022773, -0.00023193, -0.00023299, -0.00023051, -0.00022431, -0.00021442, -0.00020113, -0.00018493, -0.00016653, -0.00014673, -0.00012641, -0.00010638, -0.00008738, -0.00006997, -0.00005457, -0.00004138, -0.00003046, -0.00002172, -0.00001498, -0.00000995, -0.00000636, -0.00000390, -0.00000229, -0.00000129, -0.00000070, -0.00000036, -0.00000018, -0.00000008, -0.00000002, 0.00000001, 0.00000002, 0.00000002, 0.00000001, -0.00000001, -0.00000002, -0.00000002, -0.00000001, 0.00000000, 0.00000002, 0.00000001, -0.00000000, 0.00000000
-0.00217645, -0.00137704, -0.00102024, -0.00082368, -0.00070354, -0.00062447, -0.00056864, -0.00052853, -0.00049959, -0.00047829, -0.00046218, -0.00044977, -0.00044022, -0.00043300, -0.00042772, -0.00042401, -0.00042154, -0.00042000, -0.00041912, -0.00041891, -0.00041970, -0.00041851, -0.00041297, -0.00040143, -0.00038340, -0.00035935, -0.00033031, -0.00029759, -0.00026259, -0.00022673, -0.00019140, -0.00015780, -0.00012696, -0.00009960, -0.00007611, -0.00005662, -0.00004097, -0.00002882, -0.00001968, -0.00001304, -0.00000836, -0.00000517, -0.00000307, -0.00000172, -0.00000089, -0.00000040, -0.00000013, -0.00000001, 0.00000002, 0.00000000, -0.00000003, -0.00000007, -0.00000008, -0.00000006, -0.00000003, 0.00000002, 0.00000005, 0.00000006, 0.00000004, -0.00000000, -0.00000004, -0.00000004, 0.00000000, 0.00000000
-0.00660970, -0.00410226, -0.00294760, -0.00228876, -0.00186896, -0.00157904, -0.00136394, -0.00120019, -0.00107337, -0.00097237, -0.00088936, -0.00081954, -0.00076014, -0.00070939, -0.00066598, -0.00062871, -0.00059650, -0.00056840, -0.00054360, -0.00046702, -0.00041482, -0.00037958, -0.00035508, -0.00033610, -0.00031955, -0.00030387, -0.00028807, -0.00027117, -0.00025229, -0.00023090, -0.00020702, -0.00018122, -0.00015451, -0.00012809, -0.00010311, -0.00008051, -0.00006091, -0.00004459, -0.00003152, -0.00002145, -0.00001398, -0.00000864, -0.00000498, -0.00000258, -0.00000110, -0.00000026, 0.00000014, 0.00000026, 0.00000021, 0.00000008, -0.00000006, -0.00000016, -0.00000019, -0.00000014, -0.00000005, 0.00000006, 0.00000015, 0.00000016, 0.00000010, -0.00000001, -0.00000010, -0.00000010, 0.00000000, 0.00000000
0.00016225, 0.00009669, 0.00006573, 0.00004789, 0.00003637, 0.00002835, 0.00002245, 0.00001798, 0.00001453, 0.00001181, 0.00000962, 0.00000784, 0.00000636, 0.00000512, 0.00000409, 0.00000322, 0.00000248, 0.00000184, 0.00000129, -0.00000037, -0.00000156, -0.00000253, -0.00000337, -0.00000410, -0.00000469, -0.00000512, -0.00000535, -0.00000540, -0.00000528, -0.00000499, -0.00000459, -0.00000409, -0.00000354, -0.00000297, -0.00000241, -0.00000188, -0.00000140, -0.00000099, -0.00000066, -0.00000040, -0.00000022, -0.00000009, -0.00000002, 0.00000002, 0.00000003, 0.00000003, 0.00000002, 0.00000001, 0.00000001, 0.00000001, 0.00000000, 0.00000001, 0.00000001, 0.00000000, 0.00000000, -0.00000000, -0.00000000, -0.00000001, -0.00000000, 0.00000000, 0.00000000, 0.00000000, -0.00000000, 0.00000000
-0.00014685, -0.00009273, -0.00007236, -0.00006336, -0.00005945, -0.00005803, -0.00005782, -0.00005832, -0.00005926, -0.00006043, -0.00006168, -0.00006294, -0.00006420, -0.00006545, -0.00006668, -0.00006789, -0.00006907, -0.00007021, -0.00007131, -0.00007528, -0.00007863, -0.00008141, -0.00008346, -0.00008454, -0.00008444, -0.00008302, -0.00008021, -0.00007605, -0.00007065, -0.00006423, -0.00005709, -0.00004957, -0.00004200, -0.00003469, -0.00002792, -0.00002186, -0.00001663, -0.00001228, -0.00000879, -0.00000608, -0.00000406, -0.00000261, -0.00000162, -0.00000097, -0.00000056, -0.00000031, -0.00000017, -0.00000009, -0.00000004, -0.00000002, 0.00000000, 0.00000001, 0.00000001, 0.00000001, 0.00000000, -0.00000001, -0.00000001, -0.00000001, -0.00000000, 0.00000000, 0.00000001, 0.00000001, -0.00000000, 0.00000000
-0.00176932, -0.00118678, -0.00091948, -0.00076743, -0.00067118, -0.00060522, -0.00055654, -0.00051985, -0.00049186, -0.00046993, -0.00045217, -0.00043748, -0.00042523, -0.00041506, -0.00040667, -0.00039978, -0.00039413, -0.00038948, -0.00038563, -0.00037550, -0.00037055, -0.00036818, -0.00036583, -0.00036127, -0.00035310, -0.00034063, -0.00032368, -0.00030242, -0.00027733, -0.00024920, -0.00021910, -0.00018824, -0.00015786, -0.00012908, -0.00010281, -0.00007967, -0.00006001, -0.00004386, -0.00003105, -0.00002124, -0.00001400, -0.00000886, -0.00000535, -0.00000307, -0.00000165, -0.00000082, -0.00000036, -0.00000014, -0.00000004, -0.00000001, -0.00000001, -0.00000002, -0.00000003, -0.00000002, -0.00000001, 0.00000000, 0.00000001, 0.00000002, 0.00000002, 0.00000000, -0.00000001, -0.00000001, -0.00000000, 0.00000000
-0.00025561, -0.00020039, -0.00018081, -0.00017310, -0.00017075, -0.00017099, -0.00017243, -0.00017464, -0.00017733, -0.00018025, -0.00018327, -0.00018631, -0.00018937, -0.00019246, -0.00019557, -0.00019871, -0.00020185, -0.00020498, -0.00020809, -0.00022014, -0.00023135, -0.00024117, -0.00024871, -0.00025308, -0.00025356, -0.00024972, -0.00024139, -0.00022875, -0.00021226, -0.00019267, -0.00017093, -0.00014809, -0.00012520, -0.00010320, -0.00008286, -0.00006472, -0.00004912, -0.00003616, -0.00002578, -0.00001775, -0.00001178, -0.00000752, -0.00000461, -0.00000272, -0.00000154, -0.00000084, -0.00000045, -0.00000023, -0.00000011, -0.00000003, 0.00000001, 0.00000004, 0.00000004, 0.00000003, 0.00000001, -0.00000002, -0.00000003, -0.00000003, -0.00000002, 0.00000001, 0.00000002, 0.00000002, -0.00000000, 0.00000000
-0.00204885, -0.00127573, -0.00092526, -0.00072837, -0.00060480, -0.00052073, -0.00045913, -0.00041279, -0.00037730, -0.00034932, -0.00032649, -0.00030739, -0.00029121, -0.00027745, -0.00026573, -0.00025572, -0.00024711, -0.00023962, -0.00023302, -0.00021254, -0.00019823, -0.00018802, -0.00018008, -0.00017283, -0.00016530, -0.00015711, -0.00014809, -0.00013815, -0.00012723, -0.00011539, -0.00010281, -0.00008982, -0.00007683, -0.00006427, -0.00005253, -0.00004194, -0.00003267, -0.00002482, -0.00001836, -0.00001320, -0.00000919, -0.00000617, -0.00000396, -0.00000240, -0.00000135, -0.00000068, -0.00000029, -0.00000010, -0.00000003, -0.00000003, -0.00000006, -0.00000008, -0.00000008, -0.00000006, -0.00000002, 0.00000003, 0.00000006, 0.00000006, 0.00000004, -0.00000001, -0.00000004, -0.00000004, 0.00000000, 0.00000000
-0.00317746, -0.00195018, -0.00139452, -0.00108302, -0.00088815, -0.00075615, -0.00066001, -0.00058822, -0.00053377, -0.00049130, -0.00045709, -0.00042886, -0.00040534, -0.00038571, -0.00036938, -0.00035580, -0.00034448, -0.00033497, -0.00032691, -0.00030445, -0.00029237, -0.00028722, -0.00028573, -0.00028493, -0.00028287, -0.00027844, -0.00027098, -0.00026000, -0.00024526, -0.00022685, -0.00020530, -0.00018146, -0.00015645, -0.00013143, -0.00010750, -0.00008554, -0.00006616, -0.00004968, -0.00003617, -0.00002547, -0.00001730, -0.00001129, -0.00000703, -0.00000414, -0.00000228, -0.00000114, -0.00000051, -0.00000019, -0.00000007, -0.00000005, -0.00000007, -0.00000009, -0.00000009, -0.00000006, -0.00000002, 0.00000002, 0.00000006, 0.00000006, 0.00000004, -0.00000000, -0.00000004, -0.00000004, 0.00000000, 0.00000000
-0.00038881, -0.00033903, -0.00031687, -0.00030458, -0.00029741, -0.00029292, -0.00028979, -0.00028778, -0.00028663, -0.00028605, -0.00028580, -0.00028580, -0.00028605, -0.00028654, -0.00028729, -0.00028827, -0.00028944, -0.00029076, -0.00029223, -0.00029906, -0.00030716, -0.00031576, -0.00032353, -0.00032902, -0.00033096, -0.00032836, -0.00032055, -0.00030722, -0.00028850, -0.00026503, -0.00023783, -0.00020825, -0.00017773, -0.00014767, -0.00011933, -0.00009364, -0.00007124, -0.00005244, -0.00003727, -0.00002549, -0.00001672, -0.00001048, -0.00000626, -0.00000355, -0.00000192, -0.00000099, -0.00000049, -0.00000023, -0.00000010, -0.00000001, 0.00000004, 0.00000007, 0.00000008, 0.00000005, 0.00000001, -0.00000003, -0.00000006, -0.00000006, -0.00000003, 0.00000001, 0.00000004, 0.00000003, -0.00000001, 0.00000000
0.00011545, 0.00002157, -0.00002299, -0.00004906, -0.00006631, -0.00007868, -0.00008807, -0.00009549, -0.00010151, -0.00010651, -0.00011077, -0.00011445, -0.00011770, -0.00012060, -0.00012323, -0.00012561, -0.00012781, -0.00012983, -0.00013172, -0.00013814, -0.00014306, -0.00014645, -0.00014806, -0.00014760, -0.00014485, -0.00013973, -0.00013229, -0.00012279, -0.00011160, -0.00009925, -0.00008629, -0.00007328, -0.00006074, -0.00004909, -0.00003865, -0.00002959, -0.00002199, -0.00001584, -0.00001102, -0.00000740, -0.00000477, -0.00000295, -0.00000174, -0.00000098, -0.00000053, -0.00000028, -0.00000015, -0.00000007, -0.00000003, -0.00000000, 0.00000002, 0.00000003, 0.00000003, 0.00000002, 0.00000000, -0.00000001, -0.00000002, -0.00000002, -0.00000001, 0.00000000, 0.00000001, 0.00000001, -0.00000000, 0.00000000
-0.00201999, -0.00126748, -0.00093364, -0.00075073, -0.00063939, -0.00056636, -0.00051499, -0.00047821, -0.00045176, -0.00043238, -0.00041785, -0.00040684, -0.00039859, -0.00039262, -0.00038858, -0.00038614, -0.00038499, -0.00038486, -0.00038552, -0.00039298, -0.00040412, -0.00041550, -0.00042392, -0.00042677, -0.00042249, -0.00041052, -0.00039105, -0.00036484, -0.00033305, -0.00029721, -0.00025907, -0.00022040, -0.00018286, -0.00014786, -0.00011643, -0.00008920, -0.00006643, -0.00004802, -0.00003366, -0.00002283, -0.00001495, -0.00000943, -0.00000571, -0.00000330, -0.00000181, -0.00000093, -0.00000044, -0.00000018, -0.00000007, -0.00000002, -0.00000001, -0.00000002, -0.00000003, -0.00000003, -0.00000002, -0.00000000, 0.00000001, 0.00000002, 0.00000002, 0.00000001, -0.00000001, -0.00000002, -0.00000000, 0.00000000
-0.00129504, -0.00086756, -0.00067173, -0.00056036, -0.00048984, -0.00044143, -0.00040555, -0.00037839, -0.00035755, -0.00034106, -0.00032757, -0.00031626, -0.00030671, -0.00029865, -0.00029188, -0.00028621, -0.00028145, -0.00027742, -0.00027400, -0.00026445, -0.00025957, -0.00025787, -0.00025759, -0.00025703, -0.00025491, -0.00025040, -0.00024291, -0.00023208, -0.00021781, -0.00020035, -0.00018025, -0.00015837, -0.00013570, -0.00011327, -0.00009199, -0.00007260, -0.00005560, -0.00004125, -0.00002959, -0.00002046, -0.00001360, -0.00000865, -0.00000524, -0.00000300, -0.00000161, -0.00000081, -0.00000037, -0.00000016, -0.00000006, -0.00000002, -0.00000001, 0.00000000, 0.00000000, 0.00000000, -0.00000000, -0.00000000, -0.00000001, -0.00000000, 0.00000000, 0.00000000, 0.00000001, 0.00000000, -0.00000000, 0.00000000
-0.00109957, -0.00077459, -0.00062321, -0.00053558, -0.00047914, -0.00043972, -0.00040999, -0.00038710, -0.00036924, -0.00035489, -0.00034297, -0.00033284, -0.00032415, -0.00031671, -0.00031035, -0.00030492, -0.00030025, -0.00029621, -0.00029268, -0.00028199, -0.00027488, -0.00026970, -0.00026473, -0.00025848, -0.00024995, -0.00023863, -0.00022438, -0.00020731, -0.00018783, -0.00016656, -0.00014431, -0.00012197, -0.00010042, -0.00008042, -0.00006255, -0.00004717, -0.00003442, -0.00002422, -0.00001639, -0.00001061, -0.00000653, -0.00000378, -0.00000202, -0.00000097, -0.00000038, -0.00000009, 0.00000004, 0.00000008, 0.00000007, 0.00000006, 0.00000003, 0.00000002, 0.00000000, -0.00000001, -0.00000001, -0.00000000, 0.00000000, 0.00000001, 0.00000001, 0.00000001, -0.00000000, -0.00000001, -0.00000000, 0.00000000
-0.00236107, -0.00148566, -0.00108616, -0.00086012, -0.00071727, -0.00061939, -0.00054718, -0.00049251, -0.00045038, -0.00041697, -0.00038957, -0.00036654, -0.00034696, -0.00033023, -0.00031592, -0.00030365, -0.00029305, -0.00028380, -0.00027562, -0.00025014, -0.00023228, -0.00021949, -0.00020950, -0.00020036, -0.00019091, -0.00018065, -0.00016936, -0.00015695, -0.00014340, -0.00012883, -0.00011353, -0.00009793, -0.00008255, -0.00006792, -0.00005450, -0.00004260, -0.00003243, -0.00002401, -0.00001726, -0.00001203, -0.00000810, -0.00000523, -0.00000321, -0.00000184, -0.00000095, -0.00000042, -0.00000013, 0.00000000, 0.00000003, -0.00000000, -0.00000004, -0.00000008, -0.00000008, -0.00000006, -0.00000002, 0.00000003, 0.00000006, 0.00000007, 0.00000004, -0.00000000, -0.00000004, -0.00000004, 0.00000000, 0.00000000
0.00031668, 0.00014143, 0.00005586, 0.00000401, -0.00003142, -0.00005765, -0.00007835, -0.00009524, -0.00010935, -0.00012143, -0.00013202, -0.00014148, -0.00015005, -0.00015790, -0.00016515, -0.00017188, -0.00017818, -0.00018411, -0.00018972, -0.00020975, -0.00022670, -0.00024064, -0.00025118, -0.00025781, -0.00026003, -0.00025748, -0.00025003, -0.00023786, -0.00022148, -0.00020169, -0.00017952, -0.00015605, -0.00013239, -0.00010953, -0.00008827, -0.00006922, -0.00005273, -0.00003896, -0.00002786, -0.00001924, -0.00001281, -0.00000820, -0.00000504, -0.00000299, -0.00000171, -0.00000096, -0.00000053, -0.00000029, -0.00000014, -0.00000004, 0.00000002, 0.00000006, 0.00000007, 0.00000005, 0.00000001, -0.00000003, -0.00000005, -0.00000006, -0.00000003, 0.00000001, 0.00000004, 0.00000003, -0.00000001, 0.00000000
-0.00060417, -0.00046272, -0.00039873, -0.00036290, -0.00034090, -0.00032636, -0.00031591, -0.00030841, -0.00030310, -0.00029927, -0.00029641, -0.00029424, -0.00029264, -0.00029153, -0.00029086, -0.00029057, -0.00029058, -0.00029082, -0.00029123, -0.00029375, -0.00029670, -0.00029909, -0.00029970, -0.00029746, -0.00029164, -0.00028189, -0.00026821, -0.00025084, -0.00023027, -0.00020723, -0.00018263, -0.00015744, -0.00013265, -0.00010911, -0.00008755, -0.00006844, -0.00005206, -0.00003848, -0.00002758, -0.00001913, -0.00001281, -0.00000825, -0.00000509, -0.00000300, -0.00000168, -0.00000089, -0.00000044, -0.00000021, -0.00000009, -0.00000003, -0.00000000, 0.00000001, 0.00000001, 0.00000001, -0.00000000, -0.00000001, -0.00000001, -0.00000001, -0.00000000, 0.00000000, 0.00000001, 0.00000000, -0.00000000, 0.00000000
-0.00239586, -0.00152602, -0.00113066, -0.00090787, -0.00076776, -0.00067229, -0.00060223, -0.00054951, -0.00050921, -0.00047752, -0.00045175, -0.00043027, -0.00041217, -0.00039690, -0.00038401, -0.00037312, -0.00036387, -0.00035593, -0.00034903, -0.00032816, -0.00031391, -0.00030340, -0.00029411, -0.00028393, -0.00027169, -0.00025703, -0.00024001, -0.00022089, -0.00020003, -0.00017792, -0.00015519, -0.00013256, -0.00011075, -0.00009042, -0.00007208, -0.00005608, -0.00004255, -0.00003146, -0.00002264, -0.00001583, -0.00001073, -0.00000701, -0.00000439, -0.00000260, -0.00000143, -0.00000070, -0.00000029, -0.00000009, -0.00000002, -0.00000003, -0.00000006, -0.00000009, -0.00000009, -0.00000007, -0.00000002, 0.00000003, 0.00000006, 0.00000007, 0.00000004, -0.00000000, -0.00000004, -0.00000004, 0.00000000, 0.00000000
0.00047091, 0.00025605, 0.00015194, 0.00008955, 0.00004752, 0.00001694, -0.00000668, -0.00002552, -0.00004086, -0.00005358, -0.00006433, -0.00007355, -0.00008157, -0.00008861, -0.00009484, -0.00010037, -0.00010532, -0.00010976, -0.00011378, -0.00012679, -0.00013707, -0.00014629, -0.00015509, -0.00016356, -0.00017146, -0.00017830, -0.00018335, -0.00018573, -0.00018466, -0.00017961, -0.00017044, -0.00015748, -0.00014142, -0.00012327, -0.00010413, -0.00008513, -0.00006722, -0.00005116, -0.00003743, -0.00002625, -0.00001757, -0.00001119, -0.00000676, -0.00000388, -0.00000214, -0.00000116, -0.00000065, -0.00000038, -0.00000022, -0.00000010, 0.00000001, 0.00000009, 0.00000012, 0.00000010, 0.00000003, -0.00000005, -0.00000011, -0.00000012, -0.00000007, 0.00000001, 0.00000008, 0.00000007, -0.00000001, 0.00000000
-0.00040088, -0.00032292, -0.00029425, -0.00028272, -0.00027930, -0.00028000, -0.00028283, -0.00028716, -0.00029252, -0.00029850, -0.00030485, -0.00031143, -0.00031821, -0.00032517, -0.00033227, -0.00033948, -0.00034674, -0.00035402, -0.00036128, -0.00038954, -0.00041538, -0.00043705, -0.00045258, -0.00046032, -0.00045917, -0.00044866, -0.00042901, -0.00040106, -0.00036627, -0.00032654, -0.00028400, -0.00024082, -0.00019894, -0.00015998, -0.00012511, -0.00009504, -0.00007001, -0.00004993, -0.00003440, -0.00002285, -0.00001460, -0.00000897, -0.00000529, -0.00000301, -0.00000167, -0.00000091, -0.00000049, -0.00000025, -0.00000010, -0.00000001, 0.00000005, 0.00000008, 0.00000007, 0.00000004, -0.00000000, -0.00000004, -0.00000006, -0.00000005, -0.00000002, 0.00000002, 0.00000004, 0.00000003, -0.00000001, 0.00000000
-0.00009270, -0.00008063, -0.00007519, -0.00007199, -0.00006992, -0.00006842, -0.00006715, -0.00006607, -0.00006513, -0.00006427, -0.00006343, -0.00006261, -0.00006179, -0.00006098, -0.00006020, -0.00005943, -0.00005868, -0.00005794, -0.00005722, -0.00005437, -0.00005172, -0.00004942, -0.00004746, -0.00004574, -0.00004414, -0.00004257, -0.00004089, -0.00003901, -0.00003682, -0.00003427, -0.00003134, -0.00002809, -0.00002461, -0.00002103, -0.00001750, -0.00001413, -0.00001106, -0.00000835, -0.00000606, -0.00000420, -0.00000275, -0.00000168, -0.00000092, -0.00000043, -0.00000013, 0.00000003, 0.00000009, 0.00000010, 0.00000008, 0.00000006, 0.00000004, 0.00000002, 0.00000001, 0.00000001, 0.00000001, 0.00000001, 0.00000000, 0.00000000, -0.00000000, -0.00000000, -0.00000000, 0.00000000, 0.00000000, 0.00000000
0.00120466, 0.00069668, 0.00046270, 0.00032895, 0.00024310, 0.00018328, 0.00013846, 0.00010377, 0.00007631, 0.00005392, 0.00003508, 0.00001880, 0.00000453, -0.00000813, -0.00001942, -0.00002959, -0.00003882, -0.00004730, -0.00005517, -0.00008253, -0.00010543, -0.00012478, -0.00014086, -0.00015374, -0.00016317, -0.00016871, -0.00017002, -0.00016695, -0.00015974, -0.00014889, -0.00013516, -0.00011947, -0.00010276, -0.00008594, -0.00006980, -0.00005497, -0.00004191, -0.00003085, -0.00002187, -0.00001489, -0.00000971, -0.00000606, -0.00000363, -0.00000211, -0.00000121, -0.00000071, -0.00000044, -0.00000027, -0.00000014, -0.00000003, 0.00000006, 0.00000012, 0.00000013, 0.00000009, 0.00000003, -0.00000005, -0.00000010, -0.00000010, -0.00000006, 0.00000001, 0.00000007, 0.00000006, -0.00000001, 0.00000000
0.00033197, 0.00014885, 0.00006067, 0.00000809, -0.00002723, -0.00005292, -0.00007284, -0.00008880, -0.00010191, -0.00011293, -0.00012244, -0.00013079, -0.00013826, -0.00014499, -0.00015113, -0.00015676, -0.00016197, -0.00016682, -0.00017139, -0.00018743, -0.00020087, -0.00021192, -0.00022032, -0.00022565, -0.00022746, -0.00022537, -0.00021921, -0.00020906, -0.00019530, -0.00017854, -0.00015961, -0.00013942, -0.00011891, -0.00009893, -0.00008021, -0.00006329, -0.00004853, -0.00003611, -0.00002601, -0.00001809, -0.00001213, -0.00000782, -0.00000483, -0.00000287, -0.00000164, -0.00000092, -0.00000050, -0.00000026, -0.00000013, -0.00000004, 0.00000002, 0.00000005, 0.00000006, 0.00000004, 0.00000001, -0.00000002, -0.00000005, -0.00000005, -0.00000003, 0.00000001, 0.00000003, 0.00000003, -0.00000000, 0.00000000
0.00025562, 0.00012620, 0.00006319, 0.00002530, -0.00000030, -0.00001896, -0.00003341, -0.00004495, -0.00005432, -0.00006210, -0.00006870, -0.00007439, -0.00007937, -0.00008377, -0.00008768, -0.00009117, -0.00009432, -0.00009718, -0.00009979, -0.00010859, -0.00011574, -0.00012176, -0.00012670, -0.00013035, -0.00013237, -0.00013237, -0.00013002, -0.00012516, -0.00011786, -0.00010841, -0.00009730, -0.00008511, -0.00007250, -0.00006008, -0.00004838, -0.00003781, -0.00002862, -0.00002095, -0.00001480, -0.00001007, -0.00000658, -0.00000414, -0.00000251, -0.00000148, -0.00000086, -0.00000051, -0.00000031, -0.00000019, -0.00000010, -0.00000003, 0.00000002, 0.00000005, 0.00000006, 0.00000004, 0.00000001, -0.00000003, -0.00000005, -0.00000005, -0.00000003, 0.00000001, 0.00000003, 0.00000003, -0.00000001, 0.00000000
-0.00303900, -0.00191626, -0.00140415, -0.00111456, -0.00093165, -0.00080645, -0.00071422, -0.00064449, -0.00059087, -0.00054845, -0.00051376, -0.00048471, -0.00046009, -0.00043917, -0.00042137, -0.00040618, -0.00039315, -0.00038184, -0.00037191, -0.00034140, -0.00032024, -0.00030479, -0.00029192, -0.00027902, -0.00026464, -0.00024827, -0.00022991, -0.00020973, -0.00018809, -0.00016545, -0.00014246, -0.00011985, -0.00009838, -0.00007869, -0.00006129, -0.00004644, -0.00003421, -0.00002449, -0.00001702, -0.00001147, -0.00000747, -0.00000467, -0.00000278, -0.00000154, -0.00000075, -0.00000029, -0.00000005, 0.00000005, 0.00000005, 0.00000001, -0.00000005, -0.00000010, -0.00000011, -0.00000009, -0.00000003, 0.00000003, 0.00000008, 0.00000009, 0.00000006, -0.00000000, -0.00000005, -0.00000005, 0.00000000, 0.00000000
-0.00073755, -0.00051301, -0.00041547, -0.00036358, -0.00033346, -0.00031497, -0.00030295, -0.00029535, -0.00029089, -0.00028856, -0.00028763, -0.00028768, -0.00028850, -0.00028993, -0.00029188, -0.00029422, -0.00029686, -0.00029970, -0.00030264, -0.00031428, -0.00032402, -0.00033034, -0.00033196, -0.00032801, -0.00031819, -0.00030280, -0.00028252, -0.00025830, -0.00023128, -0.00020268, -0.00017374, -0.00014558, -0.00011915, -0.00009520, -0.00007418, -0.00005632, -0.00004161, -0.00002989, -0.00002084, -0.00001407, -0.00000919, -0.00000579, -0.00000351, -0.00000204, -0.00000113, -0.00000060, -0.00000029, -0.00000013, -0.00000005, -0.00000002, -0.00000000, -0.00000000, -0.00000000, -0.00000001, -0.00000001, -0.00000000, 0.00000000, 0.00000000, 0.00000001, 0.00000000, -0.00000000, -0.00000000, -0.00000000, 0.00000000
-0.00107741, -0.00069448, -0.00052072, -0.00042282, -0.00036121, -0.00031917, -0.00028819, -0.00026475, -0.00024671, -0.00023239, -0.00022061, -0.00021066, -0.00020215, -0.00019483, -0.00018852, -0.00018305, -0.00017828, -0.00017405, -0.00017024, -0.00015772, -0.00014774, -0.00013916, -0.00013099, -0.00012248, -0.00011326, -0.00010334, -0.00009291, -0.00008219, -0.00007143, -0.00006089, -0.00005080, -0.00004141, -0.00003293, -0.00002550, -0.00001921, -0.00001406, -0.00000999, -0.00000688, -0.00000459, -0.00000296, -0.00000184, -0.00000108, -0.00000059, -0.00000029, -0.00000010, 0.00000000, 0.00000005, 0.00000006, 0.00000004, 0.00000001, -0.00000002, -0.00000004, -0.00000004, -0.00000003, -0.00000001, 0.00000001, 0.00000003, 0.00000004, 0.00000002, -0.00000000, -0.00000002, -0.00000002, 0.00000000, 0.00000000
0.00069267, 0.00038007, 0.00023343, 0.00014802, 0.00009203, 0.00005217, 0.00002175, -0.00000229, -0.00002174, -0.00003793, -0.00005182, -0.00006400, -0.00007487, -0.00008466, -0.00009355, -0.00010171, -0.00010925, -0.00011628, -0.00012291, -0.00014650, -0.00016675, -0.00018400, -0.00019805, -0.00020854, -0.00021498, -0.00021691, -0.00021407, -0.00020652, -0.00019465, -0.00017917, -0.00016100, -0.00014117, -0.00012073, -0.00010062, -0.00008166, -0.00006445, -0.00004939, -0.00003670, -0.00002638, -0.00001830, -0.00001223, -0.00000786, -0.00000486, -0.00000289, -0.00000168, -0.00000095, -0.00000054, -0.00000030, -0.00000015, -0.00000004, 0.00000003, 0.00000007, 0.00000008, 0.00000006, 0.00000002, -0.00000003, -0.00000006, -0.00000007, -0.00000004, 0.00000001, 0.00000004, 0.00000004, -0.00000001, 0.00000000
-0.00307348, -0.00195964, -0.00145138, -0.00116386, -0.00098232, -0.00085811, -0.00076659, -0.00069744, -0.00064434, -0.00060238, -0.00056810, -0.00053940, -0.00051510, -0.00049448, -0.00047697, -0.00046208, -0.00044933, -0.00043832, -0.00042867, -0.00039919, -0.00037894, -0.00036437, -0.00035229, -0.00033998, -0.00032587, -0.00030938, -0.00029040, -0.00026902, -0.00024548, -0.00022020, -0.00019380, -0.00016709, -0.00014094, -0.00011618, -0.00009352, -0.00007345, -0.00005625, -0.00004195, -0.00003043, -0.00002142, -0.00001459, -0.00000956, -0.00000598, -0.00000352, -0.00000191, -0.00000091, -0.00000035, -0.00000009, -0.00000000, -0.00000002, -0.00000007, -0.00000011, -0.00000012, -0.00000009, -0.00000003, 0.00000004, 0.00000009, 0.00000009, 0.00000006, -0.00000001, -0.00000006, -0.00000005, 0.00000000, 0.00000000
-0.00104539, -0.00070774, -0.00055366, -0.00046625, -0.00041089, -0.00037283, -0.00034453, -0.00032296, -0.00030625, -0.00029289, -0.00028182, -0.00027243, -0.00026438, -0.00025745, -0.00025150, -0.00024638, -0.00024195, -0.00023807, -0.00023464, -0.00022392, -0.00021634, -0.00021059, -0.00020537, -0.00019949, -0.00019217, -0.00018307, -0.00017209, -0.00015929, -0.00014491, -0.00012933, -0.00011304, -0.00009663, -0.00008069, -0.00006573, -0.00005218, -0.00004032, -0.00003028, -0.00002207, -0.00001558, -0.00001062, -0.00000696, -0.00000437, -0.00000260, -0.00000145, -0.00000074, -0.00000033, -0.00000011, -0.00000002, 0.00000001, 0.00000001, -0.00000000, -0.00000001, -0.00000002, -0.00000002, -0.00000001, 0.00000001, 0.00000002, 0.00000002, 0.00000001, 0.00000000, -0.00000001, -0.00000001, -0.00000000, 0.00000000
0.00139951, 0.00078738, 0.00050391, 0.00034094, 0.00023562, 0.00016168, 0.00010592, 0.00006245, 0.00002775, -0.00000078, -0.00002499, -0.00004602, -0.00006458, -0.00008112, -0.00009597, -0.00010941, -0.00012169, -0.00013300, -0.00014354, -0.00018008, -0.00021001, -0.00023415, -0.00025264, -0.00026545, -0.00027231, -0.00027293, -0.00026725, -0.00025561, -0.00023877, -0.00021782, -0.00019403, -0.00016873, -0.00014318, -0.00011848, -0.00009550, -0.00007490, -0.00005707, -0.00004216, -0.00003013, -0.00002079, -0.00001382, -0.00000884, -0.00000545, -0.00000326, -0.00000190, -0.00000111, -0.00000065, -0.00000037, -0.00000019, -0.00000005, 0.00000005, 0.00000011, 0.00000012, 0.00000009, 0.00000003, -0.00000004, -0.00000009, -0.00000010, -0.00000005, 0.00000001, 0.00000006, 0.00000006, -0.00000001, 0.00000000
0.00029417, 0.00014227, 0.00007292, 0.00003383, 0.00000905, -0.00000797, -0.00002043, -0.00002985, -0.00003716, -0.00004297, -0.00004770, -0.00005163, -0.00005495, -0.00005777, -0.00006019, -0.00006227, -0.00006409, -0.00006568, -0.00006709, -0.00007147, -0.00007448, -0.00007647, -0.00007757, -0.00007776, -0.00007698, -0.00007515, -0.00007225, -0.00006832, -0.00006347, -0.00005789, -0.00005180, -0.00004544, -0.00003903, -0.00003281, -0.00002695, -0.00002161, -0.00001689, -0.00001284, -0.00000948, -0.00000679, -0.00000469, -0.00000313, -0.00000201, -0.00000124, -0.00000073, -0.00000042, -0.00000023, -0.00000012, -0.00000006, -0.00000003, -0.00000000, 0.00000001, 0.00000001, 0.00000001, 0.00000001, -0.00000000, -0.00000001, -0.00000001, -0.00000001, 0.00000000, 0.00000001, 0.00000001, -0.00000000, 0.00000000
-0.00353005, -0.00219071, -0.00158453, -0.00124456, -0.00103171, -0.00088737, -0.00078200, -0.00070312, -0.00064312, -0.00059616, -0.00055818, -0.00052669, -0.00050029, -0.00047812, -0.00045951, -0.00044388, -0.00043067, -0.00041942, -0.00040970, -0.00038087, -0.00036201, -0.00034903, -0.00033835, -0.00032697, -0.00031323, -0.00029656, -0.00027701, -0.00025484, -0.00023047, -0.00020448, -0.00017766, -0.00015093, -0.00012520, -0.00010131, -0.00007992, -0.00006143, -0.00004598, -0.00003349, -0.00002372, -0.00001632, -0.00001087, -0.00000697, -0.00000427, -0.00000245, -0.00000128, -0.00000057, -0.00000018, -0.00000001, 0.00000003, -0.00000001, -0.00000007, -0.00000012, -0.00000014, -0.00000011, -0.00000004, 0.00000004, 0.00000009, 0.00000011, 0.00000007, -0.00000001, -0.00000007, -0.00000006, 0.00000000, 0.00000000
0.00364927, 0.00220383, 0.00153704, 0.00115540, 0.00091066, 0.00074036, 0.00061298, 0.00051488, 0.00043778, 0.00037539, 0.00032329, 0.00027873, 0.00024010, 0.00020639, 0.00017681, 0.00015072, 0.00012750, 0.00010662, 0.00008765, 0.00002502, -0.00002278, -0.00005924, -0.00008676, -0.00010722, -0.00012147, -0.00012972, -0.00013217, -0.00012934, -0.00012216, -0.00011177, -0.00009934, -0.00008591, -0.00007236, -0.00005934, -0.00004734, -0.00003666, -0.00002749, -0.00001990, -0.00001386, -0.00000925, -0.00000592, -0.00000365, -0.00000221, -0.00000136, -0.00000089, -0.00000065, -0.00000049, -0.00000035, -0.00000019, -0.00000003, 0.00000011, 0.00000020, 0.00000021, 0.00000015, 0.00000005, -0.00000007, -0.00000016, -0.00000016, -0.00000009, 0.00000002, 0.00000011, 0.00000010, -0.00000001, 0.00000000
-0.00083976, -0.00053534, -0.00039938, -0.00032433, -0.00027834, -0.00024793, -0.00022634, -0.00021074, -0.00019940, -0.00019098, -0.00018455, -0.00017955, -0.00017568, -0.00017275, -0.00017061, -0.00016913, -0.00016818, -0.00016764, -0.00016743, -0.00016854, -0.00017126, -0.00017438, -0.00017670, -0.00017719, -0.00017522, -0.00017052, -0.00016306, -0.00015300, -0.00014067, -0.00012656, -0.00011127, -0.00009551, -0.00007995, -0.00006520, -0.00005175, -0.00003993, -0.00002992, -0.00002174, -0.00001528, -0.00001038, -0.00000679, -0.00000426, -0.00000256, -0.00000147, -0.00000080, -0.00000041, -0.00000019, -0.00000008, -0.00000003, -0.00000001, -0.00000000, -0.00000000, -0.00000000, -0.00000001, -0.00000001, -0.00000000, -0.00000000, 0.00000000, 0.00000000, 0.00000000, 0.00000000, -0.00000000, -0.00000000, 0.00000000
-0.00186319, -0.00126808, -0.00099107, -0.00083107, -0.00072817, -0.00065643, -0.00060259, -0.00056129, -0.00052915, -0.00050343, -0.00048218, -0.00046424, -0.00044895, -0.00043594, -0.00042489, -0.00041550, -0.00040750, -0.00040063, -0.00039469, -0.00037735, -0.00036695, -0.00036075, -0.00035599, -0.00035020, -0.00034171, -0.00032952, -0.00031314, -0.00029247, -0.00026782, -0.00023993, -0.00020987, -0.00017894, -0.00014848, -0.00011973, -0.00009367, -0.00007096, -0.00005193, -0.00003661, -0.00002476, -0.00001597, -0.00000975, -0.00000556, -0.00000289, -0.00000131, -0.00000045, -0.00000003, 0.00000013, 0.00000017, 0.00000015, 0.00000011, 0.00000007, 0.00000004, 0.00000002, -0.00000000, -0.00000001, -0.00000001, -0.00000000, 0.00000001, 0.00000001, 0.00000001, 0.00000000, -0.00000001, -0.00000000, 0.00000000
0.00085821, 0.00043994, 0.00024284, 0.00012761, 0.00005187, -0.00000216, -0.00004341, -0.00007595, -0.00010224, -0.00012407, -0.00014270, -0.00015895, -0.00017332, -0.00018615, -0.00019766, -0.00020807, -0.00021754, -0.00022621, -0.00023422, -0.00026104, -0.00028113, -0.00029499, -0.00030273, -0.00030444, -0.00030016, -0.00029007, -0.00027460, -0.00025451, -0.00023083, -0.00020480, -0.00017768, -0.00015068, -0.00012483, -0.00010094, -0.00007959, -0.00006111, -0.00004561, -0.00003303, -0.00002315, -0.00001567, -0.00001022, -0.00000642, -0.00000388, -0.00000227, -0.00000129, -0.00000074, -0.00000042, -0.00000023, -0.00000011, -0.00000002, 0.00000004, 0.00000008, 0.00000008, 0.00000006, 0.00000001, -0.00000003, -0.00000006, -0.00000006, -0.00000003, 0.00000001, 0.00000004, 0.00000004, -0.00000001, 0.00000000
0.00058474, 0.00030173, 0.00017205, 0.00009851, 0.00005166, 0.00001931, -0.00000456, -0.00002276, -0.00003697, -0.00004835, -0.00005773, -0.00006562, -0.00007236, -0.00007817, -0.00008323, -0.00008766, -0.00009158, -0.00009510, -0.00009828, -0.00010876, -0.00011703, -0.00012386, -0.00012952, -0.00013397, -0.00013698, -0.00013822, -0.00013739, -0.00013429, -0.00012887, -0.00012127, -0.00011177, -0.00010079, -0.00008884, -0.00007646, -0.00006418, -0.00005248, -0.00004173, -0.00003223, -0.00002412, -0.00001746, -0.00001219, -0.00000819, -0.00000528, -0.00000326, -0.00000193, -0.00000110, -0.00000060, -0.00000032, -0.00000016, -0.00000007, -0.00000001, 0.00000002, 0.00000004, 0.00000003, 0.00000002, -0.00000001, -0.00000003, -0.00000004, -0.00000002, 0.00000000, 0.00000002, 0.00000002, -0.00000000, 0.00000000
0.00051169, 0.00029150, 0.00018492, 0.00012104, 0.00007817, 0.00004705, 0.00002293, 0.00000372, -0.00001185, -0.00002480, -0.00003584, -0.00004546, -0.00005394, -0.00006148, -0.00006821, -0.00007426, -0.00007974, -0.00008474, -0.00008936, -0.00010506, -0.00011760, -0.00012747, -0.00013477, -0.00013940, -0.00014114, -0.00013974, -0.00013512, -0.00012745, -0.00011718, -0.00010496, -0.00009155, -0.00007774, -0.00006422, -0.00005157, -0.00004021, -0.00003040, -0.00002224, -0.00001570, -0.00001067, -0.00000697, -0.00000437, -0.00000263, -0.00000153, -0.00000088, -0.00000052, -0.00000032, -0.00000021, -0.00000013, -0.00000006, -0.00000000, 0.00000004, 0.00000007, 0.00000007, 0.00000004, 0.00000001, -0.00000003, -0.00000005, -0.00000005, -0.00000002, 0.00000001, 0.00000003, 0.00000003, -0.00000000, 0.00000000
-0.00048978, -0.00031808, -0.00024185, -0.00020002, -0.00017461, -0.00015793, -0.00014614, -0.00013768, -0.00013159, -0.00012708, -0.00012364, -0.00012095, -0.00011884, -0.00011723, -0.00011603, -0.00011517, -0.00011460, -0.00011423, -0.00011403, -0.00011426, -0.00011550, -0.00011726, -0.00011891, -0.00011980, -0.00011946, -0.00011756, -0.00011392, -0.00010845, -0.00010122, -0.00009245, -0.00008251, -0.00007186, -0.00006099, -0.00005041, -0.00004053, -0.00003166, -0.00002400, -0.00001762, -0.00001251, -0.00000857, -0.00000565, -0.00000358, -0.00000216, -0.00000125, -0.00000069, -0.00000036, -0.00000018, -0.00000008, -0.00000003, -0.00000001, 0.00000000, 0.00000001, 0.00000001, 0.00000000, -0.00000000, -0.00000001, -0.00000001, -0.00000001, -0.00000000, 0.00000000, 0.00000001, 0.00000000, -0.00000000, 0.00000000
-0.00228815, -0.00147725, -0.00110952, -0.00090312, -0.00077419, -0.00068713, -0.00062391, -0.00057702, -0.00054183, -0.00051475, -0.00049324, -0.00047579, -0.00046154, -0.00044996, -0.00044064, -0.00043322, -0.00042734, -0.00042269, -0.00041901, -0.00041040, -0.00040730, -0.00040644, -0.00040476, -0.00039976, -0.00038995, -0.00037479, -0.00035435, -0.00032909, -0.00029979, -0.00026751, -0.00023352, -0.00019919, -0.00016587, -0.00013471, -0.00010661, -0.00008215, -0.00006157, -0.00004484, -0.00003167, -0.00002167, -0.00001432, -0.00000911, -0.00000555, -0.00000322, -0.00000175, -0.00000088, -0.00000039, -0.00000015, -0.00000005, -0.00000002, -0.00000003, -0.00000005, -0.00000005, -0.00000004, -0.00000002, 0.00000001, 0.00000003, 0.00000004, 0.00000003, 0.00000000, -0.00000002, -0.00000003, -0.00000000, 0.00000000
-0.00284610, -0.00181906, -0.00134471, -0.00107291, -0.00089898, -0.00077828, -0.00068814, -0.00061908, -0.00056525, -0.00052206, -0.00048627, -0.00045591, -0.00042985, -0.00040739, -0.00038801, -0.00037121, -0.00035655, -0.00034363, -0.00033212, -0.00029573, -0.00026983, -0.00025115, -0.00023681, -0.00022436, -0.00021229, -0.00019988, -0.00018676, -0.00017266, -0.00015745, -0.00014113, -0.00012399, -0.00010648, -0.00008922, -0.00007280, -0.00005779, -0.00004456, -0.00003334, -0.00002416, -0.00001692, -0.00001141, -0.00000737, -0.00000451, -0.00000257, -0.00000130, -0.00000053, -0.00000010, 0.00000010, 0.00000015, 0.00000012, 0.00000005, -0.00000002, -0.00000007, -0.00000009, -0.00000007, -0.00000002, 0.00000003, 0.00000007, 0.00000008, 0.00000005, -0.00000000, -0.00000005, -0.00000005, 0.00000000, 0.00000000
0.00123840, 0.00071516, 0.00047072, 0.00032897, 0.00023660, 0.00017122, 0.00012161, 0.00008273, 0.00005153, 0.00002576, 0.00000385, -0.00001521, -0.00003202, -0.00004700, -0.00006046, -0.00007264, -0.00008378, -0.00009406, -0.00010364, -0.00013703, -0.00016500, -0.00018881, -0.00020893, -0.00022536, -0.00023775, -0.00024557, -0.00024840, -0.00024605, -0.00023863, -0.00022654, -0.00021046, -0.00019126, -0.00016992, -0.00014749, -0.00012497, -0.00010326, -0.00008310, -0.00006506, -0.00004946, -0.00003645, -0.00002599, -0.00001789, -0.00001187, -0.00000758, -0.00000465, -0.00000275, -0.00000157, -0.00000086, -0.00000045, -0.00000020, -0.00000006, 0.00000003, 0.00000006, 0.00000006, 0.00000003, -0.00000002, -0.00000005, -0.00000006, -0.00000004, 0.00000000, 0.00000004, 0.00000004, -0.00000000, 0.00000000
0.00036680, 0.00014280, 0.00003781, -0.00002325, -0.00006337, -0.00009197, -0.00011379, -0.00013106, -0.00014509, -0.00015680, -0.00016684, -0.00017565, -0.00018353, -0.00019066, -0.00019718, -0.00020319, -0.00020877, -0.00021400, -0.00021894, -0.00023661, -0.00025175, -0.00026430, -0.00027368, -0.00027922, -0.00028027, -0.00027635, -0.00026723, -0.00025305, -0.00023439, -0.00021214, -0.00018747, -0.00016162, -0.00013583, -0.00011117, -0.00008850, -0.00006845, -0.00005133, -0.00003726, -0.00002611, -0.00001762, -0.00001141, -0.00000709, -0.00000422, -0.00000241, -0.00000134, -0.00000074, -0.00000041, -0.00000022, -0.00000010, -0.00000001, 0.00000005, 0.00000008, 0.00000008, 0.00000006, 0.00000001, -0.00000004, -0.00000007, -0.00000007, -0.00000003, 0.00000001, 0.00000005, 0.00000004, -0.00000001, 0.00000000
-0.00296266, -0.00185990, -0.00135836, -0.00107564, -0.00089765, -0.00077621, -0.00068699, -0.00061971, -0.00056812, -0.00052742, -0.00049420, -0.00046642, -0.00044291, -0.00042296, -0.00040601, -0.00039160, -0.00037927, -0.00036861, -0.00035929, -0.00033097, -0.00031209, -0.00029955, -0.00029056, -0.00028261, -0.00027415, -0.00026446, -0.00025314, -0.00023994, -0.00022466, -0.00020728, -0.00018802, -0.00016739, -0.00014603, -0.00012473, -0.00010422, -0.00008512, -0.00006790, -0.00005286, -0.00004010, -0.00002958, -0.00002115, -0.00001461, -0.00000968, -0.00000611, -0.00000363, -0.00000200, -0.00000100, -0.00000046, -0.00000021, -0.00000014, -0.00000014, -0.00000016, -0.00000014, -0.00000010, -0.00000002, 0.00000005, 0.00000010, 0.00000010, 0.00000006, -0.00000001, -0.00000007, -0.00000006, 0.00000001, 0.00000000
-0.00062729, -0.00045892, -0.00038294, -0.00034042, -0.00031420, -0.00029674, -0.00028409, -0.00027487, -0.00026817, -0.00026318, -0.00025931, -0.00025624, -0.00025383, -0.00025200, -0.00025071, -0.00024987, -0.00024941, -0.00024927, -0.00024937, -0.00025150, -0.00025566, -0.00026125, -0.00026714, -0.00027207, -0.00027496, -0.00027496, -0.00027144, -0.00026393, -0.00025223, -0.00023647, -0.00021713, -0.00019500, -0.00017108, -0.00014650, -0.00012230, -0.00009944, -0.00007865, -0.00006043, -0.00004501, -0.00003244, -0.00002256, -0.00001509, -0.00000968, -0.00000592, -0.00000345, -0.00000190, -0.00000100, -0.00000050, -0.00000025, -0.00000012, -0.00000005, -0.00000002, 0.00000000, 0.00000001, 0.00000001, 0.00000000, -0.00000001, -0.00000001, -0.00000001, -0.00000000, 0.00000001, 0.00000001, -0.00000000, 0.00000000
-0.00284947, -0.00176570, -0.00127173, -0.00099257, -0.00081620, -0.00069536, -0.00060625, -0.00053872, -0.00048662, -0.00044522, -0.00041123, -0.00038262, -0.00035823, -0.00033735, -0.00031944, -0.00030400, -0.00029060, -0.00027884, -0.00026840, -0.00023548, -0.00021191, -0.00019468, -0.00018127, -0.00016955, -0.00015834, -0.00014717, -0.00013589, -0.00012438, -0.00011255, -0.00010037, -0.00008795, -0.00007553, -0.00006345, -0.00005208, -0.00004173, -0.00003263, -0.00002490, -0.00001853, -0.00001344, -0.00000948, -0.00000648, -0.00000426, -0.00000266, -0.00000154, -0.00000079, -0.00000032, -0.00000006, 0.00000004, 0.00000005, -0.00000000, -0.00000007, -0.00000011, -0.00000012, -0.00000009, -0.00000003, 0.00000004, 0.00000009, 0.00000009, 0.00000006, -0.00000001, -0.00000006, -0.00000006, 0.00000000, 0.00000000
-0.00159703, -0.00102174, -0.00076228, -0.00061748, -0.00052746, -0.00046691, -0.00042311, -0.00039070, -0.00036642, -0.00034774, -0.00033290, -0.00032084, -0.00031098, -0.00030295, -0.00029646, -0.00029126, -0.00028712, -0.00028383, -0.00028119, -0.00027498, -0.00027289, -0.00027282, -0.00027276, -0.00027093, -0.00026621, -0.00025806, -0.00024635, -0.00023118, -0.00021292, -0.00019215, -0.00016968, -0.00014644, -0.00012339, -0.00010141, -0.00008123, -0.00006336, -0.00004807, -0.00003543, -0.00002533, -0.00001754, -0.00001172, -0.00000754, -0.00000465, -0.00000273, -0.00000151, -0.00000078, -0.00000037, -0.00000015, -0.00000006, -0.00000003, -0.00000003, -0.00000003, -0.00000003, -0.00000002, -0.00000001, 0.00000000, 0.00000002, 0.00000002, 0.00000002, 0.00000000, -0.00000001, -0.00000001, -0.00000000, 0.00000000
-0.00073100, -0.00052924, -0.00044113, -0.00039393, -0.00036642, -0.00034947, -0.00033837, -0.00033132, -0.00032719, -0.00032503, -0.00032416, -0.00032419, -0.00032491, -0.00032620, -0.00032795, -0.00033005, -0.00033241, -0.00033491, -0.00033748, -0.00034718, -0.00035416, -0.00035691, -0.00035421, -0.00034537, -0.00033033, -0.00030967, -0.00028434, -0.00025559, -0.00022478, -0.00019329, -0.00016240, -0.00013323, -0.00010665, -0.00008322, -0.00006324, -0.00004676, -0.00003359, -0.00002342, -0.00001582, -0.00001034, -0.00000652, -0.00000397, -0.00000232, -0.00000130, -0.00000069, -0.00000034, -0.00000015, -0.00000006, -0.00000001, 0.00000000, 0.00000000, -0.00000001, -0.00000001, -0.00000001, -0.00000001, -0.00000000, 0.00000001, 0.00000001, 0.00000001, 0.00000000, -0.00000001, -0.00000001, -0.00000000, 0.00000000
-0.00213801, -0.00140125, -0.00106388, -0.00087260, -0.00075188, -0.00066950, -0.00060902, -0.00056366, -0.00052925, -0.00050244, -0.00048089, -0.00046318, -0.00044851, -0.00043640, -0.00042647, -0.00041837, -0.00041178, -0.00040638, -0.00040194, -0.00039026, -0.00038434, -0.00038117, -0.00037800, -0.00037251, -0.00036331, -0.00034989, -0.00033220, -0.00031049, -0.00028525, -0.00025721, -0.00022732, -0.00019667, -0.00016640, -0.00013756, -0.00011102, -0.00008740, -0.00006706, -0.00005009, -0.00003637, -0.00002562, -0.00001747, -0.00001149, -0.00000725, -0.00000436, -0.00000247, -0.00000130, -0.00000063, -0.00000027, -0.00000012, -0.00000007, -0.00000006, -0.00000007, -0.00000007, -0.00000005, -0.00000002, 0.00000002, 0.00000004, 0.00000005, 0.00000003, -0.00000000, -0.00000003, -0.00000003, 0.00000000, 0.00000000
-0.00228816, -0.00143690, -0.00105357, -0.00083992, -0.00070720, -0.00061797, -0.00055344, -0.00050570, -0.00046988, -0.00044227, -0.00042030, -0.00040242, -0.00038775, -0.00037577, -0.00036605, -0.00035824, -0.00035198, -0.00034697, -0.00034295, -0.00033356, -0.00033110, -0.00033277, -0.00033573, -0.00033736, -0.00033587, -0.00033019, -0.00031974, -0.00030429, -0.00028400, -0.00025946, -0.00023165, -0.00020185, -0.00017147, -0.00014187, -0.00011422, -0.00008939, -0.00006794, -0.00005007, -0.00003573, -0.00002463, -0.00001636, -0.00001043, -0.00000636, -0.00000369, -0.00000202, -0.00000103, -0.00000048, -0.00000020, -0.00000008, -0.00000003, -0.00000002, -0.00000002, -0.00000003, -0.00000002, -0.00000001, -0.00000000, 0.00000001, 0.00000002, 0.00000002, 0.00000001, -0.00000001, -0.00000001, -0.00000000, 0.00000000
-0.00175845, -0.00112916, -0.00084037, -0.00067584, -0.00057108, -0.00049869, -0.00044475, -0.00040350, -0.00037139, -0.00034564, -0.00032428, -0.00030613, -0.00029052, -0.00027705, -0.00026540, -0.00025529, -0.00024646, -0.00023867, -0.00023172, -0.00020970, -0.00019410, -0.00018314, -0.00017512, -0.00016851, -0.00016228, -0.00015590, -0.00014898, -0.00014120, -0.00013227, -0.00012206, -0.00011062, -0.00009821, -0.00008525, -0.00007225, -0.00005970, -0.00004804, -0.00003759, -0.00002856, -0.00002102, -0.00001493, -0.00001020, -0.00000664, -0.00000409, -0.00000233, -0.00000119, -0.00000051, -0.00000015, 0.00000001, 0.00000004, 0.00000002, -0.00000002, -0.00000005, -0.00000006, -0.00000004, -0.00000001, 0.00000003, 0.00000005, 0.00000005, 0.00000003, -0.00000001, -0.00000003, -0.00000003, 0.00000000, 0.00000000
0.00052041, 0.00028582, 0.00017242, 0.00010456, 0.00005895, 0.00002579, 0.00000017, -0.00002025, -0.00003688, -0.00005072, -0.00006248, -0.00007265, -0.00008156, -0.00008944, -0.00009646, -0.00010276, -0.00010846, -0.00011366, -0.00011844, -0.00013462, -0.00014803, -0.00016005, -0.00017113, -0.00018118, -0.00018979, -0.00019633, -0.00020012, -0.00020051, -0.00019704, -0.00018953, -0.00017815, -0.00016341, -0.00014609, -0.00012716, -0.00010762, -0.00008847, -0.00007053, -0.00005443, -0.00004057, -0.00002915, -0.00002012, -0.00001330, -0.00000840, -0.00000505, -0.00000290, -0.00000160, -0.00000086, -0.00000045, -0.00000023, -0.00000010, -0.00000001, 0.00000004, 0.00000007, 0.00000007, 0.00000003, -0.00000002, -0.00000006, -0.00000007, -0.00000005, 0.00000000, 0.00000005, 0.00000004, -0.00000001, 0.00000000
-0.00381422, -0.00237062, -0.00170948, -0.00133405, -0.00109583, -0.00093194, -0.00081062, -0.00071842, -0.00064712, -0.00059037, -0.00054372, -0.00050443, -0.00047094, -0.00044228, -0.00041770, -0.00039657, -0.00037825, -0.00036223, -0.00034803, -0.00030371, -0.00027270, -0.00025095, -0.00023501, -0.00022194, -0.00021004, -0.00019854, -0.00018705, -0.00017516, -0.00016246, -0.00014869, -0.00013381, -0.00011806, -0.00010192, -0.00008596, -0.00007077, -0.00005683, -0.00004447, -0.00003389, -0.00002511, -0.00001805, -0.00001252, -0.00000833, -0.00000526, -0.00000309, -0.00000163, -0.00000072, -0.00000022, 0.00000000, 0.00000004, -0.00000001, -0.00000009, -0.00000015, -0.00000016, -0.00000011, -0.00000003, 0.00000006, 0.00000012, 0.00000013, 0.00000007, -0.00000001, -0.00000008, -0.00000007, 0.00000001, 0.00000000
0.00038128, 0.00023713, 0.00016627, 0.00012305, 0.00009354, 0.00007178, 0.00005462, 0.00004074, 0.00002929, 0.00001963, 0.00001128, 0.00000392, -0.00000263, -0.00000850, -0.00001379, -0.00001858, -0.00002295, -0.00002696, -0.00003068, -0.00004338, -0.00005372, -0.00006232, -0.00006945, -0.00007518, -0.00007940, -0.00008189, -0.00008246, -0.00008099, -0.00007755, -0.00007234, -0.00006572, -0.00005810, -0.00004995, -0.00004173, -0.00003384, -0.00002659, -0.00002021, -0.00001483, -0.00001048, -0.00000710, -0.00000462, -0.00000287, -0.00000171, -0.00000099, -0.00000057, -0.00000034, -0.00000021, -0.00000013, -0.00000007, -0.00000002, 0.00000003, 0.00000005, 0.00000006, 0.00000004, 0.00000001, -0.00000002, -0.00000005, -0.00000005, -0.00000003, 0.00000001, 0.00000003, 0.00000003, -0.00000000, 0.00000000
0.00154337, 0.00089095, 0.00058710, 0.00041146, 0.00029746, 0.00021713, 0.00015639, 0.00010899, 0.00007115, 0.00004007, 0.00001375, -0.00000905, -0.00002911, -0.00004693, -0.00006287, -0.00007726, -0.00009036, -0.00010241, -0.00011362, -0.00015261, -0.00018521, -0.00021284, -0.00023595, -0.00025453, -0.00026813, -0.00027612, -0.00027800, -0.00027363, -0.00026326, -0.00024757, -0.00022751, -0.00020425, -0.00017906, -0.00015319, -0.00012778, -0.00010381, -0.00008204, -0.00006296, -0.00004685, -0.00003373, -0.00002346, -0.00001573, -0.00001015, -0.00000632, -0.00000380, -0.00000222, -0.00000126, -0.00000070, -0.00000036, -0.00000014, -0.00000000, 0.00000008, 0.00000011, 0.00000009, 0.00000004, -0.00000003, -0.00000009, -0.00000010, -0.00000006, 0.00000001, 0.00000006, 0.00000006, -0.00000001, 0.00000000
-0.00074976, -0.00047980, -0.00035947, -0.00029318, -0.00025266, -0.00022589, -0.00020683, -0.00019301, -0.00018291, -0.00017534, -0.00016945, -0.00016476, -0.00016100, -0.00015803, -0.00015572, -0.00015396, -0.00015265, -0.00015170, -0.00015101, -0.00015001, -0.00015087, -0.00015297, -0.00015547, -0.00015747, -0.00015829, -0.00015745, -0.00015459, -0.00014945, -0.00014193, -0.00013213, -0.00012035, -0.00010711, -0.00009303, -0.00007877, -0.00006496, -0.00005212, -0.00004064, -0.00003075, -0.00002254, -0.00001597, -0.00001090, -0.00000715, -0.00000449, -0.00000269, -0.00000152, -0.00000081, -0.00000041, -0.00000019, -0.00000009, -0.00000004, -0.00000002, -0.00000001, -0.00000000, 0.00000000, 0.00000000, 0.00000000, -0.00000000, -0.00000000, -0.00000000, 0.00000000, 0.00000000, 0.00000000, -0.00000000, 0.00000000
0.00125743, 0.00072515, 0.00047983, 0.00033983, 0.00025036, 0.00018840, 0.00014243, 0.00010733, 0.00008000, 0.00005814, 0.00004015, 0.00002501, 0.00001211, 0.00000105, -0.00000849, -0.00001674, -0.00002395, -0.00003031, -0.00003598, -0.00005397, -0.00006714, -0.00007715, -0.00008495, -0.00009109, -0.00009568, -0.00009855, -0.00009949, -0.00009835, -0.00009516, -0.00009008, -0.00008338, -0.00007542, -0.00006662, -0.00005739, -0.00004817, -0.00003932, -0.00003116, -0.00002393, -0.00001776, -0.00001271, -0.00000875, -0.00000578, -0.00000367, -0.00000224, -0.00000132, -0.00000077, -0.00000045, -0.00000026, -0.00000013, -0.00000005, 0.00000002, 0.00000006, 0.00000007, 0.00000006, 0.00000002, -0.00000002, -0.00000006, -0.00000006, -0.00000004, 0.00000000, 0.00000004, 0.00000004, -0.00000000, 0.00000000
-0.00276589, -0.00172999, -0.00125674, -0.00098844, -0.00081848, -0.00070170, -0.00061530, -0.00054966, -0.00049893, -0.00045854, -0.00042531, -0.00039730, -0.00037339, -0.00035290, -0.00033530, -0.00032014, -0.00030698, -0.00029543, -0.00028517, -0.00025284, -0.00022961, -0.00021239, -0.00019853, -0.00018582, -0.00017303, -0.00015973, -0.00014587, -0.00013150, -0.00011672, -0.00010171, -0.00008678, -0.00007231, -0.00005874, -0.00004644, -0.00003570, -0.00002666, -0.00001934, -0.00001363, -0.00000932, -0.00000617, -0.00000395, -0.00000241, -0.00000137, -0.00000069, -0.00000026, -0.00000001, 0.00000011, 0.00000014, 0.00000010, 0.00000003, -0.00000004, -0.00000010, -0.00000011, -0.00000009, -0.00000003, 0.00000003, 0.00000008, 0.00000009, 0.00000006, -0.00000000, -0.00000006, -0.00000006, 0.00000000, 0.00000000
-0.00140335, -0.00086229, -0.00061875, -0.00048287, -0.00039823, -0.00034108, -0.00029951, -0.00026849, -0.00024493, -0.00022651, -0.00021162, -0.00019926, -0.00018889, -0.00018017, -0.00017284, -0.00016667, -0.00016145, -0.00015699, -0.00015314, -0.00014181, -0.00013482, -0.00013073, -0.00012813, -0.00012577, -0.00012281, -0.00011881, -0.00011352, -0.00010683, -0.00009874, -0.00008940, -0.00007911, -0.00006831, -0.00005746, -0.00004703, -0.00003743, -0.00002893, -0.00002170, -0.00001578, -0.00001110, -0.00000754, -0.00000493, -0.00000309, -0.00000184, -0.00000103, -0.00000052, -0.00000023, -0.00000008, -0.00000001, 0.00000001, 0.00000000, -0.00000001, -0.00000003, -0.00000004, -0.00000003, -0.00000001, 0.00000001, 0.00000002, 0.00000003, 0.00000002, 0.00000000, -0.00000002, -0.00000002, 0.00000000, 0.00000000
-0.00008115, -0.00009175, -0.00009781, -0.00010191, -0.00010525, -0.00010802, -0.00011030, -0.00011235, -0.00011425, -0.00011595, -0.00011744, -0.00011876, -0.00011996, -0.00012108, -0.00012214, -0.00012317, -0.00012414, -0.00012507, -0.00012594, -0.00012912, -0.00013233, -0.00013599, -0.00013996, -0.00014384, -0.00014718, -0.00014945, -0.00015004, -0.00014832, -0.00014385, -0.00013643, -0.00012622, -0.00011367, -0.00009949, -0.00008450, -0.00006955, -0.00005537, -0.00004256, -0.00003150, -0.00002239, -0.00001523, -0.00000986, -0.00000606, -0.00000353, -0.00000194, -0.00000103, -0.00000054, -0.00000029, -0.00000016, -0.00000008, -0.00000001, 0.00000005, 0.00000009, 0.00000009, 0.00000007, 0.00000002, -0.00000004, -0.00000007, -0.00000007, -0.00000004, 0.00000001, 0.00000005, 0.00000004, -0.00000001, 0.00000000
0.00054354, 0.00024346, 0.00010454, 0.00002467, -0.00002711, -0.00006358, -0.00009111, -0.00011267, -0.00013003, -0.00014440, -0.00015665, -0.00016735, -0.00017685, -0.00018541, -0.00019318, -0.00020030, -0.00020689, -0.00021304, -0.00021883, -0.00023945, -0.00025703, -0.00027163, -0.00028276, -0.00028979, -0.00029206, -0.00028906, -0.00028051, -0.00026657, -0.00024780, -0.00022512, -0.00019973, -0.00017293, -0.00014600, -0.00012009, -0.00009612, -0.00007478, -0.00005644, -0.00004125, -0.00002913, -0.00001982, -0.00001297, -0.00000814, -0.00000490, -0.00000284, -0.00000160, -0.00000089, -0.00000049, -0.00000027, -0.00000013, -0.00000002, 0.00000005, 0.00000009, 0.00000010, 0.00000007, 0.00000002, -0.00000004, -0.00000007, -0.00000007, -0.00000004, 0.00000001, 0.00000005, 0.00000004, -0.00000001, 0.00000000
-0.00156717, -0.00098030, -0.00071421, -0.00056460, -0.00047070, -0.00040686, -0.00036008, -0.00032490, -0.00029801, -0.00027684, -0.00025958, -0.00024513, -0.00023288, -0.00022244, -0.00021353, -0.00020589, -0.00019928, -0.00019347, -0.00018830, -0.00017155, -0.00015844, -0.00014741, -0.00013717, -0.00012676, -0.00011578, -0.00010433, -0.00009266, -0.00008108, -0.00006981, -0.00005905, -0.00004898, -0.00003976, -0.00003155, -0.00002444, -0.00001848, -0.00001364, -0.00000983, -0.00000693, -0.00000479, -0.00000324, -0.00000214, -0.00000137, -0.00000084, -0.00000046, -0.00000021, -0.00000005, 0.00000003, 0.00000006, 0.00000004, 0.00000000, -0.00000004, -0.00000007, -0.00000008, -0.00000006, -0.00000002, 0.00000002, 0.00000005, 0.00000006, 0.00000004, -0.00000000, -0.00000004, -0.00000004, 0.00000000, 0.00000000
-0.00092091, -0.00057230, -0.00041749, -0.00033264, -0.00028109, -0.00024733, -0.00022359, -0.00020661, -0.00019441, -0.00018546, -0.00017869, -0.00017345, -0.00016941, -0.00016634, -0.00016409, -0.00016250, -0.00016145, -0.00016080, -0.00016046, -0.00016074, -0.00016218, -0.00016375, -0.00016444, -0.00016339, -0.00016012, -0.00015451, -0.00014666, -0.00013678, -0.00012518, -0.00011229, -0.00009860, -0.00008467, -0.00007102, -0.00005815, -0.00004643, -0.00003612, -0.00002736, -0.00002015, -0.00001441, -0.00000999, -0.00000669, -0.00000432, -0.00000268, -0.00000158, -0.00000088, -0.00000045, -0.00000021, -0.00000009, -0.00000003, -0.00000002, -0.00000002, -0.00000002, -0.00000002, -0.00000002, -0.00000001, 0.00000001, 0.00000002, 0.00000002, 0.00000001, 0.00000000, -0.00000001, -0.00000001, -0.00000000, 0.00000000
-0.00147724, -0.00092030, -0.00067238, -0.00053589, -0.00045223, -0.00039684, -0.00035736, -0.00032858, -0.00030733, -0.00029124, -0.00027863, -0.00026851, -0.00026032, -0.00025371, -0.00024843, -0.00024423, -0.00024091, -0.00023828, -0.00023616, -0.00023080, -0.00022793, -0.00022582, -0.00022290, -0.00021789, -0.00021013, -0.00019947, -0.00018616, -0.00017058, -0.00015329, -0.00013491, -0.00011615, -0.00009772, -0.00008025, -0.00006429, -0.00005020, -0.00003817, -0.00002826, -0.00002034, -0.00001423, -0.00000966, -0.00000635, -0.00000403, -0.00000246, -0.00000143, -0.00000077, -0.00000038, -0.00000016, -0.00000005, -0.00000001, -0.00000001, -0.00000002, -0.00000004, -0.00000004, -0.00000004, -0.00000002, 0.00000001, 0.00000003, 0.00000004, 0.00000002, -0.00000000, -0.00000002, -0.00000002, 0.00000000, 0.00000000
-0.00342799, -0.00215963, -0.00157925, -0.00124990, -0.00104115, -0.00089774, -0.00079169, -0.00071120, -0.00064906, -0.00059967, -0.00055911, -0.00052499, -0.00049595, -0.00047113, -0.00044990, -0.00043169, -0.00041595, -0.00040222, -0.00039009, -0.00035238, -0.00032601, -0.00030697, -0.00029179, -0.00027756, -0.00026259, -0.00024623, -0.00022832, -0.00020888, -0.00018806, -0.00016621, -0.00014385, -0.00012165, -0.00010036, -0.00008067, -0.00006311, -0.00004802, -0.00003551, -0.00002551, -0.00001777, -0.00001200, -0.00000782, -0.00000489, -0.00000290, -0.00000158, -0.00000076, -0.00000027, -0.00000002, 0.00000007, 0.00000007, 0.00000001, -0.00000006, -0.00000011, -0.00000013, -0.00000010, -0.00000004, 0.00000003, 0.00000009, 0.00000010, 0.00000006, -0.00000000, -0.00000006, -0.00000006, 0.00000000, 0.00000000
-0.00141162, -0.00090175, -0.00067226, -0.00054441, -0.00046506, -0.00041172, -0.00037313, -0.00034456, -0.00032311, -0.00030655, -0.00029332, -0.00028251, -0.00027360, -0.00026628, -0.00026030, -0.00025545, -0.00025153, -0.00024834, -0.00024575, -0.00023936, -0.00023719, -0.00023762, -0.00023887, -0.00023929, -0.00023769, -0.00023329, -0.00022565, -0.00021457, -0.00020012, -0.00018271, -0.00016301, -0.00014193, -0.00012045, -0.00009954, -0.00008002, -0.00006250, -0.00004738, -0.00003480, -0.00002473, -0.00001696, -0.00001119, -0.00000709, -0.00000429, -0.00000247, -0.00000134, -0.00000068, -0.00000032, -0.00000014, -0.00000005, -0.00000002, -0.00000000, 0.00000000, -0.00000000, -0.00000000, -0.00000001, -0.00000001, -0.00000000, 0.00000000, 0.00000000, 0.00000001, 0.00000000, -0.00000000, -0.00000000, 0.00000000
-0.00096051, -0.00063434, -0.00049085, -0.00041299, -0.00036620, -0.00033590, -0.00031481, -0.00029994, -0.00028944, -0.00028190, -0.00027633, -0.00027217, -0.00026914, -0.00026704, -0.00026574, -0.00026512, -0.00026504, -0.00026540, -0.00026610, -0.00027109, -0.00027820, -0.00028617, -0.00029339, -0.00029830, -0.00029968, -0.00029675, -0.00028906, -0.00027649, -0.00025927, -0.00023801, -0.00021364, -0.00018732, -0.00016027, -0.00013370, -0.00010866, -0.00008593, -0.00006605, -0.00004927, -0.00003561, -0.00002488, -0.00001676, -0.00001086, -0.00000674, -0.00000400, -0.00000226, -0.00000122, -0.00000062, -0.00000030, -0.00000014, -0.00000005, -0.00000001, 0.00000001, 0.00000002, 0.00000001, 0.00000000, -0.00000001, -0.00000002, -0.00000002, -0.00000001, 0.00000001, 0.00000001, 0.00000001, -0.00000000, 0.00000000
0.00249605, 0.00144453, 0.00096154, 0.00068625, 0.00051018, 0.00038788, 0.00029655, 0.00022616, 0.00017068, 0.00012562, 0.00008783, 0.00005536, 0.00002705, 0.00000219, -0.00001977, -0.00003929, -0.00005678, -0.00007258, -0.00008702, -0.00013469, -0.00017019, -0.00019539, -0.00021163, -0.00022016, -0.00022175, -0.00021695, -0.00020643, -0.00019119, -0.00017248, -0.00015170, -0.00013017, -0.00010901, -0.00008909, -0.00007102, -0.00005517, -0.00004168, -0.00003055, -0.00002167, -0.00001483, -0.00000976, -0.00000616, -0.00000375, -0.00000221, -0.00000131, -0.00000080, -0.00000053, -0.00000037, -0.00000025, -0.00000013, -0.00000002, 0.00000008, 0.00000014, 0.00000015, 0.00000011, 0.00000003, -0.00000005, -0.00000011, -0.00000011, -0.00000006, 0.00000001, 0.00000007, 0.00000007, -0.00000001, 0.00000000
-0.00210457, -0.00130824, -0.00095087, -0.00075237, -0.00062960, -0.00054754, -0.00048852, -0.00044509, -0.00041275, -0.00038803, -0.00036850, -0.00035270, -0.00033980, -0.00032927, -0.00032074, -0.00031386, -0.00030829, -0.00030375, -0.00029999, -0.00028946, -0.00028229, -0.00027589, -0.00026815, -0.00025750, -0.00024335, -0.00022592, -0.00020585, -0.00018394, -0.00016102, -0.00013793, -0.00011547, -0.00009436, -0.00007517, -0.00005833, -0.00004404, -0.00003235, -0.00002310, -0.00001604, -0.00001082, -0.00000710, -0.00000451, -0.00000277, -0.00000162, -0.00000088, -0.00000042, -0.00000014, 0.00000000, 0.00000006, 0.00000005, 0.00000001, -0.00000004, -0.00000008, -0.00000009, -0.00000007, -0.00000003, 0.00000002, 0.00000006, 0.00000007, 0.00000005, -0.00000000, -0.00000005, -0.00000004, 0.00000000, 0.00000000
-0.00168359, -0.00099650, -0.00069105, -0.00052308, -0.00042009, -0.00035182, -0.00030314, -0.00026754, -0.00024113, -0.00022099, -0.00020511, -0.00019226, -0.00018174, -0.00017313, -0.00016610, -0.00016038, -0.00015571, -0.00015186, -0.00014863, -0.00013961, -0.00013404, -0.00013021, -0.00012668, -0.00012229, -0.00011647, -0.00010917, -0.00010059, -0.00009104, -0.00008082, -0.00007027, -0.00005974, -0.00004958, -0.00004013, -0.00003165, -0.00002432, -0.00001819, -0.00001326, -0.00000942, -0.00000653, -0.00000441, -0.00000290, -0.00000184, -0.00000112, -0.00000063, -0.00000031, -0.00000011, -0.00000000, 0.00000004, 0.00000003, 0.00000000, -0.00000004, -0.00000006, -0.00000007, -0.00000005, -0.00000002, 0.00000002, 0.00000005, 0.00000006, 0.00000003, -0.00000000, -0.00000004, -0.00000003, 0.00000000, 0.00000000
-0.00127537, -0.00087737, -0.00069428, -0.00058967, -0.00052316, -0.00047729, -0.00044314, -0.00041717, -0.00039716, -0.00038126, -0.00036820, -0.00035722, -0.00034790, -0.00034002, -0.00033336, -0.00032776, -0.00032303, -0.00031901, -0.00031555, -0.00030558, -0.00029973, -0.00029625, -0.00029326, -0.00028906, -0.00028246, -0.00027278, -0.00025969, -0.00024316, -0.00022344, -0.00020111, -0.00017699, -0.00015208, -0.00012741, -0.00010396, -0.00008250, -0.00006359, -0.00004754, -0.00003440, -0.00002404, -0.00001618, -0.00001045, -0.00000644, -0.00000377, -0.00000208, -0.00000107, -0.00000050, -0.00000021, -0.00000007, -0.00000001, 0.00000001, 0.00000001, 0.00000001, 0.00000000, -0.00000000, -0.00000001, -0.00000001, -0.00000000, 0.00000000, 0.00000001, 0.00000001, 0.00000000, -0.00000000, -0.00000000, 0.00000000
-0.00114098, -0.00073449, -0.00055497, -0.00045722, -0.00039827, -0.00036008, -0.00033349, -0.00031473, -0.00030150, -0.00029201, -0.00028503, -0.00027980, -0.00027590, -0.00027308, -0.00027114, -0.00026991, -0.00026922, -0.00026892, -0.00026888, -0.00026954, -0.00026937, -0.00026687, -0.00026089, -0.00025071, -0.00023630, -0.00021816, -0.00019716, -0.00017431, -0.00015065, -0.00012717, -0.00010476, -0.00008414, -0.00006581, -0.00005009, -0.00003706, -0.00002662, -0.00001856, -0.00001255, -0.00000823, -0.00000523, -0.00000322, -0.00000191, -0.00000109, -0.00000058, -0.00000028, -0.00000010, -0.00000001, 0.00000003, 0.00000003, 0.00000001, -0.00000002, -0.00000004, -0.00000005, -0.00000004, -0.00000002, 0.00000001, 0.00000003, 0.00000004, 0.00000003, -0.00000000, -0.00000002, -0.00000003, 0.00000000, 0.00000000
0.00015941, 0.00006056, 0.00001421, -0.00001246, -0.00002957, -0.00004139, -0.00004999, -0.00005637, -0.00006116, -0.00006479, -0.00006758, -0.00006972, -0.00007135, -0.00007255, -0.00007340, -0.00007396, -0.00007427, -0.00007439, -0.00007433, -0.00007293, -0.00007016, -0.00006640, -0.00006185, -0.00005664, -0.00005086, -0.00004464, -0.00003815, -0.00003161, -0.00002530, -0.00001947, -0.00001433, -0.00000999, -0.00000651, -0.00000387, -0.00000197, -0.00000070, 0.00000006, 0.00000045, 0.00000059, 0.00000058, 0.00000048, 0.00000036, 0.00000024, 0.00000015, 0.00000008, 0.00000004, 0.00000001, 0.00000001, 0.00000000, 0.00000000, 0.00000000, 0.00000000, -0.00000000, -0.00000000, -0.00000000, -0.00000000, -0.00000000, -0.00000000, 0.00000000, 0.00000000, -0.00000000, -0.00000000, 0.00000000, 0.00000000
-0.00405148, -0.00251475, -0.00181319, -0.00141605, -0.00116481, -0.00099248, -0.00086527, -0.00076881, -0.00069436, -0.00063521, -0.00058665, -0.00054580, -0.00051102, -0.00048128, -0.00045580, -0.00043390, -0.00041495, -0.00039838, -0.00038371, -0.00033802, -0.00030619, -0.00028394, -0.00026757, -0.00025390, -0.00024103, -0.00022811, -0.00021470, -0.00020044, -0.00018502, -0.00016828, -0.00015034, -0.00013161, -0.00011267, -0.00009421, -0.00007688, -0.00006118, -0.00004746, -0.00003585, -0.00002634, -0.00001878, -0.00001294, -0.00000857, -0.00000539, -0.00000316, -0.00000168, -0.00000075, -0.00000024, -0.00000001, 0.00000003, -0.00000002, -0.00000010, -0.00000016, -0.00000016, -0.00000012, -0.00000004, 0.00000006, 0.00000012, 0.00000013, 0.00000008, -0.00000001, -0.00000008, -0.00000008, 0.00000001, 0.00000000
-0.00057747, -0.00041196, -0.00033789, -0.00029685, -0.00027170, -0.00025506, -0.00024310, -0.00023442, -0.00022813, -0.00022347, -0.00021987, -0.00021704, -0.00021483, -0.00021317, -0.00021199, -0.00021125, -0.00021087, -0.00021077, -0.00021092, -0.00021313, -0.00021732, -0.00022297, -0.00022915, -0.00023471, -0.00023870, -0.00024034, -0.00023902, -0.00023426, -0.00022578, -0.00021356, -0.00019793, -0.00017948, -0.00015906, -0.00013762, -0.00011613, -0.00009548, -0.00007639, -0.00005939, -0.00004479, -0.00003270, -0.00002305, -0.00001563, -0.00001016, -0.00000630, -0.00000372, -0.00000207, -0.00000109, -0.00000055, -0.00000027, -0.00000014, -0.00000007, -0.00000004, -0.00000001, 0.00000000, 0.00000001, 0.00000001, 0.00000000, -0.00000000, -0.00000001, -0.00000000, 0.00000000, 0.00000000, -0.00000000, 0.00000000
-0.00186246, -0.00123638, -0.00094722, -0.00078146, -0.00067546, -0.00060192, -0.00054690, -0.00050473, -0.00047190, -0.00044558, -0.00042374, -0.00040518, -0.00038925, -0.00037553, -0.00036373, -0.00035354, -0.00034470, -0.00033696, -0.00033011, -0.00030880, -0.00029430, -0.00028455, -0.00027749, -0.00027114, -0.00026415, -0.00025572, -0.00024532, -0.00023257, -0.00021726, -0.00019948, -0.00017958, -0.00015820, -0.00013617, -0.00011435, -0.00009359, -0.00007455, -0.00005772, -0.00004335, -0.00003152, -0.00002211, -0.00001491, -0.00000959, -0.00000584, -0.00000331, -0.00000171, -0.00000076, -0.00000025, -0.00000003, 0.00000004, 0.00000003, -0.00000000, -0.00000003, -0.00000004, -0.00000003, -0.00000000, 0.00000002, 0.00000004, 0.00000004, 0.00000002, -0.00000000, -0.00000002, -0.00000002, 0.00000000, 0.00000000
-0.00117220, -0.00076980, -0.00058589, -0.00048169, -0.00041601, -0.00037116, -0.00033815, -0.00031332, -0.00029440, -0.00027955, -0.00026748, -0.00025744, -0.00024899, -0.00024189, -0.00023593, -0.00023093, -0.00022673, -0.00022315, -0.00022007, -0.00021108, -0.00020558, -0.00020226, -0.00019975, -0.00019678, -0.00019248, -0.00018632, -0.00017804, -0.00016752, -0.00015481, -0.00014021, -0.00012419, -0.00010742, -0.00009060, -0.00007442, -0.00005946, -0.00004617, -0.00003479, -0.00002540, -0.00001793, -0.00001222, -0.00000801, -0.00000504, -0.00000302, -0.00000172, -0.00000092, -0.00000046, -0.00000021, -0.00000008, -0.00000003, -0.00000001, -0.00000000, -0.00000001, -0.00000001, -0.00000001, -0.00000001, -0.00000000, 0.00000000, 0.00000001, 0.00000001, 0.00000000, -0.00000000, -0.00000001, -0.00000000, 0.00000000
-0.00174713, -0.00112781, -0.00084418, -0.00068289, -0.00058050, -0.00050997, -0.00045759, -0.00041768, -0.00038675, -0.00036205, -0.00034164, -0.00032435, -0.00030952, -0.00029675, -0.00028574, -0.00027620, -0.00026789, -0.00026055, -0.00025399, -0.00023301, -0.00021750, -0.00020558, -0.00019550, -0.00018576, -0.00017550, -0.00016438, -0.00015230, -0.00013931, -0.00012551, -0.00011112, -0.00009645, -0.00008192, -0.00006798, -0.00005505, -0.00004345, -0.00003339, -0.00002497, -0.00001815, -0.00001280, -0.00000874, -0.00000575, -0.00000363, -0.00000216, -0.00000119, -0.00000058, -0.00000022, -0.00000003, 0.00000004, 0.00000005, 0.00000002, -0.00000002, -0.00000005, -0.00000006, -0.00000005, -0.00000002, 0.00000002, 0.00000005, 0.00000005, 0.00000003, -0.00000000, -0.00000003, -0.00000003, 0.00000000, 0.00000000
0.00034785, 0.00015864, 0.00007160, 0.00002214, -0.00000947, -0.00003135, -0.00004749, -0.00005982, -0.00006945, -0.00007718, -0.00008353, -0.00008887, -0.00009343, -0.00009736, -0.00010079, -0.00010381, -0.00010648, -0.00010887, -0.00011104, -0.00011815, -0.00012362, -0.00012785, -0.00013083, -0.00013242, -0.00013239, -0.00013050, -0.00012661, -0.00012068, -0.00011283, -0.00010336, -0.00009264, -0.00008116, -0.00006943, -0.00005792, -0.00004706, -0.00003719, -0.00002853, -0.00002120, -0.00001522, -0.00001054, -0.00000701, -0.00000446, -0.00000272, -0.00000158, -0.00000089, -0.00000048, -0.00000026, -0.00000014, -0.00000007, -0.00000002, 0.00000002, 0.00000004, 0.00000004, 0.00000003, 0.00000001, -0.00000001, -0.00000003, -0.00000004, -0.00000002, 0.00000000, 0.00000002, 0.00000002, -0.00000000, 0.00000000
-0.00036024, -0.00025566, -0.00021072, -0.00018687, -0.00017300, -0.00016433, -0.00015845, -0.00015445, -0.00015178, -0.00014996, -0.00014866, -0.00014772, -0.00014705, -0.00014663, -0.00014642, -0.00014638, -0.00014648, -0.00014668, -0.00014696, -0.00014849, -0.00015047, -0.00015264, -0.00015446, -0.00015531, -0.00015469, -0.00015221, -0.00014764, -0.00014085, -0.00013189, -0.00012100, -0.00010858, -0.00009518, -0.00008140, -0.00006785, -0.00005504, -0.00004341, -0.00003324, -0.00002465, -0.00001768, -0.00001223, -0.00000813, -0.00000518, -0.00000315, -0.00000182, -0.00000100, -0.00000052, -0.00000026, -0.00000012, -0.00000005, -0.00000002, 0.00000001, 0.00000002, 0.00000002, 0.00000001, 0.00000000, -0.00000001, -0.00000002, -0.00000002, -0.00000001, 0.00000000, 0.00000001, 0.00000001, -0.00000000, 0.00000000
0.00020243, 0.00009446, 0.00004150, 0.00000933, -0.00001277, -0.00002917, -0.00004206, -0.00005257, -0.00006135, -0.00006882, -0.00007529, -0.00008099, -0.00008607, -0.00009066, -0.00009485, -0.00009870, -0.00010225, -0.00010556, -0.00010866, -0.00011954, -0.00012903, -0.00013787, -0.00014612, -0.00015353, -0.00015968, -0.00016405, -0.00016608, -0.00016526, -0.00016124, -0.00015392, -0.00014350, -0.00013048, -0.00011556, -0.00009957, -0.00008337, -0.00006775, -0.00005335, -0.00004063, -0.00002987, -0.00002114, -0.00001436, -0.00000933, -0.00000579, -0.00000343, -0.00000195, -0.00000107, -0.00000058, -0.00000031, -0.00000016, -0.00000006, 0.00000000, 0.00000005, 0.00000007, 0.00000006, 0.00000002, -0.00000002, -0.00000005, -0.00000006, -0.00000004, 0.00000001, 0.00000004, 0.00000004, -0.00000001, 0.00000000
-0.00037245, -0.00028177, -0.00024095, -0.00021811, -0.00020405, -0.00019464, -0.00018774, -0.00018264, -0.00017885, -0.00017591, -0.00017350, -0.00017146, -0.00016974, -0.00016828, -0.00016708, -0.00016610, -0.00016529, -0.00016461, -0.00016404, -0.00016252, -0.00016210, -0.00016265, -0.00016366, -0.00016446, -0.00016444, -0.00016307, -0.00015984, -0.00015438, -0.00014645, -0.00013609, -0.00012361, -0.00010953, -0.00009454, -0.00007937, -0.00006472, -0.00005118, -0.00003917, -0.00002896, -0.00002062, -0.00001410, -0.00000922, -0.00000574, -0.00000339, -0.00000189, -0.00000100, -0.00000050, -0.00000025, -0.00000012, -0.00000005, -0.00000000, 0.00000003, 0.00000005, 0.00000005, 0.00000004, 0.00000001, -0.00000002, -0.00000004, -0.00000004, -0.00000002, 0.00000001, 0.00000003, 0.00000002, -0.00000001, 0.00000000
-0.00103491, -0.00076078, -0.00063875, -0.00057159, -0.00053096, -0.00050454, -0.00048598, -0.00047292, -0.00046386, -0.00045751, -0.00045297, -0.00044972, -0.00044753, -0.00044625, -0.00044577, -0.00044598, -0.00044675, -0.00044794, -0.00044946, -0.00045744, -0.00046666, -0.00047529, -0.00048115, -0.00048224, -0.00047715, -0.00046515, -0.00044604, -0.00042011, -0.00038814, -0.00035133, -0.00031121, -0.00026951, -0.00022796, -0.00018815, -0.00015139, -0.00011861, -0.00009036, -0.00006683, -0.00004789, -0.00003318, -0.00002215, -0.00001421, -0.00000873, -0.00000511, -0.00000283, -0.00000149, -0.00000073, -0.00000033, -0.00000014, -0.00000004, 0.00000001, 0.00000002, 0.00000003, 0.00000002, 0.00000000, -0.00000001, -0.00000002, -0.00000002, -0.00000001, 0.00000001, 0.00000002, 0.00000001, -0.00000000, 0.00000000
-0.00546865, -0.00332034, -0.00234438, -0.00179506, -0.00144944, -0.00121376, -0.00104093, -0.00091064, -0.00081061, -0.00073155, -0.00066697, -0.00061289, -0.00056700, -0.00052786, -0.00049440, -0.00046565, -0.00044077, -0.00041898, -0.00039967, -0.00033882, -0.00029496, -0.00026245, -0.00023678, -0.00021429, -0.00019308, -0.00017264, -0.00015299, -0.00013419, -0.00011621, -0.00009903, -0.00008273, -0.00006752, -0.00005370, -0.00004155, -0.00003125, -0.00002288, -0.00001634, -0.00001143, -0.00000786, -0.00000532, -0.00000354, -0.00000228, -0.00000137, -0.00000070, -0.00000023, 0.00000008, 0.00000023, 0.00000025, 0.00000016, 0.00000002, -0.00000012, -0.00000022, -0.00000025, -0.00000019, -0.00000007, 0.00000007, 0.00000018, 0.00000020, 0.00000012, -0.00000002, -0.00000012, -0.00000012, 0.00000001, 0.00000000
0.00062364, 0.00029604, 0.00014576, 0.00006028, 0.00000547, -0.00003268, -0.00006112, -0.00008312, -0.00010061, -0.00011492, -0.00012696, -0.00013735, -0.00014648, -0.00015460, -0.00016192, -0.00016858, -0.00017471, -0.00018042, -0.00018578, -0.00020494, -0.00022181, -0.00023688, -0.00024987, -0.00026022, -0.00026718, -0.00027005, -0.00026824, -0.00026145, -0.00024975, -0.00023357, -0.00021365, -0.00019099, -0.00016672, -0.00014199, -0.00011787, -0.00009526, -0.00007486, -0.00005711, -0.00004222, -0.00003018, -0.00002081, -0.00001381, -0.00000881, -0.00000538, -0.00000316, -0.00000179, -0.00000098, -0.00000052, -0.00000026, -0.00000011, -0.00000001, 0.00000005, 0.00000007, 0.00000006, 0.00000002, -0.00000002, -0.00000006, -0.00000006, -0.00000004, 0.00000001, 0.00000004, 0.00000004, -0.00000001, 0.00000000
0.00015033, 0.00005778, 0.00001181, -0.00001646, -0.00003606, -0.00005075, -0.00006244, -0.00007206, -0.00008018, -0.00008718, -0.00009336, -0.00009891, -0.00010397, -0.00010864, -0.00011299, -0.00011708, -0.00012095, -0.00012463, -0.00012816, -0.00014119, -0.00015295, -0.00016349, -0.00017242, -0.00017922, -0.00018334, -0.00018431, -0.00018182, -0.00017578, -0.00016638, -0.00015403, -0.00013937, -0.00012316, -0.00010622, -0.00008934, -0.00007322, -0.00005841, -0.00004529, -0.00003408, -0.00002485, -0.00001752, -0.00001192, -0.00000781, -0.00000491, -0.00000297, -0.00000173, -0.00000098, -0.00000054, -0.00000029, -0.00000014, -0.00000005, 0.00000000, 0.00000004, 0.00000004, 0.00000003, 0.00000001, -0.00000002, -0.00000004, -0.00000004, -0.00000002, 0.00000001, 0.00000003, 0.00000002, -0.00000000, 0.00000000
0.00168920, 0.00100363, 0.00067908, 0.00048810, 0.00036186, 0.00027112, 0.00020102, 0.00014511, 0.00009949, 0.00006114, 0.00002792, -0.00000152, -0.00002794, -0.00005184, -0.00007357, -0.00009344, -0.00011172, -0.00012867, -0.00014448, -0.00019884, -0.00024130, -0.00027260, -0.00029329, -0.00030408, -0.00030559, -0.00029847, -0.00028368, -0.00026256, -0.00023679, -0.00020818, -0.00017849, -0.00014925, -0.00012168, -0.00009666, -0.00007474, -0.00005616, -0.00004093, -0.00002885, -0.00001962, -0.00001283, -0.00000806, -0.00000486, -0.00000283, -0.00000163, -0.00000095, -0.00000059, -0.00000038, -0.00000024, -0.00000012, -0.00000001, 0.00000008, 0.00000013, 0.00000013, 0.00000009, 0.00000002, -0.00000005, -0.00000010, -0.00000010, -0.00000005, 0.00000002, 0.00000007, 0.00000006, -0.00000001, 0.00000000
0.00121829, 0.00068336, 0.00043784, 0.00029808, 0.00020880, 0.00014688, 0.00010077, 0.00006533, 0.00003748, 0.00001495, -0.00000386, -0.00001995, -0.00003391, -0.00004612, -0.00005687, -0.00006639, -0.00007490, -0.00008258, -0.00008958, -0.00011270, -0.00013008, -0.00014267, -0.00015099, -0.00015544, -0.00015619, -0.00015333, -0.00014704, -0.00013773, -0.00012600, -0.00011262, -0.00009834, -0.00008389, -0.00006990, -0.00005684, -0.00004506, -0.00003478, -0.00002608, -0.00001897, -0.00001334, -0.00000906, -0.00000592, -0.00000373, -0.00000228, -0.00000136, -0.00000081, -0.00000049, -0.00000031, -0.00000019, -0.00000010, -0.00000002, 0.00000004, 0.00000008, 0.00000008, 0.00000006, 0.00000002, -0.00000003, -0.00000006, -0.00000006, -0.00000004, 0.00000001, 0.00000004, 0.00000004, -0.00000000, 0.00000000
-0.00172155, -0.00111978, -0.00084331, -0.00068579, -0.00058584, -0.00051708, -0.00046617, -0.00042760, -0.00039795, -0.00037450, -0.00035532, -0.00033928, -0.00032574, -0.00031431, -0.00030467, -0.00029657, -0.00028972, -0.00028388, -0.00027888, -0.00026457, -0.00025660, -0.00025287, -0.00025124, -0.00024966, -0.00024670, -0.00024141, -0.00023316, -0.00022159, -0.00020661, -0.00018852, -0.00016797, -0.00014587, -0.00012330, -0.00010131, -0.00008080, -0.00006246, -0.00004672, -0.00003375, -0.00002347, -0.00001567, -0.00000998, -0.00000604, -0.00000343, -0.00000181, -0.00000086, -0.00000034, -0.00000009, 0.00000001, 0.00000004, 0.00000004, 0.00000003, 0.00000002, 0.00000001, -0.00000000, -0.00000001, -0.00000001, -0.00000000, 0.00000000, 0.00000001, 0.00000001, 0.00000000, -0.00000000, -0.00000000, 0.00000000
-0.00012984, -0.00014296, -0.00015399, -0.00016317, -0.00017116, -0.00017822, -0.00018448, -0.00019015, -0.00019538, -0.00020021, -0.00020470, -0.00020893, -0.00021295, -0.00021682, -0.00022059, -0.00022428, -0.00022790, -0.00023145, -0.00023494, -0.00024832, -0.00026076, -0.00027174, -0.00028033, -0.00028556, -0.00028662, -0.00028297, -0.00027438, -0.00026097, -0.00024320, -0.00022183, -0.00019788, -0.00017249, -0.00014682, -0.00012191, -0.00009866, -0.00007773, -0.00005954, -0.00004427, -0.00003189, -0.00002220, -0.00001491, -0.00000963, -0.00000597, -0.00000354, -0.00000202, -0.00000111, -0.00000059, -0.00000030, -0.00000014, -0.00000005, 0.00000001, 0.00000004, 0.00000005, 0.00000004, 0.00000001, -0.00000002, -0.00000004, -0.00000004, -0.00000002, 0.00000001, 0.00000003, 0.00000002, -0.00000000, 0.00000000
0.00028139, 0.00011104, 0.00003258, -0.00001211, -0.00004083, -0.00006088, -0.00007578, -0.00008729, -0.00009642, -0.00010387, -0.00011010, -0.00011543, -0.00012006, -0.00012414, -0.00012778, -0.00013105, -0.00013403, -0.00013675, -0.00013927, -0.00014787, -0.00015472, -0.00016006, -0.00016376, -0.00016557, -0.00016524, -0.00016255, -0.00015741, -0.00014986, -0.00014014, -0.00012859, -0.00011569, -0.00010196, -0.00008797, -0.00007422, -0.00006119, -0.00004923, -0.00003861, -0.00002947, -0.00002185, -0.00001571, -0.00001093, -0.00000733, -0.00000474, -0.00000294, -0.00000175, -0.00000100, -0.00000055, -0.00000029, -0.00000014, -0.00000006, -0.00000001, 0.00000001, 0.00000002, 0.00000002, 0.00000001, -0.00000001, -0.00000002, -0.00000002, -0.00000001, 0.00000000, 0.00000001, 0.00000001, -0.00000000, 0.00000000
-0.00118074, -0.00075570, -0.00056266, -0.00045413, -0.00038632, -0.00034045, -0.00030704, -0.00028221, -0.00026354, -0.00024910, -0.00023754, -0.00022805, -0.00022021, -0.00021374, -0.00020845, -0.00020414, -0.00020064, -0.00019777, -0.00019540, -0.00018928, -0.00018690, -0.00018725, -0.00018908, -0.00019111, -0.00019238, -0.00019220, -0.00018996, -0.00018512, -0.00017732, -0.00016645, -0.00015276, -0.00013680, -0.00011936, -0.00010134, -0.00008363, -0.00006700, -0.00005204, -0.00003911, -0.00002839, -0.00001986, -0.00001333, -0.00000856, -0.00000523, -0.00000303, -0.00000165, -0.00000084, -0.00000040, -0.00000018, -0.00000008, -0.00000003, -0.00000000, 0.00000001, 0.00000001, 0.00000001, 0.00000001, -0.00000000, -0.00000001, -0.00000001, -0.00000001, 0.00000000, 0.00000001, 0.00000001, -0.00000000, 0.00000000
-0.00188433, -0.00122213, -0.00092076, -0.00075070, -0.00064374, -0.00057086, -0.00051737, -0.00047716, -0.00044652, -0.00042249, -0.00040301, -0.00038684, -0.00037329, -0.00036195, -0.00035248, -0.00034460, -0.00033802, -0.00033249, -0.00032780, -0.00031462, -0.00030715, -0.00030302, -0.00029989, -0.00029569, -0.00028907, -0.00027939, -0.00026638, -0.00025005, -0.00023066, -0.00020872, -0.00018496, -0.00016031, -0.00013575, -0.00011220, -0.00009044, -0.00007103, -0.00005430, -0.00004037, -0.00002913, -0.00002038, -0.00001377, -0.00000896, -0.00000559, -0.00000331, -0.00000184, -0.00000095, -0.00000044, -0.00000018, -0.00000007, -0.00000004, -0.00000004, -0.00000005, -0.00000005, -0.00000004, -0.00000001, 0.00000001, 0.00000003, 0.00000004, 0.00000002, -0.00000000, -0.00000002, -0.00000002, 0.00000000, 0.00000000
-0.00409905, -0.00257194, -0.00188295, -0.00149807, -0.00125842, -0.00109704, -0.00098018, -0.00089355, -0.00082847, -0.00077829, -0.00073837, -0.00070588, -0.00067924, -0.00065747, -0.00063979, -0.00062554, -0.00061407, -0.00060484, -0.00059735, -0.00057856, -0.00057002, -0.00056611, -0.00056186, -0.00055319, -0.00053783, -0.00051509, -0.00048521, -0.00044896, -0.00040750, -0.00036230, -0.00031511, -0.00026780, -0.00022216, -0.00017974, -0.00014172, -0.00010881, -0.00008128, -0.00005902, -0.00004160, -0.00002842, -0.00001877, -0.00001193, -0.00000726, -0.00000418, -0.00000223, -0.00000107, -0.00000043, -0.00000012, -0.00000002, -0.00000002, -0.00000007, -0.00000011, -0.00000012, -0.00000010, -0.00000004, 0.00000003, 0.00000008, 0.00000010, 0.00000006, -0.00000000, -0.00000006, -0.00000006, 0.00000000, 0.00000000
-0.00115416, -0.00076711, -0.00059043, -0.00049049, -0.00042770, -0.00038497, -0.00035363, -0.00033019, -0.00031246, -0.00029868, -0.00028759, -0.00027845, -0.00027087, -0.00026462, -0.00025951, -0.00025537, -0.00025202, -0.00024932, -0.00024712, -0.00024185, -0.00024049, -0.00024178, -0.00024417, -0.00024608, -0.00024632, -0.00024404, -0.00023862, -0.00022963, -0.00021694, -0.00020074, -0.00018159, -0.00016035, -0.00013804, -0.00011571, -0.00009436, -0.00007475, -0.00005746, -0.00004279, -0.00003080, -0.00002137, -0.00001425, -0.00000910, -0.00000554, -0.00000320, -0.00000174, -0.00000088, -0.00000042, -0.00000018, -0.00000007, -0.00000002, 0.00000001, 0.00000002, 0.00000002, 0.00000001, 0.00000000, -0.00000001, -0.00000001, -0.00000001, -0.00000000, 0.00000001, 0.00000001, 0.00000001, -0.00000000, 0.00000000
0.00020441, 0.00008079, 0.00002199, -0.00001276, -0.00003615, -0.00005319, -0.00006642, -0.00007716, -0.00008613, -0.00009380, -0.00010048, -0.00010641, -0.00011177, -0.00011669, -0.00012125, -0.00012552, -0.00012954, -0.00013336, -0.00013699, -0.00015032, -0.00016267, -0.00017454, -0.00018574, -0.00019573, -0.00020386, -0.00020940, -0.00021164, -0.00020998, -0.00020405, -0.00019385, -0.00017978, -0.00016254, -0.00014310, -0.00012256, -0.00010200, -0.00008237, -0.00006446, -0.00004877, -0.00003561, -0.00002501, -0.00001685, -0.00001085, -0.00000665, -0.00000387, -0.00000215, -0.00000114, -0.00000059, -0.00000030, -0.00000014, -0.00000004, 0.00000002, 0.00000007, 0.00000008, 0.00000007, 0.00000003, -0.00000002, -0.00000006, -0.00000007, -0.00000004, 0.00000001, 0.00000005, 0.00000004, -0.00000001, 0.00000000
0.00009441, 0.00000838, -0.00003557, -0.00006350, -0.00008363, -0.00009932, -0.00011225, -0.00012332, -0.00013304, -0.00014173, -0.00014963, -0.00015694, -0.00016376, -0.00017020, -0.00017630, -0.00018213, -0.00018771, -0.00019307, -0.00019822, -0.00021709, -0.00023331, -0.00024655, -0.00025615, -0.00026147, -0.00026204, -0.00025759, -0.00024816, -0.00023411, -0.00021611, -0.00019506, -0.00017206, -0.00014822, -0.00012462, -0.00010218, -0.00008163, -0.00006347, -0.00004796, -0.00003516, -0.00002497, -0.00001714, -0.00001135, -0.00000723, -0.00000444, -0.00000262, -0.00000150, -0.00000084, -0.00000046, -0.00000024, -0.00000011, -0.00000003, 0.00000002, 0.00000005, 0.00000005, 0.00000004, 0.00000001, -0.00000002, -0.00000004, -0.00000004, -0.00000002, 0.00000001, 0.00000003, 0.00000002, -0.00000000, 0.00000000
-0.00061630, -0.00037147, -0.00026352, -0.00020474, -0.00016911, -0.00014577, -0.00012934, -0.00011749, -0.00010884, -0.00010233, -0.00009725, -0.00009320, -0.00008992, -0.00008727, -0.00008513, -0.00008341, -0.00008201, -0.00008086, -0.00007990, -0.00007707, -0.00007508, -0.00007336, -0.00007141, -0.00006879, -0.00006529, -0.00006085, -0.00005554, -0.00004948, -0.00004286, -0.00003592, -0.00002897, -0.00002230, -0.00001619, -0.00001087, -0.00000648, -0.00000307, -0.00000061, 0.00000100, 0.00000191, 0.00000226, 0.00000223, 0.00000197, 0.00000160, 0.00000120, 0.00000084, 0.00000055, 0.00000034, 0.00000020, 0.00000011, 0.00000006, 0.00000003, 0.00000002, 0.00000001, -0.00000000, -0.00000001, -0.00000001, -0.00000001, -0.00000000, 0.00000000, 0.00000001, 0.00000000, -0.00000000, -0.00000000, 0.00000000
-0.00069582, -0.00045285, -0.00034585, -0.00028773, -0.00025290, -0.00023051, -0.00021504, -0.00020424, -0.00019676, -0.00019151, -0.00018773, -0.00018497, -0.00018297, -0.00018160, -0.00018074, -0.00018029, -0.00018014, -0.00018020, -0.00018039, -0.00018135, -0.00018142, -0.00017980, -0.00017587, -0.00016924, -0.00015994, -0.00014830, -0.00013488, -0.00012026, -0.00010506, -0.00008986, -0.00007518, -0.00006147, -0.00004908, -0.00003823, -0.00002902, -0.00002146, -0.00001544, -0.00001080, -0.00000734, -0.00000484, -0.00000309, -0.00000190, -0.00000112, -0.00000063, -0.00000032, -0.00000014, -0.00000005, -0.00000000, 0.00000001, 0.00000000, -0.00000001, -0.00000002, -0.00000003, -0.00000002, -0.00000001, 0.00000001, 0.00000002, 0.00000002, 0.00000002, -0.00000000, -0.00000001, -0.00000001, 0.00000000, 0.00000000
-0.00103736, -0.00066310, -0.00049434, -0.00040013, -0.00034158, -0.00030223, -0.00027378, -0.00025273, -0.00023698, -0.00022486, -0.00021524, -0.00020741, -0.00020100, -0.00019576, -0.00019151, -0.00018809, -0.00018535, -0.00018313, -0.00018134, -0.00017678, -0.00017461, -0.00017346, -0.00017207, -0.00016936, -0.00016470, -0.00015787, -0.00014889, -0.00013796, -0.00012540, -0.00011166, -0.00009726, -0.00008277, -0.00006876, -0.00005570, -0.00004396, -0.00003377, -0.00002523, -0.00001831, -0.00001289, -0.00000879, -0.00000579, -0.00000367, -0.00000223, -0.00000129, -0.00000070, -0.00000035, -0.00000015, -0.00000006, -0.00000002, -0.00000001, -0.00000001, -0.00000002, -0.00000002, -0.00000002, -0.00000001, 0.00000000, 0.00000002, 0.00000002, 0.00000001, 0.00000000, -0.00000001, -0.00000001, -0.00000000, 0.00000000
0.00118008, 0.00066176, 0.00042078, 0.00028185, 0.00019208, 0.00012923, 0.00008205, 0.00004558, 0.00001686, -0.00000639, -0.00002576, -0.00004228, -0.00005656, -0.00006901, -0.00007990, -0.00008950, -0.00009801, -0.00010565, -0.00011258, -0.00013534, -0.00015268, -0.00016568, -0.00017482, -0.00018033, -0.00018209, -0.00017988, -0.00017357, -0.00016339, -0.00014992, -0.00013401, -0.00011665, -0.00009883, -0.00008143, -0.00006520, -0.00005065, -0.00003810, -0.00002768, -0.00001936, -0.00001299, -0.00000833, -0.00000509, -0.00000296, -0.00000166, -0.00000092, -0.00000054, -0.00000035, -0.00000024, -0.00000016, -0.00000008, 0.00000001, 0.00000007, 0.00000011, 0.00000011, 0.00000007, 0.00000001, -0.00000005, -0.00000009, -0.00000008, -0.00000004, 0.00000002, 0.00000006, 0.00000005, -0.00000001, 0.00000000
0.00183111, 0.00111158, 0.00076986, 0.00056844, 0.00043558, 0.00034062, 0.00026791, 0.00021069, 0.00016484, 0.00012714, 0.00009526, 0.00006774, 0.00004369, 0.00002253, 0.00000385, -0.00001275, -0.00002758, -0.00004097, -0.00005317, -0.00009355, -0.00012475, -0.00014919, -0.00016823, -0.00018265, -0.00019257, -0.00019765, -0.00019759, -0.00019240, -0.00018250, -0.00016863, -0.00015182, -0.00013316, -0.00011374, -0.00009455, -0.00007642, -0.00005997, -0.00004561, -0.00003356, -0.00002384, -0.00001632, -0.00001076, -0.00000684, -0.00000423, -0.00000258, -0.00000159, -0.00000101, -0.00000066, -0.00000042, -0.00000023, -0.00000007, 0.00000006, 0.00000014, 0.00000016, 0.00000011, 0.00000003, -0.00000007, -0.00000013, -0.00000013, -0.00000007, 0.00000002, 0.00000009, 0.00000008, -0.00000001, 0.00000000
-0.00091018, -0.00061991, -0.00049411, -0.00042728, -0.00038839, -0.00036433, -0.00034852, -0.00033830, -0.00033202, -0.00032838, -0.00032650, -0.00032587, -0.00032621, -0.00032735, -0.00032916, -0.00033151, -0.00033426, -0.00033732, -0.00034057, -0.00035421, -0.00036695, -0.00037682, -0.00038201, -0.00038108, -0.00037326, -0.00035847, -0.00033718, -0.00031031, -0.00027916, -0.00024529, -0.00021032, -0.00017585, -0.00014325, -0.00011358, -0.00008757, -0.00006556, -0.00004760, -0.00003345, -0.00002271, -0.00001487, -0.00000937, -0.00000566, -0.00000329, -0.00000183, -0.00000098, -0.00000050, -0.00000025, -0.00000011, -0.00000003, 0.00000001, 0.00000003, 0.00000003, 0.00000002, 0.00000000, -0.00000001, -0.00000002, -0.00000002, -0.00000001, 0.00000000, 0.00000001, 0.00000001, 0.00000000, -0.00000000, 0.00000000
-0.00273372, -0.00172210, -0.00126205, -0.00100268, -0.00083935, -0.00072786, -0.00064590, -0.00058405, -0.00053659, -0.00049909, -0.00046846, -0.00044281, -0.00042110, -0.00040266, -0.00038700, -0.00037368, -0.00036228, -0.00035243, -0.00034383, -0.00031781, -0.00030074, -0.00028967, -0.00028185, -0.00027483, -0.00026705, -0.00025771, -0.00024640, -0.00023286, -0.00021697, -0.00019883, -0.00017882, -0.00015754, -0.00013577, -0.00011435, -0.00009404, -0.00007545, -0.00005902, -0.00004496, -0.00003330, -0.00002393, -0.00001664, -0.00001114, -0.00000713, -0.00000433, -0.00000245, -0.00000126, -0.00000057, -0.00000022, -0.00000008, -0.00000006, -0.00000008, -0.00000010, -0.00000010, -0.00000007, -0.00000002, 0.00000004, 0.00000007, 0.00000008, 0.00000005, -0.00000001, -0.00000005, -0.00000005, 0.00000000, 0.00000000
-0.00013960, -0.00017829, -0.00019762, -0.00020961, -0.00021848, -0.00022557, -0.00023142, -0.00023661, -0.00024140, -0.00024585, -0.00024999, -0.00025389, -0.00025763, -0.00026128, -0.00026487, -0.00026843, -0.00027196, -0.00027544, -0.00027888, -0.00029216, -0.00030451, -0.00031534, -0.00032357, -0.00032808, -0.00032797, -0.00032265, -0.00031189, -0.00029580, -0.00027488, -0.00025002, -0.00022236, -0.00019320, -0.00016385, -0.00013551, -0.00010919, -0.00008561, -0.00006523, -0.00004821, -0.00003450, -0.00002385, -0.00001589, -0.00001017, -0.00000624, -0.00000367, -0.00000206, -0.00000112, -0.00000058, -0.00000029, -0.00000013, -0.00000004, 0.00000002, 0.00000004, 0.00000005, 0.00000004, 0.00000001, -0.00000002, -0.00000004, -0.00000004, -0.00000002, 0.00000001, 0.00000003, 0.00000002, -0.00000001, 0.00000000
0.00224550, 0.00128632, 0.00084166, 0.00058581, 0.00042058, 0.00030470, 0.00021740, 0.00014955, 0.00009561, 0.00005147, 0.00001422, -0.00001794, -0.00004608, -0.00007089, -0.00009286, -0.00011243, -0.00012998, -0.00014584, -0.00016029, -0.00020752, -0.00024161, -0.00026451, -0.00027765, -0.00028236, -0.00027957, -0.00027000, -0.00025447, -0.00023412, -0.00021031, -0.00018453, -0.00015817, -0.00013246, -0.00010834, -0.00008648, -0.00006728, -0.00005094, -0.00003744, -0.00002664, -0.00001830, -0.00001210, -0.00000768, -0.00000468, -0.00000277, -0.00000161, -0.00000096, -0.00000060, -0.00000040, -0.00000026, -0.00000013, -0.00000002, 0.00000008, 0.00000014, 0.00000015, 0.00000010, 0.00000003, -0.00000005, -0.00000011, -0.00000011, -0.00000006, 0.00000001, 0.00000007, 0.00000007, -0.00000001, 0.00000000
-0.00087569, -0.00057617, -0.00044544, -0.00037506, -0.00033318, -0.00030639, -0.00028798, -0.00027517, -0.00026629, -0.00026006, -0.00025558, -0.00025232, -0.00025002, -0.00024849, -0.00024761, -0.00024726, -0.00024734, -0.00024772, -0.00024832, -0.00025178, -0.00025538, -0.00025778, -0.00025768, -0.00025402, -0.00024625, -0.00023430, -0.00021851, -0.00019949, -0.00017810, -0.00015533, -0.00013219, -0.00010968, -0.00008864, -0.00006969, -0.00005325, -0.00003949, -0.00002839, -0.00001974, -0.00001325, -0.00000858, -0.00000533, -0.00000318, -0.00000181, -0.00000099, -0.00000051, -0.00000024, -0.00000010, -0.00000003, -0.00000000, 0.00000001, 0.00000001, 0.00000000, -0.00000001, -0.00000001, -0.00000001, -0.00000001, 0.00000000, 0.00000001, 0.00000001, 0.00000000, -0.00000000, -0.00000001, -0.00000000, 0.00000000
-0.00007921, -0.00010739, -0.00012205, -0.00013147, -0.00013852, -0.00014421, -0.00014898, -0.00015321, -0.00015707, -0.00016065, -0.00016399, -0.00016714, -0.00017016, -0.00017309, -0.00017595, -0.00017876, -0.00018151, -0.00018422, -0.00018687, -0.00019689, -0.00020577, -0.00021295, -0.00021766, -0.00021920, -0.00021709, -0.00021110, -0.00020126, -0.00018791, -0.00017164, -0.00015326, -0.00013365, -0.00011377, -0.00009444, -0.00007640, -0.00006017, -0.00004607, -0.00003425, -0.00002468, -0.00001721, -0.00001158, -0.00000750, -0.00000467, -0.00000280, -0.00000161, -0.00000090, -0.00000049, -0.00000026, -0.00000013, -0.00000006, -0.00000001, 0.00000002, 0.00000003, 0.00000003, 0.00000002, 0.00000000, -0.00000002, -0.00000003, -0.00000002, -0.00000001, 0.00000001, 0.00000002, 0.00000001, -0.00000000, 0.00000000
-0.00119797, -0.00073260, -0.00051997, -0.00039934, -0.00032285, -0.00027025, -0.00023128, -0.00020160, -0.00017858, -0.00016019, -0.00014500, -0.00013211, -0.00012104, -0.00011145, -0.00010313, -0.00009586, -0.00008945, -0.00008373, -0.00007856, -0.00006148, -0.00004805, -0.00003706, -0.00002763, -0.00001907, -0.00001115, -0.00000395, 0.00000233, 0.00000751, 0.00001152, 0.00001433, 0.00001601, 0.00001664, 0.00001638, 0.00001538, 0.00001384, 0.00001194, 0.00000988, 0.00000785, 0.00000596, 0.00000433, 0.00000301, 0.00000200, 0.00000128, 0.00000080, 0.00000050, 0.00000032, 0.00000022, 0.00000014, 0.00000008, 0.00000002, -0.00000003, -0.00000006, -0.00000007, -0.00000005, -0.00000002, 0.00000002, 0.00000005, 0.00000006, 0.00000004, -0.00000000, -0.00000004, -0.00000003, 0.00000000, 0.00000000
-0.00146345, -0.00094933, -0.00072148, -0.00059708, -0.00052195, -0.00047315, -0.00043919, -0.00041530, -0.00039856, -0.00038669, -0.00037811, -0.00037190, -0.00036755, -0.00036476, -0.00036330, -0.00036294, -0.00036347, -0.00036471, -0.00036649, -0.00037698, -0.00039034, -0.00040435, -0.00041655, -0.00042463, -0.00042694, -0.00042250, -0.00041089, -0.00039214, -0.00036677, -0.00033578, -0.00030058, -0.00026286, -0.00022437, -0.00018678, -0.00015151, -0.00011965, -0.00009188, -0.00006852, -0.00004954, -0.00003465, -0.00002339, -0.00001520, -0.00000948, -0.00000566, -0.00000322, -0.00000174, -0.00000090, -0.00000044, -0.00000020, -0.00000008, -0.00000002, 0.00000000, 0.00000001, 0.00000001, 0.00000000, -0.00000001, -0.00000002, -0.00000001, -0.00000001, 0.00000001, 0.00000001, 0.00000001, -0.00000000, 0.00000000
-0.00073894, -0.00049541, -0.00038531, -0.00032354, -0.00028502, -0.00025894, -0.00023985, -0.00022556, -0.00021472, -0.00020622, -0.00019930, -0.00019350, -0.00018859, -0.00018444, -0.00018094, -0.00017798, -0.00017546, -0.00017330, -0.00017141, -0.00016574, -0.00016218, -0.00016013, -0.00015878, -0.00015725, -0.00015489, -0.00015125, -0.00014598, -0.00013886, -0.00012982, -0.00011898, -0.00010667, -0.00009339, -0.00007972, -0.00006627, -0.00005358, -0.00004207, -0.00003204, -0.00002361, -0.00001680, -0.00001152, -0.00000757, -0.00000475, -0.00000284, -0.00000160, -0.00000084, -0.00000041, -0.00000018, -0.00000007, -0.00000002, -0.00000000, 0.00000001, 0.00000001, 0.00000001, 0.00000001, -0.00000000, -0.00000001, -0.00000001, -0.00000001, -0.00000000, 0.00000000, 0.00000001, 0.00000000, -0.00000000, 0.00000000
-0.00420681, -0.00264463, -0.00193305, -0.00153146, -0.00127846, -0.00110582, -0.00097907, -0.00088362, -0.00081058, -0.00075307, -0.00070629, -0.00066732, -0.00063448, -0.00060674, -0.00058333, -0.00056353, -0.00054670, -0.00053226, -0.00051972, -0.00048216, -0.00045748, -0.00044074, -0.00042756, -0.00041422, -0.00039854, -0.00037965, -0.00035731, -0.00033159, -0.00030277, -0.00027143, -0.00023841, -0.00020484, -0.00017191, -0.00014079, -0.00011242, -0.00008745, -0.00006623, -0.00004880, -0.00003493, -0.00002424, -0.00001627, -0.00001051, -0.00000649, -0.00000377, -0.00000202, -0.00000096, -0.00000037, -0.00000009, -0.00000001, -0.00000003, -0.00000009, -0.00000014, -0.00000015, -0.00000011, -0.00000004, 0.00000004, 0.00000010, 0.00000011, 0.00000007, -0.00000001, -0.00000007, -0.00000007, 0.00000000, 0.00000000
-0.00124372, -0.00081200, -0.00061616, -0.00050603, -0.00043708, -0.00039034, -0.00035618, -0.00033064, -0.00031129, -0.00029620, -0.00028401, -0.00027392, -0.00026548, -0.00025841, -0.00025250, -0.00024755, -0.00024339, -0.00023986, -0.00023680, -0.00022756, -0.00022090, -0.00021525, -0.00020919, -0.00020157, -0.00019179, -0.00017974, -0.00016564, -0.00014988, -0.00013295, -0.00011545, -0.00009800, -0.00008122, -0.00006564, -0.00005167, -0.00003959, -0.00002949, -0.00002135, -0.00001500, -0.00001022, -0.00000674, -0.00000430, -0.00000265, -0.00000156, -0.00000086, -0.00000044, -0.00000019, -0.00000006, 0.00000000, 0.00000002, 0.00000001, -0.00000002, -0.00000003, -0.00000004, -0.00000004, -0.00000002, 0.00000001, 0.00000003, 0.00000003, 0.00000002, 0.00000000, -0.00000002, -0.00000002, 0.00000000, 0.00000000
-0.00146396, -0.00092120, -0.00067824, -0.00054381, -0.00046102, -0.00040594, -0.00036648, -0.00033755, -0.00031605, -0.00029963, -0.00028661, -0.00027600, -0.00026721, -0.00025991, -0.00025381, -0.00024870, -0.00024435, -0.00024057, -0.00023719, -0.00022552, -0.00021448, -0.00020284, -0.00018976, -0.00017479, -0.00015803, -0.00014008, -0.00012168, -0.00010354, -0.00008624, -0.00007024, -0.00005585, -0.00004329, -0.00003266, -0.00002394, -0.00001704, -0.00001177, -0.00000789, -0.00000515, -0.00000329, -0.00000206, -0.00000127, -0.00000076, -0.00000043, -0.00000022, -0.00000007, 0.00000002, 0.00000007, 0.00000008, 0.00000005, 0.00000001, -0.00000004, -0.00000007, -0.00000008, -0.00000006, -0.00000002, 0.00000002, 0.00000005, 0.00000006, 0.00000004, -0.00000000, -0.00000004, -0.00000004, 0.00000000, 0.00000000
0.00076142, 0.00042688, 0.00027039, 0.00017943, 0.00012002, 0.00007792, 0.00004594, 0.00002086, 0.00000077, -0.00001576, -0.00002973, -0.00004181, -0.00005241, -0.00006177, -0.00007010, -0.00007756, -0.00008429, -0.00009041, -0.00009604, -0.00011506, -0.00013030, -0.00014265, -0.00015242, -0.00015965, -0.00016412, -0.00016548, -0.00016341, -0.00015782, -0.00014888, -0.00013707, -0.00012307, -0.00010767, -0.00009172, -0.00007600, -0.00006119, -0.00004778, -0.00003613, -0.00002640, -0.00001859, -0.00001258, -0.00000816, -0.00000507, -0.00000303, -0.00000176, -0.00000101, -0.00000059, -0.00000036, -0.00000021, -0.00000011, -0.00000002, 0.00000005, 0.00000009, 0.00000010, 0.00000007, 0.00000002, -0.00000004, -0.00000008, -0.00000008, -0.00000004, 0.00000001, 0.00000005, 0.00000004, -0.00000001, 0.00000000
-0.00398625, -0.00248764, -0.00180607, -0.00142204, -0.00118042, -0.00101570, -0.00089488, -0.00080394, -0.00073435, -0.00067956, -0.00063497, -0.00059780, -0.00056645, -0.00053994, -0.00051753, -0.00049855, -0.00048239, -0.00046850, -0.00045643, -0.00042030, -0.00039697, -0.00038220, -0.00037213, -0.00036334, -0.00035371, -0.00034218, -0.00032821, -0.00031139, -0.00029146, -0.00026845, -0.00024275, -0.00021510, -0.00018650, -0.00015806, -0.00013083, -0.00010568, -0.00008324, -0.00006388, -0.00004768, -0.00003455, -0.00002423, -0.00001638, -0.00001060, -0.00000650, -0.00000374, -0.00000197, -0.00000093, -0.00000039, -0.00000017, -0.00000012, -0.00000015, -0.00000017, -0.00000017, -0.00000011, -0.00000003, 0.00000006, 0.00000011, 0.00000012, 0.00000007, -0.00000001, -0.00000008, -0.00000007, 0.00000001, 0.00000000
-0.00107401, -0.00068790, -0.00051459, -0.00041845, -0.00035920, -0.00031973, -0.00029147, -0.00027082, -0.00025558, -0.00024404, -0.00023500, -0.00022776, -0.00022195, -0.00021730, -0.00021364, -0.00021080, -0.00020862, -0.00020696, -0.00020571, -0.00020334, -0.00020353, -0.00020488, -0.00020597, -0.00020550, -0.00020255, -0.00019659, -0.00018741, -0.00017507, -0.00015993, -0.00014261, -0.00012394, -0.00010484, -0.00008621, -0.00006884, -0.00005332, -0.00003999, -0.00002900, -0.00002030, -0.00001369, -0.00000887, -0.00000551, -0.00000327, -0.00000186, -0.00000100, -0.00000052, -0.00000025, -0.00000011, -0.00000004, 0.00000000, 0.00000002, 0.00000002, 0.00000002, 0.00000000, -0.00000001, -0.00000001, -0.00000001, -0.00000001, 0.00000000, 0.00000001, 0.00000001, 0.00000000, -0.00000000, -0.00000000, 0.00000000
-0.00203284, -0.00126987, -0.00092728, -0.00073699, -0.00061933, -0.00054073, -0.00048428, -0.00044285, -0.00041209, -0.00038865, -0.00037024, -0.00035545, -0.00034347, -0.00033383, -0.00032614, -0.00032006, -0.00031529, -0.00031153, -0.00030857, -0.00030142, -0.00029812, -0.00029601, -0.00029279, -0.00028667, -0.00027674, -0.00026289, -0.00024544, -0.00022495, -0.00020215, -0.00017787, -0.00015306, -0.00012864, -0.00010548, -0.00008431, -0.00006563, -0.00004971, -0.00003661, -0.00002618, -0.00001817, -0.00001221, -0.00000793, -0.00000496, -0.00000296, -0.00000167, -0.00000087, -0.00000040, -0.00000015, -0.00000003, 0.00000001, -0.00000000, -0.00000003, -0.00000005, -0.00000006, -0.00000005, -0.00000002, 0.00000001, 0.00000004, 0.00000005, 0.00000003, 0.00000000, -0.00000003, -0.00000003, 0.00000000, 0.00000000
-0.00052163, -0.00035328, -0.00027915, -0.00023879, -0.00021447, -0.00019863, -0.00018744, -0.00017940, -0.00017361, -0.00016930, -0.00016595, -0.00016327, -0.00016111, -0.00015939, -0.00015805, -0.00015702, -0.00015625, -0.00015568, -0.00015526, -0.00015450, -0.00015479, -0.00015582, -0.00015706, -0.00015782, -0.00015755, -0.00015584, -0.00015238, -0.00014694, -0.00013941, -0.00012987, -0.00011856, -0.00010591, -0.00009246, -0.00007879, -0.00006547, -0.00005298, -0.00004170, -0.00003187, -0.00002361, -0.00001691, -0.00001167, -0.00000774, -0.00000490, -0.00000295, -0.00000167, -0.00000088, -0.00000043, -0.00000019, -0.00000008, -0.00000003, -0.00000001, -0.00000000, 0.00000000, 0.00000000, 0.00000001, 0.00000000, 0.00000000, -0.00000000, -0.00000000, -0.00000000, 0.00000000, 0.00000000, -0.00000000, 0.00000000
-0.00290819, -0.00186467, -0.00139078, -0.00112424, -0.00095725, -0.00084403, -0.00076141, -0.00069974, -0.00065313, -0.00061694, -0.00058789, -0.00056405, -0.00054432, -0.00052803, -0.00051467, -0.00050378, -0.00049492, -0.00048768, -0.00048174, -0.00046648, -0.00045984, -0.00045816, -0.00045789, -0.00045581, -0.00044983, -0.00043889, -0.00042253, -0.00040065, -0.00037350, -0.00034171, -0.00030635, -0.00026877, -0.00023051, -0.00019310, -0.00015786, -0.00012585, -0.00009774, -0.00007386, -0.00005424, -0.00003863, -0.00002661, -0.00001766, -0.00001125, -0.00000682, -0.00000391, -0.00000209, -0.00000103, -0.00000046, -0.00000021, -0.00000012, -0.00000010, -0.00000010, -0.00000009, -0.00000006, -0.00000002, 0.00000003, 0.00000006, 0.00000006, 0.00000004, -0.00000000, -0.00000004, -0.00000004, 0.00000000, 0.00000000
-0.00149185, -0.00096676, -0.00072797, -0.00059338, -0.00050884, -0.00045128, -0.00040904, -0.00037729, -0.00035307, -0.00033404, -0.00031857, -0.00030565, -0.00029476, -0.00028557, -0.00027782, -0.00027130, -0.00026577, -0.00026106, -0.00025698, -0.00024494, -0.00023753, -0.00023331, -0.00023070, -0.00022822, -0.00022480, -0.00021982, -0.00021284, -0.00020354, -0.00019175, -0.00017750, -0.00016110, -0.00014310, -0.00012423, -0.00010526, -0.00008696, -0.00006997, -0.00005477, -0.00004165, -0.00003071, -0.00002190, -0.00001506, -0.00000995, -0.00000628, -0.00000376, -0.00000211, -0.00000110, -0.00000053, -0.00000023, -0.00000010, -0.00000005, -0.00000005, -0.00000004, -0.00000004, -0.00000002, -0.00000000, 0.00000001, 0.00000002, 0.00000002, 0.00000001, -0.00000000, -0.00000001, -0.00000001, 0.00000000, 0.00000000
0.00150451, 0.00085607, 0.00055504, 0.00038165, 0.00026953, 0.00019076, 0.00013133, 0.00008504, 0.00004815, 0.00001786, -0.00000777, -0.00002997, -0.00004947, -0.00006673, -0.00008208, -0.00009582, -0.00010820, -0.00011944, -0.00012973, -0.00016371, -0.00018868, -0.00020582, -0.00021598, -0.00022000, -0.00021844, -0.00021175, -0.00020051, -0.00018550, -0.00016769, -0.00014817, -0.00012797, -0.00010802, -0.00008909, -0.00007173, -0.00005632, -0.00004304, -0.00003196, -0.00002300, -0.00001599, -0.00001072, -0.00000691, -0.00000428, -0.00000256, -0.00000150, -0.00000088, -0.00000053, -0.00000034, -0.00000021, -0.00000011, -0.00000002, 0.00000005, 0.00000010, 0.00000010, 0.00000007, 0.00000002, -0.00000004, -0.00000008, -0.00000008, -0.00000005, 0.00000001, 0.00000005, 0.00000005, -0.00000001, 0.00000000
-0.00224604, -0.00144897, -0.00108256, -0.00087367, -0.00074078, -0.00064910, -0.00058102, -0.00052920, -0.00048910, -0.00045715, -0.00043084, -0.00040866, -0.00038976, -0.00037360, -0.00035979, -0.00034795, -0.00033773, -0.00032883, -0.00032100, -0.00029694, -0.00028081, -0.00027009, -0.00026237, -0.00025548, -0.00024799, -0.00023908, -0.00022824, -0.00021512, -0.00019957, -0.00018171, -0.00016198, -0.00014107, -0.00011983, -0.00009914, -0.00007980, -0.00006242, -0.00004737, -0.00003484, -0.00002478, -0.00001699, -0.00001120, -0.00000706, -0.00000422, -0.00000237, -0.00000122, -0.00000056, -0.00000021, -0.00000005, -0.00000000, -0.00000000, -0.00000002, -0.00000004, -0.00000004, -0.00000003, -0.00000001, 0.00000001, 0.00000003, 0.00000003, 0.00000002, 0.00000000, -0.00000002, -0.00000002, -0.00000000, 0.00000000
-0.00095396, -0.00063248, -0.00048509, -0.00040120, -0.00034789, -0.00031117, -0.00028384, -0.00026299, -0.00024683, -0.00023393, -0.00022327, -0.00021423, -0.00020648, -0.00019982, -0.00019410, -0.00018919, -0.00018494, -0.00018124, -0.00017798, -0.00016796, -0.00016131, -0.00015715, -0.00015453, -0.00015249, -0.00015034, -0.00014767, -0.00014414, -0.00013949, -0.00013350, -0.00012603, -0.00011710, -0.00010690, -0.00009573, -0.00008401, -0.00007216, -0.00006061, -0.00004973, -0.00003982, -0.00003105, -0.00002355, -0.00001731, -0.00001230, -0.00000841, -0.00000550, -0.00000342, -0.00000201, -0.00000110, -0.00000057, -0.00000029, -0.00000016, -0.00000011, -0.00000009, -0.00000007, -0.00000004, -0.00000001, 0.00000003, 0.00000005, 0.00000004, 0.00000002, -0.00000001, -0.00000003, -0.00000002, 0.00000000, 0.00000000
-0.00192226, -0.00119547, -0.00086689, -0.00068288, -0.00056785, -0.00048997, -0.00043323, -0.00039079, -0.00035854, -0.00033331, -0.00031290, -0.00029597, -0.00028176, -0.00026979, -0.00025970, -0.00025118, -0.00024394, -0.00023771, -0.00023228, -0.00021572, -0.00020412, -0.00019527, -0.00018730, -0.00017868, -0.00016859, -0.00015683, -0.00014356, -0.00012907, -0.00011376, -0.00009809, -0.00008259, -0.00006777, -0.00005412, -0.00004200, -0.00003164, -0.00002312, -0.00001638, -0.00001124, -0.00000748, -0.00000482, -0.00000301, -0.00000181, -0.00000104, -0.00000055, -0.00000024, -0.00000007, 0.00000003, 0.00000006, 0.00000005, 0.00000001, -0.00000003, -0.00000006, -0.00000007, -0.00000006, -0.00000002, 0.00000002, 0.00000005, 0.00000006, 0.00000004, -0.00000000, -0.00000004, -0.00000004, 0.00000000, 0.00000000
-0.00010671, -0.00014838, -0.00016756, -0.00017836, -0.00018548, -0.00019062, -0.00019447, -0.00019761, -0.00020032, -0.00020272, -0.00020488, -0.00020687, -0.00020874, -0.00021057, -0.00021237, -0.00021417, -0.00021597, -0.00021775, -0.00021953, -0.00022640, -0.00023261, -0.00023748, -0.00024015, -0.00023984, -0.00023598, -0.00022834, -0.00021694, -0.00020210, -0.00018440, -0.00016463, -0.00014368, -0.00012247, -0.00010187, -0.00008262, -0.00006525, -0.00005012, -0.00003739, -0.00002703, -0.00001890, -0.00001275, -0.00000827, -0.00000515, -0.00000307, -0.00000175, -0.00000095, -0.00000050, -0.00000025, -0.00000012, -0.00000005, -0.00000001, 0.00000002, 0.00000003, 0.00000003, 0.00000002, 0.00000000, -0.00000002, -0.00000003, -0.00000002, -0.00000001, 0.00000001, 0.00000002, 0.00000001, -0.00000000, 0.00000000
-0.00089491, -0.00056942, -0.00042256, -0.00034041, -0.00028921, -0.00025463, -0.00022939, -0.00021049, -0.00019610, -0.00018478, -0.00017552, -0.00016771, -0.00016100, -0.00015520, -0.00015016, -0.00014574, -0.00014180, -0.00013824, -0.00013495, -0.00012331, -0.00011279, -0.00010278, -0.00009283, -0.00008261, -0.00007211, -0.00006157, -0.00005132, -0.00004166, -0.00003283, -0.00002500, -0.00001825, -0.00001264, -0.00000816, -0.00000475, -0.00000231, -0.00000069, 0.00000027, 0.00000074, 0.00000088, 0.00000082, 0.00000067, 0.00000050, 0.00000035, 0.00000025, 0.00000018, 0.00000013, 0.00000010, 0.00000008, 0.00000005, 0.00000001, -0.00000002, -0.00000004, -0.00000005, -0.00000004, -0.00000001, 0.00000001, 0.00000003, 0.00000004, 0.00000002, -0.00000000, -0.00000003, -0.00000002, 0.00000000, 0.00000000
-0.00178310, -0.00114644, -0.00085757, -0.00069511, -0.00059331, -0.00052425, -0.00047378, -0.00043606, -0.00040748, -0.00038521, -0.00036728, -0.00035250, -0.00034021, -0.00033001, -0.00032158, -0.00031464, -0.00030892, -0.00030417, -0.00030020, -0.00028937, -0.00028349, -0.00028021, -0.00027726, -0.00027274, -0.00026546, -0.00025492, -0.00024104, -0.00022402, -0.00020428, -0.00018246, -0.00015939, -0.00013599, -0.00011319, -0.00009182, -0.00007253, -0.00005572, -0.00004160, -0.00003014, -0.00002116, -0.00001437, -0.00000941, -0.00000592, -0.00000355, -0.00000202, -0.00000107, -0.00000051, -0.00000021, -0.00000006, -0.00000001, -0.00000001, -0.00000002, -0.00000004, -0.00000004, -0.00000004, -0.00000002, 0.00000001, 0.00000003, 0.00000003, 0.00000002, 0.00000000, -0.00000002, -0.00000002, -0.00000000, 0.00000000
0.00077220, 0.00046972, 0.00032700, 0.00024356, 0.00018894, 0.00015021, 0.00012079, 0.00009784, 0.00007960, 0.00006475, 0.00005232, 0.00004169, 0.00003251, 0.00002453, 0.00001759, 0.00001151, 0.00000616, 0.00000141, -0.00000284, -0.00001643, -0.00002639, -0.00003388, -0.00003957, -0.00004390, -0.00004697, -0.00004867, -0.00004884, -0.00004745, -0.00004463, -0.00004065, -0.00003584, -0.00003059, -0.00002525, -0.00002013, -0.00001546, -0.00001140, -0.00000803, -0.00000537, -0.00000337, -0.00000197, -0.00000106, -0.00000053, -0.00000025, -0.00000015, -0.00000013, -0.00000013, -0.00000013, -0.00000011, -0.00000006, -0.00000001, 0.00000004, 0.00000007, 0.00000007, 0.00000005, 0.00000001, -0.00000003, -0.00000006, -0.00000006, -0.00000003, 0.00000001, 0.00000004, 0.00000003, -0.00000001, 0.00000000
-0.00519552, -0.00322965, -0.00233446, -0.00182936, -0.00151109, -0.00129386, -0.00113438, -0.00101420, -0.00092212, -0.00084953, -0.00079042, -0.00074113, -0.00069954, -0.00066435, -0.00063457, -0.00060932, -0.00058778, -0.00056922, -0.00055304, -0.00050418, -0.00047141, -0.00044861, -0.00043049, -0.00041273, -0.00039290, -0.00037017, -0.00034450, -0.00031611, -0.00028541, -0.00025298, -0.00021969, -0.00018657, -0.00015473, -0.00012519, -0.00009874, -0.00007589, -0.00005681, -0.00004140, -0.00002935, -0.00002022, -0.00001349, -0.00000866, -0.00000530, -0.00000303, -0.00000156, -0.00000066, -0.00000017, 0.00000003, 0.00000006, -0.00000001, -0.00000011, -0.00000019, -0.00000020, -0.00000016, -0.00000006, 0.00000006, 0.00000014, 0.00000016, 0.00000010, -0.00000001, -0.00000010, -0.00000010, 0.00000001, 0.00000000
0.00119736, 0.00069212, 0.00045132, 0.00030878, 0.00021394, 0.00014545, 0.00009245, 0.00005011, 0.00001549, -0.00001360, -0.00003875, -0.00006096, -0.00008086, -0.00009886, -0.00011526, -0.00013032, -0.00014425, -0.00015725, -0.00016948, -0.00021277, -0.00024940, -0.00028022, -0.00030521, -0.00032402, -0.00033607, -0.00034079, -0.00033785, -0.00032739, -0.00031004, -0.00028686, -0.00025924, -0.00022876, -0.00019700, -0.00016546, -0.00013541, -0.00010785, -0.00008349, -0.00006271, -0.00004562, -0.00003207, -0.00002174, -0.00001419, -0.00000891, -0.00000539, -0.00000316, -0.00000181, -0.00000103, -0.00000057, -0.00000028, -0.00000010, 0.00000003, 0.00000010, 0.00000013, 0.00000010, 0.00000003, -0.00000004, -0.00000010, -0.00000011, -0.00000006, 0.00000001, 0.00000007, 0.00000006, -0.00000001, 0.00000000
-0.00031214, -0.00026118, -0.00023792, -0.00022466, -0.00021654, -0.00021106, -0.00020698, -0.00020401, -0.00020186, -0.00020022, -0.00019886, -0.00019771, -0.00019676, -0.00019600, -0.00019543, -0.00019503, -0.00019475, -0.00019457, -0.00019447, -0.00019472, -0.00019626, -0.00019909, -0.00020261, -0.00020602, -0.00020852, -0.00020927, -0.00020741, -0.00020221, -0.00019323, -0.00018045, -0.00016429, -0.00014554, -0.00012525, -0.00010456, -0.00008454, -0.00006607, -0.00004981, -0.00003611, -0.00002509, -0.00001664, -0.00001048, -0.00000624, -0.00000350, -0.00000185, -0.00000094, -0.00000048, -0.00000026, -0.00000014, -0.00000006, 0.00000002, 0.00000008, 0.00000012, 0.00000012, 0.00000008, 0.00000001, -0.00000005, -0.00000009, -0.00000009, -0.00000004, 0.00000002, 0.00000006, 0.00000005, -0.00000001, 0.00000000
-0.00053112, -0.00033577, -0.00024906, -0.00020140, -0.00017223, -0.00015290, -0.00013911, -0.00012902, -0.00012154, -0.00011584, -0.00011134, -0.00010770, -0.00010471, -0.00010228, -0.00010031, -0.00009873, -0.00009746, -0.00009643, -0.00009560, -0.00009346, -0.00009246, -0.00009200, -0.00009145, -0.00009027, -0.00008808, -0.00008473, -0.00008017, -0.00007447, -0.00006779, -0.00006036, -0.00005249, -0.00004451, -0.00003677, -0.00002955, -0.00002308, -0.00001749, -0.00001284, -0.00000911, -0.00000624, -0.00000412, -0.00000260, -0.00000157, -0.00000090, -0.00000048, -0.00000024, -0.00000011, -0.00000004, -0.00000001, 0.00000000, 0.00000000, 0.00000000, -0.00000000, -0.00000001, -0.00000001, -0.00000001, -0.00000000, 0.00000000, 0.00000001, 0.00000001, 0.00000000, -0.00000000, -0.00000000, -0.00000000, 0.00000000
0.00025415, 0.00012715, 0.00006571, 0.00002896, 0.00000421, -0.00001386, -0.00002790, -0.00003919, -0.00004847, -0.00005630, -0.00006308, -0.00006907, -0.00007444, -0.00007932, -0.00008378, -0.00008789, -0.00009171, -0.00009530, -0.00009868, -0.00011078, -0.00012110, -0.00012962, -0.00013606, -0.00014005, -0.00014125, -0.00013942, -0.00013450, -0.00012669, -0.00011643, -0.00010434, -0.00009112, -0.00007752, -0.00006420, -0.00005172, -0.00004047, -0.00003073, -0.00002260, -0.00001605, -0.00001099, -0.00000724, -0.00000457, -0.00000276, -0.00000161, -0.00000091, -0.00000051, -0.00000029, -0.00000017, -0.00000010, -0.00000004, 0.00000000, 0.00000003, 0.00000005, 0.00000005, 0.00000003, 0.00000000, -0.00000002, -0.00000004, -0.00000003, -0.00000002, 0.00000001, 0.00000002, 0.00000002, -0.00000000, 0.00000000
-0.00109482, -0.00074870, -0.00059016, -0.00050005, -0.00044304, -0.00040393, -0.00037494, -0.00035296, -0.00033606, -0.00032267, -0.00031165, -0.00030234, -0.00029437, -0.00028754, -0.00028167, -0.00027661, -0.00027221, -0.00026833, -0.00026483, -0.00025326, -0.00024373, -0.00023504, -0.00022605, -0.00021584, -0.00020396, -0.00019035, -0.00017523, -0.00015888, -0.00014169, -0.00012410, -0.00010659, -0.00008965, -0.00007375, -0.00005927, -0.00004649, -0.00003556, -0.00002648, -0.00001918, -0.00001348, -0.00000918, -0.00000602, -0.00000379, -0.00000227, -0.00000127, -0.00000064, -0.00000027, -0.00000008, 0.00000001, 0.00000003, 0.00000002, -0.00000001, -0.00000003, -0.00000003, -0.00000003, -0.00000001, 0.00000001, 0.00000003, 0.00000003, 0.00000002, -0.00000000, -0.00000002, -0.00000002, 0.00000000, 0.00000000
-0.00142914, -0.00090301, -0.00066470, -0.00053078, -0.00044677, -0.00038962, -0.00034770, -0.00031615, -0.00029198, -0.00027292, -0.00025735, -0.00024431, -0.00023326, -0.00022387, -0.00021588, -0.00020906, -0.00020322, -0.00019815, -0.00019371, -0.00018008, -0.00017082, -0.00016440, -0.00015934, -0.00015434, -0.00014859, -0.00014167, -0.00013345, -0.00012389, -0.00011309, -0.00010126, -0.00008877, -0.00007605, -0.00006358, -0.00005182, -0.00004113, -0.00003177, -0.00002386, -0.00001740, -0.00001231, -0.00000843, -0.00000557, -0.00000354, -0.00000214, -0.00000122, -0.00000064, -0.00000029, -0.00000010, -0.00000002, 0.00000001, -0.00000000, -0.00000002, -0.00000004, -0.00000004, -0.00000003, -0.00000001, 0.00000001, 0.00000003, 0.00000003, 0.00000002, -0.00000000, -0.00000002, -0.00000002, 0.00000000, 0.00000000
-0.00128366, -0.00078110, -0.00055552, -0.00043008, -0.00035215, -0.00029967, -0.00026163, -0.00023331, -0.00021188, -0.00019518, -0.00018171, -0.00017058, -0.00016126, -0.00015344, -0.00014688, -0.00014136, -0.00013670, -0.00013272, -0.00012928, -0.00011901, -0.00011238, -0.00010816, -0.00010523, -0.00010259, -0.00009964, -0.00009612, -0.00009187, -0.00008682, -0.00008090, -0.00007414, -0.00006665, -0.00005868, -0.00005052, -0.00004249, -0.00003488, -0.00002794, -0.00002183, -0.00001661, -0.00001230, -0.00000885, -0.00000617, -0.00000416, -0.00000268, -0.00000165, -0.00000095, -0.00000050, -0.00000024, -0.00000010, -0.00000005, -0.00000004, -0.00000005, -0.00000005, -0.00000005, -0.00000004, -0.00000001, 0.00000002, 0.00000003, 0.00000004, 0.00000002, -0.00000000, -0.00000002, -0.00000002, 0.00000000, 0.00000000
-0.00009232, -0.00012695, -0.00014564, -0.00015785, -0.00016698, -0.00017430, -0.00018036, -0.00018562, -0.00019033, -0.00019461, -0.00019852, -0.00020215, -0.00020555, -0.00020880, -0.00021192, -0.00021493, -0.00021785, -0.00022067, -0.00022339, -0.00023328, -0.00024138, -0.00024719, -0.00025002, -0.00024926, -0.00024456, -0.00023583, -0.00022326, -0.00020730, -0.00018863, -0.00016806, -0.00014652, -0.00012490, -0.00010403, -0.00008459, -0.00006708, -0.00005183, -0.00003895, -0.00002844, -0.00002013, -0.00001378, -0.00000910, -0.00000579, -0.00000353, -0.00000207, -0.00000116, -0.00000062, -0.00000032, -0.00000016, -0.00000007, -0.00000002, 0.00000001, 0.00000002, 0.00000003, 0.00000002, 0.00000000, -0.00000001, -0.00000002, -0.00000002, -0.00000001, 0.00000000, 0.00000001, 0.00000001, -0.00000000, 0.00000000
0.00086034, 0.00055169, 0.00040371, 0.00031587, 0.00025763, 0.00021582, 0.00018375, 0.00015855, 0.00013841, 0.00012193, 0.00010809, 0.00009625, 0.00008603, 0.00007716, 0.00006946, 0.00006274, 0.00005685, 0.00005165, 0.00004701, 0.00003248, 0.00002219, 0.00001459, 0.00000859, 0.00000350, -0.00000101, -0.00000496, -0.00000832, -0.00001100, -0.00001299, -0.00001427, -0.00001487, -0.00001483, -0.00001422, -0.00001313, -0.00001169, -0.00001003, -0.00000828, -0.00000658, -0.00000501, -0.00000365, -0.00000255, -0.00000170, -0.00000110, -0.00000069, -0.00000043, -0.00000028, -0.00000019, -0.00000012, -0.00000007, -0.00000003, 0.00000001, 0.00000004, 0.00000005, 0.00000004, 0.00000001, -0.00000001, -0.00000004, -0.00000004, -0.00000003, 0.00000000, 0.00000003, 0.00000002, -0.00000000, 0.00000000
-0.00195421, -0.00128163, -0.00097294, -0.00079726, -0.00068590, -0.00060948, -0.00055301, -0.00051034, -0.00047766, -0.00045192, -0.00043100, -0.00041359, -0.00039899, -0.00038674, -0.00037650, -0.00036798, -0.00036086, -0.00035487, -0.00034980, -0.00033555, -0.00032744, -0.00032278, -0.00031902, -0.00031396, -0.00030618, -0.00029506, -0.00028038, -0.00026223, -0.00024095, -0.00021714, -0.00019161, -0.00016536, -0.00013939, -0.00011468, -0.00009199, -0.00007189, -0.00005469, -0.00004044, -0.00002903, -0.00002019, -0.00001357, -0.00000878, -0.00000544, -0.00000321, -0.00000177, -0.00000090, -0.00000041, -0.00000017, -0.00000006, -0.00000003, -0.00000004, -0.00000005, -0.00000005, -0.00000004, -0.00000002, 0.00000001, 0.00000003, 0.00000004, 0.00000003, -0.00000000, -0.00000002, -0.00000002, 0.00000000, 0.00000000
-0.00202396, -0.00127151, -0.00093262, -0.00074356, -0.00062591, -0.00054664, -0.00048910, -0.00044629, -0.00041395, -0.00038882, -0.00036861, -0.00035196, -0.00033810, -0.00032655, -0.00031697, -0.00030902, -0.00030242, -0.00029690, -0.00029223, -0.00027917, -0.00027189, -0.00026819, -0.00026597, -0.00026325, -0.00025878, -0.00025190, -0.00024230, -0.00022986, -0.00021464, -0.00019690, -0.00017714, -0.00015608, -0.00013453, -0.00011334, -0.00009325, -0.00007488, -0.00005864, -0.00004473, -0.00003319, -0.00002391, -0.00001668, -0.00001123, -0.00000725, -0.00000447, -0.00000260, -0.00000141, -0.00000070, -0.00000032, -0.00000014, -0.00000008, -0.00000008, -0.00000008, -0.00000007, -0.00000005, -0.00000001, 0.00000002, 0.00000005, 0.00000005, 0.00000003, -0.00000001, -0.00000003, -0.00000003, 0.00000000, 0.00000000
-0.00312465, -0.00196415, -0.00143473, -0.00113539, -0.00094642, -0.00081713, -0.00072192, -0.00064998, -0.00059473, -0.00055106, -0.00051537, -0.00048550, -0.00046020, -0.00043872, -0.00042047, -0.00040493, -0.00039163, -0.00038012, -0.00037006, -0.00033954, -0.00031935, -0.00030613, -0.00029681, -0.00028867, -0.00028000, -0.00026995, -0.00025804, -0.00024396, -0.00022749, -0.00020866, -0.00018780, -0.00016552, -0.00014265, -0.00012008, -0.00009862, -0.00007898, -0.00006161, -0.00004676, -0.00003448, -0.00002465, -0.00001702, -0.00001130, -0.00000717, -0.00000429, -0.00000238, -0.00000119, -0.00000052, -0.00000018, -0.00000006, -0.00000005, -0.00000009, -0.00000012, -0.00000012, -0.00000008, -0.00000002, 0.00000004, 0.00000008, 0.00000009, 0.00000005, -0.00000001, -0.00000005, -0.00000005, 0.00000000, 0.00000000
-0.00032200, -0.00022497, -0.00018541, -0.00016588, -0.00015562, -0.00015005, -0.00014697, -0.00014550, -0.00014511, -0.00014536, -0.00014600, -0.00014689, -0.00014797, -0.00014922, -0.00015061, -0.00015211, -0.00015369, -0.00015532, -0.00015700, -0.00016391, -0.00017102, -0.00017795, -0.00018395, -0.00018821, -0.00019000, -0.00018873, -0.00018403, -0.00017576, -0.00016414, -0.00014964, -0.00013303, -0.00011518, -0.00009705, -0.00007948, -0.00006320, -0.00004872, -0.00003635, -0.00002619, -0.00001818, -0.00001212, -0.00000774, -0.00000472, -0.00000275, -0.00000154, -0.00000083, -0.00000044, -0.00000024, -0.00000012, -0.00000005, 0.00000000, 0.00000004, 0.00000006, 0.00000005, 0.00000003, 0.00000000, -0.00000003, -0.00000004, -0.00000004, -0.00000002, 0.00000001, 0.00000003, 0.00000002, -0.00000001, 0.00000000
-0.00063382, -0.00045221, -0.00037248, -0.00032912, -0.00030304, -0.00028613, -0.00027424, -0.00026578, -0.00025978, -0.00025543, -0.00025219, -0.00024973, -0.00024791, -0.00024665, -0.00024589, -0.00024557, -0.00024561, -0.00024594, -0.00024651, -0.00025040, -0.00025600, -0.00026237, -0.00026826, -0.00027233, -0.00027352, -0.00027112, -0.00026469, -0.00025409, -0.00023944, -0.00022119, -0.00020008, -0.00017702, -0.00015304, -0.00012919, -0.00010637, -0.00008535, -0.00006665, -0.00005058, -0.00003725, -0.00002656, -0.00001828, -0.00001212, -0.00000771, -0.00000469, -0.00000272, -0.00000149, -0.00000078, -0.00000039, -0.00000018, -0.00000008, -0.00000003, -0.00000000, 0.00000001, 0.00000001, 0.00000001, -0.00000000, -0.00000001, -0.00000001, -0.00000001, 0.00000000, 0.00000001, 0.00000001, -0.00000000, 0.00000000
-0.00131503, -0.00081490, -0.00058641, -0.00045730, -0.00037603, -0.00032061, -0.00028001, -0.00024958, -0.00022646, -0.00020841, -0.00019384, -0.00018179, -0.00017174, -0.00016333, -0.00015632, -0.00015046, -0.00014555, -0.00014138, -0.00013780, -0.00012723, -0.00012054, -0.00011651, -0.00011403, -0.00011213, -0.00011028, -0.00010824, -0.00010577, -0.00010256, -0.00009826, -0.00009260, -0.00008552, -0.00007716, -0.00006784, -0.00005802, -0.00004819, -0.00003882, -0.00003028, -0.00002283, -0.00001660, -0.00001160, -0.00000776, -0.00000494, -0.00000297, -0.00000167, -0.00000086, -0.00000040, -0.00000016, -0.00000005, -0.00000002, -0.00000001, -0.00000001, -0.00000001, -0.00000001, -0.00000001, 0.00000000, 0.00000001, 0.00000001, 0.00000001, 0.00000001, 0.00000000, -0.00000000, -0.00000000, -0.00000000, 0.00000000
-0.00143609, -0.00094735, -0.00073086, -0.00061257, -0.00054112, -0.00049480, -0.00046256, -0.00043992, -0.00042411, -0.00041294, -0.00040492, -0.00039912, -0.00039507, -0.00039244, -0.00039102, -0.00039057, -0.00039089, -0.00039178, -0.00039307, -0.00040005, -0.00040705, -0.00041172, -0.00041202, -0.00040638, -0.00039416, -0.00037546, -0.00035097, -0.00032170, -0.00028891, -0.00025400, -0.00021843, -0.00018357, -0.00015065, -0.00012064, -0.00009418, -0.00007161, -0.00005298, -0.00003809, -0.00002657, -0.00001795, -0.00001172, -0.00000738, -0.00000446, -0.00000257, -0.00000140, -0.00000072, -0.00000033, -0.00000013, -0.00000005, -0.00000002, -0.00000001, -0.00000002, -0.00000003, -0.00000003, -0.00000001, 0.00000000, 0.00000002, 0.00000002, 0.00000002, 0.00000000, -0.00000001, -0.00000001, -0.00000000, 0.00000000
-0.00109504, -0.00067740, -0.00049265, -0.00039161, -0.00033013, -0.00028976, -0.00026126, -0.00024072, -0.00022577, -0.00021463, -0.00020609, -0.00019940, -0.00019417, -0.00019012, -0.00018707, -0.00018484, -0.00018328, -0.00018223, -0.00018159, -0.00018139, -0.00018304, -0.00018496, -0.00018575, -0.00018425, -0.00017984, -0.00017235, -0.00016198, -0.00014912, -0.00013433, -0.00011829, -0.00010171, -0.00008532, -0.00006977, -0.00005556, -0.00004306, -0.00003244, -0.00002374, -0.00001686, -0.00001160, -0.00000772, -0.00000496, -0.00000307, -0.00000182, -0.00000102, -0.00000054, -0.00000026, -0.00000010, -0.00000003, -0.00000000, 0.00000000, -0.00000001, -0.00000002, -0.00000003, -0.00000002, -0.00000001, 0.00000000, 0.00000002, 0.00000002, 0.00000002, 0.00000000, -0.00000001, -0.00000001, -0.00000000, 0.00000000
0.00137655, 0.00078457, 0.00051094, 0.00035414, 0.00025342, 0.00018326, 0.00013084, 0.00009049, 0.00005879, 0.00003319, 0.00001188, -0.00000627, -0.00002196, -0.00003562, -0.00004759, -0.00005815, -0.00006754, -0.00007598, -0.00008366, -0.00010912, -0.00012889, -0.00014430, -0.00015597, -0.00016422, -0.00016897, -0.00016994, -0.00016698, -0.00016016, -0.00014993, -0.00013695, -0.00012205, -0.00010609, -0.00008991, -0.00007422, -0.00005962, -0.00004653, -0.00003522, -0.00002579, -0.00001823, -0.00001240, -0.00000810, -0.00000508, -0.00000307, -0.00000181, -0.00000106, -0.00000064, -0.00000039, -0.00000024, -0.00000012, -0.00000002, 0.00000006, 0.00000010, 0.00000011, 0.00000008, 0.00000002, -0.00000004, -0.00000008, -0.00000009, -0.00000005, 0.00000001, 0.00000006, 0.00000005, -0.00000001, 0.00000000
-0.00274353, -0.00173137, -0.00126285, -0.00099395, -0.00082184, -0.00070240, -0.00061335, -0.00054535, -0.00049262, -0.00045056, -0.00041596, -0.00038685, -0.00036212, -0.00034107, -0.00032315, -0.00030787, -0.00029478, -0.00028347, -0.00027359, -0.00024410, -0.00022579, -0.00021547, -0.00021022, -0.00020741, -0.00020532, -0.00020285, -0.00019910, -0.00019325, -0.00018460, -0.00017281, -0.00015799, -0.00014070, -0.00012180, -0.00010235, -0.00008337, -0.00006574, -0.00005010, -0.00003682, -0.00002603, -0.00001764, -0.00001139, -0.00000696, -0.00000397, -0.00000208, -0.00000095, -0.00000035, -0.00000006, 0.00000005, 0.00000006, 0.00000004, 0.00000001, -0.00000001, -0.00000002, -0.00000002, -0.00000001, 0.00000001, 0.00000002, 0.00000002, 0.00000002, 0.00000001, -0.00000001, -0.00000001, -0.00000000, 0.00000000
-0.00540070, -0.00331156, -0.00236100, -0.00182473, -0.00148639, -0.00125494, -0.00108457, -0.00095568, -0.00085638, -0.00077761, -0.00071306, -0.00065885, -0.00061275, -0.00057337, -0.00053966, -0.00051071, -0.00048567, -0.00046379, -0.00044442, -0.00038408, -0.00034192, -0.00031221, -0.00029015, -0.00027166, -0.00025444, -0.00023756, -0.00022064, -0.00020338, -0.00018547, -0.00016675, -0.00014731, -0.00012752, -0.00010795, -0.00008927, -0.00007206, -0.00005676, -0.00004364, -0.00003273, -0.00002393, -0.00001703, -0.00001175, -0.00000780, -0.00000492, -0.00000289, -0.00000151, -0.00000064, -0.00000015, 0.00000005, 0.00000006, -0.00000003, -0.00000014, -0.00000022, -0.00000024, -0.00000017, -0.00000006, 0.00000007, 0.00000016, 0.00000018, 0.00000011, -0.00000002, -0.00000011, -0.00000011, 0.00000001, 0.00000000
0.00012852, 0.00002707, -0.00002057, -0.00004830, -0.00006656, -0.00007961, -0.00008953, -0.00009738, -0.00010377, -0.00010911, -0.00011367, -0.00011766, -0.00012120, -0.00012441, -0.00012734, -0.00013005, -0.00013259, -0.00013498, -0.00013724, -0.00014550, -0.00015291, -0.00015957, -0.00016516, -0.00016924, -0.00017131, -0.00017095, -0.00016786, -0.00016190, -0.00015315, -0.00014191, -0.00012866, -0.00011403, -0.00009871, -0.00008338, -0.00006866, -0.00005505, -0.00004292, -0.00003249, -0.00002384, -0.00001691, -0.00001157, -0.00000762, -0.00000482, -0.00000292, -0.00000170, -0.00000095, -0.00000052, -0.00000027, -0.00000013, -0.00000005, -0.00000000, 0.00000003, 0.00000003, 0.00000003, 0.00000001, -0.00000001, -0.00000003, -0.00000003, -0.00000002, 0.00000000, 0.00000002, 0.00000002, -0.00000000, 0.00000000
-0.00033841, -0.00024492, -0.00020430, -0.00018245, -0.00016947, -0.00016116, -0.00015533, -0.00015120, -0.00014827, -0.00014612, -0.00014447, -0.00014315, -0.00014209, -0.00014127, -0.00014065, -0.00014020, -0.00013990, -0.00013972, -0.00013962, -0.00013975, -0.00014050, -0.00014162, -0.00014264, -0.00014301, -0.00014225, -0.00014002, -0.00013610, -0.00013036, -0.00012281, -0.00011360, -0.00010302, -0.00009149, -0.00007948, -0.00006746, -0.00005591, -0.00004518, -0.00003557, -0.00002724, -0.00002026, -0.00001461, -0.00001018, -0.00000684, -0.00000442, -0.00000273, -0.00000161, -0.00000090, -0.00000047, -0.00000024, -0.00000011, -0.00000005, -0.00000002, -0.00000001, -0.00000000, 0.00000000, 0.00000000, 0.00000000, -0.00000000, -0.00000000, -0.00000000, -0.00000000, 0.00000000, 0.00000000, -0.00000000, 0.00000000
-0.00279032, -0.00176482, -0.00129934, -0.00103748, -0.00087303, -0.00076114, -0.00067917, -0.00061758, -0.00057056, -0.00053364, -0.00050366, -0.00047872, -0.00045776, -0.00044010, -0.00042525, -0.00041275, -0.00040218, -0.00039317, -0.00038539, -0.00036246, -0.00034783, -0.00033825, -0.00033074, -0.00032273, -0.00031268, -0.00029995, -0.00028435, -0.00026592, -0.00024485, -0.00022157, -0.00019669, -0.00017104, -0.00014553, -0.00012104, -0.00009833, -0.00007798, -0.00006032, -0.00004547, -0.00003335, -0.00002376, -0.00001640, -0.00001092, -0.00000696, -0.00000422, -0.00000239, -0.00000124, -0.00000057, -0.00000023, -0.00000009, -0.00000006, -0.00000009, -0.00000011, -0.00000011, -0.00000008, -0.00000002, 0.00000003, 0.00000007, 0.00000008, 0.00000005, -0.00000001, -0.00000005, -0.00000005, 0.00000000, 0.00000000
-0.00074697, -0.00053552, -0.00044287, -0.00039290, -0.00036335, -0.00034466, -0.00033197, -0.00032342, -0.00031785, -0.00031429, -0.00031204, -0.00031074, -0.00031019, -0.00031029, -0.00031096, -0.00031210, -0.00031361, -0.00031542, -0.00031744, -0.00032666, -0.00033638, -0.00034524, -0.00035167, -0.00035421, -0.00035186, -0.00034411, -0.00033085, -0.00031234, -0.00028919, -0.00026231, -0.00023287, -0.00020215, -0.00017145, -0.00014195, -0.00011463, -0.00009018, -0.00006905, -0.00005137, -0.00003706, -0.00002589, -0.00001746, -0.00001133, -0.00000706, -0.00000420, -0.00000239, -0.00000128, -0.00000066, -0.00000031, -0.00000014, -0.00000005, -0.00000001, 0.00000001, 0.00000002, 0.00000001, 0.00000000, -0.00000001, -0.00000001, -0.00000001, -0.00000001, 0.00000000, 0.00000001, 0.00000001, -0.00000000, 0.00000000
-0.00035826, -0.00026411, -0.00022415, -0.00020324, -0.00019134, -0.00018414, -0.00017945, -0.00017648, -0.00017472, -0.00017375, -0.00017329, -0.00017319, -0.00017338, -0.00017382, -0.00017449, -0.00017534, -0.00017634, -0.00017746, -0.00017866, -0.00018387, -0.00018906, -0.00019335, -0.00019578, -0.00019548, -0.00019191, -0.00018483, -0.00017432, -0.00016077, -0.00014481, -0.00012725, -0.00010900, -0.00009092, -0.00007379, -0.00005820, -0.00004455, -0.00003306, -0.00002373, -0.00001644, -0.00001097, -0.00000703, -0.00000431, -0.00000253, -0.00000142, -0.00000076, -0.00000040, -0.00000020, -0.00000010, -0.00000004, -0.00000001, 0.00000001, 0.00000002, 0.00000002, 0.00000002, 0.00000001, -0.00000001, -0.00000001, -0.00000002, -0.00000001, -0.00000000, 0.00000001, 0.00000001, 0.00000000, -0.00000000, 0.00000000
-0.00162742, -0.00102129, -0.00074522, -0.00058932, -0.00049102, -0.00042381, -0.00037433, -0.00033694, -0.00030821, -0.00028547, -0.00026687, -0.00025127, -0.00023804, -0.00022677, -0.00021717, -0.00020896, -0.00020191, -0.00019578, -0.00019039, -0.00017381, -0.00016257, -0.00015496, -0.00014940, -0.00014449, -0.00013935, -0.00013353, -0.00012678, -0.00011892, -0.00010990, -0.00009975, -0.00008870, -0.00007711, -0.00006542, -0.00005411, -0.00004359, -0.00003416, -0.00002602, -0.00001924, -0.00001380, -0.00000957, -0.00000639, -0.00000410, -0.00000250, -0.00000143, -0.00000074, -0.00000034, -0.00000012, -0.00000002, 0.00000001, -0.00000000, -0.00000003, -0.00000004, -0.00000005, -0.00000004, -0.00000001, 0.00000001, 0.00000003, 0.00000004, 0.00000002, -0.00000000, -0.00000002, -0.00000002, 0.00000000, 0.00000000
-0.00015449, -0.00012803, -0.00011652, -0.00011027, -0.00010680, -0.00010479, -0.00010348, -0.00010275, -0.00010249, -0.00010252, -0.00010271, -0.00010297, -0.00010331, -0.00010372, -0.00010421, -0.00010478, -0.00010540, -0.00010607, -0.00010677, -0.00010967, -0.00011273, -0.00011600, -0.00011923, -0.00012200, -0.00012394, -0.00012472, -0.00012407, -0.00012175, -0.00011760, -0.00011160, -0.00010385, -0.00009462, -0.00008432, -0.00007340, -0.00006235, -0.00005163, -0.00004163, -0.00003264, -0.00002484, -0.00001831, -0.00001304, -0.00000894, -0.00000589, -0.00000370, -0.00000222, -0.00000126, -0.00000067, -0.00000035, -0.00000017, -0.00000009, -0.00000005, -0.00000003, -0.00000001, 0.00000000, 0.00000001, 0.00000001, 0.00000001, 0.00000000, -0.00000000, -0.00000000, -0.00000000, 0.00000000, 0.00000000, 0.00000000
-0.00065914, -0.00049952, -0.00042610, -0.00038415, -0.00035765, -0.00033954, -0.00032610, -0.00031601, -0.00030839, -0.00030247, -0.00029770, -0.00029377, -0.00029053, -0.00028790, -0.00028578, -0.00028412, -0.00028282, -0.00028182, -0.00028105, -0.00027940, -0.00027882, -0.00027797, -0.00027548, -0.00027016, -0.00026124, -0.00024840, -0.00023173, -0.00021168, -0.00018904, -0.00016480, -0.00014006, -0.00011590, -0.00009328, -0.00007292, -0.00005529, -0.00004058, -0.00002878, -0.00001967, -0.00001292, -0.00000812, -0.00000487, -0.00000278, -0.00000150, -0.00000077, -0.00000037, -0.00000017, -0.00000007, -0.00000001, 0.00000001, 0.00000003, 0.00000003, 0.00000002, 0.00000001, -0.00000000, -0.00000001, -0.00000002, -0.00000001, -0.00000000, 0.00000000, 0.00000001, 0.00000001, -0.00000000, -0.00000000, 0.00000000
0.00019709, 0.00009869, 0.00004571, 0.00001077, -0.00001494, -0.00003505, -0.00005161, -0.00006563, -0.00007767, -0.00008814, -0.00009736, -0.00010560, -0.00011304, -0.00011983, -0.00012607, -0.00013182, -0.00013715, -0.00014211, -0.00014674, -0.00016293, -0.00017699, -0.00019006, -0.00020231, -0.00021344, -0.00022293, -0.00022999, -0.00023370, -0.00023317, -0.00022778, -0.00021733, -0.00020214, -0.00018298, -0.00016100, -0.00013752, -0.00011390, -0.00009133, -0.00007078, -0.00005290, -0.00003803, -0.00002623, -0.00001730, -0.00001088, -0.00000652, -0.00000374, -0.00000209, -0.00000116, -0.00000066, -0.00000038, -0.00000020, -0.00000005, 0.00000006, 0.00000014, 0.00000015, 0.00000011, 0.00000003, -0.00000006, -0.00000012, -0.00000013, -0.00000007, 0.00000002, 0.00000009, 0.00000007, -0.00000001, 0.00000000
-0.00014135, -0.00021999, -0.00025821, -0.00028127, -0.00029740, -0.00030973, -0.00031964, -0.00032809, -0.00033557, -0.00034233, -0.00034853, -0.00035431, -0.00035978, -0.00036502, -0.00037008, -0.00037498, -0.00037973, -0.00038433, -0.00038878, -0.00040482, -0.00041748, -0.00042552, -0.00042766, -0.00042293, -0.00041087, -0.00039153, -0.00036551, -0.00033388, -0.00029814, -0.00026001, -0.00022128, -0.00018362, -0.00014842, -0.00011673, -0.00008921, -0.00006615, -0.00004749, -0.00003293, -0.00002200, -0.00001411, -0.00000866, -0.00000508, -0.00000284, -0.00000152, -0.00000079, -0.00000041, -0.00000021, -0.00000010, -0.00000003, 0.00000002, 0.00000005, 0.00000006, 0.00000005, 0.00000003, -0.00000000, -0.00000003, -0.00000004, -0.00000004, -0.00000001, 0.00000001, 0.00000003, 0.00000002, -0.00000001, 0.00000000
0.00031607, 0.00010812, 0.00000423, -0.00006045, -0.00010604, -0.00014098, -0.00016952, -0.00019371, -0.00021476, -0.00023352, -0.00025061, -0.00026645, -0.00028129, -0.00029533, -0.00030868, -0.00032142, -0.00033364, -0.00034539, -0.00035671, -0.00039815, -0.00043354, -0.00046194, -0.00048212, -0.00049306, -0.00049411, -0.00048509, -0.00046638, -0.00043894, -0.00040425, -0.00036417, -0.00032079, -0.00027617, -0.00023225, -0.00019067, -0.00015269, -0.00011914, -0.00009047, -0.00006676, -0.00004779, -0.00003313, -0.00002220, -0.00001436, -0.00000897, -0.00000541, -0.00000316, -0.00000180, -0.00000101, -0.00000055, -0.00000027, -0.00000010, 0.00000001, 0.00000007, 0.00000008, 0.00000006, 0.00000001, -0.00000004, -0.00000007, -0.00000007, -0.00000004, 0.00000001, 0.00000005, 0.00000004, -0.00000001, 0.00000000
-0.00225733, -0.00144198, -0.00106911, -0.00085754, -0.00072359, -0.00063165, -0.00056366, -0.00051210, -0.00047237, -0.00044085, -0.00041498, -0.00039325, -0.00037479, -0.00035907, -0.00034569, -0.00033429, -0.00032452, -0.00031606, -0.00030866, -0.00028629, -0.00027160, -0.00026188, -0.00025455, -0.00024737, -0.00023893, -0.00022854, -0.00021591, -0.00020095, -0.00018380, -0.00016480, -0.00014452, -0.00012373, -0.00010324, -0.00008384, -0.00006617, -0.00005069, -0.00003762, -0.00002699, -0.00001866, -0.00001238, -0.00000782, -0.00000465, -0.00000254, -0.00000121, -0.00000043, -0.00000002, 0.00000016, 0.00000020, 0.00000016, 0.00000010, 0.00000003, -0.00000002, -0.00000004, -0.00000004, -0.00000001, 0.00000002, 0.00000005, 0.00000005, 0.00000003, 0.00000000, -0.00000003, -0.00000003, 0.00000000, 0.00000000
0.00053150, 0.00023959, 0.00010079, 0.00001849, -0.00003678, -0.00007729, -0.00010906, -0.00013490, -0.00015649, -0.00017501, -0.00019128, -0.00020581, -0.00021890, -0.00023075, -0.00024150, -0.00025128, -0.00026017, -0.00026826, -0.00027561, -0.00029835, -0.00031111, -0.00031434, -0.00030876, -0.00029546, -0.00027571, -0.00025099, -0.00022289, -0.00019307, -0.00016310, -0.00013434, -0.00010787, -0.00008439, -0.00006429, -0.00004765, -0.00003432, -0.00002398, -0.00001622, -0.00001059, -0.00000667, -0.00000403, -0.00000234, -0.00000130, -0.00000070, -0.00000038, -0.00000021, -0.00000012, -0.00000007, -0.00000004, -0.00000002, 0.00000000, 0.00000002, 0.00000002, 0.00000002, 0.00000001, -0.00000000, -0.00000001, -0.00000001, -0.00000001, -0.00000001, 0.00000000, 0.00000001, 0.00000001, -0.00000000, 0.00000000
0.00020368, 0.00010065, 0.00004488, 0.00000796, -0.00001916, -0.00004042, -0.00005791, -0.00007267, -0.00008533, -0.00009635, -0.00010609, -0.00011481, -0.00012271, -0.00012994, -0.00013660, -0.00014278, -0.00014856, -0.00015399, -0.00015911, -0.00017747, -0.00019378, -0.00020901, -0.00022319, -0.00023584, -0.00024628, -0.00025368, -0.00025725, -0.00025627, -0.00025030, -0.00023928, -0.00022356, -0.00020388, -0.00018130, -0.00015704, -0.00013235, -0.00010842, -0.00008620, -0.00006641, -0.00004949, -0.00003558, -0.00002462, -0.00001635, -0.00001039, -0.00000631, -0.00000366, -0.00000204, -0.00000110, -0.00000058, -0.00000030, -0.00000013, -0.00000003, 0.00000004, 0.00000007, 0.00000006, 0.00000003, -0.00000002, -0.00000006, -0.00000007, -0.00000005, 0.00000000, 0.00000005, 0.00000004, -0.00000001, 0.00000000
-0.00005236, -0.00005537, -0.00005839, -0.00006091, -0.00006306, -0.00006487, -0.00006634, -0.00006754, -0.00006853, -0.00006932, -0.00006993, -0.00007038, -0.00007070, -0.00007091, -0.00007103, -0.00007108, -0.00007105, -0.00007096, -0.00007082, -0.00006984, -0.00006835, -0.00006644, -0.00006407, -0.00006115, -0.00005760, -0.00005339, -0.00004856, -0.00004321, -0.00003753, -0.00003176, -0.00002612, -0.00002084, -0.00001609, -0.00001200, -0.00000860, -0.00000590, -0.00000385, -0.00000237, -0.00000135, -0.00000070, -0.00000032, -0.00000012, -0.00000003, -0.00000000, 0.00000000, -0.00000000, -0.00000001, -0.00000000, 0.00000000, 0.00000001, 0.00000001, 0.00000001, 0.00000001, 0.00000000, -0.00000000, -0.00000001, -0.00000001, -0.00000000, -0.00000000, 0.00000000, 0.00000000, 0.00000000, -0.00000000, 0.00000000
-0.00250377, -0.00158134, -0.00115833, -0.00091798, -0.00076567, -0.00066106, -0.00058383, -0.00052538, -0.00048045, -0.00044489, -0.00041584, -0.00039152, -0.00037094, -0.00035348, -0.00033866, -0.00032606, -0.00031527, -0.00030595, -0.00029780, -0.00027316, -0.00025710, -0.00024689, -0.00023999, -0.00023415, -0.00022794, -0.00022052, -0.00021133, -0.00019994, -0.00018610, -0.00016986, -0.00015161, -0.00013201, -0.00011194, -0.00009230, -0.00007392, -0.00005742, -0.00004320, -0.00003143, -0.00002207, -0.00001491, -0.00000966, -0.00000597, -0.00000349, -0.00000190, -0.00000094, -0.00000040, -0.00000013, -0.00000001, 0.00000003, 0.00000002, -0.00000000, -0.00000002, -0.00000004, -0.00000003, -0.00000002, 0.00000001, 0.00000003, 0.00000003, 0.00000003, 0.00000000, -0.00000002, -0.00000002, -0.00000000, 0.00000000
-0.00158055, -0.00099656, -0.00073148, -0.00058238, -0.00048886, -0.00042527, -0.00037872, -0.00034378, -0.00031712, -0.00029618, -0.00027916, -0.00026498, -0.00025303, -0.00024293, -0.00023440, -0.00022718, -0.00022104, -0.00021576, -0.00021117, -0.00019743, -0.00018867, -0.00018327, -0.00017961, -0.00017622, -0.00017208, -0.00016659, -0.00015939, -0.00015026, -0.00013916, -0.00012625, -0.00011195, -0.00009685, -0.00008160, -0.00006688, -0.00005326, -0.00004116, -0.00003082, -0.00002233, -0.00001562, -0.00001053, -0.00000680, -0.00000420, -0.00000245, -0.00000134, -0.00000067, -0.00000029, -0.00000010, -0.00000001, 0.00000002, 0.00000002, 0.00000000, -0.00000001, -0.00000002, -0.00000002, -0.00000001, 0.00000000, 0.00000001, 0.00000002, 0.00000002, 0.00000000, -0.00000001, -0.00000001, -0.00000000, 0.00000000
-0.00401464, -0.00252921, -0.00184306, -0.00144904, -0.00119568, -0.00101868, -0.00088553, -0.00078245, -0.00070099, -0.00063461, -0.00057872, -0.00053052, -0.00048840, -0.00045134, -0.00041856, -0.00038936, -0.00036309, -0.00033919, -0.00031718, -0.00024179, -0.00017949, -0.00012571, -0.00007707, -0.00003130, 0.00001221, 0.00005291, 0.00008978, 0.00012186, 0.00014839, 0.00016879, 0.00018272, 0.00019004, 0.00019090, 0.00018577, 0.00017543, 0.00016091, 0.00014341, 0.00012420, 0.00010451, 0.00008540, 0.00006772, 0.00005206, 0.00003875, 0.00002789, 0.00001937, 0.00001295, 0.00000830, 0.00000508, 0.00000294, 0.00000157, 0.00000075, 0.00000029, 0.00000006, -0.00000002, -0.00000002, 0.00000002, 0.00000006, 0.00000008, 0.00000006, 0.00000001, -0.00000004, -0.00000005, -0.00000000, 0.00000000
-0.00018500, -0.00016724, -0.00016006, -0.00015629, -0.00015417, -0.00015285, -0.00015182, -0.00015103, -0.00015044, -0.00014995, -0.00014949, -0.00014906, -0.00014867, -0.00014833, -0.00014807, -0.00014788, -0.00014776, -0.00014770, -0.00014769, -0.00014810, -0.00014920, -0.00015070, -0.00015205, -0.00015258, -0.00015170, -0.00014898, -0.00014412, -0.00013704, -0.00012782, -0.00011675, -0.00010428, -0.00009099, -0.00007746, -0.00006427, -0.00005192, -0.00004077, -0.00003108, -0.00002295, -0.00001638, -0.00001127, -0.00000744, -0.00000470, -0.00000283, -0.00000161, -0.00000087, -0.00000044, -0.00000021, -0.00000009, -0.00000003, -0.00000000, 0.00000002, 0.00000003, 0.00000003, 0.00000002, 0.00000000, -0.00000001, -0.00000002, -0.00000002, -0.00000001, 0.00000000, 0.00000001, 0.00000001, -0.00000000, 0.00000000
-0.00199908, -0.00126948, -0.00093408, -0.00074276, -0.00062088, -0.00053673, -0.00047418, -0.00042647, -0.00038944, -0.00035987, -0.00033549, -0.00031488, -0.00029725, -0.00028210, -0.00026905, -0.00025775, -0.00024789, -0.00023919, -0.00023141, -0.00020628, -0.00018696, -0.00017088, -0.00015609, -0.00014114, -0.00012545, -0.00010911, -0.00009253, -0.00007625, -0.00006075, -0.00004649, -0.00003382, -0.00002301, -0.00001422, -0.00000746, -0.00000261, 0.00000056, 0.00000234, 0.00000308, 0.00000312, 0.00000275, 0.00000220, 0.00000164, 0.00000116, 0.00000080, 0.00000055, 0.00000040, 0.00000029, 0.00000020, 0.00000012, 0.00000004, -0.00000003, -0.00000008, -0.00000010, -0.00000008, -0.00000003, 0.00000003, 0.00000007, 0.00000008, 0.00000005, -0.00000000, -0.00000005, -0.00000005, 0.00000000, 0.00000000
0.00072220, 0.00036814, 0.00020401, 0.00010985, 0.00004920, 0.00000687, -0.00002475, -0.00004915, -0.00006840, -0.00008400, -0.00009703, -0.00010817, -0.00011786, -0.00012638, -0.00013392, -0.00014067, -0.00014677, -0.00015233, -0.00015746, -0.00017504, -0.00018939, -0.00020094, -0.00020956, -0.00021495, -0.00021669, -0.00021437, -0.00020779, -0.00019707, -0.00018266, -0.00016533, -0.00014602, -0.00012575, -0.00010551, -0.00008616, -0.00006838, -0.00005266, -0.00003927, -0.00002829, -0.00001963, -0.00001307, -0.00000832, -0.00000505, -0.00000293, -0.00000163, -0.00000089, -0.00000049, -0.00000029, -0.00000016, -0.00000008, -0.00000000, 0.00000006, 0.00000009, 0.00000009, 0.00000006, 0.00000001, -0.00000004, -0.00000007, -0.00000007, -0.00000004, 0.00000001, 0.00000005, 0.00000004, -0.00000001, 0.00000000
-0.00133648, -0.00083065, -0.00060198, -0.00047395, -0.00039403, -0.00033997, -0.00030062, -0.00027126, -0.00024901, -0.00023164, -0.00021763, -0.00020603, -0.00019633, -0.00018821, -0.00018141, -0.00017571, -0.00017093, -0.00016686, -0.00016337, -0.00015328, -0.00014737, -0.00014435, -0.00014287, -0.00014168, -0.00013990, -0.00013699, -0.00013256, -0.00012637, -0.00011830, -0.00010844, -0.00009711, -0.00008479, -0.00007208, -0.00005959, -0.00004784, -0.00003726, -0.00002812, -0.00002052, -0.00001446, -0.00000981, -0.00000638, -0.00000396, -0.00000233, -0.00000129, -0.00000065, -0.00000029, -0.00000011, -0.00000002, 0.00000001, 0.00000001, 0.00000000, -0.00000001, -0.00000001, -0.00000001, -0.00000001, 0.00000000, 0.00000001, 0.00000001, 0.00000001, 0.00000000, -0.00000001, -0.00000001, -0.00000000, 0.00000000
0.00263146, 0.00149404, 0.00097078, 0.00067211, 0.00048092, 0.00034812, 0.00024903, 0.00017276, 0.00011276, 0.00006415, 0.00002353, -0.00001128, -0.00004155, -0.00006812, -0.00009161, -0.00011252, -0.00013133, -0.00014843, -0.00016415, -0.00021760, -0.00026076, -0.00029588, -0.00032392, -0.00034526, -0.00035961, -0.00036631, -0.00036486, -0.00035525, -0.00033805, -0.00031434, -0.00028559, -0.00025344, -0.00021956, -0.00018557, -0.00015286, -0.00012256, -0.00009551, -0.00007222, -0.00005288, -0.00003742, -0.00002554, -0.00001681, -0.00001066, -0.00000655, -0.00000392, -0.00000232, -0.00000137, -0.00000079, -0.00000042, -0.00000015, 0.00000004, 0.00000016, 0.00000019, 0.00000015, 0.00000005, -0.00000007, -0.00000015, -0.00000016, -0.00000010, 0.00000002, 0.00000011, 0.00000010, -0.00000001, 0.00000000
-0.00116253, -0.00077074, -0.00059729, -0.00050248, -0.00044505, -0.00040757, -0.00038127, -0.00036253, -0.00034914, -0.00033940, -0.00033210, -0.00032655, -0.00032237, -0.00031932, -0.00031723, -0.00031592, -0.00031524, -0.00031504, -0.00031520, -0.00031778, -0.00032137, -0.00032415, -0.00032435, -0.00032053, -0.00031188, -0.00029821, -0.00027980, -0.00025728, -0.00023158, -0.00020380, -0.00017518, -0.00014693, -0.00012013, -0.00009565, -0.00007408, -0.00005575, -0.00004070, -0.00002879, -0.00001968, -0.00001297, -0.00000823, -0.00000500, -0.00000290, -0.00000160, -0.00000083, -0.00000040, -0.00000017, -0.00000005, -0.00000001, 0.00000001, 0.00000001, 0.00000000, -0.00000001, -0.00000001, -0.00000001, -0.00000001, 0.00000000, 0.00000001, 0.00000001, 0.00000001, -0.00000000, -0.00000001, -0.00000000, 0.00000000
-0.00353009, -0.00222903, -0.00163357, -0.00129558, -0.00108119, -0.00093373, -0.00082457, -0.00074155, -0.00067727, -0.00062602, -0.00058377, -0.00054810, -0.00051759, -0.00049138, -0.00046880, -0.00044927, -0.00043224, -0.00041724, -0.00040385, -0.00036124, -0.00033010, -0.00030650, -0.00028712, -0.00026916, -0.00025106, -0.00023222, -0.00021254, -0.00019207, -0.00017093, -0.00014941, -0.00012794, -0.00010707, -0.00008743, -0.00006954, -0.00005384, -0.00004054, -0.00002967, -0.00002111, -0.00001458, -0.00000978, -0.00000634, -0.00000395, -0.00000233, -0.00000127, -0.00000059, -0.00000019, 0.00000002, 0.00000009, 0.00000007, 0.00000001, -0.00000006, -0.00000012, -0.00000013, -0.00000010, -0.00000004, 0.00000004, 0.00000009, 0.00000011, 0.00000007, -0.00000001, -0.00000007, -0.00000006, 0.00000000, 0.00000000
0.00090372, 0.00052010, 0.00033820, 0.00023122, 0.00016049, 0.00010980, 0.00007097, 0.00004026, 0.00001542, -0.00000518, -0.00002270, -0.00003792, -0.00005132, -0.00006324, -0.00007392, -0.00008357, -0.00009237, -0.00010045, -0.00010796, -0.00013398, -0.00015615, -0.00017607, -0.00019419, -0.00021038, -0.00022405, -0.00023438, -0.00024048, -0.00024161, -0.00023734, -0.00022767, -0.00021304, -0.00019428, -0.00017251, -0.00014903, -0.00012512, -0.00010198, -0.00008057, -0.00006160, -0.00004548, -0.00003236, -0.00002213, -0.00001451, -0.00000911, -0.00000548, -0.00000318, -0.00000180, -0.00000101, -0.00000056, -0.00000029, -0.00000012, 0.00000001, 0.00000009, 0.00000012, 0.00000010, 0.00000004, -0.00000004, -0.00000010, -0.00000011, -0.00000007, 0.00000001, 0.00000007, 0.00000007, -0.00000001, 0.00000000
-0.00047050, -0.00041174, -0.00038410, -0.00036804, -0.00035821, -0.00035183, -0.00034737, -0.00034450, -0.00034290, -0.00034220, -0.00034213, -0.00034254, -0.00034340, -0.00034469, -0.00034638, -0.00034843, -0.00035078, -0.00035337, -0.00035615, -0.00036849, -0.00038148, -0.00039334, -0.00040207, -0.00040587, -0.00040347, -0.00039414, -0.00037773, -0.00035461, -0.00032569, -0.00029234, -0.00025620, -0.00021902, -0.00018249, -0.00014805, -0.00011683, -0.00008955, -0.00006657, -0.00004791, -0.00003330, -0.00002231, -0.00001436, -0.00000886, -0.00000524, -0.00000297, -0.00000162, -0.00000087, -0.00000045, -0.00000023, -0.00000010, -0.00000001, 0.00000004, 0.00000007, 0.00000006, 0.00000004, 0.00000000, -0.00000003, -0.00000005, -0.00000005, -0.00000002, 0.00000001, 0.00000004, 0.00000003, -0.00000001, 0.00000000
-0.00126986, -0.00078940, -0.00057278, -0.00045193, -0.00037689, -0.00032645, -0.00028996, -0.00026296, -0.00024274, -0.00022715, -0.00021473, -0.00020457, -0.00019620, -0.00018931, -0.00018367, -0.00017908, -0.00017535, -0.00017230, -0.00016978, -0.00016325, -0.00016062, -0.00016083, -0.00016265, -0.00016483, -0.00016645, -0.00016688, -0.00016558, -0.00016206, -0.00015594, -0.00014709, -0.00013568, -0.00012215, -0.00010717, -0.00009153, -0.00007600, -0.00006130, -0.00004796, -0.00003634, -0.00002662, -0.00001880, -0.00001276, -0.00000829, -0.00000513, -0.00000300, -0.00000164, -0.00000084, -0.00000039, -0.00000017, -0.00000007, -0.00000003, -0.00000002, -0.00000001, -0.00000000, 0.00000000, 0.00000000, 0.00000000, 0.00000000, 0.00000000, 0.00000000, 0.00000000, 0.00000000, -0.00000000, -0.00000000, 0.00000000
-0.00385881, -0.00242736, -0.00176283, -0.00137951, -0.00113202, -0.00095854, -0.00082755, -0.00072582, -0.00064525, -0.00057950, -0.00052405, -0.00047614, -0.00043419, -0.00039721, -0.00036447, -0.00033530, -0.00030909, -0.00028529, -0.00026345, -0.00018957, -0.00013073, -0.00008324, -0.00004437, -0.00001198, 0.00001485, 0.00003619, 0.00005194, 0.00006230, 0.00006778, 0.00006915, 0.00006729, 0.00006300, 0.00005704, 0.00005004, 0.00004256, 0.00003507, 0.00002797, 0.00002155, 0.00001602, 0.00001148, 0.00000795, 0.00000534, 0.00000353, 0.00000235, 0.00000160, 0.00000114, 0.00000082, 0.00000056, 0.00000033, 0.00000011, -0.00000007, -0.00000019, -0.00000022, -0.00000017, -0.00000005, 0.00000008, 0.00000017, 0.00000018, 0.00000011, -0.00000002, -0.00000012, -0.00000011, 0.00000001, 0.00000000
-0.00050820, -0.00047393, -0.00045106, -0.00043324, -0.00041911, -0.00040715, -0.00039633, -0.00038680, -0.00037845, -0.00037091, -0.00036390, -0.00035729, -0.00035111, -0.00034537, -0.00034007, -0.00033520, -0.00033068, -0.00032648, -0.00032253, -0.00030888, -0.00029862, -0.00029167, -0.00028719, -0.00028402, -0.00028111, -0.00027746, -0.00027201, -0.00026373, -0.00025180, -0.00023583, -0.00021595, -0.00019282, -0.00016747, -0.00014119, -0.00011529, -0.00009095, -0.00006909, -0.00005033, -0.00003495, -0.00002293, -0.00001403, -0.00000782, -0.00000379, -0.00000140, -0.00000016, 0.00000035, 0.00000047, 0.00000041, 0.00000031, 0.00000024, 0.00000020, 0.00000018, 0.00000015, 0.00000011, 0.00000004, -0.00000003, -0.00000008, -0.00000009, -0.00000005, 0.00000001, 0.00000006, 0.00000005, -0.00000001, 0.00000000
0.00017402, 0.00003284, -0.00003052, -0.00006594, -0.00008859, -0.00010449, -0.00011642, -0.00012581, -0.00013350, -0.00013997, -0.00014551, -0.00015035, -0.00015460, -0.00015836, -0.00016169, -0.00016465, -0.00016725, -0.00016954, -0.00017151, -0.00017656, -0.00017732, -0.00017410, -0.00016727, -0.00015733, -0.00014489, -0.00013065, -0.00011531, -0.00009958, -0.00008411, -0.00006944, -0.00005599, -0.00004404, -0.00003376, -0.00002516, -0.00001819, -0.00001272, -0.00000855, -0.00000550, -0.00000334, -0.00000188, -0.00000094, -0.00000038, -0.00000007, 0.00000008, 0.00000013, 0.00000013, 0.00000011, 0.00000009, 0.00000006, 0.00000004, 0.00000003, 0.00000002, 0.00000001, 0.00000000, -0.00000000, -0.00000000, -0.00000000, -0.00000000, -0.00000000, 0.00000000, 0.00000000, 0.00000000, -0.00000000, 0.00000000
-0.00029014, -0.00018381, -0.00013764, -0.00011281, -0.00009796, -0.00008836, -0.00008159, -0.00007668, -0.00007306, -0.00007030, -0.00006806, -0.00006618, -0.00006457, -0.00006318, -0.00006198, -0.00006096, -0.00006007, -0.00005928, -0.00005857, -0.00005618, -0.00005448, -0.00005373, -0.00005390, -0.00005480, -0.00005622, -0.00005797, -0.00005982, -0.00006143, -0.00006241, -0.00006242, -0.00006118, -0.00005858, -0.00005466, -0.00004962, -0.00004377, -0.00003747, -0.00003109, -0.00002496, -0.00001935, -0.00001444, -0.00001034, -0.00000708, -0.00000460, -0.00000281, -0.00000160, -0.00000085, -0.00000041, -0.00000019, -0.00000010, -0.00000007, -0.00000006, -0.00000005, -0.00000003, -0.00000001, 0.00000001, 0.00000002, 0.00000002, 0.00000001, -0.00000000, -0.00000001, -0.00000001, -0.00000000, 0.00000000, 0.00000000
-0.00007463, -0.00007692, -0.00008110, -0.00008524, -0.00008925, -0.00009293, -0.00009616, -0.00009909, -0.00010180, -0.00010425, -0.00010642, -0.00010833, -0.00011004, -0.00011159, -0.00011304, -0.00011440, -0.00011569, -0.00011689, -0.00011802, -0.00012190, -0.00012550, -0.00012958, -0.00013422, -0.00013914, -0.00014400, -0.00014838, -0.00015174, -0.00015339, -0.00015267, -0.00014905, -0.00014229, -0.00013250, -0.00012012, -0.00010585, -0.00009054, -0.00007506, -0.00006022, -0.00004666, -0.00003483, -0.00002497, -0.00001712, -0.00001119, -0.00000692, -0.00000404, -0.00000221, -0.00000114, -0.00000057, -0.00000029, -0.00000016, -0.00000008, -0.00000003, 0.00000001, 0.00000004, 0.00000005, 0.00000003, -0.00000000, -0.00000003, -0.00000005, -0.00000004, -0.00000000, 0.00000003, 0.00000003, -0.00000000, 0.00000000
-0.00127735, -0.00083204, -0.00062669, -0.00050916, -0.00043418, -0.00038223, -0.00034344, -0.00031380, -0.00029077, -0.00027232, -0.00025702, -0.00024404, -0.00023291, -0.00022334, -0.00021511, -0.00020801, -0.00020184, -0.00019641, -0.00019159, -0.00017648, -0.00016624, -0.00015972, -0.00015568, -0.00015291, -0.00015057, -0.00014804, -0.00014476, -0.00014013, -0.00013366, -0.00012507, -0.00011440, -0.00010200, -0.00008845, -0.00007446, -0.00006076, -0.00004797, -0.00003657, -0.00002685, -0.00001894, -0.00001277, -0.00000820, -0.00000497, -0.00000283, -0.00000149, -0.00000072, -0.00000031, -0.00000012, -0.00000004, -0.00000001, 0.00000001, 0.00000002, 0.00000003, 0.00000003, 0.00000002, 0.00000000, -0.00000001, -0.00000002, -0.00000002, -0.00000001, 0.00000001, 0.00000002, 0.00000001, -0.00000001, 0.00000000
0.00159244, 0.00091485, 0.00060331, 0.00042577, 0.00031235, 0.00023374, 0.00017527, 0.00013043, 0.00009531, 0.00006701, 0.00004348, 0.00002345, 0.00000616, -0.00000887, -0.00002200, -0.00003355, -0.00004377, -0.00005292, -0.00006118, -0.00008793, -0.00010738, -0.00012092, -0.00012949, -0.00013386, -0.00013444, -0.00013147, -0.00012523, -0.00011622, -0.00010513, -0.00009273, -0.00007980, -0.00006701, -0.00005489, -0.00004384, -0.00003408, -0.00002574, -0.00001884, -0.00001332, -0.00000905, -0.00000590, -0.00000367, -0.00000218, -0.00000125, -0.00000071, -0.00000043, -0.00000028, -0.00000020, -0.00000014, -0.00000007, -0.00000000, 0.00000006, 0.00000009, 0.00000010, 0.00000007, 0.00000002, -0.00000003, -0.00000007, -0.00000007, -0.00000004, 0.00000001, 0.00000005, 0.00000004, -0.00000001, 0.00000000
0.00013816, -0.00001749, -0.00008777, -0.00012685, -0.00015131, -0.00016781, -0.00017963, -0.00018842, -0.00019509, -0.00020027, -0.00020438, -0.00020773, -0.00021053, -0.00021290, -0.00021494, -0.00021672, -0.00021830, -0.00021973, -0.00022103, -0.00022556, -0.00022949, -0.00023269, -0.00023457, -0.00023443, -0.00023163, -0.00022562, -0.00021609, -0.00020301, -0.00018672, -0.00016786, -0.00014730, -0.00012602, -0.00010498, -0.00008504, -0.00006689, -0.00005099, -0.00003757, -0.00002669, -0.00001822, -0.00001189, -0.00000738, -0.00000434, -0.00000240, -0.00000125, -0.00000063, -0.00000031, -0.00000016, -0.00000008, -0.00000002, 0.00000002, 0.00000006, 0.00000008, 0.00000008, 0.00000005, 0.00000001, -0.00000003, -0.00000006, -0.00000006, -0.00000003, 0.00000001, 0.00000004, 0.00000003, -0.00000001, 0.00000000
-0.00051585, -0.00033497, -0.00025071, -0.00020173, -0.00016986, -0.00014732, -0.00013007, -0.00011649, -0.00010561, -0.00009659, -0.00008886, -0.00008207, -0.00007602, -0.00007058, -0.00006568, -0.00006123, -0.00005715, -0.00005338, -0.00004984, -0.00003734, -0.00002660, -0.00001721, -0.00000889, -0.00000145, 0.00000514, 0.00001075, 0.00001523, 0.00001849, 0.00002052, 0.00002139, 0.00002124, 0.00002024, 0.00001860, 0.00001650, 0.00001417, 0.00001176, 0.00000944, 0.00000732, 0.00000547, 0.00000395, 0.00000274, 0.00000184, 0.00000120, 0.00000076, 0.00000049, 0.00000031, 0.00000020, 0.00000013, 0.00000007, 0.00000003, -0.00000001, -0.00000003, -0.00000004, -0.00000003, -0.00000001, 0.00000001, 0.00000003, 0.00000003, 0.00000002, -0.00000000, -0.00000002, -0.00000002, 0.00000000, 0.00000000
0.00045398, 0.00021389, 0.00010646, 0.00004727, 0.00001059, -0.00001399, -0.00003156, -0.00004457, -0.00005446, -0.00006216, -0.00006834, -0.00007340, -0.00007764, -0.00008123, -0.00008430, -0.00008696, -0.00008928, -0.00009134, -0.00009318, -0.00009922, -0.00010396, -0.00010776, -0.00011061, -0.00011235, -0.00011274, -0.00011155, -0.00010860, -0.00010380, -0.00009726, -0.00008918, -0.00007994, -0.00006996, -0.00005970, -0.00004962, -0.00004011, -0.00003148, -0.00002394, -0.00001759, -0.00001246, -0.00000847, -0.00000551, -0.00000341, -0.00000201, -0.00000112, -0.00000060, -0.00000032, -0.00000017, -0.00000009, -0.00000004, -0.00000000, 0.00000003, 0.00000005, 0.00000005, 0.00000004, 0.00000001, -0.00000002, -0.00000004, -0.00000004, -0.00000002, 0.00000001, 0.00000003, 0.00000002, -0.00000000, 0.00000000
-0.00142922, -0.00089917, -0.00065620, -0.00051809, -0.00043045, -0.00037016, -0.00032552, -0.00029159, -0.00026537, -0.00024451, -0.00022735, -0.00021288, -0.00020053, -0.00018995, -0.00018085, -0.00017299, -0.00016617, -0.00016016, -0.00015482, -0.00013784, -0.00012545, -0.00011609, -0.00010845, -0.00010143, -0.00009442, -0.00008719, -0.00007970, -0.00007196, -0.00006399, -0.00005589, -0.00004781, -0.00003997, -0.00003258, -0.00002586, -0.00001998, -0.00001500, -0.00001095, -0.00000777, -0.00000536, -0.00000359, -0.00000233, -0.00000145, -0.00000085, -0.00000045, -0.00000020, -0.00000005, 0.00000003, 0.00000005, 0.00000004, 0.00000001, -0.00000002, -0.00000005, -0.00000005, -0.00000004, -0.00000002, 0.00000002, 0.00000004, 0.00000005, 0.00000003, -0.00000000, -0.00000003, -0.00000003, 0.00000000, 0.00000000
-0.00045110, -0.00030179, -0.00022907, -0.00018493, -0.00015497, -0.00013294, -0.00011554, -0.00010144, -0.00008982, -0.00008000, -0.00007149, -0.00006396, -0.00005724, -0.00005121, -0.00004578, -0.00004088, -0.00003642, -0.00003234, -0.00002859, -0.00001595, -0.00000607, 0.00000183, 0.00000825, 0.00001361, 0.00001813, 0.00002187, 0.00002479, 0.00002685, 0.00002799, 0.00002820, 0.00002751, 0.00002603, 0.00002389, 0.00002126, 0.00001835, 0.00001535, 0.00001242, 0.00000973, 0.00000736, 0.00000538, 0.00000380, 0.00000260, 0.00000173, 0.00000113, 0.00000073, 0.00000047, 0.00000031, 0.00000020, 0.00000011, 0.00000005, 0.00000000, -0.00000003, -0.00000004, -0.00000003, -0.00000001, 0.00000002, 0.00000003, 0.00000004, 0.00000002, -0.00000000, -0.00000002, -0.00000002, 0.00000000, 0.00000000
-0.00060486, -0.00056357, -0.00053208, -0.00050745, -0.00048833, -0.00047306, -0.00046014, -0.00044944, -0.00044068, -0.00043336, -0.00042702, -0.00042142, -0.00041643, -0.00041200, -0.00040805, -0.00040450, -0.00040126, -0.00039823, -0.00039535, -0.00038403, -0.00037169, -0.00035737, -0.00034033, -0.00032022, -0.00029716, -0.00027170, -0.00024457, -0.00021657, -0.00018850, -0.00016112, -0.00013510, -0.00011101, -0.00008930, -0.00007026, -0.00005401, -0.00004052, -0.00002963, -0.00002109, -0.00001459, -0.00000978, -0.00000634, -0.00000396, -0.00000237, -0.00000134, -0.00000070, -0.00000033, -0.00000013, -0.00000004, -0.00000001, -0.00000001, -0.00000002, -0.00000003, -0.00000003, -0.00000003, -0.00000001, 0.00000001, 0.00000002, 0.00000002, 0.00000002, -0.00000000, -0.00000001, -0.00000001, 0.00000000, 0.00000000
-0.00119864, -0.00086294, -0.00071062, -0.00062533, -0.00057278, -0.00053788, -0.00051295, -0.00049503, -0.00048221, -0.00047287, -0.00046588, -0.00046061, -0.00045674, -0.00045405, -0.00045241, -0.00045163, -0.00045158, -0.00045209, -0.00045304, -0.00045975, -0.00046902, -0.00047862, -0.00048598, -0.00048866, -0.00048488, -0.00047351, -0.00045408, -0.00042679, -0.00039250, -0.00035269, -0.00030926, -0.00026434, -0.00022004, -0.00017818, -0.00014019, -0.00010703, -0.00007916, -0.00005660, -0.00003904, -0.00002590, -0.00001648, -0.00001002, -0.00000581, -0.00000321, -0.00000170, -0.00000086, -0.00000041, -0.00000018, -0.00000005, 0.00000002, 0.00000007, 0.00000008, 0.00000007, 0.00000004, -0.00000000, -0.00000004, -0.00000005, -0.00000004, -0.00000001, 0.00000002, 0.00000003, 0.00000002, -0.00000001, 0.00000000
-0.00042619, -0.00042934, -0.00041919, -0.00040699, -0.00039588, -0.00038619, -0.00037746, -0.00036999, -0.00036379, -0.00035856, -0.00035404, -0.00035007, -0.00034658, -0.00034354, -0.00034091, -0.00033863, -0.00033662, -0.00033481, -0.00033313, -0.00032672, -0.00031950, -0.00031041, -0.00029863, -0.00028372, -0.00026572, -0.00024505, -0.00022238, -0.00019844, -0.00017399, -0.00014978, -0.00012647, -0.00010465, -0.00008480, -0.00006722, -0.00005209, -0.00003941, -0.00002908, -0.00002091, -0.00001462, -0.00000993, -0.00000652, -0.00000414, -0.00000252, -0.00000146, -0.00000079, -0.00000039, -0.00000017, -0.00000006, -0.00000002, -0.00000001, -0.00000001, -0.00000002, -0.00000002, -0.00000002, -0.00000001, 0.00000001, 0.00000002, 0.00000002, 0.00000001, -0.00000000, -0.00000001, -0.00000001, 0.00000000, 0.00000000
-0.00191862, -0.00122531, -0.00090498, -0.00072125, -0.00060359, -0.00052185, -0.00046073, -0.00041385, -0.00037728, -0.00034790, -0.00032354, -0.00030285, -0.00028507, -0.00026975, -0.00025652, -0.00024506, -0.00023505, -0.00022624, -0.00021839, -0.00019365, -0.00017629, -0.00016417, -0.00015532, -0.00014803, -0.00014121, -0.00013429, -0.00012689, -0.00011871, -0.00010953, -0.00009929, -0.00008814, -0.00007639, -0.00006450, -0.00005297, -0.00004225, -0.00003268, -0.00002448, -0.00001772, -0.00001237, -0.00000829, -0.00000531, -0.00000322, -0.00000181, -0.00000092, -0.00000039, -0.00000010, 0.00000004, 0.00000008, 0.00000006, 0.00000003, -0.00000001, -0.00000004, -0.00000005, -0.00000004, -0.00000002, 0.00000001, 0.00000004, 0.00000004, 0.00000003, -0.00000000, -0.00000002, -0.00000003, 0.00000000, 0.00000000
-0.00212229, -0.00136705, -0.00102344, -0.00082957, -0.00070753, -0.00062423, -0.00056295, -0.00051672, -0.00048127, -0.00045327, -0.00043039, -0.00041123, -0.00039500, -0.00038124, -0.00036957, -0.00035966, -0.00035121, -0.00034394, -0.00033761, -0.00031868, -0.00030666, -0.00029924, -0.00029406, -0.00028895, -0.00028242, -0.00027361, -0.00026203, -0.00024742, -0.00022976, -0.00020935, -0.00018678, -0.00016289, -0.00013868, -0.00011513, -0.00009309, -0.00007324, -0.00005600, -0.00004155, -0.00002986, -0.00002074, -0.00001386, -0.00000888, -0.00000541, -0.00000310, -0.00000165, -0.00000078, -0.00000031, -0.00000009, -0.00000001, 0.00000000, -0.00000002, -0.00000003, -0.00000004, -0.00000003, -0.00000001, 0.00000001, 0.00000003, 0.00000003, 0.00000002, 0.00000000, -0.00000002, -0.00000002, -0.00000000, 0.00000000
-0.00201818, -0.00135863, -0.00105480, -0.00088127, -0.00077098, -0.00069513, -0.00063884, -0.00059608, -0.00056315, -0.00053700, -0.00051548, -0.00049727, -0.00048165, -0.00046816, -0.00045647, -0.00044626, -0.00043722, -0.00042908, -0.00042160, -0.00039512, -0.00037064, -0.00034610, -0.00032006, -0.00029169, -0.00026108, -0.00022906, -0.00019672, -0.00016517, -0.00013532, -0.00010793, -0.00008353, -0.00006248, -0.00004494, -0.00003086, -0.00002004, -0.00001211, -0.00000662, -0.00000306, -0.00000096, 0.00000014, 0.00000061, 0.00000071, 0.00000065, 0.00000054, 0.00000043, 0.00000034, 0.00000027, 0.00000019, 0.00000012, 0.00000003, -0.00000004, -0.00000009, -0.00000010, -0.00000008, -0.00000003, 0.00000003, 0.00000007, 0.00000008, 0.00000005, -0.00000000, -0.00000005, -0.00000005, 0.00000000, 0.00000000
-0.00022024, -0.00020808, -0.00020128, -0.00019658, -0.00019358, -0.00019158, -0.00018999, -0.00018894, -0.00018839, -0.00018818, -0.00018815, -0.00018823, -0.00018841, -0.00018872, -0.00018916, -0.00018973, -0.00019040, -0.00019114, -0.00019192, -0.00019519, -0.00019833, -0.00020102, -0.00020262, -0.00020247, -0.00020008, -0.00019521, -0.00018776, -0.00017780, -0.00016556, -0.00015140, -0.00013582, -0.00011942, -0.00010281, -0.00008659, -0.00007129, -0.00005733, -0.00004498, -0.00003438, -0.00002557, -0.00001847, -0.00001293, -0.00000875, -0.00000570, -0.00000356, -0.00000213, -0.00000121, -0.00000065, -0.00000033, -0.00000016, -0.00000008, -0.00000004, -0.00000002, -0.00000001, -0.00000000, 0.00000000, 0.00000000, 0.00000001, 0.00000000, 0.00000000, -0.00000000, -0.00000000, -0.00000000, -0.00000000, 0.00000000
-0.00429973, -0.00258930, -0.00182952, -0.00141365, -0.00116139, -0.00099630, -0.00087945, -0.00079503, -0.00073344, -0.00068709, -0.00065064, -0.00062091, -0.00059622, -0.00057557, -0.00055826, -0.00054360, -0.00053097, -0.00051977, -0.00050951, -0.00047212, -0.00043558, -0.00039883, -0.00036093, -0.00032114, -0.00028007, -0.00023928, -0.00020043, -0.00016474, -0.00013283, -0.00010493, -0.00008102, -0.00006097, -0.00004458, -0.00003160, -0.00002168, -0.00001442, -0.00000934, -0.00000597, -0.00000383, -0.00000250, -0.00000166, -0.00000109, -0.00000064, -0.00000027, 0.00000002, 0.00000023, 0.00000032, 0.00000030, 0.00000019, 0.00000002, -0.00000015, -0.00000026, -0.00000028, -0.00000021, -0.00000007, 0.00000009, 0.00000020, 0.00000022, 0.00000013, -0.00000002, -0.00000014, -0.00000013, 0.00000001, 0.00000000
-0.00302115, -0.00189198, -0.00137491, -0.00108115, -0.00089454, -0.00076593, -0.00067053, -0.00059781, -0.00054135, -0.00049620, -0.00045890, -0.00042733, -0.00040028, -0.00037698, -0.00035686, -0.00033941, -0.00032416, -0.00031069, -0.00029865, -0.00026022, -0.00023215, -0.00021110, -0.00019425, -0.00017931, -0.00016497, -0.00015074, -0.00013651, -0.00012222, -0.00010786, -0.00009350, -0.00007935, -0.00006572, -0.00005298, -0.00004149, -0.00003149, -0.00002315, -0.00001644, -0.00001128, -0.00000745, -0.00000472, -0.00000284, -0.00000159, -0.00000078, -0.00000028, 0.00000002, 0.00000017, 0.00000023, 0.00000021, 0.00000014, 0.00000005, -0.00000004, -0.00000010, -0.00000011, -0.00000009, -0.00000003, 0.00000003, 0.00000008, 0.00000010, 0.00000006, -0.00000001, -0.00000006, -0.00000006, 0.00000000, 0.00000000
0.00274196, 0.00159782, 0.00106002, 0.00074542, 0.00053854, 0.00039053, 0.00027665, 0.00018613, 0.00011246, 0.00005068, -0.00000273, -0.00004992, -0.00009220, -0.00013034, -0.00016496, -0.00019656, -0.00022558, -0.00025243, -0.00027743, -0.00036307, -0.00042971, -0.00047886, -0.00051158, -0.00052903, -0.00053211, -0.00052172, -0.00049919, -0.00046639, -0.00042574, -0.00037987, -0.00033141, -0.00028273, -0.00023581, -0.00019219, -0.00015294, -0.00011869, -0.00008970, -0.00006590, -0.00004698, -0.00003244, -0.00002166, -0.00001399, -0.00000876, -0.00000535, -0.00000322, -0.00000194, -0.00000117, -0.00000069, -0.00000035, -0.00000011, 0.00000007, 0.00000017, 0.00000019, 0.00000014, 0.00000004, -0.00000007, -0.00000015, -0.00000016, -0.00000009, 0.00000002, 0.00000010, 0.00000009, -0.00000001, 0.00000000
0.00200303, 0.00110141, 0.00068680, 0.00045009, 0.00029834, 0.00019268, 0.00011370, 0.00005280, 0.00000480, -0.00003412, -0.00006659, -0.00009426, -0.00011810, -0.00013875, -0.00015666, -0.00017224, -0.00018584, -0.00019777, -0.00020828, -0.00023946, -0.00025724, -0.00026419, -0.00026248, -0.00025412, -0.00024060, -0.00022302, -0.00020243, -0.00017988, -0.00015650, -0.00013334, -0.00011126, -0.00009094, -0.00007278, -0.00005700, -0.00004362, -0.00003257, -0.00002367, -0.00001669, -0.00001139, -0.00000750, -0.00000476, -0.00000292, -0.00000176, -0.00000106, -0.00000067, -0.00000046, -0.00000033, -0.00000022, -0.00000013, -0.00000004, 0.00000004, 0.00000009, 0.00000010, 0.00000007, 0.00000002, -0.00000004, -0.00000008, -0.00000009, -0.00000005, 0.00000001, 0.00000006, 0.00000005, -0.00000001, 0.00000000
0.00095024, 0.00052077, 0.00031844, 0.00020032, 0.00012287, 0.00006784, 0.00002601, -0.00000681, -0.00003313, -0.00005481, -0.00007315, -0.00008901, -0.00010293, -0.00011526, -0.00012627, -0.00013617, -0.00014516, -0.00015340, -0.00016101, -0.00018712, -0.00020846, -0.00022606, -0.00024011, -0.00025040, -0.00025650, -0.00025787, -0.00025415, -0.00024528, -0.00023160, -0.00021376, -0.00019274, -0.00016966, -0.00014567, -0.00012190, -0.00009930, -0.00007865, -0.00006046, -0.00004503, -0.00003242, -0.00002250, -0.00001503, -0.00000964, -0.00000593, -0.00000352, -0.00000203, -0.00000115, -0.00000065, -0.00000037, -0.00000018, -0.00000006, 0.00000004, 0.00000009, 0.00000011, 0.00000008, 0.00000002, -0.00000004, -0.00000009, -0.00000009, -0.00000005, 0.00000001, 0.00000006, 0.00000005, -0.00000001, 0.00000000
0.00160448, 0.00093406, 0.00062950, 0.00045847, 0.00035114, 0.00027825, 0.00022518, 0.00018550, 0.00015532, 0.00013174, 0.00011275, 0.00009710, 0.00008406, 0.00007315, 0.00006402, 0.00005638, 0.00004995, 0.00004450, 0.00003983, 0.00002652, 0.00001892, 0.00001522, 0.00001399, 0.00001403, 0.00001459, 0.00001529, 0.00001589, 0.00001620, 0.00001607, 0.00001539, 0.00001419, 0.00001256, 0.00001068, 0.00000872, 0.00000686, 0.00000520, 0.00000382, 0.00000273, 0.00000191, 0.00000131, 0.00000088, 0.00000057, 0.00000035, 0.00000018, 0.00000006, -0.00000002, -0.00000006, -0.00000007, -0.00000005, -0.00000001, 0.00000003, 0.00000006, 0.00000007, 0.00000005, 0.00000002, -0.00000002, -0.00000005, -0.00000005, -0.00000003, 0.00000000, 0.00000003, 0.00000003, -0.00000000, 0.00000000
-0.00029596, -0.00023533, -0.00021113, -0.00019944, -0.00019358, -0.00019066, -0.00018923, -0.00018879, -0.00018905, -0.00018973, -0.00019065, -0.00019172, -0.00019291, -0.00019421, -0.00019560, -0.00019708, -0.00019861, -0.00020017, -0.00020174, -0.00020781, -0.00021306, -0.00021677, -0.00021810, -0.00021638, -0.00021116, -0.00020233, -0.00019006, -0.00017482, -0.00015726, -0.00013823, -0.00011861, -0.00009927, -0.00008097, -0.00006430, -0.00004965, -0.00003723, -0.00002707, -0.00001904, -0.00001293, -0.00000845, -0.00000531, -0.00000319, -0.00000184, -0.00000101, -0.00000054, -0.00000028, -0.00000014, -0.00000006, -0.00000002, 0.00000001, 0.00000002, 0.00000002, 0.00000002, 0.00000001, -0.00000000, -0.00000001, -0.00000002, -0.00000001, -0.00000000, 0.00000001, 0.00000001, 0.00000001, -0.00000000, 0.00000000
-0.00248291, -0.00162318, -0.00123143, -0.00101060, -0.00087213, -0.00077832, -0.00071000, -0.00065922, -0.00062106, -0.00059166, -0.00056832, -0.00054941, -0.00053399, -0.00052151, -0.00051150, -0.00050356, -0.00049733, -0.00049246, -0.00048867, -0.00048044, -0.00047832, -0.00047811, -0.00047596, -0.00046873, -0.00045453, -0.00043270, -0.00040349, -0.00036791, -0.00032749, -0.00028417, -0.00024006, -0.00019719, -0.00015730, -0.00012173, -0.00009125, -0.00006617, -0.00004635, -0.00003130, -0.00002035, -0.00001272, -0.00000763, -0.00000438, -0.00000241, -0.00000125, -0.00000060, -0.00000024, -0.00000005, 0.00000004, 0.00000006, 0.00000005, 0.00000001, -0.00000003, -0.00000006, -0.00000007, -0.00000004, -0.00000000, 0.00000004, 0.00000006, 0.00000005, 0.00000001, -0.00000003, -0.00000004, -0.00000000, 0.00000000
-0.00175231, -0.00112603, -0.00084034, -0.00067883, -0.00057706, -0.00050764, -0.00045661, -0.00041821, -0.00038888, -0.00036583, -0.00034708, -0.00033145, -0.00031825, -0.00030710, -0.00029766, -0.00028965, -0.00028281, -0.00027690, -0.00027170, -0.00025547, -0.00024339, -0.00023336, -0.00022359, -0.00021264, -0.00019982, -0.00018509, -0.00016872, -0.00015114, -0.00013285, -0.00011437, -0.00009629, -0.00007915, -0.00006343, -0.00004950, -0.00003759, -0.00002774, -0.00001990, -0.00001386, -0.00000937, -0.00000614, -0.00000389, -0.00000238, -0.00000138, -0.00000074, -0.00000035, -0.00000011, 0.00000001, 0.00000005, 0.00000005, 0.00000001, -0.00000003, -0.00000006, -0.00000007, -0.00000006, -0.00000002, 0.00000002, 0.00000005, 0.00000006, 0.00000004, -0.00000000, -0.00000004, -0.00000004, 0.00000000, 0.00000000
-0.00304540, -0.00191901, -0.00140625, -0.00111665, -0.00093391, -0.00080894, -0.00071687, -0.00064722, -0.00059363, -0.00055118, -0.00051641, -0.00048723, -0.00046243, -0.00044129, -0.00042323, -0.00040776, -0.00039441, -0.00038276, -0.00037245, -0.00034007, -0.00031637, -0.00029772, -0.00028105, -0.00026396, -0.00024525, -0.00022474, -0.00020276, -0.00017982, -0.00015648, -0.00013334, -0.00011102, -0.00009014, -0.00007123, -0.00005470, -0.00004077, -0.00002946, -0.00002062, -0.00001398, -0.00000917, -0.00000582, -0.00000356, -0.00000207, -0.00000112, -0.00000052, -0.00000015, 0.00000006, 0.00000015, 0.00000016, 0.00000011, 0.00000003, -0.00000005, -0.00000011, -0.00000013, -0.00000010, -0.00000004, 0.00000004, 0.00000009, 0.00000011, 0.00000007, -0.00000001, -0.00000007, -0.00000006, 0.00000000, 0.00000000
-0.00238056, -0.00155743, -0.00117960, -0.00096428, -0.00082726, -0.00073272, -0.00066236, -0.00060869, -0.00056710, -0.00053390, -0.00050649, -0.00048332, -0.00046352, -0.00044657, -0.00043206, -0.00041964, -0.00040894, -0.00039964, -0.00039147, -0.00036652, -0.00034991, -0.00033883, -0.00033056, -0.00032263, -0.00031346, -0.00030223, -0.00028855, -0.00027221, -0.00025318, -0.00023167, -0.00020814, -0.00018331, -0.00015805, -0.00013328, -0.00010982, -0.00008835, -0.00006933, -0.00005302, -0.00003945, -0.00002850, -0.00001994, -0.00001346, -0.00000871, -0.00000537, -0.00000312, -0.00000168, -0.00000083, -0.00000037, -0.00000017, -0.00000010, -0.00000010, -0.00000011, -0.00000010, -0.00000007, -0.00000002, 0.00000003, 0.00000007, 0.00000007, 0.00000004, -0.00000001, -0.00000004, -0.00000004, 0.00000000, 0.00000000
0.00010026, -0.00001510, -0.00006608, -0.00009362, -0.00011036, -0.00012131, -0.00012881, -0.00013415, -0.00013803, -0.00014088, -0.00014300, -0.00014458, -0.00014578, -0.00014670, -0.00014740, -0.00014794, -0.00014835, -0.00014866, -0.00014890, -0.00014936, -0.00014938, -0.00014889, -0.00014758, -0.00014505, -0.00014097, -0.00013512, -0.00012743, -0.00011798, -0.00010705, -0.00009503, -0.00008243, -0.00006978, -0.00005757, -0.00004624, -0.00003608, -0.00002732, -0.00002001, -0.00001415, -0.00000962, -0.00000627, -0.00000389, -0.00000229, -0.00000127, -0.00000067, -0.00000033, -0.00000016, -0.00000008, -0.00000004, -0.00000001, 0.00000001, 0.00000003, 0.00000003, 0.00000003, 0.00000002, 0.00000000, -0.00000001, -0.00000002, -0.00000002, -0.00000001, 0.00000001, 0.00000002, 0.00000001, -0.00000000, 0.00000000
0.00053851, 0.00023833, 0.00010110, 0.00002304, -0.00002724, -0.00006262, -0.00008946, -0.00011072, -0.00012812, -0.00014285, -0.00015575, -0.00016734, -0.00017796, -0.00018779, -0.00019700, -0.00020567, -0.00021389, -0.00022175, -0.00022929, -0.00025684, -0.00028037, -0.00029911, -0.00031214, -0.00031882, -0.00031875, -0.00031185, -0.00029845, -0.00027929, -0.00025547, -0.00022836, -0.00019940, -0.00017003, -0.00014150, -0.00011485, -0.00009082, -0.00006990, -0.00005227, -0.00003792, -0.00002662, -0.00001806, -0.00001180, -0.00000742, -0.00000449, -0.00000262, -0.00000149, -0.00000083, -0.00000046, -0.00000025, -0.00000012, -0.00000003, 0.00000003, 0.00000007, 0.00000007, 0.00000005, 0.00000001, -0.00000003, -0.00000006, -0.00000006, -0.00000003, 0.00000001, 0.00000004, 0.00000003, -0.00000001, 0.00000000
-0.00135592, -0.00087074, -0.00064678, -0.00051857, -0.00043692, -0.00038058, -0.00033871, -0.00030694, -0.00028254, -0.00026326, -0.00024751, -0.00023435, -0.00022325, -0.00021390, -0.00020606, -0.00019951, -0.00019402, -0.00018940, -0.00018546, -0.00017452, -0.00016905, -0.00016779, -0.00016927, -0.00017200, -0.00017490, -0.00017722, -0.00017826, -0.00017732, -0.00017374, -0.00016708, -0.00015723, -0.00014445, -0.00012935, -0.00011275, -0.00009555, -0.00007865, -0.00006279, -0.00004854, -0.00003626, -0.00002610, -0.00001804, -0.00001192, -0.00000748, -0.00000442, -0.00000243, -0.00000123, -0.00000057, -0.00000024, -0.00000011, -0.00000006, -0.00000005, -0.00000004, -0.00000003, -0.00000001, 0.00000001, 0.00000002, 0.00000002, 0.00000001, 0.00000000, -0.00000000, -0.00000001, -0.00000000, -0.00000000, 0.00000000
0.00220308, 0.00129227, 0.00086636, 0.00061923, 0.00045841, 0.00034486, 0.00025881, 0.00019158, 0.00013793, 0.00009386, 0.00005655, 0.00002421, -0.00000423, -0.00002946, -0.00005200, -0.00007228, -0.00009070, -0.00010759, -0.00012325, -0.00017723, -0.00022147, -0.00025779, -0.00028685, -0.00030885, -0.00032345, -0.00033008, -0.00032842, -0.00031865, -0.00030156, -0.00027841, -0.00025079, -0.00022040, -0.00018890, -0.00015779, -0.00012834, -0.00010152, -0.00007797, -0.00005803, -0.00004177, -0.00002901, -0.00001940, -0.00001248, -0.00000773, -0.00000464, -0.00000273, -0.00000160, -0.00000095, -0.00000055, -0.00000028, -0.00000008, 0.00000008, 0.00000017, 0.00000019, 0.00000014, 0.00000004, -0.00000007, -0.00000014, -0.00000015, -0.00000009, 0.00000002, 0.00000010, 0.00000009, -0.00000001, 0.00000000
-0.00335929, -0.00211973, -0.00155057, -0.00122592, -0.00101904, -0.00087603, -0.00076949, -0.00068801, -0.00062461, -0.00057381, -0.00053176, -0.00049613, -0.00046562, -0.00043941, -0.00041691, -0.00039754, -0.00038080, -0.00036619, -0.00035333, -0.00031404, -0.00028810, -0.00027122, -0.00025948, -0.00024949, -0.00023916, -0.00022750, -0.00021412, -0.00019884, -0.00018169, -0.00016291, -0.00014299, -0.00012261, -0.00010256, -0.00008361, -0.00006637, -0.00005128, -0.00003855, -0.00002818, -0.00002002, -0.00001380, -0.00000920, -0.00000590, -0.00000360, -0.00000205, -0.00000105, -0.00000044, -0.00000011, 0.00000003, 0.00000004, -0.00000001, -0.00000007, -0.00000012, -0.00000014, -0.00000010, -0.00000004, 0.00000004, 0.00000009, 0.00000011, 0.00000007, -0.00000001, -0.00000007, -0.00000006, 0.00000000, 0.00000000
0.00030766, 0.00006322, -0.00004469, -0.00010304, -0.00013847, -0.00016168, -0.00017778, -0.00018940, -0.00019804, -0.00020465, -0.00020987, -0.00021414, -0.00021775, -0.00022092, -0.00022379, -0.00022646, -0.00022901, -0.00023150, -0.00023398, -0.00024423, -0.00025550, -0.00026744, -0.00027898, -0.00028881, -0.00029567, -0.00029849, -0.00029648, -0.00028920, -0.00027664, -0.00025919, -0.00023762, -0.00021299, -0.00018650, -0.00015940, -0.00013288, -0.00010792, -0.00008529, -0.00006550, -0.00004879, -0.00003519, -0.00002451, -0.00001644, -0.00001059, -0.00000654, -0.00000386, -0.00000218, -0.00000118, -0.00000061, -0.00000030, -0.00000013, -0.00000004, 0.00000002, 0.00000004, 0.00000004, 0.00000002, -0.00000001, -0.00000004, -0.00000004, -0.00000003, 0.00000000, 0.00000003, 0.00000003, -0.00000000, 0.00000000
-0.00174463, -0.00111814, -0.00082668, -0.00065814, -0.00054916, -0.00047269, -0.00041491, -0.00037006, -0.00033460, -0.00030573, -0.00028147, -0.00026059, -0.00024239, -0.00022644, -0.00021240, -0.00019998, -0.00018890, -0.00017891, -0.00016981, -0.00013950, -0.00011569, -0.00009638, -0.00008001, -0.00006536, -0.00005187, -0.00003950, -0.00002841, -0.00001874, -0.00001058, -0.00000395, 0.00000119, 0.00000491, 0.00000732, 0.00000858, 0.00000887, 0.00000843, 0.00000748, 0.00000624, 0.00000493, 0.00000370, 0.00000263, 0.00000180, 0.00000120, 0.00000079, 0.00000054, 0.00000039, 0.00000029, 0.00000021, 0.00000012, 0.00000004, -0.00000004, -0.00000009, -0.00000010, -0.00000008, -0.00000003, 0.00000003, 0.00000007, 0.00000008, 0.00000005, -0.00000001, -0.00000005, -0.00000005, 0.00000001, 0.00000000
0.00012839, -0.00001201, -0.00008106, -0.00012286, -0.00015160, -0.00017310, -0.00019025, -0.00020458, -0.00021695, -0.00022796, -0.00023801, -0.00024739, -0.00025629, -0.00026484, -0.00027313, -0.00028121, -0.00028911, -0.00029686, -0.00030447, -0.00033356, -0.00035995, -0.00038222, -0.00039877, -0.00040827, -0.00040984, -0.00040311, -0.00038824, -0.00036594, -0.00033739, -0.00030416, -0.00026798, -0.00023065, -0.00019382, -0.00015890, -0.00012699, -0.00009882, -0.00007479, -0.00005495, -0.00003914, -0.00002696, -0.00001793, -0.00001148, -0.00000708, -0.00000421, -0.00000242, -0.00000135, -0.00000074, -0.00000039, -0.00000019, -0.00000006, 0.00000002, 0.00000006, 0.00000007, 0.00000005, 0.00000001, -0.00000003, -0.00000006, -0.00000006, -0.00000003, 0.00000001, 0.00000004, 0.00000003, -0.00000001, 0.00000000
-0.00053544, -0.00039784, -0.00033082, -0.00029028, -0.00026338, -0.00024396, -0.00022878, -0.00021686, -0.00020747, -0.00019982, -0.00019335, -0.00018774, -0.00018288, -0.00017869, -0.00017513, -0.00017212, -0.00016956, -0.00016737, -0.00016547, -0.00015985, -0.00015698, -0.00015676, -0.00015854, -0.00016153, -0.00016511, -0.00016875, -0.00017178, -0.00017329, -0.00017231, -0.00016808, -0.00016017, -0.00014868, -0.00013410, -0.00011732, -0.00009939, -0.00008139, -0.00006429, -0.00004886, -0.00003560, -0.00002476, -0.00001633, -0.00001013, -0.00000584, -0.00000307, -0.00000144, -0.00000058, -0.00000019, -0.00000005, -0.00000001, 0.00000001, 0.00000003, 0.00000006, 0.00000008, 0.00000007, 0.00000004, -0.00000001, -0.00000005, -0.00000006, -0.00000004, 0.00000000, 0.00000004, 0.00000004, -0.00000001, 0.00000000
-0.00221170, -0.00144922, -0.00111544, -0.00093629, -0.00083094, -0.00076478, -0.00071992, -0.00068942, -0.00066900, -0.00065514, -0.00064530, -0.00063801, -0.00063248, -0.00062830, -0.00062513, -0.00062265, -0.00062056, -0.00061857, -0.00061644, -0.00060356, -0.00058156, -0.00055068, -0.00051160, -0.00046542, -0.00041416, -0.00036040, -0.00030673, -0.00025534, -0.00020782, -0.00016525, -0.00012821, -0.00009692, -0.00007126, -0.00005087, -0.00003522, -0.00002363, -0.00001536, -0.00000971, -0.00000599, -0.00000363, -0.00000216, -0.00000126, -0.00000069, -0.00000031, -0.00000006, 0.00000010, 0.00000017, 0.00000017, 0.00000011, 0.00000001, -0.00000008, -0.00000015, -0.00000016, -0.00000012, -0.00000004, 0.00000005, 0.00000012, 0.00000013, 0.00000008, -0.00000001, -0.00000008, -0.00000008, 0.00000001, 0.00000000
0.00081864, 0.00044819, 0.00027338, 0.00017053, 0.00010235, 0.00005313, 0.00001497, -0.00001563, -0.00004076, -0.00006199, -0.00008043, -0.00009678, -0.00011145, -0.00012470, -0.00013671, -0.00014766, -0.00015768, -0.00016690, -0.00017542, -0.00020379, -0.00022431, -0.00023750, -0.00024378, -0.00024370, -0.00023781, -0.00022672, -0.00021119, -0.00019222, -0.00017092, -0.00014847, -0.00012597, -0.00010435, -0.00008435, -0.00006648, -0.00005101, -0.00003805, -0.00002753, -0.00001928, -0.00001302, -0.00000846, -0.00000528, -0.00000316, -0.00000183, -0.00000104, -0.00000061, -0.00000037, -0.00000025, -0.00000016, -0.00000009, -0.00000002, 0.00000003, 0.00000006, 0.00000007, 0.00000005, 0.00000001, -0.00000003, -0.00000005, -0.00000005, -0.00000003, 0.00000001, 0.00000004, 0.00000003, -0.00000000, 0.00000000
-0.00156404, -0.00103396, -0.00079336, -0.00065851, -0.00057461, -0.00051830, -0.00047773, -0.00044799, -0.00042603, -0.00040946, -0.00039660, -0.00038645, -0.00037844, -0.00037221, -0.00036749, -0.00036402, -0.00036158, -0.00035994, -0.00035892, -0.00035864, -0.00036135, -0.00036446, -0.00036563, -0.00036291, -0.00035518, -0.00034203, -0.00032359, -0.00030039, -0.00027324, -0.00024327, -0.00021175, -0.00018003, -0.00014937, -0.00012085, -0.00009527, -0.00007311, -0.00005456, -0.00003956, -0.00002784, -0.00001898, -0.00001252, -0.00000798, -0.00000491, -0.00000290, -0.00000165, -0.00000090, -0.00000047, -0.00000023, -0.00000012, -0.00000006, -0.00000004, -0.00000004, -0.00000003, -0.00000003, -0.00000002, -0.00000001, 0.00000001, 0.00000001, 0.00000001, 0.00000000, -0.00000001, -0.00000001, -0.00000000, 0.00000000
0.00130914, 0.00081641, 0.00057654, 0.00043281, 0.00033667, 0.00026703, 0.00021287, 0.00016952, 0.00013403, 0.00010412, 0.00007813, 0.00005506, 0.00003432, 0.00001556, -0.00000150, -0.00001710, -0.00003146, -0.00004475, -0.00005714, -0.00009957, -0.00013221, -0.00015558, -0.00017033, -0.00017731, -0.00017734, -0.00017123, -0.00016002, -0.00014497, -0.00012747, -0.00010891, -0.00009049, -0.00007315, -0.00005753, -0.00004400, -0.00003269, -0.00002354, -0.00001638, -0.00001098, -0.00000705, -0.00000432, -0.00000252, -0.00000139, -0.00000075, -0.00000042, -0.00000026, -0.00000019, -0.00000015, -0.00000011, -0.00000005, 0.00000000, 0.00000005, 0.00000008, 0.00000008, 0.00000006, 0.00000001, -0.00000003, -0.00000006, -0.00000006, -0.00000003, 0.00000001, 0.00000004, 0.00000004, -0.00000000, 0.00000000
0.00115435, 0.00050545, 0.00020349, 0.00002895, -0.00008461, -0.00016485, -0.00022541, -0.00027257, -0.00031010, -0.00034067, -0.00036610, -0.00038755, -0.00040572, -0.00042109, -0.00043400, -0.00044475, -0.00045359, -0.00046075, -0.00046640, -0.00047654, -0.00047022, -0.00045065, -0.00042090, -0.00038393, -0.00034240, -0.00029861, -0.00025457, -0.00021206, -0.00017254, -0.00013706, -0.00010626, -0.00008036, -0.00005925, -0.00004255, -0.00002972, -0.00002015, -0.00001322, -0.00000837, -0.00000509, -0.00000296, -0.00000163, -0.00000086, -0.00000044, -0.00000023, -0.00000014, -0.00000010, -0.00000008, -0.00000006, -0.00000003, -0.00000000, 0.00000003, 0.00000004, 0.00000004, 0.00000003, 0.00000001, -0.00000001, -0.00000003, -0.00000003, -0.00000002, 0.00000000, 0.00000002, 0.00000002, -0.00000000, 0.00000000
-0.00134766, -0.00089172, -0.00068571, -0.00057024, -0.00049808, -0.00044923, -0.00041350, -0.00038675, -0.00036644, -0.00035056, -0.00033772, -0.00032706, -0.00031816, -0.00031073, -0.00030458, -0.00029952, -0.00029536, -0.00029194, -0.00028912, -0.00028188, -0.00027912, -0.00027931, -0.00028069, -0.00028153, -0.00028051, -0.00027683, -0.00026994, -0.00025954, -0.00024555, -0.00022818, -0.00020792, -0.00018554, -0.00016195, -0.00013815, -0.00011506, -0.00009348, -0.00007400, -0.00005701, -0.00004267, -0.00003097, -0.00002173, -0.00001469, -0.00000953, -0.00000589, -0.00000345, -0.00000189, -0.00000097, -0.00000046, -0.00000021, -0.00000011, -0.00000007, -0.00000006, -0.00000004, -0.00000002, -0.00000000, 0.00000002, 0.00000003, 0.00000003, 0.00000001, -0.00000000, -0.00000002, -0.00000001, 0.00000000, 0.00000000
-0.00076582, -0.00051859, -0.00040853, -0.00034790, -0.00031089, -0.00028640, -0.00026892, -0.00025624, -0.00024695, -0.00023992, -0.00023441, -0.00022997, -0.00022641, -0.00022358, -0.00022139, -0.00021972, -0.00021848, -0.00021759, -0.00021696, -0.00021637, -0.00021809, -0.00022146, -0.00022536, -0.00022859, -0.00023011, -0.00022908, -0.00022478, -0.00021673, -0.00020476, -0.00018912, -0.00017042, -0.00014960, -0.00012777, -0.00010602, -0.00008536, -0.00006659, -0.00005024, -0.00003658, -0.00002563, -0.00001723, -0.00001107, -0.00000677, -0.00000394, -0.00000217, -0.00000115, -0.00000059, -0.00000030, -0.00000015, -0.00000006, 0.00000000, 0.00000005, 0.00000007, 0.00000007, 0.00000004, 0.00000001, -0.00000003, -0.00000005, -0.00000005, -0.00000002, 0.00000001, 0.00000004, 0.00000003, -0.00000001, 0.00000000
-0.00523585, -0.00320517, -0.00228145, -0.00176060, -0.00143217, -0.00120767, -0.00104256, -0.00091774, -0.00082167, -0.00074556, -0.00068325, -0.00063099, -0.00058660, -0.00054874, -0.00051637, -0.00048863, -0.00046467, -0.00044378, -0.00042533, -0.00036816, -0.00032865, -0.00030147, -0.00028214, -0.00026680, -0.00025324, -0.00024051, -0.00022809, -0.00021548, -0.00020208, -0.00018742, -0.00017128, -0.00015382, -0.00013547, -0.00011684, -0.00009863, -0.00008143, -0.00006572, -0.00005181, -0.00003983, -0.00002980, -0.00002162, -0.00001512, -0.00001012, -0.00000640, -0.00000376, -0.00000200, -0.00000093, -0.00000038, -0.00000016, -0.00000015, -0.00000022, -0.00000027, -0.00000027, -0.00000019, -0.00000005, 0.00000009, 0.00000019, 0.00000019, 0.00000011, -0.00000002, -0.00000013, -0.00000011, 0.00000001, 0.00000000
0.00067128, 0.00039559, 0.00026854, 0.00019598, 0.00014954, 0.00011726, 0.00009321, 0.00007477, 0.00006033, 0.00004870, 0.00003905, 0.00003087, 0.00002386, 0.00001783, 0.00001262, 0.00000813, 0.00000422, 0.00000080, -0.00000220, -0.00001109, -0.00001597, -0.00001743, -0.00001607, -0.00001255, -0.00000745, -0.00000133, 0.00000520, 0.00001151, 0.00001699, 0.00002117, 0.00002380, 0.00002482, 0.00002437, 0.00002272, 0.00002023, 0.00001725, 0.00001412, 0.00001109, 0.00000835, 0.00000603, 0.00000416, 0.00000272, 0.00000169, 0.00000098, 0.00000053, 0.00000027, 0.00000013, 0.00000006, 0.00000003, 0.00000002, 0.00000001, 0.00000001, 0.00000000, 0.00000000, -0.00000000, -0.00000000, -0.00000000, 0.00000000, 0.00000000, -0.00000000, -0.00000000, -0.00000000, 0.00000000, 0.00000000
-0.00024565, -0.00019002, -0.00017060, -0.00016339, -0.00016171, -0.00016276, -0.00016515, -0.00016840, -0.00017222, -0.00017634, -0.00018062, -0.00018496, -0.00018934, -0.00019375, -0.00019818, -0.00020260, -0.00020700, -0.00021134, -0.00021561, -0.00023161, -0.00024528, -0.00025583, -0.00026242, -0.00026439, -0.00026138, -0.00025342, -0.00024081, -0.00022416, -0.00020428, -0.00018217, -0.00015887, -0.00013542, -0.00011275, -0.00009163, -0.00007262, -0.00005607, -0.00004212, -0.00003074, -0.00002177, -0.00001492, -0.00000987, -0.00000630, -0.00000387, -0.00000228, -0.00000130, -0.00000071, -0.00000037, -0.00000019, -0.00000008, -0.00000003, 0.00000001, 0.00000002, 0.00000002, 0.00000002, 0.00000000, -0.00000001, -0.00000002, -0.00000002, -0.00000001, 0.00000001, 0.00000001, 0.00000001, -0.00000000, 0.00000000
-0.00187688, -0.00121948, -0.00092613, -0.00076457, -0.00066592, -0.00060109, -0.00055534, -0.00052256, -0.00049902, -0.00048180, -0.00046888, -0.00045901, -0.00045153, -0.00044602, -0.00044216, -0.00043965, -0.00043821, -0.00043758, -0.00043755, -0.00044049, -0.00044480, -0.00044783, -0.00044720, -0.00044110, -0.00042865, -0.00040988, -0.00038532, -0.00035585, -0.00032256, -0.00028671, -0.00024967, -0.00021280, -0.00017739, -0.00014451, -0.00011496, -0.00008923, -0.00006751, -0.00004974, -0.00003563, -0.00002478, -0.00001669, -0.00001085, -0.00000678, -0.00000405, -0.00000229, -0.00000121, -0.00000059, -0.00000026, -0.00000011, -0.00000006, -0.00000005, -0.00000005, -0.00000005, -0.00000004, -0.00000002, 0.00000001, 0.00000003, 0.00000004, 0.00000002, 0.00000000, -0.00000002, -0.00000002, 0.00000000, 0.00000000
0.00043683, 0.00023033, 0.00013213, 0.00007424, 0.00003585, 0.00000826, -0.00001288, -0.00002962, -0.00004318, -0.00005445, -0.00006404, -0.00007236, -0.00007967, -0.00008617, -0.00009200, -0.00009728, -0.00010209, -0.00010653, -0.00011065, -0.00012496, -0.00013714, -0.00014806, -0.00015790, -0.00016647, -0.00017334, -0.00017799, -0.00017990, -0.00017867, -0.00017408, -0.00016615, -0.00015516, -0.00014162, -0.00012621, -0.00010973, -0.00009297, -0.00007668, -0.00006149, -0.00004787, -0.00003611, -0.00002635, -0.00001854, -0.00001256, -0.00000816, -0.00000508, -0.00000302, -0.00000172, -0.00000094, -0.00000050, -0.00000025, -0.00000012, -0.00000004, 0.00000001, 0.00000004, 0.00000004, 0.00000002, -0.00000001, -0.00000003, -0.00000004, -0.00000003, -0.00000000, 0.00000002, 0.00000003, -0.00000000, 0.00000000
-0.00227171, -0.00142551, -0.00104144, -0.00082534, -0.00068956, -0.00059710, -0.00052929, -0.00047824, -0.00043917, -0.00040837, -0.00038326, -0.00036228, -0.00034453, -0.00032947, -0.00031669, -0.00030581, -0.00029650, -0.00028844, -0.00028138, -0.00025979, -0.00024513, -0.00023499, -0.00022716, -0.00021970, -0.00021141, -0.00020177, -0.00019056, -0.00017770, -0.00016324, -0.00014736, -0.00013044, -0.00011302, -0.00009572, -0.00007915, -0.00006386, -0.00005023, -0.00003849, -0.00002871, -0.00002081, -0.00001464, -0.00000996, -0.00000653, -0.00000409, -0.00000242, -0.00000133, -0.00000065, -0.00000027, -0.00000009, -0.00000002, -0.00000003, -0.00000005, -0.00000008, -0.00000008, -0.00000006, -0.00000002, 0.00000002, 0.00000006, 0.00000006, 0.00000004, -0.00000000, -0.00000004, -0.00000004, 0.00000000, 0.00000000
-0.00327560, -0.00206016, -0.00150958, -0.00120073, -0.00100755, -0.00087680, -0.00078157, -0.00071050, -0.00065670, -0.00061482, -0.00058113, -0.00055337, -0.00053024, -0.00051096, -0.00049492, -0.00048158, -0.00047042, -0.00046101, -0.00045294, -0.00042924, -0.00041330, -0.00040111, -0.00038924, -0.00037499, -0.00035700, -0.00033508, -0.00030965, -0.00028140, -0.00025113, -0.00021975, -0.00018826, -0.00015770, -0.00012901, -0.00010297, -0.00008014, -0.00006077, -0.00004489, -0.00003227, -0.00002257, -0.00001533, -0.00001009, -0.00000640, -0.00000388, -0.00000221, -0.00000114, -0.00000050, -0.00000015, 0.00000001, 0.00000003, -0.00000000, -0.00000007, -0.00000011, -0.00000013, -0.00000010, -0.00000004, 0.00000003, 0.00000009, 0.00000010, 0.00000006, -0.00000000, -0.00000006, -0.00000006, 0.00000000, 0.00000000
0.00274258, 0.00162504, 0.00111355, 0.00082338, 0.00063907, 0.00051211, 0.00041816, 0.00034661, 0.00029106, 0.00024668, 0.00021008, 0.00017917, 0.00015271, 0.00012992, 0.00011020, 0.00009305, 0.00007801, 0.00006468, 0.00005271, 0.00001419, -0.00001434, -0.00003567, -0.00005174, -0.00006398, -0.00007300, -0.00007886, -0.00008153, -0.00008119, -0.00007823, -0.00007320, -0.00006670, -0.00005929, -0.00005143, -0.00004352, -0.00003589, -0.00002878, -0.00002240, -0.00001686, -0.00001225, -0.00000857, -0.00000576, -0.00000374, -0.00000236, -0.00000148, -0.00000095, -0.00000063, -0.00000044, -0.00000029, -0.00000016, -0.00000004, 0.00000007, 0.00000013, 0.00000015, 0.00000011, 0.00000004, -0.00000005, -0.00000011, -0.00000012, -0.00000007, 0.00000001, 0.00000008, 0.00000007, -0.00000001, 0.00000000
-0.00036204, -0.00027982, -0.00025028, -0.00023847, -0.00023464, -0.00023468, -0.00023658, -0.00023965, -0.00024347, -0.00024768, -0.00025204, -0.00025647, -0.00026094, -0.00026545, -0.00027000, -0.00027457, -0.00027915, -0.00028370, -0.00028820, -0.00030553, -0.00032137, -0.00033503, -0.00034537, -0.00035122, -0.00035169, -0.00034627, -0.00033480, -0.00031753, -0.00029507, -0.00026842, -0.00023882, -0.00020765, -0.00017631, -0.00014605, -0.00011793, -0.00009272, -0.00007088, -0.00005261, -0.00003784, -0.00002631, -0.00001765, -0.00001138, -0.00000705, -0.00000418, -0.00000237, -0.00000129, -0.00000067, -0.00000034, -0.00000015, -0.00000005, 0.00000001, 0.00000004, 0.00000005, 0.00000003, 0.00000001, -0.00000002, -0.00000004, -0.00000004, -0.00000002, 0.00000001, 0.00000003, 0.00000002, -0.00000001, 0.00000000
-0.00223305, -0.00143409, -0.00107172, -0.00086798, -0.00074027, -0.00065355, -0.00059011, -0.00054259, -0.00050648, -0.00047825, -0.00045543, -0.00043655, -0.00042079, -0.00040765, -0.00039673, -0.00038769, -0.00038019, -0.00037394, -0.00036868, -0.00035434, -0.00034695, -0.00034374, -0.00034197, -0.00033913, -0.00033357, -0.00032441, -0.00031123, -0.00029394, -0.00027272, -0.00024811, -0.00022097, -0.00019238, -0.00016355, -0.00013563, -0.00010962, -0.00008627, -0.00006603, -0.00004909, -0.00003540, -0.00002469, -0.00001662, -0.00001075, -0.00000664, -0.00000389, -0.00000213, -0.00000107, -0.00000048, -0.00000019, -0.00000007, -0.00000003, -0.00000004, -0.00000005, -0.00000005, -0.00000004, -0.00000001, 0.00000001, 0.00000003, 0.00000004, 0.00000003, 0.00000000, -0.00000002, -0.00000002, -0.00000000, 0.00000000
-0.00096868, -0.00067843, -0.00054415, -0.00046702, -0.00041784, -0.00038381, -0.00035840, -0.00033907, -0.00032418, -0.00031235, -0.00030261, -0.00029442, -0.00028748, -0.00028162, -0.00027669, -0.00027255, -0.00026906, -0.00026610, -0.00026358, -0.00025657, -0.00025318, -0.00025218, -0.00025203, -0.00025125, -0.00024862, -0.00024323, -0.00023442, -0.00022184, -0.00020553, -0.00018598, -0.00016402, -0.00014076, -0.00011736, -0.00009494, -0.00007438, -0.00005635, -0.00004118, -0.00002894, -0.00001950, -0.00001254, -0.00000766, -0.00000442, -0.00000239, -0.00000121, -0.00000058, -0.00000026, -0.00000011, -0.00000004, 0.00000001, 0.00000004, 0.00000007, 0.00000007, 0.00000006, 0.00000003, -0.00000001, -0.00000003, -0.00000004, -0.00000003, -0.00000001, 0.00000002, 0.00000003, 0.00000002, -0.00000001, 0.00000000
-0.00107479, -0.00073826, -0.00058499, -0.00049831, -0.00044377, -0.00040653, -0.00037903, -0.00035829, -0.00034244, -0.00032994, -0.00031972, -0.00031115, -0.00030391, -0.00029781, -0.00029270, -0.00028844, -0.00028487, -0.00028188, -0.00027934, -0.00027238, -0.00026908, -0.00026828, -0.00026847, -0.00026814, -0.00026609, -0.00026150, -0.00025379, -0.00024260, -0.00022786, -0.00020981, -0.00018906, -0.00016644, -0.00014298, -0.00011971, -0.00009756, -0.00007731, -0.00005948, -0.00004435, -0.00003198, -0.00002224, -0.00001487, -0.00000952, -0.00000580, -0.00000335, -0.00000182, -0.00000092, -0.00000043, -0.00000018, -0.00000007, -0.00000002, -0.00000000, 0.00000001, 0.00000001, 0.00000001, 0.00000000, -0.00000000, -0.00000001, -0.00000001, -0.00000000, 0.00000000, 0.00000001, 0.00000001, -0.00000000, 0.00000000
0.00201389, 0.00115722, 0.00075869, 0.00052828, 0.00037851, 0.00027266, 0.00019217, 0.00012887, 0.00007785, 0.00003544, -0.00000097, -0.00003301, -0.00006164, -0.00008748, -0.00011097, -0.00013248, -0.00015235, -0.00017087, -0.00018828, -0.00024981, -0.00030101, -0.00034225, -0.00037329, -0.00039389, -0.00040370, -0.00040252, -0.00039064, -0.00036911, -0.00033964, -0.00030444, -0.00026586, -0.00022618, -0.00018741, -0.00015114, -0.00011852, -0.00009024, -0.00006660, -0.00004752, -0.00003271, -0.00002166, -0.00001377, -0.00000840, -0.00000495, -0.00000285, -0.00000165, -0.00000099, -0.00000061, -0.00000037, -0.00000018, -0.00000002, 0.00000011, 0.00000018, 0.00000019, 0.00000013, 0.00000003, -0.00000007, -0.00000014, -0.00000014, -0.00000007, 0.00000002, 0.00000009, 0.00000008, -0.00000001, 0.00000000
-0.00029012, -0.00019693, -0.00015858, -0.00013926, -0.00012864, -0.00012243, -0.00011855, -0.00011614, -0.00011471, -0.00011385, -0.00011334, -0.00011306, -0.00011295, -0.00011299, -0.00011315, -0.00011339, -0.00011371, -0.00011408, -0.00011448, -0.00011628, -0.00011832, -0.00012037, -0.00012194, -0.00012247, -0.00012149, -0.00011864, -0.00011368, -0.00010659, -0.00009751, -0.00008682, -0.00007506, -0.00006284, -0.00005080, -0.00003951, -0.00002941, -0.00002079, -0.00001379, -0.00000839, -0.00000448, -0.00000184, -0.00000024, 0.00000060, 0.00000090, 0.00000089, 0.00000071, 0.00000050, 0.00000031, 0.00000018, 0.00000010, 0.00000007, 0.00000007, 0.00000007, 0.00000006, 0.00000003, 0.00000000, -0.00000003, -0.00000004, -0.00000004, -0.00000002, 0.00000001, 0.00000003, 0.00000002, -0.00000001, 0.00000000
-0.00081315, -0.00053917, -0.00042177, -0.00036034, -0.00032535, -0.00030438, -0.00029119, -0.00028323, -0.00027894, -0.00027709, -0.00027687, -0.00027777, -0.00027955, -0.00028202, -0.00028505, -0.00028853, -0.00029233, -0.00029634, -0.00030047, -0.00031687, -0.00033118, -0.00034162, -0.00034663, -0.00034513, -0.00033672, -0.00032161, -0.00030053, -0.00027459, -0.00024517, -0.00021376, -0.00018188, -0.00015092, -0.00012203, -0.00009608, -0.00007357, -0.00005474, -0.00003951, -0.00002763, -0.00001868, -0.00001219, -0.00000767, -0.00000463, -0.00000269, -0.00000150, -0.00000080, -0.00000041, -0.00000019, -0.00000008, -0.00000002, 0.00000001, 0.00000002, 0.00000001, 0.00000000, -0.00000001, -0.00000001, -0.00000001, -0.00000001, 0.00000000, 0.00000001, 0.00000001, 0.00000000, -0.00000000, -0.00000000, 0.00000000
-0.00196796, -0.00123483, -0.00090080, -0.00071225, -0.00059350, -0.00051257, -0.00045324, -0.00040865, -0.00037463, -0.00034794, -0.00032631, -0.00030836, -0.00029330, -0.00028063, -0.00026999, -0.00026103, -0.00025344, -0.00024696, -0.00024133, -0.00022439, -0.00021272, -0.00020392, -0.00019599, -0.00018733, -0.00017718, -0.00016538, -0.00015212, -0.00013768, -0.00012241, -0.00010671, -0.00009102, -0.00007584, -0.00006164, -0.00004881, -0.00003762, -0.00002820, -0.00002054, -0.00001454, -0.00000999, -0.00000666, -0.00000429, -0.00000266, -0.00000157, -0.00000086, -0.00000042, -0.00000015, -0.00000001, 0.00000004, 0.00000004, 0.00000001, -0.00000003, -0.00000006, -0.00000007, -0.00000006, -0.00000002, 0.00000002, 0.00000005, 0.00000006, 0.00000004, -0.00000000, -0.00000004, -0.00000004, 0.00000000, 0.00000000
-0.00081039, -0.00060271, -0.00051651, -0.00047340, -0.00045078, -0.00043896, -0.00043299, -0.00043104, -0.00043196, -0.00043475, -0.00043874, -0.00044355, -0.00044901, -0.00045500, -0.00046143, -0.00046820, -0.00047520, -0.00048232, -0.00048948, -0.00051716, -0.00054129, -0.00055964, -0.00057003, -0.00057084, -0.00056127, -0.00054135, -0.00051183, -0.00047405, -0.00042981, -0.00038124, -0.00033058, -0.00028005, -0.00023160, -0.00018683, -0.00014688, -0.00011240, -0.00008361, -0.00006037, -0.00004222, -0.00002855, -0.00001861, -0.00001168, -0.00000703, -0.00000406, -0.00000225, -0.00000119, -0.00000061, -0.00000029, -0.00000012, -0.00000003, 0.00000002, 0.00000004, 0.00000004, 0.00000002, -0.00000000, -0.00000002, -0.00000003, -0.00000003, -0.00000001, 0.00000001, 0.00000002, 0.00000002, -0.00000001, 0.00000000
0.00010863, 0.00003096, -0.00000959, -0.00003558, -0.00005430, -0.00006874, -0.00008048, -0.00009035, -0.00009881, -0.00010617, -0.00011268, -0.00011854, -0.00012390, -0.00012884, -0.00013346, -0.00013778, -0.00014186, -0.00014574, -0.00014944, -0.00016301, -0.00017540, -0.00018681, -0.00019683, -0.00020483, -0.00021012, -0.00021200, -0.00020992, -0.00020358, -0.00019301, -0.00017864, -0.00016122, -0.00014172, -0.00012123, -0.00010081, -0.00008139, -0.00006371, -0.00004826, -0.00003531, -0.00002488, -0.00001684, -0.00001092, -0.00000676, -0.00000400, -0.00000227, -0.00000125, -0.00000069, -0.00000039, -0.00000021, -0.00000010, -0.00000001, 0.00000005, 0.00000009, 0.00000009, 0.00000006, 0.00000001, -0.00000004, -0.00000007, -0.00000007, -0.00000004, 0.00000001, 0.00000005, 0.00000004, -0.00000001, 0.00000000
-0.00046077, -0.00033179, -0.00027237, -0.00023830, -0.00021665, -0.00020170, -0.00019050, -0.00018198, -0.00017542, -0.00017019, -0.00016587, -0.00016221, -0.00015909, -0.00015644, -0.00015420, -0.00015232, -0.00015072, -0.00014937, -0.00014820, -0.00014492, -0.00014321, -0.00014252, -0.00014208, -0.00014110, -0.00013896, -0.00013524, -0.00012965, -0.00012208, -0.00011263, -0.00010159, -0.00008943, -0.00007671, -0.00006403, -0.00005195, -0.00004091, -0.00003121, -0.00002304, -0.00001641, -0.00001125, -0.00000740, -0.00000465, -0.00000279, -0.00000158, -0.00000085, -0.00000043, -0.00000021, -0.00000010, -0.00000004, -0.00000001, 0.00000001, 0.00000002, 0.00000002, 0.00000002, 0.00000001, -0.00000000, -0.00000001, -0.00000002, -0.00000001, -0.00000000, 0.00000001, 0.00000001, 0.00000001, -0.00000000, 0.00000000
-0.00109246, -0.00071360, -0.00055102, -0.00046548, -0.00041610, -0.00038585, -0.00036617, -0.00035354, -0.00034581, -0.00034137, -0.00033910, -0.00033833, -0.00033871, -0.00034002, -0.00034208, -0.00034473, -0.00034782, -0.00035121, -0.00035478, -0.00036919, -0.00038155, -0.00038982, -0.00039229, -0.00038773, -0.00037575, -0.00035669, -0.00033144, -0.00030130, -0.00026778, -0.00023254, -0.00019718, -0.00016314, -0.00013160, -0.00010343, -0.00007912, -0.00005885, -0.00004251, -0.00002978, -0.00002021, -0.00001326, -0.00000839, -0.00000512, -0.00000300, -0.00000169, -0.00000090, -0.00000045, -0.00000021, -0.00000008, -0.00000002, 0.00000000, 0.00000000, -0.00000000, -0.00000001, -0.00000002, -0.00000001, -0.00000001, 0.00000000, 0.00000001, 0.00000001, 0.00000001, -0.00000001, -0.00000001, -0.00000000, 0.00000000
-0.00069964, -0.00050590, -0.00042668, -0.00038791, -0.00036817, -0.00035832, -0.00035380, -0.00035287, -0.00035447, -0.00035769, -0.00036192, -0.00036685, -0.00037232, -0.00037825, -0.00038458, -0.00039123, -0.00039812, -0.00040516, -0.00041228, -0.00044070, -0.00046760, -0.00049127, -0.00050963, -0.00052073, -0.00052322, -0.00051637, -0.00050009, -0.00047484, -0.00044169, -0.00040216, -0.00035816, -0.00031179, -0.00026513, -0.00022007, -0.00017815, -0.00014051, -0.00010786, -0.00008046, -0.00005824, -0.00004082, -0.00002765, -0.00001806, -0.00001134, -0.00000684, -0.00000396, -0.00000219, -0.00000117, -0.00000060, -0.00000028, -0.00000011, -0.00000002, 0.00000003, 0.00000005, 0.00000003, 0.00000001, -0.00000002, -0.00000004, -0.00000004, -0.00000002, 0.00000001, 0.00000003, 0.00000002, -0.00000001, 0.00000000
-0.00176393, -0.00112613, -0.00083690, -0.00067432, -0.00057244, -0.00050326, -0.00045265, -0.00041474, -0.00038592, -0.00036336, -0.00034511, -0.00032997, -0.00031730, -0.00030670, -0.00029785, -0.00029049, -0.00028434, -0.00027918, -0.00027479, -0.00026258, -0.00025611, -0.00025347, -0.00025262, -0.00025166, -0.00024926, -0.00024459, -0.00023714, -0.00022656, -0.00021275, -0.00019590, -0.00017652, -0.00015538, -0.00013345, -0.00011170, -0.00009101, -0.00007212, -0.00005551, -0.00004144, -0.00002995, -0.00002090, -0.00001404, -0.00000905, -0.00000556, -0.00000323, -0.00000176, -0.00000089, -0.00000040, -0.00000017, -0.00000006, -0.00000003, -0.00000003, -0.00000003, -0.00000003, -0.00000002, -0.00000001, 0.00000001, 0.00000002, 0.00000002, 0.00000001, 0.00000000, -0.00000001, -0.00000001, -0.00000000, 0.00000000
-0.00069353, -0.00048330, -0.00038764, -0.00033369, -0.00029992, -0.00027703, -0.00026030, -0.00024783, -0.00023846, -0.00023122, -0.00022542, -0.00022067, -0.00021675, -0.00021353, -0.00021092, -0.00020881, -0.00020711, -0.00020573, -0.00020461, -0.00020160, -0.00019975, -0.00019801, -0.00019537, -0.00019096, -0.00018428, -0.00017518, -0.00016376, -0.00015029, -0.00013523, -0.00011914, -0.00010263, -0.00008635, -0.00007089, -0.00005673, -0.00004421, -0.00003351, -0.00002468, -0.00001763, -0.00001220, -0.00000816, -0.00000526, -0.00000327, -0.00000194, -0.00000110, -0.00000059, -0.00000030, -0.00000014, -0.00000005, -0.00000002, -0.00000000, -0.00000000, -0.00000000, -0.00000001, -0.00000001, -0.00000001, -0.00000000, 0.00000000, 0.00000001, 0.00000001, 0.00000000, -0.00000000, -0.00000001, -0.00000000, 0.00000000
0.00073653, 0.00035045, 0.00016722, 0.00005919, -0.00001268, -0.00006462, -0.00010480, -0.00013703, -0.00016357, -0.00018602, -0.00020556, -0.00022295, -0.00023867, -0.00025304, -0.00026630, -0.00027862, -0.00029017, -0.00030106, -0.00031141, -0.00034876, -0.00038087, -0.00040752, -0.00042777, -0.00044061, -0.00044507, -0.00044051, -0.00042677, -0.00040434, -0.00037439, -0.00033857, -0.00029888, -0.00025743, -0.00021618, -0.00017687, -0.00014085, -0.00010902, -0.00008190, -0.00005959, -0.00004191, -0.00002842, -0.00001854, -0.00001162, -0.00000700, -0.00000406, -0.00000230, -0.00000129, -0.00000072, -0.00000039, -0.00000018, -0.00000003, 0.00000007, 0.00000013, 0.00000013, 0.00000009, 0.00000002, -0.00000005, -0.00000010, -0.00000010, -0.00000005, 0.00000002, 0.00000007, 0.00000006, -0.00000001, 0.00000000
-0.00158644, -0.00099748, -0.00073007, -0.00057933, -0.00048437, -0.00041949, -0.00037170, -0.00033554, -0.00030768, -0.00028558, -0.00026744, -0.00025217, -0.00023916, -0.00022803, -0.00021849, -0.00021029, -0.00020318, -0.00019696, -0.00019144, -0.00017406, -0.00016149, -0.00015191, -0.00014374, -0.00013564, -0.00012689, -0.00011727, -0.00010681, -0.00009569, -0.00008412, -0.00007240, -0.00006087, -0.00004987, -0.00003975, -0.00003077, -0.00002310, -0.00001679, -0.00001182, -0.00000804, -0.00000528, -0.00000335, -0.00000204, -0.00000118, -0.00000064, -0.00000030, -0.00000010, 0.00000002, 0.00000007, 0.00000008, 0.00000006, 0.00000002, -0.00000002, -0.00000005, -0.00000006, -0.00000005, -0.00000002, 0.00000002, 0.00000004, 0.00000005, 0.00000003, -0.00000000, -0.00000003, -0.00000003, 0.00000000, 0.00000000
-0.00012439, -0.00015195, -0.00016844, -0.00018020, -0.00018966, -0.00019772, -0.00020477, -0.00021119, -0.00021718, -0.00022281, -0.00022814, -0.00023324, -0.00023816, -0.00024296, -0.00024766, -0.00025228, -0.00025681, -0.00026126, -0.00026561, -0.00028195, -0.00029622, -0.00030769, -0.00031545, -0.00031868, -0.00031685, -0.00030973, -0.00029744, -0.00028037, -0.00025922, -0.00023491, -0.00020850, -0.00018113, -0.00015390, -0.00012780, -0.00010363, -0.00008196, -0.00006315, -0.00004733, -0.00003445, -0.00002430, -0.00001657, -0.00001090, -0.00000690, -0.00000419, -0.00000244, -0.00000136, -0.00000073, -0.00000037, -0.00000018, -0.00000007, -0.00000001, 0.00000002, 0.00000003, 0.00000002, 0.00000001, -0.00000001, -0.00000002, -0.00000003, -0.00000002, 0.00000000, 0.00000002, 0.00000002, -0.00000000, 0.00000000
0.00183590, 0.00111923, 0.00078614, 0.00059388, 0.00046954, 0.00038224, 0.00031633, 0.00026513, 0.00022457, 0.00019148, 0.00016367, 0.00013976, 0.00011899, 0.00010085, 0.00008499, 0.00007106, 0.00005878, 0.00004787, 0.00003811, 0.00000775, -0.00001196, -0.00002314, -0.00002777, -0.00002775, -0.00002451, -0.00001907, -0.00001234, -0.00000519, 0.00000157, 0.00000730, 0.00001159, 0.00001430, 0.00001551, 0.00001545, 0.00001445, 0.00001283, 0.00001090, 0.00000890, 0.00000699, 0.00000528, 0.00000382, 0.00000263, 0.00000171, 0.00000102, 0.00000054, 0.00000023, 0.00000006, -0.00000001, -0.00000002, 0.00000001, 0.00000005, 0.00000008, 0.00000008, 0.00000006, 0.00000002, -0.00000003, -0.00000006, -0.00000006, -0.00000004, 0.00000001, 0.00000004, 0.00000004, -0.00000000, 0.00000000
0.00098563, 0.00054014, 0.00032831, 0.00020296, 0.00011943, 0.00005887, 0.00001178, -0.00002611, -0.00005734, -0.00008385, -0.00010697, -0.00012758, -0.00014619, -0.00016315, -0.00017869, -0.00019303, -0.00020634, -0.00021877, -0.00023045, -0.00027121, -0.00030394, -0.00032895, -0.00034620, -0.00035568, -0.00035737, -0.00035138, -0.00033813, -0.00031843, -0.00029345, -0.00026459, -0.00023337, -0.00020129, -0.00016971, -0.00013976, -0.00011232, -0.00008799, -0.00006709, -0.00004971, -0.00003573, -0.00002485, -0.00001670, -0.00001082, -0.00000677, -0.00000409, -0.00000240, -0.00000138, -0.00000078, -0.00000043, -0.00000021, -0.00000007, 0.00000003, 0.00000008, 0.00000010, 0.00000007, 0.00000002, -0.00000004, -0.00000007, -0.00000008, -0.00000004, 0.00000001, 0.00000005, 0.00000005, -0.00000001, 0.00000000
-0.00133294, -0.00086278, -0.00064940, -0.00052941, -0.00045417, -0.00040304, -0.00036560, -0.00033752, -0.00031614, -0.00029938, -0.00028577, -0.00027447, -0.00026496, -0.00025698, -0.00025028, -0.00024467, -0.00023995, -0.00023595, -0.00023253, -0.00022266, -0.00021687, -0.00021375, -0.00021185, -0.00020977, -0.00020655, -0.00020165, -0.00019470, -0.00018550, -0.00017398, -0.00016027, -0.00014473, -0.00012791, -0.00011048, -0.00009316, -0.00007662, -0.00006139, -0.00004787, -0.00003627, -0.00002666, -0.00001897, -0.00001302, -0.00000859, -0.00000542, -0.00000325, -0.00000183, -0.00000096, -0.00000046, -0.00000020, -0.00000008, -0.00000005, -0.00000004, -0.00000004, -0.00000003, -0.00000002, -0.00000000, 0.00000001, 0.00000002, 0.00000002, 0.00000001, -0.00000000, -0.00000001, -0.00000001, 0.00000000, 0.00000000
-0.00615251, -0.00380412, -0.00273200, -0.00212532, -0.00174171, -0.00147883, -0.00128503, -0.00113830, -0.00102522, -0.00093553, -0.00086203, -0.00080030, -0.00074783, -0.00070303, -0.00066472, -0.00063185, -0.00060345, -0.00057864, -0.00055672, -0.00048851, -0.00044085, -0.00040707, -0.00038153, -0.00035944, -0.00033812, -0.00031648, -0.00029413, -0.00027082, -0.00024631, -0.00022059, -0.00019394, -0.00016696, -0.00014049, -0.00011539, -0.00009245, -0.00007222, -0.00005499, -0.00004080, -0.00002947, -0.00002069, -0.00001406, -0.00000919, -0.00000571, -0.00000329, -0.00000169, -0.00000070, -0.00000015, 0.00000007, 0.00000008, -0.00000002, -0.00000015, -0.00000024, -0.00000026, -0.00000019, -0.00000006, 0.00000008, 0.00000018, 0.00000020, 0.00000012, -0.00000002, -0.00000012, -0.00000012, 0.00000001, 0.00000000
-0.00007488, -0.00006001, -0.00005566, -0.00005441, -0.00005444, -0.00005500, -0.00005573, -0.00005652, -0.00005731, -0.00005805, -0.00005874, -0.00005938, -0.00005997, -0.00006051, -0.00006103, -0.00006150, -0.00006194, -0.00006235, -0.00006272, -0.00006387, -0.00006431, -0.00006375, -0.00006190, -0.00005858, -0.00005372, -0.00004741, -0.00003993, -0.00003168, -0.00002316, -0.00001492, -0.00000742, -0.00000106, 0.00000393, 0.00000747, 0.00000962, 0.00001055, 0.00001047, 0.00000968, 0.00000842, 0.00000693, 0.00000542, 0.00000403, 0.00000283, 0.00000188, 0.00000117, 0.00000069, 0.00000038, 0.00000020, 0.00000011, 0.00000007, 0.00000005, 0.00000004, 0.00000002, 0.00000001, -0.00000001, -0.00000001, -0.00000002, -0.00000001, -0.00000000, 0.00000001, 0.00000001, 0.00000000, -0.00000000, 0.00000000
-0.00035430, -0.00024893, -0.00020087, -0.00017357, -0.00015638, -0.00014461, -0.00013582, -0.00012914, -0.00012400, -0.00011992, -0.00011653, -0.00011362, -0.00011110, -0.00010892, -0.00010705, -0.00010544, -0.00010405, -0.00010284, -0.00010176, -0.00009839, -0.00009623, -0.00009521, -0.00009505, -0.00009533, -0.00009566, -0.00009576, -0.00009531, -0.00009400, -0.00009153, -0.00008768, -0.00008240, -0.00007579, -0.00006809, -0.00005966, -0.00005091, -0.00004226, -0.00003406, -0.00002662, -0.00002011, -0.00001466, -0.00001026, -0.00000686, -0.00000436, -0.00000260, -0.00000144, -0.00000073, -0.00000033, -0.00000013, -0.00000005, -0.00000003, -0.00000002, -0.00000002, -0.00000001, -0.00000000, 0.00000001, 0.00000001, 0.00000001, 0.00000001, -0.00000000, -0.00000000, -0.00000000, -0.00000000, 0.00000000, 0.00000000
-0.00305246, -0.00192237, -0.00140761, -0.00111723, -0.00093450, -0.00080999, -0.00071879, -0.00065031, -0.00059809, -0.00055713, -0.00052396, -0.00049647, -0.00047345, -0.00045415, -0.00043799, -0.00042446, -0.00041309, -0.00040345, -0.00039520, -0.00037156, -0.00035751, -0.00034914, -0.00034287, -0.00033566, -0.00032559, -0.00031171, -0.00029371, -0.00027168, -0.00024611, -0.00021785, -0.00018806, -0.00015807, -0.00012917, -0.00010249, -0.00007887, -0.00005879, -0.00004239, -0.00002954, -0.00001985, -0.00001285, -0.00000799, -0.00000476, -0.00000270, -0.00000144, -0.00000070, -0.00000029, -0.00000007, 0.00000003, 0.00000005, 0.00000003, -0.00000001, -0.00000005, -0.00000007, -0.00000006, -0.00000004, 0.00000000, 0.00000004, 0.00000006, 0.00000005, 0.00000001, -0.00000003, -0.00000004, -0.00000000, 0.00000000
0.00098567, 0.00058580, 0.00039645, 0.00028469, 0.00021046, 0.00015684, 0.00011517, 0.00008172, 0.00005424, 0.00003099, 0.00001075, -0.00000727, -0.00002353, -0.00003832, -0.00005184, -0.00006427, -0.00007579, -0.00008653, -0.00009662, -0.00013199, -0.00016093, -0.00018386, -0.00020088, -0.00021208, -0.00021744, -0.00021693, -0.00021076, -0.00019948, -0.00018395, -0.00016531, -0.00014478, -0.00012355, -0.00010270, -0.00008309, -0.00006536, -0.00004992, -0.00003695, -0.00002644, -0.00001825, -0.00001211, -0.00000772, -0.00000472, -0.00000278, -0.00000160, -0.00000093, -0.00000055, -0.00000034, -0.00000021, -0.00000010, -0.00000001, 0.00000006, 0.00000010, 0.00000010, 0.00000007, 0.00000002, -0.00000004, -0.00000008, -0.00000008, -0.00000004, 0.00000001, 0.00000005, 0.00000004, -0.00000001, 0.00000000
-0.00171894, -0.00108851, -0.00080057, -0.00063738, -0.00053406, -0.00046309, -0.00041060, -0.00037073, -0.00033992, -0.00031538, -0.00029519, -0.00027816, -0.00026362, -0.00025116, -0.00024047, -0.00023125, -0.00022325, -0.00021624, -0.00021001, -0.00019051, -0.00017682, -0.00016707, -0.00015952, -0.00015266, -0.00014553, -0.00013762, -0.00012868, -0.00011858, -0.00010737, -0.00009521, -0.00008247, -0.00006962, -0.00005717, -0.00004559, -0.00003527, -0.00002642, -0.00001915, -0.00001341, -0.00000906, -0.00000588, -0.00000367, -0.00000218, -0.00000122, -0.00000063, -0.00000028, -0.00000009, 0.00000001, 0.00000004, 0.00000004, 0.00000002, -0.00000001, -0.00000003, -0.00000005, -0.00000004, -0.00000002, 0.00000001, 0.00000003, 0.00000004, 0.00000003, 0.00000000, -0.00000002, -0.00000002, -0.00000000, 0.00000000
-0.00149948, -0.00091990, -0.00066097, -0.00051810, -0.00043035, -0.00037223, -0.00033088, -0.00030079, -0.00027868, -0.00026203, -0.00024909, -0.00023879, -0.00023052, -0.00022389, -0.00021862, -0.00021444, -0.00021112, -0.00020846, -0.00020627, -0.00019991, -0.00019451, -0.00018827, -0.00017996, -0.00016883, -0.00015488, -0.00013866, -0.00012106, -0.00010300, -0.00008530, -0.00006866, -0.00005361, -0.00004051, -0.00002955, -0.00002074, -0.00001395, -0.00000897, -0.00000549, -0.00000320, -0.00000178, -0.00000095, -0.00000050, -0.00000026, -0.00000012, -0.00000003, 0.00000004, 0.00000008, 0.00000011, 0.00000010, 0.00000006, 0.00000001, -0.00000004, -0.00000008, -0.00000009, -0.00000007, -0.00000002, 0.00000003, 0.00000006, 0.00000007, 0.00000004, -0.00000001, -0.00000004, -0.00000004, 0.00000000, 0.00000000
0.00056687, 0.00032811, 0.00021390, 0.00014600, 0.00010056, 0.00006755, 0.00004192, 0.00002134, 0.00000444, -0.00000981, -0.00002214, -0.00003301, -0.00004273, -0.00005150, -0.00005947, -0.00006677, -0.00007351, -0.00007978, -0.00008566, -0.00010635, -0.00012391, -0.00013909, -0.00015206, -0.00016268, -0.00017061, -0.00017544, -0.00017679, -0.00017446, -0.00016849, -0.00015915, -0.00014693, -0.00013250, -0.00011663, -0.00010015, -0.00008380, -0.00006827, -0.00005408, -0.00004159, -0.00003100, -0.00002236, -0.00001556, -0.00001044, -0.00000673, -0.00000417, -0.00000249, -0.00000144, -0.00000081, -0.00000044, -0.00000023, -0.00000010, -0.00000001, 0.00000003, 0.00000005, 0.00000005, 0.00000002, -0.00000002, -0.00000004, -0.00000005, -0.00000003, 0.00000000, 0.00000003, 0.00000003, -0.00000000, 0.00000000
-0.00197493, -0.00123724, -0.00089947, -0.00070775, -0.00058637, -0.00050307, -0.00044157, -0.00039502, -0.00035924, -0.00033094, -0.00030780, -0.00028844, -0.00027205, -0.00025816, -0.00024638, -0.00023638, -0.00022785, -0.00022050, -0.00021411, -0.00019501, -0.00018301, -0.00017604, -0.00017210, -0.00016941, -0.00016677, -0.00016348, -0.00015905, -0.00015304, -0.00014511, -0.00013512, -0.00012320, -0.00010973, -0.00009532, -0.00008064, -0.00006637, -0.00005309, -0.00004122, -0.00003102, -0.00002258, -0.00001585, -0.00001069, -0.00000688, -0.00000420, -0.00000239, -0.00000124, -0.00000056, -0.00000019, -0.00000003, 0.00000001, 0.00000000, -0.00000002, -0.00000004, -0.00000005, -0.00000003, -0.00000001, 0.00000002, 0.00000004, 0.00000004, 0.00000002, -0.00000000, -0.00000002, -0.00000002, 0.00000000, 0.00000000
-0.00040875, -0.00028244, -0.00022845, -0.00020028, -0.00018434, -0.00017483, -0.00016886, -0.00016530, -0.00016341, -0.00016262, -0.00016254, -0.00016297, -0.00016378, -0.00016493, -0.00016636, -0.00016801, -0.00016984, -0.00017180, -0.00017386, -0.00018253, -0.00019130, -0.00019938, -0.00020577, -0.00020954, -0.00020998, -0.00020664, -0.00019937, -0.00018828, -0.00017380, -0.00015664, -0.00013769, -0.00011793, -0.00009834, -0.00007976, -0.00006284, -0.00004804, -0.00003558, -0.00002548, -0.00001760, -0.00001170, -0.00000747, -0.00000457, -0.00000268, -0.00000151, -0.00000083, -0.00000044, -0.00000024, -0.00000012, -0.00000005, -0.00000000, 0.00000003, 0.00000004, 0.00000004, 0.00000002, -0.00000000, -0.00000002, -0.00000003, -0.00000003, -0.00000001, 0.00000001, 0.00000002, 0.00000001, -0.00000000, 0.00000000
-0.00423023, -0.00263434, -0.00191004, -0.00150296, -0.00124765, -0.00107435, -0.00094782, -0.00085309, -0.00078107, -0.00072477, -0.00067931, -0.00064169, -0.00061022, -0.00058385, -0.00056176, -0.00054324, -0.00052763, -0.00051434, -0.00050288, -0.00046871, -0.00044568, -0.00042871, -0.00041355, -0.00039681, -0.00037676, -0.00035307, -0.00032610, -0.00029644, -0.00026482, -0.00023208, -0.00019918, -0.00016715, -0.00013700, -0.00010955, -0.00008541, -0.00006490, -0.00004804, -0.00003463, -0.00002430, -0.00001658, -0.00001097, -0.00000700, -0.00000426, -0.00000243, -0.00000125, -0.00000053, -0.00000013, 0.00000003, 0.00000005, -0.00000001, -0.00000009, -0.00000015, -0.00000017, -0.00000013, -0.00000005, 0.00000005, 0.00000012, 0.00000013, 0.00000008, -0.00000001, -0.00000008, -0.00000008, 0.00000001, 0.00000000
0.00116614, 0.00066525, 0.00043091, 0.00029465, 0.00020560, 0.00014227, 0.00009386, 0.00005562, 0.00002469, -0.00000112, -0.00002334, -0.00004289, -0.00006036, -0.00007607, -0.00009029, -0.00010324, -0.00011510, -0.00012605, -0.00013622, -0.00017075, -0.00019682, -0.00021468, -0.00022461, -0.00022713, -0.00022278, -0.00021227, -0.00019657, -0.00017697, -0.00015494, -0.00013195, -0.00010934, -0.00008816, -0.00006913, -0.00005270, -0.00003899, -0.00002796, -0.00001937, -0.00001293, -0.00000828, -0.00000507, -0.00000296, -0.00000165, -0.00000089, -0.00000049, -0.00000029, -0.00000020, -0.00000015, -0.00000010, -0.00000005, 0.00000001, 0.00000005, 0.00000007, 0.00000007, 0.00000005, 0.00000001, -0.00000003, -0.00000005, -0.00000005, -0.00000003, 0.00000001, 0.00000003, 0.00000003, -0.00000000, 0.00000000
