0.01000000, 0.01500000, 0.02000000, 0.02500000, 0.03000000, 0.03500000, 0.04000000, 0.04500000, 0.05000000, 0.05500000, 0.06000000, 0.06500000, 0.07000000, 0.07500000, 0.08000000, 0.08500000, 0.09000000, 0.09500000, 0.10000000, 0.12000000, 0.14000000, 0.16000000, 0.18000000, 0.20000000, 0.22000000, 0.24000000, 0.26000000, 0.28000000, 0.30000000, 0.32000000, 0.34000000, 0.36000000, 0.38000000, 0.40000000, 0.42000000, 0.44000000, 0.46000000, 0.48000000, 0.50000000, 0.52000000, 0.54000000, 0.56000000, 0.58000000, 0.60000000, 0.62000000, 0.64000000, 0.66000000, 0.68000000, 0.70000000, 0.72000000, 0.74000000, 0.76000000, 0.78000000, 0.80000000, 0.82000000, 0.84000000, 0.86000000, 0.88000000, 0.90000000, 0.92000000, 0.94000000, 0.96000000, 0.98000000, 1.00000000
0.15670698, 0.07696507, 0.03893320, 0.01653458, 0.00167497, -0.00900880, -0.01718989, -0.02371030, -0.02906798, -0.03359778, -0.03753244, -0.04103403, -0.04421629, -0.04716060, -0.04992671, -0.05255963, -0.05509416, -0.05755773, -0.05997241, -0.06944530, -0.07900653, -0.08870458, -0.09819501, -0.10693892, -0.11433749, -0.11981438, -0.12287937, -0.12318992, -0.12060330, -0.11520436, -0.10730027, -0.09738319, -0.08606969, -0.07402861, -0.06191237, -0.05029682, -0.03964026, -0.03026091, -0.02233313, -0.01589887, -0.01089033, -0.00715893, -0.00450626, -0.00271336, -0.00156543, -0.00087036, -0.00047046, -0.00024725, -0.00012064, -0.00004346, 0.00000672, 0.00003688, 0.00004729, 0.00003838, 0.00001473, -0.00001413, -0.00003603, -0.00004072, -0.00002505, 0.00000326, 0.00002623, 0.00002424, -0.00000323, 0.00000000
0.16718800, 0.08114131, 0.04114336, 0.01824760, 0.00351422, -0.00675753, -0.01433207, -0.02013515, -0.02472478, -0.02845270, -0.03154604, -0.03416072, -0.03641188, -0.03838803, -0.04015725, -0.04177092, -0.04326713, -0.04467415, -0.04601359, -0.05101292, -0.05601730, -0.06149788, -0.06751481, -0.07383791, -0.08010576, -0.08589998, -0.09076619, -0.09424144, -0.09590919, -0.09546779, -0.09278778, -0.08793981, -0.08118734, -0.07294871, -0.06373978, -0.05410951, -0.04457986, -0.03559776, -0.02750356, -0.02051675, -0.01473746, -0.01016033, -0.00669667, -0.00420067, -0.00249588, -0.00139908, -0.00073917, -0.00037030, -0.00017875, -0.00008426, -0.00003674, -0.00001000, 0.00000607, 0.00001326, 0.00001140, 0.00000231, -0.00000902, -0.00001591, -0.00001343, -0.00000208, 0.00001042, 0.00001221, -0.00000080, 0.00000000
-0.49483360, -0.32958720, -0.25484336, -0.21346527, -0.18816162, -0.17163821, -0.16023642, -0.15232276, -0.14690121, -0.14323697, -0.14082534, -0.13935337, -0.13863124, -0.13853195, -0.13895536, -0.13981297, -0.14102442, -0.14251836, -0.14423363, -0.15241756, -0.16129502, -0.16943587, -0.17561096, -0.17887309, -0.17865338, -0.17474673, -0.16725974, -0.15656149, -0.14323406, -0.12801139, -0.11170501, -0.09512483, -0.07900699, -0.06395866, -0.05042507, -0.03867935, -0.02883201, -0.02085477, -0.01461273, -0.00989948, -0.00647052, -0.00407200, -0.00246299, -0.00143061, -0.00079841, -0.00042895, -0.00022189, -0.00010906, -0.00004785, -0.00001421, 0.00000392, 0.00001196, 0.00001257, 0.00000796, 0.00000086, -0.00000568, -0.00000907, -0.00000807, -0.00000343, 0.00000219, 0.00000530, 0.00000357, -0.00000126, 0.00000000
-0.19904712, -0.12541676, -0.09195653, -0.07322998, -0.06154602, -0.05367263, -0.04799270, -0.04378870, -0.04062943, -0.03819625, -0.03626966, -0.03471614, -0.03345888, -0.03245032, -0.03165468, -0.03104071, -0.03057981, -0.03024676, -0.03002060, -0.02992353, -0.03083161, -0.03252345, -0.03471565, -0.03708473, -0.03933371, -0.04120185, -0.04245776, -0.04290804, -0.04242072, -0.04094830, -0.03853799, -0.03532498, -0.03151116, -0.02733580, -0.02304467, -0.01886303, -0.01497588, -0.01151662, -0.00856383, -0.00614479, -0.00424375, -0.00281282, -0.00178381, -0.00107928, -0.00062191, -0.00034151, -0.00017943, -0.00009054, -0.00004319, -0.00001748, -0.00000268, 0.00000581, 0.00000933, 0.00000829, 0.00000364, -0.00000257, -0.00000757, -0.00000888, -0.00000561, 0.00000063, 0.00000579, 0.00000535, -0.00000087, 0.00000000
0.52503274, 0.32351133, 0.22816786, 0.17241148, 0.13586248, 0.10989912, 0.09016153, 0.07465625, 0.06217828, 0.05184167, 0.04302452, 0.03532794, 0.02850436, 0.02239076, 0.01686561, 0.01182797, 0.00719042, 0.00287814, -0.00117060, -0.01553153, -0.02785220, -0.03850830, -0.04757881, -0.05501880, -0.06067686, -0.06437374, -0.06599925, -0.06557246, -0.06325410, -0.05932449, -0.05414482, -0.04811480, -0.04163431, -0.03507223, -0.02874388, -0.02289677, -0.01770433, -0.01326647, -0.00961589, -0.00672864, -0.00453743, -0.00294607, -0.00184368, -0.00111733, -0.00066235, -0.00038952, -0.00022911, -0.00013187, -0.00006741, -0.00002051, 0.00001354, 0.00003400, 0.00003918, 0.00002962, 0.00000971, -0.00001278, -0.00002874, -0.00003110, -0.00001837, 0.00000309, 0.00001991, 0.00001808, -0.00000220, 0.00000000
0.52846760, 0.32106580, 0.22254479, 0.16464012, 0.12642110, 0.09905111, 0.07804711, 0.06135424, 0.04773771, 0.03629013, 0.02637123, 0.01756824, 0.00962522, 0.00237545, -0.00430341, -0.01051160, -0.01633531, -0.02184795, -0.02710959, -0.04639997, -0.06359206, -0.07874099, -0.09159963, -0.10185093, -0.10914227, -0.11317480, -0.11381331, -0.11115355, -0.10552773, -0.09746126, -0.08760313, -0.07665008, -0.06527800, -0.05408799, -0.04356995, -0.03408353, -0.02585441, -0.01898300, -0.01346208, -0.00920004, -0.00604652, -0.00381764, -0.00231883, -0.00136352, -0.00078697, -0.00045472, -0.00026608, -0.00015317, -0.00007649, -0.00001830, 0.00002511, 0.00005089, 0.00005591, 0.00004097, 0.00001243, -0.00001871, -0.00004005, -0.00004237, -0.00002432, 0.00000493, 0.00002717, 0.00002407, -0.00000325, 0.00000000
-0.15328701, -0.11853337, -0.10381416, -0.09625280, -0.09211502, -0.08977305, -0.08837835, -0.08766056, -0.08744864, -0.08757323, -0.08791248, -0.08840875, -0.08904821, -0.08983354, -0.09076632, -0.09184081, -0.09304519, -0.09436526, -0.09578804, -0.10236732, -0.11030296, -0.11942102, -0.12914100, -0.13865201, -0.14713040, -0.15381328, -0.15801849, -0.15918943, -0.15696790, -0.15126131, -0.14227307, -0.13048357, -0.11658785, -0.10140606, -0.08578624, -0.07051591, -0.05625407, -0.04348886, -0.03252158, -0.02347361, -0.01631078, -0.01087867, -0.00694276, -0.00422785, -0.00245260, -0.00135665, -0.00071887, -0.00036664, -0.00017728, -0.00007301, -0.00001168, 0.00002449, 0.00004019, 0.00003644, 0.00001679, -0.00001024, -0.00003265, -0.00003929, -0.00002557, 0.00000196, 0.00002549, 0.00002439, -0.00000322, 0.00000000
-0.70096512, -0.45338627, -0.33805551, -0.27176279, -0.22923248, -0.19971411, -0.17778891, -0.16106215, -0.14807062, -0.13771053, -0.12921080, -0.12209360, -0.11607658, -0.11097927, -0.10666432, -0.10301165, -0.09991235, -0.09727055, -0.09500633, -0.08868835, -0.08553093, -0.08466156, -0.08524515, -0.08647923, -0.08773407, -0.08852420, -0.08843708, -0.08711834, -0.08431220, -0.07991419, -0.07399980, -0.06681557, -0.05873749, -0.05021114, -0.04168883, -0.03357581, -0.02619255, -0.01975521, -0.01437290, -0.01005813, -0.00674595, -0.00431727, -0.00262259, -0.00150321, -0.00080809, -0.00040556, -0.00018982, -0.00008277, -0.00003217, -0.00000729, 0.00000679, 0.00001505, 0.00001777, 0.00001447, 0.00000617, -0.00000405, -0.00001189, -0.00001365, -0.00000826, 0.00000143, 0.00000902, 0.00000785, -0.00000174, 0.00000000
-0.12839669, -0.07663661, -0.05468483, -0.04345142, -0.03721757, -0.03363058, -0.03153203, -0.03040589, -0.02995064, -0.02995142, -0.03026452, -0.03080556, -0.03152850, -0.03240632, -0.03341908, -0.03454873, -0.03577788, -0.03709080, -0.03847390, -0.04452414, -0.05114137, -0.05800349, -0.06467542, -0.07067742, -0.07557758, -0.07902805, -0.08077615, -0.08067681, -0.07870763, -0.07497634, -0.06971296, -0.06324555, -0.05596394, -0.04827854, -0.04058110, -0.03321269, -0.02644191, -0.02045423, -0.01535140, -0.01115918, -0.00784065, -0.00531269, -0.00346314, -0.00216679, -0.00129894, -0.00074556, -0.00040991, -0.00021572, -0.00010739, -0.00004786, -0.00001501, 0.00000266, 0.00001030, 0.00001030, 0.00000479, -0.00000321, -0.00000990, -0.00001185, -0.00000767, 0.00000065, 0.00000774, 0.00000736, -0.00000103, 0.00000000
0.03294788, -0.00238923, -0.01912532, -0.02892805, -0.03546900, -0.04022981, -0.04387852, -0.04683006, -0.04933200, -0.05151591, -0.05345923, -0.05522227, -0.05685903, -0.05841578, -0.05992807, -0.06142032, -0.06290761, -0.06439871, -0.06589895, -0.07207084, -0.07870222, -0.08587816, -0.09335686, -0.10068260, -0.10734614, -0.11285637, -0.11675912, -0.11865942, -0.11826358, -0.11542729, -0.11018919, -0.10277675, -0.09358263, -0.08311789, -0.07195277, -0.06065616, -0.04974278, -0.03963400, -0.03063472, -0.02292629, -0.01657306, -0.01153928, -0.00771233, -0.00492869, -0.00299916, -0.00173106, -0.00094567, -0.00049002, -0.00024313, -0.00011713, -0.00005440, -0.00002176, -0.00000350, 0.00000591, 0.00000779, 0.00000353, -0.00000362, -0.00000900, -0.00000865, -0.00000210, 0.00000604, 0.00000776, -0.00000041, 0.00000000
-0.30623931, -0.24685755, -0.21943452, -0.20374250, -0.19392880, -0.18727731, -0.18236160, -0.17876676, -0.17619160, -0.17431342, -0.17289865, -0.17183802, -0.17110385, -0.17069647, -0.17061156, -0.17083050, -0.17132415, -0.17206083, -0.17301326, -0.17871382, -0.18737388, -0.19876567, -0.21193393, -0.22552684, -0.23814693, -0.24843554, -0.25509882, -0.25701224, -0.25339327, -0.24394928, -0.22895265, -0.20920416, -0.18591315, -0.16052332, -0.13452603, -0.10929370, -0.08595469, -0.06531930, -0.04785628, -0.03371224, -0.02276262, -0.01468128, -0.00901657, -0.00526389, -0.00292714, -0.00156455, -0.00081713, -0.00042015, -0.00020012, -0.00006084, 0.00003728, 0.00010010, 0.00012096, 0.00009682, 0.00003724, -0.00003472, -0.00008901, -0.00010034, -0.00006131, 0.00000852, 0.00006465, 0.00005911, -0.00000855, 0.00000000
-0.12268884, -0.09320556, -0.08041173, -0.07370210, -0.06993209, -0.06775823, -0.06649816, -0.06587975, -0.06573244, -0.06591919, -0.06634589, -0.06695904, -0.06773041, -0.06864241, -0.06967961, -0.07082589, -0.07206463, -0.07337979, -0.07475690, -0.08065842, -0.08676815, -0.09254660, -0.09742649, -0.10090066, -0.10259396, -0.10228329, -0.09989749, -0.09551318, -0.08934422, -0.08172049, -0.07305327, -0.06379358, -0.05438880, -0.04524451, -0.03669590, -0.02899078, -0.02228416, -0.01664276, -0.01205681, -0.00845659, -0.00573065, -0.00374388, -0.00235345, -0.00142169, -0.00082535, -0.00046126, -0.00024861, -0.00012846, -0.00006123, -0.00002295, -0.00000087, 0.00001075, 0.00001422, 0.00001109, 0.00000360, -0.00000498, -0.00001104, -0.00001180, -0.00000679, 0.00000144, 0.00000766, 0.00000667, -0.00000114, 0.00000000
-0.11599992, -0.10231159, -0.09887110, -0.09893856, -0.10066528, -0.10323310, -0.10621264, -0.10951764, -0.11308539, -0.11683094, -0.12069362, -0.12465258, -0.12871228, -0.13288316, -0.13716998, -0.14156866, -0.14606829, -0.15065453, -0.15531266, -0.17442123, -0.19379979, -0.21261862, -0.22973998, -0.24396113, -0.25424248, -0.25980255, -0.26015210, -0.25512113, -0.24488052, -0.22993894, -0.21110189, -0.18939415, -0.16595823, -0.14194617, -0.11842099, -0.09627956, -0.07620330, -0.05863769, -0.04379765, -0.03169334, -0.02216967, -0.01495278, -0.00969737, -0.00603024, -0.00358644, -0.00203624, -0.00110215, -0.00056671, -0.00027198, -0.00011311, -0.00002767, 0.00001666, 0.00003420, 0.00003148, 0.00001425, -0.00000919, -0.00002837, -0.00003384, -0.00002184, 0.00000189, 0.00002208, 0.00002101, -0.00000282, 0.00000000
0.38601360, 0.20977011, 0.12798795, 0.08119284, 0.05116564, 0.03026276, 0.01481617, 0.00300447, -0.00628895, -0.01380971, -0.02004486, -0.02531077, -0.02982348, -0.03374253, -0.03719283, -0.04027422, -0.04306611, -0.04563077, -0.04801673, -0.05643215, -0.06407986, -0.07183611, -0.08006354, -0.08870488, -0.09745427, -0.10588249, -0.11348553, -0.11971332, -0.12401793, -0.12592622, -0.12511689, -0.12147846, -0.11513308, -0.10642287, -0.09586486, -0.08408617, -0.07175215, -0.05949893, -0.04787862, -0.03732177, -0.02811861, -0.02041764, -0.01423850, -0.00949514, -0.00602459, -0.00361759, -0.00204723, -0.00109329, -0.00056039, -0.00028947, -0.00016253, -0.00010159, -0.00006306, -0.00002930, 0.00000112, 0.00002260, 0.00002992, 0.00002273, 0.00000669, -0.00000865, -0.00001439, -0.00000790, 0.00000299, 0.00000000
0.00845981, -0.00672049, -0.01435187, -0.01912685, -0.02253834, -0.02519737, -0.02741189, -0.02934676, -0.03109434, -0.03271397, -0.03424840, -0.03572885, -0.03717700, -0.03860683, -0.04002678, -0.04144161, -0.04285377, -0.04426432, -0.04567332, -0.05126850, -0.05665304, -0.06152807, -0.06555377, -0.06842809, -0.06992277, -0.06989981, -0.06832315, -0.06526450, -0.06089837, -0.05548409, -0.04933765, -0.04279839, -0.03619624, -0.02982425, -0.02391895, -0.01864971, -0.01411654, -0.01035493, -0.00734572, -0.00502796, -0.00331282, -0.00209696, -0.00127417, -0.00074462, -0.00042126, -0.00023344, -0.00012808, -0.00006867, -0.00003282, -0.00000899, 0.00000722, 0.00001643, 0.00001831, 0.00001340, 0.00000396, -0.00000630, -0.00001324, -0.00001387, -0.00000781, 0.00000179, 0.00000893, 0.00000773, -0.00000122, 0.00000000
0.09854806, 0.04460380, 0.01758542, 0.00074946, -0.01114912, -0.02030525, -0.02783173, -0.03428462, -0.03999093, -0.04517477, -0.04999543, -0.05456334, -0.05895361, -0.06321717, -0.06738900, -0.07149371, -0.07554892, -0.07956720, -0.08355724, -0.09930061, -0.11456564, -0.12883512, -0.14139212, -0.15151210, -0.15857340, -0.16212224, -0.16191876, -0.15796670, -0.15051910, -0.14005495, -0.12722902, -0.11280356, -0.09757333, -0.08229511, -0.06762995, -0.05410344, -0.04208473, -0.03178513, -0.02326961, -0.01648097, -0.01126942, -0.00742428, -0.00470468, -0.00286601, -0.00168067, -0.00095230, -0.00052354, -0.00027778, -0.00013622, -0.00005150, 0.00000058, 0.00002978, 0.00003920, 0.00003127, 0.00001111, -0.00001276, -0.00003026, -0.00003332, -0.00001991, 0.00000326, 0.00002155, 0.00001950, -0.00000275, 0.00000000
0.15208794, 0.06456519, 0.02389433, 0.00065912, -0.01428020, -0.02467716, -0.03229688, -0.03811042, -0.04269870, -0.04640928, -0.04946194, -0.05201407, -0.05418956, -0.05608712, -0.05778235, -0.05933024, -0.06076928, -0.06212656, -0.06342233, -0.06831160, -0.07340906, -0.07930561, -0.08605439, -0.09333792, -0.10068967, -0.10757650, -0.11340712, -0.11756187, -0.11947067, -0.11871344, -0.11510387, -0.10872953, -0.09994069, -0.08929584, -0.07748055, -0.06521801, -0.05318697, -0.04195802, -0.03195334, -0.02343087, -0.01648985, -0.01109274, -0.00709750, -0.00429434, -0.00244175, -0.00129773, -0.00064379, -0.00030030, -0.00013338, -0.00005416, -0.00001237, 0.00001375, 0.00002880, 0.00003075, 0.00001878, -0.00000260, -0.00002365, -0.00003318, -0.00002452, -0.00000118, 0.00002140, 0.00002264, -0.00000216, 0.00000000
0.70726680, 0.44334992, 0.31972086, 0.24819805, 0.20187377, 0.16937961, 0.14500014, 0.12613428, 0.11120797, 0.09906588, 0.08890239, 0.08020508, 0.07265777, 0.06605187, 0.06023021, 0.05506058, 0.05042737, 0.04623090, 0.04238833, 0.02945501, 0.01906625, 0.01039712, 0.00297433, -0.00347529, -0.00900966, -0.01355465, -0.01701651, -0.01935379, -0.02059927, -0.02085117, -0.02025324, -0.01897522, -0.01719713, -0.01509732, -0.01284293, -0.01058193, -0.00843672, -0.00649960, -0.00483065, -0.00345837, -0.00238289, -0.00158141, -0.00101507, -0.00063635, -0.00039604, -0.00024914, -0.00015895, -0.00009919, -0.00005421, -0.00001740, 0.00001155, 0.00002987, 0.00003499, 0.00002686, 0.00000912, -0.00001130, -0.00002610, -0.00002864, -0.00001726, 0.00000246, 0.00001824, 0.00001692, -0.00000180, 0.00000000
0.72438174, 0.41982681, 0.27577224, 0.19148581, 0.13604505, 0.09646505, 0.06621299, 0.04221911, 0.02264753, 0.00618690, -0.00807791, -0.02074427, -0.03219339, -0.04268014, -0.05239168, -0.06147769, -0.07006281, -0.07825057, -0.08612462, -0.11554110, -0.14268299, -0.16762060, -0.18978884, -0.20839150, -0.22255514, -0.23149596, -0.23468538, -0.23196379, -0.22358196, -0.21017532, -0.19268746, -0.17226331, -0.15013126, -0.12749068, -0.10541727, -0.08479388, -0.06627007, -0.05024969, -0.03690294, -0.02619723, -0.01794052, -0.01183045, -0.00750355, -0.00457968, -0.00269825, -0.00154429, -0.00086378, -0.00046869, -0.00023342, -0.00008477, 0.00001195, 0.00006812, 0.00008564, 0.00006755, 0.00002394, -0.00002736, -0.00006499, -0.00007172, -0.00004311, 0.00000664, 0.00004622, 0.00004223, -0.00000546, 0.00000000
0.41941641, 0.26399798, 0.19104067, 0.14876720, 0.12137334, 0.10215549, 0.08774799, 0.07662354, 0.06785345, 0.06075261, 0.05484241, 0.04981820, 0.04549169, 0.04173813, 0.03846297, 0.03558636, 0.03303820, 0.03075788, 0.02869483, 0.02193480, 0.01669653, 0.01241303, 0.00873903, 0.00546499, 0.00252527, -0.00005224, -0.00221244, -0.00391559, -0.00515181, -0.00593925, -0.00631696, -0.00633833, -0.00606632, -0.00556967, -0.00491932, -0.00418429, -0.00342758, -0.00270219, -0.00204821, -0.00149136, -0.00104313, -0.00070238, -0.00045823, -0.00029352, -0.00018841, -0.00012364, -0.00008298, -0.00005470, -0.00003193, -0.00001218, 0.00000403, 0.00001472, 0.00001817, 0.00001418, 0.00000467, -0.00000653, -0.00001476, -0.00001621, -0.00000986, 0.00000124, 0.00001020, 0.00000956, -0.00000096, 0.00000000
0.19879363, 0.08153110, 0.02727072, -0.00356521, -0.02326206, -0.03684666, -0.04674453, -0.05424328, -0.06009857, -0.06478160, -0.06860527, -0.07179264, -0.07451045, -0.07688455, -0.07900861, -0.08095122, -0.08276251, -0.08448010, -0.08613375, -0.09256946, -0.09953403, -0.10755600, -0.11649729, -0.12581406, -0.13479160, -0.14264459, -0.14856887, -0.15181903, -0.15181620, -0.14825062, -0.14114292, -0.13084679, -0.11799593, -0.10341215, -0.08799630, -0.07262271, -0.05805244, -0.04487380, -0.03347394, -0.02403767, -0.01656879, -0.01092715, -0.00687326, -0.00411395, -0.00234368, -0.00127766, -0.00067454, -0.00034845, -0.00017106, -0.00006567, 0.00000430, 0.00004941, 0.00006820, 0.00005866, 0.00002550, -0.00001795, -0.00005292, -0.00006243, -0.00004002, 0.00000350, 0.00004021, 0.00003824, -0.00000481, 0.00000000
-0.07317977, -0.04990581, -0.04042949, -0.03585300, -0.03355723, -0.03245624, -0.03200131, -0.03197638, -0.03225608, -0.03274018, -0.03335914, -0.03407552, -0.03487363, -0.03574747, -0.03669274, -0.03770365, -0.03877271, -0.03989187, -0.04105364, -0.04602547, -0.05138604, -0.05694927, -0.06239863, -0.06735189, -0.07145121, -0.07439794, -0.07596028, -0.07598282, -0.07440276, -0.07126391, -0.06671906, -0.06101713, -0.05447689, -0.04745296, -0.04030019, -0.03334204, -0.02684660, -0.02101212, -0.01596189, -0.01174747, -0.00835813, -0.00573433, -0.00378301, -0.00239262, -0.00144668, -0.00083454, -0.00045908, -0.00024111, -0.00012078, -0.00005658, -0.00002252, -0.00000434, 0.00000458, 0.00000697, 0.00000438, -0.00000108, -0.00000649, -0.00000880, -0.00000633, -0.00000010, 0.00000578, 0.00000595, -0.00000069, 0.00000000
-0.72319276, -0.47610179, -0.36471908, -0.30327556, -0.26587612, -0.24153200, -0.22478365, -0.21323570, -0.20540913, -0.20019579, -0.19684226, -0.19489924, -0.19411051, -0.19431275, -0.19537667, -0.19718415, -0.19962418, -0.20259890, -0.20602518, -0.22312171, -0.24398517, -0.26670005, -0.28904369, -0.30878934, -0.32403132, -0.33327185, -0.33545367, -0.33003038, -0.31704205, -0.29713463, -0.27149247, -0.24169221, -0.20951063, -0.17672547, -0.14494225, -0.11546774, -0.08923878, -0.06680415, -0.04835069, -0.03376098, -0.02268915, -0.01464249, -0.00905872, -0.00537192, -0.00306268, -0.00169093, -0.00091209, -0.00047860, -0.00023021, -0.00007682, 0.00002227, 0.00007910, 0.00009487, 0.00007266, 0.00002385, -0.00003168, -0.00007085, -0.00007600, -0.00004385, 0.00000904, 0.00004923, 0.00004300, -0.00000719, 0.00000000
0.26124119, 0.13597001, 0.07742350, 0.04377440, 0.02217814, 0.00723718, -0.00376356, -0.01209588, -0.01851506, -0.02356748, -0.02764298, -0.03100063, -0.03380692, -0.03617296, -0.03818046, -0.03989601, -0.04137698, -0.04267326, -0.04382734, -0.04761829, -0.05084523, -0.05386437, -0.05670019, -0.05921356, -0.06113229, -0.06211665, -0.06185811, -0.06016590, -0.05701347, -0.05254047, -0.04702207, -0.04081908, -0.03432321, -0.02790837, -0.02189310, -0.01651710, -0.01193143, -0.00820053, -0.00531309, -0.00319859, -0.00174649, -0.00082535, -0.00029993, -0.00004489, 0.00004566, 0.00005291, 0.00003206, 0.00001444, 0.00001199, 0.00002313, 0.00003915, 0.00004987, 0.00004816, 0.00003240, 0.00000703, -0.00001913, -0.00003605, -0.00003662, -0.00002039, 0.00000445, 0.00002270, 0.00001968, -0.00000288, 0.00000000
0.54184210, 0.32709727, 0.22606017, 0.16734127, 0.12906801, 0.10204522, 0.08163315, 0.06568283, 0.05290673, 0.04237288, 0.03342811, 0.02564882, 0.01876783, 0.01260769, 0.00703707, 0.00194881, -0.00274845, -0.00713233, -0.01126688, -0.02615840, -0.03939641, -0.05138492, -0.06212372, -0.07143003, -0.07898760, -0.08443595, -0.08747928, -0.08796905, -0.08594276, -0.08162262, -0.07538501, -0.06771283, -0.05914102, -0.05020342, -0.04138706, -0.03309778, -0.02563880, -0.01920295, -0.01387624, -0.00965109, -0.00644580, -0.00412742, -0.00253493, -0.00150040, -0.00086619, -0.00049733, -0.00028846, -0.00016575, -0.00008443, -0.00002321, 0.00002321, 0.00005203, 0.00005927, 0.00004488, 0.00001493, -0.00001898, -0.00004311, -0.00004673, -0.00002757, 0.00000474, 0.00002997, 0.00002706, -0.00000353, 0.00000000
0.06485769, 0.03476743, 0.02022915, 0.01154781, 0.00570593, 0.00144578, -0.00185406, -0.00450898, -0.00670784, -0.00857694, -0.01020348, -0.01164872, -0.01295681, -0.01416035, -0.01528391, -0.01634628, -0.01736207, -0.01834288, -0.01929815, -0.02300342, -0.02673725, -0.03060325, -0.03452448, -0.03831585, -0.04174392, -0.04456276, -0.04654077, -0.04748910, -0.04728967, -0.04591549, -0.04343727, -0.04001471, -0.03587517, -0.03128481, -0.02651788, -0.02182896, -0.01743159, -0.01348491, -0.01008847, -0.00728427, -0.00506434, -0.00338195, -0.00216439, -0.00132559, -0.00077734, -0.00043808, -0.00023881, -0.00012611, -0.00006258, -0.00002508, -0.00000165, 0.00001232, 0.00001780, 0.00001521, 0.00000633, -0.00000508, -0.00001408, -0.00001635, -0.00001033, 0.00000106, 0.00001054, 0.00000994, -0.00000126, 0.00000000
-0.31619018, -0.22723394, -0.18496993, -0.16009903, -0.14382022, -0.13224087, -0.12339543, -0.11649745, -0.11103207, -0.10656990, -0.10281132, -0.09958571, -0.09680506, -0.09441723, -0.09237856, -0.09064457, -0.08917084, -0.08791698, -0.08684994, -0.08407780, -0.08339449, -0.08455172, -0.08706717, -0.09034736, -0.09380843, -0.09685767, -0.09887664, -0.09927727, -0.09760545, -0.09363618, -0.08742029, -0.07927191, -0.06970670, -0.05935441, -0.04886432, -0.03882453, -0.02970359, -0.02181882, -0.01532996, -0.01025332, -0.00648997, -0.00386125, -0.00214555, -0.00111158, -0.00054499, -0.00026652, -0.00014136, -0.00008054, -0.00003592, 0.00000925, 0.00005183, 0.00008035, 0.00008461, 0.00006202, 0.00001994, -0.00002618, -0.00005804, -0.00006186, -0.00003552, 0.00000729, 0.00003964, 0.00003463, -0.00000557, 0.00000000
-0.20839547, -0.16434897, -0.14534004, -0.13539261, -0.12982874, -0.12660204, -0.12467317, -0.12367766, -0.12337715, -0.12355874, -0.12407669, -0.12485899, -0.12587985, -0.12713003, -0.12859967, -0.13027318, -0.13213068, -0.13415163, -0.13631770, -0.14618784, -0.15760360, -0.16990169, -0.18205688, -0.19291376, -0.20140423, -0.20663477, -0.20793266, -0.20490160, -0.19747498, -0.18593744, -0.17089742, -0.15321364, -0.13389121, -0.11396854, -0.09441400, -0.07604472, -0.05947692, -0.04510397, -0.03310312, -0.02346204, -0.01601871, -0.01050747, -0.00660504, -0.00397168, -0.00228435, -0.00126016, -0.00066993, -0.00034252, -0.00016169, -0.00005743, 0.00000575, 0.00004151, 0.00005322, 0.00004282, 0.00001612, -0.00001602, -0.00004008, -0.00004486, -0.00002718, 0.00000409, 0.00002905, 0.00002638, -0.00000393, 0.00000000
0.48535648, 0.30050119, 0.21319692, 0.16227016, 0.12900224, 0.10546011, 0.08766500, 0.07378703, 0.06271347, 0.05363145, 0.04597374, 0.03937535, 0.03360631, 0.02851191, 0.02397500, 0.01989802, 0.01619682, 0.01279955, 0.00964668, -0.00132195, -0.01067773, -0.01902150, -0.02659487, -0.03342805, -0.03938064, -0.04422671, -0.04774631, -0.04978806, -0.05029865, -0.04932835, -0.04702168, -0.04359930, -0.03933439, -0.03452647, -0.02947517, -0.02445653, -0.01970407, -0.01539613, -0.01165002, -0.00852284, -0.00601781, -0.00409467, -0.00268236, -0.00169233, -0.00103084, -0.00060913, -0.00035077, -0.00019577, -0.00010173, -0.00004229, -0.00000383, 0.00001895, 0.00002743, 0.00002283, 0.00000856, -0.00000926, -0.00002296, -0.00002601, -0.00001626, 0.00000167, 0.00001654, 0.00001570, -0.00000167, 0.00000000
-0.08185417, -0.09288166, -0.09625921, -0.09692529, -0.09654155, -0.09563977, -0.09437076, -0.09297965, -0.09159194, -0.09021364, -0.08882790, -0.08744321, -0.08609082, -0.08480577, -0.08361311, -0.08252377, -0.08153734, -0.08064743, -0.07984663, -0.07748529, -0.07665014, -0.07754807, -0.07997983, -0.08348862, -0.08756943, -0.09170405, -0.09532774, -0.09783969, -0.09867725, -0.09741714, -0.09385817, -0.08805792, -0.08031785, -0.07112707, -0.06108291, -0.05080655, -0.04086867, -0.03173436, -0.02373120, -0.01704013, -0.01170528, -0.00765751, -0.00474589, -0.00277144, -0.00151868, -0.00078175, -0.00038304, -0.00018383, -0.00008726, -0.00003501, 0.00000055, 0.00002658, 0.00004018, 0.00003731, 0.00001858, -0.00000869, -0.00003233, -0.00004033, -0.00002714, 0.00000107, 0.00002595, 0.00002546, -0.00000313, 0.00000000
-0.29682463, -0.19992048, -0.15587223, -0.13129133, -0.11610459, -0.10601785, -0.09888403, -0.09378163, -0.09014004, -0.08752164, -0.08562583, -0.08427521, -0.08337181, -0.08285562, -0.08267954, -0.08279962, -0.08317402, -0.08376495, -0.08454074, -0.08908156, -0.09538439, -0.10284739, -0.11068357, -0.11803968, -0.12414217, -0.12833781, -0.13010863, -0.12910829, -0.12520850, -0.11852676, -0.10941740, -0.09842535, -0.08621435, -0.07348567, -0.06090237, -0.04902970, -0.03829654, -0.02897995, -0.02120784, -0.01497763, -0.01018392, -0.00665061, -0.00416277, -0.00249503, -0.00143410, -0.00079451, -0.00042741, -0.00022301, -0.00010802, -0.00003942, 0.00000367, 0.00002856, 0.00003666, 0.00002920, 0.00001046, -0.00001178, -0.00002808, -0.00003089, -0.00001833, 0.00000322, 0.00002005, 0.00001787, -0.00000288, 0.00000000
0.36526644, 0.20700393, 0.13274856, 0.08977239, 0.06187973, 0.04224789, 0.02758068, 0.01624744, 0.00724559, -0.00010107, -0.00623957, -0.01146367, -0.01597556, -0.01992477, -0.02342800, -0.02657825, -0.02944940, -0.03209972, -0.03457501, -0.04336326, -0.05139391, -0.05950859, -0.06801397, -0.07680873, -0.08556424, -0.09384117, -0.10113607, -0.10691475, -0.11066779, -0.11198551, -0.11063002, -0.10658177, -0.10004918, -0.09144151, -0.08131394, -0.07029788, -0.05902968, -0.04808815, -0.03794803, -0.02895241, -0.02130395, -0.01507242, -0.01021437, -0.00660057, -0.00404638, -0.00234134, -0.00127481, -0.00065563, -0.00032505, -0.00016265, -0.00008621, -0.00004690, -0.00002135, -0.00000250, 0.00000897, 0.00001142, 0.00000610, -0.00000220, -0.00000729, -0.00000535, 0.00000163, 0.00000585, 0.00000076, 0.00000000
0.37324011, 0.20377717, 0.12349853, 0.07650111, 0.04554355, 0.02343166, 0.00653492, -0.00688736, -0.01786250, -0.02711267, -0.03514673, -0.04230625, -0.04881568, -0.05482667, -0.06044887, -0.06576738, -0.07085144, -0.07575808, -0.08053374, -0.09893320, -0.11682260, -0.13412651, -0.15023646, -0.16433790, -0.17555812, -0.18308635, -0.18629804, -0.18486209, -0.17880413, -0.16851192, -0.15468778, -0.13825595, -0.12025578, -0.10172913, -0.08362427, -0.06672412, -0.05160348, -0.03861495, -0.02789955, -0.01941608, -0.01298240, -0.00832180, -0.00510873, -0.00300920, -0.00171293, -0.00095538, -0.00052967, -0.00028905, -0.00014170, -0.00004007, 0.00003269, 0.00007676, 0.00008801, 0.00006679, 0.00002225, -0.00002828, -0.00006423, -0.00006954, -0.00004085, 0.00000733, 0.00004472, 0.00004005, -0.00000564, 0.00000000
0.25023498, 0.15152131, 0.10489974, 0.07770010, 0.05991305, 0.04730812, 0.03774997, 0.03026314, 0.02425888, 0.01930241, 0.01508678, 0.01141468, 0.00816418, 0.00525570, 0.00263026, 0.00023879, -0.00196150, -0.00400747, -0.00592963, -0.01277163, -0.01866218, -0.02371121, -0.02789069, -0.03113287, -0.03333591, -0.03440476, -0.03430460, -0.03309206, -0.03091527, -0.02799102, -0.02457198, -0.02091425, -0.01725104, -0.01377503, -0.01062914, -0.00790448, -0.00564384, -0.00384870, -0.00248839, -0.00150993, -0.00084760, -0.00043141, -0.00019409, -0.00007617, -0.00002924, -0.00001737, -0.00001690, -0.00001501, -0.00000741, 0.00000452, 0.00001654, 0.00002412, 0.00002435, 0.00001699, 0.00000460, -0.00000830, -0.00001674, -0.00001726, -0.00000961, 0.00000224, 0.00001099, 0.00000955, -0.00000131, 0.00000000
0.12338273, 0.06875741, 0.04186241, 0.02544966, 0.01416145, 0.00573591, -0.00099042, -0.00656572, -0.01131542, -0.01547723, -0.01922341, -0.02267015, -0.02589259, -0.02894014, -0.03184788, -0.03464301, -0.03734786, -0.03998098, -0.04255730, -0.05247327, -0.06186427, -0.07052428, -0.07808814, -0.08416786, -0.08840553, -0.09051973, -0.09035413, -0.08791237, -0.08336699, -0.07704065, -0.06936623, -0.06083578, -0.05194818, -0.04316320, -0.03486707, -0.02735133, -0.02080496, -0.01531786, -0.01089307, -0.00746446, -0.00491725, -0.00310844, -0.00188540, -0.00110108, -0.00062511, -0.00035060, -0.00019687, -0.00010870, -0.00005292, -0.00001332, 0.00001511, 0.00003179, 0.00003514, 0.00002579, 0.00000777, -0.00001191, -0.00002536, -0.00002674, -0.00001524, 0.00000324, 0.00001717, 0.00001504, -0.00000223, 0.00000000
-0.05135820, -0.04953429, -0.04933934, -0.04965034, -0.05023374, -0.05094391, -0.05167694, -0.05246470, -0.05331996, -0.05421989, -0.05514389, -0.05609066, -0.05707291, -0.05810638, -0.05920249, -0.06036620, -0.06159719, -0.06289238, -0.06424805, -0.07023572, -0.07710603, -0.08470454, -0.09259398, -0.10017949, -0.10685414, -0.11206138, -0.11532193, -0.11626802, -0.11468747, -0.11055957, -0.10406634, -0.09557335, -0.08558443, -0.07468088, -0.06345708, -0.05246257, -0.04215764, -0.03288633, -0.02486493, -0.01818742, -0.01284084, -0.00872845, -0.00569624, -0.00355915, -0.00212440, -0.00121018, -0.00065858, -0.00034290, -0.00016955, -0.00007570, -0.00002398, 0.00000455, 0.00001770, 0.00001842, 0.00000945, -0.00000447, -0.00001674, -0.00002097, -0.00001416, 0.00000061, 0.00001371, 0.00001348, -0.00000166, 0.00000000
0.49551637, 0.31370795, 0.22616978, 0.17399175, 0.13909088, 0.11376029, 0.09405571, 0.07820475, 0.06513050, 0.05402335, 0.04431007, 0.03562636, 0.02775143, 0.02054372, 0.01389889, 0.00772968, 0.00195979, -0.00347644, -0.00863273, -0.02712215, -0.04280853, -0.05580268, -0.06607075, -0.07358490, -0.07830462, -0.08023116, -0.07948407, -0.07633758, -0.07120531, -0.06459155, -0.05703209, -0.04904111, -0.04107151, -0.03349083, -0.02657063, -0.02048684, -0.01532762, -0.01110625, -0.00777671, -0.00525018, -0.00341119, -0.00213219, -0.00128598, -0.00075540, -0.00044007, -0.00026012, -0.00015723, -0.00009324, -0.00004700, -0.00001007, 0.00001813, 0.00003484, 0.00003773, 0.00002738, 0.00000813, -0.00001267, -0.00002682, -0.00002827, -0.00001620, 0.00000328, 0.00001810, 0.00001609, -0.00000204, 0.00000000
1.15114919, 0.69820565, 0.48611110, 0.36370788, 0.28478702, 0.22978718, 0.18886743, 0.15754450, 0.13310758, 0.11355526, 0.09747798, 0.08397094, 0.07247308, 0.06261482, 0.05411885, 0.04675212, 0.04030991, 0.03461430, 0.02951617, 0.01309197, 0.00055438, -0.00951776, -0.01786321, -0.02486214, -0.03051181, -0.03458808, -0.03687577, -0.03731965, -0.03606300, -0.03340867, -0.02974904, -0.02549741, -0.02103599, -0.01668389, -0.01268228, -0.00919193, -0.00629897, -0.00402528, -0.00234153, -0.00118104, -0.00045367, -0.00005870, 0.00010383, 0.00012400, 0.00007554, 0.00001209, -0.00003357, -0.00004778, -0.00003214, 0.00000174, 0.00003801, 0.00006210, 0.00006498, 0.00004563, 0.00001112, -0.00002559, -0.00005002, -0.00005169, -0.00002940, 0.00000573, 0.00003226, 0.00002876, -0.00000340, 0.00000000
-0.13498706, -0.12826146, -0.12616609, -0.12552207, -0.12560922, -0.12600330, -0.12647508, -0.12706435, -0.12776591, -0.12852272, -0.12929908, -0.13010099, -0.13095780, -0.13189962, -0.13294545, -0.13410195, -0.13536677, -0.13673490, -0.13820150, -0.14504781, -0.15353779, -0.16343735, -0.17396310, -0.18406748, -0.19267538, -0.19877254, -0.20147217, -0.20010860, -0.19434450, -0.18423983, -0.17025550, -0.15319027, -0.13406905, -0.11400966, -0.09409381, -0.07526050, -0.05823569, -0.04349622, -0.03126988, -0.02156176, -0.01419894, -0.00888452, -0.00525284, -0.00291950, -0.00152188, -0.00074769, -0.00035093, -0.00015628, -0.00005389, 0.00001274, 0.00006259, 0.00009382, 0.00009849, 0.00007334, 0.00002524, -0.00002902, -0.00006807, -0.00007453, -0.00004436, 0.00000720, 0.00004760, 0.00004281, -0.00000633, 0.00000000
-0.00042790, -0.01622749, -0.02482578, -0.03052350, -0.03478254, -0.03817897, -0.04099045, -0.04342282, -0.04559287, -0.04755713, -0.04935490, -0.05102673, -0.05261352, -0.05415040, -0.05566311, -0.05716815, -0.05867520, -0.06019008, -0.06171715, -0.06803968, -0.07491551, -0.08239047, -0.09014899, -0.09767249, -0.10438987, -0.10973900, -0.11320065, -0.11434883, -0.11291414, -0.10883579, -0.10228178, -0.09363057, -0.08342035, -0.07227894, -0.06084909, -0.04972162, -0.03938476, -0.03019361, -0.02235975, -0.01595833, -0.01094817, -0.00720010, -0.00452803, -0.00271966, -0.00156256, -0.00086426, -0.00046527, -0.00024500, -0.00012152, -0.00004651, 0.00000291, 0.00003357, 0.00004523, 0.00003769, 0.00001507, -0.00001336, -0.00003539, -0.00004050, -0.00002520, 0.00000298, 0.00002607, 0.00002423, -0.00000328, 0.00000000
0.29885806, 0.17298989, 0.11301802, 0.07763804, 0.05415976, 0.03724979, 0.02420981, 0.01377620, 0.00519544, -0.00207473, -0.00841649, -0.01408100, -0.01922865, -0.02396620, -0.02837165, -0.03250737, -0.03642559, -0.04017010, -0.04377661, -0.05727722, -0.06974196, -0.08116241, -0.09124403, -0.09959785, -0.10580714, -0.10950256, -0.11044140, -0.10856487, -0.10401893, -0.09713943, -0.08841008, -0.07840528, -0.06772866, -0.05695660, -0.04659281, -0.03703733, -0.02857074, -0.02135225, -0.01542971, -0.01075772, -0.00722060, -0.00465726, -0.00288499, -0.00171997, -0.00099341, -0.00056233, -0.00031523, -0.00017286, -0.00008523, -0.00002585, 0.00001544, 0.00003985, 0.00004607, 0.00003488, 0.00001142, -0.00001507, -0.00003383, -0.00003651, -0.00002139, 0.00000387, 0.00002346, 0.00002103, -0.00000288, 0.00000000
0.06128089, 0.04183254, 0.03106219, 0.02379069, 0.01834953, 0.01399472, 0.01032114, 0.00714007, 0.00433293, 0.00180534, -0.00051635, -0.00268565, -0.00474013, -0.00670647, -0.00860455, -0.01045009, -0.01225607, -0.01403353, -0.01579178, -0.02276519, -0.02979047, -0.03682351, -0.04362702, -0.04986963, -0.05519099, -0.05924926, -0.06176566, -0.06256478, -0.06160224, -0.05897283, -0.05489766, -0.04969435, -0.04373707, -0.03741425, -0.03109032, -0.02507562, -0.01960775, -0.01484316, -0.01085889, -0.00766180, -0.00520288, -0.00339401, -0.00212487, -0.00127829, -0.00074262, -0.00042064, -0.00023465, -0.00012802, -0.00006395, -0.00002201, 0.00000649, 0.00002348, 0.00002854, 0.00002218, 0.00000762, -0.00000928, -0.00002149, -0.00002347, -0.00001392, 0.00000234, 0.00001508, 0.00001359, -0.00000192, 0.00000000
0.37069323, 0.21488753, 0.14236511, 0.10074618, 0.07400834, 0.05540571, 0.04160594, 0.03103974, 0.02275510, 0.01607717, 0.01054407, 0.00585906, 0.00183261, -0.00166492, -0.00473205, -0.00744970, -0.00988619, -0.01209860, -0.01413331, -0.02111024, -0.02701583, -0.03234064, -0.03728583, -0.04186690, -0.04596050, -0.04937782, -0.05192919, -0.05346281, -0.05388268, -0.05315679, -0.05131968, -0.04847012, -0.04476439, -0.04040361, -0.03561639, -0.03063972, -0.02569953, -0.02099382, -0.01668048, -0.01287022, -0.00962495, -0.00696085, -0.00485536, -0.00325637, -0.00209258, -0.00128351, -0.00074844, -0.00041325, -0.00021509, -0.00010467, -0.00004645, -0.00001716, -0.00000319, 0.00000245, 0.00000309, 0.00000071, -0.00000273, -0.00000506, -0.00000455, -0.00000107, 0.00000313, 0.00000412, 0.00000008, 0.00000000
0.54498589, 0.29609683, 0.17942699, 0.11191386, 0.06798720, 0.03702195, 0.01374320, -0.00443179, -0.01903502, -0.03111064, -0.04137567, -0.05031204, -0.05824547, -0.06540487, -0.07195987, -0.07804209, -0.08375646, -0.08918763, -0.09440389, -0.11406013, -0.13303366, -0.15186263, -0.17023035, -0.18736046, -0.20226780, -0.21392386, -0.22139018, -0.22394617, -0.22120206, -0.21317185, -0.20028721, -0.18334918, -0.16343002, -0.14174633, -0.11952679, -0.09789430, -0.07777655, -0.05985094, -0.04452625, -0.03195465, -0.02206747, -0.01462702, -0.00928455, -0.00563723, -0.00327820, -0.00183548, -0.00099789, -0.00052764, -0.00026105, -0.00009969, 0.00000469, 0.00006813, 0.00009192, 0.00007671, 0.00003109, -0.00002629, -0.00007095, -0.00008164, -0.00005114, 0.00000568, 0.00005265, 0.00004940, -0.00000622, 0.00000000
-0.04338852, -0.05320931, -0.05765319, -0.06006647, -0.06157247, -0.06257429, -0.06325006, -0.06375060, -0.06415219, -0.06448364, -0.06476485, -0.06501967, -0.06527287, -0.06554466, -0.06584832, -0.06619089, -0.06657527, -0.06700235, -0.06747246, -0.06979628, -0.07283216, -0.07640636, -0.08013241, -0.08353802, -0.08615913, -0.08758312, -0.08748156, -0.08564729, -0.08202566, -0.07672611, -0.07000832, -0.06224592, -0.05387682, -0.04535034, -0.03708005, -0.02940812, -0.02258385, -0.01675626, -0.01197889, -0.00822348, -0.00539937, -0.00337491, -0.00199845, -0.00111651, -0.00058798, -0.00029356, -0.00014066, -0.00006398, -0.00002287, 0.00000357, 0.00002261, 0.00003403, 0.00003546, 0.00002614, 0.00000882, -0.00001041, -0.00002402, -0.00002606, -0.00001530, 0.00000275, 0.00001671, 0.00001487, -0.00000225, 0.00000000
-0.08324487, -0.07238540, -0.06904946, -0.06826322, -0.06868097, -0.06971499, -0.07098417, -0.07245284, -0.07411025, -0.07589181, -0.07773524, -0.07961672, -0.08154598, -0.08354604, -0.08563685, -0.08782817, -0.09011994, -0.09250596, -0.09497815, -0.10563227, -0.11752209, -0.13059948, -0.14435872, -0.15797074, -0.17054440, -0.18123620, -0.18926842, -0.19395661, -0.19477640, -0.19144526, -0.18398300, -0.17272716, -0.15829893, -0.14152758, -0.12335670, -0.10474107, -0.08655887, -0.06954358, -0.05424224, -0.04099972, -0.02996588, -0.02112027, -0.01430808, -0.00928150, -0.00574091, -0.00337203, -0.00187582, -0.00098991, -0.00050106, -0.00024927, -0.00012517, -0.00006220, -0.00002608, -0.00000339, 0.00000882, 0.00001092, 0.00000523, -0.00000296, -0.00000747, -0.00000484, 0.00000241, 0.00000616, 0.00000027, 0.00000000
0.39978155, 0.24889650, 0.17687507, 0.13438792, 0.10625254, 0.08605270, 0.07055780, 0.05825763, 0.04823554, 0.03983081, 0.03258342, 0.02619375, 0.02046908, 0.01527798, 0.01052171, 0.00612014, 0.00200615, -0.00187616, -0.00557228, -0.01909818, -0.03135553, -0.04271070, -0.05317847, -0.06258221, -0.07063005, -0.07699378, -0.08138001, -0.08358397, -0.08352508, -0.08126449, -0.07700439, -0.07106978, -0.06387599, -0.05588726, -0.04757280, -0.03936629, -0.03163378, -0.02465251, -0.01860170, -0.01356447, -0.00953874, -0.00645449, -0.00419429, -0.00261436, -0.00156381, -0.00090030, -0.00050113, -0.00026951, -0.00013612, -0.00005687, -0.00000789, 0.00002092, 0.00003252, 0.00002836, 0.00001209, -0.00000923, -0.00002630, -0.00003085, -0.00001976, 0.00000171, 0.00001989, 0.00001906, -0.00000213, 0.00000000
0.18258686, 0.09187089, 0.04900407, 0.02407323, 0.00782654, -0.00360358, -0.01214489, -0.01874328, -0.02396256, -0.02819312, -0.03170844, -0.03469518, -0.03728045, -0.03955365, -0.04158116, -0.04341491, -0.04509704, -0.04666230, -0.04813946, -0.05357686, -0.05882356, -0.06414289, -0.06943737, -0.07441776, -0.07869680, -0.08185979, -0.08352764, -0.08341861, -0.08139603, -0.07749260, -0.07190682, -0.06497456, -0.05712334, -0.04881914, -0.04051508, -0.03260870, -0.02541224, -0.01913723, -0.01389256, -0.00969374, -0.00647988, -0.00413535, -0.00251231, -0.00145185, -0.00080154, -0.00042824, -0.00022576, -0.00011748, -0.00005474, -0.00001210, 0.00001939, 0.00003935, 0.00004468, 0.00003439, 0.00001219, -0.00001361, -0.00003252, -0.00003594, -0.00002165, 0.00000321, 0.00002296, 0.00002095, -0.00000282, 0.00000000
0.11492014, 0.04899056, 0.01727606, -0.00157694, -0.01419678, -0.02334122, -0.03041282, -0.03609951, -0.04080162, -0.04479930, -0.04829546, -0.05143172, -0.05430386, -0.05697694, -0.05949722, -0.06189987, -0.06421326, -0.06646098, -0.06866264, -0.07727225, -0.08581503, -0.09415627, -0.10186664, -0.10841421, -0.11325209, -0.11588743, -0.11595766, -0.11329742, -0.10797453, -0.10028510, -0.09071190, -0.07985864, -0.06837517, -0.05688701, -0.04593850, -0.03595471, -0.02722298, -0.01989234, -0.01398712, -0.00943021, -0.00607144, -0.00371696, -0.00215639, -0.00118540, -0.00062242, -0.00031898, -0.00016399, -0.00008283, -0.00003244, 0.00000618, 0.00003643, 0.00005441, 0.00005566, 0.00003966, 0.00001168, -0.00001826, -0.00003853, -0.00004050, -0.00002304, 0.00000487, 0.00002585, 0.00002260, -0.00000341, 0.00000000
0.43888774, 0.25855470, 0.17337785, 0.12369002, 0.09117944, 0.06813584, 0.05071067, 0.03708256, 0.02615252, 0.01714099, 0.00950803, 0.00289951, -0.00291542, -0.00809602, -0.01276215, -0.01701067, -0.02092220, -0.02456382, -0.02799035, -0.04029013, -0.05131472, -0.06160400, -0.07123070, -0.08000245, -0.08756835, -0.09351890, -0.09747317, -0.09914623, -0.09839636, -0.09525049, -0.08990668, -0.08271422, -0.07413461, -0.06469314, -0.05492449, -0.04532470, -0.03631222, -0.02820257, -0.02119733, -0.01538639, -0.01076089, -0.00723362, -0.00466322, -0.00287885, -0.00170268, -0.00096801, -0.00053208, -0.00028303, -0.00014150, -0.00005770, -0.00000542, 0.00002576, 0.00003823, 0.00003296, 0.00001380, -0.00001116, -0.00003110, -0.00003635, -0.00002326, 0.00000198, 0.00002331, 0.00002234, -0.00000252, 0.00000000
-0.09379603, -0.05865767, -0.04278909, -0.03392063, -0.02836365, -0.02459053, -0.02183901, -0.01976444, -0.01816430, -0.01689507, -0.01585997, -0.01499974, -0.01427939, -0.01367660, -0.01317458, -0.01275907, -0.01241736, -0.01213837, -0.01191288, -0.01142250, -0.01142231, -0.01175366, -0.01225290, -0.01276323, -0.01315926, -0.01335140, -0.01328211, -0.01292367, -0.01227768, -0.01137335, -0.01026282, -0.00901349, -0.00769909, -0.00639079, -0.00515016, -0.00402445, -0.00304456, -0.00222528, -0.00156723, -0.00105996, -0.00068544, -0.00042146, -0.00024468, -0.00013295, -0.00006687, -0.00003072, -0.00001262, -0.00000438, -0.00000088, 0.00000068, 0.00000149, 0.00000186, 0.00000178, 0.00000120, 0.00000028, -0.00000066, -0.00000127, -0.00000127, -0.00000067, 0.00000020, 0.00000079, 0.00000061, -0.00000018, 0.00000000
0.02722459, -0.00906298, -0.02657569, -0.03705044, -0.04418535, -0.04947412, -0.05364160, -0.05710320, -0.06009609, -0.06275978, -0.06518885, -0.06745645, -0.06962068, -0.07172559, -0.07380238, -0.07587181, -0.07794719, -0.08003713, -0.08214755, -0.09086720, -0.10007330, -0.10952914, -0.11868876, -0.12687475, -0.13342096, -0.13774587, -0.13939953, -0.13810760, -0.13381004, -0.12667543, -0.11708643, -0.10559546, -0.09286031, -0.07957223, -0.06638804, -0.05387529, -0.04247515, -0.03248460, -0.02405629, -0.01721261, -0.01186975, -0.00786696, -0.00499701, -0.00303450, -0.00175942, -0.00097469, -0.00051713, -0.00026206, -0.00012250, -0.00004429, 0.00000147, 0.00002697, 0.00003581, 0.00002957, 0.00001193, -0.00000997, -0.00002692, -0.00003092, -0.00001929, 0.00000227, 0.00002001, 0.00001863, -0.00000251, 0.00000000
0.46830706, 0.28370298, 0.19660314, 0.14578395, 0.11251016, 0.08887222, 0.07088952, 0.05673230, 0.04529690, 0.03577888, 0.02761701, 0.02045243, 0.01406283, 0.00830230, 0.00306273, -0.00174489, -0.00619691, -0.01035803, -0.01428095, -0.02825607, -0.04017420, -0.05026072, -0.05852275, -0.06490267, -0.06929136, -0.07159141, -0.07179152, -0.07000592, -0.06647202, -0.06152084, -0.05553668, -0.04891772, -0.04204303, -0.03524819, -0.02880927, -0.02293436, -0.01776164, -0.01336262, -0.00974992, -0.00688764, -0.00470364, -0.00310236, -0.00197713, -0.00122092, -0.00073497, -0.00043491, -0.00025402, -0.00014409, -0.00007391, -0.00002626, 0.00000616, 0.00002506, 0.00003042, 0.00002339, 0.00000776, -0.00001012, -0.00002293, -0.00002492, -0.00001480, 0.00000239, 0.00001595, 0.00001457, -0.00000172, 0.00000000
-0.21393932, -0.17178398, -0.15106718, -0.13834150, -0.12971130, -0.12332740, -0.11815170, -0.11391857, -0.11043972, -0.10747641, -0.10483924, -0.10243304, -0.10023204, -0.09823752, -0.09644870, -0.09485222, -0.09342402, -0.09213603, -0.09096275, -0.08715926, -0.08483684, -0.08426587, -0.08530226, -0.08754462, -0.09058576, -0.09400563, -0.09727536, -0.09973927, -0.10070950, -0.09961027, -0.09610610, -0.09016952, -0.08207767, -0.07235050, -0.06165476, -0.05069859, -0.04013740, -0.03050364, -0.02216619, -0.01531872, -0.00999245, -0.00608608, -0.00340543, -0.00170557, -0.00072947, -0.00023930, -0.00003774, 0.00002107, 0.00003031, 0.00003697, 0.00005362, 0.00007256, 0.00007947, 0.00006430, 0.00002757, -0.00001881, -0.00005590, -0.00006601, -0.00004246, 0.00000329, 0.00004183, 0.00003976, -0.00000526, 0.00000000
0.05324876, 0.02710984, 0.01274571, 0.00304700, -0.00427923, -0.01021562, -0.01531231, -0.01983306, -0.02392916, -0.02771633, -0.03128730, -0.03471080, -0.03803400, -0.04128754, -0.04449157, -0.04766022, -0.05080424, -0.05393229, -0.05705136, -0.06951204, -0.08188713, -0.09376893, -0.10454984, -0.11359230, -0.12030985, -0.12422338, -0.12502123, -0.12261181, -0.11714828, -0.10901560, -0.09878189, -0.08712945, -0.07477601, -0.06240270, -0.05059711, -0.03981465, -0.03036234, -0.02239946, -0.01595314, -0.01094360, -0.00721427, -0.00456265, -0.00276871, -0.00161829, -0.00092044, -0.00051813, -0.00029267, -0.00016289, -0.00008019, -0.00002103, 0.00002165, 0.00004678, 0.00005198, 0.00003816, 0.00001144, -0.00001772, -0.00003757, -0.00003952, -0.00002241, 0.00000492, 0.00002540, 0.00002213, -0.00000340, 0.00000000
0.01638335, 0.00957786, 0.00585865, 0.00338544, 0.00158555, 0.00016428, -0.00099048, -0.00194281, -0.00274694, -0.00343924, -0.00404023, -0.00456291, -0.00501857, -0.00541839, -0.00577282, -0.00609072, -0.00637892, -0.00664238, -0.00688475, -0.00769760, -0.00839266, -0.00913980, -0.01003575, -0.01109621, -0.01229451, -0.01358575, -0.01490759, -0.01617497, -0.01728256, -0.01811787, -0.01857979, -0.01859650, -0.01813759, -0.01721812, -0.01589510, -0.01425800, -0.01241605, -0.01048467, -0.00857309, -0.00677469, -0.00516057, -0.00377663, -0.00264379, -0.00176067, -0.00110802, -0.00065417, -0.00036053, -0.00018681, -0.00009529, -0.00005393, -0.00003816, -0.00003148, -0.00002491, -0.00001551, -0.00000447, 0.00000512, 0.00001023, 0.00000950, 0.00000401, -0.00000290, -0.00000686, -0.00000489, 0.00000110, 0.00000000
-0.28650614, -0.18549038, -0.13946854, -0.11369769, -0.09766001, -0.08690404, -0.07922312, -0.07362922, -0.06951609, -0.06643814, -0.06409373, -0.06230019, -0.06095027, -0.05997398, -0.05931741, -0.05893301, -0.05877828, -0.05881657, -0.05901788, -0.06106404, -0.06456749, -0.06897513, -0.07366286, -0.07800390, -0.08144965, -0.08354730, -0.08395283, -0.08246143, -0.07903863, -0.07383060, -0.06714462, -0.05940407, -0.05108975, -0.04268021, -0.03460142, -0.02719167, -0.02068345, -0.01520116, -0.01077118, -0.00734038, -0.00479890, -0.00300342, -0.00179842, -0.00103339, -0.00057523, -0.00031556, -0.00017335, -0.00009385, -0.00004461, -0.00001006, 0.00001452, 0.00002862, 0.00003092, 0.00002215, 0.00000611, -0.00001089, -0.00002206, -0.00002264, -0.00001238, 0.00000332, 0.00001461, 0.00001226, -0.00000226, 0.00000000
-0.12729374, -0.09561943, -0.08184892, -0.07451787, -0.07026444, -0.06764337, -0.06590096, -0.06477188, -0.06409406, -0.06372018, -0.06354424, -0.06351133, -0.06360178, -0.06381066, -0.06413431, -0.06456526, -0.06509250, -0.06570384, -0.06638823, -0.06972829, -0.07394391, -0.07890777, -0.08425415, -0.08947989, -0.09408505, -0.09761833, -0.09968292, -0.09995635, -0.09822981, -0.09444747, -0.08872593, -0.08134524, -0.07271390, -0.06331723, -0.05365973, -0.04421340, -0.03537577, -0.02744426, -0.02060558, -0.01493880, -0.01042906, -0.00698801, -0.00447735, -0.00273226, -0.00158219, -0.00086742, -0.00045045, -0.00022216, -0.00010330, -0.00004202, -0.00000882, 0.00000989, 0.00001849, 0.00001780, 0.00000916, -0.00000373, -0.00001507, -0.00001908, -0.00001298, 0.00000043, 0.00001239, 0.00001222, -0.00000154, 0.00000000
-0.13758815, -0.11357669, -0.10291953, -0.09705987, -0.09359336, -0.09137468, -0.08978282, -0.08868307, -0.08797119, -0.08750550, -0.08717959, -0.08695026, -0.08681787, -0.08679659, -0.08689550, -0.08711276, -0.08743807, -0.08785803, -0.08836082, -0.09112367, -0.09527132, -0.10097488, -0.10792085, -0.11549876, -0.12302287, -0.12977463, -0.13499657, -0.13794569, -0.13800660, -0.13481219, -0.12832190, -0.11883435, -0.10693699, -0.09341226, -0.07912510, -0.06491457, -0.05150594, -0.03945231, -0.02910761, -0.02062820, -0.01399671, -0.00906047, -0.00557663, -0.00325738, -0.00180973, -0.00096646, -0.00050654, -0.00026473, -0.00013165, -0.00004638, 0.00001581, 0.00005775, 0.00007391, 0.00006107, 0.00002441, -0.00002159, -0.00005729, -0.00006561, -0.00004090, 0.00000466, 0.00004200, 0.00003904, -0.00000539, 0.00000000
0.61968074, 0.37923594, 0.26681049, 0.20191308, 0.15996865, 0.13061291, 0.10862270, 0.09162169, 0.07817840, 0.06723960, 0.05806756, 0.05019323, 0.04332987, 0.03729129, 0.03193903, 0.02715696, 0.02284319, 0.01890970, 0.01528359, 0.00291241, -0.00707313, -0.01513348, -0.02148781, -0.02627228, -0.02950694, -0.03116651, -0.03128620, -0.03001949, -0.02763313, -0.02446288, -0.02085891, -0.01714023, -0.01356566, -0.01032160, -0.00752256, -0.00521986, -0.00341434, -0.00207010, -0.00112751, -0.00051441, -0.00015522, 0.00002209, 0.00008109, 0.00007383, 0.00003937, 0.00000378, -0.00001870, -0.00002363, -0.00001369, 0.00000429, 0.00002222, 0.00003324, 0.00003354, 0.00002319, 0.00000603, -0.00001165, -0.00002311, -0.00002370, -0.00001320, 0.00000303, 0.00001506, 0.00001322, -0.00000159, 0.00000000
0.09206596, 0.04326857, 0.01922780, 0.00451728, -0.00566041, -0.01332634, -0.01950346, -0.02468257, -0.02915511, -0.03312875, -0.03675057, -0.04011797, -0.04329280, -0.04631491, -0.04921174, -0.05200385, -0.05470734, -0.05733479, -0.05989551, -0.06955235, -0.07820334, -0.08553529, -0.09118906, -0.09486649, -0.09636364, -0.09559649, -0.09262211, -0.08764286, -0.08098839, -0.07307970, -0.06438368, -0.05536724, -0.04645775, -0.03801389, -0.03030826, -0.02352138, -0.01774514, -0.01299341, -0.00921714, -0.00632159, -0.00418358, -0.00266733, -0.00163767, -0.00097007, -0.00055740, -0.00031346, -0.00017359, -0.00009321, -0.00004468, -0.00001321, 0.00000740, 0.00001875, 0.00002105, 0.00001535, 0.00000444, -0.00000736, -0.00001529, -0.00001595, -0.00000897, 0.00000206, 0.00001026, 0.00000891, -0.00000134, 0.00000000
0.19845521, 0.11144002, 0.06978912, 0.04510184, 0.02863251, 0.01669470, 0.00743667, -0.00001663, -0.00619122, -0.01146354, -0.01609703, -0.02026447, -0.02407673, -0.02760809, -0.03091292, -0.03403436, -0.03700793, -0.03986277, -0.04262205, -0.05298402, -0.06249789, -0.07107824, -0.07846114, -0.08433850, -0.08841410, -0.09045736, -0.09035068, -0.08811658, -0.08391987, -0.07804946, -0.07088471, -0.06285553, -0.05440158, -0.04593583, -0.03781589, -0.03032467, -0.02366094, -0.01793871, -0.01319404, -0.00939753, -0.00646956, -0.00429718, -0.00275025, -0.00169566, -0.00100867, -0.00058088, -0.00032476, -0.00017494, -0.00008682, -0.00003330, -0.00000029, 0.00001811, 0.00002402, 0.00001914, 0.00000676, -0.00000788, -0.00001863, -0.00002054, -0.00001235, 0.00000189, 0.00001321, 0.00001208, -0.00000156, 0.00000000
-0.22325322, -0.16438583, -0.13800496, -0.12348853, -0.11471297, -0.10904001, -0.10511133, -0.10240942, -0.10061269, -0.09944698, -0.09871793, -0.09831809, -0.09819838, -0.09833519, -0.09870955, -0.09929929, -0.10007908, -0.10102353, -0.10211007, -0.10758305, -0.11449970, -0.12241114, -0.13060048, -0.13822986, -0.14452703, -0.14884231, -0.15065576, -0.14960075, -0.14550700, -0.13843663, -0.12869053, -0.11677772, -0.10335440, -0.08914655, -0.07487140, -0.06116983, -0.04855760, -0.03739831, -0.02789724, -0.02011269, -0.01397982, -0.00934184, -0.00598352, -0.00366300, -0.00213897, -0.00119128, -0.00063444, -0.00032396, -0.00015664, -0.00006605, -0.00001488, 0.00001402, 0.00002657, 0.00002473, 0.00001151, -0.00000701, -0.00002244, -0.00002702, -0.00001757, 0.00000141, 0.00001761, 0.00001677, -0.00000233, 0.00000000
0.61404801, 0.38027349, 0.27010436, 0.20595687, 0.16411187, 0.13453396, 0.11216621, 0.09469865, 0.08073290, 0.06924348, 0.05951466, 0.05109017, 0.04368802, 0.03712243, 0.03125427, 0.02596749, 0.02116137, 0.01674971, 0.01266145, -0.00138564, -0.01282903, -0.02225722, -0.02997364, -0.03614759, -0.04080838, -0.04391746, -0.04546053, -0.04550096, -0.04418801, -0.04173768, -0.03840488, -0.03445760, -0.03015665, -0.02574108, -0.02141805, -0.01735602, -0.01368087, -0.01047477, -0.00777776, -0.00559194, -0.00388797, -0.00261301, -0.00169947, -0.00107369, -0.00066360, -0.00040480, -0.00024462, -0.00014399, -0.00007724, -0.00003021, 0.00000283, 0.00002279, 0.00002921, 0.00002296, 0.00000768, -0.00001029, -0.00002343, -0.00002573, -0.00001557, 0.00000212, 0.00001634, 0.00001520, -0.00000161, 0.00000000
0.17995228, 0.10911436, 0.07522636, 0.05517755, 0.04185784, 0.03225531, 0.02487948, 0.01901540, 0.01422429, 0.01019785, 0.00672561, 0.00366934, 0.00093681, -0.00153780, -0.00380517, -0.00590621, -0.00787441, -0.00973696, -0.01151570, -0.01808832, -0.02420531, -0.03012392, -0.03587341, -0.04133106, -0.04629059, -0.05051669, -0.05378047, -0.05588547, -0.05669132, -0.05613454, -0.05424190, -0.05113214, -0.04700525, -0.04212119, -0.03677234, -0.03125437, -0.02583987, -0.02075757, -0.01617954, -0.01221542, -0.00891437, -0.00627225, -0.00424269, -0.00275005, -0.00170245, -0.00100362, -0.00056248, -0.00029989, -0.00015245, -0.00007361, -0.00003240, -0.00001066, 0.00000066, 0.00000525, 0.00000469, 0.00000059, -0.00000450, -0.00000751, -0.00000622, -0.00000090, 0.00000490, 0.00000574, -0.00000029, 0.00000000
-0.36792170, -0.25065751, -0.19794089, -0.16889475, -0.15123892, -0.13974756, -0.13179031, -0.12626456, -0.12249207, -0.11994345, -0.11825221, -0.11720488, -0.11668834, -0.11663669, -0.11699853, -0.11772393, -0.11876326, -0.12007051, -0.12160559, -0.12951013, -0.13956662, -0.15101206, -0.16279294, -0.17373863, -0.18278842, -0.18905789, -0.19185161, -0.19070048, -0.18541914, -0.17614690, -0.16334455, -0.14774166, -0.13024642, -0.11183814, -0.09346294, -0.07594760, -0.05994070, -0.04588340, -0.03400722, -0.02435467, -0.01681355, -0.01116014, -0.00710345, -0.00432622, -0.00251875, -0.00140377, -0.00075176, -0.00038733, -0.00018783, -0.00007636, -0.00001130, 0.00002554, 0.00004005, 0.00003475, 0.00001446, -0.00001184, -0.00003255, -0.00003756, -0.00002343, 0.00000288, 0.00002446, 0.00002259, -0.00000339, 0.00000000
-0.19136804, -0.16038422, -0.14613594, -0.13802775, -0.13304296, -0.12975347, -0.12734080, -0.12563272, -0.12450535, -0.12377726, -0.12330314, -0.12301661, -0.12290982, -0.12299653, -0.12328681, -0.12377791, -0.12445612, -0.12530281, -0.12630032, -0.13162468, -0.13912462, -0.14880661, -0.16008544, -0.17198760, -0.18345885, -0.19345851, -0.20097024, -0.20505949, -0.20499154, -0.20035883, -0.19116336, -0.17782645, -0.16112741, -0.14209136, -0.12185419, -0.10153043, -0.08210360, -0.06435017, -0.04880007, -0.03573253, -0.02519835, -0.01706239, -0.01105595, -0.00683155, -0.00401333, -0.00223861, -0.00118803, -0.00060324, -0.00029313, -0.00013033, -0.00004074, 0.00001098, 0.00003690, 0.00003960, 0.00002215, -0.00000688, -0.00003371, -0.00004418, -0.00003088, 0.00000030, 0.00002886, 0.00002906, -0.00000345, 0.00000000
0.84394625, 0.51581147, 0.36131763, 0.27142286, 0.21276178, 0.17126590, 0.13985253, 0.11525919, 0.09551907, 0.07920288, 0.06531451, 0.05321522, 0.04250661, 0.03292497, 0.02427382, 0.01639126, 0.00913842, 0.00239746, -0.00392822, -0.02633178, -0.04552262, -0.06214937, -0.07638342, -0.08818381, -0.09733469, -0.10356484, -0.10668755, -0.10668857, -0.10375012, -0.09822974, -0.09061572, -0.08147480, -0.07140043, -0.06096649, -0.05068897, -0.04099733, -0.03221646, -0.02455948, -0.01813064, -0.01293675, -0.00890500, -0.00590465, -0.00376989, -0.00232161, -0.00138604, -0.00080890, -0.00046451, -0.00025951, -0.00013197, -0.00004683, 0.00001125, 0.00004588, 0.00005653, 0.00004445, 0.00001589, -0.00001769, -0.00004244, -0.00004708, -0.00002857, 0.00000399, 0.00003019, 0.00002796, -0.00000323, 0.00000000
-0.86053164, -0.57384199, -0.44145685, -0.36606594, -0.31826073, -0.28552557, -0.26147572, -0.24340860, -0.22968179, -0.21900532, -0.21046334, -0.20350242, -0.19781758, -0.19322903, -0.18960172, -0.18681019, -0.18473224, -0.18325461, -0.18228015, -0.18216383, -0.18674844, -0.19504608, -0.20571478, -0.21717987, -0.22802495, -0.23704601, -0.24316940, -0.24544371, -0.24313572, -0.23586056, -0.22367256, -0.20707611, -0.18695766, -0.16446105, -0.14083862, -0.11730735, -0.09493145, -0.07454285, -0.05670168, -0.04169551, -0.02956529, -0.02015275, -0.01315718, -0.00819371, -0.00484695, -0.00271451, -0.00143885, -0.00072637, -0.00035463, -0.00016981, -0.00007696, -0.00002601, 0.00000365, 0.00001729, 0.00001600, 0.00000329, -0.00001291, -0.00002261, -0.00001868, -0.00000221, 0.00001530, 0.00001698, -0.00000214, 0.00000000
0.14142897, 0.07186356, 0.03784635, 0.01718100, 0.00300102, -0.00758458, -0.01606456, -0.02313072, -0.02919013, -0.03454422, -0.03941312, -0.04394325, -0.04822574, -0.05231773, -0.05625840, -0.06007810, -0.06380217, -0.06745178, -0.07104365, -0.08499937, -0.09821734, -0.11015349, -0.12013663, -0.12755344, -0.13190040, -0.13284358, -0.13028877, -0.12441649, -0.11566849, -0.10468788, -0.09223320, -0.07908751, -0.06597860, -0.05352001, -0.04217618, -0.03225020, -0.02389094, -0.01711333, -0.01182663, -0.00786626, -0.00502483, -0.00307946, -0.00181404, -0.00103509, -0.00058167, -0.00032945, -0.00019020, -0.00010764, -0.00005109, -0.00000797, 0.00002354, 0.00004097, 0.00004241, 0.00002931, 0.00000724, -0.00001535, -0.00002968, -0.00002991, -0.00001609, 0.00000452, 0.00001920, 0.00001616, -0.00000260, 0.00000000
0.19212528, 0.08025445, 0.02660452, -0.00520653, -0.02645319, -0.04180881, -0.05365535, -0.06315653, -0.07098440, -0.07760991, -0.08337595, -0.08852233, -0.09321068, -0.09755022, -0.10161838, -0.10547443, -0.10916686, -0.11273678, -0.11621899, -0.12975359, -0.14315452, -0.15627513, -0.16845947, -0.17886171, -0.18657876, -0.19076472, -0.19077183, -0.18628009, -0.17737036, -0.16452150, -0.14853947, -0.13044213, -0.11132791, -0.09225251, -0.07413049, -0.05767007, -0.04334275, -0.03138398, -0.02181848, -0.01450082, -0.00916552, -0.00547734, -0.00307745, -0.00162143, -0.00080673, -0.00038922, -0.00018935, -0.00008950, -0.00002482, 0.00003007, 0.00007588, 0.00010270, 0.00010130, 0.00007046, 0.00001950, -0.00003380, -0.00006917, -0.00007184, -0.00004040, 0.00000896, 0.00004561, 0.00003957, -0.00000609, 0.00000000
-0.23165096, -0.15623378, -0.12248895, -0.10403728, -0.09293022, -0.08581328, -0.08100765, -0.07778016, -0.07568319, -0.07438164, -0.07364610, -0.07333806, -0.07337721, -0.07371175, -0.07430057, -0.07510606, -0.07609298, -0.07722942, -0.07848784, -0.08434432, -0.09088156, -0.09739673, -0.10317726, -0.10758322, -0.11013604, -0.11053570, -0.10865248, -0.10452083, -0.09833258, -0.09041929, -0.08121791, -0.07122647, -0.06095216, -0.05086552, -0.04136377, -0.03274767, -0.02521234, -0.01885036, -0.01366417, -0.00958450, -0.00649149, -0.00423575, -0.00265714, -0.00160013, -0.00092485, -0.00051388, -0.00027507, -0.00014119, -0.00006708, -0.00002535, -0.00000146, 0.00001111, 0.00001496, 0.00001174, 0.00000383, -0.00000529, -0.00001171, -0.00001251, -0.00000715, 0.00000159, 0.00000815, 0.00000702, -0.00000129, 0.00000000
-0.19566329, -0.14362487, -0.11967464, -0.10607133, -0.09752372, -0.09173739, -0.08747729, -0.08430458, -0.08195464, -0.08017800, -0.07878416, -0.07766500, -0.07677416, -0.07609452, -0.07561485, -0.07531961, -0.07518801, -0.07519734, -0.07532671, -0.07679575, -0.07966121, -0.08392131, -0.08928847, -0.09525198, -0.10127043, -0.10682134, -0.11137791, -0.11441207, -0.11544866, -0.11414455, -0.11035583, -0.10416904, -0.09589008, -0.08599796, -0.07507746, -0.06374560, -0.05258457, -0.04208954, -0.03263524, -0.02446190, -0.01767808, -0.01227656, -0.00815872, -0.00516295, -0.00309306, -0.00174383, -0.00092141, -0.00045774, -0.00021856, -0.00010571, -0.00005468, -0.00002881, -0.00001165, 0.00000098, 0.00000805, 0.00000841, 0.00000341, -0.00000295, -0.00000605, -0.00000354, 0.00000227, 0.00000494, 0.00000002, 0.00000000
-0.14484867, -0.10161752, -0.08166781, -0.07027674, -0.06304921, -0.05808722, -0.05441824, -0.05165484, -0.04955569, -0.04792134, -0.04661099, -0.04554451, -0.04468234, -0.04400325, -0.04349038, -0.04312589, -0.04289088, -0.04276721, -0.04273933, -0.04339641, -0.04509917, -0.04766784, -0.05077716, -0.05402796, -0.05704483, -0.05949329, -0.06107075, -0.06151889, -0.06065683, -0.05841577, -0.05485708, -0.05016657, -0.04462745, -0.03858012, -0.03237809, -0.02634822, -0.02076060, -0.01581043, -0.01161203, -0.00820305, -0.00555632, -0.00359622, -0.00221671, -0.00129848, -0.00072364, -0.00038667, -0.00020128, -0.00010331, -0.00005013, -0.00001758, 0.00000490, 0.00001947, 0.00002494, 0.00002056, 0.00000824, -0.00000712, -0.00001897, -0.00002166, -0.00001340, 0.00000169, 0.00001394, 0.00001283, -0.00000189, 0.00000000
0.01708822, -0.02443438, -0.04446058, -0.05632498, -0.06429463, -0.07005706, -0.07441912, -0.07788903, -0.08075247, -0.08316024, -0.08521235, -0.08699570, -0.08858847, -0.09005455, -0.09144035, -0.09277636, -0.09408151, -0.09536803, -0.09664537, -0.10184888, -0.10762474, -0.11420598, -0.12132275, -0.12842176, -0.13486324, -0.13998693, -0.14314296, -0.14375551, -0.14141517, -0.13596256, -0.12753081, -0.11653425, -0.10360968, -0.08952750, -0.07509320, -0.06105701, -0.04804385, -0.03650987, -0.02672605, -0.01878575, -0.01263026, -0.00808568, -0.00490446, -0.00280585, -0.00151082, -0.00076881, -0.00037468, -0.00017630, -0.00007356, -0.00001100, 0.00003375, 0.00006306, 0.00007169, 0.00005641, 0.00002149, -0.00002052, -0.00005247, -0.00005947, -0.00003683, 0.00000433, 0.00003785, 0.00003512, -0.00000478, 0.00000000
0.39505954, 0.23252563, 0.15532689, 0.10997536, 0.08003485, 0.05859839, 0.04217777, 0.02913559, 0.01849243, 0.00954572, 0.00180216, -0.00506256, -0.01125692, -0.01692114, -0.02215857, -0.02705210, -0.03167104, -0.03607339, -0.04030656, -0.05616669, -0.07098336, -0.08488313, -0.09758319, -0.10862544, -0.11747217, -0.12360533, -0.12662859, -0.12634571, -0.12280003, -0.11627326, -0.10724986, -0.09635809, -0.08429958, -0.07177891, -0.05944196, -0.04782919, -0.03734667, -0.02825485, -0.02067330, -0.01459779, -0.00992578, -0.00648604, -0.00406868, -0.00245237, -0.00142669, -0.00080822, -0.00044991, -0.00024421, -0.00012079, -0.00004030, 0.00001421, 0.00004661, 0.00005612, 0.00004368, 0.00001533, -0.00001767, -0.00004170, -0.00004587, -0.00002745, 0.00000435, 0.00002952, 0.00002686, -0.00000355, 0.00000000
0.43503148, 0.24309589, 0.15368103, 0.10236753, 0.06939711, 0.04649593, 0.02953007, 0.01654491, 0.00637573, -0.00180319, -0.00856845, -0.01429966, -0.01924220, -0.02356200, -0.02738169, -0.03079974, -0.03389870, -0.03674815, -0.03940572, -0.04890278, -0.05756901, -0.06585249, -0.07372261, -0.08090764, -0.08698057, -0.09145610, -0.09389968, -0.09401866, -0.09171754, -0.08711280, -0.08051263, -0.07237107, -0.06322820, -0.05364715, -0.04415722, -0.03520907, -0.02714552, -0.02018852, -0.01444073, -0.00989909, -0.00647596, -0.00402513, -0.00236801, -0.00131774, -0.00069887, -0.00036132, -0.00018832, -0.00009855, -0.00004330, -0.00000022, 0.00003510, 0.00005794, 0.00006223, 0.00004617, 0.00001487, -0.00002033, -0.00004540, -0.00004917, -0.00002914, 0.00000469, 0.00003119, 0.00002824, -0.00000374, 0.00000000
-0.26741519, -0.18246373, -0.14411256, -0.12285074, -0.10980567, -0.10122241, -0.09516430, -0.09083902, -0.08777394, -0.08558850, -0.08400910, -0.08287343, -0.08209752, -0.08163653, -0.08145809, -0.08153049, -0.08182061, -0.08229617, -0.08292867, -0.08665655, -0.09191060, -0.09837217, -0.10551072, -0.11264777, -0.11913579, -0.12441174, -0.12798577, -0.12944504, -0.12849025, -0.12498390, -0.11898350, -0.11074456, -0.10069210, -0.08936875, -0.07737155, -0.06528930, -0.05364948, -0.04288002, -0.03328802, -0.02505438, -0.01824189, -0.01281291, -0.00865293, -0.00559624, -0.00345073, -0.00201960, -0.00111838, -0.00058680, -0.00029533, -0.00014699, -0.00007537, -0.00003981, -0.00001918, -0.00000514, 0.00000389, 0.00000748, 0.00000603, 0.00000174, -0.00000209, -0.00000294, -0.00000079, 0.00000138, 0.00000025, 0.00000000
-0.18801502, -0.13186597, -0.10673086, -0.09294117, -0.08460317, -0.07920374, -0.07549527, -0.07294635, -0.07122554, -0.07008180, -0.06934748, -0.06892678, -0.06876797, -0.06883888, -0.06911337, -0.06956652, -0.07017465, -0.07091662, -0.07177485, -0.07613713, -0.08162106, -0.08771771, -0.09377413, -0.09910928, -0.10311389, -0.10529036, -0.10528293, -0.10291369, -0.09820899, -0.09139962, -0.08288984, -0.07320207, -0.06291015, -0.05257402, -0.04268584, -0.03363313, -0.02568052, -0.01896828, -0.01352440, -0.00928562, -0.00612295, -0.00386816, -0.00233779, -0.00135309, -0.00075441, -0.00041013, -0.00022023, -0.00011548, -0.00005341, -0.00001223, 0.00001607, 0.00003224, 0.00003521, 0.00002567, 0.00000767, -0.00001184, -0.00002503, -0.00002621, -0.00001472, 0.00000345, 0.00001689, 0.00001450, -0.00000246, 0.00000000
0.53672443, 0.31439915, 0.21086247, 0.15136820, 0.11305118, 0.08630321, 0.06638006, 0.05103299, 0.03890050, 0.02902634, 0.02075965, 0.01368102, 0.00752002, 0.00209005, -0.00275053, -0.00711686, -0.01110481, -0.01479343, -0.01824641, -0.03054446, -0.04151279, -0.05182253, -0.06168309, -0.07100343, -0.07949110, -0.08676449, -0.09244122, -0.09619512, -0.09779439, -0.09712945, -0.09423061, -0.08927166, -0.08255670, -0.07449147, -0.06554361, -0.05619760, -0.04691311, -0.03808827, -0.03003521, -0.02296700, -0.01699628, -0.01214388, -0.00835446, -0.00551682, -0.00348520, -0.00209966, -0.00120336, -0.00065559, -0.00033991, -0.00016766, -0.00007722, -0.00003026, -0.00000604, 0.00000494, 0.00000670, 0.00000207, -0.00000515, -0.00001023, -0.00000933, -0.00000212, 0.00000659, 0.00000851, -0.00000006, 0.00000000
0.08175073, 0.04440165, 0.02614565, 0.01512148, 0.00764589, 0.00216095, -0.00212234, -0.00558507, -0.00845626, -0.01089969, -0.01303306, -0.01493758, -0.01666854, -0.01826469, -0.01975478, -0.02116152, -0.02250359, -0.02379662, -0.02505365, -0.02990490, -0.03469927, -0.03947866, -0.04409485, -0.04830393, -0.05182172, -0.05436746, -0.05570653, -0.05568841, -0.05427211, -0.05153367, -0.04765526, -0.04289981, -0.03757725, -0.03200856, -0.02649403, -0.02128803, -0.01658341, -0.01250462, -0.00910960, -0.00639761, -0.00432156, -0.00280223, -0.00174258, -0.00104072, -0.00060038, -0.00033829, -0.00018833, -0.00010281, -0.00005109, -0.00001660, 0.00000731, 0.00002167, 0.00002573, 0.00001980, 0.00000668, -0.00000843, -0.00001928, -0.00002098, -0.00001241, 0.00000211, 0.00001346, 0.00001211, -0.00000170, 0.00000000
0.57429499, 0.34565062, 0.23870916, 0.17697085, 0.13704704, 0.10908666, 0.08817004, 0.07201514, 0.05924463, 0.04886623, 0.04019211, 0.03278009, 0.02635142, 0.02071882, 0.01574129, 0.01130228, 0.00730191, 0.00365537, 0.00029274, -0.01125218, -0.02091322, -0.02936523, -0.03688446, -0.04352206, -0.04914439, -0.05352688, -0.05645582, -0.05779688, -0.05752397, -0.05572068, -0.05256608, -0.04831256, -0.04325978, -0.03772731, -0.03202825, -0.02644607, -0.02121644, -0.01651549, -0.01245499, -0.00908402, -0.00639621, -0.00434100, -0.00283704, -0.00178611, -0.00108591, -0.00064058, -0.00036815, -0.00020471, -0.00010533, -0.00004232, -0.00000148, 0.00002255, 0.00003115, 0.00002563, 0.00000971, -0.00000991, -0.00002490, -0.00002823, -0.00001761, 0.00000189, 0.00001801, 0.00001706, -0.00000181, 0.00000000
0.29060359, 0.17118223, 0.11516791, 0.08269896, 0.06156712, 0.04665496, 0.03540034, 0.02660077, 0.01953662, 0.01369569, 0.00872263, 0.00438654, 0.00054001, -0.00291610, -0.00605542, -0.00893741, -0.01161205, -0.01412105, -0.01649855, -0.02514007, -0.03290980, -0.04001111, -0.04640652, -0.05194550, -0.05641006, -0.05957123, -0.06124676, -0.06134259, -0.05987279, -0.05695986, -0.05282003, -0.04773840, -0.04203864, -0.03605185, -0.03008815, -0.02441391, -0.01923638, -0.01469611, -0.01086684, -0.00776168, -0.00534370, -0.00353934, -0.00225248, -0.00137798, -0.00081302, -0.00046580, -0.00026102, -0.00014223, -0.00007137, -0.00002621, 0.00000367, 0.00002143, 0.00002728, 0.00002185, 0.00000809, -0.00000840, -0.00002073, -0.00002320, -0.00001417, 0.00000192, 0.00001492, 0.00001382, -0.00000169, 0.00000000
0.14658942, 0.09442979, 0.06795557, 0.05130235, 0.03955592, 0.03057233, 0.02323020, 0.01703968, 0.01169759, 0.00696380, 0.00266352, -0.00131411, -0.00503424, -0.00853679, -0.01185028, -0.01499854, -0.01800266, -0.02088068, -0.02364695, -0.03374322, -0.04230927, -0.04915456, -0.05411103, -0.05709734, -0.05810768, -0.05722491, -0.05463898, -0.05064367, -0.04560806, -0.03993307, -0.03400787, -0.02817373, -0.02270164, -0.01778266, -0.01352927, -0.00998438, -0.00713471, -0.00492606, -0.00327799, -0.00209703, -0.00128733, -0.00075867, -0.00043174, -0.00024109, -0.00013607, -0.00008016, -0.00004928, -0.00002943, -0.00001400, -0.00000115, 0.00000846, 0.00001358, 0.00001357, 0.00000906, 0.00000195, -0.00000506, -0.00000932, -0.00000919, -0.00000484, 0.00000146, 0.00000585, 0.00000490, -0.00000071, 0.00000000
0.33844614, 0.19599414, 0.12888211, 0.08973394, 0.06406651, 0.04578487, 0.03180409, 0.02071695, 0.01168441, 0.00408992, -0.00250104, -0.00836541, -0.01367063, -0.01852231, -0.02299633, -0.02715490, -0.03105196, -0.03473369, -0.03823755, -0.05091454, -0.06174161, -0.07054732, -0.07708421, -0.08117641, -0.08270490, -0.08164789, -0.07814332, -0.07251426, -0.06524147, -0.05689964, -0.04808209, -0.03933393, -0.03110438, -0.02372127, -0.01738540, -0.01218019, -0.00809106, -0.00502977, -0.00285970, -0.00141925, -0.00054157, -0.00006980, 0.00013255, 0.00017570, 0.00014158, 0.00008509, 0.00003757, 0.00001177, 0.00000748, 0.00001705, 0.00003034, 0.00003853, 0.00003656, 0.00002417, 0.00000539, -0.00001309, -0.00002438, -0.00002413, -0.00001273, 0.00000383, 0.00001540, 0.00001287, -0.00000194, 0.00000000
0.45654455, 0.26888000, 0.18069686, 0.12954700, 0.09625545, 0.07278678, 0.05513312, 0.04138595, 0.03040033, 0.02137192, 0.01374515, 0.00715436, 0.00135985, -0.00380389, -0.00846069, -0.01270954, -0.01663204, -0.02029562, -0.02375527, -0.03630399, -0.04777978, -0.05872151, -0.06916745, -0.07887637, -0.08744526, -0.09440683, -0.09931399, -0.10181225, -0.10169762, -0.09895369, -0.09376167, -0.08648228, -0.07761357, -0.06773362, -0.05743827, -0.04728348, -0.03773936, -0.02916022, -0.02177151, -0.01567243, -0.01085104, -0.00720790, -0.00458403, -0.00278912, -0.00162701, -0.00091598, -0.00050272, -0.00026955, -0.00013549, -0.00005227, 0.00000312, 0.00003754, 0.00005068, 0.00004241, 0.00001728, -0.00001447, -0.00003930, -0.00004537, -0.00002857, 0.00000296, 0.00002918, 0.00002756, -0.00000330, 0.00000000
0.35551713, 0.21556135, 0.14977382, 0.11159471, 0.08677039, 0.06928751, 0.05614750, 0.04595272, 0.03785822, 0.03125765, 0.02573087, 0.02100591, 0.01690896, 0.01332161, 0.01015423, 0.00733295, 0.00479480, 0.00248640, 0.00036354, -0.00687960, -0.01294279, -0.01836063, -0.02336620, -0.02800565, -0.03218060, -0.03571084, -0.03839877, -0.04007851, -0.04064705, -0.04008059, -0.03843842, -0.03585570, -0.03252808, -0.02868928, -0.02458674, -0.02045778, -0.01650961, -0.01290514, -0.00975539, -0.00711852, -0.00500437, -0.00338321, -0.00219683, -0.00137043, -0.00082368, -0.00048007, -0.00027350, -0.00015222, -0.00007981, -0.00003401, -0.00000369, 0.00001495, 0.00002237, 0.00001901, 0.00000732, -0.00000765, -0.00001938, -0.00002216, -0.00001399, 0.00000129, 0.00001405, 0.00001340, -0.00000146, 0.00000000
-0.21657456, -0.17233171, -0.15087779, -0.13787729, -0.12913588, -0.12275824, -0.11764316, -0.11348563, -0.11009795, -0.10725047, -0.10475370, -0.10250573, -0.10047384, -0.09865608, -0.09705258, -0.09565344, -0.09443858, -0.09338308, -0.09246302, -0.08986365, -0.08895563, -0.08991637, -0.09254182, -0.09634069, -0.10079486, -0.10540557, -0.10962583, -0.11283535, -0.11440147, -0.11379103, -0.11067821, -0.10500894, -0.09700800, -0.08713499, -0.07600685, -0.06430707, -0.05269943, -0.04175852, -0.03192365, -0.02347749, -0.01654683, -0.01112078, -0.00708036, -0.00423346, -0.00235010, -0.00119376, -0.00054605, -0.00022337, -0.00008537, -0.00003593, -0.00001834, -0.00000650, 0.00000570, 0.00001465, 0.00001546, 0.00000716, -0.00000579, -0.00001548, -0.00001508, -0.00000383, 0.00001016, 0.00001309, -0.00000087, 0.00000000
0.83774111, 0.51640543, 0.36547973, 0.27797289, 0.22117073, 0.18124057, 0.15128624, 0.12810880, 0.10976397, 0.09485097, 0.08240240, 0.07179628, 0.06263718, 0.05465559, 0.04764627, 0.04143924, 0.03588939, 0.03087401, 0.02629197, 0.01091886, -0.00159694, -0.01256689, -0.02268167, -0.03222187, -0.04113575, -0.04916834, -0.05598443, -0.06125430, -0.06471003, -0.06618539, -0.06564267, -0.06318423, -0.05904567, -0.05357134, -0.04717636, -0.04030205, -0.03337186, -0.02675425, -0.02073629, -0.01551021, -0.01117222, -0.00773193, -0.00512932, -0.00325578, -0.00197625, -0.00114930, -0.00064345, -0.00034830, -0.00018020, -0.00008284, -0.00002372, 0.00001204, 0.00002909, 0.00002869, 0.00001381, -0.00000856, -0.00002814, -0.00003482, -0.00002372, 0.00000036, 0.00002209, 0.00002243, -0.00000187, 0.00000000
-0.20911855, -0.18041007, -0.16630035, -0.15769991, -0.15203734, -0.14807012, -0.14490749, -0.14244574, -0.14063372, -0.13928732, -0.13822124, -0.13733796, -0.13662209, -0.13609648, -0.13578452, -0.13569249, -0.13580831, -0.13610865, -0.13656769, -0.13967956, -0.14487911, -0.15254898, -0.16247467, -0.17391816, -0.18602962, -0.19796423, -0.20880429, -0.21751533, -0.22302626, -0.22439813, -0.22100268, -0.21264550, -0.19960376, -0.18257989, -0.16259305, -0.14083797, -0.11853978, -0.09682675, -0.07663508, -0.05865144, -0.04329274, -0.03071781, -0.02086310, -0.01349354, -0.00825983, -0.00475491, -0.00256375, -0.00130270, -0.00064642, -0.00034216, -0.00021246, -0.00014852, -0.00009691, -0.00004279, 0.00000732, 0.00004065, 0.00004903, 0.00003422, 0.00000767, -0.00001479, -0.00002096, -0.00001011, 0.00000394, 0.00000000
-0.34367296, -0.21691595, -0.15960168, -0.12776432, -0.10811846, -0.09508460, -0.08582683, -0.07912194, -0.07424459, -0.07063950, -0.06791331, -0.06582633, -0.06424588, -0.06309509, -0.06231837, -0.06186544, -0.06168760, -0.06173956, -0.06198229, -0.06436011, -0.06848321, -0.07403522, -0.08053517, -0.08736164, -0.09392811, -0.09972052, -0.10426545, -0.10712288, -0.10792508, -0.10643689, -0.10260492, -0.09657553, -0.08867776, -0.07937818, -0.06922036, -0.05876159, -0.04851702, -0.03891757, -0.03028438, -0.02281958, -0.01661086, -0.01164651, -0.00783703, -0.00503950, -0.00308171, -0.00178354, -0.00097417, -0.00050411, -0.00025221, -0.00012789, -0.00006954, -0.00004014, -0.00002127, -0.00000663, 0.00000388, 0.00000881, 0.00000797, 0.00000342, -0.00000135, -0.00000331, -0.00000181, 0.00000059, 0.00000035, 0.00000000
0.05236220, -0.00863698, -0.03645519, -0.05196934, -0.06171734, -0.06833286, -0.07300729, -0.07646584, -0.07913810, -0.08125452, -0.08295188, -0.08433546, -0.08549764, -0.08651641, -0.08745137, -0.08834339, -0.08921808, -0.09009092, -0.09097198, -0.09474681, -0.09934632, -0.10510316, -0.11184380, -0.11905625, -0.12612676, -0.13242824, -0.13732791, -0.14021202, -0.14055473, -0.13800631, -0.13246355, -0.12409778, -0.11333445, -0.10079303, -0.08720371, -0.07331851, -0.05983157, -0.04731843, -0.03619895, -0.02672411, -0.01898340, -0.01292799, -0.00840353, -0.00518714, -0.00302337, -0.00165555, -0.00084988, -0.00041125, -0.00019073, -0.00008561, -0.00003377, -0.00000429, 0.00001347, 0.00002033, 0.00001553, 0.00000168, -0.00001422, -0.00002310, -0.00001865, -0.00000222, 0.00001507, 0.00001700, -0.00000141, 0.00000000
-0.37229950, -0.26777005, -0.21904819, -0.19098298, -0.17302373, -0.16058950, -0.15129005, -0.14420223, -0.13875454, -0.13445412, -0.13093978, -0.12800266, -0.12553964, -0.12349836, -0.12183952, -0.12052134, -0.11949814, -0.11872487, -0.11816210, -0.11753376, -0.11910985, -0.12266657, -0.12765815, -0.13331646, -0.13889246, -0.14369996, -0.14707838, -0.14840056, -0.14714504, -0.14299069, -0.13588649, -0.12607033, -0.11403479, -0.10045349, -0.08608828, -0.07169639, -0.05795223, -0.04539222, -0.03438542, -0.02512834, -0.01765945, -0.01188737, -0.00762659, -0.00463504, -0.00264904, -0.00141227, -0.00069706, -0.00031733, -0.00013354, -0.00005111, -0.00001377, 0.00000593, 0.00001712, 0.00002022, 0.00001436, 0.00000162, -0.00001217, -0.00001953, -0.00001544, -0.00000140, 0.00001296, 0.00001412, -0.00000159, 0.00000000
0.73992408, 0.46364358, 0.33300578, 0.25669655, 0.20679237, 0.17144680, 0.14467726, 0.12376694, 0.10706664, 0.09335478, 0.08177201, 0.07176791, 0.06300130, 0.05524692, 0.04833536, 0.04212442, 0.03648978, 0.03132415, 0.02653826, 0.01000759, -0.00375934, -0.01552634, -0.02563394, -0.03420867, -0.04117202, -0.04634554, -0.04958414, -0.05086074, -0.05028852, -0.04810115, -0.04461455, -0.04018612, -0.03517918, -0.02993478, -0.02475118, -0.01987024, -0.01547015, -0.01166397, -0.00850310, -0.00598514, -0.00406464, -0.00266582, -0.00169557, -0.00105575, -0.00065347, -0.00040878, -0.00025927, -0.00016154, -0.00009000, -0.00003338, 0.00000989, 0.00003689, 0.00004481, 0.00003425, 0.00001068, -0.00001624, -0.00003536, -0.00003806, -0.00002249, 0.00000366, 0.00002416, 0.00002202, -0.00000257, 0.00000000
0.23020505, 0.10950129, 0.05252718, 0.01935777, -0.00240631, -0.01790056, -0.02956491, -0.03871643, -0.04615184, -0.05236230, -0.05766282, -0.06227601, -0.06637349, -0.07009083, -0.07353249, -0.07677567, -0.07987556, -0.08287154, -0.08579286, -0.09716685, -0.10887155, -0.12152971, -0.13502804, -0.14875307, -0.16190215, -0.17362102, -0.18303753, -0.18930872, -0.19171856, -0.18979785, -0.18341980, -0.17283877, -0.15866351, -0.14177576, -0.12321599, -0.10406004, -0.08530727, -0.06779413, -0.05214017, -0.03872722, -0.02770781, -0.01903610, -0.01251314, -0.00783850, -0.00466122, -0.00262445, -0.00140038, -0.00071344, -0.00035169, -0.00016766, -0.00007093, -0.00001518, 0.00001707, 0.00002916, 0.00002198, 0.00000087, -0.00002286, -0.00003555, -0.00002804, -0.00000277, 0.00002328, 0.00002584, -0.00000212, 0.00000000
-0.08672290, -0.08706721, -0.08694036, -0.08653412, -0.08609790, -0.08560070, -0.08497301, -0.08433017, -0.08371467, -0.08309150, -0.08242830, -0.08172860, -0.08102040, -0.08033487, -0.07969301, -0.07910282, -0.07856281, -0.07806749, -0.07761194, -0.07621234, -0.07582986, -0.07681520, -0.07908016, -0.08228115, -0.08600104, -0.08975575, -0.09296459, -0.09498878, -0.09523802, -0.09329293, -0.08899335, -0.08246686, -0.07409793, -0.06445411, -0.05419166, -0.04396193, -0.03433380, -0.02574117, -0.01845775, -0.01259694, -0.00813147, -0.00492581, -0.00277469, -0.00144129, -0.00069069, -0.00031520, -0.00015025, -0.00008079, -0.00003926, 0.00000274, 0.00004659, 0.00008017, 0.00008990, 0.00006969, 0.00002517, -0.00002727, -0.00006610, -0.00007345, -0.00004453, 0.00000617, 0.00004654, 0.00004247, -0.00000601, 0.00000000
-0.20250513, -0.14823109, -0.12297546, -0.10846434, -0.09920510, -0.09282013, -0.08809112, -0.08452547, -0.08181333, -0.07970211, -0.07801366, -0.07664433, -0.07553834, -0.07466311, -0.07399257, -0.07350108, -0.07316310, -0.07295481, -0.07285576, -0.07328020, -0.07466334, -0.07663786, -0.07875242, -0.08054221, -0.08161805, -0.08168191, -0.08051974, -0.07800688, -0.07412365, -0.06896592, -0.06273962, -0.05573760, -0.04830390, -0.04079351, -0.03353522, -0.02680268, -0.02079663, -0.01563823, -0.01137224, -0.00797761, -0.00538249, -0.00348120, -0.00215078, -0.00126543, -0.00070786, -0.00037699, -0.00019209, -0.00009370, -0.00004199, -0.00001342, 0.00000363, 0.00001335, 0.00001643, 0.00001314, 0.00000500, -0.00000477, -0.00001207, -0.00001351, -0.00000814, 0.00000130, 0.00000877, 0.00000785, -0.00000131, 0.00000000
0.31548566, 0.17651567, 0.10961387, 0.06968729, 0.04281990, 0.02316105, 0.00778934, -0.00471519, -0.01520757, -0.02428077, -0.03234292, -0.03966606, -0.04643231, -0.05276910, -0.05877101, -0.06451141, -0.07004831, -0.07542746, -0.08068441, -0.10093054, -0.12036188, -0.13890837, -0.15604569, -0.17104078, -0.18312387, -0.19160999, -0.19598344, -0.19595831, -0.19151749, -0.18292445, -0.17070363, -0.15559043, -0.13845876, -0.12023766, -0.10182914, -0.08403763, -0.06751806, -0.05274564, -0.04000737, -0.02941230, -0.02091641, -0.01435653, -0.00948860, -0.00602526, -0.00366945, -0.00214133, -0.00119719, -0.00064021, -0.00032340, -0.00014642, -0.00004775, 0.00000564, 0.00002911, 0.00002998, 0.00001451, -0.00000864, -0.00002847, -0.00003480, -0.00002312, 0.00000125, 0.00002265, 0.00002224, -0.00000246, 0.00000000
0.11712335, 0.03638222, -0.00293373, -0.02665337, -0.04288090, -0.05494010, -0.06449208, -0.07242046, -0.07923517, -0.08526168, -0.09072691, -0.09579833, -0.10059962, -0.10522075, -0.10972542, -0.11415805, -0.11854975, -0.12292291, -0.12729431, -0.14497647, -0.16313523, -0.18139186, -0.19882557, -0.21429811, -0.22668298, -0.23498712, -0.23843999, -0.23658143, -0.22933324, -0.21702541, -0.20036823, -0.18036950, -0.15821544, -0.13514221, -0.11231461, -0.09072949, -0.07115203, -0.05408666, -0.03977976, -0.02824745, -0.01932058, -0.01269850, -0.00800425, -0.00483502, -0.00280369, -0.00156903, -0.00085369, -0.00045080, -0.00022086, -0.00008141, 0.00000762, 0.00005990, 0.00007755, 0.00006257, 0.00002338, -0.00002391, -0.00005933, -0.00006635, -0.00004029, 0.00000589, 0.00004289, 0.00003921, -0.00000546, 0.00000000
0.32121962, 0.19961140, 0.14090314, 0.10583557, 0.08231673, 0.06521036, 0.05191201, 0.04121355, 0.03237995, 0.02487316, 0.01831315, 0.01245052, 0.00712495, 0.00222776, -0.00232225, -0.00659108, -0.01063433, -0.01449865, -0.01822215, -0.03220660, -0.04529227, -0.05761838, -0.06898913, -0.07904914, -0.08736817, -0.09352700, -0.09719808, -0.09820445, -0.09654998, -0.09242131, -0.08616554, -0.07825004, -0.06921200, -0.05960555, -0.04995326, -0.04070698, -0.03222139, -0.02474078, -0.01839839, -0.01322655, -0.00917398, -0.00612763, -0.00393594, -0.00243079, -0.00144627, -0.00083285, -0.00046657, -0.00025310, -0.00012745, -0.00005011, -0.00000099, 0.00002760, 0.00003765, 0.00003082, 0.00001164, -0.00001179, -0.00002951, -0.00003323, -0.00002042, 0.00000264, 0.00002138, 0.00001986, -0.00000246, 0.00000000
0.66310364, 0.40386112, 0.28176826, 0.21073705, 0.16442517, 0.13171310, 0.10697782, 0.08764783, 0.07217566, 0.05942432, 0.04859380, 0.03917035, 0.03083572, 0.02338220, 0.01665587, 0.01052932, 0.00489210, -0.00035062, -0.00527714, -0.02283292, -0.03803287, -0.05125150, -0.06249534, -0.07163939, -0.07844116, -0.08263942, -0.08408382, -0.08281865, -0.07909510, -0.07333426, -0.06606416, -0.05785286, -0.04925017, -0.04074349, -0.03272909, -0.02549757, -0.01923204, -0.01401514, -0.00984339, -0.00664563, -0.00430342, -0.00267118, -0.00159466, -0.00092605, -0.00053544, -0.00031777, -0.00019579, -0.00011922, -0.00006101, -0.00001155, 0.00002795, 0.00005198, 0.00005619, 0.00004086, 0.00001221, -0.00001887, -0.00004008, -0.00004233, -0.00002429, 0.00000487, 0.00002706, 0.00002405, -0.00000312, 0.00000000
0.18704330, 0.08966827, 0.04405847, 0.01771752, 0.00058268, -0.01148689, -0.02052235, -0.02756780, -0.03323656, -0.03792541, -0.04190297, -0.04535718, -0.04842340, -0.05120092, -0.05376319, -0.05616487, -0.05844706, -0.06064145, -0.06277323, -0.07104321, -0.07947249, -0.08833945, -0.09743577, -0.10627702, -0.11427021, -0.12079684, -0.12526629, -0.12718039, -0.12620772, -0.12224461, -0.11544215, -0.10619134, -0.09507140, -0.08277481, -0.07002455, -0.05749776, -0.04576571, -0.03525544, -0.02623386, -0.01881205, -0.01296536, -0.00856358, -0.00540601, -0.00325624, -0.00187302, -0.00103444, -0.00055417, -0.00028962, -0.00014267, -0.00005459, 0.00000299, 0.00003889, 0.00005301, 0.00004481, 0.00001868, -0.00001477, -0.00004116, -0.00004782, -0.00003021, 0.00000310, 0.00003083, 0.00002904, -0.00000371, 0.00000000
0.16644616, 0.09865895, 0.06643177, 0.04748780, 0.03496851, 0.02599048, 0.01911633, 0.01365931, 0.00920512, 0.00546204, 0.00222811, -0.00063027, -0.00320133, -0.00554637, -0.00771132, -0.00973277, -0.01164068, -0.01345959, -0.01520934, -0.02178149, -0.02799843, -0.03398648, -0.03966336, -0.04483534, -0.04925760, -0.05268263, -0.05489906, -0.05576204, -0.05521453, -0.05329751, -0.05014751, -0.04598192, -0.04107505, -0.03572899, -0.03024404, -0.02489267, -0.01989980, -0.01543074, -0.01158713, -0.00840969, -0.00588650, -0.00396478, -0.00256421, -0.00159024, -0.00094588, -0.00054103, -0.00029892, -0.00015951, -0.00008004, -0.00003341, -0.00000494, 0.00001168, 0.00001835, 0.00001601, 0.00000675, -0.00000535, -0.00001500, -0.00001752, -0.00001116, 0.00000103, 0.00001130, 0.00001076, -0.00000127, 0.00000000
-0.63042299, -0.41796994, -0.32082619, -0.26620545, -0.23209449, -0.20916093, -0.19270507, -0.18068287, -0.17184647, -0.16524813, -0.16022986, -0.15639267, -0.15350847, -0.15143487, -0.15006230, -0.14929159, -0.14902987, -0.14919341, -0.14971116, -0.15437213, -0.16192147, -0.17117214, -0.18080346, -0.18949129, -0.19614100, -0.19992248, -0.20023874, -0.19672898, -0.18930579, -0.17818524, -0.16387822, -0.14713557, -0.12885860, -0.10999517, -0.09144113, -0.07396153, -0.05813945, -0.04435379, -0.03278279, -0.02342756, -0.01614839, -0.01070696, -0.00680887, -0.00414149, -0.00240465, -0.00133243, -0.00070598, -0.00035822, -0.00017169, -0.00007165, -0.00001627, 0.00001400, 0.00002646, 0.00002404, 0.00001044, -0.00000790, -0.00002261, -0.00002635, -0.00001649, 0.00000208, 0.00001730, 0.00001582, -0.00000269, 0.00000000
0.48451979, 0.29809643, 0.20711359, 0.15207533, 0.11463591, 0.08697971, 0.06508791, 0.04713600, 0.03202264, 0.01892318, 0.00724872, -0.00338083, -0.01319894, -0.02235512, -0.03095734, -0.03909344, -0.04683873, -0.05425711, -0.06140030, -0.08783593, -0.11128379, -0.13148701, -0.14796999, -0.16028767, -0.16805976, -0.17104954, -0.16926529, -0.16301233, -0.15288260, -0.13968962, -0.12437528, -0.10791158, -0.09121364, -0.07507316, -0.06011582, -0.04678202, -0.03532779, -0.02584155, -0.01827147, -0.01245963, -0.00817716, -0.00515839, -0.00313044, -0.00183684, -0.00105425, -0.00060217, -0.00034609, -0.00019525, -0.00009620, -0.00002383, 0.00002866, 0.00005929, 0.00006514, 0.00004752, 0.00001414, -0.00002209, -0.00004672, -0.00004916, -0.00002800, 0.00000594, 0.00003155, 0.00002776, -0.00000388, 0.00000000
0.36468198, 0.21004302, 0.13519288, 0.09037598, 0.06018869, 0.03813904, 0.02094040, 0.00701849, -0.00457166, -0.01450199, -0.02324678, -0.03112512, -0.03834890, -0.04506394, -0.05137750, -0.05737351, -0.06312004, -0.06867268, -0.07407623, -0.09478328, -0.11465561, -0.13367759, -0.15129421, -0.16672338, -0.17912378, -0.18772333, -0.19193031, -0.19142407, -0.18621123, -0.17663644, -0.16334647, -0.14721619, -0.12925141, -0.11048541, -0.09188424, -0.07427164, -0.05827973, -0.04432678, -0.03261976, -0.02317687, -0.01586378, -0.01043724, -0.00659009, -0.00399268, -0.00232736, -0.00131366, -0.00072363, -0.00038758, -0.00019171, -0.00006960, 0.00001012, 0.00005728, 0.00007276, 0.00005818, 0.00002144, -0.00002251, -0.00005525, -0.00006162, -0.00003739, 0.00000540, 0.00003971, 0.00003642, -0.00000484, 0.00000000
0.23622460, 0.14528904, 0.10152944, 0.07551264, 0.05818370, 0.04569348, 0.03608232, 0.02844792, 0.02224364, 0.01706524, 0.01262446, 0.00873166, 0.00526558, 0.00214469, -0.00069198, -0.00329453, -0.00570601, -0.00796334, -0.01009737, -0.01782069, -0.02475800, -0.03113651, -0.03694485, -0.04205440, -0.04625928, -0.04932928, -0.05106992, -0.05137077, -0.05022969, -0.04775639, -0.04415628, -0.03970357, -0.03470861, -0.02948510, -0.02432155, -0.01945955, -0.01508031, -0.01129938, -0.00816876, -0.00568473, -0.00379959, -0.00243534, -0.00149744, -0.00088736, -0.00051270, -0.00029439, -0.00017072, -0.00009835, -0.00005090, -0.00001561, 0.00001098, 0.00002752, 0.00003194, 0.00002422, 0.00000779, -0.00001089, -0.00002416, -0.00002606, -0.00001534, 0.00000262, 0.00001661, 0.00001497, -0.00000199, 0.00000000
0.20854908, 0.10556859, 0.05532548, 0.02487818, 0.00401764, -0.01153570, -0.02397310, -0.03433141, -0.04321800, -0.05107000, -0.05820176, -0.06482329, -0.07106782, -0.07702053, -0.08273983, -0.08826983, -0.09364612, -0.09889764, -0.10404705, -0.12385865, -0.14237818, -0.15898752, -0.17286923, -0.18325753, -0.18951734, -0.19121623, -0.18820402, -0.18066308, -0.16910483, -0.15431240, -0.13724656, -0.11893702, -0.10037910, -0.08244970, -0.06584990, -0.05107583, -0.03841509, -0.02796386, -0.01965819, -0.01331338, -0.00866576, -0.00541223, -0.00324440, -0.00187517, -0.00105699, -0.00059180, -0.00033359, -0.00018488, -0.00008891, -0.00001931, 0.00003096, 0.00005987, 0.00006451, 0.00004632, 0.00001309, -0.00002236, -0.00004595, -0.00004767, -0.00002661, 0.00000633, 0.00003064, 0.00002644, -0.00000406, 0.00000000
-0.04597085, -0.02979518, -0.02375230, -0.02124091, -0.02033262, -0.02021414, -0.02050929, -0.02106557, -0.02178558, -0.02259632, -0.02345478, -0.02434352, -0.02525904, -0.02620194, -0.02717192, -0.02816679, -0.02918335, -0.03021876, -0.03127137, -0.03566726, -0.04044089, -0.04558024, -0.05087108, -0.05598783, -0.06056516, -0.06422723, -0.06661881, -0.06745374, -0.06656644, -0.06394622, -0.05974324, -0.05424591, -0.04783785, -0.04094550, -0.03398691, -0.02732943, -0.02126074, -0.01597447, -0.01156914, -0.00805780, -0.00538494, -0.00344699, -0.00211345, -0.00124599, -0.00071394, -0.00040506, -0.00023165, -0.00013199, -0.00006829, -0.00002193, 0.00001261, 0.00003409, 0.00004000, 0.00003042, 0.00000977, -0.00001368, -0.00003022, -0.00003243, -0.00001888, 0.00000354, 0.00002074, 0.00001838, -0.00000278, 0.00000000
0.79032718, 0.47696172, 0.32974570, 0.24436927, 0.18889063, 0.14983127, 0.12051386, 0.09778622, 0.07972933, 0.06498470, 0.05262337, 0.04204422, 0.03285721, 0.02479101, 0.01763817, 0.01122920, 0.00542251, 0.00010082, -0.00483119, -0.02195688, -0.03671414, -0.05036009, -0.06343221, -0.07598052, -0.08772160, -0.09819528, -0.10688104, -0.11327844, -0.11697389, -0.11770154, -0.11539088, -0.11018954, -0.10245487, -0.09271595, -0.08161315, -0.06982978, -0.05802244, -0.04676441, -0.03650513, -0.02754922, -0.02005415, -0.01404354, -0.00943178, -0.00605506, -0.00370402, -0.00215419, -0.00119102, -0.00062805, -0.00031716, -0.00015165, -0.00006311, -0.00001393, 0.00001241, 0.00002131, 0.00001529, -0.00000080, -0.00001842, -0.00002753, -0.00002149, -0.00000218, 0.00001772, 0.00001994, -0.00000110, 0.00000000
0.01986649, -0.01434456, -0.03070024, -0.04037388, -0.04691311, -0.05172944, -0.05543891, -0.05846516, -0.06106025, -0.06334378, -0.06538063, -0.06722718, -0.06894107, -0.07057500, -0.07217003, -0.07375354, -0.07534136, -0.07694173, -0.07855921, -0.08528828, -0.09271309, -0.10104016, -0.11003674, -0.11916628, -0.12780021, -0.13530461, -0.14105740, -0.14447880, -0.14509710, -0.14262694, -0.13702805, -0.12852391, -0.11757645, -0.10482545, -0.09100830, -0.07687585, -0.06311783, -0.05030636, -0.03886177, -0.02904048, -0.02094214, -0.01453132, -0.00966833, -0.00614399, -0.00371373, -0.00212760, -0.00115377, -0.00059454, -0.00029458, -0.00014229, -0.00006573, -0.00002472, -0.00000116, 0.00001053, 0.00001156, 0.00000400, -0.00000707, -0.00001467, -0.00001324, -0.00000261, 0.00000980, 0.00001198, -0.00000078, 0.00000000
0.24880428, 0.13002382, 0.07431949, 0.04211624, 0.02123021, 0.00656677, -0.00437081, -0.01281904, -0.01952198, -0.02498260, -0.02954160, -0.03342760, -0.03679760, -0.03976478, -0.04241481, -0.04481469, -0.04701759, -0.04906592, -0.05099365, -0.05797335, -0.06448447, -0.07097127, -0.07745683, -0.08370292, -0.08934287, -0.09396575, -0.09716819, -0.09860004, -0.09801236, -0.09529962, -0.09052390, -0.08391396, -0.07583921, -0.06676504, -0.05719895, -0.04763680, -0.03851710, -0.03018813, -0.02288991, -0.01675076, -0.01179595, -0.00796534, -0.00513625, -0.00314801, -0.00182509, -0.00099675, -0.00051160, -0.00024647, -0.00010997, -0.00004119, -0.00000494, 0.00001510, 0.00002400, 0.00002232, 0.00001121, -0.00000513, -0.00001966, -0.00002500, -0.00001736, -0.00000002, 0.00001585, 0.00001616, -0.00000160, 0.00000000
0.15546306, 0.06773463, 0.02540617, 0.00018434, -0.01679255, -0.02913994, -0.03867511, -0.04636124, -0.05274956, -0.05818937, -0.06292647, -0.06714567, -0.07098764, -0.07455710, -0.07792987, -0.08116015, -0.08428749, -0.08734244, -0.09035038, -0.10232872, -0.11492853, -0.12845087, -0.14249363, -0.15626652, -0.16881770, -0.17913480, -0.18623166, -0.18927356, -0.18771726, -0.18141672, -0.17066011, -0.15613071, -0.13880700, -0.11982853, -0.10035565, -0.08144625, -0.06396419, -0.04852609, -0.03548568, -0.02495018, -0.01682016, -0.01084326, -0.00667275, -0.00392325, -0.00221784, -0.00122312, -0.00067073, -0.00036569, -0.00018334, -0.00005788, 0.00003437, 0.00009327, 0.00011165, 0.00008775, 0.00003179, -0.00003425, -0.00008294, -0.00009190, -0.00005530, 0.00000847, 0.00005907, 0.00005367, -0.00000754, 0.00000000
0.35195795, 0.20012327, 0.12868158, 0.08722030, 0.06025616, 0.04127410, 0.02703032, 0.01598241, 0.00720044, 0.00002639, -0.00599601, -0.01116699, -0.01568271, -0.01967841, -0.02325559, -0.02649595, -0.02946744, -0.03222656, -0.03481952, -0.04415593, -0.05264097, -0.06068374, -0.06828570, -0.07522317, -0.08114244, -0.08565014, -0.08839413, -0.08912535, -0.08773756, -0.08428397, -0.07897165, -0.07213652, -0.06420421, -0.05564366, -0.04692043, -0.03845582, -0.03059596, -0.02359313, -0.01759936, -0.01267109, -0.00878230, -0.00584327, -0.00372190, -0.00226484, -0.00131618, -0.00073235, -0.00039210, -0.00020175, -0.00009581, -0.00003395, 0.00000442, 0.00002690, 0.00003478, 0.00002851, 0.00001118, -0.00001042, -0.00002724, -0.00003130, -0.00001976, 0.00000187, 0.00001992, 0.00001893, -0.00000219, 0.00000000
-0.15603445, -0.11903186, -0.10238460, -0.09315024, -0.08750702, -0.08379062, -0.08115305, -0.07928121, -0.07797398, -0.07705749, -0.07641183, -0.07597477, -0.07572087, -0.07563906, -0.07571940, -0.07594874, -0.07631157, -0.07679248, -0.07737829, -0.08060962, -0.08508014, -0.09049084, -0.09630093, -0.10185993, -0.10654250, -0.10979421, -0.11115359, -0.11028986, -0.10704873, -0.10148268, -0.09385015, -0.08458163, -0.07422174, -0.06336070, -0.05256807, -0.04233870, -0.03305612, -0.02497496, -0.01822065, -0.01280291, -0.00863851, -0.00557870, -0.00343731, -0.00201629, -0.00112655, -0.00060274, -0.00031193, -0.00015640, -0.00007164, -0.00002089, 0.00001236, 0.00003236, 0.00003838, 0.00003020, 0.00001117, -0.00001139, -0.00002816, -0.00003138, -0.00001895, 0.00000287, 0.00002022, 0.00001832, -0.00000274, 0.00000000
0.05624921, 0.02388693, 0.00803312, -0.00152506, -0.00800734, -0.01275438, -0.01643038, -0.01938945, -0.02184167, -0.02392348, -0.02573082, -0.02733524, -0.02879129, -0.03014014, -0.03141229, -0.03263008, -0.03381011, -0.03496514, -0.03610560, -0.04068465, -0.04555277, -0.05080504, -0.05626078, -0.06158467, -0.06638443, -0.07026105, -0.07284519, -0.07383990, -0.07306516, -0.07048971, -0.06623982, -0.06058254, -0.05388877, -0.04658486, -0.03910258, -0.03183506, -0.02510414, -0.01914111, -0.01408094, -0.00996786, -0.00676944, -0.00439579, -0.00272067, -0.00160175, -0.00089795, -0.00048260, -0.00025181, -0.00012809, -0.00005986, -0.00001779, 0.00001091, 0.00002888, 0.00003473, 0.00002775, 0.00001065, -0.00001006, -0.00002578, -0.00002918, -0.00001800, 0.00000225, 0.00001870, 0.00001731, -0.00000232, 0.00000000
-0.10753624, -0.08952361, -0.08116044, -0.07627823, -0.07311362, -0.07085943, -0.06907178, -0.06763584, -0.06647249, -0.06548771, -0.06461169, -0.06381372, -0.06308995, -0.06244576, -0.06188450, -0.06140395, -0.06099747, -0.06065685, -0.06037489, -0.05977920, -0.06010991, -0.06143485, -0.06356428, -0.06615124, -0.06881345, -0.07116092, -0.07279630, -0.07334203, -0.07249468, -0.07008245, -0.06610005, -0.06071101, -0.05421932, -0.04702071, -0.03954585, -0.03220671, -0.02535401, -0.01924958, -0.01405468, -0.00983221, -0.00655978, -0.00414958, -0.00247127, -0.00137452, -0.00070863, -0.00033765, -0.00015002, -0.00006304, -0.00002254, 0.00000113, 0.00001938, 0.00003255, 0.00003678, 0.00002933, 0.00001165, -0.00001008, -0.00002695, -0.00003098, -0.00001945, 0.00000201, 0.00001968, 0.00001839, -0.00000253, 0.00000000
-0.06159492, -0.07583422, -0.08051148, -0.08183383, -0.08181309, -0.08112102, -0.08003045, -0.07879210, -0.07752223, -0.07624334, -0.07496270, -0.07370221, -0.07249310, -0.07136305, -0.07032906, -0.06939725, -0.06856638, -0.06783220, -0.06719076, -0.06554873, -0.06551745, -0.06712831, -0.07007178, -0.07385310, -0.07792416, -0.08170619, -0.08460106, -0.08604683, -0.08560454, -0.08303739, -0.07835204, -0.07179177, -0.06378845, -0.05488940, -0.04567680, -0.03669492, -0.02839473, -0.02110029, -0.01499767, -0.01014180, -0.00647771, -0.00386967, -0.00213319, -0.00106547, -0.00047085, -0.00017947, -0.00005832, -0.00001494, 0.00000519, 0.00002566, 0.00004894, 0.00006674, 0.00006928, 0.00005197, 0.00001853, -0.00001962, -0.00004738, -0.00005234, -0.00003140, 0.00000482, 0.00003341, 0.00003021, -0.00000440, 0.00000000
0.16334745, 0.10143655, 0.07081040, 0.05206987, 0.03921607, 0.02966658, 0.02209022, 0.01588571, 0.01068430, 0.00620344, 0.00223805, -0.00134591, -0.00463200, -0.00767479, -0.01051454, -0.01318464, -0.01571415, -0.01812810, -0.02044709, -0.02903000, -0.03672095, -0.04346911, -0.04910419, -0.05343856, -0.05629180, -0.05753167, -0.05711931, -0.05513402, -0.05176978, -0.04730974, -0.04208911, -0.03645632, -0.03073923, -0.02521985, -0.02011872, -0.01558846, -0.01171501, -0.00852459, -0.00599438, -0.00406520, -0.00265445, -0.00166820, -0.00101146, -0.00059621, -0.00034682, -0.00020304, -0.00012071, -0.00007068, -0.00003633, -0.00001033, 0.00000881, 0.00002001, 0.00002221, 0.00001603, 0.00000434, -0.00000822, -0.00001660, -0.00001721, -0.00000967, 0.00000216, 0.00001096, 0.00000956, -0.00000136, 0.00000000
1.13604995, 0.70412753, 0.50129025, 0.38363481, 0.30717920, 0.25336547, 0.21283552, 0.18131156, 0.15621401, 0.13565443, 0.11831218, 0.10334253, 0.09022198, 0.07860589, 0.06823703, 0.05890161, 0.05041429, 0.04261624, 0.03537614, 0.01026882, -0.01070129, -0.02859139, -0.04386788, -0.05671635, -0.06704391, -0.07461780, -0.07924889, -0.08091080, -0.07977445, -0.07618369, -0.07060581, -0.06357509, -0.05564204, -0.04733098, -0.03910708, -0.03135293, -0.02435452, -0.01829643, -0.01326556, -0.00926217, -0.00621648, -0.00400858, -0.00248952, -0.00150118, -0.00089328, -0.00053600, -0.00032778, -0.00019790, -0.00010464, -0.00002988, 0.00002857, 0.00006524, 0.00007462, 0.00005656, 0.00001881, -0.00002403, -0.00005463, -0.00005941, -0.00003532, 0.00000565, 0.00003796, 0.00003468, -0.00000407, 0.00000000
-0.20335980, -0.13911118, -0.10989671, -0.09355262, -0.08341130, -0.07663865, -0.07178010, -0.06824048, -0.06566053, -0.06375033, -0.06230246, -0.06119459, -0.06036354, -0.05977519, -0.05940438, -0.05922624, -0.05921498, -0.05934569, -0.05959664, -0.06152621, -0.06465960, -0.06877368, -0.07348013, -0.07828120, -0.08270179, -0.08632336, -0.08877353, -0.08973217, -0.08896425, -0.08636017, -0.08196224, -0.07596571, -0.06869444, -0.06055852, -0.05200402, -0.04346425, -0.03531970, -0.02787039, -0.02132186, -0.01578373, -0.01127827, -0.00775614, -0.00511566, -0.00322320, -0.00193191, -0.00109755, -0.00059016, -0.00030145, -0.00014795, -0.00007071, -0.00003225, -0.00001190, -0.00000040, 0.00000516, 0.00000548, 0.00000171, -0.00000361, -0.00000712, -0.00000624, -0.00000104, 0.00000482, 0.00000565, -0.00000057, 0.00000000
-0.08459271, -0.06870372, -0.06171125, -0.05794960, -0.05578754, -0.05449681, -0.05365995, -0.05316752, -0.05295262, -0.05293167, -0.05303753, -0.05323674, -0.05352177, -0.05389585, -0.05436193, -0.05491832, -0.05555881, -0.05627488, -0.05705802, -0.06075469, -0.06527984, -0.07053493, -0.07620315, -0.08182605, -0.08693968, -0.09112253, -0.09399883, -0.09524971, -0.09464507, -0.09208141, -0.08760700, -0.08142357, -0.07386358, -0.06534948, -0.05634420, -0.04730208, -0.03862733, -0.03064445, -0.02358194, -0.01756888, -0.01264217, -0.00876137, -0.00582813, -0.00370699, -0.00224538, -0.00129054, -0.00070271, -0.00036363, -0.00018075, -0.00008759, -0.00004100, -0.00001649, -0.00000263, 0.00000447, 0.00000579, 0.00000245, -0.00000299, -0.00000696, -0.00000652, -0.00000143, 0.00000471, 0.00000587, -0.00000043, 0.00000000
-0.33671156, -0.21275967, -0.15752155, -0.12740919, -0.10926669, -0.09759845, -0.08968167, -0.08427675, -0.08063776, -0.07823209, -0.07670057, -0.07582116, -0.07545844, -0.07552178, -0.07594071, -0.07665433, -0.07760858, -0.07875625, -0.08005740, -0.08622027, -0.09298617, -0.09939360, -0.10459576, -0.10792155, -0.10894122, -0.10746497, -0.10351985, -0.09732536, -0.08926257, -0.07982993, -0.06958743, -0.05909710, -0.04886957, -0.03932395, -0.03076469, -0.02337531, -0.01722623, -0.01229271, -0.00847823, -0.00563959, -0.00361025, -0.00222011, -0.00131036, -0.00074323, -0.00040692, -0.00021665, -0.00011254, -0.00005576, -0.00002358, -0.00000439, 0.00000674, 0.00001157, 0.00001107, 0.00000665, 0.00000050, -0.00000492, -0.00000755, -0.00000655, -0.00000268, 0.00000185, 0.00000425, 0.00000282, -0.00000096, 0.00000000
-0.28824748, -0.18086413, -0.13203017, -0.10471383, -0.08768906, -0.07624982, -0.06803811, -0.06199920, -0.05750152, -0.05408072, -0.05141561, -0.04930766, -0.04764043, -0.04634038, -0.04535261, -0.04462956, -0.04412808, -0.04380998, -0.04364312, -0.04406255, -0.04569440, -0.04812008, -0.05090731, -0.05362182, -0.05590970, -0.05750490, -0.05820665, -0.05787102, -0.05642125, -0.05386305, -0.05029093, -0.04588008, -0.04086533, -0.03551251, -0.03008867, -0.02483612, -0.01995341, -0.01558454, -0.01181603, -0.00868043, -0.00616446, -0.00421981, -0.00277481, -0.00174563, -0.00104589, -0.00059416, -0.00031910, -0.00016232, -0.00007918, -0.00003809, -0.00001861, -0.00000901, -0.00000358, -0.00000026, 0.00000141, 0.00000152, 0.00000057, -0.00000059, -0.00000107, -0.00000051, 0.00000053, 0.00000086, -0.00000021, 0.00000000
0.28820674, 0.16156664, 0.10143879, 0.06627850, 0.04327261, 0.02701837, 0.01479373, 0.00530853, -0.00220980, -0.00831564, -0.01340324, -0.01773807, -0.02149560, -0.02479625, -0.02772920, -0.03036569, -0.03276531, -0.03497854, -0.03704782, -0.04448994, -0.05141426, -0.05823380, -0.06492144, -0.07121956, -0.07672940, -0.08098962, -0.08356338, -0.08412170, -0.08250551, -0.07875443, -0.07310039, -0.06593160, -0.05773751, -0.04904653, -0.04036709, -0.03213974, -0.02470468, -0.01828586, -0.01299086, -0.00882289, -0.00570155, -0.00348828, -0.00201245, -0.00109542, -0.00056998, -0.00029417, -0.00015887, -0.00008965, -0.00004373, -0.00000348, 0.00003208, 0.00005598, 0.00006102, 0.00004508, 0.00001345, -0.00002211, -0.00004722, -0.00005054, -0.00002973, 0.00000485, 0.00003169, 0.00002852, -0.00000392, 0.00000000
-0.03060832, -0.03110843, -0.03194763, -0.03279778, -0.03366501, -0.03451819, -0.03531419, -0.03609512, -0.03688322, -0.03767076, -0.03844898, -0.03922141, -0.04000077, -0.04080120, -0.04163315, -0.04250190, -0.04340857, -0.04435195, -0.04533027, -0.04957783, -0.05437277, -0.05963397, -0.06506953, -0.07027112, -0.07482184, -0.07834105, -0.08050154, -0.08105200, -0.07984740, -0.07687479, -0.07226211, -0.06626557, -0.05923835, -0.05158805, -0.04373126, -0.03605265, -0.02887360, -0.02243280, -0.01687891, -0.01227389, -0.00860447, -0.00579871, -0.00374496, -0.00231060, -0.00135856, -0.00076051, -0.00040596, -0.00020711, -0.00010000, -0.00004259, -0.00001067, 0.00000726, 0.00001533, 0.00001480, 0.00000733, -0.00000363, -0.00001310, -0.00001624, -0.00001088, 0.00000052, 0.00001055, 0.00001032, -0.00000128, 0.00000000
-0.08388150, -0.05405799, -0.04160345, -0.03536196, -0.03201057, -0.03018295, -0.02918781, -0.02873951, -0.02867515, -0.02886938, -0.02923466, -0.02972149, -0.03030687, -0.03098071, -0.03173649, -0.03256707, -0.03346404, -0.03441864, -0.03542290, -0.03983422, -0.04477261, -0.05010997, -0.05557561, -0.06080654, -0.06544069, -0.06915601, -0.07167917, -0.07279657, -0.07237502, -0.07038293, -0.06690137, -0.06211900, -0.05631157, -0.04981065, -0.04296798, -0.03612144, -0.02956710, -0.02353988, -0.01820350, -0.01364962, -0.00990348, -0.00693506, -0.00467301, -0.00301941, -0.00186379, -0.00109510, -0.00061094, -0.00032371, -0.00016376, -0.00007984, -0.00003747, -0.00001595, -0.00000452, 0.00000132, 0.00000314, 0.00000189, -0.00000097, -0.00000338, -0.00000353, -0.00000102, 0.00000232, 0.00000314, -0.00000018, 0.00000000
0.19077801, 0.09541521, 0.05029560, 0.02403348, 0.00688984, -0.00518794, -0.01419654, -0.02115127, -0.02665538, -0.03110801, -0.03478349, -0.03787492, -0.04052173, -0.04282672, -0.04486664, -0.04669951, -0.04836995, -0.04991326, -0.05135841, -0.05660655, -0.06177505, -0.06740978, -0.07354982, -0.07992621, -0.08611740, -0.09161696, -0.09587597, -0.09836707, -0.09866926, -0.09654700, -0.09199778, -0.08525553, -0.07675480, -0.06706412, -0.05680862, -0.04659438, -0.03694659, -0.02826762, -0.02081705, -0.01471187, -0.00994267, -0.00640081, -0.00391083, -0.00226336, -0.00124443, -0.00065857, -0.00034420, -0.00018105, -0.00009044, -0.00002978, 0.00001671, 0.00004883, 0.00006080, 0.00004946, 0.00001890, -0.00001908, -0.00004837, -0.00005497, -0.00003426, 0.00000370, 0.00003484, 0.00003258, -0.00000420, 0.00000000
0.32125248, 0.18063287, 0.11417362, 0.07534986, 0.04984102, 0.03165543, 0.01782421, 0.00689966, -0.00198744, -0.00943453, -0.01585085, -0.02150995, -0.02659662, -0.03124175, -0.03554358, -0.03957910, -0.04340995, -0.04708568, -0.05064595, -0.06426907, -0.07760241, -0.09092337, -0.10399459, -0.11628235, -0.12712057, -0.13582760, -0.14179222, -0.14454994, -0.14384380, -0.13966585, -0.13226512, -0.12212097, -0.10988704, -0.09631715, -0.08218610, -0.06821724, -0.05502519, -0.04307851, -0.03268333, -0.02398606, -0.01699133, -0.01159029, -0.00759420, -0.00476886, -0.00286586, -0.00164820, -0.00090861, -0.00048017, -0.00023972, -0.00010509, -0.00002806, 0.00001517, 0.00003407, 0.00003260, 0.00001543, -0.00000914, -0.00002992, -0.00003644, -0.00002413, 0.00000135, 0.00002362, 0.00002313, -0.00000258, 0.00000000
0.83423885, 0.52803035, 0.38168495, 0.29521161, 0.23793020, 0.19680149, 0.16519343, 0.14009423, 0.11967352, 0.10257104, 0.08782814, 0.07483097, 0.06320032, 0.05268747, 0.04310695, 0.03430428, 0.02614533, 0.01851517, 0.01131918, -0.01434398, -0.03635570, -0.05527254, -0.07123373, -0.08421657, -0.09405192, -0.10053616, -0.10357095, -0.10324802, -0.09986376, -0.09388486, -0.08589125, -0.07651492, -0.06638460, -0.05608070, -0.04610192, -0.03684352, -0.02858695, -0.02149958, -0.01564329, -0.01098980, -0.00744070, -0.00484974, -0.00304495, -0.00184897, -0.00109565, -0.00064197, -0.00037511, -0.00021448, -0.00010952, -0.00003430, 0.00001993, 0.00005266, 0.00006137, 0.00004684, 0.00001577, -0.00001966, -0.00004507, -0.00004914, -0.00002925, 0.00000468, 0.00003147, 0.00002874, -0.00000344, 0.00000000
0.17160638, 0.08926040, 0.04974335, 0.02636476, 0.01084591, -0.00029093, -0.00876492, -0.01544041, -0.02083799, -0.02530934, -0.02909723, -0.03237075, -0.03525055, -0.03782542, -0.04016209, -0.04231209, -0.04431540, -0.04620380, -0.04800309, -0.05469224, -0.06118078, -0.06785110, -0.07465980, -0.08130770, -0.08738048, -0.09242200, -0.09597952, -0.09765527, -0.09716659, -0.09439825, -0.08943016, -0.08253157, -0.07412692, -0.06473941, -0.05492714, -0.04522215, -0.03608097, -0.02785158, -0.02075810, -0.01490179, -0.01027505, -0.00678425, -0.00427700, -0.00256984, -0.00147309, -0.00081075, -0.00043410, -0.00022877, -0.00011586, -0.00004816, -0.00000309, 0.00002601, 0.00003841, 0.00003308, 0.00001309, -0.00001324, -0.00003430, -0.00003961, -0.00002524, 0.00000205, 0.00002496, 0.00002378, -0.00000293, 0.00000000
-0.23239512, -0.20441671, -0.18978061, -0.18015996, -0.17323533, -0.16782413, -0.16319806, -0.15925172, -0.15589296, -0.15294944, -0.15027960, -0.14781985, -0.14556469, -0.14352876, -0.14172117, -0.14013693, -0.13875937, -0.13756673, -0.13653848, -0.13385101, -0.13342365, -0.13525511, -0.13884961, -0.14341628, -0.14814909, -0.15228125, -0.15505476, -0.15574159, -0.15373466, -0.14866002, -0.14045687, -0.12939687, -0.11604135, -0.10115309, -0.08558686, -0.07018125, -0.05566902, -0.04261564, -0.03138882, -0.02215685, -0.01490979, -0.00949619, -0.00566758, -0.00312392, -0.00155452, -0.00067070, -0.00022824, -0.00003911, 0.00002644, 0.00004573, 0.00005481, 0.00006233, 0.00006339, 0.00005110, 0.00002419, -0.00001027, -0.00003899, -0.00004840, -0.00003240, 0.00000140, 0.00003102, 0.00003029, -0.00000386, 0.00000000
-0.07696156, -0.06832090, -0.06557437, -0.06482830, -0.06503874, -0.06571932, -0.06661550, -0.06769368, -0.06892239, -0.07024812, -0.07163318, -0.07306838, -0.07456256, -0.07612837, -0.07777368, -0.07949958, -0.08130198, -0.08317447, -0.08511064, -0.09341157, -0.10248951, -0.11203918, -0.12145992, -0.13002112, -0.13702097, -0.14184922, -0.14401703, -0.14319561, -0.13926330, -0.13233524, -0.12275949, -0.11108017, -0.09797253, -0.08416559, -0.07036613, -0.05719510, -0.04514309, -0.03454733, -0.02558836, -0.01830400, -0.01261421, -0.00835280, -0.00530083, -0.00321781, -0.00186792, -0.00103957, -0.00055761, -0.00028861, -0.00014005, -0.00005488, -0.00000331, 0.00002662, 0.00003800, 0.00003216, 0.00001313, -0.00001105, -0.00002990, -0.00003439, -0.00002145, 0.00000256, 0.00002229, 0.00002070, -0.00000288, 0.00000000
0.10797532, 0.04226029, 0.01262863, -0.00368085, -0.01368068, -0.02026181, -0.02481134, -0.02803699, -0.03035855, -0.03204885, -0.03328934, -0.03420245, -0.03487333, -0.03536350, -0.03571894, -0.03597486, -0.03615860, -0.03629165, -0.03639112, -0.03669360, -0.03720026, -0.03812573, -0.03945440, -0.04103063, -0.04263087, -0.04400816, -0.04492085, -0.04515855, -0.04456786, -0.04307318, -0.04068687, -0.03750620, -0.03369815, -0.02947583, -0.02507137, -0.02070976, -0.01658738, -0.01285710, -0.00962066, -0.00692796, -0.00478196, -0.00314751, -0.00196241, -0.00114887, -0.00062422, -0.00030971, -0.00013684, -0.00005104, -0.00001288, 0.00000292, 0.00001000, 0.00001372, 0.00001477, 0.00001229, 0.00000616, -0.00000201, -0.00000908, -0.00001167, -0.00000809, 0.00000006, 0.00000747, 0.00000757, -0.00000077, 0.00000000
0.14961207, 0.08598572, 0.05228066, 0.03011106, 0.01371551, 0.00058271, -0.01061425, -0.02046697, -0.02933277, -0.03748960, -0.04514087, -0.05241717, -0.05939469, -0.06611744, -0.07261401, -0.07890552, -0.08500934, -0.09093880, -0.09670350, -0.11814872, -0.13670269, -0.15170134, -0.16256655, -0.16894019, -0.17068933, -0.16791935, -0.16098921, -0.15049740, -0.13722956, -0.12207870, -0.10595687, -0.08971490, -0.07408178, -0.05962528, -0.04673821, -0.03564207, -0.02640572, -0.01897331, -0.01319626, -0.00886571, -0.00574228, -0.00358115, -0.00215156, -0.00125022, -0.00070899, -0.00039759, -0.00022215, -0.00012074, -0.00005713, -0.00001366, 0.00001575, 0.00003167, 0.00003378, 0.00002371, 0.00000608, -0.00001222, -0.00002400, -0.00002439, -0.00001327, 0.00000355, 0.00001567, 0.00001331, -0.00000207, 0.00000000
0.19869078, 0.12059455, 0.08325806, 0.06118200, 0.04654825, 0.03603684, 0.02794611, 0.02151370, 0.01628017, 0.01189587, 0.00810791, 0.00475298, 0.00173166, -0.00101930, -0.00354627, -0.00588838, -0.00808068, -0.01015412, -0.01213469, -0.01945740, -0.02610501, -0.03203672, -0.03708561, -0.04106324, -0.04376325, -0.04500788, -0.04471502, -0.04294035, -0.03987797, -0.03582758, -0.03114509, -0.02619225, -0.02129536, -0.01671776, -0.01264629, -0.00918993, -0.00638722, -0.00421929, -0.00262546, -0.00151903, -0.00080163, -0.00037499, -0.00014975, -0.00005104, -0.00002128, -0.00002038, -0.00002420, -0.00002154, -0.00001051, 0.00000517, 0.00001971, 0.00002796, 0.00002723, 0.00001806, 0.00000390, -0.00000999, -0.00001842, -0.00001813, -0.00000950, 0.00000293, 0.00001156, 0.00000960, -0.00000149, 0.00000000
-0.42166315, -0.28320452, -0.21841948, -0.18096366, -0.15678783, -0.13988854, -0.12724970, -0.11754472, -0.10995260, -0.10385420, -0.09882270, -0.09459734, -0.09102451, -0.08800442, -0.08545929, -0.08332043, -0.08152580, -0.08002142, -0.07876286, -0.07561115, -0.07473260, -0.07545307, -0.07706519, -0.07888051, -0.08031500, -0.08088833, -0.08021679, -0.07803831, -0.07424972, -0.06892732, -0.06231572, -0.05478702, -0.04678216, -0.03874925, -0.03109022, -0.02412321, -0.01806289, -0.01301752, -0.00899925, -0.00594329, -0.00373116, -0.00221457, -0.00123666, -0.00064900, -0.00032326, -0.00015773, -0.00007897, -0.00003983, -0.00001479, 0.00000602, 0.00002306, 0.00003298, 0.00003283, 0.00002261, 0.00000585, -0.00001127, -0.00002213, -0.00002229, -0.00001186, 0.00000357, 0.00001434, 0.00001173, -0.00000237, 0.00000000
-0.46871947, -0.32522732, -0.25693093, -0.21669731, -0.19025129, -0.17141608, -0.15704070, -0.14579054, -0.13683091, -0.12950281, -0.12334130, -0.11806376, -0.11350857, -0.10957395, -0.10618039, -0.10325452, -0.10072794, -0.09853894, -0.09663615, -0.09121268, -0.08847132, -0.08772754, -0.08823638, -0.08925051, -0.09014582, -0.09041501, -0.08963499, -0.08747537, -0.08373966, -0.07840378, -0.07162621, -0.06372343, -0.05511896, -0.04628024, -0.03765753, -0.02963490, -0.02249847, -0.01642308, -0.01147486, -0.00762596, -0.00477666, -0.00278051, -0.00146874, -0.00067143, -0.00023357, -0.00002562, 0.00005153, 0.00006631, 0.00005994, 0.00005218, 0.00004827, 0.00004565, 0.00003966, 0.00002751, 0.00001016, -0.00000788, -0.00002040, -0.00002240, -0.00001301, 0.00000271, 0.00001466, 0.00001269, -0.00000235, 0.00000000
0.10565979, 0.04088445, 0.00969226, -0.00896360, -0.02162790, -0.03099910, -0.03845072, -0.04465382, -0.04999072, -0.05472672, -0.05905304, -0.06310108, -0.06695644, -0.07067376, -0.07428904, -0.07782778, -0.08130936, -0.08474905, -0.08815851, -0.10160511, -0.11464033, -0.12671556, -0.13710824, -0.14512431, -0.15017282, -0.15181818, -0.14984374, -0.14429923, -0.13551002, -0.12404158, -0.11062923, -0.09609016, -0.08123525, -0.06679412, -0.05336130, -0.04136632, -0.03106627, -0.02255712, -0.01579820, -0.01064466, -0.00688264, -0.00426299, -0.00253075, -0.00144801, -0.00080980, -0.00045274, -0.00025722, -0.00014444, -0.00006964, -0.00001322, 0.00002869, 0.00005301, 0.00005654, 0.00004034, 0.00001119, -0.00001970, -0.00004009, -0.00004139, -0.00002295, 0.00000564, 0.00002660, 0.00002281, -0.00000361, 0.00000000
0.52104847, 0.31611215, 0.21976866, 0.16382923, 0.12742102, 0.10173243, 0.08239515, 0.06735477, 0.05535991, 0.04552119, 0.03722980, 0.03009316, 0.02385818, 0.01834974, 0.01343391, 0.00900077, 0.00495802, 0.00122889, -0.00224905, -0.01448928, -0.02518916, -0.03510949, -0.04455750, -0.05353327, -0.06182126, -0.06909721, -0.07501257, -0.07925127, -0.08157111, -0.08183575, -0.08003795, -0.07630790, -0.07090426, -0.06418797, -0.05658578, -0.04854611, -0.04049780, -0.03281494, -0.02579203, -0.01963095, -0.01443932, -0.01023849, -0.00697864, -0.00455799, -0.00284326, -0.00168895, -0.00095359, -0.00051175, -0.00026127, -0.00012607, -0.00005490, -0.00001732, 0.00000204, 0.00000961, 0.00000822, 0.00000075, -0.00000831, -0.00001359, -0.00001122, -0.00000167, 0.00000877, 0.00001037, -0.00000037, 0.00000000
-0.25987761, -0.24567882, -0.23642340, -0.22938316, -0.22397935, -0.21963389, -0.21593170, -0.21294047, -0.21063485, -0.20887648, -0.20755462, -0.20663330, -0.20612426, -0.20604804, -0.20641162, -0.20720402, -0.20840179, -0.20997695, -0.21190317, -0.22275944, -0.23806731, -0.25667880, -0.27672831, -0.29605897, -0.31261068, -0.32457514, -0.33048593, -0.32933650, -0.32070180, -0.30480440, -0.28248861, -0.25510360, -0.22432317, -0.19194071, -0.15967553, -0.12901669, -0.10111891, -0.07675330, -0.05630835, -0.03982988, -0.02708774, -0.01765584, -0.01099396, -0.00652246, -0.00368336, -0.00198443, -0.00102541, -0.00050749, -0.00022881, -0.00006966, 0.00002831, 0.00008489, 0.00010229, 0.00008135, 0.00003108, -0.00002922, -0.00007460, -0.00008402, -0.00005126, 0.00000733, 0.00005441, 0.00004966, -0.00000729, 0.00000000
-0.53983039, -0.36176302, -0.28101535, -0.23618678, -0.20869194, -0.19065821, -0.17815293, -0.16942950, -0.16341464, -0.15931260, -0.15658121, -0.15488874, -0.15403707, -0.15389462, -0.15435705, -0.15533141, -0.15673301, -0.15848688, -0.16052921, -0.17066491, -0.18245740, -0.19427808, -0.20456409, -0.21197354, -0.21553703, -0.21467852, -0.20919922, -0.19926466, -0.18538011, -0.16833450, -0.14911019, -0.12877227, -0.10835732, -0.08877920, -0.07076326, -0.05481275, -0.04120520, -0.03001302, -0.02114020, -0.01436743, -0.00939887, -0.00590461, -0.00355635, -0.00205358, -0.00114028, -0.00061289, -0.00032081, -0.00016143, -0.00007158, -0.00001742, 0.00001582, 0.00003276, 0.00003472, 0.00002402, 0.00000569, -0.00001298, -0.00002459, -0.00002436, -0.00001262, 0.00000431, 0.00001583, 0.00001267, -0.00000274, 0.00000000
0.09308299, 0.02536187, -0.00784196, -0.02799959, -0.04188598, -0.05227962, -0.06053395, -0.06740533, -0.07333698, -0.07859881, -0.08337317, -0.08779723, -0.09197892, -0.09600112, -0.09992446, -0.10379031, -0.10762736, -0.11145450, -0.11528537, -0.13082946, -0.14694407, -0.16343671, -0.17956490, -0.19431501, -0.20664985, -0.21563097, -0.22048688, -0.22068488, -0.21599856, -0.20655857, -0.19285152, -0.17567014, -0.15602242, -0.13501882, -0.11375781, -0.09322667, -0.07422835, -0.05733932, -0.04289782, -0.03101815, -0.02162437, -0.01449587, -0.00931747, -0.00572809, -0.00336291, -0.00188623, -0.00101340, -0.00052186, -0.00025244, -0.00010295, -0.00001655, 0.00003241, 0.00005242, 0.00004664, 0.00002075, -0.00001399, -0.00004230, -0.00005029, -0.00003245, 0.00000271, 0.00003260, 0.00003114, -0.00000393, 0.00000000
-0.04689455, -0.04867565, -0.05132422, -0.05406108, -0.05681645, -0.05951893, -0.06210400, -0.06464944, -0.06719673, -0.06973454, -0.07224988, -0.07475200, -0.07726663, -0.07982174, -0.08243792, -0.08512565, -0.08788714, -0.09071996, -0.09362023, -0.10585239, -0.11906730, -0.13301599, -0.14701813, -0.16015902, -0.17151437, -0.18024790, -0.18565210, -0.18719817, -0.18460091, -0.17787180, -0.16733507, -0.15359741, -0.13747746, -0.11991110, -0.10185099, -0.08417521, -0.06761914, -0.05273071, -0.03985473, -0.02913982, -0.02056370, -0.01397007, -0.00911092, -0.00568850, -0.00339281, -0.00193151, -0.00105086, -0.00054735, -0.00027086, -0.00012087, -0.00003781, 0.00000831, 0.00002959, 0.00003058, 0.00001565, -0.00000742, -0.00002772, -0.00003471, -0.00002342, 0.00000099, 0.00002267, 0.00002232, -0.00000271, 0.00000000
0.17992542, 0.07568362, 0.02613194, -0.00292219, -0.02210831, -0.03583455, -0.04625552, -0.05449505, -0.06122189, -0.06686950, -0.07173228, -0.07601862, -0.07988111, -0.08343345, -0.08676000, -0.08992412, -0.09297278, -0.09594177, -0.09885912, -0.11041168, -0.12235862, -0.13488405, -0.14756455, -0.15963514, -0.17021877, -0.17845247, -0.18356669, -0.18496349, -0.18229985, -0.17554438, -0.16499530, -0.15124782, -0.13512057, -0.11755709, -0.09952138, -0.08190369, -0.06544746, -0.05070459, -0.03801786, -0.02752789, -0.01919986, -0.01286225, -0.00825124, -0.00505486, -0.00295222, -0.00164456, -0.00087663, -0.00044794, -0.00021498, -0.00008600, -0.00001066, 0.00003285, 0.00005082, 0.00004504, 0.00002021, -0.00001323, -0.00004068, -0.00004866, -0.00003165, 0.00000231, 0.00003141, 0.00003024, -0.00000367, 0.00000000
0.20812476, 0.10761289, 0.06000301, 0.03212136, 0.01372304, 0.00054420, -0.00953213, -0.01755266, -0.02413901, -0.02971328, -0.03456589, -0.03889350, -0.04282996, -0.04646946, -0.04988119, -0.05311803, -0.05622131, -0.05922365, -0.06215077, -0.07344242, -0.08444515, -0.09517391, -0.10528200, -0.11425611, -0.12154383, -0.12663533, -0.12912366, -0.12875586, -0.12547107, -0.11941788, -0.11094190, -0.10055011, -0.08885412, -0.07650574, -0.06413403, -0.05229257, -0.04142181, -0.03182885, -0.02368390, -0.01703073, -0.01180745, -0.00787339, -0.00503810, -0.00308898, -0.00181502, -0.00102491, -0.00055890, -0.00029417, -0.00014489, -0.00005767, -0.00000435, 0.00002659, 0.00003836, 0.00003251, 0.00001327, -0.00001117, -0.00003030, -0.00003493, -0.00002192, 0.00000242, 0.00002258, 0.00002120, -0.00000268, 0.00000000
0.13577579, 0.07263786, 0.04162289, 0.02281427, 0.00998226, 0.00052577, -0.00684411, -0.01280052, -0.01774578, -0.02194186, -0.02556929, -0.02875983, -0.03161340, -0.03420642, -0.03659670, -0.03882747, -0.04093127, -0.04293340, -0.04485464, -0.05206887, -0.05915918, -0.06658570, -0.07434402, -0.08213550, -0.08952178, -0.09599149, -0.10099904, -0.10402538, -0.10466109, -0.10268485, -0.09811102, -0.09119364, -0.08238927, -0.07229109, -0.06155007, -0.05079864, -0.04058767, -0.03134361, -0.02334746, -0.01673415, -0.01150813, -0.00757012, -0.00474951, -0.00283739, -0.00161643, -0.00088468, -0.00047185, -0.00024775, -0.00012354, -0.00004720, 0.00000504, 0.00003895, 0.00005253, 0.00004426, 0.00001807, -0.00001552, -0.00004204, -0.00004865, -0.00003077, 0.00000298, 0.00003108, 0.00002934, -0.00000374, 0.00000000
0.83512208, 0.51407832, 0.36366689, 0.27662481, 0.22021234, 0.18060367, 0.15082190, 0.12770454, 0.10934373, 0.09433153, 0.08168270, 0.07077376, 0.06122615, 0.05279551, 0.04530024, 0.03858767, 0.03252360, 0.02699205, 0.02189727, 0.00466202, -0.00885578, -0.01925898, -0.02691150, -0.03212081, -0.03506800, -0.03588365, -0.03477076, -0.03206394, -0.02820851, -0.02369444, -0.01898463, -0.01446162, -0.01040060, -0.00696597, -0.00422411, -0.00216461, -0.00072375, 0.00019368, 0.00069651, 0.00089361, 0.00088468, 0.00075459, 0.00057057, 0.00038161, 0.00021932, 0.00010002, 0.00002749, -0.00000373, -0.00000492, 0.00001022, 0.00002862, 0.00004029, 0.00003987, 0.00002722, 0.00000681, -0.00001396, -0.00002724, -0.00002775, -0.00001535, 0.00000362, 0.00001759, 0.00001542, -0.00000177, 0.00000000
0.20603800, 0.10776748, 0.06070403, 0.03284348, 0.01429100, 0.00090076, -0.00943513, -0.01772315, -0.02455760, -0.03036344, -0.03544572, -0.04001122, -0.04419568, -0.04809008, -0.05175980, -0.05525571, -0.05861969, -0.06188667, -0.06508541, -0.07756640, -0.08986628, -0.10179778, -0.11282455, -0.12229423, -0.12953926, -0.13396583, -0.13514950, -0.13291240, -0.12735885, -0.11886266, -0.10801365, -0.09553892, -0.08221585, -0.06879117, -0.05591615, -0.04410315, -0.03370435, -0.02491073, -0.01776714, -0.01219844, -0.00804179, -0.00508026, -0.00307431, -0.00178816, -0.00100974, -0.00056336, -0.00031546, -0.00017422, -0.00008456, -0.00001991, 0.00002740, 0.00005558, 0.00006131, 0.00004517, 0.00001390, -0.00002045, -0.00004410, -0.00004674, -0.00002680, 0.00000552, 0.00003002, 0.00002641, -0.00000388, 0.00000000
0.31523339, 0.19161730, 0.13217227, 0.09672352, 0.07294070, 0.05560258, 0.04204732, 0.03106352, 0.02192357, 0.01408977, 0.00718260, 0.00095930, -0.00472848, -0.00997579, -0.01485171, -0.01941288, -0.02370811, -0.02777901, -0.03165945, -0.04568978, -0.05768628, -0.06763588, -0.07541676, -0.08092139, -0.08405705, -0.08478505, -0.08317523, -0.07943470, -0.07389974, -0.06700019, -0.05921151, -0.05100726, -0.04281902, -0.03500918, -0.02785411, -0.02153933, -0.01616348, -0.01174819, -0.00825257, -0.00558967, -0.00364307, -0.00228247, -0.00137688, -0.00080513, -0.00046297, -0.00026711, -0.00015630, -0.00008989, -0.00004461, -0.00001022, 0.00001531, 0.00003027, 0.00003291, 0.00002387, 0.00000700, -0.00001120, -0.00002350, -0.00002467, -0.00001402, 0.00000300, 0.00001582, 0.00001393, -0.00000190, 0.00000000
-0.26489330, -0.18866569, -0.15329279, -0.13302500, -0.12011417, -0.11121031, -0.10462811, -0.09966625, -0.09588064, -0.09291996, -0.09054229, -0.08860743, -0.08704002, -0.08579426, -0.08483316, -0.08412110, -0.08362362, -0.08330964, -0.08315341, -0.08378526, -0.08603960, -0.08948072, -0.09350568, -0.09745139, -0.10070768, -0.10274010, -0.10310153, -0.10147063, -0.09770121, -0.09185362, -0.08419114, -0.07514141, -0.06523432, -0.05503142, -0.04506054, -0.03576510, -0.02747256, -0.02038235, -0.01457075, -0.01000824, -0.00658457, -0.00413687, -0.00247692, -0.00141468, -0.00077638, -0.00041641, -0.00022300, -0.00011864, -0.00005622, -0.00001250, 0.00001974, 0.00003945, 0.00004378, 0.00003260, 0.00001038, -0.00001430, -0.00003142, -0.00003344, -0.00001915, 0.00000405, 0.00002153, 0.00001873, -0.00000311, 0.00000000
0.71332404, 0.42116483, 0.28449374, 0.20552799, 0.15433952, 0.11837872, 0.09137871, 0.07039795, 0.05367296, 0.03994999, 0.02836112, 0.01834270, 0.00953413, 0.00169129, -0.00536825, -0.01179269, -0.01770688, -0.02321563, -0.02840502, -0.04711804, -0.06397572, -0.07967027, -0.09425429, -0.10743451, -0.11868665, -0.12740278, -0.13304031, -0.13523505, -0.13386525, -0.12906985, -0.12122916, -0.11091701, -0.09883491, -0.08573848, -0.07236630, -0.05937914, -0.04731520, -0.03656390, -0.02735829, -0.01978365, -0.01379876, -0.00926518, -0.00598026, -0.00370954, -0.00221538, -0.00127950, -0.00071819, -0.00038998, -0.00019633, -0.00007686, -0.00000072, 0.00004385, 0.00005970, 0.00004912, 0.00001897, -0.00001818, -0.00004657, -0.00005287, -0.00003282, 0.00000385, 0.00003398, 0.00003188, -0.00000375, 0.00000000
0.21590733, 0.11984915, 0.07469726, 0.04857306, 0.03167035, 0.01985912, 0.01104842, 0.00426767, -0.00106252, -0.00536655, -0.00894777, -0.01200589, -0.01466714, -0.01701437, -0.01910796, -0.02099700, -0.02272371, -0.02432449, -0.02582976, -0.03129766, -0.03630450, -0.04092664, -0.04503460, -0.04842851, -0.05086210, -0.05209291, -0.05195084, -0.05038876, -0.04749824, -0.04349302, -0.03867183, -0.03337360, -0.02793480, -0.02265533, -0.01777546, -0.01346422, -0.00981781, -0.00686578, -0.00458248, -0.00290140, -0.00173026, -0.00096514, -0.00050253, -0.00024854, -0.00012501, -0.00007248, -0.00005048, -0.00003564, -0.00001821, 0.00000218, 0.00002096, 0.00003252, 0.00003320, 0.00002294, 0.00000554, -0.00001250, -0.00002415, -0.00002455, -0.00001351, 0.00000330, 0.00001553, 0.00001335, -0.00000197, 0.00000000
0.40779581, 0.24702359, 0.16970162, 0.12358748, 0.09265036, 0.07008016, 0.05241347, 0.03808564, 0.02615110, 0.01590492, 0.00685065, -0.00132501, -0.00880933, -0.01571979, -0.02214118, -0.02814345, -0.03378726, -0.03912413, -0.04419529, -0.06228874, -0.07715568, -0.08862807, -0.09655049, -0.10090763, -0.10178573, -0.09939888, -0.09413223, -0.08654133, -0.07730034, -0.06712309, -0.05668428, -0.04655921, -0.03718878, -0.02886870, -0.02175746, -0.01589648, -0.01123631, -0.00766412, -0.00502927, -0.00316499, -0.00190537, -0.00109755, -0.00060941, -0.00033341, -0.00018742, -0.00011312, -0.00007282, -0.00004536, -0.00002165, -0.00000022, 0.00001658, 0.00002574, 0.00002568, 0.00001729, 0.00000396, -0.00000933, -0.00001757, -0.00001753, -0.00000940, 0.00000261, 0.00001117, 0.00000952, -0.00000126, 0.00000000
0.02376278, -0.01439676, -0.03208239, -0.04212784, -0.04856627, -0.05303496, -0.05626830, -0.05872067, -0.06066386, -0.06224409, -0.06354888, -0.06464619, -0.06559670, -0.06645140, -0.06724985, -0.06801913, -0.06877644, -0.06953229, -0.07029361, -0.07350610, -0.07725342, -0.08171807, -0.08673435, -0.09190698, -0.09677541, -0.10088281, -0.10379063, -0.10509938, -0.10449261, -0.10178910, -0.09698111, -0.09024474, -0.08191958, -0.07246446, -0.06239987, -0.05224869, -0.04248427, -0.03349192, -0.02554644, -0.01880550, -0.01331641, -0.00903308, -0.00583897, -0.00357247, -0.00205133, -0.00109382, -0.00053484, -0.00023655, -0.00009331, -0.00003167, -0.00000661, 0.00000487, 0.00001109, 0.00001285, 0.00000915, 0.00000076, -0.00000871, -0.00001410, -0.00001158, -0.00000175, 0.00000880, 0.00001020, -0.00000079, 0.00000000
0.59446834, 0.36368018, 0.25429193, 0.19019593, 0.14808478, 0.11809194, 0.09523049, 0.07721775, 0.06267359, 0.05058238, 0.04023068, 0.03116046, 0.02308739, 0.01582447, 0.00923261, 0.00319661, -0.00238307, -0.00759143, -0.01249832, -0.03000899, -0.04509671, -0.05810385, -0.06904142, -0.07779990, -0.08417452, -0.08795749, -0.08904843, -0.08751960, -0.08362321, -0.07775753, -0.07041373, -0.06211993, -0.05339188, -0.04469448, -0.03641521, -0.02884904, -0.02219353, -0.01655249, -0.01194635, -0.00832717, -0.00559633, -0.00362307, -0.00226197, -0.00136829, -0.00080993, -0.00047564, -0.00027929, -0.00016045, -0.00008197, -0.00002525, 0.00001561, 0.00003998, 0.00004604, 0.00003465, 0.00001110, -0.00001534, -0.00003398, -0.00003658, -0.00002149, 0.00000374, 0.00002339, 0.00002115, -0.00000261, 0.00000000
0.29001810, 0.17807129, 0.12504481, 0.09403015, 0.07371583, 0.05931055, 0.04840586, 0.03988905, 0.03308572, 0.02750405, 0.02279916, 0.01874668, 0.01520364, 0.01207332, 0.00928275, 0.00677157, 0.00448797, 0.00238760, 0.00043349, -0.00642805, -0.01242486, -0.01794411, -0.02310698, -0.02787977, -0.03211101, -0.03558827, -0.03810151, -0.03949331, -0.03968894, -0.03870767, -0.03665840, -0.03372381, -0.03013702, -0.02615500, -0.02203237, -0.01799890, -0.01424273, -0.01090040, -0.00805370, -0.00573259, -0.00392275, -0.00257618, -0.00162302, -0.00098331, -0.00057709, -0.00033239, -0.00019033, -0.00010747, -0.00005558, -0.00001946, 0.00000661, 0.00002291, 0.00002809, 0.00002210, 0.00000779, -0.00000915, -0.00002166, -0.00002398, -0.00001455, 0.00000201, 0.00001529, 0.00001412, -0.00000173, 0.00000000
-0.37905886, -0.25522842, -0.19990352, -0.16974881, -0.15167840, -0.14019551, -0.13254423, -0.12748875, -0.12427855, -0.12236451, -0.12137002, -0.12105955, -0.12128756, -0.12195469, -0.12298187, -0.12429934, -0.12584401, -0.12755975, -0.12939809, -0.13725138, -0.14469799, -0.15054595, -0.15387679, -0.15409081, -0.15094886, -0.14453847, -0.13521205, -0.12352195, -0.11015272, -0.09584910, -0.08134391, -0.06729436, -0.05423452, -0.04254812, -0.03246211, -0.02405770, -0.01729394, -0.01203821, -0.00809862, -0.00525414, -0.00327983, -0.00196580, -0.00112943, -0.00062162, -0.00032784, -0.00016556, -0.00007925, -0.00003440, -0.00001136, 0.00000002, 0.00000462, 0.00000498, 0.00000291, 0.00000008, -0.00000204, -0.00000254, -0.00000145, 0.00000037, 0.00000160, 0.00000133, -0.00000020, -0.00000133, -0.00000045, 0.00000000
0.35879530, 0.20428971, 0.13210996, 0.09054141, 0.06370261, 0.04496288, 0.03101337, 0.02027109, 0.01179469, 0.00492719, -0.00078709, -0.00565091, -0.00986410, -0.01356450, -0.01685448, -0.01981518, -0.02251337, -0.02500457, -0.02733462, -0.03568753, -0.04338364, -0.05093351, -0.05839363, -0.06556516, -0.07209063, -0.07753011, -0.08143766, -0.08343756, -0.08329025, -0.08093539, -0.07650447, -0.07030261, -0.06276594, -0.05440467, -0.04574283, -0.03726405, -0.02936996, -0.02235448, -0.01639434, -0.01155404, -0.00780189, -0.00503309, -0.00309585, -0.00181701, -0.00102426, -0.00056330, -0.00030870, -0.00016872, -0.00008460, -0.00002557, 0.00001893, 0.00004791, 0.00005706, 0.00004499, 0.00001650, -0.00001740, -0.00004266, -0.00004763, -0.00002901, 0.00000397, 0.00003049, 0.00002808, -0.00000363, 0.00000000
0.18843649, 0.12255468, 0.09160685, 0.07366325, 0.06203622, 0.05388688, 0.04777080, 0.04304991, 0.03933882, 0.03634523, 0.03386113, 0.03175475, 0.02994698, 0.02838738, 0.02703839, 0.02586771, 0.02484607, 0.02394740, 0.02314950, 0.02066561, 0.01895224, 0.01779384, 0.01703885, 0.01655922, 0.01627413, 0.01613817, 0.01611167, 0.01614087, 0.01615543, 0.01607834, 0.01583967, 0.01538833, 0.01469896, 0.01377343, 0.01263822, 0.01133883, 0.00993298, 0.00848357, 0.00705226, 0.00569426, 0.00445455, 0.00336548, 0.00244594, 0.00170165, 0.00112663, 0.00070531, 0.00041533, 0.00023040, 0.00012330, 0.00006843, 0.00004395, 0.00003327, 0.00002564, 0.00001599, 0.00000399, -0.00000757, -0.00001487, -0.00001509, -0.00000823, 0.00000213, 0.00000960, 0.00000819, -0.00000120, 0.00000000
0.33751014, 0.18516600, 0.11314428, 0.07111029, 0.04356059, 0.02400406, 0.00919390, -0.00243107, -0.01180282, -0.01957519, -0.02620453, -0.03199571, -0.03715043, -0.04180775, -0.04607056, -0.05002015, -0.05372313, -0.05723449, -0.06059920, -0.07319467, -0.08513786, -0.09665074, -0.10747866, -0.11713722, -0.12504036, -0.13060573, -0.13335249, -0.13298186, -0.12942844, -0.12287513, -0.11373049, -0.10257850, -0.09010898, -0.07704159, -0.06405702, -0.05174095, -0.04054617, -0.03077551, -0.02258128, -0.01598071, -0.01088108, -0.00711097, -0.00445233, -0.00267056, -0.00153945, -0.00085959, -0.00046953, -0.00024995, -0.00012189, -0.00004046, 0.00001424, 0.00004710, 0.00005726, 0.00004516, 0.00001646, -0.00001751, -0.00004268, -0.00004751, -0.00002880, 0.00000414, 0.00003052, 0.00002800, -0.00000367, 0.00000000
-0.07932690, -0.07486179, -0.07398416, -0.07425843, -0.07507601, -0.07614815, -0.07733482, -0.07862826, -0.08001171, -0.08145755, -0.08295223, -0.08449891, -0.08610779, -0.08778747, -0.08954133, -0.09136789, -0.09326266, -0.09521999, -0.09723424, -0.10575657, -0.11472621, -0.12355460, -0.13148412, -0.13775926, -0.14173747, -0.14294346, -0.14110786, -0.13619681, -0.12841975, -0.11820612, -0.10615259, -0.09295158, -0.07931466, -0.06590336, -0.05327585, -0.04185365, -0.03190850, -0.02356686, -0.01682777, -0.01158927, -0.00767864, -0.00488269, -0.00297486, -0.00173719, -0.00097627, -0.00053270, -0.00028486, -0.00014772, -0.00006800, -0.00001721, 0.00001635, 0.00003520, 0.00003893, 0.00002860, 0.00000873, -0.00001300, -0.00002785, -0.00002938, -0.00001668, 0.00000368, 0.00001892, 0.00001643, -0.00000264, 0.00000000
0.14213474, 0.07059298, 0.03520564, 0.01350446, -0.00151662, -0.01280811, -0.02184684, -0.02938108, -0.03586098, -0.04159124, -0.04678335, -0.05158505, -0.05610113, -0.06040751, -0.06456007, -0.06860034, -0.07255939, -0.07646057, -0.08032145, -0.09557768, -0.11072280, -0.12556607, -0.13953446, -0.15188315, -0.16186152, -0.16881261, -0.17223667, -0.17184233, -0.16758527, -0.15968342, -0.14860065, -0.13499959, -0.11967169, -0.10345697, -0.08716603, -0.07151435, -0.05707539, -0.04425500, -0.03328634, -0.02424210, -0.01705965, -0.01157374, -0.00755221, -0.00473027, -0.00284032, -0.00163518, -0.00090376, -0.00047910, -0.00023966, -0.00010511, -0.00002840, 0.00001397, 0.00003190, 0.00003000, 0.00001343, -0.00000960, -0.00002855, -0.00003393, -0.00002195, 0.00000178, 0.00002203, 0.00002114, -0.00000257, 0.00000000
0.32701739, 0.18138909, 0.11210031, 0.07136260, 0.04445738, 0.02519153, 0.01043899, -0.00127349, -0.01082674, -0.01885433, -0.02580352, -0.03196908, -0.03753973, -0.04264107, -0.04736457, -0.05178306, -0.05595727, -0.05993787, -0.06376594, -0.07806828, -0.09122355, -0.10315482, -0.11347271, -0.12170616, -0.12738041, -0.13010151, -0.12964428, -0.12601047, -0.11944140, -0.11038852, -0.09945533, -0.08732579, -0.07469254, -0.06219490, -0.05037213, -0.03963459, -0.03025230, -0.02235868, -0.01596606, -0.01098915, -0.00727246, -0.00461838, -0.00281305, -0.00164809, -0.00093676, -0.00052439, -0.00029296, -0.00016071, -0.00007782, -0.00001948, 0.00002238, 0.00004715, 0.00005245, 0.00003890, 0.00001223, -0.00001729, -0.00003780, -0.00004033, -0.00002334, 0.00000453, 0.00002586, 0.00002297, -0.00000320, 0.00000000
-0.27763946, -0.21631632, -0.18647392, -0.16836646, -0.15614275, -0.14718724, -0.14003110, -0.13420934, -0.12943381, -0.12539705, -0.12185509, -0.11867139, -0.11579190, -0.11320028, -0.11088553, -0.10882827, -0.10699936, -0.10536695, -0.10390070, -0.09933720, -0.09669810, -0.09607111, -0.09720074, -0.09957186, -0.10266832, -0.10600989, -0.10907771, -0.11128273, -0.11202132, -0.11078231, -0.10725094, -0.10137101, -0.09335166, -0.08362520, -0.07277289, -0.06143830, -0.05024526, -0.03973207, -0.03030816, -0.02223418, -0.01562333, -0.01045886, -0.00662240, -0.00392723, -0.00215165, -0.00106860, -0.00046890, -0.00017694, -0.00005850, -0.00002171, -0.00001237, -0.00000566, 0.00000397, 0.00001254, 0.00001459, 0.00000831, -0.00000291, -0.00001213, -0.00001291, -0.00000397, 0.00000803, 0.00001100, -0.00000066, 0.00000000
0.95740613, 0.59068711, 0.41822014, 0.31801308, 0.25275910, 0.20671480, 0.17193224, 0.14477616, 0.12305458, 0.10516365, 0.08998301, 0.07679759, 0.06516573, 0.05479776, 0.04547813, 0.03702791, 0.02929222, 0.02213863, 0.01545813, -0.00794667, -0.02763866, -0.04436688, -0.05842071, -0.06989404, -0.07868344, -0.08460463, -0.08754620, -0.08756498, -0.08490568, -0.07996918, -0.07325868, -0.06532336, -0.05670916, -0.04791988, -0.03938897, -0.03146125, -0.02438400, -0.01830632, -0.01328591, -0.00930166, -0.00627052, -0.00406658, -0.00254049, -0.00153740, -0.00091189, -0.00053891, -0.00032032, -0.00018681, -0.00009607, -0.00002777, 0.00002329, 0.00005456, 0.00006246, 0.00004737, 0.00001585, -0.00001990, -0.00004546, -0.00004950, -0.00002944, 0.00000473, 0.00003170, 0.00002898, -0.00000340, 0.00000000
-0.35608594, -0.25939096, -0.21502329, -0.18988431, -0.17412886, -0.16348909, -0.15572498, -0.15000483, -0.14581481, -0.14269811, -0.14032014, -0.13849305, -0.13713229, -0.13620013, -0.13566787, -0.13550066, -0.13565701, -0.13609417, -0.13677397, -0.14144540, -0.14881722, -0.15849898, -0.16963310, -0.18107349, -0.19169962, -0.20049880, -0.20655071, -0.20905439, -0.20741756, -0.20136021, -0.19098030, -0.17675509, -0.15947882, -0.14015605, -0.11987593, -0.09969120, -0.08051936, -0.06307551, -0.04783953, -0.03505458, -0.02475070, -0.01678548, -0.01089350, -0.00673744, -0.00395479, -0.00219621, -0.00115332, -0.00057508, -0.00027378, -0.00012207, -0.00004363, -0.00000020, 0.00002264, 0.00002814, 0.00001807, -0.00000207, -0.00002232, -0.00003158, -0.00002328, -0.00000084, 0.00002075, 0.00002162, -0.00000253, 0.00000000
-0.04434980, -0.05589066, -0.06095983, -0.06356458, -0.06510042, -0.06601253, -0.06649481, -0.06676047, -0.06690653, -0.06694664, -0.06688680, -0.06675324, -0.06658425, -0.06641482, -0.06626813, -0.06615485, -0.06607721, -0.06603387, -0.06602380, -0.06638428, -0.06772014, -0.07030255, -0.07398773, -0.07840300, -0.08309889, -0.08755718, -0.09118224, -0.09335587, -0.09354462, -0.09140989, -0.08687819, -0.08015308, -0.07167313, -0.06203357, -0.05189336, -0.04188675, -0.03255307, -0.02429153, -0.01734235, -0.01179119, -0.00759133, -0.00459687, -0.00260044, -0.00136974, -0.00067876, -0.00033084, -0.00017257, -0.00009862, -0.00004881, 0.00000055, 0.00004874, 0.00008341, 0.00009205, 0.00007007, 0.00002430, -0.00002827, -0.00006628, -0.00007260, -0.00004324, 0.00000692, 0.00004621, 0.00004162, -0.00000604, 0.00000000
0.08932665, 0.03998696, 0.01671771, 0.00317091, -0.00572099, -0.01206270, -0.01685682, -0.02063491, -0.02371912, -0.02631300, -0.02854885, -0.03051838, -0.03228980, -0.03391571, -0.03543654, -0.03688265, -0.03827641, -0.03963420, -0.04096827, -0.04623661, -0.05166522, -0.05739694, -0.06330629, -0.06909217, -0.07439010, -0.07883381, -0.08208198, -0.08384186, -0.08390056, -0.08215716, -0.07864380, -0.07352792, -0.06709449, -0.05971267, -0.05179392, -0.04374922, -0.03595152, -0.02870761, -0.02224137, -0.01668821, -0.01209934, -0.00845352, -0.00567350, -0.00364444, -0.00223215, -0.00129911, -0.00071714, -0.00037613, -0.00018873, -0.00009124, -0.00004169, -0.00001574, -0.00000162, 0.00000510, 0.00000582, 0.00000198, -0.00000372, -0.00000765, -0.00000692, -0.00000140, 0.00000508, 0.00000628, -0.00000033, 0.00000000
-0.07356557, -0.05762052, -0.05191219, -0.04971829, -0.04915460, -0.04940234, -0.05003040, -0.05093216, -0.05204192, -0.05327834, -0.05458149, -0.05592942, -0.05732707, -0.05878829, -0.06032377, -0.06193685, -0.06362465, -0.06538119, -0.06720041, -0.07505291, -0.08386888, -0.09358363, -0.10375297, -0.11370404, -0.12272716, -0.13014727, -0.13534715, -0.13780767, -0.13717612, -0.13332964, -0.12640876, -0.11680739, -0.10512274, -0.09207879, -0.07844002, -0.06493069, -0.05217047, -0.04063230, -0.03062369, -0.02228900, -0.01562833, -0.01052739, -0.00679264, -0.00418688, -0.00246117, -0.00138051, -0.00074181, -0.00038375, -0.00018941, -0.00008277, -0.00002108, 0.00001505, 0.00003175, 0.00003070, 0.00001505, -0.00000789, -0.00002760, -0.00003401, -0.00002264, 0.00000123, 0.00002212, 0.00002154, -0.00000269, 0.00000000
0.17165926, 0.09460141, 0.05755627, 0.03549381, 0.02069851, 0.00992425, 0.00154017, -0.00523859, -0.01088184, -0.01571914, -0.01998019, -0.02381844, -0.02733555, -0.03060150, -0.03366775, -0.03657434, -0.03935347, -0.04203109, -0.04462788, -0.05447116, -0.06372058, -0.07237372, -0.08019339, -0.08684441, -0.09197241, -0.09526184, -0.09648260, -0.09552535, -0.09242221, -0.08734948, -0.08061170, -0.07261043, -0.06380242, -0.05465647, -0.04561129, -0.03704301, -0.02924286, -0.02240635, -0.01663393, -0.01193974, -0.00826727, -0.00550844, -0.00352359, -0.00216027, -0.00126911, -0.00071586, -0.00038898, -0.00020301, -0.00009826, -0.00003754, -0.00000105, 0.00001955, 0.00002681, 0.00002208, 0.00000844, -0.00000846, -0.00002143, -0.00002433, -0.00001513, 0.00000172, 0.00001557, 0.00001457, -0.00000183, 0.00000000
0.31655549, 0.19591097, 0.13807194, 0.10380438, 0.08105235, 0.06468923, 0.05213709, 0.04220037, 0.03414900, 0.02744934, 0.02172619, 0.01673380, 0.01231350, 0.00835643, 0.00477987, 0.00151557, -0.00149468, -0.00430035, -0.00694254, -0.01644325, -0.02498432, -0.03299145, -0.04054548, -0.04752232, -0.05366119, -0.05864289, -0.06216637, -0.06400872, -0.06406352, -0.06235735, -0.05904639, -0.05439618, -0.04874956, -0.04248835, -0.03599475, -0.02961736, -0.02364530, -0.01829229, -0.01369094, -0.00989599, -0.00689481, -0.00462241, -0.00297877, -0.00184602, -0.00110367, -0.00064073, -0.00036387, -0.00020152, -0.00010436, -0.00004275, -0.00000217, 0.00002232, 0.00003143, 0.00002605, 0.00000982, -0.00001034, -0.00002574, -0.00002907, -0.00001801, 0.00000210, 0.00001857, 0.00001739, -0.00000208, 0.00000000
0.35293423, 0.21116893, 0.14528756, 0.10747832, 0.08314104, 0.06615327, 0.05348271, 0.04370778, 0.03597218, 0.02967000, 0.02438692, 0.01985735, 0.01591247, 0.01243756, 0.00934589, 0.00656634, 0.00403882, 0.00171305, -0.00045194, -0.00804805, -0.01463488, -0.02063280, -0.02620264, -0.03134219, -0.03592649, -0.03977118, -0.04269191, -0.04454366, -0.04524217, -0.04477360, -0.04319630, -0.04063566, -0.03727250, -0.03332615, -0.02903413, -0.02463139, -0.02033135, -0.01631126, -0.01270272, -0.00958809, -0.00700208, -0.00493777, -0.00335541, -0.00219285, -0.00137600, -0.00082824, -0.00047804, -0.00026416, -0.00013845, -0.00006631, -0.00002536, -0.00000278, 0.00000783, 0.00000967, 0.00000518, -0.00000257, -0.00000964, -0.00001226, -0.00000851, 0.00000003, 0.00000792, 0.00000815, -0.00000063, 0.00000000
-0.02672891, -0.02738035, -0.02968528, -0.03231841, -0.03501470, -0.03767614, -0.04024642, -0.04275749, -0.04523219, -0.04767054, -0.05007244, -0.05244832, -0.05481581, -0.05719257, -0.05959154, -0.06201967, -0.06447903, -0.06696871, -0.06948654, -0.07979708, -0.09038762, -0.10096907, -0.11101473, -0.11989400, -0.12701164, -0.13187373, -0.13411550, -0.13352505, -0.13006702, -0.12389542, -0.11534546, -0.10490194, -0.09314936, -0.08071290, -0.06819995, -0.05615031, -0.04500015, -0.03506188, -0.02651935, -0.01943619, -0.01377377, -0.00941508, -0.00619089, -0.00390511, -0.00235704, -0.00135885, -0.00074770, -0.00039234, -0.00019479, -0.00008795, -0.00003048, -0.00000000, 0.00001380, 0.00001545, 0.00000816, -0.00000367, -0.00001426, -0.00001803, -0.00001229, 0.00000040, 0.00001178, 0.00001170, -0.00000139, 0.00000000
-0.28779421, -0.22749731, -0.19906066, -0.18233979, -0.17147918, -0.16379108, -0.15781541, -0.15312911, -0.14944392, -0.14643769, -0.14386619, -0.14160819, -0.13962961, -0.13792992, -0.13650676, -0.13534358, -0.13441206, -0.13368005, -0.13311912, -0.13231791, -0.13391678, -0.13812032, -0.14450101, -0.15223348, -0.16042567, -0.16815927, -0.17444097, -0.17824472, -0.17865912, -0.17506503, -0.16726518, -0.15552465, -0.14052042, -0.12322408, -0.10475215, -0.08621643, -0.06859888, -0.05266509, -0.03892051, -0.02760645, -0.01872777, -0.01210192, -0.00741869, -0.00430113, -0.00236002, -0.00123693, -0.00063309, -0.00032371, -0.00015912, -0.00005548, 0.00002133, 0.00007496, 0.00009700, 0.00008174, 0.00003472, -0.00002567, -0.00007355, -0.00008584, -0.00005432, 0.00000549, 0.00005517, 0.00005173, -0.00000710, 0.00000000
0.33366021, 0.20137192, 0.13793581, 0.10028818, 0.07520529, 0.05708618, 0.04307962, 0.03187399, 0.02267867, 0.01491048, 0.00815469, 0.00214028, -0.00330387, -0.00829113, -0.01290528, -0.01721489, -0.02127874, -0.02514697, -0.02886092, -0.04270775, -0.05548116, -0.06723543, -0.07772121, -0.08657595, -0.09338363, -0.09775845, -0.09943855, -0.09835151, -0.09463590, -0.08862253, -0.08078814, -0.07169524, -0.06193031, -0.05204878, -0.04253211, -0.03375967, -0.02599521, -0.01938675, -0.01397696, -0.00972117, -0.00650959, -0.00419088, -0.00259441, -0.00154954, -0.00090037, -0.00051573, -0.00029409, -0.00016412, -0.00008160, -0.00002389, 0.00001692, 0.00004099, 0.00004671, 0.00003498, 0.00001115, -0.00001545, -0.00003406, -0.00003648, -0.00002122, 0.00000400, 0.00002343, 0.00002091, -0.00000285, 0.00000000
0.37977975, 0.22642276, 0.15393194, 0.11160013, 0.08387158, 0.06417623, 0.04924899, 0.03754948, 0.02813957, 0.02035121, 0.01372488, 0.00796266, 0.00287203, -0.00167992, -0.00579415, -0.00955299, -0.01302523, -0.01626786, -0.01932692, -0.03033759, -0.04016116, -0.04923348, -0.05764337, -0.06526931, -0.07185991, -0.07712084, -0.08078406, -0.08265273, -0.08262578, -0.08071307, -0.07703772, -0.07182783, -0.06539691, -0.05811539, -0.05037706, -0.04256530, -0.03502320, -0.02803096, -0.02179221, -0.01642957, -0.01198848, -0.00844768, -0.00573395, -0.00373898, -0.00233617, -0.00139556, -0.00079588, -0.00043282, -0.00022350, -0.00010741, -0.00004444, -0.00001091, 0.00000538, 0.00001012, 0.00000660, -0.00000166, -0.00001008, -0.00001391, -0.00001032, -0.00000061, 0.00000894, 0.00000969, -0.00000062, 0.00000000
0.59851262, 0.36069923, 0.24862259, 0.18337844, 0.14079386, 0.11068638, 0.08795649, 0.07022051, 0.05604112, 0.04438752, 0.03454288, 0.02604060, 0.01858123, 0.01196094, 0.00602636, 0.00065208, -0.00426808, -0.00882375, -0.01308894, -0.02825163, -0.04168352, -0.05412583, -0.06576062, -0.07644572, -0.08581281, -0.09338766, -0.09871399, -0.10144982, -0.10142844, -0.09868520, -0.09345368, -0.08613653, -0.07725791, -0.06740580, -0.05717294, -0.04710401, -0.03765434, -0.02916446, -0.02184909, -0.01580121, -0.01100718, -0.00736966, -0.00473422, -0.00291646, -0.00172608, -0.00098645, -0.00054794, -0.00029499, -0.00014728, -0.00005603, 0.00000303, 0.00003829, 0.00005091, 0.00004189, 0.00001638, -0.00001522, -0.00003958, -0.00004521, -0.00002828, 0.00000305, 0.00002897, 0.00002734, -0.00000316, 0.00000000
-0.03304823, -0.05205521, -0.06005079, -0.06399438, -0.06612680, -0.06728204, -0.06784405, -0.06807505, -0.06811026, -0.06801131, -0.06781983, -0.06757607, -0.06731720, -0.06707222, -0.06686004, -0.06669116, -0.06657058, -0.06650073, -0.06648344, -0.06698793, -0.06850247, -0.07094082, -0.07395378, -0.07707350, -0.07981311, -0.08170356, -0.08232581, -0.08135887, -0.07863196, -0.07415444, -0.06811619, -0.06085665, -0.05281275, -0.04445850, -0.03624765, -0.02856784, -0.02171071, -0.01585868, -0.01108678, -0.00737611, -0.00463466, -0.00272187, -0.00147282, -0.00071979, -0.00030910, -0.00011247, -0.00003275, -0.00000449, 0.00000945, 0.00002415, 0.00004023, 0.00005146, 0.00005121, 0.00003689, 0.00001180, -0.00001560, -0.00003473, -0.00003729, -0.00002175, 0.00000397, 0.00002370, 0.00002102, -0.00000318, 0.00000000
0.09023456, 0.05760016, 0.04138536, 0.03141268, 0.02451643, 0.01934464, 0.01522893, 0.01183847, 0.00896662, 0.00647057, 0.00425311, 0.00224811, 0.00040863, -0.00130064, -0.00290728, -0.00443310, -0.00589525, -0.00730720, -0.00867959, -0.01392336, -0.01900639, -0.02407481, -0.02909898, -0.03393001, -0.03836478, -0.04218599, -0.04518340, -0.04717240, -0.04801641, -0.04764886, -0.04608786, -0.04343860, -0.03988268, -0.03565717, -0.03102781, -0.02626135, -0.02160106, -0.01724814, -0.01335079, -0.01000002, -0.00723250, -0.00503798, -0.00337002, -0.00215797, -0.00131881, -0.00076752, -0.00042526, -0.00022493, -0.00011399, -0.00005486, -0.00002344, -0.00000628, 0.00000278, 0.00000603, 0.00000455, -0.00000007, -0.00000521, -0.00000789, -0.00000615, -0.00000056, 0.00000517, 0.00000572, -0.00000044, 0.00000000
0.24189332, 0.12691598, 0.07366499, 0.04338523, 0.02415290, 0.01099526, 0.00144524, -0.00568872, -0.01111081, -0.01530776, -0.01861782, -0.02126806, -0.02340999, -0.02514853, -0.02656127, -0.02770945, -0.02864349, -0.02940570, -0.03003164, -0.03169628, -0.03281071, -0.03393286, -0.03528114, -0.03688042, -0.03861478, -0.04026138, -0.04153564, -0.04214961, -0.04187110, -0.04056896, -0.03823514, -0.03498186, -0.03101808, -0.02661342, -0.02205780, -0.01762437, -0.01354044, -0.00996970, -0.00700508, -0.00467190, -0.00293835, -0.00173060, -0.00094989, -0.00048883, -0.00024525, -0.00013235, -0.00008450, -0.00005895, -0.00003390, -0.00000390, 0.00002615, 0.00004741, 0.00005254, 0.00003949, 0.00001285, -0.00001727, -0.00003863, -0.00004170, -0.00002455, 0.00000414, 0.00002641, 0.00002373, -0.00000325, 0.00000000
0.28956929, 0.17641383, 0.12084420, 0.08703415, 0.06391416, 0.04675513, 0.03312582, 0.02191772, 0.01245807, 0.00424172, -0.00309323, -0.00978150, -0.01596831, -0.02174739, -0.02718667, -0.03234137, -0.03725861, -0.04197817, -0.04653204, -0.06346424, -0.07857697, -0.09164727, -0.10230457, -0.11020388, -0.11505898, -0.11670056, -0.11513891, -0.11059370, -0.10347947, -0.09435695, -0.08386739, -0.07266546, -0.06136124, -0.05047722, -0.04042131, -0.03147676, -0.02380382, -0.01745256, -0.01238194, -0.00848270, -0.00560081, -0.00355952, -0.00217851, -0.00128894, -0.00074389, -0.00042442, -0.00024143, -0.00013406, -0.00006561, -0.00001776, 0.00001568, 0.00003482, 0.00003862, 0.00002824, 0.00000839, -0.00001317, -0.00002783, -0.00002928, -0.00001668, 0.00000354, 0.00001879, 0.00001653, -0.00000231, 0.00000000
0.20256177, 0.11336137, 0.07036263, 0.04471243, 0.02746213, 0.01486306, 0.00503842, -0.00293302, -0.00960242, -0.01534974, -0.02043882, -0.02504869, -0.02930116, -0.03328182, -0.03705354, -0.04066424, -0.04415132, -0.04754418, -0.05086586, -0.06373708, -0.07625959, -0.08839879, -0.09978079, -0.10988059, -0.11814638, -0.12407637, -0.12727417, -0.12749659, -0.12469119, -0.11901358, -0.11081788, -0.10062068, -0.08904541, -0.07675742, -0.06440020, -0.05254146, -0.04163454, -0.03199728, -0.02380797, -0.01711574, -0.01186154, -0.00790539, -0.00505603, -0.00309915, -0.00182166, -0.00103033, -0.00056386, -0.00029852, -0.00014807, -0.00005925, -0.00000427, 0.00002793, 0.00004020, 0.00003402, 0.00001382, -0.00001182, -0.00003182, -0.00003661, -0.00002292, 0.00000258, 0.00002366, 0.00002218, -0.00000283, 0.00000000
-0.36037143, -0.23586737, -0.17804709, -0.14488119, -0.12362665, -0.10888177, -0.09791700, -0.08953349, -0.08300343, -0.07777759, -0.07347248, -0.06985172, -0.06677729, -0.06416213, -0.06194033, -0.06005394, -0.05844993, -0.05708129, -0.05590861, -0.05266430, -0.05112703, -0.05084599, -0.05136086, -0.05221102, -0.05302340, -0.05350965, -0.05343409, -0.05260497, -0.05089283, -0.04825352, -0.04474070, -0.04049931, -0.03574294, -0.03072207, -0.02569071, -0.02087788, -0.01646714, -0.01258570, -0.00930230, -0.00663208, -0.00454626, -0.00298430, -0.00186643, -0.00110523, -0.00061509, -0.00031906, -0.00015306, -0.00006758, -0.00002743, -0.00000990, -0.00000215, 0.00000179, 0.00000381, 0.00000405, 0.00000252, -0.00000018, -0.00000278, -0.00000389, -0.00000274, 0.00000008, 0.00000262, 0.00000248, -0.00000059, 0.00000000
0.49959644, 0.28430012, 0.18195797, 0.12200240, 0.08267936, 0.05483363, 0.03386038, 0.01756816, 0.00464727, -0.00583373, -0.01453356, -0.02189661, -0.02821920, -0.03370692, -0.03851317, -0.04276061, -0.04655158, -0.04997279, -0.05309748, -0.06370465, -0.07287111, -0.08163157, -0.09027531, -0.09866642, -0.10638245, -0.11281993, -0.11731523, -0.11927722, -0.11830647, -0.11427482, -0.10735128, -0.09797474, -0.08678602, -0.07453701, -0.06199587, -0.04986305, -0.03870866, -0.02893561, -0.02076827, -0.01426393, -0.00933997, -0.00581149, -0.00343240, -0.00193443, -0.00106012, -0.00058706, -0.00034219, -0.00020645, -0.00011120, -0.00002831, 0.00004320, 0.00009149, 0.00010460, 0.00007941, 0.00002556, -0.00003613, -0.00008030, -0.00008690, -0.00005147, 0.00000826, 0.00005494, 0.00004963, -0.00000674, 0.00000000
1.24952135, 0.77679498, 0.55648488, 0.42976858, 0.34819118, 0.29133395, 0.24896874, 0.21641255, 0.19083502, 0.17017680, 0.15301045, 0.13842919, 0.12587189, 0.11496683, 0.10543379, 0.09703814, 0.08957605, 0.08287286, 0.07678419, 0.05665881, 0.04091638, 0.02803080, 0.01706703, 0.00744189, -0.00104801, -0.00836114, -0.01438606, -0.01904858, -0.02234432, -0.02433165, -0.02511534, -0.02483442, -0.02365553, -0.02176764, -0.01937462, -0.01668439, -0.01389537, -0.01118269, -0.00868655, -0.00650482, -0.00469074, -0.00325587, -0.00217722, -0.00140722, -0.00088477, -0.00054577, -0.00033174, -0.00019565, -0.00010466, -0.00003983, 0.00000664, 0.00003556, 0.00004552, 0.00003688, 0.00001420, -0.00001343, -0.00003456, -0.00003944, -0.00002480, 0.00000240, 0.00002513, 0.00002414, -0.00000216, 0.00000000
-0.07036326, -0.05053060, -0.04173547, -0.03695703, -0.03410962, -0.03230299, -0.03106624, -0.03022584, -0.02967890, -0.02933357, -0.02912159, -0.02900470, -0.02896665, -0.02900153, -0.02910554, -0.02927346, -0.02949832, -0.02977245, -0.03008879, -0.03169049, -0.03377307, -0.03629673, -0.03910848, -0.04197502, -0.04465727, -0.04693456, -0.04860249, -0.04947721, -0.04941405, -0.04833147, -0.04622892, -0.04319141, -0.03937970, -0.03500950, -0.03032476, -0.02557041, -0.02096869, -0.01670172, -0.01290134, -0.00964605, -0.00696399, -0.00484034, -0.00322742, -0.00205588, -0.00124546, -0.00071452, -0.00038731, -0.00019902, -0.00009837, -0.00004807, -0.00002363, -0.00001097, -0.00000345, 0.00000108, 0.00000289, 0.00000216, -0.00000014, -0.00000234, -0.00000280, -0.00000102, 0.00000163, 0.00000242, -0.00000011, 0.00000000
0.01500024, -0.00494147, -0.01422792, -0.01954023, -0.02297422, -0.02538790, -0.02716623, -0.02854095, -0.02965260, -0.03057991, -0.03137061, -0.03206039, -0.03267957, -0.03325353, -0.03380194, -0.03433883, -0.03487353, -0.03541204, -0.03595843, -0.03828101, -0.04093616, -0.04397617, -0.04728346, -0.05062542, -0.05373355, -0.05634441, -0.05821523, -0.05913789, -0.05895920, -0.05760205, -0.05507948, -0.05149601, -0.04703577, -0.04194032, -0.03648089, -0.03093005, -0.02553681, -0.02050788, -0.01599636, -0.01209735, -0.00885052, -0.00624715, -0.00424044, -0.00275726, -0.00170996, -0.00100686, -0.00056081, -0.00029527, -0.00014789, -0.00007171, -0.00003438, -0.00001600, -0.00000608, -0.00000027, 0.00000259, 0.00000278, 0.00000102, -0.00000123, -0.00000230, -0.00000133, 0.00000087, 0.00000190, 0.00000008, 0.00000000
0.52734497, 0.31328221, 0.21289932, 0.15472758, 0.11688873, 0.09018941, 0.07003944, 0.05429045, 0.04164950, 0.03119461, 0.02228959, 0.01452461, 0.00763988, 0.00146073, -0.00414323, -0.00927802, -0.01403272, -0.01848175, -0.02268531, -0.03782319, -0.05117438, -0.06313072, -0.07371527, -0.08277061, -0.09002398, -0.09518046, -0.09801260, -0.09841687, -0.09643549, -0.09225305, -0.08617682, -0.07860666, -0.06999896, -0.06082830, -0.05155066, -0.04257174, -0.03422298, -0.02674708, -0.02029312, -0.01492076, -0.01061158, -0.00728547, -0.00481964, -0.00306782, -0.00187781, -0.00110589, -0.00062705, -0.00034095, -0.00017363, -0.00007575, -0.00001817, 0.00001385, 0.00002679, 0.00002419, 0.00001033, -0.00000814, -0.00002302, -0.00002705, -0.00001742, 0.00000137, 0.00001742, 0.00001685, -0.00000173, 0.00000000
0.09530726, 0.04827067, 0.02543832, 0.01169948, 0.00236101, -0.00454494, -0.00999967, -0.01448927, -0.01830397, -0.02164265, -0.02464327, -0.02739951, -0.02997490, -0.03241363, -0.03474764, -0.03700084, -0.03919150, -0.04133363, -0.04343780, -0.05159666, -0.05941890, -0.06676605, -0.07334233, -0.07880463, -0.08283174, -0.08516732, -0.08564862, -0.08422603, -0.08097196, -0.07607677, -0.06983097, -0.06259626, -0.05477012, -0.04674935, -0.03889742, -0.03151928, -0.02484522, -0.01902449, -0.01412735, -0.01015405, -0.00704852, -0.00471440, -0.00303150, -0.00187091, -0.00110761, -0.00062980, -0.00034472, -0.00018113, -0.00008882, -0.00003595, -0.00000491, 0.00001234, 0.00001878, 0.00001598, 0.00000642, -0.00000569, -0.00001511, -0.00001732, -0.00001082, 0.00000125, 0.00001120, 0.00001048, -0.00000134, 0.00000000
-0.04092436, -0.06204885, -0.07193809, -0.07758471, -0.08130739, -0.08394367, -0.08593071, -0.08756004, -0.08896758, -0.09021824, -0.09136734, -0.09247196, -0.09358209, -0.09473352, -0.09594745, -0.09723450, -0.09859956, -0.10004564, -0.10157580, -0.10860953, -0.11714508, -0.12680787, -0.13681061, -0.14621357, -0.15406066, -0.15944524, -0.16159780, -0.15999883, -0.15447265, -0.14522423, -0.13280786, -0.11804005, -0.10188144, -0.08531357, -0.06923161, -0.05436565, -0.04123593, -0.03014053, -0.02117004, -0.01424173, -0.00914468, -0.00558850, -0.00324938, -0.00180892, -0.00098314, -0.00054064, -0.00031026, -0.00017973, -0.00008740, -0.00000963, 0.00005360, 0.00009243, 0.00009825, 0.00007084, 0.00002075, -0.00003303, -0.00006917, -0.00007223, -0.00004059, 0.00000933, 0.00004635, 0.00004004, -0.00000638, 0.00000000
0.30857435, 0.16890951, 0.10342922, 0.06562079, 0.04119947, 0.02415890, 0.01149768, 0.00180178, -0.00577589, -0.01184285, -0.01682653, -0.02100893, -0.02457204, -0.02763903, -0.03030164, -0.03263462, -0.03470171, -0.03655752, -0.03824787, -0.04399084, -0.04892376, -0.05346744, -0.05767907, -0.06142435, -0.06443074, -0.06636485, -0.06692704, -0.06592850, -0.06333256, -0.05925932, -0.05396168, -0.04778414, -0.04111505, -0.03434077, -0.02780758, -0.02179471, -0.01649934, -0.01203299, -0.00842732, -0.00564694, -0.00360633, -0.00218836, -0.00126207, -0.00069810, -0.00038047, -0.00021433, -0.00012946, -0.00008018, -0.00004212, -0.00000707, 0.00002309, 0.00004248, 0.00004620, 0.00003361, 0.00000954, -0.00001684, -0.00003492, -0.00003676, -0.00002114, 0.00000405, 0.00002319, 0.00002056, -0.00000284, 0.00000000
-0.08971359, -0.10102417, -0.10681843, -0.11040520, -0.11300255, -0.11502624, -0.11653845, -0.11777967, -0.11889709, -0.11990606, -0.12079051, -0.12156208, -0.12226226, -0.12294121, -0.12363915, -0.12438014, -0.12517360, -0.12601995, -0.12691645, -0.13102067, -0.13628652, -0.14307419, -0.15116665, -0.15992357, -0.16857966, -0.17635088, -0.18243483, -0.18603719, -0.18646036, -0.18322085, -0.17614549, -0.16541339, -0.15153493, -0.13527878, -0.11756750, -0.09936449, -0.08157118, -0.06494735, -0.05006027, -0.03726488, -0.02670913, -0.01836048, -0.01204501, -0.00749304, -0.00438436, -0.00238851, -0.00119693, -0.00054504, -0.00022418, -0.00008427, -0.00002890, -0.00000524, 0.00000874, 0.00001737, 0.00001839, 0.00001068, -0.00000223, -0.00001298, -0.00001439, -0.00000474, 0.00000881, 0.00001253, -0.00000048, 0.00000000
0.05829965, 0.02130047, 0.00307736, -0.00803314, -0.01568244, -0.02137490, -0.02590759, -0.02966613, -0.03286544, -0.03566098, -0.03817326, -0.04049002, -0.04267052, -0.04475333, -0.04676439, -0.04872296, -0.05064496, -0.05254448, -0.05443394, -0.06206613, -0.06994963, -0.07787274, -0.08538357, -0.09195385, -0.09703843, -0.10012820, -0.10082965, -0.09894268, -0.09450549, -0.08779283, -0.07927234, -0.06953412, -0.05921166, -0.04890874, -0.03914249, -0.03030711, -0.02265854, -0.01631730, -0.01128517, -0.00747049, -0.00471752, -0.00283553, -0.00162479, -0.00089720, -0.00049076, -0.00027766, -0.00016653, -0.00009993, -0.00004849, -0.00000297, 0.00003408, 0.00005603, 0.00005805, 0.00004072, 0.00001079, -0.00002040, -0.00004067, -0.00004160, -0.00002283, 0.00000585, 0.00002664, 0.00002268, -0.00000365, 0.00000000
-0.10927588, -0.09167848, -0.08303686, -0.07769154, -0.07402601, -0.07127217, -0.06899561, -0.06709164, -0.06548445, -0.06407696, -0.06279403, -0.06159995, -0.06048697, -0.05945756, -0.05851285, -0.05764866, -0.05685658, -0.05612669, -0.05545014, -0.05319589, -0.05170391, -0.05105129, -0.05111675, -0.05166148, -0.05243582, -0.05319010, -0.05365525, -0.05355088, -0.05262591, -0.05070931, -0.04774727, -0.04381461, -0.03909992, -0.03387170, -0.02843551, -0.02309171, -0.01810063, -0.01365918, -0.00988981, -0.00684081, -0.00449544, -0.00278682, -0.00161553, -0.00086706, -0.00042712, -0.00019338, -0.00008299, -0.00003579, -0.00001388, 0.00000183, 0.00001678, 0.00002864, 0.00003275, 0.00002634, 0.00001075, -0.00000845, -0.00002330, -0.00002685, -0.00001679, 0.00000185, 0.00001712, 0.00001590, -0.00000223, 0.00000000
-0.02983451, -0.02403340, -0.02483594, -0.02776986, -0.03154289, -0.03572805, -0.04014953, -0.04468588, -0.04927645, -0.05390606, -0.05857212, -0.06326627, -0.06797223, -0.07267038, -0.07734196, -0.08197075, -0.08654265, -0.09104435, -0.09546200, -0.11196373, -0.12569839, -0.13557767, -0.14090075, -0.14139638, -0.13718575, -0.12875708, -0.11692016, -0.10271193, -0.08726358, -0.07166110, -0.05682992, -0.04346189, -0.03198816, -0.02259166, -0.01524730, -0.00977663, -0.00590615, -0.00332014, -0.00170343, -0.00077160, -0.00028870, -0.00007412, -0.00000106, 0.00001072, 0.00000517, 0.00000102, 0.00000198, 0.00000497, 0.00000580, 0.00000234, -0.00000462, -0.00001204, -0.00001626, -0.00001476, -0.00000748, 0.00000297, 0.00001205, 0.00001525, 0.00001040, -0.00000026, -0.00000981, -0.00000977, 0.00000111, 0.00000000
-0.07361914, -0.04431640, -0.03305373, -0.02810398, -0.02596357, -0.02521234, -0.02516069, -0.02550261, -0.02606644, -0.02673444, -0.02742989, -0.02810948, -0.02875207, -0.02934807, -0.02989256, -0.03038233, -0.03081433, -0.03118641, -0.03149742, -0.03215231, -0.03202209, -0.03135356, -0.03033193, -0.02908060, -0.02768985, -0.02622483, -0.02472233, -0.02319116, -0.02162057, -0.01999294, -0.01829586, -0.01653023, -0.01471308, -0.01287597, -0.01106026, -0.00931110, -0.00767157, -0.00617784, -0.00485600, -0.00372052, -0.00277443, -0.00201055, -0.00141368, -0.00096307, -0.00063502, -0.00040522, -0.00025061, -0.00015083, -0.00008894, -0.00005181, -0.00002991, -0.00001690, -0.00000893, -0.00000394, -0.00000095, 0.00000054, 0.00000087, 0.00000049, -0.00000010, -0.00000045, -0.00000038, -0.00000008, 0.00000007, 0.00000000
0.40538112, 0.23208867, 0.15067120, 0.10359789, 0.07318560, 0.05197135, 0.03620306, 0.02412535, 0.01467949, 0.00709968, 0.00084834, -0.00442532, -0.00894466, -0.01285945, -0.01628105, -0.01930032, -0.02199466, -0.02442979, -0.02666006, -0.03425907, -0.04061828, -0.04615680, -0.05095485, -0.05493475, -0.05790341, -0.05962647, -0.05991598, -0.05869161, -0.05600395, -0.05202636, -0.04702707, -0.04133228, -0.03528799, -0.02922580, -0.02343565, -0.01814716, -0.01351970, -0.00964076, -0.00653130, -0.00415624, -0.00243824, -0.00127297, -0.00054383, -0.00013507, 0.00005789, 0.00012153, 0.00012064, 0.00009807, 0.00007711, 0.00006571, 0.00006188, 0.00005905, 0.00005078, 0.00003406, 0.00001073, -0.00001309, -0.00002934, -0.00003156, -0.00001861, 0.00000298, 0.00001979, 0.00001792, -0.00000229, 0.00000000
-0.28151858, -0.21698349, -0.18669397, -0.16908813, -0.15772774, -0.14984120, -0.14398964, -0.13958405, -0.13625453, -0.13370508, -0.13172648, -0.13019018, -0.12901926, -0.12816109, -0.12757144, -0.12720848, -0.12703228, -0.12700596, -0.12709673, -0.12811936, -0.12929709, -0.12968949, -0.12855456, -0.12540401, -0.12003785, -0.11252055, -0.10313383, -0.09232169, -0.08062909, -0.06863639, -0.05689651, -0.04588282, -0.03595418, -0.02733922, -0.02013841, -0.01434007, -0.00984505, -0.00649512, -0.00410060, -0.00246434, -0.00140019, -0.00074536, -0.00036692, -0.00016339, -0.00006261, -0.00001715, 0.00000127, 0.00000766, 0.00000882, 0.00000732, 0.00000423, 0.00000047, -0.00000276, -0.00000431, -0.00000353, -0.00000079, 0.00000256, 0.00000465, 0.00000403, 0.00000076, -0.00000298, -0.00000372, -0.00000001, 0.00000000
-0.15680362, -0.13409360, -0.12177149, -0.11347368, -0.10737671, -0.10256891, -0.09845894, -0.09493626, -0.09192339, -0.08928500, -0.08690153, -0.08470848, -0.08268737, -0.08083923, -0.07916523, -0.07765863, -0.07630490, -0.07508570, -0.07398310, -0.07051657, -0.06845577, -0.06783567, -0.06845622, -0.06994357, -0.07192736, -0.07407061, -0.07602116, -0.07738757, -0.07777144, -0.07683470, -0.07436676, -0.07032590, -0.06484529, -0.05820683, -0.05079360, -0.04303349, -0.03534500, -0.02809315, -0.02155970, -0.01592869, -0.01128591, -0.00762934, -0.00488702, -0.00293865, -0.00163760, -0.00083084, -0.00037495, -0.00014731, -0.00005216, -0.00002203, -0.00001541, -0.00001173, -0.00000490, 0.00000323, 0.00000846, 0.00000823, 0.00000325, -0.00000287, -0.00000580, -0.00000342, 0.00000206, 0.00000459, 0.00000002, 0.00000000
-0.05770212, -0.05906101, -0.05978445, -0.06021113, -0.06056614, -0.06086906, -0.06106518, -0.06124219, -0.06144552, -0.06165799, -0.06185604, -0.06203876, -0.06222423, -0.06243540, -0.06268976, -0.06299586, -0.06335476, -0.06376343, -0.06421807, -0.06648145, -0.06960291, -0.07371473, -0.07861821, -0.08389459, -0.08907003, -0.09366554, -0.09719721, -0.09919958, -0.09928452, -0.09721034, -0.09293178, -0.08661390, -0.07860841, -0.06940150, -0.05954718, -0.04959969, -0.04005580, -0.03131327, -0.02364814, -0.01720985, -0.01203117, -0.00804868, -0.00512914, -0.00309760, -0.00176356, -0.00094276, -0.00047311, -0.00022416, -0.00010038, -0.00003943, -0.00000653, 0.00001328, 0.00002342, 0.00002312, 0.00001274, -0.00000368, -0.00001880, -0.00002478, -0.00001746, -0.00000004, 0.00001602, 0.00001628, -0.00000185, 0.00000000
0.50828046, 0.30993910, 0.21657523, 0.16238629, 0.12725261, 0.10262986, 0.08420173, 0.07001467, 0.05888285, 0.04992102, 0.04250255, 0.03622604, 0.03084440, 0.02619588, 0.02215896, 0.01863074, 0.01552005, 0.01274733, 0.01024586, 0.00206660, -0.00423020, -0.00919308, -0.01310003, -0.01610045, -0.01819536, -0.01931359, -0.01942007, -0.01857929, -0.01695880, -0.01479401, -0.01234093, -0.00983539, -0.00746701, -0.00536772, -0.00361232, -0.00222629, -0.00119713, -0.00048645, -0.00004093, 0.00019856, 0.00029013, 0.00028601, 0.00022967, 0.00015436, 0.00008295, 0.00002866, -0.00000349, -0.00001477, -0.00001058, 0.00000170, 0.00001474, 0.00002282, 0.00002299, 0.00001538, 0.00000291, -0.00000975, -0.00001770, -0.00001769, -0.00000970, 0.00000226, 0.00001099, 0.00000961, -0.00000110, 0.00000000
0.24796757, 0.12704279, 0.07080485, 0.03866511, 0.01807778, 0.00384751, -0.00658340, -0.01449950, -0.02065928, -0.02556614, -0.02956437, -0.03289165, -0.03571508, -0.03815519, -0.04030115, -0.04222042, -0.04396522, -0.04557696, -0.04708943, -0.05265125, -0.05824441, -0.06439457, -0.07110082, -0.07805540, -0.08479837, -0.09078847, -0.09544934, -0.09823791, -0.09873022, -0.09669902, -0.09215828, -0.08536369, -0.07677235, -0.06697454, -0.05661372, -0.04630981, -0.03659684, -0.02788122, -0.02042232, -0.01433365, -0.00960017, -0.00610651, -0.00367048, -0.00207668, -0.00110650, -0.00056144, -0.00027857, -0.00013779, -0.00006168, -0.00000962, 0.00003196, 0.00006092, 0.00007009, 0.00005562, 0.00002163, -0.00001949, -0.00005086, -0.00005788, -0.00003593, 0.00000417, 0.00003695, 0.00003441, -0.00000446, 0.00000000
0.66767839, 0.38215593, 0.24935665, 0.17312733, 0.12416211, 0.09006013, 0.06477698, 0.04544883, 0.03030212, 0.01808562, 0.00796204, -0.00059673, -0.00792945, -0.01427599, -0.01982701, -0.02474407, -0.02916521, -0.03320581, -0.03695920, -0.05035690, -0.06297607, -0.07633424, -0.09134001, -0.10826302, -0.12679613, -0.14623626, -0.16563925, -0.18392074, -0.19994117, -0.21260517, -0.22097562, -0.22438288, -0.22250583, -0.21540874, -0.20352911, -0.18762189, -0.16867213, -0.14779092, -0.12610970, -0.10468495, -0.08442237, -0.06602533, -0.04996918, -0.03649978, -0.02565257, -0.01728717, -0.01113178, -0.00683170, -0.00399687, -0.00224392, -0.00122966, -0.00067387, -0.00037052, -0.00018782, -0.00005854, 0.00003711, 0.00009268, 0.00009721, 0.00005295, -0.00001534, -0.00006423, -0.00005345, 0.00000986, 0.00000000
-0.01567688, -0.02068183, -0.02346792, -0.02532895, -0.02674109, -0.02788473, -0.02882516, -0.02964142, -0.03038028, -0.03105748, -0.03168133, -0.03226443, -0.03282314, -0.03337314, -0.03392636, -0.03449027, -0.03506876, -0.03566362, -0.03627584, -0.03892407, -0.04196727, -0.04540907, -0.04907220, -0.05267127, -0.05589643, -0.05845141, -0.06007110, -0.06054277, -0.05973277, -0.05760882, -0.05424883, -0.04983248, -0.04461791, -0.03890914, -0.03302092, -0.02724666, -0.02183363, -0.01696705, -0.01276411, -0.00927557, -0.00649426, -0.00436760, -0.00281199, -0.00172713, -0.00100893, -0.00055960, -0.00029485, -0.00014767, -0.00006931, -0.00002784, -0.00000501, 0.00000768, 0.00001314, 0.00001216, 0.00000592, -0.00000292, -0.00001047, -0.00001295, -0.00000866, 0.00000041, 0.00000838, 0.00000820, -0.00000100, 0.00000000
0.38628797, 0.23036504, 0.15511834, 0.11027798, 0.08033053, 0.05872319, 0.04217602, 0.02909844, 0.01852123, 0.00976676, 0.00236689, -0.00399379, -0.00953171, -0.01440397, -0.01873168, -0.02261218, -0.02612519, -0.02933647, -0.03230045, -0.04249006, -0.05133322, -0.05989037, -0.06859318, -0.07742934, -0.08610009, -0.09412666, -0.10092772, -0.10590290, -0.10852937, -0.10845407, -0.10555745, -0.09997734, -0.09208634, -0.08243589, -0.07168141, -0.06050028, -0.04952021, -0.03926381, -0.03011478, -0.02230563, -0.01592441, -0.01093563, -0.00721028, -0.00455943, -0.00276681, -0.00161694, -0.00091637, -0.00050707, -0.00027196, -0.00013369, -0.00004826, 0.00000439, 0.00003079, 0.00003315, 0.00001593, -0.00001136, -0.00003531, -0.00004314, -0.00002894, 0.00000100, 0.00002749, 0.00002727, -0.00000289, 0.00000000
-0.23249919, -0.16484107, -0.13398159, -0.11665488, -0.10589267, -0.09868949, -0.09353614, -0.08981118, -0.08712142, -0.08515533, -0.08369982, -0.08263372, -0.08189400, -0.08144336, -0.08125123, -0.08128711, -0.08152077, -0.08192446, -0.08247496, -0.08585097, -0.09072521, -0.09661943, -0.10285776, -0.10869672, -0.11345516, -0.11654905, -0.11750889, -0.11601885, -0.11196369, -0.10545583, -0.09682640, -0.08658076, -0.07533034, -0.06371572, -0.05233688, -0.04169838, -0.03217480, -0.02399793, -0.01726178, -0.01194132, -0.00791975, -0.00501936, -0.00303166, -0.00174371, -0.00095866, -0.00050948, -0.00026607, -0.00013628, -0.00006234, -0.00001394, 0.00002019, 0.00004083, 0.00004565, 0.00003441, 0.00001147, -0.00001442, -0.00003274, -0.00003533, -0.00002057, 0.00000395, 0.00002274, 0.00002004, -0.00000322, 0.00000000
0.17215465, 0.06724088, 0.01767944, -0.01111363, -0.02994497, -0.04323007, -0.05313375, -0.06081652, -0.06695124, -0.07195712, -0.07612046, -0.07965333, -0.08271791, -0.08543682, -0.08790015, -0.09017281, -0.09230187, -0.09432311, -0.09626576, -0.10373298, -0.11160656, -0.12046278, -0.13014916, -0.14008963, -0.14952595, -0.15760835, -0.16345241, -0.16623929, -0.16535014, -0.16048652, -0.15173505, -0.13955997, -0.12473131, -0.10821130, -0.09102577, -0.07414417, -0.05838509, -0.04435585, -0.03242769, -0.02274262, -0.01524476, -0.00972704, -0.00588487, -0.00336877, -0.00183013, -0.00095631, -0.00049301, -0.00025408, -0.00012011, -0.00002840, 0.00004252, 0.00009039, 0.00010558, 0.00008356, 0.00003167, -0.00003061, -0.00007755, -0.00008739, -0.00005364, 0.00000693, 0.00005587, 0.00005152, -0.00000698, 0.00000000
-0.65186220, -0.41659578, -0.30650343, -0.24291457, -0.20185886, -0.17317543, -0.15173000, -0.13522006, -0.12224869, -0.11177489, -0.10306911, -0.09567107, -0.08930182, -0.08378024, -0.07896995, -0.07475463, -0.07103086, -0.06770841, -0.06471193, -0.05498808, -0.04767935, -0.04202678, -0.03749421, -0.03367078, -0.03033387, -0.02739544, -0.02480882, -0.02251338, -0.02042753, -0.01846735, -0.01656801, -0.01469563, -0.01284772, -0.01104543, -0.00932251, -0.00771478, -0.00625250, -0.00495615, -0.00383536, -0.00288996, -0.00211216, -0.00148900, -0.00100447, -0.00064112, -0.00038095, -0.00020602, -0.00009868, -0.00004188, -0.00001958, -0.00001739, -0.00002327, -0.00002833, -0.00002735, -0.00001903, -0.00000552, 0.00000864, 0.00001816, 0.00001916, 0.00001108, -0.00000202, -0.00001211, -0.00001100, 0.00000109, 0.00000000
0.20001398, 0.11808194, 0.07796337, 0.05364572, 0.03707191, 0.02482717, 0.01515624, 0.00724188, 0.00059484, -0.00514527, -0.01023843, -0.01485821, -0.01911610, -0.02308594, -0.02682116, -0.03036426, -0.03375085, -0.03701103, -0.04016948, -0.05210206, -0.06319766, -0.07337196, -0.08231530, -0.08965571, -0.09501676, -0.09807543, -0.09862657, -0.09663241, -0.09224166, -0.08577601, -0.07769078, -0.06852074, -0.05882193, -0.04911878, -0.03986249, -0.03140363, -0.02397958, -0.01771522, -0.01263419, -0.00867747, -0.00572586, -0.00362337, -0.00219896, -0.00128495, -0.00073077, -0.00041183, -0.00023346, -0.00013068, -0.00006458, -0.00001648, 0.00001885, 0.00003999, 0.00004451, 0.00003288, 0.00001007, -0.00001507, -0.00003243, -0.00003440, -0.00001978, 0.00000398, 0.00002203, 0.00001946, -0.00000280, 0.00000000
0.59386077, 0.36124393, 0.25190028, 0.18850408, 0.14734836, 0.11847348, 0.09687579, 0.08021066, 0.06706815, 0.05644065, 0.04762751, 0.04017087, 0.03377499, 0.02823752, 0.02340597, 0.01915594, 0.01538220, 0.01199566, 0.00892214, -0.00128621, -0.00964725, -0.01722397, -0.02453476, -0.03175120, -0.03876558, -0.04527490, -0.05087649, -0.05515976, -0.05778590, -0.05854792, -0.05740472, -0.05448589, -0.05006989, -0.04454233, -0.03834391, -0.03191744, -0.02566191, -0.01989878, -0.01485279, -0.01064736, -0.00731221, -0.00480003, -0.00300850, -0.00180383, -0.00104277, -0.00059073, -0.00033445, -0.00018889, -0.00009846, -0.00003361, 0.00001573, 0.00004834, 0.00005964, 0.00004805, 0.00001850, -0.00001743, -0.00004474, -0.00005072, -0.00003139, 0.00000375, 0.00003251, 0.00003038, -0.00000364, 0.00000000
-0.24886612, -0.18407492, -0.15383040, -0.13629456, -0.12496446, -0.11701084, -0.11093570, -0.10619040, -0.10243692, -0.09936981, -0.09676328, -0.09449048, -0.09249509, -0.09075300, -0.08924638, -0.08795316, -0.08684658, -0.08589904, -0.08508612, -0.08289987, -0.08227500, -0.08319776, -0.08537065, -0.08830217, -0.09149685, -0.09448567, -0.09679063, -0.09792670, -0.09745906, -0.09508295, -0.09068710, -0.08437809, -0.07646195, -0.06739288, -0.05770440, -0.04793843, -0.03858425, -0.03003436, -0.02256019, -0.01630654, -0.01130151, -0.00747731, -0.00469721, -0.00278396, -0.00154622, -0.00080036, -0.00038613, -0.00017579, -0.00007705, -0.00003086, -0.00000550, 0.00001141, 0.00002128, 0.00002191, 0.00001274, -0.00000273, -0.00001743, -0.00002356, -0.00001686, -0.00000027, 0.00001522, 0.00001554, -0.00000187, 0.00000000
-0.00853496, -0.02174800, -0.02859362, -0.03290430, -0.03594739, -0.03823220, -0.04002533, -0.04149089, -0.04272057, -0.04377023, -0.04468292, -0.04549623, -0.04624113, -0.04694140, -0.04761408, -0.04827107, -0.04892098, -0.04957058, -0.05022562, -0.05299396, -0.05612553, -0.05957798, -0.06310357, -0.06635716, -0.06896895, -0.07058829, -0.07092458, -0.06978891, -0.06712517, -0.06302039, -0.05769100, -0.05145141, -0.04466963, -0.03772339, -0.03095978, -0.02466599, -0.01905164, -0.01424301, -0.01028713, -0.00716339, -0.00479956, -0.00308957, -0.00191077, -0.00113887, -0.00065957, -0.00037632, -0.00021416, -0.00012030, -0.00006180, -0.00002151, 0.00000687, 0.00002391, 0.00002867, 0.00002177, 0.00000673, -0.00001026, -0.00002215, -0.00002357, -0.00001359, 0.00000271, 0.00001511, 0.00001331, -0.00000203, 0.00000000
0.22203705, 0.11597174, 0.06585167, 0.03672807, 0.01781808, 0.00457255, -0.00526199, -0.01277384, -0.01862061, -0.02326558, -0.02703260, -0.03013952, -0.03273256, -0.03491458, -0.03676326, -0.03834101, -0.03969972, -0.04088297, -0.04192722, -0.04524059, -0.04794366, -0.05054225, -0.05317340, -0.05575471, -0.05806470, -0.05981026, -0.06069105, -0.06045801, -0.05895889, -0.05616466, -0.05217379, -0.04719613, -0.04152171, -0.03548170, -0.02940869, -0.02360210, -0.01830273, -0.01367807, -0.00981823, -0.00674115, -0.00440456, -0.00272206, -0.00158072, -0.00085789, -0.00043543, -0.00021024, -0.00010075, -0.00004920, -0.00002037, 0.00000230, 0.00002237, 0.00003641, 0.00003962, 0.00002988, 0.00000983, -0.00001336, -0.00003032, -0.00003327, -0.00002014, 0.00000263, 0.00002081, 0.00001914, -0.00000246, 0.00000000
0.69524689, 0.39482518, 0.25541757, 0.17571292, 0.12462708, 0.08917685, 0.06298953, 0.04293714, 0.02713431, 0.01430746, 0.00360322, -0.00554271, -0.01351431, -0.02058844, -0.02697594, -0.03284242, -0.03831922, -0.04351049, -0.04849887, -0.06756475, -0.08691253, -0.10765868, -0.12984526, -0.15276459, -0.17528928, -0.19609597, -0.21380604, -0.22711893, -0.23496610, -0.23666128, -0.23200637, -0.22132433, -0.20541340, -0.18543694, -0.16277464, -0.13886351, -0.11505308, -0.09249199, -0.07205491, -0.05431135, -0.03953180, -0.02772335, -0.01868472, -0.01207089, -0.00745805, -0.00440192, -0.00248440, -0.00134582, -0.00070233, -0.00034975, -0.00015629, -0.00004787, 0.00001023, 0.00003162, 0.00002370, -0.00000307, -0.00003271, -0.00004752, -0.00003623, -0.00000260, 0.00003122, 0.00003405, -0.00000268, 0.00000000
-0.09011519, -0.08926512, -0.08700120, -0.08438661, -0.08188527, -0.07951865, -0.07716248, -0.07495166, -0.07294720, -0.07109471, -0.06932726, -0.06762108, -0.06599042, -0.06446189, -0.06305454, -0.06177265, -0.06060783, -0.05954503, -0.05856865, -0.05536952, -0.05341823, -0.05301316, -0.05408546, -0.05632959, -0.05943869, -0.06310798, -0.06693573, -0.07038326, -0.07283692, -0.07373059, -0.07266923, -0.06950733, -0.06436758, -0.05760483, -0.04973341, -0.04133937, -0.03299603, -0.02519625, -0.01830818, -0.01255565, -0.00802099, -0.00466462, -0.00235549, -0.00090585, -0.00010524, 0.00025062, 0.00033840, 0.00029451, 0.00021087, 0.00013801, 0.00009341, 0.00007287, 0.00006235, 0.00004819, 0.00002398, -0.00000701, -0.00003389, -0.00004407, -0.00003091, -0.00000039, 0.00002756, 0.00002802, -0.00000320, 0.00000000
-0.11512339, -0.09298620, -0.08495991, -0.08189494, -0.08112076, -0.08151915, -0.08253775, -0.08397629, -0.08571107, -0.08763863, -0.08968983, -0.09183078, -0.09404934, -0.09634050, -0.09869933, -0.10111740, -0.10358393, -0.10608732, -0.10861655, -0.11881672, -0.12881076, -0.13808938, -0.14602267, -0.15198767, -0.15548207, -0.15616856, -0.15388805, -0.14866684, -0.14071702, -0.13042188, -0.11830225, -0.10496697, -0.09105544, -0.07718131, -0.06388503, -0.05159999, -0.04063425, -0.03116714, -0.02325836, -0.01686617, -0.01187098, -0.00810096, -0.00535672, -0.00343290, -0.00213532, -0.00129299, -0.00076501, -0.00044283, -0.00024869, -0.00013132, -0.00005999, -0.00001814, 0.00000272, 0.00000775, 0.00000194, -0.00000867, -0.00001747, -0.00001910, -0.00001170, 0.00000139, 0.00001198, 0.00001105, -0.00000161, 0.00000000
-0.01671056, -0.03639464, -0.04484666, -0.04919719, -0.05163790, -0.05312266, -0.05395226, -0.05436545, -0.05454213, -0.05456729, -0.05446864, -0.05426053, -0.05396322, -0.05360322, -0.05320682, -0.05279481, -0.05238037, -0.05196997, -0.05156549, -0.05000829, -0.04868071, -0.04792059, -0.04796092, -0.04883561, -0.05048539, -0.05282729, -0.05573658, -0.05899914, -0.06229094, -0.06520349, -0.06730412, -0.06820837, -0.06764279, -0.06548496, -0.06177552, -0.05670467, -0.05057935, -0.04377918, -0.03670939, -0.02975704, -0.02325564, -0.01746069, -0.01253703, -0.00855761, -0.00551167, -0.00332017, -0.00185559, -0.00096358, -0.00048368, -0.00026729, -0.00019124, -0.00016599, -0.00013809, -0.00008736, -0.00001929, 0.00004567, 0.00008432, 0.00008219, 0.00004186, -0.00001473, -0.00005268, -0.00004233, 0.00000775, 0.00000000
-0.08974329, -0.08885991, -0.08768099, -0.08637679, -0.08513240, -0.08392921, -0.08265783, -0.08140603, -0.08021918, -0.07906740, -0.07791296, -0.07674629, -0.07558226, -0.07444324, -0.07334642, -0.07229923, -0.07130074, -0.07034556, -0.06942762, -0.06609215, -0.06347773, -0.06185761, -0.06121943, -0.06135578, -0.06202165, -0.06295787, -0.06385508, -0.06434786, -0.06406062, -0.06268037, -0.06002252, -0.05606680, -0.05095702, -0.04496987, -0.03846510, -0.03182957, -0.02542626, -0.01955523, -0.01442986, -0.01016851, -0.00679949, -0.00427574, -0.00249533, -0.00132396, -0.00061625, -0.00023357, -0.00005677, 0.00000644, 0.00001942, 0.00001891, 0.00002048, 0.00002564, 0.00002924, 0.00002570, 0.00001322, -0.00000475, -0.00002073, -0.00002668, -0.00001853, 0.00000001, 0.00001683, 0.00001696, -0.00000196, 0.00000000
0.19861870, 0.10027046, 0.05439816, 0.02811794, 0.01122333, -0.00047808, -0.00906082, -0.01558327, -0.02065717, -0.02467874, -0.02792170, -0.03058178, -0.03280108, -0.03468289, -0.03630224, -0.03771414, -0.03896004, -0.04007313, -0.04108134, -0.04453180, -0.04791840, -0.05191510, -0.05668062, -0.06207630, -0.06779341, -0.07337466, -0.07823544, -0.08174148, -0.08332789, -0.08261516, -0.07948394, -0.07409206, -0.06683780, -0.05828599, -0.04907754, -0.03984145, -0.03112309, -0.02333618, -0.01674065, -0.01144387, -0.00742021, -0.00454246, -0.00261869, -0.00142867, -0.00075545, -0.00040916, -0.00024163, -0.00015187, -0.00008351, -0.00001620, 0.00004656, 0.00009052, 0.00010245, 0.00007832, 0.00002686, -0.00003228, -0.00007488, -0.00008175, -0.00004856, 0.00000788, 0.00005203, 0.00004690, -0.00000661, 0.00000000
-0.43577858, -0.29869435, -0.23605471, -0.20085291, -0.17891662, -0.16421711, -0.15369083, -0.14604273, -0.14048115, -0.13638811, -0.13332945, -0.13104554, -0.12939187, -0.12828213, -0.12764900, -0.12742945, -0.12756213, -0.12799023, -0.12866470, -0.13316153, -0.13966011, -0.14731235, -0.15512758, -0.16208788, -0.16734584, -0.17026090, -0.17037324, -0.16740097, -0.16126661, -0.15212329, -0.14035422, -0.12653678, -0.11137795, -0.09563538, -0.08003945, -0.06522841, -0.05170337, -0.03980573, -0.02971519, -0.02146450, -0.01496572, -0.01004266, -0.00646464, -0.00397796, -0.00233210, -0.00129945, -0.00068781, -0.00034626, -0.00016515, -0.00007175, -0.00002304, 0.00000281, 0.00001473, 0.00001586, 0.00000852, -0.00000332, -0.00001394, -0.00001773, -0.00001200, 0.00000058, 0.00001170, 0.00001133, -0.00000173, 0.00000000
-0.07858678, -0.04421968, -0.02845358, -0.01957381, -0.01399017, -0.01020458, -0.00747523, -0.00544444, -0.00389941, -0.00269411, -0.00172883, -0.00093760, -0.00027666, 0.00028431, 0.00076766, 0.00119070, 0.00156722, 0.00190829, 0.00222285, 0.00333958, 0.00440675, 0.00553649, 0.00675084, 0.00802144, 0.00929190, 0.01048832, 0.01152567, 0.01231689, 0.01278573, 0.01288021, 0.01258236, 0.01191183, 0.01092263, 0.00969479, 0.00832264, 0.00690269, 0.00552279, 0.00425412, 0.00314653, 0.00222729, 0.00150266, 0.00096162, 0.00058085, 0.00033000, 0.00017664, 0.00009039, 0.00004573, 0.00002353, 0.00001135, 0.00000267, -0.00000459, -0.00000988, -0.00001181, -0.00000960, -0.00000386, 0.00000328, 0.00000884, 0.00001019, 0.00000642, -0.00000064, -0.00000650, -0.00000614, 0.00000074, 0.00000000
-0.02918144, -0.06776445, -0.08626360, -0.09720399, -0.10463391, -0.11012451, -0.11435507, -0.11783982, -0.12087429, -0.12358589, -0.12604438, -0.12831949, -0.13048660, -0.13261394, -0.13475247, -0.13693375, -0.13917381, -0.14147914, -0.14385214, -0.15408032, -0.16570173, -0.17869596, -0.19240517, -0.20579161, -0.21774796, -0.22723037, -0.23329756, -0.23517208, -0.23233274, -0.22460487, -0.21220829, -0.19574361, -0.17611990, -0.15444249, -0.13188475, -0.10956637, -0.08845449, -0.06929714, -0.05259130, -0.03858287, -0.02729222, -0.01855729, -0.01208602, -0.00751029, -0.00443573, -0.00248258, -0.00131545, -0.00066103, -0.00031458, -0.00013685, -0.00004402, 0.00000644, 0.00003117, 0.00003479, 0.00002039, -0.00000481, -0.00002885, -0.00003894, -0.00002793, -0.00000047, 0.00002537, 0.00002615, -0.00000283, 0.00000000
-0.22548069, -0.18276474, -0.16394052, -0.15376111, -0.14779637, -0.14406352, -0.14156809, -0.13997950, -0.13906648, -0.13861629, -0.13848749, -0.13861574, -0.13898257, -0.13958253, -0.14040834, -0.14144457, -0.14267158, -0.14406949, -0.14562147, -0.15317264, -0.16260072, -0.17332180, -0.18432160, -0.19442117, -0.20249283, -0.20754116, -0.20876305, -0.20563309, -0.19798702, -0.18606188, -0.17047206, -0.15212597, -0.13210501, -0.11153131, -0.09144745, -0.07272438, -0.05600399, -0.04167899, -0.02990228, -0.02062046, -0.01362154, -0.00858867, -0.00515262, -0.00293758, -0.00159699, -0.00083741, -0.00043088, -0.00021669, -0.00009484, -0.00001387, 0.00004428, 0.00007948, 0.00008656, 0.00006463, 0.00002150, -0.00002679, -0.00006091, -0.00006575, -0.00003836, 0.00000724, 0.00004227, 0.00003740, -0.00000580, 0.00000000
0.31037263, 0.18858025, 0.13148101, 0.09847480, 0.07719501, 0.06235847, 0.05127486, 0.04277268, 0.03613956, 0.03081913, 0.02640902, 0.02265591, 0.01941206, 0.01658653, 0.01411186, 0.01192828, 0.00997971, 0.00821509, 0.00659095, 0.00094829, -0.00381682, -0.00774914, -0.01079825, -0.01290307, -0.01393513, -0.01376611, -0.01238298, -0.00995009, -0.00679168, -0.00332040, 0.00004926, 0.00297296, 0.00521966, 0.00668426, 0.00737592, 0.00739123, 0.00688111, 0.00601848, 0.00497148, 0.00388440, 0.00286677, 0.00198989, 0.00128899, 0.00076941, 0.00041470, 0.00019521, 0.00007595, 0.00002287, 0.00000718, 0.00000761, 0.00001095, 0.00001105, 0.00000700, 0.00000087, -0.00000443, -0.00000678, -0.00000573, -0.00000252, 0.00000071, 0.00000212, 0.00000134, -0.00000013, -0.00000015, 0.00000000
-0.00687636, -0.03468234, -0.04710081, -0.05376835, -0.05779735, -0.06037717, -0.06198956, -0.06302948, -0.06372409, -0.06415481, -0.06435473, -0.06436428, -0.06423694, -0.06402553, -0.06377013, -0.06349439, -0.06320828, -0.06291365, -0.06260971, -0.06135514, -0.06045359, -0.06043958, -0.06143129, -0.06327682, -0.06577452, -0.06869037, -0.07168259, -0.07427510, -0.07591914, -0.07610767, -0.07448860, -0.07093751, -0.06557509, -0.05873432, -0.05089411, -0.04259854, -0.03437925, -0.02669299, -0.01988070, -0.01414966, -0.00957600, -0.00612306, -0.00366955, -0.00204192, -0.00104577, -0.00049256, -0.00021926, -0.00009985, -0.00004894, -0.00001862, 0.00000954, 0.00003501, 0.00004931, 0.00004518, 0.00002243, -0.00001041, -0.00003883, -0.00004845, -0.00003269, 0.00000104, 0.00003081, 0.00003037, -0.00000359, 0.00000000
-0.23334558, -0.21419041, -0.19944183, -0.18746422, -0.17764310, -0.16941381, -0.16230975, -0.15623576, -0.15107796, -0.14666681, -0.14285605, -0.13955096, -0.13669409, -0.13424334, -0.13215849, -0.13039691, -0.12891473, -0.12766953, -0.12662259, -0.12380844, -0.12215207, -0.12061865, -0.11840201, -0.11495586, -0.11002071, -0.10357394, -0.09576548, -0.08686167, -0.07720415, -0.06717404, -0.05715711, -0.04751094, -0.03853733, -0.03046331, -0.02343235, -0.01750580, -0.01267149, -0.00885903, -0.00595672, -0.00382905, -0.00233230, -0.00132714, -0.00068770, -0.00030705, -0.00009945, -0.00000007, 0.00003712, 0.00004255, 0.00003466, 0.00002343, 0.00001342, 0.00000609, 0.00000149, -0.00000088, -0.00000157, -0.00000113, -0.00000017, 0.00000068, 0.00000090, 0.00000029, -0.00000071, -0.00000111, -0.00000025, 0.00000000
-0.06390513, -0.11588382, -0.13686586, -0.14679660, -0.15193754, -0.15461294, -0.15594474, -0.15661095, -0.15694221, -0.15710245, -0.15721009, -0.15736938, -0.15766422, -0.15815140, -0.15886239, -0.15981078, -0.16100044, -0.16243158, -0.16410395, -0.17319933, -0.18589014, -0.20116723, -0.21741392, -0.23282436, -0.24563350, -0.25424522, -0.25738356, -0.25426144, -0.24470110, -0.22915702, -0.20863392, -0.18452584, -0.15841744, -0.13188725, -0.10634336, -0.08290856, -0.06236000, -0.04511953, -0.03128445, -0.02068634, -0.01296465, -0.00764389, -0.00420483, -0.00214367, -0.00101524, -0.00045937, -0.00021120, -0.00009786, -0.00002507, 0.00004267, 0.00010421, 0.00014271, 0.00014262, 0.00010050, 0.00002884, -0.00004708, -0.00009793, -0.00010218, -0.00005750, 0.00001300, 0.00006533, 0.00005648, -0.00000902, 0.00000000
-0.16882283, -0.14980111, -0.13782942, -0.12912291, -0.12246904, -0.11717764, -0.11278904, -0.10916892, -0.10620141, -0.10374876, -0.10169782, -0.09997593, -0.09853910, -0.09735577, -0.09639692, -0.09563206, -0.09503103, -0.09456443, -0.09420577, -0.09343961, -0.09306099, -0.09241396, -0.09100405, -0.08851323, -0.08481664, -0.07994853, -0.07405411, -0.06735061, -0.06009859, -0.05257840, -0.04506797, -0.03782208, -0.03105511, -0.02492888, -0.01954770, -0.01495892, -0.01115929, -0.00810470, -0.00572172, -0.00391917, -0.00259877, -0.00166366, -0.00102482, -0.00060497, -0.00034048, -0.00018151, -0.00009093, -0.00004245, -0.00001845, -0.00000773, -0.00000362, -0.00000237, -0.00000200, -0.00000161, -0.00000088, 0.00000009, 0.00000100, 0.00000144, 0.00000114, 0.00000018, -0.00000086, -0.00000108, -0.00000011, 0.00000000
0.34766146, 0.19337571, 0.12044999, 0.07796375, 0.05017052, 0.03052835, 0.01576544, 0.00426728, -0.00491685, -0.01243167, -0.01872643, -0.02411239, -0.02880662, -0.03296411, -0.03669923, -0.04009936, -0.04323346, -0.04615764, -0.04891871, -0.05904673, -0.06886528, -0.07913605, -0.08991322, -0.10083743, -0.11131772, -0.12061565, -0.12792163, -0.13246834, -0.13366521, -0.13121230, -0.12516025, -0.11590410, -0.10411932, -0.09066009, -0.07644382, -0.06234293, -0.04909903, -0.03726733, -0.02719315, -0.01901684, -0.01270107, -0.00807238, -0.00486909, -0.00278870, -0.00152915, -0.00082042, -0.00044466, -0.00024485, -0.00012319, -0.00003163, 0.00004252, 0.00009268, 0.00010801, 0.00008448, 0.00003062, -0.00003302, -0.00008017, -0.00008914, -0.00005404, 0.00000764, 0.00005692, 0.00005211, -0.00000703, 0.00000000
0.39477553, 0.24069633, 0.16722203, 0.12393921, 0.09534617, 0.07487794, 0.05928488, 0.04701040, 0.03710064, 0.02888580, 0.02190803, 0.01586573, 0.01055684, 0.00583673, 0.00159395, -0.00226152, -0.00580347, -0.00909226, -0.01217684, -0.02316081, -0.03301466, -0.04250603, -0.05190114, -0.06111947, -0.06987137, -0.07775914, -0.08433971, -0.08917679, -0.09190049, -0.09226747, -0.09020712, -0.08584137, -0.07947344, -0.07154998, -0.06260511, -0.05319958, -0.04386252, -0.03504545, -0.02709181, -0.02022336, -0.01454193, -0.01004347, -0.00664041, -0.00418804, -0.00251135, -0.00142896, -0.00077224, -0.00039835, -0.00019695, -0.00009119, -0.00003396, -0.00000123, 0.00001615, 0.00002036, 0.00001280, -0.00000235, -0.00001762, -0.00002465, -0.00001834, -0.00000109, 0.00001583, 0.00001704, -0.00000133, 0.00000000
0.34441595, 0.20560051, 0.14214088, 0.10663006, 0.08451051, 0.06968485, 0.05911406, 0.05134370, 0.04549718, 0.04096326, 0.03732445, 0.03430743, 0.03173237, 0.02947352, 0.02743613, 0.02554434, 0.02373625, 0.02196152, 0.02017991, 0.01245579, 0.00314013, -0.00795861, -0.02053408, -0.03396168, -0.04743699, -0.06009734, -0.07112131, -0.07981255, -0.08566802, -0.08842434, -0.08807524, -0.08485698, -0.07920584, -0.07169620, -0.06297021, -0.05366956, -0.04437764, -0.03557739, -0.02762680, -0.02075156, -0.01505231, -0.01052275, -0.00707445, -0.00456431, -0.00282123, -0.00166934, -0.00094591, -0.00051330, -0.00026478, -0.00012509, -0.00004666, -0.00000333, 0.00001724, 0.00002062, 0.00001114, -0.00000510, -0.00001995, -0.00002546, -0.00001760, 0.00000028, 0.00001665, 0.00001688, -0.00000165, 0.00000000
-0.30288182, -0.30671770, -0.30751560, -0.30743330, -0.30753075, -0.30792243, -0.30831867, -0.30907175, -0.31036867, -0.31212421, -0.31421671, -0.31661566, -0.31937178, -0.32256059, -0.32623896, -0.33042903, -0.33512230, -0.34029224, -0.34590699, -0.37235839, -0.40470715, -0.44198632, -0.48191246, -0.52138161, -0.55723845, -0.58661051, -0.60699857, -0.61638365, -0.61341153, -0.59758324, -0.56936107, -0.53014089, -0.48209205, -0.42790252, -0.37048128, -0.31266849, -0.25699213, -0.20549426, -0.15963519, -0.12027175, -0.08769738, -0.06172749, -0.04181193, -0.02715767, -0.01684724, -0.00994225, -0.00556484, -0.00295396, -0.00149610, -0.00073326, -0.00035228, -0.00016124, -0.00005866, -0.00000138, 0.00002415, 0.00002320, 0.00000477, -0.00001601, -0.00002346, -0.00001093, 0.00001160, 0.00002016, -0.00000023, 0.00000000
0.96505846, 0.55916881, 0.35687388, 0.23327284, 0.14914854, 0.08750624, 0.03961707, 0.00142813, -0.02956280, -0.05520880, -0.07681107, -0.09520878, -0.11093333, -0.12434784, -0.13573459, -0.14533565, -0.15336555, -0.16001243, -0.16543682, -0.17723953, -0.17683473, -0.16765104, -0.15262469, -0.13427424, -0.11455524, -0.09490643, -0.07636656, -0.05965612, -0.04521569, -0.03323119, -0.02366950, -0.01633007, -0.01090589, -0.00704291, -0.00438915, -0.00262869, -0.00150002, -0.00080115, -0.00038526, -0.00015108, -0.00003145, 0.00001745, 0.00002460, 0.00001009, -0.00001165, -0.00003033, -0.00003955, -0.00003682, -0.00002343, -0.00000377, 0.00001606, 0.00002992, 0.00003350, 0.00002571, 0.00000930, -0.00000970, -0.00002375, -0.00002662, -0.00001648, 0.00000179, 0.00001687, 0.00001614, -0.00000128, 0.00000000
0.52899197, 0.30398787, 0.19929056, 0.13923839, 0.10066058, 0.07383561, 0.05396246, 0.03875518, 0.02683425, 0.01723369, 0.00929388, 0.00258646, -0.00316688, -0.00815870, -0.01253480, -0.01641320, -0.01989200, -0.02305235, -0.02596014, -0.03595654, -0.04453734, -0.05247619, -0.06004708, -0.06721014, -0.07371667, -0.07921725, -0.08334925, -0.08579861, -0.08634425, -0.08488967, -0.08148023, -0.07630306, -0.06966865, -0.06197724, -0.05367603, -0.04521401, -0.03700107, -0.02937630, -0.02258802, -0.01678626, -0.01202658, -0.00828274, -0.00546527, -0.00344288, -0.00206369, -0.00117408, -0.00063342, -0.00032397, -0.00015562, -0.00006615, -0.00001772, 0.00000892, 0.00002125, 0.00002152, 0.00001169, -0.00000383, -0.00001808, -0.00002376, -0.00001688, -0.00000033, 0.00001521, 0.00001588, -0.00000126, 0.00000000
-0.68669551, -0.46295434, -0.35509369, -0.29058182, -0.24734633, -0.21592364, -0.19143364, -0.17176554, -0.15562756, -0.14201729, -0.13021982, -0.11978973, -0.11046511, -0.10208067, -0.09451154, -0.08764794, -0.08138908, -0.07564506, -0.07034006, -0.05251607, -0.03897999, -0.02901392, -0.02198603, -0.01728494, -0.01443823, -0.01307979, -0.01286115, -0.01340669, -0.01432805, -0.01526884, -0.01594832, -0.01618649, -0.01590688, -0.01512202, -0.01390924, -0.01238388, -0.01067524, -0.00890780, -0.00718869, -0.00560087, -0.00420100, -0.00302058, -0.00206918, -0.00133872, -0.00080813, -0.00044780, -0.00022369, -0.00010083, -0.00004634, -0.00003165, -0.00003419, -0.00003832, -0.00003549, -0.00002363, -0.00000579, 0.00001199, 0.00002317, 0.00002340, 0.00001277, -0.00000324, -0.00001487, -0.00001291, 0.00000149, 0.00000000
-0.45664482, -0.28630803, -0.20722574, -0.16183056, -0.13260173, -0.11214939, -0.09678440, -0.08485257, -0.07535813, -0.06757382, -0.06100297, -0.05534256, -0.05041660, -0.04611541, -0.04235806, -0.03907563, -0.03620681, -0.03369843, -0.03150685, -0.02535371, -0.02271572, -0.02299501, -0.02545746, -0.02928581, -0.03371900, -0.03809014, -0.04182966, -0.04448489, -0.04575291, -0.04550488, -0.04378620, -0.04079080, -0.03681671, -0.03221431, -0.02733724, -0.02250309, -0.01796724, -0.01391024, -0.01043678, -0.00758353, -0.00533245, -0.00362639, -0.00238490, -0.00151810, -0.00093764, -0.00056446, -0.00033315, -0.00019360, -0.00011028, -0.00006013, -0.00002958, -0.00001142, -0.00000199, 0.00000096, -0.00000046, -0.00000379, -0.00000650, -0.00000667, -0.00000381, 0.00000074, 0.00000409, 0.00000342, -0.00000090, 0.00000000
-0.29577431, -0.21959578, -0.18463699, -0.16481840, -0.15238931, -0.14396582, -0.13780095, -0.13324185, -0.12987399, -0.12733496, -0.12536669, -0.12382769, -0.12265555, -0.12182006, -0.12129724, -0.12105780, -0.12106880, -0.12129683, -0.12171308, -0.12491471, -0.13025212, -0.13734693, -0.14543503, -0.15355065, -0.16076066, -0.16622500, -0.16920176, -0.16908998, -0.16550923, -0.15837274, -0.14791756, -0.13467863, -0.11941502, -0.10300849, -0.08635609, -0.07027546, -0.05543438, -0.04230987, -0.03117604, -0.02211645, -0.01505428, -0.00979290, -0.00606021, -0.00355083, -0.00196203, -0.00102089, -0.00050150, -0.00023264, -0.00009709, -0.00002459, 0.00001925, 0.00004558, 0.00005447, 0.00004450, 0.00001875, -0.00001343, -0.00003874, -0.00004522, -0.00002858, 0.00000300, 0.00002920, 0.00002729, -0.00000389, 0.00000000
-0.43169161, -0.28842351, -0.22209225, -0.18420626, -0.16005228, -0.14339690, -0.13111834, -0.12182006, -0.11464734, -0.10897082, -0.10436013, -0.10054987, -0.09738044, -0.09474666, -0.09256740, -0.09077275, -0.08930091, -0.08809869, -0.08712220, -0.08488352, -0.08447832, -0.08510956, -0.08602396, -0.08655275, -0.08617983, -0.08454517, -0.08144064, -0.07681781, -0.07079220, -0.06362736, -0.05569565, -0.04742381, -0.03923598, -0.03150510, -0.02451940, -0.01846632, -0.01343220, -0.00941411, -0.00633941, -0.00408844, -0.00251684, -0.00147495, -0.00082262, -0.00043907, -0.00022798, -0.00011837, -0.00006251, -0.00003182, -0.00001188, 0.00000265, 0.00001236, 0.00001644, 0.00001471, 0.00000848, 0.00000037, -0.00000651, -0.00000966, -0.00000817, -0.00000318, 0.00000246, 0.00000530, 0.00000340, -0.00000123, 0.00000000
-0.03638098, -0.05143298, -0.05901174, -0.06372094, -0.06710462, -0.06973455, -0.07189531, -0.07378938, -0.07551790, -0.07712902, -0.07866063, -0.08015114, -0.08163505, -0.08313800, -0.08467588, -0.08625686, -0.08788436, -0.08955958, -0.09128299, -0.09865964, -0.10671056, -0.11502538, -0.12293507, -0.12970215, -0.13463920, -0.13716896, -0.13687741, -0.13356726, -0.12729276, -0.11835915, -0.10728396, -0.09472833, -0.08141733, -0.06805838, -0.05527571, -0.04356389, -0.03326396, -0.02456023, -0.01749390, -0.01198842, -0.00788105, -0.00495633, -0.00297703, -0.00171014, -0.00094635, -0.00051231, -0.00027605, -0.00014645, -0.00006823, -0.00001397, 0.00002516, 0.00004839, 0.00005290, 0.00003894, 0.00001210, -0.00001739, -0.00003769, -0.00003996, -0.00002284, 0.00000483, 0.00002569, 0.00002245, -0.00000351, 0.00000000
0.41326141, 0.21047545, 0.11412984, 0.05748269, 0.02000183, -0.00690132, -0.02764601, -0.04426837, -0.05795413, -0.06958192, -0.07979510, -0.08902068, -0.09752278, -0.10546634, -0.11296577, -0.12011265, -0.12698695, -0.13365903, -0.14018813, -0.16559632, -0.19023250, -0.21327531, -0.23344713, -0.24944909, -0.26002380, -0.26411334, -0.26110289, -0.25100420, -0.23449430, -0.21281089, -0.18755526, -0.16046373, -0.13319767, -0.10718254, -0.08350853, -0.06289065, -0.04568016, -0.03191060, -0.02136673, -0.01366180, -0.00831315, -0.00480862, -0.00265937, -0.00143696, -0.00079489, -0.00047610, -0.00030901, -0.00019532, -0.00009271, 0.00000427, 0.00008252, 0.00012566, 0.00012470, 0.00008340, 0.00001827, -0.00004620, -0.00008551, -0.00008431, -0.00004409, 0.00001388, 0.00005406, 0.00004465, -0.00000744, 0.00000000
0.32855044, 0.18787206, 0.12056388, 0.08076945, 0.05435483, 0.03536260, 0.02074743, 0.00909141, -0.00044877, -0.00848909, -0.01547116, -0.02168781, -0.02732573, -0.03250770, -0.03732243, -0.04184078, -0.04612268, -0.05021916, -0.05417250, -0.06910408, -0.08315557, -0.09627386, -0.10804577, -0.11794323, -0.12539489, -0.12987380, -0.13100753, -0.12866673, -0.12300335, -0.11443452, -0.10358337, -0.09119758, -0.07806126, -0.06491483, -0.05239376, -0.04098857, -0.03102709, -0.02267638, -0.01596004, -0.01078567, -0.00697800, -0.00431263, -0.00254711, -0.00144684, -0.00080418, -0.00045025, -0.00025974, -0.00014964, -0.00007335, -0.00001183, 0.00003660, 0.00006600, 0.00007085, 0.00005130, 0.00001502, -0.00002421, -0.00005080, -0.00005331, -0.00003028, 0.00000649, 0.00003411, 0.00002988, -0.00000436, 0.00000000
0.61789174, 0.36905391, 0.25028588, 0.18017851, 0.13370683, 0.10030742, 0.07464692, 0.05423508, 0.03757100, 0.02356958, 0.01146969, 0.00077416, -0.00883468, -0.01757052, -0.02559205, -0.03302787, -0.03998629, -0.04655820, -0.05281786, -0.07570264, -0.09622803, -0.11474284, -0.13105979, -0.14476165, -0.15531352, -0.16219463, -0.16503131, -0.16368982, -0.15831563, -0.14932254, -0.13734709, -0.12317833, -0.10767670, -0.09169575, -0.07601307, -0.06127788, -0.04797815, -0.03642771, -0.02677139, -0.01900462, -0.01300314, -0.00855785, -0.00541073, -0.00328783, -0.00192673, -0.00109667, -0.00061077, -0.00033055, -0.00016379, -0.00005734, 0.00001319, 0.00005480, 0.00006769, 0.00005338, 0.00001922, -0.00002109, -0.00005086, -0.00005645, -0.00003418, 0.00000493, 0.00003626, 0.00003334, -0.00000419, 0.00000000
0.37626219, 0.21006277, 0.13278742, 0.08832645, 0.05949466, 0.03914113, 0.02370571, 0.01148648, 0.00147602, -0.00702340, -0.01449048, -0.02123821, -0.02746869, -0.03331789, -0.03888422, -0.04424372, -0.04945704, -0.05457233, -0.05962679, -0.07966306, -0.09967626, -0.11928947, -0.13771594, -0.15402729, -0.16729956, -0.17673386, -0.18175778, -0.18209666, -0.17780568, -0.16926022, -0.15710854, -0.14219635, -0.12547636, -0.10791613, -0.09041577, -0.07374367, -0.05849459, -0.04507093, -0.03368503, -0.02437834, -0.01705258, -0.01150719, -0.00747847, -0.00467597, -0.00281331, -0.00163143, -0.00091348, -0.00049164, -0.00024682, -0.00010287, -0.00001714, 0.00003046, 0.00004814, 0.00004085, 0.00001584, -0.00001553, -0.00003959, -0.00004485, -0.00002767, 0.00000361, 0.00002917, 0.00002712, -0.00000346, 0.00000000
-0.06847215, -0.05003691, -0.04293711, -0.03976840, -0.03837139, -0.03785192, -0.03779844, -0.03803865, -0.03846498, -0.03900301, -0.03961177, -0.04027515, -0.04098915, -0.04175281, -0.04256422, -0.04342019, -0.04431712, -0.04525203, -0.04622306, -0.05046152, -0.05524152, -0.06037264, -0.06548479, -0.07013562, -0.07388083, -0.07631411, -0.07711050, -0.07607416, -0.07317326, -0.06854824, -0.06249081, -0.05540053, -0.04773012, -0.03993082, -0.03240625, -0.02547990, -0.01937777, -0.01422520, -0.01005502, -0.00682404, -0.00443337, -0.00275026, -0.00162818, -0.00092369, -0.00050888, -0.00027903, -0.00015586, -0.00008687, -0.00004183, -0.00000739, 0.00001899, 0.00003485, 0.00003751, 0.00002711, 0.00000781, -0.00001300, -0.00002701, -0.00002819, -0.00001586, 0.00000359, 0.00001803, 0.00001559, -0.00000249, 0.00000000
-0.22671909, -0.15714562, -0.12320157, -0.10264941, -0.08871667, -0.07849486, -0.07047805, -0.06400796, -0.05867895, -0.05417784, -0.05028135, -0.04684780, -0.04379061, -0.04105232, -0.03858822, -0.03635905, -0.03432918, -0.03246697, -0.03074551, -0.02489257, -0.02018292, -0.01623710, -0.01279655, -0.00969242, -0.00685578, -0.00429018, -0.00203168, -0.00011936, 0.00141982, 0.00257659, 0.00336032, 0.00379792, 0.00393156, 0.00381515, 0.00350981, 0.00307869, 0.00258181, 0.00207158, 0.00158953, 0.00116464, 0.00081314, 0.00053986, 0.00034047, 0.00020439, 0.00011773, 0.00006610, 0.00003662, 0.00001938, 0.00000790, -0.00000101, -0.00000802, -0.00001242, -0.00001320, -0.00001005, -0.00000388, 0.00000319, 0.00000845, 0.00000960, 0.00000594, -0.00000073, -0.00000621, -0.00000586, 0.00000060, 0.00000000
0.05395559, -0.03530501, -0.07517857, -0.09678175, -0.10988777, -0.11836783, -0.12400474, -0.12788849, -0.13063955, -0.13258308, -0.13391973, -0.13481215, -0.13540361, -0.13581163, -0.13612228, -0.13639205, -0.13665522, -0.13693282, -0.13724025, -0.13906843, -0.14263471, -0.14852993, -0.15650570, -0.16578867, -0.17541800, -0.18434336, -0.19144697, -0.19562678, -0.19595262, -0.19183339, -0.18313035, -0.17018324, -0.15374979, -0.13488230, -0.11477425, -0.09460816, -0.07542754, -0.05804937, -0.04301779, -0.03059924, -0.02080998, -0.01346589, -0.00824411, -0.00474643, -0.00255689, -0.00128787, -0.00061191, -0.00027844, -0.00011656, -0.00002670, 0.00003547, 0.00007878, 0.00009616, 0.00008065, 0.00003550, -0.00002314, -0.00007070, -0.00008419, -0.00005451, 0.00000409, 0.00005393, 0.00005161, -0.00000653, 0.00000000
-0.47374128, -0.30883128, -0.23255362, -0.18899203, -0.16121510, -0.14206068, -0.12789250, -0.11712230, -0.10879235, -0.10217621, -0.09676337, -0.09223883, -0.08842012, -0.08519396, -0.08247542, -0.08018948, -0.07826672, -0.07664472, -0.07527061, -0.07155843, -0.06989131, -0.06970684, -0.07043857, -0.07151803, -0.07250370, -0.07307700, -0.07298414, -0.07200690, -0.06997630, -0.06680523, -0.06251400, -0.05723512, -0.05119615, -0.04468707, -0.03802160, -0.03150022, -0.02538092, -0.01986015, -0.01506453, -0.01105182, -0.00781905, -0.00531507, -0.00345511, -0.00213530, -0.00124567, -0.00068057, -0.00034606, -0.00016442, -0.00007576, -0.00003756, -0.00002250, -0.00001533, -0.00000944, -0.00000340, 0.00000175, 0.00000468, 0.00000484, 0.00000289, 0.00000028, -0.00000148, -0.00000165, -0.00000072, -0.00000001, 0.00000000
0.67765350, 0.41136552, 0.28045010, 0.20051758, 0.14560121, 0.10457354, 0.07178466, 0.04471048, 0.02181205, 0.00193484, -0.01572622, -0.03166832, -0.04618090, -0.05944264, -0.07158346, -0.08271296, -0.09292815, -0.10231262, -0.11093415, -0.13860457, -0.15617410, -0.16425111, -0.16383251, -0.15628754, -0.14313066, -0.12594464, -0.10634965, -0.08592380, -0.06608338, -0.04796359, -0.03234503, -0.01963684, -0.00991261, -0.00298036, 0.00153161, 0.00409024, 0.00518531, 0.00527522, 0.00475210, 0.00392465, 0.00301522, 0.00216702, 0.00145753, 0.00091451, 0.00053211, 0.00028511, 0.00014032, 0.00006474, 0.00003050, 0.00001718, 0.00001193, 0.00000832, 0.00000438, 0.00000054, -0.00000205, -0.00000272, -0.00000175, -0.00000017, 0.00000083, 0.00000066, -0.00000022, -0.00000052, 0.00000049, 0.00000000
-0.20371783, -0.15173162, -0.12659828, -0.11149899, -0.10139879, -0.09410544, -0.08842803, -0.08393025, -0.08034515, -0.07742872, -0.07499545, -0.07293713, -0.07120183, -0.06976494, -0.06860800, -0.06770981, -0.06704564, -0.06658975, -0.06631894, -0.06677118, -0.06933746, -0.07371199, -0.07937380, -0.08565021, -0.09188359, -0.09748178, -0.10190809, -0.10468638, -0.10543908, -0.10393832, -0.10014387, -0.09421241, -0.08647544, -0.07739311, -0.06749524, -0.05732091, -0.04736589, -0.03804325, -0.02965989, -0.02240804, -0.01637045, -0.01153478, -0.00781439, -0.00507172, -0.00314138, -0.00185056, -0.00103538, -0.00055247, -0.00028551, -0.00014735, -0.00007840, -0.00004242, -0.00002072, -0.00000606, 0.00000296, 0.00000619, 0.00000450, 0.00000041, -0.00000276, -0.00000272, 0.00000002, 0.00000205, 0.00000016, 0.00000000
0.20264428, 0.08054768, 0.02304579, -0.01032569, -0.03215399, -0.04758664, -0.05916506, -0.06822195, -0.07552907, -0.08157829, -0.08670784, -0.09116247, -0.09512301, -0.09872274, -0.10205898, -0.10520269, -0.10820652, -0.11111112, -0.11394953, -0.12515006, -0.13691533, -0.14959113, -0.16276799, -0.17562186, -0.18716400, -0.19636176, -0.20223277, -0.20396613, -0.20105301, -0.19338325, -0.18127627, -0.16543953, -0.14686881, -0.12671567, -0.10614917, -0.08623407, -0.06784012, -0.05158897, -0.03783813, -0.02669667, -0.01806449, -0.01168552, -0.00720624, -0.00423153, -0.00237249, -0.00128224, -0.00067844, -0.00035267, -0.00016830, -0.00004972, 0.00003391, 0.00008684, 0.00010368, 0.00008234, 0.00003125, -0.00002996, -0.00007595, -0.00008545, -0.00005225, 0.00000710, 0.00005493, 0.00005049, -0.00000688, 0.00000000
-0.16927066, -0.13925142, -0.12477771, -0.11619932, -0.11067038, -0.10693155, -0.10427411, -0.10241323, -0.10116151, -0.10035780, -0.09987950, -0.09964296, -0.09959046, -0.09967737, -0.09986457, -0.10011565, -0.10039658, -0.10067614, -0.10092632, -0.10118553, -0.09950165, -0.09529282, -0.08841319, -0.07908597, -0.06782039, -0.05531550, -0.04236077, -0.02974105, -0.01815011, -0.00812533, -0.00000924, 0.00605933, 0.01012777, 0.01239290, 0.01315382, 0.01276239, 0.01157843, 0.00993389, 0.00810813, 0.00631479, 0.00469876, 0.00334122, 0.00227024, 0.00147424, 0.00091628, 0.00054696, 0.00031512, 0.00017534, 0.00009224, 0.00004172, 0.00000997, -0.00000927, -0.00001794, -0.00001689, -0.00000813, 0.00000428, 0.00001474, 0.00001805, 0.00001195, -0.00000073, -0.00001183, -0.00001159, 0.00000124, 0.00000000
0.00042373, -0.02746203, -0.04017120, -0.04716849, -0.05149159, -0.05433261, -0.05619491, -0.05745509, -0.05833147, -0.05891388, -0.05924671, -0.05937603, -0.05935528, -0.05923483, -0.05905273, -0.05883224, -0.05858456, -0.05831372, -0.05802131, -0.05672094, -0.05563315, -0.05526885, -0.05575825, -0.05698870, -0.05879706, -0.06098336, -0.06324855, -0.06517476, -0.06628324, -0.06613605, -0.06443470, -0.06108206, -0.05619518, -0.05007453, -0.04314372, -0.03587886, -0.02873987, -0.02211693, -0.01629584, -0.01144390, -0.00761364, -0.00476022, -0.00276715, -0.00147525, -0.00071036, -0.00030664, -0.00012323, -0.00005362, -0.00002802, -0.00000975, 0.00001251, 0.00003452, 0.00004643, 0.00004090, 0.00001802, -0.00001369, -0.00004024, -0.00004816, -0.00003172, 0.00000142, 0.00003001, 0.00002921, -0.00000354, 0.00000000
0.23780041, 0.05877077, -0.02612172, -0.07484427, -0.10582365, -0.12680939, -0.14160597, -0.15218779, -0.15974157, -0.16505075, -0.16864090, -0.17086574, -0.17196985, -0.17213137, -0.17148770, -0.17014971, -0.16820935, -0.16574401, -0.16281942, -0.14755674, -0.12847178, -0.10754956, -0.08639247, -0.06626994, -0.04811330, -0.03252673, -0.01980926, -0.00999249, -0.00289138, 0.00183346, 0.00461027, 0.00589554, 0.00612521, 0.00568071, 0.00487020, 0.00392304, 0.00299419, 0.00217504, 0.00150746, 0.00099828, 0.00063255, 0.00038434, 0.00022479, 0.00012722, 0.00006994, 0.00003711, 0.00001834, 0.00000749, 0.00000139, -0.00000154, -0.00000219, -0.00000136, 0.00000010, 0.00000131, 0.00000167, 0.00000103, -0.00000023, -0.00000134, -0.00000157, -0.00000069, 0.00000069, 0.00000124, 0.00000014, 0.00000000
-0.26771929, -0.18168543, -0.14160704, -0.11852759, -0.10366297, -0.09328632, -0.08547699, -0.07941807, -0.07462015, -0.07070175, -0.06739019, -0.06451819, -0.06199216, -0.05975732, -0.05777429, -0.05600820, -0.05442605, -0.05299766, -0.05169740, -0.04745777, -0.04446905, -0.04263076, -0.04178501, -0.04169620, -0.04213453, -0.04288778, -0.04373621, -0.04444192, -0.04476614, -0.04450208, -0.04350681, -0.04172069, -0.03917089, -0.03596069, -0.03224945, -0.02822839, -0.02409667, -0.02004093, -0.01622006, -0.01275577, -0.00972864, -0.00717878, -0.00511010, -0.00349688, -0.00229156, -0.00143285, -0.00085333, -0.00048598, -0.00026944, -0.00015159, -0.00009158, -0.00006042, -0.00004026, -0.00002253, -0.00000552, 0.00000853, 0.00001626, 0.00001568, 0.00000780, -0.00000296, -0.00001002, -0.00000801, 0.00000129, 0.00000000
0.30867410, 0.19884562, 0.14733725, 0.11759803, 0.09855942, 0.08544636, 0.07583956, 0.06871757, 0.06343956, 0.05949350, 0.05651693, 0.05429350, 0.05270392, 0.05167581, 0.05115170, 0.05107625, 0.05139491, 0.05205706, 0.05301927, 0.05929294, 0.06870709, 0.08048326, 0.09358708, 0.10685905, 0.11921555, 0.12969333, 0.13745073, 0.14181092, 0.14234119, 0.13892428, 0.13178503, 0.12146059, 0.10872308, 0.09447505, 0.07963984, 0.06506513, 0.05145119, 0.03930879, 0.02894613, 0.02048014, 0.01386576, 0.00893559, 0.00544369, 0.00310709, 0.00164159, 0.00078880, 0.00033369, 0.00011263, 0.00001330, -0.00003163, -0.00005490, -0.00006674, -0.00006640, -0.00005152, -0.00002398, 0.00000833, 0.00003351, 0.00004064, 0.00002582, -0.00000328, -0.00002758, -0.00002566, 0.00000369, 0.00000000
-0.56908158, -0.51811989, -0.50490235, -0.50300782, -0.50571687, -0.51006909, -0.51431962, -0.51825491, -0.52174083, -0.52449024, -0.52627059, -0.52699453, -0.52668170, -0.52539153, -0.52317885, -0.52007955, -0.51610980, -0.51128357, -0.50561392, -0.47508288, -0.43426217, -0.38660119, -0.33522483, -0.28288737, -0.23205710, -0.18480860, -0.14266316, -0.10651268, -0.07665400, -0.05289901, -0.03471504, -0.02136186, -0.01200738, -0.00581635, -0.00201168, 0.00008699, 0.00104354, 0.00130020, 0.00118294, 0.00091421, 0.00063029, 0.00040063, 0.00024732, 0.00016293, 0.00012557, 0.00011041, 0.00009738, 0.00007510, 0.00004156, 0.00000222, -0.00003336, -0.00005559, -0.00005845, -0.00004178, -0.00001189, 0.00002011, 0.00004171, 0.00004369, 0.00002482, -0.00000543, -0.00002839, -0.00002516, 0.00000320, 0.00000000
-0.47726677, -0.35101739, -0.29166638, -0.25763805, -0.23621323, -0.22179737, -0.21139834, -0.20378546, -0.19818208, -0.19394607, -0.19060918, -0.18788027, -0.18559014, -0.18363161, -0.18192121, -0.18038297, -0.17894566, -0.17754523, -0.17612775, -0.16960212, -0.16104290, -0.15033343, -0.13765757, -0.12340498, -0.10817592, -0.09267694, -0.07758564, -0.06345716, -0.05068624, -0.03950829, -0.03001982, -0.02220544, -0.01596496, -0.01113886, -0.00753129, -0.00493061, -0.00312682, -0.00192543, -0.00115721, -0.00068382, -0.00039938, -0.00022868, -0.00012292, -0.00005390, -0.00000778, 0.00002083, 0.00003373, 0.00003246, 0.00002015, 0.00000186, -0.00001628, -0.00002849, -0.00003093, -0.00002296, -0.00000746, 0.00000983, 0.00002207, 0.00002392, 0.00001418, -0.00000233, -0.00001538, -0.00001410, 0.00000155, 0.00000000
0.21100445, 0.12691450, 0.08650455, 0.06247902, 0.04642983, 0.03479642, 0.02580769, 0.01861855, 0.01271240, 0.00772290, 0.00339695, -0.00043246, -0.00387616, -0.00701234, -0.00990069, -0.01258943, -0.01511835, -0.01752014, -0.01982123, -0.02837574, -0.03635980, -0.04401333, -0.05130012, -0.05801673, -0.06387329, -0.06856164, -0.07180659, -0.07340370, -0.07324660, -0.07134335, -0.06781929, -0.06290559, -0.05691518, -0.05021023, -0.04316662, -0.03614033, -0.02943988, -0.02330732, -0.01790856, -0.01333271, -0.00959883, -0.00666806, -0.00445886, -0.00286323, -0.00176202, -0.00103783, -0.00058486, -0.00031508, -0.00016096, -0.00007508, -0.00002753, -0.00000172, 0.00001030, 0.00001214, 0.00000652, -0.00000298, -0.00001163, -0.00001484, -0.00001028, 0.00000009, 0.00000959, 0.00000977, -0.00000092, 0.00000000
0.09485110, 0.03873990, 0.01268157, -0.00217026, -0.01169544, -0.01827659, -0.02308693, -0.02674931, -0.02961882, -0.03191616, -0.03379309, -0.03536193, -0.03670741, -0.03789223, -0.03896146, -0.03994700, -0.04087185, -0.04175362, -0.04260694, -0.04598230, -0.04974987, -0.05418623, -0.05919491, -0.06447027, -0.06961052, -0.07415483, -0.07761347, -0.07952734, -0.07954604, -0.07749559, -0.07341296, -0.06753999, -0.06028221, -0.05214586, -0.04366789, -0.03535192, -0.02761863, -0.02077513, -0.01500349, -0.01036604, -0.00682336, -0.00425998, -0.00251316, -0.00140060, -0.00074412, -0.00038727, -0.00020609, -0.00011313, -0.00005563, -0.00000936, 0.00003018, 0.00005730, 0.00006471, 0.00004978, 0.00001756, -0.00001985, -0.00004716, -0.00005195, -0.00003114, 0.00000479, 0.00003316, 0.00003006, -0.00000423, 0.00000000
1.09158120, 0.66973909, 0.47348724, 0.36082223, 0.28841632, 0.23803254, 0.20057006, 0.17183774, 0.14930513, 0.13114386, 0.11609069, 0.10334134, 0.09239491, 0.08291739, 0.07465650, 0.06740169, 0.06097080, 0.05520814, 0.04998502, 0.03276785, 0.01924631, 0.00799704, -0.00180824, -0.01062880, -0.01855705, -0.02545353, -0.03111208, -0.03536622, -0.03813100, -0.03940777, -0.03927563, -0.03788058, -0.03542382, -0.03214789, -0.02831922, -0.02420811, -0.02006811, -0.01611772, -0.01252665, -0.00940845, -0.00681970, -0.00476529, -0.00320828, -0.00208263, -0.00130660, -0.00079525, -0.00047054, -0.00026819, -0.00014090, -0.00005833, -0.00000431, 0.00002770, 0.00003959, 0.00003320, 0.00001327, -0.00001176, -0.00003127, -0.00003611, -0.00002298, 0.00000193, 0.00002300, 0.00002228, -0.00000198, 0.00000000
-0.25798425, -0.20052319, -0.17471290, -0.16048075, -0.15190939, -0.14638869, -0.14261313, -0.14009485, -0.13850718, -0.13757246, -0.13710578, -0.13701232, -0.13725139, -0.13780148, -0.13864154, -0.13974599, -0.14108697, -0.14263737, -0.14437494, -0.15290069, -0.16347051, -0.17527445, -0.18714006, -0.19779182, -0.20605488, -0.21093274, -0.21166689, -0.20781554, -0.19932219, -0.18653639, -0.17017142, -0.15120781, -0.13076626, -0.10997592, -0.08985983, -0.07125067, -0.05474400, -0.04068463, -0.02918347, -0.02015485, -0.01336592, -0.00849016, -0.00515807, -0.00300053, -0.00168159, -0.00091982, -0.00049842, -0.00026550, -0.00012687, -0.00003381, 0.00003145, 0.00007017, 0.00007912, 0.00005912, 0.00001880, -0.00002609, -0.00005729, -0.00006102, -0.00003501, 0.00000733, 0.00003935, 0.00003438, -0.00000552, 0.00000000
0.01107463, -0.00932023, -0.02065253, -0.02842096, -0.03443251, -0.03943730, -0.04382293, -0.04780902, -0.05152047, -0.05503730, -0.05841932, -0.06171345, -0.06495482, -0.06816773, -0.07136746, -0.07456281, -0.07775826, -0.08095557, -0.08415478, -0.09692773, -0.10941447, -0.12106251, -0.13117796, -0.13908806, -0.14424015, -0.14625333, -0.14495162, -0.14038344, -0.13282030, -0.12272959, -0.11072422, -0.09749779, -0.08375619, -0.07015584, -0.05725541, -0.04548483, -0.03513194, -0.02634501, -0.01914764, -0.01346197, -0.00913632, -0.00597341, -0.00375651, -0.00227134, -0.00132262, -0.00074480, -0.00040731, -0.00021487, -0.00010413, -0.00003768, 0.00000321, 0.00002583, 0.00003252, 0.00002530, 0.00000851, -0.00001085, -0.00002470, -0.00002676, -0.00001569, 0.00000290, 0.00001730, 0.00001541, -0.00000230, 0.00000000
0.38890291, 0.25143781, 0.18526294, 0.14583057, 0.11947925, 0.10037932, 0.08555301, 0.07366100, 0.06388587, 0.05561390, 0.04841159, 0.04200272, 0.03621806, 0.03094721, 0.02610761, 0.02162998, 0.01745378, 0.01352698, 0.00980681, -0.00355417, -0.01506662, -0.02495673, -0.03327903, -0.04002542, -0.04512801, -0.04851040, -0.05015110, -0.05011978, -0.04858044, -0.04577257, -0.04198332, -0.03751906, -0.03268059, -0.02774359, -0.02294439, -0.01847088, -0.01445830, -0.01098922, -0.00809741, -0.00577460, -0.00397939, -0.00264715, -0.00170011, -0.00105660, -0.00063883, -0.00037858, -0.00022082, -0.00012494, -0.00006415, -0.00002327, 0.00000441, 0.00002063, 0.00002548, 0.00001986, 0.00000686, -0.00000823, -0.00001919, -0.00002109, -0.00001267, 0.00000190, 0.00001352, 0.00001245, -0.00000144, 0.00000000
-0.17526247, -0.13643327, -0.11874573, -0.10877934, -0.10258148, -0.09844055, -0.09537041, -0.09307502, -0.09138703, -0.09011740, -0.08910948, -0.08827659, -0.08758954, -0.08704675, -0.08665067, -0.08639686, -0.08627280, -0.08626146, -0.08634571, -0.08743642, -0.08971415, -0.09333538, -0.09813376, -0.10366691, -0.10943932, -0.11496832, -0.11975025, -0.12324450, -0.12491802, -0.12433006, -0.12121710, -0.11554660, -0.10752651, -0.09757347, -0.08625165, -0.07419804, -0.06204829, -0.05037384, -0.03963662, -0.03016365, -0.02214060, -0.01562103, -0.01054724, -0.00677787, -0.00411805, -0.00234830, -0.00124949, -0.00062212, -0.00029910, -0.00015196, -0.00009139, -0.00006314, -0.00004082, -0.00001715, 0.00000479, 0.00001903, 0.00002192, 0.00001459, 0.00000255, -0.00000698, -0.00000894, -0.00000384, 0.00000172, 0.00000000
0.38756389, 0.21339036, 0.13151459, 0.08400284, 0.05303178, 0.03114418, 0.01468121, 0.00184008, -0.00846795, -0.01698175, -0.02420021, -0.03045555, -0.03597448, -0.04092032, -0.04541714, -0.04956239, -0.05343348, -0.05709193, -0.06058655, -0.07359348, -0.08599581, -0.09835592, -0.11063589, -0.12241840, -0.13310427, -0.14204083, -0.14860101, -0.15224799, -0.15260212, -0.14950098, -0.14303542, -0.13354874, -0.12160253, -0.10790993, -0.09325713, -0.07842171, -0.06410316, -0.05087007, -0.03912983, -0.02911989, -0.02091785, -0.01446531, -0.00960088, -0.00609653, -0.00369282, -0.00212952, -0.00116918, -0.00061269, -0.00030662, -0.00014335, -0.00005559, -0.00000721, 0.00001747, 0.00002389, 0.00001529, -0.00000259, -0.00002061, -0.00002885, -0.00002136, -0.00000103, 0.00001878, 0.00002002, -0.00000169, 0.00000000
0.62583729, 0.37612037, 0.25755413, 0.18793201, 0.14202002, 0.10917198, 0.08401724, 0.06406133, 0.04780144, 0.03415200, 0.02235559, 0.01192304, 0.00254618, -0.00597996, -0.01380700, -0.02105803, -0.02783691, -0.03423079, -0.04031033, -0.06238861, -0.08185692, -0.09902602, -0.11379225, -0.12588941, -0.13495951, -0.14065729, -0.14276134, -0.14124672, -0.13630929, -0.12835038, -0.11793519, -0.10573624, -0.09247143, -0.07884428, -0.06549205, -0.05294623, -0.04160739, -0.03173520, -0.02345209, -0.01675844, -0.01155570, -0.00767428, -0.00490230, -0.00301266, -0.00178577, -0.00102667, -0.00057564, -0.00031270, -0.00015637, -0.00005824, 0.00000530, 0.00004241, 0.00005463, 0.00004381, 0.00001620, -0.00001690, -0.00004164, -0.00004660, -0.00002847, 0.00000384, 0.00002998, 0.00002780, -0.00000335, 0.00000000
-0.71453081, -0.45445946, -0.33437327, -0.26598917, -0.22249015, -0.19257029, -0.17053748, -0.15385143, -0.14098228, -0.13079411, -0.12249525, -0.11559246, -0.10979287, -0.10491017, -0.10080470, -0.09735609, -0.09445579, -0.09200816, -0.08993299, -0.08430152, -0.08167834, -0.08118488, -0.08201467, -0.08339681, -0.08474229, -0.08562835, -0.08572147, -0.08474103, -0.08247613, -0.07882388, -0.07381686, -0.06762435, -0.06052752, -0.05287767, -0.04504889, -0.03739462, -0.03021453, -0.02373403, -0.01809652, -0.01336613, -0.00953809, -0.00655371, -0.00431704, -0.00271110, -0.00161206, -0.00090046, -0.00046927, -0.00022858, -0.00010761, -0.00005446, -0.00003412, -0.00002562, -0.00001857, -0.00000982, -0.00000036, 0.00000726, 0.00001077, 0.00000938, 0.00000420, -0.00000199, -0.00000570, -0.00000450, 0.00000034, 0.00000000
0.01923808, -0.00519495, -0.01763232, -0.02543509, -0.03097893, -0.03524832, -0.03872370, -0.04168176, -0.04428591, -0.04663709, -0.04880574, -0.05084619, -0.05280099, -0.05470209, -0.05657207, -0.05842598, -0.06027347, -0.06212066, -0.06397146, -0.07144836, -0.07902031, -0.08644933, -0.09330234, -0.09908492, -0.10334312, -0.10571377, -0.10595191, -0.10395238, -0.09976422, -0.09359044, -0.08576910, -0.07673765, -0.06698674, -0.05701150, -0.04726756, -0.03813686, -0.02990615, -0.02275839, -0.01677575, -0.01195167, -0.00820897, -0.00542085, -0.00343219, -0.00207881, -0.00120330, -0.00066648, -0.00035427, -0.00018030, -0.00008481, -0.00003092, 0.00000086, 0.00001862, 0.00002473, 0.00002030, 0.00000799, -0.00000721, -0.00001887, -0.00002149, -0.00001332, 0.00000164, 0.00001386, 0.00001285, -0.00000175, 0.00000000
0.42850089, 0.25826816, 0.17749689, 0.13013752, 0.09897516, 0.07674733, 0.05981723, 0.04647301, 0.03567921, 0.02669542, 0.01900758, 0.01227960, 0.00629380, 0.00090087, -0.00401143, -0.00853394, -0.01274244, -0.01669998, -0.02045787, -0.03417844, -0.04665835, -0.05831610, -0.06914511, -0.07890687, -0.08723021, -0.09370784, -0.09798075, -0.09980118, -0.09907209, -0.09586696, -0.09042442, -0.08312509, -0.07445152, -0.06493898, -0.05512436, -0.04550005, -0.03647785, -0.02836589, -0.02135933, -0.01554353, -0.01090739, -0.00736354, -0.00477199, -0.00296423, -0.00176501, -0.00100986, -0.00055755, -0.00029687, -0.00014823, -0.00006099, -0.00000765, 0.00002350, 0.00003593, 0.00003122, 0.00001328, -0.00001018, -0.00002897, -0.00003400, -0.00002180, 0.00000184, 0.00002188, 0.00002100, -0.00000235, 0.00000000
0.14010930, 0.06559939, 0.02957314, 0.00810763, -0.00626137, -0.01662090, -0.02456933, -0.03089071, -0.03603117, -0.04030324, -0.04394067, -0.04711360, -0.04994099, -0.05250487, -0.05486327, -0.05705998, -0.05913072, -0.06110646, -0.06301474, -0.07041383, -0.07808647, -0.08627575, -0.09473626, -0.10297711, -0.11035865, -0.11615564, -0.11965978, -0.12031012, -0.11780633, -0.11216885, -0.10373422, -0.09309507, -0.08100560, -0.06827586, -0.05567432, -0.04385207, -0.03329487, -0.02430374, -0.01700039, -0.01135170, -0.00720589, -0.00433397, -0.00247034, -0.00134812, -0.00072649, -0.00040847, -0.00024914, -0.00015550, -0.00007952, -0.00000687, 0.00005632, 0.00009639, 0.00010265, 0.00007412, 0.00002155, -0.00003514, -0.00007344, -0.00007689, -0.00004354, 0.00000942, 0.00004900, 0.00004270, -0.00000650, 0.00000000
0.16276798, 0.08967785, 0.05475366, 0.03417420, 0.02057854, 0.01086691, 0.00349140, -0.00229633, -0.00694663, -0.01077651, -0.01400859, -0.01679361, -0.01923337, -0.02139953, -0.02334588, -0.02511529, -0.02674306, -0.02825868, -0.02968671, -0.03487536, -0.03972484, -0.04450738, -0.04920469, -0.05363223, -0.05751214, -0.06053055, -0.06239139, -0.06286651, -0.06183505, -0.05930489, -0.05541286, -0.05040533, -0.04460494, -0.03837020, -0.03205601, -0.02597934, -0.02039482, -0.01548102, -0.01133726, -0.00798932, -0.00540161, -0.00349327, -0.00215556, -0.00126835, -0.00071420, -0.00038887, -0.00020787, -0.00010911, -0.00005214, -0.00001483, 0.00001161, 0.00002813, 0.00003301, 0.00002573, 0.00000914, -0.00001045, -0.00002495, -0.00002770, -0.00001684, 0.00000229, 0.00001762, 0.00001621, -0.00000212, 0.00000000
-0.38747837, -0.26149541, -0.20413388, -0.17209508, -0.15231669, -0.13922107, -0.13001950, -0.12350684, -0.11893246, -0.11572329, -0.11348689, -0.11198999, -0.11110078, -0.11073563, -0.11082766, -0.11131507, -0.11213915, -0.11324749, -0.11459582, -0.12179260, -0.13101479, -0.14129094, -0.15149524, -0.16050378, -0.16736026, -0.17131188, -0.17181880, -0.16858915, -0.16162166, -0.15122130, -0.13796972, -0.12265339, -0.10616619, -0.08940697, -0.07318962, -0.05817695, -0.04484310, -0.03346358, -0.02412844, -0.01677189, -0.01121151, -0.00719040, -0.00441719, -0.00260003, -0.00147232, -0.00080946, -0.00043686, -0.00023036, -0.00011086, -0.00003512, 0.00001522, 0.00004447, 0.00005218, 0.00003957, 0.00001275, -0.00001747, -0.00003862, -0.00004121, -0.00002364, 0.00000503, 0.00002668, 0.00002320, -0.00000392, 0.00000000
0.02788987, 0.00664714, -0.00354019, -0.00956777, -0.01360080, -0.01654551, -0.01879770, -0.02059499, -0.02208962, -0.02336893, -0.02448376, -0.02547050, -0.02636042, -0.02718100, -0.02795480, -0.02869868, -0.02942432, -0.03013939, -0.03084905, -0.03370580, -0.03674999, -0.04012197, -0.04378835, -0.04757453, -0.05125001, -0.05457551, -0.05731466, -0.05924070, -0.06015393, -0.05990796, -0.05843467, -0.05575906, -0.05199959, -0.04735468, -0.04207903, -0.03645479, -0.03076277, -0.02525741, -0.02014818, -0.01558843, -0.01167160, -0.00843386, -0.00586171, -0.00390263, -0.00247739, -0.00149222, -0.00084982, -0.00045835, -0.00023783, -0.00012391, -0.00006923, -0.00004246, -0.00002593, -0.00001217, -0.00000014, 0.00000835, 0.00001143, 0.00000891, 0.00000287, -0.00000313, -0.00000561, -0.00000329, 0.00000104, 0.00000000
0.18610008, 0.11661147, 0.08194911, 0.06050944, 0.04561274, 0.03436999, 0.02528407, 0.01769302, 0.01119065, 0.00546142, 0.00027783, -0.00450414, -0.00896925, -0.01316932, -0.01714114, -0.02091499, -0.02451737, -0.02797073, -0.03129272, -0.04344432, -0.05377940, -0.06203105, -0.06796727, -0.07147236, -0.07253203, -0.07124966, -0.06786615, -0.06275395, -0.05637876, -0.04924388, -0.04183424, -0.03457201, -0.02778889, -0.02171531, -0.01648316, -0.01213809, -0.00865703, -0.00596752, -0.00396639, -0.00253592, -0.00155696, -0.00091841, -0.00052341, -0.00029259, -0.00016488, -0.00009647, -0.00005859, -0.00003445, -0.00001609, -0.00000114, 0.00000984, 0.00001556, 0.00001541, 0.00001019, 0.00000211, -0.00000579, -0.00001054, -0.00001032, -0.00000538, 0.00000168, 0.00000657, 0.00000548, -0.00000079, 0.00000000
0.37915022, 0.23189549, 0.16135973, 0.11948586, 0.09154281, 0.07129036, 0.05553108, 0.04282220, 0.03229825, 0.02331096, 0.01539741, 0.00826049, 0.00171967, -0.00433939, -0.00999927, -0.01532799, -0.02038487, -0.02522095, -0.02987800, -0.04721552, -0.06283576, -0.07652792, -0.08791499, -0.09663862, -0.10236993, -0.10487603, -0.10411096, -0.10026703, -0.09376556, -0.08519974, -0.07525453, -0.06462537, -0.05395033, -0.04376235, -0.03446296, -0.02631482, -0.01944942, -0.01388505, -0.00955087, -0.00631329, -0.00400159, -0.00243089, -0.00142072, -0.00080883, -0.00045990, -0.00026957, -0.00016435, -0.00009846, -0.00004837, -0.00000634, 0.00002629, 0.00004506, 0.00004690, 0.00003284, 0.00000864, -0.00001649, -0.00003280, -0.00003356, -0.00001848, 0.00000463, 0.00002151, 0.00001850, -0.00000268, 0.00000000
0.11813566, 0.06622321, 0.03907700, 0.02148797, 0.00867072, -0.00144149, -0.00993218, -0.01730304, -0.02385681, -0.02982292, -0.03536994, -0.04061008, -0.04561330, -0.05042349, -0.05507045, -0.05957660, -0.06395992, -0.06823470, -0.07241152, -0.08822255, -0.10245991, -0.11464870, -0.12426513, -0.13088050, -0.13420350, -0.13411464, -0.13069699, -0.12424407, -0.11523610, -0.10428934, -0.09209070, -0.07933068, -0.06664472, -0.05456944, -0.04351603, -0.03376030, -0.02544708, -0.01860519, -0.01316946, -0.00900604, -0.00593797, -0.00376871, -0.00230184, -0.00135615, -0.00077576, -0.00043544, -0.00024168, -0.00013044, -0.00006252, -0.00001750, 0.00001262, 0.00002937, 0.00003261, 0.00002369, 0.00000681, -0.00001136, -0.00002356, -0.00002455, -0.00001379, 0.00000318, 0.00001579, 0.00001369, -0.00000207, 0.00000000
-0.10013739, -0.09011953, -0.08570730, -0.08323338, -0.08171751, -0.08067815, -0.07986561, -0.07924017, -0.07876043, -0.07837051, -0.07803580, -0.07774972, -0.07752099, -0.07735967, -0.07727118, -0.07725563, -0.07730929, -0.07742776, -0.07760759, -0.07892619, -0.08122432, -0.08435822, -0.08792193, -0.09139353, -0.09424218, -0.09596742, -0.09613474, -0.09442893, -0.09070765, -0.08503121, -0.07765639, -0.06899710, -0.05956333, -0.04989303, -0.04048945, -0.03177280, -0.02405028, -0.01750483, -0.01220009, -0.00809760, -0.00508138, -0.00298562, -0.00162153, -0.00080057, -0.00035230, -0.00013598, -0.00004599, -0.00001181, 0.00000623, 0.00002409, 0.00004237, 0.00005458, 0.00005399, 0.00003825, 0.00001124, -0.00001785, -0.00003779, -0.00003996, -0.00002301, 0.00000441, 0.00002519, 0.00002214, -0.00000345, 0.00000000
-0.00240014, -0.03451279, -0.04998349, -0.05913418, -0.06529334, -0.06975306, -0.07314630, -0.07587474, -0.07815446, -0.08009832, -0.08178667, -0.08329299, -0.08468299, -0.08600867, -0.08730632, -0.08859893, -0.08990058, -0.09122079, -0.09256750, -0.09838206, -0.10520306, -0.11308169, -0.12157978, -0.12999989, -0.13756076, -0.14346983, -0.14698408, -0.14750032, -0.14465441, -0.13839124, -0.12898118, -0.11698023, -0.10314736, -0.08834057, -0.07341243, -0.05912168, -0.04607059, -0.03467149, -0.02514112, -0.01751751, -0.01169283, -0.00745487, -0.00453075, -0.00262717, -0.00146371, -0.00079672, -0.00043326, -0.00023546, -0.00011701, -0.00003382, 0.00002859, 0.00006852, 0.00008007, 0.00006185, 0.00002128, -0.00002582, -0.00005999, -0.00006562, -0.00003902, 0.00000641, 0.00004200, 0.00003780, -0.00000549, 0.00000000
0.23488294, 0.14260487, 0.09708902, 0.06930086, 0.05019925, 0.03595673, 0.02463288, 0.01528611, 0.00734672, 0.00041403, -0.00579265, -0.01146405, -0.01673011, -0.02168258, -0.02638956, -0.03090357, -0.03526602, -0.03950978, -0.04366089, -0.05968220, -0.07517221, -0.09016762, -0.10431185, -0.11705114, -0.12777382, -0.13589959, -0.14094531, -0.14258469, -0.14069922, -0.13540755, -0.12706379, -0.11622308, -0.10358156, -0.08990236, -0.07594029, -0.06237589, -0.04976632, -0.03851625, -0.02886897, -0.02091503, -0.01461421, -0.00982591, -0.00634309, -0.00392551, -0.00232881, -0.00132744, -0.00073007, -0.00038742, -0.00019341, -0.00008070, -0.00001261, 0.00002684, 0.00004269, 0.00003735, 0.00001582, -0.00001239, -0.00003487, -0.00004072, -0.00002588, 0.00000252, 0.00002634, 0.00002498, -0.00000308, 0.00000000
0.08202774, 0.03681199, 0.01481745, 0.00158968, -0.00737675, -0.01398029, -0.01916901, -0.02340934, -0.02698119, -0.03008016, -0.03284340, -0.03536322, -0.03770072, -0.03989730, -0.04198254, -0.04397871, -0.04590315, -0.04776932, -0.04958737, -0.05648699, -0.06282166, -0.06841455, -0.07299183, -0.07628249, -0.07806558, -0.07820169, -0.07665462, -0.07350002, -0.06891916, -0.06317956, -0.05660648, -0.04955050, -0.04235604, -0.03533444, -0.02874412, -0.02277867, -0.01756276, -0.01315487, -0.00955522, -0.00671714, -0.00456021, -0.00298360, -0.00187825, -0.00113718, -0.00066322, -0.00037412, -0.00020495, -0.00010826, -0.00005247, -0.00001888, 0.00000186, 0.00001339, 0.00001681, 0.00001310, 0.00000445, -0.00000558, -0.00001281, -0.00001397, -0.00000828, 0.00000139, 0.00000897, 0.00000809, -0.00000112, 0.00000000
0.36956013, 0.21983309, 0.14882435, 0.10724288, 0.07995588, 0.06057449, 0.04587935, 0.03437354, 0.02515498, 0.01756770, 0.01114905, 0.00559596, 0.00071460, -0.00362561, -0.00752229, -0.01105553, -0.01429386, -0.01729586, -0.02011035, -0.03015624, -0.03908037, -0.04726549, -0.05473053, -0.06130974, -0.06671007, -0.07059380, -0.07267308, -0.07278240, -0.07091494, -0.06722411, -0.06199906, -0.05562419, -0.04853216, -0.04115779, -0.03389865, -0.02708556, -0.02096468, -0.01569100, -0.01133174, -0.00787764, -0.00525936, -0.00336641, -0.00206619, -0.00122116, -0.00070275, -0.00040112, -0.00023065, -0.00013128, -0.00006642, -0.00001838, 0.00001765, 0.00003987, 0.00004539, 0.00003424, 0.00001116, -0.00001492, -0.00003342, -0.00003610, -0.00002126, 0.00000365, 0.00002304, 0.00002078, -0.00000273, 0.00000000
0.11573406, 0.06625474, 0.04231832, 0.02796361, 0.01827218, 0.01117433, 0.00561664, 0.00110079, -0.00266992, -0.00590871, -0.00876776, -0.01134955, -0.01372152, -0.01592955, -0.01800734, -0.01998160, -0.02187452, -0.02370465, -0.02548730, -0.03234598, -0.03898121, -0.04537637, -0.05132943, -0.05655867, -0.06075544, -0.06363091, -0.06496339, -0.06463725, -0.06266436, -0.05918456, -0.05444689, -0.04877743, -0.04254061, -0.03610078, -0.02978912, -0.02387931, -0.01857310, -0.01399570, -0.01019949, -0.00717410, -0.00486037, -0.00316611, -0.00198162, -0.00119340, -0.00069513, -0.00039530, -0.00022139, -0.00012097, -0.00006015, -0.00002020, 0.00000683, 0.00002271, 0.00002718, 0.00002090, 0.00000701, -0.00000890, -0.00002028, -0.00002201, -0.00001296, 0.00000229, 0.00001417, 0.00001272, -0.00000178, 0.00000000
-0.20425979, -0.14414215, -0.11771529, -0.10354108, -0.09524990, -0.09011143, -0.08675507, -0.08463601, -0.08341377, -0.08281133, -0.08263826, -0.08279036, -0.08321905, -0.08389938, -0.08481075, -0.08593005, -0.08723204, -0.08869220, -0.09028937, -0.09778055, -0.10670318, -0.11659052, -0.12668530, -0.13610314, -0.14401241, -0.14969246, -0.15255531, -0.15218806, -0.14840924, -0.14130857, -0.13124790, -0.11881926, -0.10477019, -0.08991363, -0.07503946, -0.06084099, -0.04786396, -0.03648065, -0.02688731, -0.01912040, -0.01308586, -0.00859547, -0.00540460, -0.00324720, -0.00186469, -0.00102727, -0.00054674, -0.00028160, -0.00013542, -0.00005031, 0.00000259, 0.00003372, 0.00004489, 0.00003698, 0.00001450, -0.00001329, -0.00003454, -0.00003917, -0.00002407, 0.00000326, 0.00002536, 0.00002325, -0.00000341, 0.00000000
0.34954029, 0.20541453, 0.13760463, 0.09827150, 0.07271898, 0.05476013, 0.04130676, 0.03090010, 0.02265910, 0.01595565, 0.01035312, 0.00556534, 0.00140663, -0.00225039, -0.00550152, -0.00842449, -0.01108456, -0.01353646, -0.01582526, -0.02396386, -0.03127718, -0.03820692, -0.04482565, -0.05099661, -0.05644741, -0.06084838, -0.06388784, -0.06533120, -0.06505937, -0.06308617, -0.05955603, -0.05472473, -0.04892780, -0.04254221, -0.03594736, -0.02949040, -0.02345962, -0.01806793, -0.01344665, -0.00964852, -0.00665817, -0.00440734, -0.00279242, -0.00169197, -0.00098232, -0.00054985, -0.00029939, -0.00015836, -0.00007720, -0.00002666, 0.00000692, 0.00002739, 0.00003440, 0.00002792, 0.00001097, -0.00000981, -0.00002577, -0.00002945, -0.00001840, 0.00000201, 0.00001886, 0.00001775, -0.00000209, 0.00000000
-0.01718960, -0.01436577, -0.01384939, -0.01410975, -0.01472146, -0.01551331, -0.01640528, -0.01736191, -0.01836049, -0.01938664, -0.02043271, -0.02149437, -0.02256796, -0.02364944, -0.02473436, -0.02581820, -0.02689660, -0.02796546, -0.02902086, -0.03302912, -0.03649644, -0.03916394, -0.04083197, -0.04138707, -0.04080225, -0.03913247, -0.03650846, -0.03312421, -0.02921622, -0.02503735, -0.02083038, -0.01680602, -0.01312807, -0.00990668, -0.00719884, -0.00501447, -0.00332596, -0.00207927, -0.00120491, -0.00062768, -0.00027444, -0.00007960, 0.00001151, 0.00004132, 0.00004025, 0.00002800, 0.00001559, 0.00000767, 0.00000475, 0.00000517, 0.00000666, 0.00000736, 0.00000634, 0.00000368, 0.00000028, -0.00000266, -0.00000409, -0.00000359, -0.00000154, 0.00000090, 0.00000228, 0.00000163, -0.00000039, 0.00000000
-0.37726747, -0.23793370, -0.17438363, -0.13876796, -0.11655855, -0.10165376, -0.09100042, -0.08321391, -0.07745962, -0.07313018, -0.06980767, -0.06723072, -0.06524050, -0.06373268, -0.06262774, -0.06185752, -0.06136150, -0.06108682, -0.06098906, -0.06175605, -0.06352497, -0.06557655, -0.06731452, -0.06826558, -0.06813720, -0.06680027, -0.06424675, -0.06055942, -0.05589626, -0.05047602, -0.04456092, -0.03843078, -0.03235730, -0.02657920, -0.02128508, -0.01660400, -0.01260455, -0.00930037, -0.00666037, -0.00462117, -0.00309970, -0.00200475, -0.00124620, -0.00074167, -0.00042060, -0.00022598, -0.00011425, -0.00005401, -0.00002386, -0.00001012, -0.00000460, -0.00000272, -0.00000210, -0.00000162, -0.00000087, 0.00000014, 0.00000110, 0.00000159, 0.00000130, 0.00000026, -0.00000093, -0.00000127, -0.00000021, 0.00000000
-0.24479060, -0.16143029, -0.12342856, -0.10212946, -0.08885000, -0.07994724, -0.07360196, -0.06897956, -0.06557492, -0.06302762, -0.06109303, -0.05961626, -0.05849894, -0.05767275, -0.05708413, -0.05668761, -0.05644375, -0.05631865, -0.05628369, -0.05662309, -0.05702894, -0.05683347, -0.05557771, -0.05301307, -0.04909389, -0.04394692, -0.03783608, -0.03112292, -0.02421960, -0.01753683, -0.01143530, -0.00618857, -0.00196270, 0.00118650, 0.00330138, 0.00450033, 0.00495064, 0.00484138, 0.00435973, 0.00367290, 0.00291665, 0.00219009, 0.00155600, 0.00104504, 0.00066253, 0.00039634, 0.00022449, 0.00012175, 0.00006457, 0.00003409, 0.00001737, 0.00000712, 0.00000037, -0.00000337, -0.00000388, -0.00000157, 0.00000206, 0.00000471, 0.00000447, 0.00000109, -0.00000311, -0.00000408, 0.00000002, 0.00000000
0.23365985, 0.13566387, 0.08966287, 0.06298304, 0.04560775, 0.03334790, 0.02410508, 0.01689046, 0.01111513, 0.00636109, 0.00233683, -0.00114901, -0.00421976, -0.00695894, -0.00942861, -0.01167893, -0.01375222, -0.01568429, -0.01750482, -0.02407750, -0.03002527, -0.03558828, -0.04076008, -0.04540493, -0.04930171, -0.05219708, -0.05386524, -0.05415770, -0.05303326, -0.05056597, -0.04693418, -0.04239574, -0.03725554, -0.03183135, -0.02642282, -0.02128687, -0.01662148, -0.01255819, -0.00916256, -0.00644103, -0.00435233, -0.00282123, -0.00175285, -0.00104584, -0.00060330, -0.00034075, -0.00019082, -0.00010485, -0.00005185, -0.00001538, 0.00001061, 0.00002641, 0.00003068, 0.00002352, 0.00000805, -0.00000972, -0.00002255, -0.00002466, -0.00001470, 0.00000236, 0.00001581, 0.00001435, -0.00000189, 0.00000000
1.20093750, 0.74551987, 0.53164653, 0.40759624, 0.32700989, 0.27031500, 0.22763798, 0.19446999, 0.16808882, 0.14649925, 0.12830671, 0.11262053, 0.09888953, 0.08675082, 0.07593294, 0.06620957, 0.05738412, 0.04928787, 0.04178125, 0.01581513, -0.00581971, -0.02427624, -0.04008646, -0.05347561, -0.06435932, -0.07249278, -0.07766780, -0.07984039, -0.07916766, -0.07598360, -0.07074782, -0.06398948, -0.05625673, -0.04807486, -0.03991374, -0.03216413, -0.02512303, -0.01898768, -0.01385806, -0.00974669, -0.00659416, -0.00428850, -0.00268587, -0.00163066, -0.00097272, -0.00058071, -0.00035038, -0.00020787, -0.00010838, -0.00003115, 0.00002796, 0.00006475, 0.00007428, 0.00005655, 0.00001914, -0.00002350, -0.00005417, -0.00005922, -0.00003541, 0.00000545, 0.00003787, 0.00003478, -0.00000398, 0.00000000
-0.02094659, -0.03122993, -0.03771446, -0.04253224, -0.04651423, -0.04998283, -0.05302827, -0.05582210, -0.05847486, -0.06101458, -0.06344689, -0.06579223, -0.06808710, -0.07037127, -0.07267665, -0.07502316, -0.07742008, -0.07986986, -0.08237213, -0.09292340, -0.10450599, -0.11716898, -0.13047084, -0.14363840, -0.15581762, -0.16618106, -0.17395939, -0.17847847, -0.17923421, -0.17597198, -0.16874456, -0.15791724, -0.14412665, -0.12820428, -0.11107558, -0.09366207, -0.07679528, -0.06115401, -0.04722757, -0.03530654, -0.02549344, -0.01773142, -0.01184216, -0.00756762, -0.00461071, -0.00267031, -0.00146860, -0.00076933, -0.00038700, -0.00018813, -0.00008604, -0.00003154, -0.00000149, 0.00001238, 0.00001283, 0.00000330, -0.00000978, -0.00001818, -0.00001569, -0.00000257, 0.00001215, 0.00001435, -0.00000107, 0.00000000
-0.02698706, -0.04878276, -0.05877036, -0.06432041, -0.06780357, -0.07015896, -0.07173856, -0.07284570, -0.07366737, -0.07427575, -0.07469982, -0.07497104, -0.07513111, -0.07522272, -0.07528030, -0.07532626, -0.07537237, -0.07542338, -0.07548107, -0.07583851, -0.07671161, -0.07847645, -0.08115036, -0.08447463, -0.08810121, -0.09165427, -0.09471629, -0.09682942, -0.09754344, -0.09649221, -0.09346556, -0.08845171, -0.08164080, -0.07339327, -0.06418450, -0.05453949, -0.04497001, -0.03592300, -0.02774538, -0.02066657, -0.01479729, -0.01014143, -0.00661710, -0.00408212, -0.00236052, -0.00126666, -0.00062493, -0.00028368, -0.00012309, -0.00005736, -0.00003226, -0.00001924, -0.00000791, 0.00000190, 0.00000701, 0.00000557, -0.00000073, -0.00000723, -0.00000890, -0.00000386, 0.00000419, 0.00000706, -0.00000006, 0.00000000
0.59367650, 0.35969158, 0.24991907, 0.18637340, 0.14520829, 0.11634742, 0.09469812, 0.07794325, 0.06468469, 0.05388822, 0.04482544, 0.03703125, 0.03022070, 0.02420896, 0.01885886, 0.01405553, 0.00969827, 0.00570003, 0.00198884, -0.01090614, -0.02163976, -0.03054570, -0.03769893, -0.04309780, -0.04664631, -0.04823873, -0.04787603, -0.04572673, -0.04211568, -0.03746693, -0.03223337, -0.02683621, -0.02162440, -0.01685513, -0.01269135, -0.00921106, -0.00642276, -0.00428357, -0.00271675, -0.00162721, -0.00091429, -0.00048136, -0.00024258, -0.00012689, -0.00007978, -0.00006316, -0.00005371, -0.00004033, -0.00002087, 0.00000127, 0.00002046, 0.00003151, 0.00003169, 0.00002163, 0.00000524, -0.00001139, -0.00002196, -0.00002225, -0.00001219, 0.00000305, 0.00001419, 0.00001232, -0.00000151, 0.00000000
-0.27533810, -0.19503682, -0.15845686, -0.13806332, -0.12553640, -0.11733447, -0.11168012, -0.10779318, -0.10518745, -0.10349856, -0.10247801, -0.10197329, -0.10189252, -0.10217221, -0.10276039, -0.10360991, -0.10467744, -0.10592427, -0.10731693, -0.11383739, -0.12096628, -0.12765597, -0.13295255, -0.13609184, -0.13656507, -0.13412520, -0.12877754, -0.12076432, -0.11053284, -0.09868069, -0.08588637, -0.07283268, -0.06014044, -0.04831867, -0.03773612, -0.02861364, -0.02103382, -0.01496288, -0.01027918, -0.00680385, -0.00432935, -0.00264377, -0.00154918, -0.00087381, -0.00047840, -0.00025757, -0.00013743, -0.00007072, -0.00003067, -0.00000456, 0.00001205, 0.00001995, 0.00001952, 0.00001240, 0.00000184, -0.00000803, -0.00001344, -0.00001242, -0.00000579, 0.00000279, 0.00000805, 0.00000599, -0.00000147, 0.00000000
0.32845333, 0.18026963, 0.11091143, 0.07090597, 0.04498424, 0.02682549, 0.01329853, 0.00284594, -0.00545056, -0.01220408, -0.01783441, -0.02262983, -0.02679167, -0.03046476, -0.03375649, -0.03674869, -0.03950518, -0.04207693, -0.04450562, -0.05341250, -0.06203047, -0.07103018, -0.08045979, -0.09000039, -0.09914308, -0.10726819, -0.11370069, -0.11779289, -0.11903102, -0.11713305, -0.11210681, -0.10425437, -0.09412594, -0.08243807, -0.06997775, -0.05750762, -0.04568943, -0.03503170, -0.02586469, -0.01834048, -0.01245314, -0.00807244, -0.00498437, -0.00293218, -0.00165301, -0.00090671, -0.00049508, -0.00027107, -0.00013900, -0.00004763, 0.00002153, 0.00006783, 0.00008445, 0.00006853, 0.00002670, -0.00002455, -0.00006365, -0.00007224, -0.00004463, 0.00000552, 0.00004635, 0.00004300, -0.00000563, 0.00000000
0.27582617, 0.15285979, 0.09441889, 0.06000099, 0.03715082, 0.02064985, 0.00784468, -0.00249723, -0.01110242, -0.01849701, -0.02505419, -0.03101692, -0.03653562, -0.04170576, -0.04659397, -0.05125291, -0.05572643, -0.06005123, -0.06425670, -0.08021732, -0.09493223, -0.10801036, -0.11890217, -0.12709859, -0.13216510, -0.13379809, -0.13189979, -0.12662578, -0.11838228, -0.10777741, -0.09554420, -0.08245541, -0.06924506, -0.05654917, -0.04486553, -0.03453684, -0.02575178, -0.01856058, -0.01290001, -0.00862335, -0.00553124, -0.00340023, -0.00200706, -0.00114709, -0.00064661, -0.00036914, -0.00021646, -0.00012529, -0.00006111, -0.00001025, 0.00002835, 0.00005069, 0.00005350, 0.00003787, 0.00001029, -0.00001869, -0.00003768, -0.00003877, -0.00002144, 0.00000531, 0.00002489, 0.00002139, -0.00000324, 0.00000000
-0.17446852, -0.13465467, -0.11680536, -0.10697631, -0.10107258, -0.09729407, -0.09465684, -0.09285349, -0.09169559, -0.09098289, -0.09056105, -0.09034903, -0.09032071, -0.09047376, -0.09080748, -0.09131381, -0.09197742, -0.09277969, -0.09370301, -0.09840251, -0.10462549, -0.11230602, -0.12098677, -0.12994348, -0.13841973, -0.14570054, -0.15110809, -0.15402320, -0.15395362, -0.15061772, -0.14400488, -0.13438985, -0.12229855, -0.10843701, -0.09360139, -0.07858695, -0.06410987, -0.05075052, -0.03892151, -0.02885952, -0.02063704, -0.01418856, -0.00934524, -0.00587249, -0.00350575, -0.00198114, -0.00105870, -0.00053744, -0.00026236, -0.00012440, -0.00005503, -0.00001738, 0.00000414, 0.00001378, 0.00001243, 0.00000263, -0.00000981, -0.00001738, -0.00001459, -0.00000206, 0.00001158, 0.00001330, -0.00000120, 0.00000000
0.34786218, 0.19076174, 0.11731321, 0.07506045, 0.04786042, 0.02894358, 0.01495937, 0.00428572, -0.00405066, -0.01072473, -0.01620238, -0.02079500, -0.02471148, -0.02809847, -0.03106575, -0.03369997, -0.03607154, -0.03823825, -0.04024744, -0.04737743, -0.05401399, -0.06073885, -0.06761727, -0.07441265, -0.08071909, -0.08605238, -0.08992406, -0.09191177, -0.09172411, -0.08924985, -0.08457876, -0.07799076, -0.06991713, -0.06088338, -0.05144535, -0.04212920, -0.03338311, -0.02554550, -0.01883064, -0.01333047, -0.00902931, -0.00582714, -0.00356729, -0.00206429, -0.00112888, -0.00058774, -0.00029675, -0.00014761, -0.00006829, -0.00001853, 0.00001791, 0.00004255, 0.00005120, 0.00004118, 0.00001553, -0.00001624, -0.00004084, -0.00004652, -0.00002921, 0.00000281, 0.00002932, 0.00002769, -0.00000337, 0.00000000
0.00175524, -0.03010717, -0.04552091, -0.05473784, -0.06103725, -0.06569708, -0.06937787, -0.07245719, -0.07513147, -0.07751727, -0.07970469, -0.08176927, -0.08377006, -0.08574845, -0.08773098, -0.08973395, -0.09176787, -0.09384052, -0.09595854, -0.10498544, -0.11493782, -0.12543645, -0.13573788, -0.14497601, -0.15228994, -0.15689586, -0.15817124, -0.15574849, -0.14958318, -0.13996980, -0.12750032, -0.11297883, -0.09731387, -0.08141061, -0.06607931, -0.05197039, -0.03953926, -0.02903931, -0.02053776, -0.01394778, -0.00906953, -0.00563374, -0.00334248, -0.00190346, -0.00105552, -0.00058468, -0.00033084, -0.00018679, -0.00009102, -0.00001678, 0.00004044, 0.00007502, 0.00008108, 0.00005895, 0.00001752, -0.00002730, -0.00005763, -0.00006041, -0.00003410, 0.00000769, 0.00003883, 0.00003366, -0.00000530, 0.00000000
0.81539005, 0.49259543, 0.33971696, 0.25011987, 0.19112187, 0.14896036, 0.11668150, 0.09106612, 0.07018286, 0.05263398, 0.03744246, 0.02397722, 0.01184197, 0.00077461, -0.00941803, -0.01889283, -0.02778262, -0.03619918, -0.04423351, -0.07370979, -0.10014264, -0.12382900, -0.14451302, -0.16173137, -0.17490447, -0.18347936, -0.18708778, -0.18565426, -0.17943350, -0.16898703, -0.15511792, -0.13878452, -0.12100342, -0.10276317, -0.08494844, -0.06828569, -0.05331100, -0.04035979, -0.02957620, -0.02093757, -0.01428941, -0.00938547, -0.00592818, -0.00360558, -0.00212157, -0.00121797, -0.00068743, -0.00037788, -0.00018943, -0.00006579, 0.00001770, 0.00006711, 0.00008191, 0.00006396, 0.00002245, -0.00002597, -0.00006130, -0.00006749, -0.00004049, 0.00000627, 0.00004343, 0.00003970, -0.00000502, 0.00000000
-0.24854502, -0.16062444, -0.12130926, -0.09981223, -0.08682843, -0.07846071, -0.07278052, -0.06891094, -0.06632062, -0.06462915, -0.06358080, -0.06301798, -0.06284448, -0.06299531, -0.06341942, -0.06407247, -0.06491505, -0.06591280, -0.06703660, -0.07236628, -0.07830974, -0.08406980, -0.08891519, -0.09224480, -0.09364368, -0.09289135, -0.08995638, -0.08498668, -0.07828806, -0.07028597, -0.06147374, -0.05235633, -0.04339927, -0.03498991, -0.02741438, -0.02085026, -0.01537241, -0.01096833, -0.00755885, -0.00502055, -0.00320705, -0.00196708, -0.00115832, -0.00065664, -0.00036099, -0.00019464, -0.00010354, -0.00005294, -0.00002292, -0.00000377, 0.00000811, 0.00001364, 0.00001329, 0.00000835, 0.00000111, -0.00000556, -0.00000913, -0.00000832, -0.00000378, 0.00000196, 0.00000539, 0.00000392, -0.00000104, 0.00000000
