0.01000000, 0.01500000, 0.02000000, 0.02500000, 0.03000000, 0.03500000, 0.04000000, 0.04500000, 0.05000000, 0.05500000, 0.06000000, 0.06500000, 0.07000000, 0.07500000, 0.08000000, 0.08500000, 0.09000000, 0.09500000, 0.10000000, 0.12000000, 0.14000000, 0.16000000, 0.18000000, 0.20000000, 0.22000000, 0.24000000, 0.26000000, 0.28000000, 0.30000000, 0.32000000, 0.34000000, 0.36000000, 0.38000000, 0.40000000, 0.42000000, 0.44000000, 0.46000000, 0.48000000, 0.50000000, 0.52000000, 0.54000000, 0.56000000, 0.58000000, 0.60000000, 0.62000000, 0.64000000, 0.66000000, 0.68000000, 0.70000000, 0.72000000, 0.74000000, 0.76000000, 0.78000000, 0.80000000, 0.82000000, 0.84000000, 0.86000000, 0.88000000, 0.90000000, 0.92000000, 0.94000000, 0.96000000, 0.98000000, 1.00000000
-0.00013554, -0.00018953, -0.00020667, -0.00021145, -0.00020747, -0.00019767, -0.00018702, -0.00017435, -0.00015909, -0.00014233, -0.00012532, -0.00010867, -0.00009246, -0.00007652, -0.00006072, -0.00004508, -0.00002969, -0.00001472, -0.00000034, 0.00005096, 0.00009143, 0.00012310, 0.00014665, 0.00016205, 0.00016979, 0.00017107, 0.00016726, 0.00015956, 0.00014892, 0.00013612, 0.00012186, 0.00010683, 0.00009170, 0.00007706, 0.00006340, 0.00005107, 0.00004024, 0.00003098, 0.00002324, 0.00001709, 0.00001226, 0.00000852, 0.00000572, 0.00000370, 0.00000231, 0.00000141, 0.00000087, 0.00000059, 0.00000049, 0.00000047, 0.00000049, 0.00000048, 0.00000042, 0.00000029, 0.00000009, -0.00000016, -0.00000042, -0.00000067, -0.00000090, -0.00000107, -0.00000119, -0.00000120, -0.00000094, 0.00000000
-0.00012238, -0.00021856, -0.00026256, -0.00028879, -0.00030324, -0.00030985, -0.00031468, -0.00031644, -0.00031448, -0.00031008, -0.00030469, -0.00029904, -0.00029319, -0.00028698, -0.00028028, -0.00027307, -0.00026550, -0.00025775, -0.00025004, -0.00022032, -0.00019394, -0.00016940, -0.00014678, -0.00012698, -0.00011026, -0.00009611, -0.00008383, -0.00007290, -0.00006311, -0.00005442, -0.00004683, -0.00004027, -0.00003463, -0.00002974, -0.00002542, -0.00002156, -0.00001811, -0.00001504, -0.00001236, -0.00000990, -0.00000779, -0.00000605, -0.00000464, -0.00000351, -0.00000260, -0.00000186, -0.00000126, -0.00000076, -0.00000034, -0.00000001, 0.00000022, 0.00000035, 0.00000037, 0.00000027, 0.00000008, -0.00000018, -0.00000045, -0.00000070, -0.00000091, -0.00000107, -0.00000117, -0.00000118, -0.00000093, 0.00000000
-0.00094229, -0.00068917, -0.00056029, -0.00046764, -0.00039827, -0.00034371, -0.00028946, -0.00024022, -0.00019877, -0.00016260, -0.00012858, -0.00009538, -0.00006323, -0.00003294, -0.00000517, 0.00001990, 0.00004242, 0.00006280, 0.00008147, 0.00014596, 0.00019515, 0.00022672, 0.00024319, 0.00024948, 0.00024874, 0.00024200, 0.00022970, 0.00021272, 0.00019250, 0.00017072, 0.00014888, 0.00012801, 0.00010866, 0.00009103, 0.00007509, 0.00006079, 0.00004807, 0.00003697, 0.00002752, 0.00001996, 0.00001414, 0.00000988, 0.00000698, 0.00000514, 0.00000405, 0.00000339, 0.00000290, 0.00000242, 0.00000187, 0.00000128, 0.00000073, 0.00000029, 0.00000004, -0.00000002, 0.00000007, 0.00000017, 0.00000017, -0.00000005, -0.00000051, -0.00000109, -0.00000155, -0.00000155, -0.00000092, 0.00000000
-0.00072173, -0.00057666, -0.00049972, -0.00044166, -0.00039435, -0.00035349, -0.00031214, -0.00027269, -0.00023664, -0.00020297, -0.00017031, -0.00013812, -0.00010659, -0.00007620, -0.00004731, -0.00002008, 0.00000551, 0.00002962, 0.00005241, 0.00013422, 0.00020080, 0.00025103, 0.00028626, 0.00030911, 0.00032149, 0.00032444, 0.00031882, 0.00030575, 0.00028674, 0.00026347, 0.00023755, 0.00021037, 0.00018304, 0.00015643, 0.00013119, 0.00010781, 0.00008665, 0.00006796, 0.00005191, 0.00003869, 0.00002811, 0.00001991, 0.00001381, 0.00000946, 0.00000646, 0.00000443, 0.00000306, 0.00000210, 0.00000139, 0.00000084, 0.00000042, 0.00000012, -0.00000005, -0.00000011, -0.00000011, -0.00000010, -0.00000016, -0.00000036, -0.00000069, -0.00000109, -0.00000139, -0.00000138, -0.00000090, 0.00000000
0.00003993, -0.00016286, -0.00025588, -0.00031349, -0.00034785, -0.00036703, -0.00038392, -0.00039532, -0.00039952, -0.00039905, -0.00039684, -0.00039429, -0.00039142, -0.00038773, -0.00038282, -0.00037661, -0.00036932, -0.00036132, -0.00035303, -0.00032013, -0.00028967, -0.00025851, -0.00022719, -0.00019818, -0.00017256, -0.00014977, -0.00012879, -0.00010908, -0.00009070, -0.00007405, -0.00005950, -0.00004721, -0.00003708, -0.00002882, -0.00002210, -0.00001660, -0.00001209, -0.00000845, -0.00000560, -0.00000331, -0.00000166, -0.00000061, -0.00000004, 0.00000021, 0.00000027, 0.00000028, 0.00000032, 0.00000044, 0.00000064, 0.00000088, 0.00000108, 0.00000116, 0.00000108, 0.00000083, 0.00000043, -0.00000004, -0.00000048, -0.00000081, -0.00000100, -0.00000106, -0.00000107, -0.00000110, -0.00000098, 0.00000000
0.00017602, -0.00005657, -0.00016012, -0.00022387, -0.00026069, -0.00027993, -0.00029781, -0.00030966, -0.00031294, -0.00031079, -0.00030694, -0.00030311, -0.00029924, -0.00029461, -0.00028864, -0.00028120, -0.00027256, -0.00026319, -0.00025362, -0.00021765, -0.00018714, -0.00015736, -0.00012862, -0.00010388, -0.00008429, -0.00006879, -0.00005577, -0.00004423, -0.00003397, -0.00002525, -0.00001835, -0.00001330, -0.00000984, -0.00000753, -0.00000593, -0.00000465, -0.00000352, -0.00000248, -0.00000159, -0.00000079, -0.00000025, -0.00000004, -0.00000011, -0.00000035, -0.00000063, -0.00000084, -0.00000089, -0.00000075, -0.00000044, -0.00000003, 0.00000035, 0.00000061, 0.00000066, 0.00000048, 0.00000011, -0.00000035, -0.00000078, -0.00000105, -0.00000113, -0.00000106, -0.00000097, -0.00000098, -0.00000094, 0.00000000
-0.00088391, -0.00075696, -0.00068804, -0.00063413, -0.00058938, -0.00055007, -0.00050938, -0.00047008, -0.00043393, -0.00039994, -0.00036680, -0.00033399, -0.00030179, -0.00027072, -0.00024120, -0.00021342, -0.00018733, -0.00016280, -0.00013966, -0.00005699, 0.00000958, 0.00005905, 0.00009320, 0.00011527, 0.00012772, 0.00013203, 0.00012944, 0.00012135, 0.00010945, 0.00009543, 0.00008073, 0.00006646, 0.00005330, 0.00004159, 0.00003145, 0.00002287, 0.00001576, 0.00001002, 0.00000554, 0.00000239, 0.00000033, -0.00000086, -0.00000134, -0.00000134, -0.00000106, -0.00000068, -0.00000036, -0.00000015, -0.00000010, -0.00000015, -0.00000025, -0.00000035, -0.00000038, -0.00000034, -0.00000026, -0.00000020, -0.00000023, -0.00000040, -0.00000071, -0.00000110, -0.00000139, -0.00000138, -0.00000089, 0.00000000
-0.00176073, -0.00135566, -0.00114591, -0.00099198, -0.00087463, -0.00078077, -0.00068655, -0.00060025, -0.00052678, -0.00046203, -0.00040076, -0.00034069, -0.00028224, -0.00022679, -0.00017543, -0.00012855, -0.00008586, -0.00004673, -0.00001044, 0.00011695, 0.00021800, 0.00028853, 0.00033248, 0.00035791, 0.00036999, 0.00037048, 0.00036012, 0.00034038, 0.00031371, 0.00028300, 0.00025084, 0.00021909, 0.00018886, 0.00016062, 0.00013454, 0.00011066, 0.00008906, 0.00006990, 0.00005334, 0.00003970, 0.00002889, 0.00002069, 0.00001481, 0.00001079, 0.00000813, 0.00000631, 0.00000494, 0.00000373, 0.00000255, 0.00000143, 0.00000045, -0.00000025, -0.00000059, -0.00000057, -0.00000028, 0.00000008, 0.00000028, 0.00000014, -0.00000038, -0.00000112, -0.00000170, -0.00000168, -0.00000087, 0.00000000
-0.00082149, -0.00067532, -0.00059685, -0.00053784, -0.00049002, -0.00044897, -0.00040782, -0.00036883, -0.00033339, -0.00030045, -0.00026867, -0.00023751, -0.00020714, -0.00017799, -0.00015043, -0.00012458, -0.00010041, -0.00007776, -0.00005645, 0.00001922, 0.00007974, 0.00012449, 0.00015522, 0.00017487, 0.00018563, 0.00018877, 0.00018527, 0.00017630, 0.00016327, 0.00014766, 0.00013078, 0.00011368, 0.00009708, 0.00008143, 0.00006701, 0.00005397, 0.00004241, 0.00003240, 0.00002394, 0.00001722, 0.00001203, 0.00000819, 0.00000551, 0.00000376, 0.00000267, 0.00000202, 0.00000160, 0.00000127, 0.00000096, 0.00000066, 0.00000038, 0.00000016, 0.00000002, -0.00000003, -0.00000004, -0.00000005, -0.00000013, -0.00000034, -0.00000068, -0.00000108, -0.00000139, -0.00000139, -0.00000091, 0.00000000
-0.00008715, -0.00011657, -0.00012336, -0.00012181, -0.00011454, -0.00010356, -0.00009184, -0.00007888, -0.00006448, -0.00004934, -0.00003420, -0.00001944, -0.00000510, 0.00000887, 0.00002253, 0.00003586, 0.00004879, 0.00006123, 0.00007307, 0.00011496, 0.00014750, 0.00017222, 0.00018986, 0.00020064, 0.00020510, 0.00020410, 0.00019862, 0.00018954, 0.00017761, 0.00016351, 0.00014787, 0.00013134, 0.00011454, 0.00009806, 0.00008239, 0.00006789, 0.00005483, 0.00004334, 0.00003347, 0.00002535, 0.00001877, 0.00001355, 0.00000954, 0.00000656, 0.00000441, 0.00000294, 0.00000196, 0.00000135, 0.00000098, 0.00000076, 0.00000062, 0.00000051, 0.00000040, 0.00000026, 0.00000008, -0.00000013, -0.00000037, -0.00000062, -0.00000086, -0.00000107, -0.00000122, -0.00000123, -0.00000093, 0.00000000
-0.00049854, -0.00038010, -0.00031299, -0.00025958, -0.00021470, -0.00017518, -0.00013526, -0.00009718, -0.00006235, -0.00002994, 0.00000120, 0.00003154, 0.00006089, 0.00008886, 0.00011513, 0.00013956, 0.00016220, 0.00018320, 0.00020271, 0.00026969, 0.00031931, 0.00035143, 0.00036808, 0.00037236, 0.00036668, 0.00035260, 0.00033148, 0.00030486, 0.00027452, 0.00024227, 0.00020978, 0.00017835, 0.00014892, 0.00012209, 0.00009817, 0.00007730, 0.00005945, 0.00004452, 0.00003236, 0.00002291, 0.00001579, 0.00001061, 0.00000704, 0.00000470, 0.00000326, 0.00000238, 0.00000183, 0.00000144, 0.00000109, 0.00000077, 0.00000048, 0.00000025, 0.00000011, 0.00000004, 0.00000001, -0.00000002, -0.00000012, -0.00000034, -0.00000069, -0.00000108, -0.00000138, -0.00000139, -0.00000092, 0.00000000
-0.00052230, -0.00045262, -0.00041150, -0.00037659, -0.00034575, -0.00031742, -0.00028794, -0.00025914, -0.00023216, -0.00020652, -0.00018150, -0.00015685, -0.00013275, -0.00010952, -0.00008742, -0.00006656, -0.00004692, -0.00002843, -0.00001098, 0.00005127, 0.00010119, 0.00013849, 0.00016449, 0.00018129, 0.00019046, 0.00019299, 0.00018973, 0.00018164, 0.00016984, 0.00015552, 0.00013973, 0.00012336, 0.00010707, 0.00009136, 0.00007655, 0.00006288, 0.00005055, 0.00003966, 0.00003029, 0.00002265, 0.00001656, 0.00001187, 0.00000839, 0.00000593, 0.00000426, 0.00000314, 0.00000237, 0.00000181, 0.00000137, 0.00000100, 0.00000069, 0.00000045, 0.00000027, 0.00000016, 0.00000008, -0.00000000, -0.00000015, -0.00000039, -0.00000072, -0.00000108, -0.00000136, -0.00000136, -0.00000093, 0.00000000
-0.00014529, -0.00006304, -0.00000672, 0.00004227, 0.00008692, 0.00012861, 0.00016941, 0.00020854, 0.00024545, 0.00028035, 0.00031361, 0.00034536, 0.00037553, 0.00040397, 0.00043059, 0.00045535, 0.00047827, 0.00049940, 0.00051882, 0.00058214, 0.00062342, 0.00064461, 0.00064839, 0.00063765, 0.00061498, 0.00058263, 0.00054269, 0.00049727, 0.00044844, 0.00039813, 0.00034808, 0.00029969, 0.00025407, 0.00021201, 0.00017402, 0.00014037, 0.00011114, 0.00008624, 0.00006546, 0.00004870, 0.00003544, 0.00002521, 0.00001754, 0.00001198, 0.00000807, 0.00000538, 0.00000358, 0.00000237, 0.00000156, 0.00000101, 0.00000064, 0.00000038, 0.00000021, 0.00000009, 0.00000000, -0.00000010, -0.00000026, -0.00000048, -0.00000077, -0.00000108, -0.00000131, -0.00000131, -0.00000092, 0.00000000
0.00061854, 0.00039765, 0.00030018, 0.00024062, 0.00020601, 0.00018734, 0.00016935, 0.00015649, 0.00015123, 0.00015070, 0.00015143, 0.00015184, 0.00015204, 0.00015274, 0.00015455, 0.00015761, 0.00016171, 0.00016643, 0.00017130, 0.00018837, 0.00020012, 0.00021108, 0.00022096, 0.00022684, 0.00022746, 0.00022362, 0.00021669, 0.00020756, 0.00019647, 0.00018332, 0.00016811, 0.00015115, 0.00013306, 0.00011466, 0.00009676, 0.00008004, 0.00006495, 0.00005169, 0.00004029, 0.00003083, 0.00002303, 0.00001666, 0.00001155, 0.00000758, 0.00000462, 0.00000257, 0.00000130, 0.00000065, 0.00000046, 0.00000055, 0.00000074, 0.00000088, 0.00000086, 0.00000064, 0.00000025, -0.00000022, -0.00000066, -0.00000096, -0.00000107, -0.00000105, -0.00000101, -0.00000103, -0.00000096, 0.00000000
-0.00032500, -0.00033538, -0.00033290, -0.00032290, -0.00030834, -0.00029069, -0.00027069, -0.00024924, -0.00022699, -0.00020430, -0.00018146, -0.00015868, -0.00013619, -0.00011415, -0.00009270, -0.00007194, -0.00005195, -0.00003277, -0.00001445, 0.00005138, 0.00010410, 0.00014393, 0.00017175, 0.00018879, 0.00019637, 0.00019595, 0.00018901, 0.00017710, 0.00016170, 0.00014419, 0.00012578, 0.00010744, 0.00008993, 0.00007376, 0.00005927, 0.00004660, 0.00003579, 0.00002677, 0.00001942, 0.00001374, 0.00000945, 0.00000628, 0.00000405, 0.00000255, 0.00000160, 0.00000103, 0.00000069, 0.00000050, 0.00000037, 0.00000028, 0.00000020, 0.00000014, 0.00000008, 0.00000001, -0.00000007, -0.00000019, -0.00000035, -0.00000057, -0.00000082, -0.00000108, -0.00000127, -0.00000127, -0.00000091, 0.00000000
-0.00048697, -0.00050499, -0.00050941, -0.00050782, -0.00050139, -0.00049139, -0.00047994, -0.00046689, -0.00045229, -0.00043672, -0.00042079, -0.00040484, -0.00038901, -0.00037332, -0.00035780, -0.00034250, -0.00032750, -0.00031290, -0.00029879, -0.00024651, -0.00020191, -0.00016403, -0.00013222, -0.00010604, -0.00008487, -0.00006788, -0.00005423, -0.00004322, -0.00003432, -0.00002713, -0.00002133, -0.00001669, -0.00001297, -0.00001001, -0.00000767, -0.00000583, -0.00000441, -0.00000335, -0.00000260, -0.00000192, -0.00000137, -0.00000096, -0.00000064, -0.00000037, -0.00000015, 0.00000004, 0.00000020, 0.00000031, 0.00000039, 0.00000043, 0.00000044, 0.00000041, 0.00000034, 0.00000023, 0.00000007, -0.00000012, -0.00000035, -0.00000059, -0.00000085, -0.00000108, -0.00000124, -0.00000125, -0.00000093, 0.00000000
0.00031948, 0.00025812, 0.00023942, 0.00023323, 0.00023602, 0.00024442, 0.00025200, 0.00026090, 0.00027225, 0.00028479, 0.00029700, 0.00030819, 0.00031844, 0.00032811, 0.00033747, 0.00034662, 0.00035547, 0.00036385, 0.00037157, 0.00039541, 0.00040795, 0.00041262, 0.00041056, 0.00040162, 0.00038624, 0.00036569, 0.00034141, 0.00031456, 0.00028599, 0.00025634, 0.00022621, 0.00019630, 0.00016733, 0.00014002, 0.00011495, 0.00009255, 0.00007304, 0.00005644, 0.00004264, 0.00003162, 0.00002294, 0.00001623, 0.00001118, 0.00000751, 0.00000494, 0.00000323, 0.00000216, 0.00000156, 0.00000127, 0.00000115, 0.00000111, 0.00000104, 0.00000091, 0.00000069, 0.00000039, 0.00000004, -0.00000032, -0.00000063, -0.00000088, -0.00000106, -0.00000118, -0.00000121, -0.00000098, 0.00000000
0.00100985, 0.00064288, 0.00048060, 0.00037982, 0.00031984, 0.00028593, 0.00025252, 0.00022744, 0.00021506, 0.00021062, 0.00020834, 0.00020562, 0.00020271, 0.00020087, 0.00020111, 0.00020371, 0.00020831, 0.00021419, 0.00022055, 0.00024318, 0.00025905, 0.00027537, 0.00029110, 0.00030090, 0.00030242, 0.00029688, 0.00028663, 0.00027321, 0.00025709, 0.00023816, 0.00021645, 0.00019248, 0.00016724, 0.00014197, 0.00011791, 0.00009598, 0.00007673, 0.00006032, 0.00004659, 0.00003540, 0.00002626, 0.00001881, 0.00001278, 0.00000803, 0.00000444, 0.00000193, 0.00000041, -0.00000028, -0.00000033, 0.00000001, 0.00000048, 0.00000084, 0.00000092, 0.00000067, 0.00000015, -0.00000049, -0.00000104, -0.00000133, -0.00000130, -0.00000104, -0.00000080, -0.00000082, -0.00000095, 0.00000000
0.00076921, 0.00042197, 0.00027042, 0.00017864, 0.00012704, 0.00010138, 0.00007693, 0.00006098, 0.00005756, 0.00006197, 0.00006855, 0.00007473, 0.00008068, 0.00008757, 0.00009633, 0.00010719, 0.00011977, 0.00013334, 0.00014713, 0.00019696, 0.00023580, 0.00027053, 0.00030030, 0.00032030, 0.00032871, 0.00032722, 0.00031859, 0.00030486, 0.00028699, 0.00026537, 0.00024046, 0.00021310, 0.00018454, 0.00015621, 0.00012941, 0.00010512, 0.00008390, 0.00006588, 0.00005089, 0.00003874, 0.00002891, 0.00002095, 0.00001456, 0.00000955, 0.00000577, 0.00000311, 0.00000143, 0.00000060, 0.00000041, 0.00000061, 0.00000095, 0.00000120, 0.00000119, 0.00000089, 0.00000032, -0.00000034, -0.00000092, -0.00000124, -0.00000125, -0.00000104, -0.00000083, -0.00000086, -0.00000097, 0.00000000
0.00043848, 0.00024885, 0.00016240, 0.00010819, 0.00007558, 0.00005697, 0.00003945, 0.00002671, 0.00002080, 0.00001921, 0.00001898, 0.00001871, 0.00001846, 0.00001879, 0.00002019, 0.00002275, 0.00002627, 0.00003039, 0.00003469, 0.00005051, 0.00006242, 0.00007395, 0.00008473, 0.00009225, 0.00009548, 0.00009512, 0.00009242, 0.00008822, 0.00008279, 0.00007613, 0.00006825, 0.00005940, 0.00005004, 0.00004073, 0.00003202, 0.00002431, 0.00001780, 0.00001252, 0.00000835, 0.00000532, 0.00000308, 0.00000143, 0.00000022, -0.00000060, -0.00000109, -0.00000129, -0.00000123, -0.00000096, -0.00000056, -0.00000011, 0.00000029, 0.00000055, 0.00000062, 0.00000048, 0.00000018, -0.00000022, -0.00000061, -0.00000089, -0.00000103, -0.00000106, -0.00000105, -0.00000107, -0.00000096, 0.00000000
0.00018469, 0.00009074, 0.00005820, 0.00004404, 0.00004273, 0.00004968, 0.00005645, 0.00006570, 0.00007881, 0.00009411, 0.00010956, 0.00012425, 0.00013822, 0.00015188, 0.00016553, 0.00017927, 0.00019295, 0.00020632, 0.00021912, 0.00026306, 0.00029481, 0.00031783, 0.00033280, 0.00033889, 0.00033626, 0.00032623, 0.00031048, 0.00029042, 0.00026711, 0.00024137, 0.00021405, 0.00018607, 0.00015840, 0.00013200, 0.00010765, 0.00008589, 0.00006704, 0.00005113, 0.00003804, 0.00002769, 0.00001962, 0.00001345, 0.00000886, 0.00000555, 0.00000327, 0.00000180, 0.00000093, 0.00000051, 0.00000038, 0.00000041, 0.00000050, 0.00000056, 0.00000052, 0.00000036, 0.00000011, -0.00000021, -0.00000052, -0.00000078, -0.00000096, -0.00000106, -0.00000112, -0.00000113, -0.00000094, 0.00000000
-0.00056286, -0.00047512, -0.00042318, -0.00038071, -0.00034338, -0.00030905, -0.00027435, -0.00024061, -0.00020869, -0.00017817, -0.00014844, -0.00011929, -0.00009087, -0.00006345, -0.00003724, -0.00001234, 0.00001125, 0.00003359, 0.00005477, 0.00013039, 0.00019123, 0.00023725, 0.00026976, 0.00029073, 0.00030173, 0.00030391, 0.00029833, 0.00028621, 0.00026890, 0.00024783, 0.00022434, 0.00019960, 0.00017459, 0.00015010, 0.00012676, 0.00010503, 0.00008526, 0.00006771, 0.00005251, 0.00003987, 0.00002961, 0.00002149, 0.00001530, 0.00001073, 0.00000747, 0.00000519, 0.00000362, 0.00000253, 0.00000175, 0.00000118, 0.00000077, 0.00000047, 0.00000027, 0.00000014, 0.00000005, -0.00000004, -0.00000019, -0.00000042, -0.00000074, -0.00000108, -0.00000134, -0.00000134, -0.00000093, 0.00000000
-0.00150620, -0.00113474, -0.00095544, -0.00083104, -0.00074172, -0.00067433, -0.00060599, -0.00054438, -0.00049398, -0.00045088, -0.00041014, -0.00036970, -0.00032997, -0.00029230, -0.00025774, -0.00022665, -0.00019877, -0.00017351, -0.00015019, -0.00006679, 0.00000168, 0.00005004, 0.00008107, 0.00010147, 0.00011523, 0.00012306, 0.00012474, 0.00012074, 0.00011250, 0.00010191, 0.00009061, 0.00007966, 0.00006949, 0.00006008, 0.00005121, 0.00004272, 0.00003459, 0.00002695, 0.00002006, 0.00001437, 0.00000995, 0.00000678, 0.00000478, 0.00000369, 0.00000320, 0.00000297, 0.00000274, 0.00000234, 0.00000174, 0.00000102, 0.00000031, -0.00000023, -0.00000049, -0.00000044, -0.00000017, 0.00000016, 0.00000032, 0.00000015, -0.00000037, -0.00000111, -0.00000169, -0.00000168, -0.00000089, 0.00000000
0.00033726, 0.00015044, 0.00004767, -0.00002599, -0.00008065, -0.00012244, -0.00016057, -0.00019304, -0.00021876, -0.00023965, -0.00025793, -0.00027474, -0.00029022, -0.00030413, -0.00031624, -0.00032656, -0.00033526, -0.00034266, -0.00034906, -0.00036718, -0.00037659, -0.00037676, -0.00036926, -0.00035685, -0.00034128, -0.00032308, -0.00030237, -0.00027949, -0.00025513, -0.00023014, -0.00020535, -0.00018138, -0.00015865, -0.00013737, -0.00011769, -0.00009968, -0.00008341, -0.00006894, -0.00005629, -0.00004527, -0.00003592, -0.00002819, -0.00002190, -0.00001683, -0.00001279, -0.00000958, -0.00000702, -0.00000497, -0.00000335, -0.00000208, -0.00000114, -0.00000049, -0.00000013, -0.00000002, -0.00000011, -0.00000032, -0.00000058, -0.00000081, -0.00000098, -0.00000108, -0.00000114, -0.00000115, -0.00000096, 0.00000000
0.00047496, 0.00022756, 0.00011885, 0.00005289, 0.00001554, -0.00000332, -0.00002100, -0.00003250, -0.00003508, -0.00003206, -0.00002743, -0.00002300, -0.00001868, -0.00001370, -0.00000741, 0.00000033, 0.00000923, 0.00001880, 0.00002850, 0.00006364, 0.00009100, 0.00011540, 0.00013638, 0.00015073, 0.00015733, 0.00015750, 0.00015326, 0.00014612, 0.00013680, 0.00012556, 0.00011266, 0.00009857, 0.00008401, 0.00006977, 0.00005657, 0.00004492, 0.00003505, 0.00002695, 0.00002042, 0.00001536, 0.00001137, 0.00000816, 0.00000558, 0.00000353, 0.00000198, 0.00000091, 0.00000030, 0.00000008, 0.00000017, 0.00000044, 0.00000074, 0.00000093, 0.00000093, 0.00000069, 0.00000026, -0.00000025, -0.00000072, -0.00000103, -0.00000112, -0.00000105, -0.00000097, -0.00000099, -0.00000096, 0.00000000
-0.00020588, -0.00021454, -0.00020943, -0.00019895, -0.00018400, -0.00016598, -0.00014739, -0.00012773, -0.00010682, -0.00008532, -0.00006391, -0.00004294, -0.00002249, -0.00000251, 0.00001702, 0.00003606, 0.00005455, 0.00007238, 0.00008944, 0.00015062, 0.00019968, 0.00023792, 0.00026596, 0.00028412, 0.00029302, 0.00029369, 0.00028731, 0.00027508, 0.00025812, 0.00023753, 0.00021440, 0.00018982, 0.00016482, 0.00014032, 0.00011709, 0.00009571, 0.00007658, 0.00005989, 0.00004569, 0.00003410, 0.00002481, 0.00001755, 0.00001206, 0.00000805, 0.00000522, 0.00000331, 0.00000207, 0.00000130, 0.00000085, 0.00000060, 0.00000045, 0.00000035, 0.00000025, 0.00000014, -0.00000001, -0.00000019, -0.00000040, -0.00000063, -0.00000086, -0.00000108, -0.00000123, -0.00000123, -0.00000092, 0.00000000
-0.00086016, -0.00072063, -0.00063770, -0.00056882, -0.00050959, -0.00045669, -0.00040270, -0.00035092, -0.00030338, -0.00025898, -0.00021609, -0.00017409, -0.00013321, -0.00009400, -0.00005689, -0.00002205, 0.00001057, 0.00004115, 0.00006993, 0.00017150, 0.00025196, 0.00031071, 0.00035004, 0.00037365, 0.00038434, 0.00038378, 0.00037330, 0.00035453, 0.00032941, 0.00030004, 0.00026834, 0.00023592, 0.00020400, 0.00017347, 0.00014495, 0.00011886, 0.00009551, 0.00007506, 0.00005759, 0.00004327, 0.00003183, 0.00002297, 0.00001635, 0.00001159, 0.00000825, 0.00000593, 0.00000430, 0.00000309, 0.00000216, 0.00000140, 0.00000081, 0.00000037, 0.00000011, -0.00000001, -0.00000002, -0.00000002, -0.00000009, -0.00000030, -0.00000065, -0.00000108, -0.00000141, -0.00000141, -0.00000090, 0.00000000
-0.00083076, -0.00073475, -0.00068650, -0.00064924, -0.00061880, -0.00059221, -0.00056340, -0.00053515, -0.00050920, -0.00048471, -0.00046048, -0.00043609, -0.00041183, -0.00038823, -0.00036569, -0.00034441, -0.00032435, -0.00030540, -0.00028740, -0.00022134, -0.00016564, -0.00012185, -0.00008877, -0.00006381, -0.00004509, -0.00003166, -0.00002287, -0.00001785, -0.00001552, -0.00001477, -0.00001468, -0.00001464, -0.00001435, -0.00001374, -0.00001288, -0.00001189, -0.00001087, -0.00000986, -0.00000888, -0.00000772, -0.00000646, -0.00000518, -0.00000389, -0.00000266, -0.00000155, -0.00000066, -0.00000002, 0.00000035, 0.00000048, 0.00000043, 0.00000030, 0.00000016, 0.00000006, 0.00000002, 0.00000002, 0.00000000, -0.00000009, -0.00000032, -0.00000068, -0.00000109, -0.00000140, -0.00000140, -0.00000092, 0.00000000
0.00040110, 0.00022332, 0.00014891, 0.00010527, 0.00008271, 0.00007376, 0.00006474, 0.00005998, 0.00006186, 0.00006777, 0.00007454, 0.00008071, 0.00008641, 0.00009229, 0.00009890, 0.00010640, 0.00011458, 0.00012305, 0.00013138, 0.00015999, 0.00017989, 0.00019569, 0.00020761, 0.00021343, 0.00021252, 0.00020612, 0.00019601, 0.00018349, 0.00016920, 0.00015341, 0.00013638, 0.00011857, 0.00010063, 0.00008331, 0.00006726, 0.00005299, 0.00004074, 0.00003053, 0.00002223, 0.00001577, 0.00001076, 0.00000690, 0.00000399, 0.00000187, 0.00000043, -0.00000044, -0.00000082, -0.00000081, -0.00000055, -0.00000015, 0.00000025, 0.00000052, 0.00000060, 0.00000047, 0.00000015, -0.00000026, -0.00000066, -0.00000094, -0.00000106, -0.00000106, -0.00000103, -0.00000105, -0.00000096, 0.00000000
-0.00021201, -0.00020906, -0.00019855, -0.00018329, -0.00016518, -0.00014520, -0.00012390, -0.00010184, -0.00007948, -0.00005710, -0.00003494, -0.00001318, 0.00000804, 0.00002861, 0.00004845, 0.00006749, 0.00008570, 0.00010305, 0.00011951, 0.00017788, 0.00022370, 0.00025774, 0.00028104, 0.00029467, 0.00029969, 0.00029714, 0.00028813, 0.00027377, 0.00025520, 0.00023356, 0.00020994, 0.00018535, 0.00016069, 0.00013674, 0.00011413, 0.00009334, 0.00007469, 0.00005839, 0.00004450, 0.00003316, 0.00002411, 0.00001708, 0.00001182, 0.00000802, 0.00000539, 0.00000364, 0.00000250, 0.00000177, 0.00000131, 0.00000099, 0.00000077, 0.00000059, 0.00000044, 0.00000030, 0.00000016, -0.00000002, -0.00000023, -0.00000049, -0.00000078, -0.00000107, -0.00000128, -0.00000130, -0.00000094, 0.00000000
-0.00050453, -0.00037592, -0.00030676, -0.00025241, -0.00020744, -0.00016829, -0.00012789, -0.00008917, -0.00005396, -0.00002120, 0.00001056, 0.00004189, 0.00007254, 0.00010200, 0.00012985, 0.00015592, 0.00018026, 0.00020303, 0.00022442, 0.00030015, 0.00035982, 0.00040197, 0.00042800, 0.00044074, 0.00044229, 0.00043381, 0.00041632, 0.00039120, 0.00036027, 0.00032553, 0.00028888, 0.00025195, 0.00021600, 0.00018196, 0.00015048, 0.00012199, 0.00009677, 0.00007495, 0.00005656, 0.00004168, 0.00002997, 0.00002106, 0.00001453, 0.00000995, 0.00000685, 0.00000479, 0.00000341, 0.00000243, 0.00000170, 0.00000111, 0.00000064, 0.00000030, 0.00000009, 0.00000001, 0.00000000, 0.00000000, -0.00000007, -0.00000029, -0.00000065, -0.00000109, -0.00000142, -0.00000142, -0.00000092, 0.00000000
0.00024394, 0.00011155, 0.00005582, 0.00002302, 0.00000639, 0.00000032, -0.00000572, -0.00000837, -0.00000579, -0.00000001, 0.00000648, 0.00001256, 0.00001830, 0.00002420, 0.00003068, 0.00003784, 0.00004553, 0.00005342, 0.00006119, 0.00008869, 0.00010927, 0.00012640, 0.00014017, 0.00014882, 0.00015181, 0.00015009, 0.00014500, 0.00013754, 0.00012821, 0.00011725, 0.00010493, 0.00009165, 0.00007801, 0.00006466, 0.00005218, 0.00004102, 0.00003142, 0.00002342, 0.00001693, 0.00001199, 0.00000823, 0.00000539, 0.00000331, 0.00000184, 0.00000088, 0.00000033, 0.00000012, 0.00000015, 0.00000034, 0.00000060, 0.00000083, 0.00000095, 0.00000092, 0.00000071, 0.00000037, -0.00000005, -0.00000045, -0.00000077, -0.00000096, -0.00000106, -0.00000111, -0.00000114, -0.00000098, 0.00000000
0.00040633, 0.00022244, 0.00014629, 0.00010332, 0.00008318, 0.00007790, 0.00007326, 0.00007345, 0.00008073, 0.00009231, 0.00010484, 0.00011680, 0.00012823, 0.00013977, 0.00015195, 0.00016487, 0.00017830, 0.00019181, 0.00020495, 0.00025015, 0.00028218, 0.00030575, 0.00032121, 0.00032670, 0.00032206, 0.00030917, 0.00029050, 0.00026806, 0.00024316, 0.00021666, 0.00018933, 0.00016198, 0.00013555, 0.00011091, 0.00008876, 0.00006955, 0.00005341, 0.00004020, 0.00002964, 0.00002147, 0.00001518, 0.00001035, 0.00000668, 0.00000396, 0.00000203, 0.00000076, 0.00000005, -0.00000023, -0.00000018, 0.00000006, 0.00000033, 0.00000053, 0.00000056, 0.00000040, 0.00000007, -0.00000034, -0.00000073, -0.00000099, -0.00000109, -0.00000106, -0.00000101, -0.00000102, -0.00000093, 0.00000000
0.00003082, -0.00006040, -0.00009327, -0.00010816, -0.00011031, -0.00010417, -0.00009779, -0.00008877, -0.00007588, -0.00006072, -0.00004522, -0.00003025, -0.00001580, -0.00000151, 0.00001290, 0.00002748, 0.00004209, 0.00005647, 0.00007036, 0.00011967, 0.00015807, 0.00018852, 0.00021150, 0.00022610, 0.00023238, 0.00023154, 0.00022514, 0.00021448, 0.00020050, 0.00018390, 0.00016538, 0.00014572, 0.00012574, 0.00010626, 0.00008795, 0.00007132, 0.00005667, 0.00004410, 0.00003354, 0.00002502, 0.00001822, 0.00001286, 0.00000874, 0.00000567, 0.00000347, 0.00000198, 0.00000105, 0.00000055, 0.00000036, 0.00000034, 0.00000040, 0.00000044, 0.00000040, 0.00000026, 0.00000002, -0.00000027, -0.00000056, -0.00000081, -0.00000097, -0.00000107, -0.00000112, -0.00000112, -0.00000093, 0.00000000
-0.00015437, -0.00017933, -0.00018244, -0.00017795, -0.00016776, -0.00015378, -0.00013939, -0.00012382, -0.00010673, -0.00008889, -0.00007116, -0.00005399, -0.00003743, -0.00002138, -0.00000575, 0.00000943, 0.00002411, 0.00003815, 0.00005146, 0.00009769, 0.00013228, 0.00015721, 0.00017356, 0.00018186, 0.00018302, 0.00017836, 0.00016933, 0.00015718, 0.00014296, 0.00012750, 0.00011154, 0.00009571, 0.00008054, 0.00006646, 0.00005378, 0.00004266, 0.00003315, 0.00002520, 0.00001868, 0.00001362, 0.00000973, 0.00000678, 0.00000460, 0.00000307, 0.00000203, 0.00000136, 0.00000096, 0.00000074, 0.00000064, 0.00000059, 0.00000056, 0.00000052, 0.00000044, 0.00000030, 0.00000011, -0.00000012, -0.00000037, -0.00000063, -0.00000087, -0.00000107, -0.00000122, -0.00000123, -0.00000094, 0.00000000
-0.00011766, -0.00009597, -0.00007550, -0.00005348, -0.00002950, -0.00000403, 0.00002219, 0.00004900, 0.00007615, 0.00010330, 0.00013012, 0.00015640, 0.00018203, 0.00020694, 0.00023107, 0.00025434, 0.00027670, 0.00029809, 0.00031844, 0.00039063, 0.00044719, 0.00048880, 0.00051622, 0.00053023, 0.00053185, 0.00052232, 0.00050308, 0.00047570, 0.00044187, 0.00040329, 0.00036170, 0.00031874, 0.00027592, 0.00023454, 0.00019566, 0.00016010, 0.00012835, 0.00010070, 0.00007720, 0.00005788, 0.00004236, 0.00003020, 0.00002096, 0.00001417, 0.00000933, 0.00000600, 0.00000378, 0.00000235, 0.00000144, 0.00000088, 0.00000054, 0.00000032, 0.00000017, 0.00000005, -0.00000007, -0.00000020, -0.00000037, -0.00000059, -0.00000083, -0.00000108, -0.00000126, -0.00000126, -0.00000092, 0.00000000
-0.00006808, -0.00023023, -0.00029721, -0.00033419, -0.00035025, -0.00035254, -0.00035369, -0.00035025, -0.00034038, -0.00032657, -0.00031177, -0.00029736, -0.00028333, -0.00026913, -0.00025436, -0.00023892, -0.00022304, -0.00020709, -0.00019147, -0.00013527, -0.00009037, -0.00005251, -0.00002116, 0.00000223, 0.00001766, 0.00002679, 0.00003166, 0.00003382, 0.00003407, 0.00003279, 0.00003022, 0.00002667, 0.00002256, 0.00001836, 0.00001448, 0.00001117, 0.00000853, 0.00000652, 0.00000499, 0.00000395, 0.00000314, 0.00000241, 0.00000173, 0.00000111, 0.00000059, 0.00000023, 0.00000005, 0.00000005, 0.00000020, 0.00000043, 0.00000066, 0.00000079, 0.00000076, 0.00000056, 0.00000022, -0.00000020, -0.00000060, -0.00000089, -0.00000104, -0.00000106, -0.00000105, -0.00000107, -0.00000095, 0.00000000
0.00211054, 0.00144926, 0.00110622, 0.00085854, 0.00067514, 0.00053415, 0.00039586, 0.00027324, 0.00017367, 0.00008980, 0.00001246, -0.00006251, -0.00013481, -0.00020246, -0.00026387, -0.00031858, -0.00036718, -0.00041083, -0.00045078, -0.00058770, -0.00069390, -0.00076156, -0.00079544, -0.00080705, -0.00080331, -0.00078566, -0.00075398, -0.00070947, -0.00065522, -0.00059517, -0.00053307, -0.00047168, -0.00041267, -0.00035689, -0.00030471, -0.00025637, -0.00021218, -0.00017251, -0.00013776, -0.00010800, -0.00008337, -0.00006367, -0.00004838, -0.00003676, -0.00002801, -0.00002134, -0.00001606, -0.00001170, -0.00000799, -0.00000486, -0.00000237, -0.00000064, 0.00000027, 0.00000039, -0.00000009, -0.00000086, -0.00000154, -0.00000183, -0.00000160, -0.00000104, -0.00000055, -0.00000057, -0.00000098, 0.00000000
-0.00035648, -0.00025477, -0.00018760, -0.00013064, -0.00007969, -0.00003268, 0.00001334, 0.00005740, 0.00009882, 0.00013793, 0.00017527, 0.00021101, 0.00024506, 0.00027725, 0.00030742, 0.00033554, 0.00036162, 0.00038576, 0.00040804, 0.00048172, 0.00053181, 0.00056025, 0.00057004, 0.00056450, 0.00054649, 0.00051838, 0.00048237, 0.00044062, 0.00039530, 0.00034846, 0.00030189, 0.00025707, 0.00021509, 0.00017672, 0.00014242, 0.00011242, 0.00008672, 0.00006521, 0.00004762, 0.00003381, 0.00002324, 0.00001541, 0.00000984, 0.00000607, 0.00000365, 0.00000217, 0.00000131, 0.00000081, 0.00000051, 0.00000032, 0.00000018, 0.00000008, 0.00000002, -0.00000002, -0.00000005, -0.00000011, -0.00000024, -0.00000046, -0.00000076, -0.00000108, -0.00000133, -0.00000133, -0.00000092, 0.00000000
-0.00049333, -0.00043550, -0.00039764, -0.00036499, -0.00033423, -0.00030424, -0.00027397, -0.00024384, -0.00021420, -0.00018509, -0.00015648, -0.00012844, -0.00010108, -0.00007456, -0.00004898, -0.00002443, -0.00000093, 0.00002149, 0.00004282, 0.00011902, 0.00018008, 0.00022670, 0.00026010, 0.00028169, 0.00029285, 0.00029486, 0.00028903, 0.00027674, 0.00025938, 0.00023832, 0.00021485, 0.00019013, 0.00016517, 0.00014081, 0.00011773, 0.00009643, 0.00007725, 0.00006042, 0.00004600, 0.00003415, 0.00002463, 0.00001720, 0.00001162, 0.00000757, 0.00000476, 0.00000288, 0.00000168, 0.00000092, 0.00000046, 0.00000019, 0.00000003, -0.00000007, -0.00000013, -0.00000017, -0.00000021, -0.00000028, -0.00000040, -0.00000059, -0.00000083, -0.00000108, -0.00000127, -0.00000126, -0.00000090, 0.00000000
0.00000546, -0.00014956, -0.00022077, -0.00026329, -0.00028745, -0.00029958, -0.00030885, -0.00031349, -0.00031264, -0.00030818, -0.00030224, -0.00029586, -0.00028916, -0.00028187, -0.00027378, -0.00026489, -0.00025537, -0.00024551, -0.00023560, -0.00019743, -0.00016364, -0.00013233, -0.00010381, -0.00007958, -0.00006013, -0.00004478, -0.00003252, -0.00002259, -0.00001462, -0.00000851, -0.00000413, -0.00000132, 0.00000026, 0.00000096, 0.00000112, 0.00000103, 0.00000084, 0.00000063, 0.00000041, 0.00000034, 0.00000028, 0.00000018, 0.00000003, -0.00000010, -0.00000020, -0.00000024, -0.00000019, -0.00000006, 0.00000013, 0.00000033, 0.00000051, 0.00000060, 0.00000057, 0.00000042, 0.00000016, -0.00000017, -0.00000049, -0.00000076, -0.00000095, -0.00000106, -0.00000113, -0.00000114, -0.00000094, 0.00000000
-0.00030553, -0.00024195, -0.00019726, -0.00015899, -0.00012272, -0.00008745, -0.00005339, -0.00002007, 0.00001265, 0.00004454, 0.00007538, 0.00010504, 0.00013350, 0.00016076, 0.00018683, 0.00021168, 0.00023528, 0.00025758, 0.00027856, 0.00035063, 0.00040394, 0.00044034, 0.00046149, 0.00046893, 0.00046431, 0.00044944, 0.00042622, 0.00039652, 0.00036215, 0.00032484, 0.00028620, 0.00024767, 0.00021045, 0.00017555, 0.00014367, 0.00011527, 0.00009057, 0.00006958, 0.00005217, 0.00003823, 0.00002732, 0.00001899, 0.00001283, 0.00000843, 0.00000540, 0.00000339, 0.00000211, 0.00000132, 0.00000084, 0.00000055, 0.00000038, 0.00000026, 0.00000017, 0.00000007, -0.00000004, -0.00000019, -0.00000037, -0.00000059, -0.00000084, -0.00000108, -0.00000125, -0.00000125, -0.00000091, 0.00000000
0.00009166, -0.00008592, -0.00016463, -0.00021204, -0.00023899, -0.00025266, -0.00026469, -0.00027203, -0.00027305, -0.00027001, -0.00026559, -0.00026108, -0.00025647, -0.00025130, -0.00024520, -0.00023809, -0.00023017, -0.00022179, -0.00021331, -0.00018117, -0.00015361, -0.00012754, -0.00010320, -0.00008268, -0.00006674, -0.00005457, -0.00004496, -0.00003705, -0.00003054, -0.00002542, -0.00002172, -0.00001930, -0.00001785, -0.00001699, -0.00001632, -0.00001557, -0.00001461, -0.00001342, -0.00001208, -0.00001054, -0.00000903, -0.00000766, -0.00000646, -0.00000542, -0.00000450, -0.00000366, -0.00000285, -0.00000207, -0.00000133, -0.00000067, -0.00000013, 0.00000022, 0.00000036, 0.00000029, 0.00000005, -0.00000028, -0.00000062, -0.00000088, -0.00000102, -0.00000106, -0.00000107, -0.00000108, -0.00000094, 0.00000000
0.00082589, 0.00052645, 0.00039745, 0.00032005, 0.00027716, 0.00025644, 0.00023638, 0.00022344, 0.00022118, 0.00022551, 0.00023151, 0.00023696, 0.00024202, 0.00024770, 0.00025484, 0.00026363, 0.00027375, 0.00028456, 0.00029541, 0.00033281, 0.00035857, 0.00037882, 0.00039303, 0.00039725, 0.00039022, 0.00037379, 0.00035082, 0.00032357, 0.00029339, 0.00026109, 0.00022749, 0.00019361, 0.00016070, 0.00013001, 0.00010258, 0.00007903, 0.00005957, 0.00004400, 0.00003186, 0.00002272, 0.00001585, 0.00001066, 0.00000675, 0.00000385, 0.00000178, 0.00000043, -0.00000029, -0.00000048, -0.00000029, 0.00000012, 0.00000057, 0.00000087, 0.00000093, 0.00000069, 0.00000022, -0.00000035, -0.00000086, -0.00000117, -0.00000120, -0.00000105, -0.00000089, -0.00000091, -0.00000095, 0.00000000
-0.00051381, -0.00048941, -0.00047055, -0.00045074, -0.00043083, -0.00041077, -0.00038907, -0.00036705, -0.00034560, -0.00032462, -0.00030388, -0.00028335, -0.00026321, -0.00024371, -0.00022503, -0.00020727, -0.00019045, -0.00017453, -0.00015947, -0.00010568, -0.00006264, -0.00003013, -0.00000687, 0.00000891, 0.00001868, 0.00002359, 0.00002463, 0.00002282, 0.00001917, 0.00001461, 0.00000990, 0.00000555, 0.00000187, -0.00000102, -0.00000315, -0.00000459, -0.00000546, -0.00000588, -0.00000594, -0.00000554, -0.00000488, -0.00000408, -0.00000321, -0.00000232, -0.00000149, -0.00000080, -0.00000026, 0.00000010, 0.00000029, 0.00000036, 0.00000034, 0.00000028, 0.00000021, 0.00000014, 0.00000007, -0.00000004, -0.00000021, -0.00000045, -0.00000076, -0.00000109, -0.00000132, -0.00000133, -0.00000093, 0.00000000
-0.00080296, -0.00073085, -0.00069265, -0.00066175, -0.00063538, -0.00061145, -0.00058552, -0.00055979, -0.00053562, -0.00051246, -0.00048945, -0.00046633, -0.00044336, -0.00042094, -0.00039940, -0.00037890, -0.00035943, -0.00034092, -0.00032325, -0.00025804, -0.00020229, -0.00015695, -0.00012092, -0.00009212, -0.00006903, -0.00005090, -0.00003716, -0.00002717, -0.00002010, -0.00001513, -0.00001155, -0.00000888, -0.00000682, -0.00000525, -0.00000411, -0.00000337, -0.00000298, -0.00000286, -0.00000290, -0.00000281, -0.00000261, -0.00000230, -0.00000187, -0.00000136, -0.00000083, -0.00000035, 0.00000001, 0.00000022, 0.00000029, 0.00000025, 0.00000016, 0.00000005, -0.00000002, -0.00000005, -0.00000006, -0.00000009, -0.00000019, -0.00000040, -0.00000072, -0.00000109, -0.00000136, -0.00000136, -0.00000091, 0.00000000
-0.00010416, -0.00018737, -0.00020966, -0.00021632, -0.00020983, -0.00019461, -0.00018127, -0.00016569, -0.00014561, -0.00012309, -0.00010067, -0.00007947, -0.00005935, -0.00003968, -0.00002002, -0.00000023, 0.00001952, 0.00003890, 0.00005756, 0.00012268, 0.00017225, 0.00021110, 0.00024012, 0.00025814, 0.00026538, 0.00026368, 0.00025530, 0.00024206, 0.00022521, 0.00020558, 0.00018397, 0.00016124, 0.00013835, 0.00011622, 0.00009565, 0.00007720, 0.00006113, 0.00004751, 0.00003620, 0.00002711, 0.00001987, 0.00001413, 0.00000966, 0.00000628, 0.00000380, 0.00000211, 0.00000105, 0.00000049, 0.00000031, 0.00000036, 0.00000049, 0.00000058, 0.00000056, 0.00000038, 0.00000007, -0.00000030, -0.00000066, -0.00000092, -0.00000105, -0.00000106, -0.00000105, -0.00000106, -0.00000093, 0.00000000
-0.00013255, -0.00019584, -0.00021764, -0.00022550, -0.00022393, -0.00021612, -0.00020723, -0.00019612, -0.00018224, -0.00016671, -0.00015083, -0.00013525, -0.00012004, -0.00010506, -0.00009019, -0.00007541, -0.00006083, -0.00004662, -0.00003296, 0.00001594, 0.00005462, 0.00008506, 0.00010795, 0.00012322, 0.00013136, 0.00013351, 0.00013102, 0.00012504, 0.00011649, 0.00010605, 0.00009437, 0.00008205, 0.00006967, 0.00005776, 0.00004674, 0.00003689, 0.00002835, 0.00002117, 0.00001527, 0.00001072, 0.00000726, 0.00000468, 0.00000283, 0.00000157, 0.00000077, 0.00000033, 0.00000014, 0.00000012, 0.00000020, 0.00000031, 0.00000040, 0.00000045, 0.00000042, 0.00000030, 0.00000011, -0.00000014, -0.00000041, -0.00000067, -0.00000089, -0.00000107, -0.00000120, -0.00000121, -0.00000094, 0.00000000
-0.00003918, -0.00011309, -0.00014304, -0.00015694, -0.00016070, -0.00015782, -0.00015304, -0.00014573, -0.00013567, -0.00012391, -0.00011162, -0.00009940, -0.00008738, -0.00007548, -0.00006364, -0.00005187, -0.00004027, -0.00002900, -0.00001821, 0.00002006, 0.00004944, 0.00007158, 0.00008721, 0.00009645, 0.00009988, 0.00009860, 0.00009385, 0.00008672, 0.00007805, 0.00006845, 0.00005846, 0.00004854, 0.00003909, 0.00003043, 0.00002280, 0.00001632, 0.00001101, 0.00000679, 0.00000354, 0.00000130, -0.00000019, -0.00000113, -0.00000163, -0.00000181, -0.00000176, -0.00000155, -0.00000125, -0.00000092, -0.00000059, -0.00000031, -0.00000008, 0.00000007, 0.00000012, 0.00000008, -0.00000005, -0.00000023, -0.00000045, -0.00000068, -0.00000090, -0.00000108, -0.00000120, -0.00000120, -0.00000093, 0.00000000
0.00029145, 0.00007323, -0.00002902, -0.00009423, -0.00013533, -0.00016072, -0.00018389, -0.00020134, -0.00021114, -0.00021595, -0.00021887, -0.00022138, -0.00022351, -0.00022470, -0.00022453, -0.00022290, -0.00022005, -0.00021638, -0.00021231, -0.00019558, -0.00018030, -0.00016325, -0.00014504, -0.00012837, -0.00011444, -0.00010266, -0.00009195, -0.00008167, -0.00007178, -0.00006262, -0.00005452, -0.00004759, -0.00004174, -0.00003670, -0.00003218, -0.00002798, -0.00002399, -0.00002025, -0.00001682, -0.00001364, -0.00001091, -0.00000869, -0.00000695, -0.00000559, -0.00000452, -0.00000362, -0.00000280, -0.00000203, -0.00000129, -0.00000062, -0.00000007, 0.00000030, 0.00000044, 0.00000034, 0.00000007, -0.00000031, -0.00000067, -0.00000093, -0.00000105, -0.00000106, -0.00000104, -0.00000105, -0.00000094, 0.00000000
-0.00072271, -0.00062158, -0.00056399, -0.00051821, -0.00047926, -0.00044444, -0.00040918, -0.00037524, -0.00034373, -0.00031398, -0.00028511, -0.00025678, -0.00022916, -0.00020257, -0.00017727, -0.00015338, -0.00013086, -0.00010963, -0.00008955, -0.00001764, 0.00004074, 0.00008539, 0.00011780, 0.00014031, 0.00015467, 0.00016197, 0.00016310, 0.00015903, 0.00015093, 0.00013998, 0.00012724, 0.00011359, 0.00009967, 0.00008597, 0.00007282, 0.00006047, 0.00004914, 0.00003898, 0.00003012, 0.00002282, 0.00001694, 0.00001236, 0.00000894, 0.00000649, 0.00000480, 0.00000365, 0.00000284, 0.00000224, 0.00000174, 0.00000132, 0.00000096, 0.00000066, 0.00000045, 0.00000030, 0.00000020, 0.00000009, -0.00000007, -0.00000034, -0.00000069, -0.00000108, -0.00000138, -0.00000139, -0.00000095, 0.00000000
-0.00032556, -0.00035856, -0.00037053, -0.00037258, -0.00036886, -0.00036129, -0.00035121, -0.00033934, -0.00032618, -0.00031219, -0.00029775, -0.00028312, -0.00026851, -0.00025403, -0.00023979, -0.00022587, -0.00021233, -0.00019923, -0.00018661, -0.00013995, -0.00010060, -0.00006829, -0.00004244, -0.00002241, -0.00000748, 0.00000310, 0.00001009, 0.00001422, 0.00001615, 0.00001648, 0.00001570, 0.00001422, 0.00001235, 0.00001033, 0.00000831, 0.00000641, 0.00000468, 0.00000317, 0.00000189, 0.00000105, 0.00000052, 0.00000021, 0.00000009, 0.00000013, 0.00000026, 0.00000043, 0.00000058, 0.00000070, 0.00000075, 0.00000076, 0.00000071, 0.00000063, 0.00000052, 0.00000038, 0.00000022, 0.00000003, -0.00000021, -0.00000048, -0.00000078, -0.00000107, -0.00000128, -0.00000130, -0.00000095, 0.00000000
0.00020495, -0.00000437, -0.00009562, -0.00014936, -0.00017863, -0.00019213, -0.00020383, -0.00021013, -0.00020908, -0.00020342, -0.00019633, -0.00018928, -0.00018229, -0.00017476, -0.00016624, -0.00015663, -0.00014616, -0.00013525, -0.00012431, -0.00008391, -0.00005058, -0.00002045, 0.00000629, 0.00002730, 0.00004182, 0.00005093, 0.00005626, 0.00005894, 0.00005949, 0.00005804, 0.00005471, 0.00004980, 0.00004381, 0.00003734, 0.00003094, 0.00002506, 0.00001992, 0.00001559, 0.00001199, 0.00000919, 0.00000692, 0.00000502, 0.00000343, 0.00000214, 0.00000116, 0.00000049, 0.00000012, 0.00000003, 0.00000015, 0.00000039, 0.00000063, 0.00000079, 0.00000077, 0.00000057, 0.00000021, -0.00000022, -0.00000063, -0.00000092, -0.00000105, -0.00000106, -0.00000104, -0.00000105, -0.00000095, 0.00000000
-0.00102393, -0.00090540, -0.00083377, -0.00077367, -0.00072111, -0.00067321, -0.00062392, -0.00057597, -0.00053105, -0.00048830, -0.00044651, -0.00040524, -0.00036472, -0.00032547, -0.00028787, -0.00025211, -0.00021816, -0.00018590, -0.00015518, -0.00004404, 0.00004808, 0.00012044, 0.00017478, 0.00021408, 0.00024058, 0.00025575, 0.00026081, 0.00025725, 0.00024679, 0.00023124, 0.00021223, 0.00019117, 0.00016914, 0.00014698, 0.00012535, 0.00010477, 0.00008568, 0.00006843, 0.00005326, 0.00004050, 0.00003006, 0.00002180, 0.00001550, 0.00001089, 0.00000762, 0.00000535, 0.00000378, 0.00000266, 0.00000183, 0.00000118, 0.00000069, 0.00000034, 0.00000011, 0.00000000, -0.00000003, -0.00000006, -0.00000015, -0.00000036, -0.00000069, -0.00000108, -0.00000138, -0.00000137, -0.00000090, 0.00000000
-0.00028696, -0.00026782, -0.00024406, -0.00021676, -0.00018596, -0.00015259, -0.00011824, -0.00008299, -0.00004702, -0.00001091, 0.00002481, 0.00005980, 0.00009392, 0.00012708, 0.00015923, 0.00019031, 0.00022021, 0.00024885, 0.00027615, 0.00037258, 0.00044761, 0.00050227, 0.00053781, 0.00055557, 0.00055731, 0.00054517, 0.00052151, 0.00048874, 0.00044924, 0.00040526, 0.00035891, 0.00031209, 0.00026641, 0.00022320, 0.00018345, 0.00014783, 0.00011668, 0.00009010, 0.00006795, 0.00005011, 0.00003607, 0.00002529, 0.00001726, 0.00001148, 0.00000746, 0.00000476, 0.00000301, 0.00000191, 0.00000123, 0.00000082, 0.00000057, 0.00000040, 0.00000027, 0.00000014, 0.00000001, -0.00000015, -0.00000035, -0.00000058, -0.00000083, -0.00000108, -0.00000125, -0.00000126, -0.00000092, 0.00000000
-0.00036680, -0.00034381, -0.00032595, -0.00030824, -0.00029028, -0.00027206, -0.00025324, -0.00023434, -0.00021569, -0.00019738, -0.00017941, -0.00016184, -0.00014477, -0.00012828, -0.00011246, -0.00009735, -0.00008297, -0.00006933, -0.00005641, -0.00001031, 0.00002647, 0.00005462, 0.00007513, 0.00008912, 0.00009755, 0.00010128, 0.00010108, 0.00009771, 0.00009191, 0.00008435, 0.00007564, 0.00006632, 0.00005681, 0.00004748, 0.00003860, 0.00003040, 0.00002303, 0.00001661, 0.00001119, 0.00000702, 0.00000390, 0.00000169, 0.00000027, -0.00000050, -0.00000079, -0.00000075, -0.00000054, -0.00000027, -0.00000001, 0.00000020, 0.00000034, 0.00000041, 0.00000041, 0.00000036, 0.00000026, 0.00000010, -0.00000013, -0.00000042, -0.00000075, -0.00000109, -0.00000133, -0.00000136, -0.00000099, 0.00000000
-0.00078457, -0.00063578, -0.00056067, -0.00050480, -0.00046092, -0.00042436, -0.00038637, -0.00035036, -0.00031839, -0.00028911, -0.00026069, -0.00023241, -0.00020454, -0.00017768, -0.00015233, -0.00012869, -0.00010669, -0.00008613, -0.00006677, 0.00000312, 0.00006060, 0.00010361, 0.00013348, 0.00015329, 0.00016513, 0.00016988, 0.00016814, 0.00016084, 0.00014935, 0.00013519, 0.00011975, 0.00010410, 0.00008894, 0.00007470, 0.00006157, 0.00004966, 0.00003906, 0.00002982, 0.00002199, 0.00001576, 0.00001098, 0.00000748, 0.00000509, 0.00000357, 0.00000267, 0.00000214, 0.00000178, 0.00000145, 0.00000111, 0.00000074, 0.00000039, 0.00000011, -0.00000005, -0.00000009, -0.00000005, -0.00000001, -0.00000006, -0.00000026, -0.00000064, -0.00000109, -0.00000144, -0.00000144, -0.00000091, 0.00000000
-0.00072212, -0.00061962, -0.00056097, -0.00051367, -0.00047350, -0.00043772, -0.00040114, -0.00036591, -0.00033340, -0.00030285, -0.00027322, -0.00024413, -0.00021575, -0.00018850, -0.00016267, -0.00013839, -0.00011563, -0.00009427, -0.00007417, -0.00000278, 0.00005422, 0.00009655, 0.00012597, 0.00014519, 0.00015625, 0.00016037, 0.00015851, 0.00015176, 0.00014139, 0.00012867, 0.00011475, 0.00010049, 0.00008652, 0.00007323, 0.00006084, 0.00004952, 0.00003936, 0.00003044, 0.00002282, 0.00001669, 0.00001189, 0.00000828, 0.00000570, 0.00000397, 0.00000286, 0.00000217, 0.00000171, 0.00000136, 0.00000105, 0.00000075, 0.00000048, 0.00000027, 0.00000012, 0.00000005, 0.00000002, -0.00000003, -0.00000014, -0.00000036, -0.00000070, -0.00000109, -0.00000138, -0.00000138, -0.00000092, 0.00000000
-0.00072142, -0.00062086, -0.00056327, -0.00051739, -0.00047827, -0.00044319, -0.00040765, -0.00037334, -0.00034132, -0.00031098, -0.00028147, -0.00025250, -0.00022422, -0.00019696, -0.00017099, -0.00014642, -0.00012323, -0.00010134, -0.00008062, -0.00000646, 0.00005365, 0.00009961, 0.00013298, 0.00015612, 0.00017080, 0.00017815, 0.00017912, 0.00017473, 0.00016614, 0.00015454, 0.00014097, 0.00012632, 0.00011125, 0.00009627, 0.00008175, 0.00006800, 0.00005529, 0.00004381, 0.00003375, 0.00002537, 0.00001857, 0.00001324, 0.00000924, 0.00000637, 0.00000440, 0.00000308, 0.00000220, 0.00000158, 0.00000113, 0.00000077, 0.00000048, 0.00000027, 0.00000013, 0.00000005, 0.00000000, -0.00000006, -0.00000018, -0.00000040, -0.00000072, -0.00000108, -0.00000135, -0.00000135, -0.00000092, 0.00000000
0.00075032, 0.00045431, 0.00032128, 0.00023817, 0.00018817, 0.00015941, 0.00013171, 0.00011100, 0.00010059, 0.00009665, 0.00009460, 0.00009238, 0.00009013, 0.00008880, 0.00008917, 0.00009142, 0.00009526, 0.00010009, 0.00010531, 0.00012410, 0.00013751, 0.00015101, 0.00016379, 0.00017174, 0.00017320, 0.00016930, 0.00016202, 0.00015275, 0.00014197, 0.00012969, 0.00011596, 0.00010113, 0.00008587, 0.00007101, 0.00005731, 0.00004530, 0.00003522, 0.00002704, 0.00002051, 0.00001551, 0.00001157, 0.00000838, 0.00000577, 0.00000367, 0.00000206, 0.00000094, 0.00000030, 0.00000010, 0.00000023, 0.00000055, 0.00000091, 0.00000114, 0.00000113, 0.00000085, 0.00000036, -0.00000023, -0.00000076, -0.00000109, -0.00000116, -0.00000105, -0.00000093, -0.00000095, -0.00000097, 0.00000000
-0.00039078, -0.00042164, -0.00043043, -0.00043011, -0.00042344, -0.00041241, -0.00039963, -0.00038502, -0.00036864, -0.00035117, -0.00033331, -0.00031546, -0.00029774, -0.00028019, -0.00026282, -0.00024569, -0.00022888, -0.00021250, -0.00019666, -0.00013817, -0.00008860, -0.00004705, -0.00001302, 0.00001375, 0.00003380, 0.00004796, 0.00005714, 0.00006221, 0.00006391, 0.00006288, 0.00005973, 0.00005504, 0.00004933, 0.00004308, 0.00003671, 0.00003052, 0.00002473, 0.00001950, 0.00001490, 0.00001114, 0.00000810, 0.00000569, 0.00000386, 0.00000253, 0.00000162, 0.00000102, 0.00000066, 0.00000046, 0.00000035, 0.00000030, 0.00000027, 0.00000024, 0.00000018, 0.00000009, -0.00000004, -0.00000021, -0.00000041, -0.00000064, -0.00000087, -0.00000108, -0.00000123, -0.00000123, -0.00000092, 0.00000000
-0.00005708, -0.00012809, -0.00015368, -0.00016412, -0.00016432, -0.00015785, -0.00015044, -0.00014077, -0.00012821, -0.00011394, -0.00009937, -0.00008515, -0.00007133, -0.00005772, -0.00004417, -0.00003066, -0.00001730, -0.00000427, 0.00000826, 0.00005274, 0.00008738, 0.00011435, 0.00013431, 0.00014704, 0.00015291, 0.00015308, 0.00014886, 0.00014140, 0.00013154, 0.00011993, 0.00010714, 0.00009375, 0.00008034, 0.00006741, 0.00005541, 0.00004462, 0.00003521, 0.00002718, 0.00002050, 0.00001522, 0.00001108, 0.00000786, 0.00000543, 0.00000366, 0.00000242, 0.00000160, 0.00000111, 0.00000084, 0.00000074, 0.00000072, 0.00000072, 0.00000069, 0.00000060, 0.00000043, 0.00000020, -0.00000009, -0.00000039, -0.00000066, -0.00000089, -0.00000107, -0.00000119, -0.00000120, -0.00000095, 0.00000000
-0.00081468, -0.00069171, -0.00062660, -0.00057628, -0.00053519, -0.00049966, -0.00046271, -0.00042723, -0.00039499, -0.00036495, -0.00033570, -0.00030669, -0.00027819, -0.00025071, -0.00022467, -0.00020025, -0.00017740, -0.00015597, -0.00013577, -0.00006325, -0.00000429, 0.00003985, 0.00007075, 0.00009142, 0.00010405, 0.00010984, 0.00010966, 0.00010461, 0.00009607, 0.00008547, 0.00007405, 0.00006275, 0.00005212, 0.00004244, 0.00003382, 0.00002626, 0.00001973, 0.00001420, 0.00000965, 0.00000625, 0.00000382, 0.00000221, 0.00000128, 0.00000087, 0.00000077, 0.00000082, 0.00000088, 0.00000085, 0.00000072, 0.00000052, 0.00000029, 0.00000009, -0.00000003, -0.00000007, -0.00000005, -0.00000004, -0.00000011, -0.00000032, -0.00000067, -0.00000109, -0.00000140, -0.00000140, -0.00000091, 0.00000000
0.00084009, 0.00055297, 0.00042808, 0.00035293, 0.00031073, 0.00028960, 0.00026924, 0.00025559, 0.00025193, 0.00025442, 0.00025845, 0.00026192, 0.00026498, 0.00026859, 0.00027353, 0.00027999, 0.00028769, 0.00029605, 0.00030445, 0.00033270, 0.00035069, 0.00036451, 0.00037392, 0.00037539, 0.00036774, 0.00035262, 0.00033253, 0.00030931, 0.00028389, 0.00025667, 0.00022804, 0.00019867, 0.00016951, 0.00014160, 0.00011588, 0.00009302, 0.00007335, 0.00005685, 0.00004328, 0.00003243, 0.00002376, 0.00001686, 0.00001141, 0.00000721, 0.00000411, 0.00000198, 0.00000070, 0.00000011, 0.00000005, 0.00000029, 0.00000064, 0.00000089, 0.00000093, 0.00000070, 0.00000024, -0.00000031, -0.00000081, -0.00000112, -0.00000117, -0.00000105, -0.00000092, -0.00000094, -0.00000097, 0.00000000
-0.00009856, -0.00015901, -0.00018065, -0.00018935, -0.00018901, -0.00018272, -0.00017561, -0.00016645, -0.00015462, -0.00014122, -0.00012750, -0.00011407, -0.00010097, -0.00008803, -0.00007512, -0.00006222, -0.00004945, -0.00003697, -0.00002495, 0.00001818, 0.00005251, 0.00008002, 0.00010126, 0.00011595, 0.00012437, 0.00012748, 0.00012642, 0.00012215, 0.00011538, 0.00010667, 0.00009651, 0.00008543, 0.00007398, 0.00006268, 0.00005195, 0.00004213, 0.00003342, 0.00002588, 0.00001950, 0.00001441, 0.00001037, 0.00000721, 0.00000482, 0.00000308, 0.00000187, 0.00000109, 0.00000064, 0.00000041, 0.00000035, 0.00000037, 0.00000041, 0.00000042, 0.00000038, 0.00000025, 0.00000006, -0.00000018, -0.00000044, -0.00000069, -0.00000090, -0.00000107, -0.00000118, -0.00000119, -0.00000093, 0.00000000
-0.00098643, -0.00077248, -0.00066240, -0.00058106, -0.00051787, -0.00046595, -0.00041310, -0.00036369, -0.00032038, -0.00028118, -0.00024354, -0.00020641, -0.00017008, -0.00013534, -0.00010280, -0.00007269, -0.00004490, -0.00001913, 0.00000498, 0.00009057, 0.00015906, 0.00020815, 0.00024000, 0.00025897, 0.00026803, 0.00026844, 0.00026099, 0.00024685, 0.00022776, 0.00020564, 0.00018223, 0.00015885, 0.00013633, 0.00011518, 0.00009564, 0.00007784, 0.00006190, 0.00004792, 0.00003599, 0.00002631, 0.00001874, 0.00001305, 0.00000902, 0.00000631, 0.00000457, 0.00000346, 0.00000269, 0.00000206, 0.00000147, 0.00000091, 0.00000041, 0.00000004, -0.00000016, -0.00000019, -0.00000009, 0.00000002, 0.00000003, -0.00000017, -0.00000058, -0.00000110, -0.00000150, -0.00000150, -0.00000091, 0.00000000
-0.00052180, -0.00047230, -0.00044806, -0.00042851, -0.00041167, -0.00039617, -0.00037880, -0.00036125, -0.00034462, -0.00032854, -0.00031241, -0.00029609, -0.00027977, -0.00026379, -0.00024839, -0.00023372, -0.00021978, -0.00020652, -0.00019387, -0.00014688, -0.00010659, -0.00007385, -0.00004794, -0.00002743, -0.00001129, 0.00000099, 0.00000976, 0.00001548, 0.00001874, 0.00002018, 0.00002035, 0.00001967, 0.00001842, 0.00001678, 0.00001485, 0.00001273, 0.00001050, 0.00000828, 0.00000618, 0.00000449, 0.00000317, 0.00000220, 0.00000157, 0.00000122, 0.00000107, 0.00000102, 0.00000100, 0.00000094, 0.00000084, 0.00000069, 0.00000052, 0.00000036, 0.00000023, 0.00000014, 0.00000007, -0.00000002, -0.00000017, -0.00000041, -0.00000073, -0.00000108, -0.00000134, -0.00000135, -0.00000093, 0.00000000
0.00042359, 0.00009904, -0.00004736, -0.00013911, -0.00019494, -0.00022768, -0.00025881, -0.00028222, -0.00029453, -0.00029977, -0.00030281, -0.00030583, -0.00030871, -0.00031045, -0.00031026, -0.00030793, -0.00030377, -0.00029839, -0.00029244, -0.00026915, -0.00024868, -0.00022507, -0.00019905, -0.00017489, -0.00015445, -0.00013679, -0.00012023, -0.00010387, -0.00008787, -0.00007295, -0.00005983, -0.00004883, -0.00003986, -0.00003253, -0.00002637, -0.00002101, -0.00001623, -0.00001202, -0.00000843, -0.00000539, -0.00000309, -0.00000159, -0.00000077, -0.00000045, -0.00000040, -0.00000042, -0.00000035, -0.00000011, 0.00000028, 0.00000076, 0.00000119, 0.00000144, 0.00000142, 0.00000110, 0.00000054, -0.00000012, -0.00000070, -0.00000107, -0.00000116, -0.00000105, -0.00000092, -0.00000095, -0.00000100, 0.00000000
-0.00167497, -0.00123021, -0.00100898, -0.00085165, -0.00073530, -0.00064475, -0.00055337, -0.00047016, -0.00040039, -0.00033954, -0.00028185, -0.00022490, -0.00016918, -0.00011622, -0.00006726, -0.00002273, 0.00001769, 0.00005467, 0.00008900, 0.00021077, 0.00030893, 0.00037763, 0.00042025, 0.00044481, 0.00045626, 0.00045585, 0.00044385, 0.00042145, 0.00039106, 0.00035568, 0.00031805, 0.00028025, 0.00024353, 0.00020858, 0.00017574, 0.00014524, 0.00011736, 0.00009241, 0.00007072, 0.00005270, 0.00003829, 0.00002726, 0.00001924, 0.00001369, 0.00000997, 0.00000747, 0.00000566, 0.00000417, 0.00000281, 0.00000157, 0.00000051, -0.00000025, -0.00000060, -0.00000056, -0.00000024, 0.00000017, 0.00000040, 0.00000026, -0.00000031, -0.00000112, -0.00000176, -0.00000175, -0.00000089, 0.00000000
-0.00004474, -0.00010006, -0.00011768, -0.00012248, -0.00011806, -0.00010752, -0.00009615, -0.00008268, -0.00006651, -0.00004881, -0.00003087, -0.00001334, 0.00000373, 0.00002051, 0.00003712, 0.00005356, 0.00006971, 0.00008539, 0.00010043, 0.00015362, 0.00019463, 0.00022539, 0.00024650, 0.00025786, 0.00026006, 0.00025452, 0.00024290, 0.00022675, 0.00020736, 0.00018585, 0.00016325, 0.00014049, 0.00011844, 0.00009780, 0.00007911, 0.00006268, 0.00004864, 0.00003694, 0.00002740, 0.00001996, 0.00001424, 0.00000989, 0.00000669, 0.00000439, 0.00000282, 0.00000178, 0.00000115, 0.00000080, 0.00000064, 0.00000059, 0.00000058, 0.00000055, 0.00000047, 0.00000032, 0.00000011, -0.00000015, -0.00000042, -0.00000068, -0.00000090, -0.00000107, -0.00000118, -0.00000119, -0.00000094, 0.00000000
0.00048850, 0.00032611, 0.00024875, 0.00019943, 0.00016832, 0.00014907, 0.00013169, 0.00011869, 0.00011137, 0.00010771, 0.00010536, 0.00010318, 0.00010113, 0.00009959, 0.00009885, 0.00009898, 0.00009981, 0.00010104, 0.00010235, 0.00010629, 0.00010660, 0.00010605, 0.00010466, 0.00010084, 0.00009409, 0.00008515, 0.00007518, 0.00006499, 0.00005493, 0.00004511, 0.00003556, 0.00002643, 0.00001798, 0.00001048, 0.00000420, -0.00000076, -0.00000439, -0.00000682, -0.00000827, -0.00000882, -0.00000878, -0.00000840, -0.00000779, -0.00000705, -0.00000622, -0.00000533, -0.00000441, -0.00000349, -0.00000259, -0.00000178, -0.00000110, -0.00000060, -0.00000030, -0.00000022, -0.00000031, -0.00000051, -0.00000074, -0.00000093, -0.00000104, -0.00000108, -0.00000109, -0.00000109, -0.00000092, 0.00000000
-0.00070060, -0.00054560, -0.00045988, -0.00039310, -0.00033857, -0.00029186, -0.00024477, -0.00020038, -0.00016056, -0.00012403, -0.00008905, -0.00005492, -0.00002185, 0.00000962, 0.00003907, 0.00006635, 0.00009154, 0.00011484, 0.00013650, 0.00021143, 0.00026824, 0.00030629, 0.00032793, 0.00033695, 0.00033611, 0.00032697, 0.00031071, 0.00028876, 0.00026283, 0.00023473, 0.00020605, 0.00017800, 0.00015141, 0.00012678, 0.00010438, 0.00008432, 0.00006667, 0.00005144, 0.00003860, 0.00002826, 0.00002016, 0.00001404, 0.00000963, 0.00000658, 0.00000457, 0.00000325, 0.00000236, 0.00000169, 0.00000115, 0.00000068, 0.00000028, 0.00000000, -0.00000015, -0.00000019, -0.00000014, -0.00000009, -0.00000013, -0.00000032, -0.00000066, -0.00000109, -0.00000141, -0.00000141, -0.00000090, 0.00000000
-0.00083894, -0.00075904, -0.00072088, -0.00069129, -0.00066720, -0.00064614, -0.00062232, -0.00059858, -0.00057670, -0.00055588, -0.00053496, -0.00051356, -0.00049197, -0.00047071, -0.00045022, -0.00043069, -0.00041211, -0.00039439, -0.00037737, -0.00031308, -0.00025596, -0.00020803, -0.00016860, -0.00013568, -0.00010795, -0.00008495, -0.00006646, -0.00005204, -0.00004095, -0.00003239, -0.00002561, -0.00002011, -0.00001560, -0.00001195, -0.00000909, -0.00000698, -0.00000555, -0.00000466, -0.00000415, -0.00000367, -0.00000320, -0.00000270, -0.00000213, -0.00000150, -0.00000089, -0.00000036, 0.00000002, 0.00000022, 0.00000026, 0.00000018, 0.00000005, -0.00000008, -0.00000015, -0.00000016, -0.00000013, -0.00000012, -0.00000018, -0.00000038, -0.00000070, -0.00000109, -0.00000138, -0.00000138, -0.00000090, 0.00000000
-0.00065173, -0.00053379, -0.00046430, -0.00040847, -0.00036088, -0.00031851, -0.00027628, -0.00023604, -0.00019894, -0.00016423, -0.00013088, -0.00009850, -0.00006720, -0.00003731, -0.00000911, 0.00001731, 0.00004199, 0.00006505, 0.00008664, 0.00016186, 0.00021973, 0.00026055, 0.00028636, 0.00030004, 0.00030382, 0.00029919, 0.00028741, 0.00026984, 0.00024804, 0.00022359, 0.00019791, 0.00017218, 0.00014729, 0.00012385, 0.00010229, 0.00008285, 0.00006569, 0.00005086, 0.00003837, 0.00002832, 0.00002044, 0.00001444, 0.00001007, 0.00000701, 0.00000495, 0.00000358, 0.00000267, 0.00000201, 0.00000149, 0.00000107, 0.00000071, 0.00000044, 0.00000025, 0.00000014, 0.00000008, 0.00000001, -0.00000012, -0.00000036, -0.00000070, -0.00000109, -0.00000138, -0.00000138, -0.00000093, 0.00000000
0.00001194, -0.00000827, -0.00000591, 0.00000508, 0.00002135, 0.00004087, 0.00006107, 0.00008214, 0.00010409, 0.00012628, 0.00014804, 0.00016901, 0.00018912, 0.00020837, 0.00022681, 0.00024442, 0.00026116, 0.00027694, 0.00029171, 0.00034147, 0.00037613, 0.00039767, 0.00040763, 0.00040714, 0.00039750, 0.00038027, 0.00035709, 0.00032951, 0.00029894, 0.00026664, 0.00023379, 0.00020140, 0.00017037, 0.00014143, 0.00011511, 0.00009175, 0.00007149, 0.00005434, 0.00004016, 0.00002890, 0.00002017, 0.00001356, 0.00000875, 0.00000539, 0.00000317, 0.00000178, 0.00000098, 0.00000056, 0.00000038, 0.00000032, 0.00000032, 0.00000031, 0.00000027, 0.00000019, 0.00000006, -0.00000011, -0.00000033, -0.00000058, -0.00000084, -0.00000108, -0.00000125, -0.00000126, -0.00000095, 0.00000000
0.00041725, 0.00023121, 0.00015441, 0.00011164, 0.00009191, 0.00008707, 0.00008312, 0.00008403, 0.00009194, 0.00010408, 0.00011720, 0.00012980, 0.00014191, 0.00015414, 0.00016699, 0.00018057, 0.00019464, 0.00020877, 0.00022254, 0.00027026, 0.00030471, 0.00033023, 0.00034704, 0.00035322, 0.00034861, 0.00033509, 0.00031516, 0.00029090, 0.00026375, 0.00023475, 0.00020481, 0.00017492, 0.00014609, 0.00011929, 0.00009526, 0.00007447, 0.00005704, 0.00004283, 0.00003150, 0.00002278, 0.00001610, 0.00001102, 0.00000720, 0.00000438, 0.00000239, 0.00000108, 0.00000033, 0.00000002, 0.00000003, 0.00000022, 0.00000046, 0.00000062, 0.00000063, 0.00000045, 0.00000012, -0.00000030, -0.00000069, -0.00000096, -0.00000107, -0.00000106, -0.00000102, -0.00000103, -0.00000094, 0.00000000
0.00084869, 0.00058857, 0.00046664, 0.00038746, 0.00033657, 0.00030400, 0.00027270, 0.00024772, 0.00023184, 0.00022179, 0.00021362, 0.00020552, 0.00019754, 0.00019047, 0.00018496, 0.00018116, 0.00017883, 0.00017746, 0.00017654, 0.00017252, 0.00016585, 0.00016116, 0.00015785, 0.00015252, 0.00014368, 0.00013215, 0.00011947, 0.00010665, 0.00009394, 0.00008119, 0.00006828, 0.00005533, 0.00004276, 0.00003111, 0.00002091, 0.00001248, 0.00000593, 0.00000115, -0.00000214, -0.00000411, -0.00000521, -0.00000575, -0.00000592, -0.00000582, -0.00000550, -0.00000497, -0.00000425, -0.00000338, -0.00000242, -0.00000147, -0.00000066, -0.00000007, 0.00000022, 0.00000020, -0.00000006, -0.00000045, -0.00000083, -0.00000108, -0.00000114, -0.00000106, -0.00000097, -0.00000098, -0.00000095, 0.00000000
-0.00078909, -0.00061011, -0.00051713, -0.00044797, -0.00039308, -0.00034687, -0.00029996, -0.00025563, -0.00021588, -0.00017926, -0.00014387, -0.00010894, -0.00007473, -0.00004185, -0.00001077, 0.00001829, 0.00004540, 0.00007078, 0.00009465, 0.00017986, 0.00024850, 0.00029886, 0.00033260, 0.00035306, 0.00036260, 0.00036236, 0.00035317, 0.00033628, 0.00031337, 0.00028632, 0.00025693, 0.00022668, 0.00019671, 0.00016783, 0.00014062, 0.00011551, 0.00009283, 0.00007280, 0.00005558, 0.00004136, 0.00002997, 0.00002114, 0.00001458, 0.00000990, 0.00000667, 0.00000449, 0.00000300, 0.00000195, 0.00000115, 0.00000053, 0.00000006, -0.00000025, -0.00000040, -0.00000040, -0.00000030, -0.00000020, -0.00000019, -0.00000034, -0.00000067, -0.00000109, -0.00000142, -0.00000140, -0.00000088, 0.00000000
-0.00066309, -0.00055775, -0.00049691, -0.00044774, -0.00040630, -0.00036986, -0.00033288, -0.00029767, -0.00026562, -0.00023588, -0.00020728, -0.00017937, -0.00015232, -0.00012650, -0.00010223, -0.00007960, -0.00005857, -0.00003898, -0.00002065, 0.00004372, 0.00009414, 0.00013041, 0.00015439, 0.00016892, 0.00017607, 0.00017701, 0.00017259, 0.00016382, 0.00015185, 0.00013790, 0.00012303, 0.00010804, 0.00009347, 0.00007966, 0.00006680, 0.00005502, 0.00004439, 0.00003500, 0.00002691, 0.00002037, 0.00001519, 0.00001122, 0.00000832, 0.00000629, 0.00000493, 0.00000400, 0.00000332, 0.00000277, 0.00000227, 0.00000180, 0.00000136, 0.00000100, 0.00000072, 0.00000053, 0.00000039, 0.00000026, 0.00000007, -0.00000023, -0.00000063, -0.00000108, -0.00000142, -0.00000144, -0.00000097, 0.00000000
0.00060013, 0.00032255, 0.00019867, 0.00012222, 0.00007682, 0.00005137, 0.00002729, 0.00000985, 0.00000201, 0.00000024, 0.00000031, 0.00000030, 0.00000031, 0.00000117, 0.00000360, 0.00000774, 0.00001333, 0.00001983, 0.00002667, 0.00005220, 0.00007273, 0.00009328, 0.00011315, 0.00012862, 0.00013805, 0.00014234, 0.00014313, 0.00014150, 0.00013770, 0.00013158, 0.00012303, 0.00011229, 0.00009998, 0.00008690, 0.00007388, 0.00006159, 0.00005045, 0.00004064, 0.00003216, 0.00002507, 0.00001909, 0.00001405, 0.00000985, 0.00000646, 0.00000385, 0.00000198, 0.00000081, 0.00000025, 0.00000015, 0.00000034, 0.00000062, 0.00000083, 0.00000085, 0.00000063, 0.00000021, -0.00000031, -0.00000078, -0.00000108, -0.00000115, -0.00000105, -0.00000095, -0.00000097, -0.00000096, 0.00000000
-0.00044635, -0.00046699, -0.00047268, -0.00047116, -0.00046447, -0.00045403, -0.00044153, -0.00042718, -0.00041122, -0.00039420, -0.00037661, -0.00035880, -0.00034094, -0.00032311, -0.00030539, -0.00028786, -0.00027061, -0.00025371, -0.00023727, -0.00017533, -0.00012105, -0.00007426, -0.00003473, -0.00000228, 0.00002346, 0.00004311, 0.00005737, 0.00006691, 0.00007238, 0.00007439, 0.00007353, 0.00007035, 0.00006541, 0.00005925, 0.00005233, 0.00004509, 0.00003788, 0.00003099, 0.00002463, 0.00001913, 0.00001447, 0.00001063, 0.00000759, 0.00000528, 0.00000359, 0.00000242, 0.00000163, 0.00000112, 0.00000079, 0.00000059, 0.00000046, 0.00000035, 0.00000026, 0.00000015, 0.00000001, -0.00000015, -0.00000035, -0.00000059, -0.00000084, -0.00000108, -0.00000125, -0.00000125, -0.00000092, 0.00000000
0.00060484, 0.00033336, 0.00021122, 0.00013455, 0.00008811, 0.00006112, 0.00003506, 0.00001544, 0.00000535, 0.00000128, -0.00000097, -0.00000332, -0.00000565, -0.00000708, -0.00000689, -0.00000491, -0.00000142, 0.00000307, 0.00000797, 0.00002647, 0.00004118, 0.00005717, 0.00007368, 0.00008683, 0.00009490, 0.00009871, 0.00009981, 0.00009919, 0.00009699, 0.00009296, 0.00008688, 0.00007892, 0.00006959, 0.00005963, 0.00004977, 0.00004060, 0.00003250, 0.00002556, 0.00001973, 0.00001503, 0.00001116, 0.00000793, 0.00000526, 0.00000310, 0.00000147, 0.00000036, -0.00000025, -0.00000041, -0.00000023, 0.00000015, 0.00000055, 0.00000082, 0.00000087, 0.00000066, 0.00000023, -0.00000029, -0.00000077, -0.00000107, -0.00000114, -0.00000105, -0.00000094, -0.00000096, -0.00000096, 0.00000000
0.00016229, 0.00000764, -0.00005902, -0.00009669, -0.00011604, -0.00012369, -0.00012945, -0.00013116, -0.00012766, -0.00012091, -0.00011313, -0.00010539, -0.00009773, -0.00008979, -0.00008128, -0.00007215, -0.00006259, -0.00005286, -0.00004328, -0.00000832, 0.00001987, 0.00004402, 0.00006419, 0.00007896, 0.00008796, 0.00009211, 0.00009269, 0.00009068, 0.00008664, 0.00008088, 0.00007369, 0.00006545, 0.00005665, 0.00004783, 0.00003944, 0.00003183, 0.00002519, 0.00001954, 0.00001484, 0.00001114, 0.00000821, 0.00000585, 0.00000400, 0.00000258, 0.00000155, 0.00000085, 0.00000045, 0.00000029, 0.00000031, 0.00000042, 0.00000054, 0.00000061, 0.00000058, 0.00000041, 0.00000013, -0.00000020, -0.00000053, -0.00000080, -0.00000097, -0.00000106, -0.00000111, -0.00000112, -0.00000094, 0.00000000
-0.00030157, -0.00031234, -0.00030680, -0.00029449, -0.00027734, -0.00025694, -0.00023557, -0.00021313, -0.00018964, -0.00016572, -0.00014200, -0.00011883, -0.00009631, -0.00007446, -0.00005327, -0.00003279, -0.00001308, 0.00000577, 0.00002368, 0.00008671, 0.00013541, 0.00017136, 0.00019585, 0.00020993, 0.00021493, 0.00021241, 0.00020400, 0.00019119, 0.00017533, 0.00015756, 0.00013887, 0.00012011, 0.00010195, 0.00008495, 0.00006946, 0.00005571, 0.00004378, 0.00003367, 0.00002528, 0.00001864, 0.00001346, 0.00000951, 0.00000657, 0.00000448, 0.00000305, 0.00000210, 0.00000149, 0.00000111, 0.00000088, 0.00000074, 0.00000063, 0.00000053, 0.00000042, 0.00000028, 0.00000011, -0.00000009, -0.00000032, -0.00000057, -0.00000083, -0.00000107, -0.00000124, -0.00000125, -0.00000093, 0.00000000
0.00021634, -0.00000400, -0.00010437, -0.00016438, -0.00019851, -0.00021584, -0.00022969, -0.00023729, -0.00023719, -0.00023206, -0.00022497, -0.00021739, -0.00020941, -0.00020060, -0.00019059, -0.00017936, -0.00016717, -0.00015441, -0.00014152, -0.00009219, -0.00004903, -0.00000945, 0.00002579, 0.00005420, 0.00007483, 0.00008858, 0.00009691, 0.00010098, 0.00010143, 0.00009863, 0.00009297, 0.00008501, 0.00007549, 0.00006523, 0.00005497, 0.00004529, 0.00003655, 0.00002893, 0.00002242, 0.00001711, 0.00001276, 0.00000919, 0.00000632, 0.00000407, 0.00000239, 0.00000122, 0.00000051, 0.00000018, 0.00000014, 0.00000026, 0.00000044, 0.00000056, 0.00000055, 0.00000038, 0.00000008, -0.00000030, -0.00000066, -0.00000092, -0.00000104, -0.00000106, -0.00000105, -0.00000106, -0.00000093, 0.00000000
0.00050744, 0.00031903, 0.00024377, 0.00020244, 0.00018407, 0.00018032, 0.00017645, 0.00017700, 0.00018444, 0.00019596, 0.00020817, 0.00021955, 0.00023022, 0.00024091, 0.00025219, 0.00026423, 0.00027679, 0.00028946, 0.00030177, 0.00034383, 0.00037326, 0.00039505, 0.00040940, 0.00041402, 0.00040842, 0.00039417, 0.00037354, 0.00034833, 0.00031974, 0.00028859, 0.00025572, 0.00022212, 0.00018897, 0.00015740, 0.00012840, 0.00010266, 0.00008050, 0.00006192, 0.00004670, 0.00003463, 0.00002514, 0.00001776, 0.00001211, 0.00000789, 0.00000486, 0.00000280, 0.00000153, 0.00000088, 0.00000067, 0.00000073, 0.00000088, 0.00000098, 0.00000092, 0.00000068, 0.00000028, -0.00000020, -0.00000063, -0.00000094, -0.00000106, -0.00000105, -0.00000102, -0.00000104, -0.00000096, 0.00000000
0.00055993, 0.00039750, 0.00032572, 0.00028152, 0.00025602, 0.00024249, 0.00022906, 0.00021937, 0.00021545, 0.00021505, 0.00021542, 0.00021536, 0.00021495, 0.00021478, 0.00021534, 0.00021677, 0.00021888, 0.00022136, 0.00022385, 0.00023117, 0.00023329, 0.00023421, 0.00023403, 0.00023069, 0.00022342, 0.00021303, 0.00020071, 0.00018728, 0.00017297, 0.00015774, 0.00014160, 0.00012479, 0.00010777, 0.00009113, 0.00007546, 0.00006121, 0.00004866, 0.00003787, 0.00002881, 0.00002151, 0.00001564, 0.00001097, 0.00000733, 0.00000459, 0.00000263, 0.00000133, 0.00000058, 0.00000027, 0.00000027, 0.00000045, 0.00000066, 0.00000080, 0.00000079, 0.00000060, 0.00000027, -0.00000014, -0.00000054, -0.00000084, -0.00000101, -0.00000106, -0.00000108, -0.00000110, -0.00000097, 0.00000000
-0.00097763, -0.00085749, -0.00079124, -0.00073876, -0.00069508, -0.00065674, -0.00061694, -0.00057852, -0.00054323, -0.00051008, -0.00047769, -0.00044554, -0.00041390, -0.00038327, -0.00035407, -0.00032649, -0.00030049, -0.00027592, -0.00025261, -0.00016805, -0.00009763, -0.00004246, -0.00000095, 0.00002984, 0.00005202, 0.00006676, 0.00007488, 0.00007745, 0.00007574, 0.00007112, 0.00006475, 0.00005754, 0.00005007, 0.00004269, 0.00003559, 0.00002889, 0.00002271, 0.00001715, 0.00001232, 0.00000849, 0.00000556, 0.00000347, 0.00000211, 0.00000133, 0.00000097, 0.00000084, 0.00000078, 0.00000070, 0.00000056, 0.00000036, 0.00000015, -0.00000002, -0.00000012, -0.00000014, -0.00000011, -0.00000009, -0.00000015, -0.00000035, -0.00000069, -0.00000109, -0.00000140, -0.00000139, -0.00000091, 0.00000000
0.00102937, 0.00066045, 0.00048408, 0.00036570, 0.00028599, 0.00023137, 0.00017781, 0.00013281, 0.00010059, 0.00007668, 0.00005560, 0.00003489, 0.00001471, -0.00000375, -0.00001952, -0.00003235, -0.00004257, -0.00005087, -0.00005799, -0.00008209, -0.00010195, -0.00011156, -0.00011250, -0.00011044, -0.00010829, -0.00010569, -0.00010132, -0.00009467, -0.00008633, -0.00007744, -0.00006907, -0.00006178, -0.00005561, -0.00005023, -0.00004524, -0.00004028, -0.00003525, -0.00003020, -0.00002536, -0.00002079, -0.00001680, -0.00001357, -0.00001105, -0.00000912, -0.00000759, -0.00000627, -0.00000501, -0.00000374, -0.00000244, -0.00000122, -0.00000018, 0.00000052, 0.00000082, 0.00000070, 0.00000025, -0.00000035, -0.00000090, -0.00000122, -0.00000124, -0.00000104, -0.00000085, -0.00000088, -0.00000098, 0.00000000
0.00004180, 0.00005818, 0.00007503, 0.00009461, 0.00011610, 0.00013879, 0.00016242, 0.00018642, 0.00021035, 0.00023396, 0.00025711, 0.00027968, 0.00030158, 0.00032272, 0.00034301, 0.00036241, 0.00038087, 0.00039837, 0.00041488, 0.00047259, 0.00051656, 0.00054766, 0.00056689, 0.00057517, 0.00057340, 0.00056243, 0.00054318, 0.00051666, 0.00048400, 0.00044646, 0.00040538, 0.00036215, 0.00031815, 0.00027467, 0.00023287, 0.00019371, 0.00015794, 0.00012606, 0.00009836, 0.00007508, 0.00005596, 0.00004067, 0.00002881, 0.00001989, 0.00001340, 0.00000882, 0.00000569, 0.00000361, 0.00000226, 0.00000139, 0.00000085, 0.00000050, 0.00000027, 0.00000011, -0.00000003, -0.00000017, -0.00000034, -0.00000055, -0.00000081, -0.00000107, -0.00000127, -0.00000127, -0.00000092, 0.00000000
-0.00099177, -0.00075296, -0.00062797, -0.00053595, -0.00046426, -0.00040529, -0.00034649, -0.00029195, -0.00024414, -0.00020098, -0.00015983, -0.00011957, -0.00008045, -0.00004318, -0.00000836, 0.00002382, 0.00005348, 0.00008093, 0.00010653, 0.00019652, 0.00026739, 0.00031738, 0.00034889, 0.00036644, 0.00037309, 0.00037016, 0.00035850, 0.00033935, 0.00031450, 0.00028595, 0.00025557, 0.00022484, 0.00019481, 0.00016615, 0.00013931, 0.00011461, 0.00009229, 0.00007256, 0.00005558, 0.00004157, 0.00003036, 0.00002170, 0.00001530, 0.00001076, 0.00000764, 0.00000552, 0.00000403, 0.00000291, 0.00000199, 0.00000122, 0.00000059, 0.00000014, -0.00000010, -0.00000016, -0.00000008, 0.00000002, 0.00000002, -0.00000017, -0.00000058, -0.00000109, -0.00000149, -0.00000149, -0.00000090, 0.00000000
-0.00030328, -0.00035560, -0.00037684, -0.00038587, -0.00038721, -0.00038337, -0.00037729, -0.00036895, -0.00035843, -0.00034648, -0.00033385, -0.00032100, -0.00030808, -0.00029512, -0.00028215, -0.00026921, -0.00025641, -0.00024384, -0.00023162, -0.00018587, -0.00014654, -0.00011302, -0.00008501, -0.00006241, -0.00004486, -0.00003164, -0.00002196, -0.00001506, -0.00001035, -0.00000734, -0.00000560, -0.00000477, -0.00000453, -0.00000462, -0.00000483, -0.00000502, -0.00000514, -0.00000514, -0.00000503, -0.00000464, -0.00000412, -0.00000353, -0.00000292, -0.00000230, -0.00000170, -0.00000115, -0.00000068, -0.00000029, 0.00000000, 0.00000021, 0.00000033, 0.00000038, 0.00000036, 0.00000027, 0.00000012, -0.00000008, -0.00000031, -0.00000057, -0.00000083, -0.00000107, -0.00000124, -0.00000125, -0.00000094, 0.00000000
-0.00109862, -0.00094700, -0.00087143, -0.00081450, -0.00077016, -0.00073357, -0.00069435, -0.00065695, -0.00062402, -0.00059394, -0.00056450, -0.00053483, -0.00050528, -0.00047662, -0.00044946, -0.00042405, -0.00040033, -0.00037805, -0.00035693, -0.00027878, -0.00021124, -0.00015705, -0.00011482, -0.00008109, -0.00005367, -0.00003192, -0.00001566, -0.00000435, 0.00000298, 0.00000752, 0.00001027, 0.00001194, 0.00001288, 0.00001320, 0.00001291, 0.00001201, 0.00001058, 0.00000878, 0.00000683, 0.00000514, 0.00000376, 0.00000276, 0.00000215, 0.00000186, 0.00000178, 0.00000176, 0.00000168, 0.00000149, 0.00000116, 0.00000075, 0.00000035, 0.00000003, -0.00000016, -0.00000019, -0.00000012, -0.00000003, -0.00000004, -0.00000023, -0.00000061, -0.00000109, -0.00000146, -0.00000145, -0.00000089, 0.00000000
0.00049885, 0.00025830, 0.00014787, 0.00007696, 0.00003257, 0.00000540, -0.00002093, -0.00004146, -0.00005344, -0.00005997, -0.00006481, -0.00006968, -0.00007446, -0.00007839, -0.00008083, -0.00008161, -0.00008097, -0.00007939, -0.00007736, -0.00006931, -0.00006326, -0.00005467, -0.00004414, -0.00003499, -0.00002869, -0.00002451, -0.00002110, -0.00001769, -0.00001427, -0.00001129, -0.00000915, -0.00000800, -0.00000765, -0.00000776, -0.00000792, -0.00000786, -0.00000743, -0.00000669, -0.00000577, -0.00000463, -0.00000357, -0.00000275, -0.00000218, -0.00000180, -0.00000151, -0.00000124, -0.00000089, -0.00000045, 0.00000006, 0.00000058, 0.00000101, 0.00000125, 0.00000125, 0.00000100, 0.00000054, -0.00000002, -0.00000054, -0.00000090, -0.00000105, -0.00000105, -0.00000102, -0.00000105, -0.00000101, 0.00000000
-0.00001954, -0.00010645, -0.00013890, -0.00015461, -0.00015834, -0.00015414, -0.00014956, -0.00014234, -0.00013130, -0.00011798, -0.00010421, -0.00009085, -0.00007790, -0.00006503, -0.00005199, -0.00003873, -0.00002539, -0.00001221, 0.00000056, 0.00004629, 0.00008236, 0.00011150, 0.00013414, 0.00014944, 0.00015748, 0.00015937, 0.00015654, 0.00015017, 0.00014105, 0.00012974, 0.00011678, 0.00010279, 0.00008841, 0.00007431, 0.00006105, 0.00004905, 0.00003853, 0.00002957, 0.00002213, 0.00001625, 0.00001164, 0.00000808, 0.00000538, 0.00000343, 0.00000207, 0.00000121, 0.00000072, 0.00000051, 0.00000049, 0.00000057, 0.00000066, 0.00000071, 0.00000065, 0.00000048, 0.00000021, -0.00000011, -0.00000044, -0.00000073, -0.00000093, -0.00000107, -0.00000115, -0.00000117, -0.00000096, 0.00000000
-0.00054626, -0.00050580, -0.00048129, -0.00045895, -0.00043797, -0.00041756, -0.00039540, -0.00037292, -0.00035106, -0.00032962, -0.00030825, -0.00028689, -0.00026576, -0.00024515, -0.00022528, -0.00020627, -0.00018815, -0.00017088, -0.00015442, -0.00009443, -0.00004472, -0.00000565, 0.00002378, 0.00004514, 0.00005970, 0.00006838, 0.00007199, 0.00007144, 0.00006774, 0.00006185, 0.00005464, 0.00004680, 0.00003885, 0.00003115, 0.00002395, 0.00001742, 0.00001170, 0.00000685, 0.00000292, 0.00000011, -0.00000176, -0.00000283, -0.00000324, -0.00000314, -0.00000271, -0.00000213, -0.00000154, -0.00000102, -0.00000062, -0.00000036, -0.00000020, -0.00000011, -0.00000007, -0.00000004, -0.00000005, -0.00000010, -0.00000022, -0.00000044, -0.00000075, -0.00000108, -0.00000134, -0.00000134, -0.00000093, 0.00000000
-0.00071725, -0.00064827, -0.00061129, -0.00057873, -0.00055054, -0.00052502, -0.00049613, -0.00046739, -0.00044092, -0.00041590, -0.00039104, -0.00036592, -0.00034086, -0.00031646, -0.00029319, -0.00027125, -0.00025062, -0.00023116, -0.00021271, -0.00014511, -0.00008835, -0.00004428, -0.00001170, 0.00001210, 0.00002902, 0.00003994, 0.00004550, 0.00004660, 0.00004441, 0.00004018, 0.00003501, 0.00002964, 0.00002454, 0.00001987, 0.00001567, 0.00001192, 0.00000860, 0.00000570, 0.00000325, 0.00000148, 0.00000027, -0.00000043, -0.00000069, -0.00000064, -0.00000040, -0.00000012, 0.00000010, 0.00000019, 0.00000016, 0.00000003, -0.00000013, -0.00000027, -0.00000033, -0.00000031, -0.00000024, -0.00000018, -0.00000020, -0.00000038, -0.00000070, -0.00000109, -0.00000139, -0.00000138, -0.00000089, 0.00000000
0.00008497, -0.00005236, -0.00010902, -0.00013932, -0.00015169, -0.00015231, -0.00015136, -0.00014630, -0.00013583, -0.00012200, -0.00010721, -0.00009262, -0.00007824, -0.00006371, -0.00004871, -0.00003320, -0.00001737, -0.00000155, 0.00001395, 0.00007034, 0.00011614, 0.00015426, 0.00018478, 0.00020626, 0.00021854, 0.00022283, 0.00022082, 0.00021390, 0.00020304, 0.00018893, 0.00017227, 0.00015384, 0.00013454, 0.00011526, 0.00009679, 0.00007973, 0.00006447, 0.00005116, 0.00003980, 0.00003047, 0.00002287, 0.00001674, 0.00001191, 0.00000819, 0.00000544, 0.00000350, 0.00000223, 0.00000147, 0.00000110, 0.00000096, 0.00000094, 0.00000090, 0.00000079, 0.00000057, 0.00000024, -0.00000014, -0.00000050, -0.00000079, -0.00000097, -0.00000106, -0.00000110, -0.00000112, -0.00000095, 0.00000000
-0.00023898, -0.00031229, -0.00034175, -0.00035461, -0.00035630, -0.00035039, -0.00034189, -0.00033025, -0.00031532, -0.00029828, -0.00028042, -0.00026242, -0.00024445, -0.00022648, -0.00020848, -0.00019048, -0.00017265, -0.00015515, -0.00013818, -0.00007599, -0.00002466, 0.00001701, 0.00004946, 0.00007274, 0.00008750, 0.00009506, 0.00009695, 0.00009457, 0.00008906, 0.00008137, 0.00007228, 0.00006251, 0.00005267, 0.00004328, 0.00003470, 0.00002715, 0.00002072, 0.00001539, 0.00001107, 0.00000782, 0.00000537, 0.00000355, 0.00000224, 0.00000134, 0.00000077, 0.00000043, 0.00000026, 0.00000021, 0.00000024, 0.00000030, 0.00000035, 0.00000036, 0.00000032, 0.00000021, 0.00000004, -0.00000019, -0.00000043, -0.00000067, -0.00000089, -0.00000107, -0.00000119, -0.00000120, -0.00000092, 0.00000000
-0.00018770, -0.00025394, -0.00027619, -0.00028577, -0.00028494, -0.00027698, -0.00026926, -0.00025921, -0.00024549, -0.00022959, -0.00021337, -0.00019766, -0.00018245, -0.00016739, -0.00015221, -0.00013686, -0.00012148, -0.00010631, -0.00009160, -0.00003876, 0.00000362, 0.00003855, 0.00006662, 0.00008707, 0.00010008, 0.00010688, 0.00010899, 0.00010760, 0.00010350, 0.00009719, 0.00008911, 0.00007977, 0.00006973, 0.00005956, 0.00004978, 0.00004075, 0.00003270, 0.00002571, 0.00001977, 0.00001497, 0.00001109, 0.00000797, 0.00000550, 0.00000362, 0.00000225, 0.00000132, 0.00000075, 0.00000047, 0.00000040, 0.00000045, 0.00000053, 0.00000058, 0.00000053, 0.00000037, 0.00000011, -0.00000020, -0.00000051, -0.00000078, -0.00000096, -0.00000107, -0.00000113, -0.00000114, -0.00000094, 0.00000000
0.00056642, 0.00024842, 0.00010115, 0.00000698, -0.00005187, -0.00008775, -0.00012150, -0.00014723, -0.00016167, -0.00016883, -0.00017348, -0.00017783, -0.00018179, -0.00018445, -0.00018506, -0.00018344, -0.00017994, -0.00017517, -0.00016977, -0.00014827, -0.00012956, -0.00010846, -0.00008604, -0.00006663, -0.00005211, -0.00004150, -0.00003300, -0.00002549, -0.00001880, -0.00001330, -0.00000938, -0.00000708, -0.00000608, -0.00000586, -0.00000587, -0.00000572, -0.00000524, -0.00000446, -0.00000354, -0.00000251, -0.00000168, -0.00000118, -0.00000101, -0.00000107, -0.00000121, -0.00000130, -0.00000123, -0.00000095, -0.00000049, 0.00000006, 0.00000057, 0.00000090, 0.00000097, 0.00000073, 0.00000027, -0.00000031, -0.00000082, -0.00000113, -0.00000119, -0.00000105, -0.00000091, -0.00000093, -0.00000096, 0.00000000
0.00014299, 0.00002750, -0.00001934, -0.00004400, -0.00005384, -0.00005410, -0.00005326, -0.00004914, -0.00004062, -0.00002941, -0.00001752, -0.00000591, 0.00000542, 0.00001679, 0.00002847, 0.00004049, 0.00005269, 0.00006483, 0.00007661, 0.00011871, 0.00015153, 0.00017777, 0.00019768, 0.00021017, 0.00021514, 0.00021364, 0.00020708, 0.00019667, 0.00018323, 0.00016742, 0.00014986, 0.00013129, 0.00011250, 0.00009425, 0.00007722, 0.00006187, 0.00004848, 0.00003711, 0.00002768, 0.00002019, 0.00001432, 0.00000977, 0.00000635, 0.00000385, 0.00000212, 0.00000100, 0.00000035, 0.00000006, 0.00000002, 0.00000011, 0.00000024, 0.00000033, 0.00000033, 0.00000021, -0.00000001, -0.00000029, -0.00000058, -0.00000082, -0.00000098, -0.00000107, -0.00000112, -0.00000112, -0.00000092, 0.00000000
-0.00014169, -0.00019158, -0.00020646, -0.00020987, -0.00020523, -0.00019533, -0.00018492, -0.00017283, -0.00015845, -0.00014281, -0.00012706, -0.00011176, -0.00009693, -0.00008242, -0.00006807, -0.00005390, -0.00003998, -0.00002648, -0.00001354, 0.00003237, 0.00006835, 0.00009655, 0.00011771, 0.00013176, 0.00013916, 0.00014098, 0.00013844, 0.00013259, 0.00012421, 0.00011394, 0.00010235, 0.00009000, 0.00007747, 0.00006527, 0.00005384, 0.00004348, 0.00003436, 0.00002653, 0.00001996, 0.00001474, 0.00001062, 0.00000743, 0.00000501, 0.00000326, 0.00000205, 0.00000125, 0.00000078, 0.00000054, 0.00000045, 0.00000044, 0.00000045, 0.00000045, 0.00000039, 0.00000026, 0.00000006, -0.00000018, -0.00000044, -0.00000068, -0.00000090, -0.00000107, -0.00000119, -0.00000120, -0.00000093, 0.00000000
-0.00121203, -0.00090449, -0.00075247, -0.00064348, -0.00056242, -0.00049887, -0.00043379, -0.00037401, -0.00032356, -0.00027926, -0.00023702, -0.00019513, -0.00015402, -0.00011488, -0.00007864, -0.00004564, -0.00001568, 0.00001174, 0.00003714, 0.00012707, 0.00019863, 0.00024740, 0.00027600, 0.00029058, 0.00029511, 0.00029089, 0.00027849, 0.00025915, 0.00023492, 0.00020820, 0.00018110, 0.00015510, 0.00013102, 0.00010914, 0.00008945, 0.00007187, 0.00005632, 0.00004282, 0.00003141, 0.00002231, 0.00001536, 0.00001035, 0.00000700, 0.00000496, 0.00000381, 0.00000315, 0.00000267, 0.00000216, 0.00000155, 0.00000087, 0.00000024, -0.00000023, -0.00000046, -0.00000042, -0.00000019, 0.00000008, 0.00000021, 0.00000004, -0.00000044, -0.00000110, -0.00000162, -0.00000161, -0.00000089, 0.00000000
-0.00055917, -0.00069566, -0.00075760, -0.00079530, -0.00081573, -0.00082444, -0.00083115, -0.00083344, -0.00083003, -0.00082289, -0.00081433, -0.00080545, -0.00079632, -0.00078656, -0.00077589, -0.00076427, -0.00075188, -0.00073902, -0.00072600, -0.00067436, -0.00062477, -0.00057433, -0.00052312, -0.00047289, -0.00042455, -0.00037789, -0.00033251, -0.00028847, -0.00024633, -0.00020693, -0.00017102, -0.00013909, -0.00011132, -0.00008761, -0.00006771, -0.00005127, -0.00003793, -0.00002735, -0.00001920, -0.00001295, -0.00000839, -0.00000525, -0.00000319, -0.00000191, -0.00000114, -0.00000067, -0.00000034, -0.00000006, 0.00000021, 0.00000046, 0.00000066, 0.00000076, 0.00000072, 0.00000053, 0.00000022, -0.00000015, -0.00000051, -0.00000080, -0.00000098, -0.00000106, -0.00000111, -0.00000112, -0.00000095, 0.00000000
-0.00022804, -0.00031886, -0.00035139, -0.00036682, -0.00036887, -0.00036182, -0.00035480, -0.00034481, -0.00033025, -0.00031298, -0.00029523, -0.00027804, -0.00026139, -0.00024486, -0.00022812, -0.00021111, -0.00019398, -0.00017704, -0.00016059, -0.00010159, -0.00005433, -0.00001517, 0.00001663, 0.00004019, 0.00005574, 0.00006476, 0.00006905, 0.00006999, 0.00006841, 0.00006478, 0.00005951, 0.00005303, 0.00004588, 0.00003860, 0.00003165, 0.00002537, 0.00001994, 0.00001537, 0.00001160, 0.00000869, 0.00000639, 0.00000454, 0.00000306, 0.00000192, 0.00000108, 0.00000053, 0.00000023, 0.00000014, 0.00000022, 0.00000037, 0.00000053, 0.00000063, 0.00000060, 0.00000043, 0.00000014, -0.00000021, -0.00000055, -0.00000082, -0.00000099, -0.00000107, -0.00000110, -0.00000111, -0.00000094, 0.00000000
-0.00021728, -0.00029885, -0.00033513, -0.00035515, -0.00036435, -0.00036624, -0.00036595, -0.00036266, -0.00035599, -0.00034710, -0.00033724, -0.00032709, -0.00031676, -0.00030618, -0.00029525, -0.00028402, -0.00027259, -0.00026115, -0.00024987, -0.00020697, -0.00016923, -0.00013559, -0.00010600, -0.00008102, -0.00006069, -0.00004439, -0.00003132, -0.00002086, -0.00001260, -0.00000631, -0.00000179, 0.00000121, 0.00000295, 0.00000374, 0.00000387, 0.00000358, 0.00000303, 0.00000237, 0.00000165, 0.00000113, 0.00000071, 0.00000036, 0.00000009, -0.00000007, -0.00000013, -0.00000011, -0.00000002, 0.00000012, 0.00000027, 0.00000041, 0.00000051, 0.00000055, 0.00000051, 0.00000038, 0.00000017, -0.00000009, -0.00000037, -0.00000064, -0.00000088, -0.00000107, -0.00000120, -0.00000122, -0.00000095, 0.00000000
0.00012151, 0.00004678, 0.00002427, 0.00001846, 0.00002428, 0.00003757, 0.00005106, 0.00006670, 0.00008547, 0.00010589, 0.00012622, 0.00014565, 0.00016416, 0.00018206, 0.00019958, 0.00021678, 0.00023353, 0.00024961, 0.00026480, 0.00031572, 0.00035046, 0.00037240, 0.00038284, 0.00038202, 0.00037101, 0.00035188, 0.00032698, 0.00029832, 0.00026751, 0.00023576, 0.00020413, 0.00017353, 0.00014477, 0.00011852, 0.00009523, 0.00007512, 0.00005818, 0.00004423, 0.00003298, 0.00002424, 0.00001753, 0.00001241, 0.00000860, 0.00000582, 0.00000387, 0.00000256, 0.00000173, 0.00000127, 0.00000104, 0.00000096, 0.00000094, 0.00000089, 0.00000078, 0.00000057, 0.00000028, -0.00000006, -0.00000040, -0.00000069, -0.00000091, -0.00000107, -0.00000116, -0.00000118, -0.00000096, 0.00000000
-0.00037476, -0.00030463, -0.00025802, -0.00021754, -0.00018047, -0.00014561, -0.00011094, -0.00007734, -0.00004540, -0.00001492, 0.00001444, 0.00004280, 0.00007006, 0.00009606, 0.00012067, 0.00014383, 0.00016556, 0.00018590, 0.00020490, 0.00027009, 0.00031835, 0.00035082, 0.00036943, 0.00037635, 0.00037348, 0.00036235, 0.00034439, 0.00032106, 0.00029386, 0.00026426, 0.00023360, 0.00020304, 0.00017351, 0.00014572, 0.00012019, 0.00009724, 0.00007706, 0.00005971, 0.00004514, 0.00003340, 0.00002415, 0.00001706, 0.00001182, 0.00000808, 0.00000552, 0.00000380, 0.00000268, 0.00000193, 0.00000141, 0.00000103, 0.00000075, 0.00000053, 0.00000036, 0.00000023, 0.00000012, -0.00000001, -0.00000019, -0.00000044, -0.00000075, -0.00000108, -0.00000132, -0.00000133, -0.00000094, 0.00000000
0.00101103, 0.00065715, 0.00049877, 0.00039813, 0.00033631, 0.00029950, 0.00026271, 0.00023392, 0.00021764, 0.00020921, 0.00020292, 0.00019621, 0.00018932, 0.00018351, 0.00017981, 0.00017851, 0.00017926, 0.00018136, 0.00018402, 0.00019281, 0.00019643, 0.00020212, 0.00020898, 0.00021183, 0.00020841, 0.00019995, 0.00018872, 0.00017618, 0.00016265, 0.00014785, 0.00013157, 0.00011405, 0.00009598, 0.00007831, 0.00006199, 0.00004767, 0.00003570, 0.00002606, 0.00001850, 0.00001278, 0.00000841, 0.00000500, 0.00000233, 0.00000030, -0.00000112, -0.00000196, -0.00000223, -0.00000200, -0.00000140, -0.00000062, 0.00000015, 0.00000069, 0.00000088, 0.00000070, 0.00000021, -0.00000042, -0.00000098, -0.00000128, -0.00000127, -0.00000104, -0.00000082, -0.00000084, -0.00000097, 0.00000000
-0.00008633, -0.00012822, -0.00014176, -0.00014423, -0.00013964, -0.00013046, -0.00011975, -0.00010728, -0.00009307, -0.00007785, -0.00006238, -0.00004706, -0.00003201, -0.00001719, -0.00000261, 0.00001171, 0.00002568, 0.00003919, 0.00005214, 0.00009880, 0.00013627, 0.00016567, 0.00018754, 0.00020204, 0.00020963, 0.00021112, 0.00020743, 0.00019947, 0.00018804, 0.00017390, 0.00015780, 0.00014049, 0.00012270, 0.00010509, 0.00008825, 0.00007261, 0.00005849, 0.00004605, 0.00003536, 0.00002657, 0.00001948, 0.00001389, 0.00000962, 0.00000647, 0.00000424, 0.00000272, 0.00000174, 0.00000113, 0.00000077, 0.00000057, 0.00000045, 0.00000036, 0.00000027, 0.00000016, 0.00000000, -0.00000018, -0.00000040, -0.00000063, -0.00000086, -0.00000107, -0.00000122, -0.00000122, -0.00000092, 0.00000000
0.00005372, -0.00010297, -0.00017867, -0.00022672, -0.00025752, -0.00027702, -0.00029355, -0.00030554, -0.00031219, -0.00031521, -0.00031657, -0.00031727, -0.00031744, -0.00031686, -0.00031535, -0.00031289, -0.00030966, -0.00030590, -0.00030189, -0.00028500, -0.00026879, -0.00025169, -0.00023402, -0.00021727, -0.00020206, -0.00018800, -0.00017440, -0.00016085, -0.00014730, -0.00013393, -0.00012098, -0.00010863, -0.00009691, -0.00008583, -0.00007536, -0.00006549, -0.00005626, -0.00004776, -0.00004008, -0.00003310, -0.00002698, -0.00002176, -0.00001736, -0.00001370, -0.00001068, -0.00000820, -0.00000616, -0.00000449, -0.00000312, -0.00000204, -0.00000121, -0.00000063, -0.00000030, -0.00000018, -0.00000024, -0.00000041, -0.00000063, -0.00000083, -0.00000098, -0.00000108, -0.00000113, -0.00000113, -0.00000092, 0.00000000
-0.00025132, -0.00034115, -0.00038387, -0.00040883, -0.00042213, -0.00042739, -0.00042954, -0.00042806, -0.00042277, -0.00041484, -0.00040554, -0.00039557, -0.00038513, -0.00037419, -0.00036274, -0.00035083, -0.00033859, -0.00032622, -0.00031390, -0.00026585, -0.00022202, -0.00018203, -0.00014620, -0.00011526, -0.00008936, -0.00006799, -0.00005042, -0.00003603, -0.00002438, -0.00001520, -0.00000823, -0.00000320, 0.00000019, 0.00000227, 0.00000335, 0.00000371, 0.00000358, 0.00000311, 0.00000245, 0.00000187, 0.00000132, 0.00000082, 0.00000040, 0.00000011, -0.00000007, -0.00000014, -0.00000012, -0.00000003, 0.00000009, 0.00000021, 0.00000031, 0.00000035, 0.00000032, 0.00000022, 0.00000005, -0.00000017, -0.00000042, -0.00000067, -0.00000089, -0.00000107, -0.00000120, -0.00000120, -0.00000093, 0.00000000
0.00032406, 0.00019592, 0.00014514, 0.00011836, 0.00010767, 0.00010735, 0.00010741, 0.00011071, 0.00011882, 0.00012977, 0.00014122, 0.00015207, 0.00016236, 0.00017254, 0.00018298, 0.00019376, 0.00020474, 0.00021564, 0.00022615, 0.00026226, 0.00028787, 0.00030650, 0.00031863, 0.00032305, 0.00031966, 0.00030970, 0.00029481, 0.00027634, 0.00025516, 0.00023191, 0.00020718, 0.00018170, 0.00015629, 0.00013179, 0.00010892, 0.00008824, 0.00007005, 0.00005446, 0.00004139, 0.00003084, 0.00002243, 0.00001583, 0.00001077, 0.00000702, 0.00000435, 0.00000257, 0.00000149, 0.00000093, 0.00000073, 0.00000074, 0.00000083, 0.00000088, 0.00000083, 0.00000063, 0.00000032, -0.00000007, -0.00000045, -0.00000075, -0.00000095, -0.00000106, -0.00000112, -0.00000115, -0.00000098, 0.00000000
-0.00036739, -0.00027571, -0.00021757, -0.00016784, -0.00012342, -0.00008246, -0.00004128, -0.00000152, 0.00003576, 0.00007102, 0.00010498, 0.00013788, 0.00016958, 0.00019980, 0.00022830, 0.00025500, 0.00027992, 0.00030316, 0.00032482, 0.00039883, 0.00045296, 0.00048782, 0.00050552, 0.00050889, 0.00050030, 0.00048155, 0.00045434, 0.00042052, 0.00038206, 0.00034097, 0.00029908, 0.00025790, 0.00021864, 0.00018217, 0.00014905, 0.00011962, 0.00009403, 0.00007226, 0.00005417, 0.00003972, 0.00002845, 0.00001991, 0.00001368, 0.00000929, 0.00000631, 0.00000434, 0.00000304, 0.00000217, 0.00000154, 0.00000107, 0.00000071, 0.00000045, 0.00000026, 0.00000015, 0.00000008, -0.00000001, -0.00000015, -0.00000039, -0.00000072, -0.00000108, -0.00000136, -0.00000136, -0.00000093, 0.00000000
-0.00016940, -0.00015779, -0.00014083, -0.00012157, -0.00010017, -0.00007739, -0.00005473, -0.00003191, -0.00000888, 0.00001395, 0.00003614, 0.00005747, 0.00007789, 0.00009743, 0.00011611, 0.00013393, 0.00015084, 0.00016681, 0.00018178, 0.00023291, 0.00027002, 0.00029493, 0.00030908, 0.00031362, 0.00030981, 0.00029907, 0.00028285, 0.00026250, 0.00023927, 0.00021428, 0.00018856, 0.00016302, 0.00013844, 0.00011545, 0.00009449, 0.00007585, 0.00005966, 0.00004592, 0.00003453, 0.00002551, 0.00001850, 0.00001316, 0.00000923, 0.00000644, 0.00000453, 0.00000328, 0.00000247, 0.00000195, 0.00000161, 0.00000137, 0.00000117, 0.00000099, 0.00000080, 0.00000060, 0.00000037, 0.00000012, -0.00000017, -0.00000047, -0.00000078, -0.00000107, -0.00000128, -0.00000130, -0.00000097, 0.00000000
-0.00048491, -0.00040501, -0.00035210, -0.00030569, -0.00026304, -0.00022272, -0.00018199, -0.00014216, -0.00010411, -0.00006755, -0.00003201, 0.00000263, 0.00003622, 0.00006851, 0.00009931, 0.00012852, 0.00015615, 0.00018224, 0.00020686, 0.00029332, 0.00036051, 0.00040906, 0.00044080, 0.00045806, 0.00046281, 0.00045663, 0.00044102, 0.00041760, 0.00038812, 0.00035435, 0.00031799, 0.00028053, 0.00024327, 0.00020726, 0.00017334, 0.00014214, 0.00011412, 0.00008954, 0.00006852, 0.00005119, 0.00003727, 0.00002640, 0.00001820, 0.00001224, 0.00000807, 0.00000524, 0.00000337, 0.00000216, 0.00000136, 0.00000084, 0.00000049, 0.00000025, 0.00000011, 0.00000002, -0.00000003, -0.00000011, -0.00000024, -0.00000045, -0.00000075, -0.00000108, -0.00000133, -0.00000133, -0.00000092, 0.00000000
-0.00036364, -0.00037928, -0.00038610, -0.00038743, -0.00038501, -0.00037986, -0.00037263, -0.00036386, -0.00035396, -0.00034327, -0.00033206, -0.00032054, -0.00030889, -0.00029724, -0.00028570, -0.00027434, -0.00026324, -0.00025245, -0.00024200, -0.00020264, -0.00016838, -0.00013916, -0.00011458, -0.00009418, -0.00007744, -0.00006384, -0.00005288, -0.00004408, -0.00003700, -0.00003126, -0.00002657, -0.00002269, -0.00001945, -0.00001672, -0.00001441, -0.00001247, -0.00001083, -0.00000946, -0.00000830, -0.00000714, -0.00000603, -0.00000501, -0.00000405, -0.00000316, -0.00000235, -0.00000165, -0.00000107, -0.00000062, -0.00000030, -0.00000008, 0.00000004, 0.00000009, 0.00000010, 0.00000006, -0.00000002, -0.00000015, -0.00000032, -0.00000055, -0.00000081, -0.00000108, -0.00000127, -0.00000127, -0.00000092, 0.00000000
-0.00048710, -0.00049357, -0.00048807, -0.00047736, -0.00046288, -0.00044573, -0.00042744, -0.00040808, -0.00038777, -0.00036701, -0.00034625, -0.00032578, -0.00030574, -0.00028618, -0.00026712, -0.00024862, -0.00023074, -0.00021354, -0.00019708, -0.00013772, -0.00008928, -0.00005054, -0.00002040, 0.00000209, 0.00001794, 0.00002828, 0.00003424, 0.00003683, 0.00003689, 0.00003513, 0.00003215, 0.00002844, 0.00002437, 0.00002025, 0.00001630, 0.00001268, 0.00000945, 0.00000667, 0.00000434, 0.00000262, 0.00000138, 0.00000051, -0.00000003, -0.00000030, -0.00000037, -0.00000032, -0.00000021, -0.00000008, 0.00000004, 0.00000013, 0.00000019, 0.00000020, 0.00000017, 0.00000011, -0.00000000, -0.00000016, -0.00000035, -0.00000059, -0.00000084, -0.00000108, -0.00000125, -0.00000125, -0.00000092, 0.00000000
0.00165789, 0.00111139, 0.00086158, 0.00069966, 0.00059682, 0.00053193, 0.00046717, 0.00041464, 0.00038113, 0.00035966, 0.00034164, 0.00032330, 0.00030504, 0.00028880, 0.00027614, 0.00026751, 0.00026235, 0.00025960, 0.00025809, 0.00025213, 0.00024318, 0.00024157, 0.00024523, 0.00024573, 0.00023918, 0.00022706, 0.00021246, 0.00019729, 0.00018172, 0.00016508, 0.00014681, 0.00012703, 0.00010656, 0.00008662, 0.00006842, 0.00005279, 0.00004010, 0.00003021, 0.00002267, 0.00001704, 0.00001262, 0.00000895, 0.00000578, 0.00000308, 0.00000091, -0.00000059, -0.00000137, -0.00000143, -0.00000092, -0.00000007, 0.00000081, 0.00000143, 0.00000159, 0.00000122, 0.00000044, -0.00000050, -0.00000129, -0.00000166, -0.00000151, -0.00000102, -0.00000059, -0.00000062, -0.00000099, 0.00000000
-0.00085989, -0.00075946, -0.00070877, -0.00066896, -0.00063655, -0.00060854, -0.00057786, -0.00054787, -0.00052063, -0.00049512, -0.00046988, -0.00044439, -0.00041896, -0.00039419, -0.00037054, -0.00034823, -0.00032723, -0.00030738, -0.00028850, -0.00021866, -0.00015879, -0.00011099, -0.00007420, -0.00004580, -0.00002398, -0.00000800, 0.00000260, 0.00000858, 0.00001100, 0.00001105, 0.00000979, 0.00000797, 0.00000605, 0.00000422, 0.00000254, 0.00000100, -0.00000039, -0.00000159, -0.00000256, -0.00000304, -0.00000312, -0.00000288, -0.00000236, -0.00000167, -0.00000093, -0.00000028, 0.00000019, 0.00000045, 0.00000050, 0.00000039, 0.00000022, 0.00000005, -0.00000006, -0.00000008, -0.00000005, -0.00000002, -0.00000009, -0.00000030, -0.00000066, -0.00000109, -0.00000142, -0.00000142, -0.00000091, 0.00000000
-0.00033075, -0.00027696, -0.00024113, -0.00020919, -0.00017912, -0.00015013, -0.00012067, -0.00009160, -0.00006351, -0.00003631, -0.00000977, 0.00001615, 0.00004134, 0.00006563, 0.00008889, 0.00011102, 0.00013203, 0.00015192, 0.00017072, 0.00023715, 0.00028923, 0.00032742, 0.00035292, 0.00036722, 0.00037164, 0.00036731, 0.00035537, 0.00033705, 0.00031371, 0.00028675, 0.00025753, 0.00022729, 0.00019714, 0.00016796, 0.00014048, 0.00011523, 0.00009259, 0.00007276, 0.00005583, 0.00004191, 0.00003073, 0.00002200, 0.00001539, 0.00001057, 0.00000717, 0.00000483, 0.00000326, 0.00000221, 0.00000150, 0.00000101, 0.00000067, 0.00000043, 0.00000026, 0.00000013, 0.00000003, -0.00000009, -0.00000026, -0.00000049, -0.00000078, -0.00000108, -0.00000131, -0.00000131, -0.00000093, 0.00000000
-0.00104933, -0.00076763, -0.00062325, -0.00052155, -0.00044539, -0.00038523, -0.00032708, -0.00027460, -0.00022996, -0.00019072, -0.00015396, -0.00011836, -0.00008410, -0.00005185, -0.00002218, 0.00000476, 0.00002912, 0.00005127, 0.00007159, 0.00014133, 0.00019391, 0.00022780, 0.00024569, 0.00025235, 0.00025097, 0.00024291, 0.00022894, 0.00021019, 0.00018829, 0.00016503, 0.00014196, 0.00012016, 0.00010024, 0.00008240, 0.00006661, 0.00005277, 0.00004077, 0.00003053, 0.00002201, 0.00001535, 0.00001034, 0.00000678, 0.00000445, 0.00000306, 0.00000232, 0.00000193, 0.00000167, 0.00000138, 0.00000102, 0.00000059, 0.00000019, -0.00000012, -0.00000028, -0.00000027, -0.00000015, -0.00000002, 0.00000000, -0.00000018, -0.00000058, -0.00000110, -0.00000150, -0.00000149, -0.00000090, 0.00000000
-0.00070909, -0.00054130, -0.00045239, -0.00038454, -0.00033018, -0.00028428, -0.00023746, -0.00019330, -0.00015399, -0.00011805, -0.00008349, -0.00004954, -0.00001644, 0.00001518, 0.00004482, 0.00007230, 0.00009769, 0.00012125, 0.00014322, 0.00022032, 0.00028029, 0.00032154, 0.00034604, 0.00035757, 0.00035878, 0.00035105, 0.00033538, 0.00031316, 0.00028619, 0.00025642, 0.00022564, 0.00019526, 0.00016625, 0.00013924, 0.00011457, 0.00009244, 0.00007296, 0.00005617, 0.00004205, 0.00003074, 0.00002193, 0.00001532, 0.00001060, 0.00000738, 0.00000527, 0.00000391, 0.00000298, 0.00000226, 0.00000165, 0.00000110, 0.00000063, 0.00000027, 0.00000006, -0.00000001, 0.00000001, 0.00000005, -0.00000000, -0.00000022, -0.00000061, -0.00000109, -0.00000146, -0.00000147, -0.00000092, 0.00000000
0.00005368, -0.00004593, -0.00009210, -0.00012113, -0.00013794, -0.00014638, -0.00015364, -0.00015764, -0.00015726, -0.00015404, -0.00014980, -0.00014544, -0.00014103, -0.00013631, -0.00013105, -0.00012523, -0.00011899, -0.00011257, -0.00010621, -0.00008282, -0.00006429, -0.00004847, -0.00003513, -0.00002528, -0.00001906, -0.00001570, -0.00001413, -0.00001356, -0.00001360, -0.00001412, -0.00001504, -0.00001625, -0.00001755, -0.00001870, -0.00001951, -0.00001984, -0.00001965, -0.00001898, -0.00001793, -0.00001644, -0.00001475, -0.00001300, -0.00001127, -0.00000959, -0.00000799, -0.00000649, -0.00000511, -0.00000386, -0.00000275, -0.00000182, -0.00000107, -0.00000055, -0.00000024, -0.00000013, -0.00000020, -0.00000037, -0.00000060, -0.00000081, -0.00000097, -0.00000108, -0.00000115, -0.00000115, -0.00000094, 0.00000000
-0.00026374, -0.00020188, -0.00015916, -0.00012265, -0.00008880, -0.00005661, -0.00002551, 0.00000457, 0.00003354, 0.00006140, 0.00008813, 0.00011374, 0.00013823, 0.00016155, 0.00018369, 0.00020462, 0.00022434, 0.00024284, 0.00026013, 0.00031902, 0.00036191, 0.00039050, 0.00040643, 0.00041127, 0.00040651, 0.00039359, 0.00037396, 0.00034904, 0.00032022, 0.00028888, 0.00025628, 0.00022358, 0.00019176, 0.00016164, 0.00013383, 0.00010874, 0.00008661, 0.00006754, 0.00005146, 0.00003840, 0.00002802, 0.00001996, 0.00001390, 0.00000949, 0.00000638, 0.00000426, 0.00000285, 0.00000192, 0.00000132, 0.00000092, 0.00000065, 0.00000046, 0.00000031, 0.00000018, 0.00000004, -0.00000011, -0.00000030, -0.00000053, -0.00000080, -0.00000107, -0.00000127, -0.00000127, -0.00000092, 0.00000000
-0.00049202, -0.00040699, -0.00035684, -0.00031558, -0.00027917, -0.00024560, -0.00021149, -0.00017826, -0.00014683, -0.00011680, -0.00008756, -0.00005890, -0.00003100, -0.00000412, 0.00002151, 0.00004578, 0.00006870, 0.00009033, 0.00011075, 0.00018303, 0.00023996, 0.00028153, 0.00030913, 0.00032485, 0.00033042, 0.00032712, 0.00031618, 0.00029893, 0.00027690, 0.00025163, 0.00022457, 0.00019694, 0.00016975, 0.00014377, 0.00011956, 0.00009752, 0.00007788, 0.00006080, 0.00004630, 0.00003452, 0.00002515, 0.00001793, 0.00001256, 0.00000871, 0.00000605, 0.00000426, 0.00000305, 0.00000221, 0.00000161, 0.00000116, 0.00000080, 0.00000053, 0.00000034, 0.00000021, 0.00000012, 0.00000001, -0.00000015, -0.00000040, -0.00000073, -0.00000108, -0.00000135, -0.00000136, -0.00000094, 0.00000000
0.00000612, -0.00006415, -0.00009427, -0.00011090, -0.00011788, -0.00011823, -0.00011740, -0.00011397, -0.00010721, -0.00009832, -0.00008870, -0.00007908, -0.00006954, -0.00005990, -0.00005003, -0.00003992, -0.00002969, -0.00001951, -0.00000959, 0.00002679, 0.00005641, 0.00008086, 0.00010037, 0.00011430, 0.00012262, 0.00012608, 0.00012563, 0.00012209, 0.00011604, 0.00010790, 0.00009808, 0.00008706, 0.00007535, 0.00006353, 0.00005209, 0.00004146, 0.00003191, 0.00002360, 0.00001660, 0.00001105, 0.00000676, 0.00000354, 0.00000126, -0.00000022, -0.00000107, -0.00000143, -0.00000145, -0.00000124, -0.00000091, -0.00000055, -0.00000023, 0.00000001, 0.00000012, 0.00000010, -0.00000002, -0.00000023, -0.00000047, -0.00000070, -0.00000091, -0.00000107, -0.00000118, -0.00000119, -0.00000094, 0.00000000
0.00007405, -0.00006445, -0.00012233, -0.00015467, -0.00016971, -0.00017341, -0.00017596, -0.00017460, -0.00016786, -0.00015777, -0.00014674, -0.00013588, -0.00012522, -0.00011433, -0.00010289, -0.00009084, -0.00007835, -0.00006574, -0.00005333, -0.00000802, 0.00002890, 0.00006050, 0.00008683, 0.00010638, 0.00011877, 0.00012507, 0.00012671, 0.00012483, 0.00012011, 0.00011294, 0.00010371, 0.00009293, 0.00008124, 0.00006934, 0.00005784, 0.00004721, 0.00003775, 0.00002957, 0.00002264, 0.00001705, 0.00001255, 0.00000893, 0.00000609, 0.00000392, 0.00000235, 0.00000128, 0.00000065, 0.00000036, 0.00000031, 0.00000040, 0.00000054, 0.00000062, 0.00000059, 0.00000042, 0.00000013, -0.00000022, -0.00000056, -0.00000083, -0.00000099, -0.00000106, -0.00000109, -0.00000110, -0.00000094, 0.00000000
0.00024903, -0.00002208, -0.00013430, -0.00020140, -0.00023597, -0.00024931, -0.00026393, -0.00027214, -0.00026967, -0.00026074, -0.00025057, -0.00024144, -0.00023311, -0.00022437, -0.00021426, -0.00020251, -0.00018945, -0.00017572, -0.00016203, -0.00011405, -0.00007777, -0.00004501, -0.00001543, 0.00000719, 0.00002168, 0.00002995, 0.00003469, 0.00003763, 0.00003927, 0.00003938, 0.00003771, 0.00003433, 0.00002971, 0.00002454, 0.00001951, 0.00001514, 0.00001165, 0.00000903, 0.00000707, 0.00000568, 0.00000450, 0.00000334, 0.00000216, 0.00000102, 0.00000004, -0.00000066, -0.00000099, -0.00000094, -0.00000058, -0.00000003, 0.00000051, 0.00000089, 0.00000098, 0.00000073, 0.00000022, -0.00000041, -0.00000095, -0.00000126, -0.00000126, -0.00000105, -0.00000084, -0.00000086, -0.00000096, 0.00000000
-0.00014109, -0.00019845, -0.00022018, -0.00022896, -0.00022884, -0.00022259, -0.00021460, -0.00020410, -0.00019072, -0.00017549, -0.00015958, -0.00014363, -0.00012778, -0.00011196, -0.00009611, -0.00008025, -0.00006450, -0.00004901, -0.00003395, 0.00002164, 0.00006818, 0.00010686, 0.00013803, 0.00016143, 0.00017723, 0.00018624, 0.00018946, 0.00018780, 0.00018200, 0.00017269, 0.00016047, 0.00014602, 0.00013008, 0.00011337, 0.00009660, 0.00008038, 0.00006521, 0.00005145, 0.00003931, 0.00002909, 0.00002069, 0.00001397, 0.00000882, 0.00000504, 0.00000243, 0.00000077, -0.00000018, -0.00000061, -0.00000071, -0.00000061, -0.00000043, -0.00000025, -0.00000014, -0.00000012, -0.00000018, -0.00000032, -0.00000051, -0.00000071, -0.00000091, -0.00000108, -0.00000120, -0.00000121, -0.00000093, 0.00000000
-0.00058086, -0.00052059, -0.00047865, -0.00043822, -0.00040032, -0.00036418, -0.00032579, -0.00028780, -0.00025184, -0.00021742, -0.00018374, -0.00015055, -0.00011813, -0.00008690, -0.00005721, -0.00002920, -0.00000286, 0.00002192, 0.00004526, 0.00012756, 0.00019187, 0.00023792, 0.00026762, 0.00028393, 0.00028918, 0.00028502, 0.00027291, 0.00025449, 0.00023159, 0.00020605, 0.00017951, 0.00015327, 0.00012830, 0.00010522, 0.00008442, 0.00006609, 0.00005031, 0.00003705, 0.00002623, 0.00001787, 0.00001165, 0.00000722, 0.00000427, 0.00000247, 0.00000148, 0.00000101, 0.00000081, 0.00000071, 0.00000061, 0.00000049, 0.00000034, 0.00000021, 0.00000012, 0.00000008, 0.00000006, 0.00000002, -0.00000010, -0.00000033, -0.00000068, -0.00000108, -0.00000138, -0.00000139, -0.00000093, 0.00000000
-0.00070134, -0.00067519, -0.00066093, -0.00064567, -0.00063012, -0.00061396, -0.00059449, -0.00057390, -0.00055358, -0.00053333, -0.00051267, -0.00049154, -0.00047022, -0.00044913, -0.00042859, -0.00040876, -0.00038969, -0.00037135, -0.00035368, -0.00028742, -0.00022967, -0.00018163, -0.00014263, -0.00011106, -0.00008564, -0.00006560, -0.00005031, -0.00003900, -0.00003080, -0.00002483, -0.00002037, -0.00001688, -0.00001403, -0.00001167, -0.00000973, -0.00000817, -0.00000696, -0.00000605, -0.00000537, -0.00000465, -0.00000394, -0.00000324, -0.00000254, -0.00000184, -0.00000119, -0.00000065, -0.00000025, -0.00000000, 0.00000010, 0.00000010, 0.00000004, -0.00000003, -0.00000008, -0.00000010, -0.00000011, -0.00000015, -0.00000026, -0.00000046, -0.00000075, -0.00000108, -0.00000133, -0.00000133, -0.00000090, 0.00000000
-0.00017569, -0.00021918, -0.00023253, -0.00023542, -0.00023136, -0.00022279, -0.00021340, -0.00020248, -0.00018974, -0.00017595, -0.00016202, -0.00014838, -0.00013510, -0.00012206, -0.00010919, -0.00009649, -0.00008402, -0.00007190, -0.00006024, -0.00001794, 0.00001663, 0.00004497, 0.00006767, 0.00008472, 0.00009642, 0.00010353, 0.00010686, 0.00010710, 0.00010478, 0.00010029, 0.00009400, 0.00008633, 0.00007771, 0.00006859, 0.00005937, 0.00005041, 0.00004196, 0.00003423, 0.00002733, 0.00002152, 0.00001668, 0.00001269, 0.00000952, 0.00000706, 0.00000524, 0.00000392, 0.00000300, 0.00000237, 0.00000196, 0.00000166, 0.00000144, 0.00000123, 0.00000101, 0.00000076, 0.00000047, 0.00000015, -0.00000018, -0.00000051, -0.00000081, -0.00000107, -0.00000125, -0.00000128, -0.00000099, 0.00000000
-0.00044824, -0.00046559, -0.00046465, -0.00045560, -0.00044053, -0.00042127, -0.00040053, -0.00037825, -0.00035454, -0.00033012, -0.00030573, -0.00028181, -0.00025849, -0.00023581, -0.00021376, -0.00019241, -0.00017183, -0.00015213, -0.00013338, -0.00006732, -0.00001597, 0.00002259, 0.00005002, 0.00006768, 0.00007713, 0.00008014, 0.00007843, 0.00007350, 0.00006656, 0.00005854, 0.00005015, 0.00004193, 0.00003425, 0.00002735, 0.00002136, 0.00001631, 0.00001215, 0.00000878, 0.00000610, 0.00000416, 0.00000276, 0.00000175, 0.00000105, 0.00000061, 0.00000036, 0.00000024, 0.00000020, 0.00000020, 0.00000023, 0.00000026, 0.00000028, 0.00000026, 0.00000022, 0.00000013, -0.00000001, -0.00000018, -0.00000040, -0.00000063, -0.00000086, -0.00000108, -0.00000123, -0.00000123, -0.00000092, 0.00000000
-0.00006455, -0.00014301, -0.00017375, -0.00018856, -0.00019191, -0.00018756, -0.00018204, -0.00017369, -0.00016170, -0.00014744, -0.00013254, -0.00011775, -0.00010315, -0.00008852, -0.00007368, -0.00005864, -0.00004355, -0.00002862, -0.00001409, 0.00003900, 0.00008255, 0.00011837, 0.00014657, 0.00016633, 0.00017772, 0.00018179, 0.00017993, 0.00017339, 0.00016319, 0.00015016, 0.00013509, 0.00011882, 0.00010218, 0.00008592, 0.00007068, 0.00005690, 0.00004482, 0.00003453, 0.00002595, 0.00001913, 0.00001376, 0.00000959, 0.00000644, 0.00000414, 0.00000252, 0.00000146, 0.00000081, 0.00000047, 0.00000035, 0.00000035, 0.00000040, 0.00000042, 0.00000037, 0.00000024, 0.00000003, -0.00000023, -0.00000050, -0.00000075, -0.00000094, -0.00000107, -0.00000115, -0.00000115, -0.00000093, 0.00000000
-0.00100120, -0.00081571, -0.00071372, -0.00063478, -0.00057132, -0.00051792, -0.00046406, -0.00041376, -0.00036940, -0.00032923, -0.00029094, -0.00025357, -0.00021734, -0.00018291, -0.00015079, -0.00012118, -0.00009393, -0.00006876, -0.00004533, 0.00003673, 0.00010107, 0.00014653, 0.00017568, 0.00019297, 0.00020143, 0.00020247, 0.00019699, 0.00018611, 0.00017137, 0.00015441, 0.00013667, 0.00011917, 0.00010253, 0.00008704, 0.00007279, 0.00005981, 0.00004814, 0.00003784, 0.00002896, 0.00002179, 0.00001616, 0.00001191, 0.00000888, 0.00000683, 0.00000548, 0.00000457, 0.00000387, 0.00000324, 0.00000260, 0.00000196, 0.00000137, 0.00000088, 0.00000056, 0.00000039, 0.00000034, 0.00000032, 0.00000020, -0.00000008, -0.00000054, -0.00000109, -0.00000151, -0.00000153, -0.00000096, 0.00000000
-0.00148175, -0.00124086, -0.00110866, -0.00100616, -0.00092378, -0.00085444, -0.00078400, -0.00071797, -0.00065962, -0.00060659, -0.00055576, -0.00050583, -0.00045713, -0.00041054, -0.00036680, -0.00032617, -0.00028850, -0.00025341, -0.00022049, -0.00010328, -0.00000807, 0.00006310, 0.00011326, 0.00014798, 0.00017104, 0.00018410, 0.00018814, 0.00018449, 0.00017505, 0.00016188, 0.00014677, 0.00013103, 0.00011545, 0.00010041, 0.00008608, 0.00007255, 0.00005994, 0.00004842, 0.00003819, 0.00002959, 0.00002258, 0.00001709, 0.00001298, 0.00001003, 0.00000793, 0.00000639, 0.00000515, 0.00000405, 0.00000302, 0.00000205, 0.00000121, 0.00000056, 0.00000017, 0.00000002, 0.00000006, 0.00000015, 0.00000014, -0.00000007, -0.00000052, -0.00000109, -0.00000154, -0.00000153, -0.00000090, 0.00000000
-0.00043463, -0.00048868, -0.00051314, -0.00052575, -0.00053046, -0.00052970, -0.00052654, -0.00052090, -0.00051286, -0.00050317, -0.00049264, -0.00048170, -0.00047051, -0.00045910, -0.00044747, -0.00043570, -0.00042388, -0.00041213, -0.00040056, -0.00035583, -0.00031497, -0.00027735, -0.00024278, -0.00021140, -0.00018310, -0.00015753, -0.00013427, -0.00011308, -0.00009386, -0.00007663, -0.00006145, -0.00004831, -0.00003719, -0.00002796, -0.00002049, -0.00001459, -0.00001008, -0.00000677, -0.00000444, -0.00000273, -0.00000156, -0.00000082, -0.00000036, -0.00000008, 0.00000010, 0.00000022, 0.00000031, 0.00000038, 0.00000044, 0.00000047, 0.00000048, 0.00000045, 0.00000037, 0.00000025, 0.00000009, -0.00000012, -0.00000036, -0.00000061, -0.00000086, -0.00000108, -0.00000123, -0.00000124, -0.00000093, 0.00000000
0.00062618, 0.00039910, 0.00030242, 0.00024436, 0.00021256, 0.00019760, 0.00018241, 0.00017241, 0.00017064, 0.00017388, 0.00017821, 0.00018187, 0.00018504, 0.00018856, 0.00019315, 0.00019900, 0.00020585, 0.00021322, 0.00022059, 0.00024545, 0.00026163, 0.00027468, 0.00028452, 0.00028807, 0.00028426, 0.00027437, 0.00026041, 0.00024378, 0.00022514, 0.00020469, 0.00018269, 0.00015967, 0.00013644, 0.00011393, 0.00009301, 0.00007430, 0.00005814, 0.00004457, 0.00003343, 0.00002460, 0.00001761, 0.00001210, 0.00000783, 0.00000460, 0.00000229, 0.00000076, -0.00000009, -0.00000039, -0.00000029, 0.00000003, 0.00000041, 0.00000068, 0.00000074, 0.00000055, 0.00000016, -0.00000032, -0.00000077, -0.00000105, -0.00000113, -0.00000105, -0.00000096, -0.00000098, -0.00000095, 0.00000000
-0.00034038, -0.00028653, -0.00025434, -0.00022771, -0.00020288, -0.00017873, -0.00015443, -0.00013024, -0.00010645, -0.00008311, -0.00006024, -0.00003790, -0.00001619, 0.00000478, 0.00002490, 0.00004413, 0.00006243, 0.00007979, 0.00009619, 0.00015395, 0.00019863, 0.00023098, 0.00025217, 0.00026356, 0.00026647, 0.00026214, 0.00025181, 0.00023673, 0.00021816, 0.00019728, 0.00017518, 0.00015282, 0.00013097, 0.00011025, 0.00009111, 0.00007384, 0.00005861, 0.00004550, 0.00003446, 0.00002560, 0.00001863, 0.00001328, 0.00000932, 0.00000649, 0.00000456, 0.00000327, 0.00000242, 0.00000185, 0.00000146, 0.00000117, 0.00000093, 0.00000073, 0.00000056, 0.00000040, 0.00000023, 0.00000005, -0.00000018, -0.00000045, -0.00000077, -0.00000108, -0.00000131, -0.00000132, -0.00000096, 0.00000000
-0.00127178, -0.00096857, -0.00081875, -0.00071282, -0.00063517, -0.00057531, -0.00051488, -0.00046008, -0.00041455, -0.00037513, -0.00033786, -0.00030107, -0.00026510, -0.00023103, -0.00019971, -0.00017142, -0.00014597, -0.00012286, -0.00010156, -0.00002623, 0.00003421, 0.00007609, 0.00010207, 0.00011794, 0.00012724, 0.00013089, 0.00012898, 0.00012215, 0.00011180, 0.00009965, 0.00008716, 0.00007528, 0.00006444, 0.00005462, 0.00004566, 0.00003738, 0.00002972, 0.00002273, 0.00001658, 0.00001160, 0.00000779, 0.00000510, 0.00000342, 0.00000253, 0.00000216, 0.00000201, 0.00000187, 0.00000159, 0.00000115, 0.00000059, 0.00000005, -0.00000036, -0.00000054, -0.00000049, -0.00000026, 0.00000000, 0.00000013, -0.00000003, -0.00000048, -0.00000111, -0.00000160, -0.00000158, -0.00000088, 0.00000000
-0.00039201, -0.00040719, -0.00040726, -0.00040162, -0.00039126, -0.00037746, -0.00036279, -0.00034675, -0.00032919, -0.00031079, -0.00029227, -0.00027405, -0.00025622, -0.00023877, -0.00022167, -0.00020497, -0.00018875, -0.00017311, -0.00015816, -0.00010465, -0.00006194, -0.00002844, -0.00000313, 0.00001469, 0.00002597, 0.00003197, 0.00003398, 0.00003316, 0.00003041, 0.00002644, 0.00002185, 0.00001709, 0.00001252, 0.00000842, 0.00000494, 0.00000216, 0.00000005, -0.00000146, -0.00000246, -0.00000289, -0.00000297, -0.00000282, -0.00000252, -0.00000214, -0.00000171, -0.00000128, -0.00000090, -0.00000056, -0.00000029, -0.00000008, 0.00000006, 0.00000014, 0.00000014, 0.00000008, -0.00000004, -0.00000021, -0.00000041, -0.00000064, -0.00000087, -0.00000108, -0.00000122, -0.00000122, -0.00000092, 0.00000000
-0.00002082, 0.00001597, 0.00004887, 0.00008207, 0.00011614, 0.00015079, 0.00018557, 0.00022025, 0.00025456, 0.00028820, 0.00032093, 0.00035257, 0.00038303, 0.00041225, 0.00044018, 0.00046676, 0.00049195, 0.00051573, 0.00053804, 0.00061422, 0.00066916, 0.00070422, 0.00072091, 0.00072087, 0.00070592, 0.00067806, 0.00063949, 0.00059253, 0.00053953, 0.00048284, 0.00042468, 0.00036704, 0.00031164, 0.00025983, 0.00021262, 0.00017065, 0.00013419, 0.00010327, 0.00007765, 0.00005712, 0.00004104, 0.00002876, 0.00001967, 0.00001315, 0.00000863, 0.00000560, 0.00000361, 0.00000235, 0.00000155, 0.00000105, 0.00000072, 0.00000049, 0.00000033, 0.00000019, 0.00000006, -0.00000010, -0.00000029, -0.00000053, -0.00000080, -0.00000107, -0.00000127, -0.00000128, -0.00000093, 0.00000000
-0.00011620, -0.00019261, -0.00022418, -0.00024083, -0.00024676, -0.00024536, -0.00024270, -0.00023722, -0.00022814, -0.00021680, -0.00020473, -0.00019269, -0.00018076, -0.00016876, -0.00015653, -0.00014408, -0.00013152, -0.00011908, -0.00010696, -0.00006261, -0.00002635, 0.00000365, 0.00002769, 0.00004520, 0.00005637, 0.00006221, 0.00006399, 0.00006279, 0.00005938, 0.00005432, 0.00004808, 0.00004115, 0.00003400, 0.00002708, 0.00002075, 0.00001523, 0.00001063, 0.00000694, 0.00000408, 0.00000211, 0.00000077, -0.00000011, -0.00000064, -0.00000090, -0.00000095, -0.00000085, -0.00000065, -0.00000040, -0.00000012, 0.00000013, 0.00000033, 0.00000044, 0.00000044, 0.00000033, 0.00000013, -0.00000014, -0.00000043, -0.00000069, -0.00000091, -0.00000107, -0.00000117, -0.00000119, -0.00000095, 0.00000000
-0.00015110, -0.00026756, -0.00031645, -0.00034193, -0.00035241, -0.00035306, -0.00035119, -0.00034556, -0.00033560, -0.00032288, -0.00030913, -0.00029525, -0.00028134, -0.00026725, -0.00025283, -0.00023811, -0.00022324, -0.00020845, -0.00019399, -0.00014064, -0.00009608, -0.00005844, -0.00002747, -0.00000379, 0.00001279, 0.00002343, 0.00002954, 0.00003231, 0.00003259, 0.00003098, 0.00002799, 0.00002409, 0.00001977, 0.00001545, 0.00001149, 0.00000808, 0.00000532, 0.00000317, 0.00000156, 0.00000054, -0.00000013, -0.00000056, -0.00000083, -0.00000097, -0.00000101, -0.00000095, -0.00000082, -0.00000063, -0.00000040, -0.00000017, 0.00000003, 0.00000016, 0.00000018, 0.00000010, -0.00000007, -0.00000030, -0.00000056, -0.00000078, -0.00000095, -0.00000107, -0.00000114, -0.00000114, -0.00000091, 0.00000000
-0.00004155, -0.00006431, -0.00006641, -0.00006174, -0.00005161, -0.00003781, -0.00002396, -0.00000901, 0.00000757, 0.00002494, 0.00004215, 0.00005875, 0.00007468, 0.00009009, 0.00010509, 0.00011969, 0.00013382, 0.00014736, 0.00016019, 0.00020457, 0.00023736, 0.00026060, 0.00027526, 0.00028165, 0.00028047, 0.00027289, 0.00026023, 0.00024367, 0.00022420, 0.00020270, 0.00017997, 0.00015682, 0.00013401, 0.00011224, 0.00009205, 0.00007386, 0.00005790, 0.00004425, 0.00003286, 0.00002380, 0.00001672, 0.00001132, 0.00000736, 0.00000458, 0.00000273, 0.00000158, 0.00000093, 0.00000062, 0.00000051, 0.00000051, 0.00000053, 0.00000053, 0.00000048, 0.00000036, 0.00000017, -0.00000006, -0.00000033, -0.00000060, -0.00000085, -0.00000107, -0.00000122, -0.00000124, -0.00000095, 0.00000000
0.00078960, 0.00037095, 0.00017656, 0.00005176, -0.00002733, -0.00007690, -0.00012383, -0.00016055, -0.00018289, -0.00019591, -0.00020567, -0.00021496, -0.00022362, -0.00023044, -0.00023444, -0.00023540, -0.00023372, -0.00023019, -0.00022564, -0.00020567, -0.00018611, -0.00016065, -0.00013111, -0.00010357, -0.00008095, -0.00006251, -0.00004640, -0.00003163, -0.00001836, -0.00000737, 0.00000071, 0.00000573, 0.00000811, 0.00000863, 0.00000811, 0.00000724, 0.00000643, 0.00000580, 0.00000527, 0.00000488, 0.00000434, 0.00000354, 0.00000252, 0.00000142, 0.00000040, -0.00000036, -0.00000075, -0.00000073, -0.00000037, 0.00000019, 0.00000076, 0.00000115, 0.00000121, 0.00000092, 0.00000034, -0.00000036, -0.00000097, -0.00000130, -0.00000129, -0.00000104, -0.00000080, -0.00000083, -0.00000097, 0.00000000
-0.00003602, -0.00011384, -0.00014246, -0.00015449, -0.00015513, -0.00014821, -0.00014006, -0.00012924, -0.00011503, -0.00009880, -0.00008212, -0.00006575, -0.00004976, -0.00003398, -0.00001822, -0.00000250, 0.00001307, 0.00002828, 0.00004292, 0.00009494, 0.00013534, 0.00016632, 0.00018851, 0.00020169, 0.00020637, 0.00020392, 0.00019601, 0.00018408, 0.00016929, 0.00015255, 0.00013466, 0.00011640, 0.00009850, 0.00008159, 0.00006616, 0.00005252, 0.00004081, 0.00003101, 0.00002298, 0.00001673, 0.00001190, 0.00000822, 0.00000549, 0.00000354, 0.00000220, 0.00000134, 0.00000084, 0.00000060, 0.00000053, 0.00000054, 0.00000058, 0.00000059, 0.00000053, 0.00000038, 0.00000015, -0.00000013, -0.00000043, -0.00000069, -0.00000091, -0.00000107, -0.00000117, -0.00000118, -0.00000094, 0.00000000
0.00021113, 0.00006907, 0.00000970, -0.00002269, -0.00003741, -0.00004081, -0.00004291, -0.00004129, -0.00003464, -0.00002498, -0.00001460, -0.00000459, 0.00000503, 0.00001468, 0.00002466, 0.00003503, 0.00004563, 0.00005617, 0.00006635, 0.00010145, 0.00012660, 0.00014521, 0.00015789, 0.00016369, 0.00016280, 0.00015668, 0.00014711, 0.00013550, 0.00012270, 0.00010921, 0.00009540, 0.00008167, 0.00006846, 0.00005621, 0.00004525, 0.00003579, 0.00002787, 0.00002139, 0.00001616, 0.00001216, 0.00000904, 0.00000659, 0.00000466, 0.00000319, 0.00000210, 0.00000135, 0.00000090, 0.00000069, 0.00000067, 0.00000074, 0.00000083, 0.00000087, 0.00000079, 0.00000058, 0.00000026, -0.00000012, -0.00000049, -0.00000078, -0.00000097, -0.00000107, -0.00000112, -0.00000113, -0.00000096, 0.00000000
-0.00098807, -0.00088886, -0.00083790, -0.00079680, -0.00076317, -0.00073408, -0.00070188, -0.00067040, -0.00064195, -0.00061538, -0.00058905, -0.00056238, -0.00053570, -0.00050967, -0.00048479, -0.00046128, -0.00043910, -0.00041806, -0.00039794, -0.00032247, -0.00025587, -0.00020057, -0.00015553, -0.00011802, -0.00008634, -0.00005999, -0.00003886, -0.00002254, -0.00001028, -0.00000118, 0.00000553, 0.00001042, 0.00001380, 0.00001582, 0.00001658, 0.00001621, 0.00001492, 0.00001297, 0.00001068, 0.00000855, 0.00000669, 0.00000518, 0.00000407, 0.00000335, 0.00000291, 0.00000261, 0.00000235, 0.00000205, 0.00000168, 0.00000126, 0.00000085, 0.00000052, 0.00000029, 0.00000018, 0.00000016, 0.00000014, 0.00000004, -0.00000021, -0.00000061, -0.00000109, -0.00000145, -0.00000146, -0.00000094, 0.00000000
0.00095493, 0.00057013, 0.00039364, 0.00028009, 0.00020817, 0.00016301, 0.00011894, 0.00008374, 0.00006178, 0.00004826, 0.00003738, 0.00002654, 0.00001592, 0.00000680, 0.00000017, -0.00000370, -0.00000519, -0.00000503, -0.00000401, 0.00000088, 0.00000443, 0.00001344, 0.00002649, 0.00003792, 0.00004502, 0.00004863, 0.00005064, 0.00005209, 0.00005291, 0.00005241, 0.00005002, 0.00004568, 0.00003982, 0.00003321, 0.00002664, 0.00002075, 0.00001586, 0.00001201, 0.00000902, 0.00000682, 0.00000502, 0.00000340, 0.00000190, 0.00000057, -0.00000050, -0.00000122, -0.00000151, -0.00000138, -0.00000090, -0.00000024, 0.00000041, 0.00000086, 0.00000099, 0.00000075, 0.00000023, -0.00000043, -0.00000100, -0.00000131, -0.00000129, -0.00000104, -0.00000081, -0.00000083, -0.00000096, 0.00000000
-0.00018846, -0.00026732, -0.00030372, -0.00032511, -0.00033608, -0.00033993, -0.00034187, -0.00034087, -0.00033642, -0.00032970, -0.00032199, -0.00031397, -0.00030576, -0.00029722, -0.00028827, -0.00027891, -0.00026928, -0.00025955, -0.00024990, -0.00021279, -0.00017976, -0.00014966, -0.00012255, -0.00009914, -0.00007958, -0.00006335, -0.00004974, -0.00003824, -0.00002857, -0.00002063, -0.00001435, -0.00000958, -0.00000613, -0.00000374, -0.00000217, -0.00000118, -0.00000062, -0.00000036, -0.00000031, -0.00000020, -0.00000014, -0.00000012, -0.00000012, -0.00000010, -0.00000004, 0.00000006, 0.00000019, 0.00000034, 0.00000050, 0.00000064, 0.00000072, 0.00000074, 0.00000067, 0.00000051, 0.00000027, -0.00000002, -0.00000032, -0.00000061, -0.00000087, -0.00000107, -0.00000120, -0.00000123, -0.00000096, 0.00000000
0.00017553, 0.00002027, -0.00004051, -0.00007226, -0.00008384, -0.00008237, -0.00008058, -0.00007473, -0.00006282, -0.00004733, -0.00003123, -0.00001587, -0.00000118, 0.00001341, 0.00002836, 0.00004379, 0.00005947, 0.00007505, 0.00009011, 0.00014225, 0.00018049, 0.00020940, 0.00022967, 0.00023991, 0.00024030, 0.00023277, 0.00021976, 0.00020323, 0.00018443, 0.00016420, 0.00014322, 0.00012221, 0.00010194, 0.00008311, 0.00006630, 0.00005183, 0.00003979, 0.00003003, 0.00002228, 0.00001635, 0.00001180, 0.00000828, 0.00000557, 0.00000352, 0.00000203, 0.00000102, 0.00000043, 0.00000019, 0.00000021, 0.00000038, 0.00000058, 0.00000071, 0.00000069, 0.00000050, 0.00000016, -0.00000025, -0.00000064, -0.00000092, -0.00000105, -0.00000106, -0.00000104, -0.00000106, -0.00000095, 0.00000000
-0.00027371, -0.00029753, -0.00030412, -0.00030320, -0.00029758, -0.00028879, -0.00027845, -0.00026675, -0.00025390, -0.00024038, -0.00022662, -0.00021291, -0.00019940, -0.00018612, -0.00017314, -0.00016049, -0.00014823, -0.00013644, -0.00012517, -0.00008429, -0.00005100, -0.00002447, -0.00000395, 0.00001116, 0.00002156, 0.00002801, 0.00003130, 0.00003214, 0.00003113, 0.00002878, 0.00002553, 0.00002172, 0.00001768, 0.00001366, 0.00000984, 0.00000638, 0.00000336, 0.00000082, -0.00000121, -0.00000256, -0.00000337, -0.00000376, -0.00000379, -0.00000354, -0.00000309, -0.00000255, -0.00000198, -0.00000144, -0.00000098, -0.00000061, -0.00000033, -0.00000014, -0.00000004, -0.00000002, -0.00000007, -0.00000018, -0.00000036, -0.00000058, -0.00000083, -0.00000108, -0.00000126, -0.00000127, -0.00000094, 0.00000000
0.00021853, -0.00001065, -0.00010913, -0.00016668, -0.00019695, -0.00020948, -0.00022028, -0.00022501, -0.00022129, -0.00021224, -0.00020157, -0.00019101, -0.00018054, -0.00016947, -0.00015727, -0.00014381, -0.00012935, -0.00011438, -0.00009938, -0.00004370, 0.00000299, 0.00004502, 0.00008200, 0.00011105, 0.00013118, 0.00014357, 0.00015009, 0.00015211, 0.00015030, 0.00014491, 0.00013626, 0.00012489, 0.00011160, 0.00009735, 0.00008305, 0.00006943, 0.00005698, 0.00004594, 0.00003635, 0.00002832, 0.00002160, 0.00001600, 0.00001140, 0.00000775, 0.00000495, 0.00000295, 0.00000166, 0.00000096, 0.00000071, 0.00000075, 0.00000089, 0.00000099, 0.00000093, 0.00000069, 0.00000027, -0.00000022, -0.00000067, -0.00000097, -0.00000108, -0.00000105, -0.00000100, -0.00000102, -0.00000096, 0.00000000
-0.00009630, -0.00022106, -0.00028019, -0.00031717, -0.00033938, -0.00035169, -0.00036177, -0.00036789, -0.00036918, -0.00036722, -0.00036385, -0.00035998, -0.00035571, -0.00035080, -0.00034508, -0.00033854, -0.00033133, -0.00032372, -0.00031595, -0.00028489, -0.00025588, -0.00022741, -0.00019989, -0.00017480, -0.00015274, -0.00013332, -0.00011584, -0.00009984, -0.00008524, -0.00007212, -0.00006061, -0.00005072, -0.00004232, -0.00003523, -0.00002921, -0.00002408, -0.00001970, -0.00001599, -0.00001289, -0.00001020, -0.00000798, -0.00000623, -0.00000487, -0.00000380, -0.00000295, -0.00000224, -0.00000164, -0.00000110, -0.00000062, -0.00000021, 0.00000010, 0.00000030, 0.00000035, 0.00000026, 0.00000006, -0.00000021, -0.00000050, -0.00000075, -0.00000094, -0.00000107, -0.00000114, -0.00000115, -0.00000094, 0.00000000
-0.00088522, -0.00062860, -0.00049381, -0.00039556, -0.00032016, -0.00025929, -0.00019958, -0.00014507, -0.00009818, -0.00005661, -0.00001751, 0.00002033, 0.00005670, 0.00009090, 0.00012234, 0.00015086, 0.00017661, 0.00019996, 0.00022130, 0.00029318, 0.00034483, 0.00037496, 0.00038668, 0.00038527, 0.00037438, 0.00035580, 0.00033072, 0.00030066, 0.00026760, 0.00023360, 0.00020045, 0.00016937, 0.00014106, 0.00011578, 0.00009351, 0.00007411, 0.00005742, 0.00004331, 0.00003164, 0.00002248, 0.00001553, 0.00001050, 0.00000706, 0.00000488, 0.00000358, 0.00000280, 0.00000226, 0.00000180, 0.00000131, 0.00000080, 0.00000034, -0.00000002, -0.00000020, -0.00000021, -0.00000010, 0.00000002, 0.00000004, -0.00000016, -0.00000057, -0.00000110, -0.00000151, -0.00000150, -0.00000090, 0.00000000
0.00043552, 0.00022348, 0.00012387, 0.00006042, 0.00002070, -0.00000354, -0.00002560, -0.00004198, -0.00005082, -0.00005472, -0.00005678, -0.00005845, -0.00005976, -0.00006018, -0.00005928, -0.00005697, -0.00005349, -0.00004925, -0.00004465, -0.00002631, -0.00001042, 0.00000600, 0.00002214, 0.00003522, 0.00004397, 0.00004896, 0.00005136, 0.00005195, 0.00005102, 0.00004855, 0.00004457, 0.00003932, 0.00003324, 0.00002691, 0.00002085, 0.00001546, 0.00001094, 0.00000733, 0.00000453, 0.00000256, 0.00000115, 0.00000010, -0.00000068, -0.00000121, -0.00000152, -0.00000162, -0.00000150, -0.00000121, -0.00000079, -0.00000033, 0.00000008, 0.00000036, 0.00000045, 0.00000034, 0.00000005, -0.00000032, -0.00000068, -0.00000094, -0.00000105, -0.00000106, -0.00000104, -0.00000105, -0.00000094, 0.00000000
0.00008320, 0.00001042, -0.00001417, -0.00002273, -0.00002036, -0.00001090, -0.00000069, 0.00001182, 0.00002740, 0.00004476, 0.00006239, 0.00007956, 0.00009623, 0.00011264, 0.00012898, 0.00014526, 0.00016139, 0.00017716, 0.00019237, 0.00024687, 0.00029021, 0.00032470, 0.00035078, 0.00036787, 0.00037603, 0.00037619, 0.00036956, 0.00035720, 0.00033996, 0.00031856, 0.00029378, 0.00026651, 0.00023773, 0.00020847, 0.00017968, 0.00015217, 0.00012658, 0.00010334, 0.00008270, 0.00006494, 0.00004992, 0.00003746, 0.00002739, 0.00001947, 0.00001343, 0.00000899, 0.00000585, 0.00000373, 0.00000239, 0.00000158, 0.00000111, 0.00000082, 0.00000060, 0.00000037, 0.00000010, -0.00000019, -0.00000047, -0.00000073, -0.00000093, -0.00000107, -0.00000116, -0.00000117, -0.00000093, 0.00000000
0.00005349, -0.00009936, -0.00016684, -0.00020717, -0.00022938, -0.00023971, -0.00024855, -0.00025313, -0.00025199, -0.00024721, -0.00024123, -0.00023522, -0.00022921, -0.00022278, -0.00021560, -0.00020761, -0.00019901, -0.00019009, -0.00018120, -0.00014820, -0.00012086, -0.00009617, -0.00007408, -0.00005618, -0.00004290, -0.00003331, -0.00002612, -0.00002043, -0.00001586, -0.00001235, -0.00000990, -0.00000841, -0.00000765, -0.00000729, -0.00000706, -0.00000676, -0.00000628, -0.00000566, -0.00000498, -0.00000415, -0.00000337, -0.00000275, -0.00000228, -0.00000193, -0.00000164, -0.00000137, -0.00000107, -0.00000073, -0.00000036, 0.00000001, 0.00000031, 0.00000050, 0.00000052, 0.00000039, 0.00000012, -0.00000023, -0.00000057, -0.00000084, -0.00000100, -0.00000106, -0.00000109, -0.00000110, -0.00000094, 0.00000000
-0.00064895, -0.00059225, -0.00055887, -0.00052970, -0.00050354, -0.00047908, -0.00045288, -0.00042688, -0.00040232, -0.00037877, -0.00035559, -0.00033258, -0.00030996, -0.00028810, -0.00026725, -0.00024755, -0.00022900, -0.00021152, -0.00019501, -0.00013588, -0.00008816, -0.00005208, -0.00002613, -0.00000801, 0.00000405, 0.00001120, 0.00001435, 0.00001447, 0.00001258, 0.00000965, 0.00000646, 0.00000351, 0.00000107, -0.00000081, -0.00000217, -0.00000311, -0.00000374, -0.00000413, -0.00000433, -0.00000416, -0.00000377, -0.00000323, -0.00000257, -0.00000187, -0.00000118, -0.00000059, -0.00000015, 0.00000012, 0.00000024, 0.00000024, 0.00000017, 0.00000008, 0.00000002, -0.00000002, -0.00000005, -0.00000009, -0.00000021, -0.00000043, -0.00000074, -0.00000108, -0.00000134, -0.00000134, -0.00000091, 0.00000000
-0.00020590, -0.00026545, -0.00028690, -0.00029396, -0.00029059, -0.00027997, -0.00026719, -0.00025141, -0.00023231, -0.00021111, -0.00018913, -0.00016709, -0.00014516, -0.00012325, -0.00010133, -0.00007943, -0.00005770, -0.00003634, -0.00001555, 0.00006120, 0.00012575, 0.00017918, 0.00022164, 0.00025275, 0.00027283, 0.00028297, 0.00028461, 0.00027911, 0.00026767, 0.00025143, 0.00023147, 0.00020892, 0.00018491, 0.00016050, 0.00013662, 0.00011403, 0.00009328, 0.00007471, 0.00005850, 0.00004485, 0.00003358, 0.00002447, 0.00001732, 0.00001187, 0.00000786, 0.00000502, 0.00000311, 0.00000188, 0.00000115, 0.00000075, 0.00000054, 0.00000042, 0.00000030, 0.00000016, -0.00000002, -0.00000024, -0.00000048, -0.00000071, -0.00000091, -0.00000107, -0.00000118, -0.00000118, -0.00000092, 0.00000000
-0.00005269, -0.00017956, -0.00023215, -0.00026055, -0.00027278, -0.00027439, -0.00027445, -0.00027077, -0.00026224, -0.00025069, -0.00023827, -0.00022602, -0.00021398, -0.00020184, -0.00018932, -0.00017639, -0.00016322, -0.00015008, -0.00013725, -0.00009092, -0.00005387, -0.00002321, 0.00000151, 0.00001943, 0.00003069, 0.00003662, 0.00003884, 0.00003860, 0.00003669, 0.00003357, 0.00002955, 0.00002498, 0.00002025, 0.00001572, 0.00001171, 0.00000837, 0.00000576, 0.00000382, 0.00000240, 0.00000156, 0.00000102, 0.00000063, 0.00000033, 0.00000012, -0.00000002, -0.00000007, -0.00000003, 0.00000009, 0.00000027, 0.00000048, 0.00000064, 0.00000072, 0.00000068, 0.00000051, 0.00000022, -0.00000012, -0.00000047, -0.00000076, -0.00000095, -0.00000106, -0.00000113, -0.00000114, -0.00000095, 0.00000000
-0.00063303, -0.00050128, -0.00042228, -0.00035756, -0.00030197, -0.00025232, -0.00020253, -0.00015497, -0.00011115, -0.00007017, -0.00003080, 0.00000746, 0.00004444, 0.00007973, 0.00011301, 0.00014413, 0.00017317, 0.00020027, 0.00022561, 0.00031342, 0.00038023, 0.00042622, 0.00045376, 0.00046624, 0.00046631, 0.00045567, 0.00043581, 0.00040837, 0.00037530, 0.00033860, 0.00030015, 0.00026155, 0.00022406, 0.00018860, 0.00015586, 0.00012628, 0.00010014, 0.00007756, 0.00005855, 0.00004316, 0.00003105, 0.00002181, 0.00001502, 0.00001023, 0.00000697, 0.00000481, 0.00000336, 0.00000236, 0.00000163, 0.00000106, 0.00000062, 0.00000030, 0.00000010, 0.00000001, -0.00000001, -0.00000004, -0.00000013, -0.00000034, -0.00000068, -0.00000109, -0.00000139, -0.00000139, -0.00000092, 0.00000000
0.00089246, 0.00040441, 0.00018123, 0.00003874, -0.00005011, -0.00010433, -0.00015655, -0.00019717, -0.00022083, -0.00023366, -0.00024305, -0.00025231, -0.00026122, -0.00026822, -0.00027207, -0.00027245, -0.00026986, -0.00026523, -0.00025954, -0.00023675, -0.00021679, -0.00019096, -0.00016083, -0.00013330, -0.00011152, -0.00009420, -0.00007879, -0.00006392, -0.00004971, -0.00003714, -0.00002710, -0.00001992, -0.00001523, -0.00001231, -0.00001030, -0.00000856, -0.00000675, -0.00000485, -0.00000304, -0.00000142, -0.00000031, 0.00000014, 0.00000000, -0.00000052, -0.00000117, -0.00000168, -0.00000186, -0.00000164, -0.00000104, -0.00000024, 0.00000055, 0.00000110, 0.00000125, 0.00000095, 0.00000029, -0.00000051, -0.00000119, -0.00000152, -0.00000143, -0.00000104, -0.00000069, -0.00000071, -0.00000097, 0.00000000
-0.00120758, -0.00099418, -0.00088341, -0.00080158, -0.00073803, -0.00068582, -0.00063285, -0.00058340, -0.00054007, -0.00050086, -0.00046324, -0.00042617, -0.00038992, -0.00035526, -0.00032280, -0.00029276, -0.00026503, -0.00023929, -0.00021522, -0.00012952, -0.00006019, -0.00000910, 0.00002620, 0.00005031, 0.00006631, 0.00007552, 0.00007867, 0.00007678, 0.00007130, 0.00006379, 0.00005557, 0.00004752, 0.00004008, 0.00003336, 0.00002731, 0.00002181, 0.00001683, 0.00001237, 0.00000852, 0.00000554, 0.00000338, 0.00000195, 0.00000118, 0.00000091, 0.00000094, 0.00000108, 0.00000116, 0.00000110, 0.00000089, 0.00000056, 0.00000021, -0.00000007, -0.00000022, -0.00000022, -0.00000011, -0.00000000, 0.00000001, -0.00000018, -0.00000058, -0.00000109, -0.00000149, -0.00000148, -0.00000090, 0.00000000
-0.00036600, -0.00035173, -0.00033767, -0.00032108, -0.00030289, -0.00028353, -0.00026258, -0.00024093, -0.00021918, -0.00019748, -0.00017588, -0.00015448, -0.00013346, -0.00011300, -0.00009323, -0.00007425, -0.00005609, -0.00003876, -0.00002226, 0.00003696, 0.00008462, 0.00012102, 0.00014718, 0.00016433, 0.00017364, 0.00017615, 0.00017288, 0.00016492, 0.00015337, 0.00013931, 0.00012376, 0.00010757, 0.00009147, 0.00007604, 0.00006170, 0.00004876, 0.00003738, 0.00002767, 0.00001961, 0.00001335, 0.00000861, 0.00000519, 0.00000287, 0.00000142, 0.00000063, 0.00000026, 0.00000015, 0.00000015, 0.00000019, 0.00000022, 0.00000022, 0.00000020, 0.00000016, 0.00000011, 0.00000003, -0.00000008, -0.00000025, -0.00000049, -0.00000078, -0.00000108, -0.00000130, -0.00000131, -0.00000093, 0.00000000
-0.00017590, -0.00021267, -0.00022345, -0.00022482, -0.00021960, -0.00021000, -0.00019947, -0.00018739, -0.00017350, -0.00015858, -0.00014349, -0.00012866, -0.00011415, -0.00009988, -0.00008580, -0.00007191, -0.00005831, -0.00004509, -0.00003239, 0.00001360, 0.00005100, 0.00008116, 0.00010460, 0.00012135, 0.00013180, 0.00013679, 0.00013727, 0.00013409, 0.00012795, 0.00011948, 0.00010924, 0.00009784, 0.00008585, 0.00007383, 0.00006222, 0.00005140, 0.00004160, 0.00003295, 0.00002551, 0.00001945, 0.00001458, 0.00001072, 0.00000775, 0.00000556, 0.00000399, 0.00000291, 0.00000219, 0.00000173, 0.00000144, 0.00000125, 0.00000110, 0.00000095, 0.00000078, 0.00000057, 0.00000033, 0.00000005, -0.00000025, -0.00000055, -0.00000083, -0.00000107, -0.00000124, -0.00000126, -0.00000097, 0.00000000
-0.00060768, -0.00050613, -0.00044745, -0.00040087, -0.00036050, -0.00032364, -0.00028670, -0.00025084, -0.00021688, -0.00018438, -0.00015275, -0.00012177, -0.00009159, -0.00006248, -0.00003466, -0.00000824, 0.00001678, 0.00004044, 0.00006283, 0.00014227, 0.00020526, 0.00025189, 0.00028363, 0.00030260, 0.00031065, 0.00030919, 0.00029958, 0.00028331, 0.00026204, 0.00023741, 0.00021096, 0.00018399, 0.00015756, 0.00013244, 0.00010920, 0.00008820, 0.00006967, 0.00005370, 0.00004027, 0.00002945, 0.00002096, 0.00001450, 0.00000978, 0.00000646, 0.00000423, 0.00000278, 0.00000184, 0.00000122, 0.00000079, 0.00000047, 0.00000024, 0.00000007, -0.00000003, -0.00000009, -0.00000012, -0.00000017, -0.00000028, -0.00000048, -0.00000076, -0.00000108, -0.00000132, -0.00000132, -0.00000091, 0.00000000
0.00006704, -0.00002957, -0.00006954, -0.00008909, -0.00009606, -0.00009494, -0.00009161, -0.00008531, -0.00007572, -0.00006411, -0.00005185, -0.00003967, -0.00002768, -0.00001577, -0.00000383, 0.00000812, 0.00001998, 0.00003155, 0.00004268, 0.00008216, 0.00011238, 0.00013513, 0.00015100, 0.00015988, 0.00016224, 0.00015920, 0.00015209, 0.00014209, 0.00013008, 0.00011675, 0.00010268, 0.00008844, 0.00007454, 0.00006144, 0.00004950, 0.00003895, 0.00002988, 0.00002228, 0.00001607, 0.00001128, 0.00000762, 0.00000489, 0.00000292, 0.00000158, 0.00000073, 0.00000025, 0.00000005, 0.00000003, 0.00000012, 0.00000025, 0.00000036, 0.00000043, 0.00000041, 0.00000031, 0.00000012, -0.00000013, -0.00000040, -0.00000066, -0.00000089, -0.00000108, -0.00000120, -0.00000122, -0.00000095, 0.00000000
0.00002748, -0.00004417, -0.00006934, -0.00008122, -0.00008269, -0.00007718, -0.00007217, -0.00006502, -0.00005432, -0.00004156, -0.00002858, -0.00001622, -0.00000442, 0.00000719, 0.00001890, 0.00003080, 0.00004274, 0.00005451, 0.00006586, 0.00010566, 0.00013577, 0.00015922, 0.00017654, 0.00018690, 0.00019036, 0.00018806, 0.00018143, 0.00017163, 0.00015943, 0.00014535, 0.00012991, 0.00011368, 0.00009731, 0.00008146, 0.00006667, 0.00005337, 0.00004178, 0.00003194, 0.00002380, 0.00001738, 0.00001236, 0.00000849, 0.00000559, 0.00000350, 0.00000206, 0.00000115, 0.00000065, 0.00000045, 0.00000045, 0.00000055, 0.00000067, 0.00000073, 0.00000068, 0.00000051, 0.00000023, -0.00000010, -0.00000044, -0.00000073, -0.00000094, -0.00000107, -0.00000115, -0.00000117, -0.00000096, 0.00000000
0.00021275, 0.00009091, 0.00004632, 0.00002576, 0.00002069, 0.00002519, 0.00002990, 0.00003734, 0.00004885, 0.00006265, 0.00007663, 0.00008984, 0.00010236, 0.00011461, 0.00012695, 0.00013947, 0.00015203, 0.00016438, 0.00017625, 0.00021744, 0.00024791, 0.00027114, 0.00028764, 0.00029633, 0.00029716, 0.00029127, 0.00028016, 0.00026504, 0.00024673, 0.00022587, 0.00020311, 0.00017924, 0.00015515, 0.00013173, 0.00010975, 0.00008980, 0.00007221, 0.00005709, 0.00004439, 0.00003413, 0.00002591, 0.00001938, 0.00001429, 0.00001042, 0.00000754, 0.00000547, 0.00000405, 0.00000312, 0.00000255, 0.00000220, 0.00000196, 0.00000174, 0.00000146, 0.00000110, 0.00000066, 0.00000019, -0.00000025, -0.00000062, -0.00000089, -0.00000106, -0.00000116, -0.00000121, -0.00000101, 0.00000000
-0.00047161, -0.00040695, -0.00036570, -0.00033046, -0.00029837, -0.00026814, -0.00023771, -0.00020801, -0.00017964, -0.00015242, -0.00012601, -0.00010032, -0.00007547, -0.00005164, -0.00002897, -0.00000754, 0.00001266, 0.00003166, 0.00004951, 0.00011180, 0.00015953, 0.00019346, 0.00021523, 0.00022685, 0.00023004, 0.00022621, 0.00021663, 0.00020260, 0.00018543, 0.00016637, 0.00014651, 0.00012675, 0.00010777, 0.00009003, 0.00007385, 0.00005941, 0.00004678, 0.00003598, 0.00002694, 0.00001978, 0.00001422, 0.00001002, 0.00000698, 0.00000488, 0.00000348, 0.00000258, 0.00000199, 0.00000158, 0.00000127, 0.00000101, 0.00000078, 0.00000058, 0.00000042, 0.00000029, 0.00000017, 0.00000003, -0.00000017, -0.00000042, -0.00000074, -0.00000108, -0.00000132, -0.00000134, -0.00000094, 0.00000000
-0.00115712, -0.00099035, -0.00090376, -0.00083974, -0.00078988, -0.00074867, -0.00070656, -0.00066692, -0.00063184, -0.00059980, -0.00056881, -0.00053809, -0.00050790, -0.00047885, -0.00045144, -0.00042588, -0.00040210, -0.00037986, -0.00035890, -0.00028307, -0.00021996, -0.00017121, -0.00013497, -0.00010764, -0.00008673, -0.00007109, -0.00006003, -0.00005265, -0.00004775, -0.00004413, -0.00004082, -0.00003728, -0.00003335, -0.00002916, -0.00002497, -0.00002103, -0.00001752, -0.00001453, -0.00001202, -0.00000972, -0.00000767, -0.00000582, -0.00000415, -0.00000267, -0.00000142, -0.00000046, 0.00000018, 0.00000050, 0.00000055, 0.00000042, 0.00000021, 0.00000001, -0.00000010, -0.00000012, -0.00000006, -0.00000001, -0.00000006, -0.00000026, -0.00000064, -0.00000109, -0.00000144, -0.00000144, -0.00000091, 0.00000000
-0.00013347, -0.00028109, -0.00034587, -0.00038283, -0.00040128, -0.00040740, -0.00041093, -0.00040975, -0.00040282, -0.00039216, -0.00038008, -0.00036774, -0.00035525, -0.00034231, -0.00032870, -0.00031440, -0.00029962, -0.00028467, -0.00026986, -0.00021442, -0.00016708, -0.00012560, -0.00009006, -0.00006174, -0.00004078, -0.00002598, -0.00001575, -0.00000883, -0.00000439, -0.00000192, -0.00000104, -0.00000131, -0.00000228, -0.00000349, -0.00000458, -0.00000532, -0.00000564, -0.00000558, -0.00000525, -0.00000462, -0.00000392, -0.00000329, -0.00000275, -0.00000231, -0.00000193, -0.00000158, -0.00000124, -0.00000088, -0.00000051, -0.00000016, 0.00000012, 0.00000030, 0.00000034, 0.00000024, 0.00000001, -0.00000029, -0.00000059, -0.00000084, -0.00000099, -0.00000107, -0.00000110, -0.00000111, -0.00000093, 0.00000000
0.00032871, 0.00019769, 0.00015237, 0.00013180, 0.00012890, 0.00013740, 0.00014496, 0.00015569, 0.00017187, 0.00019113, 0.00021056, 0.00022889, 0.00024623, 0.00026321, 0.00028036, 0.00029781, 0.00031538, 0.00033271, 0.00034940, 0.00040698, 0.00044912, 0.00048059, 0.00050203, 0.00051181, 0.00050981, 0.00049767, 0.00047762, 0.00045149, 0.00042056, 0.00038580, 0.00034819, 0.00030886, 0.00026911, 0.00023028, 0.00019352, 0.00015975, 0.00012953, 0.00010313, 0.00008054, 0.00006174, 0.00004631, 0.00003385, 0.00002400, 0.00001641, 0.00001075, 0.00000672, 0.00000401, 0.00000235, 0.00000144, 0.00000104, 0.00000091, 0.00000085, 0.00000074, 0.00000050, 0.00000015, -0.00000027, -0.00000065, -0.00000093, -0.00000105, -0.00000106, -0.00000104, -0.00000105, -0.00000095, 0.00000000
0.00088849, 0.00060094, 0.00047195, 0.00039039, 0.00034103, 0.00031244, 0.00028402, 0.00026230, 0.00025091, 0.00024597, 0.00024276, 0.00023916, 0.00023535, 0.00023237, 0.00023104, 0.00023160, 0.00023373, 0.00023685, 0.00024032, 0.00025170, 0.00025718, 0.00026278, 0.00026786, 0.00026825, 0.00026222, 0.00025094, 0.00023642, 0.00022005, 0.00020231, 0.00018316, 0.00016267, 0.00014123, 0.00011960, 0.00009872, 0.00007947, 0.00006248, 0.00004805, 0.00003618, 0.00002663, 0.00001922, 0.00001345, 0.00000893, 0.00000541, 0.00000275, 0.00000085, -0.00000037, -0.00000097, -0.00000104, -0.00000074, -0.00000023, 0.00000030, 0.00000068, 0.00000079, 0.00000061, 0.00000017, -0.00000037, -0.00000087, -0.00000116, -0.00000119, -0.00000104, -0.00000089, -0.00000091, -0.00000095, 0.00000000
-0.00026354, -0.00023587, -0.00021053, -0.00018522, -0.00015954, -0.00013364, -0.00010787, -0.00008233, -0.00005721, -0.00003270, -0.00000898, 0.00001381, 0.00003563, 0.00005642, 0.00007616, 0.00009482, 0.00011239, 0.00012885, 0.00014418, 0.00019601, 0.00023291, 0.00025673, 0.00026928, 0.00027225, 0.00026723, 0.00025578, 0.00023939, 0.00021947, 0.00019730, 0.00017404, 0.00015069, 0.00012804, 0.00010676, 0.00008728, 0.00006990, 0.00005475, 0.00004184, 0.00003110, 0.00002236, 0.00001561, 0.00001052, 0.00000679, 0.00000418, 0.00000246, 0.00000140, 0.00000080, 0.00000049, 0.00000035, 0.00000029, 0.00000026, 0.00000024, 0.00000021, 0.00000016, 0.00000009, -0.00000001, -0.00000015, -0.00000033, -0.00000056, -0.00000082, -0.00000108, -0.00000127, -0.00000127, -0.00000093, 0.00000000
-0.00029649, -0.00029376, -0.00028372, -0.00027103, -0.00025514, -0.00023691, -0.00021862, -0.00019954, -0.00017940, -0.00015878, -0.00013833, -0.00011840, -0.00009901, -0.00008012, -0.00006169, -0.00004374, -0.00002635, -0.00000962, 0.00000634, 0.00006317, 0.00010827, 0.00014326, 0.00016902, 0.00018602, 0.00019502, 0.00019714, 0.00019361, 0.00018556, 0.00017399, 0.00015981, 0.00014385, 0.00012692, 0.00010977, 0.00009303, 0.00007725, 0.00006281, 0.00004994, 0.00003875, 0.00002925, 0.00002153, 0.00001537, 0.00001056, 0.00000693, 0.00000430, 0.00000247, 0.00000126, 0.00000052, 0.00000011, -0.00000009, -0.00000016, -0.00000016, -0.00000014, -0.00000014, -0.00000018, -0.00000026, -0.00000039, -0.00000055, -0.00000073, -0.00000091, -0.00000108, -0.00000120, -0.00000119, -0.00000089, 0.00000000
0.00034532, 0.00018343, 0.00010022, 0.00004380, 0.00000442, -0.00002377, -0.00004934, -0.00007041, -0.00008599, -0.00009781, -0.00010790, -0.00011724, -0.00012592, -0.00013368, -0.00014028, -0.00014568, -0.00015004, -0.00015362, -0.00015667, -0.00016553, -0.00017112, -0.00017194, -0.00016868, -0.00016326, -0.00015674, -0.00014916, -0.00014023, -0.00012995, -0.00011866, -0.00010692, -0.00009524, -0.00008401, -0.00007344, -0.00006360, -0.00005449, -0.00004611, -0.00003850, -0.00003168, -0.00002571, -0.00002042, -0.00001594, -0.00001226, -0.00000932, -0.00000698, -0.00000514, -0.00000368, -0.00000252, -0.00000158, -0.00000082, -0.00000023, 0.00000020, 0.00000045, 0.00000052, 0.00000042, 0.00000019, -0.00000012, -0.00000044, -0.00000072, -0.00000093, -0.00000106, -0.00000114, -0.00000116, -0.00000096, 0.00000000
-0.00032090, -0.00037967, -0.00039749, -0.00040224, -0.00039699, -0.00038496, -0.00037238, -0.00035756, -0.00033963, -0.00031991, -0.00029996, -0.00028052, -0.00026161, -0.00024302, -0.00022456, -0.00020621, -0.00018810, -0.00017042, -0.00015339, -0.00009245, -0.00004375, -0.00000453, 0.00002617, 0.00004831, 0.00006255, 0.00007034, 0.00007332, 0.00007284, 0.00006983, 0.00006494, 0.00005873, 0.00005168, 0.00004430, 0.00003705, 0.00003027, 0.00002421, 0.00001898, 0.00001458, 0.00001095, 0.00000816, 0.00000598, 0.00000427, 0.00000295, 0.00000197, 0.00000127, 0.00000081, 0.00000055, 0.00000044, 0.00000045, 0.00000050, 0.00000057, 0.00000058, 0.00000052, 0.00000037, 0.00000013, -0.00000015, -0.00000045, -0.00000072, -0.00000092, -0.00000107, -0.00000116, -0.00000117, -0.00000094, 0.00000000
-0.00033419, -0.00037671, -0.00038742, -0.00038802, -0.00038074, -0.00036807, -0.00035494, -0.00033998, -0.00032251, -0.00030363, -0.00028457, -0.00026595, -0.00024780, -0.00022997, -0.00021230, -0.00019481, -0.00017761, -0.00016086, -0.00014473, -0.00008682, -0.00004012, -0.00000237, 0.00002728, 0.00004886, 0.00006298, 0.00007094, 0.00007416, 0.00007386, 0.00007093, 0.00006604, 0.00005976, 0.00005261, 0.00004512, 0.00003772, 0.00003079, 0.00002455, 0.00001913, 0.00001454, 0.00001073, 0.00000780, 0.00000552, 0.00000376, 0.00000244, 0.00000148, 0.00000083, 0.00000043, 0.00000021, 0.00000014, 0.00000016, 0.00000024, 0.00000031, 0.00000034, 0.00000031, 0.00000020, 0.00000001, -0.00000022, -0.00000048, -0.00000072, -0.00000092, -0.00000107, -0.00000117, -0.00000117, -0.00000092, 0.00000000
-0.00055357, -0.00035960, -0.00025139, -0.00016792, -0.00009985, -0.00004175, 0.00001563, 0.00006921, 0.00011708, 0.00016077, 0.00020221, 0.00024225, 0.00028073, 0.00031713, 0.00035104, 0.00038231, 0.00041105, 0.00043751, 0.00046195, 0.00054482, 0.00060500, 0.00064211, 0.00065880, 0.00065922, 0.00064643, 0.00062223, 0.00058809, 0.00054581, 0.00049763, 0.00044599, 0.00039315, 0.00034103, 0.00029110, 0.00024441, 0.00020166, 0.00016330, 0.00012958, 0.00010057, 0.00007621, 0.00005649, 0.00004095, 0.00002906, 0.00002030, 0.00001406, 0.00000976, 0.00000685, 0.00000486, 0.00000344, 0.00000238, 0.00000156, 0.00000091, 0.00000045, 0.00000018, 0.00000006, 0.00000005, 0.00000007, -0.00000000, -0.00000023, -0.00000062, -0.00000109, -0.00000145, -0.00000146, -0.00000093, 0.00000000
0.00071815, 0.00047934, 0.00035596, 0.00026818, 0.00020501, 0.00015838, 0.00011341, 0.00007484, 0.00004528, 0.00002184, 0.00000094, -0.00001911, -0.00003829, -0.00005594, -0.00007149, -0.00008481, -0.00009616, -0.00010599, -0.00011479, -0.00014423, -0.00016736, -0.00018104, -0.00018660, -0.00018782, -0.00018680, -0.00018357, -0.00017755, -0.00016865, -0.00015750, -0.00014508, -0.00013230, -0.00011980, -0.00010785, -0.00009646, -0.00008557, -0.00007511, -0.00006510, -0.00005566, -0.00004694, -0.00003894, -0.00003189, -0.00002587, -0.00002084, -0.00001668, -0.00001324, -0.00001037, -0.00000793, -0.00000583, -0.00000402, -0.00000251, -0.00000132, -0.00000049, -0.00000004, 0.00000006, -0.00000011, -0.00000044, -0.00000078, -0.00000102, -0.00000110, -0.00000106, -0.00000101, -0.00000102, -0.00000095, 0.00000000
0.00143765, 0.00092014, 0.00069099, 0.00054656, 0.00045832, 0.00040582, 0.00035282, 0.00031086, 0.00028649, 0.00027307, 0.00026249, 0.00025117, 0.00023955, 0.00022954, 0.00022264, 0.00021931, 0.00021905, 0.00022085, 0.00022362, 0.00023297, 0.00023707, 0.00024632, 0.00025907, 0.00026740, 0.00026769, 0.00026140, 0.00025145, 0.00023965, 0.00022616, 0.00021033, 0.00019169, 0.00017048, 0.00014767, 0.00012463, 0.00010276, 0.00008309, 0.00006620, 0.00005216, 0.00004069, 0.00003150, 0.00002399, 0.00001769, 0.00001240, 0.00000802, 0.00000457, 0.00000210, 0.00000061, 0.00000001, 0.00000013, 0.00000067, 0.00000132, 0.00000178, 0.00000182, 0.00000140, 0.00000059, -0.00000036, -0.00000116, -0.00000155, -0.00000145, -0.00000101, -0.00000062, -0.00000067, -0.00000101, 0.00000000
-0.00021054, -0.00017437, -0.00014732, -0.00012116, -0.00009503, -0.00006886, -0.00004206, -0.00001529, 0.00001098, 0.00003666, 0.00006178, 0.00008629, 0.00011009, 0.00013305, 0.00015506, 0.00017606, 0.00019602, 0.00021494, 0.00023281, 0.00029565, 0.00034427, 0.00037928, 0.00040178, 0.00041301, 0.00041419, 0.00040646, 0.00039102, 0.00036916, 0.00034226, 0.00031177, 0.00027910, 0.00024554, 0.00021227, 0.00018025, 0.00015025, 0.00012285, 0.00009842, 0.00007716, 0.00005909, 0.00004432, 0.00003250, 0.00002329, 0.00001634, 0.00001127, 0.00000769, 0.00000523, 0.00000357, 0.00000247, 0.00000174, 0.00000123, 0.00000087, 0.00000061, 0.00000042, 0.00000026, 0.00000012, -0.00000003, -0.00000023, -0.00000048, -0.00000078, -0.00000108, -0.00000130, -0.00000131, -0.00000094, 0.00000000
-0.00030056, -0.00031004, -0.00030882, -0.00030227, -0.00029188, -0.00027879, -0.00026440, -0.00024885, -0.00023232, -0.00021525, -0.00019805, -0.00018096, -0.00016412, -0.00014757, -0.00013136, -0.00011554, -0.00010018, -0.00008534, -0.00007109, -0.00001899, 0.00002436, 0.00005962, 0.00008740, 0.00010816, 0.00012250, 0.00013114, 0.00013487, 0.00013443, 0.00013055, 0.00012387, 0.00011504, 0.00010468, 0.00009337, 0.00008165, 0.00006998, 0.00005876, 0.00004827, 0.00003874, 0.00003031, 0.00002323, 0.00001739, 0.00001268, 0.00000903, 0.00000629, 0.00000431, 0.00000294, 0.00000202, 0.00000141, 0.00000102, 0.00000077, 0.00000059, 0.00000046, 0.00000034, 0.00000021, 0.00000006, -0.00000012, -0.00000033, -0.00000057, -0.00000083, -0.00000108, -0.00000126, -0.00000127, -0.00000093, 0.00000000
0.00038406, 0.00013308, 0.00002205, -0.00004553, -0.00008480, -0.00010592, -0.00012563, -0.00013930, -0.00014439, -0.00014407, -0.00014214, -0.00014032, -0.00013854, -0.00013603, -0.00013219, -0.00012688, -0.00012036, -0.00011311, -0.00010562, -0.00007782, -0.00005516, -0.00003286, -0.00001132, 0.00000636, 0.00001889, 0.00002722, 0.00003292, 0.00003699, 0.00003962, 0.00004063, 0.00003983, 0.00003732, 0.00003350, 0.00002893, 0.00002420, 0.00001976, 0.00001587, 0.00001260, 0.00000988, 0.00000776, 0.00000598, 0.00000441, 0.00000300, 0.00000180, 0.00000084, 0.00000017, -0.00000018, -0.00000022, -0.00000003, 0.00000030, 0.00000063, 0.00000085, 0.00000086, 0.00000064, 0.00000024, -0.00000026, -0.00000071, -0.00000101, -0.00000111, -0.00000105, -0.00000098, -0.00000100, -0.00000096, 0.00000000
-0.00011252, -0.00014068, -0.00014180, -0.00013301, -0.00011757, -0.00009787, -0.00007738, -0.00005560, -0.00003236, -0.00000848, 0.00001516, 0.00003813, 0.00006034, 0.00008186, 0.00010273, 0.00012294, 0.00014241, 0.00016102, 0.00017866, 0.00023996, 0.00028592, 0.00031848, 0.00033885, 0.00034780, 0.00034652, 0.00033663, 0.00031993, 0.00029808, 0.00027260, 0.00024480, 0.00021590, 0.00018698, 0.00015899, 0.00013271, 0.00010869, 0.00008732, 0.00006876, 0.00005299, 0.00003990, 0.00002944, 0.00002123, 0.00001492, 0.00001020, 0.00000679, 0.00000441, 0.00000282, 0.00000180, 0.00000118, 0.00000083, 0.00000064, 0.00000053, 0.00000044, 0.00000035, 0.00000022, 0.00000005, -0.00000016, -0.00000039, -0.00000063, -0.00000087, -0.00000107, -0.00000122, -0.00000122, -0.00000093, 0.00000000
-0.00051317, -0.00048894, -0.00047087, -0.00045257, -0.00043370, -0.00041415, -0.00039325, -0.00037183, -0.00035045, -0.00032922, -0.00030813, -0.00028727, -0.00026680, -0.00024689, -0.00022770, -0.00020929, -0.00019172, -0.00017500, -0.00015912, -0.00010226, -0.00005659, -0.00002150, 0.00000431, 0.00002235, 0.00003402, 0.00004049, 0.00004285, 0.00004214, 0.00003931, 0.00003521, 0.00003052, 0.00002573, 0.00002115, 0.00001698, 0.00001328, 0.00001008, 0.00000735, 0.00000505, 0.00000316, 0.00000183, 0.00000090, 0.00000029, -0.00000004, -0.00000017, -0.00000014, -0.00000005, 0.00000005, 0.00000013, 0.00000017, 0.00000017, 0.00000015, 0.00000010, 0.00000005, -0.00000000, -0.00000007, -0.00000017, -0.00000033, -0.00000054, -0.00000081, -0.00000108, -0.00000128, -0.00000128, -0.00000091, 0.00000000
0.00013450, 0.00001315, -0.00004142, -0.00007518, -0.00009487, -0.00010534, -0.00011501, -0.00012144, -0.00012330, -0.00012227, -0.00012034, -0.00011846, -0.00011664, -0.00011451, -0.00011177, -0.00010836, -0.00010442, -0.00010019, -0.00009594, -0.00008034, -0.00006825, -0.00005700, -0.00004649, -0.00003805, -0.00003213, -0.00002808, -0.00002500, -0.00002228, -0.00001979, -0.00001764, -0.00001597, -0.00001481, -0.00001405, -0.00001351, -0.00001300, -0.00001237, -0.00001156, -0.00001061, -0.00000956, -0.00000832, -0.00000709, -0.00000598, -0.00000499, -0.00000412, -0.00000333, -0.00000261, -0.00000193, -0.00000129, -0.00000070, -0.00000019, 0.00000020, 0.00000044, 0.00000051, 0.00000042, 0.00000018, -0.00000013, -0.00000046, -0.00000074, -0.00000094, -0.00000106, -0.00000113, -0.00000115, -0.00000096, 0.00000000
-0.00046864, -0.00044722, -0.00043354, -0.00041957, -0.00040521, -0.00039030, -0.00037357, -0.00035611, -0.00033869, -0.00032133, -0.00030391, -0.00028647, -0.00026922, -0.00025238, -0.00023616, -0.00022066, -0.00020592, -0.00019196, -0.00017874, -0.00013149, -0.00009407, -0.00006657, -0.00004805, -0.00003702, -0.00003208, -0.00003205, -0.00003580, -0.00004211, -0.00004973, -0.00005748, -0.00006434, -0.00006957, -0.00007271, -0.00007359, -0.00007230, -0.00006906, -0.00006426, -0.00005829, -0.00005160, -0.00004440, -0.00003717, -0.00003025, -0.00002389, -0.00001825, -0.00001344, -0.00000951, -0.00000646, -0.00000419, -0.00000260, -0.00000155, -0.00000090, -0.00000051, -0.00000029, -0.00000017, -0.00000013, -0.00000016, -0.00000027, -0.00000048, -0.00000077, -0.00000108, -0.00000131, -0.00000131, -0.00000091, 0.00000000
-0.00027290, -0.00029922, -0.00030580, -0.00030337, -0.00029551, -0.00028402, -0.00027054, -0.00025550, -0.00023929, -0.00022241, -0.00020530, -0.00018826, -0.00017145, -0.00015498, -0.00013889, -0.00012327, -0.00010817, -0.00009365, -0.00007977, -0.00002972, 0.00001064, 0.00004196, 0.00006510, 0.00008087, 0.00009020, 0.00009411, 0.00009369, 0.00008994, 0.00008379, 0.00007606, 0.00006743, 0.00005848, 0.00004966, 0.00004130, 0.00003363, 0.00002679, 0.00002082, 0.00001575, 0.00001152, 0.00000828, 0.00000582, 0.00000399, 0.00000271, 0.00000186, 0.00000134, 0.00000104, 0.00000088, 0.00000079, 0.00000073, 0.00000067, 0.00000060, 0.00000052, 0.00000042, 0.00000029, 0.00000014, -0.00000005, -0.00000027, -0.00000053, -0.00000081, -0.00000108, -0.00000127, -0.00000128, -0.00000094, 0.00000000
-0.00053898, -0.00048469, -0.00044500, -0.00040745, -0.00037164, -0.00033706, -0.00030152, -0.00026647, -0.00023290, -0.00020059, -0.00016913, -0.00013837, -0.00010850, -0.00007973, -0.00005228, -0.00002623, -0.00000159, 0.00002168, 0.00004365, 0.00012114, 0.00018208, 0.00022712, 0.00025795, 0.00027677, 0.00028541, 0.00028529, 0.00027770, 0.00026397, 0.00024554, 0.00022384, 0.00020021, 0.00017581, 0.00015159, 0.00012830, 0.00010651, 0.00008663, 0.00006891, 0.00005351, 0.00004046, 0.00002990, 0.00002155, 0.00001517, 0.00001046, 0.00000713, 0.00000487, 0.00000337, 0.00000239, 0.00000173, 0.00000126, 0.00000090, 0.00000061, 0.00000040, 0.00000024, 0.00000013, 0.00000004, -0.00000006, -0.00000021, -0.00000044, -0.00000075, -0.00000108, -0.00000133, -0.00000133, -0.00000092, 0.00000000
-0.00061058, -0.00051812, -0.00046222, -0.00041545, -0.00037480, -0.00033807, -0.00030077, -0.00026493, -0.00023182, -0.00020078, -0.00017092, -0.00014191, -0.00011395, -0.00008736, -0.00006243, -0.00003925, -0.00001777, 0.00000213, 0.00002058, 0.00008351, 0.00012953, 0.00015929, 0.00017533, 0.00018100, 0.00017890, 0.00017083, 0.00015821, 0.00014250, 0.00012513, 0.00010744, 0.00009046, 0.00007487, 0.00006103, 0.00004900, 0.00003872, 0.00003003, 0.00002275, 0.00001673, 0.00001184, 0.00000815, 0.00000544, 0.00000354, 0.00000231, 0.00000159, 0.00000122, 0.00000105, 0.00000094, 0.00000083, 0.00000068, 0.00000049, 0.00000030, 0.00000014, 0.00000003, -0.00000002, -0.00000004, -0.00000008, -0.00000019, -0.00000040, -0.00000072, -0.00000109, -0.00000136, -0.00000136, -0.00000091, 0.00000000
-0.00049842, -0.00039686, -0.00032691, -0.00026467, -0.00020784, -0.00015475, -0.00010150, -0.00004996, -0.00000133, 0.00004493, 0.00008961, 0.00013302, 0.00017499, 0.00021522, 0.00025344, 0.00028956, 0.00032360, 0.00035567, 0.00038586, 0.00049123, 0.00057227, 0.00062948, 0.00066507, 0.00068201, 0.00068283, 0.00066952, 0.00064398, 0.00060835, 0.00056497, 0.00051625, 0.00046445, 0.00041157, 0.00035929, 0.00030892, 0.00026151, 0.00021782, 0.00017837, 0.00014346, 0.00011323, 0.00008779, 0.00006681, 0.00004990, 0.00003660, 0.00002640, 0.00001875, 0.00001312, 0.00000903, 0.00000608, 0.00000398, 0.00000248, 0.00000145, 0.00000076, 0.00000034, 0.00000011, -0.00000000, -0.00000009, -0.00000021, -0.00000043, -0.00000074, -0.00000109, -0.00000135, -0.00000135, -0.00000091, 0.00000000
0.00019797, 0.00003193, -0.00004977, -0.00010540, -0.00014373, -0.00017067, -0.00019657, -0.00021841, -0.00023452, -0.00024693, -0.00025805, -0.00026902, -0.00027984, -0.00029004, -0.00029926, -0.00030740, -0.00031460, -0.00032116, -0.00032739, -0.00035098, -0.00037315, -0.00038994, -0.00040069, -0.00040669, -0.00040833, -0.00040486, -0.00039546, -0.00037992, -0.00035884, -0.00033332, -0.00030469, -0.00027421, -0.00024299, -0.00021196, -0.00018191, -0.00015348, -0.00012725, -0.00010364, -0.00008294, -0.00006509, -0.00005018, -0.00003808, -0.00002850, -0.00002107, -0.00001539, -0.00001108, -0.00000783, -0.00000536, -0.00000347, -0.00000205, -0.00000101, -0.00000034, 0.00000002, 0.00000008, -0.00000007, -0.00000034, -0.00000065, -0.00000089, -0.00000103, -0.00000107, -0.00000109, -0.00000110, -0.00000095, 0.00000000
-0.00099088, -0.00083202, -0.00074567, -0.00067883, -0.00062542, -0.00058064, -0.00053504, -0.00049237, -0.00045482, -0.00042082, -0.00038833, -0.00035652, -0.00032565, -0.00029631, -0.00026899, -0.00024384, -0.00022074, -0.00019942, -0.00017957, -0.00010951, -0.00005356, -0.00001265, 0.00001575, 0.00003567, 0.00004969, 0.00005877, 0.00006332, 0.00006396, 0.00006166, 0.00005752, 0.00005247, 0.00004712, 0.00004180, 0.00003659, 0.00003149, 0.00002647, 0.00002160, 0.00001700, 0.00001281, 0.00000938, 0.00000670, 0.00000473, 0.00000343, 0.00000268, 0.00000229, 0.00000208, 0.00000191, 0.00000168, 0.00000136, 0.00000097, 0.00000059, 0.00000027, 0.00000008, 0.00000002, 0.00000005, 0.00000009, 0.00000003, -0.00000019, -0.00000060, -0.00000109, -0.00000147, -0.00000147, -0.00000092, 0.00000000
-0.00060737, -0.00056066, -0.00053009, -0.00050176, -0.00047540, -0.00045034, -0.00042378, -0.00039748, -0.00037253, -0.00034861, -0.00032515, -0.00030196, -0.00027922, -0.00025722, -0.00023618, -0.00021622, -0.00019736, -0.00017952, -0.00016264, -0.00010192, -0.00005226, -0.00001360, 0.00001540, 0.00003668, 0.00005172, 0.00006145, 0.00006662, 0.00006801, 0.00006647, 0.00006286, 0.00005793, 0.00005225, 0.00004624, 0.00004018, 0.00003423, 0.00002855, 0.00002323, 0.00001837, 0.00001406, 0.00001054, 0.00000772, 0.00000555, 0.00000397, 0.00000288, 0.00000217, 0.00000170, 0.00000138, 0.00000111, 0.00000086, 0.00000063, 0.00000041, 0.00000023, 0.00000010, 0.00000002, -0.00000004, -0.00000012, -0.00000025, -0.00000046, -0.00000076, -0.00000108, -0.00000132, -0.00000132, -0.00000091, 0.00000000
-0.00033400, -0.00031296, -0.00029670, -0.00027968, -0.00026210, -0.00024402, -0.00022476, -0.00020514, -0.00018572, -0.00016656, -0.00014763, -0.00012897, -0.00011072, -0.00009304, -0.00007607, -0.00005986, -0.00004446, -0.00002987, -0.00001606, 0.00003305, 0.00007190, 0.00010101, 0.00012146, 0.00013455, 0.00014139, 0.00014291, 0.00013998, 0.00013346, 0.00012424, 0.00011317, 0.00010100, 0.00008839, 0.00007586, 0.00006380, 0.00005253, 0.00004225, 0.00003310, 0.00002515, 0.00001842, 0.00001309, 0.00000896, 0.00000587, 0.00000369, 0.00000224, 0.00000136, 0.00000086, 0.00000060, 0.00000047, 0.00000040, 0.00000034, 0.00000028, 0.00000022, 0.00000015, 0.00000009, 0.00000000, -0.00000011, -0.00000028, -0.00000051, -0.00000079, -0.00000109, -0.00000130, -0.00000131, -0.00000093, 0.00000000
0.00059053, 0.00034603, 0.00022548, 0.00014427, 0.00008917, 0.00005128, 0.00001560, -0.00001366, -0.00003419, -0.00004891, -0.00006131, -0.00007305, -0.00008413, -0.00009390, -0.00010187, -0.00010791, -0.00011227, -0.00011541, -0.00011779, -0.00012412, -0.00012797, -0.00012612, -0.00011970, -0.00011219, -0.00010535, -0.00009893, -0.00009207, -0.00008436, -0.00007606, -0.00006775, -0.00006003, -0.00005318, -0.00004720, -0.00004191, -0.00003704, -0.00003241, -0.00002794, -0.00002368, -0.00001975, -0.00001608, -0.00001291, -0.00001032, -0.00000828, -0.00000667, -0.00000540, -0.00000432, -0.00000335, -0.00000243, -0.00000155, -0.00000076, -0.00000010, 0.00000033, 0.00000050, 0.00000041, 0.00000011, -0.00000029, -0.00000069, -0.00000097, -0.00000108, -0.00000106, -0.00000101, -0.00000103, -0.00000095, 0.00000000
0.00011871, 0.00000985, -0.00003752, -0.00006555, -0.00008026, -0.00008618, -0.00009127, -0.00009323, -0.00009087, -0.00008582, -0.00008000, -0.00007434, -0.00006887, -0.00006327, -0.00005728, -0.00005083, -0.00004409, -0.00003729, -0.00003068, -0.00000771, 0.00000862, 0.00002101, 0.00002990, 0.00003441, 0.00003453, 0.00003135, 0.00002620, 0.00002013, 0.00001377, 0.00000744, 0.00000137, -0.00000418, -0.00000897, -0.00001275, -0.00001537, -0.00001680, -0.00001715, -0.00001662, -0.00001547, -0.00001377, -0.00001188, -0.00001000, -0.00000825, -0.00000668, -0.00000529, -0.00000409, -0.00000304, -0.00000213, -0.00000136, -0.00000072, -0.00000024, 0.00000008, 0.00000021, 0.00000017, -0.00000000, -0.00000026, -0.00000054, -0.00000079, -0.00000096, -0.00000107, -0.00000112, -0.00000113, -0.00000093, 0.00000000
0.00079090, 0.00040559, 0.00023302, 0.00012595, 0.00006188, 0.00002551, -0.00000888, -0.00003397, -0.00004570, -0.00004891, -0.00004939, -0.00004981, -0.00005002, -0.00004884, -0.00004532, -0.00003922, -0.00003095, -0.00002125, -0.00001090, 0.00002902, 0.00006366, 0.00009950, 0.00013511, 0.00016496, 0.00018650, 0.00020074, 0.00020978, 0.00021493, 0.00021638, 0.00021378, 0.00020685, 0.00019583, 0.00018148, 0.00016490, 0.00014723, 0.00012947, 0.00011231, 0.00009614, 0.00008114, 0.00006749, 0.00005509, 0.00004389, 0.00003394, 0.00002534, 0.00001817, 0.00001249, 0.00000827, 0.00000539, 0.00000361, 0.00000266, 0.00000220, 0.00000192, 0.00000158, 0.00000107, 0.00000039, -0.00000035, -0.00000096, -0.00000130, -0.00000129, -0.00000104, -0.00000081, -0.00000083, -0.00000096, 0.00000000
-0.00046195, -0.00042310, -0.00039788, -0.00037573, -0.00035463, -0.00033394, -0.00031279, -0.00029168, -0.00027096, -0.00025066, -0.00023071, -0.00021112, -0.00019199, -0.00017346, -0.00015561, -0.00013852, -0.00012220, -0.00010668, -0.00009194, -0.00003903, 0.00000384, 0.00003729, 0.00006239, 0.00008030, 0.00009207, 0.00009860, 0.00010070, 0.00009919, 0.00009485, 0.00008844, 0.00008062, 0.00007199, 0.00006301, 0.00005407, 0.00004545, 0.00003738, 0.00003001, 0.00002345, 0.00001777, 0.00001316, 0.00000949, 0.00000665, 0.00000456, 0.00000310, 0.00000213, 0.00000151, 0.00000112, 0.00000087, 0.00000069, 0.00000055, 0.00000043, 0.00000032, 0.00000022, 0.00000013, 0.00000002, -0.00000011, -0.00000029, -0.00000052, -0.00000080, -0.00000108, -0.00000128, -0.00000129, -0.00000092, 0.00000000
0.00020010, 0.00003410, -0.00004247, -0.00009040, -0.00011885, -0.00013437, -0.00014817, -0.00015718, -0.00015976, -0.00015814, -0.00015498, -0.00015155, -0.00014788, -0.00014353, -0.00013814, -0.00013163, -0.00012420, -0.00011621, -0.00010802, -0.00007617, -0.00004782, -0.00002027, 0.00000597, 0.00002856, 0.00004644, 0.00006005, 0.00007032, 0.00007783, 0.00008271, 0.00008481, 0.00008410, 0.00008076, 0.00007523, 0.00006814, 0.00006014, 0.00005182, 0.00004365, 0.00003592, 0.00002883, 0.00002264, 0.00001727, 0.00001267, 0.00000885, 0.00000580, 0.00000347, 0.00000182, 0.00000077, 0.00000022, 0.00000005, 0.00000011, 0.00000026, 0.00000039, 0.00000041, 0.00000029, 0.00000002, -0.00000031, -0.00000064, -0.00000089, -0.00000102, -0.00000106, -0.00000107, -0.00000108, -0.00000094, 0.00000000
-0.00076159, -0.00060781, -0.00052085, -0.00045233, -0.00039559, -0.00034634, -0.00029685, -0.00025002, -0.00020762, -0.00016846, -0.00013091, -0.00009432, -0.00005891, -0.00002516, 0.00000651, 0.00003596, 0.00006327, 0.00008862, 0.00011225, 0.00019410, 0.00025637, 0.00029870, 0.00032354, 0.00033475, 0.00033519, 0.00032661, 0.00031041, 0.00028818, 0.00026180, 0.00023317, 0.00020395, 0.00017545, 0.00014853, 0.00012372, 0.00010128, 0.00008134, 0.00006392, 0.00004902, 0.00003655, 0.00002660, 0.00001887, 0.00001307, 0.00000893, 0.00000611, 0.00000426, 0.00000307, 0.00000227, 0.00000168, 0.00000118, 0.00000074, 0.00000036, 0.00000009, -0.00000007, -0.00000012, -0.00000009, -0.00000007, -0.00000012, -0.00000032, -0.00000067, -0.00000109, -0.00000141, -0.00000141, -0.00000090, 0.00000000
0.00013908, 0.00006175, 0.00003195, 0.00001678, 0.00001177, 0.00001343, 0.00001530, 0.00001935, 0.00002660, 0.00003571, 0.00004508, 0.00005396, 0.00006234, 0.00007048, 0.00007863, 0.00008683, 0.00009497, 0.00010286, 0.00011030, 0.00013475, 0.00015014, 0.00015934, 0.00016329, 0.00016171, 0.00015501, 0.00014440, 0.00013128, 0.00011678, 0.00010166, 0.00008641, 0.00007144, 0.00005716, 0.00004396, 0.00003220, 0.00002213, 0.00001387, 0.00000740, 0.00000256, -0.00000086, -0.00000296, -0.00000411, -0.00000460, -0.00000461, -0.00000430, -0.00000379, -0.00000316, -0.00000249, -0.00000182, -0.00000120, -0.00000067, -0.00000024, 0.00000003, 0.00000016, 0.00000013, -0.00000002, -0.00000025, -0.00000051, -0.00000075, -0.00000094, -0.00000107, -0.00000116, -0.00000117, -0.00000094, 0.00000000
-0.00156471, -0.00125886, -0.00110754, -0.00099754, -0.00091573, -0.00085188, -0.00078539, -0.00072419, -0.00067297, -0.00062820, -0.00058533, -0.00054245, -0.00050004, -0.00045940, -0.00042159, -0.00038698, -0.00035535, -0.00032616, -0.00029881, -0.00019858, -0.00011270, -0.00004654, 0.00000211, 0.00003929, 0.00006848, 0.00009018, 0.00010402, 0.00011037, 0.00011062, 0.00010661, 0.00010009, 0.00009227, 0.00008380, 0.00007494, 0.00006577, 0.00005637, 0.00004696, 0.00003784, 0.00002941, 0.00002221, 0.00001637, 0.00001193, 0.00000880, 0.00000675, 0.00000547, 0.00000461, 0.00000389, 0.00000313, 0.00000228, 0.00000138, 0.00000056, -0.00000006, -0.00000038, -0.00000038, -0.00000015, 0.00000013, 0.00000028, 0.00000011, -0.00000040, -0.00000111, -0.00000167, -0.00000166, -0.00000089, 0.00000000
-0.00020066, -0.00024721, -0.00025985, -0.00026139, -0.00025473, -0.00024258, -0.00022993, -0.00021548, -0.00019860, -0.00018039, -0.00016209, -0.00014433, -0.00012714, -0.00011036, -0.00009385, -0.00007760, -0.00006172, -0.00004636, -0.00003170, 0.00001981, 0.00005938, 0.00008953, 0.00011132, 0.00012499, 0.00013130, 0.00013162, 0.00012750, 0.00012022, 0.00011073, 0.00009977, 0.00008795, 0.00007582, 0.00006389, 0.00005262, 0.00004235, 0.00003329, 0.00002553, 0.00001905, 0.00001374, 0.00000966, 0.00000653, 0.00000417, 0.00000244, 0.00000125, 0.00000047, 0.00000002, -0.00000019, -0.00000022, -0.00000015, -0.00000002, 0.00000010, 0.00000018, 0.00000018, 0.00000010, -0.00000005, -0.00000027, -0.00000050, -0.00000073, -0.00000092, -0.00000107, -0.00000117, -0.00000117, -0.00000092, 0.00000000
0.00095719, 0.00064581, 0.00051078, 0.00042885, 0.00038216, 0.00035802, 0.00033427, 0.00031768, 0.00031202, 0.00031309, 0.00031585, 0.00031802, 0.00031977, 0.00032218, 0.00032614, 0.00033187, 0.00033904, 0.00034701, 0.00035512, 0.00038235, 0.00039927, 0.00041235, 0.00042104, 0.00042114, 0.00041114, 0.00039272, 0.00036856, 0.00034072, 0.00031032, 0.00027797, 0.00024426, 0.00021008, 0.00017658, 0.00014501, 0.00011640, 0.00009146, 0.00007046, 0.00005328, 0.00003955, 0.00002887, 0.00002059, 0.00001417, 0.00000921, 0.00000547, 0.00000274, 0.00000092, -0.00000012, -0.00000052, -0.00000043, -0.00000006, 0.00000039, 0.00000072, 0.00000079, 0.00000058, 0.00000012, -0.00000045, -0.00000095, -0.00000123, -0.00000124, -0.00000105, -0.00000087, -0.00000088, -0.00000095, 0.00000000
-0.00118183, -0.00100693, -0.00091121, -0.00083674, -0.00077562, -0.00072265, -0.00066829, -0.00061625, -0.00056878, -0.00052443, -0.00048125, -0.00043849, -0.00039646, -0.00035583, -0.00031714, -0.00028061, -0.00024618, -0.00021366, -0.00018277, -0.00007084, 0.00002235, 0.00009507, 0.00014925, 0.00018862, 0.00021582, 0.00023218, 0.00023870, 0.00023668, 0.00022784, 0.00021401, 0.00019690, 0.00017787, 0.00015793, 0.00013780, 0.00011802, 0.00009903, 0.00008122, 0.00006496, 0.00005054, 0.00003832, 0.00002829, 0.00002035, 0.00001433, 0.00000995, 0.00000687, 0.00000475, 0.00000327, 0.00000219, 0.00000136, 0.00000070, 0.00000019, -0.00000015, -0.00000032, -0.00000034, -0.00000025, -0.00000016, -0.00000015, -0.00000032, -0.00000066, -0.00000109, -0.00000143, -0.00000142, -0.00000088, 0.00000000
-0.00031885, -0.00030375, -0.00028383, -0.00025929, -0.00023247, -0.00020422, -0.00017429, -0.00014383, -0.00011358, -0.00008374, -0.00005432, -0.00002545, 0.00000268, 0.00002988, 0.00005600, 0.00008097, 0.00010475, 0.00012732, 0.00014870, 0.00022405, 0.00028263, 0.00032522, 0.00035337, 0.00036890, 0.00037349, 0.00036870, 0.00035604, 0.00033703, 0.00031321, 0.00028606, 0.00025693, 0.00022701, 0.00019728, 0.00016858, 0.00014155, 0.00011667, 0.00009428, 0.00007459, 0.00005765, 0.00004363, 0.00003227, 0.00002329, 0.00001643, 0.00001134, 0.00000770, 0.00000516, 0.00000344, 0.00000228, 0.00000150, 0.00000098, 0.00000062, 0.00000038, 0.00000022, 0.00000010, -0.00000001, -0.00000012, -0.00000028, -0.00000051, -0.00000079, -0.00000108, -0.00000129, -0.00000129, -0.00000092, 0.00000000
0.00015035, 0.00007964, 0.00005343, 0.00004050, 0.00003725, 0.00004041, 0.00004340, 0.00004839, 0.00005654, 0.00006651, 0.00007666, 0.00008624, 0.00009524, 0.00010398, 0.00011271, 0.00012149, 0.00013021, 0.00013869, 0.00014670, 0.00017326, 0.00019045, 0.00020123, 0.00020646, 0.00020576, 0.00019944, 0.00018868, 0.00017485, 0.00015909, 0.00014215, 0.00012453, 0.00010669, 0.00008911, 0.00007231, 0.00005678, 0.00004292, 0.00003099, 0.00002109, 0.00001316, 0.00000703, 0.00000265, -0.00000034, -0.00000226, -0.00000335, -0.00000379, -0.00000376, -0.00000341, -0.00000287, -0.00000223, -0.00000157, -0.00000096, -0.00000046, -0.00000011, 0.00000007, 0.00000008, -0.00000005, -0.00000026, -0.00000051, -0.00000075, -0.00000094, -0.00000107, -0.00000116, -0.00000117, -0.00000094, 0.00000000
0.00066263, 0.00024259, 0.00003453, -0.00010437, -0.00019842, -0.00026292, -0.00032188, -0.00036944, -0.00040234, -0.00042523, -0.00044362, -0.00046013, -0.00047483, -0.00048680, -0.00049530, -0.00050017, -0.00050185, -0.00050105, -0.00049853, -0.00047935, -0.00045056, -0.00040862, -0.00035666, -0.00030141, -0.00024697, -0.00019424, -0.00014311, -0.00009415, -0.00004880, -0.00000891, 0.00002404, 0.00004929, 0.00006689, 0.00007755, 0.00008236, 0.00008250, 0.00007910, 0.00007315, 0.00006546, 0.00005689, 0.00004790, 0.00003896, 0.00003049, 0.00002289, 0.00001643, 0.00001127, 0.00000744, 0.00000484, 0.00000328, 0.00000246, 0.00000208, 0.00000185, 0.00000155, 0.00000107, 0.00000043, -0.00000027, -0.00000086, -0.00000119, -0.00000122, -0.00000104, -0.00000086, -0.00000089, -0.00000097, 0.00000000
-0.00016256, -0.00018343, -0.00019064, -0.00018972, -0.00018448, -0.00017640, -0.00016577, -0.00015367, -0.00014083, -0.00012751, -0.00011386, -0.00010007, -0.00008635, -0.00007291, -0.00005988, -0.00004736, -0.00003541, -0.00002404, -0.00001328, 0.00002523, 0.00005543, 0.00007744, 0.00009209, 0.00010041, 0.00010335, 0.00010172, 0.00009635, 0.00008810, 0.00007785, 0.00006647, 0.00005471, 0.00004319, 0.00003239, 0.00002263, 0.00001412, 0.00000696, 0.00000116, -0.00000332, -0.00000657, -0.00000853, -0.00000947, -0.00000962, -0.00000914, -0.00000823, -0.00000707, -0.00000583, -0.00000463, -0.00000356, -0.00000267, -0.00000196, -0.00000141, -0.00000101, -0.00000072, -0.00000052, -0.00000041, -0.00000039, -0.00000045, -0.00000061, -0.00000084, -0.00000109, -0.00000128, -0.00000128, -0.00000091, 0.00000000
-0.00033932, -0.00029555, -0.00025950, -0.00022073, -0.00018071, -0.00013979, -0.00009618, -0.00005187, -0.00000819, 0.00003488, 0.00007760, 0.00011993, 0.00016160, 0.00020225, 0.00024158, 0.00027946, 0.00031583, 0.00035068, 0.00038405, 0.00050451, 0.00060253, 0.00067721, 0.00072949, 0.00076121, 0.00077415, 0.00076998, 0.00075052, 0.00071797, 0.00067483, 0.00062375, 0.00056733, 0.00050799, 0.00044785, 0.00038873, 0.00033213, 0.00027921, 0.00023082, 0.00018753, 0.00014964, 0.00011738, 0.00009046, 0.00006847, 0.00005092, 0.00003724, 0.00002680, 0.00001899, 0.00001324, 0.00000906, 0.00000606, 0.00000393, 0.00000246, 0.00000147, 0.00000084, 0.00000045, 0.00000022, 0.00000005, -0.00000014, -0.00000040, -0.00000073, -0.00000108, -0.00000134, -0.00000135, -0.00000093, 0.00000000
-0.00026172, -0.00022351, -0.00019357, -0.00016683, -0.00014059, -0.00011446, -0.00008942, -0.00006487, -0.00004052, -0.00001665, 0.00000638, 0.00002843, 0.00004949, 0.00006962, 0.00008889, 0.00010729, 0.00012481, 0.00014141, 0.00015703, 0.00021107, 0.00025165, 0.00028073, 0.00029976, 0.00030975, 0.00031181, 0.00030713, 0.00029693, 0.00028229, 0.00026416, 0.00024337, 0.00022070, 0.00019693, 0.00017279, 0.00014896, 0.00012607, 0.00010463, 0.00008503, 0.00006755, 0.00005234, 0.00003963, 0.00002923, 0.00002094, 0.00001455, 0.00000981, 0.00000643, 0.00000412, 0.00000262, 0.00000169, 0.00000114, 0.00000082, 0.00000064, 0.00000052, 0.00000040, 0.00000027, 0.00000011, -0.00000008, -0.00000031, -0.00000056, -0.00000083, -0.00000108, -0.00000126, -0.00000127, -0.00000094, 0.00000000
-0.00032827, -0.00028339, -0.00024913, -0.00021681, -0.00018589, -0.00015602, -0.00012592, -0.00009644, -0.00006815, -0.00004099, -0.00001476, 0.00001058, 0.00003493, 0.00005816, 0.00008014, 0.00010083, 0.00012024, 0.00013838, 0.00015531, 0.00021321, 0.00025570, 0.00028407, 0.00030020, 0.00030611, 0.00030355, 0.00029397, 0.00027867, 0.00025894, 0.00023608, 0.00021133, 0.00018579, 0.00016043, 0.00013600, 0.00011309, 0.00009214, 0.00007341, 0.00005707, 0.00004314, 0.00003158, 0.00002245, 0.00001543, 0.00001022, 0.00000653, 0.00000406, 0.00000251, 0.00000159, 0.00000109, 0.00000081, 0.00000064, 0.00000052, 0.00000042, 0.00000032, 0.00000024, 0.00000016, 0.00000007, -0.00000005, -0.00000022, -0.00000046, -0.00000076, -0.00000108, -0.00000131, -0.00000132, -0.00000094, 0.00000000
0.00033278, 0.00023888, 0.00019452, 0.00016538, 0.00014733, 0.00013665, 0.00012617, 0.00011825, 0.00011418, 0.00011250, 0.00011146, 0.00011023, 0.00010886, 0.00010767, 0.00010694, 0.00010675, 0.00010698, 0.00010741, 0.00010781, 0.00010791, 0.00010465, 0.00010064, 0.00009615, 0.00009013, 0.00008229, 0.00007324, 0.00006384, 0.00005467, 0.00004592, 0.00003757, 0.00002960, 0.00002207, 0.00001516, 0.00000909, 0.00000404, 0.00000010, -0.00000275, -0.00000461, -0.00000567, -0.00000593, -0.00000571, -0.00000524, -0.00000461, -0.00000392, -0.00000320, -0.00000249, -0.00000182, -0.00000119, -0.00000062, -0.00000015, 0.00000021, 0.00000042, 0.00000048, 0.00000038, 0.00000016, -0.00000014, -0.00000045, -0.00000072, -0.00000093, -0.00000106, -0.00000115, -0.00000117, -0.00000095, 0.00000000
-0.00074971, -0.00052930, -0.00041055, -0.00031993, -0.00024770, -0.00018726, -0.00012642, -0.00006965, -0.00001963, 0.00002564, 0.00006875, 0.00011079, 0.00015146, 0.00019002, 0.00022587, 0.00025879, 0.00028891, 0.00031657, 0.00034212, 0.00042942, 0.00049370, 0.00053335, 0.00055126, 0.00055255, 0.00054094, 0.00051844, 0.00048658, 0.00044731, 0.00040310, 0.00035655, 0.00030997, 0.00026515, 0.00022327, 0.00018502, 0.00015072, 0.00012047, 0.00009425, 0.00007198, 0.00005351, 0.00003882, 0.00002747, 0.00001903, 0.00001303, 0.00000896, 0.00000631, 0.00000459, 0.00000342, 0.00000254, 0.00000178, 0.00000111, 0.00000055, 0.00000013, -0.00000010, -0.00000014, -0.00000005, 0.00000005, 0.00000006, -0.00000014, -0.00000056, -0.00000110, -0.00000151, -0.00000151, -0.00000091, 0.00000000
-0.00037560, -0.00033200, -0.00030232, -0.00027425, -0.00024772, -0.00022227, -0.00019569, -0.00016948, -0.00014460, -0.00012080, -0.00009763, -0.00007493, -0.00005286, -0.00003166, -0.00001152, 0.00000747, 0.00002531, 0.00004205, 0.00005777, 0.00011302, 0.00015592, 0.00018671, 0.00020673, 0.00021785, 0.00022155, 0.00021891, 0.00021089, 0.00019854, 0.00018301, 0.00016546, 0.00014694, 0.00012831, 0.00011022, 0.00009314, 0.00007739, 0.00006315, 0.00005052, 0.00003955, 0.00003024, 0.00002270, 0.00001673, 0.00001211, 0.00000867, 0.00000620, 0.00000448, 0.00000330, 0.00000248, 0.00000188, 0.00000141, 0.00000103, 0.00000072, 0.00000048, 0.00000030, 0.00000017, 0.00000007, -0.00000004, -0.00000020, -0.00000044, -0.00000075, -0.00000108, -0.00000133, -0.00000133, -0.00000093, 0.00000000
-0.00033087, -0.00036066, -0.00037420, -0.00037966, -0.00037991, -0.00037640, -0.00037046, -0.00036255, -0.00035305, -0.00034246, -0.00033118, -0.00031954, -0.00030772, -0.00029585, -0.00028402, -0.00027232, -0.00026083, -0.00024962, -0.00023875, -0.00019783, -0.00016241, -0.00013232, -0.00010716, -0.00008647, -0.00006975, -0.00005641, -0.00004584, -0.00003749, -0.00003087, -0.00002561, -0.00002140, -0.00001799, -0.00001522, -0.00001295, -0.00001108, -0.00000956, -0.00000832, -0.00000732, -0.00000651, -0.00000566, -0.00000486, -0.00000411, -0.00000339, -0.00000271, -0.00000206, -0.00000149, -0.00000100, -0.00000062, -0.00000032, -0.00000012, 0.00000000, 0.00000007, 0.00000008, 0.00000004, -0.00000004, -0.00000017, -0.00000035, -0.00000058, -0.00000083, -0.00000108, -0.00000126, -0.00000126, -0.00000092, 0.00000000
-0.00043639, -0.00032370, -0.00025561, -0.00019854, -0.00014875, -0.00010361, -0.00005780, -0.00001370, 0.00002718, 0.00006557, 0.00010250, 0.00013835, 0.00017290, 0.00020573, 0.00023651, 0.00026512, 0.00029159, 0.00031606, 0.00033869, 0.00041453, 0.00046732, 0.00049741, 0.00050756, 0.00050168, 0.00048305, 0.00045418, 0.00041734, 0.00037497, 0.00032961, 0.00028368, 0.00023923, 0.00019781, 0.00016039, 0.00012748, 0.00009920, 0.00007543, 0.00005586, 0.00004012, 0.00002777, 0.00001855, 0.00001188, 0.00000727, 0.00000428, 0.00000248, 0.00000150, 0.00000101, 0.00000076, 0.00000060, 0.00000044, 0.00000026, 0.00000009, -0.00000005, -0.00000013, -0.00000015, -0.00000012, -0.00000012, -0.00000019, -0.00000039, -0.00000071, -0.00000109, -0.00000137, -0.00000137, -0.00000090, 0.00000000
0.00019086, 0.00007655, 0.00002255, -0.00001218, -0.00003380, -0.00004673, -0.00005869, -0.00006748, -0.00007195, -0.00007363, -0.00007439, -0.00007509, -0.00007578, -0.00007613, -0.00007588, -0.00007498, -0.00007355, -0.00007183, -0.00007006, -0.00006382, -0.00006022, -0.00005690, -0.00005370, -0.00005177, -0.00005142, -0.00005198, -0.00005254, -0.00005249, -0.00005163, -0.00005005, -0.00004790, -0.00004531, -0.00004234, -0.00003900, -0.00003531, -0.00003136, -0.00002727, -0.00002322, -0.00001937, -0.00001570, -0.00001243, -0.00000967, -0.00000740, -0.00000557, -0.00000412, -0.00000295, -0.00000200, -0.00000123, -0.00000059, -0.00000009, 0.00000028, 0.00000049, 0.00000054, 0.00000043, 0.00000020, -0.00000011, -0.00000044, -0.00000072, -0.00000093, -0.00000107, -0.00000115, -0.00000117, -0.00000096, 0.00000000
0.00011697, 0.00009541, 0.00009068, 0.00009213, 0.00009793, 0.00010649, 0.00011532, 0.00012499, 0.00013571, 0.00014686, 0.00015779, 0.00016817, 0.00017794, 0.00018719, 0.00019599, 0.00020433, 0.00021217, 0.00021945, 0.00022608, 0.00024703, 0.00025887, 0.00026353, 0.00026221, 0.00025557, 0.00024439, 0.00022967, 0.00021237, 0.00019334, 0.00017324, 0.00015265, 0.00013207, 0.00011203, 0.00009299, 0.00007537, 0.00005950, 0.00004560, 0.00003375, 0.00002393, 0.00001605, 0.00001011, 0.00000577, 0.00000274, 0.00000078, -0.00000034, -0.00000087, -0.00000099, -0.00000087, -0.00000064, -0.00000038, -0.00000015, 0.00000002, 0.00000013, 0.00000016, 0.00000011, 0.00000000, -0.00000016, -0.00000037, -0.00000060, -0.00000085, -0.00000107, -0.00000124, -0.00000125, -0.00000093, 0.00000000
0.00033972, 0.00022279, 0.00018336, 0.00017908, 0.00019402, 0.00022104, 0.00025529, 0.00029472, 0.00033786, 0.00038328, 0.00042982, 0.00047666, 0.00052330, 0.00056940, 0.00061469, 0.00065894, 0.00070193, 0.00074343, 0.00078327, 0.00092498, 0.00103451, 0.00111074, 0.00115433, 0.00116706, 0.00115175, 0.00111211, 0.00105243, 0.00097732, 0.00089138, 0.00079905, 0.00070436, 0.00061080, 0.00052121, 0.00043777, 0.00036195, 0.00029460, 0.00023604, 0.00018612, 0.00014439, 0.00011033, 0.00008298, 0.00006141, 0.00004472, 0.00003205, 0.00002261, 0.00001569, 0.00001071, 0.00000717, 0.00000470, 0.00000301, 0.00000188, 0.00000113, 0.00000064, 0.00000032, 0.00000008, -0.00000012, -0.00000033, -0.00000057, -0.00000083, -0.00000108, -0.00000126, -0.00000126, -0.00000091, 0.00000000
-0.00016645, -0.00024210, -0.00028163, -0.00030706, -0.00032238, -0.00033050, -0.00033593, -0.00033795, -0.00033631, -0.00033211, -0.00032657, -0.00032036, -0.00031364, -0.00030640, -0.00029860, -0.00029030, -0.00028164, -0.00027280, -0.00026395, -0.00022922, -0.00019754, -0.00016835, -0.00014182, -0.00011864, -0.00009897, -0.00008241, -0.00006836, -0.00005636, -0.00004616, -0.00003762, -0.00003065, -0.00002511, -0.00002078, -0.00001746, -0.00001490, -0.00001290, -0.00001133, -0.00001006, -0.00000903, -0.00000802, -0.00000707, -0.00000622, -0.00000542, -0.00000466, -0.00000393, -0.00000323, -0.00000257, -0.00000196, -0.00000142, -0.00000096, -0.00000060, -0.00000034, -0.00000020, -0.00000016, -0.00000023, -0.00000036, -0.00000055, -0.00000074, -0.00000092, -0.00000108, -0.00000119, -0.00000118, -0.00000091, 0.00000000
0.00005059, -0.00000019, -0.00000979, 0.00000118, 0.00002338, 0.00005265, 0.00008670, 0.00012376, 0.00016261, 0.00020241, 0.00024255, 0.00028256, 0.00032205, 0.00036074, 0.00039840, 0.00043486, 0.00046998, 0.00050367, 0.00053582, 0.00064953, 0.00073717, 0.00079860, 0.00083511, 0.00084868, 0.00084174, 0.00081704, 0.00077762, 0.00072664, 0.00066731, 0.00060270, 0.00053560, 0.00046849, 0.00040342, 0.00034197, 0.00028535, 0.00023430, 0.00018924, 0.00015027, 0.00011722, 0.00008996, 0.00006786, 0.00005030, 0.00003666, 0.00002629, 0.00001859, 0.00001297, 0.00000894, 0.00000609, 0.00000410, 0.00000272, 0.00000178, 0.00000114, 0.00000071, 0.00000041, 0.00000019, -0.00000001, -0.00000023, -0.00000049, -0.00000078, -0.00000108, -0.00000129, -0.00000130, -0.00000094, 0.00000000
0.00032736, 0.00017563, 0.00010317, 0.00005554, 0.00002524, 0.00000652, -0.00001107, -0.00002438, -0.00003171, -0.00003515, -0.00003721, -0.00003908, -0.00004076, -0.00004180, -0.00004184, -0.00004080, -0.00003887, -0.00003636, -0.00003361, -0.00002292, -0.00001458, -0.00000588, 0.00000282, 0.00000944, 0.00001315, 0.00001451, 0.00001455, 0.00001393, 0.00001286, 0.00001125, 0.00000902, 0.00000626, 0.00000322, 0.00000022, -0.00000241, -0.00000446, -0.00000584, -0.00000659, -0.00000683, -0.00000654, -0.00000600, -0.00000537, -0.00000472, -0.00000408, -0.00000345, -0.00000282, -0.00000218, -0.00000153, -0.00000090, -0.00000032, 0.00000013, 0.00000043, 0.00000052, 0.00000042, 0.00000016, -0.00000019, -0.00000054, -0.00000082, -0.00000099, -0.00000106, -0.00000110, -0.00000112, -0.00000096, 0.00000000
0.00033347, 0.00020010, 0.00014685, 0.00011682, 0.00010353, 0.00010119, 0.00009828, 0.00009870, 0.00010461, 0.00011377, 0.00012344, 0.00013239, 0.00014069, 0.00014895, 0.00015763, 0.00016687, 0.00017648, 0.00018612, 0.00019543, 0.00022668, 0.00024746, 0.00026213, 0.00027121, 0.00027312, 0.00026763, 0.00025613, 0.00024049, 0.00022213, 0.00020192, 0.00018037, 0.00015796, 0.00013531, 0.00011314, 0.00009223, 0.00007322, 0.00005656, 0.00004244, 0.00003084, 0.00002155, 0.00001445, 0.00000909, 0.00000512, 0.00000226, 0.00000031, -0.00000090, -0.00000153, -0.00000170, -0.00000153, -0.00000114, -0.00000066, -0.00000020, 0.00000013, 0.00000028, 0.00000021, -0.00000002, -0.00000035, -0.00000068, -0.00000093, -0.00000104, -0.00000106, -0.00000105, -0.00000106, -0.00000093, 0.00000000
-0.00016067, -0.00030554, -0.00036844, -0.00040309, -0.00041873, -0.00042168, -0.00042176, -0.00041699, -0.00040636, -0.00039191, -0.00037597, -0.00035969, -0.00034319, -0.00032618, -0.00030841, -0.00028987, -0.00027076, -0.00025139, -0.00023208, -0.00015790, -0.00009086, -0.00002903, 0.00002704, 0.00007535, 0.00011498, 0.00014631, 0.00017016, 0.00018718, 0.00019766, 0.00020182, 0.00020000, 0.00019285, 0.00018128, 0.00016638, 0.00014932, 0.00013116, 0.00011282, 0.00009504, 0.00007836, 0.00006334, 0.00005008, 0.00003864, 0.00002904, 0.00002122, 0.00001507, 0.00001041, 0.00000703, 0.00000471, 0.00000320, 0.00000227, 0.00000171, 0.00000134, 0.00000102, 0.00000068, 0.00000029, -0.00000011, -0.00000048, -0.00000077, -0.00000096, -0.00000106, -0.00000112, -0.00000114, -0.00000096, 0.00000000
-0.00028636, -0.00025802, -0.00024254, -0.00022889, -0.00021452, -0.00019894, -0.00018216, -0.00016441, -0.00014598, -0.00012714, -0.00010813, -0.00008915, -0.00007037, -0.00005192, -0.00003389, -0.00001637, 0.00000057, 0.00001690, 0.00003255, 0.00008950, 0.00013614, 0.00017266, 0.00019970, 0.00021801, 0.00022845, 0.00023190, 0.00022933, 0.00022170, 0.00021003, 0.00019526, 0.00017831, 0.00016001, 0.00014114, 0.00012233, 0.00010414, 0.00008701, 0.00007128, 0.00005717, 0.00004483, 0.00003449, 0.00002599, 0.00001917, 0.00001386, 0.00000987, 0.00000696, 0.00000491, 0.00000348, 0.00000251, 0.00000185, 0.00000139, 0.00000106, 0.00000081, 0.00000061, 0.00000042, 0.00000024, 0.00000004, -0.00000020, -0.00000048, -0.00000078, -0.00000108, -0.00000129, -0.00000131, -0.00000096, 0.00000000
0.00056169, 0.00022069, 0.00011906, 0.00008518, 0.00009475, 0.00013026, 0.00016077, 0.00019612, 0.00024196, 0.00029276, 0.00034173, 0.00038597, 0.00042600, 0.00046358, 0.00050011, 0.00053609, 0.00057121, 0.00060473, 0.00063582, 0.00072863, 0.00077426, 0.00078896, 0.00077862, 0.00074359, 0.00068749, 0.00061769, 0.00054201, 0.00046635, 0.00039417, 0.00032714, 0.00026610, 0.00021159, 0.00016412, 0.00012405, 0.00009145, 0.00006596, 0.00004684, 0.00003300, 0.00002322, 0.00001651, 0.00001174, 0.00000814, 0.00000527, 0.00000293, 0.00000109, -0.00000019, -0.00000088, -0.00000099, -0.00000062, 0.00000003, 0.00000072, 0.00000121, 0.00000132, 0.00000100, 0.00000034, -0.00000047, -0.00000115, -0.00000149, -0.00000141, -0.00000104, -0.00000070, -0.00000072, -0.00000097, 0.00000000
0.00043671, 0.00015947, 0.00002936, -0.00005500, -0.00010980, -0.00014549, -0.00017920, -0.00020619, -0.00022382, -0.00023532, -0.00024462, -0.00025351, -0.00026194, -0.00026916, -0.00027457, -0.00027802, -0.00027977, -0.00028031, -0.00028017, -0.00027758, -0.00027399, -0.00026517, -0.00025200, -0.00023808, -0.00022513, -0.00021261, -0.00019935, -0.00018478, -0.00016914, -0.00015314, -0.00013748, -0.00012260, -0.00010863, -0.00009548, -0.00008303, -0.00007120, -0.00006003, -0.00004966, -0.00004031, -0.00003197, -0.00002488, -0.00001911, -0.00001456, -0.00001105, -0.00000836, -0.00000627, -0.00000458, -0.00000317, -0.00000195, -0.00000092, -0.00000012, 0.00000040, 0.00000060, 0.00000050, 0.00000016, -0.00000030, -0.00000073, -0.00000102, -0.00000112, -0.00000106, -0.00000098, -0.00000100, -0.00000096, 0.00000000
-0.00141612, -0.00103783, -0.00084042, -0.00069592, -0.00058621, -0.00049894, -0.00041213, -0.00033304, -0.00026591, -0.00020690, -0.00015120, -0.00009673, -0.00004384, 0.00000626, 0.00005258, 0.00009481, 0.00013321, 0.00016839, 0.00020098, 0.00031525, 0.00040531, 0.00046705, 0.00050377, 0.00052249, 0.00052765, 0.00052070, 0.00050225, 0.00047370, 0.00043750, 0.00039657, 0.00035358, 0.00031063, 0.00026908, 0.00022974, 0.00019306, 0.00015934, 0.00012885, 0.00010182, 0.00007848, 0.00005910, 0.00004352, 0.00003146, 0.00002250, 0.00001609, 0.00001163, 0.00000850, 0.00000622, 0.00000441, 0.00000288, 0.00000157, 0.00000050, -0.00000023, -0.00000059, -0.00000058, -0.00000032, 0.00000001, 0.00000020, 0.00000007, -0.00000042, -0.00000111, -0.00000165, -0.00000163, -0.00000086, 0.00000000
-0.00133475, -0.00107854, -0.00094902, -0.00085151, -0.00077600, -0.00071418, -0.00064862, -0.00058648, -0.00053199, -0.00048232, -0.00043370, -0.00038468, -0.00033580, -0.00028830, -0.00024316, -0.00020076, -0.00016098, -0.00012340, -0.00008754, 0.00004589, 0.00016175, 0.00025393, 0.00032352, 0.00037529, 0.00041208, 0.00043442, 0.00044244, 0.00043716, 0.00042071, 0.00039582, 0.00036516, 0.00033099, 0.00029503, 0.00025858, 0.00022262, 0.00018800, 0.00015546, 0.00012567, 0.00009920, 0.00007658, 0.00005784, 0.00004285, 0.00003128, 0.00002264, 0.00001634, 0.00001177, 0.00000841, 0.00000584, 0.00000382, 0.00000220, 0.00000097, 0.00000013, -0.00000031, -0.00000039, -0.00000021, 0.00000004, 0.00000016, 0.00000001, -0.00000046, -0.00000111, -0.00000161, -0.00000160, -0.00000088, 0.00000000
-0.00101716, -0.00083975, -0.00074157, -0.00066468, -0.00060161, -0.00054724, -0.00049185, -0.00043924, -0.00039171, -0.00034776, -0.00030535, -0.00026367, -0.00022302, -0.00018405, -0.00014729, -0.00011294, -0.00008093, -0.00005101, -0.00002291, 0.00007650, 0.00015559, 0.00021322, 0.00025188, 0.00027583, 0.00028814, 0.00029046, 0.00028397, 0.00027017, 0.00025092, 0.00022817, 0.00020367, 0.00017880, 0.00015448, 0.00013133, 0.00010971, 0.00008986, 0.00007198, 0.00005621, 0.00004267, 0.00003155, 0.00002271, 0.00001593, 0.00001097, 0.00000751, 0.00000519, 0.00000366, 0.00000261, 0.00000183, 0.00000119, 0.00000064, 0.00000020, -0.00000011, -0.00000027, -0.00000029, -0.00000020, -0.00000011, -0.00000011, -0.00000028, -0.00000064, -0.00000109, -0.00000144, -0.00000143, -0.00000089, 0.00000000
-0.00068473, -0.00045768, -0.00033301, -0.00023779, -0.00016192, -0.00009868, -0.00003607, 0.00002179, 0.00007244, 0.00011790, 0.00016076, 0.00020214, 0.00024182, 0.00027911, 0.00031347, 0.00034474, 0.00037305, 0.00039876, 0.00042223, 0.00050011, 0.00055382, 0.00058247, 0.00058936, 0.00057987, 0.00055798, 0.00052596, 0.00048563, 0.00043914, 0.00038911, 0.00033821, 0.00028873, 0.00024239, 0.00020022, 0.00016271, 0.00012995, 0.00010180, 0.00007802, 0.00005831, 0.00004235, 0.00002999, 0.00002070, 0.00001400, 0.00000941, 0.00000644, 0.00000461, 0.00000349, 0.00000274, 0.00000214, 0.00000158, 0.00000103, 0.00000054, 0.00000016, -0.00000005, -0.00000009, -0.00000002, 0.00000007, 0.00000006, -0.00000015, -0.00000057, -0.00000110, -0.00000150, -0.00000150, -0.00000092, 0.00000000
-0.00017694, -0.00015102, -0.00012737, -0.00010348, -0.00007900, -0.00005415, -0.00002928, -0.00000454, 0.00001989, 0.00004379, 0.00006695, 0.00008927, 0.00011066, 0.00013108, 0.00015050, 0.00016887, 0.00018618, 0.00020240, 0.00021751, 0.00026851, 0.00030448, 0.00032699, 0.00033766, 0.00033805, 0.00032973, 0.00031429, 0.00029332, 0.00026837, 0.00024091, 0.00021229, 0.00018368, 0.00015605, 0.00013017, 0.00010657, 0.00008559, 0.00006736, 0.00005188, 0.00003901, 0.00002856, 0.00002044, 0.00001426, 0.00000967, 0.00000639, 0.00000414, 0.00000267, 0.00000174, 0.00000118, 0.00000084, 0.00000063, 0.00000049, 0.00000038, 0.00000029, 0.00000021, 0.00000012, 0.00000000, -0.00000014, -0.00000033, -0.00000056, -0.00000082, -0.00000108, -0.00000126, -0.00000127, -0.00000092, 0.00000000
0.00030341, 0.00008072, -0.00002003, -0.00008000, -0.00011411, -0.00013146, -0.00014549, -0.00015339, -0.00015369, -0.00014910, -0.00014273, -0.00013609, -0.00012928, -0.00012183, -0.00011339, -0.00010388, -0.00009356, -0.00008281, -0.00007205, -0.00003239, -0.00000042, 0.00002706, 0.00004995, 0.00006633, 0.00007575, 0.00007950, 0.00007938, 0.00007676, 0.00007237, 0.00006657, 0.00005963, 0.00005190, 0.00004386, 0.00003602, 0.00002881, 0.00002255, 0.00001735, 0.00001317, 0.00000987, 0.00000744, 0.00000557, 0.00000407, 0.00000285, 0.00000188, 0.00000114, 0.00000065, 0.00000039, 0.00000035, 0.00000046, 0.00000066, 0.00000085, 0.00000095, 0.00000090, 0.00000068, 0.00000031, -0.00000012, -0.00000053, -0.00000084, -0.00000101, -0.00000106, -0.00000107, -0.00000109, -0.00000096, 0.00000000
0.00024341, 0.00010575, 0.00004948, 0.00001980, 0.00000805, 0.00000800, 0.00000933, 0.00001465, 0.00002530, 0.00003917, 0.00005381, 0.00006803, 0.00008181, 0.00009552, 0.00010949, 0.00012378, 0.00013820, 0.00015245, 0.00016618, 0.00021383, 0.00024842, 0.00027339, 0.00028938, 0.00029554, 0.00029224, 0.00028124, 0.00026471, 0.00024447, 0.00022183, 0.00019771, 0.00017292, 0.00014824, 0.00012446, 0.00010231, 0.00008236, 0.00006494, 0.00005016, 0.00003795, 0.00002806, 0.00002039, 0.00001447, 0.00000995, 0.00000657, 0.00000411, 0.00000240, 0.00000129, 0.00000066, 0.00000039, 0.00000037, 0.00000048, 0.00000063, 0.00000071, 0.00000068, 0.00000050, 0.00000021, -0.00000016, -0.00000051, -0.00000080, -0.00000098, -0.00000107, -0.00000111, -0.00000113, -0.00000096, 0.00000000
0.00020275, -0.00002541, -0.00012647, -0.00018911, -0.00022587, -0.00024581, -0.00026498, -0.00027856, -0.00028392, -0.00028411, -0.00028281, -0.00028172, -0.00028074, -0.00027910, -0.00027621, -0.00027189, -0.00026641, -0.00026020, -0.00025377, -0.00022999, -0.00021063, -0.00019056, -0.00016981, -0.00015119, -0.00013579, -0.00012265, -0.00011028, -0.00009788, -0.00008549, -0.00007362, -0.00006282, -0.00005338, -0.00004529, -0.00003831, -0.00003216, -0.00002662, -0.00002158, -0.00001705, -0.00001311, -0.00000969, -0.00000696, -0.00000495, -0.00000358, -0.00000270, -0.00000213, -0.00000171, -0.00000131, -0.00000086, -0.00000036, 0.00000016, 0.00000059, 0.00000086, 0.00000090, 0.00000069, 0.00000028, -0.00000021, -0.00000068, -0.00000099, -0.00000110, -0.00000106, -0.00000099, -0.00000101, -0.00000097, 0.00000000
0.00017051, -0.00006582, -0.00016952, -0.00022859, -0.00025931, -0.00027170, -0.00028024, -0.00028203, -0.00027553, -0.00026367, -0.00024975, -0.00023533, -0.00022054, -0.00020488, -0.00018798, -0.00016980, -0.00015061, -0.00013086, -0.00011101, -0.00003467, 0.00003391, 0.00009730, 0.00015434, 0.00020186, 0.00023840, 0.00026447, 0.00028132, 0.00028994, 0.00029091, 0.00028466, 0.00027186, 0.00025352, 0.00023098, 0.00020580, 0.00017947, 0.00015333, 0.00012839, 0.00010539, 0.00008474, 0.00006683, 0.00005154, 0.00003877, 0.00002834, 0.00002006, 0.00001371, 0.00000904, 0.00000578, 0.00000366, 0.00000239, 0.00000170, 0.00000136, 0.00000114, 0.00000092, 0.00000060, 0.00000020, -0.00000025, -0.00000065, -0.00000092, -0.00000104, -0.00000105, -0.00000103, -0.00000105, -0.00000094, 0.00000000
-0.00080187, -0.00071918, -0.00067264, -0.00063412, -0.00060076, -0.00057038, -0.00053820, -0.00050656, -0.00047691, -0.00044861, -0.00042076, -0.00039305, -0.00036573, -0.00033923, -0.00031389, -0.00028986, -0.00026712, -0.00024558, -0.00022510, -0.00015066, -0.00008872, -0.00004004, -0.00000319, 0.00002430, 0.00004422, 0.00005765, 0.00006538, 0.00006834, 0.00006763, 0.00006434, 0.00005943, 0.00005363, 0.00004742, 0.00004108, 0.00003482, 0.00002878, 0.00002308, 0.00001786, 0.00001323, 0.00000949, 0.00000656, 0.00000439, 0.00000289, 0.00000197, 0.00000145, 0.00000119, 0.00000104, 0.00000090, 0.00000074, 0.00000055, 0.00000035, 0.00000019, 0.00000007, 0.00000002, -0.00000000, -0.00000004, -0.00000015, -0.00000037, -0.00000070, -0.00000109, -0.00000137, -0.00000138, -0.00000092, 0.00000000
-0.00074299, -0.00062517, -0.00055532, -0.00049653, -0.00044463, -0.00039690, -0.00034745, -0.00029904, -0.00025338, -0.00020965, -0.00016669, -0.00012407, -0.00008207, -0.00004119, -0.00000183, 0.00003582, 0.00007176, 0.00010611, 0.00013899, 0.00025913, 0.00035973, 0.00043870, 0.00049676, 0.00053613, 0.00055856, 0.00056523, 0.00055741, 0.00053687, 0.00050594, 0.00046721, 0.00042329, 0.00037656, 0.00032905, 0.00028242, 0.00023800, 0.00019679, 0.00015949, 0.00012658, 0.00009826, 0.00007473, 0.00005565, 0.00004061, 0.00002910, 0.00002056, 0.00001439, 0.00001000, 0.00000692, 0.00000473, 0.00000316, 0.00000201, 0.00000119, 0.00000063, 0.00000029, 0.00000012, 0.00000006, 0.00000002, -0.00000008, -0.00000030, -0.00000066, -0.00000108, -0.00000141, -0.00000141, -0.00000092, 0.00000000
-0.00017721, -0.00026882, -0.00031706, -0.00034977, -0.00037185, -0.00038644, -0.00039849, -0.00040701, -0.00041154, -0.00041324, -0.00041341, -0.00041278, -0.00041151, -0.00040956, -0.00040685, -0.00040342, -0.00039941, -0.00039501, -0.00039041, -0.00037081, -0.00035146, -0.00033176, -0.00031200, -0.00029305, -0.00027521, -0.00025809, -0.00024114, -0.00022396, -0.00020644, -0.00018868, -0.00017088, -0.00015327, -0.00013605, -0.00011941, -0.00010353, -0.00008861, -0.00007482, -0.00006231, -0.00005118, -0.00004134, -0.00003287, -0.00002576, -0.00001989, -0.00001512, -0.00001131, -0.00000830, -0.00000596, -0.00000415, -0.00000278, -0.00000176, -0.00000103, -0.00000055, -0.00000028, -0.00000018, -0.00000021, -0.00000035, -0.00000054, -0.00000074, -0.00000092, -0.00000107, -0.00000117, -0.00000117, -0.00000091, 0.00000000
-0.00158660, -0.00125777, -0.00109020, -0.00096953, -0.00087870, -0.00080669, -0.00073452, -0.00066849, -0.00061231, -0.00056274, -0.00051570, -0.00046943, -0.00042428, -0.00038134, -0.00034147, -0.00030498, -0.00027166, -0.00024102, -0.00021250, -0.00011110, -0.00002868, 0.00003147, 0.00007242, 0.00010044, 0.00011945, 0.00013069, 0.00013454, 0.00013188, 0.00012436, 0.00011388, 0.00010214, 0.00009028, 0.00007887, 0.00006807, 0.00005784, 0.00004813, 0.00003896, 0.00003050, 0.00002294, 0.00001667, 0.00001173, 0.00000809, 0.00000562, 0.00000411, 0.00000325, 0.00000274, 0.00000233, 0.00000186, 0.00000129, 0.00000064, 0.00000004, -0.00000040, -0.00000060, -0.00000054, -0.00000030, -0.00000003, 0.00000011, -0.00000003, -0.00000049, -0.00000111, -0.00000160, -0.00000158, -0.00000087, 0.00000000
-0.00006680, -0.00028909, -0.00038372, -0.00043944, -0.00046776, -0.00047815, -0.00048800, -0.00049205, -0.00048743, -0.00047749, -0.00046622, -0.00045545, -0.00044503, -0.00043412, -0.00042205, -0.00040862, -0.00039411, -0.00037899, -0.00036381, -0.00030689, -0.00025714, -0.00020879, -0.00016202, -0.00012021, -0.00008490, -0.00005533, -0.00003014, -0.00000855, 0.00000939, 0.00002329, 0.00003288, 0.00003831, 0.00004015, 0.00003926, 0.00003653, 0.00003279, 0.00002862, 0.00002440, 0.00002032, 0.00001663, 0.00001325, 0.00001014, 0.00000735, 0.00000496, 0.00000303, 0.00000161, 0.00000071, 0.00000029, 0.00000024, 0.00000043, 0.00000069, 0.00000086, 0.00000085, 0.00000062, 0.00000019, -0.00000032, -0.00000078, -0.00000107, -0.00000114, -0.00000105, -0.00000095, -0.00000097, -0.00000095, 0.00000000
-0.00076636, -0.00063565, -0.00055893, -0.00049621, -0.00044151, -0.00039156, -0.00034070, -0.00029119, -0.00024449, -0.00019983, -0.00015612, -0.00011298, -0.00007063, -0.00002951, 0.00001004, 0.00004786, 0.00008396, 0.00011843, 0.00015141, 0.00027165, 0.00037251, 0.00045290, 0.00051397, 0.00055791, 0.00058631, 0.00060010, 0.00060015, 0.00058769, 0.00056441, 0.00053228, 0.00049333, 0.00044959, 0.00040289, 0.00035495, 0.00030728, 0.00026120, 0.00021784, 0.00017809, 0.00014259, 0.00011189, 0.00008599, 0.00006470, 0.00004769, 0.00003447, 0.00002446, 0.00001704, 0.00001164, 0.00000776, 0.00000500, 0.00000307, 0.00000174, 0.00000087, 0.00000035, 0.00000008, -0.00000003, -0.00000009, -0.00000019, -0.00000039, -0.00000071, -0.00000108, -0.00000137, -0.00000136, -0.00000090, 0.00000000
0.00029275, 0.00014895, 0.00008628, 0.00005007, 0.00003109, 0.00002329, 0.00001713, 0.00001496, 0.00001797, 0.00002421, 0.00003142, 0.00003851, 0.00004542, 0.00005250, 0.00006003, 0.00006805, 0.00007638, 0.00008475, 0.00009286, 0.00012069, 0.00013970, 0.00015268, 0.00015993, 0.00016040, 0.00015418, 0.00014265, 0.00012763, 0.00011064, 0.00009281, 0.00007495, 0.00005772, 0.00004174, 0.00002758, 0.00001567, 0.00000625, -0.00000068, -0.00000530, -0.00000798, -0.00000917, -0.00000914, -0.00000841, -0.00000735, -0.00000619, -0.00000506, -0.00000402, -0.00000310, -0.00000229, -0.00000158, -0.00000095, -0.00000043, -0.00000003, 0.00000022, 0.00000031, 0.00000023, 0.00000002, -0.00000027, -0.00000057, -0.00000082, -0.00000099, -0.00000107, -0.00000111, -0.00000111, -0.00000093, 0.00000000
-0.00087467, -0.00068970, -0.00058309, -0.00050243, -0.00043698, -0.00038125, -0.00032815, -0.00027919, -0.00023525, -0.00019511, -0.00015732, -0.00012123, -0.00008688, -0.00005455, -0.00002447, 0.00000332, 0.00002893, 0.00005257, 0.00007446, 0.00014910, 0.00020493, 0.00024327, 0.00026709, 0.00027996, 0.00028443, 0.00028194, 0.00027354, 0.00026027, 0.00024335, 0.00022398, 0.00020323, 0.00018194, 0.00016072, 0.00014001, 0.00012013, 0.00010135, 0.00008393, 0.00006809, 0.00005403, 0.00004204, 0.00003205, 0.00002396, 0.00001762, 0.00001280, 0.00000924, 0.00000664, 0.00000475, 0.00000335, 0.00000229, 0.00000148, 0.00000088, 0.00000045, 0.00000019, 0.00000006, 0.00000000, -0.00000004, -0.00000015, -0.00000036, -0.00000070, -0.00000109, -0.00000138, -0.00000138, -0.00000092, 0.00000000
0.00013579, 0.00010925, 0.00009934, 0.00009635, 0.00009801, 0.00010279, 0.00010851, 0.00011542, 0.00012361, 0.00013250, 0.00014147, 0.00015018, 0.00015850, 0.00016646, 0.00017409, 0.00018136, 0.00018823, 0.00019464, 0.00020052, 0.00021945, 0.00023041, 0.00023476, 0.00023348, 0.00022718, 0.00021657, 0.00020251, 0.00018592, 0.00016762, 0.00014831, 0.00012860, 0.00010902, 0.00009010, 0.00007227, 0.00005594, 0.00004140, 0.00002884, 0.00001833, 0.00000986, 0.00000330, -0.00000132, -0.00000436, -0.00000611, -0.00000683, -0.00000678, -0.00000621, -0.00000533, -0.00000433, -0.00000334, -0.00000244, -0.00000168, -0.00000109, -0.00000066, -0.00000039, -0.00000025, -0.00000022, -0.00000028, -0.00000042, -0.00000062, -0.00000085, -0.00000108, -0.00000125, -0.00000126, -0.00000094, 0.00000000
0.00020802, 0.00012336, 0.00012542, 0.00015028, 0.00018877, 0.00023439, 0.00027539, 0.00031566, 0.00035750, 0.00039885, 0.00043719, 0.00047147, 0.00050199, 0.00052953, 0.00055473, 0.00057790, 0.00059902, 0.00061791, 0.00063433, 0.00067535, 0.00068178, 0.00066481, 0.00063088, 0.00058342, 0.00052633, 0.00046433, 0.00040176, 0.00034180, 0.00028631, 0.00023617, 0.00019169, 0.00015293, 0.00011980, 0.00009212, 0.00006956, 0.00005165, 0.00003778, 0.00002728, 0.00001944, 0.00001379, 0.00000967, 0.00000663, 0.00000435, 0.00000266, 0.00000146, 0.00000065, 0.00000021, 0.00000005, 0.00000012, 0.00000031, 0.00000052, 0.00000065, 0.00000064, 0.00000046, 0.00000014, -0.00000026, -0.00000063, -0.00000091, -0.00000104, -0.00000106, -0.00000105, -0.00000106, -0.00000094, 0.00000000
-0.00050806, -0.00041114, -0.00035086, -0.00029784, -0.00024988, -0.00020519, -0.00015875, -0.00011317, -0.00007010, -0.00002886, 0.00001158, 0.00005158, 0.00009092, 0.00012914, 0.00016589, 0.00020100, 0.00023446, 0.00026638, 0.00029688, 0.00040775, 0.00049965, 0.00057083, 0.00062195, 0.00065495, 0.00067138, 0.00067228, 0.00065878, 0.00063250, 0.00059561, 0.00055060, 0.00050005, 0.00044635, 0.00039166, 0.00033780, 0.00028627, 0.00023825, 0.00019460, 0.00015588, 0.00012239, 0.00009436, 0.00007143, 0.00005315, 0.00003896, 0.00002824, 0.00002031, 0.00001454, 0.00001036, 0.00000733, 0.00000510, 0.00000345, 0.00000225, 0.00000139, 0.00000083, 0.00000049, 0.00000030, 0.00000017, 0.00000000, -0.00000026, -0.00000064, -0.00000107, -0.00000140, -0.00000142, -0.00000094, 0.00000000
0.00013137, 0.00000105, -0.00005000, -0.00007487, -0.00008250, -0.00007907, -0.00007402, -0.00006510, -0.00005120, -0.00003421, -0.00001634, 0.00000139, 0.00001894, 0.00003666, 0.00005481, 0.00007343, 0.00009233, 0.00011122, 0.00012979, 0.00019868, 0.00025677, 0.00030580, 0.00034507, 0.00037270, 0.00038805, 0.00039197, 0.00038594, 0.00037146, 0.00034990, 0.00032262, 0.00029110, 0.00025699, 0.00022194, 0.00018753, 0.00015508, 0.00012554, 0.00009951, 0.00007721, 0.00005858, 0.00004357, 0.00003167, 0.00002242, 0.00001540, 0.00001022, 0.00000651, 0.00000397, 0.00000233, 0.00000136, 0.00000086, 0.00000065, 0.00000060, 0.00000057, 0.00000050, 0.00000034, 0.00000009, -0.00000021, -0.00000052, -0.00000078, -0.00000096, -0.00000107, -0.00000113, -0.00000114, -0.00000094, 0.00000000
-0.00095860, -0.00065221, -0.00049180, -0.00038092, -0.00030189, -0.00024387, -0.00019131, -0.00014757, -0.00011438, -0.00008870, -0.00006707, -0.00004783, -0.00003091, -0.00001682, -0.00000592, 0.00000181, 0.00000673, 0.00000938, 0.00001031, 0.00000600, -0.00000617, -0.00002469, -0.00004509, -0.00006205, -0.00007305, -0.00007831, -0.00007917, -0.00007681, -0.00007198, -0.00006511, -0.00005669, -0.00004732, -0.00003775, -0.00002874, -0.00002091, -0.00001463, -0.00000999, -0.00000685, -0.00000490, -0.00000359, -0.00000268, -0.00000195, -0.00000126, -0.00000056, 0.00000009, 0.00000061, 0.00000091, 0.00000095, 0.00000077, 0.00000043, 0.00000007, -0.00000023, -0.00000037, -0.00000034, -0.00000019, -0.00000003, 0.00000002, -0.00000015, -0.00000056, -0.00000110, -0.00000151, -0.00000150, -0.00000089, 0.00000000
-0.00002904, 0.00015944, 0.00027358, 0.00037029, 0.00045333, 0.00052717, 0.00060204, 0.00067317, 0.00073770, 0.00079715, 0.00085359, 0.00090775, 0.00095916, 0.00100701, 0.00105067, 0.00108989, 0.00112478, 0.00115564, 0.00118277, 0.00126021, 0.00128997, 0.00127426, 0.00122081, 0.00113989, 0.00104034, 0.00092905, 0.00081188, 0.00069424, 0.00058104, 0.00047625, 0.00038265, 0.00030163, 0.00023344, 0.00017740, 0.00013229, 0.00009664, 0.00006896, 0.00004784, 0.00003207, 0.00002078, 0.00001296, 0.00000778, 0.00000459, 0.00000278, 0.00000186, 0.00000142, 0.00000117, 0.00000093, 0.00000063, 0.00000029, -0.00000005, -0.00000029, -0.00000040, -0.00000036, -0.00000022, -0.00000009, -0.00000007, -0.00000024, -0.00000063, -0.00000111, -0.00000148, -0.00000146, -0.00000089, 0.00000000
-0.00005116, -0.00010940, -0.00012735, -0.00013356, -0.00013049, -0.00012120, -0.00011225, -0.00010139, -0.00008745, -0.00007175, -0.00005593, -0.00004071, -0.00002607, -0.00001169, 0.00000267, 0.00001706, 0.00003135, 0.00004534, 0.00005879, 0.00010634, 0.00014318, 0.00017217, 0.00019394, 0.00020788, 0.00021419, 0.00021400, 0.00020874, 0.00019957, 0.00018731, 0.00017259, 0.00015601, 0.00013825, 0.00012004, 0.00010211, 0.00008509, 0.00006947, 0.00005554, 0.00004344, 0.00003316, 0.00002477, 0.00001800, 0.00001264, 0.00000849, 0.00000540, 0.00000319, 0.00000170, 0.00000078, 0.00000029, 0.00000010, 0.00000010, 0.00000017, 0.00000023, 0.00000022, 0.00000012, -0.00000008, -0.00000033, -0.00000058, -0.00000081, -0.00000097, -0.00000107, -0.00000113, -0.00000113, -0.00000092, 0.00000000
-0.00001900, -0.00005416, -0.00006250, -0.00006187, -0.00005486, -0.00004373, -0.00003233, -0.00001970, -0.00000537, 0.00000980, 0.00002485, 0.00003932, 0.00005318, 0.00006656, 0.00007958, 0.00009225, 0.00010450, 0.00011620, 0.00012724, 0.00016504, 0.00019225, 0.00021101, 0.00022231, 0.00022646, 0.00022412, 0.00021644, 0.00020466, 0.00018990, 0.00017303, 0.00015480, 0.00013591, 0.00011701, 0.00009871, 0.00008155, 0.00006594, 0.00005213, 0.00004025, 0.00003029, 0.00002214, 0.00001581, 0.00001098, 0.00000737, 0.00000477, 0.00000298, 0.00000182, 0.00000112, 0.00000075, 0.00000059, 0.00000055, 0.00000057, 0.00000058, 0.00000057, 0.00000050, 0.00000037, 0.00000017, -0.00000007, -0.00000034, -0.00000061, -0.00000086, -0.00000107, -0.00000121, -0.00000123, -0.00000095, 0.00000000
0.00158677, 0.00108132, 0.00085985, 0.00072116, 0.00063752, 0.00058876, 0.00053883, 0.00049942, 0.00047717, 0.00046553, 0.00045641, 0.00044628, 0.00043561, 0.00042633, 0.00041999, 0.00041707, 0.00041709, 0.00041904, 0.00042187, 0.00043045, 0.00043254, 0.00043882, 0.00044781, 0.00045161, 0.00044655, 0.00043400, 0.00041682, 0.00039676, 0.00037397, 0.00034787, 0.00031808, 0.00028503, 0.00024993, 0.00021445, 0.00018029, 0.00014879, 0.00012079, 0.00009658, 0.00007604, 0.00005896, 0.00004477, 0.00003299, 0.00002331, 0.00001554, 0.00000955, 0.00000524, 0.00000248, 0.00000104, 0.00000062, 0.00000085, 0.00000133, 0.00000171, 0.00000173, 0.00000130, 0.00000050, -0.00000043, -0.00000121, -0.00000159, -0.00000147, -0.00000102, -0.00000062, -0.00000066, -0.00000100, 0.00000000
-0.00069105, -0.00058759, -0.00053348, -0.00049142, -0.00045698, -0.00042709, -0.00039566, -0.00036534, -0.00033776, -0.00031204, -0.00028695, -0.00026204, -0.00023755, -0.00021397, -0.00019166, -0.00017079, -0.00015131, -0.00013308, -0.00011594, -0.00005454, -0.00000500, 0.00003156, 0.00005666, 0.00007307, 0.00008279, 0.00008692, 0.00008624, 0.00008173, 0.00007458, 0.00006600, 0.00005700, 0.00004829, 0.00004028, 0.00003311, 0.00002679, 0.00002124, 0.00001640, 0.00001225, 0.00000878, 0.00000617, 0.00000427, 0.00000298, 0.00000221, 0.00000183, 0.00000170, 0.00000167, 0.00000164, 0.00000153, 0.00000132, 0.00000105, 0.00000076, 0.00000050, 0.00000032, 0.00000022, 0.00000016, 0.00000011, -0.00000003, -0.00000028, -0.00000066, -0.00000109, -0.00000141, -0.00000142, -0.00000094, 0.00000000
-0.00026609, -0.00023440, -0.00020816, -0.00018275, -0.00015710, -0.00013120, -0.00010532, -0.00007957, -0.00005412, -0.00002918, -0.00000491, 0.00001855, 0.00004114, 0.00006281, 0.00008352, 0.00010323, 0.00012191, 0.00013953, 0.00015608, 0.00021311, 0.00025537, 0.00028428, 0.00030133, 0.00030795, 0.00030564, 0.00029588, 0.00028018, 0.00026000, 0.00023673, 0.00021165, 0.00018589, 0.00016043, 0.00013605, 0.00011334, 0.00009272, 0.00007441, 0.00005853, 0.00004503, 0.00003383, 0.00002491, 0.00001795, 0.00001264, 0.00000872, 0.00000594, 0.00000403, 0.00000276, 0.00000193, 0.00000140, 0.00000105, 0.00000081, 0.00000063, 0.00000049, 0.00000036, 0.00000023, 0.00000009, -0.00000008, -0.00000028, -0.00000053, -0.00000080, -0.00000107, -0.00000127, -0.00000128, -0.00000093, 0.00000000
0.00016377, 0.00003510, -0.00001138, -0.00003242, -0.00003591, -0.00002811, -0.00002004, -0.00000856, 0.00000801, 0.00002749, 0.00004730, 0.00006624, 0.00008437, 0.00010216, 0.00012001, 0.00013800, 0.00015596, 0.00017355, 0.00019043, 0.00024854, 0.00029079, 0.00032146, 0.00034144, 0.00034988, 0.00034727, 0.00033560, 0.00031735, 0.00029457, 0.00026872, 0.00024089, 0.00021201, 0.00018304, 0.00015492, 0.00012853, 0.00010457, 0.00008348, 0.00006542, 0.00005034, 0.00003798, 0.00002818, 0.00002048, 0.00001448, 0.00000988, 0.00000644, 0.00000396, 0.00000227, 0.00000121, 0.00000065, 0.00000045, 0.00000046, 0.00000055, 0.00000062, 0.00000058, 0.00000040, 0.00000010, -0.00000026, -0.00000061, -0.00000088, -0.00000102, -0.00000106, -0.00000107, -0.00000108, -0.00000094, 0.00000000
-0.00072014, -0.00063490, -0.00058633, -0.00054603, -0.00051113, -0.00047950, -0.00044629, -0.00041382, -0.00038354, -0.00035479, -0.00032659, -0.00029861, -0.00027108, -0.00024442, -0.00021894, -0.00019480, -0.00017199, -0.00015041, -0.00012992, -0.00005566, 0.00000584, 0.00005383, 0.00008962, 0.00011555, 0.00013331, 0.00014387, 0.00014799, 0.00014657, 0.00014078, 0.00013180, 0.00012074, 0.00010850, 0.00009575, 0.00008299, 0.00007056, 0.00005874, 0.00004778, 0.00003786, 0.00002914, 0.00002192, 0.00001609, 0.00001154, 0.00000817, 0.00000577, 0.00000414, 0.00000304, 0.00000229, 0.00000174, 0.00000129, 0.00000090, 0.00000058, 0.00000033, 0.00000016, 0.00000007, 0.00000003, -0.00000002, -0.00000014, -0.00000036, -0.00000070, -0.00000109, -0.00000137, -0.00000138, -0.00000092, 0.00000000
0.00065211, 0.00046962, 0.00040025, 0.00036486, 0.00035239, 0.00035450, 0.00035636, 0.00036253, 0.00037549, 0.00039240, 0.00040981, 0.00042618, 0.00044162, 0.00045685, 0.00047247, 0.00048864, 0.00050513, 0.00052152, 0.00053734, 0.00059125, 0.00062904, 0.00065583, 0.00067194, 0.00067515, 0.00066503, 0.00064331, 0.00061246, 0.00057457, 0.00053117, 0.00048348, 0.00043280, 0.00038060, 0.00032856, 0.00027833, 0.00023135, 0.00018871, 0.00015104, 0.00011859, 0.00009124, 0.00006883, 0.00005075, 0.00003642, 0.00002530, 0.00001690, 0.00001077, 0.00000650, 0.00000371, 0.00000206, 0.00000123, 0.00000092, 0.00000087, 0.00000087, 0.00000078, 0.00000054, 0.00000016, -0.00000029, -0.00000070, -0.00000097, -0.00000108, -0.00000105, -0.00000100, -0.00000102, -0.00000095, 0.00000000
0.00026434, -0.00000857, -0.00012721, -0.00019760, -0.00023588, -0.00025335, -0.00026895, -0.00027755, -0.00027635, -0.00026902, -0.00025990, -0.00025100, -0.00024228, -0.00023290, -0.00022221, -0.00021006, -0.00019677, -0.00018286, -0.00016894, -0.00011834, -0.00007772, -0.00004152, -0.00000975, 0.00001455, 0.00003055, 0.00003990, 0.00004492, 0.00004728, 0.00004767, 0.00004622, 0.00004300, 0.00003830, 0.00003264, 0.00002668, 0.00002105, 0.00001616, 0.00001221, 0.00000918, 0.00000689, 0.00000527, 0.00000400, 0.00000287, 0.00000183, 0.00000090, 0.00000013, -0.00000039, -0.00000063, -0.00000058, -0.00000029, 0.00000012, 0.00000053, 0.00000080, 0.00000084, 0.00000063, 0.00000020, -0.00000032, -0.00000079, -0.00000109, -0.00000115, -0.00000105, -0.00000094, -0.00000096, -0.00000095, 0.00000000
-0.00131673, -0.00098113, -0.00081301, -0.00069251, -0.00060240, -0.00053145, -0.00045991, -0.00039450, -0.00033919, -0.00029065, -0.00024459, -0.00019922, -0.00015489, -0.00011275, -0.00007373, -0.00003814, -0.00000577, 0.00002390, 0.00005145, 0.00014908, 0.00022757, 0.00028285, 0.00031768, 0.00033821, 0.00034830, 0.00034902, 0.00034068, 0.00032423, 0.00030156, 0.00027493, 0.00024645, 0.00021771, 0.00018970, 0.00016294, 0.00013772, 0.00011425, 0.00009273, 0.00007344, 0.00005661, 0.00004263, 0.00003141, 0.00002278, 0.00001645, 0.00001202, 0.00000902, 0.00000695, 0.00000542, 0.00000415, 0.00000299, 0.00000193, 0.00000101, 0.00000034, -0.00000003, -0.00000010, 0.00000004, 0.00000025, 0.00000032, 0.00000012, -0.00000040, -0.00000110, -0.00000165, -0.00000165, -0.00000092, 0.00000000
-0.00063312, -0.00058319, -0.00054924, -0.00051889, -0.00049049, -0.00046317, -0.00043524, -0.00040765, -0.00038103, -0.00035527, -0.00033009, -0.00030545, -0.00028149, -0.00025840, -0.00023632, -0.00021533, -0.00019543, -0.00017660, -0.00015880, -0.00009555, -0.00004506, -0.00000649, 0.00002178, 0.00004166, 0.00005471, 0.00006214, 0.00006501, 0.00006432, 0.00006104, 0.00005606, 0.00005011, 0.00004377, 0.00003742, 0.00003133, 0.00002564, 0.00002046, 0.00001583, 0.00001178, 0.00000835, 0.00000571, 0.00000372, 0.00000230, 0.00000136, 0.00000081, 0.00000055, 0.00000046, 0.00000045, 0.00000044, 0.00000042, 0.00000037, 0.00000029, 0.00000021, 0.00000014, 0.00000007, -0.00000000, -0.00000010, -0.00000026, -0.00000049, -0.00000078, -0.00000108, -0.00000131, -0.00000131, -0.00000092, 0.00000000
0.00006117, -0.00009320, -0.00015803, -0.00019535, -0.00021393, -0.00022029, -0.00022585, -0.00022731, -0.00022290, -0.00021486, -0.00020587, -0.00019715, -0.00018869, -0.00017999, -0.00017064, -0.00016056, -0.00014995, -0.00013913, -0.00012848, -0.00009011, -0.00005982, -0.00003388, -0.00001208, 0.00000398, 0.00001400, 0.00001922, 0.00002130, 0.00002145, 0.00002031, 0.00001812, 0.00001507, 0.00001142, 0.00000755, 0.00000388, 0.00000076, -0.00000160, -0.00000314, -0.00000396, -0.00000424, -0.00000400, -0.00000355, -0.00000308, -0.00000265, -0.00000227, -0.00000193, -0.00000159, -0.00000121, -0.00000080, -0.00000036, 0.00000006, 0.00000041, 0.00000061, 0.00000064, 0.00000049, 0.00000019, -0.00000020, -0.00000057, -0.00000086, -0.00000101, -0.00000106, -0.00000108, -0.00000109, -0.00000095, 0.00000000
-0.00017668, -0.00022269, -0.00024064, -0.00024756, -0.00024747, -0.00024264, -0.00023593, -0.00022720, -0.00021647, -0.00020447, -0.00019199, -0.00017946, -0.00016704, -0.00015475, -0.00014259, -0.00013059, -0.00011884, -0.00010743, -0.00009647, -0.00005669, -0.00002461, 0.00000066, 0.00001974, 0.00003297, 0.00004097, 0.00004464, 0.00004497, 0.00004288, 0.00003910, 0.00003425, 0.00002882, 0.00002323, 0.00001782, 0.00001286, 0.00000852, 0.00000489, 0.00000198, -0.00000023, -0.00000181, -0.00000267, -0.00000303, -0.00000305, -0.00000280, -0.00000238, -0.00000187, -0.00000133, -0.00000083, -0.00000039, -0.00000004, 0.00000021, 0.00000037, 0.00000043, 0.00000042, 0.00000033, 0.00000018, -0.00000003, -0.00000028, -0.00000054, -0.00000082, -0.00000107, -0.00000125, -0.00000127, -0.00000095, 0.00000000
-0.00030320, -0.00035031, -0.00036953, -0.00037874, -0.00038105, -0.00037862, -0.00037480, -0.00036902, -0.00036102, -0.00035159, -0.00034160, -0.00033151, -0.00032144, -0.00031133, -0.00030113, -0.00029087, -0.00028064, -0.00027056, -0.00026074, -0.00022400, -0.00019238, -0.00016477, -0.00014074, -0.00012038, -0.00010343, -0.00008929, -0.00007727, -0.00006683, -0.00005768, -0.00004965, -0.00004264, -0.00003656, -0.00003131, -0.00002676, -0.00002282, -0.00001940, -0.00001643, -0.00001387, -0.00001168, -0.00000966, -0.00000787, -0.00000635, -0.00000504, -0.00000392, -0.00000295, -0.00000213, -0.00000145, -0.00000089, -0.00000045, -0.00000011, 0.00000012, 0.00000024, 0.00000027, 0.00000021, 0.00000007, -0.00000013, -0.00000037, -0.00000062, -0.00000086, -0.00000108, -0.00000123, -0.00000124, -0.00000094, 0.00000000
-0.00123686, -0.00098550, -0.00086268, -0.00077433, -0.00070832, -0.00065611, -0.00060160, -0.00055086, -0.00050749, -0.00046887, -0.00043156, -0.00039419, -0.00035717, -0.00032157, -0.00028824, -0.00025751, -0.00022923, -0.00020303, -0.00017846, -0.00008927, -0.00001491, 0.00004045, 0.00007875, 0.00010503, 0.00012249, 0.00013209, 0.00013420, 0.00012976, 0.00012045, 0.00010824, 0.00009488, 0.00008161, 0.00006909, 0.00005756, 0.00004705, 0.00003748, 0.00002884, 0.00002119, 0.00001465, 0.00000945, 0.00000557, 0.00000290, 0.00000131, 0.00000054, 0.00000030, 0.00000030, 0.00000033, 0.00000023, -0.00000002, -0.00000038, -0.00000074, -0.00000099, -0.00000104, -0.00000089, -0.00000059, -0.00000027, -0.00000010, -0.00000019, -0.00000057, -0.00000111, -0.00000154, -0.00000151, -0.00000084, 0.00000000
-0.00035792, -0.00033096, -0.00030857, -0.00028730, -0.00026564, -0.00024356, -0.00022167, -0.00019979, -0.00017790, -0.00015624, -0.00013506, -0.00011449, -0.00009459, -0.00007535, -0.00005679, -0.00003892, -0.00002179, -0.00000543, 0.00001011, 0.00006549, 0.00010973, 0.00014406, 0.00016950, 0.00018687, 0.00019702, 0.00020089, 0.00019941, 0.00019348, 0.00018392, 0.00017151, 0.00015702, 0.00014117, 0.00012463, 0.00010804, 0.00009191, 0.00007668, 0.00006268, 0.00005014, 0.00003917, 0.00003001, 0.00002251, 0.00001650, 0.00001185, 0.00000836, 0.00000584, 0.00000407, 0.00000287, 0.00000206, 0.00000152, 0.00000115, 0.00000089, 0.00000069, 0.00000052, 0.00000035, 0.00000017, -0.00000003, -0.00000027, -0.00000053, -0.00000081, -0.00000108, -0.00000127, -0.00000128, -0.00000095, 0.00000000
-0.00056413, -0.00058264, -0.00058391, -0.00057772, -0.00056638, -0.00055147, -0.00053499, -0.00051708, -0.00049792, -0.00047807, -0.00045807, -0.00043827, -0.00041878, -0.00039967, -0.00038095, -0.00036268, -0.00034491, -0.00032773, -0.00031120, -0.00025067, -0.00019968, -0.00015695, -0.00012144, -0.00009236, -0.00006887, -0.00005007, -0.00003508, -0.00002321, -0.00001390, -0.00000675, -0.00000142, 0.00000236, 0.00000486, 0.00000632, 0.00000695, 0.00000696, 0.00000650, 0.00000572, 0.00000476, 0.00000391, 0.00000313, 0.00000243, 0.00000186, 0.00000143, 0.00000114, 0.00000095, 0.00000083, 0.00000075, 0.00000069, 0.00000064, 0.00000058, 0.00000050, 0.00000040, 0.00000027, 0.00000011, -0.00000008, -0.00000031, -0.00000056, -0.00000083, -0.00000108, -0.00000125, -0.00000126, -0.00000094, 0.00000000
0.00028315, 0.00010268, 0.00002585, -0.00001755, -0.00003855, -0.00004498, -0.00004975, -0.00004953, -0.00004258, -0.00003146, -0.00001917, -0.00000714, 0.00000463, 0.00001664, 0.00002931, 0.00004270, 0.00005659, 0.00007057, 0.00008424, 0.00013255, 0.00016894, 0.00019712, 0.00021729, 0.00022782, 0.00022868, 0.00022167, 0.00020914, 0.00019304, 0.00017467, 0.00015490, 0.00013446, 0.00011408, 0.00009452, 0.00007648, 0.00006049, 0.00004686, 0.00003561, 0.00002659, 0.00001950, 0.00001416, 0.00001010, 0.00000699, 0.00000461, 0.00000282, 0.00000153, 0.00000066, 0.00000018, 0.00000001, 0.00000007, 0.00000026, 0.00000048, 0.00000062, 0.00000061, 0.00000044, 0.00000012, -0.00000028, -0.00000065, -0.00000092, -0.00000105, -0.00000106, -0.00000105, -0.00000106, -0.00000094, 0.00000000
-0.00046958, -0.00044596, -0.00042194, -0.00039688, -0.00037034, -0.00034270, -0.00031484, -0.00028681, -0.00025876, -0.00023105, -0.00020399, -0.00017780, -0.00015257, -0.00012835, -0.00010517, -0.00008307, -0.00006208, -0.00004225, -0.00002361, 0.00004053, 0.00008819, 0.00012144, 0.00014232, 0.00015272, 0.00015453, 0.00014965, 0.00013989, 0.00012687, 0.00011201, 0.00009644, 0.00008108, 0.00006661, 0.00005346, 0.00004191, 0.00003204, 0.00002384, 0.00001718, 0.00001190, 0.00000780, 0.00000487, 0.00000281, 0.00000141, 0.00000053, 0.00000004, -0.00000018, -0.00000023, -0.00000020, -0.00000013, -0.00000007, -0.00000001, 0.00000002, 0.00000003, 0.00000001, -0.00000004, -0.00000012, -0.00000024, -0.00000041, -0.00000062, -0.00000085, -0.00000108, -0.00000124, -0.00000123, -0.00000090, 0.00000000
-0.00047241, -0.00039173, -0.00033560, -0.00028548, -0.00023893, -0.00019469, -0.00015036, -0.00010712, -0.00006581, -0.00002619, 0.00001215, 0.00004931, 0.00008516, 0.00011948, 0.00015209, 0.00018291, 0.00021194, 0.00023922, 0.00026483, 0.00035318, 0.00041940, 0.00046476, 0.00049157, 0.00050259, 0.00050022, 0.00048648, 0.00046330, 0.00043265, 0.00039656, 0.00035702, 0.00031586, 0.00027467, 0.00023471, 0.00019700, 0.00016225, 0.00013098, 0.00010344, 0.00007976, 0.00005988, 0.00004380, 0.00003112, 0.00002141, 0.00001424, 0.00000916, 0.00000571, 0.00000345, 0.00000203, 0.00000115, 0.00000061, 0.00000028, 0.00000007, -0.00000005, -0.00000012, -0.00000015, -0.00000016, -0.00000021, -0.00000031, -0.00000050, -0.00000078, -0.00000108, -0.00000131, -0.00000131, -0.00000090, 0.00000000
-0.00034232, -0.00034206, -0.00033612, -0.00032637, -0.00031366, -0.00029872, -0.00028240, -0.00026498, -0.00024674, -0.00022804, -0.00020920, -0.00019046, -0.00017197, -0.00015383, -0.00013609, -0.00011882, -0.00010209, -0.00008594, -0.00007041, -0.00001359, 0.00003373, 0.00007197, 0.00010179, 0.00012380, 0.00013872, 0.00014734, 0.00015050, 0.00014905, 0.00014381, 0.00013557, 0.00012507, 0.00011302, 0.00010007, 0.00008680, 0.00007371, 0.00006123, 0.00004968, 0.00003930, 0.00003022, 0.00002272, 0.00001664, 0.00001186, 0.00000824, 0.00000563, 0.00000382, 0.00000262, 0.00000186, 0.00000139, 0.00000110, 0.00000090, 0.00000075, 0.00000062, 0.00000050, 0.00000036, 0.00000020, 0.00000000, -0.00000022, -0.00000049, -0.00000079, -0.00000107, -0.00000128, -0.00000130, -0.00000095, 0.00000000
-0.00039976, -0.00040631, -0.00039482, -0.00037816, -0.00035681, -0.00033227, -0.00030819, -0.00028342, -0.00025740, -0.00023095, -0.00020502, -0.00018005, -0.00015607, -0.00013292, -0.00011048, -0.00008874, -0.00006777, -0.00004768, -0.00002859, 0.00003818, 0.00008967, 0.00012869, 0.00015680, 0.00017482, 0.00018391, 0.00018568, 0.00018179, 0.00017366, 0.00016241, 0.00014894, 0.00013402, 0.00011836, 0.00010259, 0.00008729, 0.00007290, 0.00005977, 0.00004807, 0.00003788, 0.00002919, 0.00002212, 0.00001642, 0.00001189, 0.00000841, 0.00000580, 0.00000392, 0.00000263, 0.00000178, 0.00000126, 0.00000096, 0.00000079, 0.00000070, 0.00000061, 0.00000050, 0.00000034, 0.00000014, -0.00000011, -0.00000038, -0.00000064, -0.00000088, -0.00000107, -0.00000121, -0.00000122, -0.00000094, 0.00000000
-0.00028786, -0.00028448, -0.00026725, -0.00024432, -0.00021722, -0.00018736, -0.00015688, -0.00012563, -0.00009367, -0.00006158, -0.00002997, 0.00000083, 0.00003069, 0.00005963, 0.00008763, 0.00011466, 0.00014065, 0.00016551, 0.00018916, 0.00027253, 0.00033738, 0.00038535, 0.00041780, 0.00043588, 0.00044100, 0.00043492, 0.00041951, 0.00039665, 0.00036811, 0.00033556, 0.00030056, 0.00026454, 0.00022878, 0.00019436, 0.00016216, 0.00013278, 0.00010663, 0.00008387, 0.00006452, 0.00004862, 0.00003581, 0.00002573, 0.00001802, 0.00001231, 0.00000820, 0.00000535, 0.00000344, 0.00000219, 0.00000142, 0.00000094, 0.00000065, 0.00000045, 0.00000031, 0.00000017, 0.00000001, -0.00000016, -0.00000037, -0.00000060, -0.00000085, -0.00000108, -0.00000124, -0.00000124, -0.00000092, 0.00000000
0.00028687, 0.00016054, 0.00011142, 0.00008569, 0.00007596, 0.00007650, 0.00007703, 0.00008069, 0.00008918, 0.00010048, 0.00011220, 0.00012322, 0.00013362, 0.00014388, 0.00015439, 0.00016527, 0.00017634, 0.00018731, 0.00019788, 0.00023390, 0.00025913, 0.00027740, 0.00028925, 0.00029342, 0.00028983, 0.00027981, 0.00026508, 0.00024705, 0.00022661, 0.00020440, 0.00018103, 0.00015719, 0.00013368, 0.00011131, 0.00009074, 0.00007245, 0.00005666, 0.00004339, 0.00003249, 0.00002388, 0.00001715, 0.00001195, 0.00000802, 0.00000513, 0.00000310, 0.00000176, 0.00000098, 0.00000061, 0.00000053, 0.00000061, 0.00000074, 0.00000081, 0.00000076, 0.00000056, 0.00000025, -0.00000013, -0.00000051, -0.00000080, -0.00000097, -0.00000106, -0.00000109, -0.00000111, -0.00000096, 0.00000000
0.00009383, 0.00003376, 0.00001425, 0.00000934, 0.00001392, 0.00002458, 0.00003652, 0.00005054, 0.00006697, 0.00008475, 0.00010273, 0.00012031, 0.00013744, 0.00015422, 0.00017075, 0.00018702, 0.00020293, 0.00021834, 0.00023308, 0.00028520, 0.00032534, 0.00035512, 0.00037502, 0.00038495, 0.00038535, 0.00037736, 0.00036238, 0.00034176, 0.00031674, 0.00028849, 0.00025814, 0.00022685, 0.00019571, 0.00016571, 0.00013767, 0.00011219, 0.00008962, 0.00007011, 0.00005365, 0.00004026, 0.00002956, 0.00002119, 0.00001483, 0.00001013, 0.00000678, 0.00000448, 0.00000296, 0.00000201, 0.00000144, 0.00000111, 0.00000092, 0.00000077, 0.00000061, 0.00000042, 0.00000019, -0.00000007, -0.00000035, -0.00000062, -0.00000086, -0.00000107, -0.00000121, -0.00000122, -0.00000095, 0.00000000
-0.00125599, -0.00107772, -0.00098558, -0.00091657, -0.00086209, -0.00081638, -0.00076899, -0.00072393, -0.00068365, -0.00064653, -0.00061039, -0.00057442, -0.00053893, -0.00050467, -0.00047222, -0.00044180, -0.00041335, -0.00038663, -0.00036135, -0.00026940, -0.00019227, -0.00013200, -0.00008660, -0.00005209, -0.00002575, -0.00000643, 0.00000657, 0.00001418, 0.00001774, 0.00001864, 0.00001808, 0.00001685, 0.00001536, 0.00001373, 0.00001195, 0.00000999, 0.00000787, 0.00000570, 0.00000361, 0.00000193, 0.00000070, -0.00000008, -0.00000042, -0.00000042, -0.00000021, 0.00000005, 0.00000023, 0.00000028, 0.00000017, -0.00000004, -0.00000027, -0.00000045, -0.00000052, -0.00000046, -0.00000032, -0.00000018, -0.00000015, -0.00000030, -0.00000065, -0.00000110, -0.00000145, -0.00000143, -0.00000088, 0.00000000
0.00013232, 0.00003445, -0.00000063, -0.00001736, -0.00002101, -0.00001624, -0.00001197, -0.00000530, 0.00000538, 0.00001832, 0.00003141, 0.00004369, 0.00005525, 0.00006653, 0.00007791, 0.00008947, 0.00010108, 0.00011249, 0.00012341, 0.00016072, 0.00018729, 0.00020685, 0.00022014, 0.00022626, 0.00022529, 0.00021856, 0.00020771, 0.00019402, 0.00017831, 0.00016113, 0.00014295, 0.00012435, 0.00010596, 0.00008843, 0.00007232, 0.00005798, 0.00004561, 0.00003521, 0.00002664, 0.00001990, 0.00001461, 0.00001050, 0.00000734, 0.00000500, 0.00000333, 0.00000220, 0.00000151, 0.00000115, 0.00000103, 0.00000104, 0.00000108, 0.00000108, 0.00000097, 0.00000073, 0.00000038, -0.00000002, -0.00000041, -0.00000073, -0.00000094, -0.00000106, -0.00000113, -0.00000116, -0.00000098, 0.00000000
-0.00011275, -0.00007418, -0.00004306, -0.00001350, 0.00001576, 0.00004482, 0.00007358, 0.00010193, 0.00012972, 0.00015677, 0.00018297, 0.00020821, 0.00023244, 0.00025562, 0.00027769, 0.00029863, 0.00031841, 0.00033699, 0.00035435, 0.00041332, 0.00045539, 0.00048195, 0.00049448, 0.00049448, 0.00048358, 0.00046348, 0.00043596, 0.00040282, 0.00036582, 0.00032663, 0.00028677, 0.00024758, 0.00021014, 0.00017530, 0.00014366, 0.00011555, 0.00009114, 0.00007038, 0.00005311, 0.00003924, 0.00002832, 0.00001993, 0.00001367, 0.00000916, 0.00000601, 0.00000388, 0.00000248, 0.00000158, 0.00000101, 0.00000065, 0.00000042, 0.00000026, 0.00000015, 0.00000005, -0.00000006, -0.00000019, -0.00000036, -0.00000058, -0.00000083, -0.00000108, -0.00000126, -0.00000126, -0.00000091, 0.00000000
-0.00045123, -0.00023094, -0.00011293, -0.00002460, 0.00004507, 0.00010281, 0.00015981, 0.00021249, 0.00025871, 0.00030031, 0.00033966, 0.00037774, 0.00041436, 0.00044887, 0.00048078, 0.00050991, 0.00053638, 0.00056048, 0.00058253, 0.00065583, 0.00070606, 0.00073192, 0.00073610, 0.00072330, 0.00069709, 0.00065965, 0.00061279, 0.00055875, 0.00050022, 0.00043999, 0.00038057, 0.00032389, 0.00027128, 0.00022354, 0.00018104, 0.00014389, 0.00011199, 0.00008515, 0.00006310, 0.00004564, 0.00003220, 0.00002221, 0.00001507, 0.00001019, 0.00000697, 0.00000488, 0.00000349, 0.00000249, 0.00000170, 0.00000104, 0.00000050, 0.00000011, -0.00000010, -0.00000014, -0.00000007, 0.00000001, -0.00000001, -0.00000020, -0.00000060, -0.00000110, -0.00000148, -0.00000147, -0.00000091, 0.00000000
-0.00069776, -0.00053100, -0.00044284, -0.00037752, -0.00032598, -0.00028305, -0.00024033, -0.00020050, -0.00016518, -0.00013301, -0.00010225, -0.00007220, -0.00004302, -0.00001521, 0.00001084, 0.00003498, 0.00005729, 0.00007795, 0.00009721, 0.00016471, 0.00021719, 0.00025363, 0.00027582, 0.00028700, 0.00028945, 0.00028435, 0.00027258, 0.00025530, 0.00023400, 0.00021028, 0.00018562, 0.00016117, 0.00013772, 0.00011578, 0.00009564, 0.00007747, 0.00006136, 0.00004739, 0.00003556, 0.00002601, 0.00001853, 0.00001288, 0.00000881, 0.00000602, 0.00000419, 0.00000300, 0.00000220, 0.00000161, 0.00000111, 0.00000067, 0.00000031, 0.00000004, -0.00000012, -0.00000015, -0.00000012, -0.00000008, -0.00000013, -0.00000032, -0.00000067, -0.00000109, -0.00000141, -0.00000140, -0.00000090, 0.00000000
0.00024087, 0.00011382, 0.00005875, 0.00002688, 0.00001026, 0.00000341, -0.00000242, -0.00000496, -0.00000300, 0.00000174, 0.00000724, 0.00001255, 0.00001769, 0.00002302, 0.00002883, 0.00003517, 0.00004191, 0.00004879, 0.00005554, 0.00007963, 0.00009797, 0.00011330, 0.00012570, 0.00013384, 0.00013729, 0.00013677, 0.00013332, 0.00012772, 0.00012036, 0.00011145, 0.00010119, 0.00008995, 0.00007819, 0.00006648, 0.00005530, 0.00004504, 0.00003593, 0.00002806, 0.00002140, 0.00001605, 0.00001175, 0.00000833, 0.00000566, 0.00000366, 0.00000222, 0.00000125, 0.00000068, 0.00000042, 0.00000037, 0.00000044, 0.00000054, 0.00000060, 0.00000056, 0.00000040, 0.00000013, -0.00000019, -0.00000051, -0.00000078, -0.00000096, -0.00000106, -0.00000112, -0.00000113, -0.00000094, 0.00000000
0.00124960, 0.00064192, 0.00035756, 0.00017183, 0.00005119, -0.00002737, -0.00010305, -0.00016433, -0.00020476, -0.00023166, -0.00025390, -0.00027547, -0.00029612, -0.00031398, -0.00032757, -0.00033651, -0.00034140, -0.00034335, -0.00034358, -0.00034021, -0.00033422, -0.00031613, -0.00028860, -0.00026058, -0.00023640, -0.00021501, -0.00019384, -0.00017161, -0.00014884, -0.00012703, -0.00010756, -0.00009108, -0.00007746, -0.00006604, -0.00005602, -0.00004678, -0.00003806, -0.00002992, -0.00002262, -0.00001632, -0.00001138, -0.00000791, -0.00000577, -0.00000464, -0.00000411, -0.00000378, -0.00000335, -0.00000264, -0.00000164, -0.00000049, 0.00000057, 0.00000129, 0.00000151, 0.00000117, 0.00000041, -0.00000053, -0.00000132, -0.00000169, -0.00000153, -0.00000103, -0.00000058, -0.00000061, -0.00000099, 0.00000000
-0.00056213, -0.00049943, -0.00046309, -0.00043431, -0.00040858, -0.00038428, -0.00035990, -0.00033582, -0.00031237, -0.00028946, -0.00026693, -0.00024478, -0.00022311, -0.00020205, -0.00018172, -0.00016220, -0.00014350, -0.00012563, -0.00010859, -0.00004686, 0.00000407, 0.00004458, 0.00007564, 0.00009845, 0.00011407, 0.00012342, 0.00012735, 0.00012673, 0.00012245, 0.00011538, 0.00010633, 0.00009599, 0.00008497, 0.00007377, 0.00006278, 0.00005233, 0.00004265, 0.00003392, 0.00002626, 0.00001992, 0.00001476, 0.00001069, 0.00000759, 0.00000533, 0.00000375, 0.00000268, 0.00000195, 0.00000146, 0.00000111, 0.00000084, 0.00000063, 0.00000046, 0.00000032, 0.00000020, 0.00000008, -0.00000006, -0.00000025, -0.00000049, -0.00000079, -0.00000108, -0.00000130, -0.00000131, -0.00000093, 0.00000000
-0.00022624, -0.00022807, -0.00022351, -0.00021513, -0.00020404, -0.00019103, -0.00017692, -0.00016196, -0.00014636, -0.00013045, -0.00011454, -0.00009884, -0.00008347, -0.00006852, -0.00005404, -0.00004006, -0.00002665, -0.00001383, -0.00000166, 0.00004184, 0.00007626, 0.00010239, 0.00012109, 0.00013318, 0.00013944, 0.00014073, 0.00013788, 0.00013173, 0.00012303, 0.00011247, 0.00010069, 0.00008826, 0.00007567, 0.00006337, 0.00005170, 0.00004095, 0.00003131, 0.00002291, 0.00001580, 0.00001019, 0.00000587, 0.00000271, 0.00000055, -0.00000078, -0.00000146, -0.00000168, -0.00000160, -0.00000137, -0.00000107, -0.00000077, -0.00000052, -0.00000032, -0.00000020, -0.00000014, -0.00000015, -0.00000023, -0.00000038, -0.00000058, -0.00000083, -0.00000109, -0.00000128, -0.00000128, -0.00000094, 0.00000000
0.00038446, 0.00009434, -0.00004460, -0.00013578, -0.00019486, -0.00023276, -0.00026797, -0.00029536, -0.00031215, -0.00032190, -0.00032891, -0.00033516, -0.00034064, -0.00034457, -0.00034632, -0.00034578, -0.00034327, -0.00033935, -0.00033461, -0.00031320, -0.00029099, -0.00026408, -0.00023398, -0.00020497, -0.00017914, -0.00015605, -0.00013448, -0.00011383, -0.00009429, -0.00007653, -0.00006114, -0.00004838, -0.00003810, -0.00002990, -0.00002329, -0.00001785, -0.00001330, -0.00000952, -0.00000650, -0.00000406, -0.00000232, -0.00000127, -0.00000078, -0.00000067, -0.00000075, -0.00000084, -0.00000082, -0.00000062, -0.00000026, 0.00000019, 0.00000060, 0.00000087, 0.00000090, 0.00000068, 0.00000024, -0.00000029, -0.00000076, -0.00000107, -0.00000114, -0.00000105, -0.00000095, -0.00000096, -0.00000096, 0.00000000
-0.00068370, -0.00058090, -0.00052839, -0.00048713, -0.00045336, -0.00042410, -0.00039258, -0.00036197, -0.00033420, -0.00030827, -0.00028278, -0.00025722, -0.00023187, -0.00020729, -0.00018393, -0.00016197, -0.00014139, -0.00012202, -0.00010368, -0.00003690, 0.00001861, 0.00006094, 0.00009125, 0.00011221, 0.00012569, 0.00013259, 0.00013354, 0.00012944, 0.00012152, 0.00011112, 0.00009942, 0.00008732, 0.00007543, 0.00006407, 0.00005345, 0.00004366, 0.00003480, 0.00002694, 0.00002018, 0.00001474, 0.00001051, 0.00000736, 0.00000516, 0.00000373, 0.00000285, 0.00000231, 0.00000194, 0.00000161, 0.00000126, 0.00000091, 0.00000057, 0.00000030, 0.00000013, 0.00000005, 0.00000004, 0.00000003, -0.00000006, -0.00000028, -0.00000065, -0.00000109, -0.00000142, -0.00000142, -0.00000093, 0.00000000
0.00038451, 0.00024354, 0.00018564, 0.00015351, 0.00013844, 0.00013427, 0.00013056, 0.00013031, 0.00013511, 0.00014295, 0.00015138, 0.00015930, 0.00016676, 0.00017422, 0.00018207, 0.00019042, 0.00019910, 0.00020782, 0.00021626, 0.00024505, 0.00026489, 0.00027927, 0.00028847, 0.00029100, 0.00028654, 0.00027620, 0.00026150, 0.00024367, 0.00022352, 0.00020160, 0.00017849, 0.00015488, 0.00013157, 0.00010939, 0.00008901, 0.00007091, 0.00005533, 0.00004229, 0.00003162, 0.00002326, 0.00001677, 0.00001178, 0.00000803, 0.00000529, 0.00000337, 0.00000210, 0.00000135, 0.00000099, 0.00000089, 0.00000093, 0.00000101, 0.00000104, 0.00000094, 0.00000071, 0.00000036, -0.00000005, -0.00000044, -0.00000076, -0.00000096, -0.00000106, -0.00000111, -0.00000114, -0.00000098, 0.00000000
0.00015962, 0.00001585, -0.00004287, -0.00007368, -0.00008563, -0.00008529, -0.00008335, -0.00007720, -0.00006548, -0.00005035, -0.00003434, -0.00001863, -0.00000326, 0.00001216, 0.00002794, 0.00004413, 0.00006052, 0.00007677, 0.00009254, 0.00014832, 0.00019083, 0.00022325, 0.00024590, 0.00025774, 0.00025906, 0.00025172, 0.00023804, 0.00022006, 0.00019923, 0.00017669, 0.00015339, 0.00013022, 0.00010805, 0.00008764, 0.00006952, 0.00005399, 0.00004111, 0.00003069, 0.00002245, 0.00001620, 0.00001147, 0.00000789, 0.00000521, 0.00000325, 0.00000186, 0.00000095, 0.00000042, 0.00000021, 0.00000020, 0.00000033, 0.00000048, 0.00000057, 0.00000055, 0.00000039, 0.00000011, -0.00000024, -0.00000059, -0.00000085, -0.00000100, -0.00000106, -0.00000108, -0.00000109, -0.00000093, 0.00000000
-0.00037209, -0.00029579, -0.00025008, -0.00021119, -0.00017602, -0.00014301, -0.00010902, -0.00007557, -0.00004368, -0.00001304, 0.00001692, 0.00004635, 0.00007508, 0.00010282, 0.00012933, 0.00015449, 0.00017828, 0.00020076, 0.00022200, 0.00029705, 0.00035586, 0.00039826, 0.00042551, 0.00043958, 0.00044212, 0.00043444, 0.00041779, 0.00039366, 0.00036375, 0.00032986, 0.00029372, 0.00025689, 0.00022067, 0.00018611, 0.00015399, 0.00012486, 0.00009906, 0.00007677, 0.00005798, 0.00004276, 0.00003073, 0.00002150, 0.00001468, 0.00000982, 0.00000648, 0.00000426, 0.00000280, 0.00000184, 0.00000119, 0.00000073, 0.00000040, 0.00000017, 0.00000003, -0.00000004, -0.00000009, -0.00000014, -0.00000025, -0.00000046, -0.00000075, -0.00000108, -0.00000133, -0.00000133, -0.00000091, 0.00000000
0.00018363, 0.00002135, -0.00005882, -0.00011285, -0.00014881, -0.00017256, -0.00019456, -0.00021179, -0.00022263, -0.00022917, -0.00023393, -0.00023815, -0.00024185, -0.00024463, -0.00024615, -0.00024635, -0.00024544, -0.00024373, -0.00024157, -0.00023130, -0.00022060, -0.00020717, -0.00019164, -0.00017630, -0.00016227, -0.00014921, -0.00013642, -0.00012353, -0.00011068, -0.00009830, -0.00008680, -0.00007643, -0.00006720, -0.00005899, -0.00005160, -0.00004487, -0.00003872, -0.00003311, -0.00002807, -0.00002346, -0.00001942, -0.00001598, -0.00001309, -0.00001067, -0.00000861, -0.00000685, -0.00000530, -0.00000393, -0.00000273, -0.00000170, -0.00000089, -0.00000032, -0.00000001, 0.00000005, -0.00000009, -0.00000035, -0.00000064, -0.00000088, -0.00000102, -0.00000107, -0.00000109, -0.00000110, -0.00000094, 0.00000000
-0.00024602, -0.00027575, -0.00028391, -0.00028249, -0.00027485, -0.00026304, -0.00024920, -0.00023360, -0.00021649, -0.00019851, -0.00018023, -0.00016201, -0.00014401, -0.00012631, -0.00010895, -0.00009201, -0.00007556, -0.00005970, -0.00004450, 0.00001032, 0.00005447, 0.00008865, 0.00011358, 0.00012992, 0.00013860, 0.00014077, 0.00013770, 0.00013060, 0.00012060, 0.00010871, 0.00009579, 0.00008260, 0.00006974, 0.00005768, 0.00004673, 0.00003706, 0.00002874, 0.00002174, 0.00001599, 0.00001156, 0.00000818, 0.00000566, 0.00000385, 0.00000261, 0.00000180, 0.00000130, 0.00000100, 0.00000082, 0.00000071, 0.00000063, 0.00000056, 0.00000048, 0.00000038, 0.00000026, 0.00000010, -0.00000009, -0.00000031, -0.00000056, -0.00000083, -0.00000108, -0.00000125, -0.00000126, -0.00000094, 0.00000000
0.00059042, 0.00019087, 0.00000848, -0.00010618, -0.00017625, -0.00021745, -0.00025589, -0.00028441, -0.00029905, -0.00030478, -0.00030754, -0.00031003, -0.00031216, -0.00031277, -0.00031092, -0.00030640, -0.00029962, -0.00029133, -0.00028234, -0.00024737, -0.00021680, -0.00018389, -0.00014976, -0.00011965, -0.00009582, -0.00007701, -0.00006102, -0.00004652, -0.00003343, -0.00002232, -0.00001377, -0.00000789, -0.00000432, -0.00000239, -0.00000137, -0.00000069, -0.00000003, 0.00000067, 0.00000131, 0.00000189, 0.00000215, 0.00000199, 0.00000146, 0.00000071, -0.00000005, -0.00000063, -0.00000092, -0.00000084, -0.00000045, 0.00000011, 0.00000067, 0.00000106, 0.00000113, 0.00000085, 0.00000029, -0.00000038, -0.00000097, -0.00000129, -0.00000128, -0.00000104, -0.00000082, -0.00000084, -0.00000097, 0.00000000
-0.00068099, -0.00050489, -0.00041171, -0.00034229, -0.00028732, -0.00024139, -0.00019554, -0.00015273, -0.00011474, -0.00008013, -0.00004706, -0.00001475, 0.00001659, 0.00004643, 0.00007434, 0.00010013, 0.00012391, 0.00014587, 0.00016627, 0.00023697, 0.00029053, 0.00032579, 0.00034474, 0.00035100, 0.00034723, 0.00033495, 0.00031537, 0.00029002, 0.00026079, 0.00022967, 0.00019841, 0.00016836, 0.00014042, 0.00011509, 0.00009258, 0.00007294, 0.00005611, 0.00004197, 0.00003039, 0.00002137, 0.00001456, 0.00000963, 0.00000626, 0.00000410, 0.00000279, 0.00000203, 0.00000154, 0.00000117, 0.00000081, 0.00000046, 0.00000015, -0.00000009, -0.00000021, -0.00000022, -0.00000016, -0.00000010, -0.00000012, -0.00000031, -0.00000066, -0.00000110, -0.00000143, -0.00000142, -0.00000090, 0.00000000
