0.01000000, 0.01500000, 0.02000000, 0.02500000, 0.03000000, 0.03500000, 0.04000000, 0.04500000, 0.05000000, 0.05500000, 0.06000000, 0.06500000, 0.07000000, 0.07500000, 0.08000000, 0.08500000, 0.09000000, 0.09500000, 0.10000000, 0.12000000, 0.14000000, 0.16000000, 0.18000000, 0.20000000, 0.22000000, 0.24000000, 0.26000000, 0.28000000, 0.30000000, 0.32000000, 0.34000000, 0.36000000, 0.38000000, 0.40000000, 0.42000000, 0.44000000, 0.46000000, 0.48000000, 0.50000000, 0.52000000, 0.54000000, 0.56000000, 0.58000000, 0.60000000, 0.62000000, 0.64000000, 0.66000000, 0.68000000, 0.70000000, 0.72000000, 0.74000000, 0.76000000, 0.78000000, 0.80000000, 0.82000000, 0.84000000, 0.86000000, 0.88000000, 0.90000000, 0.92000000, 0.94000000, 0.96000000, 0.98000000, 1.00000000
0.00002368, -0.00002419, -0.00004299, -0.00005679, -0.00006521, -0.00007000, -0.00007718, -0.00008367, -0.00008770, -0.00009027, -0.00009280, -0.00009582, -0.00009914, -0.00010230, -0.00010494, -0.00010692, -0.00010833, -0.00010933, -0.00011012, -0.00011324, -0.00011537, -0.00011408, -0.00010987, -0.00010455, -0.00009903, -0.00009315, -0.00008651, -0.00007898, -0.00007082, -0.00006249, -0.00005445, -0.00004698, -0.00004020, -0.00003409, -0.00002858, -0.00002360, -0.00001910, -0.00001508, -0.00001155, -0.00000860, -0.00000623, -0.00000445, -0.00000318, -0.00000229, -0.00000167, -0.00000121, -0.00000083, -0.00000049, -0.00000016, 0.00000013, 0.00000036, 0.00000051, 0.00000053, 0.00000043, 0.00000024, -0.00000000, -0.00000024, -0.00000042, -0.00000053, -0.00000058, -0.00000061, -0.00000066, -0.00000061, 0.00000000
0.00011611, 0.00003820, 0.00000521, -0.00001720, -0.00003154, -0.00004069, -0.00005159, -0.00006122, -0.00006783, -0.00007260, -0.00007707, -0.00008190, -0.00008689, -0.00009158, -0.00009559, -0.00009880, -0.00010127, -0.00010321, -0.00010483, -0.00011041, -0.00011398, -0.00011326, -0.00010899, -0.00010327, -0.00009721, -0.00009078, -0.00008362, -0.00007564, -0.00006714, -0.00005860, -0.00005049, -0.00004311, -0.00003654, -0.00003074, -0.00002561, -0.00002103, -0.00001695, -0.00001333, -0.00001017, -0.00000755, -0.00000545, -0.00000391, -0.00000283, -0.00000210, -0.00000159, -0.00000120, -0.00000087, -0.00000055, -0.00000022, 0.00000008, 0.00000033, 0.00000049, 0.00000052, 0.00000043, 0.00000023, -0.00000001, -0.00000025, -0.00000043, -0.00000053, -0.00000057, -0.00000060, -0.00000065, -0.00000061, 0.00000000
-0.00086744, -0.00060220, -0.00046916, -0.00037959, -0.00031686, -0.00027135, -0.00022918, -0.00019346, -0.00016593, -0.00014394, -0.00012444, -0.00010601, -0.00008865, -0.00007291, -0.00005923, -0.00004771, -0.00003811, -0.00003005, -0.00002311, -0.00000087, 0.00001547, 0.00002401, 0.00002633, 0.00002591, 0.00002473, 0.00002303, 0.00002044, 0.00001694, 0.00001297, 0.00000919, 0.00000614, 0.00000405, 0.00000284, 0.00000223, 0.00000191, 0.00000162, 0.00000122, 0.00000074, 0.00000026, -0.00000013, -0.00000032, -0.00000032, -0.00000010, 0.00000027, 0.00000070, 0.00000106, 0.00000127, 0.00000127, 0.00000107, 0.00000075, 0.00000039, 0.00000010, -0.00000005, -0.00000004, 0.00000008, 0.00000023, 0.00000028, 0.00000015, -0.00000019, -0.00000065, -0.00000103, -0.00000106, -0.00000062, 0.00000000
-0.00069732, -0.00052492, -0.00043762, -0.00037846, -0.00033646, -0.00030533, -0.00027634, -0.00025136, -0.00023145, -0.00021499, -0.00020006, -0.00018579, -0.00017220, -0.00015961, -0.00014832, -0.00013840, -0.00012970, -0.00012199, -0.00011503, -0.00009115, -0.00007166, -0.00005770, -0.00004841, -0.00004168, -0.00003624, -0.00003187, -0.00002867, -0.00002653, -0.00002506, -0.00002376, -0.00002223, -0.00002030, -0.00001802, -0.00001555, -0.00001312, -0.00001091, -0.00000900, -0.00000741, -0.00000605, -0.00000491, -0.00000387, -0.00000294, -0.00000208, -0.00000129, -0.00000059, -0.00000004, 0.00000031, 0.00000048, 0.00000046, 0.00000034, 0.00000016, 0.00000002, -0.00000005, -0.00000004, 0.00000004, 0.00000012, 0.00000014, 0.00000002, -0.00000024, -0.00000058, -0.00000086, -0.00000090, -0.00000057, 0.00000000
0.00053150, 0.00034246, 0.00025778, 0.00020152, 0.00016480, 0.00014054, 0.00011468, 0.00009238, 0.00007663, 0.00006494, 0.00005418, 0.00004301, 0.00003169, 0.00002107, 0.00001180, 0.00000411, -0.00000217, -0.00000743, -0.00001209, -0.00002940, -0.00004427, -0.00005250, -0.00005517, -0.00005589, -0.00005645, -0.00005652, -0.00005522, -0.00005216, -0.00004769, -0.00004257, -0.00003748, -0.00003286, -0.00002878, -0.00002513, -0.00002170, -0.00001834, -0.00001499, -0.00001173, -0.00000867, -0.00000605, -0.00000396, -0.00000249, -0.00000159, -0.00000111, -0.00000088, -0.00000074, -0.00000057, -0.00000031, 0.00000004, 0.00000043, 0.00000077, 0.00000098, 0.00000100, 0.00000080, 0.00000043, -0.00000001, -0.00000040, -0.00000064, -0.00000070, -0.00000062, -0.00000055, -0.00000061, -0.00000068, 0.00000000
0.00051974, 0.00030883, 0.00022008, 0.00016304, 0.00012879, 0.00010903, 0.00008618, 0.00006708, 0.00005564, 0.00004879, 0.00004258, 0.00003537, 0.00002755, 0.00002022, 0.00001427, 0.00000998, 0.00000715, 0.00000532, 0.00000395, -0.00000289, -0.00001091, -0.00001379, -0.00001224, -0.00001039, -0.00001018, -0.00001090, -0.00001116, -0.00001027, -0.00000845, -0.00000643, -0.00000490, -0.00000418, -0.00000417, -0.00000455, -0.00000490, -0.00000491, -0.00000448, -0.00000364, -0.00000257, -0.00000155, -0.00000075, -0.00000034, -0.00000029, -0.00000049, -0.00000077, -0.00000099, -0.00000103, -0.00000085, -0.00000047, 0.00000003, 0.00000050, 0.00000083, 0.00000091, 0.00000073, 0.00000034, -0.00000014, -0.00000055, -0.00000076, -0.00000072, -0.00000053, -0.00000036, -0.00000042, -0.00000061, 0.00000000
-0.00046465, -0.00033812, -0.00027133, -0.00022657, -0.00019292, -0.00016601, -0.00014238, -0.00012160, -0.00010344, -0.00008723, -0.00007232, -0.00005832, -0.00004514, -0.00003276, -0.00002120, -0.00001045, -0.00000045, 0.00000886, 0.00001756, 0.00004738, 0.00007108, 0.00008922, 0.00010232, 0.00011109, 0.00011609, 0.00011774, 0.00011640, 0.00011247, 0.00010641, 0.00009873, 0.00008992, 0.00008042, 0.00007063, 0.00006089, 0.00005147, 0.00004262, 0.00003452, 0.00002733, 0.00002115, 0.00001595, 0.00001174, 0.00000840, 0.00000585, 0.00000399, 0.00000269, 0.00000181, 0.00000123, 0.00000085, 0.00000058, 0.00000040, 0.00000026, 0.00000017, 0.00000011, 0.00000008, 0.00000006, 0.00000003, -0.00000003, -0.00000016, -0.00000033, -0.00000054, -0.00000071, -0.00000076, -0.00000055, 0.00000000
-0.00166055, -0.00124003, -0.00102385, -0.00087083, -0.00075819, -0.00067163, -0.00058770, -0.00051325, -0.00045219, -0.00040022, -0.00035211, -0.00030549, -0.00026054, -0.00021836, -0.00017988, -0.00014535, -0.00011444, -0.00008650, -0.00006084, 0.00002830, 0.00009968, 0.00014942, 0.00018046, 0.00019946, 0.00021046, 0.00021441, 0.00021132, 0.00020183, 0.00018755, 0.00017048, 0.00015244, 0.00013464, 0.00011769, 0.00010175, 0.00008677, 0.00007271, 0.00005962, 0.00004769, 0.00003718, 0.00002826, 0.00002106, 0.00001552, 0.00001150, 0.00000873, 0.00000686, 0.00000555, 0.00000448, 0.00000347, 0.00000244, 0.00000142, 0.00000054, -0.00000010, -0.00000041, -0.00000037, -0.00000008, 0.00000029, 0.00000052, 0.00000046, 0.00000004, -0.00000060, -0.00000112, -0.00000115, -0.00000054, 0.00000000
-0.00053186, -0.00036608, -0.00027843, -0.00021863, -0.00017491, -0.00014143, -0.00011156, -0.00008594, -0.00006492, -0.00004719, -0.00003135, -0.00001669, -0.00000312, 0.00000923, 0.00002021, 0.00002984, 0.00003822, 0.00004556, 0.00005203, 0.00007210, 0.00008544, 0.00009229, 0.00009384, 0.00009194, 0.00008781, 0.00008201, 0.00007482, 0.00006661, 0.00005791, 0.00004926, 0.00004112, 0.00003378, 0.00002735, 0.00002180, 0.00001706, 0.00001304, 0.00000966, 0.00000689, 0.00000471, 0.00000306, 0.00000190, 0.00000113, 0.00000070, 0.00000053, 0.00000052, 0.00000059, 0.00000064, 0.00000064, 0.00000057, 0.00000044, 0.00000030, 0.00000017, 0.00000010, 0.00000008, 0.00000010, 0.00000011, 0.00000007, -0.00000006, -0.00000030, -0.00000059, -0.00000083, -0.00000087, -0.00000059, 0.00000000
-0.00005281, -0.00006209, -0.00005828, -0.00005356, -0.00004717, -0.00003988, -0.00003484, -0.00003023, -0.00002497, -0.00001954, -0.00001464, -0.00001049, -0.00000694, -0.00000369, -0.00000052, 0.00000268, 0.00000588, 0.00000901, 0.00001196, 0.00002131, 0.00002810, 0.00003421, 0.00003965, 0.00004357, 0.00004570, 0.00004633, 0.00004594, 0.00004486, 0.00004317, 0.00004088, 0.00003797, 0.00003453, 0.00003070, 0.00002670, 0.00002274, 0.00001901, 0.00001562, 0.00001266, 0.00001014, 0.00000801, 0.00000622, 0.00000470, 0.00000343, 0.00000243, 0.00000166, 0.00000112, 0.00000078, 0.00000059, 0.00000051, 0.00000050, 0.00000051, 0.00000051, 0.00000046, 0.00000036, 0.00000021, 0.00000003, -0.00000016, -0.00000033, -0.00000047, -0.00000058, -0.00000067, -0.00000072, -0.00000061, 0.00000000
-0.00065278, -0.00053454, -0.00047375, -0.00043285, -0.00040230, -0.00037799, -0.00035567, -0.00033569, -0.00031824, -0.00030253, -0.00028772, -0.00027339, -0.00025951, -0.00024619, -0.00023354, -0.00022160, -0.00021032, -0.00019962, -0.00018942, -0.00015195, -0.00011865, -0.00008999, -0.00006579, -0.00004532, -0.00002805, -0.00001376, -0.00000233, 0.00000642, 0.00001281, 0.00001718, 0.00001988, 0.00002121, 0.00002142, 0.00002070, 0.00001926, 0.00001728, 0.00001498, 0.00001257, 0.00001024, 0.00000810, 0.00000625, 0.00000471, 0.00000350, 0.00000261, 0.00000200, 0.00000157, 0.00000127, 0.00000104, 0.00000083, 0.00000064, 0.00000047, 0.00000033, 0.00000023, 0.00000018, 0.00000014, 0.00000010, 0.00000002, -0.00000012, -0.00000034, -0.00000060, -0.00000081, -0.00000085, -0.00000060, 0.00000000
-0.00029907, -0.00021971, -0.00017559, -0.00014499, -0.00012189, -0.00010362, -0.00008774, -0.00007407, -0.00006253, -0.00005256, -0.00004365, -0.00003549, -0.00002801, -0.00002118, -0.00001501, -0.00000949, -0.00000456, -0.00000015, 0.00000381, 0.00001650, 0.00002589, 0.00003245, 0.00003658, 0.00003880, 0.00003952, 0.00003902, 0.00003748, 0.00003514, 0.00003223, 0.00002901, 0.00002567, 0.00002237, 0.00001920, 0.00001623, 0.00001349, 0.00001100, 0.00000877, 0.00000686, 0.00000528, 0.00000398, 0.00000298, 0.00000221, 0.00000165, 0.00000127, 0.00000105, 0.00000091, 0.00000083, 0.00000076, 0.00000067, 0.00000058, 0.00000048, 0.00000039, 0.00000031, 0.00000024, 0.00000018, 0.00000010, -0.00000001, -0.00000017, -0.00000038, -0.00000061, -0.00000080, -0.00000084, -0.00000062, 0.00000000
-0.00048379, -0.00038744, -0.00033097, -0.00028957, -0.00025680, -0.00022967, -0.00020510, -0.00018321, -0.00016403, -0.00014692, -0.00013122, -0.00011658, -0.00010291, -0.00009025, -0.00007862, -0.00006800, -0.00005833, -0.00004950, -0.00004142, -0.00001492, 0.00000451, 0.00001786, 0.00002619, 0.00003074, 0.00003248, 0.00003209, 0.00003010, 0.00002698, 0.00002325, 0.00001932, 0.00001554, 0.00001211, 0.00000914, 0.00000663, 0.00000455, 0.00000287, 0.00000155, 0.00000055, -0.00000013, -0.00000056, -0.00000077, -0.00000083, -0.00000076, -0.00000060, -0.00000038, -0.00000015, 0.00000004, 0.00000017, 0.00000024, 0.00000025, 0.00000022, 0.00000019, 0.00000015, 0.00000013, 0.00000011, 0.00000008, -0.00000001, -0.00000015, -0.00000035, -0.00000058, -0.00000078, -0.00000082, -0.00000059, 0.00000000
0.00058979, 0.00038249, 0.00028781, 0.00022352, 0.00018015, 0.00015009, 0.00011819, 0.00009009, 0.00006911, 0.00005261, 0.00003723, 0.00002155, 0.00000586, -0.00000892, -0.00002205, -0.00003328, -0.00004279, -0.00005099, -0.00005835, -0.00008447, -0.00010531, -0.00011657, -0.00011972, -0.00011899, -0.00011667, -0.00011278, -0.00010667, -0.00009826, -0.00008820, -0.00007752, -0.00006717, -0.00005772, -0.00004939, -0.00004205, -0.00003549, -0.00002951, -0.00002402, -0.00001901, -0.00001455, -0.00001081, -0.00000784, -0.00000568, -0.00000424, -0.00000332, -0.00000273, -0.00000228, -0.00000184, -0.00000134, -0.00000076, -0.00000017, 0.00000035, 0.00000070, 0.00000081, 0.00000067, 0.00000034, -0.00000009, -0.00000046, -0.00000068, -0.00000070, -0.00000058, -0.00000048, -0.00000054, -0.00000064, 0.00000000
-0.00005821, -0.00005322, -0.00004488, -0.00003801, -0.00003115, -0.00002439, -0.00001959, -0.00001540, -0.00001107, -0.00000683, -0.00000310, -0.00000001, 0.00000259, 0.00000490, 0.00000708, 0.00000921, 0.00001127, 0.00001324, 0.00001504, 0.00002032, 0.00002393, 0.00002730, 0.00003036, 0.00003250, 0.00003342, 0.00003330, 0.00003241, 0.00003098, 0.00002909, 0.00002677, 0.00002408, 0.00002111, 0.00001799, 0.00001491, 0.00001201, 0.00000941, 0.00000718, 0.00000537, 0.00000396, 0.00000286, 0.00000203, 0.00000138, 0.00000089, 0.00000053, 0.00000030, 0.00000018, 0.00000014, 0.00000015, 0.00000020, 0.00000026, 0.00000031, 0.00000033, 0.00000031, 0.00000025, 0.00000015, 0.00000002, -0.00000013, -0.00000028, -0.00000042, -0.00000056, -0.00000066, -0.00000071, -0.00000058, 0.00000000
-0.00013240, -0.00012943, -0.00011951, -0.00011170, -0.00010315, -0.00009409, -0.00008809, -0.00008275, -0.00007668, -0.00007042, -0.00006483, -0.00006020, -0.00005631, -0.00005280, -0.00004940, -0.00004599, -0.00004258, -0.00003928, -0.00003619, -0.00002684, -0.00002058, -0.00001489, -0.00000958, -0.00000550, -0.00000291, -0.00000139, -0.00000036, 0.00000053, 0.00000132, 0.00000193, 0.00000223, 0.00000219, 0.00000187, 0.00000140, 0.00000091, 0.00000050, 0.00000025, 0.00000015, 0.00000019, 0.00000027, 0.00000034, 0.00000034, 0.00000027, 0.00000018, 0.00000011, 0.00000007, 0.00000008, 0.00000014, 0.00000025, 0.00000036, 0.00000046, 0.00000051, 0.00000049, 0.00000039, 0.00000022, 0.00000002, -0.00000018, -0.00000036, -0.00000049, -0.00000058, -0.00000066, -0.00000071, -0.00000061, 0.00000000
0.00005826, 0.00000726, -0.00001401, -0.00002965, -0.00004021, -0.00004742, -0.00005662, -0.00006514, -0.00007142, -0.00007633, -0.00008111, -0.00008622, -0.00009151, -0.00009657, -0.00010109, -0.00010494, -0.00010819, -0.00011100, -0.00011353, -0.00012254, -0.00012913, -0.00013153, -0.00013039, -0.00012747, -0.00012363, -0.00011880, -0.00011268, -0.00010520, -0.00009664, -0.00008745, -0.00007813, -0.00006901, -0.00006031, -0.00005210, -0.00004443, -0.00003731, -0.00003077, -0.00002484, -0.00001958, -0.00001508, -0.00001135, -0.00000840, -0.00000614, -0.00000443, -0.00000314, -0.00000217, -0.00000140, -0.00000079, -0.00000029, 0.00000011, 0.00000040, 0.00000056, 0.00000059, 0.00000050, 0.00000030, 0.00000005, -0.00000020, -0.00000041, -0.00000056, -0.00000065, -0.00000072, -0.00000077, -0.00000068, 0.00000000
0.00103910, 0.00069670, 0.00054222, 0.00043984, 0.00037195, 0.00032579, 0.00027740, 0.00023524, 0.00020423, 0.00018018, 0.00015781, 0.00013484, 0.00011173, 0.00008989, 0.00007043, 0.00005373, 0.00003954, 0.00002720, 0.00001603, -0.00002540, -0.00006145, -0.00008488, -0.00009727, -0.00010466, -0.00011016, -0.00011348, -0.00011334, -0.00010935, -0.00010228, -0.00009352, -0.00008437, -0.00007565, -0.00006758, -0.00006002, -0.00005270, -0.00004542, -0.00003816, -0.00003109, -0.00002447, -0.00001867, -0.00001389, -0.00001027, -0.00000773, -0.00000603, -0.00000491, -0.00000408, -0.00000331, -0.00000248, -0.00000156, -0.00000062, 0.00000020, 0.00000077, 0.00000098, 0.00000082, 0.00000036, -0.00000021, -0.00000070, -0.00000092, -0.00000082, -0.00000051, -0.00000025, -0.00000032, -0.00000061, 0.00000000
0.00077652, 0.00043600, 0.00028135, 0.00017855, 0.00011217, 0.00006932, 0.00002467, -0.00001279, -0.00003791, -0.00005523, -0.00007047, -0.00008607, -0.00010163, -0.00011568, -0.00012710, -0.00013554, -0.00014132, -0.00014516, -0.00014785, -0.00015612, -0.00016094, -0.00015514, -0.00014080, -0.00012454, -0.00010976, -0.00009613, -0.00008225, -0.00006758, -0.00005282, -0.00003923, -0.00002790, -0.00001934, -0.00001338, -0.00000942, -0.00000674, -0.00000470, -0.00000292, -0.00000125, 0.00000024, 0.00000136, 0.00000199, 0.00000202, 0.00000157, 0.00000081, 0.00000001, -0.00000063, -0.00000095, -0.00000087, -0.00000046, 0.00000015, 0.00000076, 0.00000118, 0.00000128, 0.00000102, 0.00000048, -0.00000018, -0.00000072, -0.00000098, -0.00000087, -0.00000054, -0.00000026, -0.00000033, -0.00000065, 0.00000000
0.00059267, 0.00042601, 0.00034804, 0.00029370, 0.00025519, 0.00022668, 0.00019655, 0.00016925, 0.00014737, 0.00012894, 0.00011137, 0.00009357, 0.00007577, 0.00005871, 0.00004297, 0.00002875, 0.00001594, 0.00000423, -0.00000673, -0.00004683, -0.00008064, -0.00010471, -0.00012014, -0.00013024, -0.00013686, -0.00014013, -0.00013968, -0.00013559, -0.00012852, -0.00011945, -0.00010932, -0.00009882, -0.00008833, -0.00007803, -0.00006799, -0.00005827, -0.00004899, -0.00004030, -0.00003238, -0.00002546, -0.00001961, -0.00001491, -0.00001125, -0.00000847, -0.00000637, -0.00000475, -0.00000346, -0.00000237, -0.00000144, -0.00000065, -0.00000003, 0.00000037, 0.00000054, 0.00000049, 0.00000025, -0.00000007, -0.00000038, -0.00000057, -0.00000063, -0.00000058, -0.00000054, -0.00000060, -0.00000063, 0.00000000
0.00015343, 0.00004941, 0.00000220, -0.00003259, -0.00005591, -0.00007143, -0.00008966, -0.00010573, -0.00011684, -0.00012481, -0.00013208, -0.00013967, -0.00014727, -0.00015418, -0.00015983, -0.00016403, -0.00016694, -0.00016887, -0.00017019, -0.00017339, -0.00017312, -0.00016622, -0.00015406, -0.00014007, -0.00012610, -0.00011223, -0.00009801, -0.00008342, -0.00006900, -0.00005555, -0.00004373, -0.00003389, -0.00002604, -0.00001991, -0.00001513, -0.00001135, -0.00000829, -0.00000580, -0.00000378, -0.00000227, -0.00000123, -0.00000066, -0.00000046, -0.00000048, -0.00000059, -0.00000067, -0.00000064, -0.00000047, -0.00000019, 0.00000015, 0.00000047, 0.00000067, 0.00000071, 0.00000057, 0.00000029, -0.00000006, -0.00000037, -0.00000057, -0.00000061, -0.00000056, -0.00000052, -0.00000057, -0.00000062, 0.00000000
-0.00034919, -0.00024584, -0.00018938, -0.00015100, -0.00012266, -0.00010076, -0.00008202, -0.00006621, -0.00005314, -0.00004213, -0.00003248, -0.00002382, -0.00001601, -0.00000904, -0.00000292, 0.00000240, 0.00000698, 0.00001093, 0.00001433, 0.00002413, 0.00002998, 0.00003264, 0.00003281, 0.00003135, 0.00002886, 0.00002571, 0.00002214, 0.00001837, 0.00001464, 0.00001117, 0.00000812, 0.00000558, 0.00000355, 0.00000197, 0.00000079, -0.00000008, -0.00000068, -0.00000105, -0.00000120, -0.00000122, -0.00000110, -0.00000092, -0.00000069, -0.00000043, -0.00000016, 0.00000009, 0.00000027, 0.00000039, 0.00000043, 0.00000041, 0.00000036, 0.00000030, 0.00000024, 0.00000020, 0.00000015, 0.00000009, -0.00000000, -0.00000016, -0.00000037, -0.00000060, -0.00000079, -0.00000083, -0.00000061, 0.00000000
-0.00132606, -0.00093084, -0.00073704, -0.00060673, -0.00051619, -0.00045102, -0.00038906, -0.00033613, -0.00029551, -0.00026310, -0.00023404, -0.00020612, -0.00017945, -0.00015505, -0.00013370, -0.00011561, -0.00010044, -0.00008758, -0.00007636, -0.00003924, -0.00001092, 0.00000493, 0.00001081, 0.00001252, 0.00001328, 0.00001333, 0.00001196, 0.00000901, 0.00000513, 0.00000136, -0.00000144, -0.00000292, -0.00000320, -0.00000271, -0.00000199, -0.00000144, -0.00000124, -0.00000138, -0.00000167, -0.00000194, -0.00000198, -0.00000173, -0.00000119, -0.00000044, 0.00000035, 0.00000101, 0.00000138, 0.00000142, 0.00000114, 0.00000065, 0.00000012, -0.00000028, -0.00000045, -0.00000036, -0.00000007, 0.00000027, 0.00000048, 0.00000039, -0.00000002, -0.00000063, -0.00000114, -0.00000117, -0.00000058, 0.00000000
0.00082596, 0.00064119, 0.00053903, 0.00046020, 0.00039832, 0.00034786, 0.00029722, 0.00025087, 0.00021138, 0.00017667, 0.00014406, 0.00011233, 0.00008166, 0.00005270, 0.00002597, 0.00000165, -0.00002044, -0.00004065, -0.00005936, -0.00012381, -0.00017305, -0.00020553, -0.00022388, -0.00023268, -0.00023491, -0.00023165, -0.00022336, -0.00021076, -0.00019505, -0.00017761, -0.00015964, -0.00014199, -0.00012513, -0.00010926, -0.00009440, -0.00008056, -0.00006777, -0.00005612, -0.00004568, -0.00003661, -0.00002893, -0.00002267, -0.00001767, -0.00001373, -0.00001064, -0.00000818, -0.00000618, -0.00000449, -0.00000307, -0.00000188, -0.00000094, -0.00000028, 0.00000008, 0.00000017, 0.00000005, -0.00000020, -0.00000045, -0.00000062, -0.00000065, -0.00000060, -0.00000056, -0.00000061, -0.00000064, 0.00000000
0.00066166, 0.00042769, 0.00032257, 0.00025196, 0.00020561, 0.00017478, 0.00014158, 0.00011277, 0.00009226, 0.00007691, 0.00006270, 0.00004796, 0.00003304, 0.00001903, 0.00000680, -0.00000337, -0.00001168, -0.00001865, -0.00002480, -0.00004745, -0.00006672, -0.00007702, -0.00007968, -0.00007939, -0.00007855, -0.00007690, -0.00007343, -0.00006779, -0.00006057, -0.00005278, -0.00004537, -0.00003887, -0.00003338, -0.00002869, -0.00002448, -0.00002049, -0.00001661, -0.00001289, -0.00000945, -0.00000653, -0.00000426, -0.00000272, -0.00000184, -0.00000144, -0.00000131, -0.00000125, -0.00000112, -0.00000083, -0.00000038, 0.00000014, 0.00000062, 0.00000094, 0.00000101, 0.00000081, 0.00000040, -0.00000010, -0.00000053, -0.00000076, -0.00000075, -0.00000056, -0.00000041, -0.00000047, -0.00000064, 0.00000000
-0.00012641, -0.00011170, -0.00009740, -0.00008656, -0.00007685, -0.00006795, -0.00006146, -0.00005591, -0.00005045, -0.00004527, -0.00004074, -0.00003694, -0.00003373, -0.00003088, -0.00002823, -0.00002570, -0.00002327, -0.00002099, -0.00001891, -0.00001280, -0.00000875, -0.00000521, -0.00000209, 0.00000015, 0.00000135, 0.00000179, 0.00000183, 0.00000173, 0.00000157, 0.00000135, 0.00000104, 0.00000063, 0.00000016, -0.00000030, -0.00000069, -0.00000097, -0.00000112, -0.00000112, -0.00000100, -0.00000085, -0.00000067, -0.00000054, -0.00000044, -0.00000036, -0.00000027, -0.00000018, -0.00000008, 0.00000003, 0.00000014, 0.00000023, 0.00000030, 0.00000033, 0.00000032, 0.00000026, 0.00000016, 0.00000002, -0.00000013, -0.00000028, -0.00000043, -0.00000057, -0.00000068, -0.00000072, -0.00000059, 0.00000000
-0.00083273, -0.00069292, -0.00061835, -0.00056435, -0.00052292, -0.00048949, -0.00045704, -0.00042751, -0.00040199, -0.00037922, -0.00035762, -0.00033648, -0.00031584, -0.00029604, -0.00027735, -0.00025987, -0.00024352, -0.00022812, -0.00021348, -0.00015985, -0.00011266, -0.00007334, -0.00004150, -0.00001551, 0.00000565, 0.00002230, 0.00003451, 0.00004262, 0.00004725, 0.00004915, 0.00004904, 0.00004749, 0.00004487, 0.00004145, 0.00003744, 0.00003303, 0.00002844, 0.00002390, 0.00001964, 0.00001579, 0.00001249, 0.00000974, 0.00000755, 0.00000588, 0.00000463, 0.00000368, 0.00000293, 0.00000229, 0.00000171, 0.00000120, 0.00000076, 0.00000043, 0.00000023, 0.00000015, 0.00000014, 0.00000016, 0.00000013, -0.00000001, -0.00000026, -0.00000058, -0.00000085, -0.00000089, -0.00000058, 0.00000000
-0.00052014, -0.00041733, -0.00036657, -0.00033368, -0.00031034, -0.00029273, -0.00027675, -0.00026281, -0.00025116, -0.00024104, -0.00023165, -0.00022258, -0.00021382, -0.00020552, -0.00019778, -0.00019063, -0.00018404, -0.00017791, -0.00017214, -0.00015117, -0.00013244, -0.00011654, -0.00010335, -0.00009214, -0.00008239, -0.00007390, -0.00006658, -0.00006026, -0.00005464, -0.00004945, -0.00004444, -0.00003952, -0.00003467, -0.00002998, -0.00002554, -0.00002144, -0.00001774, -0.00001446, -0.00001155, -0.00000905, -0.00000690, -0.00000511, -0.00000363, -0.00000241, -0.00000143, -0.00000069, -0.00000017, 0.00000015, 0.00000030, 0.00000034, 0.00000030, 0.00000024, 0.00000019, 0.00000016, 0.00000014, 0.00000011, 0.00000003, -0.00000012, -0.00000035, -0.00000061, -0.00000082, -0.00000086, -0.00000061, 0.00000000
0.00052441, 0.00035705, 0.00028153, 0.00022889, 0.00019286, 0.00016748, 0.00013938, 0.00011409, 0.00009486, 0.00007937, 0.00006460, 0.00004929, 0.00003377, 0.00001891, 0.00000542, -0.00000647, -0.00001690, -0.00002623, -0.00003487, -0.00006714, -0.00009516, -0.00011449, -0.00012612, -0.00013365, -0.00013896, -0.00014183, -0.00014154, -0.00013786, -0.00013135, -0.00012291, -0.00011347, -0.00010364, -0.00009376, -0.00008390, -0.00007408, -0.00006432, -0.00005477, -0.00004561, -0.00003709, -0.00002951, -0.00002302, -0.00001772, -0.00001355, -0.00001034, -0.00000788, -0.00000596, -0.00000441, -0.00000308, -0.00000194, -0.00000096, -0.00000019, 0.00000032, 0.00000055, 0.00000051, 0.00000025, -0.00000011, -0.00000044, -0.00000065, -0.00000067, -0.00000057, -0.00000049, -0.00000055, -0.00000063, 0.00000000
-0.00025929, -0.00027417, -0.00028985, -0.00030740, -0.00032432, -0.00034028, -0.00035671, -0.00037246, -0.00038682, -0.00040003, -0.00041247, -0.00042428, -0.00043543, -0.00044579, -0.00045526, -0.00046383, -0.00047155, -0.00047849, -0.00048473, -0.00050343, -0.00051231, -0.00051188, -0.00050350, -0.00048875, -0.00046872, -0.00044410, -0.00041549, -0.00038358, -0.00034924, -0.00031345, -0.00027722, -0.00024149, -0.00020708, -0.00017469, -0.00014487, -0.00011798, -0.00009425, -0.00007378, -0.00005647, -0.00004225, -0.00003083, -0.00002195, -0.00001522, -0.00001025, -0.00000667, -0.00000415, -0.00000242, -0.00000127, -0.00000052, -0.00000005, 0.00000023, 0.00000036, 0.00000039, 0.00000034, 0.00000023, 0.00000007, -0.00000011, -0.00000029, -0.00000046, -0.00000062, -0.00000074, -0.00000078, -0.00000063, 0.00000000
-0.00060015, -0.00045069, -0.00037658, -0.00032599, -0.00029042, -0.00026445, -0.00023945, -0.00021783, -0.00020092, -0.00018713, -0.00017456, -0.00016235, -0.00015057, -0.00013962, -0.00012983, -0.00012130, -0.00011388, -0.00010736, -0.00010147, -0.00008075, -0.00006296, -0.00004985, -0.00004077, -0.00003373, -0.00002761, -0.00002237, -0.00001827, -0.00001533, -0.00001326, -0.00001161, -0.00001000, -0.00000827, -0.00000645, -0.00000470, -0.00000318, -0.00000203, -0.00000128, -0.00000086, -0.00000063, -0.00000054, -0.00000043, -0.00000030, -0.00000009, 0.00000020, 0.00000050, 0.00000075, 0.00000090, 0.00000090, 0.00000077, 0.00000056, 0.00000032, 0.00000012, 0.00000002, 0.00000001, 0.00000008, 0.00000016, 0.00000016, 0.00000003, -0.00000025, -0.00000061, -0.00000091, -0.00000095, -0.00000060, 0.00000000
0.00037490, 0.00025267, 0.00019751, 0.00015784, 0.00013044, 0.00011104, 0.00008887, 0.00006874, 0.00005346, 0.00004119, 0.00002947, 0.00001729, 0.00000494, -0.00000683, -0.00001745, -0.00002670, -0.00003471, -0.00004177, -0.00004824, -0.00007176, -0.00009114, -0.00010296, -0.00010827, -0.00011027, -0.00011062, -0.00010927, -0.00010567, -0.00009973, -0.00009196, -0.00008319, -0.00007420, -0.00006552, -0.00005739, -0.00004982, -0.00004274, -0.00003608, -0.00002983, -0.00002406, -0.00001885, -0.00001438, -0.00001070, -0.00000787, -0.00000579, -0.00000431, -0.00000324, -0.00000243, -0.00000175, -0.00000113, -0.00000054, 0.00000000, 0.00000044, 0.00000071, 0.00000079, 0.00000065, 0.00000036, -0.00000001, -0.00000035, -0.00000058, -0.00000065, -0.00000063, -0.00000060, -0.00000065, -0.00000068, 0.00000000
0.00030537, 0.00013008, 0.00005158, -0.00000181, -0.00003612, -0.00005792, -0.00008187, -0.00010217, -0.00011548, -0.00012441, -0.00013232, -0.00014062, -0.00014901, -0.00015659, -0.00016264, -0.00016693, -0.00016966, -0.00017125, -0.00017215, -0.00017434, -0.00017398, -0.00016652, -0.00015329, -0.00013844, -0.00012417, -0.00011043, -0.00009653, -0.00008227, -0.00006821, -0.00005521, -0.00004398, -0.00003487, -0.00002777, -0.00002231, -0.00001803, -0.00001449, -0.00001142, -0.00000869, -0.00000630, -0.00000436, -0.00000290, -0.00000198, -0.00000152, -0.00000136, -0.00000135, -0.00000134, -0.00000123, -0.00000095, -0.00000054, -0.00000007, 0.00000038, 0.00000068, 0.00000077, 0.00000062, 0.00000029, -0.00000012, -0.00000047, -0.00000067, -0.00000067, -0.00000053, -0.00000042, -0.00000048, -0.00000060, 0.00000000
0.00018556, 0.00011251, 0.00008701, 0.00007130, 0.00006369, 0.00006114, 0.00005553, 0.00005068, 0.00004881, 0.00004856, 0.00004812, 0.00004675, 0.00004473, 0.00004268, 0.00004107, 0.00004008, 0.00003963, 0.00003952, 0.00003948, 0.00003750, 0.00003394, 0.00003238, 0.00003254, 0.00003236, 0.00003090, 0.00002857, 0.00002612, 0.00002400, 0.00002214, 0.00002028, 0.00001814, 0.00001563, 0.00001288, 0.00001010, 0.00000755, 0.00000542, 0.00000380, 0.00000268, 0.00000198, 0.00000151, 0.00000116, 0.00000081, 0.00000045, 0.00000010, -0.00000018, -0.00000036, -0.00000040, -0.00000031, -0.00000011, 0.00000014, 0.00000037, 0.00000053, 0.00000056, 0.00000045, 0.00000023, -0.00000005, -0.00000030, -0.00000048, -0.00000055, -0.00000055, -0.00000054, -0.00000059, -0.00000059, 0.00000000
-0.00004663, -0.00005264, -0.00004778, -0.00004332, -0.00003777, -0.00003162, -0.00002815, -0.00002528, -0.00002178, -0.00001815, -0.00001514, -0.00001299, -0.00001154, -0.00001044, -0.00000944, -0.00000843, -0.00000742, -0.00000649, -0.00000574, -0.00000514, -0.00000673, -0.00000815, -0.00000918, -0.00001049, -0.00001230, -0.00001420, -0.00001568, -0.00001646, -0.00001652, -0.00001604, -0.00001522, -0.00001422, -0.00001311, -0.00001191, -0.00001062, -0.00000924, -0.00000781, -0.00000637, -0.00000496, -0.00000372, -0.00000266, -0.00000187, -0.00000130, -0.00000090, -0.00000061, -0.00000039, -0.00000019, -0.00000001, 0.00000016, 0.00000031, 0.00000042, 0.00000048, 0.00000046, 0.00000037, 0.00000022, 0.00000003, -0.00000016, -0.00000034, -0.00000048, -0.00000059, -0.00000068, -0.00000072, -0.00000062, 0.00000000
-0.00033912, -0.00029491, -0.00026970, -0.00025218, -0.00023866, -0.00022762, -0.00021795, -0.00020939, -0.00020178, -0.00019486, -0.00018843, -0.00018236, -0.00017660, -0.00017112, -0.00016593, -0.00016100, -0.00015632, -0.00015186, -0.00014759, -0.00013194, -0.00011742, -0.00010376, -0.00009098, -0.00007913, -0.00006820, -0.00005819, -0.00004907, -0.00004082, -0.00003342, -0.00002686, -0.00002112, -0.00001620, -0.00001209, -0.00000875, -0.00000613, -0.00000414, -0.00000270, -0.00000169, -0.00000098, -0.00000052, -0.00000023, -0.00000008, -0.00000001, 0.00000005, 0.00000011, 0.00000017, 0.00000023, 0.00000027, 0.00000028, 0.00000028, 0.00000026, 0.00000023, 0.00000019, 0.00000016, 0.00000011, 0.00000004, -0.00000006, -0.00000020, -0.00000037, -0.00000056, -0.00000072, -0.00000076, -0.00000058, 0.00000000
0.00030075, 0.00016077, 0.00010513, 0.00007016, 0.00005070, 0.00004105, 0.00002823, 0.00001756, 0.00001214, 0.00000970, 0.00000732, 0.00000381, -0.00000051, -0.00000476, -0.00000824, -0.00001071, -0.00001230, -0.00001334, -0.00001422, -0.00002013, -0.00002829, -0.00003320, -0.00003492, -0.00003622, -0.00003827, -0.00004033, -0.00004121, -0.00004034, -0.00003792, -0.00003460, -0.00003106, -0.00002769, -0.00002462, -0.00002176, -0.00001895, -0.00001609, -0.00001317, -0.00001026, -0.00000752, -0.00000517, -0.00000332, -0.00000206, -0.00000132, -0.00000097, -0.00000084, -0.00000078, -0.00000068, -0.00000046, -0.00000014, 0.00000024, 0.00000059, 0.00000081, 0.00000085, 0.00000068, 0.00000035, -0.00000006, -0.00000042, -0.00000063, -0.00000066, -0.00000057, -0.00000049, -0.00000055, -0.00000063, 0.00000000
0.00265173, 0.00198669, 0.00164078, 0.00138484, 0.00119190, 0.00104047, 0.00088765, 0.00074924, 0.00063438, 0.00053541, 0.00044251, 0.00035140, 0.00026269, 0.00017886, 0.00010186, 0.00003231, -0.00003036, -0.00008738, -0.00014010, -0.00032486, -0.00047192, -0.00057221, -0.00063179, -0.00066439, -0.00067840, -0.00067591, -0.00065712, -0.00062362, -0.00057900, -0.00052772, -0.00047387, -0.00042037, -0.00036889, -0.00032012, -0.00027428, -0.00023149, -0.00019197, -0.00015612, -0.00012438, -0.00009721, -0.00007474, -0.00005689, -0.00004319, -0.00003294, -0.00002531, -0.00001951, -0.00001486, -0.00001091, -0.00000742, -0.00000437, -0.00000189, -0.00000015, 0.00000074, 0.00000080, 0.00000023, -0.00000061, -0.00000133, -0.00000157, -0.00000122, -0.00000049, 0.00000011, 0.00000003, -0.00000064, 0.00000000
-0.00041390, -0.00034493, -0.00031307, -0.00029616, -0.00028518, -0.00027729, -0.00027192, -0.00026775, -0.00026401, -0.00026059, -0.00025750, -0.00025470, -0.00025208, -0.00024951, -0.00024691, -0.00024425, -0.00024154, -0.00023882, -0.00023611, -0.00022548, -0.00021431, -0.00020212, -0.00018923, -0.00017613, -0.00016302, -0.00014987, -0.00013662, -0.00012329, -0.00011003, -0.00009704, -0.00008456, -0.00007277, -0.00006183, -0.00005185, -0.00004288, -0.00003494, -0.00002803, -0.00002210, -0.00001708, -0.00001295, -0.00000961, -0.00000701, -0.00000502, -0.00000352, -0.00000238, -0.00000154, -0.00000092, -0.00000048, -0.00000017, 0.00000005, 0.00000018, 0.00000024, 0.00000025, 0.00000022, 0.00000014, 0.00000004, -0.00000010, -0.00000026, -0.00000042, -0.00000059, -0.00000072, -0.00000077, -0.00000060, 0.00000000
-0.00023645, -0.00017891, -0.00014846, -0.00013130, -0.00011941, -0.00011052, -0.00010533, -0.00010182, -0.00009879, -0.00009628, -0.00009456, -0.00009364, -0.00009331, -0.00009332, -0.00009348, -0.00009367, -0.00009391, -0.00009423, -0.00009466, -0.00009798, -0.00010211, -0.00010526, -0.00010721, -0.00010837, -0.00010881, -0.00010823, -0.00010628, -0.00010279, -0.00009784, -0.00009165, -0.00008453, -0.00007677, -0.00006864, -0.00006038, -0.00005220, -0.00004431, -0.00003688, -0.00003006, -0.00002394, -0.00001865, -0.00001420, -0.00001060, -0.00000777, -0.00000558, -0.00000393, -0.00000269, -0.00000178, -0.00000110, -0.00000061, -0.00000026, -0.00000002, 0.00000012, 0.00000018, 0.00000017, 0.00000010, -0.00000002, -0.00000015, -0.00000029, -0.00000042, -0.00000053, -0.00000063, -0.00000067, -0.00000056, 0.00000000
0.00038630, 0.00024990, 0.00019060, 0.00015230, 0.00012833, 0.00011342, 0.00009723, 0.00008353, 0.00007453, 0.00006840, 0.00006283, 0.00005684, 0.00005065, 0.00004486, 0.00003997, 0.00003614, 0.00003325, 0.00003102, 0.00002914, 0.00002170, 0.00001486, 0.00001182, 0.00001178, 0.00001206, 0.00001134, 0.00000993, 0.00000857, 0.00000770, 0.00000722, 0.00000677, 0.00000603, 0.00000487, 0.00000339, 0.00000183, 0.00000045, -0.00000057, -0.00000114, -0.00000128, -0.00000111, -0.00000082, -0.00000053, -0.00000038, -0.00000037, -0.00000044, -0.00000053, -0.00000058, -0.00000052, -0.00000036, -0.00000010, 0.00000021, 0.00000048, 0.00000066, 0.00000068, 0.00000055, 0.00000029, -0.00000003, -0.00000032, -0.00000052, -0.00000059, -0.00000058, -0.00000056, -0.00000061, -0.00000063, 0.00000000
-0.00041250, -0.00032723, -0.00027960, -0.00024797, -0.00022481, -0.00020699, -0.00019255, -0.00018068, -0.00017085, -0.00016261, -0.00015558, -0.00014952, -0.00014430, -0.00013980, -0.00013596, -0.00013272, -0.00013002, -0.00012780, -0.00012600, -0.00012199, -0.00012085, -0.00012114, -0.00012200, -0.00012275, -0.00012282, -0.00012177, -0.00011929, -0.00011523, -0.00010957, -0.00010243, -0.00009407, -0.00008481, -0.00007503, -0.00006513, -0.00005546, -0.00004632, -0.00003793, -0.00003043, -0.00002387, -0.00001832, -0.00001373, -0.00001005, -0.00000717, -0.00000496, -0.00000329, -0.00000207, -0.00000120, -0.00000062, -0.00000024, -0.00000002, 0.00000010, 0.00000016, 0.00000017, 0.00000016, 0.00000011, 0.00000005, -0.00000006, -0.00000020, -0.00000038, -0.00000057, -0.00000072, -0.00000076, -0.00000058, 0.00000000
0.00053401, 0.00036206, 0.00028517, 0.00023243, 0.00019735, 0.00017357, 0.00014711, 0.00012365, 0.00010647, 0.00009318, 0.00008064, 0.00006754, 0.00005423, 0.00004160, 0.00003039, 0.00002083, 0.00001277, 0.00000583, -0.00000043, -0.00002345, -0.00004283, -0.00005410, -0.00005842, -0.00005968, -0.00005995, -0.00005913, -0.00005652, -0.00005195, -0.00004597, -0.00003950, -0.00003336, -0.00002805, -0.00002367, -0.00002007, -0.00001697, -0.00001416, -0.00001150, -0.00000900, -0.00000670, -0.00000480, -0.00000334, -0.00000240, -0.00000191, -0.00000172, -0.00000166, -0.00000161, -0.00000145, -0.00000114, -0.00000070, -0.00000019, 0.00000028, 0.00000060, 0.00000071, 0.00000059, 0.00000028, -0.00000011, -0.00000046, -0.00000066, -0.00000067, -0.00000055, -0.00000046, -0.00000051, -0.00000062, 0.00000000
0.00080435, 0.00050827, 0.00037544, 0.00028662, 0.00022966, 0.00019329, 0.00015416, 0.00012109, 0.00009913, 0.00008413, 0.00007083, 0.00005698, 0.00004304, 0.00003041, 0.00002018, 0.00001271, 0.00000769, 0.00000444, 0.00000225, -0.00000461, -0.00000881, -0.00000367, 0.00000868, 0.00002182, 0.00003238, 0.00004060, 0.00004776, 0.00005440, 0.00005997, 0.00006348, 0.00006415, 0.00006182, 0.00005697, 0.00005046, 0.00004328, 0.00003624, 0.00002987, 0.00002441, 0.00001984, 0.00001595, 0.00001255, 0.00000948, 0.00000668, 0.00000424, 0.00000224, 0.00000079, -0.00000006, -0.00000035, -0.00000018, 0.00000026, 0.00000076, 0.00000112, 0.00000120, 0.00000095, 0.00000043, -0.00000018, -0.00000069, -0.00000093, -0.00000083, -0.00000053, -0.00000028, -0.00000034, -0.00000063, 0.00000000
-0.00022303, -0.00020193, -0.00018897, -0.00018109, -0.00017486, -0.00016950, -0.00016590, -0.00016292, -0.00015988, -0.00015688, -0.00015416, -0.00015179, -0.00014967, -0.00014764, -0.00014560, -0.00014350, -0.00014136, -0.00013921, -0.00013710, -0.00012919, -0.00012125, -0.00011257, -0.00010346, -0.00009456, -0.00008614, -0.00007814, -0.00007040, -0.00006285, -0.00005550, -0.00004848, -0.00004188, -0.00003579, -0.00003025, -0.00002526, -0.00002082, -0.00001690, -0.00001347, -0.00001051, -0.00000797, -0.00000588, -0.00000419, -0.00000291, -0.00000197, -0.00000127, -0.00000075, -0.00000037, -0.00000009, 0.00000012, 0.00000026, 0.00000036, 0.00000041, 0.00000042, 0.00000039, 0.00000031, 0.00000020, 0.00000006, -0.00000010, -0.00000027, -0.00000044, -0.00000060, -0.00000073, -0.00000078, -0.00000062, 0.00000000
-0.00036088, -0.00027717, -0.00023034, -0.00019814, -0.00017333, -0.00015310, -0.00013565, -0.00012036, -0.00010685, -0.00009473, -0.00008368, -0.00007347, -0.00006400, -0.00005519, -0.00004702, -0.00003944, -0.00003242, -0.00002591, -0.00001987, 0.00000046, 0.00001640, 0.00002883, 0.00003820, 0.00004490, 0.00004931, 0.00005175, 0.00005254, 0.00005194, 0.00005020, 0.00004756, 0.00004423, 0.00004039, 0.00003622, 0.00003188, 0.00002752, 0.00002328, 0.00001927, 0.00001562, 0.00001241, 0.00000964, 0.00000734, 0.00000544, 0.00000395, 0.00000283, 0.00000202, 0.00000146, 0.00000109, 0.00000083, 0.00000065, 0.00000052, 0.00000042, 0.00000034, 0.00000027, 0.00000021, 0.00000014, 0.00000006, -0.00000005, -0.00000020, -0.00000038, -0.00000058, -0.00000074, -0.00000079, -0.00000059, 0.00000000
0.00009763, 0.00003925, 0.00002861, 0.00002380, 0.00002629, 0.00003329, 0.00003424, 0.00003488, 0.00003859, 0.00004366, 0.00004768, 0.00004977, 0.00005039, 0.00005046, 0.00005070, 0.00005139, 0.00005247, 0.00005366, 0.00005465, 0.00005349, 0.00004686, 0.00004096, 0.00003642, 0.00003116, 0.00002445, 0.00001725, 0.00001085, 0.00000594, 0.00000246, -0.00000006, -0.00000211, -0.00000396, -0.00000562, -0.00000694, -0.00000775, -0.00000793, -0.00000749, -0.00000656, -0.00000532, -0.00000406, -0.00000295, -0.00000215, -0.00000166, -0.00000140, -0.00000127, -0.00000116, -0.00000100, -0.00000073, -0.00000036, 0.00000004, 0.00000040, 0.00000064, 0.00000070, 0.00000057, 0.00000028, -0.00000008, -0.00000040, -0.00000059, -0.00000062, -0.00000054, -0.00000047, -0.00000053, -0.00000060, 0.00000000
0.00019887, 0.00012395, 0.00008867, 0.00006155, 0.00004249, 0.00002901, 0.00001330, -0.00000087, -0.00001132, -0.00001941, -0.00002699, -0.00003479, -0.00004261, -0.00004990, -0.00005622, -0.00006143, -0.00006564, -0.00006909, -0.00007205, -0.00008195, -0.00008852, -0.00008945, -0.00008589, -0.00008054, -0.00007484, -0.00006889, -0.00006234, -0.00005513, -0.00004763, -0.00004037, -0.00003383, -0.00002826, -0.00002366, -0.00001987, -0.00001667, -0.00001387, -0.00001134, -0.00000903, -0.00000694, -0.00000517, -0.00000376, -0.00000274, -0.00000207, -0.00000163, -0.00000134, -0.00000110, -0.00000085, -0.00000056, -0.00000023, 0.00000010, 0.00000038, 0.00000056, 0.00000060, 0.00000049, 0.00000026, -0.00000002, -0.00000029, -0.00000048, -0.00000057, -0.00000058, -0.00000059, -0.00000065, -0.00000063, 0.00000000
0.00015385, 0.00008381, 0.00005157, 0.00002899, 0.00001382, 0.00000354, -0.00000767, -0.00001744, -0.00002437, -0.00002951, -0.00003418, -0.00003898, -0.00004377, -0.00004820, -0.00005198, -0.00005502, -0.00005739, -0.00005926, -0.00006083, -0.00006614, -0.00006958, -0.00006949, -0.00006668, -0.00006301, -0.00005945, -0.00005597, -0.00005223, -0.00004806, -0.00004359, -0.00003912, -0.00003490, -0.00003108, -0.00002766, -0.00002456, -0.00002167, -0.00001889, -0.00001620, -0.00001361, -0.00001115, -0.00000895, -0.00000706, -0.00000554, -0.00000435, -0.00000343, -0.00000270, -0.00000209, -0.00000157, -0.00000109, -0.00000066, -0.00000027, 0.00000004, 0.00000024, 0.00000032, 0.00000029, 0.00000015, -0.00000004, -0.00000024, -0.00000040, -0.00000051, -0.00000057, -0.00000062, -0.00000067, -0.00000060, 0.00000000
0.00078376, 0.00057192, 0.00047370, 0.00040572, 0.00035928, 0.00032667, 0.00029177, 0.00026084, 0.00023748, 0.00021887, 0.00020138, 0.00018349, 0.00016553, 0.00014850, 0.00013319, 0.00011987, 0.00010836, 0.00009819, 0.00008888, 0.00005452, 0.00002487, 0.00000479, -0.00000715, -0.00001539, -0.00002229, -0.00002775, -0.00003097, -0.00003173, -0.00003056, -0.00002841, -0.00002614, -0.00002421, -0.00002270, -0.00002140, -0.00002002, -0.00001835, -0.00001630, -0.00001395, -0.00001148, -0.00000916, -0.00000716, -0.00000563, -0.00000456, -0.00000385, -0.00000334, -0.00000290, -0.00000241, -0.00000182, -0.00000115, -0.00000046, 0.00000015, 0.00000057, 0.00000073, 0.00000061, 0.00000029, -0.00000014, -0.00000051, -0.00000071, -0.00000070, -0.00000055, -0.00000042, -0.00000048, -0.00000062, 0.00000000
-0.00047836, -0.00036514, -0.00030636, -0.00026746, -0.00024007, -0.00022001, -0.00020259, -0.00018818, -0.00017694, -0.00016792, -0.00016013, -0.00015306, -0.00014662, -0.00014091, -0.00013600, -0.00013189, -0.00012849, -0.00012567, -0.00012331, -0.00011609, -0.00011056, -0.00010666, -0.00010381, -0.00010096, -0.00009747, -0.00009321, -0.00008826, -0.00008270, -0.00007654, -0.00006980, -0.00006256, -0.00005501, -0.00004740, -0.00004001, -0.00003310, -0.00002686, -0.00002140, -0.00001672, -0.00001278, -0.00000954, -0.00000690, -0.00000482, -0.00000318, -0.00000190, -0.00000092, -0.00000022, 0.00000025, 0.00000051, 0.00000060, 0.00000058, 0.00000049, 0.00000039, 0.00000030, 0.00000024, 0.00000020, 0.00000015, 0.00000005, -0.00000012, -0.00000036, -0.00000064, -0.00000087, -0.00000091, -0.00000064, 0.00000000
-0.00011469, -0.00013689, -0.00014505, -0.00015019, -0.00015294, -0.00015412, -0.00015593, -0.00015737, -0.00015784, -0.00015771, -0.00015748, -0.00015736, -0.00015730, -0.00015715, -0.00015679, -0.00015617, -0.00015534, -0.00015436, -0.00015329, -0.00014869, -0.00014298, -0.00013555, -0.00012690, -0.00011793, -0.00010906, -0.00010032, -0.00009155, -0.00008273, -0.00007393, -0.00006534, -0.00005713, -0.00004943, -0.00004233, -0.00003584, -0.00002997, -0.00002470, -0.00002003, -0.00001592, -0.00001234, -0.00000934, -0.00000687, -0.00000494, -0.00000346, -0.00000234, -0.00000149, -0.00000086, -0.00000039, -0.00000005, 0.00000020, 0.00000037, 0.00000046, 0.00000050, 0.00000047, 0.00000038, 0.00000025, 0.00000008, -0.00000010, -0.00000029, -0.00000047, -0.00000063, -0.00000076, -0.00000080, -0.00000065, 0.00000000
0.00058935, 0.00039177, 0.00030584, 0.00024946, 0.00021375, 0.00019108, 0.00016594, 0.00014425, 0.00012941, 0.00011874, 0.00010877, 0.00009807, 0.00008697, 0.00007644, 0.00006725, 0.00005965, 0.00005348, 0.00004831, 0.00004367, 0.00002539, 0.00000822, -0.00000260, -0.00000796, -0.00001169, -0.00001566, -0.00001940, -0.00002181, -0.00002240, -0.00002149, -0.00001981, -0.00001807, -0.00001667, -0.00001561, -0.00001471, -0.00001370, -0.00001239, -0.00001071, -0.00000876, -0.00000672, -0.00000485, -0.00000332, -0.00000227, -0.00000166, -0.00000139, -0.00000129, -0.00000122, -0.00000107, -0.00000079, -0.00000037, 0.00000011, 0.00000055, 0.00000083, 0.00000090, 0.00000073, 0.00000036, -0.00000008, -0.00000047, -0.00000069, -0.00000070, -0.00000057, -0.00000045, -0.00000051, -0.00000063, 0.00000000
-0.00077418, -0.00068015, -0.00063497, -0.00060668, -0.00058672, -0.00057153, -0.00055759, -0.00054512, -0.00053428, -0.00052443, -0.00051487, -0.00050525, -0.00049556, -0.00048589, -0.00047635, -0.00046701, -0.00045786, -0.00044884, -0.00043992, -0.00040436, -0.00036853, -0.00033360, -0.00030024, -0.00026853, -0.00023850, -0.00021029, -0.00018406, -0.00015984, -0.00013756, -0.00011712, -0.00009844, -0.00008146, -0.00006621, -0.00005272, -0.00004100, -0.00003105, -0.00002277, -0.00001605, -0.00001069, -0.00000657, -0.00000348, -0.00000127, 0.00000024, 0.00000121, 0.00000178, 0.00000204, 0.00000207, 0.00000193, 0.00000168, 0.00000138, 0.00000107, 0.00000080, 0.00000058, 0.00000042, 0.00000030, 0.00000019, 0.00000007, -0.00000010, -0.00000032, -0.00000056, -0.00000075, -0.00000079, -0.00000057, 0.00000000
-0.00016726, -0.00013711, -0.00011953, -0.00010942, -0.00010236, -0.00009715, -0.00009463, -0.00009336, -0.00009248, -0.00009202, -0.00009224, -0.00009316, -0.00009464, -0.00009645, -0.00009844, -0.00010051, -0.00010266, -0.00010489, -0.00010723, -0.00011759, -0.00012766, -0.00013559, -0.00014095, -0.00014394, -0.00014458, -0.00014274, -0.00013829, -0.00013137, -0.00012235, -0.00011175, -0.00010014, -0.00008809, -0.00007606, -0.00006447, -0.00005360, -0.00004368, -0.00003486, -0.00002719, -0.00002068, -0.00001534, -0.00001107, -0.00000780, -0.00000536, -0.00000358, -0.00000231, -0.00000141, -0.00000078, -0.00000034, -0.00000004, 0.00000015, 0.00000028, 0.00000033, 0.00000033, 0.00000027, 0.00000017, 0.00000004, -0.00000012, -0.00000028, -0.00000043, -0.00000057, -0.00000069, -0.00000074, -0.00000059, 0.00000000
-0.00007912, -0.00004625, -0.00002680, -0.00001401, -0.00000483, 0.00000199, 0.00000691, 0.00001060, 0.00001346, 0.00001564, 0.00001722, 0.00001829, 0.00001895, 0.00001929, 0.00001937, 0.00001924, 0.00001891, 0.00001841, 0.00001772, 0.00001408, 0.00001009, 0.00000618, 0.00000228, -0.00000168, -0.00000566, -0.00000947, -0.00001291, -0.00001583, -0.00001816, -0.00001986, -0.00002095, -0.00002146, -0.00002144, -0.00002096, -0.00002008, -0.00001888, -0.00001742, -0.00001576, -0.00001395, -0.00001212, -0.00001031, -0.00000861, -0.00000706, -0.00000563, -0.00000436, -0.00000324, -0.00000230, -0.00000154, -0.00000094, -0.00000050, -0.00000020, 0.00000000, 0.00000011, 0.00000014, 0.00000011, 0.00000003, -0.00000010, -0.00000028, -0.00000050, -0.00000072, -0.00000089, -0.00000094, -0.00000071, 0.00000000
-0.00063864, -0.00046146, -0.00037142, -0.00030942, -0.00026517, -0.00023236, -0.00020142, -0.00017476, -0.00015373, -0.00013653, -0.00012104, -0.00010627, -0.00009226, -0.00007941, -0.00006805, -0.00005825, -0.00004987, -0.00004264, -0.00003625, -0.00001524, 0.00000071, 0.00001027, 0.00001457, 0.00001612, 0.00001641, 0.00001574, 0.00001400, 0.00001133, 0.00000818, 0.00000513, 0.00000263, 0.00000091, -0.00000008, -0.00000053, -0.00000069, -0.00000076, -0.00000086, -0.00000099, -0.00000109, -0.00000115, -0.00000108, -0.00000090, -0.00000060, -0.00000021, 0.00000019, 0.00000054, 0.00000075, 0.00000080, 0.00000070, 0.00000049, 0.00000025, 0.00000006, -0.00000004, -0.00000003, 0.00000006, 0.00000015, 0.00000017, 0.00000005, -0.00000023, -0.00000060, -0.00000091, -0.00000095, -0.00000059, 0.00000000
-0.00036825, -0.00026397, -0.00020673, -0.00016736, -0.00013743, -0.00011344, -0.00009246, -0.00007417, -0.00005835, -0.00004439, -0.00003171, -0.00001998, -0.00000907, 0.00000104, 0.00001034, 0.00001886, 0.00002665, 0.00003379, 0.00004035, 0.00006212, 0.00007858, 0.00009037, 0.00009801, 0.00010217, 0.00010342, 0.00010219, 0.00009880, 0.00009364, 0.00008710, 0.00007961, 0.00007156, 0.00006327, 0.00005503, 0.00004706, 0.00003954, 0.00003259, 0.00002634, 0.00002086, 0.00001621, 0.00001234, 0.00000923, 0.00000676, 0.00000488, 0.00000351, 0.00000255, 0.00000189, 0.00000144, 0.00000112, 0.00000088, 0.00000068, 0.00000052, 0.00000040, 0.00000030, 0.00000023, 0.00000017, 0.00000009, -0.00000001, -0.00000017, -0.00000037, -0.00000060, -0.00000078, -0.00000083, -0.00000061, 0.00000000
-0.00052020, -0.00042427, -0.00037651, -0.00034691, -0.00032645, -0.00031146, -0.00029901, -0.00028871, -0.00028032, -0.00027326, -0.00026696, -0.00026112, -0.00025564, -0.00025052, -0.00024578, -0.00024140, -0.00023737, -0.00023361, -0.00023008, -0.00021720, -0.00020499, -0.00019343, -0.00018247, -0.00017182, -0.00016123, -0.00015057, -0.00013980, -0.00012887, -0.00011778, -0.00010654, -0.00009525, -0.00008404, -0.00007311, -0.00006266, -0.00005288, -0.00004393, -0.00003590, -0.00002882, -0.00002268, -0.00001749, -0.00001317, -0.00000967, -0.00000689, -0.00000471, -0.00000304, -0.00000180, -0.00000093, -0.00000035, -0.00000000, 0.00000018, 0.00000025, 0.00000025, 0.00000023, 0.00000020, 0.00000015, 0.00000009, -0.00000002, -0.00000017, -0.00000037, -0.00000059, -0.00000078, -0.00000082, -0.00000060, 0.00000000
0.00078169, 0.00050793, 0.00038391, 0.00030172, 0.00024749, 0.00021099, 0.00017301, 0.00014028, 0.00011669, 0.00009885, 0.00008250, 0.00006581, 0.00004911, 0.00003351, 0.00001990, 0.00000855, -0.00000076, -0.00000857, -0.00001544, -0.00004018, -0.00006064, -0.00007142, -0.00007417, -0.00007391, -0.00007327, -0.00007203, -0.00006913, -0.00006420, -0.00005775, -0.00005078, -0.00004419, -0.00003847, -0.00003367, -0.00002953, -0.00002572, -0.00002197, -0.00001818, -0.00001442, -0.00001084, -0.00000774, -0.00000525, -0.00000351, -0.00000245, -0.00000190, -0.00000164, -0.00000149, -0.00000127, -0.00000092, -0.00000042, 0.00000014, 0.00000065, 0.00000099, 0.00000107, 0.00000086, 0.00000043, -0.00000010, -0.00000055, -0.00000079, -0.00000077, -0.00000058, -0.00000041, -0.00000048, -0.00000065, 0.00000000
-0.00003243, -0.00004667, -0.00004507, -0.00004229, -0.00003705, -0.00003027, -0.00002611, -0.00002223, -0.00001726, -0.00001185, -0.00000696, -0.00000294, 0.00000041, 0.00000346, 0.00000648, 0.00000960, 0.00001278, 0.00001591, 0.00001887, 0.00002777, 0.00003347, 0.00003843, 0.00004268, 0.00004520, 0.00004564, 0.00004446, 0.00004231, 0.00003963, 0.00003661, 0.00003325, 0.00002957, 0.00002563, 0.00002161, 0.00001771, 0.00001414, 0.00001102, 0.00000844, 0.00000640, 0.00000485, 0.00000365, 0.00000272, 0.00000195, 0.00000131, 0.00000081, 0.00000043, 0.00000020, 0.00000008, 0.00000008, 0.00000015, 0.00000026, 0.00000036, 0.00000043, 0.00000042, 0.00000034, 0.00000018, -0.00000001, -0.00000020, -0.00000036, -0.00000048, -0.00000055, -0.00000062, -0.00000067, -0.00000059, 0.00000000
0.00013132, 0.00007118, 0.00004882, 0.00003421, 0.00002623, 0.00002246, 0.00001627, 0.00001079, 0.00000785, 0.00000634, 0.00000475, 0.00000247, -0.00000026, -0.00000297, -0.00000526, -0.00000699, -0.00000824, -0.00000917, -0.00001001, -0.00001432, -0.00001909, -0.00002155, -0.00002203, -0.00002229, -0.00002309, -0.00002409, -0.00002464, -0.00002442, -0.00002347, -0.00002210, -0.00002060, -0.00001915, -0.00001777, -0.00001638, -0.00001489, -0.00001323, -0.00001141, -0.00000948, -0.00000755, -0.00000579, -0.00000427, -0.00000310, -0.00000225, -0.00000165, -0.00000123, -0.00000089, -0.00000060, -0.00000031, -0.00000001, 0.00000026, 0.00000048, 0.00000061, 0.00000062, 0.00000050, 0.00000028, 0.00000002, -0.00000024, -0.00000044, -0.00000055, -0.00000060, -0.00000063, -0.00000069, -0.00000064, 0.00000000
-0.00045452, -0.00032514, -0.00025757, -0.00021208, -0.00017856, -0.00015251, -0.00012936, -0.00010928, -0.00009236, -0.00007771, -0.00006438, -0.00005189, -0.00004014, -0.00002922, -0.00001920, -0.00001008, -0.00000179, 0.00000579, 0.00001276, 0.00003648, 0.00005535, 0.00006946, 0.00007928, 0.00008575, 0.00008950, 0.00009080, 0.00008980, 0.00008674, 0.00008201, 0.00007604, 0.00006926, 0.00006203, 0.00005464, 0.00004729, 0.00004017, 0.00003344, 0.00002722, 0.00002165, 0.00001683, 0.00001277, 0.00000948, 0.00000688, 0.00000492, 0.00000350, 0.00000253, 0.00000188, 0.00000143, 0.00000111, 0.00000084, 0.00000062, 0.00000044, 0.00000029, 0.00000020, 0.00000015, 0.00000013, 0.00000010, 0.00000002, -0.00000012, -0.00000033, -0.00000059, -0.00000080, -0.00000084, -0.00000059, 0.00000000
0.00089273, 0.00062081, 0.00049742, 0.00041519, 0.00036077, 0.00032397, 0.00028529, 0.00025170, 0.00022721, 0.00020840, 0.00019092, 0.00017294, 0.00015480, 0.00013765, 0.00012242, 0.00010941, 0.00009838, 0.00008881, 0.00008013, 0.00004759, 0.00001874, -0.00000054, -0.00001161, -0.00001941, -0.00002646, -0.00003242, -0.00003614, -0.00003718, -0.00003605, -0.00003376, -0.00003125, -0.00002903, -0.00002720, -0.00002552, -0.00002369, -0.00002148, -0.00001884, -0.00001588, -0.00001282, -0.00000999, -0.00000761, -0.00000582, -0.00000462, -0.00000386, -0.00000336, -0.00000295, -0.00000248, -0.00000189, -0.00000117, -0.00000042, 0.00000025, 0.00000071, 0.00000088, 0.00000073, 0.00000034, -0.00000015, -0.00000058, -0.00000081, -0.00000077, -0.00000056, -0.00000039, -0.00000045, -0.00000064, 0.00000000
0.00007918, 0.00004225, 0.00003267, 0.00002784, 0.00002704, 0.00002863, 0.00002778, 0.00002694, 0.00002756, 0.00002888, 0.00002981, 0.00002995, 0.00002948, 0.00002882, 0.00002827, 0.00002797, 0.00002788, 0.00002789, 0.00002784, 0.00002585, 0.00002235, 0.00001987, 0.00001839, 0.00001673, 0.00001441, 0.00001175, 0.00000931, 0.00000737, 0.00000593, 0.00000479, 0.00000374, 0.00000267, 0.00000160, 0.00000059, -0.00000024, -0.00000083, -0.00000115, -0.00000122, -0.00000108, -0.00000088, -0.00000067, -0.00000055, -0.00000050, -0.00000048, -0.00000047, -0.00000043, -0.00000033, -0.00000019, -0.00000001, 0.00000018, 0.00000034, 0.00000044, 0.00000045, 0.00000037, 0.00000021, 0.00000000, -0.00000021, -0.00000038, -0.00000050, -0.00000057, -0.00000063, -0.00000068, -0.00000060, 0.00000000
-0.00083655, -0.00061196, -0.00049942, -0.00042344, -0.00036932, -0.00032899, -0.00029127, -0.00025861, -0.00023237, -0.00021050, -0.00019057, -0.00017148, -0.00015325, -0.00013632, -0.00012106, -0.00010756, -0.00009566, -0.00008507, -0.00007546, -0.00004253, -0.00001609, 0.00000231, 0.00001388, 0.00002141, 0.00002656, 0.00002967, 0.00003064, 0.00002965, 0.00002725, 0.00002416, 0.00002100, 0.00001812, 0.00001564, 0.00001346, 0.00001146, 0.00000953, 0.00000763, 0.00000582, 0.00000422, 0.00000288, 0.00000189, 0.00000123, 0.00000090, 0.00000083, 0.00000091, 0.00000103, 0.00000109, 0.00000102, 0.00000083, 0.00000056, 0.00000027, 0.00000005, -0.00000007, -0.00000005, 0.00000005, 0.00000016, 0.00000020, 0.00000008, -0.00000021, -0.00000061, -0.00000093, -0.00000096, -0.00000059, 0.00000000
-0.00061419, -0.00054542, -0.00051276, -0.00049170, -0.00047740, -0.00046714, -0.00045710, -0.00044822, -0.00044102, -0.00043480, -0.00042877, -0.00042260, -0.00041633, -0.00041017, -0.00040428, -0.00039872, -0.00039345, -0.00038840, -0.00038347, -0.00036352, -0.00034265, -0.00032213, -0.00030224, -0.00028250, -0.00026266, -0.00024278, -0.00022303, -0.00020351, -0.00018419, -0.00016504, -0.00014613, -0.00012762, -0.00010979, -0.00009297, -0.00007744, -0.00006344, -0.00005110, -0.00004043, -0.00003137, -0.00002385, -0.00001770, -0.00001280, -0.00000896, -0.00000600, -0.00000378, -0.00000217, -0.00000107, -0.00000038, 0.00000000, 0.00000017, 0.00000021, 0.00000019, 0.00000017, 0.00000015, 0.00000014, 0.00000012, 0.00000004, -0.00000011, -0.00000034, -0.00000061, -0.00000083, -0.00000087, -0.00000061, 0.00000000
0.00090791, 0.00059284, 0.00045280, 0.00036068, 0.00030154, 0.00026335, 0.00022257, 0.00018775, 0.00016381, 0.00014659, 0.00013083, 0.00011431, 0.00009747, 0.00008172, 0.00006815, 0.00005715, 0.00004841, 0.00004129, 0.00003509, 0.00001155, -0.00000983, -0.00002179, -0.00002579, -0.00002761, -0.00003006, -0.00003250, -0.00003334, -0.00003188, -0.00002860, -0.00002463, -0.00002100, -0.00001824, -0.00001636, -0.00001500, -0.00001372, -0.00001215, -0.00001018, -0.00000789, -0.00000551, -0.00000339, -0.00000174, -0.00000075, -0.00000036, -0.00000040, -0.00000065, -0.00000088, -0.00000092, -0.00000069, -0.00000023, 0.00000037, 0.00000095, 0.00000132, 0.00000138, 0.00000110, 0.00000055, -0.00000010, -0.00000065, -0.00000093, -0.00000088, -0.00000061, -0.00000037, -0.00000044, -0.00000070, 0.00000000
-0.00157846, -0.00113489, -0.00092091, -0.00077847, -0.00067966, -0.00060830, -0.00053985, -0.00048075, -0.00043469, -0.00039722, -0.00036301, -0.00032964, -0.00029728, -0.00026708, -0.00023996, -0.00021620, -0.00019547, -0.00017713, -0.00016047, -0.00010174, -0.00005251, -0.00001776, 0.00000458, 0.00002039, 0.00003297, 0.00004242, 0.00004794, 0.00004940, 0.00004767, 0.00004410, 0.00003994, 0.00003592, 0.00003226, 0.00002882, 0.00002535, 0.00002167, 0.00001777, 0.00001385, 0.00001020, 0.00000706, 0.00000466, 0.00000304, 0.00000217, 0.00000190, 0.00000196, 0.00000212, 0.00000214, 0.00000192, 0.00000144, 0.00000081, 0.00000017, -0.00000031, -0.00000052, -0.00000042, -0.00000010, 0.00000028, 0.00000053, 0.00000045, 0.00000002, -0.00000063, -0.00000117, -0.00000120, -0.00000057, 0.00000000
0.00000376, -0.00003486, -0.00004712, -0.00005475, -0.00005780, -0.00005789, -0.00006022, -0.00006221, -0.00006235, -0.00006150, -0.00006086, -0.00006088, -0.00006140, -0.00006200, -0.00006237, -0.00006239, -0.00006211, -0.00006168, -0.00006124, -0.00006103, -0.00006201, -0.00006162, -0.00005994, -0.00005821, -0.00005689, -0.00005557, -0.00005363, -0.00005077, -0.00004704, -0.00004274, -0.00003821, -0.00003371, -0.00002936, -0.00002523, -0.00002131, -0.00001761, -0.00001417, -0.00001103, -0.00000824, -0.00000591, -0.00000405, -0.00000270, -0.00000178, -0.00000118, -0.00000079, -0.00000053, -0.00000031, -0.00000011, 0.00000010, 0.00000029, 0.00000045, 0.00000054, 0.00000053, 0.00000043, 0.00000024, 0.00000001, -0.00000021, -0.00000039, -0.00000051, -0.00000058, -0.00000063, -0.00000068, -0.00000061, 0.00000000
0.00046148, 0.00030837, 0.00023543, 0.00018531, 0.00015145, 0.00012827, 0.00010466, 0.00008457, 0.00007025, 0.00005969, 0.00005033, 0.00004105, 0.00003199, 0.00002376, 0.00001685, 0.00001141, 0.00000726, 0.00000409, 0.00000153, -0.00000683, -0.00001271, -0.00001354, -0.00001071, -0.00000748, -0.00000553, -0.00000473, -0.00000437, -0.00000402, -0.00000371, -0.00000375, -0.00000437, -0.00000558, -0.00000719, -0.00000886, -0.00001026, -0.00001113, -0.00001138, -0.00001103, -0.00001023, -0.00000919, -0.00000809, -0.00000709, -0.00000623, -0.00000548, -0.00000481, -0.00000415, -0.00000345, -0.00000272, -0.00000196, -0.00000124, -0.00000061, -0.00000015, 0.00000011, 0.00000015, 0.00000001, -0.00000022, -0.00000044, -0.00000058, -0.00000060, -0.00000053, -0.00000049, -0.00000054, -0.00000058, 0.00000000
-0.00063231, -0.00046561, -0.00037918, -0.00031982, -0.00027705, -0.00024498, -0.00021553, -0.00019033, -0.00017025, -0.00015376, -0.00013904, -0.00012526, -0.00011236, -0.00010065, -0.00009034, -0.00008148, -0.00007392, -0.00006744, -0.00006178, -0.00004396, -0.00003130, -0.00002417, -0.00002134, -0.00002059, -0.00002054, -0.00002085, -0.00002152, -0.00002244, -0.00002328, -0.00002365, -0.00002327, -0.00002207, -0.00002019, -0.00001787, -0.00001540, -0.00001302, -0.00001085, -0.00000896, -0.00000730, -0.00000587, -0.00000459, -0.00000347, -0.00000246, -0.00000157, -0.00000080, -0.00000021, 0.00000019, 0.00000039, 0.00000041, 0.00000031, 0.00000016, 0.00000003, -0.00000003, -0.00000002, 0.00000005, 0.00000011, 0.00000012, -0.00000000, -0.00000025, -0.00000058, -0.00000084, -0.00000088, -0.00000057, 0.00000000
-0.00055612, -0.00045257, -0.00039939, -0.00036240, -0.00033529, -0.00031442, -0.00029444, -0.00027667, -0.00026185, -0.00024899, -0.00023694, -0.00022517, -0.00021373, -0.00020283, -0.00019269, -0.00018336, -0.00017478, -0.00016679, -0.00015926, -0.00013169, -0.00010696, -0.00008612, -0.00006895, -0.00005440, -0.00004184, -0.00003123, -0.00002263, -0.00001596, -0.00001092, -0.00000710, -0.00000415, -0.00000184, -0.00000005, 0.00000125, 0.00000207, 0.00000246, 0.00000247, 0.00000222, 0.00000186, 0.00000145, 0.00000110, 0.00000083, 0.00000066, 0.00000061, 0.00000063, 0.00000068, 0.00000070, 0.00000066, 0.00000056, 0.00000041, 0.00000026, 0.00000013, 0.00000006, 0.00000005, 0.00000007, 0.00000009, 0.00000006, -0.00000006, -0.00000029, -0.00000057, -0.00000081, -0.00000085, -0.00000057, 0.00000000
-0.00052462, -0.00040190, -0.00033719, -0.00029382, -0.00026249, -0.00023882, -0.00021821, -0.00020086, -0.00018684, -0.00017520, -0.00016497, -0.00015563, -0.00014706, -0.00013933, -0.00013251, -0.00012658, -0.00012145, -0.00011701, -0.00011313, -0.00010101, -0.00009221, -0.00008635, -0.00008263, -0.00007988, -0.00007726, -0.00007445, -0.00007132, -0.00006776, -0.00006366, -0.00005892, -0.00005356, -0.00004771, -0.00004158, -0.00003545, -0.00002957, -0.00002415, -0.00001933, -0.00001515, -0.00001157, -0.00000863, -0.00000621, -0.00000431, -0.00000282, -0.00000167, -0.00000079, -0.00000016, 0.00000024, 0.00000046, 0.00000053, 0.00000050, 0.00000042, 0.00000033, 0.00000025, 0.00000020, 0.00000017, 0.00000012, 0.00000003, -0.00000013, -0.00000035, -0.00000062, -0.00000083, -0.00000087, -0.00000062, 0.00000000
0.00023649, 0.00019709, 0.00017983, 0.00016600, 0.00015698, 0.00015131, 0.00014332, 0.00013599, 0.00013104, 0.00012749, 0.00012401, 0.00012008, 0.00011589, 0.00011190, 0.00010844, 0.00010562, 0.00010338, 0.00010154, 0.00009990, 0.00009335, 0.00008742, 0.00008404, 0.00008245, 0.00008072, 0.00007788, 0.00007406, 0.00006971, 0.00006508, 0.00006013, 0.00005473, 0.00004879, 0.00004240, 0.00003581, 0.00002935, 0.00002334, 0.00001803, 0.00001356, 0.00000997, 0.00000720, 0.00000508, 0.00000348, 0.00000224, 0.00000128, 0.00000058, 0.00000011, -0.00000016, -0.00000025, -0.00000019, -0.00000003, 0.00000016, 0.00000035, 0.00000047, 0.00000049, 0.00000040, 0.00000022, -0.00000001, -0.00000024, -0.00000042, -0.00000054, -0.00000060, -0.00000065, -0.00000070, -0.00000064, 0.00000000
0.00035539, 0.00018692, 0.00011379, 0.00006595, 0.00003613, 0.00001787, -0.00000228, -0.00001921, -0.00002997, -0.00003695, -0.00004317, -0.00004991, -0.00005691, -0.00006335, -0.00006857, -0.00007236, -0.00007489, -0.00007652, -0.00007767, -0.00008206, -0.00008565, -0.00008408, -0.00007826, -0.00007164, -0.00006592, -0.00006077, -0.00005527, -0.00004903, -0.00004232, -0.00003576, -0.00002995, -0.00002517, -0.00002139, -0.00001836, -0.00001576, -0.00001334, -0.00001097, -0.00000865, -0.00000646, -0.00000458, -0.00000310, -0.00000211, -0.00000154, -0.00000129, -0.00000119, -0.00000113, -0.00000100, -0.00000074, -0.00000038, 0.00000004, 0.00000043, 0.00000069, 0.00000075, 0.00000061, 0.00000030, -0.00000009, -0.00000042, -0.00000062, -0.00000064, -0.00000054, -0.00000046, -0.00000052, -0.00000061, 0.00000000
0.00075954, 0.00049573, 0.00036019, 0.00026063, 0.00018642, 0.00012895, 0.00007099, 0.00001887, -0.00002374, -0.00005990, -0.00009357, -0.00012646, -0.00015833, -0.00018820, -0.00021530, -0.00023939, -0.00026071, -0.00027976, -0.00029709, -0.00035592, -0.00039931, -0.00042375, -0.00043196, -0.00042969, -0.00042044, -0.00040509, -0.00038372, -0.00035701, -0.00032643, -0.00029384, -0.00026095, -0.00022904, -0.00019884, -0.00017068, -0.00014468, -0.00012089, -0.00009936, -0.00008019, -0.00006347, -0.00004932, -0.00003770, -0.00002851, -0.00002144, -0.00001613, -0.00001217, -0.00000917, -0.00000681, -0.00000488, -0.00000324, -0.00000186, -0.00000077, -0.00000002, 0.00000036, 0.00000039, 0.00000014, -0.00000023, -0.00000058, -0.00000076, -0.00000073, -0.00000054, -0.00000040, -0.00000045, -0.00000061, 0.00000000
-0.00074012, -0.00053969, -0.00043721, -0.00036721, -0.00031634, -0.00027755, -0.00024149, -0.00020999, -0.00018408, -0.00016203, -0.00014183, -0.00012253, -0.00010411, -0.00008692, -0.00007124, -0.00005715, -0.00004449, -0.00003303, -0.00002250, 0.00001377, 0.00004292, 0.00006398, 0.00007799, 0.00008722, 0.00009305, 0.00009579, 0.00009548, 0.00009236, 0.00008705, 0.00008030, 0.00007280, 0.00006507, 0.00005739, 0.00004989, 0.00004266, 0.00003575, 0.00002926, 0.00002333, 0.00001811, 0.00001366, 0.00001005, 0.00000723, 0.00000514, 0.00000369, 0.00000272, 0.00000206, 0.00000159, 0.00000119, 0.00000082, 0.00000047, 0.00000017, -0.00000004, -0.00000013, -0.00000011, -0.00000002, 0.00000009, 0.00000013, 0.00000003, -0.00000021, -0.00000054, -0.00000082, -0.00000085, -0.00000053, 0.00000000
-0.00046426, -0.00035343, -0.00029382, -0.00025229, -0.00022158, -0.00019784, -0.00017625, -0.00015751, -0.00014200, -0.00012879, -0.00011682, -0.00010556, -0.00009498, -0.00008521, -0.00007638, -0.00006850, -0.00006149, -0.00005522, -0.00004955, -0.00003039, -0.00001518, -0.00000425, 0.00000298, 0.00000770, 0.00001077, 0.00001251, 0.00001305, 0.00001263, 0.00001156, 0.00001021, 0.00000886, 0.00000766, 0.00000666, 0.00000582, 0.00000507, 0.00000436, 0.00000367, 0.00000302, 0.00000248, 0.00000203, 0.00000170, 0.00000147, 0.00000135, 0.00000132, 0.00000135, 0.00000139, 0.00000138, 0.00000131, 0.00000118, 0.00000099, 0.00000078, 0.00000059, 0.00000044, 0.00000034, 0.00000027, 0.00000020, 0.00000009, -0.00000011, -0.00000038, -0.00000069, -0.00000094, -0.00000098, -0.00000068, 0.00000000
0.00070686, 0.00044225, 0.00032094, 0.00023889, 0.00018362, 0.00014538, 0.00010527, 0.00007016, 0.00004403, 0.00002358, 0.00000461, -0.00001467, -0.00003391, -0.00005198, -0.00006800, -0.00008166, -0.00009319, -0.00010311, -0.00011199, -0.00014362, -0.00016910, -0.00018295, -0.00018680, -0.00018574, -0.00018250, -0.00017705, -0.00016857, -0.00015693, -0.00014296, -0.00012797, -0.00011313, -0.00009922, -0.00008650, -0.00007490, -0.00006421, -0.00005424, -0.00004492, -0.00003634, -0.00002862, -0.00002200, -0.00001657, -0.00001239, -0.00000933, -0.00000716, -0.00000562, -0.00000445, -0.00000345, -0.00000249, -0.00000154, -0.00000064, 0.00000012, 0.00000063, 0.00000083, 0.00000071, 0.00000033, -0.00000015, -0.00000057, -0.00000079, -0.00000076, -0.00000056, -0.00000039, -0.00000045, -0.00000063, 0.00000000
-0.00002644, -0.00003193, -0.00003078, -0.00003056, -0.00002963, -0.00002818, -0.00002872, -0.00002955, -0.00002966, -0.00002943, -0.00002946, -0.00002995, -0.00003078, -0.00003169, -0.00003249, -0.00003309, -0.00003352, -0.00003384, -0.00003415, -0.00003592, -0.00003751, -0.00003753, -0.00003625, -0.00003460, -0.00003302, -0.00003143, -0.00002956, -0.00002731, -0.00002473, -0.00002201, -0.00001932, -0.00001680, -0.00001450, -0.00001241, -0.00001051, -0.00000877, -0.00000718, -0.00000572, -0.00000439, -0.00000328, -0.00000237, -0.00000171, -0.00000124, -0.00000091, -0.00000066, -0.00000045, -0.00000027, -0.00000010, 0.00000006, 0.00000020, 0.00000031, 0.00000037, 0.00000037, 0.00000030, 0.00000018, 0.00000002, -0.00000015, -0.00000031, -0.00000045, -0.00000057, -0.00000067, -0.00000072, -0.00000060, 0.00000000
0.00084584, 0.00058826, 0.00047108, 0.00039166, 0.00033833, 0.00030157, 0.00026234, 0.00022781, 0.00020212, 0.00018198, 0.00016313, 0.00014378, 0.00012431, 0.00010590, 0.00008947, 0.00007533, 0.00006326, 0.00005275, 0.00004321, 0.00000826, -0.00002154, -0.00004049, -0.00005017, -0.00005571, -0.00005983, -0.00006238, -0.00006243, -0.00005971, -0.00005489, -0.00004911, -0.00004340, -0.00003836, -0.00003410, -0.00003042, -0.00002698, -0.00002353, -0.00001997, -0.00001637, -0.00001288, -0.00000980, -0.00000727, -0.00000543, -0.00000422, -0.00000349, -0.00000304, -0.00000267, -0.00000225, -0.00000170, -0.00000102, -0.00000030, 0.00000034, 0.00000078, 0.00000092, 0.00000076, 0.00000037, -0.00000014, -0.00000057, -0.00000080, -0.00000076, -0.00000056, -0.00000039, -0.00000045, -0.00000064, 0.00000000
0.00037299, 0.00023595, 0.00017830, 0.00014212, 0.00012020, 0.00010710, 0.00009250, 0.00008016, 0.00007226, 0.00006702, 0.00006218, 0.00005680, 0.00005110, 0.00004571, 0.00004114, 0.00003756, 0.00003486, 0.00003276, 0.00003097, 0.00002357, 0.00001654, 0.00001330, 0.00001317, 0.00001350, 0.00001302, 0.00001198, 0.00001109, 0.00001073, 0.00001073, 0.00001069, 0.00001024, 0.00000925, 0.00000780, 0.00000613, 0.00000452, 0.00000318, 0.00000223, 0.00000165, 0.00000139, 0.00000125, 0.00000114, 0.00000094, 0.00000064, 0.00000031, 0.00000001, -0.00000020, -0.00000027, -0.00000019, 0.00000000, 0.00000026, 0.00000051, 0.00000066, 0.00000068, 0.00000054, 0.00000028, -0.00000003, -0.00000033, -0.00000052, -0.00000059, -0.00000057, -0.00000055, -0.00000060, -0.00000062, 0.00000000
-0.00001287, -0.00001001, -0.00000052, 0.00000712, 0.00001500, 0.00002291, 0.00002792, 0.00003207, 0.00003656, 0.00004096, 0.00004459, 0.00004724, 0.00004909, 0.00005047, 0.00005163, 0.00005269, 0.00005364, 0.00005442, 0.00005494, 0.00005400, 0.00005007, 0.00004563, 0.00004106, 0.00003586, 0.00002998, 0.00002392, 0.00001828, 0.00001343, 0.00000945, 0.00000625, 0.00000368, 0.00000163, 0.00000003, -0.00000114, -0.00000189, -0.00000226, -0.00000229, -0.00000206, -0.00000164, -0.00000120, -0.00000078, -0.00000048, -0.00000029, -0.00000017, -0.00000008, -0.00000001, 0.00000008, 0.00000018, 0.00000029, 0.00000039, 0.00000047, 0.00000051, 0.00000048, 0.00000038, 0.00000023, 0.00000004, -0.00000015, -0.00000033, -0.00000048, -0.00000059, -0.00000068, -0.00000073, -0.00000062, 0.00000000
0.00045084, 0.00024895, 0.00015669, 0.00009637, 0.00005713, 0.00003130, 0.00000531, -0.00001648, -0.00003157, -0.00004237, -0.00005191, -0.00006150, -0.00007095, -0.00007954, -0.00008669, -0.00009224, -0.00009635, -0.00009941, -0.00010181, -0.00010967, -0.00011479, -0.00011363, -0.00010747, -0.00009990, -0.00009275, -0.00008586, -0.00007843, -0.00007016, -0.00006133, -0.00005262, -0.00004461, -0.00003763, -0.00003172, -0.00002668, -0.00002227, -0.00001827, -0.00001458, -0.00001119, -0.00000817, -0.00000566, -0.00000373, -0.00000242, -0.00000165, -0.00000127, -0.00000110, -0.00000101, -0.00000088, -0.00000065, -0.00000031, 0.00000007, 0.00000043, 0.00000067, 0.00000072, 0.00000058, 0.00000028, -0.00000008, -0.00000041, -0.00000060, -0.00000063, -0.00000054, -0.00000047, -0.00000052, -0.00000060, 0.00000000
0.00053991, 0.00036010, 0.00028213, 0.00022994, 0.00019650, 0.00017499, 0.00015051, 0.00012909, 0.00011422, 0.00010331, 0.00009304, 0.00008203, 0.00007064, 0.00005983, 0.00005037, 0.00004253, 0.00003613, 0.00003076, 0.00002597, 0.00000758, -0.00000894, -0.00001854, -0.00002220, -0.00002384, -0.00002541, -0.00002661, -0.00002651, -0.00002477, -0.00002181, -0.00001846, -0.00001545, -0.00001316, -0.00001162, -0.00001056, -0.00000965, -0.00000863, -0.00000739, -0.00000594, -0.00000441, -0.00000302, -0.00000191, -0.00000121, -0.00000088, -0.00000082, -0.00000088, -0.00000092, -0.00000085, -0.00000062, -0.00000024, 0.00000020, 0.00000061, 0.00000088, 0.00000093, 0.00000074, 0.00000038, -0.00000007, -0.00000046, -0.00000068, -0.00000070, -0.00000058, -0.00000047, -0.00000053, -0.00000064, 0.00000000
0.00050309, 0.00036574, 0.00030442, 0.00026282, 0.00023453, 0.00021455, 0.00019271, 0.00017300, 0.00015777, 0.00014528, 0.00013329, 0.00012086, 0.00010823, 0.00009604, 0.00008483, 0.00007479, 0.00006581, 0.00005762, 0.00004994, 0.00002105, -0.00000431, -0.00002289, -0.00003552, -0.00004495, -0.00005265, -0.00005852, -0.00006206, -0.00006310, -0.00006206, -0.00005958, -0.00005631, -0.00005266, -0.00004882, -0.00004480, -0.00004055, -0.00003607, -0.00003141, -0.00002671, -0.00002214, -0.00001793, -0.00001424, -0.00001117, -0.00000872, -0.00000678, -0.00000526, -0.00000402, -0.00000297, -0.00000206, -0.00000124, -0.00000054, 0.00000001, 0.00000037, 0.00000052, 0.00000047, 0.00000025, -0.00000005, -0.00000034, -0.00000054, -0.00000062, -0.00000061, -0.00000060, -0.00000066, -0.00000066, 0.00000000
-0.00063812, -0.00053166, -0.00047904, -0.00044572, -0.00042195, -0.00040377, -0.00038776, -0.00037379, -0.00036181, -0.00035116, -0.00034117, -0.00033151, -0.00032209, -0.00031297, -0.00030421, -0.00029583, -0.00028780, -0.00028009, -0.00027261, -0.00024421, -0.00021723, -0.00019211, -0.00016907, -0.00014786, -0.00012830, -0.00011034, -0.00009399, -0.00007922, -0.00006596, -0.00005411, -0.00004359, -0.00003436, -0.00002639, -0.00001968, -0.00001418, -0.00000981, -0.00000646, -0.00000397, -0.00000217, -0.00000093, -0.00000011, 0.00000039, 0.00000067, 0.00000082, 0.00000090, 0.00000093, 0.00000090, 0.00000083, 0.00000073, 0.00000060, 0.00000047, 0.00000035, 0.00000026, 0.00000019, 0.00000014, 0.00000008, -0.00000001, -0.00000015, -0.00000035, -0.00000058, -0.00000076, -0.00000080, -0.00000058, 0.00000000
0.00130699, 0.00095592, 0.00078820, 0.00067094, 0.00058800, 0.00052706, 0.00046393, 0.00040751, 0.00036297, 0.00032607, 0.00029139, 0.00025659, 0.00022209, 0.00018935, 0.00015950, 0.00013295, 0.00010940, 0.00008820, 0.00006862, -0.00000212, -0.00006142, -0.00010277, -0.00012849, -0.00014532, -0.00015703, -0.00016385, -0.00016499, -0.00016051, -0.00015162, -0.00014012, -0.00012766, -0.00011531, -0.00010352, -0.00009227, -0.00008138, -0.00007071, -0.00006026, -0.00005022, -0.00004085, -0.00003254, -0.00002549, -0.00001984, -0.00001551, -0.00001225, -0.00000978, -0.00000781, -0.00000610, -0.00000450, -0.00000296, -0.00000155, -0.00000038, 0.00000043, 0.00000081, 0.00000074, 0.00000033, -0.00000023, -0.00000073, -0.00000096, -0.00000088, -0.00000058, -0.00000032, -0.00000039, -0.00000067, 0.00000000
-0.00037926, -0.00034353, -0.00032247, -0.00030700, -0.00029432, -0.00028340, -0.00027343, -0.00026431, -0.00025596, -0.00024818, -0.00024078, -0.00023366, -0.00022676, -0.00022007, -0.00021361, -0.00020737, -0.00020134, -0.00019550, -0.00018985, -0.00016862, -0.00014863, -0.00012981, -0.00011232, -0.00009623, -0.00008157, -0.00006827, -0.00005627, -0.00004551, -0.00003594, -0.00002752, -0.00002023, -0.00001405, -0.00000896, -0.00000492, -0.00000185, 0.00000034, 0.00000177, 0.00000261, 0.00000301, 0.00000305, 0.00000287, 0.00000253, 0.00000213, 0.00000174, 0.00000141, 0.00000114, 0.00000093, 0.00000076, 0.00000062, 0.00000051, 0.00000041, 0.00000034, 0.00000027, 0.00000021, 0.00000014, 0.00000006, -0.00000006, -0.00000020, -0.00000038, -0.00000057, -0.00000073, -0.00000077, -0.00000058, 0.00000000
-0.00090062, -0.00064208, -0.00050956, -0.00041845, -0.00035261, -0.00030295, -0.00025654, -0.00021627, -0.00018373, -0.00015653, -0.00013185, -0.00010836, -0.00008607, -0.00006548, -0.00004701, -0.00003075, -0.00001650, -0.00000390, 0.00000743, 0.00004514, 0.00007363, 0.00009149, 0.00010046, 0.00010403, 0.00010436, 0.00010201, 0.00009700, 0.00008966, 0.00008075, 0.00007121, 0.00006185, 0.00005316, 0.00004534, 0.00003833, 0.00003200, 0.00002624, 0.00002099, 0.00001631, 0.00001230, 0.00000897, 0.00000640, 0.00000452, 0.00000326, 0.00000252, 0.00000212, 0.00000189, 0.00000170, 0.00000144, 0.00000110, 0.00000071, 0.00000033, 0.00000004, -0.00000010, -0.00000009, 0.00000003, 0.00000018, 0.00000024, 0.00000012, -0.00000018, -0.00000061, -0.00000095, -0.00000099, -0.00000058, 0.00000000
0.00008948, 0.00003131, 0.00000382, -0.00001756, -0.00003257, -0.00004319, -0.00005569, -0.00006700, -0.00007534, -0.00008178, -0.00008780, -0.00009397, -0.00010012, -0.00010580, -0.00011065, -0.00011456, -0.00011762, -0.00012003, -0.00012199, -0.00012781, -0.00013009, -0.00012706, -0.00011982, -0.00011070, -0.00010102, -0.00009096, -0.00008036, -0.00006932, -0.00005826, -0.00004777, -0.00003834, -0.00003026, -0.00002357, -0.00001816, -0.00001382, -0.00001034, -0.00000754, -0.00000528, -0.00000347, -0.00000213, -0.00000119, -0.00000064, -0.00000039, -0.00000032, -0.00000032, -0.00000032, -0.00000026, -0.00000013, 0.00000006, 0.00000027, 0.00000046, 0.00000058, 0.00000058, 0.00000047, 0.00000026, 0.00000001, -0.00000024, -0.00000043, -0.00000054, -0.00000059, -0.00000063, -0.00000068, -0.00000063, 0.00000000
-0.00079205, -0.00062964, -0.00054590, -0.00048669, -0.00044231, -0.00040728, -0.00037332, -0.00034264, -0.00031657, -0.00029358, -0.00027188, -0.00025063, -0.00022990, -0.00021008, -0.00019150, -0.00017427, -0.00015830, -0.00014338, -0.00012927, -0.00007796, -0.00003340, 0.00000266, 0.00003071, 0.00005264, 0.00006961, 0.00008191, 0.00008955, 0.00009287, 0.00009258, 0.00008954, 0.00008460, 0.00007842, 0.00007145, 0.00006400, 0.00005631, 0.00004857, 0.00004101, 0.00003387, 0.00002739, 0.00002168, 0.00001686, 0.00001292, 0.00000981, 0.00000746, 0.00000572, 0.00000442, 0.00000341, 0.00000258, 0.00000187, 0.00000126, 0.00000075, 0.00000039, 0.00000017, 0.00000009, 0.00000012, 0.00000016, 0.00000016, 0.00000003, -0.00000024, -0.00000058, -0.00000086, -0.00000090, -0.00000057, 0.00000000
0.00086348, 0.00062877, 0.00051775, 0.00043931, 0.00038390, 0.00034330, 0.00030021, 0.00026144, 0.00023093, 0.00020566, 0.00018171, 0.00015743, 0.00013319, 0.00011007, 0.00008893, 0.00007007, 0.00005327, 0.00003806, 0.00002391, -0.00002792, -0.00007209, -0.00010352, -0.00012374, -0.00013751, -0.00014736, -0.00015324, -0.00015438, -0.00015071, -0.00014307, -0.00013281, -0.00012122, -0.00010921, -0.00009727, -0.00008557, -0.00007413, -0.00006301, -0.00005234, -0.00004234, -0.00003325, -0.00002539, -0.00001889, -0.00001382, -0.00001006, -0.00000737, -0.00000546, -0.00000406, -0.00000293, -0.00000194, -0.00000102, -0.00000019, 0.00000049, 0.00000092, 0.00000105, 0.00000087, 0.00000046, -0.00000005, -0.00000051, -0.00000077, -0.00000079, -0.00000065, -0.00000052, -0.00000058, -0.00000071, 0.00000000
0.00023823, 0.00014903, 0.00011021, 0.00008099, 0.00006139, 0.00004824, 0.00003151, 0.00001618, 0.00000511, -0.00000338, -0.00001164, -0.00002056, -0.00002984, -0.00003871, -0.00004659, -0.00005328, -0.00005888, -0.00006371, -0.00006808, -0.00008457, -0.00009866, -0.00010659, -0.00010913, -0.00010919, -0.00010819, -0.00010591, -0.00010170, -0.00009538, -0.00008742, -0.00007860, -0.00006966, -0.00006112, -0.00005318, -0.00004585, -0.00003904, -0.00003267, -0.00002674, -0.00002129, -0.00001642, -0.00001229, -0.00000893, -0.00000640, -0.00000460, -0.00000336, -0.00000251, -0.00000189, -0.00000137, -0.00000088, -0.00000039, 0.00000008, 0.00000046, 0.00000070, 0.00000075, 0.00000061, 0.00000033, -0.00000003, -0.00000036, -0.00000057, -0.00000063, -0.00000059, -0.00000056, -0.00000061, -0.00000065, 0.00000000
-0.00016281, -0.00014265, -0.00013948, -0.00014381, -0.00015049, -0.00015808, -0.00016695, -0.00017592, -0.00018432, -0.00019219, -0.00019973, -0.00020700, -0.00021392, -0.00022039, -0.00022633, -0.00023171, -0.00023656, -0.00024095, -0.00024491, -0.00025704, -0.00026317, -0.00026363, -0.00025950, -0.00025195, -0.00024179, -0.00022944, -0.00021520, -0.00019940, -0.00018248, -0.00016490, -0.00014714, -0.00012961, -0.00011269, -0.00009666, -0.00008177, -0.00006816, -0.00005596, -0.00004520, -0.00003586, -0.00002797, -0.00002141, -0.00001612, -0.00001193, -0.00000866, -0.00000614, -0.00000424, -0.00000282, -0.00000178, -0.00000104, -0.00000052, -0.00000017, 0.00000004, 0.00000014, 0.00000016, 0.00000012, 0.00000002, -0.00000012, -0.00000027, -0.00000044, -0.00000061, -0.00000074, -0.00000079, -0.00000062, 0.00000000
-0.00019368, -0.00012108, -0.00008067, -0.00005126, -0.00002802, -0.00000880, 0.00000898, 0.00002501, 0.00003913, 0.00005183, 0.00006368, 0.00007497, 0.00008576, 0.00009597, 0.00010555, 0.00011450, 0.00012285, 0.00013066, 0.00013800, 0.00016367, 0.00018469, 0.00020086, 0.00021213, 0.00021878, 0.00022103, 0.00021902, 0.00021292, 0.00020311, 0.00019017, 0.00017482, 0.00015781, 0.00013990, 0.00012176, 0.00010399, 0.00008709, 0.00007145, 0.00005737, 0.00004505, 0.00003458, 0.00002591, 0.00001895, 0.00001351, 0.00000939, 0.00000640, 0.00000430, 0.00000288, 0.00000192, 0.00000129, 0.00000086, 0.00000056, 0.00000035, 0.00000021, 0.00000013, 0.00000009, 0.00000007, 0.00000005, -0.00000002, -0.00000014, -0.00000032, -0.00000054, -0.00000073, -0.00000077, -0.00000056, 0.00000000
0.00025582, 0.00013502, 0.00008603, 0.00005538, 0.00003851, 0.00003050, 0.00002041, 0.00001259, 0.00000954, 0.00000934, 0.00000949, 0.00000898, 0.00000804, 0.00000737, 0.00000752, 0.00000865, 0.00001065, 0.00001319, 0.00001594, 0.00002540, 0.00003303, 0.00004252, 0.00005309, 0.00006191, 0.00006762, 0.00007066, 0.00007194, 0.00007203, 0.00007096, 0.00006849, 0.00006448, 0.00005902, 0.00005250, 0.00004543, 0.00003836, 0.00003173, 0.00002584, 0.00002079, 0.00001659, 0.00001307, 0.00001014, 0.00000762, 0.00000548, 0.00000371, 0.00000233, 0.00000134, 0.00000073, 0.00000045, 0.00000042, 0.00000055, 0.00000072, 0.00000083, 0.00000081, 0.00000064, 0.00000034, -0.00000002, -0.00000035, -0.00000055, -0.00000062, -0.00000058, -0.00000055, -0.00000061, -0.00000064, 0.00000000
0.00007245, 0.00000222, -0.00002752, -0.00004823, -0.00006022, -0.00006627, -0.00007431, -0.00008075, -0.00008353, -0.00008408, -0.00008425, -0.00008483, -0.00008560, -0.00008605, -0.00008574, -0.00008456, -0.00008262, -0.00008015, -0.00007744, -0.00006707, -0.00005698, -0.00004451, -0.00003057, -0.00001760, -0.00000684, 0.00000187, 0.00000910, 0.00001516, 0.00001996, 0.00002323, 0.00002480, 0.00002473, 0.00002332, 0.00002098, 0.00001817, 0.00001529, 0.00001259, 0.00001023, 0.00000825, 0.00000656, 0.00000512, 0.00000383, 0.00000270, 0.00000174, 0.00000098, 0.00000046, 0.00000017, 0.00000008, 0.00000016, 0.00000032, 0.00000049, 0.00000061, 0.00000061, 0.00000048, 0.00000025, -0.00000003, -0.00000029, -0.00000047, -0.00000055, -0.00000056, -0.00000056, -0.00000061, -0.00000060, 0.00000000
0.00001260, -0.00003490, -0.00005032, -0.00006188, -0.00006824, -0.00007114, -0.00007783, -0.00008431, -0.00008821, -0.00009073, -0.00009358, -0.00009741, -0.00010191, -0.00010649, -0.00011066, -0.00011423, -0.00011726, -0.00011994, -0.00012251, -0.00013391, -0.00014544, -0.00015323, -0.00015718, -0.00015901, -0.00015941, -0.00015792, -0.00015384, -0.00014696, -0.00013762, -0.00012653, -0.00011443, -0.00010195, -0.00008952, -0.00007740, -0.00006580, -0.00005486, -0.00004474, -0.00003560, -0.00002755, -0.00002076, -0.00001522, -0.00001093, -0.00000775, -0.00000544, -0.00000381, -0.00000265, -0.00000178, -0.00000110, -0.00000053, -0.00000006, 0.00000029, 0.00000052, 0.00000058, 0.00000048, 0.00000026, -0.00000002, -0.00000029, -0.00000048, -0.00000056, -0.00000057, -0.00000057, -0.00000063, -0.00000061, 0.00000000
0.00085258, 0.00054941, 0.00040794, 0.00031146, 0.00024595, 0.00020038, 0.00015322, 0.00011220, 0.00008176, 0.00005806, 0.00003627, 0.00001431, -0.00000747, -0.00002780, -0.00004571, -0.00006089, -0.00007360, -0.00008445, -0.00009408, -0.00012820, -0.00015560, -0.00017024, -0.00017403, -0.00017273, -0.00016943, -0.00016405, -0.00015561, -0.00014391, -0.00012983, -0.00011476, -0.00010001, -0.00008638, -0.00007414, -0.00006318, -0.00005322, -0.00004403, -0.00003553, -0.00002776, -0.00002088, -0.00001512, -0.00001058, -0.00000731, -0.00000514, -0.00000382, -0.00000305, -0.00000254, -0.00000207, -0.00000151, -0.00000084, -0.00000011, 0.00000053, 0.00000096, 0.00000108, 0.00000088, 0.00000042, -0.00000014, -0.00000063, -0.00000086, -0.00000081, -0.00000055, -0.00000034, -0.00000040, -0.00000064, 0.00000000
0.00025173, 0.00014484, 0.00009874, 0.00006741, 0.00004755, 0.00003508, 0.00002043, 0.00000765, -0.00000090, -0.00000687, -0.00001242, -0.00001844, -0.00002469, -0.00003052, -0.00003543, -0.00003924, -0.00004208, -0.00004422, -0.00004595, -0.00005228, -0.00005702, -0.00005695, -0.00005294, -0.00004778, -0.00004294, -0.00003832, -0.00003340, -0.00002799, -0.00002242, -0.00001723, -0.00001290, -0.00000965, -0.00000741, -0.00000595, -0.00000497, -0.00000421, -0.00000349, -0.00000275, -0.00000201, -0.00000138, -0.00000090, -0.00000066, -0.00000062, -0.00000069, -0.00000078, -0.00000082, -0.00000076, -0.00000058, -0.00000030, 0.00000002, 0.00000032, 0.00000052, 0.00000057, 0.00000046, 0.00000023, -0.00000007, -0.00000034, -0.00000052, -0.00000057, -0.00000054, -0.00000051, -0.00000057, -0.00000059, 0.00000000
0.00000899, -0.00002020, -0.00002590, -0.00002837, -0.00002771, -0.00002525, -0.00002549, -0.00002599, -0.00002530, -0.00002413, -0.00002345, -0.00002363, -0.00002447, -0.00002556, -0.00002659, -0.00002744, -0.00002812, -0.00002874, -0.00002944, -0.00003409, -0.00004008, -0.00004471, -0.00004783, -0.00005043, -0.00005285, -0.00005469, -0.00005541, -0.00005474, -0.00005276, -0.00004978, -0.00004612, -0.00004208, -0.00003784, -0.00003350, -0.00002913, -0.00002481, -0.00002064, -0.00001671, -0.00001312, -0.00001000, -0.00000740, -0.00000537, -0.00000384, -0.00000272, -0.00000191, -0.00000131, -0.00000085, -0.00000047, -0.00000015, 0.00000012, 0.00000032, 0.00000043, 0.00000045, 0.00000037, 0.00000021, 0.00000001, -0.00000020, -0.00000037, -0.00000049, -0.00000057, -0.00000064, -0.00000069, -0.00000060, 0.00000000
-0.00102932, -0.00071010, -0.00055497, -0.00045128, -0.00037947, -0.00032789, -0.00027872, -0.00023661, -0.00020420, -0.00017823, -0.00015477, -0.00013208, -0.00011024, -0.00009008, -0.00007226, -0.00005694, -0.00004387, -0.00003258, -0.00002254, 0.00001182, 0.00003954, 0.00005716, 0.00006622, 0.00007095, 0.00007370, 0.00007454, 0.00007287, 0.00006862, 0.00006247, 0.00005543, 0.00004843, 0.00004201, 0.00003632, 0.00003123, 0.00002652, 0.00002203, 0.00001772, 0.00001367, 0.00001008, 0.00000707, 0.00000477, 0.00000317, 0.00000223, 0.00000181, 0.00000172, 0.00000174, 0.00000170, 0.00000151, 0.00000114, 0.00000067, 0.00000019, -0.00000017, -0.00000032, -0.00000026, -0.00000004, 0.00000022, 0.00000037, 0.00000028, -0.00000009, -0.00000061, -0.00000104, -0.00000108, -0.00000057, 0.00000000
0.00026575, 0.00014742, 0.00010278, 0.00007435, 0.00005961, 0.00005367, 0.00004355, 0.00003507, 0.00003159, 0.00003087, 0.00002994, 0.00002762, 0.00002429, 0.00002088, 0.00001812, 0.00001629, 0.00001527, 0.00001470, 0.00001420, 0.00000894, 0.00000038, -0.00000548, -0.00000850, -0.00001140, -0.00001528, -0.00001930, -0.00002215, -0.00002322, -0.00002268, -0.00002121, -0.00001944, -0.00001778, -0.00001632, -0.00001494, -0.00001347, -0.00001177, -0.00000982, -0.00000772, -0.00000562, -0.00000378, -0.00000232, -0.00000136, -0.00000085, -0.00000066, -0.00000065, -0.00000067, -0.00000061, -0.00000041, -0.00000009, 0.00000029, 0.00000064, 0.00000087, 0.00000090, 0.00000072, 0.00000037, -0.00000005, -0.00000043, -0.00000065, -0.00000068, -0.00000058, -0.00000049, -0.00000055, -0.00000064, 0.00000000
0.00017458, 0.00008991, 0.00006002, 0.00003976, 0.00003009, 0.00002753, 0.00002036, 0.00001444, 0.00001314, 0.00001444, 0.00001557, 0.00001546, 0.00001448, 0.00001354, 0.00001331, 0.00001405, 0.00001562, 0.00001767, 0.00001983, 0.00002550, 0.00002780, 0.00003194, 0.00003759, 0.00004184, 0.00004342, 0.00004304, 0.00004190, 0.00004067, 0.00003930, 0.00003742, 0.00003467, 0.00003099, 0.00002663, 0.00002201, 0.00001758, 0.00001369, 0.00001054, 0.00000813, 0.00000637, 0.00000503, 0.00000394, 0.00000295, 0.00000201, 0.00000116, 0.00000046, -0.00000003, -0.00000026, -0.00000025, -0.00000005, 0.00000026, 0.00000058, 0.00000079, 0.00000082, 0.00000065, 0.00000033, -0.00000007, -0.00000042, -0.00000062, -0.00000065, -0.00000056, -0.00000049, -0.00000054, -0.00000062, 0.00000000
0.00027591, 0.00020643, 0.00017604, 0.00015427, 0.00013939, 0.00012896, 0.00011652, 0.00010506, 0.00009634, 0.00008925, 0.00008231, 0.00007494, 0.00006733, 0.00005993, 0.00005311, 0.00004702, 0.00004159, 0.00003664, 0.00003196, 0.00001402, -0.00000189, -0.00001341, -0.00002107, -0.00002678, -0.00003149, -0.00003510, -0.00003722, -0.00003769, -0.00003679, -0.00003495, -0.00003261, -0.00003007, -0.00002747, -0.00002483, -0.00002212, -0.00001933, -0.00001649, -0.00001368, -0.00001098, -0.00000857, -0.00000651, -0.00000489, -0.00000366, -0.00000274, -0.00000206, -0.00000152, -0.00000106, -0.00000064, -0.00000026, 0.00000008, 0.00000035, 0.00000051, 0.00000055, 0.00000046, 0.00000026, 0.00000001, -0.00000024, -0.00000043, -0.00000055, -0.00000060, -0.00000065, -0.00000070, -0.00000064, 0.00000000
0.00008081, 0.00001719, -0.00000509, -0.00001857, -0.00002444, -0.00002544, -0.00002895, -0.00003160, -0.00003144, -0.00002974, -0.00002817, -0.00002741, -0.00002722, -0.00002708, -0.00002657, -0.00002553, -0.00002405, -0.00002233, -0.00002059, -0.00001560, -0.00001259, -0.00000841, -0.00000334, 0.00000080, 0.00000324, 0.00000442, 0.00000511, 0.00000576, 0.00000636, 0.00000671, 0.00000659, 0.00000596, 0.00000493, 0.00000371, 0.00000256, 0.00000163, 0.00000102, 0.00000072, 0.00000069, 0.00000074, 0.00000080, 0.00000076, 0.00000063, 0.00000044, 0.00000025, 0.00000013, 0.00000009, 0.00000016, 0.00000030, 0.00000048, 0.00000065, 0.00000074, 0.00000071, 0.00000057, 0.00000032, 0.00000002, -0.00000025, -0.00000046, -0.00000057, -0.00000061, -0.00000064, -0.00000069, -0.00000065, 0.00000000
-0.00033017, -0.00024803, -0.00020272, -0.00017130, -0.00014813, -0.00013032, -0.00011474, -0.00010153, -0.00009076, -0.00008177, -0.00007388, -0.00006673, -0.00006026, -0.00005450, -0.00004949, -0.00004521, -0.00004160, -0.00003855, -0.00003598, -0.00002878, -0.00002469, -0.00002328, -0.00002386, -0.00002554, -0.00002760, -0.00002969, -0.00003154, -0.00003294, -0.00003366, -0.00003354, -0.00003252, -0.00003067, -0.00002815, -0.00002518, -0.00002200, -0.00001880, -0.00001574, -0.00001290, -0.00001032, -0.00000806, -0.00000611, -0.00000450, -0.00000317, -0.00000208, -0.00000122, -0.00000056, -0.00000010, 0.00000019, 0.00000034, 0.00000038, 0.00000035, 0.00000030, 0.00000025, 0.00000021, 0.00000017, 0.00000011, 0.00000001, -0.00000015, -0.00000037, -0.00000061, -0.00000081, -0.00000086, -0.00000062, 0.00000000
0.00123586, 0.00088262, 0.00071749, 0.00060229, 0.00052266, 0.00046595, 0.00040560, 0.00035192, 0.00031084, 0.00027774, 0.00024662, 0.00021496, 0.00018331, 0.00015331, 0.00012626, 0.00010261, 0.00008205, 0.00006383, 0.00004715, -0.00001376, -0.00006569, -0.00010074, -0.00012106, -0.00013380, -0.00014282, -0.00014799, -0.00014813, -0.00014304, -0.00013385, -0.00012240, -0.00011036, -0.00009879, -0.00008804, -0.00007802, -0.00006842, -0.00005903, -0.00004979, -0.00004089, -0.00003260, -0.00002533, -0.00001930, -0.00001464, -0.00001126, -0.00000890, -0.00000723, -0.00000594, -0.00000477, -0.00000357, -0.00000231, -0.00000106, 0.00000001, 0.00000075, 0.00000105, 0.00000090, 0.00000040, -0.00000025, -0.00000080, -0.00000104, -0.00000091, -0.00000054, -0.00000022, -0.00000029, -0.00000064, 0.00000000
-0.00002520, -0.00004877, -0.00005241, -0.00005222, -0.00004866, -0.00004306, -0.00003906, -0.00003493, -0.00002966, -0.00002385, -0.00001831, -0.00001334, -0.00000882, -0.00000446, -0.00000005, 0.00000449, 0.00000914, 0.00001378, 0.00001831, 0.00003420, 0.00004753, 0.00005991, 0.00007106, 0.00007988, 0.00008591, 0.00008935, 0.00009064, 0.00009009, 0.00008786, 0.00008402, 0.00007871, 0.00007214, 0.00006468, 0.00005674, 0.00004871, 0.00004096, 0.00003375, 0.00002729, 0.00002167, 0.00001684, 0.00001281, 0.00000947, 0.00000678, 0.00000468, 0.00000312, 0.00000201, 0.00000129, 0.00000085, 0.00000063, 0.00000053, 0.00000050, 0.00000048, 0.00000043, 0.00000033, 0.00000019, 0.00000001, -0.00000017, -0.00000033, -0.00000046, -0.00000056, -0.00000065, -0.00000070, -0.00000059, 0.00000000
0.00057988, 0.00041957, 0.00034130, 0.00028487, 0.00024441, 0.00021438, 0.00018284, 0.00015449, 0.00013207, 0.00011349, 0.00009604, 0.00007855, 0.00006127, 0.00004494, 0.00003014, 0.00001707, 0.00000557, -0.00000468, -0.00001406, -0.00004739, -0.00007408, -0.00009098, -0.00009959, -0.00010365, -0.00010527, -0.00010472, -0.00010165, -0.00009615, -0.00008886, -0.00008070, -0.00007248, -0.00006471, -0.00005757, -0.00005101, -0.00004487, -0.00003903, -0.00003343, -0.00002812, -0.00002318, -0.00001880, -0.00001506, -0.00001204, -0.00000967, -0.00000783, -0.00000638, -0.00000517, -0.00000410, -0.00000309, -0.00000214, -0.00000127, -0.00000055, -0.00000004, 0.00000023, 0.00000026, 0.00000008, -0.00000019, -0.00000045, -0.00000061, -0.00000062, -0.00000054, -0.00000048, -0.00000053, -0.00000060, 0.00000000
0.00026714, 0.00017892, 0.00013655, 0.00010499, 0.00008289, 0.00006720, 0.00004980, 0.00003435, 0.00002293, 0.00001411, 0.00000597, -0.00000229, -0.00001047, -0.00001805, -0.00002459, -0.00002997, -0.00003430, -0.00003783, -0.00004084, -0.00005076, -0.00005727, -0.00005815, -0.00005466, -0.00004958, -0.00004445, -0.00003938, -0.00003407, -0.00002844, -0.00002282, -0.00001771, -0.00001352, -0.00001041, -0.00000829, -0.00000693, -0.00000602, -0.00000530, -0.00000462, -0.00000390, -0.00000313, -0.00000243, -0.00000184, -0.00000145, -0.00000122, -0.00000111, -0.00000103, -0.00000093, -0.00000076, -0.00000052, -0.00000023, 0.00000009, 0.00000036, 0.00000053, 0.00000057, 0.00000047, 0.00000025, -0.00000003, -0.00000029, -0.00000048, -0.00000056, -0.00000057, -0.00000057, -0.00000063, -0.00000061, 0.00000000
0.00040093, 0.00026831, 0.00020519, 0.00015942, 0.00012697, 0.00010330, 0.00007775, 0.00005481, 0.00003708, 0.00002270, 0.00000922, -0.00000439, -0.00001790, -0.00003062, -0.00004201, -0.00005189, -0.00006039, -0.00006783, -0.00007455, -0.00009798, -0.00011590, -0.00012544, -0.00012800, -0.00012694, -0.00012415, -0.00011975, -0.00011337, -0.00010503, -0.00009531, -0.00008501, -0.00007491, -0.00006548, -0.00005691, -0.00004914, -0.00004205, -0.00003550, -0.00002945, -0.00002390, -0.00001892, -0.00001464, -0.00001110, -0.00000836, -0.00000632, -0.00000483, -0.00000373, -0.00000286, -0.00000213, -0.00000144, -0.00000080, -0.00000021, 0.00000026, 0.00000057, 0.00000068, 0.00000057, 0.00000031, -0.00000003, -0.00000035, -0.00000057, -0.00000065, -0.00000062, -0.00000060, -0.00000066, -0.00000067, 0.00000000
-0.00043581, -0.00034928, -0.00030673, -0.00027980, -0.00026135, -0.00024808, -0.00023655, -0.00022697, -0.00021944, -0.00021329, -0.00020781, -0.00020266, -0.00019779, -0.00019329, -0.00018921, -0.00018559, -0.00018236, -0.00017946, -0.00017680, -0.00016712, -0.00015774, -0.00014901, -0.00014082, -0.00013268, -0.00012429, -0.00011562, -0.00010675, -0.00009775, -0.00008862, -0.00007938, -0.00007011, -0.00006092, -0.00005204, -0.00004365, -0.00003597, -0.00002911, -0.00002315, -0.00001808, -0.00001381, -0.00001033, -0.00000751, -0.00000530, -0.00000359, -0.00000227, -0.00000127, -0.00000054, -0.00000005, 0.00000024, 0.00000037, 0.00000040, 0.00000036, 0.00000030, 0.00000025, 0.00000020, 0.00000016, 0.00000011, 0.00000001, -0.00000014, -0.00000036, -0.00000061, -0.00000081, -0.00000085, -0.00000061, 0.00000000
-0.00014308, -0.00012483, -0.00011255, -0.00010509, -0.00009945, -0.00009489, -0.00009235, -0.00009059, -0.00008887, -0.00008730, -0.00008613, -0.00008541, -0.00008504, -0.00008484, -0.00008469, -0.00008452, -0.00008434, -0.00008418, -0.00008409, -0.00008423, -0.00008412, -0.00008289, -0.00008071, -0.00007807, -0.00007517, -0.00007188, -0.00006801, -0.00006351, -0.00005845, -0.00005302, -0.00004742, -0.00004182, -0.00003639, -0.00003121, -0.00002636, -0.00002189, -0.00001784, -0.00001422, -0.00001102, -0.00000832, -0.00000608, -0.00000432, -0.00000296, -0.00000193, -0.00000115, -0.00000056, -0.00000013, 0.00000018, 0.00000039, 0.00000052, 0.00000058, 0.00000059, 0.00000053, 0.00000043, 0.00000029, 0.00000012, -0.00000008, -0.00000028, -0.00000048, -0.00000066, -0.00000081, -0.00000086, -0.00000068, 0.00000000
-0.00034790, -0.00028290, -0.00025211, -0.00023451, -0.00022306, -0.00021512, -0.00020913, -0.00020445, -0.00020073, -0.00019765, -0.00019494, -0.00019245, -0.00019008, -0.00018781, -0.00018561, -0.00018348, -0.00018141, -0.00017938, -0.00017738, -0.00016924, -0.00016008, -0.00015003, -0.00013948, -0.00012873, -0.00011797, -0.00010730, -0.00009680, -0.00008656, -0.00007665, -0.00006716, -0.00005818, -0.00004981, -0.00004211, -0.00003515, -0.00002897, -0.00002357, -0.00001892, -0.00001497, -0.00001163, -0.00000889, -0.00000666, -0.00000490, -0.00000352, -0.00000244, -0.00000161, -0.00000097, -0.00000050, -0.00000017, 0.00000004, 0.00000016, 0.00000022, 0.00000023, 0.00000022, 0.00000019, 0.00000013, 0.00000006, -0.00000005, -0.00000020, -0.00000039, -0.00000059, -0.00000075, -0.00000079, -0.00000060, 0.00000000
-0.00051260, -0.00051589, -0.00052391, -0.00053369, -0.00054406, -0.00055434, -0.00056400, -0.00057303, -0.00058142, -0.00058906, -0.00059588, -0.00060188, -0.00060711, -0.00061162, -0.00061547, -0.00061869, -0.00062130, -0.00062333, -0.00062479, -0.00062499, -0.00061653, -0.00060074, -0.00057889, -0.00055204, -0.00052106, -0.00048672, -0.00044973, -0.00041081, -0.00037071, -0.00033020, -0.00029011, -0.00025125, -0.00021436, -0.00018007, -0.00014887, -0.00012107, -0.00009681, -0.00007607, -0.00005866, -0.00004439, -0.00003293, -0.00002395, -0.00001705, -0.00001185, -0.00000801, -0.00000524, -0.00000329, -0.00000196, -0.00000109, -0.00000054, -0.00000020, -0.00000001, 0.00000008, 0.00000011, 0.00000010, 0.00000004, -0.00000007, -0.00000021, -0.00000039, -0.00000059, -0.00000074, -0.00000079, -0.00000059, 0.00000000
-0.00001710, -0.00001649, -0.00000861, -0.00000296, 0.00000318, 0.00000964, 0.00001295, 0.00001553, 0.00001880, 0.00002222, 0.00002498, 0.00002678, 0.00002785, 0.00002853, 0.00002913, 0.00002975, 0.00003040, 0.00003098, 0.00003137, 0.00003024, 0.00002650, 0.00002271, 0.00001913, 0.00001500, 0.00001014, 0.00000504, 0.00000034, -0.00000357, -0.00000659, -0.00000883, -0.00001045, -0.00001155, -0.00001220, -0.00001238, -0.00001211, -0.00001141, -0.00001036, -0.00000906, -0.00000761, -0.00000619, -0.00000489, -0.00000381, -0.00000295, -0.00000226, -0.00000172, -0.00000127, -0.00000089, -0.00000054, -0.00000024, 0.00000003, 0.00000023, 0.00000035, 0.00000038, 0.00000032, 0.00000019, 0.00000000, -0.00000019, -0.00000035, -0.00000048, -0.00000057, -0.00000065, -0.00000070, -0.00000060, 0.00000000
0.00165491, 0.00112613, 0.00087888, 0.00071028, 0.00059505, 0.00051391, 0.00043002, 0.00035646, 0.00030077, 0.00025643, 0.00021522, 0.00017360, 0.00013222, 0.00009320, 0.00005826, 0.00002795, 0.00000181, -0.00002116, -0.00004206, -0.00011805, -0.00018261, -0.00022501, -0.00024792, -0.00026070, -0.00026831, -0.00027043, -0.00026534, -0.00025272, -0.00023414, -0.00021212, -0.00018905, -0.00016656, -0.00014535, -0.00012549, -0.00010676, -0.00008902, -0.00007232, -0.00005693, -0.00004324, -0.00003168, -0.00002249, -0.00001572, -0.00001109, -0.00000816, -0.00000637, -0.00000519, -0.00000419, -0.00000310, -0.00000187, -0.00000057, 0.00000058, 0.00000137, 0.00000163, 0.00000133, 0.00000060, -0.00000030, -0.00000103, -0.00000133, -0.00000110, -0.00000052, -0.00000004, -0.00000012, -0.00000066, 0.00000000
-0.00043355, -0.00031917, -0.00026103, -0.00022156, -0.00019335, -0.00017234, -0.00015291, -0.00013620, -0.00012284, -0.00011177, -0.00010178, -0.00009229, -0.00008327, -0.00007496, -0.00006751, -0.00006097, -0.00005525, -0.00005020, -0.00004566, -0.00003026, -0.00001771, -0.00000872, -0.00000284, 0.00000115, 0.00000400, 0.00000586, 0.00000668, 0.00000656, 0.00000580, 0.00000476, 0.00000374, 0.00000292, 0.00000233, 0.00000190, 0.00000157, 0.00000124, 0.00000089, 0.00000055, 0.00000027, 0.00000005, -0.00000005, -0.00000007, 0.00000001, 0.00000017, 0.00000036, 0.00000054, 0.00000066, 0.00000068, 0.00000061, 0.00000048, 0.00000033, 0.00000020, 0.00000012, 0.00000010, 0.00000011, 0.00000012, 0.00000007, -0.00000007, -0.00000031, -0.00000060, -0.00000084, -0.00000088, -0.00000059, 0.00000000
-0.00030236, -0.00023225, -0.00019192, -0.00016377, -0.00014213, -0.00012469, -0.00010979, -0.00009695, -0.00008587, -0.00007614, -0.00006743, -0.00005951, -0.00005227, -0.00004564, -0.00003959, -0.00003407, -0.00002906, -0.00002449, -0.00002034, -0.00000682, 0.00000346, 0.00001126, 0.00001696, 0.00002088, 0.00002333, 0.00002456, 0.00002483, 0.00002432, 0.00002323, 0.00002173, 0.00001995, 0.00001800, 0.00001597, 0.00001391, 0.00001189, 0.00000995, 0.00000815, 0.00000653, 0.00000516, 0.00000400, 0.00000305, 0.00000229, 0.00000169, 0.00000127, 0.00000099, 0.00000082, 0.00000071, 0.00000063, 0.00000056, 0.00000049, 0.00000042, 0.00000035, 0.00000029, 0.00000022, 0.00000016, 0.00000007, -0.00000004, -0.00000020, -0.00000039, -0.00000059, -0.00000076, -0.00000080, -0.00000060, 0.00000000
-0.00096570, -0.00065401, -0.00049261, -0.00038276, -0.00030406, -0.00024540, -0.00019220, -0.00014703, -0.00011126, -0.00008206, -0.00005624, -0.00003226, -0.00001002, 0.00001001, 0.00002746, 0.00004229, 0.00005476, 0.00006530, 0.00007435, 0.00010169, 0.00011893, 0.00012541, 0.00012351, 0.00011726, 0.00010912, 0.00009968, 0.00008893, 0.00007712, 0.00006496, 0.00005331, 0.00004288, 0.00003403, 0.00002679, 0.00002095, 0.00001618, 0.00001220, 0.00000884, 0.00000602, 0.00000377, 0.00000206, 0.00000092, 0.00000027, 0.00000006, 0.00000016, 0.00000044, 0.00000072, 0.00000090, 0.00000090, 0.00000074, 0.00000045, 0.00000014, -0.00000010, -0.00000021, -0.00000016, -0.00000001, 0.00000017, 0.00000025, 0.00000015, -0.00000016, -0.00000060, -0.00000095, -0.00000099, -0.00000057, 0.00000000
-0.00061168, -0.00042896, -0.00033786, -0.00027622, -0.00023299, -0.00020153, -0.00017197, -0.00014669, -0.00012707, -0.00011125, -0.00009707, -0.00008352, -0.00007065, -0.00005885, -0.00004849, -0.00003963, -0.00003212, -0.00002570, -0.00002007, -0.00000143, 0.00001305, 0.00002178, 0.00002569, 0.00002718, 0.00002759, 0.00002709, 0.00002545, 0.00002271, 0.00001927, 0.00001572, 0.00001252, 0.00000993, 0.00000796, 0.00000646, 0.00000525, 0.00000417, 0.00000314, 0.00000217, 0.00000135, 0.00000070, 0.00000030, 0.00000011, 0.00000014, 0.00000033, 0.00000060, 0.00000085, 0.00000100, 0.00000100, 0.00000085, 0.00000061, 0.00000035, 0.00000013, 0.00000001, 0.00000001, 0.00000008, 0.00000017, 0.00000019, 0.00000005, -0.00000024, -0.00000062, -0.00000094, -0.00000097, -0.00000060, 0.00000000
0.00045218, 0.00033830, 0.00027540, 0.00022339, 0.00018190, 0.00014788, 0.00011152, 0.00007762, 0.00004896, 0.00002382, -0.00000015, -0.00002393, -0.00004727, -0.00006948, -0.00009002, -0.00010870, -0.00012566, -0.00014120, -0.00015566, -0.00020665, -0.00024686, -0.00027367, -0.00028868, -0.00029554, -0.00029642, -0.00029187, -0.00028197, -0.00026722, -0.00024869, -0.00022772, -0.00020558, -0.00018329, -0.00016148, -0.00014057, -0.00012078, -0.00010229, -0.00008527, -0.00006987, -0.00005622, -0.00004448, -0.00003465, -0.00002668, -0.00002039, -0.00001550, -0.00001173, -0.00000881, -0.00000651, -0.00000466, -0.00000315, -0.00000192, -0.00000097, -0.00000032, 0.00000005, 0.00000014, 0.00000002, -0.00000021, -0.00000044, -0.00000060, -0.00000063, -0.00000058, -0.00000053, -0.00000058, -0.00000062, 0.00000000
-0.00041165, -0.00032653, -0.00027505, -0.00023789, -0.00020851, -0.00018421, -0.00016313, -0.00014466, -0.00012840, -0.00011391, -0.00010078, -0.00008875, -0.00007769, -0.00006750, -0.00005813, -0.00004953, -0.00004164, -0.00003439, -0.00002775, -0.00000597, 0.00001028, 0.00002225, 0.00003068, 0.00003619, 0.00003931, 0.00004054, 0.00004026, 0.00003882, 0.00003653, 0.00003366, 0.00003042, 0.00002699, 0.00002351, 0.00002011, 0.00001686, 0.00001384, 0.00001111, 0.00000873, 0.00000674, 0.00000509, 0.00000378, 0.00000275, 0.00000197, 0.00000142, 0.00000107, 0.00000085, 0.00000071, 0.00000062, 0.00000054, 0.00000047, 0.00000040, 0.00000034, 0.00000028, 0.00000022, 0.00000015, 0.00000007, -0.00000004, -0.00000019, -0.00000038, -0.00000058, -0.00000075, -0.00000080, -0.00000060, 0.00000000
-0.00036594, -0.00026445, -0.00021078, -0.00017456, -0.00014830, -0.00012837, -0.00011084, -0.00009593, -0.00008374, -0.00007351, -0.00006440, -0.00005600, -0.00004823, -0.00004118, -0.00003490, -0.00002939, -0.00002458, -0.00002036, -0.00001662, -0.00000467, 0.00000416, 0.00000993, 0.00001312, 0.00001461, 0.00001500, 0.00001451, 0.00001329, 0.00001151, 0.00000943, 0.00000731, 0.00000539, 0.00000376, 0.00000246, 0.00000146, 0.00000069, 0.00000009, -0.00000037, -0.00000070, -0.00000086, -0.00000092, -0.00000086, -0.00000072, -0.00000053, -0.00000028, -0.00000001, 0.00000024, 0.00000042, 0.00000052, 0.00000054, 0.00000049, 0.00000040, 0.00000032, 0.00000025, 0.00000020, 0.00000016, 0.00000012, 0.00000003, -0.00000013, -0.00000036, -0.00000062, -0.00000083, -0.00000088, -0.00000062, 0.00000000
0.00030896, 0.00022824, 0.00018313, 0.00014486, 0.00011400, 0.00008847, 0.00006083, 0.00003492, 0.00001295, -0.00000637, -0.00002483, -0.00004316, -0.00006116, -0.00007827, -0.00009408, -0.00010844, -0.00012144, -0.00013333, -0.00014436, -0.00018293, -0.00021266, -0.00023166, -0.00024137, -0.00024475, -0.00024357, -0.00023830, -0.00022904, -0.00021619, -0.00020057, -0.00018322, -0.00016512, -0.00014702, -0.00012940, -0.00011257, -0.00009668, -0.00008185, -0.00006820, -0.00005585, -0.00004488, -0.00003542, -0.00002748, -0.00002104, -0.00001594, -0.00001198, -0.00000892, -0.00000656, -0.00000472, -0.00000326, -0.00000208, -0.00000116, -0.00000046, 0.00000000, 0.00000024, 0.00000026, 0.00000013, -0.00000009, -0.00000032, -0.00000049, -0.00000057, -0.00000059, -0.00000060, -0.00000065, -0.00000062, 0.00000000
0.00013574, 0.00001233, -0.00004172, -0.00007818, -0.00010177, -0.00011702, -0.00013396, -0.00014858, -0.00015853, -0.00016557, -0.00017197, -0.00017868, -0.00018550, -0.00019180, -0.00019707, -0.00020114, -0.00020415, -0.00020636, -0.00020810, -0.00021373, -0.00021678, -0.00021406, -0.00020642, -0.00019664, -0.00018617, -0.00017487, -0.00016223, -0.00014811, -0.00013297, -0.00011754, -0.00010255, -0.00008849, -0.00007559, -0.00006387, -0.00005327, -0.00004371, -0.00003514, -0.00002758, -0.00002105, -0.00001563, -0.00001131, -0.00000805, -0.00000571, -0.00000409, -0.00000297, -0.00000217, -0.00000155, -0.00000100, -0.00000050, -0.00000004, 0.00000034, 0.00000057, 0.00000064, 0.00000052, 0.00000027, -0.00000004, -0.00000033, -0.00000053, -0.00000059, -0.00000057, -0.00000054, -0.00000059, -0.00000061, 0.00000000
0.00066559, 0.00041373, 0.00031214, 0.00024668, 0.00020895, 0.00018894, 0.00016294, 0.00014093, 0.00012863, 0.00012193, 0.00011547, 0.00010706, 0.00009732, 0.00008785, 0.00007993, 0.00007401, 0.00006984, 0.00006678, 0.00006414, 0.00004986, 0.00003167, 0.00001939, 0.00001291, 0.00000710, -0.00000027, -0.00000796, -0.00001387, -0.00001699, -0.00001768, -0.00001706, -0.00001620, -0.00001570, -0.00001559, -0.00001555, -0.00001517, -0.00001415, -0.00001243, -0.00001017, -0.00000767, -0.00000535, -0.00000349, -0.00000229, -0.00000172, -0.00000161, -0.00000174, -0.00000186, -0.00000179, -0.00000145, -0.00000085, -0.00000012, 0.00000058, 0.00000106, 0.00000120, 0.00000097, 0.00000044, -0.00000020, -0.00000074, -0.00000098, -0.00000087, -0.00000052, -0.00000024, -0.00000030, -0.00000063, 0.00000000
0.00034841, 0.00027828, 0.00024099, 0.00020945, 0.00018457, 0.00016440, 0.00014169, 0.00012025, 0.00010229, 0.00008658, 0.00007137, 0.00005597, 0.00004063, 0.00002588, 0.00001217, -0.00000034, -0.00001175, -0.00002228, -0.00003218, -0.00006818, -0.00009807, -0.00011944, -0.00013335, -0.00014239, -0.00014802, -0.00015046, -0.00014955, -0.00014544, -0.00013871, -0.00013016, -0.00012054, -0.00011039, -0.00010004, -0.00008967, -0.00007938, -0.00006926, -0.00005947, -0.00005016, -0.00004151, -0.00003375, -0.00002698, -0.00002129, -0.00001663, -0.00001287, -0.00000986, -0.00000745, -0.00000551, -0.00000393, -0.00000264, -0.00000160, -0.00000081, -0.00000027, 0.00000003, 0.00000011, 0.00000003, -0.00000015, -0.00000035, -0.00000050, -0.00000057, -0.00000057, -0.00000058, -0.00000063, -0.00000061, 0.00000000
-0.00023247, -0.00021536, -0.00021192, -0.00021425, -0.00021750, -0.00022071, -0.00022482, -0.00022867, -0.00023162, -0.00023385, -0.00023567, -0.00023719, -0.00023837, -0.00023907, -0.00023924, -0.00023886, -0.00023798, -0.00023669, -0.00023507, -0.00022589, -0.00021258, -0.00019559, -0.00017619, -0.00015583, -0.00013542, -0.00011547, -0.00009628, -0.00007819, -0.00006159, -0.00004682, -0.00003412, -0.00002360, -0.00001521, -0.00000878, -0.00000407, -0.00000081, 0.00000130, 0.00000254, 0.00000315, 0.00000329, 0.00000312, 0.00000274, 0.00000226, 0.00000179, 0.00000139, 0.00000108, 0.00000086, 0.00000072, 0.00000064, 0.00000059, 0.00000056, 0.00000051, 0.00000045, 0.00000035, 0.00000022, 0.00000007, -0.00000010, -0.00000028, -0.00000045, -0.00000062, -0.00000075, -0.00000079, -0.00000063, 0.00000000
-0.00013081, -0.00009314, -0.00007022, -0.00005394, -0.00004047, -0.00002875, -0.00001885, -0.00000997, -0.00000165, 0.00000614, 0.00001333, 0.00001995, 0.00002609, 0.00003185, 0.00003731, 0.00004251, 0.00004745, 0.00005212, 0.00005651, 0.00007133, 0.00008299, 0.00009230, 0.00009923, 0.00010354, 0.00010521, 0.00010446, 0.00010162, 0.00009701, 0.00009093, 0.00008369, 0.00007560, 0.00006699, 0.00005821, 0.00004957, 0.00004134, 0.00003377, 0.00002699, 0.00002112, 0.00001619, 0.00001213, 0.00000888, 0.00000633, 0.00000438, 0.00000295, 0.00000196, 0.00000130, 0.00000088, 0.00000064, 0.00000049, 0.00000041, 0.00000036, 0.00000031, 0.00000027, 0.00000021, 0.00000013, 0.00000003, -0.00000009, -0.00000023, -0.00000039, -0.00000056, -0.00000070, -0.00000074, -0.00000058, 0.00000000
0.00003137, -0.00000883, -0.00002378, -0.00003405, -0.00003979, -0.00004250, -0.00004700, -0.00005090, -0.00005277, -0.00005341, -0.00005393, -0.00005476, -0.00005576, -0.00005656, -0.00005688, -0.00005662, -0.00005584, -0.00005469, -0.00005334, -0.00004726, -0.00003976, -0.00002948, -0.00001728, -0.00000500, 0.00000633, 0.00001661, 0.00002597, 0.00003442, 0.00004166, 0.00004733, 0.00005111, 0.00005290, 0.00005279, 0.00005103, 0.00004798, 0.00004402, 0.00003948, 0.00003467, 0.00002986, 0.00002515, 0.00002071, 0.00001660, 0.00001292, 0.00000976, 0.00000717, 0.00000515, 0.00000365, 0.00000261, 0.00000194, 0.00000152, 0.00000127, 0.00000108, 0.00000089, 0.00000067, 0.00000040, 0.00000011, -0.00000017, -0.00000040, -0.00000056, -0.00000067, -0.00000075, -0.00000080, -0.00000070, 0.00000000
-0.00008649, -0.00009143, -0.00008674, -0.00008316, -0.00007813, -0.00007212, -0.00006921, -0.00006690, -0.00006372, -0.00006032, -0.00005764, -0.00005604, -0.00005528, -0.00005498, -0.00005482, -0.00005466, -0.00005451, -0.00005447, -0.00005465, -0.00005839, -0.00006473, -0.00007034, -0.00007455, -0.00007793, -0.00008058, -0.00008196, -0.00008151, -0.00007900, -0.00007466, -0.00006892, -0.00006233, -0.00005533, -0.00004825, -0.00004133, -0.00003473, -0.00002855, -0.00002291, -0.00001788, -0.00001351, -0.00000990, -0.00000702, -0.00000487, -0.00000333, -0.00000226, -0.00000153, -0.00000102, -0.00000064, -0.00000034, -0.00000007, 0.00000016, 0.00000033, 0.00000043, 0.00000044, 0.00000036, 0.00000020, -0.00000000, -0.00000020, -0.00000037, -0.00000049, -0.00000056, -0.00000062, -0.00000067, -0.00000059, 0.00000000
0.00009859, 0.00004301, 0.00002199, 0.00000815, 0.00000029, -0.00000373, -0.00000981, -0.00001516, -0.00001818, -0.00001985, -0.00002152, -0.00002372, -0.00002628, -0.00002876, -0.00003082, -0.00003234, -0.00003337, -0.00003408, -0.00003465, -0.00003747, -0.00004020, -0.00004045, -0.00003863, -0.00003641, -0.00003461, -0.00003301, -0.00003111, -0.00002866, -0.00002577, -0.00002274, -0.00001984, -0.00001726, -0.00001502, -0.00001304, -0.00001123, -0.00000950, -0.00000782, -0.00000620, -0.00000468, -0.00000338, -0.00000233, -0.00000159, -0.00000113, -0.00000085, -0.00000068, -0.00000055, -0.00000041, -0.00000024, -0.00000003, 0.00000018, 0.00000036, 0.00000047, 0.00000048, 0.00000039, 0.00000021, -0.00000001, -0.00000023, -0.00000041, -0.00000051, -0.00000056, -0.00000059, -0.00000064, -0.00000059, 0.00000000
-0.00082446, -0.00064015, -0.00054605, -0.00048124, -0.00043471, -0.00039991, -0.00036702, -0.00033849, -0.00031568, -0.00029672, -0.00027944, -0.00026283, -0.00024692, -0.00023212, -0.00021877, -0.00020697, -0.00019658, -0.00018732, -0.00017890, -0.00014940, -0.00012448, -0.00010576, -0.00009224, -0.00008144, -0.00007183, -0.00006317, -0.00005560, -0.00004912, -0.00004340, -0.00003801, -0.00003264, -0.00002720, -0.00002183, -0.00001677, -0.00001231, -0.00000860, -0.00000572, -0.00000359, -0.00000204, -0.00000097, -0.00000018, 0.00000041, 0.00000088, 0.00000128, 0.00000161, 0.00000182, 0.00000188, 0.00000177, 0.00000151, 0.00000116, 0.00000080, 0.00000049, 0.00000030, 0.00000022, 0.00000023, 0.00000026, 0.00000022, 0.00000004, -0.00000029, -0.00000070, -0.00000103, -0.00000107, -0.00000067, 0.00000000
-0.00126642, -0.00103092, -0.00090789, -0.00082037, -0.00075477, -0.00070320, -0.00065338, -0.00060867, -0.00057102, -0.00053815, -0.00050732, -0.00047728, -0.00044809, -0.00042032, -0.00039444, -0.00037060, -0.00034865, -0.00032826, -0.00030909, -0.00023974, -0.00017983, -0.00013147, -0.00009344, -0.00006256, -0.00003685, -0.00001585, 0.00000043, 0.00001228, 0.00002045, 0.00002589, 0.00002942, 0.00003162, 0.00003274, 0.00003287, 0.00003203, 0.00003028, 0.00002776, 0.00002473, 0.00002149, 0.00001825, 0.00001527, 0.00001264, 0.00001045, 0.00000867, 0.00000724, 0.00000605, 0.00000498, 0.00000398, 0.00000302, 0.00000213, 0.00000136, 0.00000077, 0.00000040, 0.00000024, 0.00000025, 0.00000031, 0.00000031, 0.00000016, -0.00000017, -0.00000060, -0.00000095, -0.00000098, -0.00000058, 0.00000000
-0.00003823, -0.00007294, -0.00008331, -0.00008992, -0.00009250, -0.00009253, -0.00009503, -0.00009740, -0.00009810, -0.00009795, -0.00009808, -0.00009891, -0.00010025, -0.00010168, -0.00010287, -0.00010370, -0.00010422, -0.00010454, -0.00010482, -0.00010692, -0.00010907, -0.00010864, -0.00010572, -0.00010164, -0.00009705, -0.00009177, -0.00008546, -0.00007806, -0.00006987, -0.00006138, -0.00005306, -0.00004525, -0.00003812, -0.00003171, -0.00002599, -0.00002091, -0.00001645, -0.00001257, -0.00000927, -0.00000659, -0.00000450, -0.00000300, -0.00000198, -0.00000131, -0.00000087, -0.00000057, -0.00000034, -0.00000012, 0.00000009, 0.00000029, 0.00000045, 0.00000054, 0.00000053, 0.00000043, 0.00000024, 0.00000001, -0.00000021, -0.00000039, -0.00000051, -0.00000058, -0.00000064, -0.00000069, -0.00000062, 0.00000000
0.00062001, 0.00041157, 0.00031991, 0.00025837, 0.00021803, 0.00019112, 0.00016128, 0.00013498, 0.00011594, 0.00010136, 0.00008759, 0.00007309, 0.00005824, 0.00004408, 0.00003146, 0.00002065, 0.00001148, 0.00000351, -0.00000375, -0.00003124, -0.00005567, -0.00007156, -0.00007991, -0.00008490, -0.00008866, -0.00009088, -0.00009056, -0.00008739, -0.00008191, -0.00007512, -0.00006797, -0.00006107, -0.00005462, -0.00004854, -0.00004265, -0.00003684, -0.00003109, -0.00002551, -0.00002030, -0.00001571, -0.00001190, -0.00000897, -0.00000684, -0.00000535, -0.00000430, -0.00000349, -0.00000275, -0.00000201, -0.00000124, -0.00000048, 0.00000016, 0.00000060, 0.00000076, 0.00000065, 0.00000031, -0.00000013, -0.00000051, -0.00000072, -0.00000071, -0.00000055, -0.00000042, -0.00000048, -0.00000062, 0.00000000
-0.00159040, -0.00150952, -0.00148375, -0.00147325, -0.00147256, -0.00147723, -0.00147931, -0.00148173, -0.00148615, -0.00149119, -0.00149515, -0.00149737, -0.00149812, -0.00149797, -0.00149736, -0.00149648, -0.00149526, -0.00149353, -0.00149108, -0.00147152, -0.00143682, -0.00139102, -0.00133530, -0.00126922, -0.00119330, -0.00110924, -0.00101924, -0.00092539, -0.00082959, -0.00073364, -0.00063937, -0.00054861, -0.00046312, -0.00038443, -0.00031367, -0.00025152, -0.00019816, -0.00015333, -0.00011641, -0.00008666, -0.00006313, -0.00004492, -0.00003109, -0.00002080, -0.00001334, -0.00000811, -0.00000460, -0.00000238, -0.00000111, -0.00000046, -0.00000018, -0.00000009, -0.00000004, 0.00000002, 0.00000011, 0.00000018, 0.00000016, 0.00000001, -0.00000028, -0.00000065, -0.00000095, -0.00000099, -0.00000063, 0.00000000
-0.00127289, -0.00094356, -0.00077912, -0.00066649, -0.00058692, -0.00052853, -0.00047255, -0.00042416, -0.00038625, -0.00035536, -0.00032731, -0.00030023, -0.00027424, -0.00025022, -0.00022887, -0.00021035, -0.00019439, -0.00018046, -0.00016799, -0.00012531, -0.00009100, -0.00006820, -0.00005475, -0.00004567, -0.00003814, -0.00003190, -0.00002750, -0.00002500, -0.00002377, -0.00002288, -0.00002156, -0.00001947, -0.00001671, -0.00001367, -0.00001077, -0.00000836, -0.00000658, -0.00000539, -0.00000458, -0.00000398, -0.00000338, -0.00000270, -0.00000189, -0.00000100, -0.00000014, 0.00000055, 0.00000096, 0.00000105, 0.00000084, 0.00000046, 0.00000003, -0.00000031, -0.00000044, -0.00000035, -0.00000008, 0.00000022, 0.00000039, 0.00000031, -0.00000005, -0.00000060, -0.00000104, -0.00000107, -0.00000055, 0.00000000
-0.00016659, -0.00017286, -0.00016842, -0.00016555, -0.00016061, -0.00015408, -0.00015084, -0.00014781, -0.00014320, -0.00013783, -0.00013289, -0.00012881, -0.00012537, -0.00012212, -0.00011871, -0.00011502, -0.00011109, -0.00010708, -0.00010315, -0.00008993, -0.00007932, -0.00006852, -0.00005758, -0.00004783, -0.00003981, -0.00003313, -0.00002716, -0.00002159, -0.00001645, -0.00001195, -0.00000830, -0.00000559, -0.00000373, -0.00000253, -0.00000178, -0.00000127, -0.00000089, -0.00000055, -0.00000022, 0.00000001, 0.00000015, 0.00000015, 0.00000004, -0.00000011, -0.00000024, -0.00000031, -0.00000030, -0.00000020, -0.00000004, 0.00000015, 0.00000033, 0.00000044, 0.00000045, 0.00000037, 0.00000020, -0.00000002, -0.00000024, -0.00000040, -0.00000050, -0.00000055, -0.00000060, -0.00000065, -0.00000059, 0.00000000
-0.00023525, -0.00018821, -0.00016043, -0.00014129, -0.00012618, -0.00011356, -0.00010310, -0.00009397, -0.00008568, -0.00007812, -0.00007126, -0.00006504, -0.00005936, -0.00005412, -0.00004924, -0.00004467, -0.00004041, -0.00003644, -0.00003278, -0.00002069, -0.00001131, -0.00000374, 0.00000220, 0.00000650, 0.00000929, 0.00001086, 0.00001153, 0.00001154, 0.00001109, 0.00001030, 0.00000929, 0.00000813, 0.00000691, 0.00000569, 0.00000453, 0.00000350, 0.00000261, 0.00000189, 0.00000137, 0.00000097, 0.00000069, 0.00000048, 0.00000034, 0.00000026, 0.00000024, 0.00000026, 0.00000031, 0.00000035, 0.00000038, 0.00000039, 0.00000039, 0.00000036, 0.00000032, 0.00000026, 0.00000017, 0.00000006, -0.00000007, -0.00000023, -0.00000041, -0.00000059, -0.00000074, -0.00000078, -0.00000060, 0.00000000
0.00011304, 0.00002949, -0.00001288, -0.00004687, -0.00007206, -0.00009099, -0.00011210, -0.00013128, -0.00014615, -0.00015820, -0.00016944, -0.00018071, -0.00019180, -0.00020211, -0.00021121, -0.00021893, -0.00022541, -0.00023091, -0.00023574, -0.00025155, -0.00026179, -0.00026409, -0.00025975, -0.00025170, -0.00024157, -0.00022946, -0.00021511, -0.00019858, -0.00018048, -0.00016164, -0.00014289, -0.00012484, -0.00010782, -0.00009200, -0.00007742, -0.00006411, -0.00005209, -0.00004143, -0.00003217, -0.00002440, -0.00001808, -0.00001318, -0.00000950, -0.00000680, -0.00000486, -0.00000344, -0.00000237, -0.00000152, -0.00000081, -0.00000023, 0.00000022, 0.00000050, 0.00000059, 0.00000050, 0.00000027, -0.00000003, -0.00000031, -0.00000051, -0.00000059, -0.00000059, -0.00000058, -0.00000063, -0.00000063, 0.00000000
0.00026216, 0.00015414, 0.00011041, 0.00008245, 0.00006673, 0.00005886, 0.00004865, 0.00004034, 0.00003639, 0.00003502, 0.00003392, 0.00003216, 0.00002999, 0.00002808, 0.00002696, 0.00002682, 0.00002753, 0.00002880, 0.00003032, 0.00003521, 0.00003903, 0.00004538, 0.00005350, 0.00006059, 0.00006523, 0.00006771, 0.00006877, 0.00006886, 0.00006789, 0.00006559, 0.00006178, 0.00005653, 0.00005021, 0.00004333, 0.00003642, 0.00002992, 0.00002414, 0.00001918, 0.00001507, 0.00001165, 0.00000882, 0.00000643, 0.00000442, 0.00000279, 0.00000155, 0.00000068, 0.00000017, -0.00000003, 0.00000002, 0.00000020, 0.00000042, 0.00000057, 0.00000060, 0.00000048, 0.00000023, -0.00000008, -0.00000036, -0.00000053, -0.00000057, -0.00000052, -0.00000049, -0.00000054, -0.00000058, 0.00000000
0.00008430, 0.00006914, 0.00006440, 0.00005918, 0.00005542, 0.00005276, 0.00004771, 0.00004254, 0.00003860, 0.00003533, 0.00003188, 0.00002793, 0.00002366, 0.00001939, 0.00001538, 0.00001173, 0.00000843, 0.00000535, 0.00000239, -0.00000935, -0.00002000, -0.00002791, -0.00003341, -0.00003768, -0.00004130, -0.00004410, -0.00004575, -0.00004611, -0.00004531, -0.00004361, -0.00004130, -0.00003860, -0.00003566, -0.00003251, -0.00002922, -0.00002582, -0.00002238, -0.00001898, -0.00001571, -0.00001273, -0.00001010, -0.00000790, -0.00000610, -0.00000464, -0.00000347, -0.00000252, -0.00000174, -0.00000111, -0.00000059, -0.00000018, 0.00000012, 0.00000031, 0.00000037, 0.00000033, 0.00000020, 0.00000002, -0.00000018, -0.00000036, -0.00000051, -0.00000062, -0.00000071, -0.00000076, -0.00000064, 0.00000000
0.00115652, 0.00075650, 0.00057213, 0.00044921, 0.00036736, 0.00031168, 0.00025466, 0.00020564, 0.00017000, 0.00014283, 0.00011803, 0.00009296, 0.00006806, 0.00004485, 0.00002457, 0.00000760, -0.00000640, -0.00001819, -0.00002858, -0.00006589, -0.00009699, -0.00011426, -0.00011984, -0.00012074, -0.00012057, -0.00011897, -0.00011445, -0.00010652, -0.00009600, -0.00008440, -0.00007313, -0.00006303, -0.00005427, -0.00004661, -0.00003964, -0.00003301, -0.00002663, -0.00002056, -0.00001505, -0.00001040, -0.00000682, -0.00000439, -0.00000298, -0.00000234, -0.00000214, -0.00000207, -0.00000189, -0.00000148, -0.00000082, -0.00000004, 0.00000069, 0.00000119, 0.00000132, 0.00000106, 0.00000050, -0.00000019, -0.00000077, -0.00000103, -0.00000091, -0.00000054, -0.00000023, -0.00000030, -0.00000065, 0.00000000
0.00007252, -0.00000324, -0.00003842, -0.00006438, -0.00008228, -0.00009469, -0.00010871, -0.00012113, -0.00013009, -0.00013684, -0.00014306, -0.00014943, -0.00015578, -0.00016165, -0.00016666, -0.00017069, -0.00017384, -0.00017631, -0.00017835, -0.00018472, -0.00018788, -0.00018564, -0.00017889, -0.00016997, -0.00016012, -0.00014939, -0.00013751, -0.00012449, -0.00011076, -0.00009697, -0.00008372, -0.00007143, -0.00006028, -0.00005030, -0.00004142, -0.00003355, -0.00002664, -0.00002065, -0.00001554, -0.00001136, -0.00000807, -0.00000563, -0.00000391, -0.00000272, -0.00000192, -0.00000135, -0.00000091, -0.00000052, -0.00000016, 0.00000016, 0.00000042, 0.00000057, 0.00000059, 0.00000048, 0.00000027, -0.00000000, -0.00000026, -0.00000045, -0.00000055, -0.00000058, -0.00000061, -0.00000066, -0.00000062, 0.00000000
0.00034074, 0.00022077, 0.00017289, 0.00014402, 0.00012812, 0.00012023, 0.00011042, 0.00010242, 0.00009839, 0.00009662, 0.00009492, 0.00009239, 0.00008926, 0.00008616, 0.00008361, 0.00008176, 0.00008054, 0.00007968, 0.00007890, 0.00007369, 0.00006636, 0.00006077, 0.00005675, 0.00005220, 0.00004628, 0.00003962, 0.00003324, 0.00002775, 0.00002318, 0.00001924, 0.00001563, 0.00001220, 0.00000898, 0.00000612, 0.00000379, 0.00000210, 0.00000106, 0.00000056, 0.00000048, 0.00000056, 0.00000068, 0.00000068, 0.00000055, 0.00000034, 0.00000013, -0.00000003, -0.00000008, 0.00000000, 0.00000018, 0.00000042, 0.00000063, 0.00000076, 0.00000076, 0.00000060, 0.00000033, -0.00000000, -0.00000031, -0.00000052, -0.00000060, -0.00000060, -0.00000059, -0.00000064, -0.00000064, 0.00000000
-0.00041177, -0.00031430, -0.00026546, -0.00023271, -0.00020948, -0.00019228, -0.00017638, -0.00016273, -0.00015184, -0.00014282, -0.00013464, -0.00012680, -0.00011929, -0.00011231, -0.00010599, -0.00010038, -0.00009542, -0.00009098, -0.00008693, -0.00007256, -0.00005986, -0.00004966, -0.00004180, -0.00003538, -0.00002983, -0.00002507, -0.00002118, -0.00001810, -0.00001562, -0.00001348, -0.00001149, -0.00000954, -0.00000764, -0.00000586, -0.00000430, -0.00000302, -0.00000203, -0.00000130, -0.00000074, -0.00000033, -0.00000000, 0.00000025, 0.00000047, 0.00000069, 0.00000088, 0.00000102, 0.00000108, 0.00000106, 0.00000095, 0.00000079, 0.00000060, 0.00000044, 0.00000032, 0.00000024, 0.00000020, 0.00000016, 0.00000007, -0.00000010, -0.00000035, -0.00000064, -0.00000088, -0.00000092, -0.00000064, 0.00000000
0.00089972, 0.00053605, 0.00036768, 0.00025428, 0.00017760, 0.00012433, 0.00006969, 0.00002226, -0.00001303, -0.00004055, -0.00006579, -0.00009114, -0.00011621, -0.00013959, -0.00016019, -0.00017763, -0.00019223, -0.00020467, -0.00021568, -0.00025430, -0.00028483, -0.00030055, -0.00030359, -0.00030043, -0.00029450, -0.00028564, -0.00027268, -0.00025535, -0.00023462, -0.00021208, -0.00018927, -0.00016723, -0.00014641, -0.00012685, -0.00010845, -0.00009113, -0.00007495, -0.00006012, -0.00004690, -0.00003561, -0.00002639, -0.00001926, -0.00001403, -0.00001033, -0.00000775, -0.00000590, -0.00000443, -0.00000313, -0.00000191, -0.00000077, 0.00000017, 0.00000080, 0.00000104, 0.00000087, 0.00000040, -0.00000020, -0.00000071, -0.00000095, -0.00000085, -0.00000053, -0.00000026, -0.00000033, -0.00000063, 0.00000000
0.00020066, 0.00012500, 0.00008597, 0.00005491, 0.00003099, 0.00001199, -0.00000864, -0.00002777, -0.00004358, -0.00005720, -0.00007016, -0.00008309, -0.00009582, -0.00010789, -0.00011894, -0.00012884, -0.00013769, -0.00014567, -0.00015302, -0.00017831, -0.00019681, -0.00020678, -0.00020939, -0.00020711, -0.00020146, -0.00019281, -0.00018125, -0.00016714, -0.00015121, -0.00013440, -0.00011757, -0.00010137, -0.00008622, -0.00007232, -0.00005975, -0.00004852, -0.00003863, -0.00003007, -0.00002281, -0.00001686, -0.00001214, -0.00000857, -0.00000597, -0.00000412, -0.00000283, -0.00000191, -0.00000122, -0.00000067, -0.00000022, 0.00000016, 0.00000044, 0.00000060, 0.00000063, 0.00000052, 0.00000030, 0.00000003, -0.00000024, -0.00000045, -0.00000057, -0.00000063, -0.00000067, -0.00000072, -0.00000066, 0.00000000
0.00028511, 0.00014875, 0.00009570, 0.00006294, 0.00004545, 0.00003761, 0.00002652, 0.00001749, 0.00001357, 0.00001255, 0.00001152, 0.00000931, 0.00000626, 0.00000323, 0.00000091, -0.00000045, -0.00000098, -0.00000102, -0.00000095, -0.00000358, -0.00000926, -0.00001249, -0.00001331, -0.00001443, -0.00001694, -0.00001998, -0.00002228, -0.00002312, -0.00002262, -0.00002129, -0.00001972, -0.00001822, -0.00001687, -0.00001555, -0.00001408, -0.00001234, -0.00001035, -0.00000819, -0.00000605, -0.00000415, -0.00000265, -0.00000164, -0.00000108, -0.00000085, -0.00000080, -0.00000079, -0.00000072, -0.00000052, -0.00000020, 0.00000018, 0.00000053, 0.00000076, 0.00000081, 0.00000065, 0.00000032, -0.00000007, -0.00000042, -0.00000063, -0.00000065, -0.00000056, -0.00000048, -0.00000053, -0.00000062, 0.00000000
0.00003276, 0.00000601, -0.00000618, -0.00001679, -0.00002457, -0.00003036, -0.00003795, -0.00004519, -0.00005084, -0.00005550, -0.00006008, -0.00006492, -0.00006985, -0.00007458, -0.00007884, -0.00008257, -0.00008580, -0.00008865, -0.00009125, -0.00010050, -0.00010720, -0.00011001, -0.00010957, -0.00010738, -0.00010422, -0.00010014, -0.00009497, -0.00008875, -0.00008173, -0.00007429, -0.00006681, -0.00005956, -0.00005266, -0.00004616, -0.00004007, -0.00003437, -0.00002908, -0.00002421, -0.00001980, -0.00001594, -0.00001263, -0.00000991, -0.00000772, -0.00000597, -0.00000456, -0.00000343, -0.00000250, -0.00000173, -0.00000110, -0.00000059, -0.00000020, 0.00000006, 0.00000018, 0.00000019, 0.00000010, -0.00000005, -0.00000022, -0.00000038, -0.00000051, -0.00000060, -0.00000068, -0.00000073, -0.00000062, 0.00000000
0.00065559, 0.00042753, 0.00032442, 0.00025422, 0.00020782, 0.00017679, 0.00014315, 0.00011388, 0.00009299, 0.00007733, 0.00006283, 0.00004776, 0.00003251, 0.00001817, 0.00000562, -0.00000483, -0.00001341, -0.00002062, -0.00002702, -0.00005074, -0.00007118, -0.00008268, -0.00008653, -0.00008742, -0.00008771, -0.00008705, -0.00008433, -0.00007916, -0.00007208, -0.00006412, -0.00005627, -0.00004911, -0.00004278, -0.00003713, -0.00003191, -0.00002689, -0.00002201, -0.00001735, -0.00001307, -0.00000941, -0.00000651, -0.00000446, -0.00000316, -0.00000243, -0.00000205, -0.00000180, -0.00000151, -0.00000110, -0.00000056, 0.00000003, 0.00000056, 0.00000092, 0.00000101, 0.00000082, 0.00000040, -0.00000010, -0.00000054, -0.00000078, -0.00000076, -0.00000057, -0.00000041, -0.00000047, -0.00000065, 0.00000000
0.00035037, 0.00024490, 0.00019702, 0.00016343, 0.00014011, 0.00012334, 0.00010480, 0.00008799, 0.00007494, 0.00006424, 0.00005400, 0.00004345, 0.00003278, 0.00002254, 0.00001319, 0.00000487, -0.00000249, -0.00000913, -0.00001530, -0.00003808, -0.00005727, -0.00007015, -0.00007752, -0.00008185, -0.00008448, -0.00008541, -0.00008429, -0.00008107, -0.00007616, -0.00007019, -0.00006378, -0.00005735, -0.00005111, -0.00004511, -0.00003932, -0.00003375, -0.00002841, -0.00002339, -0.00001878, -0.00001475, -0.00001134, -0.00000864, -0.00000656, -0.00000499, -0.00000380, -0.00000288, -0.00000211, -0.00000144, -0.00000084, -0.00000032, 0.00000010, 0.00000037, 0.00000047, 0.00000041, 0.00000022, -0.00000004, -0.00000030, -0.00000048, -0.00000056, -0.00000057, -0.00000058, -0.00000063, -0.00000061, 0.00000000
-0.00092011, -0.00065447, -0.00052053, -0.00043105, -0.00036821, -0.00032232, -0.00028051, -0.00024520, -0.00021773, -0.00019562, -0.00017607, -0.00015775, -0.00014061, -0.00012509, -0.00011158, -0.00010012, -0.00009050, -0.00008236, -0.00007532, -0.00005289, -0.00003652, -0.00002739, -0.00002386, -0.00002268, -0.00002200, -0.00002154, -0.00002158, -0.00002216, -0.00002289, -0.00002325, -0.00002282, -0.00002149, -0.00001939, -0.00001685, -0.00001423, -0.00001180, -0.00000972, -0.00000801, -0.00000659, -0.00000539, -0.00000430, -0.00000328, -0.00000230, -0.00000136, -0.00000053, 0.00000012, 0.00000054, 0.00000070, 0.00000064, 0.00000044, 0.00000018, -0.00000003, -0.00000013, -0.00000010, 0.00000003, 0.00000017, 0.00000022, 0.00000011, -0.00000020, -0.00000061, -0.00000095, -0.00000098, -0.00000058, 0.00000000
0.00060089, 0.00040031, 0.00030200, 0.00023183, 0.00018117, 0.00014314, 0.00010407, 0.00006904, 0.00004102, 0.00001760, -0.00000430, -0.00002600, -0.00004728, -0.00006732, -0.00008548, -0.00010156, -0.00011571, -0.00012833, -0.00013984, -0.00017981, -0.00021044, -0.00022836, -0.00023535, -0.00023570, -0.00023192, -0.00022443, -0.00021308, -0.00019817, -0.00018066, -0.00016183, -0.00014288, -0.00012464, -0.00010756, -0.00009179, -0.00007732, -0.00006411, -0.00005216, -0.00004152, -0.00003225, -0.00002448, -0.00001820, -0.00001336, -0.00000979, -0.00000723, -0.00000541, -0.00000407, -0.00000301, -0.00000210, -0.00000127, -0.00000054, 0.00000006, 0.00000046, 0.00000062, 0.00000053, 0.00000025, -0.00000011, -0.00000044, -0.00000063, -0.00000065, -0.00000054, -0.00000046, -0.00000051, -0.00000061, 0.00000000
0.00015457, 0.00010566, 0.00008851, 0.00007814, 0.00007247, 0.00006958, 0.00006478, 0.00006025, 0.00005728, 0.00005513, 0.00005279, 0.00004986, 0.00004650, 0.00004309, 0.00003990, 0.00003706, 0.00003455, 0.00003224, 0.00003001, 0.00002065, 0.00001171, 0.00000529, 0.00000117, -0.00000196, -0.00000476, -0.00000713, -0.00000873, -0.00000945, -0.00000942, -0.00000894, -0.00000830, -0.00000767, -0.00000713, -0.00000665, -0.00000615, -0.00000559, -0.00000495, -0.00000424, -0.00000347, -0.00000277, -0.00000217, -0.00000172, -0.00000142, -0.00000120, -0.00000102, -0.00000084, -0.00000065, -0.00000043, -0.00000019, 0.00000004, 0.00000023, 0.00000035, 0.00000038, 0.00000032, 0.00000018, -0.00000000, -0.00000020, -0.00000036, -0.00000049, -0.00000057, -0.00000064, -0.00000069, -0.00000060, 0.00000000
0.00043426, 0.00027966, 0.00020972, 0.00016093, 0.00012873, 0.00010743, 0.00008363, 0.00006290, 0.00004848, 0.00003799, 0.00002837, 0.00001832, 0.00000816, -0.00000127, -0.00000928, -0.00001565, -0.00002055, -0.00002438, -0.00002758, -0.00003885, -0.00004758, -0.00004966, -0.00004641, -0.00004173, -0.00003760, -0.00003388, -0.00002976, -0.00002495, -0.00001979, -0.00001496, -0.00001107, -0.00000835, -0.00000673, -0.00000586, -0.00000535, -0.00000488, -0.00000427, -0.00000348, -0.00000257, -0.00000175, -0.00000111, -0.00000076, -0.00000069, -0.00000078, -0.00000092, -0.00000101, -0.00000096, -0.00000074, -0.00000038, 0.00000005, 0.00000045, 0.00000072, 0.00000079, 0.00000064, 0.00000032, -0.00000008, -0.00000044, -0.00000064, -0.00000066, -0.00000056, -0.00000047, -0.00000053, -0.00000062, 0.00000000
-0.00028021, -0.00022655, -0.00019720, -0.00017829, -0.00016400, -0.00015242, -0.00014316, -0.00013526, -0.00012816, -0.00012171, -0.00011592, -0.00011071, -0.00010597, -0.00010159, -0.00009750, -0.00009366, -0.00009005, -0.00008668, -0.00008355, -0.00007321, -0.00006496, -0.00005790, -0.00005194, -0.00004713, -0.00004337, -0.00004035, -0.00003775, -0.00003532, -0.00003290, -0.00003043, -0.00002787, -0.00002525, -0.00002258, -0.00001991, -0.00001727, -0.00001471, -0.00001229, -0.00001003, -0.00000796, -0.00000616, -0.00000462, -0.00000339, -0.00000241, -0.00000164, -0.00000105, -0.00000059, -0.00000026, -0.00000001, 0.00000015, 0.00000025, 0.00000030, 0.00000031, 0.00000029, 0.00000024, 0.00000016, 0.00000005, -0.00000008, -0.00000023, -0.00000041, -0.00000058, -0.00000072, -0.00000076, -0.00000059, 0.00000000
0.00004727, -0.00000683, -0.00003279, -0.00005352, -0.00006834, -0.00007896, -0.00009158, -0.00010309, -0.00011174, -0.00011858, -0.00012509, -0.00013187, -0.00013874, -0.00014524, -0.00015104, -0.00015600, -0.00016020, -0.00016384, -0.00016711, -0.00017888, -0.00018775, -0.00019139, -0.00019036, -0.00018661, -0.00018114, -0.00017391, -0.00016463, -0.00015330, -0.00014037, -0.00012651, -0.00011239, -0.00009853, -0.00008527, -0.00007281, -0.00006124, -0.00005064, -0.00004107, -0.00003258, -0.00002522, -0.00001906, -0.00001406, -0.00001020, -0.00000732, -0.00000521, -0.00000370, -0.00000260, -0.00000178, -0.00000113, -0.00000060, -0.00000017, 0.00000016, 0.00000037, 0.00000043, 0.00000037, 0.00000019, -0.00000003, -0.00000026, -0.00000043, -0.00000052, -0.00000055, -0.00000057, -0.00000062, -0.00000059, 0.00000000
0.00035582, 0.00022592, 0.00016818, 0.00012789, 0.00010174, 0.00008487, 0.00006541, 0.00004845, 0.00003691, 0.00002871, 0.00002111, 0.00001299, 0.00000462, -0.00000319, -0.00000985, -0.00001514, -0.00001922, -0.00002244, -0.00002517, -0.00003541, -0.00004406, -0.00004720, -0.00004583, -0.00004328, -0.00004118, -0.00003927, -0.00003671, -0.00003315, -0.00002890, -0.00002455, -0.00002067, -0.00001753, -0.00001513, -0.00001324, -0.00001159, -0.00000996, -0.00000826, -0.00000649, -0.00000475, -0.00000323, -0.00000203, -0.00000124, -0.00000083, -0.00000069, -0.00000067, -0.00000067, -0.00000059, -0.00000039, -0.00000008, 0.00000028, 0.00000060, 0.00000081, 0.00000084, 0.00000067, 0.00000035, -0.00000004, -0.00000039, -0.00000060, -0.00000065, -0.00000059, -0.00000053, -0.00000058, -0.00000064, 0.00000000
-0.00063414, -0.00052518, -0.00047279, -0.00044011, -0.00041728, -0.00040017, -0.00038495, -0.00037170, -0.00036050, -0.00035061, -0.00034129, -0.00033214, -0.00032312, -0.00031432, -0.00030584, -0.00029770, -0.00028989, -0.00028233, -0.00027497, -0.00024634, -0.00021829, -0.00019170, -0.00016698, -0.00014395, -0.00012251, -0.00010275, -0.00008480, -0.00006873, -0.00005447, -0.00004195, -0.00003106, -0.00002175, -0.00001400, -0.00000775, -0.00000295, 0.00000053, 0.00000284, 0.00000421, 0.00000486, 0.00000497, 0.00000473, 0.00000426, 0.00000370, 0.00000314, 0.00000264, 0.00000220, 0.00000181, 0.00000146, 0.00000115, 0.00000087, 0.00000064, 0.00000045, 0.00000032, 0.00000023, 0.00000017, 0.00000011, 0.00000001, -0.00000014, -0.00000035, -0.00000059, -0.00000079, -0.00000083, -0.00000060, 0.00000000
0.00124237, 0.00077528, 0.00056484, 0.00042668, 0.00033767, 0.00027999, 0.00021996, 0.00016925, 0.00013454, 0.00010981, 0.00008757, 0.00006458, 0.00004140, 0.00001997, 0.00000180, -0.00001261, -0.00002368, -0.00003235, -0.00003960, -0.00006634, -0.00008973, -0.00009964, -0.00009817, -0.00009350, -0.00008974, -0.00008617, -0.00008073, -0.00007258, -0.00006252, -0.00005216, -0.00004299, -0.00003574, -0.00003039, -0.00002637, -0.00002297, -0.00001961, -0.00001604, -0.00001231, -0.00000868, -0.00000555, -0.00000321, -0.00000181, -0.00000128, -0.00000136, -0.00000174, -0.00000208, -0.00000214, -0.00000180, -0.00000110, -0.00000019, 0.00000069, 0.00000131, 0.00000150, 0.00000120, 0.00000053, -0.00000028, -0.00000095, -0.00000122, -0.00000101, -0.00000050, -0.00000008, -0.00000015, -0.00000064, 0.00000000
-0.00090136, -0.00068653, -0.00057676, -0.00050312, -0.00044980, -0.00040917, -0.00037230, -0.00034037, -0.00031404, -0.00029162, -0.00027121, -0.00025187, -0.00023352, -0.00021642, -0.00020079, -0.00018668, -0.00017393, -0.00016234, -0.00015164, -0.00011442, -0.00008350, -0.00005936, -0.00004087, -0.00002592, -0.00001326, -0.00000264, 0.00000581, 0.00001209, 0.00001649, 0.00001938, 0.00002116, 0.00002205, 0.00002218, 0.00002161, 0.00002037, 0.00001854, 0.00001629, 0.00001380, 0.00001132, 0.00000899, 0.00000697, 0.00000530, 0.00000401, 0.00000309, 0.00000246, 0.00000203, 0.00000168, 0.00000136, 0.00000104, 0.00000071, 0.00000042, 0.00000020, 0.00000007, 0.00000004, 0.00000008, 0.00000013, 0.00000012, -0.00000001, -0.00000026, -0.00000059, -0.00000086, -0.00000090, -0.00000058, 0.00000000
-0.00012838, -0.00012013, -0.00011792, -0.00011975, -0.00012248, -0.00012546, -0.00012974, -0.00013413, -0.00013795, -0.00014136, -0.00014466, -0.00014796, -0.00015118, -0.00015416, -0.00015682, -0.00015911, -0.00016106, -0.00016272, -0.00016414, -0.00016800, -0.00016849, -0.00016542, -0.00015952, -0.00015183, -0.00014300, -0.00013326, -0.00012276, -0.00011168, -0.00010030, -0.00008896, -0.00007797, -0.00006757, -0.00005792, -0.00004911, -0.00004118, -0.00003412, -0.00002791, -0.00002250, -0.00001784, -0.00001392, -0.00001068, -0.00000808, -0.00000603, -0.00000442, -0.00000316, -0.00000218, -0.00000142, -0.00000085, -0.00000042, -0.00000011, 0.00000009, 0.00000021, 0.00000025, 0.00000023, 0.00000015, 0.00000003, -0.00000011, -0.00000028, -0.00000044, -0.00000060, -0.00000073, -0.00000078, -0.00000062, 0.00000000
-0.00001132, -0.00003058, -0.00003385, -0.00003528, -0.00003448, -0.00003234, -0.00003225, -0.00003230, -0.00003135, -0.00002993, -0.00002881, -0.00002827, -0.00002814, -0.00002813, -0.00002801, -0.00002769, -0.00002718, -0.00002660, -0.00002603, -0.00002471, -0.00002382, -0.00002175, -0.00001876, -0.00001590, -0.00001362, -0.00001174, -0.00000992, -0.00000797, -0.00000595, -0.00000404, -0.00000243, -0.00000120, -0.00000036, 0.00000017, 0.00000049, 0.00000071, 0.00000088, 0.00000104, 0.00000121, 0.00000131, 0.00000136, 0.00000129, 0.00000114, 0.00000096, 0.00000080, 0.00000068, 0.00000062, 0.00000061, 0.00000063, 0.00000067, 0.00000070, 0.00000069, 0.00000062, 0.00000049, 0.00000031, 0.00000009, -0.00000014, -0.00000034, -0.00000051, -0.00000064, -0.00000074, -0.00000079, -0.00000066, 0.00000000
-0.00042088, -0.00030631, -0.00024480, -0.00020402, -0.00017387, -0.00015030, -0.00013042, -0.00011350, -0.00009912, -0.00008666, -0.00007558, -0.00006553, -0.00005637, -0.00004804, -0.00004050, -0.00003371, -0.00002761, -0.00002212, -0.00001719, -0.00000175, 0.00000892, 0.00001587, 0.00001985, 0.00002156, 0.00002162, 0.00002050, 0.00001856, 0.00001613, 0.00001348, 0.00001087, 0.00000844, 0.00000631, 0.00000452, 0.00000304, 0.00000187, 0.00000094, 0.00000025, -0.00000024, -0.00000052, -0.00000066, -0.00000069, -0.00000065, -0.00000056, -0.00000042, -0.00000025, -0.00000008, 0.00000007, 0.00000017, 0.00000022, 0.00000023, 0.00000022, 0.00000019, 0.00000017, 0.00000014, 0.00000010, 0.00000005, -0.00000004, -0.00000018, -0.00000036, -0.00000056, -0.00000073, -0.00000077, -0.00000057, 0.00000000
0.00025314, 0.00016445, 0.00012354, 0.00009553, 0.00007632, 0.00006267, 0.00004819, 0.00003529, 0.00002537, 0.00001732, 0.00000971, 0.00000194, -0.00000586, -0.00001331, -0.00002009, -0.00002609, -0.00003138, -0.00003615, -0.00004057, -0.00005679, -0.00007014, -0.00007867, -0.00008307, -0.00008518, -0.00008599, -0.00008549, -0.00008337, -0.00007961, -0.00007448, -0.00006848, -0.00006209, -0.00005566, -0.00004937, -0.00004332, -0.00003752, -0.00003199, -0.00002678, -0.00002194, -0.00001755, -0.00001374, -0.00001054, -0.00000798, -0.00000601, -0.00000450, -0.00000336, -0.00000247, -0.00000175, -0.00000114, -0.00000063, -0.00000020, 0.00000013, 0.00000034, 0.00000042, 0.00000036, 0.00000020, -0.00000002, -0.00000024, -0.00000042, -0.00000054, -0.00000061, -0.00000066, -0.00000071, -0.00000064, 0.00000000
0.00022448, 0.00016237, 0.00013656, 0.00011616, 0.00010185, 0.00009159, 0.00007779, 0.00006457, 0.00005433, 0.00004582, 0.00003726, 0.00002797, 0.00001823, 0.00000866, -0.00000024, -0.00000829, -0.00001557, -0.00002229, -0.00002869, -0.00005358, -0.00007622, -0.00009333, -0.00010533, -0.00011433, -0.00012133, -0.00012603, -0.00012780, -0.00012644, -0.00012225, -0.00011589, -0.00010801, -0.00009916, -0.00008973, -0.00007995, -0.00007003, -0.00006017, -0.00005058, -0.00004152, -0.00003322, -0.00002592, -0.00001973, -0.00001473, -0.00001083, -0.00000786, -0.00000564, -0.00000397, -0.00000271, -0.00000171, -0.00000091, -0.00000027, 0.00000020, 0.00000049, 0.00000059, 0.00000051, 0.00000028, -0.00000001, -0.00000029, -0.00000049, -0.00000059, -0.00000061, -0.00000062, -0.00000067, -0.00000065, 0.00000000
0.00029196, 0.00018265, 0.00013847, 0.00011085, 0.00009401, 0.00008363, 0.00007135, 0.00006042, 0.00005278, 0.00004704, 0.00004137, 0.00003507, 0.00002834, 0.00002175, 0.00001574, 0.00001047, 0.00000586, 0.00000171, -0.00000224, -0.00001797, -0.00003267, -0.00004338, -0.00005060, -0.00005633, -0.00006148, -0.00006570, -0.00006829, -0.00006895, -0.00006783, -0.00006538, -0.00006205, -0.00005814, -0.00005382, -0.00004913, -0.00004409, -0.00003876, -0.00003326, -0.00002778, -0.00002250, -0.00001769, -0.00001350, -0.00001005, -0.00000732, -0.00000521, -0.00000361, -0.00000239, -0.00000145, -0.00000070, -0.00000010, 0.00000037, 0.00000070, 0.00000087, 0.00000088, 0.00000072, 0.00000044, 0.00000010, -0.00000023, -0.00000048, -0.00000063, -0.00000069, -0.00000074, -0.00000079, -0.00000073, 0.00000000
-0.00029888, -0.00022237, -0.00017819, -0.00014771, -0.00012432, -0.00010545, -0.00008964, -0.00007609, -0.00006434, -0.00005403, -0.00004487, -0.00003668, -0.00002931, -0.00002266, -0.00001668, -0.00001130, -0.00000648, -0.00000219, 0.00000163, 0.00001314, 0.00002056, 0.00002506, 0.00002721, 0.00002746, 0.00002628, 0.00002411, 0.00002135, 0.00001831, 0.00001524, 0.00001233, 0.00000967, 0.00000735, 0.00000538, 0.00000376, 0.00000247, 0.00000149, 0.00000077, 0.00000029, 0.00000003, -0.00000009, -0.00000009, -0.00000006, 0.00000000, 0.00000010, 0.00000023, 0.00000035, 0.00000045, 0.00000052, 0.00000055, 0.00000054, 0.00000050, 0.00000045, 0.00000038, 0.00000031, 0.00000021, 0.00000010, -0.00000004, -0.00000021, -0.00000041, -0.00000062, -0.00000079, -0.00000084, -0.00000063, 0.00000000
-0.00071442, -0.00057128, -0.00050077, -0.00045675, -0.00042545, -0.00040158, -0.00038108, -0.00036340, -0.00034826, -0.00033486, -0.00032247, -0.00031065, -0.00029928, -0.00028838, -0.00027799, -0.00026812, -0.00025876, -0.00024983, -0.00024129, -0.00020986, -0.00018156, -0.00015662, -0.00013506, -0.00011646, -0.00010037, -0.00008649, -0.00007456, -0.00006429, -0.00005539, -0.00004755, -0.00004054, -0.00003422, -0.00002850, -0.00002338, -0.00001887, -0.00001495, -0.00001163, -0.00000885, -0.00000654, -0.00000468, -0.00000320, -0.00000207, -0.00000122, -0.00000058, -0.00000010, 0.00000024, 0.00000044, 0.00000054, 0.00000055, 0.00000051, 0.00000043, 0.00000034, 0.00000027, 0.00000021, 0.00000016, 0.00000009, -0.00000001, -0.00000016, -0.00000037, -0.00000059, -0.00000077, -0.00000082, -0.00000060, 0.00000000
0.00034414, 0.00020505, 0.00014235, 0.00009936, 0.00007106, 0.00005235, 0.00003182, 0.00001403, 0.00000162, -0.00000745, -0.00001577, -0.00002446, -0.00003328, -0.00004151, -0.00004860, -0.00005437, -0.00005895, -0.00006267, -0.00006589, -0.00007785, -0.00008797, -0.00009259, -0.00009264, -0.00009119, -0.00008975, -0.00008800, -0.00008513, -0.00008076, -0.00007511, -0.00006875, -0.00006225, -0.00005595, -0.00004996, -0.00004422, -0.00003862, -0.00003310, -0.00002769, -0.00002250, -0.00001769, -0.00001348, -0.00000999, -0.00000729, -0.00000532, -0.00000394, -0.00000298, -0.00000228, -0.00000170, -0.00000117, -0.00000064, -0.00000014, 0.00000027, 0.00000054, 0.00000063, 0.00000052, 0.00000026, -0.00000008, -0.00000038, -0.00000057, -0.00000060, -0.00000054, -0.00000048, -0.00000054, -0.00000059, 0.00000000
0.00036172, 0.00023635, 0.00018470, 0.00014925, 0.00012707, 0.00011341, 0.00009588, 0.00008012, 0.00006941, 0.00006166, 0.00005406, 0.00004547, 0.00003628, 0.00002736, 0.00001943, 0.00001275, 0.00000717, 0.00000237, -0.00000204, -0.00001998, -0.00003720, -0.00004875, -0.00005520, -0.00005968, -0.00006372, -0.00006684, -0.00006810, -0.00006710, -0.00006419, -0.00006008, -0.00005551, -0.00005091, -0.00004643, -0.00004200, -0.00003751, -0.00003287, -0.00002811, -0.00002337, -0.00001882, -0.00001474, -0.00001128, -0.00000854, -0.00000650, -0.00000501, -0.00000393, -0.00000308, -0.00000235, -0.00000165, -0.00000097, -0.00000033, 0.00000021, 0.00000056, 0.00000068, 0.00000058, 0.00000028, -0.00000009, -0.00000043, -0.00000063, -0.00000065, -0.00000056, -0.00000048, -0.00000053, -0.00000062, 0.00000000
0.00077747, 0.00051192, 0.00038909, 0.00030536, 0.00024834, 0.00020842, 0.00016674, 0.00013020, 0.00010279, 0.00008120, 0.00006119, 0.00004095, 0.00002080, 0.00000186, -0.00001499, -0.00002945, -0.00004176, -0.00005243, -0.00006204, -0.00009650, -0.00012487, -0.00014184, -0.00014908, -0.00015168, -0.00015235, -0.00015099, -0.00014670, -0.00013923, -0.00012926, -0.00011796, -0.00010641, -0.00009529, -0.00008485, -0.00007500, -0.00006556, -0.00005641, -0.00004754, -0.00003910, -0.00003131, -0.00002447, -0.00001873, -0.00001420, -0.00001079, -0.00000831, -0.00000649, -0.00000509, -0.00000391, -0.00000282, -0.00000177, -0.00000081, -0.00000000, 0.00000054, 0.00000077, 0.00000066, 0.00000031, -0.00000016, -0.00000057, -0.00000078, -0.00000075, -0.00000054, -0.00000037, -0.00000043, -0.00000062, 0.00000000
-0.00031531, -0.00029775, -0.00028908, -0.00028625, -0.00028481, -0.00028388, -0.00028488, -0.00028623, -0.00028704, -0.00028750, -0.00028801, -0.00028867, -0.00028938, -0.00028992, -0.00029017, -0.00029006, -0.00028962, -0.00028892, -0.00028803, -0.00028322, -0.00027565, -0.00026462, -0.00025074, -0.00023510, -0.00021838, -0.00020078, -0.00018244, -0.00016361, -0.00014469, -0.00012616, -0.00010848, -0.00009200, -0.00007695, -0.00006346, -0.00005157, -0.00004124, -0.00003242, -0.00002501, -0.00001888, -0.00001395, -0.00001008, -0.00000715, -0.00000499, -0.00000342, -0.00000229, -0.00000148, -0.00000089, -0.00000046, -0.00000015, 0.00000008, 0.00000023, 0.00000031, 0.00000032, 0.00000027, 0.00000016, 0.00000002, -0.00000014, -0.00000030, -0.00000045, -0.00000058, -0.00000069, -0.00000074, -0.00000060, 0.00000000
-0.00017162, -0.00013404, -0.00010403, -0.00008075, -0.00006056, -0.00004260, -0.00002808, -0.00001541, -0.00000360, 0.00000724, 0.00001685, 0.00002519, 0.00003248, 0.00003896, 0.00004486, 0.00005027, 0.00005523, 0.00005973, 0.00006373, 0.00007474, 0.00008009, 0.00008231, 0.00008221, 0.00007983, 0.00007545, 0.00006968, 0.00006314, 0.00005632, 0.00004949, 0.00004279, 0.00003634, 0.00003022, 0.00002455, 0.00001943, 0.00001496, 0.00001118, 0.00000808, 0.00000565, 0.00000382, 0.00000244, 0.00000146, 0.00000073, 0.00000021, -0.00000013, -0.00000031, -0.00000038, -0.00000036, -0.00000028, -0.00000018, -0.00000006, 0.00000004, 0.00000011, 0.00000014, 0.00000012, 0.00000006, -0.00000004, -0.00000015, -0.00000027, -0.00000039, -0.00000051, -0.00000061, -0.00000065, -0.00000054, 0.00000000
0.00070056, 0.00053975, 0.00045397, 0.00038913, 0.00033903, 0.00029862, 0.00025769, 0.00022013, 0.00018822, 0.00016016, 0.00013362, 0.00010759, 0.00008225, 0.00005821, 0.00003594, 0.00001560, -0.00000294, -0.00001997, -0.00003582, -0.00009116, -0.00013427, -0.00016333, -0.00018031, -0.00018902, -0.00019186, -0.00018968, -0.00018280, -0.00017189, -0.00015806, -0.00014260, -0.00012666, -0.00011109, -0.00009636, -0.00008267, -0.00007008, -0.00005857, -0.00004816, -0.00003885, -0.00003069, -0.00002378, -0.00001808, -0.00001358, -0.00001014, -0.00000755, -0.00000561, -0.00000413, -0.00000295, -0.00000197, -0.00000114, -0.00000044, 0.00000009, 0.00000044, 0.00000057, 0.00000050, 0.00000027, -0.00000003, -0.00000033, -0.00000053, -0.00000061, -0.00000060, -0.00000059, -0.00000065, -0.00000065, 0.00000000
0.00004989, 0.00000530, -0.00000559, -0.00001169, -0.00001192, -0.00000834, -0.00000850, -0.00000846, -0.00000591, -0.00000213, 0.00000113, 0.00000319, 0.00000434, 0.00000520, 0.00000624, 0.00000765, 0.00000937, 0.00001120, 0.00001289, 0.00001613, 0.00001551, 0.00001510, 0.00001514, 0.00001406, 0.00001134, 0.00000774, 0.00000426, 0.00000153, -0.00000040, -0.00000177, -0.00000288, -0.00000386, -0.00000474, -0.00000540, -0.00000571, -0.00000562, -0.00000513, -0.00000433, -0.00000335, -0.00000239, -0.00000157, -0.00000101, -0.00000068, -0.00000054, -0.00000048, -0.00000043, -0.00000035, -0.00000019, 0.00000004, 0.00000029, 0.00000051, 0.00000064, 0.00000065, 0.00000052, 0.00000028, -0.00000001, -0.00000029, -0.00000048, -0.00000057, -0.00000058, -0.00000058, -0.00000063, -0.00000062, 0.00000000
-0.00000404, -0.00003020, -0.00003134, -0.00003074, -0.00002619, -0.00001913, -0.00001622, -0.00001363, -0.00000912, -0.00000378, 0.00000085, 0.00000422, 0.00000662, 0.00000866, 0.00001080, 0.00001322, 0.00001588, 0.00001859, 0.00002114, 0.00002776, 0.00003061, 0.00003363, 0.00003701, 0.00003916, 0.00003948, 0.00003850, 0.00003702, 0.00003548, 0.00003387, 0.00003193, 0.00002946, 0.00002642, 0.00002294, 0.00001929, 0.00001577, 0.00001260, 0.00000992, 0.00000776, 0.00000609, 0.00000475, 0.00000367, 0.00000271, 0.00000186, 0.00000114, 0.00000058, 0.00000019, -0.00000000, -0.00000003, 0.00000008, 0.00000026, 0.00000044, 0.00000055, 0.00000056, 0.00000045, 0.00000023, -0.00000003, -0.00000028, -0.00000046, -0.00000054, -0.00000055, -0.00000056, -0.00000061, -0.00000060, 0.00000000
-0.00082868, -0.00062124, -0.00051629, -0.00044419, -0.00039252, -0.00035392, -0.00031725, -0.00028532, -0.00025972, -0.00023840, -0.00021889, -0.00020007, -0.00018199, -0.00016514, -0.00014990, -0.00013640, -0.00012446, -0.00011379, -0.00010406, -0.00007012, -0.00004198, -0.00002153, -0.00000773, 0.00000215, 0.00000975, 0.00001528, 0.00001858, 0.00001976, 0.00001933, 0.00001802, 0.00001643, 0.00001492, 0.00001360, 0.00001238, 0.00001114, 0.00000977, 0.00000827, 0.00000671, 0.00000524, 0.00000393, 0.00000292, 0.00000220, 0.00000177, 0.00000160, 0.00000158, 0.00000160, 0.00000156, 0.00000140, 0.00000113, 0.00000079, 0.00000044, 0.00000016, 0.00000001, 0.00000000, 0.00000009, 0.00000019, 0.00000022, 0.00000009, -0.00000022, -0.00000063, -0.00000096, -0.00000100, -0.00000061, 0.00000000
0.00130257, 0.00104985, 0.00091584, 0.00081235, 0.00073303, 0.00067000, 0.00060431, 0.00054405, 0.00049385, 0.00045035, 0.00040911, 0.00036823, 0.00032812, 0.00028997, 0.00025474, 0.00022277, 0.00019378, 0.00016723, 0.00014249, 0.00005404, -0.00001877, -0.00007141, -0.00010665, -0.00013085, -0.00014783, -0.00015836, -0.00016233, -0.00016025, -0.00015352, -0.00014391, -0.00013301, -0.00012185, -0.00011086, -0.00010010, -0.00008946, -0.00007884, -0.00006829, -0.00005800, -0.00004825, -0.00003940, -0.00003168, -0.00002525, -0.00002006, -0.00001595, -0.00001268, -0.00001001, -0.00000773, -0.00000572, -0.00000391, -0.00000233, -0.00000105, -0.00000015, 0.00000032, 0.00000038, 0.00000013, -0.00000029, -0.00000067, -0.00000085, -0.00000079, -0.00000056, -0.00000037, -0.00000043, -0.00000064, 0.00000000
0.00146115, 0.00096338, 0.00073961, 0.00059188, 0.00049492, 0.00042998, 0.00036189, 0.00030305, 0.00026062, 0.00022845, 0.00019876, 0.00016823, 0.00013750, 0.00010863, 0.00008327, 0.00006196, 0.00004428, 0.00002928, 0.00001593, -0.00003316, -0.00007568, -0.00010118, -0.00011202, -0.00011692, -0.00012039, -0.00012187, -0.00011945, -0.00011248, -0.00010205, -0.00009013, -0.00007852, -0.00006825, -0.00005953, -0.00005197, -0.00004499, -0.00003816, -0.00003131, -0.00002458, -0.00001827, -0.00001285, -0.00000859, -0.00000566, -0.00000395, -0.00000315, -0.00000289, -0.00000277, -0.00000252, -0.00000195, -0.00000109, -0.00000007, 0.00000088, 0.00000153, 0.00000171, 0.00000137, 0.00000064, -0.00000024, -0.00000096, -0.00000127, -0.00000107, -0.00000056, -0.00000012, -0.00000020, -0.00000069, 0.00000000
-0.00021552, -0.00015791, -0.00012448, -0.00010059, -0.00008229, -0.00006770, -0.00005495, -0.00004396, -0.00003467, -0.00002665, -0.00001948, -0.00001295, -0.00000697, -0.00000153, 0.00000337, 0.00000774, 0.00001164, 0.00001513, 0.00001825, 0.00002823, 0.00003571, 0.00004105, 0.00004448, 0.00004633, 0.00004690, 0.00004635, 0.00004482, 0.00004249, 0.00003955, 0.00003621, 0.00003264, 0.00002900, 0.00002539, 0.00002188, 0.00001854, 0.00001542, 0.00001256, 0.00001004, 0.00000789, 0.00000608, 0.00000463, 0.00000347, 0.00000258, 0.00000194, 0.00000151, 0.00000122, 0.00000102, 0.00000087, 0.00000074, 0.00000062, 0.00000051, 0.00000041, 0.00000032, 0.00000025, 0.00000018, 0.00000010, -0.00000002, -0.00000018, -0.00000038, -0.00000061, -0.00000079, -0.00000084, -0.00000062, 0.00000000
-0.00013026, -0.00012213, -0.00011365, -0.00010774, -0.00010249, -0.00009770, -0.00009478, -0.00009251, -0.00009013, -0.00008784, -0.00008595, -0.00008454, -0.00008350, -0.00008264, -0.00008182, -0.00008097, -0.00008011, -0.00007926, -0.00007848, -0.00007624, -0.00007423, -0.00007137, -0.00006779, -0.00006411, -0.00006058, -0.00005708, -0.00005340, -0.00004945, -0.00004526, -0.00004094, -0.00003663, -0.00003245, -0.00002845, -0.00002467, -0.00002114, -0.00001784, -0.00001481, -0.00001205, -0.00000957, -0.00000743, -0.00000562, -0.00000418, -0.00000305, -0.00000217, -0.00000149, -0.00000095, -0.00000054, -0.00000023, 0.00000001, 0.00000018, 0.00000029, 0.00000035, 0.00000034, 0.00000028, 0.00000018, 0.00000004, -0.00000011, -0.00000028, -0.00000044, -0.00000059, -0.00000071, -0.00000076, -0.00000061, 0.00000000
0.00061148, 0.00037742, 0.00027574, 0.00020997, 0.00016864, 0.00014269, 0.00011452, 0.00009054, 0.00007444, 0.00006317, 0.00005283, 0.00004178, 0.00003037, 0.00001966, 0.00001050, 0.00000318, -0.00000252, -0.00000706, -0.00001096, -0.00002608, -0.00003982, -0.00004650, -0.00004715, -0.00004610, -0.00004550, -0.00004490, -0.00004315, -0.00003977, -0.00003516, -0.00003019, -0.00002566, -0.00002199, -0.00001919, -0.00001699, -0.00001504, -0.00001305, -0.00001092, -0.00000867, -0.00000643, -0.00000448, -0.00000294, -0.00000194, -0.00000142, -0.00000126, -0.00000127, -0.00000128, -0.00000118, -0.00000090, -0.00000046, 0.00000007, 0.00000055, 0.00000088, 0.00000096, 0.00000077, 0.00000038, -0.00000010, -0.00000052, -0.00000075, -0.00000073, -0.00000056, -0.00000041, -0.00000047, -0.00000064, 0.00000000
-0.00002865, -0.00004359, -0.00004335, -0.00004170, -0.00003805, -0.00003326, -0.00003077, -0.00002862, -0.00002565, -0.00002239, -0.00001962, -0.00001760, -0.00001617, -0.00001501, -0.00001388, -0.00001266, -0.00001138, -0.00001012, -0.00000899, -0.00000652, -0.00000581, -0.00000472, -0.00000321, -0.00000213, -0.00000182, -0.00000199, -0.00000220, -0.00000220, -0.00000199, -0.00000171, -0.00000151, -0.00000146, -0.00000156, -0.00000171, -0.00000185, -0.00000190, -0.00000181, -0.00000160, -0.00000129, -0.00000097, -0.00000068, -0.00000049, -0.00000038, -0.00000032, -0.00000027, -0.00000021, -0.00000012, -0.00000001, 0.00000013, 0.00000026, 0.00000037, 0.00000043, 0.00000042, 0.00000034, 0.00000020, 0.00000002, -0.00000017, -0.00000034, -0.00000047, -0.00000057, -0.00000066, -0.00000071, -0.00000060, 0.00000000
-0.00036431, -0.00033699, -0.00032043, -0.00031046, -0.00030216, -0.00029461, -0.00028928, -0.00028456, -0.00027950, -0.00027433, -0.00026947, -0.00026503, -0.00026088, -0.00025681, -0.00025266, -0.00024837, -0.00024397, -0.00023952, -0.00023509, -0.00021815, -0.00020131, -0.00018335, -0.00016459, -0.00014593, -0.00012790, -0.00011062, -0.00009411, -0.00007851, -0.00006410, -0.00005119, -0.00004001, -0.00003063, -0.00002301, -0.00001699, -0.00001233, -0.00000880, -0.00000616, -0.00000421, -0.00000277, -0.00000177, -0.00000108, -0.00000067, -0.00000045, -0.00000032, -0.00000023, -0.00000015, -0.00000006, 0.00000003, 0.00000014, 0.00000023, 0.00000030, 0.00000034, 0.00000032, 0.00000026, 0.00000015, 0.00000002, -0.00000014, -0.00000029, -0.00000043, -0.00000056, -0.00000066, -0.00000071, -0.00000058, 0.00000000
0.00046152, 0.00032685, 0.00025757, 0.00020382, 0.00016287, 0.00013054, 0.00009600, 0.00006410, 0.00003765, 0.00001478, -0.00000699, -0.00002872, -0.00005012, -0.00007047, -0.00008920, -0.00010612, -0.00012137, -0.00013527, -0.00014816, -0.00019376, -0.00022988, -0.00025368, -0.00026674, -0.00027272, -0.00027372, -0.00027006, -0.00026156, -0.00024851, -0.00023178, -0.00021259, -0.00019213, -0.00017132, -0.00015078, -0.00013090, -0.00011194, -0.00009410, -0.00007761, -0.00006267, -0.00004947, -0.00003818, -0.00002884, -0.00002142, -0.00001570, -0.00001141, -0.00000824, -0.00000589, -0.00000411, -0.00000271, -0.00000159, -0.00000069, -0.00000001, 0.00000042, 0.00000059, 0.00000053, 0.00000028, -0.00000006, -0.00000038, -0.00000059, -0.00000065, -0.00000060, -0.00000056, -0.00000062, -0.00000065, 0.00000000
-0.00026981, -0.00024720, -0.00023592, -0.00023048, -0.00022655, -0.00022315, -0.00022123, -0.00021957, -0.00021745, -0.00021505, -0.00021269, -0.00021047, -0.00020833, -0.00020615, -0.00020382, -0.00020131, -0.00019867, -0.00019593, -0.00019317, -0.00018238, -0.00017153, -0.00016025, -0.00014910, -0.00013878, -0.00012957, -0.00012128, -0.00011361, -0.00010628, -0.00009910, -0.00009198, -0.00008486, -0.00007771, -0.00007049, -0.00006322, -0.00005596, -0.00004877, -0.00004179, -0.00003513, -0.00002891, -0.00002329, -0.00001834, -0.00001413, -0.00001065, -0.00000783, -0.00000558, -0.00000385, -0.00000253, -0.00000157, -0.00000088, -0.00000040, -0.00000009, 0.00000009, 0.00000018, 0.00000018, 0.00000013, 0.00000002, -0.00000011, -0.00000026, -0.00000042, -0.00000057, -0.00000070, -0.00000074, -0.00000059, 0.00000000
0.00000835, -0.00001002, -0.00001549, -0.00001916, -0.00002081, -0.00002117, -0.00002295, -0.00002465, -0.00002543, -0.00002570, -0.00002611, -0.00002687, -0.00002790, -0.00002896, -0.00002987, -0.00003057, -0.00003108, -0.00003147, -0.00003184, -0.00003368, -0.00003522, -0.00003523, -0.00003403, -0.00003251, -0.00003111, -0.00002972, -0.00002810, -0.00002612, -0.00002383, -0.00002140, -0.00001900, -0.00001674, -0.00001466, -0.00001274, -0.00001096, -0.00000928, -0.00000770, -0.00000621, -0.00000482, -0.00000363, -0.00000262, -0.00000185, -0.00000129, -0.00000087, -0.00000055, -0.00000030, -0.00000009, 0.00000009, 0.00000024, 0.00000037, 0.00000045, 0.00000048, 0.00000046, 0.00000037, 0.00000023, 0.00000006, -0.00000013, -0.00000031, -0.00000047, -0.00000061, -0.00000072, -0.00000076, -0.00000063, 0.00000000
-0.00018944, -0.00014638, -0.00011940, -0.00009998, -0.00008354, -0.00006894, -0.00005654, -0.00004530, -0.00003464, -0.00002457, -0.00001520, -0.00000650, 0.00000166, 0.00000942, 0.00001688, 0.00002410, 0.00003106, 0.00003773, 0.00004409, 0.00006636, 0.00008477, 0.00010018, 0.00011250, 0.00012136, 0.00012675, 0.00012894, 0.00012828, 0.00012512, 0.00011974, 0.00011245, 0.00010359, 0.00009357, 0.00008286, 0.00007191, 0.00006116, 0.00005098, 0.00004164, 0.00003336, 0.00002623, 0.00002021, 0.00001528, 0.00001131, 0.00000819, 0.00000582, 0.00000409, 0.00000287, 0.00000203, 0.00000147, 0.00000110, 0.00000086, 0.00000069, 0.00000056, 0.00000045, 0.00000033, 0.00000021, 0.00000007, -0.00000008, -0.00000024, -0.00000042, -0.00000059, -0.00000073, -0.00000077, -0.00000061, 0.00000000
-0.00038114, -0.00029213, -0.00024670, -0.00021826, -0.00019932, -0.00018641, -0.00017647, -0.00016929, -0.00016468, -0.00016197, -0.00016050, -0.00015992, -0.00016013, -0.00016110, -0.00016284, -0.00016528, -0.00016833, -0.00017189, -0.00017585, -0.00019387, -0.00021262, -0.00023047, -0.00024592, -0.00025753, -0.00026433, -0.00026584, -0.00026194, -0.00025286, -0.00023907, -0.00022130, -0.00020051, -0.00017779, -0.00015424, -0.00013093, -0.00010875, -0.00008838, -0.00007027, -0.00005462, -0.00004147, -0.00003073, -0.00002219, -0.00001561, -0.00001065, -0.00000701, -0.00000440, -0.00000258, -0.00000137, -0.00000061, -0.00000016, 0.00000007, 0.00000017, 0.00000020, 0.00000019, 0.00000017, 0.00000013, 0.00000007, -0.00000003, -0.00000017, -0.00000037, -0.00000059, -0.00000076, -0.00000080, -0.00000059, 0.00000000
-0.00003424, 0.00007081, 0.00013797, 0.00018939, 0.00023159, 0.00026733, 0.00029893, 0.00032688, 0.00035153, 0.00037342, 0.00039310, 0.00041092, 0.00042707, 0.00044164, 0.00045469, 0.00046631, 0.00047656, 0.00048555, 0.00049335, 0.00051430, 0.00052179, 0.00051783, 0.00050401, 0.00048194, 0.00045317, 0.00041917, 0.00038139, 0.00034128, 0.00030028, 0.00025971, 0.00022076, 0.00018435, 0.00015117, 0.00012165, 0.00009601, 0.00007423, 0.00005617, 0.00004157, 0.00003008, 0.00002125, 0.00001467, 0.00000988, 0.00000651, 0.00000424, 0.00000277, 0.00000185, 0.00000129, 0.00000094, 0.00000071, 0.00000054, 0.00000041, 0.00000032, 0.00000024, 0.00000019, 0.00000014, 0.00000008, -0.00000002, -0.00000017, -0.00000036, -0.00000057, -0.00000075, -0.00000079, -0.00000058, 0.00000000
0.00047920, 0.00031174, 0.00023206, 0.00017488, 0.00013551, 0.00010802, 0.00007845, 0.00005255, 0.00003358, 0.00001906, 0.00000573, -0.00000777, -0.00002116, -0.00003356, -0.00004429, -0.00005312, -0.00006025, -0.00006610, -0.00007111, -0.00008809, -0.00010038, -0.00010412, -0.00010098, -0.00009522, -0.00008916, -0.00008285, -0.00007566, -0.00006743, -0.00005867, -0.00005019, -0.00004268, -0.00003649, -0.00003155, -0.00002757, -0.00002418, -0.00002105, -0.00001802, -0.00001506, -0.00001222, -0.00000971, -0.00000762, -0.00000604, -0.00000494, -0.00000419, -0.00000364, -0.00000316, -0.00000264, -0.00000204, -0.00000137, -0.00000068, -0.00000008, 0.00000035, 0.00000053, 0.00000047, 0.00000020, -0.00000017, -0.00000050, -0.00000069, -0.00000070, -0.00000058, -0.00000048, -0.00000053, -0.00000063, 0.00000000
-0.00081839, -0.00068812, -0.00063069, -0.00059830, -0.00057948, -0.00056876, -0.00056000, -0.00055391, -0.00055084, -0.00054957, -0.00054882, -0.00054794, -0.00054688, -0.00054582, -0.00054492, -0.00054422, -0.00054361, -0.00054296, -0.00054212, -0.00053447, -0.00051885, -0.00049694, -0.00046959, -0.00043709, -0.00040024, -0.00036055, -0.00031966, -0.00027901, -0.00023972, -0.00020260, -0.00016828, -0.00013723, -0.00010977, -0.00008609, -0.00006620, -0.00004992, -0.00003694, -0.00002683, -0.00001909, -0.00001331, -0.00000903, -0.00000594, -0.00000371, -0.00000210, -0.00000095, -0.00000017, 0.00000031, 0.00000055, 0.00000061, 0.00000055, 0.00000042, 0.00000030, 0.00000020, 0.00000016, 0.00000015, 0.00000014, 0.00000008, -0.00000008, -0.00000033, -0.00000062, -0.00000086, -0.00000091, -0.00000062, 0.00000000
-0.00042753, -0.00038130, -0.00035325, -0.00033293, -0.00031597, -0.00030108, -0.00028789, -0.00027581, -0.00026449, -0.00025381, -0.00024371, -0.00023407, -0.00022479, -0.00021581, -0.00020706, -0.00019853, -0.00019023, -0.00018216, -0.00017433, -0.00014524, -0.00011859, -0.00009392, -0.00007145, -0.00005147, -0.00003406, -0.00001912, -0.00000654, 0.00000381, 0.00001199, 0.00001808, 0.00002223, 0.00002461, 0.00002546, 0.00002506, 0.00002370, 0.00002168, 0.00001925, 0.00001666, 0.00001411, 0.00001169, 0.00000949, 0.00000753, 0.00000586, 0.00000449, 0.00000342, 0.00000259, 0.00000197, 0.00000152, 0.00000117, 0.00000092, 0.00000072, 0.00000056, 0.00000043, 0.00000031, 0.00000020, 0.00000008, -0.00000006, -0.00000022, -0.00000039, -0.00000057, -0.00000071, -0.00000076, -0.00000059, 0.00000000
-0.00025167, -0.00022495, -0.00021123, -0.00020351, -0.00019847, -0.00019498, -0.00019284, -0.00019142, -0.00019032, -0.00018945, -0.00018880, -0.00018835, -0.00018800, -0.00018771, -0.00018741, -0.00018709, -0.00018673, -0.00018636, -0.00018597, -0.00018414, -0.00018097, -0.00017622, -0.00017020, -0.00016329, -0.00015569, -0.00014740, -0.00013841, -0.00012874, -0.00011848, -0.00010777, -0.00009683, -0.00008587, -0.00007511, -0.00006475, -0.00005498, -0.00004595, -0.00003775, -0.00003047, -0.00002409, -0.00001867, -0.00001415, -0.00001051, -0.00000762, -0.00000538, -0.00000366, -0.00000238, -0.00000144, -0.00000078, -0.00000034, -0.00000005, 0.00000012, 0.00000020, 0.00000023, 0.00000020, 0.00000015, 0.00000005, -0.00000008, -0.00000023, -0.00000041, -0.00000059, -0.00000074, -0.00000079, -0.00000061, 0.00000000
0.00095050, 0.00071075, 0.00058931, 0.00050055, 0.00043488, 0.00038435, 0.00033272, 0.00028615, 0.00024817, 0.00021592, 0.00018567, 0.00015581, 0.00012662, 0.00009905, 0.00007386, 0.00005131, 0.00003116, 0.00001297, -0.00000379, -0.00006262, -0.00010924, -0.00014001, -0.00015731, -0.00016643, -0.00017051, -0.00017020, -0.00016536, -0.00015637, -0.00014431, -0.00013061, -0.00011657, -0.00010301, -0.00009033, -0.00007856, -0.00006760, -0.00005734, -0.00004776, -0.00003893, -0.00003100, -0.00002416, -0.00001849, -0.00001406, -0.00001072, -0.00000826, -0.00000645, -0.00000505, -0.00000387, -0.00000280, -0.00000179, -0.00000087, -0.00000011, 0.00000041, 0.00000064, 0.00000056, 0.00000026, -0.00000015, -0.00000052, -0.00000072, -0.00000072, -0.00000057, -0.00000044, -0.00000050, -0.00000064, 0.00000000
0.00025029, 0.00013719, 0.00007913, 0.00003373, -0.00000078, -0.00002781, -0.00005683, -0.00008349, -0.00010526, -0.00012379, -0.00014129, -0.00015869, -0.00017575, -0.00019185, -0.00020647, -0.00021945, -0.00023091, -0.00024113, -0.00025045, -0.00028225, -0.00030539, -0.00031729, -0.00031936, -0.00031494, -0.00030602, -0.00029304, -0.00027600, -0.00025536, -0.00023211, -0.00020751, -0.00018277, -0.00015883, -0.00013627, -0.00011540, -0.00009637, -0.00007923, -0.00006401, -0.00005072, -0.00003935, -0.00002993, -0.00002235, -0.00001648, -0.00001207, -0.00000884, -0.00000649, -0.00000475, -0.00000341, -0.00000234, -0.00000144, -0.00000069, -0.00000011, 0.00000027, 0.00000044, 0.00000040, 0.00000020, -0.00000009, -0.00000036, -0.00000054, -0.00000059, -0.00000056, -0.00000053, -0.00000058, -0.00000061, 0.00000000
0.00086957, 0.00049063, 0.00031701, 0.00020116, 0.00012517, 0.00007482, 0.00002278, -0.00002145, -0.00005240, -0.00007492, -0.00009507, -0.00011548, -0.00013569, -0.00015415, -0.00016963, -0.00018172, -0.00019080, -0.00019761, -0.00020300, -0.00022015, -0.00023115, -0.00022866, -0.00021518, -0.00019805, -0.00018121, -0.00016459, -0.00014695, -0.00012797, -0.00010860, -0.00009038, -0.00007465, -0.00006203, -0.00005243, -0.00004521, -0.00003957, -0.00003480, -0.00003044, -0.00002627, -0.00002232, -0.00001877, -0.00001576, -0.00001340, -0.00001162, -0.00001024, -0.00000907, -0.00000790, -0.00000659, -0.00000511, -0.00000351, -0.00000194, -0.00000058, 0.00000038, 0.00000083, 0.00000078, 0.00000033, -0.00000029, -0.00000082, -0.00000105, -0.00000090, -0.00000052, -0.00000020, -0.00000027, -0.00000063, 0.00000000
-0.00028892, -0.00022998, -0.00019404, -0.00016860, -0.00014845, -0.00013169, -0.00011761, -0.00010534, -0.00009437, -0.00008449, -0.00007555, -0.00006744, -0.00006003, -0.00005320, -0.00004686, -0.00004097, -0.00003550, -0.00003043, -0.00002575, -0.00001032, 0.00000148, 0.00001070, 0.00001766, 0.00002248, 0.00002538, 0.00002673, 0.00002686, 0.00002609, 0.00002465, 0.00002273, 0.00002048, 0.00001804, 0.00001554, 0.00001307, 0.00001073, 0.00000860, 0.00000672, 0.00000513, 0.00000385, 0.00000283, 0.00000205, 0.00000144, 0.00000099, 0.00000069, 0.00000051, 0.00000043, 0.00000040, 0.00000039, 0.00000039, 0.00000039, 0.00000037, 0.00000034, 0.00000030, 0.00000024, 0.00000016, 0.00000006, -0.00000007, -0.00000022, -0.00000040, -0.00000058, -0.00000073, -0.00000078, -0.00000060, 0.00000000
0.00078566, 0.00062528, 0.00055484, 0.00050721, 0.00047720, 0.00045862, 0.00043719, 0.00041883, 0.00040691, 0.00039890, 0.00039153, 0.00038344, 0.00037496, 0.00036703, 0.00036036, 0.00035520, 0.00035137, 0.00034846, 0.00034600, 0.00033553, 0.00032411, 0.00031602, 0.00030984, 0.00030151, 0.00028902, 0.00027275, 0.00025389, 0.00023332, 0.00021132, 0.00018800, 0.00016360, 0.00013871, 0.00011423, 0.00009115, 0.00007033, 0.00005239, 0.00003762, 0.00002597, 0.00001715, 0.00001066, 0.00000604, 0.00000278, 0.00000054, -0.00000092, -0.00000176, -0.00000211, -0.00000207, -0.00000171, -0.00000117, -0.00000055, 0.00000002, 0.00000042, 0.00000059, 0.00000051, 0.00000023, -0.00000013, -0.00000047, -0.00000065, -0.00000066, -0.00000055, -0.00000046, -0.00000051, -0.00000062, 0.00000000
-0.00068912, -0.00053248, -0.00045167, -0.00039690, -0.00035733, -0.00032738, -0.00030012, -0.00027665, -0.00025759, -0.00024158, -0.00022714, -0.00021352, -0.00020067, -0.00018882, -0.00017814, -0.00016866, -0.00016028, -0.00015280, -0.00014602, -0.00012312, -0.00010470, -0.00009107, -0.00008127, -0.00007353, -0.00006675, -0.00006063, -0.00005516, -0.00005027, -0.00004571, -0.00004121, -0.00003659, -0.00003181, -0.00002699, -0.00002234, -0.00001807, -0.00001432, -0.00001117, -0.00000859, -0.00000649, -0.00000483, -0.00000348, -0.00000241, -0.00000153, -0.00000080, -0.00000021, 0.00000023, 0.00000050, 0.00000060, 0.00000057, 0.00000045, 0.00000029, 0.00000016, 0.00000008, 0.00000006, 0.00000009, 0.00000011, 0.00000009, -0.00000004, -0.00000028, -0.00000058, -0.00000083, -0.00000087, -0.00000058, 0.00000000
0.00033727, 0.00023949, 0.00019055, 0.00015168, 0.00012316, 0.00010188, 0.00007785, 0.00005593, 0.00003890, 0.00002502, 0.00001192, -0.00000136, -0.00001457, -0.00002699, -0.00003806, -0.00004762, -0.00005579, -0.00006289, -0.00006927, -0.00009155, -0.00010863, -0.00011756, -0.00011971, -0.00011847, -0.00011568, -0.00011144, -0.00010537, -0.00009749, -0.00008834, -0.00007875, -0.00006945, -0.00006088, -0.00005317, -0.00004625, -0.00003995, -0.00003410, -0.00002864, -0.00002358, -0.00001896, -0.00001495, -0.00001160, -0.00000896, -0.00000697, -0.00000548, -0.00000435, -0.00000344, -0.00000265, -0.00000190, -0.00000120, -0.00000055, -0.00000002, 0.00000034, 0.00000049, 0.00000043, 0.00000021, -0.00000009, -0.00000038, -0.00000056, -0.00000061, -0.00000057, -0.00000053, -0.00000058, -0.00000062, 0.00000000
-0.00115878, -0.00083525, -0.00067453, -0.00056335, -0.00048504, -0.00042814, -0.00037277, -0.00032502, -0.00028832, -0.00025900, -0.00023256, -0.00020696, -0.00018236, -0.00015974, -0.00013989, -0.00012301, -0.00010881, -0.00009673, -0.00008615, -0.00005085, -0.00002357, -0.00000812, -0.00000242, -0.00000117, -0.00000134, -0.00000263, -0.00000557, -0.00001013, -0.00001549, -0.00002046, -0.00002409, -0.00002590, -0.00002597, -0.00002472, -0.00002270, -0.00002039, -0.00001812, -0.00001598, -0.00001394, -0.00001194, -0.00000990, -0.00000781, -0.00000571, -0.00000370, -0.00000191, -0.00000051, 0.00000042, 0.00000085, 0.00000084, 0.00000053, 0.00000011, -0.00000023, -0.00000039, -0.00000030, -0.00000004, 0.00000028, 0.00000046, 0.00000037, -0.00000003, -0.00000062, -0.00000110, -0.00000113, -0.00000057, 0.00000000
0.00008851, 0.00005640, 0.00004995, 0.00004642, 0.00004692, 0.00004996, 0.00004951, 0.00004889, 0.00005002, 0.00005194, 0.00005326, 0.00005347, 0.00005282, 0.00005185, 0.00005096, 0.00005032, 0.00004989, 0.00004952, 0.00004904, 0.00004415, 0.00003647, 0.00002964, 0.00002397, 0.00001823, 0.00001198, 0.00000579, 0.00000042, -0.00000370, -0.00000660, -0.00000856, -0.00000989, -0.00001080, -0.00001135, -0.00001154, -0.00001131, -0.00001067, -0.00000965, -0.00000836, -0.00000692, -0.00000553, -0.00000429, -0.00000331, -0.00000259, -0.00000207, -0.00000167, -0.00000135, -0.00000104, -0.00000071, -0.00000038, -0.00000007, 0.00000020, 0.00000037, 0.00000043, 0.00000035, 0.00000018, -0.00000004, -0.00000026, -0.00000043, -0.00000052, -0.00000055, -0.00000057, -0.00000062, -0.00000059, 0.00000000
0.00109871, 0.00078788, 0.00064714, 0.00055258, 0.00049074, 0.00044991, 0.00040631, 0.00036886, 0.00034268, 0.00032354, 0.00030611, 0.00028810, 0.00026999, 0.00025320, 0.00023887, 0.00022736, 0.00021836, 0.00021121, 0.00020517, 0.00018331, 0.00016466, 0.00015588, 0.00015470, 0.00015449, 0.00015177, 0.00014670, 0.00014063, 0.00013421, 0.00012710, 0.00011854, 0.00010798, 0.00009552, 0.00008178, 0.00006776, 0.00005446, 0.00004265, 0.00003275, 0.00002484, 0.00001872, 0.00001397, 0.00001024, 0.00000717, 0.00000460, 0.00000248, 0.00000083, -0.00000029, -0.00000087, -0.00000093, -0.00000060, -0.00000004, 0.00000055, 0.00000097, 0.00000109, 0.00000087, 0.00000039, -0.00000021, -0.00000070, -0.00000092, -0.00000082, -0.00000051, -0.00000025, -0.00000031, -0.00000061, 0.00000000
-0.00068196, -0.00052787, -0.00045127, -0.00040172, -0.00036601, -0.00033857, -0.00031402, -0.00029255, -0.00027427, -0.00025820, -0.00024327, -0.00022892, -0.00021508, -0.00020185, -0.00018936, -0.00017762, -0.00016659, -0.00015617, -0.00014625, -0.00011002, -0.00007792, -0.00005051, -0.00002770, -0.00000873, 0.00000690, 0.00001936, 0.00002869, 0.00003508, 0.00003887, 0.00004048, 0.00004037, 0.00003892, 0.00003646, 0.00003326, 0.00002957, 0.00002560, 0.00002157, 0.00001770, 0.00001417, 0.00001106, 0.00000845, 0.00000632, 0.00000467, 0.00000345, 0.00000259, 0.00000198, 0.00000153, 0.00000119, 0.00000089, 0.00000063, 0.00000041, 0.00000024, 0.00000014, 0.00000009, 0.00000008, 0.00000007, 0.00000002, -0.00000010, -0.00000030, -0.00000054, -0.00000075, -0.00000079, -0.00000055, 0.00000000
-0.00006993, -0.00006779, -0.00006648, -0.00006790, -0.00006956, -0.00007124, -0.00007468, -0.00007849, -0.00008184, -0.00008496, -0.00008828, -0.00009189, -0.00009569, -0.00009946, -0.00010304, -0.00010638, -0.00010949, -0.00011242, -0.00011523, -0.00012570, -0.00013383, -0.00013856, -0.00014021, -0.00013966, -0.00013740, -0.00013351, -0.00012799, -0.00012096, -0.00011267, -0.00010350, -0.00009380, -0.00008389, -0.00007403, -0.00006440, -0.00005518, -0.00004651, -0.00003849, -0.00003123, -0.00002477, -0.00001921, -0.00001454, -0.00001077, -0.00000779, -0.00000549, -0.00000374, -0.00000244, -0.00000149, -0.00000081, -0.00000033, -0.00000000, 0.00000020, 0.00000031, 0.00000033, 0.00000028, 0.00000018, 0.00000004, -0.00000012, -0.00000028, -0.00000044, -0.00000057, -0.00000068, -0.00000073, -0.00000060, 0.00000000
0.00048220, 0.00038971, 0.00034180, 0.00030236, 0.00027219, 0.00024854, 0.00022185, 0.00019697, 0.00017669, 0.00015938, 0.00014276, 0.00012590, 0.00010912, 0.00009310, 0.00007842, 0.00006525, 0.00005348, 0.00004281, 0.00003291, -0.00000274, -0.00003200, -0.00005202, -0.00006420, -0.00007189, -0.00007700, -0.00007974, -0.00007984, -0.00007740, -0.00007303, -0.00006757, -0.00006179, -0.00005616, -0.00005085, -0.00004582, -0.00004095, -0.00003613, -0.00003135, -0.00002667, -0.00002220, -0.00001814, -0.00001459, -0.00001167, -0.00000933, -0.00000747, -0.00000598, -0.00000474, -0.00000366, -0.00000267, -0.00000177, -0.00000097, -0.00000032, 0.00000013, 0.00000035, 0.00000034, 0.00000016, -0.00000012, -0.00000039, -0.00000056, -0.00000062, -0.00000058, -0.00000054, -0.00000060, -0.00000062, 0.00000000
0.00090151, 0.00047287, 0.00024995, 0.00008885, -0.00003020, -0.00012149, -0.00021061, -0.00028940, -0.00035321, -0.00040673, -0.00045572, -0.00050278, -0.00054764, -0.00058902, -0.00062591, -0.00065804, -0.00068580, -0.00070996, -0.00073133, -0.00079889, -0.00084096, -0.00085377, -0.00084211, -0.00081491, -0.00077784, -0.00073282, -0.00068064, -0.00062282, -0.00056183, -0.00050055, -0.00044140, -0.00038598, -0.00033502, -0.00028860, -0.00024646, -0.00020829, -0.00017384, -0.00014302, -0.00011584, -0.00009237, -0.00007256, -0.00005629, -0.00004323, -0.00003291, -0.00002482, -0.00001848, -0.00001343, -0.00000936, -0.00000606, -0.00000343, -0.00000146, -0.00000014, 0.00000052, 0.00000061, 0.00000027, -0.00000025, -0.00000073, -0.00000096, -0.00000086, -0.00000055, -0.00000030, -0.00000037, -0.00000066, 0.00000000
-0.00029445, -0.00030744, -0.00032029, -0.00033243, -0.00034435, -0.00035587, -0.00036626, -0.00037589, -0.00038494, -0.00039328, -0.00040080, -0.00040748, -0.00041340, -0.00041865, -0.00042331, -0.00042742, -0.00043100, -0.00043406, -0.00043658, -0.00044141, -0.00043818, -0.00042839, -0.00041333, -0.00039401, -0.00037136, -0.00034624, -0.00031941, -0.00029156, -0.00026329, -0.00023516, -0.00020771, -0.00018142, -0.00015671, -0.00013391, -0.00011324, -0.00009482, -0.00007864, -0.00006462, -0.00005258, -0.00004240, -0.00003385, -0.00002678, -0.00002097, -0.00001621, -0.00001236, -0.00000928, -0.00000685, -0.00000497, -0.00000354, -0.00000249, -0.00000172, -0.00000116, -0.00000077, -0.00000049, -0.00000031, -0.00000021, -0.00000020, -0.00000027, -0.00000041, -0.00000059, -0.00000075, -0.00000078, -0.00000058, 0.00000000
-0.00016951, -0.00013822, -0.00012566, -0.00011973, -0.00011692, -0.00011589, -0.00011562, -0.00011594, -0.00011676, -0.00011789, -0.00011912, -0.00012034, -0.00012154, -0.00012271, -0.00012385, -0.00012498, -0.00012608, -0.00012713, -0.00012812, -0.00013099, -0.00013137, -0.00012956, -0.00012605, -0.00012124, -0.00011544, -0.00010892, -0.00010193, -0.00009465, -0.00008725, -0.00007983, -0.00007250, -0.00006534, -0.00005842, -0.00005181, -0.00004556, -0.00003968, -0.00003421, -0.00002915, -0.00002447, -0.00002023, -0.00001643, -0.00001310, -0.00001022, -0.00000775, -0.00000568, -0.00000398, -0.00000264, -0.00000163, -0.00000090, -0.00000041, -0.00000010, 0.00000007, 0.00000015, 0.00000017, 0.00000015, 0.00000008, -0.00000004, -0.00000019, -0.00000039, -0.00000060, -0.00000078, -0.00000082, -0.00000062, 0.00000000
-0.00029463, -0.00025917, -0.00024125, -0.00023317, -0.00022863, -0.00022599, -0.00022628, -0.00022763, -0.00022896, -0.00023036, -0.00023213, -0.00023432, -0.00023674, -0.00023915, -0.00024136, -0.00024332, -0.00024502, -0.00024653, -0.00024790, -0.00025247, -0.00025460, -0.00025351, -0.00024980, -0.00024450, -0.00023807, -0.00023053, -0.00022172, -0.00021161, -0.00020029, -0.00018795, -0.00017480, -0.00016103, -0.00014681, -0.00013230, -0.00011769, -0.00010320, -0.00008908, -0.00007558, -0.00006292, -0.00005137, -0.00004107, -0.00003216, -0.00002462, -0.00001838, -0.00001334, -0.00000936, -0.00000632, -0.00000404, -0.00000241, -0.00000128, -0.00000054, -0.00000009, 0.00000013, 0.00000019, 0.00000015, 0.00000003, -0.00000012, -0.00000029, -0.00000045, -0.00000061, -0.00000073, -0.00000078, -0.00000063, 0.00000000
-0.00014085, -0.00012091, -0.00011134, -0.00010792, -0.00010577, -0.00010401, -0.00010430, -0.00010496, -0.00010503, -0.00010475, -0.00010457, -0.00010463, -0.00010479, -0.00010482, -0.00010458, -0.00010400, -0.00010312, -0.00010202, -0.00010079, -0.00009529, -0.00008838, -0.00007953, -0.00006950, -0.00005948, -0.00005009, -0.00004143, -0.00003339, -0.00002595, -0.00001925, -0.00001344, -0.00000864, -0.00000490, -0.00000214, -0.00000022, 0.00000102, 0.00000176, 0.00000215, 0.00000231, 0.00000233, 0.00000221, 0.00000202, 0.00000173, 0.00000140, 0.00000110, 0.00000085, 0.00000066, 0.00000055, 0.00000050, 0.00000050, 0.00000051, 0.00000052, 0.00000051, 0.00000046, 0.00000037, 0.00000023, 0.00000006, -0.00000012, -0.00000030, -0.00000046, -0.00000060, -0.00000072, -0.00000077, -0.00000063, 0.00000000
0.00020943, 0.00012694, 0.00008117, 0.00004363, 0.00001303, -0.00001272, -0.00003970, -0.00006496, -0.00008681, -0.00010627, -0.00012480, -0.00014299, -0.00016070, -0.00017753, -0.00019314, -0.00020743, -0.00022046, -0.00023242, -0.00024353, -0.00028172, -0.00031011, -0.00032755, -0.00033543, -0.00033633, -0.00033185, -0.00032253, -0.00030857, -0.00029044, -0.00026898, -0.00024524, -0.00022027, -0.00019499, -0.00017013, -0.00014625, -0.00012375, -0.00010295, -0.00008411, -0.00006739, -0.00005287, -0.00004064, -0.00003059, -0.00002261, -0.00001644, -0.00001178, -0.00000831, -0.00000575, -0.00000387, -0.00000247, -0.00000143, -0.00000065, -0.00000010, 0.00000024, 0.00000039, 0.00000037, 0.00000022, -0.00000001, -0.00000024, -0.00000043, -0.00000054, -0.00000060, -0.00000065, -0.00000070, -0.00000063, 0.00000000
-0.00073561, -0.00051726, -0.00040892, -0.00033648, -0.00028543, -0.00024791, -0.00021306, -0.00018320, -0.00015962, -0.00014029, -0.00012287, -0.00010624, -0.00009040, -0.00007579, -0.00006275, -0.00005136, -0.00004147, -0.00003278, -0.00002499, 0.00000145, 0.00002264, 0.00003701, 0.00004556, 0.00005082, 0.00005423, 0.00005595, 0.00005576, 0.00005368, 0.00005016, 0.00004584, 0.00004128, 0.00003683, 0.00003263, 0.00002864, 0.00002478, 0.00002101, 0.00001736, 0.00001391, 0.00001082, 0.00000816, 0.00000603, 0.00000441, 0.00000328, 0.00000257, 0.00000215, 0.00000189, 0.00000167, 0.00000141, 0.00000109, 0.00000074, 0.00000040, 0.00000014, 0.00000000, -0.00000001, 0.00000007, 0.00000017, 0.00000019, 0.00000006, -0.00000023, -0.00000061, -0.00000093, -0.00000097, -0.00000059, 0.00000000
-0.00024125, -0.00016906, -0.00012346, -0.00008741, -0.00005818, -0.00003380, -0.00001105, 0.00000932, 0.00002692, 0.00004243, 0.00005662, 0.00006990, 0.00008229, 0.00009373, 0.00010413, 0.00011351, 0.00012193, 0.00012952, 0.00013639, 0.00015856, 0.00017419, 0.00018356, 0.00018740, 0.00018680, 0.00018258, 0.00017521, 0.00016510, 0.00015276, 0.00013883, 0.00012403, 0.00010900, 0.00009427, 0.00008025, 0.00006722, 0.00005534, 0.00004474, 0.00003547, 0.00002756, 0.00002101, 0.00001570, 0.00001153, 0.00000833, 0.00000597, 0.00000429, 0.00000314, 0.00000235, 0.00000181, 0.00000141, 0.00000108, 0.00000080, 0.00000057, 0.00000039, 0.00000027, 0.00000020, 0.00000016, 0.00000012, 0.00000004, -0.00000011, -0.00000034, -0.00000060, -0.00000081, -0.00000085, -0.00000060, 0.00000000
-0.00011339, -0.00014703, -0.00016477, -0.00018006, -0.00019114, -0.00019901, -0.00020814, -0.00021620, -0.00022186, -0.00022591, -0.00022944, -0.00023290, -0.00023619, -0.00023898, -0.00024105, -0.00024231, -0.00024286, -0.00024284, -0.00024244, -0.00023884, -0.00023195, -0.00022074, -0.00020629, -0.00019051, -0.00017450, -0.00015845, -0.00014227, -0.00012604, -0.00011010, -0.00009489, -0.00008082, -0.00006813, -0.00005689, -0.00004707, -0.00003854, -0.00003117, -0.00002483, -0.00001944, -0.00001489, -0.00001119, -0.00000825, -0.00000603, -0.00000440, -0.00000322, -0.00000235, -0.00000170, -0.00000118, -0.00000075, -0.00000037, -0.00000005, 0.00000019, 0.00000034, 0.00000038, 0.00000032, 0.00000018, -0.00000001, -0.00000021, -0.00000037, -0.00000049, -0.00000057, -0.00000063, -0.00000068, -0.00000060, 0.00000000
-0.00049872, -0.00040642, -0.00036394, -0.00033880, -0.00032203, -0.00031003, -0.00029972, -0.00029101, -0.00028388, -0.00027776, -0.00027208, -0.00026656, -0.00026116, -0.00025596, -0.00025101, -0.00024634, -0.00024192, -0.00023771, -0.00023365, -0.00021803, -0.00020251, -0.00018748, -0.00017306, -0.00015904, -0.00014525, -0.00013171, -0.00011849, -0.00010566, -0.00009326, -0.00008132, -0.00006991, -0.00005915, -0.00004920, -0.00004018, -0.00003222, -0.00002537, -0.00001961, -0.00001487, -0.00001103, -0.00000802, -0.00000567, -0.00000391, -0.00000261, -0.00000163, -0.00000092, -0.00000040, -0.00000006, 0.00000014, 0.00000024, 0.00000026, 0.00000024, 0.00000020, 0.00000016, 0.00000013, 0.00000011, 0.00000006, -0.00000002, -0.00000016, -0.00000035, -0.00000057, -0.00000075, -0.00000079, -0.00000058, 0.00000000
0.00022264, 0.00010998, 0.00004565, -0.00000646, -0.00004950, -0.00008629, -0.00012372, -0.00015880, -0.00018975, -0.00021773, -0.00024436, -0.00027031, -0.00029547, -0.00031942, -0.00034179, -0.00036249, -0.00038159, -0.00039930, -0.00041585, -0.00047296, -0.00051589, -0.00054343, -0.00055713, -0.00055981, -0.00055332, -0.00053842, -0.00051558, -0.00048565, -0.00044992, -0.00041005, -0.00036772, -0.00032450, -0.00028175, -0.00024058, -0.00020186, -0.00016627, -0.00013431, -0.00010626, -0.00008224, -0.00006226, -0.00004607, -0.00003338, -0.00002372, -0.00001654, -0.00001133, -0.00000761, -0.00000497, -0.00000310, -0.00000176, -0.00000080, -0.00000015, 0.00000025, 0.00000042, 0.00000040, 0.00000024, -0.00000001, -0.00000026, -0.00000046, -0.00000057, -0.00000061, -0.00000064, -0.00000069, -0.00000064, 0.00000000
0.00003677, 0.00001068, -0.00000618, -0.00002257, -0.00003682, -0.00004934, -0.00006314, -0.00007635, -0.00008792, -0.00009831, -0.00010827, -0.00011809, -0.00012766, -0.00013672, -0.00014509, -0.00015270, -0.00015959, -0.00016587, -0.00017165, -0.00019104, -0.00020433, -0.00021101, -0.00021217, -0.00020947, -0.00020399, -0.00019612, -0.00018601, -0.00017396, -0.00016042, -0.00014594, -0.00013105, -0.00011621, -0.00010175, -0.00008793, -0.00007492, -0.00006287, -0.00005190, -0.00004208, -0.00003346, -0.00002610, -0.00001997, -0.00001502, -0.00001113, -0.00000811, -0.00000580, -0.00000405, -0.00000274, -0.00000175, -0.00000102, -0.00000048, -0.00000010, 0.00000014, 0.00000024, 0.00000024, 0.00000015, 0.00000000, -0.00000017, -0.00000033, -0.00000047, -0.00000059, -0.00000068, -0.00000073, -0.00000061, 0.00000000
-0.00065161, -0.00081475, -0.00092959, -0.00102180, -0.00110082, -0.00117032, -0.00123178, -0.00128692, -0.00133681, -0.00138188, -0.00142239, -0.00145863, -0.00149090, -0.00151952, -0.00154474, -0.00156674, -0.00158567, -0.00160166, -0.00161481, -0.00164086, -0.00162890, -0.00158561, -0.00151715, -0.00142911, -0.00132663, -0.00121453, -0.00109719, -0.00097846, -0.00086163, -0.00074942, -0.00064391, -0.00054663, -0.00045856, -0.00038018, -0.00031155, -0.00025237, -0.00020208, -0.00015992, -0.00012501, -0.00009652, -0.00007353, -0.00005524, -0.00004088, -0.00002972, -0.00002118, -0.00001474, -0.00000998, -0.00000655, -0.00000414, -0.00000251, -0.00000144, -0.00000077, -0.00000037, -0.00000015, -0.00000004, -0.00000003, -0.00000008, -0.00000020, -0.00000037, -0.00000056, -0.00000073, -0.00000077, -0.00000058, 0.00000000
-0.00121872, -0.00128794, -0.00134683, -0.00139956, -0.00144757, -0.00149110, -0.00152989, -0.00156473, -0.00159609, -0.00162407, -0.00164875, -0.00167034, -0.00168908, -0.00170524, -0.00171901, -0.00173055, -0.00173994, -0.00174727, -0.00175260, -0.00175513, -0.00173035, -0.00168229, -0.00161444, -0.00152986, -0.00143156, -0.00132260, -0.00120607, -0.00108509, -0.00096275, -0.00084202, -0.00072561, -0.00061589, -0.00051475, -0.00042351, -0.00034295, -0.00027328, -0.00021426, -0.00016525, -0.00012533, -0.00009347, -0.00006853, -0.00004942, -0.00003503, -0.00002440, -0.00001669, -0.00001118, -0.00000734, -0.00000472, -0.00000296, -0.00000182, -0.00000109, -0.00000063, -0.00000035, -0.00000018, -0.00000009, -0.00000007, -0.00000012, -0.00000022, -0.00000037, -0.00000055, -0.00000070, -0.00000074, -0.00000056, 0.00000000
-0.00046904, -0.00053866, -0.00059128, -0.00063517, -0.00067415, -0.00070947, -0.00074107, -0.00076995, -0.00079670, -0.00082133, -0.00084378, -0.00086407, -0.00088234, -0.00089876, -0.00091346, -0.00092652, -0.00093800, -0.00094793, -0.00095632, -0.00097491, -0.00097115, -0.00094856, -0.00091049, -0.00085999, -0.00080001, -0.00073344, -0.00066299, -0.00059112, -0.00051994, -0.00045120, -0.00038632, -0.00032637, -0.00027205, -0.00022378, -0.00018167, -0.00014556, -0.00011512, -0.00008985, -0.00006916, -0.00005251, -0.00003927, -0.00002893, -0.00002095, -0.00001486, -0.00001028, -0.00000689, -0.00000444, -0.00000272, -0.00000156, -0.00000081, -0.00000035, -0.00000009, 0.00000005, 0.00000011, 0.00000011, 0.00000006, -0.00000004, -0.00000019, -0.00000038, -0.00000060, -0.00000078, -0.00000083, -0.00000061, 0.00000000
0.00047411, 0.00033076, 0.00025810, 0.00020299, 0.00016163, 0.00012950, 0.00009556, 0.00006457, 0.00003930, 0.00001781, -0.00000247, -0.00002265, -0.00004248, -0.00006125, -0.00007840, -0.00009373, -0.00010738, -0.00011969, -0.00013102, -0.00017059, -0.00020128, -0.00022025, -0.00022908, -0.00023147, -0.00022958, -0.00022382, -0.00021408, -0.00020068, -0.00018453, -0.00016683, -0.00014872, -0.00013099, -0.00011414, -0.00009835, -0.00008368, -0.00007016, -0.00005782, -0.00004674, -0.00003698, -0.00002868, -0.00002183, -0.00001642, -0.00001227, -0.00000916, -0.00000683, -0.00000506, -0.00000367, -0.00000251, -0.00000153, -0.00000071, -0.00000007, 0.00000036, 0.00000054, 0.00000048, 0.00000025, -0.00000008, -0.00000038, -0.00000058, -0.00000064, -0.00000059, -0.00000055, -0.00000061, -0.00000064, 0.00000000
0.00047041, 0.00035025, 0.00029953, 0.00026405, 0.00024102, 0.00022607, 0.00020750, 0.00019070, 0.00017879, 0.00016979, 0.00016101, 0.00015135, 0.00014116, 0.00013127, 0.00012235, 0.00011465, 0.00010805, 0.00010224, 0.00009683, 0.00007527, 0.00005474, 0.00003975, 0.00002972, 0.00002155, 0.00001371, 0.00000653, 0.00000085, -0.00000297, -0.00000524, -0.00000663, -0.00000774, -0.00000890, -0.00001014, -0.00001127, -0.00001207, -0.00001234, -0.00001204, -0.00001122, -0.00001002, -0.00000870, -0.00000741, -0.00000633, -0.00000546, -0.00000477, -0.00000417, -0.00000358, -0.00000295, -0.00000226, -0.00000153, -0.00000081, -0.00000020, 0.00000023, 0.00000043, 0.00000040, 0.00000018, -0.00000014, -0.00000043, -0.00000061, -0.00000063, -0.00000055, -0.00000048, -0.00000053, -0.00000060, 0.00000000
-0.00003794, -0.00017200, -0.00023883, -0.00028752, -0.00032293, -0.00034960, -0.00037700, -0.00040153, -0.00042111, -0.00043740, -0.00045254, -0.00046740, -0.00048180, -0.00049516, -0.00050703, -0.00051726, -0.00052598, -0.00053344, -0.00053994, -0.00055958, -0.00056889, -0.00056570, -0.00055175, -0.00053061, -0.00050460, -0.00047459, -0.00044105, -0.00040476, -0.00036686, -0.00032868, -0.00029136, -0.00025572, -0.00022224, -0.00019115, -0.00016253, -0.00013640, -0.00011279, -0.00009175, -0.00007328, -0.00005747, -0.00004422, -0.00003344, -0.00002487, -0.00001820, -0.00001309, -0.00000922, -0.00000630, -0.00000410, -0.00000244, -0.00000121, -0.00000035, 0.00000019, 0.00000043, 0.00000043, 0.00000025, -0.00000003, -0.00000031, -0.00000050, -0.00000059, -0.00000059, -0.00000059, -0.00000065, -0.00000064, 0.00000000
-0.00156399, -0.00151712, -0.00151097, -0.00151530, -0.00152514, -0.00153718, -0.00154605, -0.00155385, -0.00156180, -0.00156905, -0.00157454, -0.00157795, -0.00157953, -0.00157976, -0.00157903, -0.00157750, -0.00157520, -0.00157204, -0.00156792, -0.00154060, -0.00149729, -0.00144214, -0.00137701, -0.00130247, -0.00121951, -0.00112985, -0.00103549, -0.00093835, -0.00084019, -0.00074270, -0.00064758, -0.00055647, -0.00047092, -0.00039227, -0.00032148, -0.00025912, -0.00020532, -0.00015986, -0.00012218, -0.00009160, -0.00006724, -0.00004826, -0.00003377, -0.00002292, -0.00001501, -0.00000940, -0.00000557, -0.00000309, -0.00000158, -0.00000073, -0.00000030, -0.00000010, 0.00000000, 0.00000007, 0.00000013, 0.00000015, 0.00000009, -0.00000007, -0.00000033, -0.00000065, -0.00000091, -0.00000094, -0.00000064, 0.00000000
0.00080536, 0.00044241, 0.00029947, 0.00020802, 0.00015270, 0.00011864, 0.00007378, 0.00003174, 0.00000056, -0.00002490, -0.00005145, -0.00008160, -0.00011416, -0.00014663, -0.00017706, -0.00020460, -0.00022939, -0.00025212, -0.00027360, -0.00035531, -0.00042417, -0.00046499, -0.00047840, -0.00047330, -0.00045569, -0.00042740, -0.00038931, -0.00034365, -0.00029407, -0.00024466, -0.00019879, -0.00015852, -0.00012454, -0.00009655, -0.00007372, -0.00005511, -0.00003996, -0.00002772, -0.00001808, -0.00001088, -0.00000591, -0.00000293, -0.00000153, -0.00000120, -0.00000143, -0.00000175, -0.00000185, -0.00000156, -0.00000090, -0.00000001, 0.00000085, 0.00000145, 0.00000160, 0.00000127, 0.00000056, -0.00000029, -0.00000098, -0.00000125, -0.00000104, -0.00000050, -0.00000007, -0.00000014, -0.00000065, 0.00000000
0.00087291, 0.00059713, 0.00046813, 0.00037888, 0.00031761, 0.00027433, 0.00022882, 0.00018868, 0.00015833, 0.00013423, 0.00011182, 0.00008918, 0.00006668, 0.00004556, 0.00002678, 0.00001065, -0.00000306, -0.00001493, -0.00002558, -0.00006324, -0.00009342, -0.00011055, -0.00011667, -0.00011751, -0.00011623, -0.00011293, -0.00010682, -0.00009783, -0.00008685, -0.00007526, -0.00006428, -0.00005461, -0.00004643, -0.00003950, -0.00003346, -0.00002797, -0.00002286, -0.00001812, -0.00001384, -0.00001023, -0.00000740, -0.00000541, -0.00000416, -0.00000346, -0.00000306, -0.00000275, -0.00000236, -0.00000182, -0.00000113, -0.00000038, 0.00000030, 0.00000078, 0.00000094, 0.00000078, 0.00000036, -0.00000016, -0.00000061, -0.00000084, -0.00000079, -0.00000056, -0.00000036, -0.00000042, -0.00000064, 0.00000000
-0.00163041, -0.00126775, -0.00109976, -0.00099337, -0.00092567, -0.00088252, -0.00084179, -0.00080930, -0.00078831, -0.00077466, -0.00076339, -0.00075224, -0.00074132, -0.00073163, -0.00072396, -0.00071855, -0.00071508, -0.00071293, -0.00071145, -0.00070401, -0.00069122, -0.00067805, -0.00066352, -0.00064340, -0.00061597, -0.00058249, -0.00054519, -0.00050569, -0.00046471, -0.00042249, -0.00037928, -0.00033570, -0.00029270, -0.00025138, -0.00021279, -0.00017769, -0.00014652, -0.00011934, -0.00009594, -0.00007602, -0.00005918, -0.00004508, -0.00003339, -0.00002385, -0.00001628, -0.00001053, -0.00000641, -0.00000371, -0.00000214, -0.00000138, -0.00000109, -0.00000099, -0.00000086, -0.00000059, -0.00000019, 0.00000021, 0.00000045, 0.00000040, 0.00000001, -0.00000058, -0.00000107, -0.00000110, -0.00000053, 0.00000000
-0.00049802, -0.00024641, -0.00012455, -0.00004423, 0.00001009, 0.00004776, 0.00008275, 0.00011171, 0.00013274, 0.00014848, 0.00016200, 0.00017473, 0.00018661, 0.00019704, 0.00020554, 0.00021199, 0.00021659, 0.00021972, 0.00022179, 0.00022477, 0.00022156, 0.00020974, 0.00019081, 0.00016847, 0.00014507, 0.00012124, 0.00009712, 0.00007321, 0.00005052, 0.00003017, 0.00001308, -0.00000033, -0.00001011, -0.00001666, -0.00002055, -0.00002239, -0.00002271, -0.00002189, -0.00002022, -0.00001798, -0.00001534, -0.00001253, -0.00000971, -0.00000704, -0.00000469, -0.00000277, -0.00000138, -0.00000050, -0.00000008, 0.00000000, -0.00000009, -0.00000020, -0.00000025, -0.00000016, 0.00000001, 0.00000020, 0.00000029, 0.00000019, -0.00000013, -0.00000058, -0.00000095, -0.00000098, -0.00000056, 0.00000000
-0.00076769, -0.00060078, -0.00051500, -0.00045664, -0.00041336, -0.00037938, -0.00034793, -0.00031998, -0.00029611, -0.00027508, -0.00025546, -0.00023658, -0.00021839, -0.00020111, -0.00018494, -0.00016993, -0.00015600, -0.00014300, -0.00013075, -0.00008691, -0.00004955, -0.00001931, 0.00000440, 0.00002305, 0.00003763, 0.00004845, 0.00005563, 0.00005946, 0.00006044, 0.00005921, 0.00005638, 0.00005243, 0.00004774, 0.00004258, 0.00003717, 0.00003170, 0.00002637, 0.00002138, 0.00001691, 0.00001304, 0.00000985, 0.00000730, 0.00000536, 0.00000396, 0.00000298, 0.00000230, 0.00000180, 0.00000139, 0.00000103, 0.00000071, 0.00000043, 0.00000022, 0.00000010, 0.00000006, 0.00000008, 0.00000011, 0.00000008, -0.00000004, -0.00000027, -0.00000056, -0.00000080, -0.00000084, -0.00000056, 0.00000000
-0.00077493, -0.00055424, -0.00044455, -0.00037085, -0.00031899, -0.00028100, -0.00024551, -0.00021512, -0.00019129, -0.00017189, -0.00015442, -0.00013771, -0.00012179, -0.00010712, -0.00009408, -0.00008276, -0.00007300, -0.00006448, -0.00005687, -0.00003112, -0.00001054, 0.00000308, 0.00001083, 0.00001544, 0.00001851, 0.00002027, 0.00002050, 0.00001925, 0.00001701, 0.00001441, 0.00001199, 0.00001004, 0.00000858, 0.00000748, 0.00000652, 0.00000556, 0.00000453, 0.00000347, 0.00000250, 0.00000166, 0.00000107, 0.00000072, 0.00000061, 0.00000070, 0.00000089, 0.00000108, 0.00000118, 0.00000113, 0.00000093, 0.00000065, 0.00000035, 0.00000010, -0.00000003, -0.00000002, 0.00000007, 0.00000018, 0.00000021, 0.00000008, -0.00000022, -0.00000062, -0.00000095, -0.00000099, -0.00000060, 0.00000000
-0.00027564, -0.00024479, -0.00022486, -0.00021150, -0.00020047, -0.00019081, -0.00018348, -0.00017715, -0.00017102, -0.00016518, -0.00015990, -0.00015524, -0.00015106, -0.00014718, -0.00014345, -0.00013982, -0.00013628, -0.00013288, -0.00012965, -0.00011863, -0.00010925, -0.00010021, -0.00009142, -0.00008331, -0.00007595, -0.00006911, -0.00006250, -0.00005596, -0.00004950, -0.00004321, -0.00003723, -0.00003168, -0.00002662, -0.00002207, -0.00001803, -0.00001447, -0.00001139, -0.00000876, -0.00000652, -0.00000471, -0.00000329, -0.00000224, -0.00000149, -0.00000096, -0.00000058, -0.00000031, -0.00000010, 0.00000007, 0.00000019, 0.00000029, 0.00000034, 0.00000037, 0.00000034, 0.00000028, 0.00000017, 0.00000004, -0.00000012, -0.00000027, -0.00000043, -0.00000057, -0.00000069, -0.00000074, -0.00000060, 0.00000000
0.00060066, 0.00036628, 0.00025391, 0.00017643, 0.00012394, 0.00008786, 0.00005132, 0.00002027, -0.00000193, -0.00001836, -0.00003289, -0.00004718, -0.00006102, -0.00007347, -0.00008382, -0.00009186, -0.00009784, -0.00010227, -0.00010569, -0.00011552, -0.00012021, -0.00011599, -0.00010506, -0.00009243, -0.00008079, -0.00007018, -0.00005982, -0.00004940, -0.00003934, -0.00003038, -0.00002312, -0.00001777, -0.00001411, -0.00001167, -0.00000990, -0.00000838, -0.00000685, -0.00000526, -0.00000366, -0.00000227, -0.00000120, -0.00000058, -0.00000034, -0.00000039, -0.00000055, -0.00000068, -0.00000068, -0.00000049, -0.00000013, 0.00000031, 0.00000072, 0.00000098, 0.00000103, 0.00000082, 0.00000042, -0.00000006, -0.00000048, -0.00000072, -0.00000073, -0.00000059, -0.00000047, -0.00000053, -0.00000066, 0.00000000
0.00036149, 0.00022249, 0.00015537, 0.00010701, 0.00007304, 0.00004863, 0.00002274, -0.00000018, -0.00001757, -0.00003140, -0.00004423, -0.00005713, -0.00006989, -0.00008182, -0.00009238, -0.00010139, -0.00010901, -0.00011556, -0.00012140, -0.00014148, -0.00015630, -0.00016274, -0.00016209, -0.00015776, -0.00015164, -0.00014388, -0.00013417, -0.00012256, -0.00010969, -0.00009647, -0.00008371, -0.00007192, -0.00006131, -0.00005184, -0.00004336, -0.00003572, -0.00002885, -0.00002273, -0.00001738, -0.00001293, -0.00000936, -0.00000670, -0.00000481, -0.00000353, -0.00000265, -0.00000201, -0.00000148, -0.00000098, -0.00000048, -0.00000000, 0.00000039, 0.00000064, 0.00000071, 0.00000058, 0.00000031, -0.00000004, -0.00000036, -0.00000057, -0.00000063, -0.00000059, -0.00000055, -0.00000061, -0.00000064, 0.00000000
0.00075250, 0.00052590, 0.00042955, 0.00036612, 0.00032758, 0.00030505, 0.00027851, 0.00025608, 0.00024242, 0.00023400, 0.00022629, 0.00021739, 0.00020777, 0.00019871, 0.00019124, 0.00018569, 0.00018183, 0.00017910, 0.00017688, 0.00016618, 0.00015328, 0.00014521, 0.00014102, 0.00013592, 0.00012774, 0.00011742, 0.00010678, 0.00009684, 0.00008760, 0.00007847, 0.00006896, 0.00005895, 0.00004877, 0.00003900, 0.00003023, 0.00002288, 0.00001711, 0.00001283, 0.00000979, 0.00000756, 0.00000582, 0.00000429, 0.00000287, 0.00000159, 0.00000052, -0.00000023, -0.00000060, -0.00000059, -0.00000027, 0.00000022, 0.00000072, 0.00000107, 0.00000114, 0.00000091, 0.00000044, -0.00000012, -0.00000061, -0.00000085, -0.00000081, -0.00000057, -0.00000037, -0.00000043, -0.00000066, 0.00000000
0.00021800, -0.00000588, -0.00011137, -0.00018226, -0.00023058, -0.00026450, -0.00029831, -0.00032759, -0.00034973, -0.00036724, -0.00038324, -0.00039910, -0.00041461, -0.00042901, -0.00044169, -0.00045245, -0.00046146, -0.00046910, -0.00047578, -0.00049751, -0.00051091, -0.00051163, -0.00050066, -0.00048167, -0.00045688, -0.00042672, -0.00039131, -0.00035144, -0.00030879, -0.00026541, -0.00022329, -0.00018397, -0.00014842, -0.00011714, -0.00009023, -0.00006758, -0.00004895, -0.00003404, -0.00002247, -0.00001393, -0.00000796, -0.00000414, -0.00000195, -0.00000088, -0.00000048, -0.00000040, -0.00000037, -0.00000025, -0.00000001, 0.00000031, 0.00000063, 0.00000084, 0.00000086, 0.00000068, 0.00000033, -0.00000008, -0.00000044, -0.00000065, -0.00000066, -0.00000055, -0.00000046, -0.00000052, -0.00000062, 0.00000000
-0.00031991, -0.00024078, -0.00020175, -0.00017755, -0.00016120, -0.00014962, -0.00014007, -0.00013241, -0.00012653, -0.00012190, -0.00011796, -0.00011445, -0.00011131, -0.00010855, -0.00010619, -0.00010424, -0.00010265, -0.00010135, -0.00010028, -0.00009716, -0.00009454, -0.00009232, -0.00009030, -0.00008807, -0.00008535, -0.00008203, -0.00007811, -0.00007357, -0.00006843, -0.00006272, -0.00005654, -0.00005007, -0.00004352, -0.00003712, -0.00003108, -0.00002556, -0.00002064, -0.00001637, -0.00001270, -0.00000966, -0.00000715, -0.00000517, -0.00000361, -0.00000239, -0.00000146, -0.00000076, -0.00000027, 0.00000004, 0.00000021, 0.00000028, 0.00000029, 0.00000026, 0.00000023, 0.00000019, 0.00000015, 0.00000009, -0.00000001, -0.00000017, -0.00000037, -0.00000060, -0.00000078, -0.00000083, -0.00000061, 0.00000000
-0.00073022, -0.00061863, -0.00057543, -0.00055524, -0.00054916, -0.00055186, -0.00055593, -0.00056287, -0.00057347, -0.00058624, -0.00059948, -0.00061242, -0.00062502, -0.00063755, -0.00065022, -0.00066305, -0.00067592, -0.00068860, -0.00070088, -0.00074258, -0.00077055, -0.00078612, -0.00078932, -0.00077949, -0.00075701, -0.00072340, -0.00068076, -0.00063114, -0.00057650, -0.00051864, -0.00045935, -0.00040038, -0.00034334, -0.00028967, -0.00024045, -0.00019641, -0.00015790, -0.00012492, -0.00009719, -0.00007434, -0.00005579, -0.00004104, -0.00002948, -0.00002059, -0.00001389, -0.00000899, -0.00000553, -0.00000321, -0.00000175, -0.00000091, -0.00000046, -0.00000024, -0.00000011, -0.00000002, 0.00000007, 0.00000012, 0.00000010, -0.00000004, -0.00000029, -0.00000061, -0.00000087, -0.00000091, -0.00000060, 0.00000000
-0.00015895, -0.00027317, -0.00034527, -0.00040652, -0.00045714, -0.00049962, -0.00054177, -0.00058011, -0.00061265, -0.00064084, -0.00066660, -0.00069082, -0.00071344, -0.00073403, -0.00075227, -0.00076810, -0.00078170, -0.00079335, -0.00080338, -0.00083128, -0.00084168, -0.00083477, -0.00081353, -0.00078212, -0.00074332, -0.00069841, -0.00064823, -0.00059385, -0.00053677, -0.00047869, -0.00042126, -0.00036584, -0.00031349, -0.00026493, -0.00022064, -0.00018092, -0.00014590, -0.00011560, -0.00008990, -0.00006863, -0.00005143, -0.00003792, -0.00002756, -0.00001978, -0.00001405, -0.00000985, -0.00000680, -0.00000455, -0.00000288, -0.00000165, -0.00000076, -0.00000018, 0.00000013, 0.00000019, 0.00000009, -0.00000012, -0.00000033, -0.00000049, -0.00000055, -0.00000054, -0.00000053, -0.00000058, -0.00000058, 0.00000000
-0.00110995, -0.00077511, -0.00060338, -0.00048549, -0.00039982, -0.00033471, -0.00027414, -0.00022146, -0.00017855, -0.00014240, -0.00010952, -0.00007826, -0.00004857, -0.00002105, 0.00000381, 0.00002590, 0.00004546, 0.00006294, 0.00007878, 0.00013206, 0.00017276, 0.00019929, 0.00021377, 0.00022041, 0.00022179, 0.00021853, 0.00021064, 0.00019853, 0.00018321, 0.00016597, 0.00014800, 0.00013019, 0.00011305, 0.00009682, 0.00008161, 0.00006750, 0.00005460, 0.00004308, 0.00003313, 0.00002479, 0.00001812, 0.00001300, 0.00000926, 0.00000667, 0.00000494, 0.00000377, 0.00000291, 0.00000219, 0.00000151, 0.00000088, 0.00000034, -0.00000005, -0.00000023, -0.00000021, -0.00000004, 0.00000017, 0.00000029, 0.00000020, -0.00000012, -0.00000057, -0.00000095, -0.00000099, -0.00000055, 0.00000000
0.00029220, 0.00006882, -0.00003600, -0.00011248, -0.00016652, -0.00020597, -0.00025006, -0.00029063, -0.00032295, -0.00035028, -0.00037692, -0.00040460, -0.00043277, -0.00046007, -0.00048541, -0.00050837, -0.00052911, -0.00054810, -0.00056588, -0.00063055, -0.00068203, -0.00071160, -0.00071957, -0.00071107, -0.00068947, -0.00065580, -0.00061078, -0.00055635, -0.00049563, -0.00043230, -0.00036974, -0.00031054, -0.00025635, -0.00020799, -0.00016570, -0.00012940, -0.00009879, -0.00007353, -0.00005319, -0.00003738, -0.00002554, -0.00001711, -0.00001142, -0.00000775, -0.00000545, -0.00000398, -0.00000291, -0.00000199, -0.00000110, -0.00000026, 0.00000045, 0.00000091, 0.00000104, 0.00000084, 0.00000039, -0.00000016, -0.00000063, -0.00000086, -0.00000079, -0.00000053, -0.00000032, -0.00000039, -0.00000063, 0.00000000
-0.00092639, -0.00080345, -0.00075426, -0.00072995, -0.00072002, -0.00071880, -0.00071897, -0.00072185, -0.00072819, -0.00073658, -0.00074542, -0.00075396, -0.00076221, -0.00077042, -0.00077884, -0.00078752, -0.00079636, -0.00080518, -0.00081376, -0.00084298, -0.00086236, -0.00087318, -0.00087524, -0.00086740, -0.00084927, -0.00082148, -0.00078517, -0.00074151, -0.00069166, -0.00063684, -0.00057843, -0.00051798, -0.00045712, -0.00039746, -0.00034045, -0.00028725, -0.00023869, -0.00019527, -0.00015717, -0.00012438, -0.00009666, -0.00007368, -0.00005497, -0.00004004, -0.00002839, -0.00001953, -0.00001300, -0.00000837, -0.00000521, -0.00000316, -0.00000188, -0.00000110, -0.00000062, -0.00000030, -0.00000009, 0.00000004, 0.00000007, -0.00000004, -0.00000028, -0.00000057, -0.00000082, -0.00000086, -0.00000057, 0.00000000
0.00036007, 0.00020670, 0.00013180, 0.00007748, 0.00003940, 0.00001222, -0.00001639, -0.00004145, -0.00006011, -0.00007458, -0.00008772, -0.00010075, -0.00011345, -0.00012508, -0.00013505, -0.00014319, -0.00014968, -0.00015489, -0.00015924, -0.00017284, -0.00018089, -0.00018041, -0.00017313, -0.00016301, -0.00015221, -0.00014087, -0.00012850, -0.00011505, -0.00010102, -0.00008725, -0.00007445, -0.00006305, -0.00005312, -0.00004451, -0.00003695, -0.00003024, -0.00002424, -0.00001891, -0.00001426, -0.00001043, -0.00000742, -0.00000524, -0.00000377, -0.00000285, -0.00000226, -0.00000185, -0.00000147, -0.00000106, -0.00000059, -0.00000011, 0.00000031, 0.00000059, 0.00000067, 0.00000055, 0.00000027, -0.00000009, -0.00000041, -0.00000060, -0.00000063, -0.00000054, -0.00000047, -0.00000052, -0.00000060, 0.00000000
-0.00121326, -0.00105345, -0.00098738, -0.00095611, -0.00094379, -0.00094289, -0.00094578, -0.00095267, -0.00096353, -0.00097673, -0.00099063, -0.00100436, -0.00101774, -0.00103086, -0.00104382, -0.00105658, -0.00106898, -0.00108081, -0.00109186, -0.00112511, -0.00113850, -0.00113305, -0.00110965, -0.00106908, -0.00101317, -0.00094477, -0.00086721, -0.00078377, -0.00069750, -0.00061112, -0.00052704, -0.00044731, -0.00037359, -0.00030705, -0.00024840, -0.00019785, -0.00015520, -0.00011992, -0.00009126, -0.00006840, -0.00005043, -0.00003656, -0.00002599, -0.00001804, -0.00001215, -0.00000790, -0.00000490, -0.00000289, -0.00000161, -0.00000084, -0.00000043, -0.00000021, -0.00000009, -0.00000001, 0.00000005, 0.00000008, 0.00000004, -0.00000008, -0.00000031, -0.00000059, -0.00000082, -0.00000087, -0.00000059, 0.00000000
0.00016023, 0.00012237, 0.00009253, 0.00006339, 0.00003631, 0.00001106, -0.00001485, -0.00003979, -0.00006282, -0.00008434, -0.00010499, -0.00012503, -0.00014440, -0.00016290, -0.00018037, -0.00019676, -0.00021210, -0.00022648, -0.00024001, -0.00028677, -0.00032198, -0.00034581, -0.00035969, -0.00036551, -0.00036465, -0.00035788, -0.00034583, -0.00032918, -0.00030877, -0.00028554, -0.00026043, -0.00023431, -0.00020794, -0.00018198, -0.00015698, -0.00013343, -0.00011167, -0.00009197, -0.00007448, -0.00005933, -0.00004648, -0.00003584, -0.00002723, -0.00002036, -0.00001498, -0.00001083, -0.00000766, -0.00000529, -0.00000353, -0.00000224, -0.00000133, -0.00000071, -0.00000033, -0.00000013, -0.00000007, -0.00000012, -0.00000022, -0.00000035, -0.00000048, -0.00000060, -0.00000070, -0.00000075, -0.00000061, 0.00000000
-0.00099472, -0.00114954, -0.00123585, -0.00130567, -0.00136092, -0.00140594, -0.00145136, -0.00149241, -0.00152631, -0.00155477, -0.00158009, -0.00160317, -0.00162368, -0.00164090, -0.00165429, -0.00166372, -0.00166939, -0.00167166, -0.00167095, -0.00164357, -0.00158064, -0.00148531, -0.00136580, -0.00123224, -0.00109263, -0.00095242, -0.00081571, -0.00068602, -0.00056642, -0.00045927, -0.00036594, -0.00028675, -0.00022111, -0.00016781, -0.00012528, -0.00009189, -0.00006605, -0.00004639, -0.00003168, -0.00002100, -0.00001348, -0.00000844, -0.00000524, -0.00000330, -0.00000218, -0.00000151, -0.00000105, -0.00000065, -0.00000025, 0.00000014, 0.00000047, 0.00000068, 0.00000071, 0.00000057, 0.00000028, -0.00000006, -0.00000037, -0.00000056, -0.00000061, -0.00000055, -0.00000050, -0.00000056, -0.00000061, 0.00000000
-0.00033582, -0.00023297, -0.00017995, -0.00014335, -0.00011730, -0.00009821, -0.00008051, -0.00006551, -0.00005396, -0.00004476, -0.00003665, -0.00002902, -0.00002185, -0.00001537, -0.00000976, -0.00000504, -0.00000113, 0.00000212, 0.00000489, 0.00001370, 0.00002042, 0.00002408, 0.00002496, 0.00002420, 0.00002246, 0.00001981, 0.00001615, 0.00001158, 0.00000645, 0.00000123, -0.00000365, -0.00000788, -0.00001131, -0.00001390, -0.00001569, -0.00001674, -0.00001712, -0.00001688, -0.00001606, -0.00001478, -0.00001313, -0.00001127, -0.00000929, -0.00000732, -0.00000547, -0.00000384, -0.00000251, -0.00000152, -0.00000084, -0.00000043, -0.00000020, -0.00000009, -0.00000002, 0.00000005, 0.00000011, 0.00000013, 0.00000009, -0.00000006, -0.00000032, -0.00000064, -0.00000090, -0.00000095, -0.00000064, 0.00000000
0.00060786, 0.00046762, 0.00039627, 0.00034209, 0.00030000, 0.00026559, 0.00022907, 0.00019453, 0.00016442, 0.00013713, 0.00011053, 0.00008373, 0.00005701, 0.00003105, 0.00000639, -0.00001676, -0.00003850, -0.00005907, -0.00007875, -0.00015165, -0.00021435, -0.00026336, -0.00029941, -0.00032527, -0.00034249, -0.00035125, -0.00035143, -0.00034345, -0.00032846, -0.00030802, -0.00028375, -0.00025711, -0.00022931, -0.00020128, -0.00017380, -0.00014749, -0.00012289, -0.00010043, -0.00008042, -0.00006312, -0.00004856, -0.00003670, -0.00002727, -0.00001994, -0.00001434, -0.00001011, -0.00000692, -0.00000451, -0.00000269, -0.00000135, -0.00000040, 0.00000018, 0.00000045, 0.00000044, 0.00000023, -0.00000007, -0.00000035, -0.00000054, -0.00000060, -0.00000057, -0.00000055, -0.00000060, -0.00000062, 0.00000000
-0.00200948, -0.00175968, -0.00165721, -0.00160808, -0.00158579, -0.00157919, -0.00157695, -0.00157924, -0.00158605, -0.00159502, -0.00160374, -0.00161096, -0.00161645, -0.00162043, -0.00162311, -0.00162454, -0.00162461, -0.00162309, -0.00161979, -0.00158620, -0.00152139, -0.00143239, -0.00132511, -0.00120427, -0.00107497, -0.00094279, -0.00081287, -0.00068930, -0.00057496, -0.00047162, -0.00038022, -0.00030107, -0.00023400, -0.00017843, -0.00013346, -0.00009796, -0.00007060, -0.00005000, -0.00003481, -0.00002385, -0.00001604, -0.00001056, -0.00000673, -0.00000406, -0.00000221, -0.00000096, -0.00000019, 0.00000021, 0.00000034, 0.00000029, 0.00000016, 0.00000003, -0.00000004, -0.00000003, 0.00000004, 0.00000011, 0.00000012, 0.00000000, -0.00000025, -0.00000058, -0.00000085, -0.00000089, -0.00000057, 0.00000000
-0.00129525, -0.00113712, -0.00108585, -0.00106478, -0.00106330, -0.00107354, -0.00108091, -0.00109026, -0.00110429, -0.00112034, -0.00113512, -0.00114722, -0.00115686, -0.00116488, -0.00117197, -0.00117835, -0.00118389, -0.00118825, -0.00119104, -0.00118232, -0.00114371, -0.00108431, -0.00100895, -0.00092003, -0.00082135, -0.00071832, -0.00061627, -0.00051929, -0.00042994, -0.00034957, -0.00027878, -0.00021772, -0.00016627, -0.00012407, -0.00009046, -0.00006455, -0.00004524, -0.00003129, -0.00002146, -0.00001466, -0.00000996, -0.00000666, -0.00000425, -0.00000244, -0.00000107, -0.00000010, 0.00000047, 0.00000069, 0.00000060, 0.00000032, -0.00000002, -0.00000028, -0.00000039, -0.00000031, -0.00000009, 0.00000017, 0.00000031, 0.00000023, -0.00000009, -0.00000058, -0.00000098, -0.00000101, -0.00000055, 0.00000000
0.00007703, 0.00004308, 0.00003775, 0.00003568, 0.00003784, 0.00004262, 0.00004363, 0.00004443, 0.00004707, 0.00005056, 0.00005341, 0.00005510, 0.00005590, 0.00005638, 0.00005697, 0.00005785, 0.00005898, 0.00006017, 0.00006124, 0.00006231, 0.00005995, 0.00005777, 0.00005593, 0.00005299, 0.00004842, 0.00004284, 0.00003710, 0.00003175, 0.00002691, 0.00002241, 0.00001811, 0.00001395, 0.00001003, 0.00000651, 0.00000358, 0.00000132, -0.00000023, -0.00000115, -0.00000156, -0.00000167, -0.00000161, -0.00000154, -0.00000148, -0.00000143, -0.00000136, -0.00000124, -0.00000104, -0.00000078, -0.00000047, -0.00000014, 0.00000014, 0.00000033, 0.00000040, 0.00000034, 0.00000017, -0.00000006, -0.00000028, -0.00000044, -0.00000052, -0.00000053, -0.00000055, -0.00000060, -0.00000058, 0.00000000
-0.00004048, -0.00006730, -0.00007831, -0.00008746, -0.00009406, -0.00009890, -0.00010551, -0.00011187, -0.00011681, -0.00012089, -0.00012492, -0.00012923, -0.00013365, -0.00013791, -0.00014176, -0.00014512, -0.00014804, -0.00015060, -0.00015294, -0.00016106, -0.00016648, -0.00016781, -0.00016559, -0.00016115, -0.00015520, -0.00014780, -0.00013885, -0.00012846, -0.00011697, -0.00010489, -0.00009272, -0.00008087, -0.00006962, -0.00005912, -0.00004949, -0.00004076, -0.00003298, -0.00002615, -0.00002026, -0.00001535, -0.00001136, -0.00000826, -0.00000591, -0.00000416, -0.00000287, -0.00000192, -0.00000121, -0.00000066, -0.00000024, 0.00000007, 0.00000029, 0.00000042, 0.00000044, 0.00000037, 0.00000023, 0.00000004, -0.00000016, -0.00000035, -0.00000049, -0.00000061, -0.00000070, -0.00000075, -0.00000063, 0.00000000
0.00140912, 0.00092475, 0.00070725, 0.00056368, 0.00046938, 0.00040615, 0.00033981, 0.00028241, 0.00024097, 0.00020952, 0.00018049, 0.00015068, 0.00012071, 0.00009258, 0.00006789, 0.00004719, 0.00003006, 0.00001559, 0.00000277, -0.00004386, -0.00008350, -0.00010616, -0.00011424, -0.00011641, -0.00011717, -0.00011614, -0.00011155, -0.00010286, -0.00009119, -0.00007849, -0.00006653, -0.00005630, -0.00004797, -0.00004111, -0.00003510, -0.00002943, -0.00002386, -0.00001844, -0.00001341, -0.00000916, -0.00000592, -0.00000383, -0.00000276, -0.00000245, -0.00000252, -0.00000263, -0.00000251, -0.00000203, -0.00000121, -0.00000022, 0.00000073, 0.00000138, 0.00000158, 0.00000127, 0.00000058, -0.00000026, -0.00000095, -0.00000124, -0.00000104, -0.00000054, -0.00000012, -0.00000019, -0.00000067, 0.00000000
-0.00051502, -0.00040797, -0.00035466, -0.00031988, -0.00029501, -0.00027616, -0.00025909, -0.00024420, -0.00023174, -0.00022091, -0.00021086, -0.00020118, -0.00019184, -0.00018298, -0.00017469, -0.00016702, -0.00015990, -0.00015326, -0.00014699, -0.00012390, -0.00010289, -0.00008459, -0.00006899, -0.00005547, -0.00004364, -0.00003344, -0.00002492, -0.00001804, -0.00001260, -0.00000835, -0.00000505, -0.00000252, -0.00000063, 0.00000069, 0.00000151, 0.00000190, 0.00000196, 0.00000180, 0.00000158, 0.00000130, 0.00000108, 0.00000091, 0.00000080, 0.00000078, 0.00000082, 0.00000088, 0.00000091, 0.00000089, 0.00000081, 0.00000069, 0.00000055, 0.00000041, 0.00000031, 0.00000024, 0.00000020, 0.00000014, 0.00000004, -0.00000012, -0.00000036, -0.00000064, -0.00000086, -0.00000090, -0.00000064, 0.00000000
-0.00026671, -0.00021879, -0.00018718, -0.00016430, -0.00014551, -0.00012938, -0.00011616, -0.00010466, -0.00009415, -0.00008457, -0.00007602, -0.00006844, -0.00006169, -0.00005558, -0.00005000, -0.00004485, -0.00004012, -0.00003579, -0.00003189, -0.00002003, -0.00001221, -0.00000676, -0.00000313, -0.00000120, -0.00000070, -0.00000112, -0.00000201, -0.00000299, -0.00000388, -0.00000460, -0.00000511, -0.00000543, -0.00000554, -0.00000546, -0.00000520, -0.00000478, -0.00000424, -0.00000361, -0.00000292, -0.00000226, -0.00000166, -0.00000118, -0.00000080, -0.00000050, -0.00000025, -0.00000005, 0.00000012, 0.00000024, 0.00000033, 0.00000039, 0.00000042, 0.00000041, 0.00000037, 0.00000030, 0.00000020, 0.00000007, -0.00000009, -0.00000025, -0.00000043, -0.00000059, -0.00000073, -0.00000077, -0.00000061, 0.00000000
0.00023201, 0.00012655, 0.00008764, 0.00006461, 0.00005300, 0.00004844, 0.00004098, 0.00003476, 0.00003219, 0.00003161, 0.00003079, 0.00002886, 0.00002610, 0.00002321, 0.00002073, 0.00001889, 0.00001759, 0.00001659, 0.00001561, 0.00000902, -0.00000009, -0.00000706, -0.00001170, -0.00001599, -0.00002070, -0.00002518, -0.00002844, -0.00002999, -0.00002997, -0.00002885, -0.00002717, -0.00002527, -0.00002328, -0.00002119, -0.00001893, -0.00001648, -0.00001387, -0.00001121, -0.00000864, -0.00000637, -0.00000451, -0.00000315, -0.00000224, -0.00000168, -0.00000133, -0.00000109, -0.00000086, -0.00000057, -0.00000024, 0.00000010, 0.00000041, 0.00000060, 0.00000064, 0.00000052, 0.00000027, -0.00000005, -0.00000034, -0.00000053, -0.00000059, -0.00000055, -0.00000053, -0.00000058, -0.00000060, 0.00000000
-0.00030779, -0.00022306, -0.00017613, -0.00014348, -0.00011794, -0.00009679, -0.00007804, -0.00006129, -0.00004628, -0.00003263, -0.00001993, -0.00000797, 0.00000336, 0.00001409, 0.00002423, 0.00003380, 0.00004282, 0.00005134, 0.00005938, 0.00008769, 0.00011114, 0.00013006, 0.00014460, 0.00015498, 0.00016147, 0.00016434, 0.00016387, 0.00016037, 0.00015420, 0.00014576, 0.00013550, 0.00012385, 0.00011129, 0.00009826, 0.00008519, 0.00007248, 0.00006048, 0.00004948, 0.00003969, 0.00003117, 0.00002398, 0.00001803, 0.00001327, 0.00000957, 0.00000680, 0.00000478, 0.00000334, 0.00000233, 0.00000163, 0.00000115, 0.00000081, 0.00000058, 0.00000042, 0.00000029, 0.00000020, 0.00000009, -0.00000003, -0.00000019, -0.00000039, -0.00000060, -0.00000077, -0.00000082, -0.00000061, 0.00000000
0.00054615, 0.00035904, 0.00027527, 0.00021766, 0.00017994, 0.00015511, 0.00012738, 0.00010321, 0.00008631, 0.00007395, 0.00006252, 0.00005054, 0.00003837, 0.00002703, 0.00001731, 0.00000948, 0.00000335, -0.00000155, -0.00000569, -0.00002056, -0.00003249, -0.00003657, -0.00003421, -0.00002990, -0.00002598, -0.00002230, -0.00001801, -0.00001282, -0.00000724, -0.00000212, 0.00000178, 0.00000413, 0.00000505, 0.00000494, 0.00000429, 0.00000353, 0.00000292, 0.00000255, 0.00000237, 0.00000222, 0.00000198, 0.00000156, 0.00000097, 0.00000032, -0.00000027, -0.00000068, -0.00000083, -0.00000073, -0.00000040, 0.00000005, 0.00000049, 0.00000080, 0.00000087, 0.00000070, 0.00000034, -0.00000011, -0.00000050, -0.00000071, -0.00000070, -0.00000055, -0.00000042, -0.00000047, -0.00000062, 0.00000000
0.00072814, 0.00046167, 0.00034576, 0.00026981, 0.00022287, 0.00019451, 0.00016286, 0.00013628, 0.00011955, 0.00010881, 0.00009911, 0.00008841, 0.00007714, 0.00006667, 0.00005805, 0.00005166, 0.00004722, 0.00004412, 0.00004171, 0.00003138, 0.00002058, 0.00001674, 0.00001869, 0.00002111, 0.00002144, 0.00002039, 0.00001956, 0.00001975, 0.00002064, 0.00002133, 0.00002105, 0.00001947, 0.00001680, 0.00001359, 0.00001042, 0.00000777, 0.00000587, 0.00000470, 0.00000409, 0.00000369, 0.00000329, 0.00000269, 0.00000188, 0.00000097, 0.00000011, -0.00000052, -0.00000083, -0.00000078, -0.00000042, 0.00000012, 0.00000067, 0.00000105, 0.00000114, 0.00000091, 0.00000042, -0.00000016, -0.00000065, -0.00000089, -0.00000082, -0.00000054, -0.00000030, -0.00000037, -0.00000063, 0.00000000
-0.00120845, -0.00085846, -0.00068684, -0.00057044, -0.00048880, -0.00042928, -0.00037181, -0.00032197, -0.00028294, -0.00025106, -0.00022194, -0.00019358, -0.00016615, -0.00014061, -0.00011773, -0.00009773, -0.00008035, -0.00006503, -0.00005121, -0.00000306, 0.00003633, 0.00006282, 0.00007815, 0.00008731, 0.00009312, 0.00009583, 0.00009493, 0.00009051, 0.00008348, 0.00007512, 0.00006659, 0.00005858, 0.00005133, 0.00004473, 0.00003854, 0.00003260, 0.00002687, 0.00002147, 0.00001663, 0.00001248, 0.00000919, 0.00000676, 0.00000515, 0.00000418, 0.00000365, 0.00000332, 0.00000297, 0.00000251, 0.00000190, 0.00000120, 0.00000054, 0.00000004, -0.00000021, -0.00000019, 0.00000003, 0.00000030, 0.00000045, 0.00000034, -0.00000007, -0.00000067, -0.00000115, -0.00000118, -0.00000061, 0.00000000
-0.00025330, -0.00020260, -0.00017034, -0.00014844, -0.00013070, -0.00011553, -0.00010391, -0.00009401, -0.00008474, -0.00007619, -0.00006864, -0.00006211, -0.00005642, -0.00005129, -0.00004653, -0.00004206, -0.00003785, -0.00003394, -0.00003038, -0.00001954, -0.00001225, -0.00000651, -0.00000193, 0.00000122, 0.00000300, 0.00000381, 0.00000411, 0.00000419, 0.00000416, 0.00000400, 0.00000369, 0.00000321, 0.00000260, 0.00000195, 0.00000134, 0.00000081, 0.00000042, 0.00000018, 0.00000008, 0.00000004, 0.00000004, 0.00000001, -0.00000002, -0.00000005, -0.00000004, -0.00000001, 0.00000005, 0.00000014, 0.00000023, 0.00000031, 0.00000037, 0.00000040, 0.00000037, 0.00000030, 0.00000018, 0.00000004, -0.00000013, -0.00000029, -0.00000044, -0.00000058, -0.00000069, -0.00000074, -0.00000060, 0.00000000
0.00043807, 0.00029360, 0.00023281, 0.00019189, 0.00016625, 0.00015040, 0.00013118, 0.00011425, 0.00010291, 0.00009488, 0.00008719, 0.00007861, 0.00006950, 0.00006075, 0.00005309, 0.00004675, 0.00004159, 0.00003726, 0.00003335, 0.00001749, 0.00000225, -0.00000745, -0.00001226, -0.00001553, -0.00001888, -0.00002187, -0.00002354, -0.00002347, -0.00002201, -0.00001986, -0.00001770, -0.00001591, -0.00001455, -0.00001343, -0.00001233, -0.00001104, -0.00000951, -0.00000778, -0.00000600, -0.00000438, -0.00000307, -0.00000217, -0.00000166, -0.00000142, -0.00000132, -0.00000124, -0.00000107, -0.00000078, -0.00000038, 0.00000007, 0.00000048, 0.00000075, 0.00000082, 0.00000066, 0.00000033, -0.00000007, -0.00000043, -0.00000064, -0.00000067, -0.00000057, -0.00000049, -0.00000055, -0.00000064, 0.00000000
0.00022173, 0.00016654, 0.00013635, 0.00011109, 0.00009084, 0.00007417, 0.00005607, 0.00003912, 0.00002479, 0.00001224, 0.00000023, -0.00001171, -0.00002346, -0.00003466, -0.00004501, -0.00005443, -0.00006299, -0.00007083, -0.00007814, -0.00010386, -0.00012376, -0.00013663, -0.00014347, -0.00014631, -0.00014631, -0.00014373, -0.00013858, -0.00013105, -0.00012164, -0.00011101, -0.00009981, -0.00008854, -0.00007755, -0.00006703, -0.00005713, -0.00004792, -0.00003949, -0.00003191, -0.00002522, -0.00001953, -0.00001480, -0.00001104, -0.00000814, -0.00000593, -0.00000426, -0.00000299, -0.00000201, -0.00000125, -0.00000064, -0.00000017, 0.00000018, 0.00000039, 0.00000046, 0.00000040, 0.00000024, 0.00000002, -0.00000021, -0.00000040, -0.00000053, -0.00000062, -0.00000069, -0.00000074, -0.00000065, 0.00000000
0.00012665, 0.00008578, 0.00006979, 0.00005771, 0.00004999, 0.00004521, 0.00003812, 0.00003149, 0.00002698, 0.00002369, 0.00002039, 0.00001661, 0.00001253, 0.00000858, 0.00000507, 0.00000213, -0.00000029, -0.00000235, -0.00000423, -0.00001164, -0.00001810, -0.00002154, -0.00002249, -0.00002264, -0.00002285, -0.00002297, -0.00002262, -0.00002161, -0.00002008, -0.00001833, -0.00001666, -0.00001522, -0.00001402, -0.00001297, -0.00001196, -0.00001087, -0.00000969, -0.00000840, -0.00000706, -0.00000580, -0.00000467, -0.00000375, -0.00000303, -0.00000247, -0.00000200, -0.00000158, -0.00000119, -0.00000080, -0.00000042, -0.00000008, 0.00000019, 0.00000037, 0.00000043, 0.00000037, 0.00000021, -0.00000001, -0.00000023, -0.00000041, -0.00000052, -0.00000059, -0.00000065, -0.00000070, -0.00000063, 0.00000000
-0.00093163, -0.00065373, -0.00051385, -0.00041820, -0.00035000, -0.00029945, -0.00025186, -0.00021085, -0.00017845, -0.00015192, -0.00012801, -0.00010521, -0.00008356, -0.00006366, -0.00004601, -0.00003073, -0.00001758, -0.00000614, 0.00000402, 0.00003752, 0.00006280, 0.00007805, 0.00008508, 0.00008770, 0.00008806, 0.00008642, 0.00008245, 0.00007623, 0.00006840, 0.00005989, 0.00005152, 0.00004380, 0.00003690, 0.00003075, 0.00002521, 0.00002015, 0.00001551, 0.00001136, 0.00000782, 0.00000496, 0.00000284, 0.00000143, 0.00000064, 0.00000034, 0.00000035, 0.00000048, 0.00000056, 0.00000052, 0.00000033, 0.00000005, -0.00000025, -0.00000046, -0.00000052, -0.00000040, -0.00000017, 0.00000009, 0.00000024, 0.00000020, -0.00000009, -0.00000051, -0.00000087, -0.00000090, -0.00000049, 0.00000000
-0.00018026, -0.00013943, -0.00011255, -0.00009449, -0.00008024, -0.00006851, -0.00006017, -0.00005353, -0.00004761, -0.00004243, -0.00003822, -0.00003496, -0.00003246, -0.00003047, -0.00002880, -0.00002736, -0.00002613, -0.00002514, -0.00002441, -0.00002402, -0.00002587, -0.00002823, -0.00003082, -0.00003387, -0.00003728, -0.00004063, -0.00004343, -0.00004538, -0.00004634, -0.00004635, -0.00004546, -0.00004378, -0.00004139, -0.00003840, -0.00003491, -0.00003106, -0.00002702, -0.00002293, -0.00001895, -0.00001525, -0.00001193, -0.00000911, -0.00000676, -0.00000486, -0.00000335, -0.00000218, -0.00000130, -0.00000065, -0.00000019, 0.00000012, 0.00000031, 0.00000039, 0.00000040, 0.00000034, 0.00000022, 0.00000007, -0.00000010, -0.00000028, -0.00000045, -0.00000061, -0.00000074, -0.00000078, -0.00000063, 0.00000000
-0.00003702, -0.00004550, -0.00004190, -0.00003897, -0.00003469, -0.00002962, -0.00002771, -0.00002646, -0.00002439, -0.00002212, -0.00002055, -0.00002000, -0.00002026, -0.00002091, -0.00002165, -0.00002235, -0.00002300, -0.00002371, -0.00002459, -0.00003050, -0.00003823, -0.00004474, -0.00004956, -0.00005342, -0.00005655, -0.00005851, -0.00005883, -0.00005731, -0.00005419, -0.00004990, -0.00004492, -0.00003966, -0.00003439, -0.00002929, -0.00002445, -0.00001995, -0.00001585, -0.00001220, -0.00000902, -0.00000642, -0.00000437, -0.00000288, -0.00000185, -0.00000117, -0.00000073, -0.00000043, -0.00000020, 0.00000000, 0.00000019, 0.00000036, 0.00000049, 0.00000055, 0.00000053, 0.00000043, 0.00000025, 0.00000003, -0.00000019, -0.00000037, -0.00000050, -0.00000059, -0.00000066, -0.00000071, -0.00000062, 0.00000000
0.00035083, 0.00019169, 0.00012244, 0.00007741, 0.00004924, 0.00003179, 0.00001267, -0.00000356, -0.00001424, -0.00002156, -0.00002829, -0.00003559, -0.00004322, -0.00005043, -0.00005661, -0.00006155, -0.00006541, -0.00006850, -0.00007120, -0.00008209, -0.00009226, -0.00009726, -0.00009759, -0.00009615, -0.00009433, -0.00009172, -0.00008747, -0.00008127, -0.00007352, -0.00006500, -0.00005648, -0.00004848, -0.00004122, -0.00003468, -0.00002876, -0.00002336, -0.00001843, -0.00001400, -0.00001013, -0.00000698, -0.00000457, -0.00000291, -0.00000190, -0.00000136, -0.00000110, -0.00000095, -0.00000079, -0.00000055, -0.00000023, 0.00000014, 0.00000047, 0.00000069, 0.00000074, 0.00000059, 0.00000029, -0.00000007, -0.00000039, -0.00000059, -0.00000063, -0.00000055, -0.00000049, -0.00000054, -0.00000061, 0.00000000
-0.00018083, -0.00014337, -0.00011282, -0.00008970, -0.00006903, -0.00005003, -0.00003518, -0.00002214, -0.00000951, 0.00000237, 0.00001292, 0.00002196, 0.00002975, 0.00003666, 0.00004296, 0.00004881, 0.00005422, 0.00005913, 0.00006348, 0.00007495, 0.00007954, 0.00008059, 0.00007907, 0.00007493, 0.00006851, 0.00006068, 0.00005235, 0.00004418, 0.00003651, 0.00002947, 0.00002308, 0.00001740, 0.00001247, 0.00000836, 0.00000510, 0.00000266, 0.00000097, -0.00000007, -0.00000060, -0.00000082, -0.00000084, -0.00000081, -0.00000076, -0.00000070, -0.00000062, -0.00000052, -0.00000039, -0.00000024, -0.00000007, 0.00000009, 0.00000023, 0.00000031, 0.00000032, 0.00000027, 0.00000015, -0.00000001, -0.00000018, -0.00000033, -0.00000045, -0.00000054, -0.00000062, -0.00000066, -0.00000057, 0.00000000
-0.00030162, -0.00024367, -0.00021438, -0.00019698, -0.00018443, -0.00017457, -0.00016704, -0.00016069, -0.00015491, -0.00014958, -0.00014472, -0.00014028, -0.00013613, -0.00013216, -0.00012827, -0.00012444, -0.00012068, -0.00011701, -0.00011345, -0.00010038, -0.00008815, -0.00007621, -0.00006481, -0.00005443, -0.00004527, -0.00003726, -0.00003029, -0.00002427, -0.00001915, -0.00001493, -0.00001155, -0.00000893, -0.00000696, -0.00000550, -0.00000444, -0.00000364, -0.00000302, -0.00000251, -0.00000203, -0.00000163, -0.00000127, -0.00000100, -0.00000078, -0.00000059, -0.00000041, -0.00000025, -0.00000011, 0.00000002, 0.00000011, 0.00000018, 0.00000023, 0.00000024, 0.00000023, 0.00000019, 0.00000012, 0.00000002, -0.00000010, -0.00000024, -0.00000040, -0.00000056, -0.00000069, -0.00000073, -0.00000058, 0.00000000
-0.00010302, -0.00011088, -0.00011879, -0.00012957, -0.00013997, -0.00014965, -0.00016092, -0.00017197, -0.00018175, -0.00019060, -0.00019914, -0.00020759, -0.00021582, -0.00022363, -0.00023083, -0.00023736, -0.00024327, -0.00024864, -0.00025357, -0.00026983, -0.00028018, -0.00028410, -0.00028248, -0.00027674, -0.00026776, -0.00025585, -0.00024118, -0.00022408, -0.00020511, -0.00018496, -0.00016432, -0.00014384, -0.00012404, -0.00010530, -0.00008794, -0.00007218, -0.00005814, -0.00004589, -0.00003542, -0.00002673, -0.00001969, -0.00001419, -0.00001000, -0.00000687, -0.00000458, -0.00000294, -0.00000176, -0.00000093, -0.00000035, 0.00000004, 0.00000029, 0.00000042, 0.00000045, 0.00000038, 0.00000024, 0.00000006, -0.00000014, -0.00000033, -0.00000049, -0.00000063, -0.00000073, -0.00000078, -0.00000065, 0.00000000
-0.00003897, -0.00003286, -0.00001584, -0.00000233, 0.00001180, 0.00002616, 0.00003542, 0.00004325, 0.00005183, 0.00006035, 0.00006757, 0.00007309, 0.00007726, 0.00008065, 0.00008373, 0.00008668, 0.00008951, 0.00009207, 0.00009421, 0.00009743, 0.00009479, 0.00009061, 0.00008568, 0.00007912, 0.00007080, 0.00006156, 0.00005237, 0.00004385, 0.00003614, 0.00002916, 0.00002276, 0.00001692, 0.00001171, 0.00000727, 0.00000372, 0.00000111, -0.00000058, -0.00000150, -0.00000180, -0.00000175, -0.00000150, -0.00000125, -0.00000105, -0.00000089, -0.00000075, -0.00000061, -0.00000043, -0.00000022, 0.00000003, 0.00000027, 0.00000047, 0.00000058, 0.00000059, 0.00000047, 0.00000027, 0.00000001, -0.00000024, -0.00000043, -0.00000054, -0.00000059, -0.00000062, -0.00000067, -0.00000062, 0.00000000
-0.00004788, -0.00004616, -0.00003828, -0.00003313, -0.00002731, -0.00002098, -0.00001796, -0.00001561, -0.00001238, -0.00000886, -0.00000594, -0.00000394, -0.00000262, -0.00000159, -0.00000054, 0.00000065, 0.00000197, 0.00000329, 0.00000449, 0.00000705, 0.00000759, 0.00000864, 0.00001019, 0.00001115, 0.00001108, 0.00001031, 0.00000937, 0.00000856, 0.00000789, 0.00000721, 0.00000637, 0.00000532, 0.00000413, 0.00000292, 0.00000182, 0.00000095, 0.00000035, 0.00000002, -0.00000008, -0.00000009, -0.00000004, -0.00000005, -0.00000010, -0.00000016, -0.00000021, -0.00000022, -0.00000016, -0.00000006, 0.00000009, 0.00000024, 0.00000038, 0.00000045, 0.00000045, 0.00000036, 0.00000020, 0.00000000, -0.00000020, -0.00000037, -0.00000049, -0.00000057, -0.00000063, -0.00000068, -0.00000060, 0.00000000
0.00041065, 0.00028686, 0.00023191, 0.00019345, 0.00016771, 0.00015022, 0.00013017, 0.00011222, 0.00009909, 0.00008891, 0.00007923, 0.00006902, 0.00005857, 0.00004861, 0.00003971, 0.00003207, 0.00002557, 0.00001990, 0.00001472, -0.00000475, -0.00002168, -0.00003247, -0.00003805, -0.00004144, -0.00004419, -0.00004611, -0.00004652, -0.00004519, -0.00004244, -0.00003892, -0.00003525, -0.00003178, -0.00002861, -0.00002565, -0.00002275, -0.00001980, -0.00001678, -0.00001375, -0.00001084, -0.00000825, -0.00000610, -0.00000447, -0.00000332, -0.00000255, -0.00000202, -0.00000161, -0.00000122, -0.00000081, -0.00000036, 0.00000008, 0.00000045, 0.00000069, 0.00000074, 0.00000061, 0.00000032, -0.00000003, -0.00000035, -0.00000056, -0.00000063, -0.00000059, -0.00000056, -0.00000061, -0.00000064, 0.00000000
0.00008254, 0.00004001, 0.00002379, 0.00001387, 0.00000822, 0.00000516, 0.00000108, -0.00000250, -0.00000468, -0.00000606, -0.00000742, -0.00000910, -0.00001100, -0.00001286, -0.00001449, -0.00001581, -0.00001685, -0.00001772, -0.00001851, -0.00002183, -0.00002464, -0.00002562, -0.00002521, -0.00002450, -0.00002402, -0.00002367, -0.00002312, -0.00002221, -0.00002094, -0.00001946, -0.00001792, -0.00001639, -0.00001491, -0.00001345, -0.00001197, -0.00001045, -0.00000889, -0.00000733, -0.00000581, -0.00000444, -0.00000326, -0.00000234, -0.00000164, -0.00000112, -0.00000073, -0.00000042, -0.00000017, 0.00000004, 0.00000022, 0.00000037, 0.00000047, 0.00000051, 0.00000049, 0.00000039, 0.00000024, 0.00000006, -0.00000014, -0.00000032, -0.00000048, -0.00000060, -0.00000070, -0.00000075, -0.00000063, 0.00000000
-0.00074178, -0.00055573, -0.00046019, -0.00039612, -0.00034998, -0.00031513, -0.00028382, -0.00025701, -0.00023523, -0.00021699, -0.00020064, -0.00018538, -0.00017111, -0.00015806, -0.00014639, -0.00013611, -0.00012711, -0.00011917, -0.00011207, -0.00008904, -0.00007188, -0.00006051, -0.00005358, -0.00004900, -0.00004543, -0.00004247, -0.00004003, -0.00003798, -0.00003603, -0.00003386, -0.00003126, -0.00002819, -0.00002477, -0.00002124, -0.00001782, -0.00001471, -0.00001200, -0.00000971, -0.00000777, -0.00000616, -0.00000479, -0.00000363, -0.00000263, -0.00000176, -0.00000103, -0.00000046, -0.00000007, 0.00000013, 0.00000019, 0.00000013, 0.00000003, -0.00000006, -0.00000009, -0.00000007, 0.00000000, 0.00000007, 0.00000007, -0.00000003, -0.00000025, -0.00000054, -0.00000078, -0.00000082, -0.00000054, 0.00000000
0.00018713, 0.00009593, 0.00005891, 0.00003366, 0.00001827, 0.00000931, -0.00000240, -0.00001264, -0.00001895, -0.00002291, -0.00002663, -0.00003097, -0.00003567, -0.00004007, -0.00004366, -0.00004627, -0.00004800, -0.00004913, -0.00004993, -0.00005301, -0.00005521, -0.00005332, -0.00004815, -0.00004234, -0.00003724, -0.00003263, -0.00002791, -0.00002282, -0.00001763, -0.00001284, -0.00000890, -0.00000601, -0.00000411, -0.00000297, -0.00000227, -0.00000177, -0.00000130, -0.00000079, -0.00000025, 0.00000020, 0.00000051, 0.00000060, 0.00000051, 0.00000032, 0.00000011, -0.00000003, -0.00000006, 0.00000004, 0.00000024, 0.00000049, 0.00000071, 0.00000084, 0.00000083, 0.00000066, 0.00000037, 0.00000002, -0.00000030, -0.00000052, -0.00000062, -0.00000063, -0.00000063, -0.00000068, -0.00000067, 0.00000000
-0.00020978, -0.00014570, -0.00010498, -0.00007501, -0.00005119, -0.00003160, -0.00001503, -0.00000084, 0.00001139, 0.00002201, 0.00003132, 0.00003952, 0.00004678, 0.00005319, 0.00005883, 0.00006378, 0.00006809, 0.00007182, 0.00007501, 0.00008347, 0.00008725, 0.00008782, 0.00008589, 0.00008196, 0.00007651, 0.00006998, 0.00006279, 0.00005531, 0.00004785, 0.00004064, 0.00003390, 0.00002774, 0.00002226, 0.00001748, 0.00001341, 0.00001003, 0.00000728, 0.00000512, 0.00000351, 0.00000232, 0.00000148, 0.00000090, 0.00000052, 0.00000030, 0.00000021, 0.00000020, 0.00000022, 0.00000025, 0.00000027, 0.00000028, 0.00000026, 0.00000024, 0.00000021, 0.00000017, 0.00000012, 0.00000004, -0.00000006, -0.00000020, -0.00000038, -0.00000056, -0.00000072, -0.00000076, -0.00000058, 0.00000000
-0.00069562, -0.00045715, -0.00033805, -0.00025773, -0.00020168, -0.00016122, -0.00012355, -0.00009169, -0.00006731, -0.00004799, -0.00003090, -0.00001473, 0.00000050, 0.00001427, 0.00002616, 0.00003609, 0.00004424, 0.00005100, 0.00005674, 0.00007464, 0.00008709, 0.00009217, 0.00009122, 0.00008740, 0.00008250, 0.00007670, 0.00006970, 0.00006157, 0.00005283, 0.00004423, 0.00003640, 0.00002970, 0.00002414, 0.00001956, 0.00001570, 0.00001234, 0.00000937, 0.00000678, 0.00000462, 0.00000291, 0.00000171, 0.00000097, 0.00000064, 0.00000062, 0.00000079, 0.00000098, 0.00000109, 0.00000105, 0.00000085, 0.00000055, 0.00000023, -0.00000002, -0.00000014, -0.00000011, 0.00000002, 0.00000018, 0.00000024, 0.00000013, -0.00000018, -0.00000061, -0.00000096, -0.00000100, -0.00000058, 0.00000000
-0.00066380, -0.00047605, -0.00037939, -0.00031381, -0.00026701, -0.00023225, -0.00020055, -0.00017356, -0.00015217, -0.00013465, -0.00011902, -0.00010437, -0.00009062, -0.00007810, -0.00006704, -0.00005749, -0.00004929, -0.00004219, -0.00003592, -0.00001556, -0.00000025, 0.00000925, 0.00001399, 0.00001618, 0.00001712, 0.00001703, 0.00001586, 0.00001369, 0.00001094, 0.00000812, 0.00000566, 0.00000376, 0.00000244, 0.00000156, 0.00000095, 0.00000046, 0.00000001, -0.00000041, -0.00000073, -0.00000094, -0.00000100, -0.00000091, -0.00000069, -0.00000036, 0.00000001, 0.00000033, 0.00000054, 0.00000060, 0.00000054, 0.00000038, 0.00000019, 0.00000003, -0.00000005, -0.00000003, 0.00000004, 0.00000012, 0.00000013, 0.00000002, -0.00000024, -0.00000058, -0.00000086, -0.00000090, -0.00000057, 0.00000000
0.00022919, 0.00012884, 0.00008750, 0.00006186, 0.00004643, 0.00003728, 0.00002695, 0.00001818, 0.00001257, 0.00000887, 0.00000544, 0.00000161, -0.00000248, -0.00000635, -0.00000964, -0.00001222, -0.00001416, -0.00001565, -0.00001692, -0.00002195, -0.00002628, -0.00002747, -0.00002615, -0.00002431, -0.00002296, -0.00002193, -0.00002071, -0.00001905, -0.00001705, -0.00001501, -0.00001322, -0.00001180, -0.00001074, -0.00000989, -0.00000910, -0.00000824, -0.00000725, -0.00000614, -0.00000497, -0.00000388, -0.00000294, -0.00000223, -0.00000174, -0.00000141, -0.00000116, -0.00000095, -0.00000072, -0.00000046, -0.00000017, 0.00000011, 0.00000035, 0.00000050, 0.00000053, 0.00000043, 0.00000024, -0.00000001, -0.00000025, -0.00000043, -0.00000053, -0.00000058, -0.00000061, -0.00000066, -0.00000062, 0.00000000
0.00174738, 0.00115717, 0.00088324, 0.00069951, 0.00057653, 0.00049238, 0.00040643, 0.00033254, 0.00027867, 0.00023754, 0.00020008, 0.00016235, 0.00012497, 0.00009021, 0.00005988, 0.00003454, 0.00001368, -0.00000382, -0.00001920, -0.00007403, -0.00011961, -0.00014480, -0.00015280, -0.00015397, -0.00015370, -0.00015157, -0.00014547, -0.00013473, -0.00012059, -0.00010524, -0.00009069, -0.00007807, -0.00006752, -0.00005855, -0.00005044, -0.00004263, -0.00003489, -0.00002734, -0.00002032, -0.00001431, -0.00000963, -0.00000644, -0.00000462, -0.00000381, -0.00000358, -0.00000350, -0.00000324, -0.00000260, -0.00000160, -0.00000041, 0.00000072, 0.00000151, 0.00000175, 0.00000142, 0.00000062, -0.00000034, -0.00000111, -0.00000142, -0.00000114, -0.00000050, 0.00000003, -0.00000005, -0.00000066, 0.00000000
-0.00037405, -0.00029403, -0.00024907, -0.00021955, -0.00019726, -0.00017936, -0.00016501, -0.00015286, -0.00014212, -0.00013254, -0.00012402, -0.00011644, -0.00010962, -0.00010342, -0.00009770, -0.00009240, -0.00008750, -0.00008298, -0.00007884, -0.00006556, -0.00005569, -0.00004789, -0.00004175, -0.00003714, -0.00003377, -0.00003124, -0.00002912, -0.00002714, -0.00002516, -0.00002311, -0.00002101, -0.00001889, -0.00001677, -0.00001469, -0.00001268, -0.00001077, -0.00000897, -0.00000731, -0.00000578, -0.00000445, -0.00000331, -0.00000241, -0.00000169, -0.00000113, -0.00000068, -0.00000032, -0.00000006, 0.00000014, 0.00000027, 0.00000035, 0.00000039, 0.00000039, 0.00000035, 0.00000028, 0.00000019, 0.00000007, -0.00000008, -0.00000024, -0.00000042, -0.00000060, -0.00000074, -0.00000079, -0.00000061, 0.00000000
0.00001137, -0.00000276, -0.00001386, -0.00002695, -0.00003900, -0.00004997, -0.00006271, -0.00007520, -0.00008627, -0.00009635, -0.00010616, -0.00011596, -0.00012560, -0.00013481, -0.00014339, -0.00015127, -0.00015847, -0.00016512, -0.00017132, -0.00019280, -0.00020860, -0.00021802, -0.00022201, -0.00022216, -0.00021942, -0.00021405, -0.00020614, -0.00019590, -0.00018373, -0.00017018, -0.00015575, -0.00014089, -0.00012596, -0.00011123, -0.00009692, -0.00008326, -0.00007044, -0.00005861, -0.00004791, -0.00003849, -0.00003038, -0.00002360, -0.00001806, -0.00001359, -0.00001006, -0.00000729, -0.00000515, -0.00000351, -0.00000228, -0.00000136, -0.00000071, -0.00000028, -0.00000003, 0.00000006, 0.00000003, -0.00000008, -0.00000022, -0.00000036, -0.00000049, -0.00000060, -0.00000069, -0.00000074, -0.00000062, 0.00000000
0.00077373, 0.00049989, 0.00036932, 0.00027850, 0.00021547, 0.00017051, 0.00012421, 0.00008365, 0.00005290, 0.00002849, 0.00000604, -0.00001634, -0.00003832, -0.00005880, -0.00007687, -0.00009226, -0.00010522, -0.00011632, -0.00012615, -0.00015987, -0.00018530, -0.00019741, -0.00019831, -0.00019362, -0.00018645, -0.00017702, -0.00016467, -0.00014944, -0.00013229, -0.00011464, -0.00009776, -0.00008247, -0.00006901, -0.00005728, -0.00004698, -0.00003784, -0.00002970, -0.00002252, -0.00001636, -0.00001136, -0.00000755, -0.00000492, -0.00000329, -0.00000240, -0.00000196, -0.00000171, -0.00000144, -0.00000106, -0.00000054, 0.00000005, 0.00000059, 0.00000095, 0.00000103, 0.00000083, 0.00000040, -0.00000012, -0.00000057, -0.00000080, -0.00000077, -0.00000055, -0.00000037, -0.00000043, -0.00000063, 0.00000000
-0.00046139, -0.00034296, -0.00028447, -0.00024563, -0.00021883, -0.00019971, -0.00018206, -0.00016725, -0.00015605, -0.00014725, -0.00013950, -0.00013214, -0.00012518, -0.00011886, -0.00011339, -0.00010880, -0.00010500, -0.00010182, -0.00009907, -0.00008973, -0.00008140, -0.00007504, -0.00007024, -0.00006573, -0.00006084, -0.00005564, -0.00005047, -0.00004550, -0.00004071, -0.00003597, -0.00003121, -0.00002645, -0.00002183, -0.00001753, -0.00001374, -0.00001056, -0.00000801, -0.00000602, -0.00000448, -0.00000330, -0.00000236, -0.00000161, -0.00000098, -0.00000043, 0.00000004, 0.00000040, 0.00000062, 0.00000071, 0.00000067, 0.00000054, 0.00000038, 0.00000023, 0.00000014, 0.00000011, 0.00000013, 0.00000014, 0.00000009, -0.00000005, -0.00000031, -0.00000062, -0.00000087, -0.00000091, -0.00000061, 0.00000000
0.00044259, 0.00030073, 0.00023374, 0.00018554, 0.00015144, 0.00012650, 0.00009950, 0.00007511, 0.00005608, 0.00004046, 0.00002569, 0.00001072, -0.00000419, -0.00001830, -0.00003105, -0.00004223, -0.00005199, -0.00006064, -0.00006855, -0.00009654, -0.00011862, -0.00013160, -0.00013682, -0.00013773, -0.00013626, -0.00013253, -0.00012620, -0.00011735, -0.00010664, -0.00009504, -0.00008343, -0.00007241, -0.00006225, -0.00005298, -0.00004451, -0.00003675, -0.00002967, -0.00002331, -0.00001772, -0.00001303, -0.00000928, -0.00000648, -0.00000450, -0.00000316, -0.00000226, -0.00000163, -0.00000112, -0.00000065, -0.00000018, 0.00000025, 0.00000061, 0.00000083, 0.00000086, 0.00000069, 0.00000038, -0.00000000, -0.00000035, -0.00000058, -0.00000065, -0.00000062, -0.00000059, -0.00000064, -0.00000067, 0.00000000
0.00017418, 0.00004961, -0.00000369, -0.00003857, -0.00006001, -0.00007290, -0.00008765, -0.00010020, -0.00010820, -0.00011346, -0.00011832, -0.00012373, -0.00012944, -0.00013481, -0.00013929, -0.00014271, -0.00014519, -0.00014700, -0.00014846, -0.00015404, -0.00015817, -0.00015698, -0.00015101, -0.00014294, -0.00013419, -0.00012463, -0.00011378, -0.00010161, -0.00008865, -0.00007572, -0.00006357, -0.00005267, -0.00004319, -0.00003505, -0.00002808, -0.00002209, -0.00001692, -0.00001252, -0.00000883, -0.00000592, -0.00000376, -0.00000231, -0.00000146, -0.00000101, -0.00000081, -0.00000070, -0.00000058, -0.00000039, -0.00000012, 0.00000019, 0.00000047, 0.00000065, 0.00000068, 0.00000054, 0.00000028, -0.00000005, -0.00000035, -0.00000054, -0.00000059, -0.00000055, -0.00000052, -0.00000057, -0.00000061, 0.00000000
-0.00044066, -0.00034924, -0.00030191, -0.00026999, -0.00024658, -0.00022847, -0.00021207, -0.00019774, -0.00018567, -0.00017518, -0.00016551, -0.00015631, -0.00014753, -0.00013927, -0.00013160, -0.00012456, -0.00011808, -0.00011208, -0.00010647, -0.00008655, -0.00006931, -0.00005496, -0.00004328, -0.00003362, -0.00002556, -0.00001893, -0.00001367, -0.00000965, -0.00000663, -0.00000435, -0.00000261, -0.00000125, -0.00000021, 0.00000055, 0.00000103, 0.00000125, 0.00000126, 0.00000112, 0.00000094, 0.00000073, 0.00000056, 0.00000042, 0.00000033, 0.00000032, 0.00000036, 0.00000042, 0.00000046, 0.00000047, 0.00000043, 0.00000036, 0.00000027, 0.00000019, 0.00000014, 0.00000011, 0.00000010, 0.00000007, 0.00000000, -0.00000013, -0.00000033, -0.00000057, -0.00000077, -0.00000081, -0.00000058, 0.00000000
0.00054894, 0.00038096, 0.00029147, 0.00022167, 0.00016772, 0.00012460, 0.00007972, 0.00003852, 0.00000414, -0.00002562, -0.00005372, -0.00008140, -0.00010840, -0.00013391, -0.00015732, -0.00017840, -0.00019733, -0.00021450, -0.00023033, -0.00028510, -0.00032692, -0.00035288, -0.00036509, -0.00036801, -0.00036437, -0.00035485, -0.00033958, -0.00031914, -0.00029481, -0.00026816, -0.00024066, -0.00021343, -0.00018717, -0.00016227, -0.00013892, -0.00011727, -0.00009744, -0.00007957, -0.00006381, -0.00005028, -0.00003899, -0.00002988, -0.00002271, -0.00001717, -0.00001293, -0.00000966, -0.00000710, -0.00000503, -0.00000335, -0.00000198, -0.00000092, -0.00000020, 0.00000018, 0.00000026, 0.00000009, -0.00000020, -0.00000049, -0.00000066, -0.00000067, -0.00000057, -0.00000050, -0.00000055, -0.00000063, 0.00000000
-0.00006212, -0.00008104, -0.00008513, -0.00008678, -0.00008541, -0.00008202, -0.00007999, -0.00007762, -0.00007390, -0.00006944, -0.00006504, -0.00006101, -0.00005723, -0.00005345, -0.00004948, -0.00004525, -0.00004082, -0.00003630, -0.00003180, -0.00001516, 0.00000001, 0.00001485, 0.00002875, 0.00004044, 0.00004928, 0.00005537, 0.00005906, 0.00006063, 0.00006025, 0.00005806, 0.00005427, 0.00004922, 0.00004333, 0.00003705, 0.00003081, 0.00002496, 0.00001973, 0.00001526, 0.00001159, 0.00000862, 0.00000629, 0.00000445, 0.00000305, 0.00000202, 0.00000130, 0.00000084, 0.00000058, 0.00000046, 0.00000044, 0.00000047, 0.00000051, 0.00000051, 0.00000047, 0.00000037, 0.00000022, 0.00000004, -0.00000015, -0.00000032, -0.00000047, -0.00000059, -0.00000069, -0.00000074, -0.00000062, 0.00000000
0.00100818, 0.00062432, 0.00045245, 0.00033992, 0.00026822, 0.00022256, 0.00017460, 0.00013428, 0.00010730, 0.00008859, 0.00007182, 0.00005427, 0.00003644, 0.00001995, 0.00000611, -0.00000467, -0.00001274, -0.00001889, -0.00002395, -0.00004326, -0.00006100, -0.00006837, -0.00006697, -0.00006359, -0.00006151, -0.00005994, -0.00005698, -0.00005177, -0.00004489, -0.00003764, -0.00003122, -0.00002624, -0.00002267, -0.00002004, -0.00001776, -0.00001537, -0.00001268, -0.00000975, -0.00000683, -0.00000428, -0.00000235, -0.00000121, -0.00000080, -0.00000090, -0.00000123, -0.00000154, -0.00000160, -0.00000133, -0.00000075, -0.00000000, 0.00000073, 0.00000123, 0.00000136, 0.00000109, 0.00000050, -0.00000021, -0.00000080, -0.00000106, -0.00000093, -0.00000053, -0.00000020, -0.00000027, -0.00000064, 0.00000000
-0.00066022, -0.00045925, -0.00035536, -0.00028407, -0.00023282, -0.00019448, -0.00015923, -0.00012907, -0.00010509, -0.00008541, -0.00006785, -0.00005140, -0.00003602, -0.00002205, -0.00000978, 0.00000074, 0.00000970, 0.00001736, 0.00002404, 0.00004496, 0.00005937, 0.00006659, 0.00006802, 0.00006631, 0.00006306, 0.00005864, 0.00005304, 0.00004644, 0.00003935, 0.00003241, 0.00002612, 0.00002077, 0.00001639, 0.00001284, 0.00000992, 0.00000746, 0.00000534, 0.00000356, 0.00000213, 0.00000104, 0.00000033, -0.00000005, -0.00000015, -0.00000003, 0.00000021, 0.00000045, 0.00000061, 0.00000064, 0.00000054, 0.00000036, 0.00000014, -0.00000003, -0.00000011, -0.00000008, 0.00000002, 0.00000012, 0.00000015, 0.00000004, -0.00000022, -0.00000058, -0.00000087, -0.00000091, -0.00000057, 0.00000000
