0.01000000, 0.01500000, 0.02000000, 0.02500000, 0.03000000, 0.03500000, 0.04000000, 0.04500000, 0.05000000, 0.05500000, 0.06000000, 0.06500000, 0.07000000, 0.07500000, 0.08000000, 0.08500000, 0.09000000, 0.09500000, 0.10000000, 0.12000000, 0.14000000, 0.16000000, 0.18000000, 0.20000000, 0.22000000, 0.24000000, 0.26000000, 0.28000000, 0.30000000, 0.32000000, 0.34000000, 0.36000000, 0.38000000, 0.40000000, 0.42000000, 0.44000000, 0.46000000, 0.48000000, 0.50000000, 0.52000000, 0.54000000, 0.56000000, 0.58000000, 0.60000000, 0.62000000, 0.64000000, 0.66000000, 0.68000000, 0.70000000, 0.72000000, 0.74000000, 0.76000000, 0.78000000, 0.80000000, 0.82000000, 0.84000000, 0.86000000, 0.88000000, 0.90000000, 0.92000000, 0.94000000, 0.96000000, 0.98000000, 1.00000000
-0.01961959, -0.02216980, -0.02295679, -0.02334980, -0.02353500, -0.02359968, -0.02371595, -0.02380686, -0.02382579, -0.02380067, -0.02377108, -0.02375428, -0.02374678, -0.02373723, -0.02371620, -0.02367998, -0.02363008, -0.02357107, -0.02350830, -0.02325365, -0.02293431, -0.02245644, -0.02179522, -0.02096889, -0.01999073, -0.01886279, -0.01759072, -0.01619438, -0.01470799, -0.01317385, -0.01163508, -0.01013038, -0.00869164, -0.00734359, -0.00610445, -0.00498688, -0.00399862, -0.00314294, -0.00241882, -0.00181866, -0.00133661, -0.00095965, -0.00067352, -0.00046273, -0.00031157, -0.00020534, -0.00013135, -0.00007957, -0.00004277, -0.00001630, 0.00000251, 0.00001504, 0.00002218, 0.00002493, 0.00002474, 0.00002356, 0.00002345, 0.00002597, 0.00003134, 0.00003783, 0.00004163, 0.00003780, 0.00002286, 0.00000000
0.00520792, -0.00136365, -0.00427693, -0.00602498, -0.00715155, -0.00791226, -0.00857789, -0.00911240, -0.00949608, -0.00977998, -0.01002092, -0.01024708, -0.01046149, -0.01065710, -0.01082793, -0.01097340, -0.01109793, -0.01120863, -0.01131295, -0.01172630, -0.01210009, -0.01235119, -0.01245876, -0.01243957, -0.01229809, -0.01202257, -0.01160281, -0.01104272, -0.01036109, -0.00958566, -0.00874642, -0.00787115, -0.00698382, -0.00610491, -0.00525227, -0.00444187, -0.00368791, -0.00300240, -0.00239445, -0.00186699, -0.00142447, -0.00106312, -0.00077664, -0.00055593, -0.00039009, -0.00026782, -0.00017861, -0.00011360, -0.00006608, -0.00003140, -0.00000667, 0.00000989, 0.00001958, 0.00002378, 0.00002433, 0.00002345, 0.00002348, 0.00002612, 0.00003169, 0.00003844, 0.00004243, 0.00003852, 0.00002320, 0.00000000
-0.14331776, -0.10976739, -0.09315925, -0.08276335, -0.07568853, -0.07054321, -0.06622458, -0.06263566, -0.05971214, -0.05724183, -0.05502709, -0.05296685, -0.05103828, -0.04925051, -0.04761181, -0.04611719, -0.04474936, -0.04348514, -0.04230161, -0.03805456, -0.03436266, -0.03123854, -0.02853618, -0.02603734, -0.02362192, -0.02127492, -0.01902157, -0.01687969, -0.01484879, -0.01292056, -0.01109213, -0.00937255, -0.00778116, -0.00634109, -0.00507183, -0.00398375, -0.00307586, -0.00233658, -0.00174678, -0.00128049, -0.00091826, -0.00063826, -0.00042392, -0.00026271, -0.00014535, -0.00006468, -0.00001456, 0.00001106, 0.00001866, 0.00001519, 0.00000749, 0.00000151, 0.00000132, 0.00000840, 0.00002143, 0.00003673, 0.00004952, 0.00005562, 0.00005340, 0.00004504, 0.00003611, 0.00003202, 0.00002936, 0.00000000
-0.09212350, -0.07467139, -0.06565643, -0.05984233, -0.05575938, -0.05269260, -0.05009895, -0.04790500, -0.04606328, -0.04446695, -0.04301957, -0.04167033, -0.04040493, -0.03922447, -0.03813039, -0.03711868, -0.03618027, -0.03530369, -0.03447786, -0.03151200, -0.02893588, -0.02671931, -0.02476738, -0.02295592, -0.02120978, -0.01950581, -0.01784293, -0.01622031, -0.01463257, -0.01307478, -0.01154868, -0.01006524, -0.00864326, -0.00730523, -0.00607270, -0.00496251, -0.00398464, -0.00314176, -0.00243014, -0.00183883, -0.00135912, -0.00097708, -0.00067956, -0.00045391, -0.00028819, -0.00017136, -0.00009330, -0.00004481, -0.00001760, -0.00000431, 0.00000125, 0.00000395, 0.00000707, 0.00001220, 0.00001933, 0.00002721, 0.00003394, 0.00003781, 0.00003807, 0.00003543, 0.00003177, 0.00002848, 0.00002262, 0.00000000
0.00510998, -0.01393869, -0.02213003, -0.02683275, -0.02973965, -0.03162828, -0.03324610, -0.03452467, -0.03542269, -0.03607249, -0.03661728, -0.03712541, -0.03760064, -0.03802134, -0.03836916, -0.03864028, -0.03884397, -0.03899668, -0.03911595, -0.03943434, -0.03947329, -0.03905479, -0.03817556, -0.03693387, -0.03538675, -0.03353830, -0.03138930, -0.02897274, -0.02635723, -0.02363112, -0.02088363, -0.01819200, -0.01561661, -0.01320166, -0.01097845, -0.00896871, -0.00718665, -0.00563977, -0.00432866, -0.00324351, -0.00237386, -0.00169754, -0.00118841, -0.00081719, -0.00055383, -0.00037014, -0.00024203, -0.00015090, -0.00008403, -0.00003403, 0.00000248, 0.00002655, 0.00003871, 0.00004042, 0.00003483, 0.00002672, 0.00002146, 0.00002326, 0.00003315, 0.00004735, 0.00005724, 0.00005231, 0.00002791, 0.00000000
0.02939987, 0.01310682, 0.00589855, 0.00164373, -0.00103347, -0.00279161, -0.00431183, -0.00551406, -0.00635295, -0.00695309, -0.00745086, -0.00791139, -0.00833828, -0.00871103, -0.00901260, -0.00923995, -0.00940272, -0.00951750, -0.00960187, -0.00982600, -0.00989496, -0.00968577, -0.00923555, -0.00866882, -0.00805660, -0.00740424, -0.00669953, -0.00594809, -0.00517836, -0.00442886, -0.00373325, -0.00311162, -0.00256939, -0.00210140, -0.00169763, -0.00134812, -0.00104585, -0.00078736, -0.00057180, -0.00039690, -0.00026442, -0.00017042, -0.00010937, -0.00007373, -0.00005484, -0.00004439, -0.00003575, -0.00002491, -0.00001070, 0.00000553, 0.00002089, 0.00003213, 0.00003691, 0.00003477, 0.00002746, 0.00001868, 0.00001294, 0.00001384, 0.00002221, 0.00003463, 0.00004349, 0.00003972, 0.00001993, 0.00000000
-0.03654329, -0.02733708, -0.02293633, -0.02034134, -0.01866182, -0.01749234, -0.01658003, -0.01585502, -0.01527555, -0.01479389, -0.01437253, -0.01399143, -0.01364339, -0.01332672, -0.01304033, -0.01278193, -0.01254801, -0.01233472, -0.01213857, -0.01145771, -0.01086939, -0.01035348, -0.00987115, -0.00937756, -0.00884897, -0.00828238, -0.00768424, -0.00706222, -0.00642292, -0.00577303, -0.00512093, -0.00447725, -0.00385422, -0.00326420, -0.00271808, -0.00222418, -0.00178751, -0.00140988, -0.00109024, -0.00082335, -0.00060704, -0.00043500, -0.00030148, -0.00020073, -0.00012709, -0.00007522, -0.00004026, -0.00001796, -0.00000462, 0.00000284, 0.00000691, 0.00000947, 0.00001179, 0.00001458, 0.00001797, 0.00002171, 0.00002528, 0.00002813, 0.00002988, 0.00003037, 0.00002947, 0.00002650, 0.00001891, 0.00000000
-0.17491236, -0.13683708, -0.11753777, -0.10509469, -0.09636337, -0.08981390, -0.08417009, -0.07936582, -0.07535389, -0.07188779, -0.06872985, -0.06575830, -0.06294735, -0.06031085, -0.05786151, -0.05559526, -0.05349234, -0.05152492, -0.04966535, -0.04292898, -0.03708010, -0.03216425, -0.02802659, -0.02440933, -0.02115810, -0.01823379, -0.01563706, -0.01335321, -0.01134177, -0.00955221, -0.00794279, -0.00649054, -0.00519063, -0.00404910, -0.00307373, -0.00226685, -0.00162180, -0.00112291, -0.00074821, -0.00047086, -0.00027012, -0.00012538, -0.00002208, 0.00004942, 0.00009496, 0.00011820, 0.00012211, 0.00011024, 0.00008737, 0.00005940, 0.00003272, 0.00001296, 0.00000383, 0.00000611, 0.00001737, 0.00003249, 0.00004512, 0.00004991, 0.00004483, 0.00003287, 0.00002157, 0.00001875, 0.00002213, 0.00000000
-0.08527134, -0.06809006, -0.05937245, -0.05389678, -0.05013548, -0.04736502, -0.04508999, -0.04320247, -0.04163506, -0.04028974, -0.03908393, -0.03797279, -0.03694059, -0.03598418, -0.03510153, -0.03428731, -0.03353309, -0.03282911, -0.03216641, -0.02978288, -0.02768239, -0.02582249, -0.02412018, -0.02247728, -0.02083872, -0.01919299, -0.01754819, -0.01591446, -0.01429946, -0.01271113, -0.01116142, -0.00966761, -0.00825070, -0.00693218, -0.00573058, -0.00465889, -0.00372335, -0.00292347, -0.00225319, -0.00169979, -0.00125388, -0.00090094, -0.00062760, -0.00042122, -0.00026999, -0.00016316, -0.00009112, -0.00004537, -0.00001849, -0.00000410, 0.00000308, 0.00000715, 0.00001088, 0.00001575, 0.00002194, 0.00002869, 0.00003469, 0.00003869, 0.00004002, 0.00003895, 0.00003641, 0.00003270, 0.00002457, 0.00000000
-0.04107980, -0.03935993, -0.03785917, -0.03663362, -0.03560080, -0.03469668, -0.03390158, -0.03317505, -0.03249155, -0.03184380, -0.03123072, -0.03065041, -0.03009926, -0.02957325, -0.02906922, -0.02858521, -0.02812044, -0.02767487, -0.02724881, -0.02570821, -0.02434304, -0.02308254, -0.02187173, -0.02066887, -0.01944449, -0.01818015, -0.01686821, -0.01551111, -0.01411970, -0.01271106, -0.01130622, -0.00992790, -0.00859873, -0.00733968, -0.00616883, -0.00510045, -0.00414448, -0.00330629, -0.00258680, -0.00198020, -0.00148292, -0.00108438, -0.00077313, -0.00053656, -0.00036160, -0.00023563, -0.00014721, -0.00008656, -0.00004581, -0.00001890, -0.00000143, 0.00000971, 0.00001669, 0.00002104, 0.00002393, 0.00002632, 0.00002893, 0.00003217, 0.00003590, 0.00003924, 0.00004037, 0.00003650, 0.00002417, 0.00000000
-0.08078104, -0.06643914, -0.05927390, -0.05482511, -0.05181676, -0.04963685, -0.04784371, -0.04636395, -0.04515042, -0.04411644, -0.04318683, -0.04232262, -0.04151297, -0.04075864, -0.04006059, -0.03941566, -0.03881697, -0.03825596, -0.03772455, -0.03576342, -0.03394701, -0.03225711, -0.03062305, -0.02895330, -0.02719822, -0.02535176, -0.02342793, -0.02144410, -0.01941734, -0.01736783, -0.01532246, -0.01331525, -0.01138457, -0.00956842, -0.00789972, -0.00640279, -0.00509156, -0.00396960, -0.00303144, -0.00226197, -0.00164737, -0.00116710, -0.00080107, -0.00052978, -0.00033497, -0.00020018, -0.00011105, -0.00005536, -0.00002296, -0.00000562, 0.00000310, 0.00000794, 0.00001201, 0.00001692, 0.00002296, 0.00002948, 0.00003528, 0.00003922, 0.00004068, 0.00003988, 0.00003758, 0.00003382, 0.00002522, 0.00000000
-0.07406334, -0.06325177, -0.05750681, -0.05375442, -0.05109163, -0.04907031, -0.04736098, -0.04590551, -0.04466622, -0.04357701, -0.04258064, -0.04164682, -0.04076633, -0.03993883, -0.03916440, -0.03844027, -0.03776105, -0.03712012, -0.03651131, -0.03428527, -0.03227182, -0.03042716, -0.02867421, -0.02692549, -0.02513088, -0.02327907, -0.02137940, -0.01944784, -0.01750252, -0.01556455, -0.01365938, -0.01181638, -0.01006639, -0.00843830, -0.00695581, -0.00563508, -0.00448388, -0.00350185, -0.00268180, -0.00200877, -0.00147039, -0.00104843, -0.00072548, -0.00048480, -0.00031070, -0.00018903, -0.00010741, -0.00005531, -0.00002396, -0.00000628, 0.00000330, 0.00000887, 0.00001319, 0.00001778, 0.00002308, 0.00002872, 0.00003388, 0.00003771, 0.00003967, 0.00003972, 0.00003810, 0.00003430, 0.00002493, 0.00000000
-0.07202113, -0.06081788, -0.05453649, -0.05026959, -0.04712799, -0.04466749, -0.04257995, -0.04078460, -0.03922942, -0.03784931, -0.03659083, -0.03542368, -0.03433495, -0.03331941, -0.03237300, -0.03149017, -0.03066412, -0.02988767, -0.02915437, -0.02653684, -0.02427837, -0.02230268, -0.02052327, -0.01885591, -0.01725168, -0.01569443, -0.01418420, -0.01272499, -0.01132069, -0.00997577, -0.00869673, -0.00749255, -0.00637361, -0.00534983, -0.00442891, -0.00361495, -0.00290808, -0.00230464, -0.00179798, -0.00137700, -0.00103505, -0.00076125, -0.00054608, -0.00038060, -0.00025643, -0.00016588, -0.00010205, -0.00005880, -0.00003077, -0.00001335, -0.00000269, 0.00000426, 0.00000968, 0.00001488, 0.00002037, 0.00002594, 0.00003102, 0.00003490, 0.00003711, 0.00003753, 0.00003623, 0.00003257, 0.00002343, 0.00000000
0.04465395, 0.02509549, 0.01588967, 0.01022266, 0.00643929, 0.00375433, 0.00145502, -0.00043922, -0.00192052, -0.00312368, -0.00418724, -0.00518098, -0.00611620, -0.00698048, -0.00776303, -0.00846453, -0.00909619, -0.00967477, -0.01021738, -0.01220682, -0.01392644, -0.01525421, -0.01620110, -0.01685185, -0.01724587, -0.01737074, -0.01720671, -0.01675815, -0.01605766, -0.01515421, -0.01409942, -0.01293903, -0.01171075, -0.01044622, -0.00917407, -0.00792225, -0.00671851, -0.00558938, -0.00455808, -0.00363975, -0.00284796, -0.00218421, -0.00164350, -0.00121463, -0.00088209, -0.00062853, -0.00043707, -0.00029304, -0.00018496, -0.00010473, -0.00004703, -0.00000842, 0.00001391, 0.00002312, 0.00002331, 0.00001948, 0.00001675, 0.00001906, 0.00002752, 0.00003926, 0.00004734, 0.00004322, 0.00002309, 0.00000000
-0.03572969, -0.03295451, -0.03108972, -0.02970707, -0.02861452, -0.02770309, -0.02691245, -0.02620628, -0.02556124, -0.02496286, -0.02440242, -0.02387442, -0.02337505, -0.02290139, -0.02245114, -0.02202248, -0.02161404, -0.02122485, -0.02085423, -0.01951742, -0.01832942, -0.01722642, -0.01615462, -0.01507302, -0.01395832, -0.01280320, -0.01161275, -0.01040112, -0.00918852, -0.00799827, -0.00685415, -0.00577802, -0.00478796, -0.00389716, -0.00311335, -0.00243895, -0.00187161, -0.00140518, -0.00103071, -0.00073521, -0.00050990, -0.00034226, -0.00022127, -0.00013682, -0.00007989, -0.00004277, -0.00001927, -0.00000470, 0.00000429, 0.00000993, 0.00001362, 0.00001618, 0.00001812, 0.00001978, 0.00002145, 0.00002338, 0.00002577, 0.00002864, 0.00003168, 0.00003417, 0.00003475, 0.00003133, 0.00002101, 0.00000000
-0.02954182, -0.02865457, -0.02795856, -0.02752141, -0.02719194, -0.02690689, -0.02672124, -0.02655596, -0.02636447, -0.02615552, -0.02594959, -0.02575513, -0.02556849, -0.02538160, -0.02518812, -0.02498568, -0.02477556, -0.02456108, -0.02434623, -0.02350366, -0.02264485, -0.02171062, -0.02068106, -0.01956225, -0.01835863, -0.01706988, -0.01570040, -0.01426599, -0.01279351, -0.01131611, -0.00986777, -0.00847918, -0.00717544, -0.00597545, -0.00489207, -0.00393274, -0.00310017, -0.00239288, -0.00180578, -0.00132819, -0.00095228, -0.00066438, -0.00045078, -0.00029745, -0.00019077, -0.00011840, -0.00006998, -0.00003744, -0.00001514, 0.00000052, 0.00001150, 0.00001879, 0.00002293, 0.00002452, 0.00002448, 0.00002408, 0.00002467, 0.00002721, 0.00003173, 0.00003681, 0.00003949, 0.00003578, 0.00002237, 0.00000000
-0.02078446, -0.02523175, -0.02680701, -0.02762546, -0.02806915, -0.02830617, -0.02856411, -0.02877065, -0.02888179, -0.02893540, -0.02898070, -0.02904009, -0.02911141, -0.02918272, -0.02924387, -0.02929096, -0.02932571, -0.02935323, -0.02937944, -0.02950119, -0.02955954, -0.02942502, -0.02904798, -0.02843049, -0.02757359, -0.02647059, -0.02512295, -0.02355150, -0.02179614, -0.01990863, -0.01794433, -0.01595630, -0.01399216, -0.01209307, -0.01029377, -0.00862264, -0.00710168, -0.00574625, -0.00456475, -0.00355530, -0.00271642, -0.00203547, -0.00149643, -0.00108014, -0.00076577, -0.00053273, -0.00036226, -0.00023853, -0.00014910, -0.00008487, -0.00003955, -0.00000885, 0.00001038, 0.00002088, 0.00002553, 0.00002741, 0.00002946, 0.00003383, 0.00004102, 0.00004912, 0.00005369, 0.00004878, 0.00002992, 0.00000000
0.05197545, 0.02743271, 0.01635031, 0.00978305, 0.00557987, 0.00273109, 0.00030959, -0.00164253, -0.00310205, -0.00423852, -0.00522830, -0.00615732, -0.00703467, -0.00783876, -0.00855117, -0.00916949, -0.00970611, -0.01018127, -0.01061609, -0.01218149, -0.01349031, -0.01436796, -0.01483470, -0.01501908, -0.01498886, -0.01473821, -0.01424704, -0.01352389, -0.01261170, -0.01157172, -0.01046442, -0.00933778, -0.00822449, -0.00714520, -0.00611391, -0.00514255, -0.00424329, -0.00342854, -0.00270951, -0.00209187, -0.00158079, -0.00117198, -0.00085623, -0.00061986, -0.00044658, -0.00031994, -0.00022543, -0.00015207, -0.00009295, -0.00004498, -0.00000785, 0.00001748, 0.00003039, 0.00003183, 0.00002501, 0.00001512, 0.00000809, 0.00000866, 0.00001812, 0.00003266, 0.00004339, 0.00003979, 0.00001851, 0.00000000
0.04428415, 0.01556379, 0.00260753, -0.00516678, -0.01019983, -0.01365284, -0.01666547, -0.01913493, -0.02100133, -0.02246963, -0.02376026, -0.02497829, -0.02612977, -0.02718184, -0.02810698, -0.02889961, -0.02957433, -0.03015663, -0.03067353, -0.03238711, -0.03356901, -0.03400485, -0.03374484, -0.03298629, -0.03184730, -0.03034883, -0.02849289, -0.02631942, -0.02391361, -0.02138368, -0.01883441, -0.01635015, -0.01398993, -0.01179107, -0.00977608, -0.00795899, -0.00634928, -0.00495290, -0.00377154, -0.00279844, -0.00202534, -0.00143252, -0.00099507, -0.00068400, -0.00046904, -0.00032178, -0.00021843, -0.00014151, -0.00008037, -0.00003041, 0.00000860, 0.00003484, 0.00004679, 0.00004510, 0.00003352, 0.00001858, 0.00000799, 0.00000794, 0.00002011, 0.00003933, 0.00005375, 0.00004941, 0.00002213, 0.00000000
0.01839906, 0.00373792, -0.00287263, -0.00682239, -0.00939247, -0.01117303, -0.01270749, -0.01396516, -0.01492842, -0.01569643, -0.01637410, -0.01701330, -0.01762025, -0.01818265, -0.01868973, -0.01914008, -0.01954098, -0.01990440, -0.02024293, -0.02146944, -0.02247194, -0.02312590, -0.02342070, -0.02341316, -0.02313321, -0.02257639, -0.02173702, -0.02063194, -0.01930297, -0.01780664, -0.01620219, -0.01454354, -0.01287629, -0.01123826, -0.00966121, -0.00817244, -0.00679528, -0.00554872, -0.00444643, -0.00349314, -0.00269235, -0.00203661, -0.00151368, -0.00110693, -0.00079721, -0.00056497, -0.00039220, -0.00026381, -0.00016826, -0.00009752, -0.00004642, -0.00001170, 0.00000916, 0.00001886, 0.00002082, 0.00001918, 0.00001822, 0.00002118, 0.00002900, 0.00003923, 0.00004601, 0.00004196, 0.00002338, 0.00000000
0.00468571, -0.00350788, -0.00734972, -0.00985957, -0.01162778, -0.01294881, -0.01419530, -0.01528513, -0.01617001, -0.01691666, -0.01760455, -0.01827130, -0.01891719, -0.01952777, -0.02009086, -0.02060309, -0.02106922, -0.02149854, -0.02190121, -0.02333969, -0.02447323, -0.02519222, -0.02549087, -0.02542489, -0.02502893, -0.02430906, -0.02327101, -0.02194100, -0.02036830, -0.01861667, -0.01675361, -0.01484274, -0.01294008, -0.01109330, -0.00934218, -0.00771924, -0.00624977, -0.00495150, -0.00383416, -0.00289662, -0.00213527, -0.00153539, -0.00107781, -0.00073989, -0.00049763, -0.00032794, -0.00021052, -0.00012908, -0.00007179, -0.00003098, -0.00000232, 0.00001636, 0.00002633, 0.00002907, 0.00002681, 0.00002269, 0.00002015, 0.00002190, 0.00002862, 0.00003789, 0.00004413, 0.00004030, 0.00002268, 0.00000000
-0.07924828, -0.06649158, -0.05958429, -0.05501693, -0.05172359, -0.04918479, -0.04704752, -0.04522226, -0.04365232, -0.04226514, -0.04100088, -0.03982601, -0.03872706, -0.03769944, -0.03673981, -0.03584311, -0.03500247, -0.03421055, -0.03346061, -0.03076113, -0.02839892, -0.02630657, -0.02439846, -0.02258570, -0.02081537, -0.01906976, -0.01734921, -0.01565916, -0.01400596, -0.01239777, -0.01084623, -0.00936661, -0.00797623, -0.00669202, -0.00552792, -0.00449314, -0.00359129, -0.00282056, -0.00217459, -0.00164107, -0.00121127, -0.00087138, -0.00060858, -0.00041055, -0.00026561, -0.00016307, -0.00009341, -0.00004838, -0.00002092, -0.00000518, 0.00000350, 0.00000869, 0.00001281, 0.00001719, 0.00002224, 0.00002761, 0.00003256, 0.00003627, 0.00003824, 0.00003839, 0.00003690, 0.00003320, 0.00002405, 0.00000000
-0.17024981, -0.12845959, -0.10809030, -0.09542468, -0.08683879, -0.08060590, -0.07533056, -0.07092378, -0.06732632, -0.06427436, -0.06151755, -0.05892995, -0.05648708, -0.05420563, -0.05210029, -0.05016752, -0.04838697, -0.04672990, -0.04516772, -0.03948444, -0.03448864, -0.03026242, -0.02666367, -0.02344120, -0.02045807, -0.01770238, -0.01520411, -0.01297439, -0.01099307, -0.00922449, -0.00763714, -0.00621435, -0.00495420, -0.00386267, -0.00294511, -0.00219982, -0.00161531, -0.00117122, -0.00084167, -0.00059685, -0.00041563, -0.00027777, -0.00017055, -0.00008699, -0.00002419, 0.00001865, 0.00004214, 0.00004813, 0.00004044, 0.00002473, 0.00000765, -0.00000454, -0.00000749, 0.00000012, 0.00001607, 0.00003516, 0.00005078, 0.00005727, 0.00005256, 0.00003994, 0.00002765, 0.00002414, 0.00002666, 0.00000000
0.04645524, 0.03000832, 0.02163596, 0.01611916, 0.01214049, 0.00907565, 0.00638105, 0.00405323, 0.00208730, 0.00037758, -0.00118366, -0.00265354, -0.00404534, -0.00535356, -0.00657260, -0.00770429, -0.00875771, -0.00974582, -0.01068184, -0.01404275, -0.01682229, -0.01895432, -0.02046110, -0.02142267, -0.02189604, -0.02190837, -0.02148626, -0.02067638, -0.01954686, -0.01817713, -0.01664618, -0.01502457, -0.01337128, -0.01173406, -0.01015134, -0.00865410, -0.00726701, -0.00600882, -0.00489214, -0.00392055, -0.00309664, -0.00241276, -0.00185713, -0.00141424, -0.00106645, -0.00079590, -0.00058617, -0.00042347, -0.00029715, -0.00019960, -0.00012572, -0.00007197, -0.00003541, -0.00001293, -0.00000076, 0.00000548, 0.00001019, 0.00001676, 0.00002639, 0.00003718, 0.00004402, 0.00004038, 0.00002288, 0.00000000
0.03342259, 0.01388805, 0.00512606, -0.00009825, -0.00345510, -0.00573416, -0.00770937, -0.00931205, -0.01050265, -0.01142151, -0.01221960, -0.01296949, -0.01367634, -0.01431867, -0.01487841, -0.01535233, -0.01575079, -0.01609155, -0.01639336, -0.01741079, -0.01813517, -0.01841273, -0.01826851, -0.01782881, -0.01716908, -0.01630103, -0.01522455, -0.01396526, -0.01257872, -0.01113477, -0.00969945, -0.00832343, -0.00703915, -0.00586375, -0.00480444, -0.00386337, -0.00304078, -0.00233617, -0.00174786, -0.00126945, -0.00089671, -0.00061778, -0.00041850, -0.00028254, -0.00019289, -0.00013377, -0.00009228, -0.00005950, -0.00003066, -0.00000467, 0.00001709, 0.00003229, 0.00003913, 0.00003757, 0.00002988, 0.00002032, 0.00001398, 0.00001495, 0.00002417, 0.00003791, 0.00004775, 0.00004365, 0.00002188, 0.00000000
-0.02063456, -0.01888100, -0.01771054, -0.01689482, -0.01626616, -0.01574392, -0.01532443, -0.01495605, -0.01460821, -0.01427887, -0.01397347, -0.01369331, -0.01343501, -0.01319372, -0.01296562, -0.01274886, -0.01254335, -0.01235006, -0.01217030, -0.01157204, -0.01109813, -0.01068350, -0.01028582, -0.00987865, -0.00944192, -0.00896006, -0.00842467, -0.00783592, -0.00720155, -0.00653437, -0.00584963, -0.00516306, -0.00448965, -0.00384288, -0.00323442, -0.00267379, -0.00216821, -0.00172244, -0.00133871, -0.00101448, -0.00074992, -0.00053953, -0.00037725, -0.00025600, -0.00016814, -0.00010621, -0.00006346, -0.00003432, -0.00001451, -0.00000100, 0.00000818, 0.00001429, 0.00001812, 0.00002034, 0.00002162, 0.00002271, 0.00002433, 0.00002694, 0.00003044, 0.00003388, 0.00003531, 0.00003193, 0.00002075, 0.00000000
-0.08524657, -0.06993472, -0.06202173, -0.05683995, -0.05312308, -0.05025546, -0.04774196, -0.04554732, -0.04364876, -0.04195266, -0.04037032, -0.03885703, -0.03740413, -0.03601798, -0.03470461, -0.03346388, -0.03228979, -0.03117332, -0.03010538, -0.02617613, -0.02269179, -0.01966917, -0.01704519, -0.01471549, -0.01261547, -0.01072534, -0.00904139, -0.00755478, -0.00624725, -0.00509669, -0.00408394, -0.00319638, -0.00242767, -0.00177495, -0.00123555, -0.00080436, -0.00047271, -0.00022853, -0.00005756, 0.00005757, 0.00012782, 0.00016620, 0.00018215, 0.00018261, 0.00017259, 0.00015561, 0.00013426, 0.00011066, 0.00008682, 0.00006470, 0.00004618, 0.00003277, 0.00002527, 0.00002352, 0.00002633, 0.00003161, 0.00003691, 0.00004011, 0.00004011, 0.00003738, 0.00003361, 0.00003005, 0.00002367, 0.00000000
-0.06617301, -0.05386383, -0.04769542, -0.04386925, -0.04128141, -0.03940574, -0.03787283, -0.03661039, -0.03557345, -0.03469014, -0.03389936, -0.03316893, -0.03248904, -0.03185923, -0.03127949, -0.03074685, -0.03025559, -0.02979883, -0.02937011, -0.02782331, -0.02643191, -0.02516512, -0.02395455, -0.02271841, -0.02141112, -0.02002464, -0.01856923, -0.01705928, -0.01550937, -0.01393614, -0.01236077, -0.01080935, -0.00931093, -0.00789420, -0.00658420, -0.00539974, -0.00435220, -0.00344545, -0.00267688, -0.00203616, -0.00151523, -0.00109987, -0.00077617, -0.00053025, -0.00034871, -0.00021904, -0.00012999, -0.00007161, -0.00003538, -0.00001415, -0.00000213, 0.00000508, 0.00001052, 0.00001591, 0.00002182, 0.00002791, 0.00003334, 0.00003719, 0.00003896, 0.00003871, 0.00003687, 0.00003316, 0.00002432, 0.00000000
0.01072236, -0.00304472, -0.00889048, -0.01225712, -0.01434306, -0.01570627, -0.01692857, -0.01792570, -0.01864679, -0.01919349, -0.01968037, -0.02016087, -0.02063499, -0.02108172, -0.02148315, -0.02183375, -0.02213935, -0.02241212, -0.02266541, -0.02361075, -0.02439476, -0.02483936, -0.02492195, -0.02471062, -0.02424268, -0.02351254, -0.02251143, -0.02125613, -0.01979181, -0.01817954, -0.01648180, -0.01475305, -0.01303672, -0.01136655, -0.00976953, -0.00826846, -0.00688319, -0.00563036, -0.00452237, -0.00356348, -0.00275715, -0.00209599, -0.00156777, -0.00115577, -0.00084064, -0.00060262, -0.00042362, -0.00028863, -0.00018643, -0.00010945, -0.00005307, -0.00001447, 0.00000861, 0.00001892, 0.00002029, 0.00001751, 0.00001562, 0.00001848, 0.00002724, 0.00003904, 0.00004710, 0.00004301, 0.00002303, 0.00000000
-0.00258231, -0.00226874, -0.00240060, -0.00274778, -0.00318455, -0.00365244, -0.00414504, -0.00463326, -0.00510158, -0.00555138, -0.00598886, -0.00641819, -0.00684078, -0.00725674, -0.00766613, -0.00806957, -0.00846819, -0.00886351, -0.00925708, -0.01079856, -0.01222898, -0.01350521, -0.01458418, -0.01542731, -0.01600614, -0.01630341, -0.01631280, -0.01603865, -0.01549582, -0.01470955, -0.01371481, -0.01255478, -0.01127844, -0.00993751, -0.00858298, -0.00726185, -0.00601439, -0.00487222, -0.00385730, -0.00297894, -0.00224369, -0.00164564, -0.00117398, -0.00081363, -0.00054697, -0.00035575, -0.00022269, -0.00013260, -0.00007300, -0.00003426, -0.00000939, 0.00000641, 0.00001631, 0.00002242, 0.00002627, 0.00002908, 0.00003187, 0.00003530, 0.00003942, 0.00004334, 0.00004490, 0.00004077, 0.00002691, 0.00000000
-0.09442576, -0.07681326, -0.06779082, -0.06193969, -0.05781871, -0.05471486, -0.05203165, -0.04973677, -0.04780701, -0.04612764, -0.04458933, -0.04313724, -0.04176101, -0.04046827, -0.03926570, -0.03815186, -0.03711785, -0.03615109, -0.03523902, -0.03194839, -0.02908454, -0.02664089, -0.02451308, -0.02255254, -0.02066976, -0.01883982, -0.01706520, -0.01534837, -0.01368550, -0.01207244, -0.01051194, -0.00901650, -0.00760637, -0.00630454, -0.00513137, -0.00410049, -0.00321693, -0.00247726, -0.00187134, -0.00138210, -0.00099631, -0.00069670, -0.00046852, -0.00029898, -0.00017712, -0.00009360, -0.00004028, -0.00000992, 0.00000416, 0.00000808, 0.00000725, 0.00000602, 0.00000730, 0.00001231, 0.00002051, 0.00002998, 0.00003812, 0.00004259, 0.00004241, 0.00003857, 0.00003374, 0.00003016, 0.00002474, 0.00000000
0.01929537, 0.00559662, -0.00069190, -0.00460249, -0.00722817, -0.00909853, -0.01078764, -0.01221265, -0.01332623, -0.01423360, -0.01505276, -0.01584069, -0.01660081, -0.01731520, -0.01796859, -0.01855763, -0.01908990, -0.01957899, -0.02003947, -0.02173580, -0.02316813, -0.02418257, -0.02476740, -0.02499345, -0.02489838, -0.02447697, -0.02372115, -0.02264859, -0.02130581, -0.01975623, -0.01806616, -0.01629567, -0.01449560, -0.01270847, -0.01097087, -0.00931533, -0.00777082, -0.00636202, -0.00510787, -0.00401695, -0.00309629, -0.00233969, -0.00173487, -0.00126391, -0.00090538, -0.00063702, -0.00043802, -0.00029081, -0.00018187, -0.00010175, -0.00004439, -0.00000592, 0.00001658, 0.00002625, 0.00002711, 0.00002404, 0.00002207, 0.00002505, 0.00003405, 0.00004611, 0.00005418, 0.00004943, 0.00002742, 0.00000000
0.01267745, 0.00010180, -0.00545784, -0.00879218, -0.01093219, -0.01237515, -0.01366572, -0.01471828, -0.01548270, -0.01605669, -0.01655089, -0.01701751, -0.01745753, -0.01785200, -0.01818507, -0.01845280, -0.01866226, -0.01882656, -0.01895987, -0.01933149, -0.01944736, -0.01919309, -0.01859618, -0.01776473, -0.01676894, -0.01562938, -0.01435588, -0.01297594, -0.01153776, -0.01009817, -0.00870880, -0.00740754, -0.00621667, -0.00514559, -0.00419539, -0.00336308, -0.00264431, -0.00203452, -0.00152876, -0.00111869, -0.00079904, -0.00055858, -0.00038495, -0.00026442, -0.00018302, -0.00012788, -0.00008853, -0.00005762, -0.00003114, -0.00000795, 0.00001115, 0.00002455, 0.00003107, 0.00003081, 0.00002564, 0.00001893, 0.00001465, 0.00001596, 0.00002356, 0.00003449, 0.00004210, 0.00003840, 0.00002008, 0.00000000
-0.00682230, -0.01176833, -0.01367881, -0.01471958, -0.01529991, -0.01561239, -0.01590607, -0.01611805, -0.01621126, -0.01622956, -0.01622623, -0.01622579, -0.01622720, -0.01621955, -0.01619390, -0.01614770, -0.01608423, -0.01601003, -0.01593223, -0.01564334, -0.01535048, -0.01496061, -0.01445548, -0.01386098, -0.01318936, -0.01243373, -0.01158740, -0.01065779, -0.00966740, -0.00864702, -0.00762795, -0.00663680, -0.00569368, -0.00481266, -0.00400330, -0.00327206, -0.00262326, -0.00205929, -0.00158050, -0.00118258, -0.00086359, -0.00061541, -0.00042880, -0.00029311, -0.00019719, -0.00013042, -0.00008371, -0.00005009, -0.00002489, -0.00000553, 0.00000900, 0.00001888, 0.00002415, 0.00002534, 0.00002371, 0.00002125, 0.00002018, 0.00002219, 0.00002756, 0.00003442, 0.00003867, 0.00003512, 0.00002062, 0.00000000
-0.04571118, -0.04363046, -0.04187294, -0.04049976, -0.03936865, -0.03839283, -0.03757739, -0.03684763, -0.03615665, -0.03549928, -0.03488161, -0.03430371, -0.03375874, -0.03323765, -0.03273312, -0.03224100, -0.03176000, -0.03129070, -0.03083440, -0.02912221, -0.02750529, -0.02590124, -0.02426828, -0.02259365, -0.02087430, -0.01911181, -0.01731591, -0.01550665, -0.01371257, -0.01196615, -0.01029906, -0.00873858, -0.00730562, -0.00601412, -0.00487135, -0.00387868, -0.00303257, -0.00232552, -0.00174705, -0.00128195, -0.00091916, -0.00064286, -0.00043824, -0.00029108, -0.00018813, -0.00011773, -0.00007022, -0.00003818, -0.00001630, -0.00000111, 0.00000944, 0.00001652, 0.00002087, 0.00002316, 0.00002422, 0.00002503, 0.00002659, 0.00002954, 0.00003379, 0.00003813, 0.00004009, 0.00003625, 0.00002328, 0.00000000
-0.05508920, -0.04882312, -0.04518976, -0.04267156, -0.04078715, -0.03928627, -0.03799296, -0.03686269, -0.03586651, -0.03496732, -0.03413486, -0.03335245, -0.03261367, -0.03191647, -0.03125941, -0.03063994, -0.03005461, -0.02949973, -0.02897193, -0.02705935, -0.02536669, -0.02384042, -0.02241610, -0.02102922, -0.01963899, -0.01822833, -0.01679416, -0.01534026, -0.01387460, -0.01240951, -0.01096187, -0.00955220, -0.00820286, -0.00693553, -0.00576894, -0.00471714, -0.00378862, -0.00298616, -0.00230738, -0.00174352, -0.00128748, -0.00092662, -0.00064818, -0.00043916, -0.00028683, -0.00017935, -0.00010614, -0.00005819, -0.00002807, -0.00000988, 0.00000087, 0.00000743, 0.00001196, 0.00001576, 0.00001943, 0.00002309, 0.00002654, 0.00002947, 0.00003160, 0.00003264, 0.00003215, 0.00002899, 0.00002033, 0.00000000
-0.02909298, -0.03819498, -0.04131438, -0.04278428, -0.04342645, -0.04361462, -0.04381946, -0.04391279, -0.04381613, -0.04360635, -0.04337858, -0.04317353, -0.04298370, -0.04278368, -0.04255262, -0.04228262, -0.04197750, -0.04164769, -0.04130511, -0.03991629, -0.03842870, -0.03666341, -0.03460596, -0.03233909, -0.02992127, -0.02737254, -0.02471120, -0.02197985, -0.01924569, -0.01658569, -0.01407009, -0.01175179, -0.00966313, -0.00781806, -0.00621677, -0.00485058, -0.00370567, -0.00276533, -0.00201106, -0.00142020, -0.00097433, -0.00064970, -0.00042310, -0.00027175, -0.00017439, -0.00011261, -0.00007194, -0.00004235, -0.00001816, 0.00000265, 0.00001967, 0.00003141, 0.00003664, 0.00003542, 0.00002958, 0.00002251, 0.00001820, 0.00001978, 0.00002788, 0.00003931, 0.00004713, 0.00004293, 0.00002302, 0.00000000
0.17776235, 0.12779095, 0.10295287, 0.08688497, 0.07553675, 0.06695765, 0.05937065, 0.05282153, 0.04733192, 0.04256857, 0.03818779, 0.03401695, 0.03003002, 0.02626131, 0.02274173, 0.01947383, 0.01643354, 0.01358234, 0.01088013, 0.00108876, -0.00721993, -0.01381154, -0.01880120, -0.02250773, -0.02513920, -0.02676611, -0.02742927, -0.02721879, -0.02628476, -0.02480721, -0.02296025, -0.02088932, -0.01870518, -0.01648922, -0.01430315, -0.01219752, -0.01021651, -0.00839874, -0.00677536, -0.00536496, -0.00417802, -0.00320816, -0.00243764, -0.00183957, -0.00138195, -0.00103230, -0.00076171, -0.00054768, -0.00037529, -0.00023673, -0.00012940, -0.00005322, -0.00000770, 0.00001042, 0.00000828, -0.00000353, -0.00001314, -0.00001099, 0.00000616, 0.00003226, 0.00005224, 0.00004849, 0.00001735, 0.00000000
-0.02794287, -0.02144508, -0.01866344, -0.01728588, -0.01656079, -0.01616799, -0.01596543, -0.01586575, -0.01581842, -0.01579880, -0.01579554, -0.01580242, -0.01581494, -0.01582943, -0.01584311, -0.01585416, -0.01586170, -0.01586562, -0.01586630, -0.01581737, -0.01564609, -0.01534292, -0.01490086, -0.01431894, -0.01360608, -0.01277888, -0.01185866, -0.01086940, -0.00983644, -0.00878530, -0.00774068, -0.00672535, -0.00575922, -0.00485863, -0.00403588, -0.00329905, -0.00265213, -0.00209543, -0.00162611, -0.00123630, -0.00092179, -0.00067308, -0.00048105, -0.00033645, -0.00023012, -0.00015361, -0.00009952, -0.00006172, -0.00003546, -0.00001719, -0.00000440, 0.00000466, 0.00001119, 0.00001607, 0.00001998, 0.00002348, 0.00002701, 0.00003075, 0.00003451, 0.00003756, 0.00003839, 0.00003469, 0.00002322, 0.00000000
-0.04065481, -0.03517267, -0.03230342, -0.03053388, -0.02931724, -0.02840608, -0.02769796, -0.02711035, -0.02659337, -0.02612534, -0.02569676, -0.02530072, -0.02493034, -0.02457925, -0.02424248, -0.02391670, -0.02360011, -0.02329201, -0.02299231, -0.02185089, -0.02073846, -0.01961157, -0.01844486, -0.01722749, -0.01595894, -0.01464583, -0.01330081, -0.01194185, -0.01059072, -0.00927083, -0.00800500, -0.00681364, -0.00571335, -0.00471621, -0.00382961, -0.00305633, -0.00239504, -0.00184094, -0.00138649, -0.00102007, -0.00073338, -0.00051420, -0.00035110, -0.00023319, -0.00015031, -0.00009350, -0.00005532, -0.00002992, -0.00001300, -0.00000162, 0.00000612, 0.00001139, 0.00001494, 0.00001732, 0.00001905, 0.00002067, 0.00002263, 0.00002521, 0.00002827, 0.00003103, 0.00003199, 0.00002888, 0.00001903, 0.00000000
0.01635746, 0.00478559, -0.00023908, -0.00312028, -0.00489339, -0.00603455, -0.00698958, -0.00772771, -0.00823175, -0.00858352, -0.00886995, -0.00913364, -0.00937913, -0.00959567, -0.00977411, -0.00991338, -0.01001981, -0.01010379, -0.01017620, -0.01045052, -0.01067624, -0.01074511, -0.01064613, -0.01042567, -0.01010702, -0.00968316, -0.00914431, -0.00849757, -0.00776854, -0.00699238, -0.00620360, -0.00542967, -0.00468928, -0.00399376, -0.00334984, -0.00276199, -0.00223393, -0.00176890, -0.00136924, -0.00103298, -0.00076155, -0.00054941, -0.00038963, -0.00027338, -0.00019084, -0.00013240, -0.00008984, -0.00005706, -0.00003038, -0.00000824, 0.00000936, 0.00002174, 0.00002841, 0.00002976, 0.00002732, 0.00002371, 0.00002190, 0.00002419, 0.00003100, 0.00003993, 0.00004564, 0.00004150, 0.00002381, 0.00000000
-0.07598221, -0.06617609, -0.06061466, -0.05689411, -0.05418163, -0.05206987, -0.05033617, -0.04886602, -0.04758677, -0.04644741, -0.04541348, -0.04446290, -0.04358096, -0.04275716, -0.04198303, -0.04125150, -0.04055658, -0.03989340, -0.03925811, -0.03691517, -0.03475843, -0.03269954, -0.03067095, -0.02862412, -0.02653589, -0.02440390, -0.02223918, -0.02006116, -0.01789482, -0.01576900, -0.01371446, -0.01176167, -0.00993845, -0.00826774, -0.00676614, -0.00544298, -0.00430040, -0.00333389, -0.00253349, -0.00188272, -0.00136758, -0.00096882, -0.00066792, -0.00044699, -0.00028934, -0.00018009, -0.00010658, -0.00005854, -0.00002797, -0.00000892, 0.00000284, 0.00001019, 0.00001503, 0.00001856, 0.00002151, 0.00002433, 0.00002725, 0.00003030, 0.00003324, 0.00003546, 0.00003581, 0.00003233, 0.00002193, 0.00000000
0.00246349, -0.00970018, -0.01483256, -0.01773960, -0.01950593, -0.02063045, -0.02160385, -0.02237121, -0.02289998, -0.02327698, -0.02359740, -0.02390613, -0.02420486, -0.02447824, -0.02471333, -0.02490695, -0.02506485, -0.02519761, -0.02531662, -0.02575946, -0.02610629, -0.02621492, -0.02606340, -0.02569769, -0.02513685, -0.02436573, -0.02336806, -0.02214979, -0.02074158, -0.01918887, -0.01754042, -0.01584099, -0.01412889, -0.01243672, -0.01079340, -0.00922547, -0.00775739, -0.00641068, -0.00520247, -0.00414157, -0.00323520, -0.00247955, -0.00186527, -0.00137787, -0.00099941, -0.00071072, -0.00049340, -0.00033130, -0.00021142, -0.00012398, -0.00006204, -0.00002069, 0.00000401, 0.00001582, 0.00001888, 0.00001777, 0.00001692, 0.00001967, 0.00002702, 0.00003669, 0.00004311, 0.00003929, 0.00002177, 0.00000000
0.06828948, 0.04237095, 0.03000324, 0.02222908, 0.01694646, 0.01313181, 0.00978511, 0.00697604, 0.00474208, 0.00289719, 0.00124435, -0.00031304, -0.00178553, -0.00314936, -0.00438444, -0.00548887, -0.00647745, -0.00737392, -0.00820302, -0.01112273, -0.01347056, -0.01509451, -0.01605680, -0.01653810, -0.01664697, -0.01640566, -0.01581753, -0.01491592, -0.01377079, -0.01247029, -0.01109874, -0.00972292, -0.00838861, -0.00712421, -0.00594709, -0.00486919, -0.00390037, -0.00304916, -0.00232185, -0.00171829, -0.00123822, -0.00087150, -0.00060355, -0.00041594, -0.00028854, -0.00020211, -0.00014056, -0.00009243, -0.00005136, -0.00001551, 0.00001381, 0.00003400, 0.00004306, 0.00004110, 0.00003109, 0.00001846, 0.00000968, 0.00000997, 0.00002068, 0.00003734, 0.00004966, 0.00004556, 0.00002118, 0.00000000
-0.02814480, -0.02433024, -0.02214581, -0.02069677, -0.01964311, -0.01881959, -0.01815057, -0.01757983, -0.01707325, -0.01661451, -0.01619570, -0.01581134, -0.01545653, -0.01512690, -0.01481903, -0.01453049, -0.01425986, -0.01400635, -0.01376964, -0.01295351, -0.01226117, -0.01163006, -0.01101274, -0.01037604, -0.00970178, -0.00898411, -0.00822675, -0.00744054, -0.00664093, -0.00584560, -0.00507221, -0.00433675, -0.00365234, -0.00302866, -0.00247177, -0.00198429, -0.00156589, -0.00121379, -0.00092345, -0.00068658, -0.00049974, -0.00035507, -0.00024582, -0.00016547, -0.00010782, -0.00006729, -0.00003917, -0.00001974, -0.00000627, 0.00000318, 0.00000987, 0.00001465, 0.00001811, 0.00002076, 0.00002305, 0.00002541, 0.00002818, 0.00003148, 0.00003503, 0.00003799, 0.00003878, 0.00003497, 0.00002334, 0.00000000
-0.05946568, -0.05017250, -0.04523093, -0.04204276, -0.03979257, -0.03809020, -0.03669062, -0.03551393, -0.03451049, -0.03363014, -0.03283421, -0.03210063, -0.03141957, -0.03078640, -0.03019773, -0.02964950, -0.02913705, -0.02865567, -0.02820126, -0.02656981, -0.02512395, -0.02380520, -0.02254860, -0.02129148, -0.01999733, -0.01865480, -0.01726676, -0.01584204, -0.01439257, -0.01293337, -0.01148303, -0.01006317, -0.00869681, -0.00740623, -0.00621077, -0.00512527, -0.00415916, -0.00331640, -0.00259593, -0.00199011, -0.00149346, -0.00109446, -0.00078133, -0.00054180, -0.00036353, -0.00023474, -0.00014468, -0.00008389, -0.00004439, -0.00001964, -0.00000448, 0.00000494, 0.00001132, 0.00001635, 0.00002092, 0.00002528, 0.00002931, 0.00003268, 0.00003510, 0.00003625, 0.00003568, 0.00003215, 0.00002256, 0.00000000
0.02128201, 0.01428277, 0.01123175, 0.00928159, 0.00799437, 0.00711878, 0.00623048, 0.00547258, 0.00492712, 0.00451755, 0.00414784, 0.00377551, 0.00340570, 0.00306126, 0.00276054, 0.00250918, 0.00230144, 0.00212526, 0.00196731, 0.00138115, 0.00087774, 0.00057547, 0.00044901, 0.00039741, 0.00036316, 0.00034343, 0.00035118, 0.00038663, 0.00043338, 0.00046876, 0.00047545, 0.00044764, 0.00039082, 0.00031753, 0.00024195, 0.00017552, 0.00012459, 0.00009013, 0.00006899, 0.00005817, 0.00004963, 0.00004043, 0.00002887, 0.00001549, 0.00000249, -0.00000730, -0.00001162, -0.00000951, -0.00000175, 0.00000944, 0.00002095, 0.00002968, 0.00003349, 0.00003185, 0.00002616, 0.00001940, 0.00001521, 0.00001649, 0.00002385, 0.00003438, 0.00004166, 0.00003795, 0.00002000, 0.00000000
-0.00096376, -0.00584561, -0.00790239, -0.00915490, -0.00996903, -0.01052424, -0.01107118, -0.01153774, -0.01188126, -0.01214590, -0.01238685, -0.01262969, -0.01287304, -0.01310500, -0.01331558, -0.01350134, -0.01366502, -0.01381286, -0.01395188, -0.01447434, -0.01489337, -0.01510711, -0.01509546, -0.01488888, -0.01450767, -0.01395450, -0.01323302, -0.01236134, -0.01137270, -0.01030833, -0.00920940, -0.00811162, -0.00704334, -0.00602595, -0.00507537, -0.00420350, -0.00341908, -0.00272799, -0.00213310, -0.00163148, -0.00122220, -0.00089711, -0.00064639, -0.00045839, -0.00032064, -0.00022105, -0.00014903, -0.00009619, -0.00005663, -0.00002671, -0.00000454, 0.00001073, 0.00001972, 0.00002337, 0.00002334, 0.00002189, 0.00002151, 0.00002407, 0.00002994, 0.00003722, 0.00004166, 0.00003785, 0.00002236, 0.00000000
-0.00160138, -0.00607895, -0.00795264, -0.00902880, -0.00969468, -0.01012590, -0.01051027, -0.01081575, -0.01102352, -0.01116762, -0.01128753, -0.01140258, -0.01151406, -0.01161592, -0.01170295, -0.01177388, -0.01183126, -0.01187973, -0.01192438, -0.01209757, -0.01221962, -0.01221919, -0.01207529, -0.01180035, -0.01140372, -0.01088685, -0.01025432, -0.00952161, -0.00871456, -0.00786414, -0.00700066, -0.00615001, -0.00533221, -0.00456174, -0.00384864, -0.00319964, -0.00261904, -0.00210912, -0.00167021, -0.00129837, -0.00099281, -0.00074710, -0.00055429, -0.00040635, -0.00029479, -0.00021136, -0.00014884, -0.00010147, -0.00006510, -0.00003707, -0.00001584, -0.00000056, 0.00000948, 0.00001518, 0.00001785, 0.00001917, 0.00002089, 0.00002426, 0.00002950, 0.00003520, 0.00003831, 0.00003475, 0.00002142, 0.00000000
0.02355375, 0.00697307, -0.00053742, -0.00505621, -0.00801490, -0.01007938, -0.01187707, -0.01336378, -0.01451353, -0.01543978, -0.01626367, -0.01704441, -0.01778768, -0.01847763, -0.01910050, -0.01965382, -0.02014556, -0.02058942, -0.02099989, -0.02245464, -0.02359949, -0.02429872, -0.02455492, -0.02445170, -0.02403883, -0.02332223, -0.02230341, -0.02100800, -0.01948891, -0.01781423, -0.01605300, -0.01426570, -0.01250095, -0.01079646, -0.00918174, -0.00768044, -0.00631171, -0.00509021, -0.00402542, -0.00311822, -0.00236833, -0.00176503, -0.00129316, -0.00093369, -0.00066568, -0.00046844, -0.00032357, -0.00021622, -0.00013567, -0.00007509, -0.00003070, -0.00000055, 0.00001683, 0.00002345, 0.00002251, 0.00001833, 0.00001555, 0.00001780, 0.00002608, 0.00003753, 0.00004543, 0.00004150, 0.00002212, 0.00000000
-0.10884135, -0.09169686, -0.08242684, -0.07630326, -0.07190462, -0.06853213, -0.06569962, -0.06329296, -0.06123837, -0.05943449, -0.05779645, -0.05627680, -0.05485683, -0.05353048, -0.05229329, -0.05113803, -0.05005485, -0.04903288, -0.04806235, -0.04453091, -0.04137667, -0.03851994, -0.03585410, -0.03326699, -0.03069579, -0.02812587, -0.02556653, -0.02303323, -0.02054220, -0.01811205, -0.01576601, -0.01353192, -0.01143959, -0.00951683, -0.00778566, -0.00625965, -0.00494296, -0.00383076, -0.00291086, -0.00216291, -0.00156993, -0.00110918, -0.00075950, -0.00050110, -0.00031588, -0.00018781, -0.00010311, -0.00005012, -0.00001924, -0.00000267, 0.00000571, 0.00001040, 0.00001439, 0.00001927, 0.00002534, 0.00003196, 0.00003800, 0.00004231, 0.00004422, 0.00004382, 0.00004164, 0.00003747, 0.00002758, 0.00000000
-0.06577861, -0.06295436, -0.06045277, -0.05837074, -0.05662262, -0.05511689, -0.05379456, -0.05260790, -0.05152371, -0.05052183, -0.04958976, -0.04871848, -0.04790057, -0.04712962, -0.04640020, -0.04570791, -0.04504931, -0.04442166, -0.04382300, -0.04164915, -0.03968616, -0.03782091, -0.03596363, -0.03404781, -0.03203400, -0.02990672, -0.02766963, -0.02534134, -0.02295194, -0.02053952, -0.01814673, -0.01581719, -0.01359219, -0.01150789, -0.00959322, -0.00786871, -0.00634602, -0.00502836, -0.00391134, -0.00298128, -0.00222628, -0.00162631, -0.00116072, -0.00080828, -0.00054815, -0.00036089, -0.00022934, -0.00013906, -0.00007840, -0.00003844, -0.00001254, 0.00000403, 0.00001456, 0.00002137, 0.00002610, 0.00002992, 0.00003365, 0.00003769, 0.00004190, 0.00004541, 0.00004639, 0.00004194, 0.00002808, 0.00000000
0.01795201, 0.00191385, -0.00496976, -0.00888599, -0.01126684, -0.01277561, -0.01404904, -0.01503246, -0.01569407, -0.01614845, -0.01651853, -0.01686311, -0.01718603, -0.01746943, -0.01769833, -0.01786987, -0.01799230, -0.01807990, -0.01814775, -0.01837290, -0.01850561, -0.01839525, -0.01803756, -0.01751123, -0.01685607, -0.01606298, -0.01511606, -0.01402290, -0.01281795, -0.01155005, -0.01026778, -0.00901030, -0.00780479, -0.00666844, -0.00561223, -0.00464422, -0.00377135, -0.00299971, -0.00233369, -0.00177218, -0.00131568, -0.00095617, -0.00068267, -0.00048124, -0.00033645, -0.00023319, -0.00015838, -0.00010208, -0.00005790, -0.00002270, 0.00000427, 0.00002258, 0.00003192, 0.00003305, 0.00002838, 0.00002173, 0.00001748, 0.00001906, 0.00002727, 0.00003898, 0.00004709, 0.00004297, 0.00002285, 0.00000000
-0.05999498, -0.05036219, -0.04564243, -0.04276211, -0.04081365, -0.03938364, -0.03819506, -0.03718742, -0.03632680, -0.03556317, -0.03485392, -0.03417652, -0.03352439, -0.03289809, -0.03229892, -0.03172632, -0.03117772, -0.03064954, -0.03013827, -0.02818987, -0.02632537, -0.02454424, -0.02281977, -0.02111019, -0.01939443, -0.01767513, -0.01596612, -0.01428219, -0.01263593, -0.01103911, -0.00950492, -0.00804894, -0.00668841, -0.00544031, -0.00431910, -0.00333484, -0.00249207, -0.00178957, -0.00122090, -0.00077305, -0.00043509, -0.00019070, -0.00002392, 0.00008084, 0.00013824, 0.00016139, 0.00016146, 0.00014752, 0.00012657, 0.00010370, 0.00008233, 0.00006450, 0.00005110, 0.00004216, 0.00003708, 0.00003490, 0.00003450, 0.00003489, 0.00003528, 0.00003513, 0.00003388, 0.00003034, 0.00002140, 0.00000000
-0.04355893, -0.03888243, -0.03616667, -0.03440103, -0.03314383, -0.03218655, -0.03145990, -0.03087093, -0.03036175, -0.02991280, -0.02951809, -0.02917080, -0.02886143, -0.02858013, -0.02831892, -0.02807270, -0.02783876, -0.02761603, -0.02740436, -0.02663131, -0.02587383, -0.02504226, -0.02408510, -0.02297911, -0.02171667, -0.02030123, -0.01874850, -0.01708663, -0.01535386, -0.01359412, -0.01185226, -0.01017006, -0.00858337, -0.00712048, -0.00580140, -0.00463797, -0.00363442, -0.00278830, -0.00209169, -0.00153002, -0.00109100, -0.00075675, -0.00050979, -0.00033301, -0.00021041, -0.00012780, -0.00007343, -0.00003810, -0.00001515, -0.00000011, 0.00000980, 0.00001620, 0.00002006, 0.00002212, 0.00002315, 0.00002399, 0.00002550, 0.00002821, 0.00003202, 0.00003587, 0.00003754, 0.00003396, 0.00002196, 0.00000000
-0.04417249, -0.03898312, -0.03636646, -0.03476983, -0.03367346, -0.03284261, -0.03215334, -0.03154935, -0.03099989, -0.03048561, -0.02999556, -0.02952494, -0.02907238, -0.02863793, -0.02822189, -0.02782446, -0.02744570, -0.02708572, -0.02674474, -0.02552970, -0.02446378, -0.02349693, -0.02257167, -0.02163199, -0.02064028, -0.01957836, -0.01844208, -0.01723603, -0.01597046, -0.01465966, -0.01332112, -0.01197470, -0.01064162, -0.00934318, -0.00809953, -0.00692854, -0.00584494, -0.00485977, -0.00398018, -0.00320564, -0.00254027, -0.00197880, -0.00151479, -0.00113950, -0.00084238, -0.00061198, -0.00043681, -0.00030603, -0.00020994, -0.00014021, -0.00008995, -0.00005363, -0.00002703, -0.00000698, 0.00000874, 0.00002166, 0.00003267, 0.00004219, 0.00005010, 0.00005567, 0.00005734, 0.00005224, 0.00003564, 0.00000000
-0.08221809, -0.06443623, -0.05560608, -0.05002222, -0.04616483, -0.04330023, -0.04083476, -0.03873201, -0.03696839, -0.03543320, -0.03402155, -0.03268152, -0.03140438, -0.03019884, -0.02907264, -0.02802558, -0.02705019, -0.02613529, -0.02526964, -0.02213159, -0.01940139, -0.01710364, -0.01516051, -0.01344452, -0.01187903, -0.01044410, -0.00914080, -0.00796497, -0.00690178, -0.00593232, -0.00504180, -0.00422378, -0.00347958, -0.00281483, -0.00223520, -0.00174320, -0.00133662, -0.00100864, -0.00074922, -0.00054435, -0.00038593, -0.00026332, -0.00016916, -0.00009816, -0.00004657, -0.00001151, 0.00000950, 0.00001913, 0.00002039, 0.00001669, 0.00001148, 0.00000782, 0.00000778, 0.00001208, 0.00001992, 0.00002923, 0.00003730, 0.00004176, 0.00004157, 0.00003770, 0.00003284, 0.00002931, 0.00002412, 0.00000000
-0.08691041, -0.07342590, -0.06619244, -0.06144389, -0.05805523, -0.05547369, -0.05330926, -0.05147539, -0.04991628, -0.04855150, -0.04731310, -0.04616355, -0.04508880, -0.04408498, -0.04314934, -0.04227661, -0.04145917, -0.04068854, -0.03995689, -0.03728784, -0.03488500, -0.03269044, -0.03062109, -0.02858732, -0.02653953, -0.02446784, -0.02238194, -0.02029622, -0.01822538, -0.01618595, -0.01419848, -0.01228773, -0.01048065, -0.00880304, -0.00727636, -0.00591531, -0.00472673, -0.00370983, -0.00285729, -0.00215436, -0.00158871, -0.00114236, -0.00079810, -0.00053929, -0.00035027, -0.00021677, -0.00012618, -0.00006762, -0.00003191, -0.00001146, -0.00000026, 0.00000622, 0.00001106, 0.00001598, 0.00002154, 0.00002738, 0.00003263, 0.00003637, 0.00003807, 0.00003779, 0.00003596, 0.00003233, 0.00002373, 0.00000000
-0.06515195, -0.05410266, -0.04843901, -0.04485679, -0.04233862, -0.04041917, -0.03882074, -0.03745067, -0.03625355, -0.03517611, -0.03417833, -0.03323800, -0.03234560, -0.03149737, -0.03069070, -0.02992234, -0.02918843, -0.02848497, -0.02780851, -0.02529827, -0.02300618, -0.02089737, -0.01892742, -0.01705122, -0.01524698, -0.01351474, -0.01186475, -0.01030867, -0.00885612, -0.00751458, -0.00629009, -0.00518746, -0.00420989, -0.00335817, -0.00263003, -0.00201991, -0.00151922, -0.00111702, -0.00080100, -0.00055571, -0.00037192, -0.00023713, -0.00014121, -0.00007550, -0.00003253, -0.00000607, 0.00000889, 0.00001626, 0.00001900, 0.00001934, 0.00001888, 0.00001870, 0.00001945, 0.00002138, 0.00002441, 0.00002817, 0.00003212, 0.00003572, 0.00003843, 0.00003982, 0.00003925, 0.00003535, 0.00002474, 0.00000000
0.04566462, 0.02125299, 0.01036150, 0.00397932, -0.00006348, -0.00277197, -0.00505889, -0.00688498, -0.00822807, -0.00925431, -0.01013651, -0.01095896, -0.01173060, -0.01243029, -0.01304000, -0.01355743, -0.01399480, -0.01437212, -0.01471028, -0.01589387, -0.01681950, -0.01731220, -0.01738921, -0.01717693, -0.01674564, -0.01609610, -0.01521687, -0.01412586, -0.01287524, -0.01153472, -0.01017190, -0.00883980, -0.00757356, -0.00639342, -0.00531017, -0.00433012, -0.00345807, -0.00269808, -0.00205279, -0.00151928, -0.00109627, -0.00077350, -0.00053756, -0.00037199, -0.00025903, -0.00018184, -0.00012642, -0.00008282, -0.00004555, -0.00001305, 0.00001354, 0.00003198, 0.00004059, 0.00003954, 0.00003148, 0.00002116, 0.00001425, 0.00001525, 0.00002526, 0.00004023, 0.00005100, 0.00004665, 0.00002320, 0.00000000
-0.03396097, -0.03265545, -0.03138299, -0.03033905, -0.02944517, -0.02864939, -0.02797216, -0.02735421, -0.02675900, -0.02618637, -0.02564490, -0.02513668, -0.02465687, -0.02419836, -0.02375547, -0.02332523, -0.02290719, -0.02250243, -0.02211255, -0.02069067, -0.01941421, -0.01820548, -0.01702038, -0.01583881, -0.01464784, -0.01343817, -0.01220814, -0.01096616, -0.00972923, -0.00851894, -0.00735741, -0.00626418, -0.00525462, -0.00433936, -0.00352455, -0.00281237, -0.00220165, -0.00168841, -0.00126650, -0.00092569, -0.00065945, -0.00045674, -0.00030711, -0.00020023, -0.00012625, -0.00007634, -0.00004314, -0.00002101, -0.00000594, 0.00000460, 0.00001202, 0.00001704, 0.00002008, 0.00002157, 0.00002214, 0.00002261, 0.00002383, 0.00002637, 0.00003013, 0.00003402, 0.00003580, 0.00003237, 0.00002074, 0.00000000
-0.03290962, -0.03547933, -0.03590821, -0.03585434, -0.03559156, -0.03522693, -0.03492001, -0.03460603, -0.03424501, -0.03386126, -0.03348879, -0.03314187, -0.03281664, -0.03250256, -0.03219089, -0.03187806, -0.03156508, -0.03125570, -0.03095434, -0.02984699, -0.02881739, -0.02775689, -0.02661943, -0.02539844, -0.02408626, -0.02266933, -0.02114100, -0.01951046, -0.01780245, -0.01605142, -0.01429491, -0.01256863, -0.01090397, -0.00932722, -0.00785964, -0.00651767, -0.00531313, -0.00425306, -0.00333973, -0.00256791, -0.00193365, -0.00142472, -0.00102692, -0.00072411, -0.00049925, -0.00033581, -0.00021894, -0.00013624, -0.00007808, -0.00003750, -0.00000977, 0.00000825, 0.00001878, 0.00002375, 0.00002516, 0.00002516, 0.00002585, 0.00002871, 0.00003399, 0.00004009, 0.00004347, 0.00003943, 0.00002433, 0.00000000
-0.06274778, -0.04904312, -0.04226978, -0.03809599, -0.03527890, -0.03323570, -0.03155926, -0.03017389, -0.02903288, -0.02805808, -0.02718253, -0.02637121, -0.02561385, -0.02491059, -0.02426198, -0.02366525, -0.02311447, -0.02260233, -0.02212192, -0.02040038, -0.01888638, -0.01755676, -0.01634604, -0.01517257, -0.01399193, -0.01279798, -0.01160178, -0.01041595, -0.00925025, -0.00811362, -0.00701710, -0.00597478, -0.00500246, -0.00411515, -0.00332446, -0.00263687, -0.00205313, -0.00156882, -0.00117561, -0.00086019, -0.00061412, -0.00042504, -0.00028275, -0.00017836, -0.00010419, -0.00005370, -0.00002135, -0.00000242, 0.00000716, 0.00001093, 0.00001187, 0.00001234, 0.00001393, 0.00001736, 0.00002249, 0.00002845, 0.00003400, 0.00003795, 0.00003960, 0.00003905, 0.00003689, 0.00003312, 0.00002452, 0.00000000
0.04269505, 0.01969967, 0.00940761, 0.00334110, -0.00052731, -0.00314180, -0.00537081, -0.00716813, -0.00850760, -0.00954704, -0.01045172, -0.01130180, -0.01210496, -0.01284000, -0.01348888, -0.01404886, -0.01453132, -0.01495522, -0.01534045, -0.01670547, -0.01779666, -0.01844387, -0.01866464, -0.01858193, -0.01826450, -0.01771381, -0.01691927, -0.01589786, -0.01469891, -0.01338829, -0.01202987, -0.01067420, -0.00935574, -0.00809596, -0.00690867, -0.00580454, -0.00479363, -0.00388569, -0.00308900, -0.00240605, -0.00184004, -0.00138454, -0.00102891, -0.00075848, -0.00055631, -0.00040543, -0.00029097, -0.00020152, -0.00012971, -0.00007190, -0.00002720, 0.00000404, 0.00002168, 0.00002708, 0.00002363, 0.00001654, 0.00001169, 0.00001369, 0.00002383, 0.00003842, 0.00004882, 0.00004469, 0.00002226, 0.00000000
-0.02865407, -0.02962998, -0.02932689, -0.02881606, -0.02824834, -0.02767109, -0.02717816, -0.02671443, -0.02624542, -0.02578346, -0.02534911, -0.02495015, -0.02458230, -0.02423693, -0.02390683, -0.02358848, -0.02328174, -0.02298841, -0.02271097, -0.02175395, -0.02095056, -0.02019587, -0.01943307, -0.01863688, -0.01778667, -0.01686223, -0.01585122, -0.01475439, -0.01358493, -0.01236438, -0.01111799, -0.00987138, -0.00864857, -0.00747116, -0.00635799, -0.00532492, -0.00438452, -0.00354575, -0.00281365, -0.00218669, -0.00166487, -0.00124058, -0.00090441, -0.00064490, -0.00044944, -0.00030541, -0.00020116, -0.00012670, -0.00007406, -0.00003726, -0.00001205, 0.00000452, 0.00001461, 0.00002000, 0.00002241, 0.00002357, 0.00002508, 0.00002802, 0.00003255, 0.00003741, 0.00003986, 0.00003610, 0.00002280, 0.00000000
-0.10623756, -0.08303137, -0.07142816, -0.06412708, -0.05911955, -0.05544462, -0.05236697, -0.04980001, -0.04768770, -0.04588738, -0.04426901, -0.04276507, -0.04135825, -0.04005203, -0.03884990, -0.03774740, -0.03673271, -0.03579051, -0.03490591, -0.03172660, -0.02895313, -0.02657489, -0.02448629, -0.02253872, -0.02064810, -0.01879888, -0.01700286, -0.01526896, -0.01359645, -0.01198168, -0.01042634, -0.00894126, -0.00754492, -0.00625868, -0.00510145, -0.00408565, -0.00321529, -0.00248620, -0.00188777, -0.00140291, -0.00101849, -0.00071777, -0.00048669, -0.00031325, -0.00018729, -0.00010008, -0.00004395, -0.00001182, 0.00000305, 0.00000702, 0.00000585, 0.00000424, 0.00000538, 0.00001059, 0.00001930, 0.00002937, 0.00003793, 0.00004242, 0.00004178, 0.00003720, 0.00003181, 0.00002837, 0.00002394, 0.00000000
-0.08038250, -0.06958689, -0.06379726, -0.05997746, -0.05725247, -0.05517805, -0.05340817, -0.05189489, -0.05060675, -0.04947496, -0.04843794, -0.04746358, -0.04654350, -0.04567898, -0.04487132, -0.04411822, -0.04341406, -0.04275159, -0.04212386, -0.03983838, -0.03778922, -0.03594154, -0.03421470, -0.03250819, -0.03075852, -0.02894231, -0.02705603, -0.02510102, -0.02308032, -0.02100233, -0.01888487, -0.01675635, -0.01465364, -0.01261765, -0.01068829, -0.00890022, -0.00727975, -0.00584358, -0.00459877, -0.00354096, -0.00266486, -0.00195544, -0.00139531, -0.00096508, -0.00064445, -0.00041342, -0.00025318, -0.00014677, -0.00007946, -0.00003893, -0.00001538, -0.00000143, 0.00000795, 0.00001575, 0.00002318, 0.00003022, 0.00003617, 0.00004019, 0.00004188, 0.00004146, 0.00003947, 0.00003561, 0.00002624, 0.00000000
0.07592073, 0.04039888, 0.02426595, 0.01458415, 0.00830873, 0.00399543, 0.00026657, -0.00278153, -0.00509438, -0.00692252, -0.00853090, -0.01004696, -0.01148076, -0.01279608, -0.01396247, -0.01497496, -0.01585187, -0.01662406, -0.01732394, -0.01976054, -0.02166430, -0.02278667, -0.02318697, -0.02309419, -0.02264130, -0.02184421, -0.02069385, -0.01922280, -0.01751387, -0.01567446, -0.01380619, -0.01198633, -0.01026339, -0.00866280, -0.00719605, -0.00586897, -0.00468654, -0.00365417, -0.00277626, -0.00205070, -0.00147619, -0.00103966, -0.00072280, -0.00050257, -0.00035390, -0.00025288, -0.00017972, -0.00012063, -0.00006836, -0.00002151, 0.00001741, 0.00004436, 0.00005636, 0.00005344, 0.00003956, 0.00002210, 0.00000988, 0.00001003, 0.00002438, 0.00004688, 0.00006367, 0.00005846, 0.00002639, 0.00000000
-0.17870477, -0.13471829, -0.11331219, -0.10003756, -0.09107102, -0.08459487, -0.07914139, -0.07461444, -0.07094974, -0.06786807, -0.06510397, -0.06252269, -0.06009657, -0.05784173, -0.05577266, -0.05388489, -0.05215646, -0.05055652, -0.04905440, -0.04361504, -0.03884997, -0.03483853, -0.03143001, -0.02835796, -0.02547326, -0.02275680, -0.02023394, -0.01791197, -0.01576824, -0.01376757, -0.01188332, -0.01010851, -0.00845502, -0.00694527, -0.00560188, -0.00443949, -0.00346068, -0.00265599, -0.00200693, -0.00148780, -0.00107786, -0.00075519, -0.00050332, -0.00031036, -0.00016786, -0.00006938, -0.00000894, 0.00002013, 0.00002582, 0.00001714, 0.00000333, -0.00000757, -0.00001004, -0.00000218, 0.00001400, 0.00003323, 0.00004874, 0.00005476, 0.00004925, 0.00003579, 0.00002305, 0.00002004, 0.00002427, 0.00000000
-0.01957327, -0.02187093, -0.02265993, -0.02309245, -0.02332545, -0.02343105, -0.02355337, -0.02363264, -0.02363343, -0.02358115, -0.02351066, -0.02343827, -0.02336311, -0.02327760, -0.02317563, -0.02305562, -0.02292018, -0.02277430, -0.02262351, -0.02201040, -0.02134708, -0.02057007, -0.01966372, -0.01864383, -0.01752097, -0.01629658, -0.01497583, -0.01357687, -0.01213080, -0.01067597, -0.00925111, -0.00789029, -0.00662036, -0.00546044, -0.00442251, -0.00351249, -0.00273127, -0.00207561, -0.00153878, -0.00110865, -0.00077642, -0.00052757, -0.00034779, -0.00022277, -0.00013884, -0.00008390, -0.00004803, -0.00002392, -0.00000675, 0.00000612, 0.00001578, 0.00002242, 0.00002605, 0.00002699, 0.00002614, 0.00002495, 0.00002503, 0.00002759, 0.00003268, 0.00003865, 0.00004197, 0.00003805, 0.00002341, 0.00000000
0.02903211, 0.01787896, 0.01255888, 0.00922304, 0.00694010, 0.00527154, 0.00381272, 0.00258255, 0.00159069, 0.00076079, 0.00001256, -0.00069473, -0.00136747, -0.00199785, -0.00257886, -0.00311016, -0.00359773, -0.00405102, -0.00447989, -0.00604655, -0.00737195, -0.00837930, -0.00907365, -0.00951038, -0.00972571, -0.00972965, -0.00952924, -0.00914525, -0.00861345, -0.00797685, -0.00727686, -0.00654780, -0.00581533, -0.00509780, -0.00440855, -0.00375807, -0.00315521, -0.00260753, -0.00212094, -0.00169684, -0.00133861, -0.00104301, -0.00080488, -0.00061686, -0.00047022, -0.00035606, -0.00026637, -0.00019481, -0.00013696, -0.00009026, -0.00005351, -0.00002619, -0.00000776, 0.00000293, 0.00000790, 0.00000993, 0.00001201, 0.00001645, 0.00002390, 0.00003253, 0.00003799, 0.00003477, 0.00001991, 0.00000000
-0.12112454, -0.10150890, -0.09090529, -0.08381427, -0.07869751, -0.07477595, -0.07142367, -0.06856605, -0.06615068, -0.06404873, -0.06214234, -0.06036839, -0.05870784, -0.05716022, -0.05572546, -0.05439700, -0.05316226, -0.05200572, -0.05091276, -0.04695558, -0.04345573, -0.04034878, -0.03750571, -0.03477353, -0.03206671, -0.02936851, -0.02669329, -0.02405862, -0.02147770, -0.01896364, -0.01653501, -0.01421770, -0.01204241, -0.01003957, -0.00823412, -0.00664179, -0.00526750, -0.00410586, -0.00314323, -0.00235798, -0.00173099, -0.00123876, -0.00085997, -0.00057525, -0.00036734, -0.00022109, -0.00012325, -0.00006214, -0.00002747, -0.00001024, -0.00000286, 0.00000064, 0.00000435, 0.00001029, 0.00001855, 0.00002767, 0.00003535, 0.00003952, 0.00003929, 0.00003562, 0.00003105, 0.00002773, 0.00002282, 0.00000000
-0.06296458, -0.05228052, -0.04674887, -0.04316214, -0.04063335, -0.03872541, -0.03708843, -0.03568840, -0.03450374, -0.03346754, -0.03251767, -0.03162245, -0.03077493, -0.02997837, -0.02923589, -0.02854643, -0.02790506, -0.02730490, -0.02673912, -0.02470457, -0.02293128, -0.02140311, -0.02005306, -0.01879005, -0.01755712, -0.01633521, -0.01512204, -0.01391640, -0.01271434, -0.01151265, -0.01031328, -0.00912548, -0.00796488, -0.00685070, -0.00580233, -0.00483638, -0.00396483, -0.00319440, -0.00252679, -0.00195720, -0.00148288, -0.00109530, -0.00078573, -0.00054483, -0.00036294, -0.00023041, -0.00013794, -0.00007675, -0.00003878, -0.00001684, -0.00000483, 0.00000209, 0.00000732, 0.00001279, 0.00001903, 0.00002553, 0.00003113, 0.00003472, 0.00003571, 0.00003446, 0.00003197, 0.00002869, 0.00002176, 0.00000000
-0.08816258, -0.07340642, -0.06560188, -0.06050647, -0.05686652, -0.05407755, -0.05171998, -0.04970357, -0.04797089, -0.04643738, -0.04503156, -0.04371448, -0.04247230, -0.04130208, -0.04020194, -0.03916724, -0.03819068, -0.03726394, -0.03637930, -0.03313248, -0.03021812, -0.02759345, -0.02518400, -0.02290426, -0.02070710, -0.01858346, -0.01654142, -0.01459093, -0.01273937, -0.01099335, -0.00936130, -0.00785416, -0.00648392, -0.00526109, -0.00419215, -0.00327798, -0.00251348, -0.00188821, -0.00138792, -0.00099365, -0.00069154, -0.00046442, -0.00029776, -0.00017901, -0.00009741, -0.00004402, -0.00001146, 0.00000628, 0.00001416, 0.00001621, 0.00001566, 0.00001493, 0.00001558, 0.00001827, 0.00002281, 0.00002830, 0.00003352, 0.00003726, 0.00003886, 0.00003837, 0.00003631, 0.00003261, 0.00002409, 0.00000000
-0.00701562, -0.00983833, -0.01133900, -0.01243100, -0.01326347, -0.01391944, -0.01452816, -0.01505361, -0.01547621, -0.01582250, -0.01612532, -0.01640202, -0.01665560, -0.01688297, -0.01708158, -0.01725189, -0.01739725, -0.01752264, -0.01763330, -0.01796568, -0.01810528, -0.01802109, -0.01771401, -0.01720712, -0.01652056, -0.01566889, -0.01466999, -0.01355094, -0.01234724, -0.01109815, -0.00984165, -0.00861092, -0.00743286, -0.00632792, -0.00531080, -0.00439130, -0.00357503, -0.00286396, -0.00225683, -0.00174676, -0.00133003, -0.00099656, -0.00073580, -0.00053635, -0.00038657, -0.00027543, -0.00019329, -0.00013234, -0.00008675, -0.00005249, -0.00002695, -0.00000848, 0.00000414, 0.00001212, 0.00001687, 0.00002002, 0.00002317, 0.00002750, 0.00003316, 0.00003887, 0.00004178, 0.00003794, 0.00002393, 0.00000000
0.00405145, -0.00766542, -0.01256956, -0.01534767, -0.01702628, -0.01808161, -0.01901061, -0.01974157, -0.02023134, -0.02056690, -0.02084608, -0.02111451, -0.02137220, -0.02160153, -0.02178768, -0.02192652, -0.02202375, -0.02209044, -0.02213868, -0.02226365, -0.02224827, -0.02195464, -0.02137611, -0.02058278, -0.01961683, -0.01848233, -0.01717981, -0.01573120, -0.01418193, -0.01258941, -0.01100963, -0.00948832, -0.00805808, -0.00673965, -0.00554501, -0.00448052, -0.00354891, -0.00275020, -0.00208170, -0.00153526, -0.00110444, -0.00077576, -0.00053406, -0.00036262, -0.00024447, -0.00016395, -0.00010803, -0.00006712, -0.00003524, -0.00000961, 0.00001028, 0.00002382, 0.00003043, 0.00003056, 0.00002608, 0.00002015, 0.00001645, 0.00001789, 0.00002508, 0.00003527, 0.00004226, 0.00003853, 0.00002071, 0.00000000
0.05590052, 0.03609456, 0.02660695, 0.02063789, 0.01653992, 0.01353128, 0.01088800, 0.00864262, 0.00681257, 0.00526320, 0.00385346, 0.00251290, 0.00123192, 0.00002580, -0.00109185, -0.00211955, -0.00306713, -0.00395061, -0.00478675, -0.00783691, -0.01043424, -0.01244899, -0.01390005, -0.01489440, -0.01549851, -0.01572688, -0.01558602, -0.01510639, -0.01434600, -0.01337733, -0.01227188, -0.01109026, -0.00987938, -0.00867435, -0.00750220, -0.00638527, -0.00534301, -0.00439214, -0.00354585, -0.00281026, -0.00219055, -0.00168225, -0.00127626, -0.00095933, -0.00071577, -0.00052954, -0.00038623, -0.00027431, -0.00018573, -0.00011576, -0.00006215, -0.00002395, -0.00000025, 0.00001085, 0.00001277, 0.00001027, 0.00000853, 0.00001165, 0.00002090, 0.00003339, 0.00004213, 0.00003860, 0.00001959, 0.00000000
-0.08468411, -0.06800926, -0.05956589, -0.05420553, -0.05050075, -0.04776285, -0.04546163, -0.04353317, -0.04193642, -0.04056821, -0.03933434, -0.03818565, -0.03710924, -0.03610741, -0.03518258, -0.03433152, -0.03354570, -0.03281407, -0.03212586, -0.02964465, -0.02746555, -0.02557410, -0.02388870, -0.02229600, -0.02072964, -0.01917406, -0.01763472, -0.01611626, -0.01461740, -0.01313599, -0.01167518, -0.01024641, -0.00886827, -0.00756286, -0.00635144, -0.00525096, -0.00427199, -0.00341837, -0.00268794, -0.00207200, -0.00156355, -0.00115086, -0.00082267, -0.00056794, -0.00037600, -0.00023662, -0.00014011, -0.00007727, -0.00003947, -0.00001882, -0.00000844, -0.00000278, 0.00000205, 0.00000813, 0.00001574, 0.00002382, 0.00003051, 0.00003412, 0.00003394, 0.00003081, 0.00002691, 0.00002404, 0.00001971, 0.00000000
-0.10634653, -0.08669146, -0.07630599, -0.06951073, -0.06466092, -0.06095856, -0.05782636, -0.05515770, -0.05288484, -0.05089221, -0.04907943, -0.04739227, -0.04581267, -0.04433815, -0.04296732, -0.04169423, -0.04050864, -0.03939851, -0.03835232, -0.03461841, -0.03140418, -0.02863731, -0.02619618, -0.02394132, -0.02178990, -0.01971622, -0.01772085, -0.01580756, -0.01397683, -0.01222897, -0.01056862, -0.00900655, -0.00755798, -0.00623897, -0.00506263, -0.00403630, -0.00316035, -0.00242857, -0.00182962, -0.00134535, -0.00096417, -0.00066894, -0.00044525, -0.00028032, -0.00016283, -0.00008286, -0.00003182, -0.00000226, 0.00001235, 0.00001767, 0.00001847, 0.00001847, 0.00002014, 0.00002460, 0.00003162, 0.00003992, 0.00004765, 0.00005305, 0.00005515, 0.00005413, 0.00005098, 0.00004582, 0.00003413, 0.00000000
0.03247318, 0.01125290, 0.00184416, -0.00365095, -0.00711466, -0.00942249, -0.01138144, -0.01294680, -0.01409291, -0.01496590, -0.01571918, -0.01642716, -0.01709683, -0.01770836, -0.01824469, -0.01870311, -0.01909395, -0.01943458, -0.01974327, -0.02084860, -0.02174277, -0.02225567, -0.02239105, -0.02225011, -0.02188449, -0.02128500, -0.02043309, -0.01933785, -0.01804074, -0.01660111, -0.01507939, -0.01352647, -0.01198086, -0.01047103, -0.00901948, -0.00764619, -0.00637008, -0.00520867, -0.00417648, -0.00328058, -0.00252691, -0.00191036, -0.00142026, -0.00104077, -0.00075293, -0.00053716, -0.00037552, -0.00025337, -0.00016011, -0.00008910, -0.00003677, -0.00000135, 0.00001865, 0.00002558, 0.00002329, 0.00001709, 0.00001265, 0.00001444, 0.00002373, 0.00003716, 0.00004672, 0.00004275, 0.00002157, 0.00000000
-0.03223592, -0.03057834, -0.02924949, -0.02822516, -0.02738407, -0.02665856, -0.02605043, -0.02550548, -0.02499062, -0.02450301, -0.02404785, -0.02362589, -0.02323289, -0.02286302, -0.02251141, -0.02217543, -0.02185433, -0.02154860, -0.02125918, -0.02024261, -0.01936791, -0.01855661, -0.01775730, -0.01693816, -0.01607640, -0.01515588, -0.01416921, -0.01311898, -0.01201657, -0.01087947, -0.00972849, -0.00858546, -0.00747162, -0.00640652, -0.00540727, -0.00448792, -0.00365897, -0.00292715, -0.00229527, -0.00175996, -0.00131972, -0.00096624, -0.00069004, -0.00048021, -0.00032517, -0.00021353, -0.00013494, -0.00008063, -0.00004357, -0.00001855, -0.00000185, 0.00000903, 0.00001584, 0.00001987, 0.00002223, 0.00002397, 0.00002600, 0.00002892, 0.00003270, 0.00003638, 0.00003791, 0.00003431, 0.00002233, 0.00000000
0.04928908, 0.02603862, 0.01540148, 0.00899909, 0.00482758, 0.00194291, -0.00053178, -0.00255238, -0.00409501, -0.00532131, -0.00640025, -0.00741485, -0.00837470, -0.00925998, -0.01005371, -0.01075410, -0.01137332, -0.01193106, -0.01244779, -0.01432259, -0.01590498, -0.01702762, -0.01770547, -0.01805574, -0.01813967, -0.01795096, -0.01747187, -0.01671359, -0.01572151, -0.01455968, -0.01329262, -0.01197396, -0.01064353, -0.00933010, -0.00805603, -0.00684121, -0.00570485, -0.00466522, -0.00373801, -0.00293153, -0.00225346, -0.00170007, -0.00126201, -0.00092464, -0.00067007, -0.00047974, -0.00033676, -0.00022758, -0.00014282, -0.00007700, -0.00002772, 0.00000585, 0.00002446, 0.00003004, 0.00002640, 0.00001897, 0.00001376, 0.00001548, 0.00002546, 0.00003997, 0.00005034, 0.00004606, 0.00002318, 0.00000000
-0.00122692, -0.01146089, -0.01564712, -0.01788928, -0.01915417, -0.01987373, -0.02043834, -0.02082518, -0.02102033, -0.02109343, -0.02111819, -0.02113054, -0.02113392, -0.02111889, -0.02107740, -0.02100828, -0.02091675, -0.02081145, -0.02070145, -0.02029200, -0.01989203, -0.01939034, -0.01876023, -0.01802588, -0.01719510, -0.01625402, -0.01519080, -0.01401246, -0.01274590, -0.01142962, -0.01010407, -0.00880498, -0.00756070, -0.00639232, -0.00531509, -0.00433985, -0.00347400, -0.00272170, -0.00208380, -0.00155500, -0.00113182, -0.00080331, -0.00055685, -0.00037814, -0.00025231, -0.00016533, -0.00010517, -0.00006257, -0.00003126, -0.00000764, 0.00000983, 0.00002155, 0.00002769, 0.00002890, 0.00002672, 0.00002351, 0.00002193, 0.00002404, 0.00003019, 0.00003822, 0.00004331, 0.00003939, 0.00002290, 0.00000000
-0.05016350, -0.04674635, -0.04419071, -0.04223795, -0.04064840, -0.03928860, -0.03813396, -0.03710004, -0.03613406, -0.03522500, -0.03437416, -0.03357867, -0.03283015, -0.03211873, -0.03143645, -0.03077848, -0.03014290, -0.02952957, -0.02893919, -0.02677930, -0.02483889, -0.02301995, -0.02126504, -0.01954642, -0.01784878, -0.01616391, -0.01449292, -0.01284741, -0.01124728, -0.00971629, -0.00827759, -0.00695049, -0.00574875, -0.00468014, -0.00374693, -0.00294669, -0.00227328, -0.00171778, -0.00126933, -0.00091317, -0.00063975, -0.00043506, -0.00028655, -0.00018237, -0.00011163, -0.00006486, -0.00003434, -0.00001427, -0.00000069, 0.00000888, 0.00001573, 0.00002049, 0.00002350, 0.00002517, 0.00002606, 0.00002698, 0.00002874, 0.00003185, 0.00003615, 0.00004042, 0.00004223, 0.00003817, 0.00002471, 0.00000000
0.01741283, 0.00349824, -0.00258329, -0.00604669, -0.00816105, -0.00950756, -0.01059686, -0.01141815, -0.01196647, -0.01233626, -0.01262413, -0.01287807, -0.01310493, -0.01329511, -0.01344037, -0.01354079, -0.01360408, -0.01364189, -0.01366624, -0.01374554, -0.01378634, -0.01368001, -0.01341656, -0.01304310, -0.01257905, -0.01201042, -0.01132079, -0.01051328, -0.00961262, -0.00865569, -0.00768037, -0.00671835, -0.00579281, -0.00491946, -0.00410893, -0.00336903, -0.00270594, -0.00212448, -0.00162757, -0.00121317, -0.00088103, -0.00062383, -0.00043222, -0.00029477, -0.00019910, -0.00013330, -0.00008719, -0.00005317, -0.00002648, -0.00000491, 0.00001190, 0.00002337, 0.00002902, 0.00002921, 0.00002553, 0.00002068, 0.00001782, 0.00001940, 0.00002592, 0.00003494, 0.00004099, 0.00003734, 0.00002068, 0.00000000
0.03333888, 0.01608003, 0.00827752, 0.00356518, 0.00050080, -0.00160748, -0.00346349, -0.00499084, -0.00614550, -0.00705517, -0.00785926, -0.00862462, -0.00935525, -0.01003036, -0.01063242, -0.01115784, -0.01161586, -0.01202269, -0.01239559, -0.01372558, -0.01478940, -0.01543031, -0.01566138, -0.01559245, -0.01528849, -0.01475714, -0.01399641, -0.01302918, -0.01190682, -0.01069471, -0.00945538, -0.00823799, -0.00707565, -0.00598811, -0.00498651, -0.00407776, -0.00326707, -0.00255869, -0.00195536, -0.00145436, -0.00105503, -0.00074816, -0.00052177, -0.00036112, -0.00025025, -0.00017389, -0.00011920, -0.00007693, -0.00004172, -0.00001171, 0.00001250, 0.00002930, 0.00003744, 0.00003718, 0.00003086, 0.00002261, 0.00001727, 0.00001871, 0.00002782, 0.00004103, 0.00005031, 0.00004594, 0.00002395, 0.00000000
0.02437580, 0.01087988, 0.00480367, 0.00118661, -0.00116008, -0.00278148, -0.00417490, -0.00531571, -0.00619026, -0.00689011, -0.00751158, -0.00810258, -0.00866939, -0.00920127, -0.00968874, -0.01013069, -0.01053382, -0.01090903, -0.01126776, -0.01264225, -0.01388712, -0.01487504, -0.01558182, -0.01604526, -0.01628078, -0.01627446, -0.01601250, -0.01550210, -0.01477333, -0.01386985, -0.01283824, -0.01172113, -0.01055494, -0.00937058, -0.00819534, -0.00705424, -0.00597047, -0.00496473, -0.00405403, -0.00324762, -0.00255481, -0.00197433, -0.00150032, -0.00112239, -0.00082701, -0.00059948, -0.00042567, -0.00029334, -0.00019286, -0.00011728, -0.00006189, -0.00002345, 0.00000069, 0.00001336, 0.00001803, 0.00001872, 0.00001949, 0.00002338, 0.00003131, 0.00004105, 0.00004723, 0.00004303, 0.00002464, 0.00000000
-0.07832790, -0.06589909, -0.05951316, -0.05546746, -0.05266682, -0.05058924, -0.04887102, -0.04743376, -0.04622913, -0.04518509, -0.04424031, -0.04336136, -0.04253664, -0.04176416, -0.04104284, -0.04036914, -0.03973705, -0.03913951, -0.03856991, -0.03645627, -0.03448908, -0.03263820, -0.03084560, -0.02904059, -0.02718518, -0.02527562, -0.02332415, -0.02134539, -0.01935273, -0.01736066, -0.01538804, -0.01345913, -0.01160228, -0.00984689, -0.00821991, -0.00674290, -0.00543024, -0.00428845, -0.00331671, -0.00250554, -0.00184588, -0.00132161, -0.00091576, -0.00061067, -0.00038881, -0.00023354, -0.00012973, -0.00006409, -0.00002538, -0.00000440, 0.00000601, 0.00001113, 0.00001445, 0.00001788, 0.00002206, 0.00002669, 0.00003097, 0.00003407, 0.00003549, 0.00003524, 0.00003363, 0.00003028, 0.00002214, 0.00000000
0.10474163, 0.06796360, 0.05048207, 0.03961870, 0.03227596, 0.02697923, 0.02237797, 0.01851766, 0.01542186, 0.01283958, 0.01051060, 0.00830531, 0.00620579, 0.00423971, 0.00243149, 0.00078340, -0.00072296, -0.00211710, -0.00342976, -0.00821044, -0.01230288, -0.01548408, -0.01780071, -0.01945434, -0.02056213, -0.02113762, -0.02117412, -0.02070540, -0.01981364, -0.01860652, -0.01718983, -0.01565062, -0.01405296, -0.01244241, -0.01085356, -0.00931641, -0.00785966, -0.00651082, -0.00529406, -0.00422449, -0.00331450, -0.00256215, -0.00195721, -0.00148199, -0.00111419, -0.00083040, -0.00060935, -0.00043417, -0.00029345, -0.00018095, -0.00009432, -0.00003303, 0.00000373, 0.00001886, 0.00001819, 0.00001009, 0.00000381, 0.00000669, 0.00002111, 0.00004211, 0.00005753, 0.00005292, 0.00002396, 0.00000000
-0.04410870, -0.03908457, -0.03641840, -0.03465401, -0.03338701, -0.03240991, -0.03154391, -0.03078083, -0.03011573, -0.02951572, -0.02894925, -0.02840133, -0.02787064, -0.02736136, -0.02687731, -0.02641963, -0.02598698, -0.02557665, -0.02518580, -0.02375227, -0.02246162, -0.02130708, -0.02024508, -0.01921318, -0.01816897, -0.01709447, -0.01598452, -0.01483758, -0.01365351, -0.01243558, -0.01119286, -0.00994109, -0.00870144, -0.00749793, -0.00635444, -0.00529203, -0.00432705, -0.00347023, -0.00272657, -0.00209351, -0.00156932, -0.00114520, -0.00081099, -0.00055516, -0.00036545, -0.00022965, -0.00013626, -0.00007490, -0.00003661, -0.00001394, -0.00000102, 0.00000654, 0.00001171, 0.00001621, 0.00002076, 0.00002534, 0.00002949, 0.00003269, 0.00003457, 0.00003502, 0.00003399, 0.00003066, 0.00002197, 0.00000000
-0.11711993, -0.09104143, -0.07796634, -0.06971502, -0.06403235, -0.05984288, -0.05632783, -0.05338740, -0.05095787, -0.04888064, -0.04701094, -0.04527303, -0.04364679, -0.04213540, -0.04074233, -0.03946244, -0.03828254, -0.03718560, -0.03615504, -0.03245695, -0.02925249, -0.02653269, -0.02418611, -0.02205218, -0.02003805, -0.01812336, -0.01631511, -0.01461470, -0.01301083, -0.01148765, -0.01003484, -0.00865295, -0.00735259, -0.00614988, -0.00506088, -0.00409705, -0.00326291, -0.00255580, -0.00196729, -0.00148272, -0.00109167, -0.00077991, -0.00053569, -0.00034893, -0.00021093, -0.00011391, -0.00005062, -0.00001395, 0.00000320, 0.00000783, 0.00000640, 0.00000428, 0.00000512, 0.00001049, 0.00001978, 0.00003063, 0.00003979, 0.00004442, 0.00004336, 0.00003800, 0.00003194, 0.00002845, 0.00002454, 0.00000000
-0.00879422, -0.01298736, -0.01488930, -0.01612135, -0.01697656, -0.01760020, -0.01818981, -0.01869331, -0.01908072, -0.01938852, -0.01966150, -0.01992152, -0.02016965, -0.02039862, -0.02060242, -0.02077983, -0.02093416, -0.02107121, -0.02119727, -0.02163510, -0.02192424, -0.02198946, -0.02181191, -0.02140834, -0.02078971, -0.01995748, -0.01891825, -0.01769373, -0.01632068, -0.01484476, -0.01331355, -0.01177151, -0.01025741, -0.00880373, -0.00743684, -0.00617745, -0.00504083, -0.00403689, -0.00317014, -0.00243696, -0.00183487, -0.00135254, -0.00097647, -0.00069101, -0.00047952, -0.00032588, -0.00021567, -0.00013698, -0.00008074, -0.00004061, -0.00001242, 0.00000645, 0.00001785, 0.00002350, 0.00002535, 0.00002564, 0.00002660, 0.00002987, 0.00003573, 0.00004247, 0.00004626, 0.00004199, 0.00002581, 0.00000000
-0.09170235, -0.07427251, -0.06541739, -0.05971543, -0.05571758, -0.05271642, -0.05012353, -0.04790478, -0.04603794, -0.04441145, -0.04291821, -0.04150397, -0.04015826, -0.03888865, -0.03770218, -0.03659809, -0.03556836, -0.03460124, -0.03368484, -0.03034790, -0.02740875, -0.02488261, -0.02268960, -0.02070079, -0.01883789, -0.01707994, -0.01542779, -0.01387759, -0.01241526, -0.01102348, -0.00969047, -0.00841461, -0.00720400, -0.00607271, -0.00503589, -0.00410569, -0.00328889, -0.00258627, -0.00199338, -0.00149962, -0.00109779, -0.00077614, -0.00052431, -0.00033270, -0.00019236, -0.00009487, -0.00003223, 0.00000332, 0.00001926, 0.00002267, 0.00001988, 0.00001599, 0.00001449, 0.00001694, 0.00002300, 0.00003080, 0.00003769, 0.00004131, 0.00004060, 0.00003648, 0.00003158, 0.00002817, 0.00002330, 0.00000000
0.07463890, 0.04360949, 0.02919887, 0.02033608, 0.01441496, 0.01019848, 0.00649392, 0.00339071, 0.00093994, -0.00107648, -0.00289154, -0.00461879, -0.00626882, -0.00781079, -0.00921813, -0.01048604, -0.01162996, -0.01267630, -0.01365308, -0.01716842, -0.02007967, -0.02215716, -0.02343766, -0.02411141, -0.02429466, -0.02400907, -0.02325852, -0.02208534, -0.02057697, -0.01884345, -0.01699100, -0.01510541, -0.01324775, -0.01145852, -0.00976503, -0.00818788, -0.00674487, -0.00545162, -0.00432043, -0.00335462, -0.00255766, -0.00191936, -0.00142357, -0.00104852, -0.00076950, -0.00056202, -0.00040479, -0.00028164, -0.00018228, -0.00010179, -0.00003918, 0.00000478, 0.00002970, 0.00003733, 0.00003240, 0.00002226, 0.00001521, 0.00001788, 0.00003209, 0.00005267, 0.00006744, 0.00006179, 0.00003050, 0.00000000
0.01733058, 0.00857707, 0.00438797, 0.00162903, -0.00030837, -0.00174240, -0.00308532, -0.00424669, -0.00517486, -0.00594602, -0.00665009, -0.00732998, -0.00798672, -0.00860481, -0.00917127, -0.00968291, -0.01014557, -0.01057007, -0.01096814, -0.01240939, -0.01358966, -0.01439752, -0.01483717, -0.01498047, -0.01487273, -0.01452371, -0.01393889, -0.01314215, -0.01217786, -0.01110084, -0.00996477, -0.00881468, -0.00768483, -0.00659997, -0.00557814, -0.00463317, -0.00377608, -0.00301542, -0.00235678, -0.00179944, -0.00134415, -0.00098316, -0.00070605, -0.00049973, -0.00034974, -0.00024189, -0.00016378, -0.00010578, -0.00006136, -0.00002690, -0.00000094, 0.00001681, 0.00002653, 0.00002916, 0.00002680, 0.00002266, 0.00002028, 0.00002244, 0.00002975, 0.00003962, 0.00004614, 0.00004202, 0.00002352, 0.00000000
-0.03016961, -0.02675285, -0.02531631, -0.02464967, -0.02434548, -0.02422509, -0.02420674, -0.02423966, -0.02429492, -0.02435912, -0.02442692, -0.02449612, -0.02456542, -0.02463371, -0.02470006, -0.02476383, -0.02482468, -0.02488261, -0.02493790, -0.02510581, -0.02513113, -0.02498416, -0.02463619, -0.02406526, -0.02326472, -0.02224271, -0.02101874, -0.01962057, -0.01808226, -0.01644259, -0.01474346, -0.01302792, -0.01133799, -0.00971234, -0.00818435, -0.00678050, -0.00551954, -0.00441225, -0.00346186, -0.00266224, -0.00200754, -0.00148353, -0.00107435, -0.00076277, -0.00053122, -0.00036302, -0.00024322, -0.00015922, -0.00010090, -0.00006058, -0.00003267, -0.00001327, 0.00000027, 0.00000981, 0.00001671, 0.00002205, 0.00002667, 0.00003112, 0.00003546, 0.00003901, 0.00004021, 0.00003646, 0.00002432, 0.00000000
-0.05915298, -0.04980548, -0.04479676, -0.04144290, -0.03903041, -0.03718713, -0.03558246, -0.03420443, -0.03304259, -0.03203162, -0.03110860, -0.03024189, -0.02942549, -0.02866374, -0.02796035, -0.02731429, -0.02672017, -0.02617047, -0.02565761, -0.02384899, -0.02230900, -0.02100243, -0.01984205, -0.01872034, -0.01757154, -0.01637479, -0.01513178, -0.01384985, -0.01253724, -0.01120531, -0.00987141, -0.00855918, -0.00729610, -0.00610964, -0.00502332, -0.00405393, -0.00321033, -0.00249360, -0.00189842, -0.00141264, -0.00102634, -0.00072501, -0.00049526, -0.00032463, -0.00020181, -0.00011681, -0.00006095, -0.00002674, -0.00000779, 0.00000137, 0.00000518, 0.00000710, 0.00000943, 0.00001329, 0.00001868, 0.00002475, 0.00003016, 0.00003364, 0.00003455, 0.00003323, 0.00003071, 0.00002755, 0.00002101, 0.00000000
-0.01379109, -0.02365491, -0.02774919, -0.03007385, -0.03147259, -0.03233693, -0.03309525, -0.03367599, -0.03403681, -0.03425373, -0.03441371, -0.03455787, -0.03468690, -0.03478595, -0.03484260, -0.03485397, -0.03482585, -0.03476879, -0.03469417, -0.03432615, -0.03381708, -0.03304618, -0.03200153, -0.03073546, -0.02927644, -0.02762200, -0.02577023, -0.02374210, -0.02158343, -0.01935451, -0.01711763, -0.01492843, -0.01283217, -0.01086360, -0.00904849, -0.00740533, -0.00594640, -0.00467813, -0.00360102, -0.00270674, -0.00198711, -0.00142430, -0.00099763, -0.00068408, -0.00046002, -0.00030317, -0.00019427, -0.00011813, -0.00006392, -0.00002481, 0.00000287, 0.00002087, 0.00003026, 0.00003243, 0.00002968, 0.00002526, 0.00002272, 0.00002479, 0.00003206, 0.00004192, 0.00004842, 0.00004413, 0.00002504, 0.00000000
-0.03827096, -0.04084414, -0.04159319, -0.04195399, -0.04212198, -0.04218108, -0.04229486, -0.04238734, -0.04241095, -0.04239004, -0.04236102, -0.04233961, -0.04232192, -0.04229664, -0.04225432, -0.04219105, -0.04210800, -0.04200932, -0.04190001, -0.04138692, -0.04069196, -0.03971983, -0.03844142, -0.03687234, -0.03502848, -0.03292078, -0.03056968, -0.02801558, -0.02531826, -0.02254932, -0.01978292, -0.01708827, -0.01452489, -0.01214034, -0.00996964, -0.00803563, -0.00634973, -0.00491308, -0.00371778, -0.00274581, -0.00197866, -0.00138966, -0.00095092, -0.00063415, -0.00041224, -0.00026083, -0.00015942, -0.00009195, -0.00004682, -0.00001634, 0.00000409, 0.00001702, 0.00002397, 0.00002625, 0.00002549, 0.00002375, 0.00002318, 0.00002541, 0.00003070, 0.00003727, 0.00004123, 0.00003749, 0.00002257, 0.00000000
-0.04300175, -0.04449115, -0.04426016, -0.04381900, -0.04328191, -0.04270103, -0.04228273, -0.04189454, -0.04145487, -0.04099246, -0.04055535, -0.04016153, -0.03980101, -0.03945357, -0.03910263, -0.03874041, -0.03836711, -0.03798762, -0.03760818, -0.03613543, -0.03465413, -0.03302919, -0.03123427, -0.02930818, -0.02727985, -0.02515773, -0.02295116, -0.02068604, -0.01840530, -0.01616007, -0.01399959, -0.01196436, -0.01008350, -0.00837528, -0.00684909, -0.00550774, -0.00434910, -0.00336719, -0.00255267, -0.00189067, -0.00136882, -0.00096853, -0.00067073, -0.00045585, -0.00030488, -0.00020062, -0.00012871, -0.00007819, -0.00004160, -0.00001451, 0.00000521, 0.00001835, 0.00002535, 0.00002706, 0.00002514, 0.00002205, 0.00002049, 0.00002255, 0.00002861, 0.00003654, 0.00004158, 0.00003780, 0.00002181, 0.00000000
0.05900225, 0.03344583, 0.02165116, 0.01447378, 0.00974438, 0.00643396, 0.00356701, 0.00120483, -0.00061866, -0.00208277, -0.00337665, -0.00459249, -0.00573958, -0.00679409, -0.00773579, -0.00856199, -0.00928622, -0.00993069, -0.01051872, -0.01256476, -0.01416699, -0.01516606, -0.01561293, -0.01567609, -0.01545692, -0.01497434, -0.01422840, -0.01324668, -0.01209043, -0.01083693, -0.00955867, -0.00831050, -0.00712685, -0.00602573, -0.00501529, -0.00409969, -0.00328250, -0.00256762, -0.00195838, -0.00145326, -0.00105214, -0.00074616, -0.00052292, -0.00036670, -0.00026026, -0.00018712, -0.00013358, -0.00009010, -0.00005168, -0.00001733, 0.00001119, 0.00003110, 0.00004037, 0.00003907, 0.00003001, 0.00001839, 0.00001038, 0.00001096, 0.00002140, 0.00003738, 0.00004911, 0.00004499, 0.00002125, 0.00000000
0.00140409, -0.00559625, -0.00861224, -0.01038344, -0.01150082, -0.01224100, -0.01290034, -0.01343388, -0.01381502, -0.01409674, -0.01433921, -0.01457126, -0.01479415, -0.01499815, -0.01517509, -0.01532303, -0.01544583, -0.01555054, -0.01564480, -0.01598144, -0.01621902, -0.01626557, -0.01610547, -0.01576942, -0.01527488, -0.01462042, -0.01380574, -0.01284604, -0.01177291, -0.01062720, -0.00945067, -0.00828032, -0.00714603, -0.00607069, -0.00507142, -0.00416080, -0.00334773, -0.00263766, -0.00203254, -0.00152837, -0.00112243, -0.00080504, -0.00056482, -0.00038872, -0.00026313, -0.00017511, -0.00011350, -0.00006962, -0.00003743, -0.00001337, 0.00000428, 0.00001617, 0.00002265, 0.00002444, 0.00002301, 0.00002051, 0.00001932, 0.00002128, 0.00002673, 0.00003378, 0.00003823, 0.00003476, 0.00002023, 0.00000000
-0.02778621, -0.02856548, -0.02826892, -0.02783499, -0.02736240, -0.02688328, -0.02649684, -0.02613814, -0.02576678, -0.02539574, -0.02504766, -0.02473096, -0.02444078, -0.02416736, -0.02390268, -0.02364298, -0.02338823, -0.02314070, -0.02290336, -0.02205802, -0.02129675, -0.02051932, -0.01967983, -0.01876728, -0.01777329, -0.01668752, -0.01550666, -0.01424096, -0.01291346, -0.01155494, -0.01019831, -0.00887431, -0.00760929, -0.00642441, -0.00533574, -0.00435459, -0.00348785, -0.00273823, -0.00210455, -0.00157960, -0.00115815, -0.00082855, -0.00057828, -0.00039389, -0.00026182, -0.00016935, -0.00010552, -0.00006155, -0.00003100, -0.00000960, 0.00000524, 0.00001500, 0.00002062, 0.00002300, 0.00002331, 0.00002298, 0.00002352, 0.00002601, 0.00003054, 0.00003570, 0.00003848, 0.00003488, 0.00002168, 0.00000000
-0.14354034, -0.10949543, -0.09267925, -0.08209111, -0.07484560, -0.06954926, -0.06504528, -0.06127433, -0.05819465, -0.05558548, -0.05323519, -0.05103711, -0.04897064, -0.04705006, -0.04528776, -0.04368046, -0.04221041, -0.04085266, -0.03958225, -0.03503198, -0.03111304, -0.02786156, -0.02512806, -0.02267483, -0.02036741, -0.01818400, -0.01614404, -0.01425581, -0.01250530, -0.01086902, -0.00933006, -0.00788644, -0.00654996, -0.00533944, -0.00427246, -0.00335907, -0.00259897, -0.00198188, -0.00149040, -0.00110113, -0.00079664, -0.00055817, -0.00037220, -0.00022938, -0.00012340, -0.00004973, -0.00000428, 0.00001765, 0.00002184, 0.00001512, 0.00000458, -0.00000347, -0.00000465, 0.00000254, 0.00001649, 0.00003297, 0.00004648, 0.00005230, 0.00004866, 0.00003831, 0.00002801, 0.00002462, 0.00002539, 0.00000000
0.00611434, -0.00507447, -0.01003762, -0.01315211, -0.01521746, -0.01664552, -0.01800387, -0.01914223, -0.01997371, -0.02060028, -0.02114519, -0.02166459, -0.02215519, -0.02259120, -0.02295175, -0.02323110, -0.02343728, -0.02358591, -0.02369407, -0.02390603, -0.02378328, -0.02320674, -0.02222726, -0.02098891, -0.01958499, -0.01804486, -0.01638217, -0.01463008, -0.01284524, -0.01109356, -0.00943360, -0.00790642, -0.00653370, -0.00532128, -0.00426505, -0.00335632, -0.00258536, -0.00194292, -0.00142011, -0.00100495, -0.00068960, -0.00045998, -0.00030119, -0.00019717, -0.00013190, -0.00009090, -0.00006269, -0.00003959, -0.00001782, 0.00000303, 0.00002117, 0.00003402, 0.00003964, 0.00003781, 0.00003053, 0.00002171, 0.00001605, 0.00001730, 0.00002626, 0.00003935, 0.00004856, 0.00004432, 0.00002282, 0.00000000
-0.01948888, -0.02574614, -0.02833249, -0.02999164, -0.03111010, -0.03189571, -0.03273496, -0.03347626, -0.03402842, -0.03445579, -0.03484514, -0.03523412, -0.03561582, -0.03596635, -0.03626616, -0.03650793, -0.03669552, -0.03683907, -0.03695041, -0.03719093, -0.03707642, -0.03648072, -0.03541955, -0.03399108, -0.03226466, -0.03026866, -0.02802664, -0.02558386, -0.02301003, -0.02038718, -0.01779516, -0.01530154, -0.01295765, -0.01079908, -0.00884843, -0.00711824, -0.00561331, -0.00433198, -0.00326673, -0.00240201, -0.00172256, -0.00120492, -0.00082377, -0.00055255, -0.00036527, -0.00023839, -0.00015234, -0.00009237, -0.00004871, -0.00001592, 0.00000824, 0.00002418, 0.00003195, 0.00003238, 0.00002765, 0.00002125, 0.00001717, 0.00001855, 0.00002612, 0.00003696, 0.00004446, 0.00004058, 0.00002174, 0.00000000
-0.01876198, -0.02285725, -0.02414345, -0.02468709, -0.02488526, -0.02490391, -0.02494737, -0.02495543, -0.02489021, -0.02478405, -0.02467892, -0.02459344, -0.02452484, -0.02446195, -0.02439523, -0.02432063, -0.02423921, -0.02415507, -0.02407311, -0.02379117, -0.02350259, -0.02309112, -0.02251254, -0.02177018, -0.02086716, -0.01979912, -0.01856786, -0.01719128, -0.01570323, -0.01414704, -0.01256798, -0.01100786, -0.00950218, -0.00807943, -0.00676150, -0.00556431, -0.00449834, -0.00356900, -0.00277682, -0.00211503, -0.00157847, -0.00115419, -0.00082772, -0.00058316, -0.00040422, -0.00027549, -0.00018359, -0.00011776, -0.00007012, -0.00003542, -0.00001046, 0.00000661, 0.00001705, 0.00002218, 0.00002370, 0.00002375, 0.00002453, 0.00002768, 0.00003350, 0.00004026, 0.00004413, 0.00004007, 0.00002442, 0.00000000
-0.03624696, -0.03979800, -0.04065881, -0.04091434, -0.04087870, -0.04068849, -0.04057513, -0.04043884, -0.04021822, -0.03994865, -0.03968018, -0.03943343, -0.03920203, -0.03896968, -0.03872307, -0.03845669, -0.03817216, -0.03787509, -0.03757225, -0.03634931, -0.03503311, -0.03350261, -0.03173678, -0.02977674, -0.02765820, -0.02540206, -0.02303345, -0.02059486, -0.01814458, -0.01574670, -0.01346026, -0.01133205, -0.00939398, -0.00766374, -0.00614747, -0.00484261, -0.00374052, -0.00282826, -0.00208992, -0.00150448, -0.00105554, -0.00072121, -0.00048055, -0.00031331, -0.00020066, -0.00012619, -0.00007671, -0.00004256, -0.00001758, 0.00000152, 0.00001592, 0.00002572, 0.00003082, 0.00003168, 0.00002966, 0.00002693, 0.00002598, 0.00002864, 0.00003515, 0.00004324, 0.00004812, 0.00004367, 0.00002598, 0.00000000
-0.08782902, -0.07629024, -0.06986280, -0.06548968, -0.06224972, -0.05968339, -0.05746448, -0.05552155, -0.05380862, -0.05225898, -0.05081670, -0.04945140, -0.04815223, -0.04691673, -0.04574319, -0.04462768, -0.04356437, -0.04254663, -0.04156841, -0.03794050, -0.03464285, -0.03162835, -0.02882710, -0.02616435, -0.02360033, -0.02112875, -0.01875891, -0.01650262, -0.01437003, -0.01237050, -0.01051423, -0.00881235, -0.00727553, -0.00591180, -0.00472462, -0.00371174, -0.00286516, -0.00217194, -0.00161575, -0.00117566, -0.00083652, -0.00057969, -0.00038936, -0.00025176, -0.00015506, -0.00008935, -0.00004652, -0.00002005, -0.00000474, 0.00000354, 0.00000800, 0.00001100, 0.00001413, 0.00001819, 0.00002326, 0.00002886, 0.00003416, 0.00003832, 0.00004075, 0.00004128, 0.00003991, 0.00003591, 0.00002583, 0.00000000
0.08389291, 0.05282165, 0.03822523, 0.02917600, 0.02308998, 0.01872595, 0.01488863, 0.01166072, 0.00908854, 0.00695262, 0.00502018, 0.00317786, 0.00141483, -0.00023865, -0.00175652, -0.00313431, -0.00438755, -0.00554252, -0.00662696, -0.01056796, -0.01391401, -0.01644396, -0.01820012, -0.01937328, -0.02007485, -0.02031811, -0.02009648, -0.01944047, -0.01842535, -0.01714966, -0.01570982, -0.01418438, -0.01263031, -0.01108721, -0.00958448, -0.00814732, -0.00679982, -0.00556501, -0.00446289, -0.00350519, -0.00270097, -0.00204621, -0.00152933, -0.00113208, -0.00083221, -0.00060683, -0.00043540, -0.00030187, -0.00019557, -0.00011096, -0.00004628, -0.00000163, 0.00002316, 0.00003021, 0.00002444, 0.00001323, 0.00000489, 0.00000602, 0.00001861, 0.00003783, 0.00005215, 0.00004795, 0.00002125, 0.00000000
-0.02338221, -0.02372386, -0.02345063, -0.02308705, -0.02270456, -0.02231989, -0.02196764, -0.02162468, -0.02127718, -0.02093056, -0.02059390, -0.02027153, -0.01996301, -0.01966611, -0.01937901, -0.01910122, -0.01883344, -0.01857707, -0.01833367, -0.01747716, -0.01674436, -0.01607776, -0.01543466, -0.01478394, -0.01410130, -0.01336860, -0.01257581, -0.01172181, -0.01081342, -0.00986325, -0.00888761, -0.00790471, -0.00693329, -0.00599161, -0.00509648, -0.00426256, -0.00350166, -0.00282225, -0.00222920, -0.00172134, -0.00129937, -0.00095711, -0.00068702, -0.00047988, -0.00032546, -0.00021345, -0.00013421, -0.00007939, -0.00004216, -0.00001728, -0.00000093, 0.00000957, 0.00001610, 0.00002003, 0.00002246, 0.00002436, 0.00002652, 0.00002944, 0.00003303, 0.00003641, 0.00003770, 0.00003411, 0.00002239, 0.00000000
0.01844376, 0.00755550, 0.00261583, -0.00035741, -0.00231007, -0.00367956, -0.00487302, -0.00586402, -0.00663725, -0.00726708, -0.00783285, -0.00837390, -0.00889483, -0.00938604, -0.00983897, -0.01025217, -0.01063080, -0.01098367, -0.01132010, -0.01258550, -0.01369205, -0.01453219, -0.01508740, -0.01539386, -0.01547125, -0.01531582, -0.01492462, -0.01431240, -0.01351295, -0.01257082, -0.01153199, -0.01043763, -0.00932201, -0.00821302, -0.00713382, -0.00610427, -0.00514164, -0.00426041, -0.00347166, -0.00278001, -0.00219032, -0.00169907, -0.00129937, -0.00098107, -0.00073190, -0.00053903, -0.00039046, -0.00027600, -0.00018779, -0.00012027, -0.00006976, -0.00003376, -0.00001019, 0.00000325, 0.00000944, 0.00001181, 0.00001379, 0.00001803, 0.00002533, 0.00003392, 0.00003932, 0.00003588, 0.00002052, 0.00000000
-0.01188531, -0.01727066, -0.01953335, -0.02087343, -0.02172474, -0.02229128, -0.02282196, -0.02325922, -0.02356811, -0.02379195, -0.02398362, -0.02416832, -0.02434605, -0.02450671, -0.02464164, -0.02474810, -0.02482891, -0.02489011, -0.02493843, -0.02505571, -0.02500890, -0.02470795, -0.02413638, -0.02332557, -0.02230001, -0.02107036, -0.01965060, -0.01807050, -0.01637584, -0.01462116, -0.01286105, -0.01114395, -0.00950914, -0.00798628, -0.00659626, -0.00535252, -0.00426209, -0.00332645, -0.00254205, -0.00189838, -0.00138643, -0.00099013, -0.00069238, -0.00047519, -0.00032081, -0.00021300, -0.00013802, -0.00008525, -0.00004725, -0.00001941, 0.00000073, 0.00001431, 0.00002205, 0.00002488, 0.00002437, 0.00002268, 0.00002215, 0.00002455, 0.00003021, 0.00003725, 0.00004153, 0.00003773, 0.00002244, 0.00000000
-0.00048753, -0.01256022, -0.01763043, -0.02053886, -0.02233996, -0.02351814, -0.02458145, -0.02545041, -0.02607670, -0.02654860, -0.02696696, -0.02737907, -0.02778499, -0.02816615, -0.02850654, -0.02880121, -0.02905518, -0.02927919, -0.02948509, -0.03023259, -0.03079458, -0.03100459, -0.03083370, -0.03033579, -0.02954286, -0.02845385, -0.02706854, -0.02541199, -0.02353632, -0.02150910, -0.01939975, -0.01727045, -0.01517273, -0.01314790, -0.01122908, -0.00944318, -0.00781183, -0.00635132, -0.00507194, -0.00397416, -0.00305793, -0.00231149, -0.00171850, -0.00125850, -0.00090878, -0.00064664, -0.00045151, -0.00030626, -0.00019788, -0.00011733, -0.00005880, -0.00001857, 0.00000618, 0.00001847, 0.00002208, 0.00002155, 0.00002154, 0.00002559, 0.00003472, 0.00004623, 0.00005369, 0.00004898, 0.00002774, 0.00000000
-0.07835560, -0.06606404, -0.05959921, -0.05540627, -0.05245224, -0.05022725, -0.04835616, -0.04677354, -0.04543703, -0.04427142, -0.04321146, -0.04222258, -0.04129417, -0.04042568, -0.03961692, -0.03886447, -0.03816181, -0.03750118, -0.03687529, -0.03459422, -0.03254072, -0.03067499, -0.02891888, -0.02718076, -0.02540836, -0.02358969, -0.02173221, -0.01984764, -0.01794806, -0.01604826, -0.01416864, -0.01233557, -0.01057919, -0.00892965, -0.00741326, -0.00604955, -0.00484978, -0.00381686, -0.00294638, -0.00222555, -0.00164353, -0.00118309, -0.00082730, -0.00055951, -0.00036382, -0.00022559, -0.00013182, -0.00007122, -0.00003424, -0.00001302, -0.00000129, 0.00000562, 0.00001090, 0.00001630, 0.00002234, 0.00002863, 0.00003422, 0.00003817, 0.00003992, 0.00003958, 0.00003764, 0.00003387, 0.00002492, 0.00000000
-0.06880530, -0.06307626, -0.05958941, -0.05720795, -0.05544878, -0.05406448, -0.05294344, -0.05199112, -0.05114777, -0.05038496, -0.04968864, -0.04904817, -0.04845383, -0.04789653, -0.04736893, -0.04686573, -0.04638329, -0.04591950, -0.04547303, -0.04380333, -0.04219210, -0.04054504, -0.03879654, -0.03690492, -0.03485082, -0.03263314, -0.03026604, -0.02777672, -0.02520284, -0.02258950, -0.01998577, -0.01744118, -0.01500247, -0.01271076, -0.01059950, -0.00869308, -0.00700628, -0.00554447, -0.00430443, -0.00327231, -0.00243562, -0.00177244, -0.00125975, -0.00087360, -0.00059027, -0.00038762, -0.00024611, -0.00014941, -0.00008452, -0.00004162, -0.00001360, 0.00000446, 0.00001596, 0.00002324, 0.00002807, 0.00003183, 0.00003557, 0.00003991, 0.00004477, 0.00004911, 0.00005063, 0.00004583, 0.00003037, 0.00000000
-0.05172527, -0.04409020, -0.04030996, -0.03802238, -0.03649674, -0.03539515, -0.03451141, -0.03378073, -0.03316443, -0.03262335, -0.03212798, -0.03166248, -0.03122102, -0.03080204, -0.03040459, -0.03002695, -0.02966664, -0.02932093, -0.02898746, -0.02771751, -0.02647615, -0.02524107, -0.02397765, -0.02264882, -0.02123788, -0.01974852, -0.01819559, -0.01659815, -0.01497688, -0.01335414, -0.01175425, -0.01020297, -0.00872589, -0.00734647, -0.00608403, -0.00495238, -0.00395913, -0.00310575, -0.00238832, -0.00179603, -0.00132029, -0.00094655, -0.00066034, -0.00044712, -0.00029283, -0.00018458, -0.00011102, -0.00006267, -0.00003189, -0.00001278, -0.00000097, 0.00000664, 0.00001206, 0.00001654, 0.00002070, 0.00002475, 0.00002863, 0.00003215, 0.00003501, 0.00003677, 0.00003665, 0.00003308, 0.00002289, 0.00000000
-0.03974099, -0.03747679, -0.03599617, -0.03494841, -0.03415781, -0.03352376, -0.03299680, -0.03253781, -0.03212210, -0.03173771, -0.03137914, -0.03104299, -0.03072629, -0.03042632, -0.03014076, -0.02986787, -0.02960647, -0.02935589, -0.02911583, -0.02822411, -0.02736272, -0.02647644, -0.02551884, -0.02445472, -0.02326499, -0.02194510, -0.02050208, -0.01895218, -0.01731909, -0.01563231, -0.01392520, -0.01223288, -0.01058982, -0.00902766, -0.00757334, -0.00624770, -0.00506479, -0.00403173, -0.00314914, -0.00240941, -0.00180588, -0.00132441, -0.00094972, -0.00066551, -0.00045536, -0.00030373, -0.00019680, -0.00012286, -0.00007254, -0.00003869, -0.00001610, -0.00000108, 0.00000889, 0.00001559, 0.00002030, 0.00002401, 0.00002749, 0.00003114, 0.00003493, 0.00003813, 0.00003914, 0.00003542, 0.00002361, 0.00000000
-0.05391827, -0.05012107, -0.04725365, -0.04508001, -0.04334004, -0.04188641, -0.04069424, -0.03966166, -0.03872378, -0.03786545, -0.03708619, -0.03638033, -0.03573569, -0.03513846, -0.03457731, -0.03404485, -0.03353725, -0.03305302, -0.03259179, -0.03093446, -0.02944582, -0.02799951, -0.02652733, -0.02500033, -0.02340443, -0.02173325, -0.01999096, -0.01819427, -0.01637037, -0.01455240, -0.01277452, -0.01106833, -0.00946060, -0.00797235, -0.00661868, -0.00540899, -0.00434743, -0.00343334, -0.00266187, -0.00202209, -0.00150546, -0.00109737, -0.00078289, -0.00054657, -0.00037322, -0.00024871, -0.00016078, -0.00009934, -0.00005667, -0.00002718, -0.00000706, 0.00000625, 0.00001451, 0.00001915, 0.00002153, 0.00002301, 0.00002486, 0.00002792, 0.00003222, 0.00003663, 0.00003870, 0.00003502, 0.00002237, 0.00000000
0.10443804, 0.06019521, 0.03958401, 0.02696278, 0.01857629, 0.01264117, 0.00749849, 0.00323008, -0.00011867, -0.00285135, -0.00528481, -0.00757337, -0.00973297, -0.01172440, -0.01351427, -0.01509829, -0.01649894, -0.01775304, -0.01889907, -0.02284837, -0.02589587, -0.02780043, -0.02867224, -0.02881516, -0.02841564, -0.02751835, -0.02613440, -0.02432004, -0.02218761, -0.01987610, -0.01751605, -0.01520781, -0.01301644, -0.01097809, -0.00911087, -0.00742444, -0.00592592, -0.00462153, -0.00351532, -0.00260410, -0.00188277, -0.00133413, -0.00093448, -0.00065488, -0.00046441, -0.00033392, -0.00023934, -0.00016379, -0.00009822, -0.00004046, 0.00000694, 0.00003959, 0.00005420, 0.00005095, 0.00003450, 0.00001348, -0.00000181, -0.00000300, 0.00001226, 0.00003728, 0.00005658, 0.00005222, 0.00002003, 0.00000000
-0.06782158, -0.05475419, -0.04802311, -0.04366870, -0.04060592, -0.03830176, -0.03633103, -0.03465331, -0.03324222, -0.03201587, -0.03089837, -0.02985096, -0.02886488, -0.02794376, -0.02709094, -0.02630471, -0.02557869, -0.02490417, -0.02427260, -0.02203615, -0.02013760, -0.01855276, -0.01719719, -0.01595977, -0.01477199, -0.01361122, -0.01247509, -0.01136248, -0.01026881, -0.00918992, -0.00812697, -0.00708854, -0.00608937, -0.00514711, -0.00427850, -0.00349646, -0.00280845, -0.00221624, -0.00171680, -0.00130109, -0.00096360, -0.00069399, -0.00048312, -0.00032235, -0.00020362, -0.00011946, -0.00006298, -0.00002783, -0.00000817, 0.00000132, 0.00000523, 0.00000726, 0.00000993, 0.00001448, 0.00002087, 0.00002802, 0.00003434, 0.00003831, 0.00003922, 0.00003749, 0.00003446, 0.00003090, 0.00002373, 0.00000000
-0.04549893, -0.03795426, -0.03396180, -0.03137642, -0.02954219, -0.02814311, -0.02697004, -0.02596900, -0.02510703, -0.02434313, -0.02364412, -0.02299202, -0.02238037, -0.02180772, -0.02127322, -0.02077491, -0.02030972, -0.01987418, -0.01946505, -0.01802101, -0.01679046, -0.01572873, -0.01477644, -0.01387057, -0.01297074, -0.01205979, -0.01113368, -0.01019360, -0.00924328, -0.00828921, -0.00734140, -0.00641312, -0.00551965, -0.00467639, -0.00389701, -0.00319197, -0.00256780, -0.00202696, -0.00156831, -0.00118537, -0.00087480, -0.00062808, -0.00043699, -0.00029313, -0.00018812, -0.00011408, -0.00006388, -0.00003133, -0.00001124, 0.00000057, 0.00000737, 0.00001158, 0.00001483, 0.00001805, 0.00002162, 0.00002545, 0.00002922, 0.00003248, 0.00003484, 0.00003597, 0.00003538, 0.00003187, 0.00002238, 0.00000000
-0.11998330, -0.09185332, -0.07784458, -0.06910035, -0.06314757, -0.05880847, -0.05521333, -0.05223500, -0.04979248, -0.04771642, -0.04585593, -0.04413164, -0.04252102, -0.04102532, -0.03964645, -0.03837793, -0.03720571, -0.03611216, -0.03508044, -0.03133441, -0.02802408, -0.02515168, -0.02261652, -0.02027173, -0.01804046, -0.01591861, -0.01392840, -0.01208474, -0.01038744, -0.00882842, -0.00740115, -0.00610538, -0.00494655, -0.00393183, -0.00306560, -0.00234621, -0.00176499, -0.00130708, -0.00095379, -0.00068284, -0.00047854, -0.00032427, -0.00020813, -0.00012176, -0.00005948, -0.00001734, 0.00000784, 0.00001921, 0.00002041, 0.00001550, 0.00000873, 0.00000383, 0.00000341, 0.00000835, 0.00001764, 0.00002865, 0.00003799, 0.00004268, 0.00004151, 0.00003589, 0.00002963, 0.00002628, 0.00002315, 0.00000000
-0.11073302, -0.08929251, -0.07826803, -0.07112844, -0.06611003, -0.06234462, -0.05912383, -0.05639119, -0.05410806, -0.05213630, -0.05034608, -0.04867061, -0.04709449, -0.04562340, -0.04426256, -0.04300842, -0.04184936, -0.04076980, -0.03975440, -0.03610845, -0.03294830, -0.03025510, -0.02790902, -0.02574430, -0.02366298, -0.02164000, -0.01968035, -0.01778746, -0.01595595, -0.01417858, -0.01245500, -0.01079569, -0.00922039, -0.00775297, -0.00641561, -0.00522427, -0.00418632, -0.00330056, -0.00255869, -0.00194519, -0.00144791, -0.00105033, -0.00073806, -0.00049828, -0.00031959, -0.00019173, -0.00010533, -0.00005150, -0.00002173, -0.00000798, -0.00000302, -0.00000089, 0.00000254, 0.00000924, 0.00001901, 0.00002986, 0.00003892, 0.00004359, 0.00004282, 0.00003791, 0.00003221, 0.00002871, 0.00002442, 0.00000000
0.02921095, 0.01906785, 0.01391884, 0.01040357, 0.00782224, 0.00581328, 0.00394097, 0.00228607, 0.00089466, -0.00031480, -0.00143700, -0.00251836, -0.00356196, -0.00455331, -0.00547971, -0.00633802, -0.00713405, -0.00787865, -0.00858366, -0.01112659, -0.01322028, -0.01476519, -0.01577762, -0.01634530, -0.01653243, -0.01636874, -0.01587943, -0.01510698, -0.01411274, -0.01296647, -0.01173448, -0.01047199, -0.00922102, -0.00801192, -0.00686649, -0.00580084, -0.00482733, -0.00395517, -0.00319033, -0.00253250, -0.00198251, -0.00153302, -0.00117401, -0.00089278, -0.00067525, -0.00050748, -0.00037715, -0.00027446, -0.00019254, -0.00012721, -0.00007633, -0.00003882, -0.00001372, 0.00000064, 0.00000706, 0.00000927, 0.00001131, 0.00001635, 0.00002535, 0.00003610, 0.00004309, 0.00003947, 0.00002191, 0.00000000
-0.07123642, -0.06073850, -0.05478151, -0.05072964, -0.04773669, -0.04538035, -0.04339021, -0.04167599, -0.04018031, -0.03884505, -0.03762498, -0.03649349, -0.03543751, -0.03445030, -0.03352667, -0.03266100, -0.03184724, -0.03107947, -0.03035250, -0.02775178, -0.02550142, -0.02351882, -0.02172085, -0.02003047, -0.01840037, -0.01681058, -0.01525610, -0.01373792, -0.01225974, -0.01082806, -0.00945268, -0.00814626, -0.00692289, -0.00579607, -0.00477678, -0.00387213, -0.00308475, -0.00241285, -0.00185091, -0.00138796, -0.00101680, -0.00072512, -0.00050143, -0.00033453, -0.00021370, -0.00012912, -0.00007214, -0.00003540, -0.00001286, 0.00000033, 0.00000788, 0.00001249, 0.00001599, 0.00001944, 0.00002324, 0.00002733, 0.00003136, 0.00003487, 0.00003741, 0.00003864, 0.00003802, 0.00003425, 0.00002404, 0.00000000
-0.07879018, -0.06586787, -0.05901260, -0.05454951, -0.05139150, -0.04900560, -0.04701026, -0.04532705, -0.04390636, -0.04267130, -0.04155600, -0.04052450, -0.03956420, -0.03867259, -0.03784803, -0.03708614, -0.03637993, -0.03572130, -0.03510270, -0.03289832, -0.03098127, -0.02929313, -0.02774523, -0.02623830, -0.02471177, -0.02314487, -0.02153685, -0.01989203, -0.01821568, -0.01651615, -0.01480786, -0.01311210, -0.01145546, -0.00986652, -0.00837229, -0.00699526, -0.00575154, -0.00465029, -0.00369408, -0.00287725, -0.00219553, -0.00163739, -0.00119043, -0.00084117, -0.00057555, -0.00037964, -0.00024010, -0.00014463, -0.00008217, -0.00004312, -0.00001948, -0.00000498, 0.00000490, 0.00001296, 0.00002048, 0.00002752, 0.00003345, 0.00003748, 0.00003917, 0.00003870, 0.00003668, 0.00003298, 0.00002433, 0.00000000
0.00701108, -0.00005658, -0.00363686, -0.00611092, -0.00794212, -0.00937183, -0.01071515, -0.01190171, -0.01289105, -0.01374219, -0.01452594, -0.01527732, -0.01599882, -0.01667962, -0.01731026, -0.01788849, -0.01841886, -0.01890976, -0.01937035, -0.02099383, -0.02224787, -0.02304870, -0.02339839, -0.02335402, -0.02295928, -0.02223652, -0.02120900, -0.01991685, -0.01841781, -0.01677873, -0.01506574, -0.01333746, -0.01164212, -0.01001770, -0.00849326, -0.00709053, -0.00582501, -0.00470642, -0.00373890, -0.00291842, -0.00224138, -0.00169532, -0.00126520, -0.00093369, -0.00068252, -0.00049413, -0.00035303, -0.00024668, -0.00016584, -0.00010428, -0.00005817, -0.00002519, -0.00000355, 0.00000873, 0.00001428, 0.00001635, 0.00001828, 0.00002269, 0.00003031, 0.00003922, 0.00004473, 0.00004079, 0.00002381, 0.00000000
0.00298366, -0.00681743, -0.01089285, -0.01321795, -0.01463310, -0.01553209, -0.01634901, -0.01700712, -0.01746066, -0.01778555, -0.01806912, -0.01835177, -0.01863270, -0.01889514, -0.01912502, -0.01931806, -0.01947898, -0.01961748, -0.01974419, -0.02022831, -0.02062408, -0.02078654, -0.02069079, -0.02038200, -0.01988218, -0.01918159, -0.01826982, -0.01715826, -0.01588226, -0.01449112, -0.01303646, -0.01156440, -0.01011268, -0.00871119, -0.00738387, -0.00615040, -0.00502696, -0.00402609, -0.00315597, -0.00241705, -0.00180973, -0.00132481, -0.00094947, -0.00066759, -0.00046132, -0.00031304, -0.00020704, -0.00013064, -0.00007473, -0.00003352, -0.00000388, 0.00001569, 0.00002622, 0.00002914, 0.00002685, 0.00002265, 0.00002013, 0.00002209, 0.00002917, 0.00003883, 0.00004527, 0.00004126, 0.00002309, 0.00000000
0.05312841, 0.03128346, 0.02133015, 0.01514530, 0.01103732, 0.00815888, 0.00551912, 0.00329898, 0.00160249, 0.00025077, -0.00096033, -0.00212515, -0.00324231, -0.00427375, -0.00518823, -0.00597766, -0.00665498, -0.00724464, -0.00777307, -0.00957583, -0.01093474, -0.01166502, -0.01184711, -0.01170256, -0.01136348, -0.01085272, -0.01016192, -0.00930923, -0.00834843, -0.00734921, -0.00637372, -0.00546281, -0.00463427, -0.00388898, -0.00321980, -0.00261906, -0.00208280, -0.00161158, -0.00120875, -0.00087541, -0.00061490, -0.00042252, -0.00028973, -0.00020418, -0.00015148, -0.00011763, -0.00009126, -0.00006509, -0.00003648, -0.00000681, 0.00001990, 0.00003894, 0.00004691, 0.00004325, 0.00003089, 0.00001577, 0.00000514, 0.00000488, 0.00001652, 0.00003505, 0.00004901, 0.00004501, 0.00001939, 0.00000000
0.01266241, 0.00661043, 0.00352358, 0.00138934, -0.00018239, -0.00140199, -0.00254573, -0.00355251, -0.00438825, -0.00510583, -0.00576783, -0.00640516, -0.00702011, -0.00760345, -0.00814718, -0.00864968, -0.00911519, -0.00955127, -0.00996607, -0.01148481, -0.01275727, -0.01370560, -0.01432651, -0.01466272, -0.01474324, -0.01457739, -0.01417454, -0.01355794, -0.01276542, -0.01184228, -0.01083343, -0.00977833, -0.00870939, -0.00765277, -0.00662988, -0.00565879, -0.00475489, -0.00393081, -0.00319598, -0.00255352, -0.00200754, -0.00155404, -0.00118618, -0.00089420, -0.00066650, -0.00049096, -0.00035630, -0.00025293, -0.00017343, -0.00011253, -0.00006674, -0.00003370, -0.00001153, 0.00000179, 0.00000875, 0.00001226, 0.00001529, 0.00002007, 0.00002729, 0.00003532, 0.00004018, 0.00003668, 0.00002163, 0.00000000
-0.02672356, -0.02282502, -0.02138918, -0.02083658, -0.02069417, -0.02075412, -0.02088914, -0.02106709, -0.02127082, -0.02148039, -0.02168134, -0.02186811, -0.02204148, -0.02220442, -0.02235963, -0.02250850, -0.02265143, -0.02278825, -0.02291883, -0.02334599, -0.02357786, -0.02361864, -0.02345082, -0.02304896, -0.02240427, -0.02152704, -0.02043967, -0.01917071, -0.01775242, -0.01622046, -0.01461376, -0.01297360, -0.01134162, -0.00975744, -0.00825616, -0.00686644, -0.00560929, -0.00449768, -0.00353692, -0.00272252, -0.00205089, -0.00150940, -0.00108376, -0.00075801, -0.00051549, -0.00033996, -0.00021650, -0.00013210, -0.00007592, -0.00003933, -0.00001579, -0.00000050, 0.00000983, 0.00001736, 0.00002339, 0.00002866, 0.00003347, 0.00003789, 0.00004171, 0.00004434, 0.00004462, 0.00004035, 0.00002765, 0.00000000
-0.06782192, -0.06061494, -0.05646926, -0.05361875, -0.05151226, -0.04986010, -0.04844840, -0.04722988, -0.04617243, -0.04522952, -0.04436246, -0.04355005, -0.04278444, -0.04206340, -0.04138512, -0.04074638, -0.04014258, -0.03956871, -0.03902020, -0.03699004, -0.03510647, -0.03330899, -0.03152530, -0.02968589, -0.02775379, -0.02572408, -0.02361110, -0.02143874, -0.01923635, -0.01703780, -0.01488043, -0.01280308, -0.01084294, -0.00903232, -0.00739587, -0.00594907, -0.00469781, -0.00363919, -0.00276305, -0.00205152, -0.00148859, -0.00105287, -0.00072383, -0.00048195, -0.00030920, -0.00018968, -0.00010985, -0.00005859, -0.00002707, -0.00000850, 0.00000220, 0.00000859, 0.00001305, 0.00001696, 0.00002092, 0.00002498, 0.00002884, 0.00003209, 0.00003435, 0.00003533, 0.00003466, 0.00003123, 0.00002204, 0.00000000
-0.04623093, -0.04840873, -0.04860977, -0.04834562, -0.04784912, -0.04721964, -0.04662207, -0.04599384, -0.04529742, -0.04456123, -0.04382381, -0.04310343, -0.04239912, -0.04170287, -0.04100786, -0.04031217, -0.03961847, -0.03893180, -0.03825796, -0.03572069, -0.03336778, -0.03110414, -0.02888904, -0.02671780, -0.02458294, -0.02246941, -0.02036781, -0.01828304, -0.01623423, -0.01424868, -0.01235505, -0.01057842, -0.00893797, -0.00744661, -0.00611158, -0.00493543, -0.00391679, -0.00305088, -0.00232990, -0.00173983, -0.00127181, -0.00090952, -0.00063690, -0.00043751, -0.00029525, -0.00019541, -0.00012558, -0.00007614, -0.00004033, -0.00001391, 0.00000545, 0.00001893, 0.00002729, 0.00003143, 0.00003279, 0.00003324, 0.00003477, 0.00003881, 0.00004543, 0.00005272, 0.00005651, 0.00005124, 0.00003216, 0.00000000
-0.03777864, -0.03661244, -0.03569214, -0.03509562, -0.03464597, -0.03426760, -0.03401958, -0.03380705, -0.03357349, -0.03332671, -0.03308830, -0.03286610, -0.03265412, -0.03244164, -0.03222016, -0.03198596, -0.03173974, -0.03148468, -0.03122482, -0.03015845, -0.02899862, -0.02767711, -0.02618074, -0.02453269, -0.02275673, -0.02087176, -0.01890187, -0.01688282, -0.01486052, -0.01288440, -0.01100030, -0.00924555, -0.00764673, -0.00621971, -0.00497092, -0.00389924, -0.00299775, -0.00225526, -0.00165762, -0.00118625, -0.00082660, -0.00055988, -0.00036853, -0.00023597, -0.00014709, -0.00008891, -0.00005102, -0.00002579, -0.00000818, 0.00000467, 0.00001404, 0.00002035, 0.00002377, 0.00002468, 0.00002396, 0.00002296, 0.00002314, 0.00002556, 0.00003025, 0.00003568, 0.00003865, 0.00003499, 0.00002156, 0.00000000
-0.02552295, -0.02802316, -0.02865820, -0.02884675, -0.02882048, -0.02867523, -0.02856082, -0.02842132, -0.02822223, -0.02798771, -0.02775080, -0.02752629, -0.02731217, -0.02709982, -0.02688219, -0.02665671, -0.02642500, -0.02619107, -0.02595954, -0.02508328, -0.02423125, -0.02331745, -0.02230840, -0.02120531, -0.02000724, -0.01870673, -0.01730203, -0.01580608, -0.01424653, -0.01266021, -0.01108645, -0.00956188, -0.00811748, -0.00677753, -0.00555962, -0.00447509, -0.00352965, -0.00272384, -0.00205357, -0.00150830, -0.00107929, -0.00075142, -0.00050896, -0.00033568, -0.00021575, -0.00013482, -0.00008086, -0.00004460, -0.00001960, -0.00000187, 0.00001070, 0.00001902, 0.00002360, 0.00002505, 0.00002441, 0.00002323, 0.00002317, 0.00002548, 0.00003028, 0.00003602, 0.00003929, 0.00003565, 0.00002183, 0.00000000
-0.18196934, -0.14825220, -0.13067788, -0.11918953, -0.11102390, -0.10482320, -0.09950931, -0.09497377, -0.09114202, -0.08780000, -0.08474948, -0.08188667, -0.07918438, -0.07664743, -0.07428086, -0.07207770, -0.07001984, -0.06808340, -0.06624551, -0.05954671, -0.05362654, -0.04845841, -0.04387707, -0.03965290, -0.03565269, -0.03184603, -0.02824359, -0.02485254, -0.02166655, -0.01867561, -0.01587782, -0.01328430, -0.01091625, -0.00879752, -0.00694656, -0.00537068, -0.00406374, -0.00300718, -0.00217332, -0.00152603, -0.00103634, -0.00067198, -0.00040658, -0.00021872, -0.00009133, -0.00001088, 0.00003362, 0.00005162, 0.00005167, 0.00004170, 0.00002881, 0.00001876, 0.00001528, 0.00001959, 0.00003030, 0.00004387, 0.00005573, 0.00006190, 0.00006067, 0.00005372, 0.00004568, 0.00004075, 0.00003468, 0.00000000
-0.14627874, -0.12092641, -0.10789074, -0.09946044, -0.09351885, -0.08903722, -0.08519383, -0.08191247, -0.07914243, -0.07672248, -0.07450140, -0.07240009, -0.07039872, -0.06850263, -0.06671755, -0.06503981, -0.06345697, -0.06195214, -0.06050856, -0.05510790, -0.05013911, -0.04562620, -0.04148277, -0.03756496, -0.03379501, -0.03016883, -0.02671061, -0.02343891, -0.02035919, -0.01747134, -0.01477916, -0.01229449, -0.01003542, -0.00802089, -0.00626473, -0.00477132, -0.00353383, -0.00253506, -0.00174996, -0.00114664, -0.00069740, -0.00037223, -0.00014545, 0.00000465, 0.00009598, 0.00014313, 0.00015803, 0.00015070, 0.00012974, 0.00010262, 0.00007559, 0.00005338, 0.00003888, 0.00003279, 0.00003374, 0.00003865, 0.00004371, 0.00004559, 0.00004275, 0.00003631, 0.00002972, 0.00002624, 0.00002301, 0.00000000
-0.03857220, -0.03860466, -0.03785588, -0.03710858, -0.03640743, -0.03575178, -0.03521563, -0.03472711, -0.03424074, -0.03376339, -0.03331281, -0.03289475, -0.03250308, -0.03212745, -0.03175939, -0.03139459, -0.03103255, -0.03067502, -0.03032464, -0.02899273, -0.02768982, -0.02632251, -0.02485245, -0.02327899, -0.02160825, -0.01984719, -0.01801087, -0.01612734, -0.01423566, -0.01237977, -0.01060184, -0.00893748, -0.00741322, -0.00604611, -0.00484443, -0.00380914, -0.00293527, -0.00221338, -0.00163073, -0.00116982, -0.00081720, -0.00055484, -0.00036593, -0.00023453, -0.00014606, -0.00008793, -0.00005005, -0.00002493, -0.00000757, 0.00000493, 0.00001400, 0.00002016, 0.00002367, 0.00002494, 0.00002479, 0.00002440, 0.00002509, 0.00002776, 0.00003239, 0.00003753, 0.00004018, 0.00003637, 0.00002278, 0.00000000
0.02464509, 0.00777174, 0.00037493, -0.00396331, -0.00670911, -0.00854848, -0.01016069, -0.01147499, -0.01244938, -0.01320496, -0.01387378, -0.01451851, -0.01514195, -0.01572324, -0.01624461, -0.01670164, -0.01710216, -0.01746075, -0.01779302, -0.01901638, -0.02004218, -0.02069683, -0.02097191, -0.02095347, -0.02068764, -0.02016865, -0.01938420, -0.01834832, -0.01710514, -0.01571553, -0.01424131, -0.01273525, -0.01123803, -0.00978010, -0.00838520, -0.00707340, -0.00586263, -0.00476848, -0.00380304, -0.00297093, -0.00227592, -0.00171139, -0.00126583, -0.00092332, -0.00066536, -0.00047323, -0.00032999, -0.00022200, -0.00013953, -0.00007657, -0.00003002, 0.00000159, 0.00001944, 0.00002556, 0.00002342, 0.00001780, 0.00001388, 0.00001572, 0.00002445, 0.00003692, 0.00004569, 0.00004177, 0.00002152, 0.00000000
-0.06412362, -0.05401764, -0.04865357, -0.04526859, -0.04292279, -0.04118020, -0.03981757, -0.03870803, -0.03777329, -0.03696445, -0.03625079, -0.03561223, -0.03503455, -0.03450691, -0.03402068, -0.03356887, -0.03314608, -0.03274811, -0.03237186, -0.03100756, -0.02973378, -0.02846038, -0.02712303, -0.02567960, -0.02411382, -0.02243024, -0.02064758, -0.01879357, -0.01690154, -0.01500776, -0.01314905, -0.01136043, -0.00967299, -0.00811220, -0.00669681, -0.00543837, -0.00434144, -0.00340424, -0.00261972, -0.00197392, -0.00145626, -0.00104989, -0.00073849, -0.00050590, -0.00033664, -0.00021662, -0.00013360, -0.00007749, -0.00004032, -0.00001608, -0.00000039, 0.00000979, 0.00001657, 0.00002137, 0.00002515, 0.00002861, 0.00003217, 0.00003598, 0.00003978, 0.00004278, 0.00004344, 0.00003922, 0.00002643, 0.00000000
-0.15722398, -0.12502108, -0.10852977, -0.09787146, -0.09040501, -0.08483059, -0.08007580, -0.07606313, -0.07273714, -0.06988656, -0.06731173, -0.06490947, -0.06265530, -0.06055707, -0.05862181, -0.05684316, -0.05520229, -0.05367448, -0.05223539, -0.04702956, -0.04245870, -0.03851253, -0.03503341, -0.03179815, -0.02868596, -0.02568364, -0.02281963, -0.02011498, -0.01757193, -0.01518395, -0.01294881, -0.01087496, -0.00897993, -0.00728396, -0.00580273, -0.00454211, -0.00349623, -0.00264850, -0.00197486, -0.00144542, -0.00103580, -0.00072090, -0.00048112, -0.00030160, -0.00017126, -0.00008163, -0.00002559, 0.00000365, 0.00001321, 0.00001054, 0.00000292, -0.00000337, -0.00000405, 0.00000251, 0.00001500, 0.00002972, 0.00004179, 0.00004700, 0.00004377, 0.00003452, 0.00002530, 0.00002223, 0.00002283, 0.00000000
-0.05474835, -0.05192652, -0.04974548, -0.04814422, -0.04688402, -0.04584071, -0.04503249, -0.04434745, -0.04371491, -0.04312814, -0.04259702, -0.04212129, -0.04168978, -0.04128765, -0.04090268, -0.04052763, -0.04015975, -0.03979906, -0.03944687, -0.03810507, -0.03676360, -0.03530794, -0.03368995, -0.03190589, -0.02996193, -0.02786643, -0.02563707, -0.02330607, -0.02091864, -0.01852705, -0.01618398, -0.01393721, -0.01182651, -0.00988234, -0.00812571, -0.00656878, -0.00521568, -0.00406350, -0.00310331, -0.00231891, -0.00169547, -0.00121185, -0.00084658, -0.00057811, -0.00038586, -0.00025124, -0.00015850, -0.00009513, -0.00005184, -0.00002224, -0.00000224, 0.00001067, 0.00001816, 0.00002162, 0.00002251, 0.00002250, 0.00002320, 0.00002577, 0.00003034, 0.00003553, 0.00003833, 0.00003474, 0.00002157, 0.00000000
-0.04914252, -0.04272718, -0.03919886, -0.03688702, -0.03523091, -0.03395941, -0.03291606, -0.03203343, -0.03126943, -0.03059073, -0.02997414, -0.02940603, -0.02887897, -0.02838846, -0.02793095, -0.02750312, -0.02710180, -0.02672418, -0.02636799, -0.02509491, -0.02396010, -0.02289557, -0.02183774, -0.02073268, -0.01954918, -0.01827722, -0.01692132, -0.01549544, -0.01402015, -0.01252096, -0.01102677, -0.00956775, -0.00817297, -0.00686818, -0.00567398, -0.00460470, -0.00366806, -0.00286555, -0.00219320, -0.00164019, -0.00119818, -0.00085284, -0.00059003, -0.00039558, -0.00025590, -0.00015854, -0.00009273, -0.00004958, -0.00002208, -0.00000494, 0.00000565, 0.00001232, 0.00001683, 0.00002027, 0.00002332, 0.00002636, 0.00002953, 0.00003280, 0.00003590, 0.00003818, 0.00003847, 0.00003472, 0.00002364, 0.00000000
-0.00346181, -0.00967864, -0.01262018, -0.01459604, -0.01601500, -0.01708772, -0.01811682, -0.01901813, -0.01974267, -0.02034547, -0.02089467, -0.02142272, -0.02192969, -0.02240283, -0.02283148, -0.02321274, -0.02355091, -0.02385437, -0.02413231, -0.02507364, -0.02572168, -0.02599103, -0.02588468, -0.02545879, -0.02475165, -0.02377667, -0.02254632, -0.02108964, -0.01945392, -0.01769686, -0.01587713, -0.01404789, -0.01225405, -0.01053218, -0.00891166, -0.00741578, -0.00606226, -0.00486328, -0.00382519, -0.00294562, -0.00222180, -0.00164133, -0.00118846, -0.00084454, -0.00058954, -0.00040394, -0.00027026, -0.00017415, -0.00010482, -0.00005482, -0.00001950, 0.00000398, 0.00001764, 0.00002346, 0.00002398, 0.00002227, 0.00002151, 0.00002410, 0.00003063, 0.00003900, 0.00004431, 0.00004033, 0.00002340, 0.00000000
-0.02180089, -0.02692874, -0.02868072, -0.02949849, -0.02986601, -0.02999426, -0.03012683, -0.03020425, -0.03018875, -0.03011887, -0.03004235, -0.02998010, -0.02992906, -0.02987702, -0.02981375, -0.02973523, -0.02964315, -0.02954243, -0.02943878, -0.02903261, -0.02857190, -0.02793989, -0.02710008, -0.02606633, -0.02484746, -0.02344118, -0.02185169, -0.02010215, -0.01823465, -0.01630253, -0.01436124, -0.01246162, -0.01064631, -0.00894884, -0.00739392, -0.00599836, -0.00477182, -0.00371748, -0.00283253, -0.00210651, -0.00152906, -0.00108260, -0.00074796, -0.00050491, -0.00033346, -0.00021528, -0.00013477, -0.00007976, -0.00004155, -0.00001461, 0.00000416, 0.00001629, 0.00002271, 0.00002443, 0.00002299, 0.00002053, 0.00001934, 0.00002117, 0.00002637, 0.00003311, 0.00003735, 0.00003397, 0.00001987, 0.00000000
-0.02804663, -0.02856405, -0.02850105, -0.02844959, -0.02839253, -0.02832639, -0.02835370, -0.02839129, -0.02838916, -0.02836318, -0.02834201, -0.02833787, -0.02834687, -0.02835880, -0.02836517, -0.02836210, -0.02835006, -0.02833213, -0.02831222, -0.02822396, -0.02804259, -0.02767170, -0.02707417, -0.02625300, -0.02521523, -0.02396595, -0.02251815, -0.02089930, -0.01915046, -0.01732038, -0.01545912, -0.01361325, -0.01182331, -0.01012289, -0.00853868, -0.00709068, -0.00579259, -0.00465199, -0.00367063, -0.00284184, -0.00216047, -0.00161259, -0.00118251, -0.00085278, -0.00060531, -0.00042271, -0.00028952, -0.00019287, -0.00012281, -0.00007212, -0.00003587, -0.00001072, 0.00000570, 0.00001548, 0.00002075, 0.00002376, 0.00002669, 0.00003111, 0.00003734, 0.00004391, 0.00004737, 0.00004301, 0.00002691, 0.00000000
0.06466391, 0.03174631, 0.01702444, 0.00840555, 0.00296491, -0.00066212, -0.00371008, -0.00613132, -0.00789960, -0.00923986, -0.01038459, -0.01144668, -0.01243776, -0.01332927, -0.01409699, -0.01473795, -0.01526868, -0.01571611, -0.01610829, -0.01743543, -0.01842101, -0.01885188, -0.01877378, -0.01837530, -0.01776208, -0.01693916, -0.01588955, -0.01463096, -0.01322331, -0.01174710, -0.01027803, -0.00887152, -0.00755937, -0.00635490, -0.00526100, -0.00427726, -0.00340406, -0.00264357, -0.00199841, -0.00146673, -0.00104810, -0.00073275, -0.00050678, -0.00035246, -0.00025033, -0.00018185, -0.00013179, -0.00008977, -0.00005074, -0.00001434, 0.00001664, 0.00003831, 0.00004782, 0.00004497, 0.00003299, 0.00001806, 0.00000760, 0.00000762, 0.00001969, 0.00003868, 0.00005288, 0.00004855, 0.00002168, 0.00000000
-0.03345311, -0.03702346, -0.03795728, -0.03825652, -0.03824958, -0.03807929, -0.03796533, -0.03782300, -0.03759955, -0.03732899, -0.03705846, -0.03680822, -0.03657360, -0.03634053, -0.03609718, -0.03583853, -0.03556590, -0.03528430, -0.03499974, -0.03387220, -0.03269273, -0.03134835, -0.02981252, -0.02811396, -0.02627688, -0.02431222, -0.02223473, -0.02007522, -0.01788024, -0.01570383, -0.01359818, -0.01160711, -0.00976327, -0.00808813, -0.00659354, -0.00528369, -0.00415679, -0.00320635, -0.00242201, -0.00178754, -0.00128986, -0.00090973, -0.00062794, -0.00042524, -0.00028320, -0.00018536, -0.00011808, -0.00007101, -0.00003707, -0.00001204, 0.00000618, 0.00001845, 0.00002529, 0.00002749, 0.00002657, 0.00002468, 0.00002414, 0.00002673, 0.00003269, 0.00004004, 0.00004444, 0.00004034, 0.00002410, 0.00000000
-0.03711479, -0.04399844, -0.04611108, -0.04685905, -0.04697299, -0.04675759, -0.04651388, -0.04618998, -0.04575246, -0.04524965, -0.04473779, -0.04424171, -0.04375873, -0.04327578, -0.04278197, -0.04227341, -0.04175259, -0.04122553, -0.04069907, -0.03864582, -0.03660409, -0.03445023, -0.03215733, -0.02975933, -0.02728569, -0.02475234, -0.02217972, -0.01960485, -0.01707928, -0.01465915, -0.01239462, -0.01032319, -0.00846747, -0.00683637, -0.00542804, -0.00423306, -0.00323717, -0.00242324, -0.00177247, -0.00126250, -0.00087611, -0.00059192, -0.00039008, -0.00025184, -0.00016013, -0.00010030, -0.00006080, -0.00003334, -0.00001280, 0.00000334, 0.00001577, 0.00002428, 0.00002860, 0.00002904, 0.00002684, 0.00002404, 0.00002293, 0.00002528, 0.00003129, 0.00003883, 0.00004342, 0.00003939, 0.00002325, 0.00000000
-0.09899798, -0.08314158, -0.07496954, -0.06968722, -0.06597762, -0.06318945, -0.06079704, -0.05875546, -0.05703406, -0.05553042, -0.05414925, -0.05284221, -0.05159898, -0.05042481, -0.04932459, -0.04829676, -0.04733376, -0.04642507, -0.04556031, -0.04237462, -0.03948703, -0.03688707, -0.03448451, -0.03215322, -0.02981908, -0.02746511, -0.02510061, -0.02273837, -0.02038927, -0.01806674, -0.01579193, -0.01359482, -0.01151111, -0.00957676, -0.00782239, -0.00626915, -0.00492676, -0.00379379, -0.00285945, -0.00210315, -0.00150713, -0.00104726, -0.00070118, -0.00044810, -0.00026928, -0.00014826, -0.00007094, -0.00002541, -0.00000168, 0.00000847, 0.00001162, 0.00001266, 0.00001477, 0.00001940, 0.00002644, 0.00003457, 0.00004185, 0.00004650, 0.00004762, 0.00004571, 0.00004223, 0.00003796, 0.00002906, 0.00000000
0.04687948, 0.01915090, 0.00678265, -0.00048590, -0.00511023, -0.00823275, -0.01090013, -0.01305802, -0.01467462, -0.01593824, -0.01704593, -0.01809275, -0.01908695, -0.02000226, -0.02081619, -0.02152473, -0.02214075, -0.02268627, -0.02318444, -0.02495365, -0.02637362, -0.02723257, -0.02754584, -0.02745547, -0.02703816, -0.02629019, -0.02519466, -0.02376997, -0.02207626, -0.02019691, -0.01821638, -0.01620606, -0.01422013, -0.01229824, -0.01047059, -0.00876239, -0.00719595, -0.00579055, -0.00456075, -0.00351199, -0.00264649, -0.00195396, -0.00141726, -0.00101349, -0.00071675, -0.00050124, -0.00034407, -0.00022720, -0.00013821, -0.00006998, -0.00001946, 0.00001420, 0.00003157, 0.00003461, 0.00002749, 0.00001641, 0.00000836, 0.00000887, 0.00001953, 0.00003606, 0.00004835, 0.00004441, 0.00002046, 0.00000000
-0.00279462, -0.00993286, -0.01328374, -0.01548953, -0.01705369, -0.01822533, -0.01932825, -0.02028383, -0.02104606, -0.02167365, -0.02223783, -0.02277271, -0.02327897, -0.02374401, -0.02415731, -0.02451631, -0.02482582, -0.02509486, -0.02533325, -0.02606927, -0.02643650, -0.02635547, -0.02584239, -0.02497254, -0.02380578, -0.02237778, -0.02072359, -0.01889410, -0.01695598, -0.01498172, -0.01303850, -0.01118089, -0.00944827, -0.00786596, -0.00644785, -0.00519943, -0.00412020, -0.00320521, -0.00244596, -0.00182782, -0.00134010, -0.00096505, -0.00068476, -0.00048090, -0.00033562, -0.00023284, -0.00015925, -0.00010491, -0.00006326, -0.00003069, -0.00000572, 0.00001202, 0.00002273, 0.00002725, 0.00002740, 0.00002589, 0.00002574, 0.00002923, 0.00003677, 0.00004600, 0.00005162, 0.00004693, 0.00002773, 0.00000000
-0.00393142, -0.01389934, -0.01803637, -0.02041081, -0.02184966, -0.02274386, -0.02355121, -0.02418026, -0.02457723, -0.02482314, -0.02501233, -0.02518817, -0.02534951, -0.02547809, -0.02555899, -0.02558835, -0.02557224, -0.02552229, -0.02545111, -0.02507986, -0.02455555, -0.02375827, -0.02269603, -0.02145043, -0.02007199, -0.01857064, -0.01695116, -0.01523858, -0.01348021, -0.01173381, -0.01005378, -0.00848227, -0.00704637, -0.00575983, -0.00462672, -0.00364512, -0.00280975, -0.00211335, -0.00154703, -0.00109772, -0.00075549, -0.00050461, -0.00032889, -0.00021155, -0.00013630, -0.00008866, -0.00005710, -0.00003361, -0.00001375, 0.00000386, 0.00001857, 0.00002883, 0.00003342, 0.00003230, 0.00002707, 0.00002073, 0.00001686, 0.00001829, 0.00002558, 0.00003589, 0.00004293, 0.00003912, 0.00002104, 0.00000000
-0.02894679, -0.02954805, -0.02957188, -0.02952543, -0.02944059, -0.02932909, -0.02925232, -0.02916733, -0.02904892, -0.02890788, -0.02876188, -0.02861939, -0.02847986, -0.02833908, -0.02819364, -0.02804249, -0.02788682, -0.02772915, -0.02757236, -0.02695648, -0.02630241, -0.02555457, -0.02468598, -0.02369000, -0.02256490, -0.02131167, -0.01993866, -0.01846428, -0.01691559, -0.01532463, -0.01372450, -0.01214657, -0.01061888, -0.00916540, -0.00780582, -0.00655552, -0.00542547, -0.00442230, -0.00354835, -0.00279911, -0.00217223, -0.00165780, -0.00124454, -0.00091948, -0.00066880, -0.00047876, -0.00033671, -0.00023168, -0.00015465, -0.00009862, -0.00005830, -0.00002981, -0.00001021, 0.00000290, 0.00001161, 0.00001780, 0.00002311, 0.00002863, 0.00003459, 0.00003998, 0.00004245, 0.00003860, 0.00002493, 0.00000000
0.03563330, 0.01535201, 0.00637656, 0.00105551, -0.00232798, -0.00459654, -0.00659485, -0.00822131, -0.00941706, -0.01033395, -0.01113849, -0.01190915, -0.01264838, -0.01332892, -0.01392805, -0.01444033, -0.01487621, -0.01525475, -0.01559637, -0.01680871, -0.01776633, -0.01827587, -0.01835466, -0.01813713, -0.01769966, -0.01704532, -0.01616289, -0.01506969, -0.01381676, -0.01247197, -0.01110030, -0.00975180, -0.00845887, -0.00723991, -0.00610520, -0.00506201, -0.00411740, -0.00327867, -0.00255211, -0.00193846, -0.00143968, -0.00104801, -0.00075164, -0.00053487, -0.00037992, -0.00026933, -0.00018807, -0.00012501, -0.00007345, -0.00003073, 0.00000295, 0.00002610, 0.00003764, 0.00003823, 0.00003091, 0.00002084, 0.00001398, 0.00001510, 0.00002542, 0.00004083, 0.00005195, 0.00004754, 0.00002354, 0.00000000
-0.02068490, -0.02734702, -0.02982876, -0.03108584, -0.03174924, -0.03209209, -0.03239791, -0.03261538, -0.03271207, -0.03273489, -0.03273915, -0.03275038, -0.03276757, -0.03277927, -0.03277560, -0.03275302, -0.03271382, -0.03266361, -0.03260879, -0.03238688, -0.03209327, -0.03160989, -0.03089935, -0.02997476, -0.02884277, -0.02749720, -0.02593728, -0.02418083, -0.02226493, -0.02023904, -0.01815666, -0.01606927, -0.01402312, -0.01205814, -0.01020786, -0.00849949, -0.00695377, -0.00558465, -0.00439901, -0.00339400, -0.00256547, -0.00189925, -0.00137756, -0.00097963, -0.00068340, -0.00046732, -0.00031203, -0.00020134, -0.00012271, -0.00006714, -0.00002856, -0.00000304, 0.00001223, 0.00001964, 0.00002180, 0.00002158, 0.00002182, 0.00002467, 0.00003065, 0.00003801, 0.00004252, 0.00003870, 0.00002298, 0.00000000
-0.10593223, -0.08024422, -0.06756207, -0.05968848, -0.05436364, -0.05051029, -0.04731552, -0.04467708, -0.04253001, -0.04071782, -0.03909894, -0.03759997, -0.03620197, -0.03490859, -0.03372354, -0.03264206, -0.03165138, -0.03073516, -0.02987751, -0.02680562, -0.02414225, -0.02189003, -0.01994572, -0.01815806, -0.01644372, -0.01479117, -0.01321602, -0.01172835, -0.01032542, -0.00899898, -0.00774461, -0.00656624, -0.00547528, -0.00448625, -0.00361170, -0.00285846, -0.00222604, -0.00170704, -0.00128911, -0.00095488, -0.00069235, -0.00048712, -0.00032834, -0.00020774, -0.00011905, -0.00005727, -0.00001798, 0.00000321, 0.00001103, 0.00001047, 0.00000646, 0.00000323, 0.00000371, 0.00000902, 0.00001835, 0.00002924, 0.00003846, 0.00004314, 0.00004213, 0.00003680, 0.00003076, 0.00002735, 0.00002373, 0.00000000
0.02665933, 0.01178226, 0.00502501, 0.00097864, -0.00165437, -0.00347703, -0.00504309, -0.00632427, -0.00730452, -0.00808534, -0.00877370, -0.00942252, -0.01003826, -0.01060845, -0.01112209, -0.01157772, -0.01198266, -0.01234905, -0.01268965, -0.01392072, -0.01492978, -0.01559622, -0.01591719, -0.01596062, -0.01576704, -0.01534050, -0.01468170, -0.01381195, -0.01277527, -0.01162765, -0.01042449, -0.00921247, -0.00802691, -0.00689305, -0.00582887, -0.00484772, -0.00395996, -0.00317336, -0.00249272, -0.00191683, -0.00144551, -0.00107052, -0.00078099, -0.00056347, -0.00040327, -0.00028611, -0.00019958, -0.00013405, -0.00008308, -0.00004311, -0.00001274, 0.00000833, 0.00002035, 0.00002437, 0.00002270, 0.00001876, 0.00001634, 0.00001843, 0.00002575, 0.00003574, 0.00004249, 0.00003873, 0.00002109, 0.00000000
-0.01142990, -0.01486589, -0.01605028, -0.01657944, -0.01678211, -0.01680140, -0.01679329, -0.01672872, -0.01659140, -0.01641020, -0.01621841, -0.01603224, -0.01585278, -0.01567519, -0.01549548, -0.01531311, -0.01513068, -0.01495248, -0.01478305, -0.01421544, -0.01377015, -0.01336974, -0.01297666, -0.01257779, -0.01215639, -0.01169000, -0.01116078, -0.01056225, -0.00989908, -0.00918305, -0.00842878, -0.00765095, -0.00686335, -0.00607900, -0.00531054, -0.00457043, -0.00387070, -0.00322239, -0.00263470, -0.00211178, -0.00166017, -0.00127903, -0.00096544, -0.00071383, -0.00051658, -0.00036508, -0.00025071, -0.00016559, -0.00010308, -0.00005793, -0.00002612, -0.00000465, 0.00000886, 0.00001652, 0.00002038, 0.00002243, 0.00002449, 0.00002782, 0.00003262, 0.00003768, 0.00004022, 0.00003641, 0.00002294, 0.00000000
-0.00772587, -0.01805863, -0.02234479, -0.02478575, -0.02627080, -0.02721295, -0.02806500, -0.02874703, -0.02920999, -0.02953179, -0.02980295, -0.03006546, -0.03031850, -0.03054433, -0.03072814, -0.03086523, -0.03096025, -0.03102325, -0.03106532, -0.03112884, -0.03098676, -0.03050559, -0.02967800, -0.02857215, -0.02723295, -0.02567180, -0.02389843, -0.02194410, -0.01986347, -0.01772354, -0.01559052, -0.01352099, -0.01155839, -0.00973359, -0.00806728, -0.00657249, -0.00525635, -0.00412093, -0.00316344, -0.00237379, -0.00174245, -0.00125176, -0.00088189, -0.00061128, -0.00041818, -0.00028243, -0.00018690, -0.00011840, -0.00006787, -0.00003000, -0.00000225, 0.00001630, 0.00002619, 0.00002856, 0.00002571, 0.00002096, 0.00001805, 0.00001987, 0.00002708, 0.00003706, 0.00004380, 0.00003993, 0.00002191, 0.00000000
-0.04542415, -0.03813397, -0.03421860, -0.03167684, -0.02986994, -0.02848947, -0.02734781, -0.02637804, -0.02553889, -0.02479237, -0.02411054, -0.02347765, -0.02288641, -0.02233330, -0.02181562, -0.02133043, -0.02087449, -0.02044472, -0.02003851, -0.01858537, -0.01731281, -0.01617044, -0.01510386, -0.01406277, -0.01301872, -0.01196332, -0.01089957, -0.00983531, -0.00878059, -0.00774710, -0.00674795, -0.00579699, -0.00490761, -0.00409138, -0.00335688, -0.00270900, -0.00214890, -0.00167425, -0.00128002, -0.00095670, -0.00069920, -0.00049785, -0.00034410, -0.00022976, -0.00014709, -0.00008909, -0.00004968, -0.00002380, -0.00000739, 0.00000275, 0.00000902, 0.00001318, 0.00001643, 0.00001952, 0.00002280, 0.00002633, 0.00002995, 0.00003338, 0.00003622, 0.00003796, 0.00003776, 0.00003402, 0.00002351, 0.00000000
-0.04480042, -0.04530330, -0.04493881, -0.04452537, -0.04410489, -0.04368818, -0.04337233, -0.04308078, -0.04276590, -0.04243981, -0.04212626, -0.04183432, -0.04155856, -0.04128854, -0.04101555, -0.04073552, -0.04044850, -0.04015708, -0.03986463, -0.03869593, -0.03746168, -0.03607553, -0.03450718, -0.03276372, -0.03085467, -0.02878728, -0.02657648, -0.02425195, -0.02185724, -0.01944392, -0.01706475, -0.01476836, -0.01259611, -0.01058074, -0.00874613, -0.00710767, -0.00567282, -0.00444182, -0.00340842, -0.00255851, -0.00187846, -0.00134765, -0.00094443, -0.00064653, -0.00043225, -0.00028173, -0.00017790, -0.00010703, -0.00005881, -0.00002607, -0.00000414, 0.00000988, 0.00001789, 0.00002143, 0.00002213, 0.00002176, 0.00002211, 0.00002446, 0.00002901, 0.00003435, 0.00003736, 0.00003391, 0.00002085, 0.00000000
0.01450387, 0.00304143, -0.00211577, -0.00528936, -0.00738764, -0.00885211, -0.01018471, -0.01129794, -0.01214094, -0.01280433, -0.01339201, -0.01395316, -0.01448881, -0.01498116, -0.01541534, -0.01578780, -0.01610532, -0.01638041, -0.01662660, -0.01745713, -0.01802899, -0.01822343, -0.01805474, -0.01761401, -0.01695949, -0.01610595, -0.01506114, -0.01385231, -0.01252873, -0.01115011, -0.00977307, -0.00844248, -0.00718913, -0.00603165, -0.00498017, -0.00403986, -0.00321321, -0.00250088, -0.00190157, -0.00140873, -0.00101861, -0.00071989, -0.00049958, -0.00034288, -0.00023442, -0.00015981, -0.00010703, -0.00006731, -0.00003538, -0.00000899, 0.00001191, 0.00002639, 0.00003369, 0.00003420, 0.00002989, 0.00002407, 0.00002063, 0.00002260, 0.00003059, 0.00004163, 0.00004905, 0.00004468, 0.00002460, 0.00000000
-0.06658573, -0.05411018, -0.04794997, -0.04415065, -0.04157509, -0.03969265, -0.03813049, -0.03682235, -0.03572840, -0.03477828, -0.03391094, -0.03309464, -0.03232066, -0.03159013, -0.03090458, -0.03026237, -0.02965878, -0.02908764, -0.02854299, -0.02652571, -0.02467243, -0.02297581, -0.02138690, -0.01983732, -0.01828992, -0.01674097, -0.01520144, -0.01368293, -0.01219405, -0.01074293, -0.00934047, -0.00800152, -0.00674372, -0.00558479, -0.00453970, -0.00361844, -0.00282496, -0.00215727, -0.00160838, -0.00116521, -0.00081793, -0.00055200, -0.00035407, -0.00021166, -0.00011337, -0.00004909, -0.00001011, 0.00001087, 0.00001990, 0.00002187, 0.00002059, 0.00001883, 0.00001834, 0.00001986, 0.00002327, 0.00002777, 0.00003222, 0.00003552, 0.00003701, 0.00003667, 0.00003487, 0.00003134, 0.00002300, 0.00000000
0.08681147, 0.05177252, 0.03560480, 0.02579474, 0.01937321, 0.01491958, 0.01108370, 0.00794755, 0.00555516, 0.00365746, 0.00199350, 0.00043686, -0.00102452, -0.00235757, -0.00353459, -0.00455241, -0.00543027, -0.00619928, -0.00689193, -0.00927281, -0.01112782, -0.01225937, -0.01275791, -0.01286821, -0.01273057, -0.01236176, -0.01174624, -0.01090255, -0.00989334, -0.00880203, -0.00770521, -0.00665609, -0.00568177, -0.00478976, -0.00397770, -0.00324167, -0.00258088, -0.00199857, -0.00150015, -0.00108797, -0.00076529, -0.00052635, -0.00036056, -0.00025282, -0.00018578, -0.00014263, -0.00010969, -0.00007814, -0.00004455, -0.00001026, 0.00002033, 0.00004194, 0.00005074, 0.00004612, 0.00003146, 0.00001357, 0.00000079, -0.00000011, 0.00001267, 0.00003351, 0.00004947, 0.00004556, 0.00001813, 0.00000000
-0.11269669, -0.08992562, -0.07844711, -0.07123776, -0.06628619, -0.06264253, -0.05963191, -0.05712947, -0.05505612, -0.05327819, -0.05167985, -0.05019881, -0.04881474, -0.04752527, -0.04632916, -0.04521990, -0.04418590, -0.04321346, -0.04228971, -0.03888888, -0.03579419, -0.03298405, -0.03037476, -0.02785608, -0.02537386, -0.02293084, -0.02055215, -0.01826013, -0.01606796, -0.01398409, -0.01201835, -0.01018461, -0.00849969, -0.00697982, -0.00563690, -0.00447576, -0.00349328, -0.00267907, -0.00201735, -0.00148664, -0.00107036, -0.00074864, -0.00050466, -0.00032400, -0.00019434, -0.00010525, -0.00004782, -0.00001424, 0.00000244, 0.00000841, 0.00000904, 0.00000857, 0.00000989, 0.00001428, 0.00002144, 0.00002980, 0.00003714, 0.00004144, 0.00004176, 0.00003882, 0.00003472, 0.00003105, 0.00002470, 0.00000000
-0.02206361, -0.02037199, -0.01953757, -0.01908680, -0.01881098, -0.01861991, -0.01849742, -0.01839978, -0.01830198, -0.01820233, -0.01810620, -0.01801657, -0.01793281, -0.01785276, -0.01777457, -0.01769752, -0.01762204, -0.01754930, -0.01748072, -0.01723389, -0.01697112, -0.01664511, -0.01622188, -0.01568133, -0.01501457, -0.01422221, -0.01331414, -0.01230892, -0.01123167, -0.01011122, -0.00897727, -0.00785812, -0.00677896, -0.00576093, -0.00482055, -0.00396956, -0.00321503, -0.00255970, -0.00200245, -0.00153623, -0.00115724, -0.00085546, -0.00062080, -0.00044261, -0.00031021, -0.00021357, -0.00014386, -0.00009387, -0.00005799, -0.00003215, -0.00001353, -0.00000020, 0.00000917, 0.00001568, 0.00002029, 0.00002396, 0.00002753, 0.00003153, 0.00003592, 0.00003979, 0.00004122, 0.00003730, 0.00002457, 0.00000000
-0.02820059, -0.02885193, -0.02870275, -0.02845414, -0.02816387, -0.02784965, -0.02758808, -0.02732857, -0.02704125, -0.02673889, -0.02644202, -0.02615984, -0.02589091, -0.02562968, -0.02537173, -0.02511569, -0.02486298, -0.02461657, -0.02437983, -0.02353332, -0.02277635, -0.02203074, -0.02125132, -0.02041517, -0.01950243, -0.01849454, -0.01738149, -0.01616649, -0.01486535, -0.01350267, -0.01210746, -0.01070976, -0.00933839, -0.00801966, -0.00677660, -0.00562834, -0.00458957, -0.00367018, -0.00287503, -0.00220095, -0.00164675, -0.00120238, -0.00085599, -0.00059369, -0.00040059, -0.00026203, -0.00016472, -0.00009743, -0.00005138, -0.00002011, 0.00000082, 0.00001434, 0.00002246, 0.00002675, 0.00002872, 0.00002990, 0.00003170, 0.00003510, 0.00004011, 0.00004536, 0.00004784, 0.00004336, 0.00002781, 0.00000000
-0.04880137, -0.03899093, -0.03408228, -0.03109251, -0.02908812, -0.02763998, -0.02650017, -0.02557627, -0.02481210, -0.02415844, -0.02357937, -0.02305434, -0.02257339, -0.02213149, -0.02172493, -0.02134978, -0.02100194, -0.02067748, -0.02037311, -0.01928696, -0.01831786, -0.01742071, -0.01654586, -0.01564629, -0.01469670, -0.01369209, -0.01263874, -0.01154761, -0.01043200, -0.00930751, -0.00819212, -0.00710558, -0.00606786, -0.00509739, -0.00420928, -0.00341426, -0.00271809, -0.00212183, -0.00162237, -0.00121117, -0.00088238, -0.00062522, -0.00042930, -0.00028431, -0.00018031, -0.00010822, -0.00006009, -0.00002925, -0.00001034, 0.00000081, 0.00000731, 0.00001137, 0.00001443, 0.00001732, 0.00002039, 0.00002367, 0.00002695, 0.00002993, 0.00003228, 0.00003361, 0.00003330, 0.00003001, 0.00002087, 0.00000000
-0.04075921, -0.04439569, -0.04518945, -0.04522844, -0.04496612, -0.04457082, -0.04418887, -0.04379223, -0.04336094, -0.04291527, -0.04248035, -0.04206708, -0.04167314, -0.04129122, -0.04091515, -0.04054187, -0.04017160, -0.03980643, -0.03944895, -0.03809174, -0.03676270, -0.03536165, -0.03383889, -0.03218057, -0.03038165, -0.02844128, -0.02636936, -0.02419067, -0.02194292, -0.01967124, -0.01742206, -0.01523864, -0.01315828, -0.01121117, -0.00942018, -0.00780106, -0.00636282, -0.00510823, -0.00403440, -0.00313082, -0.00238830, -0.00179023, -0.00131883, -0.00095518, -0.00068024, -0.00047598, -0.00032636, -0.00021790, -0.00013991, -0.00008430, -0.00004525, -0.00001859, -0.00000122, 0.00000936, 0.00001544, 0.00001919, 0.00002253, 0.00002679, 0.00003224, 0.00003772, 0.00004050, 0.00003676, 0.00002321, 0.00000000
-0.02142853, -0.02535387, -0.02659997, -0.02722431, -0.02752677, -0.02764861, -0.02784812, -0.02801575, -0.02808492, -0.02809699, -0.02810964, -0.02814738, -0.02820427, -0.02826275, -0.02830818, -0.02833427, -0.02834243, -0.02833851, -0.02832958, -0.02829454, -0.02818160, -0.02785141, -0.02726932, -0.02646453, -0.02545610, -0.02424354, -0.02282881, -0.02123246, -0.01949460, -0.01766658, -0.01580140, -0.01394708, -0.01214385, -0.01042413, -0.00881364, -0.00733249, -0.00599583, -0.00481383, -0.00379140, -0.00292519, -0.00221203, -0.00163943, -0.00119184, -0.00085100, -0.00059737, -0.00041191, -0.00027760, -0.00018047, -0.00010998, -0.00005888, -0.00002258, 0.00000174, 0.00001610, 0.00002252, 0.00002354, 0.00002225, 0.00002180, 0.00002459, 0.00003120, 0.00003955, 0.00004479, 0.00004075, 0.00002374, 0.00000000
0.03190991, 0.01377089, 0.00565002, 0.00091902, -0.00201809, -0.00391440, -0.00545261, -0.00661333, -0.00739032, -0.00791461, -0.00832010, -0.00867411, -0.00898784, -0.00924999, -0.00945121, -0.00959330, -0.00968824, -0.00975319, -0.00980551, -0.01005509, -0.01035919, -0.01057955, -0.01070509, -0.01079269, -0.01085454, -0.01085334, -0.01074570, -0.01051193, -0.01015900, -0.00970847, -0.00918322, -0.00860003, -0.00796871, -0.00729541, -0.00658693, -0.00585383, -0.00511154, -0.00437933, -0.00367798, -0.00302316, -0.00243496, -0.00192172, -0.00148718, -0.00112921, -0.00084089, -0.00061243, -0.00043329, -0.00029372, -0.00018584, -0.00010388, -0.00004390, -0.00000306, 0.00002130, 0.00003244, 0.00003457, 0.00003273, 0.00003196, 0.00003601, 0.00004581, 0.00005823, 0.00006604, 0.00006005, 0.00003487, 0.00000000
-0.07435821, -0.06302859, -0.05680730, -0.05271610, -0.04979007, -0.04755697, -0.04572657, -0.04419076, -0.04288141, -0.04173607, -0.04070786, -0.03976880, -0.03890446, -0.03810663, -0.03736889, -0.03668479, -0.03604775, -0.03545152, -0.03489078, -0.03289701, -0.03114762, -0.02954937, -0.02801310, -0.02646034, -0.02484630, -0.02315711, -0.02139750, -0.01958156, -0.01772887, -0.01586369, -0.01401442, -0.01221213, -0.01048815, -0.00887129, -0.00738538, -0.00604758, -0.00486769, -0.00384824, -0.00298547, -0.00226761, -0.00168556, -0.00122325, -0.00086467, -0.00059362, -0.00039427, -0.00025188, -0.00015333, -0.00008738, -0.00004478, -0.00001815, -0.00000183, 0.00000833, 0.00001520, 0.00002058, 0.00002545, 0.00003014, 0.00003461, 0.00003858, 0.00004168, 0.00004345, 0.00004308, 0.00003885, 0.00002703, 0.00000000
-0.09125344, -0.07439343, -0.06603431, -0.06090063, -0.05744507, -0.05494326, -0.05291057, -0.05123862, -0.04986038, -0.04868092, -0.04762090, -0.04663764, -0.04571667, -0.04485568, -0.04405345, -0.04330554, -0.04260434, -0.04194098, -0.04130719, -0.03893443, -0.03669953, -0.03458625, -0.03253723, -0.03047704, -0.02836889, -0.02621518, -0.02403434, -0.02184433, -0.01965928, -0.01749348, -0.01536612, -0.01330293, -0.01133456, -0.00949271, -0.00780580, -0.00629544, -0.00497435, -0.00384583, -0.00290470, -0.00213631, -0.00152677, -0.00105529, -0.00070109, -0.00044367, -0.00026361, -0.00014334, -0.00006756, -0.00002337, -0.00000030, 0.00000990, 0.00001342, 0.00001458, 0.00001605, 0.00001902, 0.00002352, 0.00002878, 0.00003362, 0.00003698, 0.00003831, 0.00003773, 0.00003579, 0.00003229, 0.00002391, 0.00000000
0.01314581, 0.00341060, -0.00090636, -0.00350059, -0.00516939, -0.00629735, -0.00730375, -0.00812546, -0.00872623, -0.00918234, -0.00957954, -0.00995868, -0.01032130, -0.01065362, -0.01094409, -0.01119017, -0.01139758, -0.01157657, -0.01173812, -0.01231584, -0.01276557, -0.01297815, -0.01295115, -0.01274406, -0.01239035, -0.01188962, -0.01123742, -0.01044682, -0.00955052, -0.00859148, -0.00761201, -0.00664673, -0.00572046, -0.00484956, -0.00404453, -0.00331256, -0.00265896, -0.00208759, -0.00160052, -0.00119508, -0.00087049, -0.00061922, -0.00043189, -0.00029721, -0.00020304, -0.00013778, -0.00009157, -0.00005709, -0.00002977, -0.00000756, 0.00000981, 0.00002172, 0.00002770, 0.00002812, 0.00002460, 0.00001985, 0.00001702, 0.00001858, 0.00002503, 0.00003396, 0.00003996, 0.00003639, 0.00002004, 0.00000000
0.00754524, -0.00216145, -0.00624236, -0.00861641, -0.01007343, -0.01099934, -0.01185636, -0.01254787, -0.01301721, -0.01334615, -0.01363031, -0.01391345, -0.01419379, -0.01445201, -0.01467214, -0.01484938, -0.01498906, -0.01510214, -0.01520062, -0.01556336, -0.01583813, -0.01588198, -0.01568731, -0.01532278, -0.01482604, -0.01419369, -0.01341642, -0.01250446, -0.01149002, -0.01041647, -0.00932586, -0.00825130, -0.00721522, -0.00623148, -0.00530892, -0.00445436, -0.00367432, -0.00297510, -0.00236205, -0.00183585, -0.00139907, -0.00104658, -0.00077051, -0.00056012, -0.00040295, -0.00028642, -0.00019930, -0.00013280, -0.00008091, -0.00004033, -0.00000971, 0.00001124, 0.00002284, 0.00002625, 0.00002390, 0.00001935, 0.00001652, 0.00001844, 0.00002586, 0.00003609, 0.00004304, 0.00003922, 0.00002122, 0.00000000
0.04073109, 0.01848742, 0.00838686, 0.00230679, -0.00166608, -0.00443038, -0.00683896, -0.00883072, -0.01037003, -0.01161113, -0.01271827, -0.01377100, -0.01477603, -0.01571097, -0.01655657, -0.01730908, -0.01797912, -0.01858512, -0.01914657, -0.02115371, -0.02278012, -0.02384844, -0.02437255, -0.02447580, -0.02423032, -0.02364326, -0.02271172, -0.02146256, -0.01995715, -0.01827540, -0.01649682, -0.01468845, -0.01290131, -0.01117262, -0.00953033, -0.00799702, -0.00659200, -0.00533139, -0.00422705, -0.00328247, -0.00249952, -0.00186878, -0.00137533, -0.00099946, -0.00071893, -0.00051156, -0.00035766, -0.00024159, -0.00015245, -0.00008382, -0.00003266, 0.00000218, 0.00002162, 0.00002772, 0.00002433, 0.00001697, 0.00001173, 0.00001339, 0.00002333, 0.00003787, 0.00004833, 0.00004426, 0.00002189, 0.00000000
-0.03048848, -0.02761799, -0.02604186, -0.02506586, -0.02437485, -0.02383204, -0.02341350, -0.02305083, -0.02270375, -0.02236712, -0.02204593, -0.02174135, -0.02144955, -0.02116504, -0.02088349, -0.02060292, -0.02032340, -0.02004630, -0.01977347, -0.01871920, -0.01767314, -0.01659448, -0.01546809, -0.01429699, -0.01308964, -0.01185653, -0.01061245, -0.00937754, -0.00817538, -0.00702965, -0.00596079, -0.00498404, -0.00410869, -0.00333842, -0.00267234, -0.00210602, -0.00163267, -0.00124399, -0.00093087, -0.00068148, -0.00048930, -0.00034418, -0.00023742, -0.00016095, -0.00010737, -0.00007025, -0.00004440, -0.00002594, -0.00001226, -0.00000180, 0.00000626, 0.00001229, 0.00001654, 0.00001935, 0.00002126, 0.00002297, 0.00002520, 0.00002840, 0.00003242, 0.00003624, 0.00003779, 0.00003415, 0.00002219, 0.00000000
-0.02830350, -0.02534758, -0.02343857, -0.02207420, -0.02101433, -0.02013784, -0.01940490, -0.01876004, -0.01816928, -0.01762211, -0.01711595, -0.01664745, -0.01621127, -0.01580179, -0.01541453, -0.01504665, -0.01469682, -0.01436465, -0.01405022, -0.01294419, -0.01200970, -0.01118465, -0.01042749, -0.00971122, -0.00901690, -0.00833102, -0.00764587, -0.00695972, -0.00627581, -0.00560062, -0.00494221, -0.00430886, -0.00370832, -0.00314735, -0.00263148, -0.00216485, -0.00175016, -0.00138857, -0.00107975, -0.00082005, -0.00060856, -0.00044023, -0.00030993, -0.00021199, -0.00014045, -0.00008954, -0.00005409, -0.00002977, -0.00001322, -0.00000198, 0.00000561, 0.00001066, 0.00001391, 0.00001596, 0.00001733, 0.00001857, 0.00002016, 0.00002237, 0.00002509, 0.00002762, 0.00002854, 0.00002576, 0.00001689, 0.00000000
0.02604337, 0.01073217, 0.00312771, -0.00179307, -0.00529873, -0.00797532, -0.01031283, -0.01232126, -0.01400840, -0.01546817, -0.01679552, -0.01804110, -0.01921731, -0.02032006, -0.02134503, -0.02229413, -0.02317547, -0.02400047, -0.02478071, -0.02756690, -0.02982871, -0.03149627, -0.03257106, -0.03310234, -0.03312175, -0.03263900, -0.03166754, -0.03024347, -0.02842836, -0.02630182, -0.02395154, -0.02146533, -0.01892613, -0.01640932, -0.01398117, -0.01169768, -0.00960339, -0.00773044, -0.00609799, -0.00470943, -0.00356244, -0.00263989, -0.00191804, -0.00136819, -0.00095943, -0.00066154, -0.00044736, -0.00029427, -0.00018487, -0.00010681, -0.00005190, -0.00001492, 0.00000773, 0.00001919, 0.00002289, 0.00002278, 0.00002283, 0.00002611, 0.00003358, 0.00004310, 0.00004926, 0.00004502, 0.00002617, 0.00000000
-0.04448690, -0.04506155, -0.04434629, -0.04358969, -0.04284432, -0.04212384, -0.04159152, -0.04111740, -0.04062103, -0.04012244, -0.03966049, -0.03924832, -0.03887497, -0.03852073, -0.03816965, -0.03781383, -0.03745268, -0.03708998, -0.03673085, -0.03535871, -0.03399562, -0.03250102, -0.03083545, -0.02902237, -0.02708156, -0.02501929, -0.02284679, -0.02059335, -0.01830597, -0.01604047, -0.01385125, -0.01178421, -0.00987356, -0.00814173, -0.00660096, -0.00525530, -0.00410246, -0.00313509, -0.00234176, -0.00170511, -0.00121044, -0.00083712, -0.00056454, -0.00037215, -0.00024049, -0.00015228, -0.00009337, -0.00005315, -0.00002455, -0.00000349, 0.00001184, 0.00002200, 0.00002721, 0.00002808, 0.00002598, 0.00002308, 0.00002177, 0.00002389, 0.00002971, 0.00003717, 0.00004181, 0.00003798, 0.00002226, 0.00000000
-0.01419838, -0.01627916, -0.01694744, -0.01735558, -0.01759207, -0.01771370, -0.01790668, -0.01807186, -0.01815050, -0.01817405, -0.01818845, -0.01821347, -0.01824459, -0.01826827, -0.01827360, -0.01825657, -0.01821949, -0.01816826, -0.01810971, -0.01785792, -0.01753924, -0.01706740, -0.01643346, -0.01567411, -0.01481245, -0.01385148, -0.01279326, -0.01165294, -0.01045987, -0.00925073, -0.00806163, -0.00692264, -0.00585590, -0.00487603, -0.00399177, -0.00320768, -0.00252533, -0.00194387, -0.00146022, -0.00106662, -0.00075816, -0.00052406, -0.00035290, -0.00023248, -0.00015052, -0.00009577, -0.00005886, -0.00003283, -0.00001323, 0.00000218, 0.00001405, 0.00002222, 0.00002642, 0.00002694, 0.00002492, 0.00002225, 0.00002110, 0.00002315, 0.00002863, 0.00003562, 0.00003994, 0.00003627, 0.00002135, 0.00000000
-0.12654035, -0.10173575, -0.08895475, -0.08066971, -0.07483842, -0.07045730, -0.06671475, -0.06354104, -0.06088854, -0.05859797, -0.05651994, -0.05457694, -0.05275005, -0.05104469, -0.04946603, -0.04800956, -0.04666175, -0.04540470, -0.04422078, -0.03996122, -0.03626421, -0.03311271, -0.03037729, -0.02787532, -0.02549772, -0.02321469, -0.02102815, -0.01893691, -0.01692944, -0.01499250, -0.01312144, -0.01132490, -0.00962300, -0.00804139, -0.00660444, -0.00532982, -0.00422570, -0.00329046, -0.00251442, -0.00187984, -0.00137212, -0.00097215, -0.00066318, -0.00043038, -0.00026075, -0.00014286, -0.00006644, -0.00002200, -0.00000059, 0.00000613, 0.00000561, 0.00000384, 0.00000491, 0.00001057, 0.00002024, 0.00003149, 0.00004095, 0.00004567, 0.00004446, 0.00003878, 0.00003244, 0.00002890, 0.00002511, 0.00000000
0.11247875, 0.08675196, 0.07329660, 0.06420578, 0.05755489, 0.05237926, 0.04774217, 0.04368845, 0.04023852, 0.03721015, 0.03441155, 0.03174414, 0.02919041, 0.02676685, 0.02448876, 0.02235620, 0.02035479, 0.01846227, 0.01665551, 0.01002544, 0.00427795, -0.00045706, -0.00423194, -0.00721087, -0.00950353, -0.01114991, -0.01217736, -0.01264199, -0.01263325, -0.01225674, -0.01161421, -0.01079100, -0.00985280, -0.00884874, -0.00781693, -0.00678931, -0.00579442, -0.00485797, -0.00400175, -0.00323943, -0.00258320, -0.00203358, -0.00158504, -0.00122646, -0.00094315, -0.00071943, -0.00054096, -0.00039638, -0.00027807, -0.00018194, -0.00010648, -0.00005134, -0.00001583, 0.00000235, 0.00000762, 0.00000625, 0.00000513, 0.00000972, 0.00002185, 0.00003800, 0.00004939, 0.00004537, 0.00002225, 0.00000000
0.15276558, 0.09759769, 0.07198374, 0.05644851, 0.04625894, 0.03916253, 0.03309641, 0.02813154, 0.02430326, 0.02122941, 0.01851676, 0.01597260, 0.01357382, 0.01136501, 0.00938404, 0.00763388, 0.00608541, 0.00469261, 0.00340781, -0.00120018, -0.00509244, -0.00795800, -0.00990384, -0.01126288, -0.01221743, -0.01277240, -0.01288867, -0.01258004, -0.01192787, -0.01104738, -0.01004754, -0.00900712, -0.00797061, -0.00695729, -0.00597468, -0.00502980, -0.00413508, -0.00330875, -0.00257137, -0.00193780, -0.00142198, -0.00102306, -0.00073110, -0.00052784, -0.00039011, -0.00029433, -0.00022053, -0.00015520, -0.00009234, -0.00003275, 0.00001821, 0.00005378, 0.00006911, 0.00006384, 0.00004325, 0.00001751, -0.00000112, -0.00000264, 0.00001573, 0.00004590, 0.00006915, 0.00006383, 0.00002476, 0.00000000
-0.05034951, -0.04276948, -0.03864928, -0.03589464, -0.03389111, -0.03233056, -0.03098252, -0.02980988, -0.02878936, -0.02787630, -0.02703151, -0.02623466, -0.02548035, -0.02476942, -0.02410288, -0.02347957, -0.02289632, -0.02234895, -0.02183347, -0.02000612, -0.01845190, -0.01712892, -0.01596868, -0.01489318, -0.01385150, -0.01282139, -0.01179597, -0.01077334, -0.00975342, -0.00873885, -0.00773654, -0.00675786, -0.00581738, -0.00493058, -0.00411154, -0.00337112, -0.00271601, -0.00214852, -0.00166711, -0.00126455, -0.00093730, -0.00067630, -0.00047309, -0.00031911, -0.00020591, -0.00012551, -0.00007068, -0.00003504, -0.00001312, -0.00000037, 0.00000686, 0.00001133, 0.00001495, 0.00001879, 0.00002322, 0.00002799, 0.00003254, 0.00003624, 0.00003858, 0.00003934, 0.00003830, 0.00003449, 0.00002456, 0.00000000
-0.04607705, -0.04251260, -0.04016925, -0.03844886, -0.03710460, -0.03599694, -0.03503889, -0.03418921, -0.03342217, -0.03271811, -0.03206321, -0.03144895, -0.03087032, -0.03032425, -0.02980840, -0.02932068, -0.02885916, -0.02842218, -0.02800833, -0.02653265, -0.02524979, -0.02409553, -0.02301052, -0.02194098, -0.02084895, -0.01971240, -0.01852110, -0.01727280, -0.01597145, -0.01462636, -0.01325188, -0.01186661, -0.01049222, -0.00915176, -0.00786788, -0.00666117, -0.00554878, -0.00454357, -0.00365364, -0.00287989, -0.00222399, -0.00167981, -0.00123903, -0.00089093, -0.00062315, -0.00042269, -0.00027681, -0.00017371, -0.00010300, -0.00005594, -0.00002547, -0.00000614, 0.00000606, 0.00001398, 0.00001948, 0.00002373, 0.00002741, 0.00003077, 0.00003374, 0.00003585, 0.00003608, 0.00003257, 0.00002218, 0.00000000
0.03505326, 0.01489721, 0.00602157, 0.00086549, -0.00235412, -0.00446911, -0.00626095, -0.00767772, -0.00869000, -0.00943971, -0.01007666, -0.01067311, -0.01123510, -0.01174250, -0.01217835, -0.01253996, -0.01283770, -0.01308898, -0.01331206, -0.01411266, -0.01476419, -0.01510174, -0.01513257, -0.01495986, -0.01463626, -0.01415246, -0.01348822, -0.01264918, -0.01167143, -0.01060715, -0.00950782, -0.00841385, -0.00735207, -0.00633862, -0.00538365, -0.00449538, -0.00368220, -0.00295280, -0.00231493, -0.00177103, -0.00132486, -0.00097106, -0.00070048, -0.00050029, -0.00035553, -0.00025122, -0.00017431, -0.00011495, -0.00006705, -0.00002795, 0.00000251, 0.00002335, 0.00003387, 0.00003482, 0.00002891, 0.00002061, 0.00001507, 0.00001637, 0.00002550, 0.00003891, 0.00004843, 0.00004426, 0.00002258, 0.00000000
-0.03032099, -0.02963267, -0.02870926, -0.02792618, -0.02725268, -0.02665874, -0.02617942, -0.02575577, -0.02535101, -0.02496664, -0.02461292, -0.02429239, -0.02399989, -0.02372762, -0.02346922, -0.02322130, -0.02298307, -0.02275546, -0.02253991, -0.02178184, -0.02110127, -0.02040783, -0.01965124, -0.01880884, -0.01786694, -0.01681726, -0.01566126, -0.01441276, -0.01309632, -0.01174298, -0.01038568, -0.00905575, -0.00778070, -0.00658323, -0.00548084, -0.00448591, -0.00360589, -0.00284362, -0.00219773, -0.00166068, -0.00122718, -0.00088556, -0.00062361, -0.00042829, -0.00028653, -0.00018606, -0.00011614, -0.00006804, -0.00003509, -0.00001257, 0.00000264, 0.00001254, 0.00001851, 0.00002163, 0.00002304, 0.00002391, 0.00002537, 0.00002818, 0.00003231, 0.00003659, 0.00003860, 0.00003494, 0.00002235, 0.00000000
-0.03941139, -0.03514644, -0.03276059, -0.03124307, -0.03018642, -0.02939350, -0.02878812, -0.02829429, -0.02786445, -0.02747978, -0.02713340, -0.02681978, -0.02653227, -0.02626410, -0.02600971, -0.02576535, -0.02552900, -0.02529991, -0.02507802, -0.02423330, -0.02338336, -0.02247113, -0.02146037, -0.02033391, -0.01908829, -0.01772976, -0.01627365, -0.01474424, -0.01317307, -0.01159613, -0.01005035, -0.00857031, -0.00718567, -0.00591952, -0.00478756, -0.00379811, -0.00295261, -0.00224667, -0.00167126, -0.00121160, -0.00085595, -0.00058780, -0.00039161, -0.00025256, -0.00015709, -0.00009344, -0.00005196, -0.00002527, -0.00000805, 0.00000321, 0.00001070, 0.00001567, 0.00001887, 0.00002089, 0.00002227, 0.00002364, 0.00002556, 0.00002835, 0.00003185, 0.00003512, 0.00003633, 0.00003282, 0.00002154, 0.00000000
0.01793738, 0.00575283, 0.00008340, -0.00347558, -0.00589836, -0.00765163, -0.00923150, -0.01057185, -0.01163454, -0.01251066, -0.01330233, -0.01405956, -0.01478641, -0.01546835, -0.01609277, -0.01665704, -0.01716780, -0.01763682, -0.01807674, -0.01966654, -0.02096097, -0.02183465, -0.02228202, -0.02237012, -0.02214088, -0.02160158, -0.02075774, -0.01963684, -0.01829048, -0.01678350, -0.01518140, -0.01354197, -0.01191228, -0.01032942, -0.00882274, -0.00741595, -0.00612819, -0.00497419, -0.00396359, -0.00309738, -0.00237675, -0.00179221, -0.00133044, -0.00097448, -0.00070539, -0.00050435, -0.00035445, -0.00024192, -0.00015663, -0.00009196, -0.00004403, -0.00001062, 0.00000997, 0.00001988, 0.00002224, 0.00002107, 0.00002066, 0.00002428, 0.00003286, 0.00004379, 0.00005090, 0.00004642, 0.00002623, 0.00000000
-0.04772591, -0.04304888, -0.04051532, -0.03893086, -0.03786035, -0.03709092, -0.03650653, -0.03604396, -0.03566441, -0.03534283, -0.03506348, -0.03481679, -0.03459661, -0.03439868, -0.03421953, -0.03405626, -0.03390642, -0.03376803, -0.03363960, -0.03317360, -0.03269095, -0.03213325, -0.03145008, -0.03059986, -0.02955920, -0.02832232, -0.02689653, -0.02529833, -0.02355135, -0.02168531, -0.01973511, -0.01773954, -0.01573937, -0.01377515, -0.01188488, -0.01010194, -0.00845354, -0.00695976, -0.00563315, -0.00447641, -0.00349103, -0.00266870, -0.00199751, -0.00146219, -0.00104524, -0.00072826, -0.00049321, -0.00032333, -0.00020371, -0.00012168, -0.00006688, -0.00003111, -0.00000819, 0.00000644, 0.00001595, 0.00002250, 0.00002745, 0.00003155, 0.00003501, 0.00003747, 0.00003787, 0.00003421, 0.00002322, 0.00000000
-0.03947820, -0.03795704, -0.03648260, -0.03524547, -0.03419236, -0.03327075, -0.03247381, -0.03175423, -0.03108112, -0.03044769, -0.02985471, -0.02930064, -0.02878055, -0.02828843, -0.02781923, -0.02736965, -0.02693811, -0.02652416, -0.02612790, -0.02468544, -0.02337240, -0.02210317, -0.02082160, -0.01949622, -0.01811224, -0.01666711, -0.01516979, -0.01363975, -0.01210416, -0.01059394, -0.00913979, -0.00776900, -0.00650345, -0.00535861, -0.00434347, -0.00346102, -0.00270905, -0.00208116, -0.00156787, -0.00115492, -0.00083256, -0.00058636, -0.00040316, -0.00027046, -0.00017678, -0.00011202, -0.00006785, -0.00003782, -0.00001726, -0.00000299, 0.00000698, 0.00001388, 0.00001853, 0.00002159, 0.00002377, 0.00002576, 0.00002824, 0.00003157, 0.00003558, 0.00003924, 0.00004056, 0.00003664, 0.00002408, 0.00000000
-0.06149692, -0.05477478, -0.05122260, -0.04893210, -0.04731032, -0.04606934, -0.04501754, -0.04410722, -0.04330886, -0.04258464, -0.04190390, -0.04125050, -0.04061932, -0.04001004, -0.03942287, -0.03885682, -0.03830978, -0.03777914, -0.03726248, -0.03527556, -0.03334412, -0.03145299, -0.02957007, -0.02765670, -0.02569384, -0.02368336, -0.02163869, -0.01957772, -0.01752051, -0.01548976, -0.01351121, -0.01161288, -0.00982312, -0.00816791, -0.00666838, -0.00533893, -0.00418642, -0.00321017, -0.00240288, -0.00174935, -0.00123631, -0.00084415, -0.00055357, -0.00034565, -0.00020256, -0.00010837, -0.00004947, -0.00001485, 0.00000402, 0.00001341, 0.00001770, 0.00001973, 0.00002117, 0.00002287, 0.00002514, 0.00002791, 0.00003097, 0.00003400, 0.00003664, 0.00003836, 0.00003825, 0.00003458, 0.00002392, 0.00000000
-0.08293936, -0.07023333, -0.06321280, -0.05856503, -0.05525821, -0.05276525, -0.05072295, -0.04903068, -0.04762176, -0.04641633, -0.04534946, -0.04438360, -0.04350161, -0.04269547, -0.04195879, -0.04128380, -0.04066147, -0.04008266, -0.03953922, -0.03758088, -0.03579289, -0.03407744, -0.03233506, -0.03047913, -0.02847093, -0.02631557, -0.02404293, -0.02169325, -0.01931095, -0.01694291, -0.01463711, -0.01244024, -0.01039422, -0.00853278, -0.00687889, -0.00544372, -0.00422704, -0.00321894, -0.00240228, -0.00175285, -0.00124968, -0.00086784, -0.00058482, -0.00038040, -0.00023692, -0.00013946, -0.00007584, -0.00003627, -0.00001310, -0.00000043, 0.00000621, 0.00001003, 0.00001315, 0.00001674, 0.00002112, 0.00002596, 0.00003054, 0.00003410, 0.00003609, 0.00003638, 0.00003502, 0.00003147, 0.00002270, 0.00000000
-0.05243654, -0.04257654, -0.03726734, -0.03376974, -0.03128004, -0.02940129, -0.02783673, -0.02653249, -0.02545410, -0.02454079, -0.02373871, -0.02301803, -0.02236826, -0.02178742, -0.02127429, -0.02082525, -0.02043436, -0.02009458, -0.01979916, -0.01893835, -0.01843691, -0.01820666, -0.01813566, -0.01810230, -0.01801844, -0.01783276, -0.01751563, -0.01704741, -0.01641530, -0.01561568, -0.01465675, -0.01355927, -0.01235464, -0.01108124, -0.00978009, -0.00849083, -0.00724866, -0.00608241, -0.00501370, -0.00405459, -0.00321537, -0.00249682, -0.00189574, -0.00140502, -0.00101453, -0.00071214, -0.00048472, -0.00031898, -0.00020213, -0.00012245, -0.00006967, -0.00003528, -0.00001270, 0.00000274, 0.00001394, 0.00002237, 0.00002848, 0.00003231, 0.00003389, 0.00003358, 0.00003192, 0.00002872, 0.00002110, 0.00000000
0.02811046, 0.01407676, 0.00723862, 0.00267685, -0.00066906, -0.00329913, -0.00576103, -0.00796497, -0.00985735, -0.01153524, -0.01311002, -0.01463453, -0.01610992, -0.01751681, -0.01883871, -0.02007105, -0.02122029, -0.02229907, -0.02332127, -0.02698558, -0.02996052, -0.03212008, -0.03348067, -0.03414400, -0.03418197, -0.03362624, -0.03250773, -0.03088551, -0.02884980, -0.02650915, -0.02397457, -0.02134802, -0.01871702, -0.01615376, -0.01371642, -0.01145078, -0.00939135, -0.00756173, -0.00597459, -0.00462921, -0.00352022, -0.00262919, -0.00193178, -0.00139925, -0.00100108, -0.00070776, -0.00049308, -0.00033566, -0.00021953, -0.00013380, -0.00007166, -0.00002899, -0.00000281, 0.00000998, 0.00001338, 0.00001226, 0.00001174, 0.00001574, 0.00002544, 0.00003802, 0.00004662, 0.00004279, 0.00002286, 0.00000000
-0.07786556, -0.05999533, -0.05104853, -0.04549513, -0.04171753, -0.03895464, -0.03669138, -0.03481236, -0.03324749, -0.03189759, -0.03067981, -0.02954966, -0.02849210, -0.02750482, -0.02658669, -0.02573335, -0.02493722, -0.02418946, -0.02348190, -0.02091894, -0.01865769, -0.01667782, -0.01491313, -0.01327895, -0.01173117, -0.01026643, -0.00889747, -0.00763477, -0.00648133, -0.00543527, -0.00449398, -0.00365629, -0.00292237, -0.00229214, -0.00176351, -0.00133118, -0.00098651, -0.00071821, -0.00051368, -0.00035748, -0.00024173, -0.00015586, -0.00009274, -0.00004722, -0.00001554, 0.00000513, 0.00001700, 0.00002210, 0.00002244, 0.00002009, 0.00001711, 0.00001527, 0.00001581, 0.00001915, 0.00002486, 0.00003173, 0.00003816, 0.00004264, 0.00004435, 0.00004343, 0.00004076, 0.00003655, 0.00002727, 0.00000000
-0.06463666, -0.05725912, -0.05315263, -0.05037065, -0.04832615, -0.04672144, -0.04533157, -0.04411728, -0.04305393, -0.04209640, -0.04120478, -0.04035758, -0.03954819, -0.03877657, -0.03804321, -0.03734676, -0.03668395, -0.03605061, -0.03544273, -0.03318384, -0.03110827, -0.02918868, -0.02737521, -0.02560648, -0.02384423, -0.02207585, -0.02030222, -0.01852826, -0.01676001, -0.01500616, -0.01327993, -0.01159966, -0.00998737, -0.00846628, -0.00705800, -0.00578007, -0.00464438, -0.00365652, -0.00281604, -0.00211481, -0.00154571, -0.00109486, -0.00074755, -0.00048829, -0.00030153, -0.00017245, -0.00008754, -0.00003506, -0.00000514, 0.00001013, 0.00001684, 0.00001936, 0.00002054, 0.00002199, 0.00002426, 0.00002723, 0.00003034, 0.00003299, 0.00003470, 0.00003521, 0.00003425, 0.00003086, 0.00002196, 0.00000000
-0.05928692, -0.05349539, -0.05015521, -0.04786850, -0.04618642, -0.04487135, -0.04375015, -0.04278091, -0.04193648, -0.04118038, -0.04048251, -0.03982644, -0.03920616, -0.03862018, -0.03806735, -0.03754545, -0.03705120, -0.03658100, -0.03613148, -0.03446722, -0.03292123, -0.03144916, -0.02999535, -0.02850226, -0.02693597, -0.02528661, -0.02355822, -0.02176105, -0.01990917, -0.01802112, -0.01612071, -0.01423659, -0.01240038, -0.01064395, -0.00899649, -0.00748214, -0.00611839, -0.00491543, -0.00387630, -0.00299533, -0.00226674, -0.00167701, -0.00121094, -0.00085186, -0.00058252, -0.00038615, -0.00024722, -0.00015199, -0.00008880, -0.00004810, -0.00002245, -0.00000628, 0.00000434, 0.00001194, 0.00001796, 0.00002308, 0.00002747, 0.00003103, 0.00003361, 0.00003496, 0.00003458, 0.00003121, 0.00002182, 0.00000000
0.04180465, 0.02110042, 0.01125472, 0.00507368, 0.00082560, -0.00229986, -0.00505168, -0.00739196, -0.00929877, -0.01090959, -0.01236981, -0.01375196, -0.01506552, -0.01629405, -0.01742289, -0.01845005, -0.01938549, -0.02024570, -0.02104810, -0.02386490, -0.02607231, -0.02754193, -0.02830245, -0.02847813, -0.02815502, -0.02736790, -0.02614540, -0.02454281, -0.02264544, -0.02055391, -0.01836668, -0.01616821, -0.01402467, -0.01198490, -0.01008397, -0.00834670, -0.00679017, -0.00542472, -0.00425414, -0.00327282, -0.00247408, -0.00184083, -0.00135216, -0.00098411, -0.00071175, -0.00051155, -0.00036328, -0.00025128, -0.00016482, -0.00009761, -0.00004669, -0.00001091, 0.00001061, 0.00001970, 0.00001982, 0.00001589, 0.00001329, 0.00001629, 0.00002611, 0.00003952, 0.00004883, 0.00004469, 0.00002328, 0.00000000
0.00261138, -0.00588675, -0.00978233, -0.01226736, -0.01399359, -0.01527439, -0.01648101, -0.01753635, -0.01839394, -0.01911894, -0.01978909, -0.02044127, -0.02107551, -0.02167711, -0.02223341, -0.02274026, -0.02320155, -0.02362571, -0.02402220, -0.02541661, -0.02646498, -0.02705141, -0.02716822, -0.02687557, -0.02621910, -0.02522009, -0.02390116, -0.02230507, -0.02049570, -0.01854822, -0.01653738, -0.01452941, -0.01257846, -0.01072646, -0.00900465, -0.00743548, -0.00603388, -0.00480806, -0.00375982, -0.00288228, -0.00216832, -0.00160181, -0.00116401, -0.00083401, -0.00059035, -0.00041277, -0.00028372, -0.00018922, -0.00011918, -0.00006702, -0.00002895, -0.00000282, 0.00001287, 0.00001995, 0.00002101, 0.00001940, 0.00001868, 0.00002156, 0.00002875, 0.00003798, 0.00004395, 0.00004004, 0.00002270, 0.00000000
0.06492901, 0.03573218, 0.02229595, 0.01420486, 0.00893424, 0.00529639, 0.00221632, -0.00027464, -0.00216312, -0.00365055, -0.00494294, -0.00614200, -0.00726164, -0.00828080, -0.00918184, -0.00996507, -0.01064718, -0.01125336, -0.01180938, -0.01381896, -0.01555081, -0.01683995, -0.01772374, -0.01834577, -0.01876817, -0.01896232, -0.01888033, -0.01850628, -0.01786478, -0.01700429, -0.01597711, -0.01482717, -0.01358767, -0.01228475, -0.01094305, -0.00958977, -0.00825587, -0.00697446, -0.00577757, -0.00468992, -0.00373336, -0.00291612, -0.00223745, -0.00168807, -0.00125245, -0.00091200, -0.00064801, -0.00044403, -0.00028717, -0.00016841, -0.00008195, -0.00002383, 0.00000951, 0.00002260, 0.00002161, 0.00001417, 0.00000811, 0.00000948, 0.00002021, 0.00003633, 0.00004818, 0.00004417, 0.00002059, 0.00000000
-0.04188262, -0.03526631, -0.03160679, -0.02917492, -0.02740236, -0.02601395, -0.02484941, -0.02384411, -0.02295883, -0.02216131, -0.02142855, -0.02074716, -0.02011019, -0.01951381, -0.01895509, -0.01843125, -0.01793951, -0.01747730, -0.01704254, -0.01551846, -0.01424077, -0.01314911, -0.01218442, -0.01129321, -0.01044071, -0.00960938, -0.00879203, -0.00798660, -0.00719385, -0.00641692, -0.00566120, -0.00493398, -0.00424361, -0.00359843, -0.00300572, -0.00247098, -0.00199746, -0.00158608, -0.00123569, -0.00094087, -0.00070031, -0.00050779, -0.00035751, -0.00024342, -0.00015928, -0.00009907, -0.00005732, -0.00002927, -0.00001100, 0.00000062, 0.00000797, 0.00001282, 0.00001640, 0.00001948, 0.00002254, 0.00002574, 0.00002907, 0.00003237, 0.00003530, 0.00003728, 0.00003732, 0.00003364, 0.00002305, 0.00000000
0.02630576, 0.01304338, 0.00691982, 0.00316049, 0.00067827, -0.00104993, -0.00255716, -0.00378845, -0.00471358, -0.00543245, -0.00605392, -0.00663168, -0.00717141, -0.00765946, -0.00808421, -0.00844430, -0.00874789, -0.00900833, -0.00923968, -0.01002034, -0.01058477, -0.01083906, -0.01080816, -0.01058562, -0.01022940, -0.00975216, -0.00915633, -0.00845945, -0.00769671, -0.00691032, -0.00613746, -0.00540343, -0.00472074, -0.00409229, -0.00351600, -0.00298872, -0.00250870, -0.00207619, -0.00169290, -0.00135813, -0.00107547, -0.00084235, -0.00065483, -0.00050683, -0.00039082, -0.00029906, -0.00022474, -0.00016283, -0.00011041, -0.00006643, -0.00003120, -0.00000541, 0.00001067, 0.00001796, 0.00001881, 0.00001678, 0.00001582, 0.00001904, 0.00002722, 0.00003778, 0.00004477, 0.00004081, 0.00002243, 0.00000000
-0.07754909, -0.06178788, -0.05369416, -0.04849996, -0.04485655, -0.04211654, -0.03980276, -0.03784166, -0.03618663, -0.03474455, -0.03343282, -0.03220785, -0.03105701, -0.02998072, -0.02897984, -0.02805087, -0.02718614, -0.02637615, -0.02561173, -0.02286512, -0.02048446, -0.01844298, -0.01666140, -0.01503788, -0.01351300, -0.01207125, -0.01071514, -0.00944617, -0.00826020, -0.00715109, -0.00611549, -0.00515511, -0.00427596, -0.00348567, -0.00279051, -0.00219318, -0.00169186, -0.00128046, -0.00094974, -0.00068639, -0.00048214, -0.00032567, -0.00020807, -0.00012199, -0.00006133, -0.00002101, 0.00000335, 0.00001565, 0.00001955, 0.00001845, 0.00001544, 0.00001302, 0.00001288, 0.00001566, 0.00002094, 0.00002741, 0.00003331, 0.00003705, 0.00003782, 0.00003601, 0.00003296, 0.00002951, 0.00002274, 0.00000000
0.01037899, 0.00287706, -0.00088262, -0.00346384, -0.00537125, -0.00686424, -0.00827392, -0.00952758, -0.01058280, -0.01150025, -0.01235249, -0.01317477, -0.01396863, -0.01472191, -0.01542408, -0.01607230, -0.01667085, -0.01722808, -0.01775318, -0.01961830, -0.02108702, -0.02207045, -0.02257275, -0.02265646, -0.02236892, -0.02173400, -0.02077573, -0.01953548, -0.01807302, -0.01645793, -0.01475930, -0.01303864, -0.01134687, -0.00972429, -0.00820192, -0.00680303, -0.00554422, -0.00443588, -0.00348238, -0.00267974, -0.00202346, -0.00150036, -0.00109437, -0.00078713, -0.00055943, -0.00039292, -0.00027155, -0.00018246, -0.00011628, -0.00006688, -0.00003067, -0.00000561, 0.00000972, 0.00001699, 0.00001861, 0.00001763, 0.00001731, 0.00002018, 0.00002688, 0.00003539, 0.00004088, 0.00003725, 0.00002120, 0.00000000
-0.14439609, -0.11037402, -0.09314854, -0.08200392, -0.07419598, -0.06837096, -0.06332986, -0.05905605, -0.05553360, -0.05253325, -0.04982673, -0.04729847, -0.04492759, -0.04273201, -0.04072757, -0.03891231, -0.03726768, -0.03576639, -0.03438075, -0.02960871, -0.02580554, -0.02298002, -0.02093165, -0.01935066, -0.01803278, -0.01689564, -0.01590364, -0.01501248, -0.01415910, -0.01327876, -0.01232539, -0.01128244, -0.01016215, -0.00899686, -0.00782759, -0.00669411, -0.00562843, -0.00465212, -0.00377683, -0.00300393, -0.00233526, -0.00176606, -0.00129156, -0.00090649, -0.00060479, -0.00037916, -0.00022063, -0.00011836, -0.00005989, -0.00003193, -0.00002152, -0.00001749, -0.00001185, -0.00000064, 0.00001586, 0.00003392, 0.00004804, 0.00005338, 0.00004832, 0.00003614, 0.00002460, 0.00002156, 0.00002432, 0.00000000
-0.02904668, -0.02990816, -0.02974379, -0.02948772, -0.02919550, -0.02888904, -0.02869245, -0.02851652, -0.02830647, -0.02807931, -0.02786518, -0.02767546, -0.02750376, -0.02733723, -0.02716538, -0.02698335, -0.02679144, -0.02659294, -0.02639212, -0.02558911, -0.02472554, -0.02371477, -0.02254055, -0.02123000, -0.01980710, -0.01828556, -0.01668132, -0.01502150, -0.01334383, -0.01169023, -0.01009995, -0.00860483, -0.00722757, -0.00598211, -0.00487516, -0.00390789, -0.00307743, -0.00237779, -0.00180059, -0.00133317, -0.00096612, -0.00068515, -0.00047626, -0.00032539, -0.00021908, -0.00014530, -0.00009403, -0.00005771, -0.00003117, -0.00001133, 0.00000331, 0.00001338, 0.00001923, 0.00002149, 0.00002132, 0.00002037, 0.00002042, 0.00002281, 0.00002770, 0.00003354, 0.00003693, 0.00003348, 0.00002021, 0.00000000
0.03143226, 0.01205889, 0.00356223, -0.00136912, -0.00444951, -0.00647792, -0.00821362, -0.00959836, -0.01059752, -0.01134706, -0.01199207, -0.01260197, -0.01318114, -0.01370824, -0.01416508, -0.01454768, -0.01486514, -0.01513369, -0.01537059, -0.01618485, -0.01678286, -0.01700003, -0.01684846, -0.01644124, -0.01584487, -0.01506548, -0.01409808, -0.01296235, -0.01170698, -0.01039491, -0.00908619, -0.00782706, -0.00664722, -0.00556254, -0.00458002, -0.00370239, -0.00293090, -0.00226622, -0.00170800, -0.00125156, -0.00089358, -0.00062370, -0.00042908, -0.00029466, -0.00020458, -0.00014406, -0.00010095, -0.00006678, -0.00003701, -0.00001051, 0.00001148, 0.00002680, 0.00003384, 0.00003261, 0.00002532, 0.00001607, 0.00000976, 0.00001031, 0.00001871, 0.00003150, 0.00004082, 0.00003736, 0.00001797, 0.00000000
-0.06303471, -0.04995796, -0.04354846, -0.03961833, -0.03695944, -0.03501721, -0.03341557, -0.03207843, -0.03096037, -0.02999050, -0.02910847, -0.02828237, -0.02750248, -0.02676863, -0.02608135, -0.02543836, -0.02483466, -0.02426400, -0.02372046, -0.02171725, -0.01989835, -0.01825655, -0.01674797, -0.01531119, -0.01391348, -0.01255244, -0.01123802, -0.00997905, -0.00877965, -0.00764167, -0.00656805, -0.00556450, -0.00463908, -0.00380036, -0.00305531, -0.00240767, -0.00185717, -0.00139967, -0.00102793, -0.00073054, -0.00049985, -0.00032479, -0.00019580, -0.00010426, -0.00004244, -0.00000359, 0.00001810, 0.00002762, 0.00002921, 0.00002643, 0.00002215, 0.00001851, 0.00001682, 0.00001757, 0.00002044, 0.00002449, 0.00002848, 0.00003130, 0.00003230, 0.00003155, 0.00002963, 0.00002658, 0.00001979, 0.00000000
-0.02780069, -0.02425229, -0.02228861, -0.02108564, -0.02033409, -0.01985996, -0.01955940, -0.01938429, -0.01930221, -0.01928774, -0.01932345, -0.01939886, -0.01950763, -0.01964528, -0.01980796, -0.01999205, -0.02019424, -0.02041166, -0.02064193, -0.02162436, -0.02257630, -0.02338892, -0.02396375, -0.02422177, -0.02411502, -0.02362567, -0.02276168, -0.02155332, -0.02004990, -0.01831582, -0.01642523, -0.01445585, -0.01248275, -0.01057300, -0.00878178, -0.00715013, -0.00570441, -0.00445711, -0.00340871, -0.00254753, -0.00186041, -0.00132571, -0.00092066, -0.00062221, -0.00040833, -0.00025915, -0.00015778, -0.00009051, -0.00004680, -0.00001893, -0.00000143, 0.00000938, 0.00001599, 0.00002008, 0.00002288, 0.00002529, 0.00002792, 0.00003109, 0.00003458, 0.00003758, 0.00003846, 0.00003474, 0.00002317, 0.00000000
0.00961552, 0.00196153, -0.00191524, -0.00459227, -0.00657479, -0.00812527, -0.00958218, -0.01087170, -0.01195157, -0.01288509, -0.01374766, -0.01457640, -0.01537375, -0.01612804, -0.01682916, -0.01747468, -0.01806940, -0.01862221, -0.01914279, -0.02099313, -0.02245416, -0.02343702, -0.02394472, -0.02403763, -0.02376021, -0.02313322, -0.02217794, -0.02093342, -0.01945763, -0.01781856, -0.01608405, -0.01431484, -0.01256171, -0.01086561, -0.00925905, -0.00776754, -0.00641045, -0.00520127, -0.00414748, -0.00324777, -0.00250038, -0.00189391, -0.00141359, -0.00104167, -0.00075899, -0.00054675, -0.00038813, -0.00026928, -0.00017976, -0.00011235, -0.00006248, -0.00002722, -0.00000439, 0.00000833, 0.00001382, 0.00001559, 0.00001722, 0.00002145, 0.00002914, 0.00003828, 0.00004404, 0.00004018, 0.00002317, 0.00000000
0.09380340, 0.05636453, 0.03832965, 0.02700352, 0.01923182, 0.01353469, 0.00860346, 0.00444717, 0.00106926, -0.00177370, -0.00433022, -0.00672614, -0.00898262, -0.01107780, -0.01299216, -0.01472626, -0.01629957, -0.01774159, -0.01908276, -0.02378940, -0.02755584, -0.03022267, -0.03186522, -0.03269761, -0.03285303, -0.03236716, -0.03125811, -0.02958555, -0.02745981, -0.02501990, -0.02240562, -0.01973836, -0.01711340, -0.01460122, -0.01225247, -0.01010337, -0.00817932, -0.00649638, -0.00506133, -0.00386848, -0.00290806, -0.00215704, -0.00158647, -0.00116331, -0.00085363, -0.00062608, -0.00045467, -0.00032040, -0.00021160, -0.00012299, -0.00005369, -0.00000480, 0.00002309, 0.00003179, 0.00002636, 0.00001475, 0.00000591, 0.00000703, 0.00002031, 0.00004065, 0.00005580, 0.00005131, 0.00002294, 0.00000000
-0.01998280, -0.01918398, -0.01849274, -0.01791990, -0.01746579, -0.01710300, -0.01678395, -0.01650960, -0.01627996, -0.01608540, -0.01591665, -0.01576968, -0.01564458, -0.01554272, -0.01546490, -0.01541080, -0.01537915, -0.01536823, -0.01537635, -0.01554258, -0.01582612, -0.01616075, -0.01647251, -0.01668957, -0.01676195, -0.01666246, -0.01637961, -0.01591162, -0.01526415, -0.01445029, -0.01349084, -0.01241381, -0.01125280, -0.01004449, -0.00882593, -0.00763182, -0.00649251, -0.00543247, -0.00446968, -0.00361300, -0.00287044, -0.00224052, -0.00171820, -0.00129492, -0.00095956, -0.00069962, -0.00050230, -0.00035538, -0.00024780, -0.00016998, -0.00011404, -0.00007370, -0.00004426, -0.00002232, -0.00000557, 0.00000746, 0.00001768, 0.00002557, 0.00003138, 0.00003505, 0.00003604, 0.00003295, 0.00002281, 0.00000000
-0.04680057, -0.04004315, -0.03671032, -0.03470758, -0.03343175, -0.03257770, -0.03190670, -0.03138851, -0.03100378, -0.03070659, -0.03045602, -0.03023164, -0.03002906, -0.02985050, -0.02969792, -0.02957060, -0.02946531, -0.02937771, -0.02930349, -0.02905241, -0.02877282, -0.02842980, -0.02796062, -0.02729631, -0.02640285, -0.02528264, -0.02395884, -0.02246271, -0.02082850, -0.01909295, -0.01729551, -0.01547748, -0.01367994, -0.01194089, -0.01029281, -0.00876095, -0.00736264, -0.00610761, -0.00499902, -0.00403196, -0.00320358, -0.00250395, -0.00192249, -0.00144758, -0.00106687, -0.00076783, -0.00053812, -0.00036596, -0.00024031, -0.00015110, -0.00008936, -0.00004744, -0.00001910, 0.00000039, 0.00001427, 0.00002451, 0.00003204, 0.00003720, 0.00004011, 0.00004092, 0.00003970, 0.00003569, 0.00002554, 0.00000000
-0.01136162, -0.00828273, -0.00687252, -0.00613325, -0.00566386, -0.00531224, -0.00506640, -0.00485276, -0.00463194, -0.00440689, -0.00419061, -0.00398904, -0.00380044, -0.00362032, -0.00344535, -0.00327482, -0.00311033, -0.00295476, -0.00281127, -0.00236529, -0.00207187, -0.00187123, -0.00172753, -0.00162146, -0.00153451, -0.00144763, -0.00134727, -0.00122899, -0.00109646, -0.00095769, -0.00082131, -0.00069401, -0.00057963, -0.00047945, -0.00039297, -0.00031883, -0.00025553, -0.00020182, -0.00015688, -0.00011760, -0.00008661, -0.00006233, -0.00004401, -0.00003064, -0.00002085, -0.00001323, -0.00000662, -0.00000034, 0.00000581, 0.00001161, 0.00001663, 0.00002045, 0.00002288, 0.00002407, 0.00002459, 0.00002526, 0.00002692, 0.00003007, 0.00003450, 0.00003889, 0.00004078, 0.00003678, 0.00002361, 0.00000000
-0.04420252, -0.03932662, -0.03678775, -0.03518803, -0.03407056, -0.03322095, -0.03251277, -0.03189871, -0.03135198, -0.03085005, -0.03037703, -0.02992452, -0.02948939, -0.02907085, -0.02866858, -0.02828199, -0.02791015, -0.02755200, -0.02720667, -0.02591023, -0.02467910, -0.02348328, -0.02228744, -0.02105626, -0.01977019, -0.01842631, -0.01703228, -0.01560092, -0.01414763, -0.01268974, -0.01124642, -0.00983826, -0.00848637, -0.00721090, -0.00602963, -0.00495665, -0.00400151, -0.00316892, -0.00245881, -0.00186428, -0.00138061, -0.00099623, -0.00069893, -0.00047559, -0.00031285, -0.00019794, -0.00011937, -0.00006730, -0.00003378, -0.00001266, 0.00000055, 0.00000900, 0.00001474, 0.00001908, 0.00002278, 0.00002628, 0.00002978, 0.00003330, 0.00003660, 0.00003907, 0.00003947, 0.00003567, 0.00002424, 0.00000000
0.00928286, 0.00160380, -0.00205627, -0.00443607, -0.00612656, -0.00740977, -0.00859734, -0.00963758, -0.01050071, -0.01124451, -0.01193574, -0.01260760, -0.01326310, -0.01389263, -0.01448754, -0.01504547, -0.01557013, -0.01606863, -0.01654881, -0.01834759, -0.01989948, -0.02109065, -0.02188701, -0.02230848, -0.02236931, -0.02207089, -0.02142093, -0.02044737, -0.01919895, -0.01773761, -0.01612938, -0.01443771, -0.01271985, -0.01102570, -0.00939761, -0.00787055, -0.00647202, -0.00522178, -0.00413158, -0.00320243, -0.00243378, -0.00181404, -0.00132764, -0.00095562, -0.00067740, -0.00047283, -0.00032379, -0.00021534, -0.00013613, -0.00007826, -0.00003664, -0.00000807, 0.00000971, 0.00001890, 0.00002212, 0.00002246, 0.00002311, 0.00002648, 0.00003324, 0.00004147, 0.00004653, 0.00004237, 0.00002512, 0.00000000
-0.10813924, -0.08389672, -0.07189932, -0.06439649, -0.05930334, -0.05561426, -0.05252347, -0.04996482, -0.04789415, -0.04615622, -0.04460560, -0.04316799, -0.04182688, -0.04058945, -0.03946217, -0.03844154, -0.03751492, -0.03666509, -0.03587515, -0.03306959, -0.03064924, -0.02861109, -0.02683490, -0.02514669, -0.02344713, -0.02171776, -0.01997342, -0.01822709, -0.01648196, -0.01473924, -0.01300778, -0.01130822, -0.00967088, -0.00812973, -0.00671570, -0.00545149, -0.00434901, -0.00340942, -0.00262505, -0.00197969, -0.00145984, -0.00104728, -0.00072590, -0.00048142, -0.00030119, -0.00017404, -0.00008981, -0.00003904, -0.00001268, -0.00000224, -0.00000007, 0.00000006, 0.00000243, 0.00000896, 0.00001922, 0.00003086, 0.00004057, 0.00004540, 0.00004419, 0.00003846, 0.00003205, 0.00002854, 0.00002490, 0.00000000
-0.06715062, -0.05725940, -0.05155087, -0.04750420, -0.04442994, -0.04195592, -0.03975341, -0.03780385, -0.03609307, -0.03455539, -0.03312772, -0.03177736, -0.03049674, -0.02928873, -0.02815606, -0.02709723, -0.02610674, -0.02517713, -0.02430094, -0.02120047, -0.01860907, -0.01647397, -0.01469601, -0.01315676, -0.01177681, -0.01051856, -0.00936442, -0.00830048, -0.00731206, -0.00638625, -0.00551557, -0.00469927, -0.00394212, -0.00325161, -0.00263494, -0.00209663, -0.00163743, -0.00125429, -0.00094115, -0.00068752, -0.00048791, -0.00033297, -0.00021525, -0.00012831, -0.00006653, -0.00002497, 0.00000069, 0.00001437, 0.00001966, 0.00001987, 0.00001791, 0.00001613, 0.00001612, 0.00001854, 0.00002314, 0.00002888, 0.00003430, 0.00003803, 0.00003933, 0.00003834, 0.00003588, 0.00003218, 0.00002410, 0.00000000
-0.01805165, -0.01883924, -0.01920199, -0.01952493, -0.01981237, -0.02006562, -0.02034088, -0.02059669, -0.02080889, -0.02098802, -0.02115146, -0.02130800, -0.02145769, -0.02159711, -0.02172341, -0.02183592, -0.02193605, -0.02202646, -0.02211016, -0.02238682, -0.02253246, -0.02250623, -0.02228830, -0.02187479, -0.02126455, -0.02045787, -0.01946169, -0.01829319, -0.01697946, -0.01555483, -0.01405752, -0.01252666, -0.01100015, -0.00951301, -0.00809622, -0.00677570, -0.00557156, -0.00449769, -0.00356160, -0.00276220, -0.00209811, -0.00155936, -0.00113337, -0.00080525, -0.00055888, -0.00037828, -0.00024871, -0.00015744, -0.00009413, -0.00005082, -0.00002172, -0.00000269, 0.00000917, 0.00001608, 0.00001987, 0.00002219, 0.00002444, 0.00002758, 0.00003176, 0.00003598, 0.00003796, 0.00003440, 0.00002208, 0.00000000
-0.04656114, -0.03675397, -0.03209705, -0.02936066, -0.02761356, -0.02642044, -0.02548278, -0.02474217, -0.02416316, -0.02368970, -0.02327483, -0.02289472, -0.02254313, -0.02222100, -0.02192938, -0.02166677, -0.02142937, -0.02121235, -0.02101125, -0.02028324, -0.01959974, -0.01895167, -0.01829360, -0.01756627, -0.01673837, -0.01580780, -0.01478641, -0.01368873, -0.01252927, -0.01132440, -0.01009451, -0.00886434, -0.00766126, -0.00651237, -0.00544163, -0.00446755, -0.00360208, -0.00285050, -0.00221222, -0.00167954, -0.00124671, -0.00090215, -0.00063435, -0.00043164, -0.00028264, -0.00017671, -0.00010425, -0.00005689, -0.00002749, -0.00001017, -0.00000023, 0.00000587, 0.00001055, 0.00001517, 0.00002019, 0.00002537, 0.00003007, 0.00003358, 0.00003545, 0.00003564, 0.00003429, 0.00003085, 0.00002233, 0.00000000
-0.00140927, -0.01059832, -0.01471555, -0.01726930, -0.01901348, -0.02029082, -0.02147036, -0.02248969, -0.02331076, -0.02399830, -0.02462779, -0.02523560, -0.02582305, -0.02637730, -0.02688715, -0.02734930, -0.02776788, -0.02815123, -0.02850860, -0.02975752, -0.03067287, -0.03114012, -0.03114334, -0.03073040, -0.02993812, -0.02878338, -0.02728712, -0.02549175, -0.02346200, -0.02127536, -0.01901064, -0.01673971, -0.01452342, -0.01241066, -0.01043927, -0.00863720, -0.00702355, -0.00560914, -0.00439698, -0.00337968, -0.00254947, -0.00188825, -0.00137497, -0.00098619, -0.00069783, -0.00048708, -0.00033401, -0.00022255, -0.00014080, -0.00008071, -0.00003728, -0.00000748, 0.00001087, 0.00001999, 0.00002272, 0.00002251, 0.00002290, 0.00002660, 0.00003428, 0.00004370, 0.00004957, 0.00004514, 0.00002637, 0.00000000
0.00973454, 0.00797408, 0.00688324, 0.00601531, 0.00529218, 0.00467124, 0.00409226, 0.00356899, 0.00310600, 0.00268692, 0.00229316, 0.00191371, 0.00154457, 0.00118492, 0.00083420, 0.00049094, 0.00015274, -0.00018324, -0.00051977, -0.00187387, -0.00319677, -0.00444315, -0.00557436, -0.00655917, -0.00737184, -0.00799326, -0.00841313, -0.00863044, -0.00865226, -0.00849212, -0.00816872, -0.00770512, -0.00712795, -0.00646656, -0.00575166, -0.00501380, -0.00428162, -0.00358030, -0.00293030, -0.00234411, -0.00183384, -0.00140203, -0.00104734, -0.00076443, -0.00054505, -0.00037931, -0.00025701, -0.00016857, -0.00010567, -0.00006157, -0.00003106, -0.00001031, 0.00000348, 0.00001239, 0.00001810, 0.00002206, 0.00002546, 0.00002912, 0.00003322, 0.00003698, 0.00003853, 0.00003491, 0.00002282, 0.00000000
0.01140109, 0.00671196, 0.00497861, 0.00433057, 0.00413521, 0.00415046, 0.00431469, 0.00453693, 0.00476463, 0.00498600, 0.00520128, 0.00540736, 0.00559675, 0.00576119, 0.00589455, 0.00599374, 0.00605825, 0.00608910, 0.00608796, 0.00582304, 0.00524347, 0.00443012, 0.00348205, 0.00249924, 0.00155562, 0.00069696, -0.00005010, -0.00067034, -0.00115652, -0.00150870, -0.00173396, -0.00184557, -0.00186127, -0.00180109, -0.00168525, -0.00153245, -0.00135885, -0.00117755, -0.00099861, -0.00082717, -0.00067085, -0.00053186, -0.00041176, -0.00031089, -0.00022847, -0.00016294, -0.00011226, -0.00007416, -0.00004630, -0.00002639, -0.00001231, -0.00000222, 0.00000536, 0.00001151, 0.00001686, 0.00002166, 0.00002585, 0.00002923, 0.00003158, 0.00003267, 0.00003214, 0.00002894, 0.00002033, 0.00000000
-0.01194029, -0.01494227, -0.01619904, -0.01701823, -0.01759924, -0.01804184, -0.01851398, -0.01894801, -0.01930298, -0.01960635, -0.01989588, -0.02018822, -0.02048041, -0.02076197, -0.02102404, -0.02126294, -0.02147980, -0.02167860, -0.02186404, -0.02250208, -0.02292095, -0.02303783, -0.02283802, -0.02235021, -0.02160098, -0.02060838, -0.01939481, -0.01799597, -0.01646016, -0.01484184, -0.01319445, -0.01156543, -0.00999388, -0.00851034, -0.00713753, -0.00589144, -0.00478215, -0.00381436, -0.00298789, -0.00229581, -0.00173185, -0.00128291, -0.00093436, -0.00067022, -0.00047424, -0.00033108, -0.00022732, -0.00015209, -0.00009722, -0.00005709, -0.00002809, -0.00000798, 0.00000481, 0.00001181, 0.00001479, 0.00001588, 0.00001720, 0.00002035, 0.00002572, 0.00003188, 0.00003551, 0.00003231, 0.00001938, 0.00000000
0.03807246, 0.03415786, 0.03213612, 0.03089883, 0.03004923, 0.02941781, 0.02893995, 0.02855125, 0.02821064, 0.02789928, 0.02760682, 0.02732395, 0.02704114, 0.02674982, 0.02644329, 0.02611697, 0.02576804, 0.02539486, 0.02499650, 0.02317870, 0.02107571, 0.01875959, 0.01632764, 0.01388354, 0.01151507, 0.00928907, 0.00725433, 0.00544476, 0.00388103, 0.00257119, 0.00151143, 0.00068756, 0.00007728, -0.00034725, -0.00061666, -0.00076194, -0.00081260, -0.00079528, -0.00073295, -0.00064200, -0.00054043, -0.00043826, -0.00034311, -0.00025956, -0.00018961, -0.00013332, -0.00008957, -0.00005660, -0.00003239, -0.00001498, -0.00000259, 0.00000628, 0.00001283, 0.00001797, 0.00002233, 0.00002630, 0.00003007, 0.00003364, 0.00003678, 0.00003895, 0.00003910, 0.00003529, 0.00002414, 0.00000000
0.04169863, 0.02706132, 0.01992646, 0.01530250, 0.01205241, 0.00961953, 0.00742493, 0.00553275, 0.00397896, 0.00265515, 0.00144186, 0.00027982, -0.00083729, -0.00189406, -0.00287692, -0.00378328, -0.00462097, -0.00540355, -0.00614553, -0.00885509, -0.01114688, -0.01289494, -0.01410873, -0.01488093, -0.01527412, -0.01530865, -0.01499943, -0.01438281, -0.01351894, -0.01247962, -0.01133429, -0.01014109, -0.00894424, -0.00777585, -0.00665941, -0.00561304, -0.00465147, -0.00378654, -0.00302680, -0.00237391, -0.00183056, -0.00139013, -0.00104267, -0.00077494, -0.00057192, -0.00041861, -0.00030176, -0.00021098, -0.00013917, -0.00008230, -0.00003862, -0.00000755, 0.00001150, 0.00002003, 0.00002097, 0.00001847, 0.00001705, 0.00002027, 0.00002910, 0.00004073, 0.00004852, 0.00004427, 0.00002414, 0.00000000
0.00076932, -0.00821621, -0.01194985, -0.01412780, -0.01549277, -0.01639743, -0.01726576, -0.01800117, -0.01854492, -0.01896927, -0.01936112, -0.01975992, -0.02016271, -0.02054997, -0.02090513, -0.02122199, -0.02150394, -0.02175979, -0.02199963, -0.02288837, -0.02360085, -0.02397917, -0.02399849, -0.02371384, -0.02316053, -0.02234266, -0.02126374, -0.01994909, -0.01844747, -0.01682036, -0.01512951, -0.01342881, -0.01176127, -0.01015991, -0.00865001, -0.00725132, -0.00597930, -0.00484535, -0.00385636, -0.00301167, -0.00231033, -0.00174220, -0.00129361, -0.00094772, -0.00068606, -0.00049043, -0.00034455, -0.00023515, -0.00015248, -0.00009009, -0.00004413, -0.00001236, 0.00000695, 0.00001596, 0.00001771, 0.00001607, 0.00001514, 0.00001806, 0.00002574, 0.00003578, 0.00004247, 0.00003875, 0.00002124, 0.00000000
-0.00665583, -0.01537008, -0.01827439, -0.01945460, -0.01975716, -0.01957693, -0.01935756, -0.01901069, -0.01848591, -0.01786229, -0.01723025, -0.01663036, -0.01606003, -0.01550051, -0.01493654, -0.01436362, -0.01378693, -0.01321692, -0.01266498, -0.01073847, -0.00920159, -0.00789185, -0.00677187, -0.00587082, -0.00518373, -0.00466311, -0.00425298, -0.00391350, -0.00362450, -0.00337689, -0.00316315, -0.00297225, -0.00278985, -0.00260136, -0.00239579, -0.00216828, -0.00192081, -0.00166113, -0.00140056, -0.00114864, -0.00091924, -0.00071876, -0.00055075, -0.00041492, -0.00030782, -0.00022420, -0.00015850, -0.00010598, -0.00006340, -0.00002911, -0.00000272, 0.00001560, 0.00002588, 0.00002903, 0.00002716, 0.00002340, 0.00002128, 0.00002349, 0.00003067, 0.00004029, 0.00004661, 0.00004243, 0.00002395, 0.00000000
-0.04734360, -0.04129893, -0.03833459, -0.03669694, -0.03569647, -0.03504106, -0.03464962, -0.03439414, -0.03419836, -0.03404359, -0.03392967, -0.03385288, -0.03380341, -0.03376979, -0.03374279, -0.03371693, -0.03369006, -0.03366219, -0.03363439, -0.03350189, -0.03324438, -0.03278282, -0.03208065, -0.03113002, -0.02993346, -0.02849957, -0.02684677, -0.02500561, -0.02301716, -0.02092910, -0.01879135, -0.01665259, -0.01455793, -0.01254733, -0.01065471, -0.00890720, -0.00732483, -0.00592027, -0.00469898, -0.00365675, -0.00278954, -0.00208360, -0.00152256, -0.00108755, -0.00075842, -0.00051524, -0.00033955, -0.00021524, -0.00012896, -0.00007024, -0.00003116, -0.00000595, 0.00000959, 0.00001862, 0.00002365, 0.00002676, 0.00002964, 0.00003338, 0.00003815, 0.00004283, 0.00004489, 0.00004065, 0.00002628, 0.00000000
-0.01570587, -0.04280199, -0.05283787, -0.05744044, -0.05922275, -0.05942218, -0.05929302, -0.05868651, -0.05751929, -0.05601629, -0.05441959, -0.05283943, -0.05127450, -0.04968191, -0.04802739, -0.04630370, -0.04452750, -0.04272827, -0.04093718, -0.03420410, -0.02820613, -0.02269590, -0.01772436, -0.01348182, -0.01002846, -0.00727839, -0.00509824, -0.00338051, -0.00205946, -0.00109302, -0.00043991, -0.00004728, 0.00014891, 0.00021556, 0.00021220, 0.00018350, 0.00015628, 0.00014104, 0.00013636, 0.00013692, 0.00013163, 0.00011586, 0.00008876, 0.00005405, 0.00001858, -0.00001007, -0.00002596, -0.00002657, -0.00001344, 0.00000831, 0.00003147, 0.00004876, 0.00005501, 0.00004877, 0.00003299, 0.00001433, 0.00000111, 0.00000014, 0.00001321, 0.00003453, 0.00005084, 0.00004680, 0.00001866, 0.00000000
0.05057318, 0.02823791, 0.01801822, 0.01186569, 0.00784938, 0.00506158, 0.00266091, 0.00068999, -0.00082731, -0.00204526, -0.00312563, -0.00414784, -0.00512080, -0.00602501, -0.00684352, -0.00757395, -0.00822736, -0.00882211, -0.00937743, -0.01140875, -0.01314461, -0.01441704, -0.01523599, -0.01571362, -0.01591157, -0.01582811, -0.01545108, -0.01479606, -0.01391121, -0.01286219, -0.01171435, -0.01052159, -0.00932333, -0.00814715, -0.00701336, -0.00593903, -0.00494003, -0.00403117, -0.00322492, -0.00252719, -0.00194363, -0.00146978, -0.00109641, -0.00080984, -0.00059372, -0.00043144, -0.00030817, -0.00021232, -0.00013620, -0.00007573, -0.00002951, 0.00000253, 0.00002062, 0.00002634, 0.00002316, 0.00001627, 0.00001141, 0.00001312, 0.00002269, 0.00003659, 0.00004654, 0.00004258, 0.00002111, 0.00000000
-0.12072948, -0.08817767, -0.07200622, -0.06179416, -0.05478979, -0.04966932, -0.04534063, -0.04173676, -0.03881287, -0.03635975, -0.03417664, -0.03216045, -0.03028885, -0.02857279, -0.02702226, -0.02563312, -0.02438790, -0.02326254, -0.02223293, -0.01873616, -0.01599588, -0.01401275, -0.01262325, -0.01157984, -0.01072733, -0.01001356, -0.00942441, -0.00893554, -0.00850255, -0.00807436, -0.00761014, -0.00708901, -0.00651073, -0.00589008, -0.00524904, -0.00460988, -0.00399086, -0.00340461, -0.00285871, -0.00235498, -0.00189867, -0.00149099, -0.00113430, -0.00083087, -0.00058201, -0.00038722, -0.00024357, -0.00014537, -0.00008443, -0.00005083, -0.00003413, -0.00002488, -0.00001593, -0.00000349, 0.00001263, 0.00002953, 0.00004270, 0.00004806, 0.00004421, 0.00003394, 0.00002394, 0.00002094, 0.00002252, 0.00000000
-0.12233001, -0.09583949, -0.08236870, -0.07370145, -0.06770174, -0.06329847, -0.05955138, -0.05643120, -0.05391159, -0.05180728, -0.04993776, -0.04821080, -0.04660723, -0.04513755, -0.04381067, -0.04262214, -0.04155518, -0.04058691, -0.03969447, -0.03656034, -0.03387632, -0.03161733, -0.02962463, -0.02768296, -0.02567982, -0.02361051, -0.02151450, -0.01942763, -0.01736949, -0.01535158, -0.01338882, -0.01150503, -0.00973118, -0.00809933, -0.00663573, -0.00535598, -0.00426314, -0.00334891, -0.00259666, -0.00198303, -0.00148886, -0.00109319, -0.00077934, -0.00053424, -0.00034767, -0.00021125, -0.00011744, -0.00005862, -0.00002669, -0.00001316, -0.00000968, -0.00000898, -0.00000580, 0.00000236, 0.00001501, 0.00002920, 0.00004065, 0.00004555, 0.00004246, 0.00003367, 0.00002487, 0.00002180, 0.00002208, 0.00000000
-0.09908189, -0.08202188, -0.07319693, -0.06749906, -0.06347924, -0.06044072, -0.05786643, -0.05567589, -0.05381733, -0.05218836, -0.05069824, -0.04929884, -0.04797581, -0.04672908, -0.04555911, -0.04446163, -0.04342793, -0.04244737, -0.04150970, -0.03803209, -0.03485758, -0.03196961, -0.02929713, -0.02674543, -0.02426566, -0.02185607, -0.01953364, -0.01731338, -0.01520316, -0.01320760, -0.01133311, -0.00959017, -0.00799218, -0.00655244, -0.00528069, -0.00418079, -0.00324965, -0.00247781, -0.00185095, -0.00134946, -0.00095783, -0.00065740, -0.00043197, -0.00026741, -0.00015144, -0.00007361, -0.00002499, 0.00000208, 0.00001423, 0.00001721, 0.00001580, 0.00001371, 0.00001339, 0.00001590, 0.00002099, 0.00002734, 0.00003310, 0.00003656, 0.00003690, 0.00003463, 0.00003128, 0.00002798, 0.00002191, 0.00000000
-0.10419151, -0.07960071, -0.06730747, -0.05946442, -0.05399544, -0.04990075, -0.04636492, -0.04334127, -0.04079921, -0.03858594, -0.03655565, -0.03463541, -0.03281205, -0.03109658, -0.02949886, -0.02801786, -0.02664253, -0.02535676, -0.02414430, -0.01979621, -0.01610133, -0.01308976, -0.01065454, -0.00862118, -0.00688235, -0.00540529, -0.00418289, -0.00319785, -0.00241555, -0.00179366, -0.00129419, -0.00089027, -0.00056649, -0.00031513, -0.00013119, -0.00000853, 0.00006199, 0.00009236, 0.00009585, 0.00008761, 0.00007451, 0.00006401, 0.00005870, 0.00005803, 0.00005957, 0.00006034, 0.00005780, 0.00005077, 0.00003969, 0.00002660, 0.00001445, 0.00000630, 0.00000431, 0.00000902, 0.00001902, 0.00003117, 0.00004152, 0.00004665, 0.00004515, 0.00003867, 0.00003155, 0.00002796, 0.00002501, 0.00000000
-0.05698755, -0.05076535, -0.04706018, -0.04449976, -0.04259231, -0.04108205, -0.03981875, -0.03873231, -0.03777731, -0.03691887, -0.03613276, -0.03540408, -0.03472380, -0.03408581, -0.03348513, -0.03291742, -0.03237877, -0.03186587, -0.03137612, -0.02958286, -0.02794453, -0.02638688, -0.02484671, -0.02327512, -0.02164698, -0.01995783, -0.01821728, -0.01644401, -0.01466283, -0.01290255, -0.01119380, -0.00956660, -0.00804790, -0.00665950, -0.00541667, -0.00432756, -0.00339340, -0.00260930, -0.00196553, -0.00144647, -0.00103968, -0.00072797, -0.00049526, -0.00032633, -0.00020722, -0.00012569, -0.00007151, -0.00003651, -0.00001446, -0.00000080, 0.00000763, 0.00001299, 0.00001667, 0.00001956, 0.00002221, 0.00002494, 0.00002789, 0.00003102, 0.00003404, 0.00003630, 0.00003662, 0.00003303, 0.00002243, 0.00000000
0.06483520, 0.04072106, 0.02919867, 0.02193070, 0.01695033, 0.01330873, 0.01009249, 0.00736611, 0.00516506, 0.00332061, 0.00165369, 0.00007673, -0.00141930, -0.00281203, -0.00408242, -0.00522811, -0.00626211, -0.00720574, -0.00808137, -0.01114771, -0.01355724, -0.01517027, -0.01605176, -0.01638277, -0.01628545, -0.01580705, -0.01497867, -0.01385730, -0.01253005, -0.01109574, -0.00964402, -0.00824255, -0.00693426, -0.00574148, -0.00467299, -0.00373049, -0.00291284, -0.00221796, -0.00164278, -0.00117929, -0.00082276, -0.00056019, -0.00037651, -0.00025454, -0.00017647, -0.00012596, -0.00008993, -0.00005963, -0.00003089, -0.00000344, 0.00002036, 0.00003731, 0.00004503, 0.00004330, 0.00003462, 0.00002383, 0.00001678, 0.00001810, 0.00002887, 0.00004476, 0.00005607, 0.00005124, 0.00002590, 0.00000000
0.00088456, -0.00992605, -0.01468146, -0.01753262, -0.01936704, -0.02060733, -0.02171611, -0.02261710, -0.02326551, -0.02374436, -0.02414856, -0.02452326, -0.02486974, -0.02517203, -0.02541673, -0.02560062, -0.02572993, -0.02581609, -0.02587154, -0.02591097, -0.02565651, -0.02501493, -0.02401500, -0.02275693, -0.02131219, -0.01971269, -0.01798256, -0.01616115, -0.01430457, -0.01247454, -0.01072595, -0.00909917, -0.00761838, -0.00629398, -0.00512685, -0.00411237, -0.00324330, -0.00251117, -0.00190673, -0.00141701, -0.00103322, -0.00074082, -0.00052499, -0.00037028, -0.00026151, -0.00018490, -0.00012924, -0.00008645, -0.00005169, -0.00002292, -0.00000002, 0.00001627, 0.00002538, 0.00002780, 0.00002540, 0.00002130, 0.00001905, 0.00002142, 0.00002901, 0.00003915, 0.00004583, 0.00004172, 0.00002318, 0.00000000
0.04148405, 0.02095947, 0.01170380, 0.00607753, 0.00239066, -0.00016905, -0.00246175, -0.00437102, -0.00582913, -0.00699086, -0.00802827, -0.00902253, -0.00997585, -0.01085953, -0.01164955, -0.01234003, -0.01294175, -0.01347463, -0.01396014, -0.01566110, -0.01698968, -0.01776588, -0.01802502, -0.01792283, -0.01755261, -0.01692865, -0.01604782, -0.01493486, -0.01364845, -0.01226402, -0.01085332, -0.00947167, -0.00815498, -0.00692343, -0.00578758, -0.00475385, -0.00382773, -0.00301448, -0.00231822, -0.00173755, -0.00127232, -0.00091306, -0.00064653, -0.00045598, -0.00032304, -0.00023002, -0.00016205, -0.00010845, -0.00006319, -0.00002437, 0.00000702, 0.00002879, 0.00003936, 0.00003906, 0.00003085, 0.00001994, 0.00001248, 0.00001340, 0.00002395, 0.00003986, 0.00005141, 0.00004707, 0.00002283, 0.00000000
0.02185575, 0.00477829, -0.00263573, -0.00684248, -0.00940699, -0.01104623, -0.01239548, -0.01343753, -0.01416307, -0.01468763, -0.01512986, -0.01554797, -0.01594919, -0.01632031, -0.01665005, -0.01693752, -0.01719136, -0.01742522, -0.01765318, -0.01864130, -0.01971704, -0.02070532, -0.02154460, -0.02223763, -0.02275022, -0.02300833, -0.02294053, -0.02250926, -0.02171739, -0.02059919, -0.01920760, -0.01760410, -0.01585296, -0.01401836, -0.01216266, -0.01034464, -0.00861719, -0.00702463, -0.00560041, -0.00436291, -0.00332301, -0.00247539, -0.00180558, -0.00129174, -0.00090776, -0.00062663, -0.00042330, -0.00027668, -0.00017065, -0.00009404, -0.00003980, -0.00000375, 0.00001703, 0.00002542, 0.00002515, 0.00002086, 0.00001751, 0.00001900, 0.00002663, 0.00003773, 0.00004562, 0.00004187, 0.00002251, 0.00000000
-0.06180999, -0.05162052, -0.04624035, -0.04276469, -0.04031409, -0.03846230, -0.03692532, -0.03562877, -0.03452561, -0.03355832, -0.03268064, -0.03186731, -0.03110855, -0.03040124, -0.02974295, -0.02912979, -0.02855651, -0.02801750, -0.02750772, -0.02566619, -0.02402596, -0.02253600, -0.02112921, -0.01973773, -0.01832488, -0.01688345, -0.01542118, -0.01395026, -0.01248414, -0.01103812, -0.00963031, -0.00828119, -0.00701188, -0.00584159, -0.00478543, -0.00385285, -0.00304718, -0.00236601, -0.00180224, -0.00134293, -0.00097875, -0.00069553, -0.00048033, -0.00032098, -0.00020627, -0.00012627, -0.00007245, -0.00003772, -0.00001631, -0.00000364, 0.00000384, 0.00000872, 0.00001276, 0.00001692, 0.00002152, 0.00002636, 0.00003092, 0.00003462, 0.00003701, 0.00003785, 0.00003691, 0.00003323, 0.00002362, 0.00000000
-0.02156242, -0.01000124, -0.00470687, -0.00169736, 0.00012886, 0.00128662, 0.00215097, 0.00277177, 0.00317833, 0.00343927, 0.00361619, 0.00374014, 0.00381789, 0.00384619, 0.00382196, 0.00374616, 0.00362352, 0.00346064, 0.00326411, 0.00225939, 0.00102905, -0.00037739, -0.00185457, -0.00327316, -0.00454088, -0.00560829, -0.00645013, -0.00705128, -0.00740370, -0.00750953, -0.00738430, -0.00705719, -0.00656807, -0.00596267, -0.00528731, -0.00458446, -0.00388983, -0.00323096, -0.00262716, -0.00208764, -0.00162128, -0.00122786, -0.00090473, -0.00064672, -0.00044685, -0.00029706, -0.00018891, -0.00011407, -0.00006463, -0.00003343, -0.00001426, -0.00000215, 0.00000656, 0.00001412, 0.00002147, 0.00002850, 0.00003446, 0.00003851, 0.00004018, 0.00003965, 0.00003754, 0.00003376, 0.00002496, 0.00000000
0.02968143, 0.02094893, 0.01624283, 0.01290869, 0.01037706, 0.00834892, 0.00647564, 0.00480936, 0.00337805, 0.00211352, 0.00093859, -0.00018615, -0.00126627, -0.00229333, -0.00325975, -0.00416480, -0.00501427, -0.00581749, -0.00658438, -0.00938536, -0.01176173, -0.01364346, -0.01503893, -0.01600578, -0.01658376, -0.01678864, -0.01663546, -0.01615526, -0.01539667, -0.01441846, -0.01328079, -0.01203930, -0.01074276, -0.00943317, -0.00814671, -0.00691458, -0.00576316, -0.00471361, -0.00378115, -0.00297211, -0.00229119, -0.00173295, -0.00128753, -0.00094113, -0.00067762, -0.00048041, -0.00033415, -0.00022590, -0.00014565, -0.00008634, -0.00004338, -0.00001380, 0.00000458, 0.00001397, 0.00001708, 0.00001711, 0.00001736, 0.00002035, 0.00002684, 0.00003495, 0.00004015, 0.00003660, 0.00002100, 0.00000000
-0.12048125, -0.09162934, -0.07724634, -0.06819847, -0.06199357, -0.05744361, -0.05363054, -0.05045476, -0.04785195, -0.04564413, -0.04366698, -0.04183467, -0.04012503, -0.03854250, -0.03709168, -0.03576710, -0.03455386, -0.03343244, -0.03238379, -0.02864887, -0.02545354, -0.02279647, -0.02055776, -0.01855945, -0.01669868, -0.01495336, -0.01333125, -0.01183256, -0.01044225, -0.00913934, -0.00790861, -0.00674674, -0.00566165, -0.00466746, -0.00377846, -0.00300420, -0.00234705, -0.00180212, -0.00135896, -0.00100176, -0.00071906, -0.00049701, -0.00032500, -0.00019482, -0.00010013, -0.00003570, 0.00000331, 0.00002194, 0.00002568, 0.00002043, 0.00001191, 0.00000506, 0.00000320, 0.00000751, 0.00001687, 0.00002828, 0.00003786, 0.00004223, 0.00004008, 0.00003319, 0.00002604, 0.00002304, 0.00002168, 0.00000000
0.04343019, 0.02380626, 0.01431675, 0.00809417, 0.00372358, 0.00048886, -0.00247637, -0.00501458, -0.00703828, -0.00871016, -0.01021537, -0.01164179, -0.01299230, -0.01423681, -0.01535083, -0.01632992, -0.01718792, -0.01794858, -0.01863716, -0.02095950, -0.02266507, -0.02360252, -0.02383839, -0.02356264, -0.02289211, -0.02185623, -0.02046802, -0.01877540, -0.01686741, -0.01485323, -0.01283688, -0.01090060, -0.00909961, -0.00746511, -0.00601114, -0.00474128, -0.00365353, -0.00274263, -0.00200062, -0.00141380, -0.00096995, -0.00064903, -0.00042890, -0.00028586, -0.00019662, -0.00014052, -0.00010140, -0.00006866, -0.00003734, -0.00000718, 0.00001903, 0.00003748, 0.00004535, 0.00004234, 0.00003130, 0.00001780, 0.00000855, 0.00000890, 0.00002016, 0.00003756, 0.00005038, 0.00004614, 0.00002108, 0.00000000
-0.02817544, -0.01667407, -0.01110397, -0.00776056, -0.00558090, -0.00407110, -0.00289045, -0.00196915, -0.00126650, -0.00071869, -0.00027076, 0.00010690, 0.00042389, 0.00068113, 0.00087888, 0.00101993, 0.00110961, 0.00115434, 0.00116033, 0.00090832, 0.00034157, -0.00048445, -0.00147981, -0.00253664, -0.00357484, -0.00454543, -0.00541445, -0.00615095, -0.00672505, -0.00711227, -0.00729877, -0.00728442, -0.00708284, -0.00671903, -0.00622562, -0.00563892, -0.00499540, -0.00432901, -0.00366941, -0.00303858, -0.00245796, -0.00193949, -0.00149068, -0.00111419, -0.00080835, -0.00056808, -0.00038588, -0.00025281, -0.00015932, -0.00009602, -0.00005437, -0.00002710, -0.00000862, 0.00000488, 0.00001554, 0.00002415, 0.00003062, 0.00003457, 0.00003593, 0.00003517, 0.00003309, 0.00002979, 0.00002221, 0.00000000
0.02473267, 0.01358888, 0.00822434, 0.00478269, 0.00237740, 0.00058459, -0.00102058, -0.00239876, -0.00352811, -0.00448794, -0.00536448, -0.00620074, -0.00700197, -0.00775801, -0.00846001, -0.00910684, -0.00970470, -0.01026372, -0.01079463, -0.01274107, -0.01439585, -0.01566564, -0.01654793, -0.01709517, -0.01733733, -0.01727542, -0.01690882, -0.01625544, -0.01535451, -0.01425876, -0.01302467, -0.01170569, -0.01034918, -0.00899615, -0.00768195, -0.00643694, -0.00528652, -0.00425059, -0.00334276, -0.00256737, -0.00192682, -0.00141317, -0.00101399, -0.00071312, -0.00049236, -0.00033359, -0.00022048, -0.00013969, -0.00008139, -0.00003909, -0.00000905, 0.00001077, 0.00002170, 0.00002529, 0.00002384, 0.00002042, 0.00001833, 0.00002013, 0.00002647, 0.00003512, 0.00004089, 0.00003730, 0.00002094, 0.00000000
-0.03238618, -0.01841760, -0.01194690, -0.00836032, -0.00621138, -0.00485102, -0.00393876, -0.00332157, -0.00290860, -0.00263473, -0.00245658, -0.00234846, -0.00229581, -0.00228963, -0.00232315, -0.00239055, -0.00248671, -0.00260737, -0.00274922, -0.00345750, -0.00428307, -0.00515047, -0.00597754, -0.00668746, -0.00722734, -0.00756815, -0.00769868, -0.00762158, -0.00735160, -0.00691442, -0.00634453, -0.00568192, -0.00496807, -0.00424222, -0.00353819, -0.00288249, -0.00229350, -0.00178174, -0.00135083, -0.00099642, -0.00071561, -0.00049902, -0.00033701, -0.00021967, -0.00013737, -0.00008144, -0.00004452, -0.00002075, -0.00000570, 0.00000378, 0.00000990, 0.00001409, 0.00001728, 0.00002006, 0.00002279, 0.00002567, 0.00002876, 0.00003196, 0.00003495, 0.00003710, 0.00003729, 0.00003362, 0.00002292, 0.00000000
0.02944326, 0.02476299, 0.02179712, 0.01951339, 0.01766019, 0.01609559, 0.01467095, 0.01339068, 0.01225260, 0.01122085, 0.01025776, 0.00934104, 0.00846225, 0.00761938, 0.00681123, 0.00603498, 0.00528607, 0.00455914, 0.00384893, 0.00113899, -0.00134917, -0.00358183, -0.00553635, -0.00720137, -0.00856469, -0.00961465, -0.01034760, -0.01077220, -0.01090874, -0.01078606, -0.01043829, -0.00990258, -0.00921762, -0.00842272, -0.00755680, -0.00665723, -0.00575845, -0.00489058, -0.00407829, -0.00333743, -0.00268281, -0.00211878, -0.00164503, -0.00125661, -0.00094502, -0.00069977, -0.00050978, -0.00036447, -0.00025450, -0.00017212, -0.00011116, -0.00006686, -0.00003544, -0.00001382, 0.00000073, 0.00001068, 0.00001820, 0.00002489, 0.00003141, 0.00003710, 0.00003981, 0.00003629, 0.00002326, 0.00000000
0.03048081, 0.01577301, 0.00913479, 0.00520385, 0.00283144, 0.00141770, 0.00025525, -0.00055083, -0.00094914, -0.00108100, -0.00110055, -0.00108231, -0.00103265, -0.00093167, -0.00076377, -0.00052889, -0.00024088, 0.00007919, 0.00040962, 0.00159399, 0.00249638, 0.00324692, 0.00382711, 0.00414564, 0.00418825, 0.00402232, 0.00373577, 0.00339255, 0.00302386, 0.00264033, 0.00224769, 0.00185598, 0.00148110, 0.00114113, 0.00085127, 0.00061988, 0.00044712, 0.00032581, 0.00024404, 0.00019079, 0.00015119, 0.00011757, 0.00008548, 0.00005435, 0.00002641, 0.00000505, -0.00000695, -0.00000859, -0.00000116, 0.00001198, 0.00002627, 0.00003719, 0.00004155, 0.00003845, 0.00002972, 0.00001943, 0.00001263, 0.00001341, 0.00002271, 0.00003669, 0.00004675, 0.00004273, 0.00002101, 0.00000000
-0.10080506, -0.08353921, -0.07418305, -0.06779021, -0.06304949, -0.05930551, -0.05598422, -0.05306225, -0.05052308, -0.04825678, -0.04615614, -0.04416668, -0.04227776, -0.04049680, -0.03883055, -0.03727778, -0.03582984, -0.03447428, -0.03319835, -0.02868844, -0.02494424, -0.02192667, -0.01950729, -0.01751255, -0.01582507, -0.01439011, -0.01317825, -0.01215668, -0.01128200, -0.01050651, -0.00978752, -0.00909339, -0.00840507, -0.00771425, -0.00702004, -0.00632589, -0.00563737, -0.00496100, -0.00430400, -0.00367100, -0.00307425, -0.00252107, -0.00201974, -0.00157719, -0.00119790, -0.00088334, -0.00063176, -0.00043828, -0.00029541, -0.00019381, -0.00012345, -0.00007470, -0.00003950, -0.00001210, 0.00001060, 0.00002929, 0.00004308, 0.00005069, 0.00005183, 0.00004805, 0.00004259, 0.00003801, 0.00003059, 0.00000000
0.01688186, 0.00735126, 0.00336427, 0.00116835, -0.00011638, -0.00089039, -0.00152266, -0.00198909, -0.00227741, -0.00245588, -0.00259578, -0.00273149, -0.00286624, -0.00299108, -0.00309865, -0.00318826, -0.00326527, -0.00333820, -0.00341581, -0.00384303, -0.00440533, -0.00498124, -0.00553018, -0.00605609, -0.00654357, -0.00695442, -0.00725114, -0.00741309, -0.00743798, -0.00733519, -0.00711846, -0.00680158, -0.00639755, -0.00591974, -0.00538340, -0.00480650, -0.00420934, -0.00361333, -0.00303907, -0.00250184, -0.00201830, -0.00159582, -0.00123756, -0.00094197, -0.00070372, -0.00051518, -0.00036800, -0.00025425, -0.00016721, -0.00010167, -0.00005377, -0.00002062, 0.00000032, 0.00001165, 0.00001639, 0.00001788, 0.00001935, 0.00002320, 0.00003007, 0.00003814, 0.00004307, 0.00003924, 0.00002317, 0.00000000
-0.09316421, -0.07462176, -0.06625454, -0.06148996, -0.05839229, -0.05613913, -0.05428777, -0.05268684, -0.05125661, -0.04992973, -0.04865868, -0.04741924, -0.04620340, -0.04501046, -0.04384113, -0.04269525, -0.04157155, -0.04046834, -0.03938425, -0.03520433, -0.03126186, -0.02759700, -0.02420554, -0.02106239, -0.01815581, -0.01548956, -0.01307183, -0.01090666, -0.00899128, -0.00731727, -0.00587256, -0.00464289, -0.00361236, -0.00276356, -0.00207753, -0.00153406, -0.00111230, -0.00079163, -0.00055264, -0.00037542, -0.00024803, -0.00015731, -0.00009380, -0.00005033, -0.00002149, -0.00000320, 0.00000759, 0.00001316, 0.00001533, 0.00001559, 0.00001519, 0.00001512, 0.00001608, 0.00001836, 0.00002184, 0.00002605, 0.00003029, 0.00003383, 0.00003610, 0.00003683, 0.00003580, 0.00003214, 0.00002285, 0.00000000
-0.07473621, -0.05614580, -0.04631198, -0.03973625, -0.03501659, -0.03142659, -0.02829988, -0.02562779, -0.02339821, -0.02147937, -0.01974170, -0.01811983, -0.01660149, -0.01519568, -0.01390992, -0.01274164, -0.01167909, -0.01070603, -0.00980624, -0.00670894, -0.00424899, -0.00242751, -0.00113181, -0.00019313, 0.00049384, 0.00096657, 0.00124059, 0.00134228, 0.00131449, 0.00120639, 0.00106106, 0.00090827, 0.00076369, 0.00063237, 0.00051369, 0.00040568, 0.00030760, 0.00022060, 0.00014708, 0.00009159, 0.00005278, 0.00003074, 0.00002260, 0.00002391, 0.00002971, 0.00003545, 0.00003780, 0.00003518, 0.00002792, 0.00001797, 0.00000825, 0.00000172, 0.00000052, 0.00000522, 0.00001454, 0.00002563, 0.00003487, 0.00003917, 0.00003734, 0.00003103, 0.00002441, 0.00002158, 0.00002022, 0.00000000
-0.01539836, -0.01691740, -0.01711033, -0.01706079, -0.01689454, -0.01666763, -0.01651765, -0.01637172, -0.01618598, -0.01598205, -0.01579203, -0.01562896, -0.01548831, -0.01535907, -0.01523217, -0.01510366, -0.01497424, -0.01484729, -0.01472692, -0.01433200, -0.01400940, -0.01366128, -0.01325320, -0.01278875, -0.01226688, -0.01167620, -0.01100770, -0.01026380, -0.00945866, -0.00861325, -0.00774989, -0.00688869, -0.00604628, -0.00523607, -0.00446911, -0.00375482, -0.00310125, -0.00251490, -0.00200026, -0.00155730, -0.00118766, -0.00088686, -0.00064873, -0.00046523, -0.00032716, -0.00022513, -0.00015053, -0.00009612, -0.00005638, -0.00002747, -0.00000691, 0.00000683, 0.00001492, 0.00001855, 0.00001922, 0.00001873, 0.00001891, 0.00002108, 0.00002551, 0.00003079, 0.00003386, 0.00003070, 0.00001853, 0.00000000
-0.02542485, -0.02668076, -0.02688430, -0.02690433, -0.02683134, -0.02670354, -0.02663010, -0.02654935, -0.02642391, -0.02627136, -0.02611904, -0.02597924, -0.02584966, -0.02572241, -0.02559079, -0.02545211, -0.02530740, -0.02515986, -0.02501337, -0.02445011, -0.02385537, -0.02314686, -0.02229278, -0.02129591, -0.02016219, -0.01889557, -0.01750648, -0.01601778, -0.01446368, -0.01288437, -0.01132009, -0.00980683, -0.00837410, -0.00704440, -0.00583360, -0.00475164, -0.00380325, -0.00298860, -0.00230378, -0.00173855, -0.00128582, -0.00093172, -0.00066209, -0.00046216, -0.00031735, -0.00021420, -0.00014121, -0.00008931, -0.00005189, -0.00002460, -0.00000483, 0.00000895, 0.00001774, 0.00002255, 0.00002471, 0.00002582, 0.00002755, 0.00003108, 0.00003652, 0.00004239, 0.00004541, 0.00004117, 0.00002588, 0.00000000
0.12154384, 0.07552807, 0.05424880, 0.04139555, 0.03300138, 0.02718216, 0.02221934, 0.01816898, 0.01505902, 0.01257142, 0.01037921, 0.00832193, 0.00638008, 0.00459044, 0.00298444, 0.00156463, 0.00030702, -0.00082635, -0.00187476, -0.00566640, -0.00890964, -0.01132787, -0.01299126, -0.01415841, -0.01496582, -0.01540638, -0.01544008, -0.01507401, -0.01437423, -0.01343763, -0.01235847, -0.01120823, -0.01003181, -0.00885447, -0.00769240, -0.00656135, -0.00548092, -0.00447436, -0.00356536, -0.00277095, -0.00210593, -0.00157082, -0.00115708, -0.00084794, -0.00062156, -0.00045502, -0.00032807, -0.00022573, -0.00013940, -0.00006647, -0.00000856, 0.00003104, 0.00005010, 0.00004964, 0.00003494, 0.00001502, 0.00000041, -0.00000040, 0.00001503, 0.00004008, 0.00005930, 0.00005468, 0.00002178, 0.00000000
-0.09212041, -0.07631977, -0.06827609, -0.06318702, -0.05967451, -0.05707375, -0.05490320, -0.05308224, -0.05155869, -0.05023774, -0.04903734, -0.04791483, -0.04685806, -0.04586745, -0.04494366, -0.04408301, -0.04327774, -0.04251852, -0.04179648, -0.03913530, -0.03670000, -0.03445689, -0.03231800, -0.03017759, -0.02797928, -0.02571727, -0.02341059, -0.02108418, -0.01876349, -0.01647627, -0.01425482, -0.01213533, -0.01015453, -0.00834506, -0.00673132, -0.00532692, -0.00413408, -0.00314476, -0.00234302, -0.00170487, -0.00121039, -0.00083485, -0.00055625, -0.00035502, -0.00021414, -0.00011924, -0.00005849, -0.00002225, -0.00000271, 0.00000642, 0.00001009, 0.00001199, 0.00001455, 0.00001892, 0.00002508, 0.00003211, 0.00003854, 0.00004301, 0.00004472, 0.00004385, 0.00004125, 0.00003705, 0.00002763, 0.00000000
-0.05923045, -0.05217938, -0.04811661, -0.04539157, -0.04340054, -0.04184493, -0.04056969, -0.03948382, -0.03853027, -0.03767373, -0.03689209, -0.03617088, -0.03549967, -0.03487065, -0.03427754, -0.03371554, -0.03318093, -0.03267101, -0.03218374, -0.03040127, -0.02877045, -0.02720945, -0.02565484, -0.02406100, -0.02240437, -0.02068037, -0.01889853, -0.01707858, -0.01524730, -0.01343563, -0.01167591, -0.00999909, -0.00843247, -0.00699783, -0.00571037, -0.00457839, -0.00360346, -0.00278132, -0.00210293, -0.00155300, -0.00111990, -0.00078650, -0.00053659, -0.00035457, -0.00022585, -0.00013746, -0.00007846, -0.00004006, -0.00001558, -0.00000016, 0.00000953, 0.00001570, 0.00001979, 0.00002275, 0.00002524, 0.00002777, 0.00003067, 0.00003405, 0.00003763, 0.00004057, 0.00004129, 0.00003729, 0.00002503, 0.00000000
-0.03097003, -0.03653245, -0.03807624, -0.03856801, -0.03856458, -0.03830544, -0.03809164, -0.03783351, -0.03747528, -0.03706396, -0.03665951, -0.03628696, -0.03594017, -0.03560144, -0.03525623, -0.03489854, -0.03453016, -0.03415728, -0.03378717, -0.03238882, -0.03104315, -0.02960419, -0.02803525, -0.02636519, -0.02461136, -0.02277046, -0.02084181, -0.01884399, -0.01681509, -0.01480318, -0.01285558, -0.01101162, -0.00929989, -0.00773869, -0.00633812, -0.00510223, -0.00403067, -0.00311955, -0.00236181, -0.00174494, -0.00125854, -0.00088595, -0.00060962, -0.00041125, -0.00027284, -0.00017799, -0.00011300, -0.00006744, -0.00003429, -0.00000955, 0.00000857, 0.00002058, 0.00002669, 0.00002761, 0.00002498, 0.00002125, 0.00001922, 0.00002102, 0.00002707, 0.00003515, 0.00004040, 0.00003675, 0.00002092, 0.00000000
-0.05867296, -0.04865587, -0.04356845, -0.04035617, -0.03812931, -0.03646785, -0.03507515, -0.03389518, -0.03289434, -0.03201635, -0.03121271, -0.03045803, -0.02974502, -0.02907415, -0.02844628, -0.02785987, -0.02731096, -0.02679454, -0.02630573, -0.02453394, -0.02295612, -0.02154668, -0.02024936, -0.01899413, -0.01773895, -0.01647190, -0.01519573, -0.01391577, -0.01263652, -0.01136320, -0.01010439, -0.00887307, -0.00768573, -0.00656026, -0.00551345, -0.00455892, -0.00370585, -0.00295861, -0.00231708, -0.00177483, -0.00132827, -0.00096778, -0.00068374, -0.00046598, -0.00030412, -0.00018803, -0.00010822, -0.00005608, -0.00002404, -0.00000564, 0.00000437, 0.00001001, 0.00001407, 0.00001817, 0.00002287, 0.00002793, 0.00003266, 0.00003627, 0.00003823, 0.00003844, 0.00003700, 0.00003329, 0.00002404, 0.00000000
0.01246337, -0.00155865, -0.00767879, -0.01127876, -0.01355692, -0.01507877, -0.01642475, -0.01752171, -0.01832635, -0.01894189, -0.01948272, -0.02000295, -0.02050429, -0.02096789, -0.02137782, -0.02173000, -0.02203130, -0.02229455, -0.02253357, -0.02338354, -0.02403368, -0.02433080, -0.02426710, -0.02391817, -0.02332557, -0.02248664, -0.02139439, -0.02006630, -0.01854757, -0.01689911, -0.01518326, -0.01345452, -0.01175634, -0.01012220, -0.00857828, -0.00714589, -0.00584259, -0.00468211, -0.00367348, -0.00281747, -0.00211385, -0.00155206, -0.00111710, -0.00079016, -0.00055045, -0.00037750, -0.00025312, -0.00016272, -0.00009589, -0.00004617, -0.00001016, 0.00001368, 0.00002641, 0.00002968, 0.00002639, 0.00002059, 0.00001674, 0.00001832, 0.00002625, 0.00003756, 0.00004543, 0.00004151, 0.00002209, 0.00000000
0.02740388, 0.00715557, -0.00177669, -0.00708364, -0.01047516, -0.01276471, -0.01479384, -0.01645492, -0.01768492, -0.01863384, -0.01946714, -0.02026221, -0.02102027, -0.02171313, -0.02231732, -0.02282709, -0.02325280, -0.02361356, -0.02392994, -0.02497275, -0.02566266, -0.02581491, -0.02545810, -0.02474005, -0.02375023, -0.02250435, -0.02100461, -0.01928318, -0.01740717, -0.01546072, -0.01352394, -0.01165962, -0.00990960, -0.00829794, -0.00683678, -0.00553183, -0.00438569, -0.00339916, -0.00257066, -0.00189277, -0.00135870, -0.00095302, -0.00065705, -0.00044941, -0.00030795, -0.00021205, -0.00014468, -0.00009356, -0.00005159, -0.00001615, 0.00001219, 0.00003150, 0.00004024, 0.00003871, 0.00002974, 0.00001836, 0.00001052, 0.00001101, 0.00002103, 0.00003641, 0.00004770, 0.00004370, 0.00002073, 0.00000000
-0.18611213, -0.14080564, -0.11854981, -0.10460635, -0.09509947, -0.08816900, -0.08228032, -0.07735195, -0.07332960, -0.06992290, -0.06685225, -0.06397605, -0.06126670, -0.05874325, -0.05642289, -0.05430229, -0.05235903, -0.05056102, -0.04887604, -0.04282851, -0.03762852, -0.03335564, -0.02983948, -0.02678068, -0.02400234, -0.02146569, -0.01917860, -0.01712911, -0.01527286, -0.01355285, -0.01192342, -0.01036343, -0.00887642, -0.00748207, -0.00620489, -0.00506485, -0.00407196, -0.00322523, -0.00251475, -0.00192232, -0.00143504, -0.00103663, -0.00071514, -0.00046174, -0.00026964, -0.00013280, -0.00004459, 0.00000305, 0.00001994, 0.00001716, 0.00000590, -0.00000408, -0.00000604, 0.00000263, 0.00002011, 0.00004091, 0.00005782, 0.00006464, 0.00005911, 0.00004497, 0.00003133, 0.00002748, 0.00003014, 0.00000000
-0.07397474, -0.06567792, -0.06077769, -0.05743960, -0.05497669, -0.05304670, -0.05147297, -0.05014279, -0.04898427, -0.04795379, -0.04702376, -0.04617499, -0.04539274, -0.04466505, -0.04398250, -0.04333761, -0.04272466, -0.04213933, -0.04157841, -0.03950249, -0.03755633, -0.03563914, -0.03368374, -0.03164876, -0.02951758, -0.02729315, -0.02499272, -0.02264396, -0.02028153, -0.01794408, -0.01567116, -0.01350040, -0.01146499, -0.00959176, -0.00790003, -0.00640108, -0.00509839, -0.00398841, -0.00306166, -0.00230159, -0.00169386, -0.00121829, -0.00085505, -0.00058460, -0.00038846, -0.00024987, -0.00015442, -0.00009025, -0.00004803, -0.00002078, -0.00000345, 0.00000746, 0.00001434, 0.00001879, 0.00002196, 0.00002467, 0.00002748, 0.00003068, 0.00003408, 0.00003695, 0.00003774, 0.00003408, 0.00002277, 0.00000000
0.02254350, 0.00980948, 0.00416323, 0.00074860, -0.00147078, -0.00299574, -0.00438451, -0.00554401, -0.00641964, -0.00711112, -0.00773200, -0.00833543, -0.00892156, -0.00946991, -0.00996330, -0.01039698, -0.01077762, -0.01111819, -0.01143281, -0.01257285, -0.01349912, -0.01406416, -0.01427201, -0.01421364, -0.01394421, -0.01347091, -0.01279312, -0.01193157, -0.01093142, -0.00984978, -0.00874130, -0.00764909, -0.00660249, -0.00561931, -0.00470996, -0.00388110, -0.00313792, -0.00248472, -0.00192440, -0.00145494, -0.00107637, -0.00078098, -0.00055861, -0.00039664, -0.00028122, -0.00019900, -0.00013863, -0.00009180, -0.00005349, -0.00002169, 0.00000349, 0.00002101, 0.00003015, 0.00003140, 0.00002700, 0.00002064, 0.00001661, 0.00001828, 0.00002645, 0.00003801, 0.00004599, 0.00004195, 0.00002224, 0.00000000
0.00151867, -0.00388846, -0.00651644, -0.00831261, -0.00964561, -0.01069805, -0.01171343, -0.01262719, -0.01340105, -0.01407889, -0.01471558, -0.01533789, -0.01594664, -0.01653185, -0.01708476, -0.01760242, -0.01808754, -0.01854609, -0.01898484, -0.02058827, -0.02188860, -0.02278284, -0.02324475, -0.02330164, -0.02298044, -0.02229979, -0.02128568, -0.01998252, -0.01845231, -0.01676643, -0.01499634, -0.01320676, -0.01145227, -0.00977647, -0.00821265, -0.00678488, -0.00550905, -0.00439364, -0.00344042, -0.00264193, -0.00199217, -0.00147583, -0.00107579, -0.00077326, -0.00054906, -0.00038509, -0.00026568, -0.00017824, -0.00011354, -0.00006539, -0.00003000, -0.00000509, 0.00001096, 0.00001984, 0.00002372, 0.00002525, 0.00002716, 0.00003149, 0.00003867, 0.00004678, 0.00005142, 0.00004674, 0.00002851, 0.00000000
-0.02532382, -0.02668103, -0.02671222, -0.02650982, -0.02621168, -0.02587191, -0.02561420, -0.02536993, -0.02509682, -0.02481306, -0.02454728, -0.02431124, -0.02410070, -0.02390527, -0.02371624, -0.02352940, -0.02334483, -0.02316510, -0.02299360, -0.02239632, -0.02185585, -0.02126468, -0.02057595, -0.01978287, -0.01888139, -0.01786417, -0.01673022, -0.01549178, -0.01417377, -0.01280843, -0.01142965, -0.01006884, -0.00875298, -0.00750418, -0.00633999, -0.00527386, -0.00431540, -0.00347042, -0.00274095, -0.00212269, -0.00161320, -0.00120283, -0.00088047, -0.00063337, -0.00044807, -0.00031146, -0.00021181, -0.00013938, -0.00008668, -0.00004841, -0.00002099, -0.00000211, 0.00000993, 0.00001668, 0.00001986, 0.00002139, 0.00002316, 0.00002654, 0.00003179, 0.00003753, 0.00004063, 0.00003686, 0.00002286, 0.00000000
-0.06215639, -0.04549220, -0.03740663, -0.03240802, -0.02904452, -0.02662461, -0.02458886, -0.02290187, -0.02154036, -0.02039904, -0.01937798, -0.01842707, -0.01753690, -0.01671454, -0.01596618, -0.01529067, -0.01468005, -0.01412294, -0.01360798, -0.01180513, -0.01030288, -0.00911473, -0.00816555, -0.00733843, -0.00656647, -0.00583739, -0.00515959, -0.00453703, -0.00396348, -0.00342826, -0.00292356, -0.00244827, -0.00200756, -0.00160974, -0.00126257, -0.00097043, -0.00073314, -0.00054619, -0.00040212, -0.00029050, -0.00020521, -0.00013883, -0.00008674, -0.00004624, -0.00001597, 0.00000476, 0.00001660, 0.00002066, 0.00001875, 0.00001334, 0.00000720, 0.00000291, 0.00000225, 0.00000579, 0.00001269, 0.00002092, 0.00002788, 0.00003131, 0.00003030, 0.00002595, 0.00002117, 0.00001874, 0.00001674, 0.00000000
-0.04532905, -0.03933930, -0.03581893, -0.03340832, -0.03159617, -0.03013715, -0.02891690, -0.02785388, -0.02689906, -0.02602756, -0.02522567, -0.02448340, -0.02379223, -0.02314509, -0.02253656, -0.02196284, -0.02142148, -0.02091090, -0.02043012, -0.01875513, -0.01736665, -0.01617846, -0.01512491, -0.01415475, -0.01323062, -0.01232726, -0.01142968, -0.01053116, -0.00963128, -0.00873401, -0.00784611, -0.00697602, -0.00613298, -0.00532637, -0.00456513, -0.00385728, -0.00320947, -0.00262664, -0.00211185, -0.00166344, -0.00128350, -0.00096796, -0.00071215, -0.00051002, -0.00035446, -0.00023786, -0.00015275, -0.00009227, -0.00005043, -0.00002228, -0.00000384, 0.00000794, 0.00001537, 0.00002016, 0.00002358, 0.00002653, 0.00002959, 0.00003302, 0.00003659, 0.00003950, 0.00004022, 0.00003628, 0.00002430, 0.00000000
-0.04091963, -0.03966327, -0.03841768, -0.03747742, -0.03670362, -0.03602826, -0.03551873, -0.03507117, -0.03462207, -0.03417772, -0.03375960, -0.03337441, -0.03301407, -0.03266545, -0.03231805, -0.03196673, -0.03161129, -0.03125439, -0.03089970, -0.02951596, -0.02811563, -0.02660935, -0.02497370, -0.02322780, -0.02139235, -0.01948273, -0.01751923, -0.01553415, -0.01357003, -0.01167275, -0.00988415, -0.00823699, -0.00675298, -0.00544314, -0.00430943, -0.00334694, -0.00254586, -0.00189307, -0.00137341, -0.00096790, -0.00066268, -0.00043974, -0.00028275, -0.00017643, -0.00010700, -0.00006273, -0.00003440, -0.00001541, -0.00000163, 0.00000904, 0.00001727, 0.00002303, 0.00002617, 0.00002692, 0.00002608, 0.00002504, 0.00002530, 0.00002797, 0.00003306, 0.00003890, 0.00004206, 0.00003808, 0.00002351, 0.00000000
0.01428853, 0.00195116, -0.00359213, -0.00689099, -0.00897976, -0.01035312, -0.01151002, -0.01240358, -0.01300871, -0.01341924, -0.01373625, -0.01400950, -0.01424448, -0.01442914, -0.01455358, -0.01461753, -0.01462951, -0.01460270, -0.01455088, -0.01423830, -0.01378680, -0.01312312, -0.01228022, -0.01134970, -0.01038539, -0.00939588, -0.00837888, -0.00734592, -0.00632520, -0.00535168, -0.00445567, -0.00365606, -0.00295926, -0.00236200, -0.00185563, -0.00142995, -0.00107569, -0.00078541, -0.00055330, -0.00037191, -0.00023858, -0.00014600, -0.00008666, -0.00005226, -0.00003429, -0.00002503, -0.00001849, -0.00001100, -0.00000124, 0.00001003, 0.00002081, 0.00002880, 0.00003230, 0.00003096, 0.00002608, 0.00002032, 0.00001691, 0.00001842, 0.00002532, 0.00003494, 0.00004142, 0.00003770, 0.00002050, 0.00000000
-0.04975081, -0.04477781, -0.04164016, -0.03948343, -0.03787091, -0.03658751, -0.03557512, -0.03472136, -0.03395639, -0.03326090, -0.03263176, -0.03206223, -0.03154023, -0.03105265, -0.03058895, -0.03014256, -0.02971033, -0.02929136, -0.02888586, -0.02736946, -0.02592275, -0.02445456, -0.02292503, -0.02132844, -0.01967001, -0.01795927, -0.01621277, -0.01445594, -0.01272092, -0.01104197, -0.00945076, -0.00797317, -0.00662767, -0.00542523, -0.00437008, -0.00346080, -0.00269159, -0.00205334, -0.00153460, -0.00112013, -0.00079879, -0.00055552, -0.00037645, -0.00024846, -0.00015948, -0.00009898, -0.00005834, -0.00003098, -0.00001227, 0.00000077, 0.00000984, 0.00001590, 0.00001952, 0.00002127, 0.00002191, 0.00002236, 0.00002356, 0.00002613, 0.00003000, 0.00003402, 0.00003588, 0.00003243, 0.00002069, 0.00000000
-0.04869628, -0.04207253, -0.03878504, -0.03681220, -0.03550853, -0.03457603, -0.03384400, -0.03324629, -0.03274284, -0.03230020, -0.03189515, -0.03151487, -0.03115363, -0.03080889, -0.03047866, -0.03016087, -0.02985330, -0.02955387, -0.02926095, -0.02810763, -0.02692016, -0.02567884, -0.02435972, -0.02294144, -0.02142030, -0.01980903, -0.01812983, -0.01640910, -0.01467511, -0.01295721, -0.01128498, -0.00968703, -0.00818925, -0.00681309, -0.00557422, -0.00448183, -0.00353857, -0.00274121, -0.00208160, -0.00154566, -0.00112209, -0.00079464, -0.00054789, -0.00036697, -0.00023806, -0.00014886, -0.00008893, -0.00004979, -0.00002485, -0.00000921, 0.00000067, 0.00000717, 0.00001186, 0.00001571, 0.00001927, 0.00002278, 0.00002631, 0.00002976, 0.00003282, 0.00003496, 0.00003519, 0.00003178, 0.00002172, 0.00000000
-0.00878697, -0.00850629, -0.00845735, -0.00860615, -0.00880886, -0.00901770, -0.00929059, -0.00955990, -0.00978727, -0.00998479, -0.01017476, -0.01036770, -0.01056233, -0.01075274, -0.01093410, -0.01110489, -0.01126659, -0.01142248, -0.01157628, -0.01218179, -0.01271255, -0.01310193, -0.01331997, -0.01336209, -0.01322668, -0.01291202, -0.01242314, -0.01177626, -0.01099769, -0.01011967, -0.00917586, -0.00819828, -0.00721571, -0.00625317, -0.00533195, -0.00446966, -0.00368018, -0.00297357, -0.00235591, -0.00182634, -0.00138656, -0.00103015, -0.00074911, -0.00053347, -0.00037211, -0.00025383, -0.00016837, -0.00010704, -0.00006307, -0.00003158, -0.00000924, 0.00000614, 0.00001609, 0.00002197, 0.00002519, 0.00002729, 0.00002973, 0.00003357, 0.00003886, 0.00004427, 0.00004685, 0.00004246, 0.00002714, 0.00000000
-0.03951979, -0.03778623, -0.03607263, -0.03476152, -0.03365648, -0.03267760, -0.03194124, -0.03129771, -0.03065646, -0.03003040, -0.02945326, -0.02893517, -0.02846345, -0.02801779, -0.02758187, -0.02714761, -0.02671418, -0.02628518, -0.02586556, -0.02430743, -0.02285190, -0.02137242, -0.01984190, -0.01829034, -0.01673886, -0.01518986, -0.01364467, -0.01211624, -0.01062912, -0.00921215, -0.00789060, -0.00668153, -0.00559300, -0.00462567, -0.00377553, -0.00303639, -0.00240140, -0.00186384, -0.00141706, -0.00105152, -0.00076245, -0.00053993, -0.00037410, -0.00025450, -0.00017049, -0.00011221, -0.00007134, -0.00004161, -0.00001894, -0.00000118, 0.00001236, 0.00002165, 0.00002663, 0.00002774, 0.00002620, 0.00002396, 0.00002320, 0.00002557, 0.00003128, 0.00003838, 0.00004265, 0.00003869, 0.00002303, 0.00000000
-0.04613680, -0.04279664, -0.04040950, -0.03866577, -0.03729765, -0.03616924, -0.03526478, -0.03449065, -0.03378835, -0.03314666, -0.03256748, -0.03204709, -0.03157509, -0.03113948, -0.03073059, -0.03034243, -0.02997232, -0.02961966, -0.02928477, -0.02808982, -0.02701076, -0.02593516, -0.02480298, -0.02358816, -0.02227612, -0.02085895, -0.01933953, -0.01773396, -0.01606959, -0.01438038, -0.01270206, -0.01106850, -0.00950945, -0.00804943, -0.00670744, -0.00549689, -0.00442579, -0.00349700, -0.00270863, -0.00205215, -0.00152056, -0.00110025, -0.00077672, -0.00053449, -0.00035800, -0.00023263, -0.00014547, -0.00008585, -0.00004552, -0.00001849, -0.00000065, 0.00001069, 0.00001736, 0.00002076, 0.00002218, 0.00002292, 0.00002419, 0.00002680, 0.00003077, 0.00003498, 0.00003702, 0.00003352, 0.00002136, 0.00000000
0.01105839, -0.00080834, -0.00605037, -0.00921258, -0.01127274, -0.01269444, -0.01398399, -0.01506055, -0.01587624, -0.01652133, -0.01709870, -0.01765716, -0.01819787, -0.01870312, -0.01915796, -0.01955835, -0.01991031, -0.02022553, -0.02051672, -0.02156098, -0.02237401, -0.02281243, -0.02286665, -0.02260635, -0.02207423, -0.02127542, -0.02021235, -0.01891028, -0.01741972, -0.01580493, -0.01413053, -0.01245262, -0.01081555, -0.00925278, -0.00778944, -0.00644467, -0.00523301, -0.00416472, -0.00324528, -0.00247191, -0.00184252, -0.00134485, -0.00096337, -0.00067949, -0.00047329, -0.00032554, -0.00021946, -0.00014191, -0.00008377, -0.00003962, -0.00000690, 0.00001535, 0.00002775, 0.00003160, 0.00002946, 0.00002504, 0.00002248, 0.00002498, 0.00003329, 0.00004451, 0.00005197, 0.00004738, 0.00002650, 0.00000000
-0.05148297, -0.05131609, -0.05023255, -0.04906590, -0.04794938, -0.04690041, -0.04593883, -0.04503688, -0.04417500, -0.04335074, -0.04256647, -0.04182193, -0.04111371, -0.04043752, -0.03978959, -0.03916756, -0.03857031, -0.03799756, -0.03744938, -0.03546429, -0.03370419, -0.03207200, -0.03049104, -0.02890310, -0.02726654, -0.02555473, -0.02375634, -0.02187488, -0.01992687, -0.01793888, -0.01594405, -0.01397863, -0.01207882, -0.01027810, -0.00860514, -0.00708226, -0.00572461, -0.00453993, -0.00352886, -0.00268293, -0.00199441, -0.00144718, -0.00102357, -0.00070461, -0.00047110, -0.00030481, -0.00018949, -0.00011142, -0.00005967, -0.00002599, -0.00000443, 0.00000910, 0.00001738, 0.00002232, 0.00002537, 0.00002769, 0.00003022, 0.00003350, 0.00003748, 0.00004120, 0.00004259, 0.00003857, 0.00002542, 0.00000000
-0.07549282, -0.06022487, -0.05233252, -0.04728187, -0.04374781, -0.04110170, -0.03890827, -0.03707211, -0.03553286, -0.03420268, -0.03300719, -0.03190533, -0.03088185, -0.02993278, -0.02905533, -0.02824398, -0.02749052, -0.02678579, -0.02612125, -0.02372975, -0.02162723, -0.01976719, -0.01807560, -0.01646986, -0.01490707, -0.01338290, -0.01190965, -0.01050007, -0.00916242, -0.00790239, -0.00672609, -0.00564131, -0.00465682, -0.00378032, -0.00301644, -0.00236539, -0.00182271, -0.00137988, -0.00102561, -0.00074523, -0.00052868, -0.00036355, -0.00023989, -0.00014942, -0.00008530, -0.00004188, -0.00001445, 0.00000103, 0.00000814, 0.00001008, 0.00000965, 0.00000909, 0.00000991, 0.00001277, 0.00001742, 0.00002292, 0.00002792, 0.00003118, 0.00003205, 0.00003082, 0.00002843, 0.00002545, 0.00001939, 0.00000000
-0.00216399, -0.01118865, -0.01483553, -0.01689849, -0.01811587, -0.01884244, -0.01952601, -0.02005981, -0.02038038, -0.02056624, -0.02071195, -0.02086099, -0.02101117, -0.02114274, -0.02123909, -0.02129489, -0.02131513, -0.02131059, -0.02129328, -0.02120650, -0.02104192, -0.02064998, -0.02001670, -0.01920816, -0.01826397, -0.01718546, -0.01596936, -0.01463255, -0.01321430, -0.01176496, -0.01033310, -0.00895727, -0.00766364, -0.00646780, -0.00537820, -0.00439926, -0.00353344, -0.00278180, -0.00214373, -0.00161318, -0.00118759, -0.00085625, -0.00060680, -0.00042490, -0.00029533, -0.00020365, -0.00013758, -0.00008792, -0.00004883, -0.00001747, 0.00000682, 0.00002364, 0.00003267, 0.00003459, 0.00003148, 0.00002672, 0.00002410, 0.00002660, 0.00003480, 0.00004578, 0.00005296, 0.00004820, 0.00002722, 0.00000000
-0.04309969, -0.03646347, -0.03273292, -0.03020310, -0.02834793, -0.02689696, -0.02565946, -0.02459059, -0.02366194, -0.02283473, -0.02207673, -0.02137030, -0.02070897, -0.02009114, -0.01951571, -0.01898046, -0.01848206, -0.01801676, -0.01758114, -0.01606127, -0.01479832, -0.01373911, -0.01281742, -0.01196538, -0.01113894, -0.01031791, -0.00949556, -0.00867060, -0.00784437, -0.00702089, -0.00620753, -0.00541477, -0.00465499, -0.00394070, -0.00328289, -0.00268977, -0.00216609, -0.00171321, -0.00132951, -0.00100877, -0.00074820, -0.00054044, -0.00037866, -0.00025602, -0.00016577, -0.00010153, -0.00005752, -0.00002868, -0.00001071, -0.00000003, 0.00000620, 0.00001014, 0.00001326, 0.00001644, 0.00001999, 0.00002381, 0.00002751, 0.00003062, 0.00003277, 0.00003366, 0.00003297, 0.00002967, 0.00002093, 0.00000000
-0.14357886, -0.11679896, -0.10303997, -0.09412202, -0.08786077, -0.08317247, -0.07915382, -0.07574754, -0.07291162, -0.07046871, -0.06825059, -0.06617119, -0.06421146, -0.06237970, -0.06068316, -0.05911733, -0.05766691, -0.05631132, -0.05503021, -0.05036273, -0.04621081, -0.04255973, -0.03926441, -0.03612402, -0.03302928, -0.02996802, -0.02696854, -0.02405728, -0.02124820, -0.01855035, -0.01597790, -0.01355429, -0.01130965, -0.00927434, -0.00747203, -0.00591483, -0.00460155, -0.00351883, -0.00264426, -0.00194792, -0.00140410, -0.00098481, -0.00066656, -0.00042997, -0.00025926, -0.00014155, -0.00006596, -0.00002277, -0.00000292, 0.00000218, 0.00000027, -0.00000226, -0.00000108, 0.00000561, 0.00001698, 0.00003008, 0.00004090, 0.00004593, 0.00004382, 0.00003650, 0.00002883, 0.00002553, 0.00002386, 0.00000000
-0.11719917, -0.09593486, -0.08470287, -0.07732924, -0.07209052, -0.06812703, -0.06476311, -0.06191575, -0.05952842, -0.05746457, -0.05559985, -0.05386817, -0.05225026, -0.05074644, -0.04935744, -0.04807697, -0.04689223, -0.04578747, -0.04474755, -0.04101069, -0.03774657, -0.03489825, -0.03233500, -0.02989777, -0.02749699, -0.02511434, -0.02276314, -0.02045891, -0.01821154, -0.01602993, -0.01392819, -0.01192786, -0.01005568, -0.00833858, -0.00679850, -0.00544871, -0.00429232, -0.00332283, -0.00252627, -0.00188144, -0.00137057, -0.00097211, -0.00066716, -0.00043913, -0.00027366, -0.00015837, -0.00008255, -0.00003672, -0.00001239, -0.00000194, 0.00000120, 0.00000226, 0.00000481, 0.00001048, 0.00001900, 0.00002861, 0.00003674, 0.00004111, 0.00004075, 0.00003673, 0.00003181, 0.00002840, 0.00002357, 0.00000000
-0.00994598, -0.01722960, -0.02005062, -0.02148429, -0.02223866, -0.02262046, -0.02290990, -0.02308334, -0.02312626, -0.02308788, -0.02302150, -0.02295288, -0.02288396, -0.02280722, -0.02271624, -0.02260982, -0.02249151, -0.02236749, -0.02224431, -0.02180558, -0.02139946, -0.02092597, -0.02034940, -0.01967364, -0.01889458, -0.01799618, -0.01696723, -0.01581291, -0.01455527, -0.01322684, -0.01186344, -0.01049902, -0.00916328, -0.00788127, -0.00667371, -0.00555756, -0.00454608, -0.00364864, -0.00287039, -0.00220939, -0.00166479, -0.00122745, -0.00088596, -0.00062657, -0.00043440, -0.00029479, -0.00019456, -0.00012285, -0.00007140, -0.00003451, -0.00000856, 0.00000868, 0.00001880, 0.00002332, 0.00002413, 0.00002349, 0.00002368, 0.00002641, 0.00003199, 0.00003869, 0.00004263, 0.00003872, 0.00002341, 0.00000000
0.11242924, 0.06596668, 0.04443936, 0.03136849, 0.02277262, 0.01676250, 0.01159949, 0.00735622, 0.00407158, 0.00142609, -0.00091125, -0.00310186, -0.00516338, -0.00705613, -0.00874639, -0.01023045, -0.01153223, -0.01269029, -0.01374480, -0.01739384, -0.02025601, -0.02208103, -0.02297868, -0.02325461, -0.02308839, -0.02250916, -0.02150880, -0.02012425, -0.01844974, -0.01660740, -0.01471205, -0.01284980, -0.01107358, -0.00941026, -0.00787193, -0.00646570, -0.00519922, -0.00408182, -0.00312237, -0.00232363, -0.00168642, -0.00119938, -0.00084392, -0.00059539, -0.00042626, -0.00031004, -0.00022465, -0.00015472, -0.00009234, -0.00003625, 0.00001029, 0.00004236, 0.00005631, 0.00005215, 0.00003459, 0.00001245, -0.00000371, -0.00000528, 0.00001016, 0.00003575, 0.00005561, 0.00005138, 0.00001897, 0.00000000
-0.04788999, -0.03972163, -0.03547358, -0.03282782, -0.03099672, -0.02962124, -0.02852976, -0.02761951, -0.02682865, -0.02612235, -0.02548060, -0.02489051, -0.02434266, -0.02382965, -0.02334582, -0.02288697, -0.02245015, -0.02203341, -0.02163556, -0.02018787, -0.01888402, -0.01766784, -0.01649651, -0.01533936, -0.01418018, -0.01301405, -0.01184369, -0.01067698, -0.00952519, -0.00840170, -0.00732072, -0.00629615, -0.00534044, -0.00446381, -0.00367355, -0.00297381, -0.00236560, -0.00184702, -0.00141372, -0.00105695, -0.00077193, -0.00054906, -0.00037932, -0.00025371, -0.00016343, -0.00010039, -0.00005755, -0.00002910, -0.00001054, 0.00000146, 0.00000924, 0.00001438, 0.00001793, 0.00002061, 0.00002295, 0.00002533, 0.00002804, 0.00003114, 0.00003438, 0.00003701, 0.00003762, 0.00003395, 0.00002280, 0.00000000
-0.00880537, -0.00901652, -0.00925214, -0.00953874, -0.00981297, -0.01005695, -0.01030646, -0.01052956, -0.01070969, -0.01085701, -0.01098684, -0.01110786, -0.01122201, -0.01132829, -0.01142589, -0.01151539, -0.01159877, -0.01167872, -0.01175802, -0.01207439, -0.01235143, -0.01255228, -0.01265241, -0.01263777, -0.01249823, -0.01222723, -0.01182499, -0.01129991, -0.01066734, -0.00994706, -0.00916079, -0.00833055, -0.00747767, -0.00662237, -0.00578338, -0.00497760, -0.00421968, -0.00352153, -0.00289200, -0.00233410, -0.00185286, -0.00144613, -0.00110996, -0.00083815, -0.00062282, -0.00045531, -0.00032700, -0.00022998, -0.00015741, -0.00010368, -0.00006435, -0.00003599, -0.00001592, -0.00000196, 0.00000777, 0.00001489, 0.00002074, 0.00002624, 0.00003161, 0.00003613, 0.00003802, 0.00003453, 0.00002256, 0.00000000
0.04783989, 0.02506322, 0.01456044, 0.00813997, 0.00388269, 0.00088023, -0.00174327, -0.00392114, -0.00561528, -0.00698545, -0.00820210, -0.00934788, -0.01042997, -0.01142552, -0.01231513, -0.01309572, -0.01377920, -0.01438562, -0.01493614, -0.01681071, -0.01819466, -0.01893967, -0.01909556, -0.01882490, -0.01823289, -0.01735203, -0.01619950, -0.01481877, -0.01328416, -0.01168335, -0.01009709, -0.00858640, -0.00718954, -0.00592563, -0.00480104, -0.00381546, -0.00296585, -0.00224823, -0.00165763, -0.00118464, -0.00082243, -0.00055684, -0.00037179, -0.00024939, -0.00017145, -0.00012149, -0.00008633, -0.00005717, -0.00002976, -0.00000372, 0.00001878, 0.00003468, 0.00004168, 0.00003957, 0.00003076, 0.00001992, 0.00001265, 0.00001348, 0.00002345, 0.00003847, 0.00004932, 0.00004511, 0.00002203, 0.00000000
-0.08925489, -0.07408043, -0.06636342, -0.06142568, -0.05799870, -0.05545627, -0.05328651, -0.05145197, -0.04992607, -0.04860923, -0.04740841, -0.04627676, -0.04520477, -0.04419796, -0.04326118, -0.04239270, -0.04158468, -0.04082645, -0.04010739, -0.03745663, -0.03502509, -0.03279206, -0.03066414, -0.02852149, -0.02630348, -0.02401186, -0.02167835, -0.01933948, -0.01702859, -0.01477759, -0.01261994, -0.01059079, -0.00872408, -0.00704811, -0.00558171, -0.00433202, -0.00329449, -0.00245459, -0.00179085, -0.00127537, -0.00088542, -0.00059558, -0.00038456, -0.00023466, -0.00013149, -0.00006361, -0.00002196, 0.00000074, 0.00001055, 0.00001262, 0.00001128, 0.00000994, 0.00001084, 0.00001493, 0.00002179, 0.00002989, 0.00003713, 0.00004158, 0.00004229, 0.00003984, 0.00003604, 0.00003223, 0.00002526, 0.00000000
0.02961443, 0.01491524, 0.00810888, 0.00390076, 0.00107503, -0.00094605, -0.00273886, -0.00424779, -0.00544101, -0.00642429, -0.00731274, -0.00816277, -0.00897969, -0.00974818, -0.01045497, -0.01109763, -0.01168380, -0.01222666, -0.01274019, -0.01463611, -0.01625238, -0.01744467, -0.01820171, -0.01859239, -0.01865686, -0.01839633, -0.01781023, -0.01692312, -0.01578734, -0.01447112, -0.01304441, -0.01156934, -0.01009654, -0.00866567, -0.00730767, -0.00604704, -0.00490303, -0.00388982, -0.00301613, -0.00228154, -0.00168564, -0.00121723, -0.00086134, -0.00059965, -0.00041232, -0.00028015, -0.00018651, -0.00011847, -0.00006730, -0.00002805, 0.00000133, 0.00002126, 0.00003196, 0.00003443, 0.00003109, 0.00002568, 0.00002241, 0.00002459, 0.00003299, 0.00004457, 0.00005237, 0.00004778, 0.00002650, 0.00000000
-0.01606949, -0.02427974, -0.02754445, -0.02930995, -0.03030105, -0.03084974, -0.03131691, -0.03164107, -0.03178512, -0.03181211, -0.03179468, -0.03176679, -0.03172845, -0.03166646, -0.03156992, -0.03143609, -0.03126972, -0.03107966, -0.03087549, -0.03000434, -0.02901294, -0.02779272, -0.02633554, -0.02469547, -0.02291136, -0.02099897, -0.01897607, -0.01687984, -0.01476620, -0.01269864, -0.01073574, -0.00892297, -0.00728970, -0.00585022, -0.00460695, -0.00355395, -0.00267993, -0.00197037, -0.00140872, -0.00097471, -0.00065261, -0.00042234, -0.00026507, -0.00016285, -0.00009935, -0.00006071, -0.00003625, -0.00001871, -0.00000411, 0.00000887, 0.00001981, 0.00002753, 0.00003106, 0.00003039, 0.00002676, 0.00002248, 0.00002029, 0.00002228, 0.00002876, 0.00003731, 0.00004279, 0.00003886, 0.00002213, 0.00000000
-0.06824977, -0.05816281, -0.05294691, -0.04961096, -0.04729051, -0.04556333, -0.04411461, -0.04289453, -0.04187128, -0.04098259, -0.04017367, -0.03941587, -0.03870124, -0.03803046, -0.03740450, -0.03682131, -0.03627596, -0.03576231, -0.03527443, -0.03347687, -0.03182284, -0.03028729, -0.02880815, -0.02730772, -0.02574047, -0.02409570, -0.02238028, -0.02060577, -0.01878505, -0.01693438, -0.01507594, -0.01323822, -0.01145386, -0.00975609, -0.00817499, -0.00673440, -0.00545028, -0.00433022, -0.00337409, -0.00257300, -0.00191842, -0.00139487, -0.00098616, -0.00067547, -0.00044615, -0.00028244, -0.00016997, -0.00009608, -0.00004996, -0.00002268, -0.00000715, 0.00000194, 0.00000822, 0.00001379, 0.00001944, 0.00002504, 0.00002990, 0.00003327, 0.00003473, 0.00003440, 0.00003272, 0.00002947, 0.00002167, 0.00000000
0.05006787, 0.03395126, 0.02580061, 0.02036981, 0.01645370, 0.01345231, 0.01074258, 0.00838581, 0.00641531, 0.00471279, 0.00314908, 0.00165924, 0.00023477, -0.00110968, -0.00236115, -0.00351814, -0.00458997, -0.00559188, -0.00653997, -0.00996527, -0.01282805, -0.01502209, -0.01657695, -0.01760380, -0.01817683, -0.01832232, -0.01805918, -0.01742834, -0.01649604, -0.01534135, -0.01404165, -0.01266323, -0.01125842, -0.00986727, -0.00852096, -0.00724479, -0.00605998, -0.00498392, -0.00402948, -0.00320146, -0.00250410, -0.00193120, -0.00147208, -0.00111197, -0.00083372, -0.00061999, -0.00045512, -0.00032649, -0.00022507, -0.00014522, -0.00008393, -0.00003960, -0.00001087, 0.00000450, 0.00001005, 0.00001056, 0.00001114, 0.00001581, 0.00002588, 0.00003858, 0.00004716, 0.00004321, 0.00002311, 0.00000000
-0.03294632, -0.03258070, -0.03207560, -0.03168000, -0.03135515, -0.03107136, -0.03085398, -0.03065908, -0.03045884, -0.03025496, -0.03005671, -0.02986803, -0.02968693, -0.02950900, -0.02933058, -0.02914998, -0.02896745, -0.02878440, -0.02860273, -0.02788160, -0.02710700, -0.02621992, -0.02518563, -0.02399083, -0.02263297, -0.02111767, -0.01946158, -0.01769416, -0.01585581, -0.01399341, -0.01215509, -0.01038566, -0.00872338, -0.00719798, -0.00582993, -0.00463060, -0.00360302, -0.00274301, -0.00204064, -0.00147911, -0.00104437, -0.00071677, -0.00047743, -0.00030819, -0.00019232, -0.00011524, -0.00006503, -0.00003256, -0.00001139, 0.00000267, 0.00001213, 0.00001834, 0.00002210, 0.00002407, 0.00002500, 0.00002580, 0.00002737, 0.00003031, 0.00003448, 0.00003870, 0.00004057, 0.00003670, 0.00002370, 0.00000000
0.05101478, 0.02111326, 0.00770877, -0.00023398, -0.00529929, -0.00870933, -0.01163429, -0.01398762, -0.01571994, -0.01704339, -0.01818290, -0.01924631, -0.02024142, -0.02113669, -0.02190575, -0.02254414, -0.02306747, -0.02350209, -0.02387569, -0.02507066, -0.02583612, -0.02596632, -0.02551802, -0.02469267, -0.02360821, -0.02228132, -0.02070638, -0.01891280, -0.01697246, -0.01497766, -0.01301495, -0.01114904, -0.00941897, -0.00784292, -0.00642622, -0.00516863, -0.00406878, -0.00312546, -0.00233681, -0.00169594, -0.00119678, -0.00082420, -0.00055923, -0.00037962, -0.00026207, -0.00018495, -0.00013061, -0.00008693, -0.00004767, -0.00001170, 0.00001859, 0.00003952, 0.00004832, 0.00004480, 0.00003219, 0.00001669, 0.00000578, 0.00000549, 0.00001741, 0.00003639, 0.00005069, 0.00004658, 0.00002023, 0.00000000
-0.08225429, -0.06446647, -0.05548405, -0.04977545, -0.04582279, -0.04289210, -0.04041507, -0.03832934, -0.03659421, -0.03509987, -0.03374598, -0.03248101, -0.03129244, -0.03018385, -0.02915857, -0.02821360, -0.02734007, -0.02652630, -0.02576099, -0.02301441, -0.02063599, -0.01861263, -0.01685470, -0.01524021, -0.01370024, -0.01222178, -0.01081472, -0.00948748, -0.00824087, -0.00707244, -0.00598231, -0.00497576, -0.00406212, -0.00325142, -0.00255081, -0.00196213, -0.00148112, -0.00109816, -0.00080006, -0.00056989, -0.00039618, -0.00026564, -0.00016845, -0.00009731, -0.00004691, -0.00001330, 0.00000669, 0.00001596, 0.00001752, 0.00001453, 0.00001011, 0.00000697, 0.00000697, 0.00001076, 0.00001766, 0.00002588, 0.00003303, 0.00003703, 0.00003694, 0.00003358, 0.00002929, 0.00002611, 0.00002141, 0.00000000
